"CRN","ARRIVAL_TM","AUTOMOBILE_COUNT","BELTED_DEATH_COUNT","BELTED_SUSP_SERIOUS_INJ_COUNT","BICYCLE_COUNT","BICYCLE_DEATH_COUNT","BICYCLE_SUSP_SERIOUS_INJ_COUNT","BUS_COUNT","CHLDPAS_DEATH_COUNT","CHLDPAS_SUSP_SERIOUS_INJ_COUNT","COLLISION_TYPE","COMM_VEH_COUNT","CONS_ZONE_SPD_LIM","COUNTY","CRASH_MONTH","CRASH_YEAR","DAY_OF_WEEK","DEC_LATITUDE","DEC_LONGITUDE","DISPATCH_TM","DISTRICT","DRIVER_COUNT_16YR","DRIVER_COUNT_17YR","DRIVER_COUNT_18YR","DRIVER_COUNT_19YR","DRIVER_COUNT_20YR","DRIVER_COUNT_50_64YR","DRIVER_COUNT_65_74YR","DRIVER_COUNT_75PLUS","EST_HRS_CLOSED","FATAL_COUNT","HEAVY_TRUCK_COUNT","HORSE_BUGGY_COUNT","HOUR_OF_DAY","ILLUMINATION","INJURY_COUNT","INTERSECTION_RELATED","INTERSECT_TYPE","LANE_CLOSED","LATITUDE","LN_CLOSE_DIR","LOCATION_TYPE","LONGITUDE","MAX_SEVERITY_LEVEL","MCYCLE_DEATH_COUNT","MCYCLE_SUSP_SERIOUS_INJ_COUNT","MOTORCYCLE_COUNT","MUNICIPALITY","NONMOTR_COUNT","NONMOTR_DEATH_COUNT","NONMOTR_SUSP_SERIOUS_INJ_COUNT","NTFY_HIWY_MAINT","PED_COUNT","PED_DEATH_COUNT","PED_SUSP_SERIOUS_INJ_COUNT","PERSON_COUNT","POLICE_AGCY","POSSIBLE_INJ_COUNT","RDWY_SURF_TYPE_CD","RELATION_TO_ROAD","ROADWAY_CLEARED","ROAD_CONDITION","SCH_BUS_IND","SCH_ZONE_IND","SECONDARY_CRASH","SMALL_TRUCK_COUNT","SPEC_JURIS_CD","SUSP_MINOR_INJ_COUNT","SUSP_SERIOUS_INJ_COUNT","SUV_COUNT","TCD_FUNC_CD","TCD_TYPE","TFC_DETOUR_IND","TIME_OF_DAY","TOTAL_UNITS","TOT_INJ_COUNT","UNBELTED_OCC_COUNT","UNB_DEATH_COUNT","UNB_SUSP_SERIOUS_INJ_COUNT","UNK_INJ_DEG_COUNT","UNK_INJ_PER_COUNT","URBAN_RURAL","VAN_COUNT","VEHICLE_COUNT","VULNERABLE_ROAD_USER_COUNT","VULNERABLE_ROAD_USER_DEATH_COUNT","VULNERABLE_ROAD_USER_SER_INJ_COUNT","WEATHER1","WEATHER2","WORKERS_PRES","WORK_ZONE_IND","WORK_ZONE_LOC","WORK_ZONE_TYPE","WZ_CLOSE_DETOUR","WZ_FLAGGER","WZ_LAW_OFFCR_IND","WZ_LN_CLOSURE","WZ_MOVING","WZ_OTHER","WZ_SHLDER_MDN","WZ_WORKERS_INJ_KILLED"
"2020022366","0035","0","0","0","0","0","0","0","0","0","5","1","","67","2","2020","6","39.972692","-75.193768","0027","6","0","0","0","0","0","1","0","0","","0","1","0","0","3","1","N","0","0","39 58:21.690","","0","75 11:37.564","4","0","0","0","67301","0","0","0","N","0","0","0","2","68K01","1","","1.0","","1","N","N","N","0","","0","0","1","0","0","","22","2","1","0","0","0","0","0","2","0","2","0","0","0","3","","","N","","","","","","","","","",""
"2020007713","1201","1","0","0","0","0","0","0","0","0","7","0","","67","1","2020","7","39.976067","-75.191197","1201","6","0","0","0","0","0","0","0","0","","0","0","0","11","1","0","N","0","0","39 58:33.840","","0","75 11:28.310","0","0","0","0","67301","0","0","0","N","0","0","0","1","67301","0","","4.0","","2","N","N","N","0","","0","0","0","0","0","","1150","1","0","0","0","0","0","0","2","0","1","0","0","0","10","06","","N","","","","","","","","","",""
"2020008695","1115","0","0","0","0","0","0","0","0","0","7","0","","67","1","2020","7","40.007399","-75.200078","1101","6","0","0","0","0","0","0","0","0","","0","0","0","11","1","0","N","0","1","40 00:26.636","4","0","75 12:00.280","0","0","0","0","67301","0","0","0","N","0","0","0","1","68K01","0","","4.0","20.0","9","N","N","N","1","","0","0","0","0","0","N","1100","1","0","0","0","0","0","0","2","0","1","0","0","0","10","","","N","","","","","","","","","",""
"2020027401","1526","1","0","0","0","0","0","0","0","0","2","0","","67","3","2020","7","39.981568","-75.117396","1521","6","0","0","0","1","0","0","0","0","","0","0","0","15","1","1","","1","0","39 58:53.645","","0","75 07:02.627","3","0","0","0","67301","0","0","0","N","0","0","0","4","67301","0","","1.0","","1","N","N","N","2","","1","0","0","3","2","","1513","3","1","4","0","0","0","0","2","0","3","0","0","0","3","03","","N","","","","","","","","","",""
"2020010309","1619","1","0","0","0","0","0","0","0","0","4","0","","67","1","2020","6","39.960774","-75.143387","1619","6","0","0","0","0","0","0","0","0","","0","0","0","16","1","0","","1","1","39 57:38.787","1","0","75 08:36.192","0","0","0","0","67301","0","0","0","N","0","0","0","1","67301","0","","1.0","1635.0","1","N","N","N","1","","0","0","0","3","2","N","1617","2","0","0","0","0","0","0","2","0","2","0","0","0","4","04","","N","","","","","","","","","",""
"2020008691","0705","1","0","0","0","0","0","0","0","0","7","0","","67","1","2020","7","39.956925","-75.180447","0652","6","0","0","0","0","0","0","0","0","","0","0","0","6","1","0","N","0","0","39 57:24.931","","0","75 10:49.610","0","0","0","0","67301","0","0","0","N","0","0","0","1","68K01","0","","4.0","","1","N","N","N","0","","0","0","0","0","0","","643","1","0","0","0","0","0","0","2","0","1","0","0","0","3","","","N","","","","","","","","","",""
"2020008654","1753","1","0","0","0","0","0","0","0","0","1","0","","67","1","2020","5","40.010054","-75.064078","1745","6","0","0","0","0","0","1","0","0","","0","0","0","17","3","0","N","0","1","40 00:36.196","2","0","75 03:50.679","0","0","0","0","67301","0","0","0","N","0","0","0","3","68K01","0","","1.0","20.0","1","N","N","N","1","","0","0","1","0","0","N","1744","3","0","0","0","0","0","0","2","0","3","0","0","0","3","03","","N","","","","","","","","","",""
"2020008631","0942","0","0","0","0","0","0","0","0","0","1","0","","67","1","2020","7","40.040263","-75.006136","0942","6","0","0","0","0","0","0","1","0","","0","0","0","9","1","0","N","0","0","40 02:24.948","","0","75 00:22.091","0","0","0","0","67301","0","0","0","N","0","0","0","3","68K01","0","","1.0","","9","N","N","N","0","","0","0","2","0","0","","941","2","0","0","0","0","0","0","2","0","2","0","0","0","5","07","","N","","","","","","","","","",""
"2020022551","0952","1","0","0","0","0","0","0","0","0","1","0","","67","2","2020","3","39.980079","-75.105899","0952","6","0","0","0","0","0","0","0","0","","0","0","0","9","1","1","N","0","0","39 58:48.284","","0","75 06:21.237","3","0","0","0","67301","0","0","0","N","0","0","0","3","68K01","0","","1.0","","1","N","N","N","0","","1","0","1","0","0","","952","3","1","0","0","0","0","1","2","0","3","0","0","0","3","03","","N","","","","","","","","","",""
"2020023554","0810","1","0","0","0","0","0","0","0","0","8","0","","67","3","2020","1","39.937069","-75.19046","0810","6","0","0","0","0","0","0","0","0","","0","0","0","8","1","1","","1","0","39 56:13.448","","0","75 11:25.655","8","0","0","0","67301","1","0","0","N","1","0","0","2","67301","0","","1.0","","1","N","N","N","0","","0","0","0","0","0","","805","2","1","1","0","0","1","1","2","0","1","1","0","0","3","03","","N","","","","","","","","","",""
"2020007290","1708","1","0","0","0","0","0","0","0","0","2","0","","67","1","2020","3","39.986219","-75.129336","1703","6","0","0","0","0","0","0","0","0","","0","0","0","16","3","2","","1","0","39 59:10.388","","0","75 07:45.610","4","0","0","0","67301","0","0","0","N","0","0","0","2","67301","1","","1.0","","1","N","N","N","0","","0","0","2","3","3","","1650","3","2","0","0","0","1","0","2","0","3","0","0","0","3","03","","N","","","","","","","","","",""
"2020008749","1915","1","0","0","0","0","0","0","0","0","1","1","","67","1","2020","2","39.894701","-75.229462","1910","6","0","0","0","0","0","0","0","0","","0","1","0","19","3","0","","3","0","39 53:40.923","","0","75 13:46.063","0","0","0","0","67301","0","0","0","N","0","0","0","2","67301","0","","1.0","","1","N","N","N","0","","0","0","0","3","1","","1902","2","0","0","0","0","0","0","2","0","2","0","0","0","3","","","N","","","","","","","","","",""
"2020023501","0815","0","0","0","0","0","0","2","0","0","1","2","","67","2","2020","6","40.022267","-75.190439","0808","6","0","0","0","0","0","1","0","0","","0","0","0","7","1","1","N","0","1","40 01:20.160","3","0","75 11:25.580","3","0","0","0","67301","0","0","0","N","0","0","0","2","67301","0","","1.0","905.0","1","Y","Y","N","0","","1","0","0","0","0","N","750","2","1","0","0","0","0","0","2","0","2","0","0","0","3","","","N","","","","","","","","","",""
"2020014486","1055","1","0","0","0","0","0","0","0","0","4","0","","67","2","2020","5","39.978198","-75.127376","1043","6","0","0","0","0","0","1","0","0","","0","0","0","10","1","1","","1","0","39 58:41.512","","0","75 07:38.553","3","0","0","0","67301","0","0","0","N","0","0","0","3","67301","0","","1.0","","9","N","N","N","0","","1","0","1","3","3","","1035","2","1","3","0","0","0","0","2","0","2","0","0","0","7","04","","N","","","","","","","","","",""
"2020023672","0955","0","0","0","0","0","0","0","0","0","8","0","","67","3","2020","4","39.944939","-75.148423","0945","6","0","0","0","0","0","0","0","0","","0","0","0","9","1","1","","1","0","39 56:41.782","","0","75 08:54.322","3","0","0","0","67301","1","0","0","N","1","0","0","2","67301","0","","1.0","","1","N","N","N","0","","1","0","1","3","2","","920","2","1","1","0","0","0","0","2","0","1","1","0","0","3","03","","N","","","","","","","","","",""
"2020007377","1752","0","0","0","0","0","0","0","0","0","8","0","","67","1","2020","1","39.998344","-75.098208","1738","6","0","0","0","0","0","0","0","0","","0","0","0","16","1","1","N","0","0","39 59:54.040","","0","75 05:53.550","3","0","0","0","67301","1","0","0","N","1","0","0","1","67301","0","","1.0","","99","N","N","N","0","","1","0","1","0","0","","1600","2","1","0","0","0","0","0","2","0","1","1","0","0","3","","","N","","","","","","","","","",""
"2020022559","1200","0","0","0","0","0","0","0","0","0","1","0","","67","2","2020","7","39.959469","-75.174584","1143","6","0","0","0","0","0","2","0","0","","0","0","0","11","1","0","N","0","2","39 57:34.090","4","0","75 10:28.501","0","0","0","0","67301","0","0","0","N","0","0","0","3","68K01","0","","1.0","1145.0","1","N","N","N","1","","0","0","2","0","0","N","1140","3","0","0","0","0","0","0","2","0","3","0","0","0","3","03","","N","","","","","","","","","",""
"2020023216","1757","0","0","0","0","0","0","1","0","0","8","1","","67","3","2020","2","39.997458","-75.103964","1755","6","0","0","0","0","0","0","0","0","","0","0","0","17","1","1","N","0","2","39 59:50.850","3","0","75 06:14.270","3","0","0","0","67301","1","0","0","N","1","0","0","2","67301","0","","1.0","30.0","1","N","N","N","0","","1","0","0","0","0","N","1750","2","1","0","0","0","0","0","2","0","1","1","0","0","3","03","","N","","","","","","","","","",""
"2020022360","1827","0","0","0","0","0","0","0","0","0","1","0","","67","2","2020","3","40.03763","-75.01175","1809","6","0","0","0","0","0","0","0","0","","0","0","0","18","3","1","N","0","0","40 02:15.467","","0","75 00:42.300","8","0","0","0","67301","0","0","0","N","0","0","0","2","68K01","0","","1.0","","9","N","N","N","0","","0","0","2","0","0","","1804","2","1","0","0","0","1","0","2","0","2","0","0","0","7","07","","N","","","","","","","","","",""
"2020009008","0745","0","0","0","0","0","0","0","0","0","8","0","","67","1","2020","5","40.018267","-75.134469","0739","6","0","0","0","0","0","0","0","0","","0","0","0","6","1","1","N","0","0","40 01:05.760","","0","75 08:04.090","3","0","0","0","67301","1","0","0","N","1","0","0","2","67301","0","","1.0","","1","N","N","N","0","","1","0","1","0","0","","629","2","1","0","0","0","0","0","2","0","1","1","0","0","3","03","","N","","","","","","","","","",""
"2020007373","1240","0","0","0","0","0","0","0","0","0","7","1","","67","1","2020","1","39.943327","-75.147185","1231","6","0","0","0","0","0","0","0","0","","0","1","0","12","1","0","","1","0","39 56:35.977","","0","75 08:49.865","0","0","0","0","67301","0","0","0","N","0","0","0","1","67301","0","","4.0","","1","N","N","N","0","","0","0","0","3","2","","1230","1","0","0","0","0","0","0","2","0","1","0","0","0","4","04","","N","","","","","","","","","",""
"2020029257","1957","1","0","0","0","0","0","0","0","0","2","0","","67","3","2020","3","39.994631","-75.094531","1948","6","0","0","0","0","0","0","0","0","","0","0","0","19","4","4","","1","0","39 59:40.673","","0","75 05:40.311","4","0","0","0","67301","0","0","0","N","0","0","0","5","67301","4","","1.0","","1","N","N","N","0","","0","0","1","3","2","","1900","2","4","3","0","0","0","1","2","0","2","0","0","0","3","","","N","","","","","","","","","",""
"2020028451","1519","0","0","0","0","0","0","0","0","0","4","0","","67","3","2020","4","40.023171","-75.034399","1510","6","0","0","0","0","0","0","0","0","","0","0","0","15","1","0","N","0","0","40 01:23.414","","0","75 02:03.836","0","0","0","0","67301","0","0","0","N","0","0","0","2","68K01","0","","1.0","","1","N","N","N","1","","0","0","1","0","0","","1508","2","0","0","0","0","0","0","2","0","2","0","0","0","3","","","N","","","","","","","","","",""
"2020022204","0005","1","0","0","0","0","0","0","0","0","7","0","","67","2","2020","4","40.043534","-75.020467","2357","6","0","0","0","0","0","0","0","0","","0","0","0","23","3","0","N","0","0","40 02:36.722","","3","75 01:13.680","0","0","0","0","67301","0","0","0","N","0","0","0","1","67301","0","","5.0","","9","N","N","N","0","","0","0","0","0","0","","2355","1","0","0","0","0","0","0","2","0","1","0","0","0","7","","","N","","","","","","","","","",""
"2020009380","1740","1","0","0","0","0","0","0","0","0","8","0","","67","1","2020","3","40.094603","-75.015774","1736","6","0","0","0","0","0","0","0","0","","0","0","0","17","3","1","N","0","0","40 05:40.572","","0","75 00:56.786","3","0","0","0","67301","1","0","0","N","1","0","0","1","67301","0","","1.0","","1","N","N","N","0","","1","0","0","0","0","","1726","2","1","0","0","0","0","0","2","0","1","1","0","0","3","03","","N","","","","","","","","","",""
"2020006834","0700","1","0","0","0","0","0","0","0","0","2","0","","67","1","2020","6","40.024314","-75.161267","0652","6","0","0","0","0","0","1","0","0","","0","0","0","6","3","1","","2","0","40 01:27.530","","0","75 09:40.561","3","0","0","0","67301","0","0","0","N","0","0","0","3","67301","0","","1.0","","1","N","N","N","0","","1","0","1","3","3","","630","2","1","0","0","0","0","0","2","0","2","0","0","0","3","03","","N","","","","","","","","","",""
"2020023495","0042","1","0","0","0","0","0","1","0","0","4","1","","67","3","2020","4","39.95762","-75.145687","0035","6","0","0","0","0","1","0","0","0","","0","0","0","0","3","2","","1","0","39 57:27.432","","0","75 08:44.473","3","0","0","0","67301","0","0","0","N","0","0","0","4","67301","0","","1.0","","9","N","N","N","0","","2","0","0","3","2","","27","2","2","1","0","0","0","0","2","0","2","0","0","0","3","","","N","","","","","","","","","",""
"2020023425","0048","1","0","0","0","0","0","0","0","0","5","0","","67","3","2020","3","39.967962","-75.130973","0033","6","0","0","0","0","0","2","0","0","","0","0","0","0","3","0","N","0","2","39 58:04.663","2","0","75 07:51.503","0","0","0","0","67301","0","0","0","N","0","0","0","3","68K01","0","","1.0","100.0","9","N","N","Y","2","","0","0","0","0","0","N","32","3","0","0","0","0","0","0","2","0","3","0","0","0","7","","","N","","","","","","","","","",""
"2020023312","0700","1","0","0","0","0","0","0","0","0","5","0","","67","3","2020","2","39.99126","-75.196096","0650","6","0","0","0","1","0","1","0","0","","0","0","0","6","5","0","N","0","2","39 59:28.537","1","0","75 11:45.947","0","0","0","0","67301","0","0","0","N","0","0","0","2","67301","0","","1.0","800.0","2","N","N","N","0","","0","0","1","0","0","N","645","2","0","0","0","0","0","0","2","0","2","0","0","0","3","03","","N","","","","","","","","","",""
"2020006220","1015","1","0","0","0","0","0","1","0","0","1","1","","67","1","2020","2","39.959013","-75.171951","1013","6","0","0","0","0","0","2","1","0","","0","0","0","10","1","4","N","0","2","39 57:32.447","3","1","75 10:19.025","4","0","0","0","67301","0","0","0","N","0","0","0","17","68K01","4","","1.0","100.0","1","Y","N","N","0","","0","0","2","0","0","N","1003","5","4","0","0","0","0","0","2","1","5","0","0","0","3","03","","N","","","","","","","","","",""
"2020008672","0900","0","0","0","0","0","0","0","0","0","0","0","","67","1","2020","4","39.932912","-75.145491","0857","6","0","0","0","0","0","1","0","0","","0","0","0","8","1","0","N","0","0","39 55:58.483","","0","75 08:43.767","0","0","0","0","67301","0","0","0","N","0","0","0","1","68K01","0","","1.0","","1","N","N","N","0","","0","0","1","0","0","","857","1","0","0","0","0","0","0","2","0","1","0","0","0","3","03","","N","","","","","","","","","",""
"2020022359","1611","0","0","0","0","0","0","0","0","0","1","0","","67","2","2020","3","39.900836","-75.154162","1609","6","0","0","0","0","0","2","0","0","","0","0","0","16","1","2","N","0","0","39 54:03.008","","0","75 09:14.983","8","0","0","0","67301","0","0","0","N","0","0","0","2","68K01","0","","1.0","","9","N","N","N","0","","0","0","2","0","0","","1607","2","2","0","0","0","2","0","2","0","2","0","0","0","7","07","","N","","","","","","","","","",""
"2020010058","1233","0","0","0","0","0","0","1","0","0","4","1","","67","1","2020","7","40.002159","-75.21114","1232","6","0","0","0","0","0","0","0","0","","0","0","0","12","1","0","","2","0","40 00:07.772","","0","75 12:40.104","0","0","0","0","67301","0","0","0","N","0","0","0","5","67301","0","","1.0","","2","N","N","N","0","","0","0","1","3","2","","1200","2","0","0","0","0","0","0","2","0","2","0","0","0","10","","","N","","","","","","","","","",""
"2020009493","1345","1","0","0","0","0","0","0","0","0","4","0","","67","1","2020","5","39.965355","-75.162498","1345","6","0","0","0","0","0","1","0","0","","0","0","0","13","1","0","","1","0","39 57:55.277","","0","75 09:44.992","0","0","0","0","67301","0","0","0","N","0","0","0","2","67301","0","","1.0","","1","N","Y","N","1","","0","0","0","3","2","","1328","2","0","0","0","0","0","0","2","0","2","0","0","0","3","03","","N","","","","","","","","","",""
"2020009856","1908","2","0","0","0","0","0","0","0","0","1","0","","67","1","2020","6","39.960708","-75.161828","1906","6","0","0","0","0","0","1","0","0","","0","0","0","19","3","1","N","0","0","39 57:38.549","","0","75 09:42.582","8","0","0","0","67301","0","0","0","N","0","0","0","5","67301","0","","1.0","","1","N","N","N","1","","0","0","1","3","2","","1904","4","1","3","0","0","1","0","2","0","4","0","0","0","3","03","","N","","","","","","","","","",""
"2020028099","1631","1","0","0","0","0","0","0","0","0","7","0","","67","3","2020","3","40.09538","-74.95968","1622","6","0","0","0","0","1","0","0","0","","0","0","0","15","1","1","","2","0","40 05:43.369","","0","74 57:34.849","4","0","0","0","67301","0","0","0","N","0","0","0","1","67301","1","","5.0","","1","N","N","N","0","","0","0","0","0","0","","1542","1","1","1","0","0","0","0","2","0","1","0","0","0","3","03","","N","","","","","","","","","",""
"2020023211","1235","0","0","0","0","0","0","0","0","0","8","0","","67","2","2020","7","39.941169","-75.145668","1230","6","0","0","0","0","0","0","0","0","","0","0","0","14","1","1","","2","0","39 56:28.208","","0","75 08:44.404","3","0","0","0","67301","1","0","0","N","1","0","0","1","67301","0","","1.0","","1","N","N","N","0","","1","0","0","3","3","","1430","2","1","0","0","0","0","0","2","0","1","1","0","0","3","","","N","","","","","","","","","",""
"2020007317","0156","1","0","0","0","0","0","0","0","0","7","0","","67","1","2020","1","39.988784","-75.127375","0156","6","0","0","0","0","0","0","0","0","","0","0","0","1","3","0","","3","0","39 59:19.622","","0","75 07:38.550","0","0","0","0","67301","0","0","0","N","0","0","0","1","67301","0","","5.0","","9","N","N","N","0","","0","0","0","0","0","","155","1","0","0","0","0","0","0","2","0","1","0","0","0","98","","","N","","","","","","","","","",""
"2020022545","1458","1","0","0","0","0","0","0","0","0","1","0","","67","2","2020","3","39.957695","-75.161191","1458","6","0","0","0","0","0","0","1","0","","0","0","0","14","1","1","N","0","0","39 57:27.701","","0","75 09:40.288","8","0","0","0","67301","0","0","0","N","0","0","0","7","68K01","0","","1.0","","1","N","N","N","1","","0","0","2","0","0","","1458","4","1","0","0","0","1","0","2","0","4","0","0","0","3","","","N","","","","","","","","","",""
"2020023920","0156","2","0","0","0","0","0","0","0","0","5","0","","67","2","2020","1","39.998955","-75.195374","0142","6","0","0","0","0","0","0","0","0","","0","0","0","1","3","0","N","0","0","39 59:56.237","","0","75 11:43.345","9","0","0","0","67301","0","0","0","N","0","0","0","2","68K01","0","","1.0","","1","N","N","N","0","","0","0","0","0","0","","111","2","0","0","0","0","0","1","2","0","2","0","0","0","3","","","N","","","","","","","","","",""
"2020007372","0835","1","0","0","0","0","0","0","0","0","7","0","","67","1","2020","1","40.035165","-75.208787","0834","6","0","0","0","0","0","1","0","0","","0","0","0","8","1","0","N","0","1","40 02:06.595","1","3","75 12:31.634","0","0","0","0","67301","0","0","0","N","0","0","0","1","67301","0","","5.0","30.0","2","N","N","N","0","","0","0","0","0","0","N","830","1","0","0","0","0","0","0","2","0","1","0","0","0","10","","","N","","","","","","","","","",""
"2020022567","1653","1","0","0","0","0","0","0","0","0","5","1","","67","2","2020","5","40.039846","-75.006379","1637","6","0","0","0","0","0","1","0","0","","0","1","0","16","1","0","N","0","0","40 02:23.444","","0","75 00:22.963","0","0","0","0","67301","0","0","0","N","0","0","0","2","68K01","0","","1.0","","1","N","N","N","0","","0","0","0","0","0","","1614","2","0","0","0","0","0","0","2","0","2","0","0","0","3","","","N","","","","","","","","","",""
"2020023223","1035","1","0","0","0","0","0","0","0","0","1","0","","67","3","2020","2","40.043606","-75.152072","1034","6","0","0","0","0","0","0","0","0","","0","0","0","1","3","0","","2","0","40 02:36.982","","0","75 09:07.458","0","0","0","0","67301","0","0","0","N","0","0","0","1","67301","0","","1.0","","99","N","N","N","0","","0","0","0","3","3","","100","2","0","0","0","0","0","0","2","0","2","0","0","0","99","","","N","","","","","","","","","",""
"2020022563","1756","1","0","0","0","0","0","0","0","0","1","0","45","67","2","2020","4","39.973874","-75.11874","1737","6","0","0","0","0","0","0","0","0","","0","0","0","17","1","1","N","0","0","39 58:25.946","","0","75 07:07.463","3","0","0","0","67301","0","0","0","N","0","0","0","6","68K01","0","","1.0","","1","N","N","N","1","","1","0","1","0","0","","1734","3","1","0","0","0","0","0","2","0","3","0","0","0","3","03","Y","Y","4","1","N","N","N","N","N","N","Y","N"
"2020010021","0735","2","0","0","0","0","0","0","0","0","1","0","","67","1","2020","4","40.011937","-75.059941","0732","6","0","0","0","0","0","1","0","0","","0","0","0","7","1","1","N","0","1","40 00:42.974","1","0","75 03:35.788","8","0","0","0","67301","0","0","0","N","0","0","0","3","68K01","0","","1.0","823.0","1","N","N","N","0","","0","0","1","0","0","Y","731","3","1","0","0","0","1","0","2","0","3","0","0","0","3","","","N","","","","","","","","","",""
"2020023597","1438","1","0","0","0","0","0","0","0","0","4","0","","67","1","2020","7","39.920816","-75.147918","1426","6","0","0","0","0","1","0","0","0","","0","0","0","14","1","0","N","0","2","39 55:14.937","1","0","75 08:52.505","0","0","0","0","67301","0","0","0","N","0","0","0","1","68K01","0","","2.0","45.0","9","N","N","N","0","","0","0","0","0","0","N","1424","1","0","0","0","0","0","0","2","0","1","0","0","0","7","","","N","","","","","","","","","",""
"2020022206","0920","1","0","0","0","0","0","0","0","0","1","0","","67","2","2020","5","40.046841","-75.014883","0906","6","0","0","0","0","0","1","0","0","","0","0","0","6","5","1","","11","0","40 02:48.627","","0","75 00:53.580","3","0","0","0","67301","0","0","0","N","0","0","0","3","67301","0","","1.0","","1","N","N","N","0","","1","0","1","3","2","","630","3","1","0","0","0","0","2","2","0","3","0","0","0","3","03","","N","","","","","","","","","",""
"2020023601","1944","3","0","0","0","0","0","0","0","0","1","0","","67","1","2020","2","39.990211","-75.20521","1944","6","0","0","0","0","0","0","0","0","","0","0","0","19","3","1","N","0","1","39 59:24.760","4","0","75 12:18.756","3","0","0","0","67301","0","0","0","N","0","0","0","3","68K01","0","","1.0","45.0","1","N","N","N","0","","1","0","0","0","0","N","1937","3","1","0","0","0","0","0","2","0","3","0","0","0","3","","","N","","","","","","","","","",""
"2020022505","2240","0","0","0","0","0","0","0","0","0","4","0","","67","3","2020","1","40.014674","-75.185715","2232","6","0","0","0","0","0","0","0","0","","0","0","0","22","3","1","N","0","1","40 00:52.828","7","0","75 11:08.574","3","0","0","0","67301","0","0","0","N","0","0","0","2","67301","0","","1.0","2215.0","1","N","N","N","1","","1","0","1","0","0","N","2230","2","1","0","0","0","0","1","2","0","2","0","0","0","3","","","N","","","","","","","","","",""
"2020008382","0705","2","0","0","0","0","0","0","0","0","4","0","","67","1","2020","4","40.072048","-75.013029","0701","6","0","0","0","0","0","1","0","0","","0","0","0","6","5","1","","1","0","40 04:19.373","","0","75 00:46.904","3","0","0","0","67301","0","0","0","N","0","0","0","2","67301","0","","1.0","","1","N","N","N","0","","1","0","0","3","2","","640","2","1","0","0","0","0","0","2","0","2","0","0","0","3","","","N","","","","","","","","","",""
"2020023259","0841","0","0","0","0","0","0","0","0","0","5","1","","67","2","2020","4","40.027126","-75.025228","0834","6","0","0","0","0","0","2","0","0","","0","1","0","8","1","0","N","0","2","40 01:37.652","1","0","75 01:30.822","0","0","0","0","67301","0","0","0","N","0","0","0","3","68K01","0","","1.0","30.0","1","N","N","N","0","","0","0","0","0","0","N","834","3","0","0","0","0","0","0","2","1","3","0","0","0","3","03","","N","","","","","","","","","",""
"2020023137","2135","0","0","0","0","0","0","0","0","0","7","0","","67","3","2020","2","40.104503","-75.027878","2133","6","0","0","0","0","0","0","0","0","","0","0","0","21","3","0","N","0","2","40 06:16.211","5","0","75 01:40.359","9","0","0","0","67301","0","0","0","N","0","0","0","1","67301","0","","5.0","2358.0","1","N","N","N","0","","0","0","1","0","0","Y","2133","1","0","0","0","0","0","1","2","0","1","0","0","0","4","","","N","","","","","","","","","",""
"2020008468","0048","2","0","0","0","0","0","0","0","0","5","0","","67","1","2020","2","39.957781","-75.180342","0043","6","0","0","0","0","0","0","0","0","","0","0","0","0","3","0","N","0","1","39 57:28.013","3","0","75 10:49.230","9","0","0","0","67301","0","0","0","N","0","0","0","2","68K01","0","","1.0","120.0","1","N","N","N","0","","0","0","0","0","0","N","41","2","0","0","0","0","0","1","2","0","2","0","0","0","3","","","N","","","","","","","","","",""
"2020023602","1953","1","0","0","0","0","0","0","0","0","1","0","","67","1","2020","3","39.976336","-75.195964","1950","6","0","0","0","0","0","0","0","0","","0","0","0","19","3","1","N","0","2","39 58:34.811","3","0","75 11:45.469","3","0","0","0","67301","0","0","0","N","0","0","0","3","68K01","0","","1.0","20.0","1","N","N","N","0","","1","0","2","0","0","N","1949","3","1","0","0","0","0","0","2","0","3","0","0","0","3","","","N","","","","","","","","","",""
"2020006954","1520","4","0","0","0","0","0","0","0","0","1","0","","67","1","2020","7","39.893096","-75.222184","1508","6","0","0","0","1","0","1","0","0","","0","0","0","14","1","1","N","0","1","39 53:35.147","4","3","75 13:19.864","8","0","0","0","67301","0","0","0","N","0","0","0","9","67301","0","","1.0","1600.0","2","N","N","N","0","","0","0","0","0","0","N","1450","4","1","0","0","0","1","0","2","0","4","0","0","0","10","09","","N","","","","","","","","","",""
"2020002929","0102","2","0","0","0","0","0","0","0","0","1","0","","67","1","2020","5","39.954752","-75.207668","0102","6","0","0","0","0","0","0","0","0","","0","0","0","1","3","0","N","0","0","39 57:17.107","","0","75 12:27.605","0","0","0","0","67301","0","0","0","N","0","0","0","1","67504","0","","6.0","","1","N","N","N","0","","0","0","1","0","0","","102","3","0","0","0","0","0","0","2","0","3","0","0","0","3","03","","N","","","","","","","","","",""
"2020021959","1035","0","0","0","0","0","0","0","0","0","8","0","","67","2","2020","6","39.919769","-75.18826","1025","6","0","0","0","0","0","0","0","0","","0","0","0","7","1","1","","1","0","39 55:11.168","","0","75 11:17.735","3","0","0","0","67301","1","0","0","N","1","0","0","1","67301","0","","1.0","","1","N","N","N","0","","1","0","0","3","2","","715","2","1","0","0","0","0","0","2","0","1","1","0","0","3","03","","N","","","","","","","","","",""