"CRN","ARRIVAL_TM","AUTOMOBILE_COUNT","BELTED_DEATH_COUNT","BELTED_SUSP_SERIOUS_INJ_COUNT","BICYCLE_COUNT","BICYCLE_DEATH_COUNT","BICYCLE_SUSP_SERIOUS_INJ_COUNT","BUS_COUNT","CHLDPAS_DEATH_COUNT","CHLDPAS_SUSP_SERIOUS_INJ_COUNT","COLLISION_TYPE","COMM_VEH_COUNT","CONS_ZONE_SPD_LIM","COUNTY","CRASH_MONTH","CRASH_YEAR","DAY_OF_WEEK","DEC_LATITUDE","DEC_LONGITUDE","DISPATCH_TM","DISTRICT","DRIVER_COUNT_16YR","DRIVER_COUNT_17YR","DRIVER_COUNT_18YR","DRIVER_COUNT_19YR","DRIVER_COUNT_20YR","DRIVER_COUNT_50_64YR","DRIVER_COUNT_65_74YR","DRIVER_COUNT_75PLUS","EST_HRS_CLOSED","FATAL_COUNT","HEAVY_TRUCK_COUNT","HORSE_BUGGY_COUNT","HOUR_OF_DAY","ILLUMINATION","INJURY_COUNT","INTERSECTION_RELATED","INTERSECT_TYPE","LANE_CLOSED","LATITUDE","LN_CLOSE_DIR","LOCATION_TYPE","LONGITUDE","MAX_SEVERITY_LEVEL","MCYCLE_DEATH_COUNT","MCYCLE_SUSP_SERIOUS_INJ_COUNT","MOTORCYCLE_COUNT","MUNICIPALITY","NONMOTR_COUNT","NONMOTR_DEATH_COUNT","NONMOTR_SUSP_SERIOUS_INJ_COUNT","NTFY_HIWY_MAINT","PED_COUNT","PED_DEATH_COUNT","PED_SUSP_SERIOUS_INJ_COUNT","PERSON_COUNT","POLICE_AGCY","POSSIBLE_INJ_COUNT","RDWY_SURF_TYPE_CD","RELATION_TO_ROAD","ROADWAY_CLEARED","ROAD_CONDITION","SCH_BUS_IND","SCH_ZONE_IND","SECONDARY_CRASH","SMALL_TRUCK_COUNT","SPEC_JURIS_CD","SUSP_MINOR_INJ_COUNT","SUSP_SERIOUS_INJ_COUNT","SUV_COUNT","TCD_FUNC_CD","TCD_TYPE","TFC_DETOUR_IND","TIME_OF_DAY","TOTAL_UNITS","TOT_INJ_COUNT","UNBELTED_OCC_COUNT","UNB_DEATH_COUNT","UNB_SUSP_SERIOUS_INJ_COUNT","UNK_INJ_DEG_COUNT","UNK_INJ_PER_COUNT","URBAN_RURAL","VAN_COUNT","VEHICLE_COUNT","VULNERABLE_ROAD_USER_COUNT","VULNERABLE_ROAD_USER_DEATH_COUNT","VULNERABLE_ROAD_USER_SER_INJ_COUNT","WEATHER1","WEATHER2","WORKERS_PRES","WORK_ZONE_IND","WORK_ZONE_LOC","WORK_ZONE_TYPE","WZ_CLOSE_DETOUR","WZ_FLAGGER","WZ_LAW_OFFCR_IND","WZ_LN_CLOSURE","WZ_MOVING","WZ_OTHER","WZ_SHLDER_MDN","WZ_WORKERS_INJ_KILLED"
"2020024135","1113","1","0","0","0","0","0","1","0","0","4","1","","67","3","2020","6","39.983587","-75.247126","1112","6","0","0","0","0","0","0","0","0","","0","0","0","11","1","0","","1","0","39 59:00.913","","0","75 14:49.652","0","0","0","0","67301","0","0","0","N","0","0","0","2","67301","0","","1.0","","9","N","N","N","0","","0","0","0","3","2","","1112","2","0","0","0","0","0","0","2","0","2","0","0","0","7","04","","N","","","","","","","","","",""
"2020031518","1024","0","0","0","0","0","0","0","0","0","7","0","","67","4","2020","4","39.899915","-75.161381","1022","6","0","0","1","0","0","0","0","0","","0","0","0","10","1","2","N","0","1","39 53:59.695","2","0","75 09:40.972","4","0","0","0","67301","0","0","0","N","0","0","0","2","68K01","2","","1.0","30.0","1","N","N","N","0","","0","0","1","0","0","N","1022","1","2","0","0","0","0","0","2","0","1","0","0","0","3","","","N","","","","","","","","","",""
"2020030725","2232","1","0","0","0","0","0","0","0","0","4","0","","67","3","2020","3","40.004199","-75.099379","2230","6","0","0","0","0","0","1","0","0","","1","0","0","22","3","1","","1","2","40 00:15.118","5","1","75 05:57.764","1","0","0","0","67301","0","0","0","N","0","0","0","2","67301","0","2","1.0","115.0","1","N","N","Y","0","0","0","1","0","3","2","Y","2222","2","1","0","0","0","0","0","2","1","2","0","0","0","3","03","","N","","","","","","","","","",""
"2020021915","0030","1","0","0","0","0","0","0","0","0","4","0","","67","2","2020","5","39.998181","-75.216417","0026","6","0","0","0","0","0","0","0","0","","0","0","0","23","3","2","N","0","0","39 59:53.450","","0","75 12:59.100","4","0","0","0","67301","0","0","0","N","0","0","0","3","67301","1","","1.0","","1","N","N","N","0","","0","0","1","0","0","","2325","2","2","0","0","0","1","1","2","0","2","0","0","0","3","03","","N","","","","","","","","","",""
"2020023426","0048","1","0","0","0","0","0","0","0","0","1","0","","67","3","2020","3","39.968156","-75.130324","0033","6","0","0","0","0","0","0","0","0","","0","0","0","0","3","0","N","0","2","39 58:05.361","2","0","75 07:49.167","0","0","0","0","67301","0","0","0","N","0","0","0","3","68K01","0","","1.0","100.0","9","N","N","N","0","","0","0","1","0","0","N","32","2","0","0","0","0","0","0","2","0","2","0","0","0","7","","","N","","","","","","","","","",""
"2020009265","1220","1","0","0","0","0","0","0","0","0","7","1","","67","1","2020","4","40.005934","-75.123709","1228","6","0","0","0","0","0","1","0","0","","0","1","0","10","1","0","N","0","2","40 00:21.361","2","1","75 07:25.353","0","0","0","0","67301","0","0","0","N","0","0","0","1","67301","0","","5.0","1315.0","1","N","N","N","0","","0","0","0","0","0","N","1050","2","0","0","0","0","0","0","2","0","2","0","0","0","3","03","","N","","","","","","","","","",""
"2020023464","1850","1","0","0","0","0","0","0","0","0","8","0","","67","2","2020","4","39.955118","-75.166658","1850","6","0","0","0","0","0","0","0","0","","0","0","0","14","1","1","N","0","0","39 57:18.423","","0","75 09:59.968","3","0","0","0","67301","1","0","0","N","1","0","0","1","67301","0","","4.0","","1","N","N","N","0","","1","0","0","3","2","","1418","2","1","0","0","0","0","0","2","0","1","1","0","0","3","03","","N","","","","","","","","","",""
"2020028596","0111","2","0","0","0","0","0","0","0","0","5","0","","67","3","2020","2","39.956928","-75.206542","0108","6","0","0","0","0","0","0","0","0","","0","0","0","0","3","0","N","0","2","39 57:24.940","3","0","75 12:23.550","0","0","0","0","67301","0","0","0","N","0","0","0","1","67301","0","","1.0","153.0","1","N","N","N","0","","0","0","0","0","0","N","58","2","0","0","0","0","0","0","2","0","2","0","0","0","3","03","","N","","","","","","","","","",""
"2020022303","1629","0","0","0","0","0","0","0","0","0","4","0","","67","2","2020","2","39.991238","-75.134021","1629","6","0","0","0","0","0","0","0","0","","0","0","0","16","1","1","N","0","1","39 59:28.458","4","0","75 08:02.476","3","0","0","0","67301","0","0","0","N","0","0","0","2","67301","0","","1.0","1741.0","1","N","N","N","1","","1","0","1","0","0","Y","1629","2","1","1","0","0","0","0","2","0","2","0","0","0","3","03","","N","","","","","","","","","",""
"2020022803","0011","2","0","0","0","0","0","0","0","0","4","0","","67","3","2020","1","40.045003","-75.123562","0007","6","0","0","0","0","0","0","0","0","","0","0","0","23","3","0","","1","0","40 02:42.011","","0","75 07:24.823","0","0","0","0","67301","0","0","0","N","0","0","0","1","67301","0","","1.0","","1","N","N","N","0","","0","0","0","3","2","","2354","3","0","0","0","0","0","0","2","0","3","0","0","0","3","03","","N","","","","","","","","","",""
"2020006831","1935","1","0","0","0","0","0","0","0","0","7","0","","67","1","2020","7","39.949575","-75.202072","1922","6","0","0","0","0","0","0","0","0","","0","0","0","18","3","1","N","0","0","39 56:58.470","","0","75 12:07.460","3","0","0","0","67301","0","0","0","N","0","0","0","3","67301","0","","6.0","","2","N","N","N","0","","1","0","0","0","0","","1810","1","1","1","0","0","0","0","2","0","1","0","0","0","6","","","N","","","","","","","","","",""
"2020022361","1918","1","0","0","0","0","0","0","0","0","1","0","","67","2","2020","3","39.900809","-75.154313","1902","6","0","0","0","0","0","0","0","0","","0","0","0","19","3","1","N","0","0","39 54:02.914","","0","75 09:15.527","8","0","0","0","67301","0","0","0","N","0","0","0","2","68K01","0","","4.0","","9","N","N","N","0","","0","0","1","0","0","","1901","2","1","0","0","0","1","0","2","0","2","0","0","0","7","07","","N","","","","","","","","","",""
"2020023224","0037","2","0","0","0","0","0","0","0","0","4","0","","67","3","2020","4","40.028504","-75.146931","0033","6","0","0","0","0","0","1","0","0","","0","0","0","0","3","0","N","0","2","40 01:42.615","5","0","75 08:48.952","0","0","0","0","67301","0","0","0","N","0","0","0","3","67301","0","","3.0","139.0","98","N","N","N","0","","0","0","1","0","0","Y","11","3","0","1","0","0","0","0","2","0","3","0","0","0","3","03","","N","","","","","","","","","",""
"2020009996","1050","1","0","0","0","0","0","0","0","0","7","0","","67","1","2020","4","40.003349","-75.077329","1026","6","0","0","0","0","0","0","0","0","","0","0","0","10","1","0","N","0","0","40 00:12.055","","0","75 04:38.383","0","0","0","0","67301","0","0","0","N","0","0","0","1","68K01","0","","2.0","","1","N","N","N","0","","0","0","0","0","0","","1016","1","0","0","0","0","0","0","2","0","1","0","0","0","3","03","","N","","","","","","","","","",""
"2020027939","1837","0","0","0","0","0","0","0","0","0","4","0","","67","3","2020","5","39.980446","-75.128607","1835","6","0","0","0","0","0","0","0","0","","0","0","0","18","1","2","N","0","2","39 58:49.605","5","0","75 07:42.986","4","0","0","0","67301","0","0","0","N","0","0","0","2","67301","2","","1.0","1930.0","1","N","N","N","0","","0","0","3","0","0","Y","1830","3","2","0","0","0","0","0","2","0","3","0","0","0","4","","","N","","","","","","","","","",""
"2020009491","1850","0","0","0","0","0","0","0","0","0","8","0","","67","1","2020","5","39.914193","-75.151338","1842","6","0","0","0","0","0","0","0","0","","0","0","0","18","3","1","N","0","0","39 54:51.095","","0","75 09:04.815","3","0","0","0","67301","1","0","0","N","1","0","0","1","67301","0","","1.0","","1","N","N","N","1","","1","0","0","0","0","","1830","2","1","0","0","0","0","0","2","0","1","1","0","0","3","","","N","","","","","","","","","",""
"2020008299","1230","1","0","0","0","0","0","0","0","0","7","0","","67","1","2020","4","40.001585","-75.152798","1218","6","0","0","0","0","0","0","0","0","","0","0","0","12","8","0","","1","0","40 00:05.705","","0","75 09:10.074","0","0","0","0","67301","0","0","0","N","0","0","0","1","67301","0","","3.0","","1","N","N","N","0","","0","0","0","3","2","","1217","1","0","0","0","0","0","0","2","0","1","0","0","0","3","","","N","","","","","","","","","",""
"2020007829","0920","1","0","0","0","0","0","0","0","0","4","0","","67","1","2020","5","40.021616","-75.044269","0911","6","0","0","0","0","0","1","0","0","","0","0","0","8","1","1","","1","0","40 01:17.817","","0","75 02:39.368","8","0","0","0","67301","0","0","0","N","0","0","0","2","67301","0","","1.0","","1","N","N","N","0","","0","0","1","3","3","","856","2","1","0","0","0","1","0","2","0","2","0","0","0","3","03","","N","","","","","","","","","",""
"2020022300","2050","0","0","0","0","0","0","0","0","0","8","0","","67","2","2020","7","39.994242","-75.179184","2045","6","0","0","0","0","0","0","0","0","","0","0","0","20","3","1","N","0","0","39 59:39.270","","0","75 10:45.061","3","0","0","0","67301","1","0","0","N","1","0","0","1","67301","0","","1.0","","1","N","N","N","0","","1","0","0","0","0","","2030","2","1","0","0","0","0","0","2","0","1","1","0","0","10","","","N","","","","","","","","","",""
"2020022555","0955","1","0","0","0","0","0","0","0","0","1","0","","67","2","2020","5","39.959106","-75.171762","0947","6","0","0","0","0","0","0","0","0","","0","0","0","9","1","1","N","0","0","39 57:32.783","","0","75 10:18.343","8","0","0","0","67301","0","0","0","N","0","0","0","2","68K01","0","","1.0","","1","N","N","N","0","","0","0","1","0","0","","944","2","1","0","0","0","1","0","2","0","2","0","0","0","3","","","N","","","","","","","","","",""
"2020008748","2055","2","0","0","0","0","0","0","0","0","4","0","","67","1","2020","3","39.95769","-75.162365","2049","6","0","0","0","0","0","0","0","0","","0","0","0","20","3","0","","1","2","39 57:27.683","2","0","75 09:44.513","0","0","0","0","67301","0","0","0","N","0","0","0","2","67301","0","","1.0","100.0","1","N","N","N","0","","0","0","0","3","2","Y","2049","2","0","0","0","0","0","0","2","0","2","0","0","0","3","03","","N","","","","","","","","","",""
"2020026825","0208","1","0","0","0","0","0","0","0","0","0","0","","67","3","2020","1","39.980953","-75.206514","0208","6","0","0","0","0","0","0","0","0","","0","0","0","2","3","1","N","0","2","39 58:51.429","3","0","75 12:23.449","3","0","0","0","67301","0","0","0","N","0","0","0","1","68K01","0","","1.0","300.0","1","N","N","N","0","","1","0","0","0","0","N","207","1","1","0","0","0","0","0","2","0","1","0","0","0","7","","","N","","","","","","","","","",""
"2020027178","1120","1","0","0","0","0","0","0","0","0","4","0","","67","3","2020","6","40.023676","-75.147988","1115","6","0","0","0","0","0","0","0","0","","0","0","0","11","1","0","N","0","0","40 01:25.234","","0","75 08:52.758","0","0","0","0","67301","0","0","0","N","0","0","0","2","67301","0","","1.0","","1","N","N","N","0","","0","0","1","3","2","","1100","2","0","2","0","0","0","0","2","0","2","0","0","0","3","03","","N","","","","","","","","","",""
"2020023416","2327","1","0","0","0","0","0","0","0","0","1","0","","67","3","2020","1","39.976108","-75.195149","2315","6","0","0","0","0","0","1","0","0","","0","0","0","23","3","0","N","0","0","39 58:33.988","","0","75 11:42.537","0","0","0","0","67301","0","0","0","N","0","0","0","2","68K01","0","","1.0","","1","N","N","N","0","","0","0","1","0","0","","2306","2","0","0","0","0","0","0","2","0","2","0","0","0","3","03","","N","","","","","","","","","",""
"2020008521","0825","1","0","0","0","0","0","0","0","0","1","0","","67","1","2020","4","39.969992","-75.143726","0819","6","0","0","0","0","0","0","0","0","","0","0","0","8","1","2","N","0","0","39 58:11.972","","0","75 08:37.413","8","0","0","0","67301","0","0","0","N","0","0","0","4","67301","0","","1.0","","1","N","N","N","1","","0","0","0","0","0","","813","2","2","0","0","0","2","1","2","0","2","0","0","0","3","03","","N","","","","","","","","","",""
"2020009515","0243","3","0","0","0","0","0","0","0","0","1","0","","67","1","2020","7","40.054623","-75.004961","0240","6","0","0","0","0","0","0","0","0","","0","0","0","2","3","0","N","0","1","40 03:16.644","2","0","75 00:17.859","0","0","0","0","67301","0","0","0","N","0","0","0","0","67301","0","","2.0","350.0","1","N","N","N","0","","0","0","0","0","0","N","235","3","0","0","0","0","0","0","2","0","3","0","0","0","3","03","","N","","","","","","","","","",""
"2020027443","0715","1","0","0","0","0","0","0","0","0","1","1","","67","3","2020","4","40.013511","-75.057473","0700","6","0","0","0","0","0","0","0","0","","0","1","0","6","1","1","N","0","2","40 00:48.640","2","0","75 03:26.903","8","0","0","0","67301","0","0","0","N","0","0","0","4","68K01","0","","1.0","820.0","3","N","N","N","0","","0","0","1","0","0","N","636","4","1","0","0","0","1","0","2","1","4","0","0","0","3","","","N","","","","","","","","","",""
"2020028334","1450","1","0","0","0","0","0","0","0","0","1","0","","67","2","2020","5","39.988187","-75.089019","1444","6","0","0","0","0","0","0","0","0","","0","0","0","14","1","0","N","0","1","39 59:17.474","2","0","75 05:20.468","0","0","0","0","67301","0","0","0","N","0","0","0","2","68K01","0","","1.0","1530.0","9","N","N","N","0","","0","0","1","0","0","N","1442","2","0","0","0","0","0","0","2","0","2","0","0","0","7","04","","N","","","","","","","","","",""
"2020028848","1427","3","0","0","0","0","0","0","0","0","4","0","","67","3","2020","2","39.954974","-75.198355","1425","6","0","0","0","0","0","0","0","0","","0","0","0","14","1","0","N","0","1","39 57:17.907","1","0","75 11:54.079","0","0","0","0","67301","0","0","0","N","0","0","0","1","67504","0","","6.0","1550.0","9","N","N","N","0","","0","0","0","0","0","N","1425","3","0","0","0","0","0","0","2","0","3","0","0","0","7","07","","N","","","","","","","","","",""
"2020026093","1534","1","0","0","0","0","0","0","0","0","5","0","","67","3","2020","6","39.955341","-75.199904","1534","6","0","0","0","0","0","0","0","0","","0","0","0","15","1","0","N","0","0","39 57:19.229","","0","75 11:59.656","0","0","0","0","67301","0","0","0","N","0","0","0","7","67504","0","","6.0","","1","N","N","N","1","","0","0","0","0","0","","1534","2","0","0","0","0","0","0","2","0","2","0","0","0","3","","","N","","","","","","","","","",""
"2020029335","0831","1","0","0","0","0","0","0","0","0","1","0","","67","3","2020","4","39.956808","-75.153526","0831","6","0","0","0","0","0","0","0","0","","0","0","0","8","1","0","N","0","1","39 57:24.509","3","0","75 09:12.695","0","0","0","0","67301","0","0","0","N","0","0","0","2","68K01","0","","1.0","5.0","1","N","N","N","0","","0","0","1","0","0","N","819","2","0","0","0","0","0","0","2","0","2","0","0","0","3","","","N","","","","","","","","","",""
"2020029468","0727","1","0","0","0","0","0","0","0","0","7","0","","67","3","2020","1","40.008801","-75.204928","0724","6","0","0","0","0","0","0","0","0","","0","0","0","7","1","0","N","6","0","40 00:31.683","","2","75 12:17.742","0","0","0","0","67301","0","0","0","N","0","0","0","1","68K01","0","","3.0","","1","N","N","N","0","","0","0","0","0","0","","717","1","0","0","0","0","0","0","2","0","1","0","0","0","3","","","N","","","","","","","","","",""
"2020010031","1240","1","0","0","0","0","0","0","0","0","1","0","","67","1","2020","7","39.959953","-75.17842","1226","6","0","0","0","0","0","0","0","0","","0","0","0","12","1","0","N","0","1","39 57:35.831","4","0","75 10:42.313","0","0","0","0","67301","0","0","0","N","0","0","0","2","68K01","0","","1.0","1300.0","9","N","N","N","0","","0","0","1","0","0","N","1220","2","0","0","0","0","0","0","2","0","2","0","0","0","3","03","","N","","","","","","","","","",""
"2020027402","1943","1","0","0","0","0","0","0","0","0","8","0","","67","2","2020","1","40.046357","-75.112571","1942","6","0","0","0","0","0","0","0","0","","1","0","0","19","3","0","","2","1","40 02:46.886","5","0","75 06:45.256","1","0","0","0","67301","1","1","0","N","1","1","0","1","67301","0","2","1.0","2225.0","1","N","N","N","0","0","0","0","0","0","0","Y","1939","2","0","0","0","0","0","0","2","0","1","1","1","0","3","","","N","","","","","","","","","",""
"2020022058","1300","2","0","0","0","0","0","0","0","0","4","0","","67","2","2020","7","40.006436","-75.213597","1250","6","0","0","0","0","0","0","0","0","","0","0","0","12","1","1","N","0","0","40 00:23.170","","0","75 12:48.950","3","0","0","0","67301","0","0","0","N","0","0","0","1","67301","0","","1.0","","1","N","N","N","0","","1","0","0","0","0","","1235","2","1","0","0","0","0","0","2","0","2","0","0","0","3","03","","N","","","","","","","","","",""
"2020022776","0950","1","0","0","0","0","0","0","0","0","5","0","","67","2","2020","6","39.956584","-75.154013","0940","6","0","0","0","0","0","0","0","0","","0","0","0","9","1","0","","2","1","39 57:23.701","3","0","75 09:14.445","9","0","0","0","67301","0","0","0","N","0","0","0","2","67301","0","","1.0","1019.0","1","N","N","N","0","","0","0","0","0","0","N","935","2","0","0","0","0","0","1","2","1","2","0","0","0","3","","","N","","","","","","","","","",""
"2020009266","2118","0","0","0","0","0","0","0","0","0","8","0","","67","1","2020","1","40.052779","-75.152742","2118","6","0","0","0","0","0","0","0","0","","0","0","0","19","3","1","N","0","0","40 03:10.005","","0","75 09:09.872","3","0","0","0","67301","1","0","0","N","1","0","0","2","67301","0","","1.0","","1","N","N","N","0","","1","0","0","0","0","","1940","2","1","0","0","0","0","1","2","0","1","1","0","0","3","","","N","","","","","","","","","",""
"2020027180","1325","0","0","0","0","0","0","0","0","0","8","0","","67","3","2020","2","40.023381","-75.146981","1325","6","0","0","0","0","0","0","0","0","","0","0","0","10","1","1","N","0","0","40 01:24.170","","0","75 08:49.130","3","0","0","0","67301","1","0","0","N","1","0","0","1","67301","0","","1.0","","1","N","N","N","0","","1","0","0","0","0","","1040","2","1","0","0","0","0","0","2","0","1","1","0","0","3","03","","N","","","","","","","","","",""
"2020010018","0841","0","0","0","0","0","0","0","0","0","1","1","","67","1","2020","2","39.95229","-75.140993","0822","6","0","0","0","0","0","1","0","0","","0","1","0","8","1","1","N","0","0","39 57:08.243","","0","75 08:27.576","4","0","0","0","67301","0","0","0","N","0","0","0","2","68K01","1","","1.0","","1","N","N","N","0","","0","0","1","0","0","","819","3","1","0","0","0","0","0","2","0","2","0","0","0","3","","","N","","","","","","","","","",""
"2020028993","1850","1","0","0","0","0","0","0","0","0","7","0","","67","3","2020","2","40.046365","-75.031824","1844","6","0","0","0","0","0","0","0","0","","0","0","0","18","1","0","N","0","0","40 02:46.915","","0","75 01:54.565","0","0","0","0","67301","0","0","0","N","0","0","0","1","67301","0","","4.0","","9","N","N","N","0","","0","0","0","0","0","","1817","1","0","0","0","0","0","0","2","0","1","0","0","0","7","","","N","","","","","","","","","",""
"2020029307","0825","0","0","0","0","0","0","0","0","0","1","1","","67","2","2020","6","40.011801","-75.060604","0817","6","0","0","0","0","0","0","0","1","","0","0","0","8","1","0","N","0","1","40 00:42.484","2","0","75 03:38.173","0","0","0","0","67301","0","0","0","N","0","0","0","2","68K01","0","","1.0","2030.0","1","N","N","N","1","","0","0","1","0","0","N","809","2","0","0","0","0","0","0","2","0","2","0","0","0","3","03","","N","","","","","","","","","",""
"2020027428","1215","1","0","0","0","0","0","0","0","0","1","0","","67","2","2020","7","40.010989","-75.062061","1207","6","0","0","0","0","1","0","0","0","","0","0","0","12","1","0","N","0","1","40 00:39.560","2","0","75 03:43.421","9","0","0","0","67301","0","0","0","N","0","0","0","5","68K01","0","","1.0","1255.0","1","N","N","N","0","","0","0","1","0","0","N","1203","2","0","0","0","0","0","1","2","0","2","0","0","0","3","","","N","","","","","","","","","",""
"2020010776","1829","1","0","0","0","0","0","0","0","0","7","0","","67","1","2020","5","40.006008","-75.160106","1828","6","0","0","0","0","0","0","0","0","","0","0","0","18","3","0","N","0","2","40 00:21.630","1","0","75 09:36.380","9","0","0","0","67301","0","0","0","N","0","0","0","1","67301","0","","4.0","2225.0","1","N","N","N","0","","0","0","0","0","0","N","1809","1","0","0","0","0","0","1","2","0","1","0","0","0","3","","","N","","","","","","","","","",""
"2020027177","0745","1","0","0","0","0","0","0","0","0","8","0","","67","3","2020","6","40.051453","-75.122458","0732","6","0","0","0","0","0","1","0","0","","0","0","0","7","2","1","Y","0","0","40 03:05.230","","0","75 07:20.850","2","0","0","0","67301","1","0","1","N","1","0","1","2","67301","0","","1.0","","9","N","N","N","0","","0","1","0","9","9","","700","2","1","0","0","0","0","0","2","0","1","1","0","1","7","07","","N","","","","","","","","","",""
"2020027231","1803","0","0","0","0","0","0","0","0","0","5","1","","67","2","2020","6","40.011167","-75.061741","1749","6","0","0","0","0","0","0","0","0","","0","1","0","17","3","0","N","0","2","40 00:40.200","2","0","75 03:42.268","0","0","0","0","67301","0","0","0","N","0","0","0","4","68K01","0","","1.0","30.0","1","N","N","N","0","","0","0","2","0","0","N","1748","3","0","0","0","0","0","0","2","0","3","0","0","0","3","03","","N","","","","","","","","","",""
"2020027600","1302","1","0","0","0","0","0","0","0","0","1","0","55","67","2","2020","3","40.0543","-74.985753","1249","6","0","0","0","0","0","0","0","0","","0","0","0","12","1","0","N","0","0","40 03:15.479","","0","74 59:08.712","0","0","0","0","67301","0","0","0","N","0","0","0","2","68K01","0","","1.0","","1","N","N","N","0","","0","0","1","0","0","","1246","2","0","0","0","0","0","0","2","0","2","0","0","0","4","04","Y","Y","8","2","N","N","N","Y","Y","N","Y","N"
"2020028669","1953","1","0","0","0","0","0","0","0","0","7","0","","67","3","2020","1","40.00717","-75.079904","1946","6","0","0","0","0","0","1","0","0","","0","0","0","19","3","0","N","0","0","40 00:25.813","","0","75 04:47.656","0","0","0","0","67301","0","0","0","N","0","0","0","1","67301","0","","2.0","","1","N","N","N","0","","0","0","0","0","0","","1945","1","0","0","0","0","0","0","2","0","1","0","0","0","3","","","N","","","","","","","","","",""
"2020007033","0244","2","0","0","0","0","0","0","0","0","1","0","","67","1","2020","6","39.922551","-75.147541","0234","6","0","0","1","0","0","0","0","0","","0","0","0","2","3","2","N","0","0","39 55:21.185","","0","75 08:51.147","3","0","0","0","67301","0","0","0","N","0","0","0","2","68K01","1","","1.0","","1","N","N","N","0","","1","0","0","0","0","","233","2","2","0","0","0","0","0","2","0","2","0","0","0","3","","","N","","","","","","","","","",""
"2020029489","0711","1","0","0","0","0","0","0","0","0","1","0","","67","3","2020","5","39.960024","-75.179924","0655","6","0","0","0","0","0","0","0","0","","0","0","0","6","5","0","N","7","2","39 57:36.087","4","2","75 10:47.726","0","0","0","0","67301","0","0","0","N","0","0","0","2","68K01","0","","1.0","20.0","9","N","N","Y","0","","0","0","0","0","0","N","654","2","0","0","0","0","0","0","2","1","2","0","0","0","7","","","N","","","","","","","","","",""
"2020027809","0017","2","0","0","0","0","0","0","0","0","1","0","","67","3","2020","7","39.958335","-75.16549","0016","6","0","0","0","0","0","0","0","0","","0","0","0","23","3","1","N","6","0","39 57:30.005","","2","75 09:55.764","4","0","0","0","67301","0","0","0","N","0","0","0","3","68K01","1","","1.0","","1","N","N","N","0","","0","0","0","0","0","","2326","2","1","0","0","0","0","0","2","0","2","0","0","0","3","03","","N","","","","","","","","","",""
"2020024611","2235","1","0","0","0","0","0","0","0","0","2","0","","67","3","2020","1","40.052727","-75.008414","2232","6","0","0","0","0","0","1","0","0","","0","0","0","22","3","4","","3","2","40 03:09.817","6","0","75 00:30.291","3","0","0","0","67301","0","0","0","N","0","0","0","4","67301","0","","1.0","1245.0","1","N","N","N","0","","4","0","1","0","0","Y","2229","2","4","0","0","0","0","0","2","0","2","0","0","0","3","03","","N","","","","","","","","","",""
"2020019669","1814","2","0","0","0","0","0","0","0","0","1","0","","67","2","2020","5","40.057525","-75.149283","1813","6","0","0","0","0","0","0","1","0","","0","0","0","18","3","1","","1","0","40 03:27.089","","0","75 08:57.418","3","0","0","0","67301","0","0","0","N","0","0","0","2","67301","0","","1.0","","1","N","N","Y","0","","1","0","0","3","2","","1800","2","1","0","0","0","0","0","2","0","2","0","0","0","3","03","","N","","","","","","","","","",""
"2020030941","1444","0","0","0","0","0","0","0","0","0","7","1","","67","3","2020","2","40.033754","-75.019809","1436","6","0","0","0","0","0","0","0","0","","0","1","0","14","1","0","N","0","2","40 02:01.513","1","0","75 01:11.311","0","0","0","0","67301","0","0","0","N","0","0","0","1","68K02","0","","2.0","15.0","9","N","N","N","0","","0","0","0","0","0","N","1434","1","0","0","0","0","0","0","2","0","1","0","0","0","7","07","","N","","","","","","","","","",""
"2020027390","1440","1","0","0","0","0","0","0","0","0","4","0","","67","2","2020","4","39.988166","-75.232666","1436","6","0","0","0","0","0","1","0","0","","1","0","0","14","1","0","","2","0","39 59:17.397","","0","75 13:57.597","1","1","0","1","67301","0","0","0","N","0","0","0","2","67301","0","2","1.0","","1","N","N","N","0","0","0","0","0","0","0","","1432","2","0","0","0","0","0","0","2","0","2","0","0","0","3","03","","N","","","","","","","","","",""
"2020026958","1830","0","0","0","0","0","0","0","0","0","4","0","","67","3","2020","7","40.080855","-75.028774","1830","6","0","0","0","0","0","0","0","0","","0","0","0","2","3","1","","1","0","40 04:51.077","","0","75 01:43.585","3","0","0","0","67301","0","0","0","N","0","0","0","3","67301","0","","1.0","","99","N","N","N","0","","1","0","1","3","2","","230","2","1","0","0","0","0","1","2","0","2","0","0","0","99","","","N","","","","","","","","","",""
"2020011847","0836","1","0","0","0","0","0","0","0","0","8","0","","67","1","2020","5","40.057977","-75.052698","0836","6","0","0","0","0","0","0","0","0","","0","0","0","8","1","1","","1","0","40 03:28.718","","0","75 03:09.712","8","0","0","0","67301","1","0","0","N","1","0","0","2","67301","0","","1.0","","1","N","N","N","0","","0","0","0","3","2","","825","2","1","0","0","0","1","0","2","0","1","1","0","0","3","","","N","","","","","","","","","",""
"2020027388","1040","0","0","0","0","0","0","0","0","0","0","0","","67","2","2020","3","39.919611","-75.203265","1035","6","0","0","0","0","0","0","0","0","","1","0","0","10","1","1","N","0","1","39 55:10.599","4","3","75 12:11.754","1","0","0","0","67301","0","0","0","N","0","0","0","2","67301","0","1","1.0","1134.0","9","N","N","N","0","0","1","0","1","0","0","N","1034","1","1","1","1","0","0","0","2","0","1","0","0","0","7","04","","N","","","","","","","","","",""