"CRN","ARRIVAL_TM","AUTOMOBILE_COUNT","BELTED_DEATH_COUNT","BELTED_SUSP_SERIOUS_INJ_COUNT","BICYCLE_COUNT","BICYCLE_DEATH_COUNT","BICYCLE_SUSP_SERIOUS_INJ_COUNT","BUS_COUNT","CHLDPAS_DEATH_COUNT","CHLDPAS_SUSP_SERIOUS_INJ_COUNT","COLLISION_TYPE","COMM_VEH_COUNT","CONS_ZONE_SPD_LIM","COUNTY","CRASH_MONTH","CRASH_YEAR","DAY_OF_WEEK","DEC_LATITUDE","DEC_LONGITUDE","DISPATCH_TM","DISTRICT","DRIVER_COUNT_16YR","DRIVER_COUNT_17YR","DRIVER_COUNT_18YR","DRIVER_COUNT_19YR","DRIVER_COUNT_20YR","DRIVER_COUNT_50_64YR","DRIVER_COUNT_65_74YR","DRIVER_COUNT_75PLUS","EST_HRS_CLOSED","FATAL_COUNT","HEAVY_TRUCK_COUNT","HORSE_BUGGY_COUNT","HOUR_OF_DAY","ILLUMINATION","INJURY_COUNT","INTERSECTION_RELATED","INTERSECT_TYPE","LANE_CLOSED","LATITUDE","LN_CLOSE_DIR","LOCATION_TYPE","LONGITUDE","MAX_SEVERITY_LEVEL","MCYCLE_DEATH_COUNT","MCYCLE_SUSP_SERIOUS_INJ_COUNT","MOTORCYCLE_COUNT","MUNICIPALITY","NONMOTR_COUNT","NONMOTR_DEATH_COUNT","NONMOTR_SUSP_SERIOUS_INJ_COUNT","NTFY_HIWY_MAINT","PED_COUNT","PED_DEATH_COUNT","PED_SUSP_SERIOUS_INJ_COUNT","PERSON_COUNT","POLICE_AGCY","POSSIBLE_INJ_COUNT","RDWY_SURF_TYPE_CD","RELATION_TO_ROAD","ROADWAY_CLEARED","ROAD_CONDITION","SCH_BUS_IND","SCH_ZONE_IND","SECONDARY_CRASH","SMALL_TRUCK_COUNT","SPEC_JURIS_CD","SUSP_MINOR_INJ_COUNT","SUSP_SERIOUS_INJ_COUNT","SUV_COUNT","TCD_FUNC_CD","TCD_TYPE","TFC_DETOUR_IND","TIME_OF_DAY","TOTAL_UNITS","TOT_INJ_COUNT","UNBELTED_OCC_COUNT","UNB_DEATH_COUNT","UNB_SUSP_SERIOUS_INJ_COUNT","UNK_INJ_DEG_COUNT","UNK_INJ_PER_COUNT","URBAN_RURAL","VAN_COUNT","VEHICLE_COUNT","VULNERABLE_ROAD_USER_COUNT","VULNERABLE_ROAD_USER_DEATH_COUNT","VULNERABLE_ROAD_USER_SER_INJ_COUNT","WEATHER1","WEATHER2","WORKERS_PRES","WORK_ZONE_IND","WORK_ZONE_LOC","WORK_ZONE_TYPE","WZ_CLOSE_DETOUR","WZ_FLAGGER","WZ_LAW_OFFCR_IND","WZ_LN_CLOSURE","WZ_MOVING","WZ_OTHER","WZ_SHLDER_MDN","WZ_WORKERS_INJ_KILLED"
"2020026727","1316","2","0","0","0","0","0","0","0","0","4","0","","67","3","2020","6","39.937839","-75.227519","1313","6","0","0","0","0","0","0","0","0","","0","0","0","13","1","1","N","0","2","39 56:16.220","1","0","75 13:39.070","4","0","0","0","67301","0","0","0","N","0","0","0","1","67301","1","","1.0","245.0","1","N","N","N","0","","0","0","0","0","0","Y","1312","2","1","0","0","0","0","0","2","0","2","0","0","0","3","03","","N","","","","","","","","","",""
"2020027250","1533","0","0","0","0","0","0","0","0","0","2","0","","67","3","2020","3","39.949297","-75.141466","1523","6","0","0","0","0","0","0","0","0","","0","0","0","15","1","0","N","0","0","39 56:57.469","","0","75 08:29.277","0","0","0","0","67301","0","0","0","N","0","0","0","1","68K01","0","","2.0","","9","N","N","N","0","","0","0","1","0","0","","1512","1","0","0","0","0","0","0","2","0","1","0","0","0","7","","","N","","","","","","","","","",""
"2020027685","0022","1","0","0","0","0","0","0","0","0","4","1","","67","3","2020","3","40.026388","-75.117154","0018","6","0","0","0","0","0","0","0","0","","0","1","0","0","3","1","","1","1","40 01:34.996","1","0","75 07:01.756","3","0","0","0","67301","0","0","0","N","0","0","0","2","67301","0","","1.0","40.0","1","N","N","N","0","","1","0","0","3","2","N","9","2","1","0","0","0","0","0","2","0","2","0","0","0","3","03","","N","","","","","","","","","",""
"2020011776","0158","1","0","0","0","0","0","0","0","0","8","0","","67","1","2020","5","39.953597","-75.165049","0155","6","0","0","0","0","0","0","0","0","","0","0","0","1","3","1","N","0","0","39 57:12.949","","0","75 09:54.175","3","0","0","0","67301","1","0","0","N","1","0","0","1","67301","0","","1.0","","1","N","N","N","0","","1","0","0","0","0","","154","2","1","0","0","0","0","0","2","0","1","1","0","0","3","","","N","","","","","","","","","",""
"2020009865","0727","2","0","0","0","0","0","0","0","0","2","0","","67","1","2020","7","40.031392","-75.152378","0726","6","0","0","0","1","0","0","0","0","","0","0","0","7","3","1","","1","0","40 01:53.011","","0","75 09:08.560","3","0","0","0","67301","0","0","0","N","0","0","0","4","67301","0","","1.0","","9","N","N","N","0","","1","0","0","3","2","","720","2","1","0","0","0","0","0","2","0","2","0","0","0","7","","","N","","","","","","","","","",""
"2020027955","0032","2","0","0","0","0","0","0","0","0","5","0","","67","3","2020","5","40.022527","-75.14824","0030","6","0","0","0","0","0","0","0","0","","0","0","0","0","3","3","N","0","1","40 01:21.097","2","0","75 08:53.664","3","0","0","0","67301","0","0","0","N","0","0","0","3","67301","0","","1.0","105.0","9","N","N","N","0","","3","0","0","9","2","N","19","2","3","0","0","0","0","0","2","0","2","0","0","0","7","","","N","","","","","","","","","",""
"2020026260","1927","2","0","0","0","0","0","0","0","0","4","0","","67","3","2020","6","40.051101","-75.091181","1918","6","0","0","0","0","0","0","0","0","","0","0","0","17","4","0","","1","0","40 03:03.965","","0","75 05:28.250","0","0","0","0","67301","0","0","0","N","0","0","0","2","67301","0","","1.0","","1","N","N","N","0","","0","0","0","3","3","","1758","2","0","2","0","0","0","0","2","0","2","0","0","0","3","","","N","","","","","","","","","",""
"2020027259","1819","2","0","0","0","0","0","0","0","0","1","1","","67","3","2020","6","39.958576","-75.168433","1814","6","0","0","0","0","0","1","0","0","","0","0","0","18","1","2","N","0","1","39 57:30.874","3","0","75 10:06.359","4","0","0","0","67301","0","0","0","N","0","0","0","5","68K01","2","","1.0","100.0","9","N","N","N","1","","0","0","1","0","0","N","1812","4","2","0","0","0","0","0","2","0","4","0","0","0","7","","","N","","","","","","","","","",""
"2020011268","1602","1","0","0","0","0","0","0","0","0","6","0","","67","1","2020","3","39.988043","-75.105913","1600","6","0","0","0","0","0","0","0","0","","0","0","0","15","1","2","","1","2","39 59:16.953","6","0","75 06:21.288","2","0","0","0","67301","1","0","1","N","1","0","1","3","67301","0","","1.0","1800.0","1","N","N","N","0","","0","1","2","3","2","Y","1556","4","2","0","0","0","1","1","2","0","3","1","0","1","3","03","","N","","","","","","","","","",""
"2020027385","0810","0","0","0","0","0","0","0","0","0","1","1","","67","3","2020","4","39.949411","-75.140868","0759","6","0","0","0","0","0","0","0","0","","0","1","0","7","1","0","N","0","0","39 56:57.881","","0","75 08:27.125","9","0","0","0","67301","0","0","0","N","0","0","0","1","67301","0","","6.0","","1","N","N","N","0","","0","0","1","0","0","","710","2","0","0","0","0","0","1","2","0","2","0","0","0","3","03","","N","","","","","","","","","",""
"2020021961","0650","1","0","0","0","0","0","0","0","0","1","0","","67","2","2020","6","39.974336","-75.158744","0650","6","0","0","0","0","0","0","0","0","","0","0","0","6","1","0","N","0","0","39 58:27.611","","0","75 09:31.479","0","0","0","0","67301","0","0","0","N","0","0","0","2","67301","0","","1.0","","1","N","N","N","0","","0","0","1","2","2","","650","2","0","0","0","0","0","0","2","0","2","0","0","0","3","03","","N","","","","","","","","","",""
"2020023141","1537","1","0","0","0","0","0","0","0","0","8","0","","67","2","2020","4","39.919104","-75.225428","1532","6","0","0","0","0","0","0","0","0","","0","0","0","15","1","1","N","0","2","39 55:08.774","3","0","75 13:31.540","2","0","0","0","67301","1","0","1","N","1","0","1","2","67301","0","","1.0","418.0","1","N","N","N","0","","0","1","0","0","0","Y","1500","2","1","0","0","0","0","0","2","0","1","1","0","1","4","","","N","","","","","","","","","",""
"2020011432","0040","0","0","0","0","0","0","1","0","0","8","1","","67","1","2020","7","40.025889","-75.1328","0038","6","0","0","0","0","0","0","0","0","","0","0","0","0","3","1","N","0","1","40 01:33.200","2","0","75 07:58.080","2","0","0","0","67301","1","0","1","N","1","0","1","2","67301","0","","1.0","111.0","1","N","N","N","0","","0","1","0","0","0","Y","37","2","1","0","0","0","0","0","2","0","1","1","0","1","3","","","N","","","","","","","","","",""
"2020026678","0105","2","0","0","0","0","0","0","0","0","1","0","","67","3","2020","1","40.030235","-75.145385","0100","6","0","0","0","0","0","2","0","0","","0","0","0","0","3","2","","1","2","40 01:48.847","6","0","75 08:43.386","3","0","0","0","67301","0","0","0","N","0","0","0","2","67301","0","","1.0","127.0","9","N","N","N","0","","2","0","0","3","2","Y","51","2","2","0","0","0","0","0","2","0","2","0","0","0","7","07","","N","","","","","","","","","",""
"2020026552","1427","1","0","0","0","0","0","0","0","0","1","0","","67","3","2020","6","39.959098","-75.230139","1427","6","0","0","0","0","0","1","0","0","","0","0","0","14","1","1","N","0","0","39 57:32.752","","0","75 13:48.502","3","0","0","0","67301","0","0","0","N","0","0","0","3","67301","0","","1.0","","1","N","N","N","0","","1","0","1","0","0","","1427","2","1","0","0","0","0","1","2","0","2","0","0","0","3","","","N","","","","","","","","","",""
"2020026730","2126","0","0","0","0","0","0","0","0","0","4","0","","67","3","2020","4","40.036223","-75.064203","2119","6","0","0","0","0","0","0","0","1","","0","0","0","21","3","2","","1","1","40 02:10.401","1","0","75 03:51.131","3","0","0","0","67301","0","0","0","N","0","0","0","2","67301","0","","1.0","30.0","1","N","N","N","1","","2","0","1","3","2","N","2116","2","2","0","0","0","0","0","2","0","2","0","0","0","3","","","N","","","","","","","","","",""
"2020009661","0246","0","0","0","0","0","0","0","0","0","8","0","","67","1","2020","7","39.936905","-75.150225","0245","6","0","0","0","0","0","0","0","0","","0","0","0","2","3","1","","1","0","39 56:12.857","","0","75 09:00.810","8","0","0","0","67301","1","0","0","N","1","0","0","1","67301","0","","1.0","","1","N","N","N","0","","0","0","0","3","3","","240","2","1","0","0","0","1","0","2","0","1","1","0","0","3","03","","N","","","","","","","","","",""
"2020010182","2006","1","0","0","0","0","0","0","0","0","4","0","","67","1","2020","7","40.101714","-74.981008","1959","6","0","0","0","0","0","1","1","0","","0","0","0","19","3","6","N","0","2","40 06:06.170","6","0","74 58:51.630","3","0","0","0","67301","0","0","0","N","0","0","0","6","67301","0","","1.0","2300.0","1","N","N","N","0","","6","0","1","0","0","N","1950","2","6","2","0","0","0","0","2","0","2","0","0","0","3","03","","N","","","","","","","","","",""
"2020026735","1030","1","0","0","0","0","0","0","0","0","8","0","","67","3","2020","1","40.033626","-75.046786","1026","6","0","0","0","0","0","0","0","1","","0","0","0","10","1","1","","1","0","40 02:01.052","","0","75 02:48.431","3","0","0","0","67301","1","0","0","N","1","0","0","2","67301","0","","1.0","","1","N","N","N","0","","1","0","0","3","2","","1026","2","1","0","0","0","0","0","2","0","1","1","0","0","3","03","","N","","","","","","","","","",""
"2020027431","1614","2","0","0","0","0","0","0","0","0","1","0","","67","2","2020","4","39.925484","-75.146903","1609","6","0","0","0","0","0","0","1","0","","0","0","0","16","1","0","N","0","1","39 55:31.742","1","0","75 08:48.849","0","0","0","0","67301","0","0","0","N","0","0","0","2","68K01","0","","1.0","1637.0","1","N","N","N","0","","0","0","0","0","0","N","1609","2","0","1","0","0","0","0","2","0","2","0","0","0","3","","","N","","","","","","","","","",""
"2020026804","1252","1","0","0","0","0","0","0","0","0","7","0","","67","2","2020","1","39.956166","-75.180667","1237","6","0","0","0","0","0","0","0","0","","0","0","0","0","3","0","N","0","2","39 57:22.196","3","0","75 10:50.401","0","0","0","0","67301","0","0","0","N","0","0","0","2","68K01","0","","4.0","102.0","1","N","N","N","0","","0","0","0","0","0","N","37","1","0","0","0","0","0","0","2","0","1","0","0","0","3","03","","N","","","","","","","","","",""
"2020011099","1925","1","0","0","0","0","0","0","0","0","8","0","","67","1","2020","3","39.991836","-75.159989","1925","6","0","0","0","0","0","0","0","1","","0","0","0","19","3","1","N","0","0","39 59:30.610","","0","75 09:35.960","3","0","0","0","67301","1","0","0","N","1","0","0","2","67301","0","","1.0","","1","N","N","N","0","","1","0","0","0","0","","1925","2","1","0","0","0","0","0","2","0","1","1","0","0","3","03","","N","","","","","","","","","",""
"2020000036","0535","2","0","0","0","0","0","0","0","0","5","0","","67","1","2020","4","39.953175","-75.195001","0535","6","0","0","0","0","0","0","0","0","","0","0","0","4","3","0","N","0","0","39 57:11.430","","0","75 11:42.005","0","0","0","0","67301","0","0","0","N","0","0","0","1","67504","0","","2.0","","1","N","N","N","0","","0","0","1","0","0","","445","3","0","0","0","0","0","0","2","0","3","0","0","0","3","","","N","","","","","","","","","",""
"2020029643","1403","1","0","0","0","0","0","0","0","0","8","0","","67","3","2020","6","40.036397","-75.109022","1359","6","0","0","0","0","0","0","0","0","","0","0","0","13","1","1","N","0","0","40 02:11.030","","0","75 06:32.480","4","0","0","0","67301","1","0","0","N","1","0","0","2","67301","1","","1.0","","1","N","N","N","0","","0","0","0","0","0","","1354","2","1","0","0","0","0","0","2","0","1","1","0","0","3","","","N","","","","","","","","","",""
"2020029304","1129","2","0","0","0","0","0","0","0","0","1","0","","67","2","2020","3","39.958984","-75.170695","1121","6","0","0","0","0","0","0","0","0","","0","0","0","11","1","1","N","0","2","39 57:32.343","4","0","75 10:14.501","3","0","0","0","67301","0","0","0","N","0","0","0","2","68K01","0","","1.0","15.0","9","N","N","N","0","","1","0","0","0","0","N","1119","2","1","0","0","0","0","0","2","0","2","0","0","0","7","","","N","","","","","","","","","",""
"2020009954","1820","1","0","0","0","0","0","0","0","0","8","0","","67","1","2020","7","39.959472","-75.233175","1818","6","0","0","0","0","0","0","0","0","","0","0","0","17","3","1","","1","0","39 57:34.098","","0","75 13:59.431","3","0","0","0","67301","1","0","0","N","1","0","0","2","67301","0","","1.0","","9","N","N","N","0","","1","0","0","3","2","","1740","2","1","0","0","0","0","1","2","0","1","1","0","0","7","","","N","","","","","","","","","",""
"2020039852","1920","0","0","0","0","0","0","0","0","0","7","0","","67","5","2020","6","39.98098","-75.206549","1919","6","0","0","0","0","0","0","0","0","","0","0","0","19","1","3","N","0","0","39 58:51.527","","0","75 12:23.575","4","0","0","0","67301","0","0","0","N","0","0","0","4","68K01","2","","4.0","","9","N","N","N","0","","0","0","1","0","0","","1919","1","3","0","0","0","1","0","2","0","1","0","0","0","7","04","","N","","","","","","","","","",""
"2020026988","0308","1","0","0","0","0","0","0","0","0","7","0","","67","3","2020","3","40.131556","-75.013251","0300","6","0","0","0","0","0","0","0","0","","0","0","0","2","3","1","N","0","0","40 07:53.602","","0","75 00:47.702","3","0","0","0","67301","0","0","0","N","0","0","0","1","67301","0","","9.0","","1","N","N","N","0","","1","0","0","9","8","","259","1","1","0","0","0","0","0","2","0","1","0","0","0","3","03","","N","","","","","","","","","",""
"2020029300","1303","1","0","0","0","0","0","0","0","0","5","0","","67","2","2020","7","39.900629","-75.154584","1253","6","0","0","0","0","0","0","1","0","","0","0","0","12","1","1","N","0","2","39 54:02.264","1","0","75 09:16.503","4","0","0","0","67301","0","0","0","N","0","0","0","4","68K01","1","","1.0","1345.0","1","N","N","N","0","","0","0","2","0","0","N","1251","3","1","0","0","0","0","0","2","0","3","0","0","0","3","03","","N","","","","","","","","","",""
"2020029399","0415","0","0","0","0","0","0","0","0","0","4","0","","67","3","2020","4","40.00868","-75.068855","0414","6","0","0","0","0","0","1","0","0","","0","0","0","4","3","2","","1","2","40 00:31.249","4","0","75 04:07.877","4","0","0","0","67301","0","0","0","N","0","0","0","3","67301","2","","1.0","520.0","1","N","N","N","0","","0","0","2","3","2","N","408","2","2","0","0","0","0","0","2","0","2","0","0","0","3","03","","N","","","","","","","","","",""
"2020027762","0108","1","0","0","0","0","0","0","0","0","7","0","","67","3","2020","2","40.001983","-75.162689","0108","6","0","0","0","0","1","0","0","0","","0","0","0","1","3","0","N","0","0","40 00:07.140","","0","75 09:45.680","0","0","0","0","67301","0","0","0","N","0","0","0","1","67301","0","","5.0","","1","N","N","N","0","","0","0","0","0","0","","108","1","0","0","0","0","0","0","2","0","1","0","0","0","3","03","","N","","","","","","","","","",""
"2020029299","1605","0","0","0","0","0","0","0","0","0","1","0","","67","2","2020","6","39.893346","-75.196213","1539","6","0","0","0","0","0","1","0","0","","0","0","0","15","1","1","N","0","1","39 53:36.046","1","0","75 11:46.368","3","0","0","0","67301","0","0","0","N","0","0","0","2","68K01","0","","1.0","1645.0","1","N","N","N","0","","1","0","2","0","0","N","1537","2","1","0","0","0","0","0","2","0","2","0","0","0","3","","","N","","","","","","","","","",""
"2020028378","1848","1","0","0","0","0","0","0","0","0","8","0","","67","3","2020","6","39.993948","-75.154581","1845","6","0","0","0","0","0","0","0","0","","0","0","0","18","4","1","","1","0","39 59:38.213","","0","75 09:16.493","3","0","0","0","67301","1","0","0","N","1","0","0","1","67301","0","","1.0","","1","N","N","N","0","","1","0","0","3","2","","1845","2","1","0","0","0","0","0","2","0","1","1","0","0","4","","","N","","","","","","","","","",""
"2020028893","0712","1","0","0","0","0","0","0","0","0","7","0","","67","3","2020","3","40.029439","-75.102268","0708","6","0","0","0","0","0","0","0","0","","1","0","0","7","5","0","N","0","2","40 01:45.980","1","0","75 06:08.164","1","0","0","0","67301","0","0","0","N","0","0","0","1","67301","0","2","3.0","1020.0","9","N","N","N","0","0","0","0","0","0","0","Y","706","1","0","1","1","0","0","0","2","0","1","0","0","0","7","04","","N","","","","","","","","","",""
"2020011433","0011","2","0","0","0","0","0","0","0","0","2","0","","67","1","2020","1","40.047508","-75.142894","0010","6","0","0","1","0","0","0","0","0","","0","0","0","0","3","1","","1","1","40 02:51.028","2","0","75 08:34.417","3","0","0","0","67301","0","0","0","N","0","0","0","2","67301","0","","1.0","200.0","1","N","N","N","0","","1","0","0","3","2","Y","10","2","1","0","0","0","0","0","2","0","2","0","0","0","3","03","","N","","","","","","","","","",""
"2020027599","0649","1","0","0","0","0","0","0","0","0","5","1","","67","2","2020","2","39.956907","-75.153797","0634","6","0","0","0","0","0","1","0","0","","0","1","0","5","1","0","N","6","0","39 57:24.866","","2","75 09:13.670","0","0","0","0","67301","0","0","0","N","0","0","0","2","68K01","0","","7.0","","1","N","N","N","0","","0","0","0","3","8","","536","2","0","0","0","0","0","0","2","0","2","0","0","0","3","","","N","","","","","","","","","",""
"2020027482","2353","2","0","0","0","0","0","0","0","0","1","0","","67","3","2020","7","39.951709","-75.141471","2348","6","0","0","0","0","0","0","0","0","","0","0","0","23","3","1","N","7","1","39 57:06.151","1","2","75 08:29.297","8","0","0","0","67301","0","0","0","N","0","0","0","4","68K01","0","","1.0","2359.0","1","N","N","N","0","","0","0","0","0","0","N","2345","2","1","0","0","0","1","0","2","0","2","0","0","0","3","03","","N","","","","","","","","","",""
"2020026854","1904","1","0","0","0","0","0","0","0","0","8","0","","67","3","2020","6","39.996772","-75.129108","1855","6","0","0","0","0","0","0","0","0","","0","0","0","18","3","2","N","0","2","39 59:48.380","2","0","75 07:44.790","3","0","0","0","67301","1","0","0","N","1","0","0","2","67301","0","","1.0","2100.0","1","N","N","N","0","","2","0","0","0","0","Y","1850","2","2","1","0","0","0","0","2","0","1","1","0","0","3","","","N","","","","","","","","","",""
"2020027622","0656","1","0","0","0","0","0","0","0","0","4","0","","67","3","2020","4","39.991638","-75.085911","0652","6","0","0","1","0","0","1","0","0","","0","0","0","6","1","1","N","0","1","39 59:29.897","1","0","75 05:09.281","3","0","0","0","67301","0","0","0","N","0","0","0","4","68K01","0","","1.0","730.0","1","N","N","N","0","","1","0","3","0","0","N","652","4","1","0","0","0","0","0","2","0","4","0","0","0","3","03","","N","","","","","","","","","",""
"2020027637","0748","1","0","0","0","0","0","0","0","0","1","0","","67","3","2020","5","40.009004","-75.068578","0748","6","0","0","0","0","0","0","0","0","","0","0","0","7","1","0","N","0","1","40 00:32.415","2","0","75 04:06.881","0","0","0","0","67301","0","0","0","N","0","0","0","2","68K01","0","","1.0","755.0","1","N","N","N","1","","0","0","0","0","0","N","726","2","0","1","0","0","0","0","2","0","2","0","0","0","4","04","","N","","","","","","","","","",""
"2020026680","0511","1","0","0","0","0","0","0","0","0","1","0","","67","3","2020","1","40.029006","-75.147747","0507","6","0","0","0","0","0","0","0","0","","0","0","0","4","3","0","N","0","0","40 01:44.423","","0","75 08:51.889","9","0","0","0","67301","0","0","0","N","0","0","0","1","67301","0","","1.0","","9","N","N","N","0","","0","0","1","0","0","","435","2","0","0","0","0","0","1","2","0","2","0","0","0","3","03","","N","","","","","","","","","",""
"2020009853","1558","1","0","0","0","0","0","0","0","0","4","0","","67","1","2020","6","40.036787","-75.069235","1552","6","0","0","0","0","0","0","0","0","","0","0","0","14","1","1","","1","0","40 02:12.433","","0","75 04:09.245","3","0","0","0","67301","0","0","0","N","0","0","0","1","67301","0","","1.0","","1","N","N","N","0","","1","0","1","3","3","","1425","2","1","0","0","0","0","0","2","0","2","0","0","0","4","04","","N","","","","","","","","","",""
"2020027274","1501","2","0","0","0","0","0","0","0","0","1","0","","67","3","2020","2","39.964792","-75.185321","1451","6","0","0","0","0","0","1","0","0","","0","0","0","14","1","0","N","0","0","39 57:53.252","","0","75 11:07.156","0","0","0","0","67301","0","0","0","N","0","0","0","2","68K01","0","","1.0","","1","N","N","N","0","","0","0","0","0","0","","1424","2","0","0","0","0","0","0","2","0","2","0","0","0","3","","","N","","","","","","","","","",""
"2020028990","0953","2","0","0","0","0","0","0","0","0","4","0","","67","3","2020","1","39.914598","-75.153688","0953","6","0","0","0","0","0","0","0","1","","0","0","0","9","1","1","N","0","0","39 54:52.554","","0","75 09:13.275","8","0","0","0","67301","0","0","0","N","0","0","0","1","67301","0","","5.0","","1","N","N","N","0","","0","0","0","3","2","","944","2","1","0","0","0","1","0","2","0","2","0","0","0","3","03","","N","","","","","","","","","",""
"2020028450","1418","1","0","0","0","0","0","0","0","0","4","1","","67","3","2020","4","39.887318","-75.20442","1410","6","0","0","0","0","0","0","0","0","","0","1","0","14","1","0","N","0","1","39 53:14.346","1","3","75 12:15.912","0","0","0","0","67301","0","0","0","N","0","0","0","2","68K01","0","","1.0","1500.0","1","N","N","N","0","","0","0","0","0","0","N","1410","2","0","0","0","0","0","0","2","0","2","0","0","0","3","03","","N","","","","","","","","","",""
"2020027258","1540","1","0","0","0","0","0","0","0","0","1","0","","67","3","2020","6","39.899124","-75.166797","1519","6","0","0","0","0","0","0","0","0","","0","0","0","15","1","0","N","0","0","39 53:56.848","","0","75 10:00.468","0","0","0","0","67301","0","0","0","N","0","0","0","3","68K01","0","","1.0","","9","N","N","N","0","","0","0","1","0","0","","1518","2","0","0","0","0","0","0","2","0","2","0","0","0","7","","","N","","","","","","","","","",""
"2020029750","1746","1","0","0","0","0","0","0","0","0","4","0","","67","3","2020","6","39.998652","-75.070856","1741","6","0","0","0","0","1","0","0","0","","0","0","0","17","1","2","","1","0","39 59:55.146","","0","75 04:15.080","3","0","0","0","67301","0","0","0","N","0","0","0","2","67301","0","","1.0","","1","N","N","N","0","","1","0","1","3","2","","1740","2","2","0","0","0","1","0","2","0","2","0","0","0","3","","","N","","","","","","","","","",""
"2020028432","1317","0","0","0","0","0","0","0","0","0","0","1","","67","3","2020","3","39.972225","-75.123549","1300","6","0","0","0","0","0","1","0","0","","0","1","0","12","1","0","","3","2","39 58:20.010","7","8","75 07:24.777","0","0","0","0","67301","0","0","0","Y","0","0","0","1","68K01","0","","1.0","1500.0","1","N","N","N","0","","0","0","0","0","0","Y","1258","1","0","0","0","0","0","0","2","0","1","0","0","0","3","03","","N","","","","","","","","","",""
"2020027179","1255","1","0","0","0","0","0","0","0","0","2","0","","67","3","2020","7","40.03145","-75.154773","1255","6","0","0","0","0","0","0","0","0","","0","0","0","12","1","1","","1","0","40 01:53.219","","0","75 09:17.182","8","0","0","0","67301","0","0","0","N","0","0","0","2","67301","0","","1.0","","1","N","N","N","0","","0","0","1","3","2","","1230","2","1","0","0","0","1","1","2","0","2","0","0","0","3","","","N","","","","","","","","","",""
"2020020668","0707","3","0","0","0","0","0","0","0","0","2","0","","67","2","2020","6","39.969664","-75.211523","0700","6","1","0","0","0","0","0","0","0","","0","0","0","6","1","1","","1","0","39 58:10.789","","0","75 12:41.484","8","0","0","0","67301","0","0","0","N","0","0","0","3","67301","0","","1.0","","1","N","N","N","0","","0","0","0","3","2","","659","3","1","2","0","0","1","0","2","0","3","0","0","0","3","","","N","","","","","","","","","",""
"2020021303","1918","0","0","0","0","0","0","0","0","0","8","0","","67","2","2020","4","39.940421","-75.187486","1859","6","0","0","0","0","0","0","0","0","","0","0","0","18","3","1","","5","0","39 56:25.515","","0","75 11:14.948","3","0","0","0","67301","1","0","0","N","1","0","0","1","67301","0","","1.0","","1","N","N","N","0","","1","0","0","3","2","","1859","2","1","0","0","0","0","0","2","0","1","1","0","0","4","05","","N","","","","","","","","","",""
"2020024136","1025","0","0","0","0","0","0","0","0","0","8","1","","67","3","2020","6","39.970374","-75.148139","1022","6","0","0","0","0","0","0","1","0","","0","1","0","10","1","1","","1","0","39 58:13.346","","0","75 08:53.302","3","0","0","0","67301","1","0","0","N","0","0","0","2","67301","0","","1.0","","1","N","N","N","0","","1","0","0","3","2","","1020","2","1","0","0","0","0","0","2","0","1","1","0","0","4","","","N","","","","","","","","","",""
"2020039963","0531","0","0","0","0","0","0","0","0","0","6","0","","67","5","2020","2","40.008004","-75.072798","0529","6","0","0","0","0","1","1","0","0","","0","0","0","5","1","1","N","0","0","40 00:28.816","","0","75 04:22.073","3","0","0","0","67301","0","0","0","N","0","0","0","2","67301","0","","1.0","","1","N","N","N","0","","1","0","2","0","0","","529","2","1","0","0","0","0","0","2","0","2","0","0","0","3","03","","N","","","","","","","","","",""
"2020025227","0009","2","0","0","0","0","0","0","0","0","5","0","","67","3","2020","6","39.97995","-75.155392","2351","6","0","0","0","1","0","0","0","0","","0","0","0","23","3","0","N","0","0","39 58:47.820","","0","75 09:19.410","0","0","0","0","67301","0","0","0","N","0","0","0","3","68K01","0","","1.0","","1","N","N","N","0","","0","0","0","0","0","","2350","2","0","0","0","0","0","0","2","0","2","0","0","0","3","","","N","","","","","","","","","",""
"2020029502","1805","0","0","0","0","0","0","1","0","0","4","1","","67","3","2020","2","40.036688","-75.132483","1755","6","0","0","0","0","0","1","0","0","","0","0","0","17","1","3","","1","0","40 02:12.076","","0","75 07:56.939","4","0","0","0","67301","0","0","0","N","0","0","0","4","67508","3","","1.0","","9","N","N","N","0","","0","0","0","3","3","","1745","2","3","0","0","0","0","0","2","1","2","0","0","0","7","","","N","","","","","","","","","",""
"2020027758","1247","0","0","0","0","0","0","0","0","0","8","0","","67","3","2020","4","39.961014","-75.245704","1240","6","0","0","0","0","0","0","1","0","","0","0","0","12","1","1","N","0","0","39 57:39.651","","0","75 14:44.533","3","0","0","0","67301","1","0","0","N","1","0","0","2","67301","0","","1.0","","1","N","N","N","1","","1","0","0","0","0","","1237","2","1","1","0","0","0","0","2","0","1","1","0","0","3","","","N","","","","","","","","","",""
"2020029642","1842","1","0","0","0","0","0","0","0","0","4","0","","67","3","2020","1","40.028204","-75.109973","1824","6","0","0","0","0","0","0","0","0","","0","0","0","17","4","0","","1","0","40 01:41.536","","0","75 06:35.902","0","0","0","0","67301","0","0","0","N","0","0","0","3","67301","0","","1.0","","1","N","N","N","1","","0","0","0","3","2","","1757","3","0","0","0","0","0","0","2","1","3","0","0","0","3","03","","N","","","","","","","","","",""