"CRN","ARRIVAL_TM","AUTOMOBILE_COUNT","BELTED_DEATH_COUNT","BELTED_SUSP_SERIOUS_INJ_COUNT","BICYCLE_COUNT","BICYCLE_DEATH_COUNT","BICYCLE_SUSP_SERIOUS_INJ_COUNT","BUS_COUNT","CHLDPAS_DEATH_COUNT","CHLDPAS_SUSP_SERIOUS_INJ_COUNT","COLLISION_TYPE","COMM_VEH_COUNT","CONS_ZONE_SPD_LIM","COUNTY","CRASH_MONTH","CRASH_YEAR","DAY_OF_WEEK","DEC_LATITUDE","DEC_LONGITUDE","DISPATCH_TM","DISTRICT","DRIVER_COUNT_16YR","DRIVER_COUNT_17YR","DRIVER_COUNT_18YR","DRIVER_COUNT_19YR","DRIVER_COUNT_20YR","DRIVER_COUNT_50_64YR","DRIVER_COUNT_65_74YR","DRIVER_COUNT_75PLUS","EST_HRS_CLOSED","FATAL_COUNT","HEAVY_TRUCK_COUNT","HORSE_BUGGY_COUNT","HOUR_OF_DAY","ILLUMINATION","INJURY_COUNT","INTERSECTION_RELATED","INTERSECT_TYPE","LANE_CLOSED","LATITUDE","LN_CLOSE_DIR","LOCATION_TYPE","LONGITUDE","MAX_SEVERITY_LEVEL","MCYCLE_DEATH_COUNT","MCYCLE_SUSP_SERIOUS_INJ_COUNT","MOTORCYCLE_COUNT","MUNICIPALITY","NONMOTR_COUNT","NONMOTR_DEATH_COUNT","NONMOTR_SUSP_SERIOUS_INJ_COUNT","NTFY_HIWY_MAINT","PED_COUNT","PED_DEATH_COUNT","PED_SUSP_SERIOUS_INJ_COUNT","PERSON_COUNT","POLICE_AGCY","POSSIBLE_INJ_COUNT","RDWY_SURF_TYPE_CD","RELATION_TO_ROAD","ROADWAY_CLEARED","ROAD_CONDITION","SCH_BUS_IND","SCH_ZONE_IND","SECONDARY_CRASH","SMALL_TRUCK_COUNT","SPEC_JURIS_CD","SUSP_MINOR_INJ_COUNT","SUSP_SERIOUS_INJ_COUNT","SUV_COUNT","TCD_FUNC_CD","TCD_TYPE","TFC_DETOUR_IND","TIME_OF_DAY","TOTAL_UNITS","TOT_INJ_COUNT","UNBELTED_OCC_COUNT","UNB_DEATH_COUNT","UNB_SUSP_SERIOUS_INJ_COUNT","UNK_INJ_DEG_COUNT","UNK_INJ_PER_COUNT","URBAN_RURAL","VAN_COUNT","VEHICLE_COUNT","VULNERABLE_ROAD_USER_COUNT","VULNERABLE_ROAD_USER_DEATH_COUNT","VULNERABLE_ROAD_USER_SER_INJ_COUNT","WEATHER1","WEATHER2","WORKERS_PRES","WORK_ZONE_IND","WORK_ZONE_LOC","WORK_ZONE_TYPE","WZ_CLOSE_DETOUR","WZ_FLAGGER","WZ_LAW_OFFCR_IND","WZ_LN_CLOSURE","WZ_MOVING","WZ_OTHER","WZ_SHLDER_MDN","WZ_WORKERS_INJ_KILLED"
"2020027389","0308","1","0","0","0","0","0","0","0","0","8","0","","67","1","2020","1","39.971505","-75.225377","0301","6","0","0","0","0","0","0","0","0","","0","0","0","3","3","1","","2","0","39 58:17.418","","0","75 13:31.357","2","0","0","0","67301","1","0","1","N","1","0","1","2","67301","0","","1.0","","9","N","N","N","0","","0","1","0","0","0","","300","2","1","0","0","0","0","1","2","0","1","1","0","1","10","06","","N","","","","","","","","","",""
"2020028339","1658","0","0","0","0","0","0","0","0","0","1","0","","67","2","2020","6","39.90066","-75.154375","1646","6","0","0","0","0","0","0","1","0","","0","0","0","16","1","0","N","0","0","39 54:02.377","","0","75 09:15.751","0","0","0","0","67301","0","0","0","N","0","0","0","2","68K01","0","","1.0","","1","N","N","N","0","","0","0","2","0","0","","1642","2","0","0","0","0","0","0","2","0","2","0","0","0","3","","","N","","","","","","","","","",""
"2020029306","1549","1","0","0","0","0","0","0","0","0","1","0","","67","2","2020","4","39.958524","-75.167999","1516","6","0","0","0","0","0","1","0","0","","0","0","0","15","1","0","N","0","0","39 57:30.688","","0","75 10:04.796","0","0","0","0","67301","0","0","0","N","0","0","0","3","68K01","0","","1.0","","1","N","N","N","0","","0","0","1","0","0","","1511","2","0","1","0","0","0","0","2","0","2","0","0","0","3","","","N","","","","","","","","","",""
"2020019863","1100","1","0","0","0","0","0","0","0","0","2","0","","67","2","2020","6","40.072361","-75.032192","1044","6","0","0","0","0","0","1","0","0","","0","0","0","10","1","1","N","0","0","40 04:20.500","","7","75 01:55.890","8","0","0","0","67301","0","0","0","N","0","0","0","2","67301","0","","1.0","","1","N","N","N","0","","0","0","1","0","0","","1030","2","1","0","0","0","1","0","2","0","2","0","0","0","3","03","","N","","","","","","","","","",""
"2020030984","2144","1","0","0","0","0","0","0","0","0","4","0","","67","4","2020","6","40.039458","-75.077435","2140","6","0","0","1","0","0","1","0","0","","0","0","0","21","3","0","","1","1","40 02:22.048","2","0","75 04:38.765","9","0","0","0","67301","0","0","0","N","0","0","0","2","67301","0","","1.0","2230.0","9","N","N","N","0","","0","0","1","3","2","N","2138","2","0","0","0","0","0","2","2","0","2","0","0","0","7","","","N","","","","","","","","","",""
"2020020183","0827","1","0","0","0","0","0","0","0","0","7","0","","67","2","2020","1","40.089867","-74.975596","0820","6","0","0","0","0","0","0","0","0","","0","0","0","8","1","2","","2","1","40 05:23.520","3","0","74 58:32.146","4","0","0","0","67301","0","0","0","N","0","0","0","2","67301","2","","5.0","945.0","1","N","N","N","0","","0","0","0","0","0","N","813","1","2","2","0","0","0","0","2","0","1","0","0","0","3","03","","N","","","","","","","","","",""
"2020027170","2345","2","0","0","0","0","0","0","0","0","4","0","","67","3","2020","2","39.899558","-75.207724","2336","6","0","0","0","0","0","2","0","0","","0","0","0","23","3","0","N","0","2","39 53:58.409","4","3","75 12:27.807","0","0","0","0","67301","0","0","0","N","0","0","0","3","67301","0","","1.0","45.0","1","N","N","N","0","","0","0","1","0","0","Y","2333","3","0","1","0","0","0","0","2","0","3","0","0","0","3","03","","N","","","","","","","","","",""
"2020032053","0917","0","0","0","0","0","0","0","0","0","1","1","","67","4","2020","4","39.89164","-75.237019","0907","6","0","0","0","0","0","0","0","0","","0","1","0","8","1","0","N","0","0","39 53:29.905","","0","75 14:13.270","0","0","0","0","67301","0","0","0","N","0","0","0","2","68K01","0","","1.0","","1","N","N","N","1","","0","0","0","0","0","","854","2","0","0","0","0","0","0","2","0","2","0","0","0","3","","","N","","","","","","","","","",""
"2020030139","0815","1","0","0","0","0","0","0","0","0","4","0","","67","3","2020","2","39.886993","-75.205244","0911","6","0","0","0","0","0","0","0","0","","0","0","0","8","1","0","N","0","2","39 53:13.176","2","0","75 12:18.878","0","0","0","0","67301","0","0","0","N","0","0","0","1","68K01","0","","4.0","10.0","9","N","N","N","0","","0","0","0","0","0","N","801","1","0","0","0","0","0","0","2","0","1","0","0","0","7","","","N","","","","","","","","","",""
"2020030283","2155","1","0","0","0","0","0","0","0","0","98","0","","67","3","2020","1","39.978019","-75.228484","2149","6","0","0","0","0","0","0","0","0","","0","0","0","21","3","0","N","0","0","39 58:40.867","","0","75 13:42.542","0","0","0","0","67301","0","0","0","N","0","0","0","1","67301","0","","1.0","","9","N","N","N","0","","0","0","0","0","0","","2145","1","0","0","0","0","0","0","2","0","1","0","0","0","7","","","N","","","","","","","","","",""
"2020031426","1555","1","0","0","0","0","0","0","0","0","4","0","","67","4","2020","1","39.904423","-75.238567","1548","6","0","0","0","0","0","0","1","0","","0","0","0","15","1","3","","2","0","39 54:15.922","","0","75 14:18.841","3","0","0","0","67301","0","0","0","N","0","0","0","3","67301","1","","1.0","","1","N","N","N","0","","2","0","1","9","3","","1547","2","3","0","0","0","0","0","2","0","2","0","0","0","3","03","","N","","","","","","","","","",""
"2020019697","1730","2","0","0","0","0","0","0","0","0","1","1","","67","2","2020","2","39.978827","-75.109151","1517","6","0","0","0","0","0","2","0","1","","0","1","0","15","1","1","N","0","2","39 58:43.776","1","0","75 06:32.942","8","0","0","0","67301","0","0","0","N","0","0","0","10","68K01","0","","4.0","1830.0","1","N","N","N","1","","0","0","2","0","0","N","1517","6","1","0","0","0","1","0","2","0","6","0","0","0","3","","","N","","","","","","","","","",""
"2020028442","0904","0","0","0","0","0","0","0","0","0","4","0","","67","3","2020","6","39.980797","-75.20606","0904","6","0","0","0","0","0","0","0","0","","0","0","0","9","1","0","N","0","2","39 58:50.869","4","0","75 12:21.817","9","0","0","0","67301","0","0","0","N","0","0","0","2","68K01","0","","1.0","1000.0","9","N","N","N","0","","0","0","1","0","0","N","904","2","0","0","0","0","0","1","2","0","2","0","0","0","4","","","N","","","","","","","","","",""
"2020028891","0618","0","0","0","0","0","0","0","0","0","8","0","","67","2","2020","5","40.038691","-75.078174","0615","6","0","0","0","0","0","0","0","0","","1","0","0","6","3","0","N","0","2","40 02:19.287","5","0","75 04:41.426","1","0","0","0","67301","1","1","0","N","1","1","0","2","67301","0","2","1.0","930.0","9","N","N","N","0","0","0","0","1","0","0","Y","610","2","0","0","0","0","0","0","2","0","1","1","1","0","7","07","","N","","","","","","","","","",""
"2020024954","0700","1","0","0","0","0","0","0","0","0","7","1","","67","3","2020","2","40.042778","-75.190222","0650","6","0","0","0","0","0","0","0","0","","0","1","0","6","3","0","N","0","2","40 02:34.000","5","1","75 11:24.800","0","0","0","0","67301","0","0","0","N","0","0","0","1","67301","0","","5.0","1030.0","1","N","N","N","0","","0","0","1","3","8","Y","620","3","0","0","0","0","0","0","2","0","3","0","0","0","3","","","N","","","","","","","","","",""
"2020025250","1435","1","0","0","0","0","0","0","0","0","1","0","","67","1","2020","2","39.946234","-75.18911","1425","6","0","0","0","0","0","0","0","1","","0","0","0","14","1","0","N","0","0","39 56:46.443","","0","75 11:20.795","0","0","0","0","67301","0","0","0","N","0","0","0","2","68K01","0","","1.0","","1","N","N","N","0","","0","0","1","0","0","","1425","2","0","0","0","0","0","0","2","0","2","0","0","0","3","03","","N","","","","","","","","","",""
"2020026349","1124","1","0","0","0","0","0","0","0","0","1","0","","67","3","2020","6","40.088976","-75.020927","1101","6","0","0","0","0","0","0","0","0","","0","0","0","10","1","1","","1","0","40 05:20.314","","0","75 01:15.336","8","0","0","0","67301","0","0","0","N","0","0","0","3","67301","0","","1.0","","8","N","N","N","0","","0","0","1","3","2","","1035","2","1","0","0","0","1","0","2","0","2","0","0","0","7","07","","N","","","","","","","","","",""
"2020038681","2148","0","0","0","0","0","0","0","0","0","8","0","","67","4","2020","1","40.012198","-75.161928","2146","6","0","0","0","0","0","1","0","0","","1","0","0","21","6","0","N","0","0","40 00:43.914","","1","75 09:42.941","1","0","0","0","67301","1","1","0","N","1","1","0","4","67301","0","2","1.0","","1","N","N","N","0","0","0","0","1","0","0","","2135","4","0","0","0","0","0","2","2","0","3","1","1","0","3","","","N","","","","","","","","","",""
"2020024782","2024","0","0","0","0","0","0","0","0","0","8","0","","67","2","2020","6","40.029081","-75.146916","1952","6","0","0","0","0","0","0","0","0","","1","0","0","19","3","0","","1","0","40 01:44.692","","0","75 08:48.898","1","0","0","0","67301","1","1","0","N","1","1","0","2","67301","0","2","9.0","","1","N","N","N","0","0","0","0","1","3","2","","1948","2","0","0","0","0","0","0","2","0","1","1","1","0","3","03","","N","","","","","","","","","",""
"2020020463","1930","1","0","0","0","0","0","0","0","0","8","0","","67","2","2020","1","39.948494","-75.157391","1925","6","0","0","0","0","0","0","0","0","","0","0","0","19","3","1","","1","0","39 56:54.579","","0","75 09:26.606","8","0","0","0","67301","1","0","0","N","1","0","0","2","67301","0","","9.0","","1","N","N","N","0","","0","0","0","3","2","","1915","2","1","0","0","0","1","0","2","0","1","1","0","0","3","03","","N","","","","","","","","","",""
"2020028159","1830","2","0","0","0","0","0","0","0","0","5","0","","67","2","2020","4","39.965683","-75.137007","1820","6","0","0","0","0","0","1","0","0","","0","0","0","18","3","0","N","0","1","39 57:56.459","2","0","75 08:13.225","0","0","0","0","67301","0","0","0","N","0","0","0","2","68K01","0","","1.0","45.0","1","N","N","N","0","","0","0","0","0","0","N","1819","2","0","0","0","0","0","0","2","0","2","0","0","0","3","","","N","","","","","","","","","",""
"2020029663","1100","1","0","0","0","0","0","0","0","0","7","0","","67","3","2020","3","39.981117","-75.206723","1100","6","0","0","0","0","0","0","0","0","","0","0","0","10","1","1","N","0","0","39 58:52.021","","0","75 12:24.202","8","0","0","0","67301","0","0","0","N","0","0","0","1","68K01","0","","4.0","","9","N","N","N","0","","0","0","0","0","0","","1057","1","1","0","0","0","1","0","2","0","1","0","0","0","7","07","","N","","","","","","","","","",""
"2020028425","1638","1","0","0","0","0","0","0","0","0","1","0","","67","3","2020","4","39.958108","-75.164508","1626","6","0","0","0","0","0","0","1","0","","0","0","0","16","1","1","N","0","0","39 57:29.188","","0","75 09:52.227","8","0","0","0","67301","0","0","0","N","0","0","0","2","68K01","0","","1.0","","1","N","N","N","0","","0","0","1","0","0","","1621","2","1","0","0","0","1","0","2","0","2","0","0","0","3","","","N","","","","","","","","","",""
"2020028825","1108","2","0","0","0","0","0","0","0","0","2","0","","67","3","2020","6","39.996235","-75.172337","1102","6","0","0","0","0","0","1","0","0","","0","0","0","11","1","1","","1","0","39 59:46.447","","0","75 10:20.414","3","0","0","0","67301","0","0","0","N","0","0","0","2","67301","0","","1.0","","1","N","N","N","0","","1","0","0","3","2","","1100","2","1","0","0","0","0","0","2","0","2","0","0","0","3","03","","N","","","","","","","","","",""
"2020039863","1622","1","0","0","0","0","0","0","0","0","2","0","","67","5","2020","1","39.930868","-75.198896","1605","6","0","1","0","0","0","0","0","0","","0","0","0","16","1","0","N","0","1","39 55:51.125","4","0","75 11:56.025","0","0","0","0","67301","0","0","0","N","0","0","0","1","68K01","0","","4.0","1705.0","1","N","N","N","0","","0","0","0","0","0","N","1604","1","0","0","0","0","0","0","2","0","1","0","0","0","3","03","","N","","","","","","","","","",""
"2020025861","1650","2","0","0","0","0","0","0","0","0","4","0","","67","3","2020","3","39.942136","-75.222104","1646","6","0","0","0","0","0","0","0","0","","0","0","0","16","1","1","","1","9","39 56:31.689","","0","75 13:19.574","8","0","0","0","67301","0","0","0","N","0","0","0","3","67301","0","","1.0","","1","N","N","N","0","","0","0","0","0","0","U","1604","2","1","0","0","0","1","0","2","0","2","0","0","0","3","03","","N","","","","","","","","","",""
"2020027988","2147","1","0","0","0","0","0","0","0","0","2","0","","67","3","2020","1","40.011228","-75.129803","2147","6","0","0","0","0","0","0","1","0","","0","0","0","20","3","2","N","0","0","40 00:40.420","","0","75 07:47.290","3","0","0","0","67301","0","0","0","N","0","0","0","3","67301","0","","1.0","","1","N","N","N","0","","2","0","1","0","0","","2022","2","2","0","0","0","0","0","2","0","2","0","0","0","3","","","N","","","","","","","","","",""
"2020020842","0957","1","0","0","0","0","0","0","0","0","0","0","","67","2","2020","3","40.019099","-75.190656","0951","6","0","0","0","0","0","0","0","0","","0","0","0","9","1","1","N","0","1","40 01:08.758","2","0","75 11:26.361","3","0","0","0","67301","0","0","0","N","0","0","0","1","67301","0","","1.0","1055.0","9","N","N","N","0","","1","0","0","0","0","N","945","1","1","0","0","0","0","0","2","0","1","0","0","0","7","04","","N","","","","","","","","","",""
"2020024410","1025","1","0","0","0","0","0","0","0","0","5","1","","67","3","2020","6","40.112551","-74.989762","1015","6","0","0","0","1","0","0","0","0","","0","1","0","10","1","1","N","0","1","40 06:45.183","1","6","74 59:23.144","3","0","0","0","67301","0","0","0","N","0","0","0","2","67301","0","","1.0","1245.0","1","N","N","N","0","","1","0","0","0","0","N","1000","2","1","0","0","0","0","0","2","0","2","0","0","0","3","03","","N","","","","","","","","","",""
"2020024673","0540","1","0","0","0","0","0","0","0","0","4","0","","67","3","2020","5","39.999674","-75.098989","0519","6","0","0","0","0","0","1","0","0","","0","0","0","5","3","0","","1","0","39 59:58.827","","0","75 05:56.359","0","0","0","0","67301","0","0","0","N","0","0","0","1","67301","0","","1.0","","1","N","N","N","0","","0","0","1","3","2","","519","2","0","0","0","0","0","0","2","0","2","0","0","0","3","03","","N","","","","","","","","","",""
"2020024869","1701","1","0","0","0","0","0","0","0","0","8","0","","67","3","2020","2","39.926214","-75.180461","1658","6","0","0","0","0","0","0","0","0","","0","0","0","16","1","1","N","0","0","39 55:34.370","","0","75 10:49.660","3","0","0","0","67301","1","0","0","N","1","0","0","1","67301","0","","1.0","","1","N","N","N","0","","1","0","0","0","0","","1650","2","1","0","0","0","0","0","2","0","1","1","0","0","3","03","","N","","","","","","","","","",""
"2020029656","2111","1","0","0","0","0","0","0","0","0","1","0","","67","2","2020","7","39.977413","-75.11205","2103","6","0","0","0","0","0","0","0","0","","0","0","0","21","3","1","N","0","2","39 58:38.688","1","0","75 06:43.379","4","0","0","0","67301","0","0","0","N","0","0","0","3","68K01","1","","1.0","200.0","1","N","N","N","0","","0","0","1","0","0","N","2100","2","1","1","0","0","0","0","2","0","2","0","0","0","3","","","N","","","","","","","","","",""
"2020015653","1750","2","0","0","0","0","0","0","0","0","2","0","","67","2","2020","2","40.00468","-75.152126","1745","6","0","0","0","0","0","1","0","0","","0","0","0","17","3","0","N","1","0","40 00:16.847","","99","75 09:07.652","0","0","0","0","67301","0","0","0","N","0","0","0","4","67505","0","","1.0","","9","N","N","Y","0","","0","0","0","3","2","","1730","2","0","0","0","0","0","0","2","0","2","0","0","0","7","07","","N","","","","","","","","","",""
"2020027450","0932","0","0","0","0","0","0","0","0","0","1","0","","67","3","2020","5","39.958026","-75.163817","0932","6","0","0","0","0","0","1","0","0","","0","0","0","9","1","0","N","0","0","39 57:28.892","","0","75 09:49.742","0","0","0","0","67301","0","0","0","N","0","0","0","2","68K01","0","","1.0","","1","N","N","N","0","","0","0","2","0","0","","927","2","0","0","0","0","0","0","2","0","2","0","0","0","3","","","N","","","","","","","","","",""
"2020027386","0145","1","0","0","0","0","0","0","0","0","2","0","","67","2","2020","7","39.971945","-75.189964","0143","6","0","0","0","0","0","0","0","0","","1","0","0","1","3","2","N","0","2","39 58:19.003","5","0","75 11:23.870","1","0","0","0","67301","0","0","0","N","0","0","0","3","67301","0","2","1.0","343.0","1","N","N","N","0","0","2","0","1","0","0","Y","140","2","2","1","1","0","0","0","2","0","2","0","0","0","3","","","N","","","","","","","","","",""
"2020031120","1312","1","0","0","0","0","0","0","0","0","4","0","","67","4","2020","6","40.027544","-75.146423","1308","6","0","0","0","0","0","0","0","0","","0","0","0","12","1","0","","1","0","40 01:39.158","","0","75 08:47.122","9","0","0","0","67301","0","0","0","N","0","0","0","2","67301","0","","1.0","","1","N","N","N","0","","0","0","1","3","2","","1237","2","0","0","0","0","0","1","2","0","2","0","0","0","3","03","","N","","","","","","","","","",""
"2020039869","1052","1","0","0","0","0","0","0","0","0","7","0","","67","5","2020","2","39.997408","-75.081984","1046","6","0","0","0","0","0","0","0","0","","0","0","0","10","1","0","N","7","1","39 59:50.669","1","2","75 04:55.143","9","0","0","0","67301","0","0","0","Y","0","0","0","1","68K01","0","","7.0","1120.0","1","N","N","N","0","","0","0","0","0","0","N","1046","1","0","0","0","0","0","1","2","0","1","0","0","0","4","04","","N","","","","","","","","","",""
"2020024783","0908","2","0","0","0","0","0","0","0","0","4","0","","67","2","2020","6","39.995749","-75.168576","0906","6","0","0","0","0","0","1","0","0","","1","0","0","9","1","0","N","2","0","39 59:44.695","","0","75 10:06.875","1","0","0","0","67301","0","0","0","N","0","0","0","2","67301","0","2","1.0","","1","N","N","N","0","0","0","0","0","3","3","","906","2","0","1","1","0","0","1","2","0","2","0","0","0","3","03","","N","","","","","","","","","",""
"2020021296","0309","2","0","0","0","0","0","0","0","0","4","0","","67","2","2020","2","40.039151","-75.110002","0249","6","0","0","0","0","0","0","0","0","","0","0","0","2","3","2","","1","1","40 02:20.942","3","0","75 06:36.006","8","0","0","0","67301","0","0","0","N","0","0","0","3","67301","0","","1.0","130.0","1","N","N","N","0","","0","0","0","3","2","Y","243","2","2","0","0","0","2","0","2","0","2","0","0","0","3","03","","N","","","","","","","","","",""
"2020020361","0421","1","0","0","0","0","0","0","0","0","5","1","45","67","2","2020","7","39.979783","-75.106314","0415","6","0","0","0","0","0","0","0","0","","0","1","0","4","3","0","N","0","0","39 58:47.220","","0","75 06:22.729","0","0","0","0","67301","0","0","0","N","0","0","0","2","68K01","0","","1.0","","1","N","N","N","0","","0","0","0","0","0","","414","2","0","1","0","0","0","0","2","0","2","0","0","0","3","","N","Y","4","1","","","N","","","Y","","N"
"2020020751","0805","0","0","0","0","0","0","0","0","0","1","0","","67","2","2020","6","39.98338","-75.208052","0754","6","0","0","0","0","0","1","0","0","","0","0","0","7","1","1","N","0","0","39 59:00.169","","0","75 12:28.988","3","0","0","0","67301","0","0","0","N","0","0","0","6","68K01","0","","1.0","","9","N","N","N","0","","1","0","3","0","0","","753","3","1","0","0","0","0","0","2","0","3","0","0","0","7","","","N","","","","","","","","","",""
"2020031897","1525","1","0","0","0","0","0","0","0","0","5","0","","67","3","2020","1","39.890115","-75.220007","1511","6","0","0","0","0","1","1","0","0","","0","0","0","14","1","1","N","7","1","39 53:24.415","2","8","75 13:12.026","4","0","0","0","67301","0","0","0","N","0","0","0","6","68K01","1","","1.0","1530.0","1","N","N","N","0","","0","0","1","0","0","N","1457","2","1","0","0","0","0","0","2","0","2","0","0","0","3","03","","N","","","","","","","","","",""
"2020031212","1447","2","0","0","0","0","0","0","0","0","1","0","","67","4","2020","1","39.939679","-75.181489","1443","6","0","0","0","0","0","1","0","0","","0","0","0","14","1","1","","1","0","39 56:22.846","","0","75 10:53.362","4","0","0","0","67301","0","0","0","N","0","0","0","3","67301","1","","1.0","","1","N","N","N","0","","0","0","1","3","2","","1443","3","1","1","0","0","0","0","2","0","3","0","0","0","4","98","","N","","","","","","","","","",""
"2020010544","2335","0","0","0","0","0","0","0","0","0","1","1","","67","1","2020","1","39.932101","-75.199769","2330","6","0","0","0","0","0","0","0","0","","0","0","0","23","3","0","N","0","0","39 55:55.563","","0","75 11:59.168","0","0","0","0","67301","0","0","0","N","0","0","0","1","67301","0","","2.0","","1","N","N","N","0","","0","0","1","0","0","","2300","2","0","0","0","0","0","0","2","0","2","0","0","0","3","","","N","","","","","","","","","",""
"2020028314","1025","0","0","0","0","0","0","0","0","0","8","0","","67","3","2020","5","40.007865","-75.172261","1025","6","0","0","0","0","0","1","0","0","","0","0","0","19","4","1","","1","0","40 00:28.314","","0","75 10:20.141","8","0","0","0","67301","1","0","0","N","1","0","0","2","67301","0","","1.0","","99","N","N","N","0","","0","0","1","9","2","","1930","2","1","0","0","0","1","0","2","0","1","1","0","0","99","","","N","","","","","","","","","",""
"2020011638","0925","0","0","0","0","0","0","1","0","0","1","1","","67","1","2020","5","39.986299","-75.156214","0921","6","0","0","0","0","0","1","0","0","","0","0","0","9","1","1","","1","0","39 59:10.675","","0","75 09:22.372","8","0","0","0","67301","0","0","0","N","0","0","0","4","67301","0","","1.0","","1","Y","N","N","0","","0","0","1","3","2","","919","2","1","1","0","0","1","0","2","0","2","0","0","0","3","03","","N","","","","","","","","","",""
"2020029309","1844","1","0","0","0","0","0","0","0","0","1","0","","67","2","2020","6","39.961416","-75.182522","1838","6","0","0","0","0","0","1","0","0","","0","0","0","18","3","0","N","0","0","39 57:41.098","","0","75 10:57.080","0","0","0","0","67301","0","0","0","N","0","0","0","2","68K01","0","","1.0","","1","N","N","N","0","","0","0","1","0","0","","1819","2","0","0","0","0","0","0","2","0","2","0","0","0","3","","","N","","","","","","","","","",""
"2020019824","0918","1","0","0","0","0","0","0","0","0","4","0","","67","2","2020","7","40.028984","-75.10606","0915","6","0","0","0","0","0","0","0","0","","0","0","0","9","1","1","","1","1","40 01:44.341","2","0","75 06:21.815","3","0","0","0","67301","0","0","0","N","0","0","0","5","67301","0","","1.0","935.0","1","N","N","N","1","","1","0","0","3","2","N","910","2","1","0","0","0","0","0","2","0","2","0","0","0","3","03","","N","","","","","","","","","",""
"2020019660","1025","0","0","0","0","0","0","0","0","0","4","0","","67","2","2020","5","40.080757","-75.028601","1021","6","0","0","0","0","0","0","0","1","","0","0","0","10","1","1","","1","0","40 04:50.725","","0","75 01:42.964","8","0","0","0","67301","0","0","0","N","0","0","0","3","67301","0","","1.0","","1","N","N","N","0","","0","0","1","3","2","","1000","2","1","0","0","0","1","0","2","1","2","0","0","0","3","03","","N","","","","","","","","","",""
"2020031841","1830","0","0","0","0","0","0","0","0","0","4","1","","67","4","2020","4","40.082081","-75.219819","1825","6","0","0","0","0","0","0","0","0","","0","1","0","18","1","0","","1","0","40 04:55.491","","0","75 13:11.348","0","0","0","0","67301","0","0","0","N","0","0","0","2","67301","0","","1.0","","1","N","N","N","0","","0","0","1","3","2","","1805","2","0","0","0","0","0","0","2","0","2","0","0","0","3","03","","N","","","","","","","","","",""
"2020025864","1816","2","0","0","0","0","0","0","0","0","4","0","","67","3","2020","5","39.982233","-75.174676","1816","6","0","0","0","0","0","0","0","0","","0","0","0","17","3","1","N","0","0","39 58:56.037","","0","75 10:28.832","4","0","0","0","67301","0","0","0","N","0","0","0","1","67301","1","","1.0","","1","N","N","N","0","","0","0","0","0","0","","1757","2","1","0","0","0","0","0","2","0","2","0","0","0","4","04","","N","","","","","","","","","",""
"2020019661","1254","0","0","0","0","0","0","0","0","0","4","0","","67","2","2020","6","40.05276","-75.007404","1251","6","0","0","0","0","0","0","0","0","","0","0","0","12","1","1","N","0","0","40 03:09.935","","0","75 00:26.653","3","0","0","0","67301","0","0","0","N","0","0","0","2","67301","0","","1.0","","1","N","N","N","0","","1","0","2","0","0","","1225","2","1","2","0","0","0","0","2","0","2","0","0","0","3","03","","N","","","","","","","","","",""
"2020034825","1420","1","0","0","0","0","0","0","0","0","7","0","","67","4","2020","7","39.957277","-75.191181","1416","6","0","0","0","0","0","0","0","0","","0","0","0","14","1","1","","2","0","39 57:26.198","","0","75 11:28.250","8","0","0","0","67301","0","0","0","N","0","0","0","1","67507","0","","5.0","","1","N","N","N","0","","0","0","0","3","2","","1410","1","1","0","0","0","1","0","2","0","1","0","0","0","3","","","N","","","","","","","","","",""
"2020027399","2329","2","0","0","0","0","0","0","0","0","4","0","","67","3","2020","2","39.964079","-75.232201","2325","6","0","0","0","0","0","0","1","0","","0","0","0","23","3","1","","1","0","39 57:50.685","","0","75 13:55.925","3","0","0","0","67301","0","0","0","N","0","0","0","3","67301","0","","1.0","","1","N","N","N","0","","1","0","0","3","3","","2310","2","1","1","0","0","0","0","2","0","2","0","0","0","3","03","","N","","","","","","","","","",""
"2020024125","0815","1","0","0","0","0","0","0","0","0","2","1","","67","3","2020","4","40.009376","-75.071658","0811","6","0","0","0","0","0","2","0","0","","0","1","0","8","1","1","N","0","0","40 00:33.755","","0","75 04:17.969","3","0","0","0","67301","0","0","0","N","0","0","0","2","67301","0","","1.0","","1","N","N","N","0","","1","0","0","3","2","","803","2","1","0","0","0","0","0","2","0","2","0","0","0","3","03","","N","","","","","","","","","",""
"2020025312","1730","1","0","0","0","0","0","0","0","0","8","0","","67","3","2020","2","39.929836","-75.175083","1725","6","0","0","0","0","0","0","0","0","","0","0","0","17","1","1","N","0","0","39 55:47.410","","0","75 10:30.300","3","0","0","0","67301","1","0","0","N","1","0","0","4","67301","0","","1.0","","1","N","N","N","0","","1","0","0","0","0","","1720","2","1","0","0","0","0","0","2","0","1","1","0","0","3","","","N","","","","","","","","","",""
"2020031908","1347","0","0","0","0","0","0","0","0","0","1","0","","67","3","2020","7","40.047717","-74.999564","1330","6","0","0","0","0","0","1","0","0","","0","0","0","13","1","0","N","0","0","40 02:51.781","","0","74 59:58.430","0","0","0","0","67301","0","0","0","N","0","0","0","2","68K01","0","","1.0","","9","N","N","N","0","","0","0","2","0","0","","1329","2","0","0","0","0","0","0","2","0","2","0","0","0","7","04","","N","","","","","","","","","",""