"CRN","ARRIVAL_TM","AUTOMOBILE_COUNT","BELTED_DEATH_COUNT","BELTED_SUSP_SERIOUS_INJ_COUNT","BICYCLE_COUNT","BICYCLE_DEATH_COUNT","BICYCLE_SUSP_SERIOUS_INJ_COUNT","BUS_COUNT","CHLDPAS_DEATH_COUNT","CHLDPAS_SUSP_SERIOUS_INJ_COUNT","COLLISION_TYPE","COMM_VEH_COUNT","CONS_ZONE_SPD_LIM","COUNTY","CRASH_MONTH","CRASH_YEAR","DAY_OF_WEEK","DEC_LATITUDE","DEC_LONGITUDE","DISPATCH_TM","DISTRICT","DRIVER_COUNT_16YR","DRIVER_COUNT_17YR","DRIVER_COUNT_18YR","DRIVER_COUNT_19YR","DRIVER_COUNT_20YR","DRIVER_COUNT_50_64YR","DRIVER_COUNT_65_74YR","DRIVER_COUNT_75PLUS","EST_HRS_CLOSED","FATAL_COUNT","HEAVY_TRUCK_COUNT","HORSE_BUGGY_COUNT","HOUR_OF_DAY","ILLUMINATION","INJURY_COUNT","INTERSECTION_RELATED","INTERSECT_TYPE","LANE_CLOSED","LATITUDE","LN_CLOSE_DIR","LOCATION_TYPE","LONGITUDE","MAX_SEVERITY_LEVEL","MCYCLE_DEATH_COUNT","MCYCLE_SUSP_SERIOUS_INJ_COUNT","MOTORCYCLE_COUNT","MUNICIPALITY","NONMOTR_COUNT","NONMOTR_DEATH_COUNT","NONMOTR_SUSP_SERIOUS_INJ_COUNT","NTFY_HIWY_MAINT","PED_COUNT","PED_DEATH_COUNT","PED_SUSP_SERIOUS_INJ_COUNT","PERSON_COUNT","POLICE_AGCY","POSSIBLE_INJ_COUNT","RDWY_SURF_TYPE_CD","RELATION_TO_ROAD","ROADWAY_CLEARED","ROAD_CONDITION","SCH_BUS_IND","SCH_ZONE_IND","SECONDARY_CRASH","SMALL_TRUCK_COUNT","SPEC_JURIS_CD","SUSP_MINOR_INJ_COUNT","SUSP_SERIOUS_INJ_COUNT","SUV_COUNT","TCD_FUNC_CD","TCD_TYPE","TFC_DETOUR_IND","TIME_OF_DAY","TOTAL_UNITS","TOT_INJ_COUNT","UNBELTED_OCC_COUNT","UNB_DEATH_COUNT","UNB_SUSP_SERIOUS_INJ_COUNT","UNK_INJ_DEG_COUNT","UNK_INJ_PER_COUNT","URBAN_RURAL","VAN_COUNT","VEHICLE_COUNT","VULNERABLE_ROAD_USER_COUNT","VULNERABLE_ROAD_USER_DEATH_COUNT","VULNERABLE_ROAD_USER_SER_INJ_COUNT","WEATHER1","WEATHER2","WORKERS_PRES","WORK_ZONE_IND","WORK_ZONE_LOC","WORK_ZONE_TYPE","WZ_CLOSE_DETOUR","WZ_FLAGGER","WZ_LAW_OFFCR_IND","WZ_LN_CLOSURE","WZ_MOVING","WZ_OTHER","WZ_SHLDER_MDN","WZ_WORKERS_INJ_KILLED"
"2020018894","1438","1","0","0","0","0","0","0","0","0","1","1","","67","1","2020","4","39.898433","-75.181404","1412","6","0","0","0","0","0","1","0","0","","1","1","0","14","1","0","N","0","1","39 53:54.359","1","3","75 10:53.054","1","0","0","0","67301","0","0","0","N","0","0","0","3","68K01","0","1","1.0","1810.0","1","N","N","N","0","0","0","0","0","0","0","N","1409","2","0","1","1","0","0","0","2","0","2","0","0","0","3","","","N","","","","","","","","","",""
"2020020070","2355","0","0","0","0","0","0","0","0","0","1","1","","67","2","2020","7","40.114383","-74.988056","2332","6","0","0","0","0","0","0","0","0","","0","1","0","23","3","0","","1","0","40 06:51.780","","0","74 59:17.002","0","0","0","0","67301","0","0","0","N","0","0","0","2","67301","0","","1.0","","1","N","N","N","0","","0","0","1","3","2","","2327","2","0","0","0","0","0","0","2","0","2","0","0","0","3","03","","N","","","","","","","","","",""
"2020020346","2258","2","0","0","0","0","0","0","0","0","5","0","","67","1","2020","3","39.991227","-75.203861","2252","6","0","0","0","0","0","0","0","0","","0","0","0","22","3","2","N","0","0","39 59:28.416","","0","75 12:13.898","3","0","0","0","67301","0","0","0","N","0","0","0","3","68K01","0","","1.0","","1","N","N","N","0","","2","0","0","0","0","","2245","2","2","0","0","0","0","1","2","0","2","0","0","0","3","","","N","","","","","","","","","",""
"2020032131","1335","1","0","0","0","0","0","0","0","0","8","0","","67","4","2020","5","40.011031","-75.175108","1333","6","0","0","0","0","0","1","0","0","","0","0","0","13","1","1","N","0","0","40 00:39.710","","0","75 10:30.390","3","0","0","0","67301","1","0","0","N","1","0","0","2","67301","0","","5.0","","1","N","N","N","0","","1","0","0","0","0","","1321","2","1","0","0","0","0","0","2","0","1","1","0","0","4","","","N","","","","","","","","","",""
"2020028896","0610","0","0","0","0","0","0","1","0","0","8","1","","67","3","2020","3","39.96444","-75.134259","0607","6","0","0","0","0","0","1","0","0","","1","0","0","5","5","0","N","3","2","39 57:51.984","1","0","75 08:03.331","1","0","0","0","67301","1","1","0","N","1","1","0","2","67301","0","2","1.0","850.0","9","N","N","N","0","0","0","0","0","3","2","Y","540","2","0","0","0","0","0","0","2","0","1","1","1","0","7","03","","N","","","","","","","","","",""
"2020020252","0750","0","0","0","0","0","0","0","0","0","1","0","","67","1","2020","3","39.971625","-75.193437","0746","6","0","0","0","0","0","0","0","0","","0","0","0","7","1","1","N","0","1","39 58:17.850","3","0","75 11:36.374","4","0","0","0","67301","0","0","0","N","0","0","0","2","68K01","1","","1.0","800.0","1","N","N","N","0","","0","0","2","0","0","N","740","2","1","0","0","0","0","0","2","0","2","0","0","0","3","","","N","","","","","","","","","",""
"2020025493","1922","1","0","0","0","0","0","0","0","0","5","1","","67","2","2020","2","39.925832","-75.147056","1917","6","0","0","0","0","0","0","0","0","","0","1","0","19","3","1","N","0","2","39 55:32.994","2","3","75 08:49.401","4","0","0","0","67301","0","0","0","N","0","0","0","3","68K01","1","","1.0","2130.0","9","N","N","Y","0","","0","0","0","0","0","N","1914","2","1","0","0","0","0","0","2","0","2","0","0","0","3","","","N","","","","","","","","","",""
"2020025691","0731","1","0","0","0","0","0","0","0","0","1","0","","67","3","2020","5","40.010689","-75.062626","0709","6","0","0","0","0","0","0","0","0","","0","0","0","7","1","1","N","0","0","40 00:38.482","","0","75 03:45.453","8","0","0","0","67301","0","0","0","N","0","0","0","3","68K01","0","","1.0","","1","N","N","N","1","","0","0","1","0","0","","707","3","1","0","0","0","1","0","2","0","3","0","0","0","3","03","","N","","","","","","","","","",""
"2020031486","1757","0","0","0","0","0","0","0","0","0","8","0","","67","2","2020","4","40.054643","-75.124996","1757","6","0","0","0","0","0","0","0","1","","0","0","0","17","4","1","","2","2","40 03:16.716","6","0","75 07:29.987","8","0","0","0","67301","1","0","0","N","1","0","0","2","67301","0","","1.0","1830.0","1","N","N","N","0","","0","0","1","3","2","Y","1756","2","1","0","0","0","1","0","2","0","1","1","0","0","3","03","","N","","","","","","","","","",""
"2020031134","1821","1","0","0","0","0","0","0","0","0","1","0","","67","3","2020","2","39.958139","-75.163939","1817","6","0","0","0","0","0","1","0","0","","0","0","0","18","1","1","N","0","1","39 57:29.300","4","0","75 09:50.182","8","0","0","0","67301","0","0","0","N","0","0","0","5","68K01","0","","1.0","1925.0","1","N","N","Y","0","","0","0","2","0","0","N","1814","4","1","0","0","0","1","0","2","1","4","0","0","0","3","03","","N","","","","","","","","","",""
"2020024361","1958","1","0","0","0","0","0","0","0","0","8","0","","67","3","2020","6","39.967289","-75.136685","1952","6","0","0","0","0","0","0","0","0","","0","0","0","19","3","1","","1","0","39 58:02.240","","0","75 08:12.065","3","0","0","0","67301","1","0","0","N","1","0","0","2","67301","0","","1.0","","9","N","N","N","0","","1","0","0","9","3","","1950","2","1","0","0","0","0","0","2","0","1","1","0","0","7","","","N","","","","","","","","","",""
"2020020666","0815","1","0","0","0","0","0","0","0","0","4","0","","67","2","2020","1","40.040033","-75.068254","0809","6","0","0","0","0","0","0","0","0","","0","0","0","7","1","1","","1","0","40 02:24.118","","0","75 04:05.714","3","0","0","0","67301","0","0","0","N","0","0","0","2","67301","0","","1.0","","1","N","N","N","0","","1","0","1","3","3","","752","2","1","0","0","0","0","1","2","0","2","0","0","0","3","03","","N","","","","","","","","","",""
"2020021944","0805","2","0","0","0","0","0","0","0","0","1","0","","67","2","2020","7","39.952294","-75.187837","0800","6","0","0","0","0","0","0","0","0","","0","0","0","8","1","2","Y","0","2","39 57:08.258","4","0","75 11:16.213","3","0","0","0","67301","0","0","0","N","0","0","0","2","67504","0","","6.0","850.0","1","N","N","N","0","","2","0","0","0","0","N","800","2","2","2","0","0","0","0","2","0","2","0","0","0","3","03","","N","","","","","","","","","",""
"2020025491","1848","1","0","0","0","0","0","0","0","0","7","0","","67","2","2020","7","40.005851","-75.074809","1843","6","0","0","0","0","0","0","0","0","","0","0","0","18","3","0","N","0","2","40 00:21.064","1","0","75 04:29.313","0","0","0","0","67301","0","0","0","N","0","0","0","2","68K01","0","","5.0","1900.0","1","N","N","N","0","","0","0","1","0","0","N","1842","2","0","0","0","0","0","0","2","0","2","0","0","0","3","03","","N","","","","","","","","","",""
"2020039880","1429","1","0","0","0","0","0","0","0","0","4","0","","67","5","2020","4","39.95692","-75.152863","1425","6","0","0","0","0","0","0","0","0","","0","0","0","14","1","0","N","0","0","39 57:24.911","","0","75 09:10.305","9","0","0","0","67301","0","0","0","N","0","0","0","2","68K01","0","","1.0","","1","N","N","N","0","","0","0","1","0","0","","1422","2","0","0","0","0","0","1","2","0","2","0","0","0","3","03","","N","","","","","","","","","",""
"2020025184","1923","2","0","0","0","0","0","0","0","0","1","0","","67","3","2020","1","39.924931","-75.193327","1913","6","0","0","0","0","0","0","0","0","","0","0","0","19","3","1","N","0","2","39 55:29.753","3","0","75 11:35.976","8","0","0","0","67301","0","0","0","N","0","0","0","7","68K01","0","","1.0","1935.0","1","N","N","N","0","","0","0","0","0","0","N","1911","3","1","0","0","0","1","1","2","0","3","0","0","0","3","","","N","","","","","","","","","",""
"2020020846","0459","0","0","0","0","0","0","0","0","0","5","1","","67","2","2020","3","39.903917","-75.122083","0458","6","0","0","0","0","0","1","0","0","","0","1","0","4","3","0","N","0","2","39 54:14.100","3","3","75 07:19.500","0","0","0","0","67301","0","0","0","N","0","0","0","2","67501","0","","1.0","541.0","1","N","N","N","0","","0","0","1","0","0","N","457","2","0","0","0","0","0","0","1","0","2","0","0","0","3","","","N","","","","","","","","","",""
"2020024123","2255","1","0","0","0","0","0","0","0","0","4","1","","67","3","2020","6","40.085299","-74.969302","2210","6","0","0","0","0","0","0","0","0","","0","1","0","22","3","0","N","0","1","40 05:07.077","4","0","74 58:09.486","0","0","0","0","67301","0","0","0","N","0","0","0","1","67301","0","","1.0","0.0","9","N","N","Y","0","","0","0","0","0","0","N","2208","2","0","0","0","0","0","0","2","0","2","0","0","0","7","07","","N","","","","","","","","","",""
"2020023646","0645","0","0","0","0","0","0","0","0","0","1","1","","67","1","2020","5","40.009861","-75.206161","0617","6","0","0","0","0","0","1","0","0","","0","1","0","6","5","1","N","0","2","40 00:35.501","4","0","75 12:22.181","3","0","0","0","67301","0","0","0","N","0","0","0","3","68K01","0","","1.0","30.0","1","N","N","N","0","","1","0","2","0","0","N","614","3","1","0","0","0","0","0","2","0","3","0","0","0","3","","","N","","","","","","","","","",""
"2020020206","1243","0","0","0","0","0","0","0","0","0","0","1","30","67","1","2020","6","39.999494","-75.084604","1234","6","0","0","0","0","0","1","0","0","","0","1","0","12","1","1","N","3","1","39 59:58.179","2","8","75 05:04.576","3","0","0","0","67301","0","0","0","N","0","0","0","1","68K01","0","","1.0","400.0","1","N","N","N","0","","1","0","0","3","4","N","1232","1","1","0","0","0","0","0","2","0","1","0","0","0","3","03","Y","Y","2","1","N","N","Y","Y","Y","N","Y","N"
"2020020182","0725","1","0","0","0","0","0","1","0","0","5","1","","67","2","2020","1","39.921306","-75.158556","0720","6","0","0","0","0","0","0","0","0","","0","0","0","7","1","2","N","0","0","39 55:16.700","","0","75 09:30.800","3","0","0","0","67301","0","0","0","N","0","0","0","3","67301","0","","1.0","","1","N","N","N","0","","2","0","0","0","0","","715","2","2","1","0","0","0","0","2","0","2","0","0","0","3","03","","N","","","","","","","","","",""
"2020031188","2229","1","0","0","0","0","0","0","0","0","5","1","","67","3","2020","2","39.963916","-75.184312","2220","6","0","0","0","0","0","2","0","0","","0","1","0","22","3","2","N","0","1","39 57:50.097","4","0","75 11:03.523","3","0","0","0","67301","0","0","0","N","0","0","0","2","68K01","0","","1.0","2258.0","1","N","N","N","0","","2","0","0","0","0","N","2202","2","2","0","0","0","0","0","2","0","2","0","0","0","3","03","","N","","","","","","","","","",""
"2020030722","1925","1","0","0","0","0","0","0","0","0","8","0","","67","3","2020","3","40.045516","-75.088316","1918","6","0","0","0","0","0","1","0","0","","1","0","0","19","2","0","","1","0","40 02:43.859","","0","75 05:17.937","1","0","0","0","67301","1","1","0","N","1","1","0","2","67301","0","2","1.0","","1","N","N","N","0","0","0","0","0","3","2","","1917","2","0","0","0","0","0","0","2","0","1","1","1","0","3","03","","N","","","","","","","","","",""
"2020019864","1045","1","0","0","0","0","0","0","0","0","2","0","","67","2","2020","7","40.064494","-75.009526","1035","6","0","0","0","0","0","0","0","0","","0","0","0","10","1","0","N","0","0","40 03:52.180","","0","75 00:34.293","0","0","0","0","67301","0","0","0","N","0","0","0","2","67301","0","","1.0","","1","N","N","N","0","","0","0","1","9","9","","1034","2","0","0","0","0","0","0","2","0","2","0","0","0","3","03","","N","","","","","","","","","",""
"2020031130","1811","1","0","0","0","0","0","0","0","0","1","0","","67","3","2020","6","39.957121","-75.152059","1810","6","0","0","0","0","0","0","0","0","","0","0","0","18","1","0","N","7","0","39 57:25.635","","0","75 09:07.412","0","0","0","0","67301","0","0","0","N","0","0","0","2","68K01","0","","1.0","","1","N","N","N","0","","0","0","1","0","0","","1808","2","0","0","0","0","0","0","2","0","2","0","0","0","3","03","","N","","","","","","","","","",""
"2020029158","1249","2","0","0","0","0","0","0","0","0","2","0","","67","3","2020","3","40.015156","-75.09295","1231","6","0","0","0","0","0","0","0","0","","0","0","0","12","1","1","N","0","0","40 00:54.560","","0","75 05:34.620","3","0","0","0","67301","0","0","0","N","0","0","0","1","67301","0","","5.0","","1","N","N","N","0","","1","0","0","0","0","","1230","2","1","0","0","0","0","0","2","0","2","0","0","0","3","","","N","","","","","","","","","",""
"2020019974","1705","2","0","0","0","0","0","0","0","0","4","0","","67","2","2020","7","39.959767","-75.156553","1705","6","0","0","0","0","0","0","0","0","","0","0","0","17","1","0","","1","0","39 57:35.161","","0","75 09:23.590","0","0","0","0","67301","0","0","0","N","0","0","0","2","67301","0","","1.0","","1","N","N","N","0","","0","0","0","3","3","","1700","2","0","0","0","0","0","0","2","0","2","0","0","0","3","03","","N","","","","","","","","","",""
"2020025684","1220","2","0","0","0","0","0","0","0","0","5","1","","67","3","2020","2","39.995196","-75.083369","1206","6","0","0","0","0","0","2","0","0","","0","1","0","12","1","3","N","0","1","39 59:42.707","1","0","75 05:00.130","3","0","0","0","67301","0","0","0","N","0","0","0","5","68K01","2","","1.0","45.0","1","N","N","N","0","","1","0","0","0","0","N","1205","4","3","0","0","0","0","0","2","1","4","0","0","0","3","03","","N","","","","","","","","","",""
"2020028566","0408","0","0","0","0","0","0","0","0","0","1","1","","67","3","2020","6","39.992957","-75.110258","0408","6","0","0","0","0","0","0","0","0","","0","1","0","4","3","0","","1","0","39 59:34.645","","0","75 06:36.928","0","0","0","0","67301","0","0","0","N","0","0","0","2","67301","0","","1.0","","1","N","N","N","0","","0","0","1","3","2","","406","2","0","0","0","0","0","0","2","0","2","0","0","0","3","03","","N","","","","","","","","","",""
"2020031840","2035","1","0","0","0","0","0","0","0","0","0","0","","67","4","2020","2","39.915418","-75.191808","2030","6","0","0","0","0","0","0","0","0","","0","0","0","20","3","1","N","0","2","39 54:55.506","6","0","75 11:30.507","3","0","0","0","67301","0","0","0","N","0","0","0","1","67301","0","","3.0","2157.0","1","N","N","N","0","","1","0","0","0","0","Y","2015","1","1","0","0","0","0","0","2","0","1","0","0","0","3","03","","N","","","","","","","","","",""
"2020040179","1133","2","0","0","0","0","0","0","0","0","1","0","","67","5","2020","2","39.960142","-75.180048","1129","6","0","0","0","0","0","0","0","0","","0","0","0","11","1","0","N","0","1","39 57:36.510","4","0","75 10:48.171","0","0","0","0","67301","0","0","0","N","0","0","0","2","68K01","0","","1.0","45.0","1","N","N","N","0","","0","0","0","0","0","N","1126","2","0","0","0","0","0","0","2","0","2","0","0","0","4","","","N","","","","","","","","","",""
"2020021301","1530","1","0","0","0","0","0","0","0","0","8","0","","67","2","2020","4","40.043864","-75.191083","1526","6","0","0","0","0","0","0","0","0","","0","0","0","15","1","1","N","0","0","40 02:37.910","","0","75 11:27.900","8","0","0","0","67301","1","0","0","N","1","0","0","1","67301","0","","1.0","","1","N","N","N","0","","0","0","0","0","0","","1525","2","1","0","0","0","1","0","2","0","1","1","0","0","3","","","N","","","","","","","","","",""
"2020034920","1806","1","0","0","0","0","0","0","0","0","0","0","","67","4","2020","5","39.981276","-75.206907","1805","6","0","0","0","0","0","0","0","0","","0","0","0","18","1","1","N","0","1","39 58:52.595","3","0","75 12:24.866","3","0","0","0","67301","0","0","0","N","0","0","0","1","68K01","0","","4.0","1824.0","9","N","N","N","0","","1","0","0","0","0","N","1804","1","1","0","0","0","0","0","2","0","1","0","0","0","7","04","","N","","","","","","","","","",""
"2020018392","0035","2","0","0","0","0","0","0","0","0","8","0","","67","1","2020","7","40.043422","-75.143668","0034","6","0","0","0","0","0","0","0","0","","1","0","0","0","3","0","N","0","2","40 02:36.318","5","0","75 08:37.206","1","0","0","0","67301","1","1","0","N","1","1","0","2","67301","0","2","1.0","200.0","1","N","N","N","0","0","0","0","0","0","0","Y","33","3","0","0","0","0","0","1","2","0","2","1","1","0","3","03","","N","","","","","","","","","",""
"2020025279","1837","0","0","0","0","0","0","0","0","0","8","0","","67","3","2020","6","39.961185","-75.24707","1835","6","0","0","0","0","0","0","1","0","","0","0","0","18","3","1","","2","0","39 57:40.266","","0","75 14:49.451","4","0","0","0","67301","1","0","0","N","1","0","0","2","67301","1","","1.0","","9","N","N","N","1","","0","0","0","3","2","","1834","2","1","1","0","0","0","0","2","0","1","1","0","0","7","","","N","","","","","","","","","",""
"2020029466","1943","1","0","0","0","0","0","0","0","0","1","0","","67","1","2020","7","39.979426","-75.107039","1931","6","0","0","0","0","0","0","0","0","","0","0","0","19","3","0","N","0","1","39 58:45.932","1","0","75 06:25.341","0","0","0","0","67301","0","0","0","N","0","0","0","2","68K01","0","","1.0","2035.0","1","N","N","N","0","","0","0","0","0","0","N","1926","2","0","0","0","0","0","0","2","1","2","0","0","0","3","03","","N","","","","","","","","","",""
"2020013235","0845","1","0","0","0","0","0","0","0","0","7","0","","67","2","2020","2","40.016281","-75.117013","0840","6","0","0","0","0","0","0","0","1","","0","0","0","8","1","1","N","0","0","40 00:58.612","","0","75 07:01.246","8","0","0","0","67301","0","0","0","N","0","0","0","1","67301","0","","4.0","","1","N","N","N","0","","0","0","0","0","0","","830","1","1","1","0","0","1","0","2","0","1","0","0","0","3","03","","N","","","","","","","","","",""
"2020021306","1720","1","0","0","0","0","0","0","0","0","5","0","","67","2","2020","4","39.976147","-75.238158","1704","6","0","0","0","0","0","0","0","0","","0","1","0","15","1","0","N","0","2","39 58:34.130","4","0","75 14:17.370","0","0","0","0","67301","0","0","0","N","0","0","0","1","67301","0","","1.0","1915.0","1","N","N","N","0","","0","0","1","0","0","Y","1505","3","0","0","0","0","0","0","2","0","3","0","0","0","3","03","","N","","","","","","","","","",""
"2020013650","1020","2","0","0","0","0","0","0","0","0","4","0","","67","2","2020","3","39.998522","-75.153593","1020","6","0","0","0","1","0","0","0","0","","0","0","0","8","1","0","","2","0","39 59:54.678","","0","75 09:12.936","0","0","0","0","67301","0","0","0","N","0","0","0","3","67301","0","","1.0","","9","N","N","N","0","","0","0","1","3","2","","840","3","0","0","0","0","0","0","2","0","3","0","0","0","7","07","","N","","","","","","","","","",""
"2020031222","2317","2","0","0","0","0","0","0","0","0","4","0","","67","4","2020","1","39.954439","-75.205108","2315","6","0","0","0","0","1","0","0","0","","0","0","0","23","3","1","N","1","0","39 57:15.980","","0","75 12:18.387","8","0","0","0","67301","0","0","0","N","0","0","0","3","67504","0","","1.0","","1","N","N","N","0","","0","0","1","3","2","N","2315","3","1","0","0","0","1","0","2","0","3","0","0","0","3","03","","N","","","","","","","","","",""
"2020020215","2003","1","0","0","0","0","0","0","0","0","1","0","","67","2","2020","3","39.899643","-75.162576","1959","6","0","0","0","0","0","0","0","0","","0","0","0","19","3","1","N","0","1","39 53:58.715","1","0","75 09:45.272","8","0","0","0","67301","0","0","0","N","0","0","0","5","68K01","0","","1.0","2041.0","1","N","N","N","0","","0","0","0","0","0","N","1956","3","1","0","0","0","1","0","2","2","3","0","0","0","3","03","","N","","","","","","","","","",""
"2020020021","1650","0","0","0","0","0","0","0","0","0","8","0","","67","2","2020","7","39.951249","-75.199138","1645","6","0","0","0","0","0","0","0","0","","0","0","0","1","3","1","N","1","0","39 57:04.496","","99","75 11:56.898","8","0","0","0","67301","1","0","0","N","1","0","0","2","67504","0","","1.0","","1","N","N","N","0","","0","0","1","3","2","","155","2","1","0","0","0","1","1","2","0","1","1","0","0","3","03","","N","","","","","","","","","",""
"2020014579","1804","2","0","0","0","0","0","0","0","0","1","0","","67","2","2020","3","39.982071","-75.101138","1740","6","0","0","0","0","0","1","0","0","","0","0","0","17","3","0","N","0","1","39 58:55.456","2","0","75 06:04.097","0","0","0","0","67301","0","0","0","N","0","0","0","3","68K01","0","","1.0","1800.0","1","N","N","N","0","","0","0","1","0","0","N","1735","3","0","0","0","0","0","0","2","0","3","0","0","0","3","03","","N","","","","","","","","","",""
"2020020249","0919","0","0","0","0","0","0","0","0","0","1","0","","67","1","2020","6","39.963865","-75.184269","0914","6","0","0","0","0","0","0","0","0","","0","0","0","9","1","0","N","0","0","39 57:49.914","","0","75 11:03.370","0","0","0","0","67301","0","0","0","N","0","0","0","2","68K01","0","","1.0","","1","N","N","N","1","","0","0","0","0","0","","912","2","0","1","0","0","0","0","2","1","2","0","0","0","3","03","","N","","","","","","","","","",""
"2020013135","0454","1","0","0","0","0","0","0","0","0","7","0","","67","1","2020","5","40.032937","-75.048592","0454","6","0","0","0","0","0","0","0","0","","0","0","0","4","3","0","","1","0","40 01:58.573","","0","75 02:54.930","0","0","0","0","67301","0","0","0","N","0","0","0","2","67301","0","","5.0","","1","N","N","N","0","","0","0","0","3","2","","435","1","0","0","0","0","0","0","2","0","1","0","0","0","3","","","N","","","","","","","","","",""
"2020025552","1040","1","0","0","0","0","0","0","0","0","5","0","","67","3","2020","3","39.990932","-75.179627","1040","6","0","0","0","0","0","0","0","0","","0","0","0","10","1","0","N","0","0","39 59:27.355","","0","75 10:46.656","0","0","0","0","67301","0","0","0","N","0","0","0","2","67301","0","","1.0","","9","N","N","N","0","","0","0","1","0","0","","1030","2","0","1","0","0","0","0","2","0","2","0","0","0","7","07","","N","","","","","","","","","",""
"2020020356","2353","2","0","0","0","0","0","0","0","0","5","0","","67","2","2020","5","40.035767","-75.016557","2353","6","0","0","0","0","0","0","0","0","","0","0","0","23","3","0","N","0","2","40 02:08.760","1","0","75 00:59.604","9","0","0","0","67301","0","0","0","N","0","0","0","2","68K01","0","","1.0","2359.0","9","N","N","N","0","","0","0","0","0","0","N","2338","2","0","0","0","0","0","1","2","0","2","0","0","0","7","07","","N","","","","","","","","","",""
"2020039188","0933","1","0","0","0","0","0","0","0","0","7","0","","67","5","2020","7","40.044658","-75.087308","0930","6","0","0","0","0","0","0","0","0","","0","0","0","9","1","0","N","0","0","40 02:40.770","","7","75 05:14.310","0","0","0","0","67301","0","0","0","N","0","0","0","1","67301","0","","2.0","","1","N","N","N","0","","0","0","0","0","0","","927","1","0","0","0","0","0","0","2","0","1","0","0","0","3","","","N","","","","","","","","","",""
"2020014587","2004","1","0","0","0","0","0","0","0","0","5","0","","67","2","2020","4","40.013593","-75.057317","2001","6","0","0","0","0","0","0","0","0","","0","0","0","20","3","0","N","0","1","40 00:48.934","2","0","75 03:26.341","0","0","0","0","67301","0","0","0","N","0","0","0","1","68K01","0","","1.0","2010.0","1","N","N","N","1","","0","0","0","0","0","N","2000","2","0","0","0","0","0","0","2","0","2","0","0","0","3","03","","N","","","","","","","","","",""
"2020013034","0344","2","0","0","0","0","0","0","0","0","1","0","","67","2","2020","1","39.89328","-75.231632","0344","6","0","0","0","0","0","0","0","0","","0","0","0","3","3","0","N","7","0","39 53:35.807","","2","75 13:53.874","0","0","0","0","67301","0","0","0","N","0","0","0","3","68K01","0","","1.0","","1","N","N","N","0","","0","0","0","0","0","","326","2","0","0","0","0","0","0","2","0","2","0","0","0","3","","","N","","","","","","","","","",""
"2020020621","1136","2","0","0","0","0","0","0","0","0","1","0","","67","1","2020","6","39.959566","-75.180989","1123","6","0","0","1","0","0","1","0","0","","0","0","0","11","1","0","N","0","1","39 57:34.437","3","0","75 10:51.560","0","0","0","0","67301","0","0","0","N","0","0","0","4","68K01","0","","1.0","25.0","1","N","N","N","0","","0","0","0","0","0","N","1119","3","0","0","0","0","0","0","2","1","3","0","0","0","3","03","","N","","","","","","","","","",""
"2020014350","1815","1","0","0","0","0","0","0","0","0","7","0","","67","2","2020","5","39.98542","-75.156333","1815","6","0","0","0","0","0","0","0","0","","0","0","0","17","4","0","N","0","0","39 59:07.511","","0","75 09:22.797","0","0","0","0","67301","0","0","0","N","0","0","0","1","67301","0","","3.0","","9","N","N","N","0","","0","0","0","0","0","","1718","1","0","0","0","0","0","0","2","0","1","0","0","0","7","07","","N","","","","","","","","","",""
"2020014071","0135","0","0","0","0","0","0","0","0","0","7","0","","67","2","2020","5","39.962446","-75.214684","0133","6","0","0","0","0","0","0","0","0","","0","0","0","1","3","1","N","0","2","39 57:44.805","6","0","75 12:52.864","4","0","0","0","67301","0","0","0","N","0","0","0","1","67301","1","","4.0","133.0","9","N","N","N","0","","0","0","1","0","0","Y","133","1","1","0","0","0","0","0","2","0","1","0","0","0","7","07","","N","","","","","","","","","",""
"2020036330","2350","2","0","0","0","0","0","0","0","0","1","0","","67","1","2020","5","39.958981","-75.151961","2346","6","0","0","0","0","0","0","0","0","","0","0","0","22","3","1","N","0","2","39 57:32.330","2","0","75 09:07.060","3","0","0","0","67301","0","0","0","N","0","0","0","1","67301","0","","6.0","135.0","1","N","N","Y","0","","1","0","0","0","0","Y","2230","2","1","1","0","0","0","0","2","0","2","0","0","0","3","03","","N","","","","","","","","","",""
"2020017227","1515","0","0","0","0","0","0","0","0","0","1","0","","67","1","2020","5","40.026408","-75.027846","1501","6","0","0","0","0","0","2","0","0","","0","0","0","15","1","1","N","6","0","40 01:35.067","","2","75 01:40.247","3","0","0","0","67301","0","0","0","N","0","0","0","2","68K01","0","","1.0","","1","N","N","N","1","","1","0","1","0","0","","1500","2","1","1","0","0","0","0","2","0","2","0","0","0","3","03","","N","","","","","","","","","",""
"2020028991","2234","1","0","0","0","0","0","0","0","0","8","0","","67","3","2020","2","40.034653","-75.071534","2211","6","0","0","0","0","0","0","0","0","","1","0","0","22","3","0","N","0","1","40 02:04.749","5","0","75 04:17.523","1","0","0","0","67301","1","1","0","N","1","1","0","3","67301","0","2","1.0","8.0","1","N","N","N","0","0","0","0","0","0","0","Y","2204","2","0","0","0","0","0","0","2","0","1","1","1","0","3","03","","N","","","","","","","","","",""
"2020024126","0830","2","0","0","0","0","0","0","0","0","2","0","","67","3","2020","4","40.025013","-75.033083","0819","6","0","0","0","0","0","0","0","0","","0","0","0","8","1","1","","1","0","40 01:30.046","","0","75 01:59.097","3","0","0","0","67301","0","0","0","N","0","0","0","1","67301","0","","1.0","","1","N","N","N","0","","1","0","0","0","0","","819","2","1","0","0","0","0","0","2","0","2","0","0","0","3","03","","N","","","","","","","","","",""