"CRN","ARRIVAL_TM","AUTOMOBILE_COUNT","BELTED_DEATH_COUNT","BELTED_SUSP_SERIOUS_INJ_COUNT","BICYCLE_COUNT","BICYCLE_DEATH_COUNT","BICYCLE_SUSP_SERIOUS_INJ_COUNT","BUS_COUNT","CHLDPAS_DEATH_COUNT","CHLDPAS_SUSP_SERIOUS_INJ_COUNT","COLLISION_TYPE","COMM_VEH_COUNT","CONS_ZONE_SPD_LIM","COUNTY","CRASH_MONTH","CRASH_YEAR","DAY_OF_WEEK","DEC_LATITUDE","DEC_LONGITUDE","DISPATCH_TM","DISTRICT","DRIVER_COUNT_16YR","DRIVER_COUNT_17YR","DRIVER_COUNT_18YR","DRIVER_COUNT_19YR","DRIVER_COUNT_20YR","DRIVER_COUNT_50_64YR","DRIVER_COUNT_65_74YR","DRIVER_COUNT_75PLUS","EST_HRS_CLOSED","FATAL_COUNT","HEAVY_TRUCK_COUNT","HORSE_BUGGY_COUNT","HOUR_OF_DAY","ILLUMINATION","INJURY_COUNT","INTERSECTION_RELATED","INTERSECT_TYPE","LANE_CLOSED","LATITUDE","LN_CLOSE_DIR","LOCATION_TYPE","LONGITUDE","MAX_SEVERITY_LEVEL","MCYCLE_DEATH_COUNT","MCYCLE_SUSP_SERIOUS_INJ_COUNT","MOTORCYCLE_COUNT","MUNICIPALITY","NONMOTR_COUNT","NONMOTR_DEATH_COUNT","NONMOTR_SUSP_SERIOUS_INJ_COUNT","NTFY_HIWY_MAINT","PED_COUNT","PED_DEATH_COUNT","PED_SUSP_SERIOUS_INJ_COUNT","PERSON_COUNT","POLICE_AGCY","POSSIBLE_INJ_COUNT","RDWY_SURF_TYPE_CD","RELATION_TO_ROAD","ROADWAY_CLEARED","ROAD_CONDITION","SCH_BUS_IND","SCH_ZONE_IND","SECONDARY_CRASH","SMALL_TRUCK_COUNT","SPEC_JURIS_CD","SUSP_MINOR_INJ_COUNT","SUSP_SERIOUS_INJ_COUNT","SUV_COUNT","TCD_FUNC_CD","TCD_TYPE","TFC_DETOUR_IND","TIME_OF_DAY","TOTAL_UNITS","TOT_INJ_COUNT","UNBELTED_OCC_COUNT","UNB_DEATH_COUNT","UNB_SUSP_SERIOUS_INJ_COUNT","UNK_INJ_DEG_COUNT","UNK_INJ_PER_COUNT","URBAN_RURAL","VAN_COUNT","VEHICLE_COUNT","VULNERABLE_ROAD_USER_COUNT","VULNERABLE_ROAD_USER_DEATH_COUNT","VULNERABLE_ROAD_USER_SER_INJ_COUNT","WEATHER1","WEATHER2","WORKERS_PRES","WORK_ZONE_IND","WORK_ZONE_LOC","WORK_ZONE_TYPE","WZ_CLOSE_DETOUR","WZ_FLAGGER","WZ_LAW_OFFCR_IND","WZ_LN_CLOSURE","WZ_MOVING","WZ_OTHER","WZ_SHLDER_MDN","WZ_WORKERS_INJ_KILLED"
"2020031707","1018","1","0","0","0","0","0","0","0","0","1","1","","67","4","2020","4","40.059851","-75.15013","1016","6","0","0","0","0","0","1","0","0","","0","1","0","10","1","0","","1","0","40 03:35.463","","0","75 09:00.467","0","0","0","0","67301","0","0","0","N","0","0","0","2","67301","0","","1.0","","1","N","N","N","0","","0","0","0","3","2","","1010","2","0","0","0","0","0","0","2","0","2","0","0","0","3","03","","N","","","","","","","","","",""
"2020020111","2004","3","0","0","0","0","0","0","0","0","4","0","","67","2","2020","1","40.039774","-75.032511","2004","6","0","0","0","0","1","0","0","0","","0","0","0","19","3","1","","1","1","40 02:23.185","1","0","75 01:57.038","4","0","0","0","67301","0","0","0","N","0","0","0","3","67301","1","","1.0","2123.0","1","N","N","N","0","","0","0","0","0","0","N","1959","3","1","0","0","0","0","0","2","0","3","0","0","0","3","","","N","","","","","","","","","",""
"2020020307","1933","1","0","0","0","0","0","0","0","0","2","0","","67","2","2020","6","40.087781","-75.035004","1933","6","0","0","0","0","0","0","0","0","","0","0","0","19","3","0","N","0","1","40 05:16.012","5","7","75 02:06.013","0","0","0","0","67301","0","0","0","N","0","0","0","3","67301","0","","1.0","1940.0","1","N","N","N","0","","0","0","1","0","0","N","1933","2","0","0","0","0","0","0","2","0","2","0","0","0","3","03","","N","","","","","","","","","",""
"2020019672","1835","1","0","0","0","0","0","0","0","0","5","0","","67","2","2020","5","39.999528","-75.166711","1825","6","0","0","0","0","0","0","0","0","","0","0","0","17","3","1","N","0","1","39 59:58.300","2","0","75 10:00.160","3","0","0","0","67301","0","0","0","N","0","0","0","4","67301","0","","6.0","45.0","1","N","N","N","0","","1","0","1","0","0","Y","1758","2","1","0","0","0","0","0","2","0","2","0","0","0","3","03","","N","","","","","","","","","",""
"2020033087","1213","1","0","0","0","0","0","0","0","0","7","0","","67","4","2020","4","39.988394","-75.195286","1211","6","0","0","0","0","0","1","0","0","","0","0","0","12","1","1","N","0","0","39 59:18.220","","0","75 11:43.030","3","0","0","0","67301","0","0","0","N","0","0","0","1","67301","0","","5.0","","1","N","N","N","0","","1","0","0","0","0","","1211","1","1","1","0","0","0","0","2","0","1","0","0","0","3","03","","N","","","","","","","","","",""
"2020031680","2015","0","0","0","0","0","0","0","0","0","7","0","","67","3","2020","1","40.027735","-75.10958","2004","6","0","0","0","0","0","0","0","0","","1","0","0","19","3","0","N","0","0","40 01:39.846","","0","75 06:34.487","1","0","0","0","67301","0","0","0","N","0","0","0","1","67301","0","2","4.0","","1","N","N","N","0","0","0","0","1","0","0","","1954","1","0","1","1","0","0","0","2","0","1","0","0","0","3","03","","N","","","","","","","","","",""
"2020020189","0747","0","0","0","0","0","0","0","0","0","8","0","","67","2","2020","1","39.954593","-75.225995","0747","6","0","0","0","0","0","0","0","0","","0","0","0","7","1","1","","1","0","39 57:16.533","","0","75 13:33.583","3","0","0","0","67301","1","0","0","N","1","0","0","1","67301","0","","1.0","","1","N","N","N","0","","1","0","0","3","2","","745","2","1","0","0","0","0","0","2","0","1","1","0","0","3","03","","N","","","","","","","","","",""
"2020020964","1940","2","0","0","0","0","0","0","0","0","1","0","","67","1","2020","7","39.958977","-75.171663","1932","6","0","0","0","0","0","0","0","0","","0","0","0","19","3","1","N","0","0","39 57:32.317","","0","75 10:17.987","4","0","0","0","67301","0","0","0","N","0","0","0","3","68K01","1","","1.0","","1","N","N","N","0","","0","0","1","0","0","","1929","3","1","0","0","0","0","0","2","0","3","0","0","0","3","","","N","","","","","","","","","",""
"2020025694","0841","1","0","0","0","0","0","0","0","0","1","0","","67","3","2020","6","39.943191","-75.142794","0823","6","0","0","0","0","0","0","0","0","","0","0","0","8","1","2","N","0","1","39 56:35.487","1","0","75 08:34.057","3","0","0","0","67301","0","0","0","N","0","0","0","3","68K01","1","","1.0","45.0","1","N","N","N","1","","1","0","1","0","0","N","821","3","2","0","0","0","0","0","2","0","3","0","0","0","3","03","","N","","","","","","","","","",""
"2020020362","2355","1","0","0","0","0","0","0","0","0","5","0","","67","2","2020","7","39.958333","-75.141198","2341","6","0","0","0","0","0","0","0","0","","0","0","0","23","3","0","N","0","0","39 57:29.998","","0","75 08:28.313","0","0","0","0","67301","0","0","0","N","0","0","0","2","68K01","0","","2.0","","1","N","N","N","0","","0","0","1","0","0","","2325","2","0","0","0","0","0","0","2","0","2","0","0","0","3","03","","N","","","","","","","","","",""
"2020015605","0040","1","0","0","0","0","0","0","0","0","4","1","","67","2","2020","6","39.944285","-75.216679","0040","6","0","0","0","0","0","0","0","0","","0","1","0","0","3","0","","2","0","39 56:39.426","","0","75 13:00.044","9","0","0","0","67301","0","0","0","N","0","0","0","2","67301","0","","1.0","","9","N","N","N","0","","0","0","0","0","0","","36","2","0","0","0","0","0","1","2","0","2","0","0","0","7","","","N","","","","","","","","","",""
"2020034260","1042","0","0","0","0","0","0","0","0","0","5","1","","67","4","2020","2","40.006764","-75.199053","1042","6","0","0","0","0","0","0","0","0","","0","1","0","10","1","0","N","0","0","40 00:24.350","","0","75 11:56.591","0","0","0","0","67301","0","0","0","N","0","0","0","2","68K01","0","","1.0","","9","N","N","N","0","","0","0","1","0","0","","1040","2","0","0","0","0","0","0","2","0","2","0","0","0","7","","","N","","","","","","","","","",""
"2020019671","1140","1","0","0","0","0","0","0","0","0","6","0","","67","2","2020","6","40.023326","-75.150911","1135","6","0","0","0","0","0","0","1","0","","0","0","0","11","1","1","","2","0","40 01:23.975","","0","75 09:03.279","3","0","0","0","67301","0","0","0","N","0","0","0","4","67301","0","","1.0","","1","N","N","N","0","","1","0","1","3","3","","1130","2","1","0","0","0","0","0","2","0","2","0","0","0","3","","","N","","","","","","","","","",""
"2020019709","1110","1","0","0","0","0","0","0","0","0","5","1","","67","1","2020","2","39.967462","-75.189238","1107","6","0","0","0","0","0","0","1","0","","0","1","0","11","1","0","N","0","2","39 58:02.862","3","0","75 11:21.257","0","0","0","0","67301","0","0","0","N","0","0","0","4","68K01","0","","1.0","1215.0","1","N","N","N","0","","0","0","1","0","0","N","1107","3","0","0","0","0","0","0","2","0","3","0","0","0","3","","","N","","","","","","","","","",""
"2020018393","2228","0","0","0","0","0","0","0","0","0","8","0","","67","1","2020","2","39.997872","-75.153734","2224","6","0","0","0","0","0","0","0","0","","1","0","0","22","3","0","N","0","0","39 59:52.340","","1","75 09:13.444","1","0","0","0","67301","1","1","0","N","1","1","0","2","67301","0","2","1.0","","1","N","N","N","0","0","0","0","1","0","0","","2212","2","0","0","0","0","0","1","2","0","1","1","1","0","3","03","","N","","","","","","","","","",""
"2020019650","0902","2","0","0","0","0","0","0","0","0","4","0","","67","2","2020","7","39.984711","-75.161527","0900","6","0","0","0","0","0","0","0","0","","0","0","0","8","1","1","","1","0","39 59:04.959","","0","75 09:41.497","8","0","0","0","67301","0","0","0","N","0","0","0","2","67505","0","","1.0","","1","N","N","Y","0","","0","0","1","3","3","","857","3","1","0","0","0","1","1","2","0","3","0","0","0","3","03","","N","","","","","","","","","",""
"2020037638","0350","0","0","0","0","0","0","0","0","0","6","1","","67","4","2020","2","40.023846","-75.031028","0343","6","0","0","0","0","0","1","0","1","","0","1","0","3","3","1","N","0","1","40 01:25.845","1","8","75 01:51.700","8","0","0","0","67301","0","0","0","N","0","0","0","2","68K01","0","","1.0","600.0","9","N","N","N","1","","0","0","0","0","0","N","340","2","1","0","0","0","1","0","2","0","2","0","0","0","3","03","","N","","","","","","","","","",""
"2020014792","2159","1","0","0","0","0","0","0","0","0","7","0","","67","1","2020","7","40.03139","-75.084857","2155","6","0","0","0","0","0","0","0","0","","0","0","0","21","3","1","","1","0","40 01:53.003","","0","75 05:05.484","3","0","0","0","67301","0","0","0","N","0","0","0","2","67301","0","","3.0","","1","N","N","N","0","","1","0","0","3","2","","2155","1","1","1","0","0","0","0","2","0","1","0","0","0","3","","","N","","","","","","","","","",""
"2020031503","1210","1","0","0","0","0","0","0","0","0","1","1","","67","3","2020","1","39.990534","-75.086898","1204","6","0","0","0","0","0","1","0","0","","0","1","0","12","1","1","N","0","0","39 59:25.921","","0","75 05:12.833","3","0","0","0","67301","0","0","0","N","0","0","0","2","68K01","0","","1.0","","1","N","N","N","0","","1","0","0","0","0","","1201","2","1","0","0","0","0","0","2","0","2","0","0","0","3","","","N","","","","","","","","","",""
"2020019627","0530","1","0","0","0","0","0","0","0","0","1","1","","67","2","2020","6","39.900689","-75.193844","0515","6","0","0","0","0","0","2","0","0","","0","1","0","5","3","0","N","0","1","39 54:02.480","4","0","75 11:37.840","0","0","0","0","67301","0","0","0","N","0","0","0","3","67301","0","","1.0","40.0","1","N","N","N","0","","0","0","1","0","0","N","500","3","0","0","0","0","0","0","2","0","3","0","0","0","3","03","","N","","","","","","","","","",""
"2020021886","1515","0","0","0","0","0","0","0","0","0","4","0","","67","2","2020","6","40.02744","-75.062499","1511","6","0","0","0","0","0","0","0","0","","0","0","0","14","1","1","","1","0","40 01:38.783","","0","75 03:44.998","3","0","0","0","67301","0","0","0","N","0","0","0","2","67301","0","","1.0","","1","N","N","N","0","","1","0","1","3","2","","1453","2","1","1","0","0","0","0","2","0","2","0","0","0","3","03","","N","","","","","","","","","",""
"2020039118","2242","1","0","0","0","0","0","0","0","0","5","0","","67","5","2020","5","39.907833","-75.149359","2242","6","0","0","0","0","0","1","0","0","","0","0","0","22","3","3","N","0","2","39 54:28.198","1","0","75 08:57.694","3","0","0","0","67301","0","0","0","N","0","0","0","4","68K01","0","","1.0","30.0","1","N","N","N","0","","3","0","1","0","0","N","2242","2","3","0","0","0","0","0","2","0","2","0","0","0","3","03","","N","","","","","","","","","",""
"2020025890","0100","1","0","0","0","0","0","0","0","0","4","0","","67","3","2020","3","39.916117","-75.155211","0058","6","0","0","0","0","0","0","0","0","","0","0","0","0","3","0","N","0","0","39 54:58.020","","0","75 09:18.760","0","0","0","0","67301","0","0","0","N","0","0","0","0","67301","0","","6.0","","1","N","N","N","0","","0","0","2","0","0","","56","3","0","0","0","0","0","0","2","0","3","0","0","0","3","","","N","","","","","","","","","",""
"2020024414","1704","1","0","0","0","0","0","0","0","0","7","0","","67","3","2020","7","40.020284","-75.080378","1704","6","0","0","0","0","0","0","0","0","","0","0","0","17","1","1","","1","1","40 01:13.023","1","0","75 04:49.359","3","0","0","0","67301","0","0","0","N","0","0","0","1","67301","0","","3.0","1745.0","1","N","N","N","0","","1","0","0","3","2","Y","1702","1","1","1","0","0","0","0","2","0","1","0","0","0","3","03","","N","","","","","","","","","",""
"2020020929","1518","1","0","0","0","0","0","0","0","0","98","0","","67","2","2020","3","39.934172","-75.226653","1514","6","0","0","0","0","0","0","0","0","","0","0","0","14","1","1","N","0","0","39 56:03.020","","0","75 13:35.950","4","0","0","0","67301","0","0","0","N","0","0","0","1","67301","1","","2.0","","9","N","N","N","0","","0","0","0","0","0","","1446","1","1","0","0","0","0","0","2","0","1","0","0","0","7","04","","N","","","","","","","","","",""
"2020031951","2008","0","0","0","0","0","0","0","0","0","8","0","","67","4","2020","4","40.066128","-75.063046","2002","6","0","0","0","0","0","1","0","0","","0","0","0","20","3","1","","1","0","40 03:58.061","","0","75 03:46.964","3","0","0","0","67301","1","0","0","N","1","0","0","2","67301","0","","1.0","","9","N","N","N","0","","1","0","1","9","2","","2002","2","1","1","0","0","0","0","2","0","1","1","0","0","7","07","","N","","","","","","","","","",""
"2020029671","1438","1","0","0","0","0","0","0","0","0","4","0","","67","3","2020","2","39.985578","-75.213064","1438","6","0","0","0","0","0","1","0","0","","0","0","0","14","1","2","N","0","2","39 59:08.080","3","0","75 12:47.030","8","0","0","0","67301","0","0","0","N","0","0","0","2","68K01","0","","1.0","1515.0","9","N","N","N","1","","0","0","0","0","0","Y","1438","2","2","0","0","0","2","0","2","0","2","0","0","0","7","","","N","","","","","","","","","",""
"2020031550","0745","1","0","0","0","0","0","0","0","0","4","0","","67","4","2020","7","40.014109","-75.157821","0739","6","0","0","0","0","0","0","0","0","","0","0","0","7","1","1","N","0","0","40 00:50.792","","0","75 09:28.154","3","0","0","0","67301","0","0","0","N","0","0","0","1","67301","0","","4.0","","1","N","N","N","1","","1","0","0","0","0","","730","2","1","0","0","0","0","0","2","0","2","0","0","0","4","","","N","","","","","","","","","",""
"2020024255","1405","2","0","0","0","0","0","0","0","0","2","0","","67","3","2020","6","40.086857","-74.971971","1401","6","0","0","0","0","0","1","0","0","","0","0","0","14","1","1","","1","1","40 05:12.685","1","0","74 58:19.097","3","0","0","0","67301","0","0","0","N","0","0","0","2","67301","0","","1.0","1535.0","9","N","N","N","0","","1","0","0","3","2","N","1400","2","1","0","0","0","0","0","2","0","2","0","0","0","7","04","","N","","","","","","","","","",""
"2020020341","2325","1","0","0","0","0","0","0","0","0","7","0","","67","1","2020","6","39.994768","-75.083973","2310","6","0","0","0","0","0","0","0","0","","0","0","0","23","3","1","N","0","1","39 59:41.165","2","0","75 05:02.302","3","0","0","0","67301","0","0","0","N","0","0","0","1","68K01","0","","4.0","1145.0","1","N","N","N","0","","1","0","0","0","0","N","2307","1","1","1","0","0","0","0","2","0","1","0","0","0","3","03","","N","","","","","","","","","",""
"2020030029","0150","1","0","0","0","0","0","0","0","0","5","1","","67","3","2020","7","39.977526","-75.200933","0139","6","0","0","0","0","0","0","0","0","","0","1","0","1","3","2","N","0","0","39 58:39.094","","0","75 12:03.357","3","0","0","0","67301","0","0","0","N","0","0","0","3","68K01","0","","1.0","","1","N","N","N","0","","2","0","0","0","0","","139","2","2","0","0","0","0","0","2","0","2","0","0","0","3","","","N","","","","","","","","","",""
"2020025650","1229","0","0","0","0","0","0","0","0","0","4","0","","67","1","2020","7","39.981627","-75.102125","1215","6","0","0","0","0","0","0","0","0","","0","0","0","12","1","1","N","0","1","39 58:53.857","2","0","75 06:07.649","4","0","0","0","67301","0","0","0","N","0","0","0","2","68K01","1","","1.0","1240.0","9","N","N","N","1","","0","0","1","0","0","N","1213","2","1","0","0","0","0","0","2","0","2","0","0","0","7","07","","N","","","","","","","","","",""
"2020025310","2016","0","0","0","0","0","0","0","0","0","4","0","","67","3","2020","2","40.041363","-75.028255","2008","6","0","0","0","0","0","1","0","0","","0","0","0","20","3","0","","1","0","40 02:28.908","","0","75 01:41.719","0","0","0","0","67301","0","0","0","N","0","0","0","2","67301","0","","1.0","","1","N","N","N","0","","0","0","2","3","2","","2006","2","0","0","0","0","0","0","2","0","2","0","0","0","3","","","N","","","","","","","","","",""
"2020020312","1807","1","0","0","0","0","0","0","0","0","1","0","","67","2","2020","1","40.027863","-75.172189","1754","6","0","0","0","0","0","0","0","0","","0","0","0","14","1","1","N","0","0","40 01:40.306","","0","75 10:19.880","2","0","0","0","67301","0","0","0","N","0","0","0","2","67301","0","","2.0","","1","N","N","N","0","","0","1","0","0","0","","1400","2","1","0","0","0","0","0","2","0","2","0","0","0","3","","","N","","","","","","","","","",""
"2020020212","1749","2","0","0","0","0","0","0","0","0","1","0","","67","2","2020","1","39.958468","-75.167521","1744","6","0","0","0","0","0","0","0","0","","0","0","0","17","3","2","N","0","1","39 57:30.483","3","1","75 10:03.074","3","0","0","0","67301","0","0","0","N","0","0","0","3","68K01","0","","1.0","10.0","1","N","N","N","0","","2","0","0","0","0","N","1740","2","2","0","0","0","0","0","2","0","2","0","0","0","98","04","","N","","","","","","","","","",""
"2020031281","0255","1","0","0","0","0","0","0","0","0","5","1","","67","4","2020","2","39.978924","-75.095653","0255","6","0","0","0","0","0","0","0","0","","0","1","0","2","3","0","N","0","0","39 58:44.126","","0","75 05:44.349","9","0","0","0","67301","0","0","0","N","0","0","0","1","67301","0","","6.0","","9","N","N","N","0","","0","0","0","0","0","","235","2","0","0","0","0","0","1","2","0","2","0","0","0","7","","","N","","","","","","","","","",""
"2020020866","1115","1","0","0","0","0","0","0","0","0","2","0","","67","2","2020","3","40.077992","-75.023685","1105","6","0","0","0","0","0","0","0","0","","0","0","0","11","1","1","","2","0","40 04:40.772","","0","75 01:25.266","3","0","0","0","67301","0","0","0","N","0","0","0","2","67301","0","","1.0","","9","N","N","N","0","","1","0","0","3","2","","1100","2","1","0","0","0","0","1","2","0","2","0","0","0","7","04","","N","","","","","","","","","",""
"2020038675","2158","0","0","0","0","0","0","0","0","0","8","0","","67","4","2020","3","39.958192","-75.150925","2153","6","0","0","0","0","0","0","0","0","","1","0","0","21","3","0","N","0","0","39 57:29.490","","0","75 09:03.330","1","0","0","0","67301","1","1","0","N","1","1","0","2","67301","0","2","1.0","","1","N","N","N","0","9","0","0","0","0","0","","2153","2","0","0","0","0","0","1","2","0","1","1","1","0","3","03","","N","","","","","","","","","",""
"2020037328","0542","0","0","0","0","0","0","0","0","0","5","1","","67","5","2020","6","39.908861","-75.150889","0539","6","0","0","0","0","0","1","0","0","","0","1","0","5","5","0","N","0","2","39 54:31.900","3","3","75 09:03.200","0","0","0","0","67301","0","0","0","N","0","0","0","2","67501","0","","1.0","622.0","1","N","N","Y","0","","0","0","1","0","0","N","539","2","0","0","0","0","0","0","2","0","2","0","0","0","3","03","","N","","","","","","","","","",""
"2020038565","1656","2","0","0","0","0","0","0","0","0","4","0","","67","5","2020","4","40.018007","-75.0474","1643","6","0","0","0","0","0","0","0","0","","0","0","0","16","1","0","N","0","1","40 01:04.824","4","0","75 02:50.641","0","0","0","0","67301","0","0","0","N","0","0","0","2","67301","0","","1.0","1733.0","1","N","N","Y","0","","0","0","0","0","0","N","1643","2","0","0","0","0","0","0","2","0","2","0","0","0","3","","","N","","","","","","","","","",""
"2020024189","0855","0","0","0","0","0","0","1","0","0","1","1","","67","1","2020","2","40.031392","-75.152378","0855","6","0","0","0","0","0","1","0","0","","0","0","0","7","5","1","","1","0","40 01:53.011","","0","75 09:08.560","3","0","0","0","67301","0","0","0","N","0","0","0","2","67301","0","","1.0","","1","Y","N","N","0","","1","0","1","3","2","","730","2","1","1","0","0","0","0","2","0","2","0","0","0","3","03","","N","","","","","","","","","",""
"2020024127","1202","2","0","0","0","0","0","0","0","0","1","0","","67","3","2020","4","40.04","-75.044573","1200","6","0","0","0","0","0","0","0","0","","0","0","0","11","1","1","","3","0","40 02:24.000","","0","75 02:40.461","3","0","0","0","67301","0","0","0","N","0","0","0","1","67301","0","","1.0","","1","N","N","N","0","","1","0","0","0","0","","1110","2","1","0","0","0","0","0","2","0","2","0","0","0","3","03","","N","","","","","","","","","",""
"2020025275","1805","4","0","0","0","0","0","0","0","0","5","0","","67","3","2020","3","40.056608","-75.075556","1805","6","0","0","0","0","0","0","0","0","","0","0","0","18","1","0","N","0","1","40 03:23.788","3","0","75 04:32.001","0","0","0","0","67301","0","0","0","N","0","0","0","2","67301","0","","1.0","1930.0","1","N","N","N","0","","0","0","0","0","0","N","1805","4","0","0","0","0","0","0","2","0","4","0","0","0","3","","","N","","","","","","","","","",""
"2020013953","1625","1","0","0","0","0","0","0","0","0","8","0","","67","2","2020","3","40.002739","-75.129458","1620","6","0","0","0","0","0","0","0","0","","0","0","0","8","1","1","N","0","0","40 00:09.860","","0","75 07:46.050","3","0","0","0","67301","1","0","0","N","1","0","0","1","67301","0","","1.0","","1","N","Y","N","0","","1","0","0","9","9","","840","2","1","0","0","0","0","0","2","0","1","1","0","0","3","03","","N","","","","","","","","","",""
"2020030710","1452","1","0","0","0","0","0","0","0","0","7","1","","67","4","2020","4","39.955467","-75.14808","1452","6","0","0","0","0","0","1","0","0","","0","1","0","14","1","0","N","0","1","39 57:19.680","4","2","75 08:53.089","0","0","0","0","67301","0","0","0","N","0","0","0","6","67501","0","","4.0","1530.0","1","N","N","N","0","","0","0","0","0","0","N","1452","2","0","0","0","0","0","0","2","0","2","0","0","0","4","","","N","","","","","","","","","",""
"2020013104","1527","1","0","0","0","0","0","0","0","0","8","0","","67","1","2020","6","40.085464","-74.975825","1518","6","0","0","0","0","0","0","0","0","","0","0","0","15","1","1","N","0","0","40 05:07.670","","0","74 58:32.970","8","0","0","0","67301","1","0","0","N","1","0","0","1","67301","0","","9.0","","1","N","N","N","0","","0","0","0","0","0","","1507","2","1","0","0","0","1","0","2","0","1","1","0","0","3","03","","N","","","","","","","","","",""
"2020014221","1842","1","0","0","0","0","0","0","0","0","2","0","","67","1","2020","6","40.020924","-75.148591","1831","6","0","0","0","0","0","2","0","0","","0","0","0","18","3","1","N","2","0","40 01:15.326","","0","75 08:54.927","3","0","0","0","67301","0","0","0","N","0","0","0","4","67301","0","","1.0","","9","N","N","N","0","","1","0","1","0","0","","1803","2","1","0","0","0","0","0","2","0","2","0","0","0","7","07","","N","","","","","","","","","",""
"2020032325","2044","0","0","0","0","0","0","0","0","0","5","0","","67","3","2020","2","39.959913","-75.179103","2034","6","0","0","0","0","0","0","0","0","","0","0","0","20","3","2","N","0","2","39 57:35.688","3","0","75 10:44.771","4","0","0","0","67301","0","0","0","N","0","0","0","5","68K01","2","","1.0","2115.0","9","N","N","N","0","","0","0","0","0","0","N","2033","2","2","0","0","0","0","0","2","2","2","0","0","0","3","03","","N","","","","","","","","","",""
"2020039998","1727","1","0","0","0","0","0","0","0","0","2","0","","67","5","2020","2","40.02045","-75.215978","1725","6","0","0","0","0","0","0","0","0","","0","0","0","17","1","1","N","0","2","40 01:13.620","5","7","75 12:57.520","3","0","0","1","67301","0","0","0","N","0","0","0","2","67301","0","","1.0","30.0","1","N","N","N","0","","1","0","0","9","9","Y","1715","2","1","0","0","0","0","0","2","0","2","0","0","0","3","03","","N","","","","","","","","","",""
"2020025573","0146","0","0","0","0","0","0","0","0","0","8","0","","67","3","2020","7","40.033603","-75.139539","0143","6","0","0","0","0","0","0","0","0","","0","0","0","1","3","1","N","0","0","40 02:00.970","","0","75 08:22.340","3","0","0","0","67301","1","0","0","N","1","0","0","2","67301","0","","1.0","","9","N","N","N","0","","1","0","1","0","0","","142","2","1","0","0","0","0","0","2","0","1","1","0","0","7","03","","N","","","","","","","","","",""
"2020032231","1244","1","0","0","0","0","0","0","0","0","7","0","","67","3","2020","7","40.012608","-75.059145","1238","6","0","0","0","0","0","0","0","0","","0","0","0","12","1","0","N","0","1","40 00:45.388","2","0","75 03:32.921","0","0","0","0","67301","0","0","0","N","0","0","0","1","68K01","0","","2.0","15.0","9","N","N","N","0","","0","0","0","0","0","N","1238","1","0","0","0","0","0","0","2","0","1","0","0","0","7","07","","N","","","","","","","","","",""
"2020015083","1741","2","0","0","0","0","0","0","0","0","4","0","","67","2","2020","6","39.922719","-75.238402","1741","6","0","0","0","0","0","0","0","0","","0","0","0","17","4","1","","1","1","39 55:21.788","6","0","75 14:18.247","3","0","0","0","67301","0","0","0","N","0","0","0","5","67301","0","","1.0","1900.0","1","N","N","N","0","","1","0","0","3","1","N","1741","2","1","3","0","0","0","0","2","0","2","0","0","0","3","03","","N","","","","","","","","","",""
"2020025055","0710","2","0","0","0","0","0","0","0","0","2","0","","67","3","2020","6","39.894555","-75.229568","0702","6","0","0","0","0","0","0","0","0","","0","0","0","6","1","0","","2","1","39 53:40.398","2","0","75 13:46.445","0","0","0","0","67301","0","0","0","N","0","0","0","2","67301","0","","1.0","100.0","4","N","N","N","0","","0","0","0","2","2","Y","659","2","0","0","0","0","0","0","2","0","2","0","0","0","3","03","","N","","","","","","","","","",""
"2020037542","1522","0","0","0","0","0","0","0","0","0","7","0","","67","4","2020","1","39.980867","-75.206393","1522","6","0","0","0","0","0","0","0","0","","0","0","0","15","1","0","N","0","2","39 58:51.121","3","0","75 12:23.016","0","0","0","0","67301","0","0","0","N","0","0","0","1","68K01","0","","4.0","1535.0","9","N","N","N","0","","0","0","1","0","0","N","1522","1","0","0","0","0","0","0","2","0","1","0","0","0","7","","","N","","","","","","","","","",""
"2020032321","1623","0","0","0","0","0","0","0","0","0","7","1","","67","3","2020","2","40.033354","-75.020529","1623","6","0","0","0","0","0","1","0","0","","0","1","0","16","1","0","N","0","2","40 02:00.073","2","0","75 01:13.906","0","0","0","0","67301","0","0","0","N","0","0","0","1","68K01","0","","2.0","1702.0","9","N","N","N","0","","0","0","0","0","0","N","1606","1","0","0","0","0","0","0","2","0","1","0","0","0","7","","","N","","","","","","","","","",""
"2020020436","0521","0","0","0","0","0","0","0","0","0","5","0","","67","1","2020","6","40.036462","-75.014832","0510","6","0","0","0","0","0","0","0","0","","0","0","0","4","3","1","N","0","0","40 02:11.263","","0","75 00:53.394","8","0","0","0","67301","0","0","0","N","0","0","0","2","68K01","0","","1.0","","1","N","N","N","0","","0","0","0","0","0","","454","2","1","1","0","0","1","1","2","1","2","0","0","0","3","","","N","","","","","","","","","",""
"2020039204","0512","2","0","0","0","0","0","0","0","0","4","0","","67","5","2020","1","40.032556","-75.137372","0502","6","0","0","0","0","0","0","0","0","","0","0","0","5","5","0","N","0","0","40 01:57.200","","0","75 08:14.540","0","0","0","0","67301","0","0","0","N","0","0","0","1","67301","0","","1.0","","1","N","N","N","0","","0","0","0","0","0","","500","2","0","0","0","0","0","0","2","0","2","0","0","0","3","","","N","","","","","","","","","",""