"CRN","ARRIVAL_TM","AUTOMOBILE_COUNT","BELTED_DEATH_COUNT","BELTED_SUSP_SERIOUS_INJ_COUNT","BICYCLE_COUNT","BICYCLE_DEATH_COUNT","BICYCLE_SUSP_SERIOUS_INJ_COUNT","BUS_COUNT","CHLDPAS_DEATH_COUNT","CHLDPAS_SUSP_SERIOUS_INJ_COUNT","COLLISION_TYPE","COMM_VEH_COUNT","CONS_ZONE_SPD_LIM","COUNTY","CRASH_MONTH","CRASH_YEAR","DAY_OF_WEEK","DEC_LATITUDE","DEC_LONGITUDE","DISPATCH_TM","DISTRICT","DRIVER_COUNT_16YR","DRIVER_COUNT_17YR","DRIVER_COUNT_18YR","DRIVER_COUNT_19YR","DRIVER_COUNT_20YR","DRIVER_COUNT_50_64YR","DRIVER_COUNT_65_74YR","DRIVER_COUNT_75PLUS","EST_HRS_CLOSED","FATAL_COUNT","HEAVY_TRUCK_COUNT","HORSE_BUGGY_COUNT","HOUR_OF_DAY","ILLUMINATION","INJURY_COUNT","INTERSECTION_RELATED","INTERSECT_TYPE","LANE_CLOSED","LATITUDE","LN_CLOSE_DIR","LOCATION_TYPE","LONGITUDE","MAX_SEVERITY_LEVEL","MCYCLE_DEATH_COUNT","MCYCLE_SUSP_SERIOUS_INJ_COUNT","MOTORCYCLE_COUNT","MUNICIPALITY","NONMOTR_COUNT","NONMOTR_DEATH_COUNT","NONMOTR_SUSP_SERIOUS_INJ_COUNT","NTFY_HIWY_MAINT","PED_COUNT","PED_DEATH_COUNT","PED_SUSP_SERIOUS_INJ_COUNT","PERSON_COUNT","POLICE_AGCY","POSSIBLE_INJ_COUNT","RDWY_SURF_TYPE_CD","RELATION_TO_ROAD","ROADWAY_CLEARED","ROAD_CONDITION","SCH_BUS_IND","SCH_ZONE_IND","SECONDARY_CRASH","SMALL_TRUCK_COUNT","SPEC_JURIS_CD","SUSP_MINOR_INJ_COUNT","SUSP_SERIOUS_INJ_COUNT","SUV_COUNT","TCD_FUNC_CD","TCD_TYPE","TFC_DETOUR_IND","TIME_OF_DAY","TOTAL_UNITS","TOT_INJ_COUNT","UNBELTED_OCC_COUNT","UNB_DEATH_COUNT","UNB_SUSP_SERIOUS_INJ_COUNT","UNK_INJ_DEG_COUNT","UNK_INJ_PER_COUNT","URBAN_RURAL","VAN_COUNT","VEHICLE_COUNT","VULNERABLE_ROAD_USER_COUNT","VULNERABLE_ROAD_USER_DEATH_COUNT","VULNERABLE_ROAD_USER_SER_INJ_COUNT","WEATHER1","WEATHER2","WORKERS_PRES","WORK_ZONE_IND","WORK_ZONE_LOC","WORK_ZONE_TYPE","WZ_CLOSE_DETOUR","WZ_FLAGGER","WZ_LAW_OFFCR_IND","WZ_LN_CLOSURE","WZ_MOVING","WZ_OTHER","WZ_SHLDER_MDN","WZ_WORKERS_INJ_KILLED"
"2020020542","0137","1","0","0","0","0","0","0","0","0","5","0","","67","2","2020","1","39.913919","-75.235372","0134","6","0","0","0","0","0","0","0","0","","0","0","0","1","3","0","N","0","0","39 54:50.110","","0","75 14:07.340","0","0","0","0","67301","0","0","0","N","0","0","0","1","67301","0","","1.0","","1","N","N","N","0","","0","0","3","0","0","","134","4","0","0","0","0","0","0","2","0","4","0","0","0","3","03","","N","","","","","","","","","",""
"2020020228","0216","1","0","0","0","0","0","0","0","0","7","0","","67","2","2020","2","40.001796","-75.085997","0212","6","0","0","0","0","0","0","0","0","","0","0","0","2","3","0","N","0","0","40 00:06.466","","2","75 05:09.589","0","0","0","0","67301","0","0","0","N","0","0","0","2","68K01","0","","4.0","","1","N","N","N","0","","0","0","0","0","0","","208","1","0","0","0","0","0","0","2","0","1","0","0","0","3","03","","N","","","","","","","","","",""
"2020025511","0345","1","0","0","0","0","0","0","0","0","7","0","","67","3","2020","1","39.882699","-75.244981","0329","6","0","0","0","0","0","0","0","0","","0","0","0","3","3","2","N","0","0","39 52:57.717","","0","75 14:41.931","3","0","0","0","67301","0","0","0","Y","0","0","0","2","68K01","0","","4.0","","1","N","N","N","0","","2","0","0","0","0","","328","1","2","0","0","0","0","0","2","0","1","0","0","0","3","03","","N","","","","","","","","","",""
"2020012594","0710","1","0","0","0","0","0","0","0","0","1","0","","67","1","2020","4","39.979973","-75.205031","0655","6","0","0","0","0","0","0","0","0","","0","0","0","6","1","1","N","0","0","39 58:47.904","","0","75 12:18.113","8","0","0","0","67301","0","0","0","N","0","0","0","2","68K01","0","","1.0","","1","N","N","N","1","","0","0","0","0","0","","652","2","1","0","0","0","1","0","2","0","2","0","0","0","3","","","N","","","","","","","","","",""
"2020013767","0725","1","0","0","0","0","0","0","0","0","1","1","","67","1","2020","5","39.924111","-75.192613","0716","6","0","0","0","0","0","0","1","0","","0","1","0","7","1","1","N","1","2","39 55:26.801","3","8","75 11:33.405","8","0","0","0","67301","0","0","0","N","0","0","0","2","68K01","0","","1.0","800.0","1","N","N","N","0","","0","0","0","0","0","Y","716","2","1","0","0","0","1","0","2","0","2","0","0","0","3","03","","N","","","","","","","","","",""
"2020014795","1921","1","0","0","0","0","0","0","0","0","2","0","","67","1","2020","3","40.041591","-75.034075","1918","6","0","0","0","0","0","1","0","0","","0","1","0","19","3","1","","1","0","40 02:29.727","","0","75 02:02.669","3","0","0","0","67301","0","0","0","N","0","0","0","2","67301","0","","1.0","","9","N","N","N","0","","1","0","1","3","3","","1910","3","1","0","0","0","0","0","2","0","3","0","0","0","7","","","N","","","","","","","","","",""
"2020029949","1845","0","0","0","0","0","0","0","0","0","4","0","","67","3","2020","5","39.992547","-75.120606","1841","6","0","0","0","0","0","1","0","0","","0","0","0","18","1","1","N","0","0","39 59:33.170","","0","75 07:14.180","3","0","0","1","67301","0","0","0","N","0","0","0","2","67301","0","","1.0","","1","N","N","N","1","","1","0","0","0","0","","1840","2","1","0","0","0","0","0","2","0","2","0","0","0","3","03","","N","","","","","","","","","",""
"2020032330","0625","1","0","0","0","0","0","0","0","0","1","1","","67","4","2020","7","40.006372","-75.074392","0615","6","0","0","0","0","0","0","0","0","","0","1","0","6","1","0","N","0","0","40 00:22.940","","0","75 04:27.810","0","0","0","0","67301","0","0","0","N","0","0","0","4","68K01","0","","1.0","","1","N","N","N","0","","0","0","1","0","0","","615","4","0","0","0","0","0","0","2","1","4","0","0","0","3","03","","N","","","","","","","","","",""
"2020020352","0716","1","0","0","0","0","0","0","0","0","5","0","","67","2","2020","3","39.9569","-75.152958","0707","6","0","0","0","0","0","0","1","0","","0","0","0","7","1","0","N","0","0","39 57:24.839","","0","75 09:10.648","0","0","0","0","67301","0","0","0","N","0","0","0","3","68K01","0","","1.0","","9","N","N","N","0","","0","0","1","0","0","","703","2","0","0","0","0","0","0","2","0","2","0","0","0","7","","","N","","","","","","","","","",""
"2020020211","1903","1","0","0","0","0","0","0","0","0","7","0","","67","1","2020","6","39.959903","-75.140393","1858","6","0","0","0","0","0","0","0","0","","0","0","0","18","3","0","N","7","0","39 57:35.650","","2","75 08:25.416","0","0","0","0","67301","0","0","0","Y","0","0","0","2","68K01","0","","7.0","","9","N","N","N","0","","0","0","0","0","0","","1857","1","0","0","0","0","0","0","2","0","1","0","0","0","7","","","N","","","","","","","","","",""
"2020014540","1110","3","0","0","0","0","0","0","0","0","1","0","","67","1","2020","5","40.053414","-74.986613","1103","6","0","0","0","0","1","0","0","0","","0","0","0","10","1","0","N","0","0","40 03:12.292","","0","74 59:11.806","0","0","0","0","67301","0","0","0","N","0","0","0","3","68K01","0","","1.0","","1","N","N","N","0","","0","0","0","0","0","","1059","3","0","0","0","0","0","0","2","0","3","0","0","0","3","03","","N","","","","","","","","","",""
"2020030542","0839","0","0","0","0","0","0","0","0","0","1","2","","67","3","2020","5","39.979175","-75.118908","0837","6","0","0","0","0","0","1","0","0","","0","2","0","8","1","1","N","0","0","39 58:45.030","","0","75 07:08.070","4","0","0","0","67301","0","0","0","N","0","0","0","4","67301","1","","1.0","","1","N","N","N","0","","0","0","0","0","0","","832","2","1","0","0","0","0","0","2","0","2","0","0","0","3","03","","N","","","","","","","","","",""
"2020020243","1710","0","0","0","0","0","0","0","0","0","1","0","","67","2","2020","7","39.957124","-75.152046","1704","6","0","0","0","0","0","1","0","0","","0","0","0","16","1","1","N","0","0","39 57:25.648","","0","75 09:07.364","4","0","0","0","67301","0","0","0","N","0","0","0","2","68K01","1","","1.0","","1","N","N","N","1","","0","0","1","0","0","","1654","2","1","0","0","0","0","0","2","0","2","0","0","0","3","03","","N","","","","","","","","","",""
"2020012912","1940","1","0","0","0","0","0","0","0","0","7","0","","67","2","2020","7","40.051437","-75.050662","1936","6","1","0","0","0","0","0","0","0","","0","0","0","19","3","0","N","0","0","40 03:05.172","","0","75 03:02.383","0","0","0","0","67301","0","0","0","N","0","0","0","4","67301","0","","5.0","","9","N","N","N","0","","0","0","0","0","0","","1930","1","0","0","0","0","0","0","2","0","1","0","0","0","7","","","N","","","","","","","","","",""
"2020032622","1705","1","0","0","0","0","0","0","0","0","2","0","","67","4","2020","2","40.063644","-75.200177","1703","6","0","0","1","0","0","0","0","0","","0","0","0","16","1","0","","2","0","40 03:49.117","","0","75 12:00.637","0","0","0","0","67301","0","0","0","N","0","0","0","1","67301","0","","1.0","","9","N","N","N","0","","0","0","1","0","0","","1645","2","0","0","0","0","0","0","2","0","2","0","0","0","4","04","","N","","","","","","","","","",""
"2020037876","1752","1","0","0","0","0","0","0","0","0","0","0","","67","5","2020","7","39.909969","-75.154028","1752","6","0","0","0","0","0","0","0","0","","0","0","0","17","1","0","N","0","0","39 54:35.890","","5","75 09:14.500","0","0","0","0","67301","0","0","0","N","0","0","0","1","67501","0","","2.0","","1","N","N","N","0","","0","0","0","3","8","","1751","1","0","0","0","0","0","0","2","0","1","0","0","0","3","03","","N","","","","","","","","","",""
"2020030327","1637","1","0","0","0","0","0","0","0","0","1","0","","67","3","2020","2","39.9973","-75.111958","1635","6","0","0","0","0","0","0","1","0","","0","0","0","16","1","0","N","0","0","39 59:50.280","","0","75 06:43.050","0","0","0","0","67301","0","0","0","N","0","0","0","2","67301","0","","1.0","","9","N","N","N","0","","0","0","1","0","0","","1630","2","0","0","0","0","0","0","2","0","2","0","0","0","7","07","","N","","","","","","","","","",""
"2020032227","1050","0","0","0","0","0","0","0","0","0","1","0","","67","3","2020","2","39.961488","-75.182388","1044","6","0","0","0","0","0","0","0","0","","0","0","0","10","1","0","N","0","0","39 57:41.355","","0","75 10:56.597","0","0","0","0","67301","0","0","0","N","0","0","0","2","68K01","0","","1.0","","9","N","N","N","0","","0","0","2","0","0","","1039","2","0","0","0","0","0","0","2","0","2","0","0","0","7","04","","N","","","","","","","","","",""
"2020030011","0902","1","0","0","0","0","0","0","0","0","7","0","","67","3","2020","1","40.080281","-75.22375","0900","6","0","0","0","0","0","0","0","0","","0","0","0","8","1","1","N","0","2","40 04:49.010","6","0","75 13:25.500","4","0","0","0","67301","0","0","0","N","0","0","0","1","67301","1","","2.0","923.0","9","N","N","N","0","","0","0","0","0","0","Y","855","1","1","0","0","0","0","0","2","0","1","0","0","0","4","98","","N","","","","","","","","","",""
"2020039847","0757","1","0","0","0","0","0","0","0","0","2","1","","67","5","2020","6","39.886311","-75.212898","0750","6","0","0","0","0","0","0","0","0","","0","1","0","7","1","0","N","0","1","39 53:10.721","2","3","75 12:46.434","0","0","0","0","67301","0","0","0","N","0","0","0","2","68K01","0","","2.0","1000.0","1","N","N","Y","0","","0","0","0","0","0","N","745","2","0","0","0","0","0","0","2","0","2","0","0","0","3","04","","N","","","","","","","","","",""
"2020027057","1530","1","0","0","0","0","0","1","0","0","1","1","","67","3","2020","5","40.004675","-75.17691","1505","6","0","0","0","0","0","0","0","0","","0","0","0","99","1","1","","1","0","40 00:16.831","","0","75 10:36.876","8","0","0","0","67301","0","0","0","N","0","0","0","3","67508","0","","1.0","","1","N","N","N","0","","0","0","0","3","2","","9999","3","1","0","0","0","1","0","2","0","3","0","0","0","3","03","","N","","","","","","","","","",""
"2020013641","0902","1","0","0","0","0","0","0","0","0","4","0","","67","2","2020","3","39.989479","-75.156446","0850","6","0","0","0","0","0","0","0","0","","0","0","0","8","1","0","","1","0","39 59:22.124","","0","75 09:23.205","0","0","0","0","67301","0","0","0","N","0","0","0","2","67301","0","","1.0","","9","N","N","N","0","","0","0","0","3","3","","845","2","0","0","0","0","0","0","2","0","2","0","0","0","7","04","","N","","","","","","","","","",""
"2020032419","1443","1","0","0","0","0","0","0","0","0","4","0","","67","4","2020","5","39.972944","-75.237988","1435","6","0","0","0","0","0","0","0","0","","0","0","0","14","1","0","","1","0","39 58:22.598","","0","75 14:16.756","0","0","0","0","67301","0","0","0","N","0","0","0","2","67301","0","","1.0","","1","N","N","N","1","","0","0","0","3","2","","1420","2","0","0","0","0","0","0","2","0","2","0","0","0","3","03","","N","","","","","","","","","",""
"2020029907","1815","1","0","0","0","0","0","0","0","0","2","0","","67","3","2020","7","40.131656","-75.0122","1808","6","0","0","0","1","0","0","0","0","","0","0","0","18","1","0","","1","0","40 07:53.962","","0","75 00:43.919","9","0","0","0","67301","0","0","0","N","0","0","0","2","67301","0","","1.0","","9","N","N","N","1","","0","0","0","3","2","","1805","2","0","0","0","0","0","2","2","0","2","0","0","0","7","07","","N","","","","","","","","","",""
"2020031881","1456","2","0","0","0","0","0","0","0","0","5","0","","67","4","2020","6","40.048978","-75.062544","1456","6","0","0","0","0","0","0","0","0","","0","0","0","14","1","0","N","0","0","40 02:56.320","","0","75 03:45.160","0","0","0","0","67301","0","0","0","N","0","0","0","2","67301","0","","1.0","","1","N","N","N","0","","0","0","0","0","0","","1445","2","0","0","0","0","0","0","2","0","2","0","0","0","4","","","N","","","","","","","","","",""
"2020019042","0220","5","0","0","0","0","0","0","0","0","4","0","","67","2","2020","5","39.984086","-75.160053","0217","6","0","0","0","0","0","0","0","0","","0","0","0","2","2","3","","1","2","39 59:02.710","1","0","75 09:36.190","3","0","0","0","67301","0","0","0","N","0","0","0","4","67505","0","","1.0","300.0","1","N","N","N","0","","3","0","0","3","3","Y","215","5","3","1","0","0","0","0","2","0","5","0","0","0","3","03","","N","","","","","","","","","",""
"2020020342","0117","2","0","0","0","0","0","0","0","0","1","0","","67","1","2020","7","39.957132","-75.152019","0111","6","0","0","0","0","0","0","0","0","","1","0","0","1","3","2","N","0","2","39 57:25.674","3","0","75 09:07.268","1","0","0","0","67301","0","0","0","N","0","0","0","4","68K01","0","1","2.0","454.0","1","N","N","N","0","0","1","1","0","0","0","Y","111","2","2","3","1","1","0","1","2","0","2","0","0","0","3","","","N","","","","","","","","","",""
"2020014378","1300","1","0","0","0","0","0","0","0","0","5","0","","67","2","2020","5","40.021295","-75.051569","1254","6","0","0","0","0","0","1","0","0","","0","0","0","12","1","0","N","0","1","40 01:16.662","4","0","75 03:05.647","0","0","0","0","67301","0","0","0","N","0","0","0","2","67301","0","","1.0","1400.0","9","N","N","N","0","","0","0","1","0","0","N","1250","2","0","0","0","0","0","0","2","0","2","0","0","0","7","","","N","","","","","","","","","",""
"2020013295","0008","1","0","0","0","0","0","0","0","0","1","0","","67","1","2020","6","39.943234","-75.19289","0000","6","0","0","0","0","0","0","0","0","","0","0","0","23","3","1","N","6","0","39 56:35.641","","2","75 11:34.404","4","0","0","0","67301","0","0","0","N","0","0","0","4","68K01","1","","1.0","","9","N","N","N","0","","0","0","1","0","0","","2358","2","1","0","0","0","0","0","2","0","2","0","0","0","3","","","N","","","","","","","","","",""
"2020014607","0717","1","0","0","0","0","0","0","0","0","1","0","","67","1","2020","3","39.959556","-75.17628","0710","6","0","0","0","0","0","0","0","0","","0","0","0","7","1","1","N","0","0","39 57:34.403","","0","75 10:34.607","3","0","0","0","67301","0","0","0","N","0","0","0","4","68K01","0","","1.0","","1","N","N","N","0","","1","0","1","0","0","","707","2","1","0","0","0","0","0","2","0","2","0","0","0","3","","","N","","","","","","","","","",""
"2020032405","1330","1","0","0","0","0","0","0","0","0","7","0","","67","4","2020","4","40.007106","-75.094055","1325","6","0","0","0","0","0","0","0","0","","0","0","0","13","1","0","","1","0","40 00:25.582","","0","75 05:38.599","9","0","0","0","67301","0","0","0","N","0","0","0","1","67301","0","","5.0","","1","N","N","N","0","","0","0","0","3","2","","1324","1","0","0","0","0","0","1","2","0","1","0","0","0","3","03","","N","","","","","","","","","",""
"2020030821","1823","0","0","0","0","0","0","0","0","0","4","0","","67","4","2020","5","39.904061","-75.240291","1818","6","0","0","0","0","0","1","0","0","","0","0","0","18","1","1","","1","1","39 54:14.619","2","0","75 14:25.049","3","0","0","0","67301","0","0","0","N","0","0","0","2","67301","0","","1.0","2000.0","1","N","N","N","0","","1","0","2","9","2","N","1818","2","1","0","0","0","0","0","2","0","2","0","0","0","3","","","N","","","","","","","","","",""
"2020011784","1731","1","0","0","0","0","0","0","0","0","0","1","","67","1","2020","6","39.907","","1730","6","0","0","0","0","0","1","0","0","","0","1","0","17","4","1","Y","0","0","39 54:25.200","","3","75 08:22.70","3","0","0","0","67301","0","0","0","N","0","0","0","2","67501","0","","1.0","","1","N","N","N","0","","1","0","0","0","0","","1725","2","1","0","0","0","0","0","1","0","2","0","0","0","3","","","N","","","","","","","","","",""
"2020013735","0715","1","0","0","0","0","0","0","0","0","1","0","","67","1","2020","6","39.955218","-75.180809","0709","6","0","0","0","0","0","1","0","0","","0","0","0","7","1","0","N","0","1","39 57:18.784","4","0","75 10:50.913","0","0","0","0","67301","0","0","0","N","0","0","0","2","68K01","0","","1.0","741.0","9","N","N","N","1","","0","0","0","0","0","N","707","2","0","0","0","0","0","0","2","0","2","0","0","0","7","07","","N","","","","","","","","","",""
"2020014553","1647","1","0","0","0","0","0","0","0","0","1","0","","67","1","2020","5","39.955273","-75.180788","1644","6","0","0","0","0","0","1","0","0","","0","0","0","16","1","1","N","0","0","39 57:18.981","","0","75 10:50.836","8","0","0","0","67301","0","0","0","N","0","0","0","2","68K01","0","","1.0","","1","N","N","N","0","","0","0","1","0","0","","1642","2","1","0","0","0","1","0","2","0","2","0","0","0","3","","","N","","","","","","","","","",""
"2020035819","2122","2","0","0","0","0","0","0","0","0","4","0","","67","4","2020","5","40.074097","-75.082839","2110","6","0","0","0","0","0","0","0","0","","0","0","0","21","3","1","N","0","0","40 04:26.750","","0","75 04:58.220","3","0","0","0","67301","0","0","0","N","0","0","0","2","67301","0","","1.0","","9","N","N","N","0","","1","0","0","0","0","","2107","2","1","0","0","0","0","0","2","0","2","0","0","0","7","07","","N","","","","","","","","","",""
"2020015274","0840","0","0","0","0","0","0","0","0","0","7","0","","67","2","2020","1","40.056908","-75.046914","0840","6","0","0","0","0","0","0","0","0","","0","0","0","8","1","0","N","0","0","40 03:24.870","","7","75 02:48.889","0","0","0","0","67301","0","0","0","N","0","0","0","1","67301","0","","5.0","","1","N","N","N","0","","0","0","1","0","0","","840","1","0","1","0","0","0","0","2","0","1","0","0","0","3","03","","N","","","","","","","","","",""
"2020016663","1615","1","0","0","0","0","0","0","0","0","2","0","","67","2","2020","2","40.030605","-75.153905","1615","6","0","0","0","0","0","0","0","1","","0","0","0","14","1","1","","2","9","40 01:50.178","","0","75 09:14.057","8","0","0","0","67301","0","0","0","N","0","0","0","3","67301","0","","1.0","","99","N","N","N","0","","0","0","1","3","3","U","1415","2","1","0","0","0","1","2","2","0","2","0","0","0","3","","","N","","","","","","","","","",""
"2020013137","0045","1","0","0","0","0","0","0","0","0","1","0","","67","1","2020","6","40.001708","-75.065102","0043","6","0","0","0","0","0","0","0","0","","0","0","0","0","3","0","N","0","2","40 00:06.150","5","0","75 03:54.367","9","0","0","0","67301","0","0","0","N","0","0","0","1","67301","0","","6.0","129.0","1","N","N","N","0","","0","0","1","0","0","Y","30","2","0","0","0","0","0","1","2","0","2","0","0","0","3","03","","N","","","","","","","","","",""
"2020015383","2020","0","0","0","0","0","0","0","0","0","8","0","","67","2","2020","7","39.961565","-75.15179","1950","6","0","0","0","0","0","0","0","0","","0","0","0","19","1","1","","1","0","39 57:41.635","","0","75 09:06.445","4","0","0","0","67301","1","0","0","N","1","0","0","2","67301","1","","1.0","","1","N","N","N","0","","0","0","0","9","2","","1900","2","1","0","0","0","0","0","2","0","1","1","0","0","3","03","","N","","","","","","","","","",""
"2020032181","1056","2","0","0","0","0","0","0","0","0","4","0","","67","4","2020","1","39.958284","-75.165983","1056","6","0","0","0","0","0","0","0","0","","0","0","0","10","1","1","N","0","2","39 57:29.822","3","0","75 09:57.537","8","0","0","0","67301","0","0","0","N","0","0","0","2","68K01","0","","1.0","1115.0","1","N","N","N","0","","0","0","0","0","0","N","1054","2","1","0","0","0","1","0","2","0","2","0","0","0","3","","","N","","","","","","","","","",""
"2020014833","2058","1","0","0","0","0","0","0","0","0","8","0","","67","2","2020","6","40.027461","-75.1458","2049","6","0","0","0","0","0","0","0","0","","0","0","0","20","3","1","N","0","0","40 01:38.860","","0","75 08:44.880","3","0","0","0","67301","1","0","0","N","1","0","0","1","67301","0","","1.0","","1","N","N","N","0","","1","0","0","0","0","","2005","2","1","0","0","0","0","0","2","0","1","1","0","0","3","03","","N","","","","","","","","","",""
"2020024613","0424","0","0","0","0","0","0","0","0","0","7","0","","67","3","2020","7","40.036264","-75.155694","0405","6","0","0","0","0","0","0","0","0","","0","0","0","4","3","0","N","0","0","40 02:10.550","","0","75 09:20.500","0","0","0","0","67301","0","0","0","N","0","0","0","1","67301","0","","5.0","","9","N","N","N","0","","0","0","1","0","0","","405","1","0","0","0","0","0","0","2","0","1","0","0","0","7","","","N","","","","","","","","","",""
"2020013231","1050","0","0","0","0","0","0","0","0","0","5","0","","67","2","2020","2","39.982406","-75.18176","1045","6","0","0","0","0","0","0","0","0","","0","0","0","1","3","0","N","0","0","39 58:56.660","","0","75 10:54.337","0","0","0","0","67301","0","0","0","N","0","0","0","0","67301","0","","1.0","","1","N","N","N","1","","0","0","1","0","0","","130","3","0","0","0","0","0","0","2","0","3","0","0","0","3","03","","N","","","","","","","","","",""
"2020013819","0930","2","0","0","0","0","0","0","0","0","4","0","","67","2","2020","4","40.000982","-75.219782","0855","6","0","0","0","0","0","0","0","0","","0","0","0","7","1","0","N","0","1","40 00:03.534","3","7","75 13:11.216","0","0","0","0","67301","0","0","0","N","0","0","0","2","67301","0","","1.0","949.0","9","N","N","N","0","","0","0","0","0","0","N","740","2","0","0","0","0","0","0","2","0","2","0","0","0","7","04","","N","","","","","","","","","",""
"2020014638","2154","0","0","0","0","0","0","0","0","0","4","0","","67","1","2020","2","40.029113","-75.025682","2150","6","0","0","0","0","0","0","0","0","","1","0","0","21","3","0","N","0","2","40 01:44.805","5","7","75 01:32.454","1","1","0","1","67301","0","0","0","N","0","0","0","2","67301","0","2","1.0","51.0","1","N","N","N","0","0","0","0","1","0","0","Y","2144","2","0","0","0","0","0","0","2","0","2","0","0","0","3","","","N","","","","","","","","","",""
"2020024670","0852","1","0","0","0","0","0","0","0","0","0","0","","67","3","2020","1","39.985693","-75.258226","0852","6","0","0","0","0","0","0","0","0","","0","0","0","8","1","0","N","0","0","39 59:08.493","","0","75 15:29.614","0","0","0","0","67301","0","0","0","N","0","0","0","1","67301","0","","1.0","","1","N","N","N","0","","0","0","0","0","0","","852","1","0","0","0","0","0","0","2","0","1","0","0","0","3","03","","N","","","","","","","","","",""
"2020035275","0940","1","0","0","0","0","0","0","0","0","4","1","","67","4","2020","2","39.992957","-75.110258","0937","6","0","0","0","0","0","2","0","0","","0","1","0","9","1","2","","1","1","39 59:34.645","3","0","75 06:36.928","4","0","0","0","67301","0","0","0","N","0","0","0","4","67301","2","","1.0","1045.0","1","N","N","N","0","","0","0","0","3","2","N","935","3","2","0","0","0","0","0","2","1","3","0","0","0","4","04","","N","","","","","","","","","",""
"2020036629","0032","1","0","0","0","0","0","0","0","0","2","0","","67","5","2020","6","39.948481","-75.186145","0031","6","0","0","0","0","0","0","0","0","","0","0","0","0","3","0","N","0","0","39 56:54.532","","0","75 11:10.123","0","0","0","0","67301","0","0","0","Y","0","0","0","1","68K01","0","","3.0","","9","N","N","N","0","","0","0","0","0","0","","27","1","0","0","0","0","0","0","2","0","1","0","0","0","7","07","","N","","","","","","","","","",""
"2020014788","1739","0","0","0","0","0","0","0","0","0","6","0","","67","2","2020","5","40.090044","-75.041956","1733","6","0","0","0","0","0","0","0","0","","0","0","0","17","3","4","N","0","0","40 05:24.160","","0","75 02:31.040","8","0","0","0","67301","0","0","0","N","0","0","0","4","67301","0","","1.0","","9","N","N","N","1","","0","0","1","0","0","","1729","2","4","0","0","0","4","0","2","0","2","0","0","0","7","07","","N","","","","","","","","","",""
"2020030688","2310","3","0","0","0","0","0","0","0","0","2","0","","67","3","2020","6","40.069567","-75.182272","2300","6","0","0","0","0","0","0","0","0","","0","0","0","22","3","0","N","0","0","40 04:10.440","","0","75 10:56.180","0","0","0","0","67301","0","0","0","N","0","0","0","1","67301","0","","1.0","","1","N","N","N","0","","0","0","0","0","0","","2245","3","0","0","0","0","0","0","2","0","3","0","0","0","3","03","","N","","","","","","","","","",""
"2020032327","1020","0","0","0","0","0","0","0","0","0","1","1","","67","3","2020","3","39.959713","-75.177515","1011","6","0","0","0","0","0","0","0","0","","0","1","0","10","1","1","N","0","2","39 57:34.965","3","0","75 10:39.055","4","0","0","0","67301","0","0","0","N","0","0","0","2","68K01","1","","1.0","1035.0","9","N","N","N","0","","0","0","1","0","0","N","1007","2","1","0","0","0","0","0","2","0","2","0","0","0","7","04","","N","","","","","","","","","",""
"2020013690","0757","2","0","0","0","0","0","0","0","0","1","0","","67","1","2020","6","40.006533","-75.198566","0752","6","0","0","0","0","0","1","1","0","","0","0","0","7","1","0","N","0","1","40 00:23.517","3","0","75 11:54.839","0","0","0","0","67301","0","0","0","N","0","0","0","3","68K01","0","","1.0","815.0","1","N","N","N","0","","0","0","1","0","0","N","748","3","0","0","0","0","0","0","2","0","3","0","0","0","3","03","","N","","","","","","","","","",""
"2020014075","1930","2","0","0","0","0","0","0","0","0","2","0","","67","2","2020","3","39.993665","-75.096588","1927","6","0","0","0","0","0","0","0","0","","0","0","0","19","3","3","N","0","0","39 59:37.195","","7","75 05:47.716","4","0","0","0","67301","0","0","0","N","0","0","0","5","67301","3","","1.0","","1","N","N","N","0","","0","0","0","0","0","","1922","2","3","0","0","0","0","2","2","0","2","0","0","0","3","03","","N","","","","","","","","","",""
"2020013954","1605","1","0","0","0","0","0","0","0","0","4","0","","67","2","2020","4","39.999355","-75.122862","1600","6","0","0","0","0","0","0","0","0","","0","0","0","13","1","1","","1","0","39 59:57.677","","0","75 07:22.303","3","0","0","0","67301","0","0","0","N","0","0","0","2","67301","0","","1.0","","9","N","N","N","0","","1","0","1","3","3","","1345","2","1","0","0","0","0","0","2","0","2","0","0","0","3","","","N","","","","","","","","","",""
"2020013051","0128","0","0","0","0","0","0","0","0","0","1","1","","67","2","2020","2","39.943255","-75.192869","0125","6","0","0","0","0","0","0","0","0","","0","1","0","1","3","0","N","0","1","39 56:35.719","3","0","75 11:34.327","0","0","0","0","67301","0","0","0","N","0","0","0","2","68K01","0","","1.0","154.0","1","Y","N","Y","0","","0","0","0","0","0","N","118","2","0","0","0","0","0","0","2","1","2","0","0","0","3","03","","N","","","","","","","","","",""
"2020030930","1719","1","0","0","0","0","0","0","0","0","1","0","","67","3","2020","3","39.962443","-75.183265","1717","6","0","0","0","0","0","1","0","0","","0","0","0","17","1","0","N","0","0","39 57:44.794","","0","75 10:59.753","0","0","0","0","67301","0","0","0","N","0","0","0","2","68K01","0","","1.0","","1","N","N","N","0","","0","0","1","0","0","","1706","2","0","0","0","0","0","0","2","0","2","0","0","0","3","03","","N","","","","","","","","","",""