"CRN","ARRIVAL_TM","AUTOMOBILE_COUNT","BELTED_DEATH_COUNT","BELTED_SUSP_SERIOUS_INJ_COUNT","BICYCLE_COUNT","BICYCLE_DEATH_COUNT","BICYCLE_SUSP_SERIOUS_INJ_COUNT","BUS_COUNT","CHLDPAS_DEATH_COUNT","CHLDPAS_SUSP_SERIOUS_INJ_COUNT","COLLISION_TYPE","COMM_VEH_COUNT","CONS_ZONE_SPD_LIM","COUNTY","CRASH_MONTH","CRASH_YEAR","DAY_OF_WEEK","DEC_LATITUDE","DEC_LONGITUDE","DISPATCH_TM","DISTRICT","DRIVER_COUNT_16YR","DRIVER_COUNT_17YR","DRIVER_COUNT_18YR","DRIVER_COUNT_19YR","DRIVER_COUNT_20YR","DRIVER_COUNT_50_64YR","DRIVER_COUNT_65_74YR","DRIVER_COUNT_75PLUS","EST_HRS_CLOSED","FATAL_COUNT","HEAVY_TRUCK_COUNT","HORSE_BUGGY_COUNT","HOUR_OF_DAY","ILLUMINATION","INJURY_COUNT","INTERSECTION_RELATED","INTERSECT_TYPE","LANE_CLOSED","LATITUDE","LN_CLOSE_DIR","LOCATION_TYPE","LONGITUDE","MAX_SEVERITY_LEVEL","MCYCLE_DEATH_COUNT","MCYCLE_SUSP_SERIOUS_INJ_COUNT","MOTORCYCLE_COUNT","MUNICIPALITY","NONMOTR_COUNT","NONMOTR_DEATH_COUNT","NONMOTR_SUSP_SERIOUS_INJ_COUNT","NTFY_HIWY_MAINT","PED_COUNT","PED_DEATH_COUNT","PED_SUSP_SERIOUS_INJ_COUNT","PERSON_COUNT","POLICE_AGCY","POSSIBLE_INJ_COUNT","RDWY_SURF_TYPE_CD","RELATION_TO_ROAD","ROADWAY_CLEARED","ROAD_CONDITION","SCH_BUS_IND","SCH_ZONE_IND","SECONDARY_CRASH","SMALL_TRUCK_COUNT","SPEC_JURIS_CD","SUSP_MINOR_INJ_COUNT","SUSP_SERIOUS_INJ_COUNT","SUV_COUNT","TCD_FUNC_CD","TCD_TYPE","TFC_DETOUR_IND","TIME_OF_DAY","TOTAL_UNITS","TOT_INJ_COUNT","UNBELTED_OCC_COUNT","UNB_DEATH_COUNT","UNB_SUSP_SERIOUS_INJ_COUNT","UNK_INJ_DEG_COUNT","UNK_INJ_PER_COUNT","URBAN_RURAL","VAN_COUNT","VEHICLE_COUNT","VULNERABLE_ROAD_USER_COUNT","VULNERABLE_ROAD_USER_DEATH_COUNT","VULNERABLE_ROAD_USER_SER_INJ_COUNT","WEATHER1","WEATHER2","WORKERS_PRES","WORK_ZONE_IND","WORK_ZONE_LOC","WORK_ZONE_TYPE","WZ_CLOSE_DETOUR","WZ_FLAGGER","WZ_LAW_OFFCR_IND","WZ_LN_CLOSURE","WZ_MOVING","WZ_OTHER","WZ_SHLDER_MDN","WZ_WORKERS_INJ_KILLED"
"2020013756","1040","1","0","0","0","0","0","0","0","0","1","0","","67","1","2020","4","39.946354","-75.142163","1036","6","0","0","0","0","0","0","0","0","","0","0","0","10","1","0","N","0","0","39 56:46.876","","0","75 08:31.788","9","0","0","0","67301","0","0","0","N","0","0","0","2","68K01","0","","1.0","","1","N","N","N","0","","0","0","0","0","0","","1026","2","0","0","0","0","0","1","2","0","2","0","0","0","3","","","N","","","","","","","","","",""
"2020012179","1608","1","0","0","0","0","0","0","0","0","4","0","","67","1","2020","4","40.039159","-75.191725","1602","6","0","0","0","0","0","0","0","0","","0","0","0","14","1","1","","1","0","40 02:20.972","","0","75 11:30.209","8","0","0","0","67301","0","0","0","N","0","0","0","2","67301","0","","1.0","","1","N","N","N","0","","0","0","0","3","2","","1420","2","1","0","0","0","1","0","2","1","2","0","0","0","3","03","","N","","","","","","","","","",""
"2020032857","0400","0","0","0","0","0","0","0","0","0","7","0","","67","4","2020","2","40.015547","-75.113011","0357","6","0","0","0","0","0","0","0","0","","0","0","0","3","3","0","N","0","0","40 00:55.970","","0","75 06:46.840","9","0","0","0","67301","0","0","0","N","0","0","0","1","67301","0","","4.0","","9","N","N","N","1","","0","0","0","0","0","","349","1","0","1","0","0","0","1","2","0","1","0","0","0","7","07","","N","","","","","","","","","",""
"2020034186","1203","2","0","0","0","0","0","0","0","0","5","0","","67","4","2020","2","39.959427","-75.174238","1157","6","0","0","0","0","0","0","0","0","","0","0","0","11","1","1","N","0","1","39 57:33.936","4","0","75 10:27.258","8","0","0","0","67301","0","0","0","N","0","0","0","3","68K01","0","","1.0","15.0","1","N","N","N","0","","0","0","0","0","0","N","1155","2","1","0","0","0","1","0","2","0","2","0","0","0","3","03","","N","","","","","","","","","",""
"2020034194","1505","1","0","0","0","0","0","0","0","0","4","0","","67","4","2020","2","39.887989","-75.203625","1447","6","0","0","0","0","0","1","0","0","","0","0","0","14","1","0","N","0","0","39 53:16.761","","3","75 12:13.051","0","0","0","0","67301","0","0","0","N","0","0","0","3","68K01","0","","1.0","","9","N","N","N","1","","0","0","0","0","0","","1445","2","0","0","0","0","0","0","2","0","2","0","0","0","7","","","N","","","","","","","","","",""
"2020033206","0145","1","0","0","0","0","0","0","0","0","4","0","","67","2","2020","1","39.955258","-75.240146","0142","6","0","0","0","0","0","0","0","0","","0","1","0","1","3","0","","1","2","39 57:18.928","7","0","75 14:24.525","9","0","0","0","67301","0","0","0","N","0","0","0","1","67301","0","","1.0","330.0","1","N","N","N","0","","0","0","0","3","2","Y","142","2","0","0","0","0","0","1","2","0","2","0","0","0","3","03","","N","","","","","","","","","",""
"2020030130","1127","0","0","0","0","0","0","0","0","0","7","0","","67","3","2020","3","40.010063","-75.064053","1108","6","0","0","0","0","0","0","0","0","","0","0","0","10","1","0","N","7","1","40 00:36.228","1","2","75 03:50.591","0","0","0","0","67301","0","0","0","N","0","0","0","1","68K01","0","","2.0","1215.0","9","N","N","N","1","","0","0","0","0","0","Y","1055","1","0","0","0","0","0","0","2","0","1","0","0","0","7","","","N","","","","","","","","","",""
"2020030900","2100","0","0","0","0","0","0","0","0","0","7","0","","67","4","2020","4","39.953806","-75.143064","2056","6","0","0","0","0","0","1","0","0","","0","0","0","20","3","0","N","0","0","39 57:13.700","","0","75 08:35.030","0","0","0","0","67301","0","0","0","N","0","0","0","1","67301","0","","5.0","","1","N","N","N","0","","0","0","1","3","2","","2050","1","0","0","0","0","0","0","2","0","1","0","0","0","3","03","","N","","","","","","","","","",""
"2020032938","1650","1","0","0","0","0","0","1","0","0","5","1","","67","3","2020","7","39.975836","-75.158419","1645","6","0","0","0","0","0","0","0","1","","0","0","0","16","1","1","N","1","0","39 58:33.009","","0","75 09:30.309","4","0","0","0","67301","0","0","0","N","0","0","0","3","67508","1","","1.0","","1","N","N","N","0","","0","0","0","3","2","N","1645","2","1","0","0","0","0","0","2","0","2","0","0","0","3","03","","N","","","","","","","","","",""
"2020032322","1620","1","0","0","0","0","0","0","0","0","2","0","","67","3","2020","2","39.959978","-75.179584","1610","6","0","0","0","1","0","0","0","0","","0","0","0","16","1","1","N","0","2","39 57:35.919","3","0","75 10:46.501","8","0","0","0","67301","0","0","0","N","0","0","0","2","68K01","0","","2.0","1625.0","9","N","N","Y","0","","0","0","1","0","0","N","1609","2","1","1","0","0","1","0","2","0","2","0","0","0","7","07","","N","","","","","","","","","",""
"2020030498","2030","0","0","0","0","0","0","0","0","0","5","0","","67","3","2020","2","40.075863","-75.176898","2025","6","0","0","0","0","0","0","0","0","","0","0","0","20","1","0","N","0","0","40 04:33.105","","7","75 10:36.833","9","0","0","0","67301","0","0","0","N","0","0","0","1","67301","0","","9.0","","9","N","N","N","0","","0","0","2","0","0","","2015","2","0","0","0","0","0","1","2","0","2","0","0","0","4","07","","N","","","","","","","","","",""
"2020012893","1658","0","0","0","0","0","0","0","0","0","8","0","","67","1","2020","5","39.925572","-75.234322","1653","6","0","0","0","0","0","0","0","0","","0","0","0","15","1","1","N","0","0","39 55:32.060","","7","75 14:03.558","3","0","0","0","67301","1","0","0","N","1","0","0","2","67301","0","","5.0","","1","N","N","N","0","","1","0","1","0","0","","1514","2","1","0","0","0","0","0","2","0","1","1","0","0","3","03","","N","","","","","","","","","",""
"2020030678","0855","1","0","0","0","0","0","0","0","0","4","0","","67","4","2020","4","40.058748","-74.995671","0851","6","0","0","0","0","0","0","0","1","","0","0","0","8","1","2","","1","0","40 03:31.491","","0","74 59:44.414","3","0","0","0","67301","0","0","0","N","0","0","0","3","67301","0","","1.0","","1","N","N","N","1","","2","0","0","0","0","","848","2","2","1","0","0","0","0","2","0","2","0","0","0","3","03","","N","","","","","","","","","",""
"2020013227","1415","1","0","0","0","0","0","0","0","0","4","0","","67","2","2020","7","40.043688","-75.059416","1405","6","0","0","0","0","0","0","1","0","","0","0","0","13","1","1","","1","1","40 02:37.278","7","99","75 03:33.898","3","0","0","0","67301","0","0","0","N","0","0","0","2","67301","0","","1.0","1504.0","1","N","N","N","0","","1","0","1","3","3","N","1355","2","1","0","0","0","0","0","2","0","2","0","0","0","4","04","","N","","","","","","","","","",""
"2020038765","1430","2","0","0","0","0","0","0","0","0","3","0","","67","5","2020","5","40.068058","-75.061192","1424","6","0","0","0","0","0","0","0","1","","0","0","0","14","1","1","N","0","0","40 04:05.010","","99","75 03:40.290","3","0","0","0","67301","0","0","0","N","0","0","0","3","67301","0","","1.0","","1","N","N","N","0","","1","0","0","9","9","","1420","2","1","0","0","0","0","1","2","0","2","0","0","0","3","03","","N","","","","","","","","","",""
"2020035717","2000","1","0","0","0","0","0","0","0","0","2","0","","67","4","2020","1","39.927303","-75.172966","2000","6","0","0","0","0","0","1","0","0","","0","0","0","14","1","1","","1","9","39 55:38.289","","0","75 10:22.677","3","0","0","0","67301","0","0","0","N","0","0","0","2","67301","0","","1.0","","9","N","N","N","0","","1","0","1","3","3","","1457","2","1","0","0","0","0","0","2","0","2","0","0","0","7","04","","N","","","","","","","","","",""
"2020038264","0910","2","0","0","0","0","0","0","0","0","5","0","","67","5","2020","5","39.94381","-75.142965","0910","6","0","0","0","0","0","0","1","0","","0","0","0","9","1","1","N","0","0","39 56:37.716","","0","75 08:34.675","3","0","0","0","67301","0","0","0","N","0","0","0","2","68K01","0","","1.0","","1","N","N","N","0","","1","0","0","0","0","","906","2","1","0","0","0","0","0","2","0","2","0","0","0","3","","","N","","","","","","","","","",""
"2020015416","0454","2","0","0","0","0","0","0","0","0","2","0","","67","2","2020","7","40.018178","-75.139561","0449","6","0","0","0","0","0","0","0","0","","0","0","0","4","3","1","N","0","0","40 01:05.440","","0","75 08:22.420","3","0","0","0","67301","0","0","0","N","0","0","0","1","67301","0","","1.0","","1","N","N","N","1","","1","0","0","0","0","","448","3","1","0","0","0","0","0","2","0","3","0","0","0","3","03","","N","","","","","","","","","",""
"2020034702","1255","1","0","0","0","0","0","0","0","0","4","0","","67","4","2020","6","40.039005","-75.056254","1253","6","0","0","0","0","0","0","1","0","","0","0","0","12","1","0","","2","0","40 02:20.418","","0","75 03:22.515","0","0","0","0","67301","0","0","0","N","0","0","0","1","67301","0","","1.0","","9","N","N","N","0","","0","0","0","3","2","","1216","2","0","0","0","0","0","0","2","0","2","0","0","0","4","07","","N","","","","","","","","","",""
"2020014480","1250","0","0","0","0","0","0","0","0","0","8","0","","67","1","2020","6","39.951048","-75.158472","1247","6","0","0","0","0","0","0","0","0","","0","0","0","12","1","1","","1","0","39 57:03.774","","0","75 09:30.498","3","0","0","0","67301","1","0","0","N","1","0","0","2","67301","0","","1.0","","1","N","N","N","1","","1","0","0","3","3","","1232","2","1","0","0","0","0","0","2","0","1","1","0","0","3","","","N","","","","","","","","","",""
"2020015807","1846","0","0","0","0","0","0","0","0","0","8","0","","67","2","2020","2","40.042208","-75.108249","1837","6","0","0","0","0","0","1","0","0","","0","0","0","18","3","1","N","2","0","40 02:31.950","","0","75 06:29.696","3","0","0","0","67301","1","0","0","N","1","0","0","2","67301","0","","1.0","","9","N","N","N","1","","1","0","0","3","3","","1836","2","1","0","0","0","0","0","2","0","1","1","0","0","7","","","N","","","","","","","","","",""
"2020030768","1432","1","0","0","0","0","0","0","0","0","7","0","","67","4","2020","4","39.97068","-75.15393","1431","6","0","0","0","0","0","1","0","0","","0","0","0","14","1","0","N","0","0","39 58:14.447","","99","75 09:14.147","9","0","0","0","67301","0","0","0","N","0","0","0","1","67301","0","","9.0","","1","N","N","N","0","","0","0","0","9","9","","1430","1","0","0","0","0","0","1","2","0","1","0","0","0","4","04","","N","","","","","","","","","",""
"2020039357","0231","1","0","0","0","0","0","0","0","0","7","0","","67","5","2020","1","39.974064","-75.204394","0213","6","0","0","0","0","0","0","0","0","","0","0","0","2","3","0","N","0","1","39 58:26.632","4","0","75 12:15.817","0","0","0","0","67301","0","0","0","N","0","0","0","1","67301","0","","3.0","335.0","1","N","N","N","0","","0","0","0","3","2","N","200","1","0","0","0","0","0","0","2","0","1","0","0","0","3","03","","N","","","","","","","","","",""
"2020037634","1015","1","0","0","0","0","0","0","0","0","1","0","","67","4","2020","6","39.960124","-75.179889","1009","6","0","0","0","0","0","0","0","0","","0","0","0","10","1","0","N","0","1","39 57:36.446","4","0","75 10:47.599","9","0","0","0","67301","0","0","0","N","0","0","0","2","68K01","0","","1.0","1020.0","9","N","N","N","1","","0","0","0","0","0","N","1008","2","0","1","0","0","0","1","2","0","2","0","0","0","7","07","","N","","","","","","","","","",""
"2020038222","1952","1","0","0","0","0","0","0","0","0","7","0","","67","4","2020","5","39.886641","-75.242598","1934","6","0","0","0","0","0","0","0","0","","0","0","0","19","3","0","N","0","0","39 53:11.906","","0","75 14:33.352","0","0","0","0","67301","0","0","0","N","0","0","0","1","68K01","0","","5.0","","9","N","N","N","0","","0","0","0","0","0","","1933","1","0","0","0","0","0","0","2","0","1","0","0","0","7","04","","N","","","","","","","","","",""
"2020014580","2359","1","0","0","0","0","0","0","0","0","5","0","","67","2","2020","3","39.993332","-75.200076","2353","6","0","0","0","0","0","1","0","0","","0","0","0","23","3","0","N","0","0","39 59:35.995","","0","75 12:00.275","0","0","0","0","67301","0","0","0","N","0","0","0","2","68K01","0","","1.0","","9","N","N","N","0","","0","0","1","0","0","","2350","2","0","0","0","0","0","0","2","0","2","0","0","0","3","03","","N","","","","","","","","","",""
"2020015382","1728","1","0","0","0","0","0","0","0","0","1","0","","67","2","2020","1","40.042478","-75.067731","1723","6","0","0","0","0","0","0","1","0","","0","0","0","17","4","1","N","0","0","40 02:32.920","","0","75 04:03.830","3","0","0","0","67301","0","0","0","N","0","0","0","1","67301","0","","1.0","","1","N","N","N","1","","1","0","0","0","0","","1722","2","1","1","0","0","0","0","2","0","2","0","0","0","3","","","N","","","","","","","","","",""
"2020014570","1028","0","0","0","0","0","0","0","0","0","7","1","","67","2","2020","2","39.942848","-75.142863","1010","6","0","0","0","0","0","0","0","0","","0","1","0","10","1","1","N","0","1","39 56:34.253","1","4","75 08:34.307","3","0","0","0","67301","0","0","0","N","0","0","0","1","68K01","0","","2.0","1129.0","1","N","N","N","0","","1","0","0","0","0","N","1009","1","1","0","0","0","0","0","2","0","1","0","0","0","3","03","","N","","","","","","","","","",""
"2020036257","2211","0","0","0","0","0","0","0","0","0","98","0","","67","3","2020","2","39.978425","-75.202403","2211","6","0","0","0","0","0","1","0","0","","0","0","0","22","3","0","N","0","0","39 58:42.329","","0","75 12:08.651","0","0","0","0","67301","0","0","0","N","0","0","0","1","68K01","0","","1.0","","1","N","N","N","0","","0","0","0","0","0","","2211","1","0","0","0","0","0","0","2","1","1","0","0","0","3","03","","N","","","","","","","","","",""
"2020040292","1510","2","0","0","0","0","0","1","0","0","2","1","","67","4","2020","1","40.050781","-75.142063","1454","6","0","0","0","0","0","1","1","0","","0","0","0","14","1","0","N","0","0","40 03:02.813","","0","75 08:31.428","0","0","0","0","67301","0","0","0","N","0","0","0","3","67508","0","","1.0","","9","N","N","N","0","","0","0","0","0","0","","1454","3","0","0","0","0","0","0","2","0","3","0","0","0","7","","","N","","","","","","","","","",""
"2020037309","1406","2","0","0","0","0","0","0","0","0","4","0","","67","5","2020","4","40.086283","-75.046083","1404","6","0","0","0","0","0","1","0","0","","0","0","0","14","1","1","","1","0","40 05:10.618","","0","75 02:45.898","3","0","0","0","67301","0","0","0","N","0","0","0","2","67301","0","","1.0","","1","N","N","N","0","","1","0","0","3","2","","1404","2","1","1","0","0","0","0","2","0","2","0","0","0","4","04","","N","","","","","","","","","",""
"2020030141","1219","0","0","0","0","0","0","0","0","0","5","1","","67","3","2020","2","40.042363","-75.003828","1216","6","0","0","0","0","0","1","0","0","","0","1","0","12","1","0","N","0","1","40 02:32.506","2","0","75 00:13.779","9","0","0","0","67301","0","0","0","N","0","0","0","2","68K01","0","","1.0","1315.0","9","N","N","N","1","","0","0","0","0","0","Y","1216","2","0","0","0","0","0","1","2","0","2","0","0","0","7","","","N","","","","","","","","","",""
"2020012709","0502","2","0","0","0","0","0","0","0","0","5","0","","67","1","2020","5","40.011412","-75.150662","0502","6","0","0","0","1","0","0","0","0","","0","0","0","4","3","1","N","0","2","40 00:41.083","1","0","75 09:02.382","3","0","0","0","67301","0","0","0","N","0","0","0","1","67301","0","","1.0","550.0","1","N","N","N","0","","1","0","0","0","0","N","445","2","1","0","0","0","0","0","2","0","2","0","0","0","3","","","N","","","","","","","","","",""
"2020017300","0931","2","0","0","0","0","0","0","0","0","5","0","","67","1","2020","5","40.037813","-75.011914","0927","6","0","0","0","0","0","0","0","0","","0","0","0","9","1","2","N","0","1","40 02:16.126","2","0","75 00:42.892","8","0","0","0","67301","0","0","0","N","0","0","0","3","68K01","0","","1.0","1020.0","1","N","N","N","1","","0","0","0","0","0","N","925","3","2","0","0","0","2","1","2","0","3","0","0","0","3","03","","N","","","","","","","","","",""
"2020034348","1604","1","0","0","0","0","0","0","0","0","0","0","","67","4","2020","4","39.999644","-75.190489","1551","6","0","0","0","0","0","0","0","0","","0","0","0","15","1","2","","2","0","39 59:58.717","","99","75 11:25.759","3","0","0","0","67301","0","0","0","N","0","0","0","2","67301","0","","1.0","","9","N","N","N","0","","2","0","0","3","2","","1505","1","2","1","0","0","0","0","2","0","1","0","0","0","3","","","N","","","","","","","","","",""
"2020012901","1034","1","0","0","0","0","0","0","0","0","8","0","","67","1","2020","4","40.039791","-75.032681","1029","6","0","0","0","0","0","1","0","0","","0","0","0","10","1","1","","1","0","40 02:23.246","","0","75 01:57.650","4","0","0","0","67301","1","0","0","N","1","0","0","2","67301","1","","1.0","","1","N","N","N","0","","0","0","0","0","0","","1029","2","1","0","0","0","0","0","2","0","1","1","0","0","3","","","N","","","","","","","","","",""
"2020016581","2347","1","0","0","0","0","0","0","0","0","7","0","","67","1","2020","4","39.97418","-75.194052","2339","6","0","0","0","0","0","0","0","0","","0","0","0","23","3","0","N","0","0","39 58:27.048","","0","75 11:38.588","0","0","0","0","67301","0","0","0","Y","0","0","0","1","68K01","0","","7.0","","1","N","N","N","0","","0","0","0","0","0","","2329","1","0","0","0","0","0","0","2","0","1","0","0","0","3","03","","N","","","","","","","","","",""
"2020015145","0721","1","0","0","0","0","0","0","0","0","8","0","","67","2","2020","6","40.029949","-75.219133","0719","6","0","0","0","0","0","0","0","0","","0","0","0","7","3","1","","1","1","40 01:47.817","6","0","75 13:08.878","8","0","0","0","67301","1","0","0","N","1","0","0","2","67301","0","","1.0","30.0","9","N","N","N","0","","0","0","0","3","3","N","716","2","1","0","0","0","1","0","2","0","1","1","0","0","7","05","","N","","","","","","","","","",""
"2020014557","1623","0","0","0","0","0","0","0","0","0","7","0","","67","1","2020","6","39.912701","-75.148396","1614","6","0","0","0","0","0","0","0","0","","0","0","0","16","1","1","N","0","1","39 54:45.722","1","0","75 08:54.224","8","0","0","0","67301","0","0","0","Y","0","0","0","1","68K01","0","","2.0","1655.0","1","N","N","N","0","","0","0","1","0","0","N","1613","1","1","0","0","0","1","0","2","0","1","0","0","0","3","","","N","","","","","","","","","",""
"2020012645","1329","0","0","0","0","0","0","0","0","0","1","0","45","67","1","2020","2","39.970843","-75.124746","1316","6","0","0","1","0","0","1","0","0","","0","0","0","13","1","0","N","0","1","39 58:15.034","2","0","75 07:29.085","0","0","0","0","67301","0","0","0","N","0","0","0","3","68K01","0","","1.0","45.0","1","N","N","N","0","","0","0","2","0","0","N","1311","2","0","0","0","0","0","0","2","0","2","0","0","0","3","","Y","Y","4","1","N","N","N","N","N","N","Y","N"
"2020017414","0050","2","0","0","0","0","0","0","0","0","1","1","","67","2","2020","2","40.007907","-75.191804","0050","6","0","0","0","0","0","0","0","0","","0","1","0","0","3","0","N","0","2","40 00:28.464","2","3","75 11:30.494","0","0","0","0","67301","0","0","0","N","0","0","0","3","67301","0","","1.0","320.0","1","N","N","N","0","","0","0","0","0","0","N","50","3","0","1","0","0","0","0","2","0","3","0","0","0","3","","","N","","","","","","","","","",""
"2020038726","2231","3","0","0","0","0","0","0","0","0","7","1","","67","4","2020","5","40.03603","-75.015948","2221","6","0","0","0","0","0","0","0","0","","0","1","0","22","3","3","N","0","2","40 02:09.709","1","0","75 00:57.411","4","0","0","0","67301","0","0","0","N","0","0","0","8","68K01","3","","2.0","308.0","9","N","N","N","2","","0","0","1","0","0","Y","2210","7","3","0","0","0","0","0","2","0","7","0","0","0","7","","","N","","","","","","","","","",""
"2020018898","0930","3","0","0","0","0","0","0","0","0","1","0","","67","1","2020","3","39.95851","-75.166859","0928","6","0","0","0","0","1","1","0","0","","0","0","0","9","1","2","N","0","2","39 57:30.635","4","0","75 10:00.692","4","0","0","0","67301","0","0","0","N","0","0","0","5","68K01","2","","1.0","30.0","1","N","N","N","0","","0","0","1","0","0","N","926","4","2","0","0","0","0","0","2","0","4","0","0","0","3","","","N","","","","","","","","","",""
"2020037530","0452","1","0","0","0","0","0","0","0","0","5","0","","67","3","2020","1","39.921208","-75.14808","0447","6","0","0","0","0","0","0","0","0","","0","0","0","4","3","1","N","0","0","39 55:16.349","","0","75 08:53.088","4","0","0","0","67301","0","0","0","N","0","0","0","2","68K01","1","","1.0","","1","N","N","N","0","","0","0","0","0","0","","446","2","1","0","0","0","0","1","2","0","2","0","0","0","3","","","N","","","","","","","","","",""
"2020005261","0815","0","0","0","0","0","0","0","0","0","8","0","","67","1","2020","3","40.042323","-75.025601","0810","6","0","0","0","0","0","0","0","0","","0","0","0","8","1","1","","1","0","40 02:32.362","","0","75 01:32.162","8","0","0","0","67301","1","0","0","N","1","0","0","2","67301","0","","1.0","","1","N","N","N","0","","0","0","1","3","2","","800","2","1","0","0","0","1","0","2","0","1","1","0","0","4","03","","N","","","","","","","","","",""
"2020014217","0840","0","0","0","0","0","0","0","0","0","7","0","","67","2","2020","5","40.118883","-75.007408","0837","6","0","0","0","0","0","0","0","0","","0","0","0","8","1","1","N","0","1","40 07:07.980","4","0","75 00:26.670","3","0","0","0","67301","0","0","0","N","0","0","0","1","67301","0","","2.0","900.0","9","N","N","N","0","","1","0","1","3","2","N","836","1","1","0","0","0","0","0","2","0","1","0","0","0","7","04","","N","","","","","","","","","",""
"2020013973","0400","2","0","0","0","0","0","0","0","0","5","0","","67","2","2020","4","40.0262","-75.051508","0334","6","0","0","0","0","0","0","0","0","","0","0","0","3","3","0","N","0","0","40 01:34.320","","0","75 03:05.430","0","0","0","0","67301","0","0","0","N","0","0","0","1","67301","0","","1.0","","1","N","N","N","1","","0","0","0","0","0","","332","3","0","0","0","0","0","0","2","0","3","0","0","0","3","03","","N","","","","","","","","","",""
"2020037421","1820","1","0","1","0","0","0","0","0","0","7","0","","67","3","2020","2","39.981131","-75.20674","1820","6","0","0","0","0","0","0","0","0","","0","0","0","18","1","3","N","0","1","39 58:52.070","3","0","75 12:24.264","2","0","0","0","67301","0","0","0","N","0","0","0","3","68K01","0","","2.0","1845.0","9","N","N","N","0","","2","1","1","0","0","N","1820","2","3","0","0","0","0","0","2","0","2","0","0","0","3","03","","N","","","","","","","","","",""
"2020030864","0013","3","0","0","0","0","0","0","0","0","5","0","","67","4","2020","5","39.964175","-75.187578","0002","6","0","0","0","0","0","0","0","0","","0","0","0","0","3","0","N","0","2","39 57:51.030","1","0","75 11:15.280","0","0","0","0","67301","0","0","0","N","0","0","0","1","67301","0","","6.0","130.0","1","N","N","N","0","","0","0","2","0","0","Y","0","5","0","0","0","0","0","0","2","0","5","0","0","0","3","03","","N","","","","","","","","","",""
"2020036074","0328","1","0","0","0","0","0","0","0","0","4","0","","67","5","2020","7","40.016805","-75.154331","0326","6","0","0","0","0","0","0","0","0","","0","1","0","3","3","1","N","0","1","40 01:00.497","2","0","75 09:15.591","4","0","0","0","67301","0","0","0","N","0","0","0","2","67301","1","","6.0","448.0","1","N","N","N","0","","0","0","0","0","0","N","308","2","1","0","0","0","0","1","2","0","2","0","0","0","3","","","N","","","","","","","","","",""
"2020002692","2358","3","0","0","0","0","0","0","0","0","4","0","","67","1","2020","3","39.946514","-75.2087","2347","6","0","0","0","0","0","0","0","0","","0","0","0","23","3","0","N","0","0","39 56:47.450","","0","75 12:31.320","0","0","0","0","67301","0","0","0","N","0","0","0","1","67301","0","","6.0","","9","N","N","N","0","","0","0","0","3","2","","2305","3","0","0","0","0","0","0","2","0","3","0","0","0","7","","","N","","","","","","","","","",""
"2020032159","1142","0","0","0","0","0","0","0","0","0","7","0","","67","4","2020","3","39.934932","-75.235319","1140","6","0","0","0","0","0","1","0","0","","0","0","0","11","1","0","N","0","0","39 56:05.756","","0","75 14:07.150","0","0","0","0","67301","0","0","0","N","0","0","0","1","67301","0","","2.0","","1","N","N","N","0","","0","0","1","0","0","","1140","1","0","0","0","0","0","0","2","0","1","0","0","0","3","03","","N","","","","","","","","","",""
"2020012435","0305","1","0","0","0","0","0","0","0","0","1","1","","67","2","2020","7","40.0599","-75.178478","0300","6","0","0","0","0","0","0","0","0","","0","1","0","2","3","0","N","0","0","40 03:35.640","","0","75 10:42.520","0","0","0","0","67301","0","0","0","N","0","0","0","1","67301","0","","6.0","","9","N","N","N","0","","0","0","0","0","0","","250","2","0","0","0","0","0","0","2","0","2","0","0","0","5","07","","N","","","","","","","","","",""
"2020034781","1000","2","0","0","0","0","0","0","0","0","2","0","","67","4","2020","6","40.066183","-74.983969","0950","6","0","0","0","0","0","0","0","0","","0","0","0","9","1","1","N","0","0","40 03:58.260","","0","74 59:02.290","8","0","0","0","67301","0","0","0","N","0","0","0","1","67301","0","","5.0","","9","N","N","N","0","","0","0","0","0","0","","950","2","1","1","0","0","1","0","2","0","2","0","0","0","7","","","N","","","","","","","","","",""
"2020034378","1139","2","0","0","0","0","0","0","0","0","1","0","","67","4","2020","4","39.923662","-75.192433","1131","6","0","0","0","0","0","2","0","0","","0","0","0","11","1","1","N","0","0","39 55:25.183","","0","75 11:32.758","3","0","0","0","67301","0","0","0","N","0","0","0","3","68K01","0","","1.0","","1","N","N","N","1","","1","0","0","0","0","","1128","3","1","0","0","0","0","0","2","0","3","0","0","0","3","","","N","","","","","","","","","",""
"2020034919","1331","2","0","0","0","0","0","0","0","0","1","0","","67","4","2020","5","39.965303","-75.137478","1220","6","0","0","0","0","0","0","1","0","","0","0","0","12","1","0","N","0","2","39 57:55.092","2","0","75 08:14.919","0","0","0","0","67301","0","0","0","N","0","0","0","2","68K01","0","","1.0","10.0","1","N","N","N","0","","0","0","0","0","0","N","1219","2","0","0","0","0","0","0","2","0","2","0","0","0","3","03","","N","","","","","","","","","",""
"2020038826","1044","0","0","0","0","0","0","0","0","0","4","0","","67","5","2020","5","40.089928","-74.984202","1038","6","0","0","0","0","0","2","0","0","","0","0","0","10","1","2","","1","0","40 05:23.741","","0","74 59:03.127","4","0","0","0","67301","0","0","0","N","0","0","0","3","67301","2","","1.0","","1","N","N","N","0","","0","0","2","0","0","","1035","2","2","0","0","0","0","0","2","0","2","0","0","0","3","03","","N","","","","","","","","","",""