"CRN","ARRIVAL_TM","AUTOMOBILE_COUNT","BELTED_DEATH_COUNT","BELTED_SUSP_SERIOUS_INJ_COUNT","BICYCLE_COUNT","BICYCLE_DEATH_COUNT","BICYCLE_SUSP_SERIOUS_INJ_COUNT","BUS_COUNT","CHLDPAS_DEATH_COUNT","CHLDPAS_SUSP_SERIOUS_INJ_COUNT","COLLISION_TYPE","COMM_VEH_COUNT","CONS_ZONE_SPD_LIM","COUNTY","CRASH_MONTH","CRASH_YEAR","DAY_OF_WEEK","DEC_LATITUDE","DEC_LONGITUDE","DISPATCH_TM","DISTRICT","DRIVER_COUNT_16YR","DRIVER_COUNT_17YR","DRIVER_COUNT_18YR","DRIVER_COUNT_19YR","DRIVER_COUNT_20YR","DRIVER_COUNT_50_64YR","DRIVER_COUNT_65_74YR","DRIVER_COUNT_75PLUS","EST_HRS_CLOSED","FATAL_COUNT","HEAVY_TRUCK_COUNT","HORSE_BUGGY_COUNT","HOUR_OF_DAY","ILLUMINATION","INJURY_COUNT","INTERSECTION_RELATED","INTERSECT_TYPE","LANE_CLOSED","LATITUDE","LN_CLOSE_DIR","LOCATION_TYPE","LONGITUDE","MAX_SEVERITY_LEVEL","MCYCLE_DEATH_COUNT","MCYCLE_SUSP_SERIOUS_INJ_COUNT","MOTORCYCLE_COUNT","MUNICIPALITY","NONMOTR_COUNT","NONMOTR_DEATH_COUNT","NONMOTR_SUSP_SERIOUS_INJ_COUNT","NTFY_HIWY_MAINT","PED_COUNT","PED_DEATH_COUNT","PED_SUSP_SERIOUS_INJ_COUNT","PERSON_COUNT","POLICE_AGCY","POSSIBLE_INJ_COUNT","RDWY_SURF_TYPE_CD","RELATION_TO_ROAD","ROADWAY_CLEARED","ROAD_CONDITION","SCH_BUS_IND","SCH_ZONE_IND","SECONDARY_CRASH","SMALL_TRUCK_COUNT","SPEC_JURIS_CD","SUSP_MINOR_INJ_COUNT","SUSP_SERIOUS_INJ_COUNT","SUV_COUNT","TCD_FUNC_CD","TCD_TYPE","TFC_DETOUR_IND","TIME_OF_DAY","TOTAL_UNITS","TOT_INJ_COUNT","UNBELTED_OCC_COUNT","UNB_DEATH_COUNT","UNB_SUSP_SERIOUS_INJ_COUNT","UNK_INJ_DEG_COUNT","UNK_INJ_PER_COUNT","URBAN_RURAL","VAN_COUNT","VEHICLE_COUNT","VULNERABLE_ROAD_USER_COUNT","VULNERABLE_ROAD_USER_DEATH_COUNT","VULNERABLE_ROAD_USER_SER_INJ_COUNT","WEATHER1","WEATHER2","WORKERS_PRES","WORK_ZONE_IND","WORK_ZONE_LOC","WORK_ZONE_TYPE","WZ_CLOSE_DETOUR","WZ_FLAGGER","WZ_LAW_OFFCR_IND","WZ_LN_CLOSURE","WZ_MOVING","WZ_OTHER","WZ_SHLDER_MDN","WZ_WORKERS_INJ_KILLED"
"2020030007","1744","1","0","0","0","0","0","0","0","0","4","0","","67","3","2020","5","39.936125","-75.222172","1744","6","0","0","0","1","0","0","0","0","","0","0","0","17","1","1","N","0","0","39 56:10.050","","0","75 13:19.820","3","0","0","0","67301","0","0","0","N","0","0","0","2","67301","0","","1.0","","1","N","N","N","0","","1","0","1","0","0","","1725","2","1","0","0","0","0","0","2","0","2","0","0","0","3","03","","N","","","","","","","","","",""
"2020014890","0825","1","0","0","0","0","0","0","0","0","5","1","","67","2","2020","6","39.980165","-75.269272","0814","6","0","0","0","0","0","1","0","0","","0","1","0","7","1","0","","1","0","39 58:48.595","","0","75 16:09.378","0","0","0","0","67301","0","0","0","N","0","0","0","2","67301","0","","1.0","","9","N","N","N","0","","0","0","0","3","2","","700","2","0","0","0","0","0","0","2","0","2","0","0","0","7","04","","N","","","","","","","","","",""
"2020034468","1300","1","0","0","0","0","0","0","0","0","7","0","","67","4","2020","3","39.980854","-75.206375","1253","6","0","0","0","0","0","0","0","0","","0","0","0","12","1","0","N","0","0","39 58:51.075","","0","75 12:22.950","0","0","0","0","67301","0","0","0","N","0","0","0","1","68K01","0","","4.0","","9","N","N","N","0","","0","0","0","0","0","","1251","1","0","0","0","0","0","0","2","0","1","0","0","0","3","03","","N","","","","","","","","","",""
"2020034600","1300","0","0","0","0","0","0","0","0","0","8","0","","67","4","2020","3","39.937492","-75.225042","1252","6","0","0","0","0","0","0","0","0","","0","0","0","12","1","1","N","0","9","39 56:14.970","","0","75 13:30.150","4","0","0","0","67301","1","0","0","N","1","0","0","2","67301","1","","6.0","","9","N","N","N","0","","0","0","1","0","0","U","1240","2","1","0","0","0","0","0","2","0","1","1","0","0","4","","","N","","","","","","","","","",""
"2020034444","1639","0","0","0","0","0","0","0","0","0","7","0","","67","3","2020","3","39.935589","-75.199826","1637","6","0","0","0","0","0","0","0","0","","0","0","0","11","1","0","N","0","0","39 56:08.122","","0","75 11:59.375","0","0","0","0","67301","0","0","0","N","0","0","0","1","68K01","0","","7.0","","1","N","N","N","0","","0","0","0","0","0","","1100","1","0","0","0","0","0","0","2","1","1","0","0","0","3","03","","N","","","","","","","","","",""
"2020032307","1659","0","0","0","0","0","0","0","0","0","5","0","","67","3","2020","3","39.927636","-75.195767","1643","6","0","0","0","0","0","0","1","0","","0","0","0","16","1","0","N","0","2","39 55:39.490","3","0","75 11:44.761","0","0","0","0","67301","0","0","0","N","0","0","0","2","68K01","0","","1.0","1730.0","1","N","N","N","0","","0","0","1","0","0","N","1640","2","0","0","0","0","0","0","2","1","2","0","0","0","3","03","","N","","","","","","","","","",""
"2020012530","2217","1","0","0","0","0","0","0","0","0","7","0","","67","2","2020","7","39.944943","-75.198238","2212","6","0","0","0","0","0","0","0","0","","0","0","0","21","3","3","N","0","1","39 56:41.794","1","0","75 11:53.655","3","0","0","0","67301","0","0","0","N","0","0","0","3","67301","0","","3.0","2320.0","9","N","N","N","0","","3","0","0","0","0","N","2154","1","3","0","0","0","0","0","2","0","1","0","0","0","7","03","","N","","","","","","","","","",""
"2020034603","1312","1","0","0","0","0","0","0","0","0","1","0","","67","4","2020","4","39.922719","-75.238402","1258","6","0","0","0","0","0","1","0","0","","0","0","0","12","1","1","","1","0","39 55:21.788","","0","75 14:18.247","4","0","0","0","67301","0","0","0","N","0","0","0","2","67301","1","","1.0","","1","N","N","N","0","","0","0","0","3","2","","1257","2","1","0","0","0","0","1","2","0","2","0","0","0","3","","","N","","","","","","","","","",""
"2020016343","1005","2","0","0","0","0","0","0","0","0","1","0","","67","2","2020","3","40.100123","-75.021794","0959","6","0","0","0","0","0","1","0","0","","0","0","0","9","1","1","","1","0","40 06:00.444","","0","75 01:18.459","3","0","0","0","67301","0","0","0","N","0","0","0","3","67301","0","","1.0","","9","N","N","N","0","","1","0","1","3","2","","956","3","1","0","0","0","0","0","2","0","3","0","0","0","7","","","N","","","","","","","","","",""
"2020014948","1625","2","0","0","0","0","0","0","0","0","1","0","","67","2","2020","6","39.890271","-75.220795","1624","6","0","0","0","0","0","0","0","0","","0","0","0","16","1","2","N","0","1","39 53:24.975","1","0","75 13:14.863","3","0","0","0","67301","0","0","0","N","0","0","0","4","68K01","0","","2.0","1650.0","1","N","N","N","0","","2","0","0","0","0","N","1616","2","2","1","0","0","0","0","2","0","2","0","0","0","3","","","N","","","","","","","","","",""
"2020017151","0920","2","0","0","0","0","0","0","0","0","4","0","","67","2","2020","4","40.009015","-75.122233","0920","6","0","0","0","0","0","0","0","0","","0","0","0","9","1","1","N","0","1","40 00:32.453","2","0","75 07:20.038","3","0","0","0","67301","0","0","0","N","0","0","0","3","67301","0","","1.0","945.0","1","N","N","N","0","","1","0","0","0","0","N","918","2","1","3","0","0","0","0","2","0","2","0","0","0","3","","","N","","","","","","","","","",""
"2020034703","0335","1","0","0","0","0","0","0","0","0","7","0","","67","4","2020","6","39.948986","-75.235383","0325","6","0","0","0","0","0","0","0","0","","0","0","0","3","3","0","N","0","0","39 56:56.350","","0","75 14:07.380","0","0","0","0","67301","0","0","0","N","0","0","0","1","67301","0","","5.0","","9","N","Y","N","0","","0","0","0","3","2","","307","1","0","0","0","0","0","0","2","0","1","0","0","0","7","07","","N","","","","","","","","","",""
"2020032623","1711","2","0","0","0","0","0","0","0","0","2","0","","67","4","2020","2","40.061603","-75.200019","1710","6","0","0","0","0","0","0","0","0","","0","0","0","17","1","2","N","0","2","40 03:41.770","6","0","75 12:00.070","3","0","0","0","67301","0","0","0","N","0","0","0","2","67301","0","","1.0","1900.0","9","N","N","N","0","","2","0","0","0","0","Y","1705","2","2","0","0","0","0","0","2","0","2","0","0","0","3","03","","N","","","","","","","","","",""
"2020032308","2005","2","0","0","0","0","0","0","0","0","1","0","","67","3","2020","3","39.930143","-75.198363","1951","6","0","0","0","0","0","0","0","0","","0","0","0","19","3","0","N","0","0","39 55:48.514","","0","75 11:54.106","0","0","0","0","67301","0","0","0","N","0","0","0","2","68K01","0","","1.0","","1","N","N","N","0","","0","0","0","0","0","","1949","2","0","0","0","0","0","0","2","0","2","0","0","0","3","03","","N","","","","","","","","","",""
"2020037866","1352","0","0","0","0","0","0","0","0","0","4","0","","67","5","2020","6","40.055743","-75.158892","1352","6","0","0","0","0","0","1","0","0","","0","0","0","20","3","1","","1","9","40 03:20.676","","0","75 09:32.012","8","0","0","0","67301","0","0","0","N","0","0","0","1","67301","0","","1.0","","8","N","N","N","0","","0","0","2","3","2","","2000","2","1","0","0","0","1","0","2","0","2","0","0","0","7","07","","N","","","","","","","","","",""
"2020028486","0520","0","0","0","0","0","0","0","0","0","4","0","","67","3","2020","7","39.984768","-75.116675","0520","6","0","0","0","0","0","1","1","0","","0","0","0","5","1","1","","1","0","39 59:05.163","","0","75 07:00.029","8","0","0","0","67301","0","0","0","N","0","0","0","3","67301","0","","1.0","","1","N","N","N","0","","0","0","2","2","2","","520","2","1","0","0","0","1","0","2","0","2","0","0","0","3","03","","N","","","","","","","","","",""
"2020038680","0007","2","0","0","0","0","0","0","0","0","4","1","","67","5","2020","3","40.01384","-75.12598","0007","6","0","0","0","0","0","0","0","0","","1","1","0","0","3","1","","1","2","40 00:49.824","6","0","75 07:33.527","1","0","0","0","67301","0","0","0","N","0","0","0","3","67301","0","2","1.0","505.0","1","N","N","N","0","0","0","1","0","3","2","Y","0","3","1","0","0","0","0","0","2","0","3","0","0","0","3","03","","N","","","","","","","","","",""
"2020039036","0116","1","0","0","0","0","0","0","0","0","2","0","","67","5","2020","7","40.101331","-74.978961","0112","6","0","0","0","1","0","0","0","0","","0","0","0","1","3","0","N","0","0","40 06:04.790","","0","74 58:44.260","0","0","0","0","67301","0","0","0","N","0","0","0","1","67301","0","","6.0","","1","N","N","N","0","","0","0","2","3","3","","112","3","0","0","0","0","0","0","2","0","3","0","0","0","3","03","","N","","","","","","","","","",""
"2020035441","2252","1","0","1","0","0","0","0","0","0","1","1","","67","4","2020","5","39.906722","-75.138667","2252","6","0","0","0","0","0","0","0","0","","0","1","0","22","3","1","N","0","2","39 54:24.200","3","3","75 08:19.200","2","0","0","0","67301","0","0","0","N","0","0","0","2","67501","0","","1.0","2344.0","9","N","N","Y","0","","0","1","0","0","0","N","2252","2","1","0","0","0","0","0","2","0","2","0","0","0","7","","","N","","","","","","","","","",""
"2020037455","0144","1","0","0","0","0","0","0","0","0","0","0","","67","5","2020","6","40.026975","-75.026117","0134","6","0","0","0","0","0","0","0","0","","0","0","0","1","3","0","N","0","0","40 01:37.110","","0","75 01:34.021","0","0","0","0","67301","0","0","0","N","0","0","0","1","68K01","0","","4.0","","1","N","N","N","0","","0","0","0","0","0","","133","1","0","0","0","0","0","0","2","0","1","0","0","0","3","","","N","","","","","","","","","",""
"2020032288","1857","1","0","0","0","0","0","0","0","0","4","0","","67","4","2020","3","40.004692","-75.095893","1810","6","0","0","0","0","0","0","0","0","","0","0","0","18","4","0","","1","0","40 00:16.891","","0","75 05:45.214","0","0","0","0","67301","0","0","0","N","0","0","0","3","67301","0","","1.0","","1","N","N","N","0","","0","0","1","3","3","","1809","2","0","0","0","0","0","0","2","0","2","0","0","0","3","03","","N","","","","","","","","","",""
"2020022580","1950","2","0","0","0","0","0","0","0","0","1","0","","67","2","2020","6","39.984858","-75.09509","1944","6","0","0","0","0","0","1","1","0","","0","0","0","19","3","1","Y","0","0","39 59:05.489","","0","75 05:42.324","8","0","0","0","67301","0","0","0","N","0","0","0","6","68K01","0","","1.0","","1","N","N","N","1","","0","0","1","0","0","","1942","4","1","0","0","0","1","0","2","0","4","0","0","0","3","","","N","","","","","","","","","",""
"2020026216","1636","0","0","0","0","0","0","0","0","0","8","0","","67","3","2020","1","40.036536","-75.041388","1631","6","0","0","0","0","0","0","0","0","","0","0","0","14","1","1","N","0","0","40 02:11.530","","0","75 02:28.996","3","0","0","0","67301","1","0","0","N","1","0","0","1","67301","0","","4.0","","1","N","N","N","0","","1","0","1","0","0","","1400","2","1","0","0","0","0","0","2","0","1","1","0","0","3","03","","N","","","","","","","","","",""
"2020036335","0940","1","0","0","0","0","0","0","0","0","2","0","","67","3","2020","5","40.072125","-75.192823","0930","6","0","0","0","0","0","0","0","0","","0","0","0","8","1","0","","1","0","40 04:19.649","","0","75 11:34.162","0","0","0","0","67301","0","0","0","N","0","0","0","2","67301","0","","1.0","","1","N","N","N","1","","0","0","0","3","3","","830","2","0","0","0","0","0","0","2","0","2","0","0","0","3","","","N","","","","","","","","","",""
"2020034242","0132","1","0","0","0","0","0","0","0","0","5","0","","67","3","2020","7","39.957137","-75.180398","0120","6","0","0","1","0","0","1","0","0","","0","0","0","1","3","0","N","0","1","39 57:25.694","3","0","75 10:49.431","0","0","0","0","67301","0","0","0","N","0","0","0","3","68K01","0","","1.0","145.0","1","N","N","N","0","","0","0","1","0","0","N","119","2","0","0","0","0","0","0","2","0","2","0","0","0","3","03","","N","","","","","","","","","",""
"2020017149","0337","2","0","0","0","0","0","0","0","0","1","0","","67","2","2020","1","40.047871","-75.168722","0333","6","0","0","0","0","0","1","0","0","","0","0","0","3","3","1","N","0","0","40 02:52.334","","0","75 10:07.400","3","0","0","0","67301","0","0","0","N","0","0","0","1","67301","0","","6.0","","1","N","N","N","0","","1","0","0","0","0","","330","2","1","0","0","0","0","0","2","0","2","0","0","0","3","","","N","","","","","","","","","",""
"2020016624","1223","1","0","0","0","0","0","0","0","0","1","1","","67","2","2020","4","39.878806","-75.249324","1229","6","0","0","0","0","0","3","0","0","","0","1","0","12","1","0","N","0","1","39 52:43.702","1","0","75 14:57.567","0","0","0","0","67301","0","0","0","N","0","0","0","3","67301","0","","1.0","1445.0","1","N","N","N","0","","0","0","1","0","0","N","1215","3","0","0","0","0","0","0","2","0","3","0","0","0","3","03","","N","","","","","","","","","",""
"2020014823","2015","0","0","0","0","0","0","0","0","0","8","0","","67","2","2020","5","39.968117","-75.225136","2014","6","0","0","0","0","0","0","0","0","","0","0","0","20","3","1","","1","0","39 58:05.221","","0","75 13:30.489","4","0","0","0","67301","1","0","0","N","1","0","0","2","67301","1","","1.0","","8","N","N","N","0","","0","0","0","3","2","","2010","2","1","0","0","0","0","0","2","0","1","1","0","0","7","07","","N","","","","","","","","","",""
"2020016283","0640","0","0","0","0","0","0","1","0","0","1","1","","67","1","2020","6","39.981952","-75.239038","0635","6","0","0","0","0","0","0","0","0","","0","0","0","6","5","1","","1","0","39 58:55.028","","0","75 14:20.537","3","0","0","0","67301","0","0","0","N","0","0","0","3","67301","0","","1.0","","1","Y","N","N","1","","1","0","0","3","2","","629","2","1","0","0","0","0","0","2","0","2","0","0","0","3","03","","N","","","","","","","","","",""
"2020034942","1502","0","0","0","0","0","0","0","0","0","7","0","","67","4","2020","6","39.919947","-75.200876","1447","6","0","0","0","0","0","0","0","0","","0","0","0","14","1","1","N","0","0","39 55:11.808","","3","75 12:03.155","4","0","0","0","67301","0","0","0","N","0","0","0","1","67301","1","","4.0","","9","N","N","N","0","","0","0","1","0","0","","1444","1","1","0","0","0","0","0","2","0","1","0","0","0","7","04","","N","","","","","","","","","",""
"2020015744","2130","1","0","0","0","0","0","0","0","0","8","0","","67","2","2020","2","39.984698","-75.156558","2205","6","0","0","0","0","0","0","0","0","","0","0","0","21","3","1","","1","0","39 59:04.913","","0","75 09:23.609","8","0","0","0","67301","1","0","0","N","1","0","0","2","67505","0","","1.0","","9","N","N","N","0","","0","0","0","3","2","","2100","2","1","0","0","0","1","0","2","0","1","1","0","0","7","07","","N","","","","","","","","","",""
"2020034572","2232","1","0","0","0","0","0","0","0","0","1","0","","67","4","2020","4","39.978793","-75.203215","2227","6","0","0","0","0","0","1","0","0","","0","0","0","22","3","2","N","0","2","39 58:43.656","3","0","75 12:11.574","4","0","0","0","67301","0","0","0","N","0","0","0","4","68K01","1","","1.0","45.0","1","N","N","N","1","","0","0","1","0","0","N","2223","3","2","0","0","0","1","0","2","0","3","0","0","0","3","","","N","","","","","","","","","",""
"2020034416","2301","0","0","0","0","0","0","0","0","0","7","0","","67","3","2020","5","39.89251","-75.222555","1100","6","0","0","0","0","0","0","0","0","","1","0","0","23","3","0","N","1","9","39 53:33.035","","2","75 13:21.198","1","1","0","1","67301","0","0","0","N","0","0","0","1","67301","0","2","4.0","","1","N","N","N","0","0","0","0","0","9","2","","2301","1","0","0","0","0","0","0","2","0","1","0","0","0","3","","","N","","","","","","","","","",""
"2020034780","0206","1","0","0","0","0","0","0","0","0","5","0","","67","4","2020","1","39.925306","-75.157649","0203","6","0","0","0","0","0","0","0","0","","0","0","0","2","3","0","","1","0","39 55:31.101","","0","75 09:27.538","0","0","0","0","67301","0","0","0","N","0","0","0","1","67301","0","","1.0","","1","N","N","N","0","","0","0","1","0","0","","200","2","0","1","0","0","0","0","2","0","2","0","0","0","3","03","","N","","","","","","","","","",""
"2020037174","1410","1","0","0","0","0","0","0","0","0","8","0","","67","5","2020","4","40.032902","-75.063479","1401","6","0","0","0","0","0","0","0","0","","0","0","0","13","1","1","N","0","1","40 01:58.446","1","0","75 03:48.525","8","0","0","0","67301","1","0","0","N","1","0","0","2","67301","0","","1.0","1500.0","9","N","N","N","0","","0","0","0","0","0","N","1355","2","1","0","0","0","1","0","2","0","1","1","0","0","7","","","N","","","","","","","","","",""
"2020017014","0007","2","0","0","0","0","0","0","0","0","4","0","","67","2","2020","7","40.117875","-75.006764","2359","6","0","0","0","0","0","0","0","0","","0","0","0","23","3","0","","2","1","40 07:04.349","4","0","75 00:24.350","0","0","0","0","67301","0","0","0","N","0","0","0","2","67301","0","","1.0","1.0","1","N","N","N","0","","0","0","0","0","0","N","2340","2","0","0","0","0","0","0","2","0","2","0","0","0","3","03","","N","","","","","","","","","",""
"2020015152","1103","1","0","0","0","0","0","0","0","0","7","0","","67","2","2020","7","40.036329","-75.064237","1054","6","0","0","0","0","0","0","0","0","","0","0","0","10","1","0","","1","0","40 02:10.785","","0","75 03:51.253","0","0","0","0","67301","0","0","0","N","0","0","0","1","67301","0","","3.0","","1","N","N","N","0","","0","0","0","3","2","","1050","1","0","0","0","0","0","0","2","0","1","0","0","0","3","","","N","","","","","","","","","",""
"2020015378","1405","1","0","0","0","0","0","0","0","0","2","0","","67","2","2020","6","39.896697","-75.182867","1350","6","0","0","0","0","0","0","0","0","","0","0","0","13","1","1","N","0","2","39 53:48.110","6","0","75 10:58.320","3","0","0","0","67301","0","0","0","N","0","0","0","2","67301","0","","1.0","1515.0","1","N","N","N","0","","1","0","0","0","0","Y","1349","2","1","0","0","0","0","0","2","0","2","0","0","0","4","","","N","","","","","","","","","",""
"2020034934","0748","0","0","0","0","0","0","0","0","0","7","0","","67","4","2020","1","39.981251","-75.206879","0748","6","0","0","0","0","0","0","0","0","","0","0","0","7","1","1","N","0","2","39 58:52.505","3","0","75 12:24.765","8","0","0","0","67301","0","0","0","N","0","0","0","1","68K01","0","","2.0","823.0","9","N","N","N","0","","0","0","1","0","0","Y","745","1","1","1","0","0","1","0","2","0","1","0","0","0","7","","","N","","","","","","","","","",""
"2020034450","1200","0","0","0","0","0","0","0","0","0","5","0","","67","4","2020","1","39.990841","-75.204543","1157","6","0","0","0","0","0","0","1","0","","0","0","0","11","1","0","N","0","0","39 59:27.028","","0","75 12:16.356","9","0","0","0","67301","0","0","0","N","0","0","0","2","68K01","0","","1.0","","1","N","N","N","0","","0","0","1","0","0","","1154","2","0","0","0","0","0","1","2","0","2","0","0","0","3","03","","N","","","","","","","","","",""
"2020033595","1845","1","0","0","0","0","0","0","0","0","8","0","","67","3","2020","4","40.037664","-75.142033","1845","6","0","0","0","0","0","0","0","0","","0","0","0","15","1","1","N","0","0","40 02:15.590","","7","75 08:31.320","8","0","0","0","67301","1","0","0","N","1","0","0","2","67301","0","","9.0","","1","N","N","N","0","","0","0","0","0","0","","1545","2","1","0","0","0","1","0","2","0","1","1","0","0","3","03","","N","","","","","","","","","",""
"2020034779","1420","2","0","0","0","0","0","0","0","0","1","0","","67","4","2020","7","39.898072","-75.210826","1406","6","0","0","0","0","0","0","0","0","","0","0","0","14","1","1","N","0","0","39 53:53.060","","3","75 12:38.973","3","0","0","0","67301","0","0","0","N","0","0","0","2","67301","0","","1.0","","1","N","N","N","0","","1","0","0","0","0","","1404","2","1","0","0","0","0","0","2","0","2","0","0","0","3","03","","N","","","","","","","","","",""
"2020016848","0318","1","0","0","0","0","0","0","0","0","7","0","","67","2","2020","5","39.973509","-75.209304","0304","6","0","0","0","0","0","0","0","0","","0","0","0","3","3","0","N","0","0","39 58:24.633","","0","75 12:33.494","0","0","0","0","67301","0","0","0","N","0","0","0","1","67301","0","","3.0","","9","N","N","N","0","","0","0","0","3","2","","304","1","0","0","0","0","0","0","2","0","1","0","0","0","3","","","N","","","","","","","","","",""
"2020016284","0134","1","0","0","0","0","0","0","0","0","5","0","","67","2","2020","2","40.028661","-75.146897","0134","6","0","0","0","0","0","0","0","0","","0","0","0","1","3","1","N","0","0","40 01:43.181","","0","75 08:48.828","8","0","0","0","67301","0","0","0","N","0","0","0","1","67301","0","","6.0","","1","N","N","N","0","","0","0","1","9","2","","134","2","1","0","0","0","1","0","2","0","2","0","0","0","3","03","","N","","","","","","","","","",""
"2020034746","0815","0","0","0","0","0","0","0","0","0","4","1","","67","4","2020","2","40.010821","-75.126649","0813","6","0","0","0","0","0","0","0","0","","0","1","0","7","1","6","","1","2","40 00:38.955","7","0","75 07:35.936","8","0","0","0","67301","0","0","0","N","0","0","0","6","67301","0","","1.0","1200.0","1","N","N","N","0","","0","0","0","9","8","Y","704","2","6","0","0","0","6","0","2","1","2","0","0","0","4","04","","N","","","","","","","","","",""
"2020015082","0735","0","0","0","0","0","0","0","0","0","4","0","","67","2","2020","6","39.894555","-75.229568","0730","6","0","0","0","0","0","2","0","0","","0","0","0","7","5","2","","2","0","39 53:40.398","","0","75 13:46.445","3","0","0","0","67301","0","0","0","N","0","0","0","6","67301","1","","1.0","","9","N","N","N","0","","1","0","3","2","1","","730","3","2","0","0","0","0","0","2","0","3","0","0","0","7","07","","N","","","","","","","","","",""
"2020034771","2337","2","0","0","0","0","0","0","0","0","5","0","","67","4","2020","6","39.960521","-75.181867","2333","6","0","0","0","1","1","0","0","0","","0","0","0","23","3","1","N","0","1","39 57:37.877","3","0","75 10:54.721","3","0","0","0","67301","0","0","0","N","0","0","0","5","68K01","0","","1.0","2345.0","1","N","N","N","0","","1","0","0","0","0","N","2327","2","1","2","0","0","0","0","2","0","2","0","0","0","3","","","N","","","","","","","","","",""
"2020037051","1925","1","0","0","0","0","0","0","0","0","2","0","","67","5","2020","4","40.033725","-75.127783","1921","6","0","0","0","0","0","0","0","0","","0","0","0","19","1","1","N","0","0","40 02:01.410","","99","75 07:40.020","3","0","0","0","67301","0","0","0","N","0","0","0","4","67301","0","","9.0","","9","N","N","N","0","","1","0","1","0","0","","1920","2","1","0","0","0","0","0","2","0","2","0","0","0","4","04","","N","","","","","","","","","",""
"2020034207","1047","1","0","0","0","0","0","0","0","0","7","0","","67","4","2020","7","39.981001","-75.206576","1046","6","0","0","0","0","0","0","0","0","","0","0","0","10","1","1","N","0","1","39 58:51.605","3","0","75 12:23.673","3","0","0","0","67301","0","0","0","N","0","0","0","1","68K01","0","","5.0","1130.0","9","N","N","N","0","","1","0","0","0","0","N","1046","1","1","1","0","0","0","0","2","0","1","0","0","0","3","03","","N","","","","","","","","","",""
"2020014644","1845","0","0","0","0","0","0","0","0","0","8","0","","67","1","2020","1","39.993665","-75.154521","1843","6","0","0","0","0","0","0","0","0","","1","0","0","3","3","0","N","0","0","39 59:37.195","","3","75 09:16.274","1","0","0","0","67301","1","1","0","N","1","1","0","2","67301","0","2","9.0","","1","N","N","N","0","0","0","0","0","0","0","","344","2","0","0","0","0","0","1","2","0","1","1","1","0","3","03","","N","","","","","","","","","",""
"2020035931","0742","0","0","0","0","0","0","0","0","0","4","0","","67","5","2020","6","40.064454","-75.023403","0742","6","0","0","0","0","0","0","0","0","","0","0","0","7","1","1","N","0","2","40 03:52.033","4","0","75 01:24.251","3","0","0","0","67301","0","0","0","N","0","0","0","1","67301","0","","6.0","930.0","9","N","N","Y","0","","1","0","2","3","8","Y","740","2","1","0","0","0","0","0","2","0","2","0","0","0","4","04","","N","","","","","","","","","",""
"2020035721","1751","1","0","0","0","0","0","0","0","0","2","0","","67","4","2020","7","40.038215","-75.036996","1749","6","0","0","0","0","0","0","0","0","","0","0","0","17","1","1","N","0","0","40 02:17.573","","0","75 02:13.187","2","0","1","1","67301","0","0","0","N","0","0","0","3","67301","0","","1.0","","1","N","N","N","0","","0","1","0","0","0","","1748","2","1","0","0","0","0","0","2","0","2","0","0","0","3","03","","N","","","","","","","","","",""
"2020014826","1547","1","0","0","0","0","0","0","0","0","1","1","","67","1","2020","6","39.986481","-75.170172","1545","6","0","1","0","0","0","1","0","0","","0","1","0","15","1","1","Y","0","2","39 59:11.330","6","0","75 10:12.620","3","0","0","0","67301","0","0","0","N","0","0","0","5","67301","0","","1.0","1700.0","1","N","N","N","0","","1","0","0","9","2","Y","1545","3","1","0","0","0","0","0","2","1","3","0","0","0","3","03","","N","","","","","","","","","",""
"2020035015","1803","0","0","0","0","0","0","0","0","0","7","1","","67","4","2020","4","39.999625","-75.190584","1751","6","0","0","0","0","0","0","0","0","","0","1","0","17","1","0","","2","2","39 59:58.649","3","0","75 11:26.101","0","0","0","0","67301","0","0","0","N","0","0","0","1","67301","0","","2.0","1815.0","1","N","N","N","0","","0","0","0","3","2","Y","1735","1","0","0","0","0","0","0","2","0","1","0","0","0","3","","","N","","","","","","","","","",""
"2020034253","2338","1","0","0","0","0","0","0","0","0","5","0","","67","4","2020","1","39.959995","-75.181363","2334","6","0","0","0","0","0","0","0","0","","0","0","0","23","3","0","N","0","1","39 57:35.983","3","0","75 10:52.908","9","0","0","0","67301","0","0","0","N","0","0","0","2","68K01","0","","1.0","2345.0","1","N","N","N","0","","0","0","0","0","0","N","2322","2","0","0","0","0","0","1","2","0","2","0","0","0","3","","","N","","","","","","","","","",""
"2020038977","2054","2","0","0","0","0","0","0","0","0","4","0","","67","5","2020","5","40.039458","-75.077435","2053","6","0","0","0","0","1","0","0","0","","0","0","0","19","3","1","","1","9","40 02:22.048","","0","75 04:38.765","8","0","0","0","67301","0","0","0","N","0","0","0","3","67301","0","","1.0","","1","N","N","N","0","","0","0","0","3","2","U","1950","2","1","0","0","0","1","1","2","0","2","0","0","0","3","03","","N","","","","","","","","","",""
"2020016625","1406","2","0","0","0","0","0","0","0","0","4","0","","67","2","2020","4","39.978847","-75.170282","1356","6","0","0","0","0","0","1","0","0","","0","0","0","13","1","0","","1","2","39 58:43.848","7","0","75 10:13.015","0","0","0","0","67301","0","0","0","N","0","0","0","2","67301","0","","1.0","1438.0","1","N","N","N","0","","0","0","0","3","2","Y","1355","2","0","0","0","0","0","0","2","0","2","0","0","0","4","","","N","","","","","","","","","",""