"CRN","ARRIVAL_TM","AUTOMOBILE_COUNT","BELTED_DEATH_COUNT","BELTED_SUSP_SERIOUS_INJ_COUNT","BICYCLE_COUNT","BICYCLE_DEATH_COUNT","BICYCLE_SUSP_SERIOUS_INJ_COUNT","BUS_COUNT","CHLDPAS_DEATH_COUNT","CHLDPAS_SUSP_SERIOUS_INJ_COUNT","COLLISION_TYPE","COMM_VEH_COUNT","CONS_ZONE_SPD_LIM","COUNTY","CRASH_MONTH","CRASH_YEAR","DAY_OF_WEEK","DEC_LATITUDE","DEC_LONGITUDE","DISPATCH_TM","DISTRICT","DRIVER_COUNT_16YR","DRIVER_COUNT_17YR","DRIVER_COUNT_18YR","DRIVER_COUNT_19YR","DRIVER_COUNT_20YR","DRIVER_COUNT_50_64YR","DRIVER_COUNT_65_74YR","DRIVER_COUNT_75PLUS","EST_HRS_CLOSED","FATAL_COUNT","HEAVY_TRUCK_COUNT","HORSE_BUGGY_COUNT","HOUR_OF_DAY","ILLUMINATION","INJURY_COUNT","INTERSECTION_RELATED","INTERSECT_TYPE","LANE_CLOSED","LATITUDE","LN_CLOSE_DIR","LOCATION_TYPE","LONGITUDE","MAX_SEVERITY_LEVEL","MCYCLE_DEATH_COUNT","MCYCLE_SUSP_SERIOUS_INJ_COUNT","MOTORCYCLE_COUNT","MUNICIPALITY","NONMOTR_COUNT","NONMOTR_DEATH_COUNT","NONMOTR_SUSP_SERIOUS_INJ_COUNT","NTFY_HIWY_MAINT","PED_COUNT","PED_DEATH_COUNT","PED_SUSP_SERIOUS_INJ_COUNT","PERSON_COUNT","POLICE_AGCY","POSSIBLE_INJ_COUNT","RDWY_SURF_TYPE_CD","RELATION_TO_ROAD","ROADWAY_CLEARED","ROAD_CONDITION","SCH_BUS_IND","SCH_ZONE_IND","SECONDARY_CRASH","SMALL_TRUCK_COUNT","SPEC_JURIS_CD","SUSP_MINOR_INJ_COUNT","SUSP_SERIOUS_INJ_COUNT","SUV_COUNT","TCD_FUNC_CD","TCD_TYPE","TFC_DETOUR_IND","TIME_OF_DAY","TOTAL_UNITS","TOT_INJ_COUNT","UNBELTED_OCC_COUNT","UNB_DEATH_COUNT","UNB_SUSP_SERIOUS_INJ_COUNT","UNK_INJ_DEG_COUNT","UNK_INJ_PER_COUNT","URBAN_RURAL","VAN_COUNT","VEHICLE_COUNT","VULNERABLE_ROAD_USER_COUNT","VULNERABLE_ROAD_USER_DEATH_COUNT","VULNERABLE_ROAD_USER_SER_INJ_COUNT","WEATHER1","WEATHER2","WORKERS_PRES","WORK_ZONE_IND","WORK_ZONE_LOC","WORK_ZONE_TYPE","WZ_CLOSE_DETOUR","WZ_FLAGGER","WZ_LAW_OFFCR_IND","WZ_LN_CLOSURE","WZ_MOVING","WZ_OTHER","WZ_SHLDER_MDN","WZ_WORKERS_INJ_KILLED"
"2020034747","2032","1","0","0","0","0","0","0","0","0","7","0","","67","4","2020","4","40.004553","-75.132456","2028","6","0","0","0","0","0","1","0","0","","0","0","0","18","4","2","N","0","0","40 00:16.390","","0","75 07:56.840","2","0","0","0","67301","0","0","0","N","0","0","0","2","67301","1","","2.0","","1","N","N","N","0","","0","1","0","3","1","","1848","1","2","1","0","1","0","0","2","0","1","0","0","0","3","03","","N","","","","","","","","","",""
"2020038037","1404","2","0","0","0","0","0","0","0","0","4","0","","67","5","2020","1","40.017689","-75.150051","1400","6","0","0","0","0","0","0","0","0","","0","0","0","13","1","2","N","0","1","40 01:03.681","3","7","75 09:00.185","3","0","0","0","67301","0","0","0","N","0","0","0","4","67301","0","","1.0","1450.0","1","N","N","N","0","","2","0","0","0","0","Y","1348","2","2","1","0","0","0","0","2","0","2","0","0","0","3","","","N","","","","","","","","","",""
"2020038518","0135","1","0","0","0","0","0","0","0","0","7","0","","67","5","2020","1","39.959906","-75.140816","0135","6","0","0","0","0","0","0","0","0","","0","0","0","1","3","0","N","0","1","39 57:35.660","2","0","75 08:26.939","0","0","0","0","67301","0","0","0","N","0","0","0","1","68K01","0","","4.0","152.0","1","N","N","N","0","","0","0","0","0","0","N","128","1","0","0","0","0","0","0","2","0","1","0","0","0","3","","","N","","","","","","","","","",""
"2020045923","1657","1","0","0","0","0","0","0","0","0","1","0","","67","5","2020","4","39.934046","-75.199933","1645","6","0","0","0","0","0","0","0","0","","0","0","0","16","1","1","N","0","1","39 56:02.564","4","0","75 11:59.757","3","0","0","0","67301","0","0","0","N","0","0","0","3","68K01","0","","1.0","1710.0","1","N","N","N","0","","1","0","1","0","0","N","1640","2","1","0","0","0","0","0","2","0","2","0","0","0","3","","","N","","","","","","","","","",""
"2020043956","0350","0","0","0","0","0","0","0","0","0","4","2","","67","6","2020","6","40.02978","-75.104603","0340","6","0","0","0","0","0","0","0","0","","0","2","0","3","3","0","N","0","1","40 01:47.207","5","6","75 06:16.570","0","0","0","0","67301","0","0","0","Y","0","0","0","2","67301","0","","1.0","400.0","9","N","N","N","0","","0","0","0","0","0","N","337","2","0","0","0","0","0","0","2","0","2","0","0","0","7","","","N","","","","","","","","","",""
"2020034946","1722","0","0","0","0","0","0","0","0","0","4","0","","67","4","2020","1","40.029502","-75.146713","1720","6","0","0","0","0","0","0","0","0","","0","0","0","5","1","0","","2","0","40 01:46.206","","0","75 08:48.166","9","0","0","0","67301","0","0","0","N","0","0","0","1","67301","0","","1.0","","9","N","N","N","0","","0","0","2","0","0","","520","2","0","0","0","0","0","1","2","0","2","0","0","0","7","07","","N","","","","","","","","","",""
"2020035726","1331","0","0","0","0","0","0","0","0","0","8","1","","67","4","2020","3","39.994672","-75.139669","1314","6","0","0","0","0","0","1","0","0","","0","1","0","13","1","1","N","0","1","39 59:40.820","1","0","75 08:22.810","3","0","0","0","67301","1","0","0","N","1","0","0","2","67301","0","","1.0","1420.0","1","N","N","N","0","","1","0","1","0","0","Y","1313","3","1","0","0","0","0","0","2","0","2","1","0","0","3","03","","N","","","","","","","","","",""
"2020036490","1548","0","0","0","0","0","0","0","0","0","8","0","","67","5","2020","2","40.049738","-75.095463","1541","6","0","0","0","0","0","0","0","0","","0","0","0","15","1","1","N","0","0","40 02:59.056","","0","75 05:43.665","4","0","0","0","67301","1","0","0","N","1","0","0","1","67301","1","","6.0","","1","N","N","N","0","","0","0","1","0","0","","1509","2","1","0","0","0","0","0","2","0","1","1","0","0","3","","","N","","","","","","","","","",""
"2020033988","1810","3","0","0","0","0","0","0","0","0","5","0","","67","4","2020","2","40.015247","-75.16985","1806","6","0","0","0","0","0","1","0","0","","0","0","0","18","1","1","","1","0","40 00:54.888","","0","75 10:11.461","3","0","0","0","67301","0","0","0","N","0","0","0","3","67301","0","","1.0","","1","N","N","N","0","","1","0","0","3","2","","1800","3","1","0","0","0","0","0","2","0","3","0","0","0","3","03","","N","","","","","","","","","",""
"2020035650","1043","1","0","0","0","0","0","0","0","0","7","0","","67","4","2020","6","40.037277","-75.041845","1036","6","0","0","0","0","0","0","1","0","","1","0","0","10","1","0","N","0","0","40 02:14.196","","0","75 02:30.641","1","0","0","0","67301","0","0","0","N","0","0","0","1","67301","0","2","4.0","","1","N","N","N","0","0","0","0","1","0","0","","1032","2","0","0","0","0","0","0","2","0","2","0","0","0","3","03","","N","","","","","","","","","",""
"2020017153","0930","2","0","0","0","0","0","0","0","0","4","0","","67","2","2020","6","39.983183","-75.144946","0926","6","0","0","0","0","0","0","0","0","","0","0","0","9","1","1","","1","0","39 58:59.458","","0","75 08:41.805","4","0","0","0","67301","0","0","0","N","0","0","0","3","67301","1","","1.0","","1","N","N","N","0","","0","0","0","3","3","","922","2","1","3","0","0","0","0","2","0","2","0","0","0","3","03","","N","","","","","","","","","",""
"2020038930","1405","0","0","0","0","0","0","0","0","0","7","1","","67","4","2020","1","39.887475","-75.215678","1355","6","0","0","0","0","0","0","0","0","","0","1","0","13","1","0","N","0","1","39 53:14.910","2","0","75 12:56.440","0","0","0","0","67301","0","0","0","Y","0","0","0","1","68K01","0","","2.0","1530.0","9","N","N","N","0","","0","0","0","0","0","N","1350","1","0","0","0","0","0","0","2","0","1","0","0","0","7","","","N","","","","","","","","","",""
"2020037927","1545","2","0","0","0","0","0","0","0","0","4","0","","67","5","2020","1","39.962896","-75.201892","1545","6","0","0","0","0","0","0","0","0","","0","0","0","14","1","0","N","0","0","39 57:46.426","","0","75 12:06.810","0","0","0","0","67301","0","0","0","N","0","0","0","0","67301","0","","6.0","","1","N","N","N","0","","0","0","1","0","0","","1419","3","0","0","0","0","0","0","2","0","3","0","0","0","3","","","N","","","","","","","","","",""
"2020036596","2137","1","0","0","0","0","0","0","0","0","1","0","","67","4","2020","2","39.934243","-75.14494","2133","6","0","0","0","0","1","0","0","0","","0","0","0","21","3","1","N","0","2","39 56:03.273","1","0","75 08:41.783","4","0","0","0","67301","0","0","0","N","0","0","0","2","68K01","1","","1.0","2230.0","1","N","N","N","0","","0","0","1","0","0","N","2132","2","1","0","0","0","0","0","2","0","2","0","0","0","3","03","","N","","","","","","","","","",""
"2020017364","2253","1","0","0","0","0","0","0","0","0","1","0","","67","2","2020","2","39.931939","-75.194008","2252","6","0","0","0","0","0","0","0","0","","0","0","0","22","3","1","N","0","2","39 55:54.980","2","0","75 11:38.430","4","0","0","0","67301","0","0","0","N","0","0","0","1","67301","1","","1.0","2330.0","1","N","N","N","0","","0","0","1","0","0","Y","2250","2","1","1","0","0","0","0","2","0","2","0","0","0","3","","","N","","","","","","","","","",""
"2020034196","1633","0","0","0","0","0","0","0","0","0","7","1","","67","4","2020","2","40.033246","-75.020264","1625","6","0","0","0","0","0","0","0","0","","0","1","0","16","1","1","N","0","1","40 01:59.684","1","0","75 01:12.949","8","0","0","0","67301","0","0","0","N","0","0","0","1","68K01","0","","2.0","200.0","9","N","N","N","0","","0","0","0","0","0","N","1622","1","1","0","0","0","1","0","2","0","1","0","0","0","3","","","N","","","","","","","","","",""
"2020034418","1955","2","0","0","0","0","0","0","0","0","1","0","","67","4","2020","3","40.018376","-75.16776","1945","6","0","0","1","0","0","0","0","0","","0","0","0","19","4","0","N","0","1","40 01:06.152","2","0","75 10:03.937","9","0","0","0","67301","0","0","0","N","0","0","0","2","67301","0","","1.0","2106.0","1","N","N","N","0","","0","0","0","0","0","N","1942","2","0","1","0","0","0","1","2","0","2","0","0","0","3","","","N","","","","","","","","","",""
"2020034811","0201","0","0","0","0","0","0","0","0","0","7","0","","67","4","2020","1","39.920868","-75.195919","0201","6","0","0","0","0","0","1","0","0","","0","0","0","1","3","0","N","0","0","39 55:15.124","","3","75 11:45.307","0","0","0","0","67301","0","0","0","N","0","0","0","1","67301","0","","3.0","","9","N","N","Y","0","","0","0","1","0","0","","150","1","0","1","0","0","0","0","2","0","1","0","0","0","7","07","","N","","","","","","","","","",""
"2020016619","0131","1","0","0","0","0","0","0","0","0","7","0","","67","2","2020","3","39.919579","-75.203438","0121","6","0","0","0","0","0","0","0","0","","0","0","0","1","3","1","N","0","1","39 55:10.484","4","3","75 12:12.377","3","0","0","0","67301","0","0","0","N","0","0","0","1","67301","0","","3.0","30.0","9","N","N","N","0","","1","0","0","0","0","Y","109","1","1","0","0","0","0","0","2","0","1","0","0","0","7","","","N","","","","","","","","","",""
"2020036586","1031","0","0","0","0","0","0","0","0","0","7","1","","67","3","2020","2","39.960105","-75.180504","1028","6","0","0","0","0","0","0","0","0","","0","1","0","10","1","0","N","0","2","39 57:36.378","3","0","75 10:49.815","0","0","0","0","67301","0","0","0","N","0","0","0","1","68K01","0","","4.0","1200.0","9","N","N","N","0","","0","0","0","0","0","Y","1026","1","0","0","0","0","0","0","2","0","1","0","0","0","7","","","N","","","","","","","","","",""
"2020017015","2110","1","0","0","0","0","0","0","0","0","7","0","","67","2","2020","5","40.042608","-75.185588","2105","6","0","0","0","0","0","0","0","0","","0","0","0","19","3","1","","2","2","40 02:33.388","7","0","75 11:08.116","8","0","0","0","67301","0","0","0","N","0","0","0","1","67301","0","","4.0","2100.0","1","N","N","N","0","","0","0","0","0","0","N","1951","1","1","0","0","0","1","0","2","0","1","0","0","0","3","03","","N","","","","","","","","","",""
"2020004008","0005","1","0","0","0","0","0","0","0","0","4","0","","67","1","2020","6","40.037211","-75.136476","0000","6","0","0","0","0","0","1","0","0","","0","0","0","23","3","0","","3","1","40 02:13.959","6","0","75 08:11.315","0","0","0","0","67301","0","0","0","N","0","0","0","2","67301","0","","1.0","135.0","9","N","N","N","0","","0","0","1","3","3","N","2327","2","0","0","0","0","0","0","2","0","2","0","0","0","7","07","","N","","","","","","","","","",""
"2020014641","0540","0","0","0","0","0","0","0","0","0","2","1","","67","1","2020","7","39.979381","-75.093142","0530","6","0","0","0","0","0","0","0","0","","1","1","0","5","3","1","N","0","2","39 58:45.772","5","0","75 05:35.311","1","0","0","0","67301","0","0","0","N","0","0","0","2","67301","1","2","1.0","800.0","1","N","N","N","0","0","0","0","0","0","0","Y","525","2","1","0","0","0","0","0","2","1","2","0","0","0","3","","","N","","","","","","","","","",""
"2020034053","1300","2","0","0","0","0","0","0","0","0","1","0","","67","4","2020","6","40.007309","-75.072613","1251","6","0","0","0","0","0","0","0","0","","0","0","0","12","1","2","N","0","2","40 00:26.314","1","0","75 04:21.407","8","0","0","0","67301","0","0","0","N","0","0","0","2","68K01","0","","1.0","30.0","1","N","N","N","0","","0","0","0","0","0","N","1250","2","2","1","0","0","2","0","2","0","2","0","0","0","3","03","","N","","","","","","","","","",""
"2020033725","1622","1","0","0","0","0","0","0","0","0","5","0","","67","3","2020","5","39.996118","-75.196998","1619","6","0","0","0","0","0","0","0","0","","0","0","0","16","1","1","N","0","2","39 59:46.023","4","0","75 11:49.191","3","0","0","0","67301","0","0","0","N","0","0","0","1","68K01","0","","4.0","20.0","1","N","N","N","0","","1","0","0","0","0","N","1618","2","1","0","0","0","0","0","2","0","2","0","0","0","3","03","","N","","","","","","","","","",""
"2020014952","1953","2","0","0","0","0","0","0","0","0","1","0","","67","1","2020","5","40.009693","-75.065228","1944","6","0","0","0","0","0","0","0","0","","0","0","0","19","3","0","N","0","0","40 00:34.896","","0","75 03:54.821","9","0","0","0","67301","0","0","0","N","0","0","0","3","68K01","0","","1.0","","1","N","N","N","0","","0","0","0","0","0","","1929","3","0","0","0","0","0","1","2","0","3","0","0","0","3","03","","N","","","","","","","","","",""
"2020014888","2050","1","0","0","0","0","0","0","0","0","8","0","","67","2","2020","5","39.962831","-75.234889","2050","6","0","0","0","0","0","0","0","0","","0","0","0","20","3","1","N","0","0","39 57:46.190","","0","75 14:05.600","3","0","0","0","67301","1","0","0","N","1","0","0","1","67301","0","","1.0","","9","N","N","N","0","","1","0","0","0","0","","2000","2","1","0","0","0","0","0","2","0","1","1","0","0","7","07","","N","","","","","","","","","",""
"2020034606","1020","1","0","0","0","0","0","0","0","0","4","0","","67","4","2020","4","39.904797","-75.238","1017","6","0","0","0","0","0","1","0","0","","0","0","0","19","3","0","N","0","0","39 54:17.269","","7","75 14:16.800","9","0","0","0","67301","0","0","0","N","0","0","0","2","67301","0","","1.0","","99","N","N","N","0","","0","0","1","0","0","","1930","2","0","1","0","0","0","2","2","0","2","0","0","0","99","","","N","","","","","","","","","",""
"2020035274","0205","1","0","0","0","0","0","0","0","0","8","0","","67","4","2020","1","39.993733","-75.118453","0200","6","0","0","0","0","0","0","0","0","","0","0","0","1","3","1","N","0","0","39 59:37.440","","99","75 07:06.430","8","0","0","0","67301","1","0","0","N","1","0","0","1","67301","0","","2.0","","9","N","N","N","0","","0","0","0","9","5","","159","2","1","0","0","0","1","0","2","0","1","1","0","0","7","","","N","","","","","","","","","",""
"2020035021","1255","1","0","0","0","0","0","1","0","0","4","1","","67","3","2020","2","39.969999","-75.163109","1250","6","0","0","0","0","0","1","0","0","","0","0","0","12","1","2","","1","0","39 58:11.995","","0","75 09:47.193","8","0","0","0","67301","0","0","0","N","0","0","0","4","67508","0","","1.0","","1","N","N","N","0","","0","0","0","3","3","N","1250","2","2","0","0","0","2","1","2","0","2","0","0","0","3","","","N","","","","","","","","","",""
"2020034040","1904","0","0","0","0","0","0","0","0","0","0","0","","67","3","2020","2","39.982103","-75.207624","1901","6","0","0","0","0","0","1","0","0","","0","0","0","18","3","1","N","0","2","39 58:55.572","3","0","75 12:27.445","8","0","0","0","67301","0","0","0","N","0","0","0","1","68K01","0","","4.0","30.0","9","N","N","N","0","","0","0","1","0","0","N","1859","1","1","0","0","0","1","0","2","0","1","0","0","0","4","","","N","","","","","","","","","",""
"2020036316","0633","2","0","0","0","0","0","0","0","0","4","0","","67","5","2020","2","39.955608","-75.18948","0625","6","0","0","0","0","0","0","0","0","","0","0","0","6","1","0","N","1","2","39 57:20.190","4","0","75 11:22.129","0","0","0","0","67301","0","0","0","N","0","0","0","2","67507","0","","1.0","655.0","1","N","N","N","0","","0","0","0","2","1","N","620","2","0","0","0","0","0","0","2","0","2","0","0","0","3","03","","N","","","","","","","","","",""
"2020037339","1832","1","0","0","0","0","0","0","0","0","1","0","","67","4","2020","3","39.979878","-75.1066","1825","6","0","0","0","0","0","2","0","0","","0","0","0","18","1","1","N","0","0","39 58:47.559","","0","75 06:23.761","4","0","0","0","67301","0","0","0","N","0","0","0","3","68K01","1","","1.0","","1","N","N","N","0","","0","0","1","3","8","","1821","3","1","0","0","0","0","0","2","1","3","0","0","0","3","","","N","","","","","","","","","",""
"2020017231","0557","1","0","0","0","0","0","0","0","0","98","0","","67","1","2020","7","39.960024","-75.179924","0530","6","0","0","0","0","0","0","0","0","","0","0","0","5","3","0","N","7","2","39 57:36.087","4","2","75 10:47.726","0","0","0","0","67301","0","0","0","N","0","0","0","1","68K01","0","","4.0","616.0","9","N","N","N","0","","0","0","0","0","0","Y","527","1","0","0","0","0","0","0","2","0","1","0","0","0","7","","","N","","","","","","","","","",""
"2020016407","0602","1","0","0","0","0","0","0","0","0","5","1","","67","2","2020","2","39.957371","-75.158089","0555","6","0","0","0","0","0","0","1","0","","0","1","0","5","3","0","N","0","0","39 57:26.537","","0","75 09:29.119","0","0","0","0","67301","0","0","0","N","0","0","0","3","68K01","0","","1.0","","9","N","N","N","0","","0","0","0","0","0","","553","2","0","0","0","0","0","0","2","0","2","0","0","0","7","03","","N","","","","","","","","","",""
"2020015749","1630","0","0","0","0","0","0","1","0","0","8","1","","67","2","2020","2","39.95161","-75.163656","1600","6","0","0","0","0","0","0","0","0","","0","0","0","8","1","1","","2","0","39 57:05.795","","0","75 09:49.162","3","0","0","0","67301","1","0","0","N","1","0","0","2","67301","0","","1.0","","9","N","N","N","0","","1","0","0","3","2","","840","2","1","0","0","0","0","1","2","0","1","1","0","0","7","","","N","","","","","","","","","",""
"2020034745","1049","0","0","0","0","0","0","0","0","0","8","0","","67","4","2020","7","39.992494","-75.120161","1049","6","0","0","0","0","0","0","0","0","","0","0","0","9","1","1","N","0","0","39 59:32.980","","0","75 07:12.580","3","0","0","0","67301","1","0","0","N","1","0","0","1","67301","0","","1.0","","1","N","N","N","0","","1","0","0","0","0","","957","2","1","0","0","0","0","0","2","0","1","1","0","0","3","03","","N","","","","","","","","","",""
"2020040155","2241","1","0","0","0","0","0","0","0","0","1","1","","67","5","2020","5","39.899477","-75.163928","2239","6","0","0","0","0","1","0","0","0","","0","1","0","22","3","1","N","0","0","39 53:58.117","","0","75 09:50.139","3","0","0","0","67301","0","0","0","N","0","0","0","2","68K01","0","","1.0","","1","N","N","N","0","","1","0","0","0","0","","2230","2","1","0","0","0","0","0","2","0","2","0","0","0","3","","","N","","","","","","","","","",""
"2020037724","0643","1","0","0","0","0","0","0","0","0","7","0","","67","5","2020","1","39.947111","-75.153361","0649","6","0","0","0","0","0","1","0","0","","0","0","0","6","1","0","N","0","1","39 56:49.600","1","0","75 09:12.100","0","0","0","0","67301","0","0","0","N","0","0","0","1","67301","0","","4.0","727.0","1","N","N","N","0","","0","0","0","3","2","N","630","1","0","1","0","0","0","0","2","0","1","0","0","0","3","03","","N","","","","","","","","","",""
"2020035174","0853","1","0","0","0","0","0","0","0","0","7","0","","67","4","2020","1","39.981439","-75.207082","0853","6","0","0","0","0","0","0","1","0","","0","0","0","8","1","0","N","0","1","39 58:53.180","3","0","75 12:25.494","0","0","0","0","67301","0","0","0","N","0","0","0","4","68K01","0","","2.0","915.0","9","N","N","N","0","","0","0","0","3","8","N","851","1","0","0","0","0","0","0","2","0","1","0","0","0","7","04","","N","","","","","","","","","",""
"2020034364","0939","1","0","0","0","0","0","0","0","0","5","0","","67","3","2020","3","39.981074","-75.206668","0939","6","0","0","0","0","0","1","0","0","","0","0","0","9","1","1","N","0","1","39 58:51.866","3","0","75 12:24.005","8","0","0","0","67301","0","0","0","N","0","0","0","3","68K01","0","","1.0","1030.0","9","N","N","N","0","","0","0","0","3","8","N","938","2","1","0","0","0","1","0","2","1","2","0","0","0","7","","","N","","","","","","","","","",""
"2020039559","1544","1","0","0","0","0","0","0","0","0","1","0","","67","5","2020","5","39.926334","-75.194393","1544","6","0","0","0","0","0","2","0","0","","0","0","0","15","1","1","N","0","1","39 55:34.801","4","0","75 11:39.813","3","0","0","0","67301","0","0","0","N","0","0","0","2","68K01","0","","1.0","45.0","1","N","N","N","0","","1","0","1","0","0","N","1543","2","1","0","0","0","0","0","2","0","2","0","0","0","3","","","N","","","","","","","","","",""
"2020018176","1700","0","0","0","0","0","0","0","0","0","8","0","","67","2","2020","3","39.949258","-75.157232","1700","6","0","0","0","0","0","0","0","0","","0","0","0","11","1","1","","2","0","39 56:57.327","","0","75 09:26.036","2","0","0","0","67301","1","0","1","N","1","0","1","2","67301","0","","1.0","","1","N","N","N","0","","0","1","0","9","2","","1100","2","1","0","0","0","0","1","2","0","1","1","0","1","3","03","","N","","","","","","","","","",""
"2020036883","2131","1","0","0","0","0","0","0","0","0","1","0","","67","4","2020","5","39.948906","-75.18533","2124","6","0","0","0","0","0","0","0","0","","0","0","0","21","3","0","N","0","0","39 56:56.062","","0","75 11:07.188","9","0","0","0","67301","0","0","0","N","0","0","0","2","68K01","0","","1.0","","9","N","N","N","0","","0","0","0","0","0","","2123","2","0","0","0","0","0","1","2","0","2","0","0","0","3","03","","N","","","","","","","","","",""
"2020025526","0645","1","0","0","0","0","0","0","0","0","4","1","","67","3","2020","4","40.035843","-75.016387","0641","6","0","0","0","0","0","0","1","0","","0","1","0","6","5","1","N","0","2","40 02:09.034","1","0","75 00:58.993","8","0","0","0","67301","0","0","0","N","0","0","0","2","68K01","0","","1.0","650.0","1","N","N","N","0","","0","0","0","0","0","N","641","2","1","0","0","0","1","0","2","0","2","0","0","0","3","03","","N","","","","","","","","","",""
"2020036593","0640","1","0","0","0","0","0","0","0","0","5","0","","67","4","2020","2","40.017936","-75.048134","0640","6","0","0","0","0","0","0","0","0","","0","0","0","6","3","1","N","0","0","40 01:04.568","","0","75 02:53.284","3","0","0","0","67301","0","0","0","N","0","0","0","1","68K01","0","","1.0","","9","N","N","N","0","","1","0","1","0","0","","617","2","1","0","0","0","0","0","2","0","2","0","0","0","7","07","","N","","","","","","","","","",""
"2020016417","1938","0","0","0","0","0","0","0","0","0","1","0","","67","2","2020","2","39.963234","-75.183671","1933","6","0","0","0","0","0","0","0","0","","0","0","0","19","3","0","N","0","0","39 57:47.644","","0","75 11:01.214","0","0","0","0","67301","0","0","0","N","0","0","0","2","68K01","0","","1.0","","9","N","N","N","0","","0","0","2","0","0","","1931","2","0","0","0","0","0","0","2","0","2","0","0","0","7","","","N","","","","","","","","","",""
"2020039862","1456","2","0","0","0","0","0","0","0","0","1","0","","67","5","2020","1","39.965616","-75.186279","1451","6","0","0","0","1","0","0","0","0","","0","0","0","14","1","0","N","0","1","39 57:56.216","3","0","75 11:10.605","0","0","0","0","67301","0","0","0","N","0","0","0","2","68K01","0","","1.0","1500.0","1","N","N","N","0","","0","0","0","0","0","N","1450","2","0","0","0","0","0","0","2","0","2","0","0","0","3","03","","N","","","","","","","","","",""
"2020038351","1805","0","0","0","0","0","0","0","0","0","4","1","","67","5","2020","3","40.020873","-75.039629","1754","6","0","0","0","0","0","0","0","0","","0","1","0","17","1","0","","2","2","40 01:15.142","2","0","75 02:22.665","0","0","0","0","67301","0","0","0","N","0","0","0","2","67301","0","","1.0","2000.0","1","N","N","N","0","","0","0","0","3","2","Y","1744","2","0","0","0","0","0","0","2","1","2","0","0","0","3","","","N","","","","","","","","","",""
"2020014955","1516","2","0","0","0","0","0","0","0","0","1","0","","67","1","2020","2","39.980011","-75.105532","1444","6","0","0","0","0","0","0","0","0","","0","0","0","14","1","1","N","0","2","39 58:48.038","1","0","75 06:19.914","3","0","0","0","67301","0","0","0","N","0","0","0","3","68K01","0","","1.0","1520.0","1","N","N","N","0","","1","0","1","0","0","N","1440","3","1","0","0","0","0","0","2","0","3","0","0","0","3","03","","N","","","","","","","","","",""
"2020029603","0048","1","0","0","0","0","0","0","0","0","7","0","","67","3","2020","6","40.055625","-75.072961","0042","6","0","0","0","0","0","0","0","0","","0","0","0","0","3","2","N","0","0","40 03:20.250","","0","75 04:22.660","3","0","0","0","67301","0","0","0","N","0","0","0","2","67301","0","","2.0","","9","N","N","N","0","","1","0","0","0","0","","40","1","2","0","0","0","1","0","2","0","1","0","0","0","7","03","","N","","","","","","","","","",""
"2020031425","1754","1","0","0","0","0","0","0","0","0","7","0","","67","3","2020","1","39.968181","-75.156328","1752","6","0","0","0","0","0","0","0","0","","0","0","0","17","4","3","N","0","0","39 58:05.450","","0","75 09:22.780","8","0","0","0","67301","0","0","0","N","0","0","0","3","67301","0","","5.0","","1","N","N","N","0","","0","0","0","0","0","","1750","1","3","0","0","0","3","0","2","0","1","0","0","0","3","03","","N","","","","","","","","","",""
"2020021489","1030","1","0","0","0","0","0","0","0","0","5","0","","67","2","2020","4","39.906771","-75.24115","1030","6","0","0","0","0","0","0","0","0","","0","1","0","10","1","0","N","0","0","39 54:24.376","","0","75 14:28.140","0","0","0","0","67301","0","0","0","N","0","0","0","2","67301","0","","1.0","","1","N","N","Y","0","","0","0","0","3","2","","1024","3","0","0","0","0","0","0","2","0","3","0","0","0","3","03","","N","","","","","","","","","",""
"2020036874","2117","1","0","0","0","0","0","0","0","0","1","0","","67","4","2020","4","39.885484","-75.243621","2112","6","0","0","0","0","0","0","0","0","","0","0","0","21","3","0","N","0","0","39 53:07.741","","0","75 14:37.037","9","0","0","0","67301","0","0","0","N","0","0","0","2","68K01","0","","1.0","","1","N","N","N","0","","0","0","0","0","0","","2106","2","0","0","0","0","0","1","2","0","2","0","0","0","3","03","","N","","","","","","","","","",""
"2020036882","1810","0","0","0","0","0","0","0","0","0","5","0","","67","4","2020","5","40.031101","-75.021712","1757","6","0","0","0","0","0","1","0","0","","0","1","0","17","1","0","N","0","2","40 01:51.962","2","0","75 01:18.163","0","0","0","0","67301","0","0","0","N","0","0","0","2","68K01","0","","1.0","1800.0","9","N","N","N","1","","0","0","0","0","0","N","1754","2","0","0","0","0","0","0","2","0","2","0","0","0","7","07","","N","","","","","","","","","",""
"2020017817","1155","2","0","0","0","0","0","0","0","0","4","0","","67","2","2020","1","40.095953","-74.976781","1149","6","0","0","0","0","1","1","0","0","","0","0","0","11","1","2","","1","0","40 05:45.430","","0","74 58:36.413","3","0","0","0","67301","0","0","0","N","0","0","0","3","67301","0","","1.0","","1","N","N","N","0","","2","0","0","3","2","","1147","2","2","0","0","0","0","0","2","0","2","0","0","0","3","","","N","","","","","","","","","",""
"2020038380","1102","1","0","0","0","0","0","0","0","0","5","0","","67","5","2020","3","39.961594","-75.143242","1100","6","0","0","0","0","0","0","0","0","","0","0","0","10","1","1","N","0","0","39 57:41.740","","0","75 08:35.670","3","0","0","0","67301","0","0","0","N","0","0","0","2","67301","0","","1.0","","1","N","N","N","0","","1","0","1","0","0","","1057","2","1","0","0","0","0","0","2","0","2","0","0","0","3","03","","N","","","","","","","","","",""