"CRN","ARRIVAL_TM","AUTOMOBILE_COUNT","BELTED_DEATH_COUNT","BELTED_SUSP_SERIOUS_INJ_COUNT","BICYCLE_COUNT","BICYCLE_DEATH_COUNT","BICYCLE_SUSP_SERIOUS_INJ_COUNT","BUS_COUNT","CHLDPAS_DEATH_COUNT","CHLDPAS_SUSP_SERIOUS_INJ_COUNT","COLLISION_TYPE","COMM_VEH_COUNT","CONS_ZONE_SPD_LIM","COUNTY","CRASH_MONTH","CRASH_YEAR","DAY_OF_WEEK","DEC_LATITUDE","DEC_LONGITUDE","DISPATCH_TM","DISTRICT","DRIVER_COUNT_16YR","DRIVER_COUNT_17YR","DRIVER_COUNT_18YR","DRIVER_COUNT_19YR","DRIVER_COUNT_20YR","DRIVER_COUNT_50_64YR","DRIVER_COUNT_65_74YR","DRIVER_COUNT_75PLUS","EST_HRS_CLOSED","FATAL_COUNT","HEAVY_TRUCK_COUNT","HORSE_BUGGY_COUNT","HOUR_OF_DAY","ILLUMINATION","INJURY_COUNT","INTERSECTION_RELATED","INTERSECT_TYPE","LANE_CLOSED","LATITUDE","LN_CLOSE_DIR","LOCATION_TYPE","LONGITUDE","MAX_SEVERITY_LEVEL","MCYCLE_DEATH_COUNT","MCYCLE_SUSP_SERIOUS_INJ_COUNT","MOTORCYCLE_COUNT","MUNICIPALITY","NONMOTR_COUNT","NONMOTR_DEATH_COUNT","NONMOTR_SUSP_SERIOUS_INJ_COUNT","NTFY_HIWY_MAINT","PED_COUNT","PED_DEATH_COUNT","PED_SUSP_SERIOUS_INJ_COUNT","PERSON_COUNT","POLICE_AGCY","POSSIBLE_INJ_COUNT","RDWY_SURF_TYPE_CD","RELATION_TO_ROAD","ROADWAY_CLEARED","ROAD_CONDITION","SCH_BUS_IND","SCH_ZONE_IND","SECONDARY_CRASH","SMALL_TRUCK_COUNT","SPEC_JURIS_CD","SUSP_MINOR_INJ_COUNT","SUSP_SERIOUS_INJ_COUNT","SUV_COUNT","TCD_FUNC_CD","TCD_TYPE","TFC_DETOUR_IND","TIME_OF_DAY","TOTAL_UNITS","TOT_INJ_COUNT","UNBELTED_OCC_COUNT","UNB_DEATH_COUNT","UNB_SUSP_SERIOUS_INJ_COUNT","UNK_INJ_DEG_COUNT","UNK_INJ_PER_COUNT","URBAN_RURAL","VAN_COUNT","VEHICLE_COUNT","VULNERABLE_ROAD_USER_COUNT","VULNERABLE_ROAD_USER_DEATH_COUNT","VULNERABLE_ROAD_USER_SER_INJ_COUNT","WEATHER1","WEATHER2","WORKERS_PRES","WORK_ZONE_IND","WORK_ZONE_LOC","WORK_ZONE_TYPE","WZ_CLOSE_DETOUR","WZ_FLAGGER","WZ_LAW_OFFCR_IND","WZ_LN_CLOSURE","WZ_MOVING","WZ_OTHER","WZ_SHLDER_MDN","WZ_WORKERS_INJ_KILLED"
"2020037675","1111","1","0","0","0","0","0","0","0","0","5","0","","67","5","2020","3","40.017092","-75.138361","1111","6","0","0","0","0","0","1","0","0","","0","0","0","11","1","0","N","0","9","40 01:01.530","","0","75 08:18.100","0","0","0","0","67301","0","0","0","N","0","0","0","2","67301","0","","9.0","","1","N","N","N","0","","0","0","1","9","9","U","1111","2","0","1","0","0","0","0","2","0","2","0","0","0","3","03","","N","","","","","","","","","",""
"2020018665","1605","0","0","0","0","0","0","1","0","0","5","1","","67","2","2020","3","40.094847","-75.030796","1558","6","0","0","0","0","0","0","1","0","","0","0","0","15","1","0","N","0","0","40 05:41.448","","0","75 01:50.864","0","0","0","0","67301","0","0","0","N","0","0","0","2","67301","0","","1.0","","1","Y","N","N","0","","0","0","1","0","0","","1510","2","0","0","0","0","0","0","2","0","2","0","0","0","3","03","","N","","","","","","","","","",""
"2020036591","1733","1","0","0","0","0","0","0","0","0","1","1","","67","3","2020","7","39.960076","-75.179468","1727","6","0","0","0","0","0","0","0","1","","0","1","0","17","1","3","N","0","1","39 57:36.275","4","0","75 10:46.086","8","0","0","0","67301","0","0","0","N","0","0","0","10","68K01","0","","1.0","1810.0","9","N","N","N","0","","0","0","2","0","0","N","1721","4","3","0","0","0","3","0","2","0","4","0","0","0","7","07","","N","","","","","","","","","",""
"2020002083","1636","0","0","0","0","0","0","0","0","0","5","0","","67","1","2020","2","40.02755","-75.124083","1635","6","0","0","0","0","0","0","1","0","","0","0","0","15","1","2","N","0","0","40 01:39.180","","0","75 07:26.700","8","0","0","0","67301","0","0","0","N","0","0","0","4","67301","0","","1.0","","99","N","N","N","1","","0","0","1","0","0","","1530","2","2","0","0","0","2","0","2","0","2","0","0","0","99","","","N","","","","","","","","","",""
"2020037640","1045","0","0","0","0","0","0","0","0","0","7","0","","67","4","2020","5","40.007102","-75.199956","1041","6","0","0","0","0","0","0","0","0","","0","0","0","10","1","0","N","0","0","40 00:25.566","","0","75 11:59.842","0","0","0","0","67301","0","0","0","N","0","0","0","1","68K01","0","","1.0","","1","N","N","N","0","","0","0","1","0","0","","1034","1","0","0","0","0","0","0","2","0","1","0","0","0","3","03","","N","","","","","","","","","",""
"2020036790","0340","2","0","0","0","0","0","0","0","0","5","0","","67","5","2020","2","39.972515","-75.123536","0340","6","0","0","0","0","0","0","0","0","","0","0","0","17","1","0","","7","9","39 58:21.055","","8","75 07:24.731","0","0","0","0","67301","0","0","0","N","0","0","0","2","67301","0","","1.0","","99","N","N","N","0","","0","0","0","0","0","U","1715","2","0","0","0","0","0","0","2","0","2","0","0","0","3","03","","N","","","","","","","","","",""
"2020017591","0945","0","0","0","0","0","0","0","0","0","8","0","","67","1","2020","5","40.057881","-75.07295","0930","6","0","0","0","0","0","0","0","0","","0","0","0","8","1","1","N","0","0","40 03:28.370","","0","75 04:22.620","3","0","0","0","67301","1","0","0","N","1","0","0","2","67301","0","","1.0","","1","N","N","N","0","","1","0","0","0","0","","822","2","1","0","0","0","0","1","2","0","1","1","0","0","3","03","","N","","","","","","","","","",""
"2020019344","0833","2","0","0","0","0","0","0","0","0","1","0","","67","2","2020","4","39.973475","-75.233603","0828","6","0","0","0","0","0","0","0","0","","0","0","0","8","1","1","N","0","0","39 58:24.510","","6","75 14:00.970","3","0","0","0","67301","0","0","0","N","0","0","0","1","67301","0","","1.0","","1","N","N","N","0","","1","0","0","0","0","","828","2","1","0","0","0","0","0","2","0","2","0","0","0","3","03","","N","","","","","","","","","",""
"2020040426","1828","1","0","0","0","0","0","0","0","0","1","0","","67","5","2020","4","39.9925","-75.078306","1828","6","0","0","0","0","0","0","1","0","","0","0","0","18","1","0","N","0","2","39 59:33.000","3","3","75 04:41.900","0","0","0","0","67301","0","0","0","N","0","0","0","4","67501","0","","1.0","1944.0","1","N","N","N","1","","0","0","1","3","7","N","1828","3","0","0","0","0","0","0","2","0","3","0","0","0","3","03","","N","","","","","","","","","",""
"2020019181","0635","0","0","0","0","0","0","0","0","0","5","0","","67","1","2020","5","40.051428","-74.988829","0610","6","0","0","0","0","0","0","0","0","","0","0","0","6","3","0","N","0","1","40 03:05.140","1","0","74 59:19.785","9","0","0","0","67301","0","0","0","N","0","0","0","2","68K01","0","","1.0","30.0","1","N","N","N","0","","0","0","1","0","0","N","604","2","0","0","0","0","0","1","2","0","2","0","0","0","3","","","N","","","","","","","","","",""
"2020034071","1449","0","0","0","0","0","0","0","0","0","2","0","","67","4","2020","2","40.035795","-75.017164","1437","6","0","0","0","0","0","0","0","0","","0","0","0","14","1","0","N","0","0","40 02:08.862","","0","75 01:01.789","0","0","0","0","67301","0","0","0","N","0","0","0","1","68K01","0","","2.0","","9","N","N","N","0","","0","0","1","0","0","","1436","1","0","0","0","0","0","0","2","0","1","0","0","0","7","","","N","","","","","","","","","",""
"2020034046","0928","0","0","0","0","0","0","0","0","0","7","1","","67","4","2020","5","39.980311","-75.10516","0917","6","0","0","0","0","0","1","0","0","","0","1","0","9","1","0","N","0","0","39 58:49.118","","0","75 06:18.577","0","0","0","0","67301","0","0","0","N","0","0","0","2","68K01","0","","2.0","","9","N","N","N","1","","0","0","0","0","0","","915","2","0","0","0","0","0","0","2","0","2","0","0","0","7","","","N","","","","","","","","","",""
"2020036391","1335","1","0","0","0","0","0","0","0","0","4","0","","67","5","2020","1","40.028019","-75.210007","1331","6","0","0","0","0","0","0","0","0","","0","0","0","13","1","1","","2","0","40 01:40.868","","0","75 12:36.024","3","0","0","1","67301","0","0","0","N","0","0","0","2","67301","0","","1.0","","1","N","N","N","0","","1","0","0","3","3","","1300","2","1","0","0","0","0","0","2","0","2","0","0","0","3","03","","N","","","","","","","","","",""
"2020017950","2231","1","0","0","0","0","0","0","0","0","1","0","","67","2","2020","4","40.030156","-75.022128","2213","6","0","0","0","1","0","0","0","0","","0","0","0","21","3","0","N","0","2","40 01:48.563","2","0","75 01:19.662","0","0","0","0","67301","0","0","0","N","0","0","0","3","68K01","0","","1.0","2315.0","9","N","N","N","0","","0","0","1","0","0","N","2156","2","0","0","0","0","0","0","2","0","2","0","0","0","7","07","","N","","","","","","","","","",""
"2020014822","1335","0","0","0","0","0","0","0","0","0","4","0","","67","2","2020","5","40.053009","-75.064302","1331","6","0","0","0","0","0","0","0","0","","0","0","0","13","1","2","","1","0","40 03:10.832","","0","75 03:51.487","8","0","0","0","67301","0","0","0","N","0","0","0","4","67301","0","","1.0","","9","N","N","N","0","","0","0","2","3","2","","1330","2","2","0","0","0","2","0","2","0","2","0","0","0","7","","","N","","","","","","","","","",""
"2020040436","1848","2","0","0","0","0","0","0","0","0","4","0","","67","5","2020","4","39.976483","-75.163322","1845","6","0","0","0","0","0","0","0","0","","0","0","0","18","1","0","","1","0","39 58:35.339","","0","75 09:47.960","0","0","0","0","67301","0","0","0","N","0","0","0","2","67301","0","","1.0","","1","N","N","N","0","","0","0","0","3","2","","1843","2","0","0","0","0","0","0","2","0","2","0","0","0","3","03","","N","","","","","","","","","",""
"2020036723","1335","0","0","0","0","0","0","0","0","0","1","0","","67","4","2020","6","39.898699","-75.180674","1325","6","0","0","0","0","0","1","0","0","","0","0","0","13","1","0","N","0","0","39 53:55.315","","0","75 10:50.425","0","0","0","0","67301","0","0","0","N","0","0","0","2","68K01","0","","1.0","","9","N","N","N","1","","0","0","1","0","0","","1325","2","0","1","0","0","0","0","2","0","2","0","0","0","7","","","N","","","","","","","","","",""
"2020037642","1622","1","0","0","0","0","0","0","0","0","7","0","","67","4","2020","5","40.009602","-75.064906","1622","6","0","0","0","0","0","0","0","0","","0","0","0","16","1","2","N","0","1","40 00:34.568","1","0","75 03:53.661","8","0","0","0","67301","0","0","0","N","0","0","0","2","68K01","0","","1.0","1645.0","1","N","N","N","0","","0","0","0","0","0","Y","1613","1","2","0","0","0","2","0","2","0","1","0","0","0","7","04","","N","","","","","","","","","",""
"2020038962","1647","2","0","0","0","0","0","0","0","0","1","0","","67","5","2020","5","39.959349","-75.173614","1632","6","0","0","0","0","0","0","0","0","","0","0","0","16","1","1","N","0","1","39 57:33.657","4","0","75 10:25.012","8","0","0","0","67301","0","0","0","N","0","0","0","4","68K01","0","","1.0","1720.0","1","N","N","N","0","","0","0","0","0","0","N","1631","2","1","0","0","0","1","0","2","0","2","0","0","0","3","03","","N","","","","","","","","","",""
"2020037537","1025","0","0","0","0","0","0","0","0","0","5","1","","67","4","2020","4","40.006202","-75.07462","1015","6","0","0","0","0","0","0","0","0","","0","1","0","10","1","2","N","0","2","40 00:22.327","2","0","75 04:28.631","4","0","0","0","67301","0","0","0","N","0","0","0","2","68K01","1","","1.0","45.0","1","N","N","N","0","","0","0","1","0","0","N","1008","2","2","0","0","0","1","0","2","0","2","0","0","0","3","03","","N","","","","","","","","","",""
"2020039818","2039","0","0","0","0","0","0","0","0","0","0","0","","67","4","2020","7","39.892507","-75.197491","2033","6","0","0","0","0","0","0","0","0","","0","0","0","20","3","0","N","0","2","39 53:33.026","1","3","75 11:50.968","0","0","0","0","67301","0","0","0","N","0","0","0","2","68K01","0","","1.0","20.0","1","N","N","N","0","","0","0","1","0","0","N","2032","1","0","0","0","0","0","0","2","0","1","0","0","0","3","","","N","","","","","","","","","",""
"2020037388","0114","1","0","0","0","0","0","0","0","0","7","0","","67","5","2020","6","39.935391","-75.142287","0112","6","0","0","0","0","0","1","0","0","","0","0","0","1","3","1","N","0","0","39 56:07.407","","0","75 08:32.233","8","0","0","0","67301","0","0","0","N","0","0","0","1","67301","0","","4.0","","1","N","N","N","0","","0","0","0","0","0","","111","1","1","0","0","0","1","0","2","0","1","0","0","0","3","03","","N","","","","","","","","","",""
"2020018013","0815","2","0","0","0","0","0","0","0","0","4","0","","67","2","2020","2","40.062606","-75.152022","0815","6","0","0","0","0","1","1","0","0","","0","0","0","8","1","1","N","0","1","40 03:45.380","2","0","75 09:07.280","3","0","0","0","67301","0","0","0","N","0","0","0","3","67301","0","","1.0","30.0","1","N","N","N","0","","1","0","0","0","0","N","810","2","1","0","0","0","0","1","2","0","2","0","0","0","3","03","","N","","","","","","","","","",""
"2020037863","1625","1","0","0","0","0","0","0","0","0","5","0","","67","5","2020","7","40.024078","-75.220706","1609","6","0","0","0","0","0","0","1","0","","0","0","0","16","1","1","N","0","0","40 01:26.680","","0","75 13:14.540","4","0","0","0","67301","0","0","0","N","0","0","0","2","67301","1","","5.0","","1","N","N","N","1","","0","0","0","0","0","","1605","2","1","0","0","0","0","0","2","0","2","0","0","0","3","03","","N","","","","","","","","","",""
"2020034166","0534","2","0","0","0","0","0","0","0","0","5","0","","67","4","2020","4","40.017916","-75.159223","0531","6","0","0","0","0","0","0","0","0","","0","0","0","5","5","0","N","0","0","40 01:04.496","","0","75 09:33.204","9","0","0","0","67301","0","0","0","N","0","0","0","1","67301","0","","6.0","","1","N","N","N","0","","0","0","0","0","0","","520","2","0","0","0","0","0","1","2","0","2","0","0","0","3","03","","N","","","","","","","","","",""
"2020033543","0852","1","0","0","0","0","0","0","0","0","7","0","","67","4","2020","7","40.044818","-75.072183","0847","6","0","0","0","0","0","0","1","0","","0","0","0","8","1","0","N","0","0","40 02:41.343","","0","75 04:19.858","0","0","0","0","67301","0","0","0","N","0","0","0","1","67301","0","","9.0","","9","N","N","N","0","","0","0","0","0","0","","844","1","0","0","0","0","0","0","2","0","1","0","0","0","7","","","N","","","","","","","","","",""
"2020037092","2339","2","0","0","0","0","0","0","0","0","1","0","","67","5","2020","4","39.883638","-75.251633","2325","6","0","0","0","0","0","0","0","0","","0","0","0","22","3","1","","2","0","39 53:01.097","","0","75 15:05.879","3","0","0","0","67301","0","0","0","N","0","0","0","1","67301","0","","1.0","","9","N","N","N","0","","1","0","0","3","2","","2251","2","1","0","0","0","0","0","2","0","2","0","0","0","98","98","","N","","","","","","","","","",""
"2020019221","1400","2","0","0","0","0","0","0","0","0","4","0","","67","2","2020","6","40.028662","-75.20553","1356","6","0","0","0","0","0","0","0","0","","0","0","0","13","1","0","","1","1","40 01:43.183","1","0","75 12:19.909","0","0","0","0","67301","0","0","0","N","0","0","0","3","67301","0","","1.0","30.0","1","N","N","N","0","","0","0","0","3","2","N","1354","2","0","0","0","0","0","0","2","0","2","0","0","0","3","","","N","","","","","","","","","",""
"2020038564","0147","1","0","0","0","0","0","0","0","0","4","0","","67","5","2020","7","39.904061","-75.240291","0137","6","0","0","0","0","0","0","0","0","","0","0","0","1","3","2","","1","0","39 54:14.619","","0","75 14:25.049","3","0","0","0","67301","0","0","0","N","0","0","0","2","67301","0","","1.0","","9","N","N","N","0","","2","0","1","3","2","","136","2","2","0","0","0","0","0","2","0","2","0","0","0","7","07","","N","","","","","","","","","",""
"2020036867","1219","1","0","0","0","0","0","0","0","0","7","0","","67","4","2020","1","39.959904","-75.179031","1214","6","0","0","0","0","0","0","0","0","","0","0","0","12","1","1","N","0","0","39 57:35.655","","0","75 10:44.512","4","0","0","0","67301","0","0","0","N","0","0","0","1","68K01","1","","2.0","","9","N","N","N","0","","0","0","0","0","0","","1213","1","1","0","0","0","0","0","2","0","1","0","0","0","7","07","","N","","","","","","","","","",""
"2020036667","2026","1","0","0","0","0","0","0","0","0","4","0","","67","5","2020","2","40.063536","-75.169821","2024","6","0","0","0","0","0","0","0","0","","0","0","0","20","3","0","","1","0","40 03:48.731","","0","75 10:11.355","0","0","0","0","67301","0","0","0","N","0","0","0","2","67301","0","","9.0","","1","N","N","N","0","","0","0","1","3","2","","2002","2","0","0","0","0","0","0","2","0","2","0","0","0","3","03","","N","","","","","","","","","",""
"2020037547","0640","1","0","0","0","0","0","0","0","0","1","0","","67","4","2020","5","39.959989","-75.178695","0633","6","0","0","0","0","0","0","0","0","","0","0","0","6","1","2","N","0","0","39 57:35.959","","0","75 10:43.301","4","0","0","0","67301","0","0","0","N","0","0","0","5","68K01","2","","1.0","","1","N","N","N","0","","0","0","2","0","0","","632","3","2","0","0","0","0","0","2","0","3","0","0","0","3","","","N","","","","","","","","","",""
"2020036341","0258","1","0","0","0","0","0","0","0","0","8","0","","67","5","2020","2","39.969567","-75.22485","0252","6","0","0","0","0","0","0","0","0","","0","0","0","0","3","1","N","0","9","39 58:10.440","","0","75 13:29.460","8","0","0","0","67301","1","0","0","N","1","0","0","1","67301","0","","4.0","","1","N","N","N","0","","0","0","0","0","0","U","21","2","1","0","0","0","1","0","2","0","1","1","0","0","3","03","","N","","","","","","","","","",""
"2020040487","2149","1","0","0","0","0","0","0","0","0","7","0","","67","5","2020","3","40.059831","-75.043886","2146","6","0","0","0","0","0","0","0","0","","0","0","0","21","3","0","N","0","0","40 03:35.392","","0","75 02:37.991","0","0","0","0","67301","0","0","0","N","0","0","0","1","67301","0","","2.0","","1","N","N","N","0","","0","0","0","0","0","","2138","1","0","0","0","0","0","0","2","0","1","0","0","0","3","","","N","","","","","","","","","",""
"2020038501","0512","1","0","0","0","0","0","0","0","0","2","0","","67","5","2020","2","39.901898","-75.151712","0502","6","0","0","0","0","0","0","0","0","","0","0","0","4","5","0","N","0","1","39 54:06.832","2","0","75 09:06.163","0","0","0","0","67301","0","0","0","N","0","0","0","2","68K01","0","","1.0","523.0","1","Y","N","Y","0","","0","0","1","0","0","N","455","2","0","0","0","0","0","0","2","0","2","0","0","0","3","03","","N","","","","","","","","","",""
"2020040102","0226","1","0","0","0","0","0","0","0","0","4","0","","67","5","2020","4","40.040219","-75.1242","0223","6","0","0","0","0","0","1","0","0","","0","0","0","2","3","0","N","0","1","40 02:24.790","1","0","75 07:27.120","0","0","0","0","67301","0","0","0","N","0","0","0","1","67301","0","","1.0","400.0","1","N","N","N","0","","0","0","1","0","0","N","220","2","0","0","0","0","0","0","2","0","2","0","0","0","3","03","","N","","","","","","","","","",""
"2020015484","1416","1","0","0","0","0","0","0","0","0","4","0","","67","2","2020","6","40.020858","-75.148713","1414","6","0","0","0","1","0","0","0","0","","0","0","0","14","1","1","","2","0","40 01:15.088","","0","75 08:55.365","3","0","0","0","67301","0","0","0","N","0","0","0","1","67301","0","","1.0","","9","N","N","N","0","","1","0","0","0","0","","1408","2","1","0","0","0","0","0","2","0","2","0","0","0","4","03","","N","","","","","","","","","",""
"2020037113","1304","0","0","0","0","0","0","0","0","0","1","0","","67","3","2020","2","39.96049","-75.181309","1258","6","0","0","0","0","0","0","1","0","","0","0","0","12","1","0","N","0","0","39 57:37.764","","0","75 10:52.711","0","0","0","0","67301","0","0","0","N","0","0","0","2","68K01","0","","1.0","","9","N","N","Y","0","","0","0","1","0","0","","1258","2","0","0","0","0","0","0","2","1","2","0","0","0","7","","","N","","","","","","","","","",""
"2020016748","1935","1","0","0","0","0","0","1","0","0","4","1","","67","2","2020","2","39.962561","-75.210588","1929","6","0","0","0","0","0","1","0","0","","0","0","0","15","1","2","","2","0","39 57:45.219","","0","75 12:38.118","3","0","0","0","67301","0","0","0","N","0","0","0","3","67301","0","","1.0","","9","Y","N","N","0","","2","0","0","3","2","","1530","2","2","0","0","0","0","0","2","0","2","0","0","0","7","","","N","","","","","","","","","",""
"2020037546","0700","0","0","0","0","0","0","0","0","0","5","3","","67","4","2020","2","39.891883","-75.198213","0650","6","0","0","0","0","0","0","0","0","","0","2","0","6","5","2","N","0","2","39 53:30.779","1","3","75 11:53.567","3","0","0","0","67301","1","0","0","N","1","0","0","3","68K01","0","","1.0","100.0","1","N","N","N","1","","2","0","0","0","0","N","649","4","2","1","0","0","0","0","2","0","3","1","0","0","3","","","N","","","","","","","","","",""
"2020039075","1039","2","0","0","0","0","0","0","0","0","4","0","","67","5","2020","7","39.986404","-75.169612","1038","6","0","0","0","0","0","0","0","0","","0","0","0","10","1","1","","1","0","39 59:11.054","","0","75 10:10.603","4","0","0","0","67301","0","0","0","N","0","0","0","2","67301","1","","9.0","","1","N","N","N","0","","0","0","0","3","2","","1035","2","1","0","0","0","0","1","2","0","2","0","0","0","3","03","","N","","","","","","","","","",""
"2020033768","1125","0","0","0","0","0","0","0","0","0","1","0","","67","4","2020","2","39.961418","-75.161548","1120","6","0","0","0","0","1","0","0","0","","0","0","0","11","1","0","N","0","1","39 57:41.105","1","0","75 09:41.573","0","0","0","0","67301","0","0","0","N","0","0","0","3","67301","0","","1.0","1230.0","1","N","N","N","0","","0","0","3","3","2","Y","1118","3","0","3","0","0","0","0","2","0","3","0","0","0","3","03","","N","","","","","","","","","",""
"2020017711","0939","0","0","0","0","0","0","0","0","0","8","0","","67","2","2020","7","39.947778","-75.227428","0937","6","0","0","0","0","0","0","0","0","","0","0","0","9","8","1","","1","1","39 56:52.000","4","0","75 13:38.740","3","0","0","0","67301","1","0","0","N","1","0","0","1","67301","0","","1.0","15.0","1","N","N","N","0","","1","0","0","3","2","N","936","2","1","0","0","0","0","0","2","0","1","1","0","0","3","03","","N","","","","","","","","","",""
"2020019867","1135","0","0","0","0","0","0","0","0","0","1","1","","67","2","2020","6","40.020037","-75.043052","1129","6","0","0","0","0","0","0","1","0","","0","1","0","11","1","0","","1","1","40 01:12.134","2","0","75 02:34.987","0","0","0","0","67301","0","0","0","N","0","0","0","2","67301","0","","1.0","100.0","1","N","N","N","0","","0","0","0","3","2","N","1110","2","0","0","0","0","0","0","2","1","2","0","0","0","3","03","","N","","","","","","","","","",""
"2020034127","2058","1","0","0","0","0","0","0","0","0","4","0","","67","4","2020","3","39.980165","-75.269272","2044","6","0","0","0","0","0","0","0","0","","0","0","0","8","3","0","","1","0","39 58:48.595","","0","75 16:09.378","0","0","0","0","67301","0","0","0","N","0","0","0","3","67301","0","","1.0","","1","N","N","N","0","","0","0","1","3","2","","845","2","0","0","0","0","0","0","2","0","2","0","0","0","3","03","","N","","","","","","","","","",""
"2020042378","1435","1","0","0","0","0","0","0","0","0","7","0","","67","5","2020","3","39.993418","-75.081084","1422","6","0","0","0","0","0","0","0","0","","0","0","0","14","1","0","N","0","0","39 59:36.304","","0","75 04:51.902","9","0","0","0","67301","0","0","0","N","0","0","0","1","67301","0","","9.0","","1","N","N","N","0","","0","0","0","0","0","","1408","1","0","0","0","0","0","1","2","0","1","0","0","0","3","","","N","","","","","","","","","",""
"2020033704","1351","1","0","0","0","0","0","0","0","0","1","1","","67","4","2020","6","39.913417","-75.221222","1145","6","0","0","0","0","0","0","0","0","","0","1","0","10","1","1","N","0","0","39 54:48.300","","0","75 13:16.400","3","0","0","0","67301","0","0","0","N","0","0","0","2","67301","0","","1.0","","1","N","N","N","0","","1","0","0","0","0","","1000","2","1","2","0","0","0","0","2","0","2","0","0","0","3","03","","N","","","","","","","","","",""
"2020038493","0729","1","0","0","0","0","0","0","0","0","7","0","","67","4","2020","4","40.015171","-75.053747","0728","6","0","0","0","0","1","0","0","0","","0","0","0","7","1","0","N","0","0","40 00:54.617","","0","75 03:13.490","0","0","0","0","67301","0","0","0","N","0","0","0","1","68K01","0","","4.0","","1","N","N","N","0","","0","0","0","0","0","","728","1","0","0","0","0","0","0","2","0","1","0","0","0","3","","","N","","","","","","","","","",""
"2020029516","1430","1","0","0","0","0","0","0","0","0","7","0","","67","3","2020","4","40.084278","-75.226603","1411","6","0","0","0","0","0","0","0","0","","0","0","0","13","1","0","N","0","0","40 05:03.400","","0","75 13:35.770","0","0","0","0","67301","0","0","0","N","0","0","0","1","67301","0","","4.0","","9","N","N","N","0","","0","0","0","0","0","","1300","1","0","0","0","0","0","0","2","0","1","0","0","0","7","03","","N","","","","","","","","","",""
"2020037635","1148","1","0","0","0","0","0","0","0","0","1","0","","67","4","2020","6","39.980721","-75.206182","1143","6","0","0","0","0","0","0","0","0","","0","0","0","11","1","2","N","0","1","39 58:50.594","3","0","75 12:22.254","8","0","0","0","67301","0","0","0","N","0","0","0","3","68K01","0","","1.0","1200.0","9","N","N","N","0","","0","0","1","0","0","N","1143","2","2","0","0","0","2","0","2","0","2","0","0","0","7","07","","N","","","","","","","","","",""
"2020037535","1101","1","0","0","0","0","0","0","0","0","2","1","","67","3","2020","7","39.886182","-75.242872","1046","6","0","0","0","0","0","0","1","0","","0","1","0","10","1","1","N","0","1","39 53:10.254","1","0","75 14:34.339","8","0","0","0","67301","0","0","0","N","0","0","0","2","68K01","0","","1.0","1137.0","9","N","N","N","0","","0","0","0","0","0","N","1046","2","1","0","0","0","1","0","2","0","2","0","0","0","7","","","N","","","","","","","","","",""
"2020039197","2230","2","0","0","0","0","0","0","0","0","4","0","","67","5","2020","7","39.980983","-75.227917","2226","6","0","0","0","0","0","0","0","0","","0","0","0","22","3","1","N","0","0","39 58:51.540","","0","75 13:40.500","3","0","0","0","67301","0","0","0","N","0","0","0","1","67301","0","","1.0","","1","N","N","N","0","","1","0","0","0","0","","2226","2","1","0","0","0","0","0","2","0","2","0","0","0","3","03","","N","","","","","","","","","",""
"2020034240","2306","2","0","0","0","0","0","0","0","0","5","0","","67","3","2020","5","40.00006","-75.079783","2257","6","0","0","0","0","0","0","0","0","","0","0","0","22","3","2","N","0","0","40 00:00.215","","0","75 04:47.219","3","0","0","0","67301","0","0","0","N","0","0","0","3","68K01","0","","1.0","","1","N","N","N","0","","2","0","0","0","0","","2246","2","2","0","0","0","0","0","2","0","2","0","0","0","3","03","","N","","","","","","","","","",""
"2020034599","1125","0","0","0","0","0","0","0","0","0","7","0","","67","4","2020","3","39.893558","-75.227189","1120","6","0","0","0","0","0","0","0","0","","0","0","0","11","8","1","N","0","0","39 53:36.810","","0","75 13:37.882","4","0","0","0","67301","0","0","0","N","0","0","0","2","67301","1","","9.0","","9","N","N","N","1","","0","0","0","0","0","","1118","1","1","0","0","0","0","0","2","0","1","0","0","0","7","04","","N","","","","","","","","","",""
"2020040381","0517","2","1","0","0","0","0","0","0","0","7","0","","67","4","2020","5","40.0041","-75.076891","0457","6","0","0","0","0","0","1","0","0","","1","0","0","4","5","0","N","0","1","40 00:14.759","2","0","75 04:36.808","1","0","0","0","67301","0","0","0","N","0","0","0","2","68K01","0","1","3.0","700.0","1","N","N","N","0","0","0","0","0","0","0","Y","457","2","0","0","0","0","0","0","2","0","2","0","0","0","3","03","","N","","","","","","","","","",""
"2020018360","1806","0","0","0","0","0","0","0","0","0","1","0","","67","1","2020","2","40.011076","-75.061902","1754","6","0","0","0","0","0","0","0","1","","0","0","0","17","2","1","N","0","2","40 00:39.874","2","0","75 03:42.846","3","0","0","0","67301","0","0","0","N","0","0","0","2","68K01","0","","1.0","20.0","1","N","N","N","0","","1","0","2","0","0","N","1752","2","1","0","0","0","0","0","2","0","2","0","0","0","3","03","","N","","","","","","","","","",""
"2020039354","0037","2","0","0","0","0","0","0","0","0","2","0","","67","5","2020","2","39.917938","-75.210822","0026","6","0","0","0","0","0","0","0","0","","0","0","0","0","3","2","N","0","1","39 55:04.575","4","0","75 12:38.958","3","0","0","0","67301","0","0","0","N","0","0","0","3","67301","0","","1.0","100.0","1","N","N","N","0","","2","0","0","0","0","Y","14","2","2","0","0","0","0","0","2","0","2","0","0","0","3","03","","N","","","","","","","","","",""