"CRN","ARRIVAL_TM","AUTOMOBILE_COUNT","BELTED_DEATH_COUNT","BELTED_SUSP_SERIOUS_INJ_COUNT","BICYCLE_COUNT","BICYCLE_DEATH_COUNT","BICYCLE_SUSP_SERIOUS_INJ_COUNT","BUS_COUNT","CHLDPAS_DEATH_COUNT","CHLDPAS_SUSP_SERIOUS_INJ_COUNT","COLLISION_TYPE","COMM_VEH_COUNT","CONS_ZONE_SPD_LIM","COUNTY","CRASH_MONTH","CRASH_YEAR","DAY_OF_WEEK","DEC_LATITUDE","DEC_LONGITUDE","DISPATCH_TM","DISTRICT","DRIVER_COUNT_16YR","DRIVER_COUNT_17YR","DRIVER_COUNT_18YR","DRIVER_COUNT_19YR","DRIVER_COUNT_20YR","DRIVER_COUNT_50_64YR","DRIVER_COUNT_65_74YR","DRIVER_COUNT_75PLUS","EST_HRS_CLOSED","FATAL_COUNT","HEAVY_TRUCK_COUNT","HORSE_BUGGY_COUNT","HOUR_OF_DAY","ILLUMINATION","INJURY_COUNT","INTERSECTION_RELATED","INTERSECT_TYPE","LANE_CLOSED","LATITUDE","LN_CLOSE_DIR","LOCATION_TYPE","LONGITUDE","MAX_SEVERITY_LEVEL","MCYCLE_DEATH_COUNT","MCYCLE_SUSP_SERIOUS_INJ_COUNT","MOTORCYCLE_COUNT","MUNICIPALITY","NONMOTR_COUNT","NONMOTR_DEATH_COUNT","NONMOTR_SUSP_SERIOUS_INJ_COUNT","NTFY_HIWY_MAINT","PED_COUNT","PED_DEATH_COUNT","PED_SUSP_SERIOUS_INJ_COUNT","PERSON_COUNT","POLICE_AGCY","POSSIBLE_INJ_COUNT","RDWY_SURF_TYPE_CD","RELATION_TO_ROAD","ROADWAY_CLEARED","ROAD_CONDITION","SCH_BUS_IND","SCH_ZONE_IND","SECONDARY_CRASH","SMALL_TRUCK_COUNT","SPEC_JURIS_CD","SUSP_MINOR_INJ_COUNT","SUSP_SERIOUS_INJ_COUNT","SUV_COUNT","TCD_FUNC_CD","TCD_TYPE","TFC_DETOUR_IND","TIME_OF_DAY","TOTAL_UNITS","TOT_INJ_COUNT","UNBELTED_OCC_COUNT","UNB_DEATH_COUNT","UNB_SUSP_SERIOUS_INJ_COUNT","UNK_INJ_DEG_COUNT","UNK_INJ_PER_COUNT","URBAN_RURAL","VAN_COUNT","VEHICLE_COUNT","VULNERABLE_ROAD_USER_COUNT","VULNERABLE_ROAD_USER_DEATH_COUNT","VULNERABLE_ROAD_USER_SER_INJ_COUNT","WEATHER1","WEATHER2","WORKERS_PRES","WORK_ZONE_IND","WORK_ZONE_LOC","WORK_ZONE_TYPE","WZ_CLOSE_DETOUR","WZ_FLAGGER","WZ_LAW_OFFCR_IND","WZ_LN_CLOSURE","WZ_MOVING","WZ_OTHER","WZ_SHLDER_MDN","WZ_WORKERS_INJ_KILLED"
"2020035210","1640","1","0","0","0","0","0","0","0","0","7","0","","67","4","2020","1","39.894573","-75.229478","1640","6","0","0","0","0","0","1","0","0","","0","0","0","16","1","0","","1","0","39 53:40.462","","0","75 13:46.120","0","0","0","0","67301","0","0","0","N","0","0","0","1","67301","0","","2.0","","9","N","N","N","0","","0","0","0","0","0","","1620","1","0","1","0","0","0","0","2","0","1","0","0","0","7","04","","N","","","","","","","","","",""
"2020004791","0409","1","0","0","0","0","0","0","0","0","4","0","","67","1","2020","1","39.947568","-75.149975","0405","6","0","0","0","0","0","0","0","0","","0","0","0","4","3","0","N","0","2","39 56:51.246","4","0","75 08:59.910","0","0","0","0","67301","0","0","0","N","0","0","0","2","67301","0","","1.0","100.0","9","N","N","N","0","","0","0","1","0","0","Y","405","2","0","0","0","0","0","0","2","0","2","0","0","0","7","05","","N","","","","","","","","","",""
"2020039355","0834","2","0","0","0","0","0","0","0","0","2","0","","67","5","2020","7","40.022744","-75.089899","0830","6","0","0","0","0","1","0","0","0","","0","0","0","8","1","1","","1","0","40 01:21.878","","0","75 05:23.636","4","0","0","0","67301","0","0","0","N","0","0","0","2","67301","1","","1.0","","1","N","N","N","0","","0","0","0","3","3","","828","2","1","1","0","0","0","0","2","0","2","0","0","0","3","03","","N","","","","","","","","","",""
"2020039488","1431","1","0","0","0","0","0","0","0","0","7","0","","67","5","2020","1","40.004684","-75.176847","1428","6","0","0","0","0","0","0","0","0","","0","0","0","14","1","0","Y","0","0","40 00:16.861","","0","75 10:36.648","0","0","0","0","67301","0","0","0","N","0","0","0","1","67301","0","","2.0","","1","N","N","N","0","","0","0","0","3","1","","1425","1","0","0","0","0","0","0","2","0","1","0","0","0","3","03","","N","","","","","","","","","",""
"2020037172","1105","1","0","0","0","0","0","0","0","0","5","0","","67","5","2020","1","40.069981","-75.241994","1100","6","0","0","0","0","0","1","0","0","","0","1","0","10","1","0","N","0","0","40 04:11.930","","99","75 14:31.180","0","0","0","0","67301","0","0","0","N","0","0","0","2","67301","0","","1.0","","1","N","N","N","0","","0","0","0","0","0","","1045","2","0","0","0","0","0","0","2","0","2","0","0","0","3","03","","N","","","","","","","","","",""
"2020039638","2011","2","0","0","0","0","0","0","0","0","4","0","","67","5","2020","2","40.049655","-75.160529","2011","6","0","0","0","0","0","0","0","0","","0","0","0","19","4","1","","1","0","40 02:58.758","","0","75 09:37.905","3","0","0","0","67301","0","0","0","N","0","0","0","3","67301","0","","1.0","","1","N","N","N","0","","1","0","1","3","2","","1940","3","1","2","0","0","0","0","2","0","3","0","0","0","3","03","","N","","","","","","","","","",""
"2020041221","2210","1","0","0","0","0","0","0","0","0","1","0","","67","5","2020","6","40.09549","-74.977473","2209","6","0","0","0","0","0","0","0","0","","0","0","0","22","3","1","N","0","0","40 05:43.765","","0","74 58:38.902","8","0","0","0","67301","0","0","0","N","0","0","0","3","67301","0","","1.0","","9","N","N","N","1","","0","0","0","0","0","","2205","2","1","0","0","0","1","0","2","0","2","0","0","0","7","07","","N","","","","","","","","","",""
"2020042544","1512","1","0","0","0","0","0","0","0","0","4","0","","67","5","2020","7","40.097937","-74.985071","1508","6","0","0","0","0","0","1","0","0","","0","0","0","15","1","1","","1","0","40 05:52.573","","0","74 59:06.255","8","0","0","0","67301","0","0","0","N","0","0","0","3","67301","0","","1.0","","1","N","N","N","1","","0","0","0","3","2","","1506","2","1","0","0","0","1","0","2","0","2","0","0","0","3","03","","N","","","","","","","","","",""
"2020039860","1404","0","0","0","0","0","0","0","0","0","7","0","","67","5","2020","1","39.968382","-75.129556","1402","6","0","0","0","0","0","0","0","0","","0","0","0","13","1","1","N","7","0","39 58:06.174","","2","75 07:46.403","4","0","0","0","67301","0","0","0","Y","0","0","0","1","68K01","1","","3.0","","1","N","N","N","0","","0","0","1","0","0","","1353","1","1","1","0","0","0","0","2","0","1","0","0","0","3","","","N","","","","","","","","","",""
"2020036617","1842","1","0","0","0","0","0","0","0","0","7","0","","67","4","2020","1","39.980935","-75.206491","1840","6","0","0","0","0","0","0","0","0","","0","0","0","18","1","0","N","0","1","39 58:51.367","3","0","75 12:23.366","0","0","0","0","67301","0","0","0","N","0","0","0","1","68K01","0","","2.0","1900.0","9","N","N","N","0","","0","0","0","0","0","N","1838","1","0","0","0","0","0","0","2","0","1","0","0","0","7","07","","N","","","","","","","","","",""
"2020039423","0230","0","0","0","0","0","0","0","0","0","7","0","","67","5","2020","2","39.9739","-75.150158","0216","6","0","0","0","0","0","0","0","0","","0","0","0","2","3","0","N","0","0","39 58:26.040","","0","75 09:00.570","9","0","0","0","67301","0","0","0","N","0","0","0","1","67301","0","","4.0","","1","N","N","N","0","","0","0","1","0","0","","209","1","0","0","0","0","0","1","2","0","1","0","0","0","3","","","N","","","","","","","","","",""
"2020036587","1251","0","0","0","0","0","0","0","0","0","7","1","","67","3","2020","2","39.959969","-75.179526","1251","6","0","0","0","0","0","0","0","0","","0","1","0","12","1","0","N","0","1","39 57:35.890","4","0","75 10:46.294","0","0","0","0","67301","0","0","0","N","0","0","0","1","68K01","0","","4.0","1400.0","9","N","N","N","0","","0","0","0","0","0","N","1251","1","0","0","0","0","0","0","2","0","1","0","0","0","7","","","N","","","","","","","","","",""
"2020038676","2032","1","0","0","0","0","0","0","0","0","8","0","","67","5","2020","3","40.076894","-74.978727","2026","6","0","0","0","0","0","0","0","0","","1","0","0","20","3","0","N","2","2","40 04:36.818","5","0","74 58:43.417","1","0","0","0","67301","1","1","0","N","1","1","0","4","67301","0","2","1.0","2032.0","1","N","N","N","0","0","0","0","0","0","0","Y","2026","2","0","0","0","0","0","0","2","0","1","1","1","0","3","03","","N","","","","","","","","","",""
"2020040001","0435","1","0","0","0","0","0","0","0","0","4","0","","67","5","2020","6","39.956922","-75.227539","0431","6","0","0","0","0","0","0","0","0","","0","0","0","4","3","0","N","0","0","39 57:24.920","","0","75 13:39.140","9","0","0","0","67301","0","0","0","N","0","0","0","1","67301","0","","1.0","","9","N","N","Y","1","","0","0","0","9","9","","430","2","0","0","0","0","0","1","2","0","2","0","0","0","4","07","","N","","","","","","","","","",""
"2020036852","1242","1","0","0","0","0","0","0","0","0","5","1","","67","4","2020","3","39.960078","-75.180322","1242","6","0","0","0","0","0","0","0","0","","0","1","0","11","1","0","N","0","0","39 57:36.281","","0","75 10:49.159","0","0","0","0","67301","0","0","0","N","0","0","0","2","68K01","0","","1.0","","9","N","N","N","0","","0","0","0","0","0","","1159","2","0","0","0","0","0","0","2","0","2","0","0","0","7","","","N","","","","","","","","","",""
"2020039465","0835","2","0","0","0","0","0","0","0","0","5","0","","67","5","2020","1","39.941641","-75.14304","0820","6","0","0","0","0","0","0","0","0","","0","0","0","8","1","0","N","0","0","39 56:29.909","","0","75 08:34.944","0","0","0","0","67301","0","0","0","N","0","0","0","2","68K01","0","","1.0","","1","N","N","N","0","","0","0","0","0","0","","819","2","0","0","0","0","0","0","2","0","2","0","0","0","3","03","","N","","","","","","","","","",""
"2020038966","1826","2","0","0","0","0","0","0","0","0","2","0","","67","5","2020","6","39.983434","-75.158572","1825","6","0","0","0","0","1","0","1","0","","0","0","0","18","1","1","N","1","1","39 59:00.364","4","0","75 09:30.860","8","0","0","0","67301","0","0","0","Y","0","0","0","3","67505","0","","1.0","1840.0","1","N","N","N","0","","0","0","0","3","2","Y","1825","2","1","0","0","0","1","0","2","0","2","0","0","0","3","03","","N","","","","","","","","","",""
"2020040493","1115","1","0","0","0","0","0","0","0","0","4","1","","67","5","2020","5","40.009967","-75.143953","1102","6","0","0","0","0","0","1","0","0","","0","1","0","10","1","2","","1","0","40 00:35.881","","0","75 08:38.230","3","0","0","0","67301","0","0","0","N","0","0","0","3","67301","0","","1.0","","1","N","N","N","0","","2","0","0","0","0","","1040","2","2","2","0","0","0","0","2","0","2","0","0","0","3","03","","N","","","","","","","","","",""
"2020041388","2137","2","0","0","0","0","0","0","0","0","1","0","","67","5","2020","5","39.979436","-75.108211","2137","6","0","0","0","0","0","0","0","0","","0","0","0","21","2","0","N","0","1","39 58:45.971","2","0","75 06:29.561","0","0","0","0","67301","0","0","0","N","0","0","0","3","68K01","0","","1.0","2145.0","1","N","N","N","0","","0","0","0","0","0","N","2137","2","0","0","0","0","0","0","2","0","2","0","0","0","3","","","N","","","","","","","","","",""
"2020039776","2145","3","0","0","0","0","0","0","0","0","2","0","","67","5","2020","2","39.959897","-75.241194","2145","6","0","0","0","0","0","0","0","0","","0","0","0","21","3","0","N","0","0","39 57:35.630","","0","75 14:28.300","0","0","0","0","67301","0","0","0","N","0","0","0","2","67301","0","","9.0","","1","N","N","N","0","","0","0","1","0","0","","2140","4","0","0","0","0","0","0","2","0","4","0","0","0","3","","","N","","","","","","","","","",""
"2020019223","2050","0","0","0","0","0","0","0","0","0","8","0","","67","2","2020","5","39.956647","-75.165993","2045","6","0","0","0","0","0","0","0","0","","0","0","0","18","3","1","","2","0","39 57:23.929","","0","75 09:57.574","8","0","0","0","67301","1","0","0","N","1","0","0","2","67301","0","","1.0","","1","N","N","N","0","","0","0","0","3","2","","1830","2","1","0","0","0","1","0","2","0","1","1","0","0","3","03","","N","","","","","","","","","",""
"2020038625","1300","2","0","0","0","0","0","0","0","0","4","0","","67","5","2020","1","40.024181","-75.147878","1258","6","0","0","0","0","0","0","0","0","","0","0","0","12","1","0","N","0","1","40 01:27.050","2","7","75 08:52.360","0","0","0","0","67301","0","0","0","N","0","0","0","2","67301","0","","1.0","1310.0","1","N","N","N","0","","0","0","0","0","0","Y","1220","2","0","0","0","0","0","0","2","0","2","0","0","0","3","","","N","","","","","","","","","",""
"2020040129","0853","0","0","0","0","0","0","0","0","0","1","1","","67","4","2020","3","39.940618","-75.195438","0853","6","0","0","0","0","0","0","0","0","","0","1","0","8","1","0","N","0","1","39 56:26.225","3","0","75 11:43.576","0","0","0","0","67301","0","0","0","N","0","0","0","2","68K01","0","","1.0","925.0","1","N","N","N","0","","0","0","1","0","0","N","853","2","0","0","0","0","0","0","2","0","2","0","0","0","3","","","N","","","","","","","","","",""
"2020018669","2354","3","0","0","0","0","0","0","0","0","5","0","","67","2","2020","7","39.944276","-75.244603","2345","6","0","0","0","0","0","0","0","0","","0","0","0","23","3","1","N","0","1","39 56:39.395","2","0","75 14:40.569","3","0","0","0","67301","0","0","0","N","0","0","0","1","67301","0","","1.0","207.0","1","N","N","N","0","","1","0","1","0","0","N","2335","4","1","1","0","0","0","0","2","0","4","0","0","0","3","03","","N","","","","","","","","","",""
"2020017855","0208","1","0","0","0","0","0","0","0","0","2","0","","67","2","2020","1","39.926258","-75.157453","0208","6","0","0","0","0","0","0","0","0","","0","0","0","2","3","1","N","0","2","39 55:34.530","1","0","75 09:26.830","3","0","0","0","67301","0","0","0","N","0","0","0","2","67301","0","","1.0","300.0","1","N","N","N","1","","1","0","0","0","0","N","208","2","1","2","0","0","0","0","2","0","2","0","0","0","3","03","","N","","","","","","","","","",""
"2020036492","1735","0","0","0","0","0","0","0","0","0","8","0","","67","4","2020","6","39.967403","-75.178634","1733","6","0","0","0","0","0","0","0","0","","0","0","0","17","1","1","","1","0","39 58:02.652","","0","75 10:43.082","3","0","0","0","67301","1","0","0","N","0","0","0","2","67301","0","","1.0","","1","N","N","N","0","","1","0","1","3","2","","1730","2","1","0","0","0","0","0","2","0","1","1","0","0","3","03","","N","","","","","","","","","",""
"2020030120","0630","0","0","0","0","0","0","1","0","0","4","1","","67","3","2020","7","40.042896","-75.143783","0615","6","0","0","0","0","0","0","0","0","","0","0","0","99","5","1","","1","0","40 02:34.426","","0","75 08:37.618","4","0","0","0","67301","0","0","0","N","0","0","0","2","67508","1","","1.0","","9","N","","N","0","","0","0","1","3","2","","9999","2","1","0","0","0","0","0","2","0","2","0","0","0","7","","","N","","","","","","","","","",""
"2020038213","0500","1","0","0","0","0","0","0","0","0","0","0","","67","4","2020","4","39.980928","-75.20648","0454","6","0","0","0","0","0","0","0","0","","0","0","0","4","3","0","N","0","0","39 58:51.341","","0","75 12:23.328","0","0","0","0","67301","0","0","0","N","0","0","0","1","68K01","0","","1.0","","1","N","N","N","0","","0","0","0","0","0","","448","1","0","0","0","0","0","0","2","0","1","0","0","0","3","03","","N","","","","","","","","","",""
"2020037544","1945","1","0","0","0","0","0","0","0","0","1","0","","67","4","2020","1","39.959382","-75.173879","1945","6","0","0","0","0","0","0","0","0","","0","0","0","19","3","0","N","0","0","39 57:33.775","","0","75 10:25.964","9","0","0","0","67301","0","0","0","N","0","0","0","2","68K01","0","","1.0","","9","N","N","N","0","","0","0","0","0","0","","1943","2","0","0","0","0","0","1","2","0","2","0","0","0","7","","","N","","","","","","","","","",""
"2020039486","0748","0","0","0","0","0","0","0","0","0","2","0","","67","5","2020","6","39.942651","-75.23642","0745","6","0","0","0","0","0","0","0","0","","0","0","0","7","1","1","","1","0","39 56:33.544","","0","75 14:11.113","3","0","0","0","67301","0","0","0","N","0","0","0","2","67301","0","","1.0","","9","N","N","Y","0","","1","0","3","3","2","","745","3","1","0","0","0","0","0","2","0","3","0","0","0","3","","","N","","","","","","","","","",""
"2020024672","2017","1","0","0","0","0","0","0","0","0","4","0","","67","3","2020","2","39.996566","-75.091038","2007","6","0","0","0","0","0","2","0","0","","0","0","0","19","3","1","N","0","0","39 59:47.637","","0","75 05:27.735","3","0","0","0","67301","0","0","0","N","0","0","0","2","67301","0","","1.0","","1","N","N","N","0","","1","0","1","9","9","","1954","2","1","0","0","0","0","0","2","0","2","0","0","0","3","","","N","","","","","","","","","",""
"2020032233","1657","0","0","0","0","0","0","0","0","0","0","0","","67","4","2020","5","39.950955","-75.182902","1652","6","0","0","0","0","0","0","0","0","","0","0","0","16","1","1","N","0","1","39 57:03.439","4","0","75 10:58.447","4","0","0","1","67301","0","0","0","N","0","0","0","1","68K01","1","","1.0","30.0","1","N","N","N","0","","0","0","0","0","0","N","1651","1","1","0","0","0","0","0","2","0","1","0","0","0","3","03","","N","","","","","","","","","",""
"2020036234","0025","0","0","0","0","0","0","0","0","0","4","0","","67","5","2020","1","40.020211","-75.157464","0017","6","0","0","0","0","0","0","0","0","","0","0","0","0","3","0","N","0","9","40 01:12.760","","0","75 09:26.870","0","0","0","0","67301","0","0","0","N","0","0","0","1","67301","0","","9.0","","1","N","N","N","0","","0","0","2","0","0","U","16","2","0","1","0","0","0","0","2","0","2","0","0","0","3","03","","N","","","","","","","","","",""
"2020039535","2111","0","0","0","0","0","0","0","0","0","5","1","","67","4","2020","4","39.962846","-75.139449","2103","6","0","0","0","0","0","1","0","0","","0","1","0","21","3","0","N","0","0","39 57:46.244","","0","75 08:22.015","0","0","0","0","67301","0","0","0","N","0","0","0","3","68K01","0","","1.0","","1","N","N","N","0","","0","0","0","0","0","","2101","2","0","0","0","0","0","0","2","1","2","0","0","0","3","03","","N","","","","","","","","","",""
"2020038034","2350","0","0","0","0","0","0","0","0","0","5","0","","67","5","2020","1","40.020831","-75.143739","2341","6","0","0","0","0","0","0","0","0","","0","0","0","23","3","0","N","0","9","40 01:14.990","","0","75 08:37.460","0","0","0","0","67301","0","0","0","N","0","0","0","2","67301","0","","1.0","","1","N","N","N","0","","0","0","2","9","9","U","2312","2","0","0","0","0","0","0","2","0","2","0","0","0","3","03","","N","","","","","","","","","",""
"2020013659","0829","1","0","0","0","0","0","0","0","0","5","1","","67","2","2020","4","39.955458","-75.148068","0824","6","0","0","0","0","0","1","0","0","","0","1","0","8","1","1","N","0","0","39 57:19.647","","2","75 08:53.044","3","0","0","0","67301","0","0","0","N","0","0","0","2","67501","0","","1.0","","9","N","N","N","0","","1","0","0","0","0","","820","2","1","0","0","0","0","0","2","0","2","0","0","0","7","","","N","","","","","","","","","",""
"2020006683","1301","1","0","0","0","0","0","0","0","0","1","0","","67","1","2020","5","39.957654","-75.148861","1300","6","0","0","0","0","0","1","0","0","","0","0","0","15","1","0","","7","0","39 57:27.556","","2","75 08:55.899","0","0","0","0","67301","0","0","0","N","0","0","0","2","67301","0","","1.0","","1","N","N","N","1","","0","0","0","3","4","","1550","2","0","0","0","0","0","0","2","0","2","0","0","0","3","03","","N","","","","","","","","","",""
"2020027805","0116","0","0","0","0","0","0","0","0","0","5","0","","67","3","2020","7","39.981156","-75.206772","0116","6","0","0","0","0","0","0","0","0","","0","0","0","1","3","1","N","0","2","39 58:52.162","3","0","75 12:24.380","8","0","0","0","67301","0","0","0","N","0","0","0","4","68K01","0","","1.0","30.0","9","N","N","N","0","","0","0","1","0","0","N","113","2","1","0","0","0","1","0","2","1","2","0","0","0","7","","","N","","","","","","","","","",""
"2020030726","2309","0","0","0","0","0","0","0","0","0","8","0","","67","3","2020","4","40.010481","-75.165503","2309","6","0","0","0","0","0","0","0","0","","1","0","0","23","3","0","N","0","0","40 00:37.733","","99","75 09:55.809","1","0","0","0","67301","1","1","0","N","1","1","0","2","67301","0","2","1.0","","9","N","N","N","0","0","0","0","0","9","9","","2304","2","0","0","0","0","0","1","2","0","1","1","1","0","7","07","","N","","","","","","","","","",""
"2020021357","1345","1","0","0","0","0","0","0","0","0","5","0","","67","2","2020","7","39.901841","-75.202621","1340","6","0","0","0","0","0","1","0","0","","0","0","0","13","1","0","N","0","1","39 54:06.629","4","3","75 12:09.435","0","0","0","0","67301","0","0","0","N","0","0","0","2","67301","0","","1.0","100.0","1","N","N","Y","0","","0","0","1","3","8","N","1336","2","0","0","0","0","0","0","2","0","2","0","0","0","3","03","","N","","","","","","","","","",""
"2020041269","1934","0","0","0","0","0","0","0","0","0","8","0","","67","5","2020","1","39.997561","-75.174975","1934","6","0","0","0","0","0","0","0","0","","0","0","0","19","1","1","N","0","0","39 59:51.220","","0","75 10:29.910","3","0","0","0","67301","1","0","0","N","1","0","0","1","67301","0","","1.0","","1","N","N","N","0","","1","0","1","0","0","","1932","2","1","0","0","0","0","0","2","0","1","1","0","0","3","98","","N","","","","","","","","","",""
"2020042306","1345","1","0","0","0","0","0","0","0","0","4","0","","67","5","2020","4","40.060398","-74.990435","1343","6","0","0","0","0","0","0","0","0","","0","0","0","13","1","1","","1","0","40 03:37.434","","0","74 59:25.565","3","0","0","0","67301","0","0","0","N","0","0","0","2","67301","0","","1.0","","1","N","N","N","0","","1","0","1","3","2","","1342","2","1","0","0","0","0","0","2","0","2","0","0","0","3","03","","N","","","","","","","","","",""
"2020045928","1322","0","0","0","0","0","0","0","0","0","1","0","","67","5","2020","5","40.015458","-75.053163","1320","6","0","0","0","0","0","1","0","0","","0","0","0","13","1","1","N","0","2","40 00:55.650","1","0","75 03:11.387","8","0","0","0","67301","0","0","0","N","0","0","0","3","68K01","0","","1.0","30.0","1","N","N","N","0","","0","0","1","0","0","N","1318","2","1","1","0","0","1","1","2","0","2","0","0","0","3","03","","N","","","","","","","","","",""
"2020016390","0947","0","0","0","0","0","0","0","0","0","7","0","","67","1","2020","6","40.043373","-75.003137","0936","6","0","0","0","0","0","0","0","0","","0","0","0","9","1","0","N","0","0","40 02:36.141","","0","75 00:11.293","0","0","0","0","67301","0","0","0","N","0","0","0","1","68K01","0","","2.0","","9","N","N","N","1","","0","0","0","0","0","","934","1","0","1","0","0","0","0","2","0","1","0","0","0","7","","","N","","","","","","","","","",""
"2020004199","0721","1","0","0","0","0","0","0","0","0","7","0","","67","1","2020","6","39.88827","-75.20325","0701","6","0","0","0","0","0","0","0","0","","0","0","0","6","3","0","N","0","1","39 53:17.773","2","0","75 12:11.700","0","0","0","0","67301","0","0","0","N","0","0","0","1","68K01","0","","4.0","30.0","9","N","N","N","0","","0","0","0","0","0","Y","655","1","0","0","0","0","0","0","2","0","1","0","0","0","7","07","","N","","","","","","","","","",""
"2020043594","2115","1","0","0","0","0","0","0","0","0","4","0","","67","5","2020","5","39.956709","-75.225555","2106","6","0","0","0","0","0","0","0","0","","0","0","0","20","3","1","N","0","0","39 57:24.154","","0","75 13:31.997","3","0","0","0","67301","0","0","0","N","0","0","0","3","67301","0","","6.0","","1","N","N","N","0","","1","0","1","0","0","","2019","2","1","0","0","0","0","0","2","0","2","0","0","0","3","","","N","","","","","","","","","",""
"2020035992","0000","0","0","0","0","0","0","0","0","0","7","0","","67","5","2020","6","39.97085","-75.193506","2356","6","0","0","0","0","0","0","0","0","","0","0","0","23","3","1","N","0","1","39 58:15.060","5","0","75 11:36.620","2","0","0","0","67301","0","0","0","N","0","0","0","1","67301","0","","4.0","26.0","1","N","N","N","0","","0","1","1","0","0","Y","2354","1","1","0","0","0","0","0","2","0","1","0","0","0","3","","","N","","","","","","","","","",""
"2020038250","1327","1","0","0","0","0","0","0","0","0","1","0","","67","5","2020","3","39.960139","-75.180026","1327","6","0","0","0","0","0","0","0","0","","0","0","0","13","1","0","N","0","0","39 57:36.502","","0","75 10:48.095","0","0","0","0","67301","0","0","0","N","0","0","0","5","68K01","0","","1.0","","1","N","N","N","1","","0","0","0","0","0","","1327","2","0","0","0","0","0","0","2","0","2","0","0","0","3","03","","N","","","","","","","","","",""
"2020039552","1557","2","0","0","0","0","0","0","0","0","5","0","","67","5","2020","2","39.981246","-75.206669","1551","6","0","0","0","0","0","0","0","0","","0","0","0","15","1","0","N","0","1","39 58:52.485","4","0","75 12:24.010","9","0","0","0","67301","0","0","0","N","0","0","0","2","68K01","0","","4.0","1557.0","1","N","N","N","0","","0","0","0","3","8","N","1549","2","0","0","0","0","0","1","2","0","2","0","0","0","3","","","N","","","","","","","","","",""
"2020041949","0726","1","0","0","0","0","0","0","0","0","7","0","","67","4","2020","7","39.958158","-75.141231","0714","6","0","0","0","0","0","0","0","0","","0","0","0","7","1","0","N","0","0","39 57:29.367","","0","75 08:28.431","0","0","0","0","67301","0","0","0","N","0","0","0","1","68K01","0","","4.0","","9","N","N","N","0","","0","0","0","0","0","","712","1","0","0","0","0","0","0","2","0","1","0","0","0","7","","","N","","","","","","","","","",""
"2020039195","0129","0","0","0","0","0","0","0","0","0","5","0","","67","5","2020","1","39.957474","-75.229627","0128","6","0","0","0","0","0","0","0","0","","0","0","0","1","3","0","N","0","0","39 57:26.905","","0","75 13:46.657","0","0","0","0","67301","0","0","0","N","0","0","0","1","67301","0","","1.0","","1","N","N","N","1","","0","0","1","0","0","","125","2","0","0","0","0","0","0","2","0","2","0","0","0","3","","","N","","","","","","","","","",""
"2020036116","2123","5","0","0","0","0","0","0","0","0","5","0","","67","5","2020","7","39.981687","-75.160573","2123","6","0","0","0","0","0","0","0","0","","0","0","0","21","3","0","N","0","0","39 58:54.074","","0","75 09:38.061","0","0","0","0","67301","0","0","0","N","0","0","0","2","67505","0","","6.0","","1","N","N","N","0","","0","0","0","0","0","N","2115","5","0","0","0","0","0","0","2","0","5","0","0","0","3","03","","N","","","","","","","","","",""
"2020036824","1133","3","0","0","0","0","0","0","0","0","4","0","","67","5","2020","3","40.035281","-75.025181","1131","6","0","1","0","0","0","0","1","0","","0","0","0","11","1","2","","1","1","40 02:07.013","1","0","75 01:30.652","3","0","0","0","67301","0","0","0","N","0","0","0","3","67301","0","","1.0","1240.0","1","N","N","N","0","","2","0","0","0","0","Y","1130","3","2","0","0","0","0","0","2","0","3","0","0","0","3","","","N","","","","","","","","","",""
"2020040004","2245","1","0","0","0","0","0","0","0","0","8","0","","67","5","2020","3","39.98214","-75.118001","0954","6","0","0","0","0","0","0","0","0","","0","0","0","9","8","1","N","0","0","39 58:55.704","","0","75 07:04.802","2","0","0","0","67301","1","0","1","N","1","0","1","2","67301","0","","1.0","","1","N","N","N","0","","0","1","0","0","0","","953","2","1","1","0","0","0","0","2","0","1","1","0","1","3","03","","N","","","","","","","","","",""
"2020019176","1716","1","0","0","0","0","0","0","0","0","1","0","","67","1","2020","3","39.94687","-75.188155","1659","6","0","0","0","0","0","0","0","0","","0","0","0","16","3","1","N","0","2","39 56:48.733","4","0","75 11:17.357","3","0","0","0","67301","0","0","0","N","0","0","0","2","68K01","0","","1.0","30.0","9","N","N","N","0","","1","0","1","0","0","N","1648","2","1","0","0","0","0","0","2","0","2","0","0","0","7","","","N","","","","","","","","","",""
"2020037994","1515","1","0","0","0","0","0","0","0","0","8","0","","67","5","2020","1","40.030086","-75.039672","1505","6","0","0","0","0","0","0","0","0","","0","0","0","14","1","1","N","0","0","40 01:48.310","","0","75 02:22.820","3","0","0","0","67301","1","0","0","N","1","0","0","2","67301","0","","1.0","","1","N","N","N","0","","1","0","0","0","0","","1446","2","1","0","0","0","0","0","2","0","1","1","0","0","3","","","N","","","","","","","","","",""
"2020039533","1654","2","0","0","0","0","0","0","0","0","1","0","","67","4","2020","2","39.983254","-75.208172","1654","6","0","0","0","1","0","0","0","0","","0","0","0","16","1","0","N","0","2","39 58:59.713","3","0","75 12:29.419","0","0","0","0","67301","0","0","0","N","0","0","0","3","68K01","0","","1.0","30.0","9","N","N","N","0","","0","0","0","0","0","N","1654","2","0","0","0","0","0","0","2","0","2","0","0","0","3","","","N","","","","","","","","","",""
"2020041549","0307","1","0","0","0","0","0","0","0","0","7","0","","67","5","2020","3","39.984011","-75.175142","0305","6","0","0","0","0","0","0","0","0","","0","0","0","2","3","0","N","0","0","39 59:02.440","","0","75 10:30.510","9","0","0","0","67301","0","0","0","N","0","0","0","1","67301","0","","5.0","","1","N","N","N","0","","0","0","0","3","2","","245","1","0","0","0","0","0","1","2","0","1","0","0","0","3","03","","N","","","","","","","","","",""