"CRN","ARRIVAL_TM","AUTOMOBILE_COUNT","BELTED_DEATH_COUNT","BELTED_SUSP_SERIOUS_INJ_COUNT","BICYCLE_COUNT","BICYCLE_DEATH_COUNT","BICYCLE_SUSP_SERIOUS_INJ_COUNT","BUS_COUNT","CHLDPAS_DEATH_COUNT","CHLDPAS_SUSP_SERIOUS_INJ_COUNT","COLLISION_TYPE","COMM_VEH_COUNT","CONS_ZONE_SPD_LIM","COUNTY","CRASH_MONTH","CRASH_YEAR","DAY_OF_WEEK","DEC_LATITUDE","DEC_LONGITUDE","DISPATCH_TM","DISTRICT","DRIVER_COUNT_16YR","DRIVER_COUNT_17YR","DRIVER_COUNT_18YR","DRIVER_COUNT_19YR","DRIVER_COUNT_20YR","DRIVER_COUNT_50_64YR","DRIVER_COUNT_65_74YR","DRIVER_COUNT_75PLUS","EST_HRS_CLOSED","FATAL_COUNT","HEAVY_TRUCK_COUNT","HORSE_BUGGY_COUNT","HOUR_OF_DAY","ILLUMINATION","INJURY_COUNT","INTERSECTION_RELATED","INTERSECT_TYPE","LANE_CLOSED","LATITUDE","LN_CLOSE_DIR","LOCATION_TYPE","LONGITUDE","MAX_SEVERITY_LEVEL","MCYCLE_DEATH_COUNT","MCYCLE_SUSP_SERIOUS_INJ_COUNT","MOTORCYCLE_COUNT","MUNICIPALITY","NONMOTR_COUNT","NONMOTR_DEATH_COUNT","NONMOTR_SUSP_SERIOUS_INJ_COUNT","NTFY_HIWY_MAINT","PED_COUNT","PED_DEATH_COUNT","PED_SUSP_SERIOUS_INJ_COUNT","PERSON_COUNT","POLICE_AGCY","POSSIBLE_INJ_COUNT","RDWY_SURF_TYPE_CD","RELATION_TO_ROAD","ROADWAY_CLEARED","ROAD_CONDITION","SCH_BUS_IND","SCH_ZONE_IND","SECONDARY_CRASH","SMALL_TRUCK_COUNT","SPEC_JURIS_CD","SUSP_MINOR_INJ_COUNT","SUSP_SERIOUS_INJ_COUNT","SUV_COUNT","TCD_FUNC_CD","TCD_TYPE","TFC_DETOUR_IND","TIME_OF_DAY","TOTAL_UNITS","TOT_INJ_COUNT","UNBELTED_OCC_COUNT","UNB_DEATH_COUNT","UNB_SUSP_SERIOUS_INJ_COUNT","UNK_INJ_DEG_COUNT","UNK_INJ_PER_COUNT","URBAN_RURAL","VAN_COUNT","VEHICLE_COUNT","VULNERABLE_ROAD_USER_COUNT","VULNERABLE_ROAD_USER_DEATH_COUNT","VULNERABLE_ROAD_USER_SER_INJ_COUNT","WEATHER1","WEATHER2","WORKERS_PRES","WORK_ZONE_IND","WORK_ZONE_LOC","WORK_ZONE_TYPE","WZ_CLOSE_DETOUR","WZ_FLAGGER","WZ_LAW_OFFCR_IND","WZ_LN_CLOSURE","WZ_MOVING","WZ_OTHER","WZ_SHLDER_MDN","WZ_WORKERS_INJ_KILLED"
"2020018677","1710","2","0","0","0","0","0","0","0","0","2","0","","67","2","2020","2","39.987887","-75.123452","1704","6","0","0","0","0","0","0","0","0","","0","0","0","15","1","2","","1","9","39 59:16.394","","0","75 07:24.428","3","0","0","0","67301","0","0","0","N","0","0","0","2","67301","0","","9.0","","1","N","N","N","0","","1","0","0","9","2","U","1544","2","2","0","0","0","1","0","2","0","2","0","0","0","3","","","N","","","","","","","","","",""
"2020036348","0205","2","0","0","0","0","0","0","0","0","4","0","","67","4","2020","6","40.020176","-75.183626","0202","6","0","0","0","0","0","0","0","0","","0","0","0","1","3","0","N","0","1","40 01:12.634","4","0","75 11:01.052","9","0","0","0","67301","0","0","0","N","0","0","0","1","67301","0","","1.0","350.0","1","N","N","N","0","","0","0","1","0","0","N","159","3","0","0","0","0","0","1","2","0","3","0","0","0","3","03","","N","","","","","","","","","",""
"2020027626","0844","1","0","0","0","0","0","0","0","0","5","0","","67","1","2020","3","40.026993","-75.025465","0844","6","0","0","0","0","0","2","0","0","","0","0","0","8","1","4","N","0","1","40 01:37.176","1","0","75 01:31.674","3","0","0","0","67301","0","0","0","N","0","0","0","4","68K01","0","","1.0","1000.0","1","N","N","N","0","","2","0","3","0","0","N","843","4","4","1","0","0","2","0","2","0","4","0","0","0","3","","","N","","","","","","","","","",""
"2020015276","1205","1","0","0","0","0","0","0","0","0","1","0","","67","2","2020","6","40.007891","-75.140528","1202","6","0","0","0","0","0","1","0","0","","0","0","0","11","1","1","","1","0","40 00:28.406","","1","75 08:25.901","3","0","0","0","67301","0","0","0","N","0","0","0","2","67301","0","","1.0","","9","N","N","N","0","","1","0","1","0","0","","1152","2","1","1","0","0","0","0","2","0","2","0","0","0","7","07","","N","","","","","","","","","",""
"2020006411","2229","1","0","0","0","0","0","0","0","0","4","0","","67","1","2020","3","40.052271","-75.151646","2227","6","0","0","0","0","0","0","0","1","","0","0","0","22","3","1","","1","0","40 03:08.176","","0","75 09:05.927","3","0","0","0","67301","0","0","0","N","0","0","0","2","67301","0","","1.0","","9","N","N","N","0","","1","0","1","3","3","","2224","2","1","0","0","0","0","1","2","0","2","0","0","0","7","06","","N","","","","","","","","","",""
"2020040499","0540","0","0","0","0","0","0","0","0","0","8","0","","67","5","2020","5","40.001575","-75.156186","0536","6","0","0","0","0","0","1","0","0","","0","0","0","5","1","1","N","0","0","40 00:05.670","","0","75 09:22.270","3","0","0","0","67301","1","0","0","N","1","0","0","2","67301","0","","1.0","","1","N","N","N","0","","1","0","1","0","0","","535","2","1","0","0","0","0","0","2","0","1","1","0","0","3","03","","N","","","","","","","","","",""
"2020035445","2252","1","0","0","0","0","0","0","0","0","5","0","","67","4","2020","5","39.906722","-75.138806","2252","6","0","0","0","0","0","0","0","0","","0","0","0","22","3","1","N","0","2","39 54:24.200","3","3","75 08:19.700","2","0","0","0","67301","0","0","0","N","0","0","0","2","67501","0","","1.0","2344.0","9","N","N","N","0","","0","1","1","0","0","N","2252","2","1","0","0","0","0","0","2","0","2","0","0","0","7","","","N","","","","","","","","","",""
"2020006347","1611","1","0","0","0","0","0","0","0","0","5","0","","67","1","2020","5","40.039468","-75.00704","1603","6","0","0","0","0","0","0","0","0","","0","0","0","16","1","0","N","0","0","40 02:22.083","","0","75 00:25.343","0","0","0","0","67301","0","0","0","N","0","0","0","2","68K01","0","","1.0","","1","N","N","N","0","","0","0","1","0","0","","1602","2","0","0","0","0","0","0","2","0","2","0","0","0","3","","","N","","","","","","","","","",""
"2020020839","1045","1","0","0","0","0","0","0","0","0","1","0","","67","2","2020","1","40.007103","-75.193028","1032","6","0","0","0","0","0","1","0","0","","0","0","0","10","1","0","N","0","0","40 00:25.570","","3","75 11:34.900","0","0","0","0","67301","0","0","0","N","0","0","0","3","67301","0","","1.0","","1","N","N","N","0","","0","0","1","0","0","","1000","2","0","0","0","0","0","0","2","0","2","0","0","0","3","03","","N","","","","","","","","","",""
"2020045583","1124","2","0","0","0","0","0","0","0","0","1","0","","67","6","2020","5","39.908835","-75.150378","1122","6","0","0","0","0","0","1","0","0","","0","0","0","11","1","0","Y","0","0","39 54:31.805","","3","75 09:01.360","0","0","0","0","67301","0","0","0","N","0","0","0","2","67501","0","","1.0","","9","N","N","N","0","","0","0","0","3","4","","1118","2","0","0","0","0","0","0","2","0","2","0","0","0","7","04","","Y","","","","","","","","","",""
"2020038425","0914","1","0","0","0","0","0","0","0","0","4","0","","67","5","2020","3","39.90353","-75.150514","0912","6","0","0","0","0","0","0","0","0","","0","0","0","9","1","1","N","0","1","39 54:12.707","2","0","75 09:01.849","8","0","0","0","67301","0","0","0","N","0","0","0","1","68K01","0","","2.0","915.0","1","N","N","N","0","","0","0","0","0","0","N","910","1","1","0","0","0","1","0","2","0","1","0","0","0","3","","","N","","","","","","","","","",""
"2020033987","1331","1","0","0","0","0","0","0","0","0","1","0","","67","4","2020","2","40.023986","-75.159578","1326","6","0","0","0","0","0","0","0","0","","0","0","0","13","1","1","","1","0","40 01:26.350","","0","75 09:34.481","3","0","0","0","67301","0","0","0","N","0","0","0","5","67301","0","","1.0","","1","N","N","N","1","","1","0","0","3","2","","1324","2","1","0","0","0","0","0","2","0","2","0","0","0","4","","","N","","","","","","","","","",""
"2020034363","1819","1","0","0","0","0","0","0","0","0","1","0","","67","3","2020","2","40.040749","-75.005447","1819","6","0","0","0","0","0","1","0","0","","0","0","0","18","1","0","N","0","0","40 02:26.697","","0","75 00:19.610","0","0","0","0","67301","0","0","0","N","0","0","0","3","68K01","0","","1.0","","9","N","N","N","0","","0","0","1","0","0","","1814","2","0","0","0","0","0","0","2","0","2","0","0","0","3","03","","N","","","","","","","","","",""
"2020001235","0040","1","0","0","0","0","0","0","0","0","4","0","","67","1","2020","5","40.062578","-75.174175","0038","6","0","0","0","0","0","0","0","0","","0","0","0","0","3","1","","1","0","40 03:45.280","","0","75 10:27.030","3","0","0","0","67301","0","0","0","N","0","0","0","3","67301","0","","1.0","","1","N","N","N","0","","1","0","1","3","3","","30","2","1","0","0","0","0","0","2","0","2","0","0","0","3","","","N","","","","","","","","","",""
"2020037753","0542","1","0","0","0","0","0","0","0","0","7","0","","67","5","2020","6","40.054204","-74.985844","0539","6","0","0","0","0","0","0","0","0","","0","0","0","5","3","0","N","0","0","40 03:15.134","","0","74 59:09.037","0","0","0","0","67301","0","0","0","Y","0","0","0","1","68K01","0","","2.0","","9","N","N","N","0","","0","0","0","0","0","","531","1","0","0","0","0","0","0","2","0","1","0","0","0","4","","","N","","","","","","","","","",""
"2020045935","1514","1","0","0","0","0","0","0","0","0","1","0","","67","5","2020","6","39.899029","-75.178021","1514","6","0","0","0","0","0","1","0","0","","0","0","0","15","1","0","N","0","0","39 53:56.503","","0","75 10:40.877","0","0","0","0","67301","0","0","0","N","0","0","0","2","68K01","0","","1.0","","9","N","N","N","0","","0","0","1","0","0","","1510","2","0","0","0","0","0","0","2","0","2","0","0","0","7","","","N","","","","","","","","","",""
"2020002910","1208","1","0","0","1","0","0","0","0","0","8","0","","67","1","2020","3","39.92685","-75.169077","1200","6","0","0","0","0","0","0","0","0","","0","0","0","10","1","1","","1","0","39 55:36.660","","0","75 10:08.677","3","0","0","0","67301","1","0","0","N","0","0","0","2","67301","0","","1.0","","1","N","N","N","0","","1","0","0","3","2","","1030","2","1","0","0","0","0","0","2","0","1","1","0","0","3","03","","N","","","","","","","","","",""
"2020032816","0945","0","0","0","0","0","0","0","0","0","7","0","","67","4","2020","2","39.946839","-75.142332","0936","6","0","0","0","0","0","0","0","0","","0","0","0","9","8","0","N","0","0","39 56:48.619","","4","75 08:32.394","0","0","0","0","67301","0","0","0","N","0","0","0","1","68K01","0","","4.0","","8","N","N","N","0","","0","0","1","0","0","","929","1","0","0","0","0","0","0","2","0","1","0","0","0","7","04","","N","","","","","","","","","",""
"2020003002","1235","1","0","0","0","0","0","0","0","0","4","1","","67","1","2020","3","40.010914","-75.177953","1232","6","0","0","0","0","0","1","1","0","","0","1","0","12","1","2","N","0","2","40 00:39.292","3","7","75 10:40.631","8","0","0","0","67301","0","0","0","N","0","0","0","3","67301","0","","1.0","1315.0","1","N","N","N","0","","0","0","0","3","2","N","1230","2","2","0","0","0","2","0","2","0","2","0","0","0","4","","","N","","","","","","","","","",""
"2020018344","1921","1","0","0","0","0","0","0","0","0","1","0","","67","1","2020","7","40.043474","-75.002801","1908","6","0","0","0","0","0","1","0","0","","0","0","0","19","3","1","N","0","0","40 02:36.507","","0","75 00:10.084","3","0","0","0","67301","0","0","0","N","0","0","0","6","68K01","0","","1.0","","9","N","N","N","0","","1","0","1","0","0","","1904","2","1","0","0","0","0","0","2","0","2","0","0","0","7","07","","N","","","","","","","","","",""
"2020018012","1400","2","0","0","0","0","0","0","0","0","4","0","","67","2","2020","1","40.104469","-74.992779","1354","6","0","1","0","0","0","0","0","0","","0","0","0","13","1","0","N","0","1","40 06:16.088","3","0","74 59:34.005","0","0","0","0","67301","0","0","0","N","0","0","0","1","67301","0","","1.0","1400.0","1","N","N","Y","0","","0","0","0","0","0","N","1345","2","0","0","0","0","0","0","2","0","2","0","0","0","3","03","","N","","","","","","","","","",""
"2020041690","0946","0","0","0","0","0","0","0","0","0","7","1","","67","4","2020","2","39.897429","-75.187132","0936","6","0","0","0","0","0","0","0","0","","0","1","0","9","1","0","N","0","1","39 53:50.745","1","3","75 11:13.676","0","0","0","0","67301","0","0","0","Y","0","0","0","1","68K01","0","","4.0","1000.0","9","N","N","N","0","","0","0","0","0","0","N","935","1","0","0","0","0","0","0","2","0","1","0","0","0","8","07","","N","","","","","","","","","",""
"2020047462","1009","0","0","0","0","0","0","0","0","0","5","1","","67","6","2020","3","39.962544","-75.139638","1009","6","0","0","0","0","0","0","0","0","","0","1","0","9","1","0","N","0","0","39 57:45.158","","0","75 08:22.696","0","0","0","0","67301","0","0","0","N","0","0","0","2","68K01","0","","1.0","","1","N","N","N","0","","0","0","1","0","0","","955","2","0","0","0","0","0","0","2","0","2","0","0","0","3","03","","N","","","","","","","","","",""
"2020045956","1259","0","0","0","0","0","0","0","0","0","7","0","","67","5","2020","1","39.962807","-75.139066","1247","6","0","0","0","0","0","0","0","0","","0","0","0","12","1","1","N","0","1","39 57:46.105","1","0","75 08:20.639","3","0","0","1","67301","0","0","0","N","0","0","0","1","68K01","0","","2.0","1322.0","1","N","N","N","0","","1","0","0","0","0","N","1247","2","1","0","0","0","0","0","2","0","1","0","0","0","3","","","N","","","","","","","","","",""
"2020044551","1745","1","0","0","0","0","0","0","0","0","7","0","","67","6","2020","6","40.019576","-75.160518","1742","6","0","0","1","0","0","0","0","0","","0","0","0","17","1","0","N","0","0","40 01:10.473","","0","75 09:37.866","9","0","0","0","67301","0","0","0","N","0","0","0","1","67301","0","","4.0","","1","N","N","N","0","","0","0","0","0","0","","1742","1","0","1","0","0","0","1","2","0","1","0","0","0","3","03","","N","","","","","","","","","",""
"2020042302","0530","1","0","0","0","0","0","0","0","0","2","0","","67","5","2020","6","39.957697","-75.162478","0502","6","0","0","0","0","0","2","0","0","","0","0","0","5","5","0","","1","0","39 57:27.710","","0","75 09:44.921","0","0","0","0","67301","0","0","0","N","0","0","0","2","67301","0","","1.0","","9","N","N","N","0","","0","0","1","3","2","","500","2","0","0","0","0","0","0","2","0","2","0","0","0","7","","","N","","","","","","","","","",""
"2020000273","0216","2","0","0","0","0","0","0","0","0","5","0","","67","1","2020","4","39.920947","-75.177036","0214","6","0","0","0","0","0","0","0","0","2","0","0","0","2","3","1","N","0","2","39 55:15.410","1","0","75 10:37.330","8","0","0","0","67301","0","0","0","N","0","0","0","1","67301","0","","6.0","9999.0","1","N","N","N","0","","0","0","1","0","0","Y","212","4","1","1","0","0","1","0","2","1","4","0","0","0","3","","","N","","","","","","","","","",""
"2020001428","1855","2","0","0","0","0","0","0","0","0","1","0","","67","1","2020","6","40.022782","-75.194706","1855","6","0","0","0","0","0","1","0","0","","0","0","0","17","3","0","N","0","0","40 01:22.014","","0","75 11:40.940","0","0","0","0","67301","0","0","0","N","0","0","0","2","67301","0","","1.0","","9","N","N","N","0","","0","0","0","0","0","","1739","2","0","0","0","0","0","0","2","0","2","0","0","0","5","07","","N","","","","","","","","","",""
"2020017327","1415","0","0","0","0","0","0","0","0","0","2","0","","67","2","2020","6","39.943806","-75.232831","0830","6","0","0","0","0","0","1","0","0","","0","0","0","8","1","1","","1","0","39 56:37.701","","0","75 13:58.191","8","0","0","0","67301","0","0","0","N","0","0","0","2","67301","0","","1.0","","1","N","N","N","1","","0","0","1","0","0","","830","2","1","1","0","0","1","1","2","0","2","0","0","0","3","","","N","","","","","","","","","",""
"2020043598","0745","1","0","0","0","0","0","0","0","0","1","0","","67","6","2020","2","40.005284","-75.187557","0745","6","0","0","0","0","0","0","1","0","","0","0","0","5","1","1","N","0","0","40 00:19.023","","0","75 11:15.204","4","0","0","0","67301","0","0","0","N","0","0","0","2","67301","1","","1.0","","1","N","N","N","1","","0","0","0","0","0","","544","2","1","0","0","0","0","1","2","0","2","0","0","0","3","03","","N","","","","","","","","","",""
"2020043255","1523","2","0","0","0","0","0","0","0","0","1","0","","67","6","2020","3","40.037278","-75.210014","1507","6","0","0","0","0","0","0","0","0","","0","0","0","14","1","1","N","0","1","40 02:14.201","1","0","75 12:36.049","8","0","0","0","67301","0","0","0","N","0","0","0","2","67301","0","","1.0","1545.0","1","N","N","N","0","","0","0","0","3","2","N","1445","2","1","0","0","0","1","0","2","0","2","0","0","0","3","03","","N","","","","","","","","","",""
"2020046029","0740","1","0","0","0","0","0","0","0","0","4","0","","67","6","2020","6","40.0403","-75.043346","0733","6","0","0","0","0","0","0","1","0","","0","0","0","7","1","1","","1","0","40 02:25.079","","0","75 02:36.045","8","0","0","0","67301","0","0","0","N","0","0","0","2","67301","0","","1.0","","1","N","N","N","0","","0","0","1","3","2","","732","2","1","0","0","0","1","0","2","0","2","0","0","0","3","03","","N","","","","","","","","","",""
"2020046977","0550","1","0","0","0","0","0","0","0","0","7","0","","67","6","2020","6","39.980878","-75.206409","0545","6","0","0","0","0","0","0","0","0","","0","0","0","5","1","0","N","0","0","39 58:51.161","","0","75 12:23.073","0","0","0","0","67301","0","0","0","N","0","0","0","1","68K01","0","","4.0","","9","N","N","N","0","","0","0","0","0","0","","545","1","0","0","0","0","0","0","2","0","1","0","0","0","3","03","","N","","","","","","","","","",""
"2020044246","0407","1","0","0","0","0","0","0","0","0","5","0","","67","6","2020","7","40.040834","-75.005343","0400","6","0","0","0","0","0","0","0","0","","0","0","0","3","3","0","N","0","0","40 02:27.002","","0","75 00:19.236","0","0","0","0","67301","0","0","0","N","0","0","0","2","68K01","0","","1.0","","9","N","N","N","0","","0","0","1","0","0","","323","2","0","1","0","0","0","0","2","0","2","0","0","0","7","","","N","","","","","","","","","",""
"2020039353","2035","1","0","0","0","0","0","0","0","0","7","0","","67","5","2020","1","39.947869","-75.163428","2030","6","0","0","0","0","0","0","0","0","","0","0","0","20","4","0","N","0","0","39 56:52.330","","0","75 09:48.340","9","0","0","0","67301","0","0","0","N","0","0","0","1","67301","0","","5.0","","1","N","N","N","0","","0","0","0","0","0","","2020","1","0","0","0","0","0","1","2","0","1","0","0","0","3","","","N","","","","","","","","","",""
"2020041833","1803","0","0","0","0","0","0","0","1","0","2","0","","67","5","2020","4","40.027789","-75.060077","1803","6","0","0","0","0","0","1","0","0","","1","0","0","18","1","3","","1","2","40 01:40.042","7","0","75 03:36.277","1","0","0","0","67301","0","0","0","N","0","0","0","5","67301","0","2","1.0","2230.0","1","N","N","Y","1","0","0","0","1","3","2","Y","1803","2","3","0","0","0","3","0","2","0","2","0","0","0","4","03","","N","","","","","","","","","",""
"2020042969","0240","1","0","0","0","0","0","0","0","0","5","0","","67","5","2020","7","39.913639","-75.236422","0233","6","0","0","0","0","0","1","0","0","","0","0","0","2","3","0","N","0","0","39 54:49.100","","0","75 14:11.120","0","0","0","0","67301","0","0","0","N","0","0","0","1","67301","0","","6.0","","1","N","N","N","1","","0","0","0","0","0","","230","2","0","0","0","0","0","0","2","0","2","0","0","0","3","03","","N","","","","","","","","","",""
"2020044513","1526","1","0","0","0","0","0","0","0","0","7","0","","67","6","2020","1","40.032798","-75.17002","1526","6","0","0","0","0","0","1","0","0","","0","0","0","14","1","1","N","0","0","40 01:58.071","","0","75 10:12.071","3","0","0","0","67301","0","0","0","N","0","0","0","1","67301","0","","4.0","","1","N","N","N","0","","1","0","0","0","0","","1448","1","1","0","0","0","0","0","2","0","1","0","0","0","3","03","","N","","","","","","","","","",""
"2020016615","2124","1","0","0","0","0","0","0","0","0","4","0","","67","2","2020","5","39.945162","-75.239446","2123","6","0","0","0","0","0","0","0","0","","0","0","0","21","3","2","N","0","0","39 56:42.583","","7","75 14:22.005","8","0","0","0","67301","0","0","0","N","0","0","0","5","67301","0","","1.0","","9","N","N","N","1","","0","0","0","0","0","","2116","2","2","0","0","0","2","1","2","0","2","0","0","0","7","07","","N","","","","","","","","","",""
"2020045204","0117","0","0","0","0","0","0","0","0","0","7","0","","67","5","2020","7","39.982445","-75.083789","0116","6","0","0","0","0","0","0","0","0","","0","0","0","1","3","0","N","0","1","39 58:56.803","3","0","75 05:01.642","0","0","0","0","67301","0","0","0","N","0","0","0","1","68K01","0","","3.0","100.0","9","N","N","N","0","","0","0","1","0","0","N","115","1","0","0","0","0","0","0","2","0","1","0","0","0","3","","","N","","","","","","","","","",""
"2020015751","1721","2","0","1","0","0","0","0","0","1","2","0","","67","2","2020","6","39.904045","-75.240114","1721","6","0","0","0","0","0","1","0","0","","0","0","0","17","4","2","","1","0","39 54:14.563","","0","75 14:24.409","2","0","0","0","67301","0","0","0","N","0","0","0","6","67301","1","","1.0","","1","N","N","N","0","","0","1","0","3","2","","1718","2","2","1","0","0","0","3","2","0","2","0","0","0","3","03","","N","","","","","","","","","",""
"2020041225","0035","1","0","0","0","0","0","0","0","0","7","0","","67","5","2020","5","39.944046","-75.238067","0035","6","0","0","0","0","0","0","0","0","","0","0","0","0","3","2","N","0","0","39 56:38.567","","0","75 14:17.040","4","0","0","0","67301","0","0","0","N","0","0","0","2","67301","2","","9.0","","1","N","N","N","0","","0","0","0","0","0","","34","1","2","2","0","0","0","0","2","0","1","0","0","0","3","03","","N","","","","","","","","","",""
"2020045321","0245","1","0","0","0","0","0","0","0","0","4","1","","67","5","2020","4","39.977061","-75.19927","0238","6","0","0","0","1","0","1","0","0","","1","1","0","2","3","3","N","7","2","39 58:37.421","3","0","75 11:57.373","1","0","0","0","67301","0","0","0","N","0","0","0","4","68K01","0","2","1.0","700.0","1","N","N","N","0","0","2","0","0","0","0","Y","235","2","3","3","0","0","1","0","2","0","2","0","0","0","3","03","","N","","","","","","","","","",""
"2020043501","2121","0","0","0","0","0","0","0","0","0","1","0","","67","6","2020","4","40.035842","-75.086161","2114","6","0","0","0","0","0","1","0","0","","0","0","0","20","3","0","N","0","0","40 02:09.030","","0","75 05:10.180","0","0","0","0","67301","0","0","0","N","0","0","0","1","67301","0","","1.0","","9","N","N","N","0","","0","0","2","0","0","","2047","2","0","0","0","0","0","0","2","0","2","0","0","0","7","03","","N","","","","","","","","","",""
"2020043870","1600","1","0","0","0","0","0","0","0","0","8","0","","67","6","2020","6","39.983189","-75.156819","1558","6","0","0","0","0","0","0","0","0","","0","0","0","15","1","1","N","1","1","39 58:59.480","2","0","75 09:24.548","8","0","0","0","67301","1","0","0","N","1","0","0","2","67505","0","","1.0","1620.0","9","N","N","N","0","","0","0","0","3","2","N","1555","2","1","0","0","0","1","1","2","0","1","1","0","0","7","","","N","","","","","","","","","",""
"2020004115","2155","1","0","0","0","0","0","0","0","0","4","0","","67","1","2020","3","39.967403","-75.178634","2153","6","0","0","0","0","0","0","0","0","","0","0","0","21","3","0","","1","0","39 58:02.652","","0","75 10:43.082","9","0","0","0","67301","0","0","0","N","0","0","0","3","67301","0","","1.0","","9","N","N","N","0","","0","0","1","3","2","","2148","2","0","0","0","0","0","1","2","0","2","0","0","0","7","","","N","","","","","","","","","",""
"2020003864","1815","0","0","0","0","0","0","0","0","0","8","0","","67","1","2020","2","39.930332","-75.227574","1815","6","0","0","0","0","0","1","0","0","","0","0","0","18","3","1","","2","0","39 55:49.195","","0","75 13:39.266","4","0","0","0","67301","2","0","0","N","2","0","0","3","67301","1","","1.0","","1","N","N","N","0","","0","0","1","3","2","","1810","3","1","0","0","0","0","0","2","0","1","2","0","0","3","03","","N","","","","","","","","","",""
"2020045430","0538","1","0","0","0","0","0","0","0","0","2","0","","67","6","2020","7","39.958533","-75.247589","0531","6","0","0","0","0","0","0","0","0","","0","0","0","5","5","0","","2","0","39 57:30.720","","0","75 14:51.320","0","0","0","0","67301","0","0","0","N","0","0","0","2","67301","0","","1.0","","3","N","N","N","0","","0","0","1","3","3","","530","2","0","0","0","0","0","0","2","0","2","0","0","0","7","04","","N","","","","","","","","","",""
"2020017689","1350","0","0","0","0","0","0","0","0","0","8","0","","67","2","2020","1","39.98627","-75.156147","1348","6","0","0","0","0","0","1","0","0","","0","0","0","13","1","1","","1","1","39 59:10.572","1","0","75 09:22.129","8","0","0","0","67301","1","0","0","N","1","0","0","2","67505","0","","1.0","1410.0","1","N","N","N","0","","0","0","0","3","2","Y","1345","2","1","0","0","0","1","0","2","1","1","1","0","0","3","03","","N","","","","","","","","","",""
"2020015753","2224","2","0","0","0","0","0","0","0","0","4","0","","67","1","2020","5","40.026503","-75.04216","2214","6","0","0","0","0","0","0","0","0","","0","0","0","22","3","0","","1","0","40 01:35.410","","0","75 02:31.777","0","0","0","0","67301","0","0","0","N","0","0","0","2","67301","0","","1.0","","1","N","N","N","0","","0","0","0","3","3","","2213","2","0","0","0","0","0","0","2","0","2","0","0","0","3","03","","N","","","","","","","","","",""
"2020012137","2040","2","0","0","0","0","0","0","0","0","4","0","","67","1","2020","3","39.960283","-75.226853","2035","6","0","0","0","1","1","0","0","0","","0","0","0","20","3","1","","1","0","39 57:37.019","","0","75 13:36.669","3","0","0","0","67301","0","0","0","N","0","0","0","2","67301","0","","1.0","","9","N","N","N","0","","1","0","0","3","2","","2024","2","1","0","0","0","0","0","2","0","2","0","0","0","7","07","","N","","","","","","","","","",""
"2020002082","0855","1","0","0","0","0","0","0","0","0","4","0","","67","1","2020","1","40.05059","-75.142211","0851","6","0","0","0","0","0","2","0","0","","0","0","0","8","1","2","","1","0","40 03:02.124","","0","75 08:31.960","3","0","0","0","67301","0","0","0","N","0","0","0","2","67301","0","","1.0","","1","N","N","N","0","","2","0","0","3","2","","846","2","2","0","0","0","0","0","2","1","2","0","0","0","3","03","","N","","","","","","","","","",""
"2020038549","2258","2","0","0","0","0","0","0","0","0","4","0","","67","5","2020","4","39.954893","-75.20877","2258","6","0","0","0","0","0","0","0","0","","0","0","0","22","3","1","N","1","0","39 57:17.614","","0","75 12:31.573","4","0","0","0","67301","0","0","0","Y","0","0","0","2","67504","1","","1.0","","1","N","N","N","0","","0","0","0","3","2","","2258","2","1","0","0","0","0","0","2","0","2","0","0","0","3","","","N","","","","","","","","","",""
"2020020933","0042","0","0","0","0","0","0","0","0","0","7","0","","67","2","2020","3","40.027378","-75.192647","0042","6","0","0","0","0","0","0","0","0","","0","0","0","21","3","0","N","0","0","40 01:38.560","","0","75 11:33.530","0","0","0","0","67301","0","0","0","N","0","0","0","1","67301","0","","5.0","","9","N","N","N","0","","0","0","0","0","0","","2125","1","0","0","0","0","0","0","2","1","1","0","0","0","7","","","N","","","","","","","","","",""
"2020043207","1638","2","0","0","0","0","0","0","0","0","1","0","","67","5","2020","3","39.966554","-75.187449","1635","6","0","0","1","0","0","0","0","0","","0","0","0","16","1","1","N","0","2","39 57:59.593","3","0","75 11:14.817","8","0","0","0","67301","0","0","0","N","0","0","0","2","68K01","0","","1.0","1648.0","1","N","N","N","0","","0","0","0","0","0","N","1633","2","1","0","0","0","1","0","2","0","2","0","0","0","3","","","N","","","","","","","","","",""
"2020044533","0300","1","0","0","0","0","0","0","0","0","5","0","","67","6","2020","1","39.986056","-75.164464","0252","6","0","0","0","0","0","0","0","0","","0","0","0","2","3","0","N","0","1","39 59:09.800","1","0","75 09:52.070","0","0","0","0","67301","0","0","0","N","0","0","0","1","67301","0","","1.0","400.0","1","N","N","N","0","","0","0","1","0","0","Y","230","2","0","0","0","0","0","0","2","0","2","0","0","0","3","","","N","","","","","","","","","",""
"2020032897","1440","0","0","0","0","0","0","0","0","0","4","0","","67","3","2020","2","39.936386","-75.184972","1435","6","0","0","0","0","0","0","0","0","","0","0","0","13","1","2","","1","0","39 56:10.989","","0","75 11:05.899","3","0","0","0","67301","0","0","0","N","0","0","0","3","67301","0","","1.0","","1","N","N","N","1","","1","0","0","3","3","","1345","2","2","0","0","0","1","0","2","1","2","0","0","0","3","","","N","","","","","","","","","",""