"CRN","ARRIVAL_TM","AUTOMOBILE_COUNT","BELTED_DEATH_COUNT","BELTED_SUSP_SERIOUS_INJ_COUNT","BICYCLE_COUNT","BICYCLE_DEATH_COUNT","BICYCLE_SUSP_SERIOUS_INJ_COUNT","BUS_COUNT","CHLDPAS_DEATH_COUNT","CHLDPAS_SUSP_SERIOUS_INJ_COUNT","COLLISION_TYPE","COMM_VEH_COUNT","CONS_ZONE_SPD_LIM","COUNTY","CRASH_MONTH","CRASH_YEAR","DAY_OF_WEEK","DEC_LATITUDE","DEC_LONGITUDE","DISPATCH_TM","DISTRICT","DRIVER_COUNT_16YR","DRIVER_COUNT_17YR","DRIVER_COUNT_18YR","DRIVER_COUNT_19YR","DRIVER_COUNT_20YR","DRIVER_COUNT_50_64YR","DRIVER_COUNT_65_74YR","DRIVER_COUNT_75PLUS","EST_HRS_CLOSED","FATAL_COUNT","HEAVY_TRUCK_COUNT","HORSE_BUGGY_COUNT","HOUR_OF_DAY","ILLUMINATION","INJURY_COUNT","INTERSECTION_RELATED","INTERSECT_TYPE","LANE_CLOSED","LATITUDE","LN_CLOSE_DIR","LOCATION_TYPE","LONGITUDE","MAX_SEVERITY_LEVEL","MCYCLE_DEATH_COUNT","MCYCLE_SUSP_SERIOUS_INJ_COUNT","MOTORCYCLE_COUNT","MUNICIPALITY","NONMOTR_COUNT","NONMOTR_DEATH_COUNT","NONMOTR_SUSP_SERIOUS_INJ_COUNT","NTFY_HIWY_MAINT","PED_COUNT","PED_DEATH_COUNT","PED_SUSP_SERIOUS_INJ_COUNT","PERSON_COUNT","POLICE_AGCY","POSSIBLE_INJ_COUNT","RDWY_SURF_TYPE_CD","RELATION_TO_ROAD","ROADWAY_CLEARED","ROAD_CONDITION","SCH_BUS_IND","SCH_ZONE_IND","SECONDARY_CRASH","SMALL_TRUCK_COUNT","SPEC_JURIS_CD","SUSP_MINOR_INJ_COUNT","SUSP_SERIOUS_INJ_COUNT","SUV_COUNT","TCD_FUNC_CD","TCD_TYPE","TFC_DETOUR_IND","TIME_OF_DAY","TOTAL_UNITS","TOT_INJ_COUNT","UNBELTED_OCC_COUNT","UNB_DEATH_COUNT","UNB_SUSP_SERIOUS_INJ_COUNT","UNK_INJ_DEG_COUNT","UNK_INJ_PER_COUNT","URBAN_RURAL","VAN_COUNT","VEHICLE_COUNT","VULNERABLE_ROAD_USER_COUNT","VULNERABLE_ROAD_USER_DEATH_COUNT","VULNERABLE_ROAD_USER_SER_INJ_COUNT","WEATHER1","WEATHER2","WORKERS_PRES","WORK_ZONE_IND","WORK_ZONE_LOC","WORK_ZONE_TYPE","WZ_CLOSE_DETOUR","WZ_FLAGGER","WZ_LAW_OFFCR_IND","WZ_LN_CLOSURE","WZ_MOVING","WZ_OTHER","WZ_SHLDER_MDN","WZ_WORKERS_INJ_KILLED"
"2020045849","1833","2","0","0","0","0","0","0","0","0","4","0","","67","6","2020","5","40.023753","-75.159471","1815","6","0","0","0","0","0","0","0","0","","0","0","0","18","1","0","","2","0","40 01:25.511","","0","75 09:34.094","9","0","0","0","67301","0","0","0","N","0","0","0","1","67301","0","","1.0","","1","N","N","N","0","","0","0","0","3","3","","1815","2","0","0","0","0","0","1","2","0","2","0","0","0","3","03","","N","","","","","","","","","",""
"2020043201","2332","1","0","0","0","0","0","0","0","0","1","0","","67","5","2020","2","40.00255","-75.195016","2326","6","0","0","0","0","0","0","0","0","","0","0","0","23","3","1","N","0","0","40 00:09.179","","0","75 11:42.057","8","0","0","0","67301","0","0","0","N","0","0","0","4","68K01","0","","1.0","","1","N","N","N","0","","0","0","1","0","0","","2311","2","1","0","0","0","1","0","2","0","2","0","0","0","3","03","","N","","","","","","","","","",""
"2020004931","1705","1","0","0","0","0","0","1","0","0","4","1","","67","1","2020","2","40.04564","-75.128489","1705","6","0","0","0","0","0","1","0","0","","0","0","0","16","3","4","","1","0","40 02:44.303","","0","75 07:42.560","3","0","0","0","67301","0","0","0","N","0","0","0","6","67301","0","","1.0","","1","N","N","N","0","","4","0","0","3","2","","1659","2","4","0","0","0","0","0","2","0","2","0","0","0","3","03","","N","","","","","","","","","",""
"2020004289","1700","1","0","0","0","0","0","0","0","0","2","0","","67","1","2020","1","40.038304","-75.075365","1657","6","0","0","0","0","0","0","0","0","","0","0","0","16","4","1","","1","1","40 02:17.896","5","0","75 04:31.313","3","0","0","1","67301","0","0","0","N","0","0","0","6","67301","0","","1.0","1730.0","1","N","N","N","0","","1","0","0","3","2","Y","1655","2","1","0","0","0","0","0","2","0","2","0","0","0","3","03","","N","","","","","","","","","",""
"2020021914","1900","2","0","0","0","0","0","0","0","0","4","0","","67","2","2020","5","39.971089","-75.228729","1900","6","0","0","0","0","0","0","0","0","","0","0","0","14","1","2","","1","0","39 58:15.920","","0","75 13:43.424","3","0","0","0","67301","0","0","0","N","0","0","0","3","67301","0","","1.0","","1","N","N","N","0","","2","0","0","3","2","","1448","2","2","1","0","0","0","1","2","0","2","0","0","0","3","","","N","","","","","","","","","",""
"2020004290","0845","1","0","0","0","0","0","0","0","0","7","0","","67","1","2020","1","40.056757","-75.030688","0841","6","0","0","0","0","0","0","0","0","","0","0","0","8","1","0","N","0","0","40 03:24.325","","0","75 01:50.476","0","0","0","0","67301","0","0","0","N","0","0","0","1","67301","0","","4.0","","1","N","N","N","0","","0","0","0","0","0","","835","1","0","0","0","0","0","0","2","0","1","0","0","0","4","04","","N","","","","","","","","","",""
"2020017010","0615","0","0","0","0","0","0","0","0","0","2","0","","67","2","2020","5","40.029784","-75.104586","0610","6","0","0","0","0","0","1","0","0","","0","0","0","5","3","0","","1","2","40 01:47.223","2","0","75 06:16.508","0","0","0","0","67301","0","0","0","N","0","0","0","2","67301","0","","1.0","730.0","9","N","N","N","1","","0","0","1","3","2","N","550","2","0","1","0","0","0","0","2","0","2","0","0","0","7","07","","N","","","","","","","","","",""
"2020045215","0450","0","0","0","0","0","0","0","0","0","7","1","","67","6","2020","6","39.960447","-75.18123","0445","6","0","0","0","0","0","0","0","0","","0","1","0","4","3","0","N","0","0","39 57:37.609","","0","75 10:52.428","0","0","0","0","67301","0","0","0","N","0","0","0","1","68K01","0","","2.0","","9","N","N","N","0","","0","0","0","0","0","","445","1","0","0","0","0","0","0","2","0","1","0","0","0","7","","","N","","","","","","","","","",""
"2020020496","0417","1","0","0","0","0","0","0","0","0","0","0","","67","2","2020","1","40.044086","-75.128829","0415","6","0","0","0","0","0","1","0","0","","0","0","0","4","3","0","","1","0","40 02:38.709","","0","75 07:43.784","0","0","0","0","67301","0","0","0","N","0","0","0","2","67301","0","","9.0","","1","N","N","N","0","","0","0","0","3","2","","408","1","0","0","0","0","0","0","2","0","1","0","0","0","3","03","","N","","","","","","","","","",""
"2020022934","0354","1","0","0","0","0","0","0","0","0","7","0","","67","2","2020","5","39.946174","-75.142202","0347","6","0","0","0","0","0","0","0","0","","0","0","0","3","3","0","N","0","0","39 56:46.225","","0","75 08:31.928","0","0","0","0","67301","0","0","0","N","0","0","0","1","68K01","0","","4.0","","9","N","N","N","0","","0","0","0","0","0","","346","1","0","0","0","0","0","0","2","0","1","0","0","0","7","","","N","","","","","","","","","",""
"2020023143","1703","2","0","0","0","0","0","0","0","0","5","0","","67","2","2020","5","39.899867","-75.24994","1701","6","0","0","0","0","1","0","0","0","","0","0","0","17","1","0","","1","0","39 53:59.521","","0","75 14:59.783","0","0","0","0","67301","0","0","0","N","0","0","0","3","67301","0","","1.0","","1","N","N","N","0","","0","0","0","3","2","","1700","2","0","0","0","0","0","0","2","0","2","0","0","0","3","03","","N","","","","","","","","","",""
"2020045268","1410","0","0","0","0","0","0","0","0","0","4","1","","67","6","2020","2","40.003833","-75.124153","1400","6","0","0","0","0","0","2","0","1","","0","1","0","13","1","1","","2","0","40 00:13.798","","0","75 07:26.950","3","0","0","0","67301","0","0","0","N","0","0","0","3","67301","0","","1.0","","1","N","N","N","0","","1","0","1","3","3","","1350","3","1","1","0","0","0","0","2","1","3","0","0","0","3","03","","N","","","","","","","","","",""
"2020043727","0233","1","0","0","0","0","0","0","0","0","5","0","","67","5","2020","7","40.074242","-75.167022","0228","6","0","0","0","0","0","0","0","0","","0","0","0","2","3","0","N","0","0","40 04:27.270","","0","75 10:01.280","0","0","0","0","67301","0","0","0","N","0","0","0","0","67301","0","","1.0","","9","N","N","N","0","","0","0","1","0","0","","227","2","0","0","0","0","0","0","2","0","2","0","0","0","7","07","","N","","","","","","","","","",""
"2020044530","2140","1","0","0","0","0","0","0","0","0","4","0","","67","6","2020","6","39.990389","-75.151504","2137","6","0","0","0","0","0","0","0","0","","0","0","0","21","3","1","","1","1","39 59:25.400","3","0","75 09:05.414","3","0","0","0","67301","0","0","0","N","0","0","0","2","67301","0","","1.0","2220.0","9","N","N","N","0","","1","0","0","3","3","Y","2137","2","1","0","0","0","0","0","2","1","2","0","0","0","7","","","N","","","","","","","","","",""
"2020044535","1253","0","0","0","0","0","0","0","0","0","0","0","","67","6","2020","1","39.990275","-75.174491","1252","6","0","0","0","0","0","1","0","0","","0","0","0","12","1","1","N","0","0","39 59:24.989","","0","75 10:28.167","8","0","0","1","67301","0","0","0","N","0","0","0","1","67301","0","","1.0","","1","N","N","N","0","","0","0","0","0","0","","1251","1","1","0","0","0","1","0","2","0","1","0","0","0","3","03","","N","","","","","","","","","",""
"2020045265","1740","0","0","0","0","0","0","0","0","0","6","0","","67","6","2020","5","40.016253","-75.210218","1734","6","0","0","0","0","0","1","0","0","","0","0","0","17","1","1","N","0","1","40 00:58.509","2","0","75 12:36.784","4","0","0","0","67301","0","0","0","N","0","0","0","4","67301","1","","1.0","1850.0","1","N","N","N","1","","0","0","1","0","0","N","1732","2","1","0","0","0","0","0","2","0","2","0","0","0","3","04","","N","","","","","","","","","",""
"2020044430","1633","2","0","0","0","0","0","0","0","0","1","0","","67","5","2020","7","39.988526","-75.206903","1633","6","0","0","0","0","0","0","0","0","","0","0","0","16","1","3","N","6","2","39 59:18.694","3","2","75 12:24.852","3","0","0","0","67301","0","0","0","N","0","0","0","4","68K01","0","","1.0","100.0","1","N","N","N","0","","3","0","0","0","0","Y","1633","2","3","1","0","0","0","0","2","0","2","0","0","0","3","","","N","","","","","","","","","",""
"2020045954","0223","1","0","0","0","0","0","0","0","0","7","0","","67","5","2020","1","40.00741","-75.078059","0223","6","0","0","0","0","0","0","0","0","","0","0","0","2","3","0","N","2","0","40 00:26.675","","0","75 04:41.014","9","0","0","0","67301","0","0","0","N","0","0","0","1","68K01","0","","4.0","","1","N","N","N","0","","0","0","0","0","0","","222","1","0","0","0","0","0","1","2","0","1","0","0","0","3","03","","N","","","","","","","","","",""
"2020004006","0811","0","0","1","0","0","0","0","0","0","4","1","","67","1","2020","4","39.975941","-75.206554","0758","6","0","0","0","0","0","1","0","0","","0","1","0","7","1","1","","1","1","39 58:33.387","2","0","75 12:23.594","2","0","0","0","67301","0","0","0","N","0","0","0","3","67301","0","","1.0","940.0","1","N","N","N","0","","0","1","0","3","3","Y","720","2","1","0","0","0","0","0","2","1","2","0","0","0","3","03","","N","","","","","","","","","",""
"2020044342","1623","2","0","0","0","0","0","0","0","0","2","0","","67","6","2020","1","39.983434","-75.158572","1620","6","0","0","0","0","0","0","1","0","","0","0","0","16","1","3","N","1","0","39 59:00.364","","0","75 09:30.860","3","0","0","0","67301","0","0","0","N","0","0","0","4","67505","0","","1.0","","1","N","N","N","0","","3","0","0","3","2","","1618","2","3","0","0","0","0","0","2","0","2","0","0","0","3","03","","N","","","","","","","","","",""
"2020044235","1254","0","0","0","0","0","0","0","0","0","0","1","","67","6","2020","4","39.901655","-75.152052","1250","6","0","0","0","0","0","0","0","0","","0","1","0","12","1","1","N","0","2","39 54:05.957","2","3","75 09:07.386","8","0","0","0","67301","0","0","0","N","0","0","0","1","68K01","0","","3.0","400.0","9","N","N","N","0","","0","0","0","0","0","N","1234","1","1","0","0","0","1","0","2","0","1","0","0","0","7","04","","N","","","","","","","","","",""
"2020013969","2328","2","0","0","0","0","0","0","0","0","4","0","","67","2","2020","3","40.034491","-75.08222","2327","6","0","0","1","0","0","0","0","0","","0","0","0","23","3","1","","1","0","40 02:04.167","","0","75 04:55.991","3","0","0","0","67301","0","0","0","N","0","0","0","2","67301","0","","1.0","","9","N","N","N","0","","1","0","0","0","0","","2325","2","1","0","0","0","0","0","2","0","2","0","0","0","7","03","","N","","","","","","","","","",""
"2020004496","1301","0","0","0","0","0","0","0","0","0","8","0","","67","1","2020","5","40.05253","-75.141682","1300","6","0","0","0","0","0","0","0","0","","0","0","0","17","4","1","N","0","9","40 03:09.108","","0","75 08:30.056","8","0","0","0","67301","1","0","0","N","1","0","0","1","67301","0","","1.0","","99","N","N","N","0","","0","0","0","0","0","U","1700","2","1","0","0","0","1","0","2","0","1","1","0","0","99","","","N","","","","","","","","","",""
"2020045952","1607","2","0","0","0","0","0","0","0","0","0","0","","67","5","2020","7","39.959183","-75.172424","1607","6","0","0","1","0","0","1","0","0","","0","0","0","15","1","0","N","0","1","39 57:33.060","4","0","75 10:20.726","0","0","0","0","67301","0","0","0","N","0","0","0","2","68K01","0","","1.0","1620.0","9","N","N","N","0","","0","0","0","0","0","N","1545","2","0","0","0","0","0","0","2","0","2","0","0","0","4","04","","N","","","","","","","","","",""
"2020043258","0020","2","0","0","0","0","0","0","0","0","4","0","","67","5","2020","1","39.990866","-75.155261","0014","6","0","0","0","0","0","0","0","0","","1","0","0","0","3","1","","1","2","39 59:27.119","5","0","75 09:18.941","1","1","0","1","67301","0","0","0","N","0","0","0","3","67301","0","2","1.0","250.0","1","N","N","N","0","0","0","0","0","3","2","Y","12","3","1","0","0","0","1","0","2","0","3","0","0","0","3","","","N","","","","","","","","","",""
"2020041832","2145","3","0","0","0","0","0","0","0","0","4","0","","67","5","2020","4","40.023918","-75.110432","2142","6","0","0","0","0","0","0","0","0","","1","0","0","21","3","1","N","2","0","40 01:26.104","","0","75 06:37.554","1","0","0","0","67301","0","0","0","N","0","0","0","4","67301","0","2","1.0","","1","N","N","N","0","0","0","1","1","0","0","","2142","4","1","0","0","0","0","1","2","0","4","0","0","0","3","03","","N","","","","","","","","","",""
"2020045209","1312","0","0","0","0","0","0","0","0","0","1","0","","67","6","2020","4","39.900884","-75.153913","1312","6","0","0","0","0","0","1","0","0","","0","0","0","13","1","1","N","0","0","39 54:03.182","","3","75 09:14.087","8","0","0","0","67301","0","0","0","N","0","0","0","2","68K01","0","","3.0","","9","N","N","N","0","","0","0","2","0","0","","1310","2","1","0","0","0","1","0","2","0","2","0","0","0","7","04","","N","","","","","","","","","",""
"2020044494","2245","1","0","0","0","0","0","0","0","0","8","0","","67","6","2020","7","39.968903","-75.169814","2242","6","0","0","0","0","0","0","0","0","","0","0","0","22","3","1","N","0","0","39 58:08.050","","0","75 10:11.330","3","0","0","0","67301","1","0","0","N","0","0","0","2","67301","0","","1.0","","1","N","N","N","0","","1","0","0","0","0","","2240","2","1","0","0","0","0","0","2","0","1","1","0","0","3","03","","N","","","","","","","","","",""
"2020044432","1422","1","0","0","0","0","0","0","0","0","1","1","50","67","5","2020","3","39.944618","-75.191326","1411","6","0","0","0","0","0","1","0","0","","0","0","0","14","1","1","N","6","1","39 56:40.625","3","8","75 11:28.773","3","0","0","0","67301","0","0","0","N","0","0","0","3","68K01","0","","1.0","30.0","1","N","N","N","1","","1","0","1","0","0","N","1408","3","1","0","0","0","0","0","2","0","3","0","0","0","3","","Y","Y","4","2","N","N","U","Y","Y","N","Y","N"
"2020044986","1726","1","0","0","0","0","0","0","0","0","4","0","","67","5","2020","4","39.942328","-75.143257","1722","6","0","0","0","1","0","0","0","0","","0","0","0","17","1","0","N","0","0","39 56:32.381","","0","75 08:35.726","9","0","0","0","67301","0","0","0","N","0","0","0","2","68K01","0","","1.0","","1","N","N","N","0","","0","0","0","0","0","","1718","2","0","0","0","0","0","1","2","0","2","0","0","0","3","","","N","","","","","","","","","",""
"2020042438","1625","1","0","0","0","0","0","0","0","0","7","0","","67","5","2020","7","39.978346","-75.155719","1620","6","0","0","0","0","0","0","0","0","","0","0","0","16","1","0","","1","0","39 58:42.045","","0","75 09:20.588","0","0","0","0","67301","0","0","0","N","0","0","0","1","67301","0","","2.0","","1","N","N","N","0","","0","0","0","3","2","","1615","1","0","0","0","0","0","0","2","0","1","0","0","0","3","03","","N","","","","","","","","","",""
"2020043263","0630","1","0","0","0","0","0","0","0","0","5","0","","67","5","2020","7","39.992248","-75.099085","0625","6","0","0","0","0","0","0","0","0","","0","0","0","6","1","0","N","0","2","39 59:32.092","1","0","75 05:56.706","0","0","0","0","67301","0","0","0","N","0","0","0","2","67301","0","","1.0","745.0","1","N","N","N","0","","0","0","1","0","0","Y","623","2","0","0","0","0","0","0","2","0","2","0","0","0","3","","","N","","","","","","","","","",""
"2020012181","1720","0","0","0","0","0","0","0","0","0","4","1","","67","1","2020","4","39.983789","-75.257117","1710","6","0","0","0","0","0","1","0","0","","0","1","0","13","1","1","","1","0","39 59:01.640","","0","75 15:25.621","4","0","0","0","67301","0","0","0","N","0","0","0","2","67301","1","","1.0","","1","N","N","N","0","","0","0","1","3","3","","1300","2","1","0","0","0","0","0","2","0","2","0","0","0","3","03","","N","","","","","","","","","",""
"2020056665","0303","0","0","0","0","0","0","0","0","0","2","0","","67","7","2020","7","39.993079","-75.147887","0258","6","0","0","0","0","0","1","0","0","","0","0","0","2","3","1","","1","0","39 59:35.083","","0","75 08:52.393","8","0","0","0","67301","0","0","0","N","0","0","0","3","67301","0","","1.0","","1","N","N","N","0","","0","0","1","3","2","","230","2","1","1","0","0","1","0","2","0","2","0","0","0","3","03","","N","","","","","","","","","",""
"2020013143","0157","1","0","0","0","0","0","0","0","0","1","0","","67","2","2020","2","40.00925","-75.126953","0145","6","0","0","0","0","0","1","0","0","","0","0","0","1","3","3","N","0","0","40 00:33.300","","0","75 07:37.030","3","0","0","0","67301","0","0","0","N","0","0","0","3","67301","0","","1.0","","1","N","N","N","1","","3","0","1","3","1","","145","3","3","1","0","0","0","0","2","0","3","0","0","0","3","03","","N","","","","","","","","","",""
"2020062290","1748","2","0","0","0","0","0","0","0","0","4","1","","67","8","2020","2","39.923095","-75.159735","1842","6","0","0","0","0","0","2","0","0","","0","1","0","17","1","1","","1","0","39 55:23.141","","0","75 09:35.045","3","0","0","0","67301","0","0","0","N","0","0","0","2","67301","0","","1.0","","1","N","N","N","0","","1","0","0","3","2","","1740","3","1","0","0","0","0","0","2","0","3","0","0","0","4","04","","N","","","","","","","","","",""
"2020063040","1045","2","0","0","0","0","0","0","0","0","5","0","","67","8","2020","5","39.998597","-75.177894","1045","6","0","0","0","0","0","0","0","0","","0","0","0","5","3","0","N","0","0","39 59:54.950","","0","75 10:40.420","9","0","0","0","67301","0","0","0","N","0","0","0","1","67301","0","","1.0","","99","N","N","N","0","","0","0","1","0","0","","530","3","0","0","0","0","0","1","2","0","3","0","0","0","99","98","","N","","","","","","","","","",""
"2020020841","1045","1","0","0","0","0","0","0","0","0","8","0","","67","2","2020","2","39.994962","-75.162504","1036","6","0","0","0","0","0","0","0","0","","0","0","0","7","1","1","","2","0","39 59:41.862","","0","75 09:45.013","3","0","0","0","67301","1","0","0","N","1","0","0","2","67301","0","","1.0","","1","N","N","N","0","","1","0","0","0","0","","712","2","1","0","0","0","0","0","2","0","1","1","0","0","3","03","","N","","","","","","","","","",""
"2020004203","1739","1","0","0","0","0","0","0","0","0","1","0","","67","1","2020","7","39.946472","-75.189156","1721","6","0","0","0","1","0","1","0","0","","0","0","0","17","3","0","N","6","1","39 56:47.298","3","2","75 11:20.962","0","0","0","0","67301","0","0","0","N","0","0","0","8","68K01","0","","1.0","1740.0","9","N","N","N","0","","0","0","2","0","0","N","1718","4","0","0","0","0","0","0","2","1","4","0","0","0","7","07","","N","","","","","","","","","",""
"2020020186","0822","0","0","0","0","0","0","0","0","0","4","0","","67","2","2020","2","40.057392","-75.160149","0814","6","0","0","0","0","0","0","1","0","","0","0","0","7","1","3","","1","1","40 03:26.611","6","0","75 09:36.536","3","0","0","0","67301","0","0","0","N","0","0","0","4","67301","0","","1.0","913.0","1","N","Y","N","0","","3","0","2","3","3","N","750","2","3","0","0","0","0","0","2","0","2","0","0","0","3","03","","N","","","","","","","","","",""
"2020044544","2043","2","0","0","0","0","0","0","0","0","4","0","","67","6","2020","1","40.010422","-75.139081","2043","6","0","0","0","0","0","0","0","0","","0","0","0","20","3","0","N","0","2","40 00:37.520","2","0","75 08:20.690","9","0","0","0","67301","0","0","0","N","0","0","0","1","67301","0","","6.0","2117.0","1","N","N","N","1","","0","0","0","0","0","N","2015","3","0","0","0","0","0","1","2","0","3","0","0","0","3","03","","N","","","","","","","","","",""
"2020045955","0932","1","0","0","0","0","0","0","0","0","5","0","","67","5","2020","1","40.01126","-75.061156","0926","6","0","0","0","0","0","1","0","0","","0","0","0","9","1","0","N","0","1","40 00:40.536","1","0","75 03:40.162","0","0","0","0","67301","0","0","0","N","0","0","0","4","68K01","0","","1.0","10.0","1","N","N","N","0","","0","0","0","0","0","N","922","2","0","0","0","0","0","0","2","1","2","0","0","0","3","03","","N","","","","","","","","","",""
"2020006412","1941","0","0","0","0","0","0","0","0","0","8","0","","67","1","2020","2","40.021477","-75.148578","1940","6","0","0","0","0","0","0","0","0","","0","0","0","19","3","1","","1","0","40 01:17.317","","7","75 08:54.879","8","0","0","0","67301","1","0","0","N","1","0","0","1","67301","0","","5.0","","1","N","N","N","0","","0","0","1","3","2","","1940","2","1","0","0","0","1","0","2","0","1","1","0","0","3","03","","N","","","","","","","","","",""
"2020021916","0343","1","0","0","0","0","0","0","0","0","4","0","","67","2","2020","6","40.000698","-75.14803","0343","6","0","0","0","0","0","0","0","0","","0","0","0","3","3","2","N","1","0","40 00:02.511","","0","75 08:52.909","3","0","0","0","67301","0","0","0","N","0","0","0","2","67301","0","","1.0","","1","N","N","N","0","","2","0","1","3","1","","343","2","2","0","0","0","0","0","2","0","2","0","0","0","3","03","","N","","","","","","","","","",""
"2020021888","1503","0","0","0","1","0","0","0","0","0","8","0","","67","2","2020","6","39.973526","-75.137595","1459","6","0","0","0","0","0","1","0","0","","0","0","0","14","1","1","","1","0","39 58:24.693","","0","75 08:15.341","3","0","0","0","67301","1","0","0","N","0","0","0","2","67301","0","","1.0","","1","N","N","N","1","","1","0","0","3","3","","1445","2","1","0","0","0","0","0","2","0","1","1","0","0","3","03","","N","","","","","","","","","",""
"2020021917","1950","1","0","0","0","0","0","0","0","0","4","0","","67","2","2020","4","40.004935","-75.178718","1947","6","0","0","0","0","0","0","0","0","","0","0","0","19","3","1","","5","0","40 00:17.766","","0","75 10:43.386","8","0","0","0","67301","0","0","0","N","0","0","0","2","67301","0","","1.0","","1","N","N","N","0","","0","0","1","3","2","","1905","2","1","0","0","0","1","1","2","0","2","0","0","0","3","","","N","","","","","","","","","",""
"2020062702","0541","2","0","0","0","0","0","0","0","0","4","0","","67","8","2020","4","39.950092","-75.239203","0539","6","0","0","0","0","0","0","0","0","","0","0","0","5","1","1","N","0","1","39 57:00.330","1","0","75 14:21.130","3","0","0","0","67301","0","0","0","N","0","0","0","4","67301","0","","1.0","630.0","1","N","N","N","0","","1","0","2","9","3","Y","537","4","1","0","0","0","0","0","2","0","4","0","0","0","3","","","N","","","","","","","","","",""
"2020045937","1619","1","0","0","0","0","0","0","0","0","1","0","","67","5","2020","6","39.959641","-75.176951","1607","6","0","0","0","0","0","0","0","0","","0","0","0","15","1","0","N","0","0","39 57:34.709","","0","75 10:37.025","0","0","0","0","67301","0","0","0","N","0","0","0","2","68K01","0","","1.0","","9","N","N","N","0","","0","0","1","0","0","","1551","2","0","1","0","0","0","0","2","0","2","0","0","0","7","","","N","","","","","","","","","",""
"2020001155","1500","1","0","0","0","0","0","0","0","0","4","0","","67","1","2020","6","40.052316","-75.007986","1447","6","0","0","0","0","1","1","0","0","","0","0","0","14","1","1","","1","0","40 03:08.339","","0","75 00:28.750","8","0","0","0","67301","0","0","0","N","0","0","0","3","67301","0","","1.0","","1","N","N","N","1","","0","0","0","3","2","","1447","2","1","0","0","0","1","0","2","0","2","0","0","0","4","04","","N","","","","","","","","","",""
"2020004045","0200","1","0","0","0","0","0","0","0","0","8","0","","67","1","2020","1","40.031352","-75.105055","0145","6","0","0","0","0","0","0","0","0","","0","0","0","1","3","1","N","0","1","40 01:52.866","3","0","75 06:18.198","3","0","0","0","67301","1","0","0","N","1","0","0","2","67301","0","","1.0","245.0","9","N","N","N","0","","1","0","0","0","0","N","136","2","1","0","0","0","0","0","2","0","1","1","0","0","4","07","","N","","","","","","","","","",""
"2020004345","1804","1","0","0","0","0","0","0","0","0","1","0","","67","1","2020","5","40.028803","-75.079467","1755","6","0","0","0","1","0","0","0","0","","0","0","0","17","3","1","N","0","0","40 01:43.690","","0","75 04:46.080","3","0","0","0","67301","0","0","0","N","0","0","0","1","67301","0","","1.0","","1","N","N","N","0","","1","0","3","0","0","","1725","4","1","0","0","0","0","0","2","0","4","0","0","0","3","03","","N","","","","","","","","","",""
"2020005203","2105","1","0","0","0","0","0","0","0","0","4","0","","67","1","2020","7","39.986406","-75.142792","2105","6","0","0","0","0","0","0","0","0","","0","0","0","21","3","1","N","0","0","39 59:11.060","","0","75 08:34.050","3","0","0","0","67301","0","0","0","N","0","0","0","1","67301","0","","6.0","","9","N","N","N","1","","1","0","0","0","0","","2105","2","1","0","0","0","0","0","2","0","2","0","0","0","7","07","","N","","","","","","","","","",""
"2020001642","0907","0","0","0","0","0","0","0","0","0","1","1","","67","1","2020","7","40.029855","-75.104304","0847","6","0","0","0","0","0","1","0","0","","0","1","0","8","8","1","","2","0","40 01:47.478","","0","75 06:15.493","3","0","0","0","67301","0","0","0","N","0","0","0","3","67301","0","","1.0","","9","N","N","N","0","","1","0","1","3","2","","841","2","1","1","0","0","0","0","2","0","2","0","0","0","5","07","","N","","","","","","","","","",""
"2020003719","0539","0","0","0","0","0","0","0","0","0","1","0","","67","1","2020","4","40.000875","-75.227079","0508","6","0","0","0","0","0","1","0","0","","0","0","0","4","3","0","N","0","0","40 00:03.151","","0","75 13:37.485","0","0","0","0","67301","0","0","0","N","0","0","0","3","67301","0","","1.0","","1","N","N","N","0","","0","0","3","9","2","","458","3","0","0","0","0","0","0","2","0","3","0","0","0","3","03","","N","","","","","","","","","",""
"2020017856","2044","1","0","0","0","0","0","0","0","0","4","0","","67","2","2020","7","40.039896","-75.077013","2016","6","0","0","0","0","0","2","0","0","","0","0","0","20","3","0","","1","0","40 02:23.625","","0","75 04:37.247","0","0","0","0","67301","0","0","0","N","0","0","0","2","67301","0","","1.0","","1","N","N","N","0","","0","0","1","2","2","","2014","2","0","0","0","0","0","0","2","0","2","0","0","0","3","","","N","","","","","","","","","",""
"2020045217","0018","4","0","0","0","0","0","0","0","0","1","0","","67","6","2020","7","39.967133","-75.132945","0010","6","0","0","0","1","1","0","0","0","","0","0","0","0","3","3","N","0","2","39 58:01.680","1","0","75 07:58.603","8","0","0","0","67301","0","0","0","N","0","0","0","6","68K01","0","","1.0","120.0","9","N","N","Y","0","","0","0","0","0","0","N","8","4","3","0","0","0","3","0","2","0","4","0","0","0","7","","","N","","","","","","","","","",""
"2020017232","0605","1","0","0","0","0","0","0","0","0","98","0","","67","1","2020","7","39.960024","-75.179924","0558","6","0","0","0","0","0","0","0","0","","0","0","0","5","5","0","N","7","2","39 57:36.087","4","2","75 10:47.726","0","0","0","0","67301","0","0","0","N","0","0","0","1","68K01","0","","4.0","648.0","9","N","N","N","0","","0","0","0","0","0","Y","557","1","0","0","0","0","0","0","2","0","1","0","0","0","7","","","N","","","","","","","","","",""