"CRN","ARRIVAL_TM","AUTOMOBILE_COUNT","BELTED_DEATH_COUNT","BELTED_SUSP_SERIOUS_INJ_COUNT","BICYCLE_COUNT","BICYCLE_DEATH_COUNT","BICYCLE_SUSP_SERIOUS_INJ_COUNT","BUS_COUNT","CHLDPAS_DEATH_COUNT","CHLDPAS_SUSP_SERIOUS_INJ_COUNT","COLLISION_TYPE","COMM_VEH_COUNT","CONS_ZONE_SPD_LIM","COUNTY","CRASH_MONTH","CRASH_YEAR","DAY_OF_WEEK","DEC_LATITUDE","DEC_LONGITUDE","DISPATCH_TM","DISTRICT","DRIVER_COUNT_16YR","DRIVER_COUNT_17YR","DRIVER_COUNT_18YR","DRIVER_COUNT_19YR","DRIVER_COUNT_20YR","DRIVER_COUNT_50_64YR","DRIVER_COUNT_65_74YR","DRIVER_COUNT_75PLUS","EST_HRS_CLOSED","FATAL_COUNT","HEAVY_TRUCK_COUNT","HORSE_BUGGY_COUNT","HOUR_OF_DAY","ILLUMINATION","INJURY_COUNT","INTERSECTION_RELATED","INTERSECT_TYPE","LANE_CLOSED","LATITUDE","LN_CLOSE_DIR","LOCATION_TYPE","LONGITUDE","MAX_SEVERITY_LEVEL","MCYCLE_DEATH_COUNT","MCYCLE_SUSP_SERIOUS_INJ_COUNT","MOTORCYCLE_COUNT","MUNICIPALITY","NONMOTR_COUNT","NONMOTR_DEATH_COUNT","NONMOTR_SUSP_SERIOUS_INJ_COUNT","NTFY_HIWY_MAINT","PED_COUNT","PED_DEATH_COUNT","PED_SUSP_SERIOUS_INJ_COUNT","PERSON_COUNT","POLICE_AGCY","POSSIBLE_INJ_COUNT","RDWY_SURF_TYPE_CD","RELATION_TO_ROAD","ROADWAY_CLEARED","ROAD_CONDITION","SCH_BUS_IND","SCH_ZONE_IND","SECONDARY_CRASH","SMALL_TRUCK_COUNT","SPEC_JURIS_CD","SUSP_MINOR_INJ_COUNT","SUSP_SERIOUS_INJ_COUNT","SUV_COUNT","TCD_FUNC_CD","TCD_TYPE","TFC_DETOUR_IND","TIME_OF_DAY","TOTAL_UNITS","TOT_INJ_COUNT","UNBELTED_OCC_COUNT","UNB_DEATH_COUNT","UNB_SUSP_SERIOUS_INJ_COUNT","UNK_INJ_DEG_COUNT","UNK_INJ_PER_COUNT","URBAN_RURAL","VAN_COUNT","VEHICLE_COUNT","VULNERABLE_ROAD_USER_COUNT","VULNERABLE_ROAD_USER_DEATH_COUNT","VULNERABLE_ROAD_USER_SER_INJ_COUNT","WEATHER1","WEATHER2","WORKERS_PRES","WORK_ZONE_IND","WORK_ZONE_LOC","WORK_ZONE_TYPE","WZ_CLOSE_DETOUR","WZ_FLAGGER","WZ_LAW_OFFCR_IND","WZ_LN_CLOSURE","WZ_MOVING","WZ_OTHER","WZ_SHLDER_MDN","WZ_WORKERS_INJ_KILLED"
"2020002693","0812","0","0","0","0","0","0","1","0","0","4","1","","67","1","2020","2","39.979914","-75.167408","0811","6","0","0","0","0","0","0","0","0","","0","0","0","8","1","1","","1","2","39 58:47.690","6","0","75 10:02.668","3","0","0","0","67301","0","0","0","N","0","0","0","2","67301","0","","1.0","915.0","1","Y","Y","N","0","","1","0","1","3","2","Y","808","2","1","0","0","0","0","0","2","0","2","0","0","0","4","04","","N","","","","","","","","","",""
"2020005204","1005","0","0","0","0","0","0","0","0","0","1","0","","67","1","2020","4","39.97095","-75.128451","1000","6","0","0","0","0","0","0","0","0","","0","0","0","9","1","0","","1","0","39 58:15.420","","0","75 07:42.424","0","0","0","0","67301","0","0","0","N","0","0","0","1","67301","0","","1.0","","1","N","N","N","1","","0","0","1","3","2","","950","2","0","0","0","0","0","0","2","0","2","0","0","0","3","03","","N","","","","","","","","","",""
"2020006287","1530","1","0","0","0","0","0","0","0","0","1","0","","67","1","2020","5","39.973892","-75.119141","1530","6","0","0","0","0","0","2","0","0","","0","0","0","15","1","1","N","0","2","39 58:26.012","1","0","75 07:08.907","8","0","0","0","67301","0","0","0","N","0","0","0","3","67301","0","","1.0","1550.0","1","N","N","N","0","","0","0","1","0","0","N","1525","2","1","0","0","0","1","0","2","0","2","0","0","0","3","","","N","","","","","","","","","",""
"2020021488","0747","1","0","0","0","0","0","0","0","0","8","0","","67","2","2020","3","39.921973","-75.170972","0739","6","0","0","0","0","0","0","0","0","","1","0","0","7","1","0","","1","0","39 55:19.102","","0","75 10:15.499","1","0","0","0","67301","1","1","0","N","1","1","0","2","67301","0","2","1.0","","1","N","N","N","0","0","0","0","0","3","3","","734","2","0","0","0","0","0","0","2","0","1","1","1","0","4","04","","N","","","","","","","","","",""
"2020045964","1506","1","0","0","0","0","0","0","0","0","1","0","","67","5","2020","3","39.957021","-75.156155","1506","6","0","0","0","0","0","2","0","0","","0","0","0","15","1","1","N","0","1","39 57:25.275","3","0","75 09:22.157","8","0","0","0","67301","0","0","0","N","0","0","0","7","68K01","0","","1.0","1510.0","1","N","N","N","3","","0","0","1","0","0","N","1505","5","1","0","0","0","1","1","2","0","5","0","0","0","3","03","","N","","","","","","","","","",""
"2020043729","1420","1","0","0","0","0","0","0","0","0","5","1","","67","6","2020","2","40.026172","-75.053006","1420","6","0","0","0","0","0","0","0","0","","0","1","0","10","1","0","N","0","0","40 01:34.220","","0","75 03:10.820","0","0","0","0","67301","0","0","0","N","0","0","0","1","67301","0","","6.0","","1","N","N","N","0","","0","0","0","0","0","","1011","2","0","0","0","0","0","0","2","0","2","0","0","0","3","","","N","","","","","","","","","",""
"2020003003","1358","1","0","0","0","0","0","0","0","0","1","0","","67","1","2020","3","40.004257","-75.173537","1355","6","0","0","0","0","0","0","0","0","","0","0","0","13","1","2","","2","2","40 00:15.325","6","0","75 10:24.734","3","0","0","0","67301","0","0","0","N","0","0","0","2","67301","1","","1.0","100.0","1","N","N","N","0","","1","0","1","3","2","Y","1353","2","2","0","0","0","0","0","2","0","2","0","0","0","3","","","N","","","","","","","","","",""
"2020015758","1826","2","0","0","0","0","0","0","0","0","4","0","","67","1","2020","6","40.032025","-75.052213","1826","6","0","0","0","0","0","0","0","0","","0","0","0","18","3","2","N","0","1","40 01:55.290","2","0","75 03:07.967","3","0","0","0","67301","0","0","0","N","0","0","0","2","67301","0","","6.0","1915.0","1","N","N","N","0","","2","0","0","0","0","Y","1820","2","2","1","0","0","0","0","2","0","2","0","0","0","3","03","","N","","","","","","","","","",""
"2020004789","1355","1","0","0","0","0","0","0","0","0","8","0","","67","1","2020","1","39.918008","-75.155478","1349","6","0","0","0","0","0","0","0","0","","0","0","0","13","1","1","N","0","0","39 55:04.830","","0","75 09:19.720","3","0","0","0","67301","1","0","0","N","1","0","0","2","67301","0","","1.0","","1","N","N","N","0","","1","0","0","3","3","","1340","2","1","0","0","0","0","0","2","0","1","1","0","0","3","03","","N","","","","","","","","","",""
"2020002078","1917","0","0","0","0","0","0","0","0","0","8","0","","67","1","2020","7","39.931153","-75.226403","1915","6","0","0","0","0","0","0","0","0","","0","0","0","19","3","1","N","0","1","39 55:52.150","4","0","75 13:35.050","3","0","0","0","67301","1","0","0","N","1","0","0","1","67301","0","","1.0","1940.0","9","N","N","N","0","","1","0","1","0","0","N","1909","2","1","0","0","0","0","0","2","0","1","1","0","0","7","04","","N","","","","","","","","","",""
"2020014079","0919","0","0","0","0","0","0","0","0","0","7","0","","67","2","2020","4","40.00538","-75.157822","0917","6","0","0","0","0","0","0","0","0","","0","0","0","9","1","0","N","1","1","40 00:19.369","4","0","75 09:28.159","9","0","0","0","67301","0","0","0","N","0","0","0","1","67301","0","","4.0","1017.0","9","N","N","N","0","","0","0","1","3","3","N","904","1","0","0","0","0","0","1","2","0","1","0","0","0","7","04","","N","","","","","","","","","",""
"2020028894","1027","1","0","0","0","0","0","0","0","1","7","0","","67","3","2020","6","39.969609","-75.192961","1025","6","0","0","0","0","0","0","0","0","","1","0","0","10","1","3","N","0","0","39 58:10.592","","0","75 11:34.659","1","0","0","0","67301","0","0","0","N","0","0","0","4","67301","0","2","4.0","","8","N","N","N","0","0","0","3","0","0","0","","1022","1","3","4","1","3","0","0","2","0","1","0","0","0","3","","","N","","","","","","","","","",""
"2020015812","1740","2","0","0","0","0","0","0","0","0","4","0","","67","2","2020","2","39.970586","-75.150867","1735","6","0","0","0","0","0","0","0","0","","0","0","0","17","3","0","","1","0","39 58:14.108","","0","75 09:03.120","0","0","0","0","67301","0","0","0","N","0","0","0","3","67301","0","","1.0","","9","N","N","N","0","","0","0","0","3","3","","1712","2","0","0","0","0","0","0","2","0","2","0","0","0","7","07","","N","","","","","","","","","",""
"2020021696","2010","3","0","0","0","0","0","0","0","0","6","0","","67","2","2020","5","40.01985","-75.087927","2005","6","0","0","0","0","1","0","0","0","","0","0","0","19","3","3","N","2","2","40 01:11.460","5","0","75 05:16.537","3","0","0","0","67301","0","0","0","N","0","0","0","3","67301","0","","1.0","2050.0","1","N","N","N","0","","1","0","0","0","0","Y","1940","3","3","0","0","0","2","0","2","0","3","0","0","0","3","03","","N","","","","","","","","","",""
"2020063251","1956","0","0","0","0","0","0","0","0","0","7","0","","67","6","2020","5","39.947518","-75.18773","1946","6","0","0","0","0","0","0","0","0","","0","0","0","19","1","0","Y","0","2","39 56:51.063","3","0","75 11:15.828","0","0","0","0","67301","0","0","0","Y","0","0","0","1","68K01","0","","7.0","2005.0","1","N","N","N","0","","0","0","1","0","0","N","1942","1","0","0","0","0","0","0","2","0","1","0","0","0","3","03","","N","","","","","","","","","",""
"2020020669","1635","1","0","0","0","0","0","0","0","0","4","0","","67","2","2020","1","39.965289","-75.201546","1630","6","0","1","0","0","0","0","0","0","","0","0","0","16","1","2","","1","0","39 57:55.040","","0","75 12:05.565","8","0","0","0","67301","0","0","0","N","0","0","0","3","67301","0","","1.0","","1","N","N","N","0","","0","0","1","3","3","","1620","2","2","0","0","0","2","0","2","0","2","0","0","0","3","03","","N","","","","","","","","","",""
"2020042433","1458","1","0","0","0","0","0","0","0","0","1","0","","67","5","2020","7","39.919783","-75.212278","1458","6","0","0","0","0","0","1","0","0","","0","0","0","13","1","1","N","0","0","39 55:11.220","","0","75 12:44.200","8","0","0","0","67301","0","0","0","N","0","0","0","2","67301","0","","1.0","","1","N","N","N","0","","0","0","1","0","0","","1340","2","1","0","0","0","1","0","2","0","2","0","0","0","3","03","","N","","","","","","","","","",""
"2020042300","2039","1","0","0","1","0","0","0","0","0","8","0","","67","5","2020","5","40.033149","-75.106881","2034","6","0","0","0","0","0","0","0","0","","0","0","0","20","3","1","","1","0","40 01:59.336","","0","75 06:24.771","4","0","0","0","67301","1","0","0","N","0","0","0","2","67301","1","","1.0","","1","N","N","N","0","","0","0","0","3","2","","2032","2","1","0","0","0","0","0","2","0","1","1","0","0","3","","","N","","","","","","","","","",""
"2020061135","0428","0","0","0","0","0","0","0","0","0","7","1","","67","7","2020","6","39.960452","-75.181239","0425","6","0","0","0","0","0","0","0","0","","0","1","0","4","3","0","N","7","1","39 57:37.626","4","2","75 10:52.459","0","0","0","0","67301","0","0","0","N","0","0","0","1","68K01","0","","4.0","100.0","9","N","N","N","0","","0","0","0","0","0","N","424","1","0","0","0","0","0","0","2","0","1","0","0","0","7","","","N","","","","","","","","","",""
"2020020540","2133","1","0","0","0","0","0","0","0","0","1","0","","67","2","2020","1","40.064816","-75.042012","2131","6","0","0","0","0","0","1","0","0","","0","0","0","21","3","0","N","0","0","40 03:53.339","","0","75 02:31.242","0","0","0","0","67301","0","0","0","N","0","0","0","2","67301","0","","1.0","","1","N","N","N","0","","0","0","1","9","9","","2129","2","0","0","0","0","0","0","2","0","2","0","0","0","3","03","","N","","","","","","","","","",""
"2020020543","1325","0","0","0","0","0","0","0","0","0","1","0","","67","2","2020","1","40.045034","-75.143317","1319","6","0","0","1","0","0","0","0","0","","0","0","0","13","1","1","N","0","1","40 02:42.122","1","0","75 08:35.941","3","0","0","0","67301","0","0","0","N","0","0","0","3","67301","0","","1.0","1420.0","1","N","N","N","0","","1","0","1","0","0","N","1305","2","1","0","0","0","0","0","2","1","2","0","0","0","3","","","N","","","","","","","","","",""
"2020036919","1944","0","0","0","0","0","0","0","0","0","1","0","","67","2","2020","3","40.031816","-75.052971","1936","6","0","0","0","0","0","0","0","0","","0","0","0","19","3","3","N","0","1","40 01:54.538","2","0","75 03:10.697","3","0","0","0","67301","0","0","0","N","0","0","0","5","67301","0","","1.0","2000.0","9","N","N","N","0","","3","0","0","3","2","N","1907","2","3","0","0","0","0","0","2","2","2","0","0","0","7","07","","N","","","","","","","","","",""
"2020049121","0654","0","0","0","0","0","0","0","0","0","7","0","","67","6","2020","3","40.011308","-75.175325","0654","6","0","0","0","0","0","0","0","0","","0","0","0","6","1","0","N","0","0","40 00:40.710","","7","75 10:31.170","0","0","0","0","67301","0","0","0","N","0","0","0","1","67301","0","","4.0","","1","N","N","N","0","","0","0","0","3","3","","654","1","0","1","0","0","0","0","2","1","1","0","0","0","3","03","","N","","","","","","","","","",""
"2020023219","2125","1","0","0","0","0","0","0","0","0","4","0","","67","2","2020","5","40.035581","-75.123882","2121","6","0","0","0","0","0","0","0","0","","0","0","0","21","3","0","","1","0","40 02:08.091","","0","75 07:25.976","0","0","0","0","67301","0","0","0","N","0","0","0","3","67301","0","","1.0","","1","N","N","N","0","","0","0","2","9","9","","2109","3","0","0","0","0","0","0","2","0","3","0","0","0","3","","","N","","","","","","","","","",""
"2020022014","2320","0","0","0","0","0","0","0","0","0","7","1","","67","2","2020","4","39.941038","-75.143472","2312","6","0","0","0","0","0","0","0","0","","0","1","0","23","3","0","N","0","0","39 56:27.736","","0","75 08:36.499","0","0","0","0","67301","0","0","0","Y","0","0","0","1","68K01","0","","4.0","","9","N","N","N","0","","0","0","0","0","0","","2303","1","0","0","0","0","0","0","2","0","1","0","0","0","7","","","N","","","","","","","","","",""
"2020022957","0011","0","0","0","0","0","0","0","0","0","7","0","","67","2","2020","7","39.983448","-75.097672","0001","6","0","0","0","0","0","0","0","0","","0","0","0","23","3","1","N","0","0","39 59:00.413","","0","75 05:51.618","3","0","0","0","67301","0","0","0","N","0","0","0","1","68K01","0","","3.0","","1","N","N","N","0","","1","0","1","0","0","","2359","1","1","1","0","0","0","0","2","0","1","0","0","0","3","03","","N","","","","","","","","","",""
"2020014646","0226","1","0","1","0","0","0","0","0","0","7","0","","67","1","2020","1","40.002248","-75.190298","0216","6","0","0","0","0","0","0","0","0","","1","0","0","1","3","1","N","0","2","40 00:08.092","3","0","75 11:25.074","1","0","0","0","67301","0","0","0","N","0","0","0","2","67301","0","2","5.0","300.0","9","N","N","N","0","0","0","1","0","0","0","N","126","1","1","0","0","0","0","0","2","0","1","0","0","0","4","04","","N","","","","","","","","","",""
"2020005259","1908","0","0","0","0","0","0","0","0","0","8","0","","67","1","2020","3","40.082678","-75.032113","1903","6","0","0","0","0","0","0","0","1","","0","0","0","19","3","1","","1","0","40 04:57.639","","0","75 01:55.607","8","0","0","0","67301","1","0","0","N","1","0","0","2","67301","0","","1.0","","9","N","N","N","0","","0","0","1","3","3","","1900","2","1","0","0","0","1","0","2","0","1","1","0","0","7","07","","N","","","","","","","","","",""
"2020014645","2239","2","0","0","0","0","0","0","0","0","8","0","","67","1","2020","5","40.013623","-75.158706","2234","6","0","0","0","0","0","1","0","0","","1","0","0","22","3","1","","2","1","40 00:49.044","7","0","75 09:31.340","1","0","0","0","67301","2","1","1","N","2","1","1","4","67301","0","2","1.0","45.0","1","N","N","N","0","0","0","1","0","3","2","N","2230","4","1","0","0","0","0","0","2","0","2","2","1","1","99","","","N","","","","","","","","","",""
"2020022583","2313","1","0","0","0","0","0","0","0","0","7","0","","67","2","2020","6","39.932783","-75.20004","2305","6","0","0","0","0","0","0","0","0","","0","0","0","22","3","1","N","0","0","39 55:58.018","","0","75 12:00.145","3","0","0","0","67301","0","0","0","N","0","0","0","1","68K01","0","","4.0","","1","N","N","N","0","","1","0","0","0","0","","2250","1","1","0","0","0","0","0","2","0","1","0","0","0","3","","","N","","","","","","","","","",""
"2020061414","0225","3","0","0","0","0","0","0","0","0","5","0","","67","7","2020","5","39.945619","-75.217114","0215","6","0","0","0","0","0","0","0","0","","0","0","0","2","3","1","N","0","0","39 56:44.230","","0","75 13:01.610","3","0","0","0","67301","0","0","0","N","0","0","0","1","67301","0","","1.0","","1","N","N","N","0","","1","0","1","0","0","","215","4","1","0","0","0","0","0","2","0","4","0","0","0","3","03","","N","","","","","","","","","",""
"2020004695","0858","1","0","0","0","0","0","0","0","0","7","0","","67","1","2020","1","40.019216","-75.190788","0852","6","0","0","0","0","0","0","0","0","","0","0","0","8","1","2","N","0","1","40 01:09.178","2","0","75 11:26.838","3","0","0","0","67301","0","0","0","N","0","0","0","2","67301","0","","5.0","30.0","9","N","N","N","0","","2","0","0","0","0","Y","840","1","2","0","0","0","0","0","2","0","1","0","0","0","3","03","","N","","","","","","","","","",""
"2020005839","1101","0","0","0","0","0","0","0","0","0","8","0","","67","1","2020","5","39.962387","-75.246879","1048","6","0","0","0","0","0","0","0","0","","0","0","0","9","1","1","N","0","0","39 57:44.593","","0","75 14:48.766","4","0","0","0","67301","1","0","0","N","1","0","0","2","67301","1","","1.0","","1","N","N","N","0","","0","0","1","3","3","","950","2","1","0","0","0","0","0","2","0","1","1","0","0","3","03","","N","","","","","","","","","",""
"2020006088","1042","1","0","0","0","0","0","0","0","0","5","0","","67","1","2020","7","39.980593","-75.17245","1042","6","0","0","0","0","0","0","0","0","","0","0","0","10","1","0","","2","0","39 58:50.135","","0","75 10:20.821","0","0","0","0","67301","0","0","0","N","0","0","0","1","67301","0","","1.0","","1","N","N","N","0","","0","0","1","3","2","","1042","2","0","0","0","0","0","0","2","0","2","0","0","0","3","03","","N","","","","","","","","","",""
"2020004215","1456","1","0","0","0","0","0","0","0","0","5","1","","67","1","2020","4","39.961601","-75.182635","1436","6","0","0","0","0","0","2","0","0","","0","1","0","14","1","0","N","6","0","39 57:41.763","","2","75 10:57.486","0","0","0","0","67301","0","0","0","N","0","0","0","2","68K01","0","","1.0","","1","N","N","N","0","","0","0","0","0","0","","1434","2","0","0","0","0","0","0","2","0","2","0","0","0","3","","","N","","","","","","","","","",""
"2020003774","2105","0","0","0","0","0","0","0","0","0","8","0","","67","1","2020","5","39.993732","-75.108684","2056","6","0","0","0","0","0","0","0","0","","0","0","0","18","1","1","","2","9","39 59:37.436","","0","75 06:31.264","2","0","0","0","67301","1","0","1","N","0","0","0","1","67301","0","","1.0","","1","N","N","N","0","","0","1","0","0","0","U","1830","2","1","0","0","0","0","0","2","0","1","1","0","1","3","03","","N","","","","","","","","","",""
"2020006408","1725","0","0","0","0","0","0","0","0","0","8","0","","67","1","2020","3","39.942651","-75.23642","1722","6","0","0","0","0","0","0","0","0","","0","0","0","17","3","1","","1","0","39 56:33.544","","0","75 14:11.113","8","0","0","0","67301","1","0","0","N","1","0","0","1","67301","0","","9.0","","9","N","N","N","0","","0","0","0","3","2","","1718","2","1","0","0","0","1","0","2","0","1","1","0","0","7","04","","N","","","","","","","","","",""
"2020001744","1608","1","0","0","0","0","0","0","0","0","4","0","","67","1","2020","5","40.00868","-75.068855","1606","6","0","0","0","0","0","2","0","0","","0","0","0","15","1","0","","1","0","40 00:31.249","","0","75 04:07.877","0","0","0","0","67301","0","0","0","N","0","0","0","4","67301","0","","9.0","","1","N","N","N","0","","0","0","1","3","2","","1552","2","0","0","0","0","0","0","2","0","2","0","0","0","3","03","","N","","","","","","","","","",""
"2020005740","0726","2","0","0","0","0","0","0","0","0","1","0","","67","1","2020","3","39.941292","-75.194679","0707","6","0","0","0","0","0","0","0","0","","0","0","0","6","1","0","N","0","2","39 56:28.651","4","0","75 11:40.845","0","0","0","0","67301","0","0","0","N","0","0","0","2","68K01","0","","1.0","30.0","1","N","N","N","0","","0","0","0","0","0","N","657","2","0","0","0","0","0","0","2","0","2","0","0","0","3","03","","N","","","","","","","","","",""
"2020062705","2026","3","0","0","0","0","0","0","0","0","5","0","","67","8","2020","7","40.007789","-75.147797","2020","6","0","0","0","0","0","0","0","0","","0","0","0","20","3","2","N","0","2","40 00:28.040","5","0","75 08:52.070","3","0","0","0","67301","0","0","0","N","0","0","0","2","67301","0","","1.0","2200.0","1","N","N","N","0","","2","0","0","0","0","Y","2019","3","2","0","0","0","0","0","2","0","3","0","0","0","3","03","","N","","","","","","","","","",""
"2020045202","1210","1","0","0","0","0","0","0","0","0","5","1","","67","5","2020","3","39.960584","-75.181923","1206","6","0","0","0","0","0","1","0","0","","0","1","0","12","1","0","N","0","2","39 57:38.103","3","0","75 10:54.922","0","0","0","0","67301","0","0","0","N","0","0","0","2","68K01","0","","3.0","45.0","1","N","N","N","0","","0","0","0","0","0","N","1205","2","0","0","0","0","0","0","2","0","2","0","0","0","3","","","N","","","","","","","","","",""
"2020044133","2203","2","0","0","0","0","0","0","0","0","4","0","","67","6","2020","7","39.953609","-75.198625","2202","6","0","0","0","0","0","0","0","0","","0","0","0","22","3","1","","1","0","39 57:12.991","","0","75 11:55.051","2","0","0","0","67301","0","0","0","N","0","0","0","3","67504","0","","1.0","","1","N","N","N","0","","0","1","0","3","2","","2200","2","1","1","0","1","0","0","2","0","2","0","0","0","3","03","","N","","","","","","","","","",""
"2020032205","0740","1","0","0","0","0","0","0","0","0","2","0","","67","4","2020","7","39.956554","-75.241884","0724","6","0","0","0","0","0","0","0","0","","0","0","0","7","1","1","","1","0","39 57:23.594","","0","75 14:30.783","4","0","0","0","67301","0","0","0","N","0","0","0","2","67301","1","","1.0","","1","N","N","N","0","","0","0","1","3","2","","709","2","1","0","0","0","0","0","2","0","2","0","0","0","3","","","N","","","","","","","","","",""
"2020014226","1720","0","0","0","0","0","0","0","0","0","8","0","","67","2","2020","5","39.957185","-75.201951","1717","6","0","0","0","0","0","0","0","0","","0","0","0","17","4","1","","1","0","39 57:25.867","","0","75 12:07.023","3","0","0","0","67301","1","0","0","N","1","0","0","2","67504","0","","1.0","","9","N","N","N","0","","1","0","1","3","2","N","1717","2","1","0","0","0","0","0","2","0","1","1","0","0","7","04","","N","","","","","","","","","",""
"2020035214","1914","1","0","0","0","0","0","1","0","0","4","1","","67","2","2020","6","39.987212","-75.094912","1907","6","0","1","0","0","0","0","0","0","","0","0","0","18","3","1","","1","0","39 59:13.963","","0","75 05:41.683","8","0","0","0","67301","0","0","0","N","0","0","0","2","67301","0","","1.0","","1","N","N","N","0","","0","0","0","3","3","","1837","2","1","0","0","0","1","0","2","0","2","0","0","0","3","03","","N","","","","","","","","","",""
"2020023314","2046","1","0","0","0","0","0","0","0","0","5","0","","67","3","2020","1","39.998808","-75.129206","2045","6","0","0","0","0","0","0","0","0","","0","0","0","20","3","1","N","0","0","39 59:55.710","","0","75 07:45.140","4","0","0","0","67301","0","0","0","N","0","0","0","4","67301","1","","6.0","","1","N","N","N","0","","0","0","2","0","0","","2045","3","1","4","0","0","0","0","2","0","3","0","0","0","3","","","N","","","","","","","","","",""
"2020002192","0032","1","0","0","0","0","0","0","0","0","5","0","","67","1","2020","7","40.033836","-75.019724","0019","6","0","0","0","0","0","1","0","0","","0","0","0","0","3","1","N","0","2","40 02:01.811","1","0","75 01:11.008","3","0","0","0","67301","0","0","0","N","0","0","0","4","68K01","0","","1.0","50.0","9","N","N","N","0","","1","0","1","0","0","N","18","2","1","0","0","0","0","0","2","0","2","0","0","0","7","","","N","","","","","","","","","",""
"2020021695","1242","1","0","0","0","0","0","0","0","0","1","0","","67","2","2020","5","40.029901","-75.034983","1242","6","0","0","0","0","0","0","1","0","","0","0","0","12","1","1","Y","0","1","40 01:47.645","4","0","75 02:05.937","3","0","0","0","67301","0","0","0","N","0","0","0","3","67301","0","","1.0","1323.0","1","N","Y","N","0","","1","0","1","3","2","Y","1242","2","1","1","0","0","0","0","2","0","2","0","0","0","3","03","","N","","","","","","","","","",""
"2020013141","0031","2","0","0","0","0","0","0","0","0","4","0","","67","2","2020","2","40.011856","-75.150565","0025","6","0","0","0","0","0","0","0","0","","0","0","0","0","3","0","N","0","0","40 00:42.681","","0","75 09:02.034","0","0","0","0","67301","0","0","0","N","0","0","0","3","67301","0","","1.0","","1","N","N","N","0","","0","0","1","9","9","","10","3","0","0","0","0","0","0","2","0","3","0","0","0","3","04","","N","","","","","","","","","",""
"2020036530","1538","0","0","0","0","0","0","1","0","0","6","1","","67","3","2020","2","40.01955","-75.108325","1537","6","0","0","0","1","0","1","0","0","","0","0","0","15","1","2","","2","1","40 01:10.380","3","0","75 06:29.969","8","0","0","0","67301","0","0","0","N","0","0","0","20","67301","0","","1.0","1730.0","1","Y","N","N","0","","0","0","2","0","0","Y","1533","3","2","0","0","0","2","0","2","0","3","0","0","0","3","","","N","","","","","","","","","",""
"2020042313","1338","0","0","0","0","0","0","0","0","0","4","0","","67","5","2020","4","40.025368","-75.036452","1336","6","0","0","0","0","0","1","0","0","","0","0","0","13","1","1","","2","0","40 01:31.323","","0","75 02:11.227","3","0","0","0","67301","0","0","0","N","0","0","0","2","67301","0","","1.0","","1","N","N","N","0","","1","0","2","3","3","","1336","2","1","0","0","0","0","0","2","0","2","0","0","0","3","03","","N","","","","","","","","","",""
"2020044541","1730","4","0","0","0","0","0","0","0","0","1","0","","67","6","2020","4","40.001431","-75.114986","1720","6","0","0","0","0","0","0","0","0","","0","0","0","17","1","1","N","0","0","40 00:05.150","","0","75 06:53.950","3","0","0","0","67301","0","0","0","N","0","0","0","1","67301","0","","1.0","","1","N","N","N","0","","1","0","1","0","0","","1700","5","1","0","0","0","0","0","2","0","5","0","0","0","3","03","","N","","","","","","","","","",""
"2020001394","2325","0","0","0","0","0","0","0","0","0","4","0","","67","1","2020","6","39.93511","-75.144983","2320","6","0","0","0","0","0","0","0","0","","0","0","0","23","3","1","N","0","1","39 56:06.396","2","0","75 08:41.937","8","0","0","0","67301","0","0","0","N","0","0","0","2","68K01","0","","1.0","45.0","9","N","N","Y","0","","0","0","1","0","0","N","2308","2","1","0","0","0","1","0","2","0","2","0","0","0","7","","","N","","","","","","","","","",""
"2020003333","1611","1","0","0","0","0","0","0","0","0","1","0","","67","1","2020","4","40.012642","-75.119628","1610","6","0","0","0","0","1","1","0","0","","0","0","0","16","1","0","N","0","0","40 00:45.511","","0","75 07:10.661","0","0","0","0","67301","0","0","0","N","0","0","0","2","67301","0","","1.0","","1","N","N","N","0","","0","0","1","3","2","","1609","2","0","1","0","0","0","0","2","0","2","0","0","0","3","03","","N","","","","","","","","","",""
"2020056183","1812","2","0","0","0","0","0","0","0","0","5","0","","67","7","2020","5","40.025511","-75.122391","1802","6","0","0","0","0","0","0","0","0","","0","0","0","17","1","0","N","0","0","40 01:31.839","","0","75 07:20.608","0","0","0","0","67301","0","0","0","N","0","0","0","1","67301","0","","1.0","","1","N","N","N","0","","0","0","0","3","2","","1738","2","0","0","0","0","0","0","2","0","2","0","0","0","3","03","","N","","","","","","","","","",""
"2020047606","1703","1","0","0","0","0","0","0","0","0","1","0","","67","6","2020","4","39.955857","-75.19146","1700","6","0","0","0","0","0","1","1","0","","0","0","0","14","1","1","N","1","1","39 57:21.085","2","0","75 11:29.255","8","0","0","0","67301","0","0","0","N","0","0","0","2","67507","0","","1.0","1515.0","1","N","N","N","0","","0","0","1","3","2","N","1459","2","1","0","0","0","1","0","2","0","2","0","0","0","3","","","N","","","","","","","","","",""
"2020086200","2333","0","0","0","0","0","0","0","0","0","8","0","","67","9","2020","4","39.977768","-75.21345","2330","6","0","0","0","0","0","0","0","0","","1","0","0","23","3","2","N","1","0","39 58:39.965","","0","75 12:48.419","1","0","0","0","67301","3","1","1","N","3","1","1","4","67301","1","2","5.0","","9","N","N","N","0","0","0","1","1","3","2","","2325","4","2","1","0","0","0","0","2","0","1","3","1","1","3","03","","N","","","","","","","","","",""