"CRN","ARRIVAL_TM","AUTOMOBILE_COUNT","BELTED_DEATH_COUNT","BELTED_SUSP_SERIOUS_INJ_COUNT","BICYCLE_COUNT","BICYCLE_DEATH_COUNT","BICYCLE_SUSP_SERIOUS_INJ_COUNT","BUS_COUNT","CHLDPAS_DEATH_COUNT","CHLDPAS_SUSP_SERIOUS_INJ_COUNT","COLLISION_TYPE","COMM_VEH_COUNT","CONS_ZONE_SPD_LIM","COUNTY","CRASH_MONTH","CRASH_YEAR","DAY_OF_WEEK","DEC_LATITUDE","DEC_LONGITUDE","DISPATCH_TM","DISTRICT","DRIVER_COUNT_16YR","DRIVER_COUNT_17YR","DRIVER_COUNT_18YR","DRIVER_COUNT_19YR","DRIVER_COUNT_20YR","DRIVER_COUNT_50_64YR","DRIVER_COUNT_65_74YR","DRIVER_COUNT_75PLUS","EST_HRS_CLOSED","FATAL_COUNT","HEAVY_TRUCK_COUNT","HORSE_BUGGY_COUNT","HOUR_OF_DAY","ILLUMINATION","INJURY_COUNT","INTERSECTION_RELATED","INTERSECT_TYPE","LANE_CLOSED","LATITUDE","LN_CLOSE_DIR","LOCATION_TYPE","LONGITUDE","MAX_SEVERITY_LEVEL","MCYCLE_DEATH_COUNT","MCYCLE_SUSP_SERIOUS_INJ_COUNT","MOTORCYCLE_COUNT","MUNICIPALITY","NONMOTR_COUNT","NONMOTR_DEATH_COUNT","NONMOTR_SUSP_SERIOUS_INJ_COUNT","NTFY_HIWY_MAINT","PED_COUNT","PED_DEATH_COUNT","PED_SUSP_SERIOUS_INJ_COUNT","PERSON_COUNT","POLICE_AGCY","POSSIBLE_INJ_COUNT","RDWY_SURF_TYPE_CD","RELATION_TO_ROAD","ROADWAY_CLEARED","ROAD_CONDITION","SCH_BUS_IND","SCH_ZONE_IND","SECONDARY_CRASH","SMALL_TRUCK_COUNT","SPEC_JURIS_CD","SUSP_MINOR_INJ_COUNT","SUSP_SERIOUS_INJ_COUNT","SUV_COUNT","TCD_FUNC_CD","TCD_TYPE","TFC_DETOUR_IND","TIME_OF_DAY","TOTAL_UNITS","TOT_INJ_COUNT","UNBELTED_OCC_COUNT","UNB_DEATH_COUNT","UNB_SUSP_SERIOUS_INJ_COUNT","UNK_INJ_DEG_COUNT","UNK_INJ_PER_COUNT","URBAN_RURAL","VAN_COUNT","VEHICLE_COUNT","VULNERABLE_ROAD_USER_COUNT","VULNERABLE_ROAD_USER_DEATH_COUNT","VULNERABLE_ROAD_USER_SER_INJ_COUNT","WEATHER1","WEATHER2","WORKERS_PRES","WORK_ZONE_IND","WORK_ZONE_LOC","WORK_ZONE_TYPE","WZ_CLOSE_DETOUR","WZ_FLAGGER","WZ_LAW_OFFCR_IND","WZ_LN_CLOSURE","WZ_MOVING","WZ_OTHER","WZ_SHLDER_MDN","WZ_WORKERS_INJ_KILLED"
"2020023462","1950","0","0","0","0","0","0","0","0","0","4","0","","67","3","2020","1","40.045516","-75.088316","1948","6","0","0","0","0","0","0","0","0","","0","0","0","19","3","1","","1","0","40 02:43.859","","0","75 05:17.937","3","0","0","0","67301","0","0","0","N","0","0","0","2","67301","0","","1.0","","1","N","N","N","0","","1","0","2","3","2","","1945","2","1","0","0","0","0","0","2","0","2","0","0","0","3","","","N","","","","","","","","","",""
"2020020495","1806","0","0","0","0","0","0","0","0","0","8","0","","67","2","2020","2","40.029898","-75.087801","1805","6","0","0","0","0","0","0","0","0","","0","0","0","17","1","1","","1","0","40 01:47.633","","0","75 05:16.085","3","0","0","0","67301","1","0","0","N","1","0","0","2","67301","0","","1.0","","1","N","N","N","0","","1","0","1","3","2","","1730","2","1","1","0","0","0","0","2","0","1","1","0","0","3","03","","N","","","","","","","","","",""
"2020061938","0600","0","0","0","0","0","0","1","0","0","6","1","","67","7","2020","5","40.030714","-75.1224","0550","6","0","0","0","0","0","0","0","0","","0","0","0","5","1","3","N","1","0","40 01:50.570","","8","75 07:20.640","4","0","0","0","67301","0","0","0","N","0","0","0","5","67508","3","","1.0","","1","N","N","Y","1","","0","0","0","3","3","N","550","2","3","0","0","0","0","0","2","0","2","0","0","0","3","03","","N","","","","","","","","","",""
"2020051027","2258","1","0","0","0","0","0","0","0","0","4","0","","67","6","2020","2","39.985153","-75.159815","2256","6","0","0","0","0","0","0","0","0","","0","0","0","22","3","3","","1","2","39 59:06.550","7","0","75 09:35.335","3","0","0","0","67301","0","0","0","N","0","0","0","6","67301","0","","1.0","2330.0","1","N","N","N","0","","3","0","1","3","2","Y","2256","2","3","0","0","0","0","0","2","0","2","0","0","0","3","","","N","","","","","","","","","",""
"2020086508","0900","1","0","0","0","0","0","0","0","0","1","0","","67","10","2020","6","39.9897","-75.180174","0831","6","0","0","0","0","0","0","0","0","","0","0","0","8","1","0","N","0","0","39 59:22.921","","0","75 10:48.628","0","0","0","0","67301","0","0","0","N","0","0","0","2","67301","0","","6.0","","9","N","N","N","0","","0","0","1","3","2","","807","2","0","0","0","0","0","0","2","0","2","0","0","0","7","04","","N","","","","","","","","","",""
"2020042588","1446","1","0","0","0","0","0","0","0","0","4","0","","67","5","2020","6","39.967336","-75.245842","1445","6","0","0","0","0","0","0","0","0","","0","0","0","14","1","2","","1","0","39 58:02.410","","0","75 14:45.030","3","0","0","0","67301","0","0","0","N","0","0","0","4","67301","0","","1.0","","1","N","N","N","0","","2","0","1","3","2","","1445","2","2","0","0","0","0","0","2","0","2","0","0","0","3","","","N","","","","","","","","","",""
"2020061090","0820","1","0","0","0","0","0","0","0","0","4","0","","67","6","2020","1","40.049837","-75.075724","0815","6","0","0","0","0","0","0","1","1","","0","0","0","8","1","1","","1","0","40 02:59.413","","0","75 04:32.606","3","0","0","1","67301","0","0","0","N","0","0","0","2","67301","0","","1.0","","1","N","N","N","0","","1","0","0","3","2","","800","2","1","0","0","0","0","0","2","0","2","0","0","0","3","","","N","","","","","","","","","",""
"2020044498","1716","1","0","0","0","0","0","0","0","0","4","0","","67","6","2020","6","39.927258","-75.236326","1716","6","0","0","0","0","0","0","0","0","","0","0","0","6","1","0","","1","0","39 55:38.128","","0","75 14:10.774","9","0","0","0","67301","0","0","0","N","0","0","0","2","67301","0","","1.0","","99","N","N","N","0","","0","0","1","3","3","","627","2","0","2","0","0","0","1","2","0","2","0","0","0","3","03","","N","","","","","","","","","",""
"2020047158","1303","1","0","0","0","0","0","0","0","0","7","0","","67","6","2020","2","39.877044","-75.253683","1245","6","0","0","0","0","0","0","0","0","","0","0","0","12","1","1","N","0","0","39 52:37.357","","0","75 15:13.259","8","0","0","0","67301","0","0","0","N","0","0","0","1","68K01","0","","4.0","","1","N","N","N","0","","0","0","0","0","0","","1242","1","1","1","0","0","1","0","2","0","1","0","0","0","3","","","N","","","","","","","","","",""
"2020002205","0257","2","0","1","0","0","0","0","0","0","1","0","","67","1","2020","1","39.898841","-75.17102","0253","6","0","0","0","0","0","0","0","0","","0","0","0","2","3","6","N","0","2","39 53:55.826","2","0","75 10:15.671","2","0","0","0","67301","0","0","0","N","0","0","0","6","68K01","3","","1.0","330.0","1","N","N","N","0","","2","1","0","0","0","N","251","2","6","1","0","0","0","0","2","0","2","0","0","0","3","","","N","","","","","","","","","",""
"2020022304","1834","1","0","0","0","0","0","0","0","0","4","0","","67","2","2020","4","40.013506","-75.123322","1830","6","0","0","0","0","0","0","0","0","","0","0","0","18","3","1","N","0","0","40 00:48.620","","7","75 07:23.960","3","0","0","0","67301","0","0","0","N","0","0","0","2","67301","0","","1.0","","1","N","N","N","0","","1","0","0","9","2","","1825","2","1","0","0","0","0","0","2","1","2","0","0","0","99","03","","N","","","","","","","","","",""
"2020004053","2024","1","0","0","0","0","0","0","0","0","8","0","","67","1","2020","7","40.027406","-75.168092","2024","6","0","0","0","1","0","0","0","0","","0","0","0","20","3","1","N","0","1","40 01:38.660","6","0","75 10:05.130","3","0","0","0","67301","1","0","0","N","1","0","0","2","67301","0","","1.0","2040.0","9","N","N","N","0","","1","0","0","3","3","Y","2020","2","1","0","0","0","0","0","2","0","1","1","0","0","7","","","N","","","","","","","","","",""
"2020002080","0201","2","0","0","0","0","0","0","0","0","4","0","","67","1","2020","7","39.991706","-75.124495","0157","6","0","0","0","0","0","0","0","0","","0","0","0","1","3","3","","1","2","39 59:30.141","7","0","75 07:28.181","4","0","0","0","67301","0","0","0","N","0","0","0","3","67301","2","","1.0","400.0","9","N","N","N","0","","0","0","1","9","3","Y","156","3","3","0","0","0","1","0","2","0","3","0","0","0","7","","","N","","","","","","","","","",""
"2020004730","2008","2","0","0","0","0","0","0","0","0","1","0","","67","1","2020","2","40.087537","-74.971134","1955","6","0","0","0","1","0","0","0","0","","0","0","0","19","3","1","","1","0","40 05:15.133","","0","74 58:16.083","3","0","0","0","67301","0","0","0","N","0","0","0","2","67301","0","","1.0","","1","N","N","N","0","","1","0","0","3","2","","1954","2","1","0","0","0","0","0","2","0","2","0","0","0","3","03","","N","","","","","","","","","",""
"2020061343","2216","1","0","0","0","0","0","0","0","0","5","1","","67","8","2020","7","40.03715","-75.178794","2215","6","0","0","0","0","0","0","0","0","","0","1","0","22","3","1","N","0","2","40 02:13.740","5","0","75 10:43.660","3","0","0","0","67301","0","0","0","N","0","0","0","2","67301","0","","1.0","2330.0","1","N","N","N","0","","1","0","1","0","0","Y","2214","3","1","1","0","0","0","0","2","0","3","0","0","0","3","03","","N","","","","","","","","","",""
"2020002912","1502","1","0","0","0","0","0","0","0","0","4","0","","67","1","2020","4","40.074698","-74.989276","1452","6","0","0","0","0","0","0","0","0","","0","0","0","14","1","0","","1","1","40 04:28.912","2","0","74 59:21.393","0","0","0","0","67301","0","0","0","N","0","0","0","2","67301","0","","1.0","1600.0","1","N","N","N","1","","0","0","0","3","3","N","1451","2","0","0","0","0","0","0","2","0","2","0","0","0","3","03","","N","","","","","","","","","",""
"2020022799","1002","0","0","0","0","0","0","0","0","0","4","0","","67","3","2020","1","40.028579","-75.033945","1002","6","0","0","0","0","0","1","0","0","","0","0","0","9","1","1","","1","2","40 01:42.885","7","0","75 02:02.202","8","0","0","1","67301","0","0","0","N","0","0","0","3","67301","0","","1.0","1055.0","1","N","N","N","0","","0","0","1","3","2","Y","955","2","1","0","0","0","1","0","2","0","2","0","0","0","3","","","N","","","","","","","","","",""
"2020021923","0517","3","0","0","0","0","0","0","0","0","5","0","","67","2","2020","7","39.985309","-75.173139","0516","6","0","0","0","0","0","0","0","0","","0","0","0","5","3","0","N","0","0","39 59:07.112","","0","75 10:23.300","9","0","0","0","67301","0","0","0","N","0","0","0","1","67505","0","","6.0","","1","N","N","N","0","","0","0","1","0","0","","510","4","0","0","0","0","0","1","2","0","4","0","0","0","3","03","","N","","","","","","","","","",""
"2020003529","1813","0","0","0","0","0","0","0","0","0","8","0","","67","1","2020","5","40.10648","-75.030097","1809","6","0","0","0","0","0","1","0","0","","0","0","0","18","2","1","","2","0","40 06:23.328","","0","75 01:48.348","4","0","0","0","67301","1","0","0","N","1","0","0","2","67301","1","","1.0","","1","N","N","N","0","","0","0","1","0","0","","1800","2","1","0","0","0","0","0","2","0","1","1","0","0","3","03","","N","","","","","","","","","",""
"2020005205","0120","1","0","0","0","0","0","0","0","0","4","1","","67","1","2020","4","39.971452","-75.121096","0100","6","0","0","0","0","0","0","0","0","","0","1","0","0","3","0","","1","0","39 58:17.228","","2","75 07:15.945","0","0","0","0","67301","0","0","0","N","0","0","0","3","67301","0","","1.0","","9","N","N","N","0","","0","0","0","3","2","","54","2","0","3","0","0","0","0","2","0","2","0","0","0","7","","","N","","","","","","","","","",""
"2020022358","1655","1","0","0","0","0","0","0","0","0","7","0","","67","2","2020","1","39.953875","-75.181358","1631","6","0","0","0","1","0","0","0","0","","0","0","0","16","1","1","N","0","0","39 57:13.951","","0","75 10:52.890","4","0","0","0","67301","0","0","0","N","0","0","0","1","68K01","1","","2.0","","1","N","N","N","0","","0","0","0","0","0","","1613","1","1","0","0","0","0","0","2","0","1","0","0","0","3","03","","N","","","","","","","","","",""
"2020021782","1727","1","0","0","0","0","0","0","0","0","6","0","","67","2","2020","5","39.999296","-75.085802","1721","6","0","0","0","0","0","0","0","0","","0","0","0","16","1","0","Y","0","1","39 59:57.467","1","0","75 05:08.886","0","0","0","0","67301","0","0","0","N","0","0","0","3","67301","0","","1.0","1820.0","1","N","N","N","0","","0","0","1","0","0","N","1645","3","0","0","0","0","0","0","2","1","3","0","0","0","3","03","","N","","","","","","","","","",""
"2020022797","1132","2","0","0","0","0","0","0","0","0","4","0","","67","2","2020","7","40.039386","-75.055897","1122","6","0","0","0","0","0","0","1","0","","0","0","0","11","1","0","N","2","0","40 02:21.790","","0","75 03:21.230","0","0","0","0","67301","0","0","0","N","0","0","0","3","67301","0","","1.0","","1","N","N","Y","0","","0","0","1","0","0","","1115","3","0","0","0","0","0","0","2","0","3","0","0","0","3","03","","N","","","","","","","","","",""
"2020004341","1530","1","0","0","0","0","0","0","0","0","8","0","","67","1","2020","6","40.02006","-75.056173","1522","6","0","0","0","0","0","0","0","0","","0","0","0","15","1","1","","1","9","40 01:12.216","","0","75 03:22.222","3","0","0","0","67301","1","0","0","N","1","0","0","2","67301","0","","1.0","","1","N","N","N","0","","1","0","0","3","3","U","1519","2","1","0","0","0","0","0","2","0","1","1","0","0","3","03","","N","","","","","","","","","",""
"2020022207","0452","2","0","0","0","0","0","0","0","0","1","0","","67","2","2020","7","40.000142","-75.14157","0434","6","0","0","0","0","0","0","0","0","","0","0","0","4","3","0","N","0","0","40 00:00.511","","0","75 08:29.652","0","0","0","0","67301","0","0","0","N","0","0","0","1","67301","0","","6.0","","1","N","N","N","0","","0","0","1","0","0","","432","3","0","0","0","0","0","0","2","0","3","0","0","0","3","","","N","","","","","","","","","",""
"2020020863","2130","1","0","0","0","0","0","0","0","0","4","0","","67","2","2020","2","40.068432","-75.016739","2126","6","0","0","0","0","0","0","0","0","","0","0","0","21","3","0","","2","0","40 04:06.355","","0","75 01:00.260","0","0","0","0","67301","0","0","0","N","0","0","0","2","67301","0","","1.0","","1","N","N","N","0","","0","0","1","2","3","","2124","2","0","0","0","0","0","0","2","0","2","0","0","0","3","","","N","","","","","","","","","",""
"2020000365","0710","1","0","0","0","0","0","0","0","0","1","1","","67","1","2020","5","39.9025","-75.224775","0653","6","0","0","0","0","0","0","0","0","2","0","1","0","6","5","1","","2","1","39 54:08.999","2","0","75 13:29.191","3","0","0","0","67301","0","0","0","N","0","0","0","2","67301","0","","1.0","9999.0","1","N","N","N","0","","1","0","0","3","2","N","620","2","1","0","0","0","0","0","2","0","2","0","0","0","3","","","N","","","","","","","","","",""
"2020061100","0532","0","0","0","0","0","0","0","0","0","7","0","","67","8","2020","7","39.990581","-75.163489","0531","6","0","0","0","0","0","0","0","0","","0","0","0","5","5","1","N","0","0","39 59:26.090","","0","75 09:48.560","4","0","0","0","67301","0","0","0","N","0","0","0","1","67301","1","","5.0","","1","N","N","N","1","","0","0","0","3","2","","524","1","1","1","0","0","0","0","2","0","1","0","0","0","3","03","","N","","","","","","","","","",""
"2020021962","0848","0","0","0","0","0","0","0","0","0","6","0","","67","2","2020","2","40.031889","-75.124244","0834","6","0","0","0","0","0","1","0","0","","0","0","0","7","1","0","N","0","0","40 01:54.800","","0","75 07:27.280","0","0","0","0","67301","0","0","0","N","0","0","0","1","67301","0","","6.0","","1","N","N","N","0","","0","0","2","0","0","","730","2","0","0","0","0","0","0","2","0","2","0","0","0","3","03","","N","","","","","","","","","",""
"2020044525","0530","2","0","0","0","0","0","0","0","0","4","0","","67","6","2020","5","39.958875","-75.228329","0522","6","0","0","0","0","0","0","0","0","","0","0","0","5","5","0","","1","0","39 57:31.950","","0","75 13:41.984","0","0","0","0","67301","0","0","0","N","0","0","0","2","67301","0","","1.0","","1","N","N","N","0","","0","0","1","3","3","","512","3","0","0","0","0","0","0","2","0","3","0","0","0","3","03","","N","","","","","","","","","",""
"2020020467","1650","2","0","0","0","0","0","0","0","0","2","0","","67","2","2020","2","39.956639","-75.227756","1649","6","0","0","0","0","0","0","0","0","","0","0","0","15","1","0","N","0","0","39 57:23.900","","0","75 13:39.920","9","0","0","0","67301","0","0","0","N","0","0","0","2","67301","0","","6.0","","1","N","N","N","0","","0","0","0","0","0","","1558","2","0","0","0","0","0","2","2","0","2","0","0","0","3","","","N","","","","","","","","","",""
"2020049902","1044","3","1","0","0","0","0","0","0","0","2","0","","67","6","2020","4","39.905656","-75.132314","0911","6","0","0","0","0","0","1","1","1","","1","0","0","9","1","2","N","0","2","39 54:20.360","4","3","75 07:56.330","1","0","0","0","67301","0","0","0","N","0","0","0","3","67501","0","2","1.0","1025.0","1","N","N","N","0","8","2","0","0","3","8","Y","911","3","2","0","0","0","0","0","2","0","3","0","0","0","3","03","","N","","","","","","","","","",""
"2020023148","0045","1","0","0","0","0","0","0","0","0","4","0","","67","2","2020","5","39.974629","-75.199199","0031","6","0","0","0","0","0","0","0","0","","0","0","0","21","3","1","","1","0","39 58:28.663","","2","75 11:57.118","3","0","0","0","67301","0","0","0","N","0","0","0","2","67301","0","","1.0","","1","N","N","N","0","","1","0","1","3","2","","2100","2","1","1","0","0","0","0","2","0","2","0","0","0","3","03","","N","","","","","","","","","",""
"2020002264","1640","1","0","0","0","0","0","0","0","0","7","0","","67","1","2020","7","39.895363","-75.234767","1632","6","0","0","1","0","0","0","0","0","","0","0","0","16","1","1","N","0","1","39 53:43.306","4","0","75 14:05.160","3","0","0","0","67301","0","0","0","N","0","0","0","1","67301","0","","5.0","1730.0","9","N","N","N","0","","1","0","0","0","0","N","1612","1","1","0","0","0","0","0","2","0","1","0","0","0","7","04","","N","","","","","","","","","",""
"2020022146","1740","1","0","0","0","0","0","0","0","0","4","0","","67","2","2020","4","40.070629","-75.241276","1735","6","0","0","0","0","0","0","1","0","","0","0","0","17","4","0","","1","1","40 04:14.265","2","0","75 14:28.593","0","0","0","0","67301","0","0","0","N","0","0","0","2","67301","0","","1.0","1930.0","1","N","N","N","0","","0","0","1","3","2","N","1732","2","0","0","0","0","0","0","2","0","2","0","0","0","3","03","","N","","","","","","","","","",""
"2020001252","1550","2","0","0","0","0","0","0","0","0","1","0","","67","1","2020","6","40.053853","-75.178449","1544","6","0","0","0","0","0","0","0","0","","0","0","0","15","1","1","N","0","0","40 03:13.869","","0","75 10:42.415","4","0","0","0","67301","0","0","0","N","0","0","0","2","67301","1","","6.0","","9","N","Y","N","0","","0","0","0","0","0","","1540","2","1","0","0","0","0","0","2","0","2","0","0","0","7","","","N","","","","","","","","","",""
"2020017258","1840","2","0","0","0","0","0","0","0","0","5","0","","67","2","2020","5","40.025033","-75.031019","1812","6","0","0","0","0","1","0","0","0","","0","0","0","18","3","0","Y","0","0","40 01:30.120","","0","75 01:51.670","0","0","0","0","67301","0","0","0","N","0","0","0","2","68K01","0","","1.0","","9","N","N","N","0","","0","0","0","3","4","","1810","2","0","0","0","0","0","0","2","0","2","0","0","0","7","07","","N","","","","","","","","","",""
"2020022415","2050","2","0","0","0","0","0","0","0","0","6","0","","67","2","2020","7","39.980439","-75.136114","2045","6","0","0","0","0","0","1","0","0","","0","0","0","20","3","0","N","0","0","39 58:49.580","","0","75 08:10.010","0","0","0","0","67301","0","0","0","N","0","0","0","2","67301","0","","6.0","","1","N","N","N","0","","0","0","0","3","3","","2040","2","0","0","0","0","0","0","2","0","2","0","0","0","3","03","","N","","","","","","","","","",""
"2020021493","1632","1","0","0","0","0","0","0","0","0","4","0","","67","2","2020","5","40.00468","-75.152126","1631","6","0","0","1","0","0","0","0","0","","0","0","0","16","1","1","N","1","1","40 00:16.847","1","0","75 09:07.652","8","0","0","0","67301","0","0","0","N","0","0","0","3","67505","0","","1.0","1640.0","1","N","N","N","0","","0","0","1","3","2","N","1631","2","1","0","0","0","1","0","2","0","2","0","0","0","3","03","","N","","","","","","","","","",""
"2020002535","0013","2","0","0","0","0","0","0","0","0","4","0","","67","1","2020","1","40.058641","-75.171463","0010","6","0","0","0","0","0","0","0","0","","0","0","0","0","3","0","","1","0","40 03:31.107","","0","75 10:17.266","0","0","0","0","67301","0","0","0","N","0","0","0","2","67301","0","","1.0","","1","N","N","N","0","","0","0","0","9","3","","5","2","0","0","0","0","0","0","2","0","2","0","0","0","3","","","N","","","","","","","","","",""
"2020004346","1851","1","0","0","0","0","0","0","0","0","4","0","","67","1","2020","5","40.032552","-75.032587","1841","6","0","0","0","0","1","0","0","0","","0","0","0","18","3","1","","1","0","40 01:57.188","","0","75 01:57.314","4","0","0","0","67301","0","0","0","N","0","0","0","3","67301","1","","1.0","","1","N","N","N","0","","0","0","1","3","3","","1838","2","1","1","0","0","0","0","2","0","2","0","0","0","3","","","N","","","","","","","","","",""
"2020021305","0303","2","0","0","0","0","0","0","0","0","1","0","","67","2","2020","4","40.008629","-75.210809","0247","6","0","0","0","0","0","0","0","0","","0","0","0","2","3","1","","1","0","40 00:31.066","","0","75 12:38.914","4","0","0","0","67301","0","0","0","N","0","0","0","2","67301","1","","1.0","","1","N","N","N","0","","0","0","0","3","2","","242","2","1","1","0","0","0","0","2","0","2","0","0","0","3","","","N","","","","","","","","","",""
"2020001154","0830","1","0","0","0","0","0","0","0","0","2","0","","67","1","2020","7","39.956586","-75.152428","0817","6","0","0","0","0","0","1","0","0","","0","0","0","8","1","1","","5","1","39 57:23.708","2","1","75 09:08.740","3","0","0","0","67301","0","0","0","N","0","0","0","2","67301","0","","1.0","30.0","9","N","N","N","0","","1","0","1","3","2","Y","817","2","1","2","0","0","0","0","2","0","2","0","0","0","5","07","","N","","","","","","","","","",""
"2020020423","0212","1","0","0","0","0","0","0","0","0","7","0","","67","2","2020","1","39.918426","-75.147958","0209","6","0","0","0","0","0","0","0","0","","0","0","0","2","3","1","N","0","0","39 55:06.334","","0","75 08:52.649","8","0","0","0","67301","0","0","0","N","0","0","0","1","68K01","0","","4.0","","1","N","N","N","0","","0","0","0","0","0","","204","1","1","0","0","0","1","0","2","0","1","0","0","0","3","03","","N","","","","","","","","","",""
"2020022306","1010","1","0","0","0","0","0","0","0","0","5","0","","67","2","2020","7","39.997331","-75.139044","1002","6","0","0","0","0","0","0","0","0","","0","0","0","10","1","3","N","0","0","39 59:50.390","","0","75 08:20.560","3","0","0","0","67301","0","0","0","N","0","0","0","3","67301","1","","1.0","","1","N","N","N","0","","2","0","2","0","0","","1002","4","3","0","0","0","0","0","2","1","4","0","0","0","3","03","","N","","","","","","","","","",""
"2020022793","0315","1","0","0","0","0","0","0","0","0","6","0","","67","2","2020","7","39.931004","-75.144198","0307","6","0","0","0","0","0","0","0","0","","0","0","0","2","3","1","N","0","1","39 55:51.614","1","0","75 08:39.113","3","0","0","0","67301","0","0","0","N","0","0","0","2","67301","0","","1.0","430.0","1","N","N","N","0","","1","0","1","3","2","N","258","2","1","0","0","0","0","0","2","0","2","0","0","0","3","03","","N","","","","","","","","","",""
"2020026177","1631","2","0","0","0","0","0","0","0","0","4","0","","67","3","2020","4","39.937547","-75.2254","1628","6","0","0","0","0","0","1","0","0","","0","0","0","16","1","1","N","0","0","39 56:15.170","","0","75 13:31.440","8","0","0","0","67301","0","0","0","N","0","0","0","2","67301","0","","1.0","","1","N","N","N","0","","0","0","0","0","0","","1600","2","1","0","0","0","1","0","2","0","2","0","0","0","3","03","","N","","","","","","","","","",""
"2020016402","1410","3","0","0","0","0","0","0","0","0","1","0","","67","2","2020","7","40.009491","-75.205384","1405","6","0","0","0","0","0","2","0","0","","0","0","0","14","1","0","N","0","0","40 00:34.169","","0","75 12:19.384","0","0","0","0","67301","0","0","0","N","0","0","0","4","68K01","0","","1.0","","1","N","N","N","0","","0","0","1","0","0","","1403","4","0","0","0","0","0","0","2","0","4","0","0","0","3","03","","N","","","","","","","","","",""
"2020039371","0919","1","0","0","0","0","0","0","0","0","1","1","","67","5","2020","4","39.908306","-75.147","0917","6","0","0","0","0","0","4","0","0","","0","1","0","9","1","3","N","0","2","39 54:29.900","4","3","75 08:49.200","2","0","0","0","67301","0","0","0","N","0","0","0","5","67501","0","","1.0","1003.0","1","N","N","N","2","","0","1","0","3","8","N","917","4","3","0","0","0","2","0","2","0","4","0","0","0","3","03","","N","","","","","","","","","",""
"2020042376","1010","0","0","0","0","0","0","0","0","0","8","0","","67","5","2020","6","39.930989","-75.153169","1000","6","0","0","0","0","0","0","0","0","","0","0","0","13","1","1","","1","0","39 55:51.561","","0","75 09:11.409","3","0","0","0","67301","1","0","0","N","0","0","0","2","67301","0","","1.0","","99","N","N","N","0","","1","0","1","3","3","","1330","2","1","0","0","0","0","1","2","0","1","1","0","0","99","03","","N","","","","","","","","","",""
"2020020865","0915","0","0","0","0","0","0","0","0","0","7","0","","67","2","2020","3","40.086788","-74.971843","0903","6","0","0","0","0","0","0","0","0","","0","0","0","8","1","0","","1","0","40 05:12.438","","0","74 58:18.635","0","0","0","0","67301","0","0","0","N","0","0","0","1","67301","0","","5.0","","9","N","N","N","0","","0","0","1","3","2","","845","1","0","0","0","0","0","0","2","0","1","0","0","0","7","04","","N","","","","","","","","","",""
"2020023221","2015","1","0","0","0","0","0","0","0","0","4","0","","67","2","2020","7","40.026832","-75.117115","2013","6","0","0","0","0","0","1","0","0","","0","0","0","20","3","2","","1","2","40 01:36.594","2","0","75 07:01.615","8","0","0","0","67301","0","0","0","N","0","0","0","6","67301","0","","1.0","2109.0","1","N","N","N","0","","0","0","2","3","2","N","2005","3","2","0","0","0","2","3","2","0","3","0","0","0","3","","","N","","","","","","","","","",""
"2020022305","0841","1","0","0","0","0","0","0","0","0","5","0","","67","2","2020","7","39.994233","-75.132139","0841","6","0","0","0","0","0","0","0","0","","0","0","0","6","3","0","N","0","1","39 59:39.240","3","0","75 07:55.700","0","0","0","0","67301","0","0","0","N","0","0","0","1","67301","0","","6.0","940.0","1","N","N","N","0","","0","0","1","3","3","N","634","2","0","0","0","0","0","0","2","0","2","0","0","0","3","03","","N","","","","","","","","","",""
"2020061260","1259","0","0","0","0","0","0","0","0","0","7","0","","67","7","2020","5","40.100786","-74.967501","1255","6","0","0","0","0","0","0","0","0","","0","0","0","12","1","1","","1","0","40 06:02.828","","0","74 58:03.002","3","0","0","1","67301","0","0","0","N","0","0","0","1","67301","0","","5.0","","1","N","N","N","0","","1","0","0","3","3","","1249","1","1","0","0","0","0","0","2","0","1","0","0","0","3","03","","N","","","","","","","","","",""
"2020046699","1855","0","0","0","0","0","0","0","0","0","7","0","","67","6","2020","2","39.966766","-75.187783","1855","6","0","0","0","0","0","1","0","0","","0","0","0","18","1","0","N","0","2","39 58:00.358","3","0","75 11:16.019","0","0","0","0","67301","0","0","0","N","0","0","0","2","68K01","0","","3.0","1857.0","1","N","N","Y","0","","0","0","2","0","0","N","1854","2","0","1","0","0","0","0","2","0","2","0","0","0","3","","","N","","","","","","","","","",""
"2020014891","1630","1","0","0","0","0","0","0","0","0","2","0","","67","2","2020","6","39.986192","-75.226078","1626","6","0","1","0","0","0","1","0","0","","0","0","0","16","1","2","N","0","0","39 59:10.290","","0","75 13:33.880","3","0","0","0","67301","0","0","0","N","0","0","0","2","67301","0","","1.0","","1","N","N","N","0","","1","0","1","9","9","","1620","2","2","1","0","0","1","0","2","0","2","0","0","0","4","","","N","","","","","","","","","",""
"2020020837","1530","1","0","0","0","0","0","0","0","0","4","0","","67","2","2020","3","40.000567","-75.096536","1530","6","0","0","0","0","0","0","0","0","","0","0","0","8","1","1","","3","0","40 00:02.041","","0","75 05:47.529","8","0","0","0","67301","0","0","0","N","0","0","0","2","67301","0","","1.0","","1","N","N","N","0","","0","0","1","3","3","","800","2","1","0","0","0","1","1","2","0","2","0","0","0","3","03","","N","","","","","","","","","",""