"CRN","ARRIVAL_TM","AUTOMOBILE_COUNT","BELTED_DEATH_COUNT","BELTED_SUSP_SERIOUS_INJ_COUNT","BICYCLE_COUNT","BICYCLE_DEATH_COUNT","BICYCLE_SUSP_SERIOUS_INJ_COUNT","BUS_COUNT","CHLDPAS_DEATH_COUNT","CHLDPAS_SUSP_SERIOUS_INJ_COUNT","COLLISION_TYPE","COMM_VEH_COUNT","CONS_ZONE_SPD_LIM","COUNTY","CRASH_MONTH","CRASH_YEAR","DAY_OF_WEEK","DEC_LATITUDE","DEC_LONGITUDE","DISPATCH_TM","DISTRICT","DRIVER_COUNT_16YR","DRIVER_COUNT_17YR","DRIVER_COUNT_18YR","DRIVER_COUNT_19YR","DRIVER_COUNT_20YR","DRIVER_COUNT_50_64YR","DRIVER_COUNT_65_74YR","DRIVER_COUNT_75PLUS","EST_HRS_CLOSED","FATAL_COUNT","HEAVY_TRUCK_COUNT","HORSE_BUGGY_COUNT","HOUR_OF_DAY","ILLUMINATION","INJURY_COUNT","INTERSECTION_RELATED","INTERSECT_TYPE","LANE_CLOSED","LATITUDE","LN_CLOSE_DIR","LOCATION_TYPE","LONGITUDE","MAX_SEVERITY_LEVEL","MCYCLE_DEATH_COUNT","MCYCLE_SUSP_SERIOUS_INJ_COUNT","MOTORCYCLE_COUNT","MUNICIPALITY","NONMOTR_COUNT","NONMOTR_DEATH_COUNT","NONMOTR_SUSP_SERIOUS_INJ_COUNT","NTFY_HIWY_MAINT","PED_COUNT","PED_DEATH_COUNT","PED_SUSP_SERIOUS_INJ_COUNT","PERSON_COUNT","POLICE_AGCY","POSSIBLE_INJ_COUNT","RDWY_SURF_TYPE_CD","RELATION_TO_ROAD","ROADWAY_CLEARED","ROAD_CONDITION","SCH_BUS_IND","SCH_ZONE_IND","SECONDARY_CRASH","SMALL_TRUCK_COUNT","SPEC_JURIS_CD","SUSP_MINOR_INJ_COUNT","SUSP_SERIOUS_INJ_COUNT","SUV_COUNT","TCD_FUNC_CD","TCD_TYPE","TFC_DETOUR_IND","TIME_OF_DAY","TOTAL_UNITS","TOT_INJ_COUNT","UNBELTED_OCC_COUNT","UNB_DEATH_COUNT","UNB_SUSP_SERIOUS_INJ_COUNT","UNK_INJ_DEG_COUNT","UNK_INJ_PER_COUNT","URBAN_RURAL","VAN_COUNT","VEHICLE_COUNT","VULNERABLE_ROAD_USER_COUNT","VULNERABLE_ROAD_USER_DEATH_COUNT","VULNERABLE_ROAD_USER_SER_INJ_COUNT","WEATHER1","WEATHER2","WORKERS_PRES","WORK_ZONE_IND","WORK_ZONE_LOC","WORK_ZONE_TYPE","WZ_CLOSE_DETOUR","WZ_FLAGGER","WZ_LAW_OFFCR_IND","WZ_LN_CLOSURE","WZ_MOVING","WZ_OTHER","WZ_SHLDER_MDN","WZ_WORKERS_INJ_KILLED"
"2020021691","0737","1","0","0","0","0","0","0","0","0","8","0","","67","2","2020","2","39.931225","-75.164396","0728","6","0","0","0","0","0","0","0","0","","0","0","0","6","1","1","","1","0","39 55:52.409","","0","75 09:51.827","3","0","0","0","67301","1","0","0","N","1","0","0","2","67301","0","","1.0","","1","N","N","N","0","","1","0","0","0","0","","627","2","1","1","0","0","0","0","2","0","1","1","0","0","3","03","","N","","","","","","","","","",""
"2020000481","1737","1","0","0","0","0","0","1","0","0","5","1","","67","1","2020","4","39.953353","-75.154704","1737","6","0","0","0","0","0","0","0","0","","0","0","0","17","4","0","","1","0","39 57:12.069","","0","75 09:16.934","0","0","0","0","67301","0","0","0","N","0","0","0","2","67301","0","","1.0","","1","N","N","N","0","","0","0","0","3","2","","1735","2","0","0","0","0","0","0","2","0","2","0","0","0","3","","","N","","","","","","","","","",""
"2020023909","0032","1","0","0","0","0","0","0","0","0","7","0","","67","1","2020","3","39.997206","-75.081891","0029","6","0","0","0","0","0","0","0","0","","0","0","0","0","3","0","N","0","1","39 59:49.941","1","0","75 04:54.809","9","0","0","0","67301","0","0","0","Y","0","0","0","1","68K01","0","","2.0","35.0","1","N","N","N","0","","0","0","0","0","0","N","24","1","0","0","0","0","0","1","2","0","1","0","0","0","3","03","","N","","","","","","","","","",""
"2020028514","0918","0","0","0","0","0","0","1","0","0","5","1","","67","2","2020","2","39.956847","-75.153246","0859","6","0","0","0","0","0","1","1","0","","0","0","0","8","1","1","N","0","0","39 57:24.648","","0","75 09:11.684","3","0","0","0","67301","0","0","0","N","0","0","0","13","68K01","0","","1.0","","1","Y","N","N","1","","1","0","0","0","0","","856","2","1","0","0","0","0","0","2","0","2","0","0","0","3","03","","N","","","","","","","","","",""
"2020020355","0150","1","0","0","0","0","0","0","0","0","7","0","","67","2","2020","5","39.888947","-75.202346","0135","6","0","0","0","0","0","0","0","0","","0","0","0","1","3","0","N","0","0","39 53:20.208","","3","75 12:08.447","0","0","0","0","67301","0","0","0","N","0","0","0","1","68K01","0","","4.0","","9","N","N","N","0","","0","0","0","0","0","","132","1","0","0","0","0","0","0","2","0","1","0","0","0","7","","","N","","","","","","","","","",""
"2020044540","1315","3","0","0","0","0","0","0","0","0","1","0","","67","6","2020","4","40.0078","-75.131381","1315","6","0","0","0","0","1","0","0","0","","0","0","0","13","1","1","N","0","0","40 00:28.080","","0","75 07:52.970","3","0","0","0","67301","0","0","0","N","0","0","0","3","67301","0","","1.0","","9","N","N","N","0","","1","0","0","0","0","","1310","3","1","0","0","0","0","0","2","0","3","0","0","0","3","03","","N","","","","","","","","","",""
"2020022055","2000","1","0","0","0","0","0","0","0","0","4","0","","67","2","2020","5","39.920014","-75.155601","1949","6","0","0","0","0","0","0","1","0","","0","0","0","18","1","3","","1","0","39 55:12.050","","0","75 09:20.163","3","0","0","0","67301","0","0","0","N","0","0","0","4","67301","0","","1.0","","1","N","N","N","0","","3","0","1","3","3","","1830","2","3","0","0","0","0","0","2","0","2","0","0","0","3","03","","N","","","","","","","","","",""
"2020020867","1238","0","0","0","0","0","0","0","0","0","7","0","","67","2","2020","3","40.041943","-75.003856","1208","6","0","0","0","0","0","1","0","0","","0","0","0","12","1","1","N","0","1","40 02:30.996","1","0","75 00:13.882","8","0","0","0","67301","0","0","0","N","0","0","0","1","67301","0","","5.0","1345.0","9","N","N","N","0","","0","0","0","0","0","N","1208","1","1","0","0","0","1","0","2","1","1","0","0","0","7","07","","N","","","","","","","","","",""
"2020063202","1147","1","0","0","0","0","0","0","0","0","1","0","","67","7","2020","4","40.002278","-75.078375","1127","6","0","0","0","0","0","1","0","0","","0","0","0","11","1","0","N","0","1","40 00:08.202","2","0","75 04:42.151","0","0","0","0","67301","0","0","0","N","0","0","0","2","68K01","0","","1.0","1220.0","1","N","N","N","1","","0","0","0","0","0","N","1119","2","0","0","0","0","0","0","2","0","2","0","0","0","3","03","","N","","","","","","","","","",""
"2020044491","1210","0","0","0","0","0","0","0","0","0","7","0","","67","6","2020","1","40.057088","-75.236177","1209","6","0","0","0","0","0","0","0","0","","0","0","0","12","1","1","N","0","2","40 03:25.516","1","0","75 14:10.238","4","0","0","0","67301","0","0","0","N","0","0","0","1","67301","1","","4.0","1250.0","1","N","N","N","1","","0","0","0","0","0","Y","1205","1","1","0","0","0","0","0","2","0","1","0","0","0","3","03","","N","","","","","","","","","",""
"2020088906","1736","1","0","0","0","0","0","0","0","0","1","0","","67","10","2020","3","40.001084","-75.215384","1735","6","0","0","0","0","0","1","1","0","","0","0","0","17","2","0","","1","2","40 00:03.902","5","0","75 12:55.382","0","0","0","0","67301","0","0","0","N","0","0","0","3","67301","0","","1.0","2144.0","1","N","N","N","0","","0","0","2","3","2","N","1700","3","0","0","0","0","0","0","2","0","3","0","0","0","3","","","N","","","","","","","","","",""
"2020086169","0134","0","0","0","0","0","0","0","0","0","5","1","","67","10","2020","5","40.0319","-75.094097","0126","6","0","0","0","0","0","0","0","0","","0","1","0","1","3","0","N","0","0","40 01:54.840","","0","75 05:38.750","0","0","0","0","67301","0","0","0","N","0","0","0","1","67301","0","","6.0","","1","N","N","N","0","","0","0","1","0","0","","123","2","0","0","0","0","0","0","2","0","2","0","0","0","3","","","N","","","","","","","","","",""
"2020043726","2148","0","0","0","0","0","0","0","0","0","7","0","","67","6","2020","5","40.031907","-75.207716","2146","6","0","0","0","0","0","0","0","0","","0","0","0","21","3","1","N","0","0","40 01:54.866","","0","75 12:27.777","3","0","0","0","67301","0","0","0","N","0","0","0","1","67301","0","","4.0","","1","N","N","N","0","","1","0","1","0","0","","2145","1","1","0","0","0","0","0","2","0","1","0","0","0","3","03","","N","","","","","","","","","",""
"2020020831","0350","1","0","0","0","0","0","0","0","0","7","0","","67","2","2020","3","40.058369","-75.20015","0345","6","0","0","0","0","0","0","0","0","","0","0","0","3","8","1","N","0","1","40 03:30.130","6","0","75 12:00.540","4","0","0","0","67301","0","0","0","N","0","0","0","1","67301","1","","5.0","457.0","9","N","N","N","0","","0","0","0","0","0","Y","330","1","1","0","0","0","0","0","2","0","1","0","0","0","7","07","","N","","","","","","","","","",""
"2020020187","2101","0","0","0","0","0","0","0","0","0","8","0","","67","2","2020","1","39.940367","-75.201774","2051","6","0","0","0","0","0","0","0","0","","0","0","0","20","6","1","N","0","0","39 56:25.320","","3","75 12:06.387","8","0","0","0","67301","1","0","0","N","1","0","0","2","67301","0","","4.0","","98","N","N","N","0","","0","0","0","0","0","","2017","2","1","0","0","0","1","0","2","0","1","1","0","0","3","03","","N","","","","","","","","","",""
"2020061625","1824","2","0","0","0","0","0","0","0","0","4","0","","67","8","2020","1","39.973464","-75.177848","1814","6","0","0","0","1","0","0","0","0","","0","0","0","18","1","0","N","0","0","39 58:24.471","","0","75 10:40.252","0","0","0","0","67301","0","0","0","N","0","0","0","1","67301","0","","2.0","","1","N","N","N","0","","0","0","0","0","0","","1813","2","0","0","0","0","0","0","2","0","2","0","0","0","3","03","","N","","","","","","","","","",""
"2020023142","1713","1","0","0","0","0","0","0","0","0","6","0","","67","2","2020","4","39.925408","-75.234581","1714","6","0","0","0","0","0","1","0","0","","0","0","0","17","1","2","N","0","1","39 55:31.470","3","0","75 14:04.490","3","0","0","0","67301","0","0","0","N","0","0","0","3","67301","0","","1.0","100.0","1","N","N","N","0","","2","0","4","0","0","Y","1709","5","2","0","0","0","0","0","2","0","5","0","0","0","3","03","","N","","","","","","","","","",""
"2020021599","2200","2","0","0","0","0","0","0","0","0","5","0","","67","2","2020","2","39.9576","-75.144083","2156","6","0","0","0","0","0","1","0","0","","0","0","0","21","3","3","N","0","0","39 57:27.360","","0","75 08:38.700","3","0","0","0","67301","0","0","0","N","0","0","0","4","67301","0","","1.0","","1","N","N","N","0","","3","0","0","0","0","","2153","2","3","1","0","0","0","0","2","0","2","0","0","0","3","03","","N","","","","","","","","","",""
"2020022307","2345","1","0","0","0","0","0","0","0","0","5","0","","67","2","2020","7","40.010578","-75.148983","2345","6","0","0","0","0","0","0","0","0","","0","0","0","22","3","0","N","0","0","40 00:38.080","","0","75 08:56.340","0","0","0","0","67301","0","0","0","N","0","0","0","1","67301","0","","6.0","","1","N","N","N","0","","0","0","1","0","0","","2200","2","0","0","0","0","0","0","2","0","2","0","0","0","3","03","","N","","","","","","","","","",""
"2020063199","1612","2","0","0","0","0","0","0","0","0","1","0","","67","7","2020","3","39.978145","-75.110701","1559","6","0","0","0","0","0","3","0","0","","0","0","0","15","1","0","N","0","1","39 58:41.323","1","0","75 06:38.524","0","0","0","0","67301","0","0","0","N","0","0","0","4","68K01","0","","1.0","1620.0","1","N","N","N","0","","0","0","2","3","8","N","1556","4","0","0","0","0","0","0","2","0","4","0","0","0","3","03","","N","","","","","","","","","",""
"2020021299","1224","1","0","0","0","0","0","0","0","0","4","0","","67","2","2020","5","39.952757","-75.158106","1223","6","0","0","0","0","0","0","0","0","","0","0","0","12","8","0","","1","0","39 57:09.926","","0","75 09:29.183","0","0","0","0","67301","0","0","0","N","0","0","0","2","67301","0","","1.0","","9","N","N","N","0","","0","0","1","9","2","","1200","2","0","0","0","0","0","0","2","0","2","0","0","0","7","","","N","","","","","","","","","",""
"2020020113","0245","4","0","0","0","0","0","0","0","0","5","0","","67","2","2020","1","39.980911","-75.144575","0239","6","0","0","0","0","0","0","1","0","","0","0","0","2","3","0","N","0","0","39 58:51.280","","0","75 08:40.470","0","0","0","0","67301","0","0","0","N","0","0","0","1","67301","0","","6.0","","1","N","N","N","0","","0","0","1","0","0","","238","5","0","0","0","0","0","0","2","0","5","0","0","0","3","03","","N","","","","","","","","","",""
"2020020184","1705","1","0","0","0","0","0","0","0","0","1","0","","67","2","2020","1","40.032343","-75.169226","1700","6","0","0","0","0","0","0","0","0","","0","0","0","15","1","1","N","2","0","40 01:56.436","","0","75 10:09.214","3","0","0","1","67301","0","0","0","N","0","0","0","2","67301","0","","1.0","","1","N","N","N","0","","1","0","0","3","3","","1530","2","1","0","0","0","0","0","2","0","2","0","0","0","3","03","","N","","","","","","","","","",""
"2020020114","0155","0","0","0","0","0","0","0","0","0","7","0","","67","2","2020","2","39.972903","-75.123675","0150","6","0","0","0","0","0","0","0","0","","0","0","0","1","3","0","N","0","0","39 58:22.450","","0","75 07:25.230","0","0","0","0","67301","0","0","0","N","0","0","0","1","67301","0","","1.0","","1","N","N","N","0","","0","0","1","0","0","","145","1","0","0","0","0","0","0","2","0","1","0","0","0","3","03","","N","","","","","","","","","",""
"2020026423","1828","2","0","0","0","0","0","0","0","0","6","0","","67","3","2020","6","39.981936","-75.238989","1820","6","0","0","0","1","0","1","0","0","","0","0","0","18","1","1","","1","0","39 58:54.968","","0","75 14:20.359","3","0","0","0","67301","0","0","0","N","0","0","0","3","67301","0","","1.0","","1","N","N","N","0","","1","0","1","3","2","","1818","3","1","2","0","0","0","0","2","0","3","0","0","0","3","03","","N","","","","","","","","","",""
"2020021887","2125","1","0","0","0","0","0","0","0","0","7","0","","67","2","2020","5","39.974324","-75.122166","2122","6","0","0","0","0","0","0","0","0","","0","0","0","21","1","0","N","0","0","39 58:27.566","","0","75 07:19.796","0","0","0","0","67301","0","0","0","N","0","0","0","1","67301","0","","4.0","","1","N","N","N","0","","0","0","0","0","0","","2120","1","0","0","0","0","0","0","2","0","1","0","0","0","3","","","N","","","","","","","","","",""
"2020020539","0550","2","0","0","0","0","0","0","0","0","1","0","","67","2","2020","2","39.903951","-75.162296","0550","6","0","0","0","0","0","0","0","0","","0","0","0","5","3","2","","1","1","39 54:14.223","3","0","75 09:44.265","4","0","0","0","67301","0","0","0","N","0","0","0","3","67301","1","","1.0","30.0","1","N","N","N","0","","0","0","0","3","2","N","550","2","2","0","0","0","1","0","2","0","2","0","0","0","3","03","","N","","","","","","","","","",""
"2020020166","0953","2","0","0","0","0","0","0","0","0","4","0","","67","2","2020","2","39.962167","-75.191273","0951","6","0","0","0","0","0","0","0","0","","0","0","0","9","1","0","N","1","0","39 57:43.801","","0","75 11:28.582","0","0","0","0","67301","0","0","0","N","0","0","0","2","67507","0","","1.0","","1","N","N","N","0","","0","0","0","3","2","N","949","2","0","0","0","0","0","0","2","0","2","0","0","0","3","03","","N","","","","","","","","","",""
"2020021261","2133","1","0","0","0","0","0","0","0","0","4","0","","67","2","2020","1","39.950172","-75.243233","2132","6","0","0","0","0","0","0","0","0","","0","0","0","16","1","0","","1","0","39 57:00.619","","0","75 14:35.638","0","0","0","0","67301","0","0","0","N","0","0","0","2","67301","0","","1.0","","99","N","N","N","0","","0","0","1","3","3","","1650","2","0","0","0","0","0","0","2","0","2","0","0","0","99","","","N","","","","","","","","","",""
"2020061374","0350","1","0","0","0","0","0","0","0","0","5","1","","67","7","2020","6","39.960452","-75.181239","0350","6","0","0","0","0","0","0","0","0","","0","1","0","3","3","0","N","7","1","39 57:37.626","4","2","75 10:52.459","0","0","0","0","67301","0","0","0","N","0","0","0","2","68K01","0","","1.0","45.0","9","N","N","N","0","","0","0","0","0","0","N","330","2","0","0","0","0","0","0","2","0","2","0","0","0","7","","","N","","","","","","","","","",""
"2020028097","1726","1","0","0","0","0","0","0","0","0","7","0","","67","3","2020","1","40.049406","-75.081681","1722","6","0","0","0","0","0","0","0","0","","0","0","0","15","1","0","","1","0","40 02:57.861","","0","75 04:54.051","0","0","0","0","67301","0","0","0","N","0","0","0","1","67301","0","","4.0","","1","N","N","N","0","","0","0","0","3","3","","1537","1","0","0","0","0","0","0","2","0","1","0","0","0","3","","","N","","","","","","","","","",""
"2020061514","1554","0","0","0","0","0","0","0","0","0","8","0","","67","8","2020","7","40.046453","-75.158136","1554","6","0","0","0","0","0","0","0","0","","0","0","0","21","3","1","N","0","0","40 02:47.230","","0","75 09:29.290","3","0","0","0","67301","1","0","0","N","1","0","0","1","67301","0","","1.0","","99","N","N","N","0","","1","0","0","0","0","","2100","2","1","0","0","0","0","0","2","0","1","1","0","0","99","","","N","","","","","","","","","",""
"2020020466","1045","1","0","0","0","0","0","0","0","0","4","0","","67","2","2020","1","39.943107","-75.215286","1045","6","0","0","0","0","0","1","0","0","","0","0","0","10","1","3","","1","0","39 56:35.185","","0","75 12:55.029","3","0","0","0","67301","0","0","0","N","0","0","0","5","67301","1","","1.0","","1","N","N","N","0","","2","0","1","3","2","","1009","2","3","1","0","0","0","0","2","0","2","0","0","0","3","03","","N","","","","","","","","","",""
"2020020073","1928","0","0","0","0","0","0","0","0","0","4","0","","67","2","2020","1","39.970586","-75.150867","1922","6","0","0","0","0","0","0","0","0","","0","0","0","19","3","1","","1","0","39 58:14.108","","0","75 09:03.120","3","0","0","0","67301","0","0","0","N","0","0","0","4","67301","0","","1.0","","1","N","N","N","1","","1","0","1","3","3","","1921","2","1","0","0","0","0","2","2","0","2","0","0","0","3","04","","N","","","","","","","","","",""
"2020049953","0854","1","0","0","0","0","0","0","0","0","5","1","","67","6","2020","6","39.980819","-75.15034","0854","6","0","0","0","0","0","0","0","0","","0","1","0","8","1","0","","1","0","39 58:50.948","","0","75 09:01.223","0","0","0","0","67301","0","0","0","N","0","0","0","2","67505","0","","1.0","","1","N","N","N","0","","0","0","0","3","2","","840","2","0","0","0","0","0","0","2","0","2","0","0","0","3","03","","N","","","","","","","","","",""
"2020020306","1631","1","0","0","0","0","0","0","0","0","4","0","","67","2","2020","2","39.975166","-75.15319","1630","6","0","0","0","0","0","1","0","0","","0","0","0","16","1","1","N","1","0","39 58:30.597","","0","75 09:11.484","3","0","0","0","67301","0","0","0","N","0","0","0","3","67505","0","","1.0","","1","N","N","N","0","","1","0","0","3","3","","1622","2","1","0","0","0","0","0","2","1","2","0","0","0","3","03","","N","","","","","","","","","",""
"2020030820","1301","4","0","0","0","0","0","0","0","0","4","0","","67","2","2020","7","39.926745","-75.178404","1301","6","0","0","0","0","0","0","0","0","","0","0","0","12","1","0","","2","0","39 55:36.282","","0","75 10:42.254","0","0","0","0","67301","0","0","0","N","0","0","0","5","67301","0","","1.0","","1","N","N","N","0","","0","0","0","3","3","","1228","4","0","0","0","0","0","0","2","0","4","0","0","0","3","03","","N","","","","","","","","","",""
"2020021919","0644","0","0","0","0","0","0","0","0","0","0","0","","67","2","2020","6","40.025825","-75.194314","0640","6","0","0","0","0","0","0","0","0","","0","0","0","6","1","0","N","0","2","40 01:32.970","1","0","75 11:39.530","0","0","0","0","67301","0","0","0","N","0","0","0","2","67301","0","","1.0","830.0","2","N","N","N","0","","0","0","1","0","0","N","632","1","0","2","0","0","0","0","2","0","1","0","0","0","3","03","","N","","","","","","","","","",""
"2020021600","0010","1","0","0","0","0","0","0","0","0","5","0","","67","2","2020","5","39.958825","-75.155972","0007","6","0","0","0","0","0","0","0","0","","0","0","0","0","3","0","N","0","0","39 57:31.770","","0","75 09:21.500","0","0","0","0","67301","0","0","0","N","0","0","0","1","67301","0","","6.0","","9","N","N","N","0","","0","0","1","0","0","","6","2","0","0","0","0","0","0","2","0","2","0","0","0","7","","","N","","","","","","","","","",""
"2020049938","1210","1","0","0","0","0","0","0","0","0","4","0","","67","6","2020","7","40.047483","-75.142782","1210","6","0","0","0","0","0","0","0","0","","0","0","0","12","1","2","","1","0","40 02:50.940","","0","75 08:34.016","3","0","0","0","67301","0","0","0","N","0","0","0","3","67301","0","","1.0","","1","N","N","N","0","","2","0","1","3","2","","1209","2","2","1","0","0","0","0","2","0","2","0","0","0","3","03","","N","","","","","","","","","",""
"2020003370","2340","0","0","0","0","0","0","0","0","0","1","1","40","67","1","2020","5","40.018257","-75.168786","2330","6","0","0","0","0","0","0","0","0","","0","1","0","23","3","1","","7","2","40 01:05.725","1","0","75 10:07.630","3","0","0","0","67301","0","0","0","N","0","0","0","3","67301","0","","1.0","2350.0","1","N","N","N","0","","1","0","1","2","8","Y","2324","3","1","0","0","0","0","1","2","0","3","0","0","0","3","03","Y","Y","4","1","N","N","N","Y","Y","N","N","N"
"2020022864","1745","1","0","0","0","0","0","0","0","0","5","0","","67","2","2020","6","39.991317","-75.122742","1743","6","0","0","0","0","0","0","0","0","","0","0","0","17","3","0","N","0","0","39 59:28.740","","0","75 07:21.870","0","0","0","0","67301","0","0","0","N","0","0","0","2","67301","0","","1.0","","1","N","N","Y","0","","0","0","1","3","2","","1741","2","0","2","0","0","0","0","2","0","2","0","0","0","3","","","N","","","","","","","","","",""
"2020062116","1605","0","0","0","0","0","0","0","0","0","6","0","","67","7","2020","5","40.039186","-75.033239","1604","6","0","1","0","0","0","0","0","0","","0","0","0","16","1","0","N","0","0","40 02:21.070","","7","75 01:59.660","0","0","0","0","67301","0","0","0","N","0","0","0","1","67301","0","","9.0","","1","N","N","N","0","","0","0","1","0","0","","1601","2","0","0","0","0","0","0","2","0","2","0","0","0","3","03","","N","","","","","","","","","",""
"2020056350","0935","2","0","0","0","0","0","0","0","0","4","0","","67","7","2020","6","40.108166","-74.997116","0935","6","0","0","0","0","0","1","0","0","","0","0","0","9","1","1","","1","1","40 06:29.396","1","0","74 59:49.616","8","0","0","0","67301","0","0","0","N","0","0","0","2","67301","0","","1.0","1000.0","1","N","N","N","0","","0","0","0","9","2","Y","930","2","1","0","0","0","1","1","2","0","2","0","0","0","3","03","","N","","","","","","","","","",""
"2020023923","0039","1","0","0","0","0","0","0","0","0","7","0","","67","2","2020","2","39.981748","-75.101398","0029","6","0","0","0","0","0","1","0","0","","0","0","0","0","3","0","N","0","1","39 58:54.291","1","0","75 06:05.032","0","0","0","0","67301","0","0","0","N","0","0","0","1","68K01","0","","4.0","48.0","1","N","N","N","0","","0","0","0","0","0","N","26","1","0","0","0","0","0","0","2","0","1","0","0","0","3","03","","N","","","","","","","","","",""
"2020030924","1915","0","0","0","0","0","0","0","0","0","1","0","","67","2","2020","7","39.981383","-75.102666","1915","6","0","0","0","0","0","0","0","0","","0","0","0","19","1","1","N","0","1","39 58:52.979","2","0","75 06:09.599","4","0","0","0","67301","0","0","0","N","0","0","0","9","68K01","1","","1.0","1920.0","1","N","N","N","0","","0","0","1","0","0","Y","1915","2","1","0","0","0","0","0","2","1","2","0","0","0","3","","","N","","","","","","","","","",""
"2020022148","1530","2","0","0","0","0","0","0","0","0","1","0","","67","2","2020","5","40.047483","-75.142782","1530","6","0","0","0","0","0","0","1","0","","0","0","0","14","8","0","","1","0","40 02:50.940","","0","75 08:34.016","0","0","0","0","67301","0","0","0","N","0","0","0","2","67301","0","","1.0","","99","N","N","N","0","","0","0","0","9","9","","1445","2","0","0","0","0","0","0","2","0","2","0","0","0","99","98","","N","","","","","","","","","",""
"2020021610","1320","1","0","0","0","0","0","0","0","0","5","0","","67","2","2020","2","40.004667","-75.147678","1320","6","0","0","0","0","0","0","0","0","","0","0","0","11","1","0","N","0","0","40 00:16.800","","0","75 08:51.640","0","0","0","0","67301","0","0","0","N","0","0","0","1","67301","0","","6.0","","1","N","N","N","0","","0","0","0","0","0","","1130","2","0","0","0","0","0","0","2","1","2","0","0","0","3","","","N","","","","","","","","","",""
"2020048717","1715","0","0","0","1","0","0","1","0","0","8","0","","67","5","2020","7","39.957796","-75.160214","1715","6","0","0","0","0","0","1","0","0","","0","0","0","17","1","1","","1","2","39 57:28.064","3","3","75 09:36.770","4","0","0","0","67301","1","0","0","N","0","0","0","3","67301","1","","1.0","100.0","1","N","N","N","0","","0","0","0","3","2","Y","1710","2","1","0","0","0","0","0","2","0","1","1","0","0","3","03","","N","","","","","","","","","",""
"2020089109","2031","1","0","0","0","0","0","0","0","0","98","0","","67","10","2020","1","39.981836","-75.101202","2022","6","0","0","0","0","0","1","0","0","","0","0","0","20","3","1","N","0","0","39 58:54.611","","0","75 06:04.328","3","0","0","0","67301","0","0","0","N","0","0","0","1","68K01","0","","2.0","","9","N","N","N","0","","1","0","0","0","0","","2021","1","1","0","0","0","0","0","2","0","1","0","0","0","7","","","N","","","","","","","","","",""
"2020047145","1749","0","0","0","0","0","0","0","0","0","1","0","","67","6","2020","7","39.909242","-75.149319","1747","6","0","0","0","0","0","0","0","0","","0","0","0","17","1","3","N","0","2","39 54:33.271","2","0","75 08:57.549","3","0","0","0","67301","0","0","0","Y","0","0","0","6","68K01","0","","1.0","30.0","1","N","N","N","0","","3","0","2","0","0","N","1746","2","3","0","0","0","0","0","2","0","2","0","0","0","3","03","","N","","","","","","","","","",""
"2020042432","1318","0","0","0","0","0","0","0","0","0","4","0","","67","5","2020","7","39.942944","-75.226794","1314","6","0","0","0","0","0","0","0","0","","0","0","0","13","1","1","","1","1","39 56:34.598","3","0","75 13:36.458","3","0","0","0","67301","0","0","0","N","0","0","0","2","67301","0","","1.0","30.0","1","N","N","N","0","","1","0","0","0","0","N","1311","2","1","0","0","0","0","1","2","2","2","0","0","0","3","03","","N","","","","","","","","","",""
"2020027715","1013","1","0","0","0","0","0","0","0","0","7","0","","67","2","2020","3","40.024011","-75.151336","1013","6","0","0","0","0","0","1","0","0","","0","0","0","10","1","0","N","0","0","40 01:26.440","","0","75 09:04.810","0","0","0","0","67301","0","0","0","N","0","0","0","1","67301","0","","4.0","","9","N","N","N","0","","0","0","0","0","0","","1005","1","0","0","0","0","0","0","2","0","1","0","0","0","7","04","","N","","","","","","","","","",""
"2020021300","1951","2","0","0","0","0","0","0","0","0","4","0","","67","2","2020","3","40.061325","-75.151142","1951","6","0","0","0","0","0","0","0","0","","0","0","0","19","3","1","","1","0","40 03:40.770","","0","75 09:04.111","3","0","0","0","67301","0","0","0","N","0","0","0","2","67301","0","","1.0","","9","N","N","N","0","","1","0","0","3","2","","1949","2","1","0","0","0","0","0","2","0","2","0","0","0","4","07","","N","","","","","","","","","",""
"2020062084","1744","1","0","0","0","0","0","1","0","0","5","1","","67","8","2020","7","40.053704","-75.186359","1734","6","0","0","0","0","0","0","0","0","","0","0","0","17","1","1","N","0","0","40 03:13.335","","0","75 11:10.894","8","0","0","0","67301","0","0","0","N","0","0","0","3","67508","0","","1.0","","1","N","N","Y","0","","0","0","0","0","0","","1734","2","1","0","0","0","1","0","2","0","2","0","0","0","3","03","","N","","","","","","","","","",""
"2020020840","1125","1","0","0","0","0","0","0","0","0","1","0","","67","2","2020","1","40.014285","-75.17847","1105","6","0","0","0","0","0","1","0","0","","0","0","0","10","1","1","N","0","2","40 00:51.425","1","0","75 10:42.493","3","0","0","0","67301","0","0","0","N","0","0","0","2","67301","0","","1.0","30.0","1","N","N","N","0","","1","0","1","0","0","N","1050","2","1","0","0","0","0","0","2","0","2","0","0","0","3","03","","N","","","","","","","","","",""
"2020063187","1545","1","0","0","0","0","0","0","0","0","0","0","","67","7","2020","1","39.892084","-75.235959","1447","6","0","0","0","0","0","0","0","0","","0","0","0","14","1","0","N","0","2","39 53:31.501","1","0","75 14:09.451","0","0","0","0","67301","0","0","0","N","0","0","0","1","68K01","0","","1.0","1700.0","1","N","N","N","0","","0","0","0","0","0","N","1432","1","0","0","0","0","0","0","2","0","1","0","0","0","3","","","N","","","","","","","","","",""