"CRN","ARRIVAL_TM","AUTOMOBILE_COUNT","BELTED_DEATH_COUNT","BELTED_SUSP_SERIOUS_INJ_COUNT","BICYCLE_COUNT","BICYCLE_DEATH_COUNT","BICYCLE_SUSP_SERIOUS_INJ_COUNT","BUS_COUNT","CHLDPAS_DEATH_COUNT","CHLDPAS_SUSP_SERIOUS_INJ_COUNT","COLLISION_TYPE","COMM_VEH_COUNT","CONS_ZONE_SPD_LIM","COUNTY","CRASH_MONTH","CRASH_YEAR","DAY_OF_WEEK","DEC_LATITUDE","DEC_LONGITUDE","DISPATCH_TM","DISTRICT","DRIVER_COUNT_16YR","DRIVER_COUNT_17YR","DRIVER_COUNT_18YR","DRIVER_COUNT_19YR","DRIVER_COUNT_20YR","DRIVER_COUNT_50_64YR","DRIVER_COUNT_65_74YR","DRIVER_COUNT_75PLUS","EST_HRS_CLOSED","FATAL_COUNT","HEAVY_TRUCK_COUNT","HORSE_BUGGY_COUNT","HOUR_OF_DAY","ILLUMINATION","INJURY_COUNT","INTERSECTION_RELATED","INTERSECT_TYPE","LANE_CLOSED","LATITUDE","LN_CLOSE_DIR","LOCATION_TYPE","LONGITUDE","MAX_SEVERITY_LEVEL","MCYCLE_DEATH_COUNT","MCYCLE_SUSP_SERIOUS_INJ_COUNT","MOTORCYCLE_COUNT","MUNICIPALITY","NONMOTR_COUNT","NONMOTR_DEATH_COUNT","NONMOTR_SUSP_SERIOUS_INJ_COUNT","NTFY_HIWY_MAINT","PED_COUNT","PED_DEATH_COUNT","PED_SUSP_SERIOUS_INJ_COUNT","PERSON_COUNT","POLICE_AGCY","POSSIBLE_INJ_COUNT","RDWY_SURF_TYPE_CD","RELATION_TO_ROAD","ROADWAY_CLEARED","ROAD_CONDITION","SCH_BUS_IND","SCH_ZONE_IND","SECONDARY_CRASH","SMALL_TRUCK_COUNT","SPEC_JURIS_CD","SUSP_MINOR_INJ_COUNT","SUSP_SERIOUS_INJ_COUNT","SUV_COUNT","TCD_FUNC_CD","TCD_TYPE","TFC_DETOUR_IND","TIME_OF_DAY","TOTAL_UNITS","TOT_INJ_COUNT","UNBELTED_OCC_COUNT","UNB_DEATH_COUNT","UNB_SUSP_SERIOUS_INJ_COUNT","UNK_INJ_DEG_COUNT","UNK_INJ_PER_COUNT","URBAN_RURAL","VAN_COUNT","VEHICLE_COUNT","VULNERABLE_ROAD_USER_COUNT","VULNERABLE_ROAD_USER_DEATH_COUNT","VULNERABLE_ROAD_USER_SER_INJ_COUNT","WEATHER1","WEATHER2","WORKERS_PRES","WORK_ZONE_IND","WORK_ZONE_LOC","WORK_ZONE_TYPE","WZ_CLOSE_DETOUR","WZ_FLAGGER","WZ_LAW_OFFCR_IND","WZ_LN_CLOSURE","WZ_MOVING","WZ_OTHER","WZ_SHLDER_MDN","WZ_WORKERS_INJ_KILLED"
"2020023174","2340","1","0","0","0","0","0","0","0","0","4","0","","67","2","2020","7","39.989063","-75.089618","2335","6","0","0","0","0","0","0","1","0","","0","0","0","22","3","0","","1","0","39 59:20.627","","0","75 05:22.626","0","0","0","0","67301","0","0","0","N","0","0","0","3","67301","0","","1.0","","1","N","N","N","0","","0","0","1","3","2","","2250","2","0","0","0","0","0","0","2","0","2","0","0","0","3","03","","N","","","","","","","","","",""
"2020062943","2159","2","0","0","0","0","0","0","0","0","5","0","","67","8","2020","3","39.954593","-75.225995","2156","6","0","0","1","0","0","0","0","0","","0","0","0","21","3","3","","2","0","39 57:16.533","","0","75 13:33.583","3","0","0","0","67301","0","0","0","N","0","0","0","4","67301","0","","1.0","","1","N","N","N","0","","3","0","0","2","2","","2153","2","3","0","0","0","0","0","2","0","2","0","0","0","3","03","","N","","","","","","","","","",""
"2020061554","0133","2","0","0","0","0","0","0","0","0","4","0","","67","8","2020","7","39.986137","-75.12153","0133","6","0","0","0","0","0","0","0","0","","0","1","0","1","3","0","","1","0","39 59:10.094","","0","75 07:17.509","0","0","0","0","67301","0","0","0","N","0","0","0","1","67301","0","","1.0","","1","N","N","N","0","","0","0","0","0","0","","130","3","0","0","0","0","0","0","2","0","3","0","0","0","3","03","","N","","","","","","","","","",""
"2020020864","0801","1","0","0","0","0","0","0","0","0","4","0","","67","2","2020","3","40.096578","-74.975296","0800","6","0","0","0","0","0","0","0","0","","0","0","0","7","1","1","N","0","0","40 05:47.680","","7","74 58:31.065","3","0","0","0","67301","0","0","0","N","0","0","0","2","67301","0","","1.0","","1","N","N","N","0","","1","0","1","0","0","","758","2","1","0","0","0","0","0","2","0","2","0","0","0","4","04","","N","","","","","","","","","",""
"2020020544","0914","1","0","0","0","0","0","0","0","0","1","0","","67","2","2020","2","40.054936","-75.149664","0901","6","0","0","0","0","0","0","0","0","","0","0","0","8","1","0","N","0","0","40 03:17.770","","0","75 08:58.790","0","0","0","0","67301","0","0","0","N","0","0","0","2","67301","0","","1.0","","1","N","N","N","0","","0","0","0","9","7","","825","2","0","0","0","0","0","0","2","1","2","0","0","0","3","","","N","","","","","","","","","",""
"2020022412","2101","0","0","0","0","0","0","0","0","0","7","0","","67","2","2020","7","40.043093","-75.044855","2101","6","0","0","0","0","0","0","0","0","","0","0","0","21","3","1","","2","0","40 02:35.134","","0","75 02:41.478","4","0","0","1","67301","0","0","0","N","0","0","0","1","67301","1","","1.0","","1","N","N","N","0","","0","0","0","3","2","","2101","1","1","0","0","0","0","0","2","0","1","0","0","0","3","","","N","","","","","","","","","",""
"2020023840","1657","0","0","0","0","0","0","0","0","0","8","0","","67","2","2020","4","39.952785","-75.16685","1654","6","0","0","0","0","0","1","0","0","","0","0","0","16","1","1","","1","0","39 57:10.026","","0","75 10:00.660","3","0","0","0","67301","1","0","0","N","1","0","0","2","67301","0","","1.0","","1","N","N","N","0","","1","0","0","3","2","","1630","2","1","0","0","0","0","0","2","1","1","1","0","0","3","04","","N","","","","","","","","","",""
"2020020188","0151","0","0","0","0","0","0","0","0","0","4","0","","67","2","2020","1","39.954579","-75.225998","0149","6","0","0","1","0","0","0","0","0","","0","0","0","1","3","2","","1","0","39 57:16.485","","0","75 13:33.593","8","0","0","0","67301","0","0","0","N","0","0","0","3","67301","0","","1.0","","1","N","N","N","0","","0","0","1","3","2","","149","2","2","0","0","0","2","0","2","0","2","0","0","0","3","03","","N","","","","","","","","","",""
"2020002420","1522","2","0","0","0","0","0","0","0","0","1","0","","67","1","2020","7","39.928458","-75.181853","1519","6","0","0","0","0","0","0","0","0","","0","0","0","14","1","0","N","0","0","39 55:42.450","","0","75 10:54.670","9","0","0","0","67301","0","0","0","N","0","0","0","1","67301","0","","1.0","","9","N","N","N","1","","0","0","1","0","0","","1450","4","0","0","0","0","0","1","2","0","4","0","0","0","7","04","","N","","","","","","","","","",""
"2020022147","2028","3","0","0","0","0","0","0","0","0","4","0","","67","2","2020","4","40.040156","-75.214146","2022","6","0","0","0","0","0","0","0","0","","0","0","0","20","3","2","","2","1","40 02:24.561","2","0","75 12:50.924","3","0","0","0","67301","0","0","0","N","0","0","0","4","67301","0","","1.0","2100.0","9","N","N","N","0","","2","0","0","3","2","N","2015","3","2","0","0","0","0","0","2","0","3","0","0","0","7","07","","N","","","","","","","","","",""
"2020063190","0528","0","0","0","0","0","0","0","0","0","5","1","","67","7","2020","2","39.967256","-75.132486","0521","6","0","0","0","0","0","2","0","0","","0","1","0","5","3","0","N","0","0","39 58:02.120","","0","75 07:56.949","0","0","0","0","67301","0","0","0","N","0","0","0","2","68K01","0","","1.0","","1","N","N","N","0","","0","0","1","0","0","","519","2","0","0","0","0","0","0","2","0","2","0","0","0","3","","","N","","","","","","","","","",""
"2020027613","0805","1","0","0","0","0","0","0","0","0","1","0","55","67","2","2020","5","39.971544","-75.123072","0800","6","0","0","0","0","0","2","0","0","","0","0","0","7","1","0","N","0","1","39 58:17.560","1","0","75 07:23.059","0","0","0","0","67301","0","0","0","N","0","0","0","6","68K01","0","","1.0","920.0","1","N","N","N","0","","0","0","1","0","0","N","759","3","0","2","0","0","0","0","2","1","3","0","0","0","4","04","Y","Y","4","1","N","N","N","N","N","N","Y","N"
"2020022145","0740","1","0","0","0","0","0","0","0","0","4","0","","67","2","2020","7","40.029975","-75.104343","0736","6","0","0","0","0","0","1","0","0","","0","0","0","7","1","1","","1","1","40 01:47.909","2","0","75 06:15.634","3","0","0","0","67301","0","0","0","N","0","0","0","3","67301","0","","1.0","815.0","1","N","N","N","1","","1","0","0","3","2","N","733","2","1","0","0","0","0","0","2","0","2","0","0","0","3","","","N","","","","","","","","","",""
"2020021623","1955","1","0","0","0","0","0","0","0","0","7","0","","67","2","2020","1","39.911833","-75.168028","1952","6","0","0","0","0","0","0","1","0","","0","0","0","19","3","0","N","0","1","39 54:42.600","4","0","75 10:04.900","0","0","0","0","67301","0","0","0","N","0","0","0","1","67501","0","","3.0","2012.0","1","N","N","N","0","","0","0","0","0","0","N","1949","1","0","0","0","0","0","0","2","0","1","0","0","0","3","03","","N","","","","","","","","","",""
"2020021606","2243","1","0","0","0","0","0","0","0","0","4","0","","67","2","2020","3","40.029254","-75.105224","2243","6","0","0","0","0","0","0","0","0","","0","0","0","22","3","1","","3","0","40 01:45.316","","0","75 06:18.807","3","0","0","0","67301","0","0","0","N","0","0","0","2","67301","0","","1.0","","9","N","N","N","0","","1","0","0","3","2","","2215","2","1","1","0","0","0","1","2","1","2","0","0","0","3","03","","N","","","","","","","","","",""
"2020063229","0605","1","0","0","0","0","0","0","0","0","1","0","","67","8","2020","3","39.959828","-75.177448","0555","6","0","0","0","0","0","1","0","0","","0","0","0","5","1","1","N","0","0","39 57:35.382","","0","75 10:38.814","8","0","0","0","67301","0","0","0","N","0","0","0","3","68K01","0","","5.0","","9","N","N","N","0","","0","0","2","0","0","","555","3","1","0","0","0","1","0","2","0","3","0","0","0","7","04","","N","","","","","","","","","",""
"2020087433","0105","1","0","0","0","0","0","0","0","0","5","0","","67","10","2020","4","39.970445","-75.125347","0032","6","0","0","0","0","0","1","0","0","","0","0","0","0","3","0","N","0","2","39 58:13.601","2","0","75 07:31.249","0","0","0","0","67301","0","0","0","N","0","0","0","2","68K01","0","","1.0","145.0","1","N","N","N","0","","0","0","1","0","0","N","30","2","0","0","0","0","0","0","2","0","2","0","0","0","3","03","","N","","","","","","","","","",""
"2020044511","1321","0","0","0","1","0","0","0","0","0","8","0","","67","6","2020","1","40.04292","-75.1722","1321","6","0","0","0","0","0","0","1","0","","0","0","0","13","1","1","","1","0","40 02:34.511","","0","75 10:19.920","3","0","0","0","67301","1","0","0","N","0","0","0","2","67301","0","","1.0","","1","N","N","N","0","","1","0","1","3","2","","1321","2","1","0","0","0","0","0","2","0","1","1","0","0","3","03","","N","","","","","","","","","",""
"2020021598","2050","1","0","0","0","0","0","0","0","0","1","0","","67","2","2020","3","39.904347","-75.196816","2032","6","0","0","0","0","0","0","1","0","","0","0","0","20","3","1","N","0","1","39 54:15.648","3","0","75 11:48.539","3","0","0","0","67301","0","0","0","N","0","0","0","2","67301","0","","1.0","2100.0","9","N","N","N","0","","1","0","1","0","0","N","2025","2","1","0","0","0","0","0","2","0","2","0","0","0","4","04","","N","","","","","","","","","",""
"2020022056","1840","1","0","0","0","0","0","0","0","0","1","0","","67","2","2020","6","40.011746","-75.076091","1835","6","0","1","0","0","0","0","0","0","","0","0","0","18","3","1","","2","0","40 00:42.286","","0","75 04:33.927","4","0","0","0","67301","0","0","0","N","0","0","0","4","67301","1","","1.0","","1","N","N","N","1","","0","0","0","0","0","","1826","3","1","0","0","0","0","0","2","1","3","0","0","0","3","","","N","","","","","","","","","",""
"2020022635","0015","2","0","0","0","0","0","0","0","0","5","0","","67","2","2020","6","39.980083","-75.137283","0015","6","0","0","0","0","0","1","0","0","","0","0","0","23","3","1","N","0","2","39 58:48.300","2","0","75 08:14.220","8","0","0","0","67301","0","0","0","N","0","0","0","1","67301","0","","6.0","53.0","1","N","N","N","0","","0","0","0","0","0","Y","2335","2","1","0","0","0","1","0","2","0","2","0","0","0","3","03","","N","","","","","","","","","",""
"2020021636","0624","0","0","0","0","0","0","0","0","0","4","0","","67","2","2020","4","39.902701","-75.15224","0602","6","0","0","0","0","0","0","0","0","","0","0","0","6","3","0","","2","1","39 54:09.725","2","0","75 09:08.064","0","0","0","0","67301","0","0","0","N","0","0","0","2","67301","0","","1.0","708.0","1","N","N","N","0","","0","0","2","3","2","N","600","2","0","2","0","0","0","0","2","0","2","0","0","0","3","03","","N","","","","","","","","","",""
"2020062685","0024","0","0","0","0","0","0","0","0","0","8","0","","67","8","2020","1","39.921969","-75.222031","0022","6","0","0","0","0","0","0","0","0","","0","0","0","0","3","1","N","0","0","39 55:19.090","","0","75 13:19.310","3","0","0","0","67301","1","0","0","N","1","0","0","1","67301","0","","1.0","","1","N","N","N","0","","1","0","0","0","0","","21","2","1","0","0","0","0","0","2","0","1","1","0","0","3","98","","N","","","","","","","","","",""
"2020022409","0109","0","0","0","0","0","0","0","0","0","7","0","","67","3","2020","1","39.95765","-75.162207","1258","6","0","0","0","0","0","1","0","0","","0","0","0","0","3","1","N","0","0","39 57:27.540","","0","75 09:43.944","3","0","0","0","67301","0","0","0","N","0","0","0","1","67301","0","","1.0","","1","N","N","N","0","","1","0","0","3","2","","57","1","1","0","0","0","0","0","2","1","1","0","0","0","3","03","","N","","","","","","","","","",""
"2020020930","0220","0","0","0","0","0","0","0","0","0","4","0","","67","2","2020","4","40.033289","-75.076963","0115","6","0","0","0","0","0","0","0","0","","0","0","0","1","3","0","N","0","0","40 01:59.840","","6","75 04:37.067","0","0","0","0","67301","0","0","0","N","0","0","0","2","67301","0","","1.0","","1","N","N","N","1","","0","0","1","0","0","","115","2","0","2","0","0","0","0","2","0","2","0","0","0","3","03","","N","","","","","","","","","",""
"2020020871","0113","2","0","0","0","0","0","0","0","0","4","0","","67","2","2020","3","40.020398","-75.140103","0110","6","0","0","1","0","0","0","0","0","","0","0","0","1","3","6","","1","0","40 01:13.432","","0","75 08:24.370","3","0","0","0","67301","0","0","0","N","0","0","0","8","67301","4","","1.0","","1","N","N","N","0","","2","0","0","0","0","","105","2","6","0","0","0","0","0","2","0","2","0","0","0","3","03","","N","","","","","","","","","",""
"2020042307","0902","1","0","0","0","0","0","0","0","0","4","0","","67","5","2020","5","40.048305","-75.011604","0858","6","0","0","0","0","0","1","0","0","","0","0","0","8","1","1","","1","0","40 02:53.898","","0","75 00:41.774","3","0","0","0","67301","0","0","0","N","0","0","0","2","67301","0","","1.0","","1","N","N","N","0","","1","0","1","3","3","","857","2","1","0","0","0","0","0","2","0","2","0","0","0","4","04","","N","","","","","","","","","",""
"2020041554","1731","0","0","0","0","0","0","0","0","0","4","0","","67","5","2020","3","39.996718","-75.115468","1731","6","0","0","0","0","0","1","0","0","","0","0","0","17","1","2","","1","2","39 59:48.185","7","0","75 06:55.684","3","0","0","1","67301","0","0","0","N","0","0","0","2","67301","0","","1.0","1909.0","1","N","N","N","0","","2","0","1","3","2","Y","1725","2","2","0","0","0","0","0","2","0","2","0","0","0","3","03","","N","","","","","","","","","",""
"2020022149","1705","1","0","0","0","0","0","0","0","0","4","0","","67","2","2020","5","40.030431","-75.153103","1704","6","0","0","0","0","0","0","0","0","","0","0","0","17","1","0","N","0","0","40 01:49.550","","0","75 09:11.170","0","0","0","0","67301","0","0","0","N","0","0","0","3","67301","0","","1.0","","1","N","N","N","0","","0","0","1","0","0","","1700","2","0","0","0","0","0","0","2","0","2","0","0","0","3","10","","N","","","","","","","","","",""
"2020048100","1911","1","0","0","0","0","0","0","0","0","8","0","","67","5","2020","7","39.946999","-75.164828","1910","6","0","0","0","0","0","0","0","0","","0","0","0","23","3","1","","1","0","39 56:49.197","","0","75 09:53.381","8","0","0","0","67301","1","0","0","N","0","0","0","2","67301","0","","1.0","","1","N","N","N","0","","0","0","0","3","2","","2310","2","1","0","0","0","1","0","2","0","1","1","0","0","3","","","N","","","","","","","","","",""
"2020021259","0853","0","0","0","0","0","0","0","0","0","8","0","","67","2","2020","4","40.058043","-75.233643","0851","6","0","0","0","0","0","0","1","0","","0","0","0","8","1","1","","1","0","40 03:28.953","","0","75 14:01.113","8","0","0","0","67301","1","0","0","N","1","0","0","2","67301","0","","1.0","","9","N","N","N","0","","0","0","1","3","2","","850","2","1","1","0","0","1","0","2","0","1","1","0","0","4","05","","N","","","","","","","","","",""
"2020023924","0237","1","0","0","0","0","0","0","0","0","7","0","","67","2","2020","2","39.967313","-75.188574","0236","6","0","0","0","0","0","0","0","0","","0","0","0","2","2","1","N","0","2","39 58:02.326","4","0","75 11:18.867","4","0","0","0","67301","0","0","0","N","0","0","0","2","68K01","1","","4.0","30.0","1","N","N","N","0","","0","0","1","0","0","N","234","2","1","0","0","0","0","0","2","0","2","0","0","0","3","03","","N","","","","","","","","","",""
"2020014824","1604","1","0","0","0","0","0","0","0","0","5","0","","67","2","2020","6","39.973593","-75.226237","1604","6","0","0","0","0","0","0","0","0","","0","0","0","15","1","0","N","0","0","39 58:24.934","","0","75 13:34.453","0","0","0","0","67301","0","0","0","N","0","0","0","1","67301","0","","1.0","","9","N","N","N","0","","0","0","1","0","0","","1506","3","0","0","0","0","0","0","2","1","3","0","0","0","7","04","","N","","","","","","","","","",""
"2020014346","0405","0","0","0","0","0","0","0","0","0","98","0","","67","2","2020","3","39.892769","-75.222915","0401","6","0","0","0","0","0","1","0","0","","0","0","0","3","6","0","N","0","0","39 53:33.969","","3","75 13:22.493","0","0","0","0","67301","0","0","0","N","0","0","0","1","67301","0","","1.0","","1","N","N","N","0","","0","0","1","9","9","","345","1","0","0","0","0","0","0","2","0","1","0","0","0","3","03","","N","","","","","","","","","",""
"2020014479","0944","3","0","0","0","0","0","0","0","0","1","0","","67","2","2020","4","40.034287","-75.074553","0936","6","0","0","0","0","0","0","0","0","","0","0","0","9","1","1","N","0","0","40 02:03.434","","0","75 04:28.389","3","0","0","0","67301","0","0","0","N","0","0","0","4","67301","0","","1.0","","1","N","N","N","0","","1","0","1","3","2","","934","4","1","0","0","0","0","0","2","0","4","0","0","0","3","03","","N","","","","","","","","","",""
"2020013583","0543","1","0","0","0","0","0","0","0","0","4","0","","67","2","2020","3","39.977583","-75.125956","0541","6","0","0","0","0","0","0","0","0","","0","0","0","5","3","0","","1","0","39 58:39.298","","0","75 07:33.440","0","0","0","0","67301","0","0","0","N","0","0","0","2","67301","0","","1.0","","9","N","N","Y","0","","0","0","2","3","3","","530","3","0","1","0","0","0","0","2","0","3","0","0","0","7","","","N","","","","","","","","","",""
"2020061877","2029","1","0","0","0","0","0","0","0","0","4","0","","67","7","2020","6","39.989461","-75.126108","2027","6","0","0","0","0","0","0","0","0","","0","0","0","20","1","1","N","0","2","39 59:22.060","5","0","75 07:33.990","8","0","0","0","67301","0","0","0","N","0","0","0","2","67301","0","","6.0","2030.0","1","N","N","N","0","","0","0","1","0","0","U","2026","2","1","0","0","0","1","0","2","0","2","0","0","0","3","","","N","","","","","","","","","",""
"2020021963","1318","0","0","0","0","0","0","0","0","0","7","0","","67","2","2020","4","40.022092","-75.153372","1317","6","0","0","0","0","0","0","0","0","","0","0","0","13","1","1","","1","2","40 01:19.530","3","0","75 09:12.140","3","0","0","0","67301","0","0","0","N","0","0","0","1","67301","0","","4.0","10.0","1","N","N","N","0","","1","0","1","3","3","Y","1315","1","1","0","0","0","0","0","2","0","1","0","0","0","4","","","N","","","","","","","","","",""
"2020054821","1537","1","0","0","0","0","0","0","0","0","2","0","","67","7","2020","3","40.022372","-75.133586","1537","6","0","0","0","0","0","0","0","0","","0","0","0","13","1","1","N","0","0","40 01:20.540","","0","75 08:00.910","8","0","0","0","67301","0","0","0","N","0","0","0","2","67301","0","","1.0","","1","N","N","N","0","","0","0","0","0","0","","1320","2","1","0","0","0","1","1","2","0","2","0","0","0","3","","","N","","","","","","","","","",""
"2020019877","0329","2","0","0","0","0","0","0","0","0","5","0","","67","2","2020","1","39.975969","-75.1455","0322","6","0","0","0","0","1","0","0","0","","0","0","0","3","2","0","N","0","0","39 58:33.490","","0","75 08:43.800","0","0","0","0","67301","0","0","0","N","0","0","0","1","67301","0","","6.0","","1","N","N","N","0","","0","0","1","0","0","","315","3","0","0","0","0","0","0","2","0","3","0","0","0","3","03","","N","","","","","","","","","",""
"2020021611","1830","2","0","0","0","0","0","0","0","0","4","0","","67","2","2020","3","40.00548","-75.146585","1828","6","0","0","0","0","0","0","0","0","","0","0","0","18","3","1","N","1","0","40 00:19.727","","0","75 08:47.706","3","0","0","0","67301","0","0","0","N","0","0","0","2","67301","0","","1.0","","9","N","N","N","0","","1","0","0","9","9","","1828","2","1","0","0","0","0","0","2","0","2","0","0","0","7","07","","N","","","","","","","","","",""
"2020023144","1645","2","0","0","0","0","0","0","0","0","5","0","","67","2","2020","5","39.920872","-75.224365","1644","6","0","0","0","0","0","1","0","1","","0","0","0","16","1","2","N","0","0","39 55:15.139","","0","75 13:27.714","3","0","0","0","67301","0","0","0","N","0","0","0","3","67301","1","","1.0","","1","N","N","N","0","","1","0","0","3","2","","1602","2","2","0","0","0","0","0","2","0","2","0","0","0","3","03","","N","","","","","","","","","",""
"2020021604","1300","0","0","0","0","0","0","0","0","0","8","0","","67","2","2020","3","39.948378","-75.16575","1230","6","0","0","0","0","0","0","0","0","","0","0","0","12","1","1","N","0","0","39 56:54.160","","0","75 09:56.700","3","0","0","0","67301","1","0","0","N","1","0","0","2","67301","0","","1.0","","1","N","N","N","0","","1","0","1","0","0","","1230","2","1","0","0","0","0","0","2","0","1","1","0","0","3","03","","N","","","","","","","","","",""
"2020023212","2150","1","0","0","0","0","0","0","0","0","2","0","","67","3","2020","1","40.015299","-75.208067","2138","6","0","0","0","0","0","0","0","0","","0","0","0","21","3","1","N","0","1","40 00:55.075","1","0","75 12:29.042","8","0","0","0","67301","0","0","0","N","0","0","0","2","67301","0","","1.0","2315.0","1","N","N","N","1","","0","0","0","0","0","N","2137","2","1","0","0","0","1","0","2","0","2","0","0","0","3","03","","N","","","","","","","","","",""
"2020025172","1612","2","0","0","0","0","0","0","0","0","1","0","","67","2","2020","6","39.95941","-75.174104","1550","6","0","0","0","0","0","0","0","0","","0","0","0","15","1","1","N","0","1","39 57:33.876","4","0","75 10:26.776","3","0","0","0","67301","0","0","0","N","0","0","0","2","68K01","0","","1.0","1700.0","1","N","N","N","0","","1","0","0","0","0","N","1548","2","1","1","0","0","0","0","2","0","2","0","0","0","3","03","","N","","","","","","","","","",""
"2020035998","0618","1","0","0","0","0","0","0","0","0","7","0","","67","4","2020","5","39.964537","-75.134391","0614","6","0","0","0","0","0","0","0","0","","0","0","0","6","1","1","","3","0","39 57:52.333","","0","75 08:03.809","8","0","0","0","67301","0","0","0","N","0","0","0","1","67301","0","","3.0","","1","N","N","N","0","","0","0","0","0","0","","610","1","1","0","0","0","1","0","2","0","1","0","0","0","4","03","","N","","","","","","","","","",""
"2020041391","1035","0","0","0","0","0","0","0","0","0","1","0","","67","5","2020","7","40.004654","-75.195879","1033","6","0","0","0","0","0","0","0","0","","0","0","0","10","1","1","N","0","0","40 00:16.756","","2","75 11:45.164","3","0","0","0","67301","0","0","0","N","0","0","0","3","68K01","0","","1.0","","1","N","N","N","0","","1","0","2","3","3","","1031","2","1","1","0","0","0","0","2","0","2","0","0","0","3","","","N","","","","","","","","","",""
"2020042379","1243","2","0","0","0","0","0","0","0","0","4","0","","67","5","2020","5","40.021538","-75.139814","1234","6","0","0","0","0","0","1","0","0","","0","0","0","12","1","0","","1","0","40 01:17.537","","0","75 08:23.331","0","0","0","0","67301","0","0","0","N","0","0","0","3","67301","0","","1.0","","9","N","N","N","0","","0","0","0","3","2","","1204","2","0","0","0","0","0","0","2","0","2","0","0","0","7","04","","N","","","","","","","","","",""
"2020081963","0459","1","0","0","0","0","0","0","0","0","1","0","","67","9","2020","1","39.977136","-75.199646","0453","6","0","0","0","0","0","0","0","0","","0","0","0","4","3","0","N","0","1","39 58:37.690","3","0","75 11:58.725","9","0","0","0","67301","0","0","0","N","0","0","0","2","68K01","0","","1.0","510.0","9","N","N","N","0","","0","0","0","0","0","N","451","2","0","0","0","0","0","1","2","0","2","0","0","0","7","07","","N","","","","","","","","","",""
"2020083557","0830","2","0","0","0","0","0","0","0","0","4","0","","67","10","2020","3","39.917108","-75.173002","0820","6","0","0","0","0","0","0","0","0","","0","0","0","8","1","2","","1","0","39 55:01.589","","0","75 10:22.807","3","0","0","0","67301","0","0","0","N","0","0","0","2","67301","1","","1.0","","1","N","N","N","0","","1","0","0","3","2","","815","2","2","0","0","0","0","0","2","0","2","0","0","0","3","03","","N","","","","","","","","","",""
"2020039939","1622","2","0","0","0","0","0","0","0","0","4","0","","67","5","2020","3","39.918566","-75.228271","1621","6","0","0","0","0","0","1","0","0","","0","0","0","16","1","1","","1","0","39 55:06.839","","0","75 13:41.777","3","0","0","0","67301","0","0","0","N","0","0","0","3","67301","0","","1.0","","1","N","N","N","0","","1","0","0","3","3","","1617","2","1","0","0","0","0","0","2","0","2","0","0","0","3","03","","N","","","","","","","","","",""
"2020063215","1218","2","0","0","0","0","0","0","0","0","1","0","","67","8","2020","7","39.980934","-75.206488","1213","6","0","0","0","0","0","0","0","0","","0","0","0","12","1","1","N","0","0","39 58:51.361","","0","75 12:23.357","3","0","0","0","67301","0","0","0","N","0","0","0","2","68K01","0","","1.0","","1","N","N","N","0","","1","0","0","0","0","","1212","2","1","0","0","0","0","0","2","0","2","0","0","0","3","","","N","","","","","","","","","",""
"2020023136","0255","2","0","0","0","0","0","0","0","0","4","0","","67","3","2020","1","40.084453","-75.038374","0252","6","0","0","0","0","0","0","0","0","","0","0","0","2","3","0","","1","0","40 05:04.029","","0","75 02:18.148","0","0","0","0","67301","0","0","0","N","0","0","0","2","67301","0","","1.0","","1","N","N","N","0","","0","0","0","3","2","","250","2","0","0","0","0","0","0","2","0","2","0","0","0","3","","","N","","","","","","","","","",""
"2020063208","1915","1","0","0","0","0","0","0","0","0","5","1","","67","7","2020","5","40.046043","-75.001735","1912","6","0","0","0","1","0","0","0","0","","0","1","0","19","1","1","N","0","2","40 02:45.756","2","0","75 00:06.246","3","0","0","0","67301","0","0","0","N","0","0","0","3","68K01","0","","1.0","45.0","1","N","N","N","0","","1","0","1","0","0","N","1909","3","1","0","0","0","0","1","2","0","3","0","0","0","3","","","N","","","","","","","","","",""
"2020041753","1656","1","0","0","0","0","0","0","0","0","4","0","","67","5","2020","4","40.059549","-75.080487","1649","6","0","0","0","1","0","0","0","0","","0","0","0","16","1","1","","1","0","40 03:34.377","","0","75 04:49.754","3","0","0","1","67301","0","0","0","N","0","0","0","2","67301","0","","1.0","","1","N","N","N","0","","1","0","0","3","2","","1649","2","1","0","0","0","0","0","2","0","2","0","0","0","4","","","N","","","","","","","","","",""
"2020084248","1938","0","0","0","0","0","0","0","0","0","8","0","","67","10","2020","7","40.018708","-75.158997","1933","6","0","0","0","0","0","0","0","0","","0","0","0","19","3","1","N","0","0","40 01:07.350","","0","75 09:32.390","8","0","0","0","67301","1","0","0","N","1","0","0","1","67301","0","","1.0","","1","N","N","N","0","","0","0","0","0","0","","1932","2","1","0","0","0","1","0","2","0","1","1","0","0","3","","","N","","","","","","","","","",""
"2020038097","1616","0","0","0","1","0","0","0","0","0","8","0","","67","2","2020","3","40.003925","-75.099906","1612","6","0","0","0","0","0","0","0","0","","0","0","0","16","1","1","N","0","0","40 00:14.130","","0","75 05:59.660","3","0","0","0","67301","1","0","0","N","0","0","0","2","67301","0","","1.0","","1","N","N","N","0","","1","0","0","0","0","","1600","2","1","1","0","0","0","0","2","1","1","1","0","0","3","03","","N","","","","","","","","","",""