"CRN","ARRIVAL_TM","AUTOMOBILE_COUNT","BELTED_DEATH_COUNT","BELTED_SUSP_SERIOUS_INJ_COUNT","BICYCLE_COUNT","BICYCLE_DEATH_COUNT","BICYCLE_SUSP_SERIOUS_INJ_COUNT","BUS_COUNT","CHLDPAS_DEATH_COUNT","CHLDPAS_SUSP_SERIOUS_INJ_COUNT","COLLISION_TYPE","COMM_VEH_COUNT","CONS_ZONE_SPD_LIM","COUNTY","CRASH_MONTH","CRASH_YEAR","DAY_OF_WEEK","DEC_LATITUDE","DEC_LONGITUDE","DISPATCH_TM","DISTRICT","DRIVER_COUNT_16YR","DRIVER_COUNT_17YR","DRIVER_COUNT_18YR","DRIVER_COUNT_19YR","DRIVER_COUNT_20YR","DRIVER_COUNT_50_64YR","DRIVER_COUNT_65_74YR","DRIVER_COUNT_75PLUS","EST_HRS_CLOSED","FATAL_COUNT","HEAVY_TRUCK_COUNT","HORSE_BUGGY_COUNT","HOUR_OF_DAY","ILLUMINATION","INJURY_COUNT","INTERSECTION_RELATED","INTERSECT_TYPE","LANE_CLOSED","LATITUDE","LN_CLOSE_DIR","LOCATION_TYPE","LONGITUDE","MAX_SEVERITY_LEVEL","MCYCLE_DEATH_COUNT","MCYCLE_SUSP_SERIOUS_INJ_COUNT","MOTORCYCLE_COUNT","MUNICIPALITY","NONMOTR_COUNT","NONMOTR_DEATH_COUNT","NONMOTR_SUSP_SERIOUS_INJ_COUNT","NTFY_HIWY_MAINT","PED_COUNT","PED_DEATH_COUNT","PED_SUSP_SERIOUS_INJ_COUNT","PERSON_COUNT","POLICE_AGCY","POSSIBLE_INJ_COUNT","RDWY_SURF_TYPE_CD","RELATION_TO_ROAD","ROADWAY_CLEARED","ROAD_CONDITION","SCH_BUS_IND","SCH_ZONE_IND","SECONDARY_CRASH","SMALL_TRUCK_COUNT","SPEC_JURIS_CD","SUSP_MINOR_INJ_COUNT","SUSP_SERIOUS_INJ_COUNT","SUV_COUNT","TCD_FUNC_CD","TCD_TYPE","TFC_DETOUR_IND","TIME_OF_DAY","TOTAL_UNITS","TOT_INJ_COUNT","UNBELTED_OCC_COUNT","UNB_DEATH_COUNT","UNB_SUSP_SERIOUS_INJ_COUNT","UNK_INJ_DEG_COUNT","UNK_INJ_PER_COUNT","URBAN_RURAL","VAN_COUNT","VEHICLE_COUNT","VULNERABLE_ROAD_USER_COUNT","VULNERABLE_ROAD_USER_DEATH_COUNT","VULNERABLE_ROAD_USER_SER_INJ_COUNT","WEATHER1","WEATHER2","WORKERS_PRES","WORK_ZONE_IND","WORK_ZONE_LOC","WORK_ZONE_TYPE","WZ_CLOSE_DETOUR","WZ_FLAGGER","WZ_LAW_OFFCR_IND","WZ_LN_CLOSURE","WZ_MOVING","WZ_OTHER","WZ_SHLDER_MDN","WZ_WORKERS_INJ_KILLED"
"2020042778","1801","1","0","0","0","0","0","0","0","0","1","0","","67","5","2020","6","39.958563","-75.168324","1801","6","0","0","0","1","1","0","0","0","","0","0","0","18","1","0","N","0","0","39 57:30.828","","0","75 10:05.968","0","0","0","0","67301","0","0","0","N","0","0","0","4","68K01","0","","1.0","","1","N","N","N","0","","0","0","2","0","0","","1801","3","0","0","0","0","0","0","2","0","3","0","0","0","4","04","","N","","","","","","","","","",""
"2020085131","","2","0","0","0","0","0","0","0","0","4","0","","67","7","2020","6","39.99178","-75.186379","","6","0","0","0","0","0","0","0","0","","0","0","0","9","1","2","","1","0","39 59:30.408","","0","75 11:10.966","8","0","0","0","67301","0","0","0","N","0","0","0","2","00000","0","","1.0","","1","","","N","0","","0","0","0","3","2","","945","2","2","0","0","0","2","0","2","0","2","0","0","0","3","","","N","","","","","","","","","",""
"2020062818","1820","0","0","0","0","0","0","0","0","0","7","0","","67","8","2020","3","40.081912","-75.066037","1811","6","0","0","0","0","0","1","0","0","","0","0","0","18","1","0","N","0","2","40 04:54.882","5","0","75 03:57.734","0","0","0","0","67301","0","0","0","N","0","0","0","1","67301","0","","5.0","1815.0","1","N","N","N","0","","0","0","1","0","0","Y","1811","1","0","0","0","0","0","0","2","0","1","0","0","0","3","03","","N","","","","","","","","","",""
"2020022411","1920","2","0","0","0","0","0","0","0","0","1","0","","67","2","2020","6","40.014326","-75.070851","1901","6","0","0","0","0","0","1","0","0","","0","0","0","18","3","0","","1","0","40 00:51.572","","0","75 04:15.064","0","0","0","0","67301","0","0","0","N","0","0","0","2","67301","0","","1.0","","1","N","N","N","0","","0","0","0","9","2","","1859","2","0","0","0","0","0","0","2","0","2","0","0","0","3","03","","N","","","","","","","","","",""
"2020042652","1240","1","0","0","0","0","0","0","0","0","1","0","","67","5","2020","5","40.069483","-75.199705","1237","6","0","0","0","0","0","1","0","0","","0","0","0","12","1","0","N","0","0","40 04:10.139","","0","75 11:58.939","0","0","0","0","67301","0","0","0","N","0","0","0","2","67301","0","","1.0","","1","N","N","N","0","","0","0","1","0","0","","1230","2","0","0","0","0","0","0","2","0","2","0","0","0","4","","","N","","","","","","","","","",""
"2020043260","1750","0","0","0","0","0","0","0","0","0","7","0","","67","5","2020","6","39.991553","-75.103722","1745","6","0","0","0","0","0","0","0","0","","0","0","0","17","1","0","N","0","0","39 59:29.590","","0","75 06:13.400","0","0","0","0","67301","0","0","0","N","0","0","0","1","67301","0","","4.0","","1","N","N","N","0","","0","0","2","0","0","","1730","2","0","0","0","0","0","0","2","0","2","0","0","0","3","03","","N","","","","","","","","","",""
"2020087839","2259","1","0","0","0","0","0","0","0","0","1","0","","67","9","2020","7","39.98722","-75.090559","2257","6","0","0","0","0","0","0","0","0","","0","0","0","22","3","1","N","0","2","39 59:13.993","2","0","75 05:26.014","3","0","0","0","67301","0","0","0","Y","0","0","0","4","68K01","0","","1.0","2345.0","1","N","N","N","0","","1","0","0","0","0","N","2257","2","1","0","0","0","0","1","2","0","2","0","0","0","3","","","N","","","","","","","","","",""
"2020021043","2356","2","0","0","0","0","0","0","0","0","6","0","","67","2","2020","3","39.983756","-75.185192","2356","6","0","0","0","0","0","0","0","0","","0","0","0","23","3","0","N","0","0","39 59:01.520","","0","75 11:06.690","0","0","0","0","67301","0","0","0","N","0","0","0","1","67301","0","","6.0","","1","N","N","N","0","","0","0","1","9","3","","2343","3","0","0","0","0","0","0","2","0","3","0","0","0","3","03","","N","","","","","","","","","",""
"2020023139","1235","0","0","0","0","0","0","0","0","0","8","0","","67","2","2020","5","39.956447","-75.164443","1230","6","0","0","0","0","0","0","0","0","","0","0","0","12","1","1","","2","0","39 57:23.209","","6","75 09:51.995","2","0","0","0","67301","1","0","1","N","1","0","1","2","67301","0","","1.0","","1","N","N","N","0","","0","1","1","3","5","","1224","2","1","1","0","0","0","0","2","0","1","1","0","1","3","03","","N","","","","","","","","","",""
"2020020108","0525","0","0","0","0","0","0","0","0","0","1","0","","67","2","2020","1","39.914008","-75.149937","0523","6","0","0","0","0","0","0","0","0","","0","0","0","5","3","0","","1","0","39 54:50.430","","0","75 08:59.773","0","0","0","0","67301","0","0","0","N","0","0","0","2","67301","0","","1.0","","1","N","N","N","0","","0","0","2","3","2","","518","2","0","0","0","0","0","0","2","0","2","0","0","0","3","","","N","","","","","","","","","",""
"2020020832","1605","0","0","0","0","0","0","0","0","0","8","0","","67","2","2020","3","40.038844","-75.171625","1559","6","0","0","0","0","0","0","0","0","","0","0","0","14","1","1","","1","0","40 02:19.838","","0","75 10:17.850","4","0","0","0","67301","1","0","0","N","1","0","0","2","67301","1","","1.0","","9","N","N","N","0","","0","0","0","3","2","","1440","2","1","0","0","0","0","1","2","0","1","1","0","0","7","04","","N","","","","","","","","","",""
"2020020494","1317","0","0","0","0","0","0","0","0","0","8","0","","67","2","2020","2","40.036706","-75.040848","1311","6","0","0","0","0","0","1","0","0","","0","0","0","12","1","1","","1","0","40 02:12.142","","0","75 02:27.052","3","0","0","0","67301","1","0","0","N","1","0","0","2","67301","0","","1.0","","1","N","N","N","0","","1","0","1","3","2","","1210","2","1","0","0","0","0","0","2","0","1","1","0","0","3","","","N","","","","","","","","","",""
"2020062358","0421","0","0","0","0","0","0","0","0","0","7","0","","67","8","2020","1","39.977817","-75.228051","0421","6","0","0","0","0","0","0","0","0","","0","0","0","4","3","0","N","0","0","39 58:40.141","","0","75 13:40.983","9","0","0","0","67301","0","0","0","N","0","0","0","1","67301","0","","5.0","","1","N","N","N","1","","0","0","0","0","0","","420","1","0","0","0","0","0","1","2","0","1","0","0","0","3","03","","N","","","","","","","","","",""
"2020023213","1308","1","0","0","0","0","0","0","0","0","4","0","","67","2","2020","6","39.955889","-75.198171","1153","6","0","0","0","0","0","0","0","0","","0","0","0","11","1","1","N","1","0","39 57:21.201","","0","75 11:53.417","8","0","0","0","67301","0","0","0","N","0","0","0","2","67301","0","","1.0","","1","N","N","N","0","","0","0","1","0","0","","1143","2","1","0","0","0","1","0","2","0","2","0","0","0","4","04","","N","","","","","","","","","",""
"2020020109","0245","0","0","0","0","0","0","0","0","0","1","0","","67","2","2020","1","39.957208","-75.142176","0237","6","0","0","0","0","0","1","0","0","","0","0","0","2","3","1","","5","0","39 57:25.948","","2","75 08:31.833","3","0","0","0","67301","0","0","0","N","0","0","0","2","67301","0","","1.0","","1","N","N","N","0","","1","0","2","3","2","","220","2","1","1","0","0","0","0","2","0","2","0","0","0","3","03","","N","","","","","","","","","",""
"2020063180","1605","2","0","0","0","0","0","0","0","0","1","0","","67","7","2020","6","39.943589","-75.142716","1548","6","0","0","0","0","0","1","0","0","","0","0","0","15","1","0","N","0","0","39 56:36.919","","0","75 08:33.779","0","0","0","0","67301","0","0","0","N","0","0","0","3","68K01","0","","1.0","","9","N","N","N","0","","0","0","1","0","0","","1539","3","0","0","0","0","0","0","2","0","3","0","0","0","7","","","N","","","","","","","","","",""
"2020062314","1700","1","0","0","0","0","0","0","0","0","8","0","","67","8","2020","3","39.938264","-75.170017","1650","6","0","0","0","0","0","0","0","0","","0","0","0","16","1","1","","1","0","39 56:17.749","","0","75 10:12.060","3","0","0","0","67301","1","0","0","N","1","0","0","2","67301","0","","5.0","","1","N","N","N","0","","1","0","0","3","2","","1640","2","1","0","0","0","0","0","2","0","1","1","0","0","4","03","","N","","","","","","","","","",""
"2020021692","1130","1","0","0","0","0","0","0","0","0","8","0","","67","2","2020","3","39.938986","-75.157841","1115","6","0","0","0","0","0","0","0","0","","0","0","0","8","1","1","","1","0","39 56:20.348","","0","75 09:28.229","3","0","0","0","67301","1","0","0","N","1","0","0","2","67301","0","","1.0","","9","N","N","N","0","","1","0","0","9","9","","800","2","1","0","0","0","0","0","2","0","1","1","0","0","7","04","","N","","","","","","","","","",""
"2020047765","1500","0","0","0","0","0","0","0","0","0","7","0","","67","5","2020","5","40.038469","-75.00941","1502","6","0","0","0","0","0","1","0","0","","0","0","0","14","1","0","N","0","0","40 02:18.488","","0","75 00:33.875","0","0","0","0","67301","0","0","0","N","0","0","0","1","68K01","0","","4.0","","1","N","N","N","1","","0","0","0","0","0","","1451","1","0","0","0","0","0","0","2","0","1","0","0","0","3","03","","N","","","","","","","","","",""
"2020061257","0524","1","0","0","0","0","0","0","0","0","7","0","","67","7","2020","5","40.104675","-75.001483","0524","6","0","0","0","0","0","0","0","0","","0","0","0","5","5","0","","2","0","40 06:16.829","","0","75 00:05.337","0","0","0","0","67301","0","0","0","N","0","0","0","1","67301","0","","3.0","","1","N","N","N","0","","0","0","0","3","2","","516","1","0","0","0","0","0","0","2","0","1","0","0","0","3","03","","N","","","","","","","","","",""
"2020022633","2040","2","0","0","0","0","0","0","0","0","4","0","","67","2","2020","6","39.975142","-75.188005","2030","6","0","0","0","0","0","0","0","0","","0","0","0","19","3","2","","1","0","39 58:30.510","","0","75 11:16.819","3","0","0","0","67301","0","0","0","N","0","0","0","3","67301","0","","1.0","","1","N","N","N","0","","2","0","0","2","2","","1950","2","2","0","0","0","0","1","2","0","2","0","0","0","3","","","N","","","","","","","","","",""
"2020061338","0534","2","0","0","0","0","0","0","0","0","5","0","","67","8","2020","7","40.05125","-75.091453","0531","6","0","0","0","0","0","0","0","0","","0","0","0","5","5","0","N","0","0","40 03:04.500","","0","75 05:29.230","0","0","0","0","67301","0","0","0","N","0","0","0","1","67301","0","","1.0","","1","N","N","N","0","","0","0","0","0","0","","512","2","0","0","0","0","0","0","2","0","2","0","0","0","3","","","N","","","","","","","","","",""
"2020063259","0726","2","0","0","0","0","0","0","0","0","5","0","","67","7","2020","7","39.898842","-75.170957","0719","6","0","0","0","0","0","0","0","0","","0","0","0","7","1","0","N","0","1","39 53:55.830","2","0","75 10:15.446","9","0","0","0","67301","0","0","0","N","0","0","0","4","68K01","0","","1.0","800.0","1","N","N","N","1","","0","0","0","0","0","N","717","3","0","1","0","0","0","1","2","0","3","0","0","0","3","","","N","","","","","","","","","",""
"2020050528","1722","1","0","0","0","0","0","0","0","0","7","0","","67","6","2020","2","40.026667","-75.026049","1715","6","0","0","0","0","0","0","0","0","","0","0","0","17","1","1","N","0","0","40 01:36.002","","0","75 01:33.775","8","0","0","0","67301","0","0","0","N","0","0","0","1","68K01","0","","3.0","","1","N","N","N","0","","0","0","0","0","0","","1709","1","1","0","0","0","1","0","2","0","1","0","0","0","3","03","","N","","","","","","","","","",""
"2020031330","2027","2","0","0","0","0","0","0","0","0","4","0","","67","4","2020","4","40.029502","-75.146713","2027","6","0","0","0","0","0","1","0","0","","0","0","0","20","3","0","","1","0","40 01:46.206","","0","75 08:48.166","0","0","0","0","67301","0","0","0","N","0","0","0","2","67301","0","","1.0","","1","N","N","N","0","","0","0","0","3","2","","2026","2","0","1","0","0","0","0","2","0","2","0","0","0","3","03","","N","","","","","","","","","",""
"2020041033","1307","2","0","0","0","0","0","0","0","0","1","0","","67","5","2020","4","39.96009","-75.179585","1304","6","0","0","1","0","0","0","0","0","","0","0","0","13","1","1","N","0","0","39 57:36.323","","0","75 10:46.505","8","0","0","0","67301","0","0","0","N","0","0","0","2","68K01","0","","1.0","","1","N","N","N","0","","0","0","0","0","0","","1301","2","1","1","0","0","1","0","2","0","2","0","0","0","3","03","","N","","","","","","","","","",""
"2020043546","0158","0","0","0","0","0","0","0","0","0","5","0","","67","5","2020","3","39.962736","-75.183505","0151","6","0","0","0","0","0","0","0","0","","0","0","0","1","3","0","N","0","1","39 57:45.849","3","0","75 11:00.617","9","0","0","0","67301","0","0","0","N","0","0","0","2","68K01","0","","1.0","223.0","1","N","N","N","0","","0","0","1","0","0","Y","145","2","0","0","0","0","0","1","2","0","2","0","0","0","3","","","N","","","","","","","","","",""
"2020085479","1255","1","0","0","0","0","0","0","0","0","8","0","","67","10","2020","3","40.059515","-75.044396","1245","6","0","0","0","0","0","0","0","0","","0","0","0","11","1","1","N","0","0","40 03:34.255","","7","75 02:39.827","3","0","0","0","67301","1","0","0","N","1","0","0","1","67301","0","","6.0","","1","N","N","N","0","","1","0","0","3","3","","1104","2","1","0","0","0","0","0","2","0","1","1","0","0","3","03","","N","","","","","","","","","",""
"2020013971","2310","3","0","0","0","0","0","0","0","0","1","0","","67","2","2020","4","40.095462","-75.04678","2303","6","0","0","0","0","0","1","0","0","","0","0","0","22","3","1","N","0","0","40 05:43.662","","0","75 02:48.409","8","0","0","0","67301","0","0","0","N","0","0","0","2","67301","0","","1.0","","9","N","N","N","0","","0","0","0","0","0","","2244","3","1","0","0","0","1","0","2","0","3","0","0","0","7","","","N","","","","","","","","","",""
"2020047390","1446","0","0","0","0","0","0","0","0","0","8","0","","67","5","2020","2","40.048512","-75.150825","1445","6","0","0","0","0","0","0","0","0","","0","0","0","21","3","1","","1","0","40 02:54.643","","0","75 09:02.970","8","0","0","0","67301","1","0","0","N","1","0","0","2","67301","0","","1.0","","1","N","N","N","0","","0","0","0","3","2","","2100","2","1","0","0","0","1","0","2","0","1","1","0","0","3","03","","N","","","","","","","","","",""
"2020006823","1252","2","0","0","0","0","0","0","0","0","4","0","","67","1","2020","6","40.05011","-75.064241","1244","6","0","1","0","0","0","1","0","0","","0","0","0","12","1","1","","1","0","40 03:00.396","","0","75 03:51.268","3","0","0","0","67301","0","0","0","N","0","0","0","3","67301","0","","1.0","","1","N","N","N","1","","1","0","0","3","2","","1241","3","1","0","0","0","0","0","2","0","3","0","0","0","3","03","","N","","","","","","","","","",""
"2020042334","1530","2","0","0","0","0","0","0","0","0","5","0","","67","5","2020","6","40.003397","-75.154394","1523","6","0","0","0","0","0","0","0","0","","0","0","0","15","1","1","N","0","2","40 00:12.230","4","0","75 09:15.820","8","0","0","0","67301","0","0","0","N","0","0","0","1","67301","0","","6.0","1555.0","1","N","N","N","0","","0","0","0","0","0","Y","1505","2","1","0","0","0","1","0","2","0","2","0","0","0","3","","","N","","","","","","","","","",""
"2020021260","0020","1","0","0","0","0","0","0","0","0","1","0","","67","2","2020","4","40.038468","-75.044401","0012","6","0","0","0","0","0","0","0","0","","0","0","0","0","3","0","N","0","0","40 02:18.485","","0","75 02:39.845","0","0","0","0","67301","0","0","0","N","0","0","0","1","67301","0","","6.0","","9","N","N","N","0","","0","0","2","0","0","","10","3","0","0","0","0","0","0","2","0","3","0","0","0","7","07","","N","","","","","","","","","",""
"2020045043","2335","1","0","0","0","0","0","0","0","0","7","0","","67","6","2020","5","39.995471","-75.197736","2330","6","0","0","0","0","0","0","0","0","","0","0","0","23","3","1","N","0","1","39 59:43.695","3","0","75 11:51.850","8","0","0","0","67301","0","0","0","N","0","0","0","2","68K01","0","","2.0","2350.0","9","N","N","N","0","","0","0","0","0","0","N","2329","1","1","0","0","0","1","0","2","0","1","0","0","0","7","","","N","","","","","","","","","",""
"2020043505","2115","2","0","0","0","0","0","0","0","0","4","0","","67","6","2020","3","40.011529","-75.069799","2110","6","0","0","0","0","0","1","0","0","","0","0","0","21","3","0","","1","1","40 00:41.506","5","0","75 04:11.278","0","0","0","0","67301","0","0","0","N","0","0","0","3","67301","0","","1.0","2230.0","1","N","N","N","0","","0","0","0","3","2","Y","2110","3","0","0","0","0","0","0","2","0","3","0","0","0","3","03","","N","","","","","","","","","",""
"2020084650","0220","0","0","0","0","0","0","0","0","0","7","1","","67","10","2020","6","39.999466","-75.136562","0218","6","0","0","0","0","0","0","0","0","","0","1","0","2","3","1","N","0","0","39 59:58.076","","0","75 08:11.624","3","0","0","0","67301","0","0","0","N","0","0","0","1","67301","0","","4.0","","1","N","N","N","0","","1","0","0","0","0","","210","1","1","0","0","0","0","0","2","0","1","0","0","0","3","03","","N","","","","","","","","","",""
"2020062359","0324","1","0","0","0","0","0","0","0","0","4","0","","67","8","2020","3","39.962724","-75.246709","0318","6","0","0","0","0","0","0","0","0","","0","0","0","2","3","0","","1","0","39 57:45.805","","0","75 14:48.154","0","0","0","0","67301","0","0","0","N","0","0","0","1","67301","0","","1.0","","9","N","N","N","0","","0","0","1","3","2","","240","2","0","0","0","0","0","0","2","0","2","0","0","0","7","","","N","","","","","","","","","",""
"2020088498","","1","0","0","0","0","0","0","0","0","1","0","","67","7","2020","7","40.020517","-75.053726","","6","0","0","0","0","0","0","0","0","","0","0","0","2","3","1","","1","0","40 01:13.862","","0","75 03:13.412","8","0","0","0","67301","0","0","0","N","0","0","0","2","00000","0","","1.0","","1","","","N","0","","0","0","1","3","2","","200","2","1","0","0","0","1","0","2","0","2","0","0","0","3","","","N","","","","","","","","","",""
"2020090141","0600","1","0","0","0","0","0","0","0","0","7","0","","67","9","2020","4","39.984047","-75.118039","0555","6","0","0","0","0","0","0","0","0","","0","0","0","5","3","0","N","0","0","39 59:02.570","","0","75 07:04.940","0","0","0","0","67301","0","0","0","N","0","0","0","1","67301","0","","3.0","","1","N","N","N","0","","0","0","0","0","0","","543","1","0","0","0","0","0","0","2","0","1","0","0","0","3","03","","N","","","","","","","","","",""
"2020061258","0725","0","0","0","0","0","0","0","0","0","7","0","","67","7","2020","5","40.072161","-74.981433","0716","6","0","0","0","0","0","0","0","0","","0","0","0","7","3","1","N","0","1","40 04:19.780","6","0","74 58:53.160","3","0","0","0","67301","0","0","0","N","0","0","0","1","67301","0","","4.0","930.0","1","N","N","N","0","","1","0","1","0","0","Y","710","1","1","0","0","0","0","0","2","0","1","0","0","0","3","03","","N","","","","","","","","","",""
"2020022958","0209","1","0","0","0","0","0","0","0","0","7","0","","67","3","2020","1","39.933148","-75.20001","0202","6","0","0","0","0","0","0","0","0","","0","0","0","1","3","2","N","0","2","39 55:59.332","4","0","75 12:00.037","3","0","0","0","67301","0","0","0","N","0","0","0","2","68K01","0","","4.0","30.0","1","N","N","N","0","","2","0","0","0","0","N","156","1","2","0","0","0","0","0","2","0","1","0","0","0","3","","","N","","","","","","","","","",""
"2020048217","1242","1","0","0","0","0","0","0","0","0","4","0","","67","6","2020","6","40.032274","-75.050985","1242","6","0","0","0","0","0","0","0","0","","0","0","0","12","1","0","","1","0","40 01:56.185","","0","75 03:03.545","0","0","0","0","67301","0","0","0","N","0","0","0","5","67301","0","","1.0","","1","N","N","N","0","","0","0","1","3","2","","1242","2","0","1","0","0","0","0","2","0","2","0","0","0","3","03","","N","","","","","","","","","",""
"2020036334","0050","1","0","0","0","0","0","0","0","0","7","0","","67","2","2020","5","40.040452","-75.178624","0050","6","0","0","0","1","0","0","0","0","","0","0","0","0","3","1","","1","0","40 02:25.628","","0","75 10:43.047","8","0","0","0","67301","0","0","0","N","0","0","0","2","67301","0","","4.0","","9","N","N","N","0","","0","0","0","0","0","","50","1","1","0","0","0","1","0","2","0","1","0","0","0","7","","","N","","","","","","","","","",""
"2020061668","2318","1","0","0","0","0","0","0","0","0","7","0","","67","7","2020","2","39.982118","-75.207634","2318","6","0","0","0","0","1","0","0","0","","0","0","0","23","3","1","N","0","2","39 58:55.624","3","0","75 12:27.482","8","0","0","0","67301","0","0","0","N","0","0","0","1","68K01","0","","4.0","20.0","9","N","N","N","0","","0","0","0","0","0","N","2307","1","1","1","0","0","1","0","2","0","1","0","0","0","3","03","","N","","","","","","","","","",""
"2020044526","1917","2","0","0","0","0","0","0","0","0","4","0","","67","6","2020","5","39.970899","-75.230669","1915","6","0","0","0","0","0","0","0","0","","0","0","0","19","1","2","","1","0","39 58:15.236","","0","75 13:50.408","8","0","0","0","67301","0","0","0","N","0","0","0","3","67301","0","","1.0","","1","N","N","N","0","","0","0","1","3","2","","1910","3","2","1","0","0","2","0","2","0","3","0","0","0","3","","","N","","","","","","","","","",""
"2020046982","0647","1","0","0","0","0","0","0","0","0","7","0","","67","6","2020","1","39.947919","-75.186573","0643","6","0","0","0","0","0","0","0","0","","0","0","0","6","1","1","","6","2","39 56:52.509","4","2","75 11:11.661","3","0","0","0","67301","0","0","0","N","0","0","0","1","68K01","0","","3.0","700.0","1","N","N","N","0","","1","0","0","0","0","N","640","1","1","0","0","0","0","0","2","0","1","0","0","0","3","","","N","","","","","","","","","",""
"2020045176","0535","1","0","0","0","0","0","0","0","0","5","0","","67","6","2020","2","40.072419","-75.029178","0529","6","0","0","0","0","0","0","0","0","","0","0","0","5","1","0","N","0","2","40 04:20.710","5","0","75 01:45.040","0","0","0","0","67301","0","0","0","N","0","0","0","1","67301","0","","6.0","645.0","1","N","N","N","0","","0","0","0","0","0","Y","529","3","0","0","0","0","0","0","2","2","3","0","0","0","3","03","","N","","","","","","","","","",""
"2020041755","1636","2","0","0","0","0","0","0","0","0","4","0","","67","5","2020","3","40.068856","-75.040197","1634","6","0","0","0","1","0","0","0","0","","0","0","0","16","1","2","","2","2","40 04:07.880","2","0","75 02:24.710","3","0","0","0","67301","0","0","0","N","0","0","0","4","67301","0","","1.0","1830.0","1","N","N","N","0","","1","0","1","3","3","Y","1630","3","2","0","0","0","1","0","2","0","3","0","0","0","3","","","N","","","","","","","","","",""
"2020055880","2359","0","0","0","0","0","0","0","0","0","0","0","","67","7","2020","1","40.031589","-75.053568","2357","6","0","0","0","0","0","0","0","0","","0","0","0","23","3","2","N","0","1","40 01:53.721","2","0","75 03:12.843","3","0","0","1","67301","0","0","0","N","0","0","0","2","67301","1","","9.0","200.0","9","N","N","N","0","","1","0","0","0","0","N","2356","1","2","0","0","0","0","0","2","0","1","0","0","0","7","","","N","","","","","","","","","",""
"2020043256","1433","1","0","0","0","0","0","0","0","0","7","0","","67","6","2020","3","40.130875","-75.015333","1409","6","0","0","0","0","0","0","0","0","","0","0","0","13","1","0","N","0","0","40 07:51.151","","0","75 00:55.200","9","0","0","0","67301","0","0","0","N","0","0","0","1","67301","0","","5.0","","3","N","N","Y","0","","0","0","0","0","0","","1335","1","0","1","0","0","0","1","2","0","1","0","0","0","3","","","N","","","","","","","","","",""
"2020043880","1540","2","0","0","0","0","0","0","0","0","6","0","","67","5","2020","4","39.993427","-75.162986","1532","6","0","0","0","0","0","0","0","0","","0","0","0","15","1","0","","5","0","39 59:36.337","","0","75 09:46.749","0","0","0","0","67301","0","0","0","N","0","0","0","2","67301","0","","1.0","","1","N","N","N","0","","0","0","0","3","2","","1500","2","0","0","0","0","0","0","2","0","2","0","0","0","3","03","","N","","","","","","","","","",""
"2020042308","1305","2","0","0","0","0","0","0","0","0","4","0","","67","5","2020","5","39.948174","-75.174327","1300","6","0","0","0","0","0","0","0","0","","0","0","0","12","1","0","","1","0","39 56:53.426","","0","75 10:27.578","0","0","0","0","67301","0","0","0","N","0","0","0","3","67301","0","","1.0","","1","N","N","N","0","","0","0","0","3","2","","1257","2","0","0","0","0","0","0","2","0","2","0","0","0","3","04","","N","","","","","","","","","",""
"2020084308","0112","1","0","0","0","0","0","0","0","0","5","0","","67","10","2020","6","40.052411","-74.987852","0112","6","0","0","0","0","0","1","0","0","","0","1","0","1","3","0","N","0","0","40 03:08.680","","0","74 59:16.266","0","0","0","0","67301","0","0","0","N","0","0","0","1","68K01","0","","1.0","","1","N","N","N","0","","0","0","0","0","0","","112","2","0","0","0","0","0","0","2","0","2","0","0","0","3","03","","N","","","","","","","","","",""
"2020084163","1736","1","0","0","0","0","0","0","0","0","4","1","","67","10","2020","6","40.02153","-75.15797","1736","6","0","0","0","0","0","0","1","0","","0","1","0","17","1","0","","2","2","40 01:17.509","5","0","75 09:28.691","0","0","0","0","67301","0","0","0","N","0","0","0","2","67301","0","","1.0","1800.0","1","N","N","N","0","","0","0","0","3","3","Y","1733","2","0","0","0","0","0","0","2","0","2","0","0","0","3","03","","N","","","","","","","","","",""
"2020084159","1319","0","0","0","0","0","0","0","0","0","5","0","","67","10","2020","6","39.92087","-75.223937","1314","6","0","0","0","0","0","0","0","0","","0","0","0","12","1","2","N","0","0","39 55:15.131","","0","75 13:26.172","3","0","0","0","67301","0","0","0","N","0","0","0","2","67301","0","","1.0","","1","N","N","N","0","","2","0","2","0","0","","1230","2","2","0","0","0","0","0","2","0","2","0","0","0","3","03","","N","","","","","","","","","",""
"2020042825","0341","1","0","0","0","0","0","0","0","0","5","0","","67","5","2020","7","40.081428","-75.029531","0338","6","0","0","0","0","0","0","0","0","","0","0","0","3","3","0","N","0","0","40 04:53.142","","0","75 01:46.311","0","0","0","0","67301","0","0","0","N","0","0","0","2","67301","0","","1.0","","1","N","N","N","0","","0","0","1","0","0","","336","2","0","0","0","0","0","0","2","0","2","0","0","0","3","03","","N","","","","","","","","","",""
"2020047853","0021","0","0","0","0","0","0","0","0","0","1","0","","67","6","2020","5","40.030041","-75.103207","2321","6","0","0","0","0","0","0","0","0","","0","0","0","23","3","2","","1","1","40 01:48.146","4","0","75 06:11.546","3","0","0","0","67301","0","0","0","N","0","0","0","2","67301","0","","1.0","40.0","1","N","N","N","0","","2","0","1","3","2","N","2318","2","2","0","0","0","0","0","2","1","2","0","0","0","3","03","","N","","","","","","","","","",""