"CRN","ARRIVAL_TM","AUTOMOBILE_COUNT","BELTED_DEATH_COUNT","BELTED_SUSP_SERIOUS_INJ_COUNT","BICYCLE_COUNT","BICYCLE_DEATH_COUNT","BICYCLE_SUSP_SERIOUS_INJ_COUNT","BUS_COUNT","CHLDPAS_DEATH_COUNT","CHLDPAS_SUSP_SERIOUS_INJ_COUNT","COLLISION_TYPE","COMM_VEH_COUNT","CONS_ZONE_SPD_LIM","COUNTY","CRASH_MONTH","CRASH_YEAR","DAY_OF_WEEK","DEC_LATITUDE","DEC_LONGITUDE","DISPATCH_TM","DISTRICT","DRIVER_COUNT_16YR","DRIVER_COUNT_17YR","DRIVER_COUNT_18YR","DRIVER_COUNT_19YR","DRIVER_COUNT_20YR","DRIVER_COUNT_50_64YR","DRIVER_COUNT_65_74YR","DRIVER_COUNT_75PLUS","EST_HRS_CLOSED","FATAL_COUNT","HEAVY_TRUCK_COUNT","HORSE_BUGGY_COUNT","HOUR_OF_DAY","ILLUMINATION","INJURY_COUNT","INTERSECTION_RELATED","INTERSECT_TYPE","LANE_CLOSED","LATITUDE","LN_CLOSE_DIR","LOCATION_TYPE","LONGITUDE","MAX_SEVERITY_LEVEL","MCYCLE_DEATH_COUNT","MCYCLE_SUSP_SERIOUS_INJ_COUNT","MOTORCYCLE_COUNT","MUNICIPALITY","NONMOTR_COUNT","NONMOTR_DEATH_COUNT","NONMOTR_SUSP_SERIOUS_INJ_COUNT","NTFY_HIWY_MAINT","PED_COUNT","PED_DEATH_COUNT","PED_SUSP_SERIOUS_INJ_COUNT","PERSON_COUNT","POLICE_AGCY","POSSIBLE_INJ_COUNT","RDWY_SURF_TYPE_CD","RELATION_TO_ROAD","ROADWAY_CLEARED","ROAD_CONDITION","SCH_BUS_IND","SCH_ZONE_IND","SECONDARY_CRASH","SMALL_TRUCK_COUNT","SPEC_JURIS_CD","SUSP_MINOR_INJ_COUNT","SUSP_SERIOUS_INJ_COUNT","SUV_COUNT","TCD_FUNC_CD","TCD_TYPE","TFC_DETOUR_IND","TIME_OF_DAY","TOTAL_UNITS","TOT_INJ_COUNT","UNBELTED_OCC_COUNT","UNB_DEATH_COUNT","UNB_SUSP_SERIOUS_INJ_COUNT","UNK_INJ_DEG_COUNT","UNK_INJ_PER_COUNT","URBAN_RURAL","VAN_COUNT","VEHICLE_COUNT","VULNERABLE_ROAD_USER_COUNT","VULNERABLE_ROAD_USER_DEATH_COUNT","VULNERABLE_ROAD_USER_SER_INJ_COUNT","WEATHER1","WEATHER2","WORKERS_PRES","WORK_ZONE_IND","WORK_ZONE_LOC","WORK_ZONE_TYPE","WZ_CLOSE_DETOUR","WZ_FLAGGER","WZ_LAW_OFFCR_IND","WZ_LN_CLOSURE","WZ_MOVING","WZ_OTHER","WZ_SHLDER_MDN","WZ_WORKERS_INJ_KILLED"
"2020041162","0359","1","0","0","0","0","0","0","0","0","7","0","","67","5","2020","3","39.952974","-75.20282","0355","6","0","0","0","0","0","0","0","0","","0","0","0","3","3","0","N","2","0","39 57:10.706","","0","75 12:10.152","0","0","0","0","67301","0","0","0","N","0","0","0","1","67504","0","","4.0","","1","","","N","0","","0","0","0","3","3","","350","1","0","1","0","0","0","0","2","0","1","0","0","0","3","03","","N","","","","","","","","","",""
"2020047989","1000","1","0","0","0","0","0","0","0","0","7","0","","67","6","2020","6","40.004465","-75.162667","0953","6","0","0","0","0","0","0","0","0","","0","0","0","9","1","1","","2","2","40 00:16.074","4","0","75 09:45.601","2","0","0","0","67301","0","0","0","N","0","0","0","1","67301","0","","4.0","200.0","1","N","N","N","0","","0","1","0","0","0","Y","950","1","1","0","0","0","0","0","2","0","1","0","0","0","3","","","N","","","","","","","","","",""
"2020020927","1127","1","0","0","0","0","0","0","0","0","4","0","","67","2","2020","3","39.946123","-75.157911","1119","6","0","0","0","0","0","1","0","0","","0","0","0","10","1","1","","1","2","39 56:46.042","4","0","75 09:28.479","3","0","0","0","67301","0","0","0","N","0","0","0","3","67301","0","","1.0","1215.0","9","N","N","N","0","","1","0","1","3","2","Y","1044","2","1","0","0","0","0","0","2","0","2","0","0","0","7","","","N","","","","","","","","","",""
"2020063168","0833","0","0","0","0","0","0","0","0","0","5","0","","67","7","2020","5","39.932081","-75.199909","0824","6","0","0","0","0","0","0","0","0","","0","0","0","8","1","0","N","0","1","39 55:55.490","4","0","75 11:59.673","0","0","0","0","67301","0","0","0","N","0","0","0","2","68K01","0","","1.0","846.0","1","N","N","N","0","","0","0","2","0","0","N","822","2","0","0","0","0","0","0","2","0","2","0","0","0","3","","","N","","","","","","","","","",""
"2020041250","1900","1","0","0","0","0","0","0","0","0","4","0","","67","5","2020","7","39.965831","-75.233904","1858","6","0","0","0","0","0","1","0","0","","0","0","0","18","4","1","","1","1","39 57:56.991","3","0","75 14:02.054","3","0","0","0","67301","0","0","0","N","0","0","0","2","67301","0","","1.0","2000.0","1","N","N","N","1","","1","0","0","3","2","Y","1856","2","1","0","0","0","0","0","2","0","2","0","0","0","3","","","N","","","","","","","","","",""
"2020039637","1634","2","0","0","0","0","0","0","0","0","4","0","","67","5","2020","2","40.055522","-75.181165","1633","6","0","0","0","0","0","0","0","0","","0","0","0","16","1","5","","1","0","40 03:19.879","","0","75 10:52.194","4","0","0","0","67301","0","0","0","N","0","0","0","6","67301","5","","1.0","","1","N","N","N","0","","0","0","0","3","3","","1609","2","5","0","0","0","0","0","2","0","2","0","0","0","3","03","","N","","","","","","","","","",""
"2020020932","0825","1","0","0","0","0","0","0","0","0","4","0","","67","2","2020","1","39.971558","-75.160228","0822","6","0","0","0","0","0","2","0","0","","0","0","0","8","1","1","","1","0","39 58:17.607","","0","75 09:36.821","3","0","0","0","67301","0","0","0","N","0","0","0","2","67301","0","","1.0","","1","N","N","N","0","","1","0","0","3","3","","820","2","1","0","0","0","0","0","2","1","2","0","0","0","3","03","","N","","","","","","","","","",""
"2020042330","1730","1","0","0","0","0","0","0","0","0","4","0","","67","5","2020","4","40.024576","-75.130555","1725","6","0","0","0","0","0","0","0","0","","0","0","0","17","1","3","","1","1","40 01:28.473","2","0","75 07:49.998","3","0","0","0","67301","0","0","0","N","0","0","0","3","67301","0","","1.0","1930.0","1","N","N","N","0","","3","0","1","3","2","N","1721","2","3","0","0","0","0","0","2","0","2","0","0","0","3","","","N","","","","","","","","","",""
"2020049850","1330","0","0","0","1","0","0","0","0","0","8","0","","67","6","2020","3","39.978222","-75.246797","1313","6","0","0","0","0","0","0","0","0","","0","0","0","9","1","1","N","0","0","39 58:41.600","","0","75 14:48.470","3","0","0","0","67301","1","0","0","N","0","0","0","2","67301","0","","1.0","","1","N","N","N","0","","1","0","0","0","0","","900","2","1","0","0","0","0","0","2","0","1","1","0","0","4","04","","N","","","","","","","","","",""
"2020042316","2003","0","0","0","1","0","0","0","0","0","8","0","","67","5","2020","6","40.017506","-75.056773","1957","6","0","0","0","0","0","0","0","0","","0","0","0","19","1","1","","1","0","40 01:03.021","","0","75 03:24.382","8","0","0","0","67301","1","0","0","N","0","0","0","2","67301","0","","1.0","","1","N","N","N","1","","0","0","0","3","3","","1947","2","1","1","0","0","1","0","2","0","1","1","0","0","3","03","","N","","","","","","","","","",""
"2020020538","0518","1","0","0","0","0","0","0","0","0","7","0","","67","2","2020","2","39.92015","-75.187569","0513","6","0","0","0","0","0","0","0","0","","0","0","0","4","3","1","N","0","0","39 55:12.540","","7","75 11:15.250","3","0","0","0","67301","0","0","0","N","0","0","0","1","67301","0","","5.0","","1","N","N","N","0","","1","0","0","0","0","","450","1","1","0","0","0","0","0","2","0","1","0","0","0","3","03","","N","","","","","","","","","",""
"2020020490","1845","1","0","0","0","0","0","0","0","0","8","0","","67","2","2020","2","40.094833","-74.9687","1837","6","0","0","0","0","0","0","0","0","","0","0","0","18","3","1","","1","0","40 05:41.399","","0","74 58:07.319","3","0","0","0","67301","1","0","0","N","1","0","0","2","67301","0","","1.0","","1","N","N","N","0","","1","0","0","3","2","","1830","2","1","0","0","0","0","0","2","0","1","1","0","0","3","03","","N","","","","","","","","","",""
"2020046015","1758","1","0","0","1","0","0","0","0","0","8","0","","67","5","2020","1","39.933517","-75.150931","1740","6","0","0","0","0","0","0","0","0","","0","0","0","17","1","1","N","0","0","39 56:00.660","","0","75 09:03.350","3","0","0","0","67301","1","0","0","N","0","0","0","2","67301","0","","1.0","","1","N","N","N","0","","1","0","0","0","0","","1700","2","1","0","0","0","0","0","2","0","1","1","0","0","3","98","","N","","","","","","","","","",""
"2020041546","2139","2","0","0","0","0","0","0","0","0","4","0","","67","5","2020","1","40.028314","-75.07451","2136","6","0","0","0","1","0","0","0","0","","0","0","0","21","3","2","","1","1","40 01:41.931","2","0","75 04:28.236","3","0","0","0","67301","0","0","0","N","0","0","0","2","67301","0","","1.0","2249.0","1","N","N","N","0","","2","0","0","3","3","N","2130","2","2","0","0","0","0","0","2","0","2","0","0","0","3","","","N","","","","","","","","","",""
"2020045961","1827","0","0","0","0","0","0","0","0","0","7","0","","67","5","2020","2","39.976187","-75.195661","1827","6","0","0","0","0","0","0","0","0","","0","0","0","18","1","2","N","0","1","39 58:34.274","3","0","75 11:44.381","2","0","2","1","67301","0","0","0","N","0","0","0","2","68K01","0","","2.0","1933.0","1","N","N","N","0","","0","2","0","0","0","N","1827","1","2","0","0","0","0","0","2","0","1","0","0","0","3","","","N","","","","","","","","","",""
"2020089086","1245","0","0","0","0","0","0","0","0","0","1","0","","67","10","2020","1","39.958114","-75.163746","1219","6","0","0","0","0","0","0","0","0","","0","0","0","12","1","0","N","0","1","39 57:29.212","4","0","75 09:49.484","0","0","0","0","67301","0","0","0","N","0","0","0","3","68K01","0","","1.0","1325.0","1","N","N","N","1","","0","0","1","0","0","N","1210","2","0","0","0","0","0","0","2","0","2","0","0","0","3","","","N","","","","","","","","","",""
"2020047453","0227","1","0","0","0","0","0","0","0","0","7","0","","67","6","2020","6","39.90131","-75.152358","0216","6","0","0","0","1","0","0","0","0","","0","0","0","2","3","0","N","0","0","39 54:04.717","","0","75 09:08.488","0","0","0","0","67301","0","0","0","N","0","0","0","1","68K01","0","","4.0","","9","N","N","N","0","","0","0","0","0","0","","204","1","0","0","0","0","0","0","2","0","1","0","0","0","7","","","N","","","","","","","","","",""
"2020085243","1316","1","0","0","0","0","0","0","0","0","7","0","","67","9","2020","1","39.95932","-75.173299","1309","6","0","0","0","0","0","0","0","0","","0","0","0","13","1","0","N","0","0","39 57:33.551","","0","75 10:23.876","9","0","0","0","67301","0","0","0","Y","0","0","0","1","68K01","0","","4.0","","1","N","N","N","0","","0","0","0","0","0","","1306","1","0","0","0","0","0","1","2","0","1","0","0","0","3","","","N","","","","","","","","","",""
"2020015081","1059","0","0","0","0","0","0","0","0","0","4","0","","67","2","2020","7","40.058997","-75.044079","1057","6","0","0","0","0","0","1","0","0","","0","0","0","10","1","0","","1","0","40 03:32.389","","0","75 02:38.685","0","0","0","0","67301","0","0","0","N","0","0","0","2","67301","0","","1.0","","1","N","N","N","0","","0","0","1","0","0","","1055","2","0","2","0","0","0","0","2","1","2","0","0","0","3","03","","N","","","","","","","","","",""
"2020044505","1448","0","0","0","0","0","0","0","0","0","6","0","","67","6","2020","1","39.938761","-75.226814","1448","6","0","0","0","0","0","0","1","0","","0","0","0","14","1","0","N","0","2","39 56:19.540","6","0","75 13:36.530","0","0","0","0","67301","0","0","0","N","0","0","0","1","67301","0","","1.0","1600.0","1","N","N","N","1","","0","0","1","0","0","Y","1447","2","0","0","0","0","0","0","2","0","2","0","0","0","3","03","","N","","","","","","","","","",""
"2020048719","1013","3","0","0","0","0","0","0","0","0","4","0","","67","6","2020","5","39.956998","-75.157166","1027","6","0","0","0","0","0","0","0","0","","0","0","0","10","1","1","","1","2","39 57:25.194","3","3","75 09:25.796","3","0","0","0","67301","0","0","0","N","0","0","0","3","67301","0","","1.0","1115.0","9","N","N","N","0","","1","0","0","2","2","Y","1001","3","1","1","0","0","0","0","2","0","3","0","0","0","7","","","N","","","","","","","","","",""
"2020044236","1309","1","0","0","0","0","0","0","0","0","1","0","","67","6","2020","4","39.967364","-75.188693","1302","6","0","0","0","0","0","1","0","0","","0","0","0","13","1","1","N","0","1","39 58:02.512","4","0","75 11:19.294","8","0","0","0","67301","0","0","0","N","0","0","0","11","68K01","0","","1.0","1400.0","9","N","N","Y","1","","0","0","1","0","0","N","1300","3","1","5","0","0","1","0","2","0","3","0","0","0","7","","","N","","","","","","","","","",""
"2020044500","1253","2","0","0","0","0","0","0","0","0","5","0","","67","6","2020","6","39.938446","-75.221871","1253","6","0","0","0","0","0","1","0","0","","0","0","0","12","1","1","N","0","2","39 56:18.407","6","0","75 13:18.735","4","0","0","0","67301","0","0","0","N","0","0","0","2","67301","1","","1.0","1342.0","1","N","N","N","0","","0","0","0","0","0","Y","1253","3","1","0","0","0","0","0","2","1","3","0","0","0","3","03","","N","","","","","","","","","",""
"2020085395","0025","1","0","0","0","0","0","0","0","0","1","0","","67","10","2020","3","40.031448","-75.154763","0020","6","0","0","0","0","0","0","0","0","","0","0","0","22","3","1","","1","0","40 01:53.212","","0","75 09:17.148","3","0","0","0","67301","0","0","0","N","0","0","0","1","67301","0","","1.0","","1","N","N","N","0","","1","0","0","3","2","","2216","2","1","0","0","0","0","0","2","0","2","0","0","0","3","","","N","","","","","","","","","",""
"2020042488","1827","1","0","0","0","0","0","0","0","0","5","0","","67","5","2020","7","40.020078","-75.048894","1811","6","0","0","0","0","0","0","0","0","","0","0","0","18","1","0","N","0","0","40 01:12.280","","0","75 02:56.020","0","0","0","0","67301","0","0","0","N","0","0","0","1","67301","0","","6.0","","1","N","N","N","0","","0","0","1","0","0","","1802","2","0","0","0","0","0","0","2","0","2","0","0","0","3","","","N","","","","","","","","","",""
"2020063250","1955","3","0","0","0","0","0","0","0","0","1","0","","67","6","2020","3","39.954652","-75.181035","1951","6","0","0","0","0","0","2","0","0","","0","0","0","19","3","2","N","0","1","39 57:16.747","4","0","75 10:51.727","8","0","0","0","67301","0","0","0","N","0","0","0","6","68K01","0","","1.0","2100.0","1","N","N","N","0","","0","0","3","0","0","N","1949","6","2","0","0","0","2","0","2","0","6","0","0","0","3","","","N","","","","","","","","","",""
"2020042436","1350","1","0","0","0","0","0","0","0","0","4","0","","67","5","2020","6","40.061772","-75.169346","1344","6","0","0","0","0","0","0","0","0","","0","0","0","13","1","1","","2","0","40 03:42.378","","0","75 10:09.647","4","0","0","0","67301","0","0","0","N","0","0","0","3","67301","1","","1.0","","1","N","N","N","0","","0","0","1","3","3","","1336","2","1","0","0","0","0","0","2","0","2","0","0","0","3","03","","N","","","","","","","","","",""
"2020086647","0714","1","0","0","0","0","0","0","0","0","1","0","","67","10","2020","5","40.008801","-75.204928","0708","6","0","0","0","0","0","0","0","0","","0","0","0","7","1","1","N","6","0","40 00:31.683","","2","75 12:17.742","8","0","0","0","67301","0","0","0","N","0","0","0","2","68K01","0","","1.0","","1","N","N","N","0","","0","0","1","0","0","","702","2","1","0","0","0","1","0","2","0","2","0","0","0","3","","","N","","","","","","","","","",""
"2020041649","0945","1","0","0","0","0","0","0","0","0","4","0","","67","5","2020","4","39.931432","-75.228869","0942","6","0","0","0","0","0","0","0","0","","0","0","0","9","1","0","","1","0","39 55:53.155","","0","75 13:43.928","0","0","0","0","67301","0","0","0","N","0","0","0","2","67301","0","","1.0","","1","N","N","N","0","","0","0","1","3","3","","942","2","0","0","0","0","0","0","2","0","2","0","0","0","3","03","","N","","","","","","","","","",""
"2020084902","0014","1","0","0","0","0","0","0","0","0","7","0","","67","10","2020","2","39.957557","-75.205703","0010","6","0","0","0","0","0","0","0","0","","0","0","0","0","3","0","N","0","1","39 57:27.206","3","0","75 12:20.531","9","0","0","0","67301","0","0","0","N","0","0","0","1","67301","0","","2.0","39.0","9","N","N","N","0","","0","0","0","0","0","N","10","1","0","0","0","0","0","1","2","0","1","0","0","0","7","","","N","","","","","","","","","",""
"2020048299","0313","1","0","0","0","0","0","0","0","0","1","0","","67","6","2020","7","39.957289","-75.247885","0311","6","0","0","0","0","0","0","0","0","","0","0","0","3","3","1","","1","0","39 57:26.242","","0","75 14:52.386","3","0","0","0","67301","0","0","0","N","0","0","0","3","67301","0","","1.0","","1","N","N","N","0","","1","0","1","3","2","","300","2","1","0","0","0","0","0","2","0","2","0","0","0","3","03","","N","","","","","","","","","",""
"2020085299","0758","0","0","0","0","0","0","0","0","0","7","0","","67","10","2020","6","39.883786","-75.244307","0732","6","0","0","0","0","0","1","0","0","","0","0","0","7","1","1","N","0","1","39 53:01.629","1","0","75 14:39.506","8","0","0","0","67301","0","0","0","Y","0","0","0","1","68K01","0","","2.0","812.0","1","N","N","N","0","","0","0","1","0","0","N","731","1","1","0","0","0","1","0","2","0","1","0","0","0","3","03","","N","","","","","","","","","",""
"2020043797","2318","2","0","0","0","0","0","0","0","0","4","0","","67","6","2020","5","39.978965","-75.171202","2318","6","0","0","0","0","0","0","0","0","","0","0","0","23","3","1","","1","1","39 58:44.273","2","0","75 10:16.326","3","0","0","0","67301","0","0","0","N","0","0","0","5","67301","0","","1.0","130.0","9","N","N","N","0","","1","0","0","3","2","N","2318","2","1","0","0","0","0","0","2","0","2","0","0","0","7","","","N","","","","","","","","","",""
"2020086168","1208","3","0","0","0","0","0","0","0","0","4","0","","67","10","2020","1","39.92393","-75.186016","1208","6","0","0","0","0","0","0","0","1","","0","0","0","12","1","1","","1","2","39 55:26.148","3","0","75 11:09.657","3","0","0","0","67301","0","0","0","N","0","0","0","4","67301","0","","1.0","30.0","1","N","N","N","0","","1","0","0","3","3","Y","1205","3","1","0","0","0","0","0","2","0","3","0","0","0","3","03","","N","","","","","","","","","",""
"2020086183","0815","0","0","0","0","0","0","0","0","0","7","0","","67","10","2020","5","39.883247","-75.216392","0801","6","0","0","0","0","0","0","0","0","","0","0","0","6","3","1","N","0","0","39 52:59.690","","0","75 12:59.010","3","0","0","0","67301","0","0","0","N","0","0","0","1","67301","0","","2.0","","1","N","N","N","0","","1","0","1","0","0","","622","1","1","0","0","0","0","0","2","0","1","0","0","0","3","03","","N","","","","","","","","","",""
"2020088903","2032","2","0","0","0","0","0","0","0","0","0","0","","67","10","2020","5","40.030906","-75.083225","2024","6","0","0","0","0","0","0","0","0","","1","0","0","20","3","0","N","0","0","40 01:51.260","","0","75 04:59.610","1","1","0","1","67301","0","0","0","N","0","0","0","1","67301","0","2","1.0","","1","N","N","N","0","0","0","0","0","0","0","","2013","3","0","0","0","0","0","0","2","0","3","0","0","0","3","03","","N","","","","","","","","","",""
"2020063205","1542","0","0","0","0","0","0","0","0","0","1","0","","67","7","2020","4","39.939311","-75.143267","1528","6","0","0","0","0","0","1","0","0","","0","0","0","15","1","1","N","0","0","39 56:21.518","","0","75 08:35.761","3","0","0","0","67301","0","0","0","N","0","0","0","3","68K01","0","","1.0","","1","N","N","N","1","","1","0","1","3","8","","1511","2","1","0","0","0","0","0","2","0","2","0","0","0","3","","","N","","","","","","","","","",""
"2020029305","1836","0","0","0","0","0","0","0","0","0","7","0","","67","2","2020","3","40.030766","-75.021853","1809","6","0","0","0","0","0","0","0","0","","0","0","0","18","3","0","N","0","2","40 01:50.756","2","0","75 01:18.669","0","0","0","0","67301","0","0","0","N","0","0","0","1","68K01","0","","4.0","1844.0","1","N","N","N","1","","0","0","0","0","0","N","1802","1","0","0","0","0","0","0","2","0","1","0","0","0","7","","","N","","","","","","","","","",""
"2020091254","0029","1","0","0","0","0","0","0","0","0","5","1","","67","10","2020","4","40.005431","-75.075537","0018","6","0","0","0","1","0","0","0","0","","0","1","0","0","3","0","N","0","0","40 00:19.552","","0","75 04:31.932","0","0","0","0","67301","0","0","0","N","0","0","0","2","68K01","0","","1.0","","1","N","N","N","0","","0","0","0","0","0","","10","2","0","0","0","0","0","0","2","0","2","0","0","0","3","","","N","","","","","","","","","",""
"2020020185","0358","1","0","0","0","0","0","0","0","0","6","0","","67","2","2020","2","40.038699","-75.191625","0353","6","0","0","0","0","0","1","0","0","","0","0","0","3","3","0","N","0","0","40 02:19.315","","0","75 11:29.850","9","0","0","0","67301","0","0","0","N","0","0","0","3","67301","0","","1.0","","1","N","N","N","0","","0","0","1","9","9","","350","2","0","0","0","0","0","3","2","0","2","0","0","0","3","03","","N","","","","","","","","","",""
"2020048507","1610","2","0","0","0","0","0","0","0","0","4","0","","67","6","2020","7","39.993528","-75.126889","1604","6","0","0","0","0","0","0","0","0","","0","0","0","14","1","0","","2","0","39 59:36.700","","0","75 07:36.800","0","0","0","0","67301","0","0","0","N","0","0","0","3","67301","0","","1.0","","1","N","N","N","0","","0","0","0","3","3","","1448","2","0","0","0","0","0","0","2","0","2","0","0","0","3","03","","N","","","","","","","","","",""
"2020043437","1350","1","0","0","0","0","0","0","0","0","2","0","","67","5","2020","4","40.020811","-75.118289","1335","6","0","0","0","0","0","0","1","0","","0","0","0","13","1","1","","1","0","40 01:14.919","","6","75 07:05.840","4","0","0","0","67301","0","0","0","N","0","0","0","2","67301","1","","1.0","","1","N","N","N","0","","0","0","1","3","2","","1330","2","1","0","0","0","0","0","2","0","2","0","0","0","3","03","","N","","","","","","","","","",""
"2020042968","0207","3","0","0","0","0","0","0","0","0","5","0","","67","5","2020","6","39.924667","-75.229903","0205","6","0","0","0","0","0","0","0","0","","0","0","0","2","3","0","N","0","1","39 55:28.800","3","0","75 13:47.650","0","0","0","0","67301","0","0","0","N","0","0","0","1","67301","0","","6.0","100.0","1","N","N","N","0","","0","0","1","0","0","Y","204","4","0","0","0","0","0","0","2","0","4","0","0","0","3","03","","N","","","","","","","","","",""
"2020083431","1541","0","0","0","0","0","0","1","0","0","4","1","","67","9","2020","3","39.987554","-75.105482","1531","6","0","0","0","0","0","0","0","0","","0","0","0","15","1","1","","1","0","39 59:15.196","","0","75 06:19.735","8","0","0","0","67301","0","0","0","N","0","0","0","2","67508","0","","1.0","","1","N","N","Y","0","","0","0","1","3","2","","1531","2","1","0","0","0","1","0","2","0","2","0","0","0","3","03","","N","","","","","","","","","",""
"2020042310","1730","0","0","0","0","0","0","0","0","0","1","0","","67","5","2020","4","39.927528","-75.231833","1730","6","0","0","0","0","0","0","1","0","","0","0","0","17","1","1","N","0","0","39 55:39.100","","0","75 13:54.600","4","0","0","0","67301","0","0","0","N","0","0","0","3","67301","1","","1.0","","1","N","N","N","0","","0","0","2","0","0","","1720","2","1","1","0","0","0","0","2","0","2","0","0","0","3","03","","N","","","","","","","","","",""
"2020045272","1127","2","0","0","0","0","0","0","0","0","4","0","","67","5","2020","7","39.999733","-75.174893","1126","6","0","0","0","0","0","0","0","0","","0","0","0","11","1","0","","1","0","39 59:59.038","","0","75 10:29.614","0","0","0","0","67301","0","0","0","N","0","0","0","2","67301","0","","1.0","","1","N","N","N","0","","0","0","0","3","3","","1125","2","0","0","0","0","0","0","2","0","2","0","0","0","3","03","","N","","","","","","","","","",""
"2020089970","1903","1","0","0","0","0","0","0","0","0","1","0","","67","10","2020","2","39.938039","-75.19801","1838","6","0","0","1","0","0","0","0","0","","0","0","0","18","3","1","N","0","0","39 56:16.939","","0","75 11:52.835","3","0","0","0","67301","0","0","0","N","0","0","0","4","68K01","0","","1.0","","9","N","N","N","0","","1","0","1","0","0","","1834","2","1","0","0","0","0","0","2","0","2","0","0","0","7","","","N","","","","","","","","","",""
"2020042333","1341","1","0","0","0","0","0","0","0","0","6","0","","67","5","2020","6","40.030547","-75.176834","1331","6","0","0","0","0","0","0","0","0","","0","0","0","13","1","0","N","0","0","40 01:49.968","","0","75 10:36.604","0","0","0","0","67301","0","0","0","N","0","0","0","1","67301","0","","6.0","","1","N","N","N","0","","0","0","0","0","0","","1305","2","0","0","0","0","0","0","2","1","2","0","0","0","3","03","","N","","","","","","","","","",""
"2020043877","1509","0","0","0","0","0","0","0","0","0","4","0","","67","5","2020","1","40.043456","-75.073587","1503","6","0","0","0","0","0","0","0","0","","0","0","0","15","1","1","N","0","2","40 02:36.440","5","7","75 04:24.913","2","0","1","1","67301","0","0","0","N","0","0","0","2","67301","0","","1.0","200.0","1","N","N","N","0","","0","1","1","0","0","Y","1500","2","1","0","0","0","0","0","2","0","2","0","0","0","3","03","","N","","","","","","","","","",""
"2020062827","1448","1","0","0","0","0","0","0","0","0","8","0","","67","7","2020","6","39.990689","-75.121906","1437","6","0","0","0","0","0","0","0","0","","0","0","0","14","1","1","N","0","0","39 59:26.480","","0","75 07:18.860","3","0","0","0","67301","1","0","0","N","1","0","0","2","67301","0","","1.0","","1","N","N","N","0","","1","0","0","0","0","","1430","2","1","0","0","0","0","1","2","0","1","1","0","0","3","","","N","","","","","","","","","",""
"2020085158","1150","2","0","0","0","0","0","0","0","0","2","0","","67","10","2020","2","40.075367","-75.055758","1145","6","0","0","1","0","0","1","0","0","","0","0","0","11","1","2","N","0","0","40 04:31.320","","0","75 03:20.730","8","0","0","0","67301","0","0","0","N","0","0","0","2","67301","0","","1.0","","9","N","N","N","0","","0","0","0","0","0","","1145","2","2","0","0","0","2","0","2","0","2","0","0","0","7","07","","N","","","","","","","","","",""
"2020044550","1035","1","0","0","0","0","0","0","0","0","5","0","","67","6","2020","3","40.018634","-75.189998","1030","6","0","0","0","0","1","0","0","0","","0","0","0","9","5","1","N","0","0","40 01:07.081","","0","75 11:23.991","8","0","0","0","67301","0","0","0","N","0","0","0","2","67301","0","","1.0","","1","N","N","N","0","","0","0","0","0","0","","900","2","1","1","0","0","1","0","2","0","2","0","0","0","3","03","","N","","","","","","","","","",""
"2020043731","2045","1","0","0","1","0","0","0","0","0","4","0","","67","6","2020","4","40.016616","-75.14718","2045","6","0","0","0","1","0","0","0","0","","0","0","0","19","1","1","","1","0","40 00:59.817","","0","75 08:49.848","3","0","0","0","67301","1","0","0","N","0","0","0","2","67301","0","","1.0","","1","N","N","N","0","","1","0","0","3","2","","1950","2","1","0","0","0","0","0","2","0","1","1","0","0","3","","","N","","","","","","","","","",""
"2020048215","0857","2","0","0","0","0","0","0","0","0","4","0","","67","6","2020","6","39.925854","-75.181168","0854","6","0","0","0","0","0","0","0","0","","0","0","0","8","1","3","","1","0","39 55:33.075","","0","75 10:52.206","3","0","0","0","67301","0","0","0","N","0","0","0","3","67301","0","","1.0","","1","N","N","N","1","","3","0","1","3","2","","853","4","3","3","0","0","0","0","2","0","4","0","0","0","3","03","","N","","","","","","","","","",""
"2020044502","0225","1","0","0","0","0","0","0","0","0","7","0","","67","6","2020","7","39.918131","-75.242981","0220","6","0","0","0","0","0","1","0","0","","0","0","0","2","3","1","N","0","0","39 55:05.270","","0","75 14:34.730","3","0","0","0","67301","0","0","0","N","0","0","0","1","67301","0","","4.0","","9","N","N","N","0","","1","0","0","0","0","","218","1","1","1","0","0","0","0","2","0","1","0","0","0","7","03","","N","","","","","","","","","",""
"2020043436","0900","1","0","0","0","0","0","0","0","0","4","0","","67","6","2020","3","39.968117","-75.225136","0854","6","0","0","0","0","0","0","0","0","","0","0","0","7","1","0","","1","0","39 58:05.221","","0","75 13:30.489","0","0","0","0","67301","0","0","0","N","0","0","0","2","67301","0","","1.0","","1","N","N","N","0","","0","0","1","3","2","","700","2","0","0","0","0","0","0","2","0","2","0","0","0","3","04","","N","","","","","","","","","",""
"2020046666","0944","0","0","0","0","0","0","0","0","0","7","0","","67","5","2020","4","40.023324","-75.034977","0935","6","0","0","0","0","0","0","0","0","","0","0","0","9","1","2","N","0","2","40 01:23.966","2","3","75 02:05.918","8","0","0","0","67301","0","0","0","N","0","0","0","2","68K01","0","","4.0","30.0","1","N","N","N","0","","0","0","1","0","0","N","933","1","2","0","0","0","2","0","2","0","1","0","0","0","3","03","","N","","","","","","","","","",""