"CRN","ARRIVAL_TM","AUTOMOBILE_COUNT","BELTED_DEATH_COUNT","BELTED_SUSP_SERIOUS_INJ_COUNT","BICYCLE_COUNT","BICYCLE_DEATH_COUNT","BICYCLE_SUSP_SERIOUS_INJ_COUNT","BUS_COUNT","CHLDPAS_DEATH_COUNT","CHLDPAS_SUSP_SERIOUS_INJ_COUNT","COLLISION_TYPE","COMM_VEH_COUNT","CONS_ZONE_SPD_LIM","COUNTY","CRASH_MONTH","CRASH_YEAR","DAY_OF_WEEK","DEC_LATITUDE","DEC_LONGITUDE","DISPATCH_TM","DISTRICT","DRIVER_COUNT_16YR","DRIVER_COUNT_17YR","DRIVER_COUNT_18YR","DRIVER_COUNT_19YR","DRIVER_COUNT_20YR","DRIVER_COUNT_50_64YR","DRIVER_COUNT_65_74YR","DRIVER_COUNT_75PLUS","EST_HRS_CLOSED","FATAL_COUNT","HEAVY_TRUCK_COUNT","HORSE_BUGGY_COUNT","HOUR_OF_DAY","ILLUMINATION","INJURY_COUNT","INTERSECTION_RELATED","INTERSECT_TYPE","LANE_CLOSED","LATITUDE","LN_CLOSE_DIR","LOCATION_TYPE","LONGITUDE","MAX_SEVERITY_LEVEL","MCYCLE_DEATH_COUNT","MCYCLE_SUSP_SERIOUS_INJ_COUNT","MOTORCYCLE_COUNT","MUNICIPALITY","NONMOTR_COUNT","NONMOTR_DEATH_COUNT","NONMOTR_SUSP_SERIOUS_INJ_COUNT","NTFY_HIWY_MAINT","PED_COUNT","PED_DEATH_COUNT","PED_SUSP_SERIOUS_INJ_COUNT","PERSON_COUNT","POLICE_AGCY","POSSIBLE_INJ_COUNT","RDWY_SURF_TYPE_CD","RELATION_TO_ROAD","ROADWAY_CLEARED","ROAD_CONDITION","SCH_BUS_IND","SCH_ZONE_IND","SECONDARY_CRASH","SMALL_TRUCK_COUNT","SPEC_JURIS_CD","SUSP_MINOR_INJ_COUNT","SUSP_SERIOUS_INJ_COUNT","SUV_COUNT","TCD_FUNC_CD","TCD_TYPE","TFC_DETOUR_IND","TIME_OF_DAY","TOTAL_UNITS","TOT_INJ_COUNT","UNBELTED_OCC_COUNT","UNB_DEATH_COUNT","UNB_SUSP_SERIOUS_INJ_COUNT","UNK_INJ_DEG_COUNT","UNK_INJ_PER_COUNT","URBAN_RURAL","VAN_COUNT","VEHICLE_COUNT","VULNERABLE_ROAD_USER_COUNT","VULNERABLE_ROAD_USER_DEATH_COUNT","VULNERABLE_ROAD_USER_SER_INJ_COUNT","WEATHER1","WEATHER2","WORKERS_PRES","WORK_ZONE_IND","WORK_ZONE_LOC","WORK_ZONE_TYPE","WZ_CLOSE_DETOUR","WZ_FLAGGER","WZ_LAW_OFFCR_IND","WZ_LN_CLOSURE","WZ_MOVING","WZ_OTHER","WZ_SHLDER_MDN","WZ_WORKERS_INJ_KILLED"
"2020042370","1530","0","0","0","0","0","0","0","0","0","1","0","","67","5","2020","7","39.935428","-75.167338","1530","6","0","0","0","0","0","0","0","0","","0","0","0","15","1","2","N","0","0","39 56:07.540","","0","75 10:02.418","3","0","0","1","67301","0","0","0","N","0","0","0","3","67505","0","","1.0","","1","N","N","N","0","","2","0","1","0","0","","1530","2","2","0","0","0","0","0","2","0","2","0","0","0","3","03","","N","","","","","","","","","",""
"2020043262","0100","1","0","0","0","0","0","0","0","0","4","0","","67","5","2020","7","39.997467","-75.12129","0058","6","0","0","0","0","0","1","0","0","","0","0","0","0","3","2","","1","2","39 59:50.882","6","0","75 07:16.643","4","0","0","0","67301","0","0","0","N","0","0","0","2","67301","1","","1.0","330.0","1","N","N","N","0","","0","0","1","3","2","Y","58","2","2","0","0","0","1","0","2","0","2","0","0","0","3","","","N","","","","","","","","","",""
"2020043399","0636","0","0","0","0","0","0","0","0","0","7","0","","67","6","2020","2","39.978389","-75.157992","0636","6","0","0","0","0","0","0","0","0","","0","0","0","6","1","0","N","0","0","39 58:42.202","","0","75 09:28.770","0","0","0","0","67301","0","0","0","N","0","0","0","1","67505","0","","4.0","","1","N","N","N","0","","0","0","1","0","0","","615","1","0","0","0","0","0","0","2","0","1","0","0","0","3","03","","N","","","","","","","","","",""
"2020013649","1552","1","0","0","0","0","0","0","0","0","8","0","","67","2","2020","2","40.025382","-75.169913","1552","6","0","0","0","0","0","0","0","0","","0","0","0","15","1","1","","2","2","40 01:31.375","1","0","75 10:11.686","3","0","0","0","67301","1","0","0","N","1","0","0","3","67301","0","","1.0","1537.0","1","N","N","N","0","","1","0","0","0","0","Y","1537","2","1","2","0","0","0","0","2","0","1","1","0","0","3","03","","N","","","","","","","","","",""
"2020013976","2025","2","0","0","0","0","0","0","0","0","1","0","","67","2","2020","4","39.989453","-75.251416","2024","6","0","0","0","0","0","0","0","0","","0","0","0","18","3","1","","2","0","39 59:22.029","","0","75 15:05.097","3","0","0","0","67301","0","0","0","N","0","0","0","3","67301","0","","1.0","","1","N","N","N","0","","1","0","1","0","0","","1841","3","1","0","0","0","0","0","2","0","3","0","0","0","7","07","","N","","","","","","","","","",""
"2020050500","1000","1","0","0","0","0","0","0","0","0","0","0","","67","5","2020","5","39.981227","-75.206851","0953","6","0","0","0","0","0","0","0","0","","0","0","0","9","1","1","N","0","1","39 58:52.416","3","0","75 12:24.665","3","0","0","0","67301","0","0","0","N","0","0","0","1","68K01","0","","1.0","100.0","9","N","N","N","0","","1","0","0","0","0","N","952","1","1","0","0","0","0","0","2","0","1","0","0","0","7","","","N","","","","","","","","","",""
"2020042311","0756","1","0","0","0","0","0","0","0","0","7","0","","67","5","2020","6","39.897975","-75.251889","0746","6","0","0","0","0","0","0","0","0","","0","0","0","7","1","0","N","0","1","39 53:52.710","2","0","75 15:06.800","0","0","0","0","67301","0","0","0","N","0","0","0","1","67301","0","","4.0","813.0","1","N","N","N","0","","0","0","0","0","0","N","730","1","0","0","0","0","0","0","2","0","1","0","0","0","3","03","","N","","","","","","","","","",""
"2020044522","2127","2","0","0","0","0","0","0","0","0","4","0","","67","6","2020","5","39.973555","-75.208895","2110","6","0","0","0","0","0","0","0","0","","0","0","0","20","3","3","","2","0","39 58:24.799","","0","75 12:32.023","3","0","0","0","67301","0","0","0","N","0","0","0","3","67301","1","","1.0","","99","N","N","N","0","","2","0","0","3","1","","2055","2","3","3","0","0","0","0","2","0","2","0","0","0","3","03","","N","","","","","","","","","",""
"2020046681","0055","1","0","0","0","0","0","0","0","0","7","0","","67","5","2020","7","39.959992","-75.181361","0055","6","0","0","0","0","0","0","0","0","","0","0","0","0","3","1","N","0","0","39 57:35.972","","0","75 10:52.898","8","0","0","0","67301","0","0","0","N","0","0","0","1","68K01","0","","2.0","","1","N","N","N","0","","0","0","0","0","0","","51","1","1","0","0","0","1","0","2","0","1","0","0","0","3","03","","N","","","","","","","","","",""
"2020045729","1345","1","0","0","0","0","0","0","0","0","4","0","","67","5","2020","7","40.004698","-75.077573","1340","6","0","0","0","0","0","0","0","0","","0","0","0","13","1","1","","1","0","40 00:16.912","","0","75 04:39.262","3","0","0","0","67301","0","0","0","N","0","0","0","3","67301","0","","1.0","","1","N","N","N","0","","1","0","0","3","3","","1320","2","1","0","0","0","0","0","2","1","2","0","0","0","3","03","","N","","","","","","","","","",""
"2020047209","1906","0","0","0","0","0","0","0","0","0","7","0","","67","6","2020","2","39.91104","-75.148544","1906","6","0","0","0","0","1","0","0","0","","0","0","0","19","1","0","N","0","1","39 54:39.745","1","8","75 08:54.757","0","0","0","0","67301","0","0","0","N","0","0","0","1","68K01","0","","2.0","1916.0","1","N","N","N","0","","0","0","1","0","0","N","1905","1","0","0","0","0","0","0","2","0","1","0","0","0","3","03","","N","","","","","","","","","",""
"2020013557","0025","1","0","0","0","0","0","0","0","0","4","0","","67","2","2020","3","40.032973","-75.080248","0019","6","0","0","0","0","0","1","0","0","","0","0","0","0","3","2","","1","2","40 01:58.704","2","0","75 04:48.893","3","0","0","0","67301","0","0","0","N","0","0","0","3","67301","0","","1.0","100.0","1","N","N","N","0","","2","0","0","3","1","Y","15","2","2","0","0","0","0","0","2","1","2","0","0","0","3","","","N","","","","","","","","","",""
"2020017365","1245","0","0","0","1","0","0","0","0","0","8","0","","67","2","2020","2","39.940491","-75.187232","1236","6","0","0","0","0","0","0","0","0","","0","0","0","2","6","1","","3","0","39 56:25.768","","0","75 11:14.036","8","0","0","0","67301","1","0","0","N","0","0","0","2","67301","0","","1.0","","99","N","N","N","0","","0","0","0","9","9","","240","2","1","0","0","0","1","0","2","0","1","1","0","0","99","03","","N","","","","","","","","","",""
"2020036670","1900","2","0","0","0","0","0","0","0","0","1","0","","67","5","2020","7","40.03325","-75.115903","1900","6","0","0","0","0","0","0","0","0","","0","0","0","16","1","1","N","0","0","40 01:59.699","","0","75 06:57.252","8","0","0","0","67301","0","0","0","N","0","0","0","2","67301","0","","1.0","","1","N","N","N","0","","0","0","0","0","0","","1645","2","1","0","0","0","1","0","2","0","2","0","0","0","3","03","","N","","","","","","","","","",""
"2020036826","1211","0","0","0","0","0","0","0","0","0","8","0","","67","5","2020","2","39.946316","-75.238019","1210","6","0","0","0","0","0","0","0","0","","0","1","0","12","1","1","","2","0","39 56:46.736","","0","75 14:16.867","8","0","0","0","67301","1","0","0","N","1","0","0","2","67301","0","","1.0","","1","N","N","N","0","","0","0","0","3","2","","1209","2","1","0","0","0","1","0","2","0","1","1","0","0","3","03","","N","","","","","","","","","",""
"2020054705","1234","1","0","0","0","0","0","0","0","0","7","0","","67","7","2020","2","40.024141","-75.054055","1224","6","0","0","0","0","0","0","0","0","","0","0","0","12","1","1","","2","0","40 01:26.907","","0","75 03:14.598","8","0","0","0","67301","0","0","0","N","0","0","0","1","67301","0","","4.0","","9","N","N","Y","0","","0","0","0","0","0","","1220","1","1","0","0","0","1","0","2","0","1","0","0","0","7","08","","N","","","","","","","","","",""
"2020013636","0200","4","0","0","0","0","0","0","0","0","1","0","","67","2","2020","4","40.043309","-75.022871","0155","6","0","0","0","0","0","0","0","0","","0","0","0","1","3","0","N","0","0","40 02:35.912","","0","75 01:22.337","0","0","0","0","67301","0","0","0","N","0","0","0","1","67301","0","","6.0","","9","N","N","N","0","","0","0","0","0","0","","150","4","0","0","0","0","0","0","2","0","4","0","0","0","7","07","","N","","","","","","","","","",""
"2020055969","0829","0","0","0","0","0","0","0","0","0","5","0","","67","7","2020","2","40.0368","-75.062717","0829","6","0","0","0","0","0","0","0","0","","0","0","0","22","3","1","N","0","0","40 02:12.480","","0","75 03:45.780","3","0","0","0","67301","0","0","0","N","0","0","0","1","67301","0","","1.0","","1","N","N","N","0","","1","0","1","0","0","","2253","2","1","0","0","0","0","0","2","0","2","0","0","0","3","","","N","","","","","","","","","",""
"2020014065","1927","1","0","0","0","0","0","0","0","0","6","0","","67","2","2020","2","40.02288","-75.076444","1923","6","0","0","0","0","0","0","0","0","","0","0","0","19","3","2","N","0","0","40 01:22.369","","7","75 04:35.198","3","0","0","0","67301","0","0","0","N","0","0","0","6","67301","0","","1.0","","1","N","N","N","0","","2","0","1","0","0","","1913","3","2","0","0","0","0","0","2","1","3","0","0","0","3","03","","N","","","","","","","","","",""
"2020013581","0511","3","0","0","0","0","0","0","0","0","2","0","","67","2","2020","2","40.007206","-75.102944","0508","6","0","0","0","0","0","0","0","0","","0","0","0","5","5","0","N","0","0","40 00:25.940","","0","75 06:10.600","0","0","0","0","67301","0","0","0","N","0","0","0","1","67301","0","","6.0","","1","N","N","N","0","","0","0","2","0","0","","505","6","0","1","0","0","0","0","2","1","6","0","0","0","3","03","","N","","","","","","","","","",""
"2020042490","1342","2","0","0","0","0","0","0","0","0","1","0","","67","5","2020","5","39.978114","-75.118923","1340","6","0","0","0","0","0","0","0","0","","0","0","0","13","1","1","N","0","0","39 58:41.209","","0","75 07:08.122","3","0","0","0","67301","0","0","0","N","0","0","0","4","67301","0","","1.0","","98","N","N","N","0","","1","0","0","0","0","","1335","2","1","0","0","0","0","0","2","0","2","0","0","0","3","","","N","","","","","","","","","",""
"2020085159","1905","0","0","0","0","0","0","0","0","0","4","0","","67","9","2020","7","40.055959","-75.159208","1901","6","0","0","0","0","0","0","1","0","","1","0","0","18","1","0","N","0","2","40 03:21.451","5","7","75 09:33.149","1","1","0","1","67301","0","0","0","N","0","0","0","2","67301","0","2","1.0","2117.0","1","N","N","N","0","0","0","0","1","0","0","Y","1846","2","0","0","0","0","0","0","2","0","2","0","0","0","3","","","N","","","","","","","","","",""
"2020043794","1444","1","0","0","0","0","0","0","0","0","4","0","","67","6","2020","4","39.950847","-75.16383","1436","6","0","0","0","0","0","0","0","0","","0","0","0","13","1","1","","1","0","39 57:03.048","","0","75 09:49.788","4","0","0","0","67301","0","0","0","N","0","0","0","2","67301","1","","1.0","","9","N","N","N","1","","0","0","0","3","2","","1330","2","1","1","0","0","0","0","2","0","2","0","0","0","4","04","","N","","","","","","","","","",""
"2020014220","2025","0","0","0","0","0","0","0","0","0","8","0","","67","2","2020","4","39.97445","-75.15872","2014","6","0","0","0","0","0","0","0","0","","0","0","0","17","3","1","N","1","0","39 58:28.020","","0","75 09:31.391","3","0","0","0","67301","1","0","0","N","1","0","0","2","67301","0","","1.0","","99","N","N","N","0","","1","0","1","9","9","","1750","2","1","0","0","0","0","0","2","0","1","1","0","0","3","","","N","","","","","","","","","",""
"2020084404","0257","2","0","0","0","0","0","0","0","0","1","0","","67","10","2020","1","40.040887","-75.150628","0256","6","0","0","0","0","0","0","0","0","","0","0","0","2","3","1","N","0","0","40 02:27.192","","0","75 09:02.261","3","0","0","0","67301","0","0","0","N","0","0","0","1","67301","0","","1.0","","1","N","N","N","0","","1","0","2","0","0","","217","4","1","0","0","0","0","0","2","0","4","0","0","0","3","03","","N","","","","","","","","","",""
"2020042589","0028","1","0","0","0","0","0","0","0","0","4","0","","67","5","2020","7","39.969353","-75.226871","0028","6","0","0","0","0","0","0","1","0","","0","0","0","0","3","1","","1","0","39 58:09.670","","0","75 13:36.735","8","0","0","0","67301","0","0","0","N","0","0","0","4","67301","0","","1.0","","1","N","N","N","0","","0","0","1","3","3","","28","2","1","0","0","0","1","3","2","0","2","0","0","0","3","03","","N","","","","","","","","","",""
"2020086214","1900","0","0","0","0","0","0","0","0","0","4","0","","67","10","2020","4","39.971649","-75.126083","1851","6","0","0","0","0","0","0","0","0","","0","0","0","18","3","0","N","0","0","39 58:17.937","","0","75 07:33.898","0","0","0","0","67301","0","0","0","N","0","0","0","1","67301","0","","6.0","","1","N","N","N","0","","0","0","2","3","2","","1845","2","0","0","0","0","0","0","2","0","2","0","0","0","3","","","N","","","","","","","","","",""
"2020044548","2132","1","0","0","0","0","0","0","0","0","8","0","","67","5","2020","5","40.038991","-75.148714","2125","6","0","0","0","0","0","0","0","0","","0","0","0","20","3","1","N","0","0","40 02:20.366","","0","75 08:55.370","3","0","0","0","67301","1","0","0","N","1","0","0","2","67301","0","","1.0","","1","N","N","N","0","","1","0","0","0","0","","2053","2","1","0","0","0","0","0","2","0","1","1","0","0","3","03","","N","","","","","","","","","",""
"2020039641","1743","1","0","0","0","0","0","0","0","0","4","0","","67","5","2020","2","40.012329","-75.13865","1743","6","0","0","0","0","0","0","0","0","","0","0","0","17","1","0","","1","2","40 00:44.384","2","0","75 08:19.139","0","0","0","0","67301","0","0","0","N","0","0","0","3","67301","0","","1.0","1900.0","1","N","N","N","0","","0","0","1","3","3","N","1742","2","0","0","0","0","0","0","2","0","2","0","0","0","3","03","","N","","","","","","","","","",""
"2020045936","1540","0","0","0","0","0","0","0","0","0","7","0","","67","5","2020","6","39.887899","-75.203752","1538","6","0","0","0","0","0","0","0","0","","0","0","0","15","1","1","N","0","0","39 53:16.437","","3","75 12:13.506","8","0","0","0","67301","0","0","0","N","0","0","0","1","68K01","0","","2.0","","9","N","N","N","0","","0","0","1","0","0","","1526","1","1","0","0","0","1","0","2","0","1","0","0","0","7","","","N","","","","","","","","","",""
"2020041541","0752","1","0","0","0","0","0","0","0","0","5","0","","67","5","2020","2","40.035111","-75.081622","0744","6","0","0","0","0","0","0","0","0","","0","0","0","7","1","2","N","0","0","40 02:06.401","","0","75 04:53.840","3","0","0","0","67301","0","0","0","N","0","0","0","2","67301","1","","1.0","","1","N","N","N","0","","1","0","1","0","0","","743","3","2","0","0","0","0","0","2","1","3","0","0","0","3","","","N","","","","","","","","","",""
"2020083030","1055","0","0","0","0","0","0","0","0","0","1","0","","67","10","2020","3","39.984144","-75.099199","1055","6","0","0","0","0","0","1","0","0","","0","0","0","10","1","0","N","0","0","39 59:02.920","","0","75 05:57.118","0","0","0","0","67301","0","0","0","N","0","0","0","1","67301","0","","1.0","","1","N","N","N","0","","0","0","2","3","1","","1055","2","0","0","0","0","0","0","2","0","2","0","0","0","3","03","","N","","","","","","","","","",""
"2020050532","0644","1","0","0","0","0","0","0","0","0","7","0","","67","6","2020","5","40.035135","-75.017873","0627","6","0","0","0","0","0","0","0","0","","0","0","0","6","1","0","N","0","0","40 02:06.485","","0","75 01:04.342","0","0","0","0","67301","0","0","0","N","0","0","0","1","68K01","0","","4.0","","9","N","N","N","0","","0","0","0","0","0","","609","1","0","0","0","0","0","0","2","0","1","0","0","0","7","07","","N","","","","","","","","","",""
"2020041555","1056","2","0","0","0","0","0","0","0","0","2","0","","67","5","2020","1","39.977519","-75.124189","1055","6","0","0","0","0","0","1","0","0","","0","0","0","10","1","0","N","0","0","39 58:39.070","","0","75 07:27.080","0","0","0","0","67301","0","0","0","N","0","0","0","2","67301","0","","1.0","","1","N","N","N","1","","0","0","1","0","0","","1055","4","0","0","0","0","0","0","2","0","4","0","0","0","3","","","N","","","","","","","","","",""
"2020036160","0927","0","0","0","1","0","0","0","0","0","8","0","","67","5","2020","7","40.039172","-75.034374","0922","6","0","0","1","0","0","0","0","0","","0","0","0","9","1","1","","2","0","40 02:21.020","","0","75 02:03.748","3","0","0","0","67301","1","0","0","N","0","0","0","2","67301","0","","1.0","","1","N","N","N","0","","1","0","1","3","3","","920","2","1","0","0","0","0","0","2","0","1","1","0","0","3","","","N","","","","","","","","","",""
"2020086206","0925","1","0","0","0","0","0","0","0","0","7","0","","67","10","2020","4","39.988483","-75.193972","0920","6","0","0","0","0","0","0","0","0","","0","0","0","9","1","0","N","0","0","39 59:18.540","","0","75 11:38.300","9","0","0","0","67301","0","0","0","N","0","0","0","1","67301","0","","5.0","","99","N","N","N","0","","0","0","0","0","0","","920","1","0","0","0","0","0","1","2","0","1","0","0","0","99","","","N","","","","","","","","","",""
"2020015158","2125","0","0","0","0","0","0","0","0","0","7","0","","67","2","2020","4","40.006983","-75.130538","2125","6","0","0","0","0","0","1","0","0","","0","0","0","21","3","1","N","0","1","40 00:25.138","3","0","75 07:49.935","8","0","0","0","67301","0","0","0","N","0","0","0","1","67301","0","","2.0","2145.0","1","N","N","N","1","","0","0","0","0","0","N","2122","1","1","0","0","0","1","0","2","0","1","0","0","0","3","03","","N","","","","","","","","","",""
"2020042960","0425","0","0","0","0","0","0","0","0","0","7","0","","67","5","2020","4","39.911326","-75.242828","0421","6","0","0","0","0","0","0","0","0","","0","0","0","2","3","0","","5","0","39 54:40.772","","0","75 14:34.179","0","0","0","0","67301","0","0","0","N","0","0","0","1","67301","0","","3.0","","1","N","N","N","0","","0","0","0","3","2","","249","1","0","0","0","0","0","0","2","0","1","0","0","0","3","03","","N","","","","","","","","","",""
"2020040577","1412","0","0","0","0","0","0","0","0","0","4","0","","67","5","2020","1","39.950246","-75.164112","1408","6","0","0","0","0","0","0","0","0","","0","0","0","14","1","1","N","0","1","39 57:00.884","1","0","75 09:50.802","2","0","1","1","67301","0","0","0","N","0","0","0","2","67301","0","","1.0","1500.0","1","N","N","N","0","","0","1","1","0","0","N","1408","2","1","0","0","0","0","0","2","0","2","0","0","0","3","03","","N","","","","","","","","","",""
"2020083257","0854","3","0","0","0","0","0","0","0","0","1","0","","67","9","2020","2","39.981432","-75.102557","0839","6","0","0","0","1","1","0","1","0","","0","0","0","8","1","1","N","0","0","39 58:53.155","","0","75 06:09.206","3","0","0","0","67301","0","0","0","N","0","0","0","4","68K01","0","","1.0","","1","N","N","N","0","","1","0","1","0","0","","837","4","1","0","0","0","0","0","2","0","4","0","0","0","3","","","N","","","","","","","","","",""
"2020043435","1850","0","0","0","1","0","0","0","0","0","8","0","","67","5","2020","1","39.944489","-75.172186","1850","6","0","0","0","0","0","0","0","0","","0","0","0","14","1","1","N","0","0","39 56:40.160","","0","75 10:19.870","8","0","0","0","67301","1","0","0","N","0","0","0","2","67301","0","","1.0","","1","N","N","N","0","","0","0","0","9","2","","1430","2","1","0","0","0","1","0","2","0","1","1","0","0","3","03","","N","","","","","","","","","",""
"2020042653","1638","1","0","0","0","0","0","0","0","0","4","0","","67","5","2020","1","40.032893","-75.177728","1638","6","0","0","0","0","0","0","0","0","","0","0","0","16","1","1","","2","0","40 01:58.414","","0","75 10:39.820","4","0","0","0","67301","0","0","0","N","0","0","0","4","67301","1","","1.0","","1","N","N","N","0","","0","0","0","3","2","","1612","2","1","0","0","0","0","1","2","1","2","0","0","0","3","03","","N","","","","","","","","","",""
"2020086209","2210","1","0","0","0","0","0","0","0","0","3","0","","67","10","2020","4","39.992769","-75.112828","2210","6","0","0","0","0","0","0","0","0","","0","0","0","13","1","2","N","0","0","39 59:33.970","","0","75 06:46.180","8","0","0","0","67301","0","0","0","N","0","0","0","3","67301","0","","6.0","","1","N","N","N","1","","0","0","0","0","0","","1300","2","2","0","0","0","2","1","2","0","2","0","0","0","3","03","","N","","","","","","","","","",""
"2020047856","1929","0","0","0","1","0","0","0","0","0","8","0","","67","6","2020","2","39.989279","-75.118954","1929","6","0","0","0","0","0","0","0","0","","0","0","0","19","1","1","","2","1","39 59:21.403","7","0","75 07:08.233","8","0","0","0","67301","1","0","0","N","0","0","0","2","67301","0","","1.0","20.0","1","N","N","N","0","","0","0","0","0","0","Y","1929","2","1","0","0","0","1","0","2","1","1","1","0","0","3","03","","N","","","","","","","","","",""
"2020084155","1428","1","0","0","0","0","0","0","0","0","1","0","","67","10","2020","6","39.967072","-75.173767","1426","6","0","0","0","0","0","0","0","0","","0","0","0","14","1","0","N","0","0","39 58:01.460","","0","75 10:25.560","0","0","0","0","67301","0","0","0","N","0","0","0","2","67301","0","","1.0","","1","N","N","N","0","","0","0","1","3","2","","1420","2","0","0","0","0","0","0","2","0","2","0","0","0","3","03","","N","","","","","","","","","",""
"2020047855","0052","3","0","0","0","0","0","0","0","0","4","0","","67","6","2020","2","39.995203","-75.128026","0052","6","0","0","0","0","0","0","0","0","","0","0","0","0","3","0","","1","0","39 59:42.730","","0","75 07:40.893","9","0","0","0","67301","0","0","0","N","0","0","0","4","67301","0","","1.0","","1","N","N","N","0","","0","0","0","3","3","","52","3","0","0","0","0","0","4","2","0","3","0","0","0","3","03","","N","","","","","","","","","",""
"2020047381","2359","0","0","0","0","0","0","0","0","0","8","0","","67","6","2020","2","39.965714","-75.155257","2358","6","0","0","0","0","0","0","0","0","","0","0","0","23","3","1","","1","0","39 57:56.570","","0","75 09:18.925","3","0","0","0","67301","1","0","0","N","1","0","0","2","67301","0","","1.0","","1","N","N","N","0","","1","0","0","3","3","","2355","2","1","0","0","0","0","1","2","0","1","1","0","0","3","03","","N","","","","","","","","","",""
"2020043438","2024","1","0","0","0","0","0","0","0","0","5","0","","67","5","2020","6","40.022406","-75.133578","2021","6","0","0","0","0","0","0","0","0","","0","0","0","20","1","1","N","0","0","40 01:20.660","","0","75 08:00.880","4","0","0","0","67301","0","0","0","N","0","0","0","3","67301","1","","6.0","","1","N","N","N","0","","0","0","0","0","0","","2019","2","1","1","0","0","0","0","2","1","2","0","0","0","3","03","","N","","","","","","","","","",""
"2020085313","1107","2","0","0","0","0","0","0","0","0","1","0","","67","10","2020","7","39.957198","-75.156784","1053","6","0","0","0","0","0","0","0","0","","0","0","0","10","1","0","N","0","1","39 57:25.912","4","0","75 09:24.423","0","0","0","0","67301","0","0","0","N","0","0","0","2","68K01","0","","1.0","1115.0","1","N","N","N","0","","0","0","0","0","0","N","1051","2","0","0","0","0","0","0","2","0","2","0","0","0","4","04","","N","","","","","","","","","",""
"2020086178","1645","0","0","0","0","0","0","0","0","0","5","1","","67","10","2020","3","40.109986","-74.993488","1613","6","0","0","0","0","0","2","0","0","","0","1","0","15","1","0","N","0","1","40 06:35.950","1","0","74 59:36.556","0","0","0","0","67301","0","0","0","N","0","0","0","2","67301","0","","1.0","1815.0","1","N","N","N","0","","0","0","1","0","0","N","1525","2","0","0","0","0","0","0","2","0","2","0","0","0","3","03","","N","","","","","","","","","",""
"2020042454","1935","1","0","0","0","0","0","0","0","0","4","0","","67","5","2020","5","40.035158","-75.144792","1935","6","0","0","0","0","0","0","0","1","","0","0","0","19","1","3","","1","0","40 02:06.568","","0","75 08:41.251","8","0","0","0","67301","0","0","0","N","0","0","0","4","67301","0","","1.0","","1","N","N","N","0","","0","0","1","3","2","","1933","2","3","0","0","0","3","0","2","0","2","0","0","0","3","","","N","","","","","","","","","",""
"2020084799","1339","2","0","0","0","0","0","0","0","0","4","0","","67","10","2020","7","40.042404","-75.082725","1338","6","0","0","0","0","0","1","0","0","","0","0","0","13","1","0","N","0","0","40 02:32.656","","0","75 04:57.811","0","0","0","0","67301","0","0","0","N","0","0","0","1","67301","0","","1.0","","1","N","N","N","0","","0","0","0","3","2","","1336","2","0","0","0","0","0","0","2","0","2","0","0","0","3","","","N","","","","","","","","","",""
"2020048764","0444","0","0","0","0","0","0","0","0","0","7","0","","67","6","2020","7","39.976584","-75.113171","0444","6","0","0","0","0","0","0","0","0","","0","0","0","4","3","0","","2","0","39 58:35.702","","1","75 06:47.416","0","0","0","0","67301","0","0","0","N","0","0","0","1","67301","0","","4.0","","3","N","N","N","0","","0","0","1","3","2","","423","1","0","0","0","0","0","0","2","0","1","0","0","0","3","03","","N","","","","","","","","","",""
"2020044520","0838","0","0","0","0","0","0","0","0","0","1","0","","67","6","2020","7","40.025107","-75.062828","0837","6","0","0","0","0","0","0","0","0","","0","0","0","8","1","0","","1","1","40 01:30.385","2","0","75 03:46.180","0","0","0","0","67301","0","0","0","N","0","0","0","2","67301","0","","1.0","911.0","1","N","N","N","0","","0","0","1","3","2","N","828","2","0","0","0","0","0","0","2","1","2","0","0","0","3","","","N","","","","","","","","","",""
"2020045784","1110","0","0","0","0","0","0","0","0","0","7","0","","67","6","2020","6","40.059658","-75.080677","1107","6","0","0","0","0","0","0","1","0","","0","0","0","11","1","1","N","0","0","40 03:34.768","","0","75 04:50.437","8","0","0","0","67301","0","0","0","N","0","0","0","1","67301","0","","4.0","","1","N","N","N","0","","0","0","1","0","0","","1105","1","1","0","0","0","1","0","2","0","1","0","0","0","3","","","N","","","","","","","","","",""
"2020091234","1904","1","0","0","0","0","0","0","0","0","1","0","","67","10","2020","7","40.000077","-75.080003","1846","6","0","0","0","0","1","1","0","0","","0","0","0","18","3","1","N","0","1","40 00:00.276","2","0","75 04:48.011","8","0","0","0","67301","0","0","0","N","0","0","0","5","68K01","0","","1.0","1910.0","1","N","N","N","0","","0","0","1","0","0","N","1845","2","1","0","0","0","1","0","2","0","2","0","0","0","3","","","N","","","","","","","","","",""
"2020043730","1210","2","0","0","0","0","0","0","0","0","4","0","","67","6","2020","5","39.930512","-75.178165","1209","6","0","0","0","0","0","0","0","0","","0","0","0","12","1","1","","1","0","39 55:49.843","","0","75 10:41.393","3","0","0","0","67301","0","0","0","N","0","0","0","5","67301","0","","1.0","","1","N","N","N","0","","1","0","3","3","3","","1208","6","1","2","0","0","0","0","2","1","6","0","0","0","3","03","","N","","","","","","","","","",""
"2020012899","0830","1","0","0","0","0","0","0","0","0","8","0","","67","2","2020","2","39.917183","-75.246303","0830","6","0","0","0","0","0","0","0","0","","0","0","0","8","1","1","","1","0","39 55:01.859","","0","75 14:46.691","8","0","0","0","67301","1","0","0","N","1","0","0","2","67301","0","","1.0","","1","N","N","N","0","","0","0","0","3","2","","830","2","1","0","0","0","1","0","2","0","1","1","0","0","3","03","","N","","","","","","","","","",""