"CRN","ARRIVAL_TM","AUTOMOBILE_COUNT","BELTED_DEATH_COUNT","BELTED_SUSP_SERIOUS_INJ_COUNT","BICYCLE_COUNT","BICYCLE_DEATH_COUNT","BICYCLE_SUSP_SERIOUS_INJ_COUNT","BUS_COUNT","CHLDPAS_DEATH_COUNT","CHLDPAS_SUSP_SERIOUS_INJ_COUNT","COLLISION_TYPE","COMM_VEH_COUNT","CONS_ZONE_SPD_LIM","COUNTY","CRASH_MONTH","CRASH_YEAR","DAY_OF_WEEK","DEC_LATITUDE","DEC_LONGITUDE","DISPATCH_TM","DISTRICT","DRIVER_COUNT_16YR","DRIVER_COUNT_17YR","DRIVER_COUNT_18YR","DRIVER_COUNT_19YR","DRIVER_COUNT_20YR","DRIVER_COUNT_50_64YR","DRIVER_COUNT_65_74YR","DRIVER_COUNT_75PLUS","EST_HRS_CLOSED","FATAL_COUNT","HEAVY_TRUCK_COUNT","HORSE_BUGGY_COUNT","HOUR_OF_DAY","ILLUMINATION","INJURY_COUNT","INTERSECTION_RELATED","INTERSECT_TYPE","LANE_CLOSED","LATITUDE","LN_CLOSE_DIR","LOCATION_TYPE","LONGITUDE","MAX_SEVERITY_LEVEL","MCYCLE_DEATH_COUNT","MCYCLE_SUSP_SERIOUS_INJ_COUNT","MOTORCYCLE_COUNT","MUNICIPALITY","NONMOTR_COUNT","NONMOTR_DEATH_COUNT","NONMOTR_SUSP_SERIOUS_INJ_COUNT","NTFY_HIWY_MAINT","PED_COUNT","PED_DEATH_COUNT","PED_SUSP_SERIOUS_INJ_COUNT","PERSON_COUNT","POLICE_AGCY","POSSIBLE_INJ_COUNT","RDWY_SURF_TYPE_CD","RELATION_TO_ROAD","ROADWAY_CLEARED","ROAD_CONDITION","SCH_BUS_IND","SCH_ZONE_IND","SECONDARY_CRASH","SMALL_TRUCK_COUNT","SPEC_JURIS_CD","SUSP_MINOR_INJ_COUNT","SUSP_SERIOUS_INJ_COUNT","SUV_COUNT","TCD_FUNC_CD","TCD_TYPE","TFC_DETOUR_IND","TIME_OF_DAY","TOTAL_UNITS","TOT_INJ_COUNT","UNBELTED_OCC_COUNT","UNB_DEATH_COUNT","UNB_SUSP_SERIOUS_INJ_COUNT","UNK_INJ_DEG_COUNT","UNK_INJ_PER_COUNT","URBAN_RURAL","VAN_COUNT","VEHICLE_COUNT","VULNERABLE_ROAD_USER_COUNT","VULNERABLE_ROAD_USER_DEATH_COUNT","VULNERABLE_ROAD_USER_SER_INJ_COUNT","WEATHER1","WEATHER2","WORKERS_PRES","WORK_ZONE_IND","WORK_ZONE_LOC","WORK_ZONE_TYPE","WZ_CLOSE_DETOUR","WZ_FLAGGER","WZ_LAW_OFFCR_IND","WZ_LN_CLOSURE","WZ_MOVING","WZ_OTHER","WZ_SHLDER_MDN","WZ_WORKERS_INJ_KILLED"
"2020043503","1620","1","0","0","0","0","0","0","0","0","4","0","","67","6","2020","4","40.11296","-75.023011","1613","6","0","0","0","0","0","1","1","0","","0","0","0","16","1","3","","1","1","40 06:46.657","4","0","75 01:22.840","3","0","0","0","67301","0","0","0","N","0","0","0","4","67301","1","","1.0","1520.0","1","N","N","Y","0","","1","0","2","1","2","N","1605","3","3","0","0","0","1","0","2","0","3","0","0","0","3","","","N","","","","","","","","","",""
"2020076515","0913","0","0","0","1","0","0","0","0","0","8","0","","67","9","2020","6","39.946294","-75.197134","0911","6","0","0","0","0","0","0","0","0","","0","0","0","9","1","1","N","2","0","39 56:46.660","","0","75 11:49.684","8","0","0","0","67301","1","0","0","N","0","0","0","2","67504","0","","1.0","","1","N","N","N","1","","0","0","0","3","2","","905","2","1","0","0","0","1","0","2","0","1","1","0","0","3","03","","N","","","","","","","","","",""
"2020036521","0018","4","0","0","0","0","0","0","0","0","4","0","","67","5","2020","2","39.941661","-75.22278","0014","6","0","0","0","0","0","1","0","0","","0","0","0","0","3","0","","1","1","39 56:29.979","3","7","75 13:22.008","0","0","0","0","67301","0","0","0","N","0","0","0","4","67301","0","","1.0","100.0","1","N","N","N","0","","0","0","0","3","2","Y","9","4","0","1","0","0","0","0","2","0","4","0","0","0","3","03","","N","","","","","","","","","",""
"2020014828","0440","4","0","0","0","0","0","0","0","0","5","0","","67","2","2020","5","40.016864","-75.139183","0438","6","0","0","0","0","0","0","0","0","","0","0","0","4","3","0","N","0","0","40 01:00.710","","0","75 08:21.060","0","0","0","0","67301","0","0","0","N","0","0","0","1","67301","0","","6.0","","9","N","N","N","0","","0","0","0","0","0","","430","5","0","0","0","0","0","0","2","1","5","0","0","0","7","","","N","","","","","","","","","",""
"2020055001","1715","1","0","0","0","0","0","0","0","0","8","0","","67","7","2020","7","40.052316","-75.007986","1705","6","0","0","0","0","0","0","0","0","","0","0","0","17","1","1","","1","0","40 03:08.339","","0","75 00:28.750","3","0","0","0","67301","1","0","0","N","0","0","0","2","67301","0","","1.0","","1","N","N","N","0","","1","0","0","3","2","","1705","2","1","0","0","0","0","0","2","0","1","1","0","0","3","03","","N","","","","","","","","","",""
"2020043111","0130","2","0","0","0","0","0","0","0","0","5","0","","67","6","2020","3","39.966261","-75.217342","0124","6","0","0","0","0","0","0","0","0","","0","0","0","0","3","0","N","0","0","39 57:58.540","","0","75 13:02.430","0","0","0","0","67301","0","0","0","N","0","0","0","1","67301","0","","6.0","","1","N","N","N","0","","0","0","1","0","0","","55","3","0","0","0","0","0","0","2","0","3","0","0","0","3","","","N","","","","","","","","","",""
"2020044490","1615","1","0","0","0","0","0","0","0","0","5","0","","67","6","2020","6","39.899858","-75.206847","1610","6","0","0","0","0","0","1","0","0","","0","0","0","16","1","1","N","0","1","39 53:59.487","3","3","75 12:24.648","3","0","0","0","67301","0","0","0","N","0","0","0","3","67301","0","","1.0","1645.0","1","N","N","N","0","","1","0","1","0","0","N","1607","2","1","0","0","0","0","0","2","0","2","0","0","0","3","03","","N","","","","","","","","","",""
"2020047857","1953","3","0","1","0","0","0","0","0","0","5","0","","67","6","2020","3","39.998934","-75.100114","1948","6","0","0","0","0","0","0","1","0","","0","0","0","19","1","1","N","0","0","39 59:56.163","","0","75 06:00.411","2","0","0","0","67301","0","0","0","N","0","0","0","2","67301","0","","6.0","","1","N","N","N","1","","0","1","0","0","0","","1919","4","1","0","0","0","0","0","2","0","4","0","0","0","3","03","","N","","","","","","","","","",""
"2020043878","1940","1","0","0","0","0","0","0","0","0","4","0","","67","6","2020","2","40.03255","-75.106266","1930","6","0","0","0","0","0","0","0","0","","0","0","0","19","1","1","N","0","0","40 01:57.181","","7","75 06:22.556","3","0","0","1","67301","0","0","0","N","0","0","0","2","67301","0","","1.0","","1","N","N","N","0","","1","0","0","0","0","","1928","2","1","0","0","0","0","0","2","0","2","0","0","0","3","03","","N","","","","","","","","","",""
"2020086210","0247","0","0","0","0","0","0","0","0","0","8","0","","67","10","2020","1","40.014863","-75.118032","0245","6","0","0","0","0","0","0","0","0","","1","0","0","2","3","0","N","0","0","40 00:53.505","","0","75 07:04.916","1","0","0","0","67301","1","1","0","N","1","1","0","2","67301","0","2","1.0","","1","N","N","N","0","0","0","0","0","0","0","","244","2","0","0","0","0","0","1","2","0","1","1","1","0","3","03","","N","","","","","","","","","",""
"2020037017","1702","1","0","0","1","0","1","0","0","0","8","0","","67","5","2020","2","39.925078","-75.2236","1634","6","0","0","0","0","0","0","0","0","","0","0","0","19","4","1","N","0","0","39 55:30.280","","0","75 13:24.960","2","0","0","0","67301","1","0","1","N","0","0","0","2","67301","0","","1.0","","1","N","N","N","0","","0","1","0","9","2","","1930","2","1","0","0","0","0","0","2","0","1","1","0","1","3","03","","N","","","","","","","","","",""
"2020045451","2145","1","0","0","0","0","0","0","0","0","8","0","","67","6","2020","4","40.067015","-75.156291","2142","6","0","0","0","0","0","0","0","0","","0","0","0","20","3","1","","1","0","40 04:01.254","","0","75 09:22.647","2","0","0","0","67301","1","0","1","N","1","0","1","2","67301","0","","1.0","","1","N","N","N","0","","0","1","0","3","2","","2056","2","1","0","0","0","0","1","2","0","1","1","0","1","3","03","","N","","","","","","","","","",""
"2020042312","2353","0","0","0","0","0","0","0","0","0","1","0","","67","5","2020","6","40.052306","-75.175694","2352","6","0","0","0","0","0","0","0","0","","0","0","0","23","3","0","Y","0","0","40 03:08.300","","0","75 10:32.500","9","0","0","0","67301","0","0","0","N","0","0","0","2","67301","0","","6.0","","1","N","N","N","0","","0","0","2","0","0","","2350","2","0","0","0","0","0","1","2","0","2","0","0","0","3","03","","N","","","","","","","","","",""
"2020085322","1226","1","0","0","0","0","0","0","0","0","1","0","40","67","10","2020","1","39.935828","-75.199677","1211","6","0","0","0","0","1","0","0","0","","0","0","0","12","1","1","N","0","1","39 56:08.979","4","0","75 11:58.836","3","0","0","0","67301","0","0","0","N","0","0","0","2","68K01","0","","1.0","1339.0","1","N","N","N","0","","1","0","0","0","0","N","1210","2","1","0","0","0","0","0","2","1","2","0","0","0","3","03","Y","Y","2","1","N","N","N","Y","N","N","N","N"
"2020046531","1157","0","0","0","0","0","0","0","0","0","6","0","","67","6","2020","5","40.017057","-75.158554","1157","6","0","0","0","0","0","0","0","0","","0","0","0","11","1","0","N","2","0","40 01:01.404","","0","75 09:30.794","0","0","0","0","67301","0","0","0","N","0","0","0","1","67301","0","","4.0","","9","N","N","N","0","","0","0","2","0","0","","1100","3","0","0","0","0","0","0","2","0","2","0","0","0","7","04","","N","","","","","","","","","",""
"2020043597","0935","1","0","0","0","0","0","0","0","0","4","0","","67","6","2020","5","40.010232","-75.098089","0929","6","0","0","0","0","0","0","0","0","","0","0","0","9","1","0","","1","0","40 00:36.834","","0","75 05:53.119","0","0","0","0","67301","0","0","0","N","0","0","0","3","67301","0","","1.0","","1","N","N","Y","1","","0","0","1","3","2","","925","3","0","0","0","0","0","0","2","0","3","0","0","0","3","03","","N","","","","","","","","","",""
"2020056214","0601","1","0","0","0","0","0","0","0","0","7","0","","67","7","2020","5","40.020251","-75.053494","0554","6","0","0","0","0","0","0","0","0","","0","0","0","5","1","1","N","0","2","40 01:12.904","3","0","75 03:12.577","4","0","0","0","67301","0","0","0","N","0","0","0","1","67301","1","","4.0","100.0","1","N","N","N","0","","0","0","0","0","0","Y","553","1","1","0","0","0","0","0","2","0","1","0","0","0","3","03","","N","","","","","","","","","",""
"2020044496","0911","1","0","0","0","0","0","0","0","0","4","0","","67","6","2020","5","39.942651","-75.236421","0911","6","0","0","0","0","0","0","0","0","","0","0","0","6","1","2","","1","0","39 56:33.543","","0","75 14:11.115","2","0","0","0","67301","0","0","0","N","0","0","0","2","67301","0","","1.0","","1","N","N","N","0","","0","2","1","3","2","","630","2","2","0","0","0","0","0","2","0","2","0","0","0","3","03","","N","","","","","","","","","",""
"2020043259","1525","1","0","0","1","0","0","0","0","0","8","0","","67","5","2020","1","39.980903","-75.188761","1525","6","0","0","0","0","0","0","0","0","","0","0","0","21","3","1","N","0","0","39 58:51.250","","0","75 11:19.541","4","0","0","0","67301","1","0","0","N","0","0","0","2","67301","1","","1.0","","1","N","N","N","0","","0","0","0","0","0","","2100","2","1","0","0","0","0","0","2","0","1","1","0","0","3","03","","N","","","","","","","","","",""
"2020084647","0027","3","0","0","0","0","0","0","0","0","2","0","","67","10","2020","7","39.95577","-75.15905","0021","6","0","0","0","0","0","0","0","0","","0","0","0","0","3","0","","1","0","39 57:20.771","","0","75 09:32.581","9","0","0","0","67301","0","0","0","N","0","0","0","3","67301","0","","1.0","","1","N","N","N","0","","0","0","0","3","2","","15","3","0","0","0","0","0","1","2","0","3","0","0","0","3","","","N","","","","","","","","","",""
"2020046085","1220","2","0","0","0","0","0","0","0","0","4","0","","67","6","2020","6","40.020313","-75.162803","1216","6","0","0","0","0","0","0","0","0","","0","0","0","12","1","1","","2","0","40 01:13.127","","0","75 09:46.089","3","0","0","0","67301","0","0","0","N","0","0","0","4","67301","0","","1.0","","1","N","N","N","0","","1","0","0","0","0","","1215","2","1","1","0","0","0","0","2","0","2","0","0","0","3","03","","N","","","","","","","","","",""
"2020014887","1754","1","0","0","0","0","0","0","0","0","8","0","","67","2","2020","5","39.972173","-75.244979","1743","6","0","0","0","0","0","0","0","0","","0","0","0","17","3","1","","1","0","39 58:19.823","","0","75 14:41.924","3","0","0","0","67301","1","0","0","N","1","0","0","2","67301","0","","1.0","","9","N","N","N","0","","1","0","0","3","2","","1743","2","1","0","0","0","0","0","2","0","1","1","0","0","7","","","N","","","","","","","","","",""
"2020048754","1137","1","0","0","0","0","0","0","0","0","5","0","","67","6","2020","7","39.968588","-75.24559","1137","6","0","0","0","0","0","1","0","0","","0","0","0","11","1","2","N","0","0","39 58:06.917","","0","75 14:44.123","3","0","0","0","67301","0","0","0","N","0","0","0","2","67301","1","","6.0","","1","N","N","N","0","","1","0","1","0","0","","1112","2","2","0","0","0","0","0","2","0","2","0","0","0","3","","","N","","","","","","","","","",""
"2020043254","1933","2","0","0","0","0","0","0","0","0","5","0","","67","5","2020","7","40.030823","-75.207237","1927","6","0","0","0","0","1","0","0","0","","0","0","0","19","1","0","N","0","0","40 01:50.961","","0","75 12:26.052","0","0","0","0","67301","0","0","0","N","0","0","0","3","67301","0","","1.0","","1","N","N","N","0","","0","0","0","0","0","","1925","2","0","0","0","0","0","0","2","0","2","0","0","0","3","03","","N","","","","","","","","","",""
"2020055850","2013","1","0","0","0","0","0","0","0","0","2","0","","67","7","2020","4","39.986404","-75.169612","2013","6","0","0","0","0","0","0","0","0","","0","0","0","20","1","1","","2","0","39 59:11.054","","0","75 10:10.603","3","0","0","0","67301","0","0","0","N","0","0","0","2","67301","0","","1.0","","1","N","N","N","0","","1","0","0","3","2","","2010","2","1","0","0","0","0","0","2","0","2","0","0","0","3","03","","N","","","","","","","","","",""
"2020046685","1304","3","0","0","0","0","0","0","0","0","1","0","","67","5","2020","7","39.957686","-75.160455","1304","6","0","0","0","0","0","0","0","0","","0","0","0","13","1","1","N","0","0","39 57:27.670","","0","75 09:37.637","3","0","0","0","67301","0","0","0","N","0","0","0","5","68K01","0","","1.0","","1","N","N","N","0","","1","0","0","0","0","","1304","3","1","0","0","0","0","0","2","0","3","0","0","0","3","","","N","","","","","","","","","",""
"2020042320","1208","1","0","0","0","0","0","0","0","0","7","0","","67","5","2020","5","39.944442","-75.197915","1203","6","0","0","0","0","0","0","0","0","","0","0","0","11","1","0","N","0","0","39 56:39.992","","0","75 11:52.494","0","0","0","0","67301","0","0","0","Y","0","0","0","1","67301","0","","4.0","","1","N","N","N","0","","0","0","0","0","0","","1123","1","0","0","0","0","0","0","2","0","1","0","0","0","3","","","N","","","","","","","","","",""
"2020047913","0923","1","0","0","0","0","0","0","0","0","5","0","","67","6","2020","4","39.996161","-75.144369","0902","6","0","0","0","0","0","1","0","1","","0","0","0","9","1","0","N","0","0","39 59:46.180","","0","75 08:39.730","0","0","0","0","67301","0","0","0","N","0","0","0","2","67301","0","","1.0","","1","N","N","N","0","","0","0","0","0","0","","900","2","0","1","0","0","0","0","2","1","2","0","0","0","3","03","","N","","","","","","","","","",""
"2020041759","2320","1","0","0","0","0","0","0","0","0","4","0","","67","5","2020","2","40.003165","-75.152455","2315","6","0","0","0","0","0","0","1","0","","0","0","0","23","3","1","","5","1","40 00:11.393","2","0","75 09:08.837","2","0","1","1","67301","0","0","0","N","0","0","0","2","67301","0","","1.0","20.0","1","N","N","N","0","","0","1","0","3","2","N","2300","2","1","0","0","0","0","0","2","0","2","0","0","0","3","","","N","","","","","","","","","",""
"2020039642","1530","1","0","0","0","0","0","0","0","0","7","0","","67","5","2020","2","40.030397","-75.153697","1525","6","0","0","0","0","0","1","0","0","","0","0","0","15","1","1","N","0","2","40 01:49.430","6","0","75 09:13.310","8","0","0","0","67301","0","0","0","N","0","0","0","1","67301","0","","4.0","1510.0","1","N","N","N","0","","0","0","0","0","0","Y","1500","1","1","0","0","0","1","0","2","0","1","0","0","0","4","","","N","","","","","","","","","",""
"2020044514","1017","3","0","0","0","0","0","0","0","0","5","0","","67","5","2020","3","40.038269","-75.054908","1013","6","0","0","0","0","0","0","0","0","","0","0","0","10","1","0","N","0","0","40 02:17.770","","0","75 03:17.670","9","0","0","0","67301","0","0","0","N","0","0","0","3","67301","0","","6.0","","1","N","N","N","0","","0","0","0","0","0","","1013","3","0","0","0","0","0","1","2","0","3","0","0","0","3","03","","N","","","","","","","","","",""
"2020043732","0430","3","0","0","0","0","0","0","0","0","7","0","","67","6","2020","5","40.045015","-75.143431","0430","6","0","0","0","0","0","0","0","0","","0","0","0","4","3","1","N","0","2","40 02:42.054","2","0","75 08:36.350","3","0","0","0","67301","0","0","0","N","0","0","0","1","67301","0","","1.0","535.0","1","N","N","N","1","","1","0","1","0","0","Y","430","5","1","0","0","0","0","0","2","0","5","0","0","0","3","","","N","","","","","","","","","",""
"2020047385","1945","0","0","0","0","0","0","0","0","0","8","0","","67","6","2020","1","40.065794","-75.169789","1938","6","0","0","0","0","1","0","0","0","","0","0","0","18","4","1","N","0","0","40 03:56.860","","0","75 10:11.240","8","0","0","0","67301","1","0","0","N","1","0","0","2","67301","0","","1.0","","1","N","N","N","1","","0","0","0","0","0","","1840","2","1","0","0","0","1","0","2","0","1","1","0","0","3","03","","N","","","","","","","","","",""
"2020042251","2357","1","0","0","0","0","0","0","0","0","4","0","","67","5","2020","6","39.983189","-75.156819","2338","6","0","0","0","0","0","1","0","0","","0","0","0","23","3","0","N","1","0","39 58:59.480","","0","75 09:24.548","0","0","0","0","67301","0","0","0","N","0","0","0","2","67505","0","","1.0","","1","N","N","N","1","","0","0","0","3","2","","2338","2","0","0","0","0","0","0","2","0","2","0","0","0","3","03","","N","","","","","","","","","",""
"2020043264","0316","1","0","0","0","0","0","0","0","0","7","0","","67","5","2020","1","39.989686","-75.090167","0316","6","0","0","0","1","0","0","0","0","","0","0","0","3","3","0","N","0","0","39 59:22.871","","0","75 05:24.602","0","0","0","0","67301","0","0","0","N","0","0","0","1","67301","0","","4.0","","1","N","N","N","0","","0","0","0","0","0","","316","1","0","1","0","0","0","0","2","0","1","0","0","0","3","03","","N","","","","","","","","","",""
"2020046291","2143","0","0","0","0","0","0","0","0","0","4","0","","67","6","2020","3","40.063119","-75.021999","2143","6","0","0","0","0","0","0","0","0","","0","0","0","21","3","1","","1","0","40 03:47.229","","0","75 01:19.196","3","0","0","1","67301","0","0","0","N","0","0","0","2","67301","0","","1.0","","1","N","N","N","0","","1","0","0","3","2","","2140","2","1","0","0","0","0","0","2","0","2","0","0","0","3","03","","N","","","","","","","","","",""
"2020013559","2130","1","0","0","0","0","0","0","0","0","7","0","","67","2","2020","2","39.925611","-75.156514","2126","6","0","0","0","0","0","1","0","0","","0","0","0","21","3","0","N","0","0","39 55:32.200","","0","75 09:23.450","0","0","0","0","67301","0","0","0","N","0","0","0","1","67301","0","","4.0","","1","N","N","N","0","","0","0","1","0","0","","2121","2","0","1","0","0","0","0","2","0","2","0","0","0","3","03","","N","","","","","","","","","",""
"2020044547","2105","3","0","0","0","0","0","0","0","0","4","0","","67","6","2020","7","39.981923","-75.122164","2100","6","0","0","0","0","0","1","0","0","","0","0","0","20","3","1","","1","0","39 58:54.922","","0","75 07:19.790","3","0","0","0","67301","0","0","0","N","0","0","0","2","67301","0","","1.0","","1","N","N","N","0","","1","0","1","3","3","","2015","4","1","0","0","0","0","0","2","0","4","0","0","0","3","03","","N","","","","","","","","","",""
"2020083912","0930","1","0","0","0","0","0","0","0","0","4","0","","67","10","2020","6","40.102455","-75.028757","0924","6","0","0","0","0","0","0","0","0","","0","0","0","9","1","0","N","1","0","40 06:08.839","","0","75 01:43.524","0","0","0","0","67301","0","0","0","N","0","0","0","2","67301","0","","1.0","","1","N","N","N","0","","0","0","1","3","2","","923","2","0","0","0","0","0","0","2","0","2","0","0","0","3","","","N","","","","","","","","","",""
"2020047302","0635","1","0","0","0","0","0","0","0","0","4","1","","67","6","2020","7","39.921442","-75.216356","0632","6","0","0","0","0","0","1","0","0","","0","1","0","6","1","1","N","0","0","39 55:17.190","","7","75 12:58.880","8","0","0","0","67301","0","0","0","N","0","0","0","2","67301","0","","1.0","","1","N","N","N","0","","0","0","0","0","0","","630","2","1","1","0","0","1","0","2","0","2","0","0","0","3","03","","N","","","","","","","","","",""
"2020014062","1041","0","0","0","0","0","0","0","0","0","7","0","","67","2","2020","4","39.922175","-75.156133","1037","6","0","0","0","0","0","1","0","0","","0","0","0","10","1","1","N","0","0","39 55:19.830","","0","75 09:22.080","4","0","0","0","67301","0","0","0","N","0","0","0","1","67301","1","","4.0","","9","N","N","N","0","","0","0","2","0","0","","1030","2","1","0","0","0","0","0","2","0","2","0","0","0","4","04","","N","","","","","","","","","",""
"2020036333","0320","2","0","0","0","0","0","0","0","0","5","0","","67","2","2020","1","39.894692","-75.218086","0309","6","0","0","0","1","0","1","0","0","","0","0","0","2","3","1","N","0","0","39 53:40.890","","3","75 13:05.110","3","0","0","0","67301","0","0","0","N","0","0","0","3","67301","0","","1.0","","9","N","N","N","0","","1","0","1","0","0","","230","3","1","0","0","0","0","0","2","0","3","0","0","0","3","03","","N","","","","","","","","","",""
"2020016285","1542","1","0","0","0","0","0","0","0","0","7","0","","67","2","2020","7","40.033381","-75.150867","1530","6","0","0","0","0","0","0","0","0","","0","0","0","15","1","1","N","0","0","40 02:00.170","","0","75 09:03.120","3","0","0","0","67301","0","0","0","N","0","0","0","1","67301","0","","4.0","","1","N","N","N","0","","1","0","0","0","0","","1510","1","1","0","0","0","0","0","2","0","1","0","0","0","3","","","N","","","","","","","","","",""
"2020016654","0030","2","0","0","0","0","0","0","0","0","1","0","","67","2","2020","5","39.933306","-75.143376","0004","6","0","0","0","0","0","0","0","0","","0","0","0","0","6","0","","2","0","39 55:59.902","","0","75 08:36.154","0","0","0","0","67301","0","0","0","N","0","0","0","3","67301","0","","1.0","","9","N","N","N","0","","0","0","1","3","2","","0","4","0","0","0","0","0","0","2","1","4","0","0","0","7","","","N","","","","","","","","","",""
"2020083023","2233","1","0","0","0","0","0","0","0","0","4","0","","67","5","2020","1","39.96093","-75.245028","2233","6","0","0","0","0","0","0","0","0","","0","0","0","22","3","1","","1","0","39 57:39.347","","0","75 14:42.100","4","0","0","0","67301","0","0","0","N","0","0","0","2","67301","1","","1.0","","1","N","N","N","0","","0","0","1","3","1","","2233","2","1","2","0","0","0","0","2","0","2","0","0","0","3","03","","N","","","","","","","","","",""
"2020015388","1300","1","0","0","0","0","0","0","0","0","7","0","","67","2","2020","3","40.009747","-75.118506","1255","6","0","0","0","0","0","1","0","0","","0","0","0","12","1","1","N","0","0","40 00:35.090","","0","75 07:06.620","3","0","0","0","67301","0","0","0","N","0","0","0","1","67301","0","","4.0","","1","N","N","N","0","","1","0","0","0","0","","1250","1","1","1","0","0","0","0","2","0","1","0","0","0","3","03","","N","","","","","","","","","",""
"2020013816","1042","1","0","0","0","0","0","0","0","0","8","0","","67","2","2020","4","40.031772","-75.105538","1037","6","0","0","0","0","0","0","1","0","","0","0","0","10","1","1","N","0","1","40 01:54.380","3","0","75 06:19.938","3","0","0","0","67301","1","0","0","N","1","0","0","2","67301","0","","1.0","1050.0","1","N","N","N","0","","1","0","0","0","0","N","1036","2","1","0","0","0","0","0","2","0","1","1","0","0","4","","","N","","","","","","","","","",""
"2020043600","1709","2","0","0","0","0","0","0","0","0","4","0","","67","6","2020","4","40.003105","-75.177252","1709","6","0","0","0","0","1","0","0","0","","0","0","0","17","1","1","","1","0","40 00:11.177","","0","75 10:38.108","3","0","0","0","67301","0","0","0","N","0","0","0","4","67301","0","","1.0","","1","N","N","N","0","","1","0","0","3","2","","1709","2","1","0","0","0","0","0","2","0","2","0","0","0","3","03","","N","","","","","","","","","",""
"2020084161","1845","1","0","0","0","0","0","0","0","0","2","0","","67","10","2020","6","39.983436","-75.119145","1835","6","0","0","0","0","0","0","0","0","","0","0","0","18","4","1","","1","0","39 59:00.370","","0","75 07:08.921","3","0","0","1","67301","0","0","0","N","0","0","0","2","67301","0","","1.0","","1","N","N","N","0","","1","0","0","3","2","","1830","2","1","0","0","0","0","0","2","0","2","0","0","0","3","","","N","","","","","","","","","",""
"2020086213","1515","0","0","0","0","0","0","0","0","0","1","1","","67","10","2020","4","39.971281","-75.121302","1515","6","0","0","0","0","0","0","0","0","","0","1","0","14","1","0","","1","1","39 58:16.610","1","2","75 07:16.686","0","0","0","0","67301","0","0","0","N","0","0","0","2","67301","0","","1.0","1650.0","1","N","N","N","0","","0","0","1","3","2","Y","1457","2","0","0","0","0","0","0","2","0","2","0","0","0","3","03","","N","","","","","","","","","",""
"2020057188","2055","1","0","0","0","0","0","0","0","0","7","0","","67","6","2020","2","39.997739","-75.196173","2052","6","0","0","0","0","0","0","0","0","","0","0","0","20","3","0","N","0","1","39 59:51.862","3","0","75 11:46.223","0","0","0","0","67301","0","0","0","N","0","0","0","1","68K01","0","","3.0","2100.0","1","N","N","N","0","","0","0","0","0","0","N","2049","1","0","0","0","0","0","0","2","0","1","0","0","0","3","","","N","","","","","","","","","",""
"2020040497","1259","1","0","0","0","0","0","0","0","0","7","0","","67","5","2020","6","40.038468","-75.144718","1257","6","0","0","0","0","0","2","0","0","","0","0","0","12","1","0","N","0","0","40 02:18.483","","0","75 08:40.983","0","0","0","0","67301","0","0","0","N","0","0","0","3","67301","0","","4.0","","1","N","N","N","0","","0","0","2","0","0","","1253","3","0","0","0","0","0","0","2","0","3","0","0","0","4","","","N","","","","","","","","","",""
"2020038945","0742","1","0","0","0","0","0","0","0","0","5","0","","67","5","2020","6","39.926152","-75.19439","0736","6","0","0","0","0","0","0","0","0","","0","0","0","7","1","1","N","0","1","39 55:34.148","3","0","75 11:39.805","8","0","0","0","67301","0","0","0","N","0","0","0","2","68K01","0","","1.0","836.0","1","N","N","N","0","","0","0","1","0","0","N","732","2","1","0","0","0","1","0","2","0","2","0","0","0","3","03","","N","","","","","","","","","",""
"2020077771","1514","0","0","0","0","0","0","1","0","0","5","1","","67","9","2020","6","40.007379","-75.213128","1504","6","0","0","0","0","0","1","0","0","","0","0","0","15","1","4","N","0","0","40 00:26.563","","0","75 12:47.260","4","0","0","0","67301","0","0","0","N","0","0","0","6","67508","4","","1.0","","1","N","N","Y","0","","0","0","1","0","0","","1504","2","4","0","0","0","0","0","2","0","2","0","0","0","3","03","","N","","","","","","","","","",""
"2020038498","2350","0","0","0","0","0","0","0","0","0","7","0","","67","5","2020","7","39.946585","-75.188578","2341","6","0","0","0","0","0","0","0","0","","0","0","0","23","3","1","N","0","2","39 56:47.705","4","0","75 11:18.880","3","0","0","0","67301","0","0","0","N","0","0","0","1","68K01","0","","4.0","1215.0","1","N","N","N","0","","1","0","1","0","0","Y","2339","1","1","1","0","0","0","0","2","0","1","0","0","0","3","03","","N","","","","","","","","","",""
"2020077900","1733","1","0","0","0","0","0","0","0","0","8","0","","67","6","2020","3","40.029328","-75.09455","1731","6","0","0","0","0","0","0","0","0","","0","0","0","16","1","1","N","0","9","40 01:45.580","","99","75 05:40.380","3","0","0","0","67301","1","0","0","N","1","0","0","2","67301","0","","9.0","","1","N","N","N","0","","1","0","0","0","0","U","1610","2","1","0","0","0","0","1","2","0","1","1","0","0","4","","","N","","","","","","","","","",""
"2020037692","2130","1","0","0","0","0","0","0","0","0","1","0","","67","5","2020","4","40.022661","-75.136813","2125","6","0","0","0","0","0","0","0","0","","0","0","0","20","3","0","","1","1","40 01:21.579","3","0","75 08:12.526","0","0","0","0","67301","0","0","0","N","0","0","0","2","67301","0","","1.0","2200.0","9","N","N","N","0","","0","0","1","3","2","N","2044","2","0","0","0","0","0","0","2","0","2","0","0","0","7","07","","N","","","","","","","","","",""