"CRN","ARRIVAL_TM","AUTOMOBILE_COUNT","BELTED_DEATH_COUNT","BELTED_SUSP_SERIOUS_INJ_COUNT","BICYCLE_COUNT","BICYCLE_DEATH_COUNT","BICYCLE_SUSP_SERIOUS_INJ_COUNT","BUS_COUNT","CHLDPAS_DEATH_COUNT","CHLDPAS_SUSP_SERIOUS_INJ_COUNT","COLLISION_TYPE","COMM_VEH_COUNT","CONS_ZONE_SPD_LIM","COUNTY","CRASH_MONTH","CRASH_YEAR","DAY_OF_WEEK","DEC_LATITUDE","DEC_LONGITUDE","DISPATCH_TM","DISTRICT","DRIVER_COUNT_16YR","DRIVER_COUNT_17YR","DRIVER_COUNT_18YR","DRIVER_COUNT_19YR","DRIVER_COUNT_20YR","DRIVER_COUNT_50_64YR","DRIVER_COUNT_65_74YR","DRIVER_COUNT_75PLUS","EST_HRS_CLOSED","FATAL_COUNT","HEAVY_TRUCK_COUNT","HORSE_BUGGY_COUNT","HOUR_OF_DAY","ILLUMINATION","INJURY_COUNT","INTERSECTION_RELATED","INTERSECT_TYPE","LANE_CLOSED","LATITUDE","LN_CLOSE_DIR","LOCATION_TYPE","LONGITUDE","MAX_SEVERITY_LEVEL","MCYCLE_DEATH_COUNT","MCYCLE_SUSP_SERIOUS_INJ_COUNT","MOTORCYCLE_COUNT","MUNICIPALITY","NONMOTR_COUNT","NONMOTR_DEATH_COUNT","NONMOTR_SUSP_SERIOUS_INJ_COUNT","NTFY_HIWY_MAINT","PED_COUNT","PED_DEATH_COUNT","PED_SUSP_SERIOUS_INJ_COUNT","PERSON_COUNT","POLICE_AGCY","POSSIBLE_INJ_COUNT","RDWY_SURF_TYPE_CD","RELATION_TO_ROAD","ROADWAY_CLEARED","ROAD_CONDITION","SCH_BUS_IND","SCH_ZONE_IND","SECONDARY_CRASH","SMALL_TRUCK_COUNT","SPEC_JURIS_CD","SUSP_MINOR_INJ_COUNT","SUSP_SERIOUS_INJ_COUNT","SUV_COUNT","TCD_FUNC_CD","TCD_TYPE","TFC_DETOUR_IND","TIME_OF_DAY","TOTAL_UNITS","TOT_INJ_COUNT","UNBELTED_OCC_COUNT","UNB_DEATH_COUNT","UNB_SUSP_SERIOUS_INJ_COUNT","UNK_INJ_DEG_COUNT","UNK_INJ_PER_COUNT","URBAN_RURAL","VAN_COUNT","VEHICLE_COUNT","VULNERABLE_ROAD_USER_COUNT","VULNERABLE_ROAD_USER_DEATH_COUNT","VULNERABLE_ROAD_USER_SER_INJ_COUNT","WEATHER1","WEATHER2","WORKERS_PRES","WORK_ZONE_IND","WORK_ZONE_LOC","WORK_ZONE_TYPE","WZ_CLOSE_DETOUR","WZ_FLAGGER","WZ_LAW_OFFCR_IND","WZ_LN_CLOSURE","WZ_MOVING","WZ_OTHER","WZ_SHLDER_MDN","WZ_WORKERS_INJ_KILLED"
"2020036896","0600","1","0","0","0","0","0","0","0","0","5","0","","67","5","2020","2","40.013908","-75.169418","0534","6","0","0","0","0","0","0","0","0","","0","0","0","5","3","0","N","0","0","40 00:50.070","","0","75 10:09.906","0","0","0","0","67301","0","0","0","N","0","0","0","1","67508","0","","6.0","","1","N","N","N","1","","0","0","0","0","0","","534","2","0","0","0","0","0","0","2","0","2","0","0","0","3","","","N","","","","","","","","","",""
"2020037694","0058","2","0","0","0","0","0","0","0","0","4","0","","67","5","2020","7","39.988487","-75.148686","0050","6","0","0","0","0","0","0","0","0","","0","0","0","0","3","0","","1","2","39 59:18.553","2","0","75 08:55.269","0","0","0","0","67301","0","0","0","N","0","0","0","2","67301","0","","1.0","100.0","9","N","N","N","0","","0","0","0","3","2","Y","30","2","0","0","0","0","0","0","2","0","2","0","0","0","7","04","","N","","","","","","","","","",""
"2020042324","1735","1","0","0","0","0","0","0","0","0","4","0","","67","5","2020","4","39.992147","-75.099277","1730","6","0","0","0","0","0","0","0","0","","0","0","0","17","1","0","","1","2","39 59:31.730","3","0","75 05:57.398","0","0","0","0","67301","0","0","0","N","0","0","0","2","67301","0","","1.0","1800.0","1","N","N","N","0","","0","0","1","3","2","Y","1725","2","0","2","0","0","0","0","2","0","2","0","0","0","3","03","","N","","","","","","","","","",""
"2020043434","2312","1","0","0","0","0","0","0","0","0","5","0","","67","6","2020","4","39.959508","-75.203642","2230","6","0","0","0","0","0","1","0","0","","0","0","0","22","3","0","N","0","0","39 57:34.230","","0","75 12:13.110","0","0","0","0","67301","0","0","0","N","0","0","0","1","67301","0","","6.0","","9","N","N","N","0","","0","0","1","0","0","","2230","2","0","0","0","0","0","0","2","0","2","0","0","0","7","07","","N","","","","","","","","","",""
"2020020214","1826","1","0","0","0","0","0","0","0","0","1","0","","67","2","2020","1","39.976861","-75.198194","1820","6","0","0","0","0","0","2","0","0","3","0","0","0","18","3","4","N","0","1","39 58:36.701","3","0","75 11:53.499","4","0","0","0","67301","0","0","0","N","0","0","0","17","68K01","4","","1.0","9999.0","1","N","N","N","0","","0","0","4","0","0","N","1813","5","4","0","0","0","0","0","2","0","5","0","0","0","3","","","N","","","","","","","","","",""
"2020084712","1959","1","0","0","0","0","0","0","0","0","2","0","","67","10","2020","6","40.007226","-75.123425","1959","6","0","0","0","0","1","0","0","0","","0","0","0","19","3","1","","1","1","40 00:26.015","3","0","75 07:24.331","3","0","0","0","67301","0","0","0","N","0","0","0","3","67301","0","","1.0","2038.0","1","N","N","N","0","","1","0","1","3","2","N","1959","2","1","1","0","0","0","0","2","0","2","0","0","0","3","03","","N","","","","","","","","","",""
"2020014219","1841","1","0","0","0","0","0","0","0","0","8","0","","67","2","2020","4","40.025239","-75.042708","1839","6","0","0","0","0","0","1","0","0","","0","0","0","18","3","2","N","0","0","40 01:30.860","","0","75 02:33.750","3","0","0","0","67301","1","0","0","N","1","0","0","2","67301","0","","5.0","","1","N","N","N","0","","2","0","0","0","0","","1838","2","2","0","0","0","0","0","2","0","1","1","0","0","3","","","N","","","","","","","","","",""
"2020043500","2121","1","0","0","0","0","0","0","0","0","6","0","","67","6","2020","3","40.032438","-75.107579","2116","6","0","0","0","0","0","0","0","0","","0","0","0","21","3","0","","2","0","40 01:56.776","","0","75 06:27.284","0","0","0","0","67301","0","0","0","N","0","0","0","1","67301","0","","1.0","","1","N","N","N","0","","0","0","1","0","0","","2114","2","0","0","0","0","0","0","2","0","2","0","0","0","3","","","N","","","","","","","","","",""
"2020046779","1640","3","0","0","0","0","0","0","0","0","1","0","","67","6","2020","6","39.9206","-75.24667","1631","6","0","0","0","0","0","1","0","0","","0","0","0","16","1","0","N","0","0","39 55:14.160","","0","75 14:48.011","9","0","0","0","67301","0","0","0","N","0","0","0","6","67301","0","","1.0","","1","N","N","N","0","","0","0","2","0","0","","1629","5","0","0","0","0","0","1","2","0","5","0","0","0","3","","","N","","","","","","","","","",""
"2020043795","1502","0","0","0","0","0","0","0","0","0","4","0","","67","6","2020","4","39.959767","-75.156553","1500","6","0","0","0","0","0","0","0","0","","0","0","0","14","1","2","","1","2","39 57:35.161","7","0","75 09:23.590","3","0","0","0","67301","0","0","0","N","0","0","0","3","67301","0","","1.0","1700.0","1","N","N","N","0","","2","0","2","3","3","Y","1458","2","2","3","0","0","0","0","2","0","2","0","0","0","3","03","","N","","","","","","","","","",""
"2020056474","0250","3","0","0","0","0","0","0","0","0","4","0","","67","7","2020","6","40.044264","-75.146917","0250","6","0","0","0","0","0","0","0","0","","0","0","0","2","3","0","N","0","0","40 02:39.350","","0","75 08:48.900","9","0","0","0","67301","0","0","0","N","0","0","0","1","67301","0","","1.0","","1","N","N","N","0","","0","0","0","0","0","","250","3","0","0","0","0","0","1","2","0","3","0","0","0","3","","","N","","","","","","","","","",""
"2020014067","1537","0","0","0","0","0","0","0","0","0","1","0","","67","2","2020","3","40.038219","-75.054817","1535","6","0","0","0","0","0","1","0","0","","0","0","0","15","1","1","N","0","1","40 02:17.590","4","0","75 03:17.340","4","0","0","0","67301","0","0","0","N","0","0","0","3","67301","1","","1.0","1602.0","1","N","N","N","0","","0","0","2","0","0","N","1513","3","1","0","0","0","0","0","2","1","3","0","0","0","4","","","N","","","","","","","","","",""
"2020021297","1820","0","0","0","0","0","0","0","0","0","0","0","","67","2","2020","2","40.035103","-75.071619","1817","6","0","0","1","0","0","0","1","0","","0","0","0","18","3","1","N","0","0","40 02:06.370","","0","75 04:17.830","4","0","0","0","67301","0","0","0","N","0","0","0","3","67301","1","","5.0","","1","N","N","N","0","","0","0","2","0","0","","1817","2","1","0","0","0","0","0","2","0","2","0","0","0","3","03","","N","","","","","","","","","",""
"2020014481","0723","2","0","0","0","0","0","0","0","0","4","0","","67","2","2020","4","39.95577","-75.15905","0720","6","0","0","0","0","0","0","0","0","","0","0","0","7","1","2","","1","1","39 57:20.771","3","0","75 09:32.581","3","0","0","0","67301","0","0","0","N","0","0","0","4","67301","1","","1.0","755.0","9","N","N","N","0","","1","0","0","3","2","Y","718","2","2","0","0","0","0","0","2","0","2","0","0","0","7","","","N","","","","","","","","","",""
"2020040186","0133","1","0","0","0","0","0","0","0","0","7","0","","67","5","2020","3","39.959913","-75.179103","0127","6","0","0","0","0","0","0","0","0","","0","0","0","1","3","0","N","0","0","39 57:35.688","","0","75 10:44.771","0","0","0","0","67301","0","0","0","N","0","0","0","2","68K01","0","","4.0","","1","N","N","N","0","","0","0","0","0","0","","126","1","0","0","0","0","0","0","2","0","1","0","0","0","3","","","N","","","","","","","","","",""
"2020014076","2217","1","0","0","0","0","0","0","0","0","4","0","","67","2","2020","4","40.008201","-75.142962","2215","6","0","0","0","0","0","0","0","0","","0","0","0","22","3","2","N","0","0","40 00:29.524","","0","75 08:34.664","4","0","0","0","67301","0","0","0","N","0","0","0","3","67301","2","","1.0","","1","N","N","N","0","","0","0","2","3","2","","2212","3","2","2","0","0","0","0","2","0","3","0","0","0","3","03","","N","","","","","","","","","",""
"2020013817","1248","1","0","0","0","0","0","0","0","0","1","0","","67","2","2020","3","40.104014","-75.002443","1245","6","0","0","0","0","0","1","0","0","","0","0","0","12","1","0","Y","0","2","40 06:14.450","1","0","75 00:08.796","0","0","0","0","67301","0","0","0","N","0","0","0","2","67301","0","","1.0","1350.0","1","N","N","N","0","","0","0","1","3","2","N","1240","2","0","0","0","0","0","0","2","0","2","0","0","0","3","03","","N","","","","","","","","","",""
"2020044493","2045","1","0","0","0","0","0","0","0","0","7","0","","67","5","2020","1","40.079287","-75.030024","2038","6","0","0","0","0","0","0","0","0","","0","0","0","20","3","0","N","0","1","40 04:45.434","1","0","75 01:48.085","0","0","0","0","67301","0","0","0","N","0","0","0","1","67301","0","","4.0","2100.0","1","N","N","N","0","","0","0","0","0","0","N","2035","1","0","0","0","0","0","0","2","0","1","0","0","0","3","03","","N","","","","","","","","","",""
"2020089967","0620","0","0","0","0","0","0","0","0","0","4","0","","67","10","2020","2","40.044175","-75.002753","0559","6","0","0","0","0","0","0","0","0","","0","0","0","5","3","1","N","0","0","40 02:39.031","","0","75 00:09.910","8","0","0","0","67301","0","0","0","N","0","0","0","2","68K01","0","","1.0","","9","N","N","N","0","","0","0","2","0","0","","557","2","1","0","0","0","1","0","2","0","2","0","0","0","7","04","","N","","","","","","","","","",""
"2020054458","1046","1","0","0","0","0","0","0","0","0","4","0","","67","7","2020","6","40.012208","-75.1099","1046","6","0","0","0","0","0","0","0","0","","0","1","0","10","1","2","N","0","9","40 00:43.950","","7","75 06:35.640","3","0","0","0","67301","0","0","0","N","0","0","0","4","67301","0","","1.0","","9","N","N","N","0","","2","0","0","0","0","U","1013","2","2","0","0","0","0","0","2","0","2","0","0","0","7","","","N","","","","","","","","","",""
"2020043596","1439","1","0","0","0","0","0","0","0","0","8","0","","67","6","2020","4","39.997181","-75.119064","1439","6","0","0","0","1","0","0","0","0","","0","0","0","14","1","1","N","0","0","39 59:49.851","","0","75 07:08.632","3","0","0","0","67301","1","0","0","N","1","0","0","2","67301","0","","1.0","","1","N","N","N","0","","1","0","0","0","0","","1430","2","1","1","0","0","0","0","2","0","1","1","0","0","3","03","","N","","","","","","","","","",""
"2020055008","2046","0","0","0","1","1","0","0","0","0","8","0","","67","7","2020","1","40.003714","-75.187364","2042","6","0","0","0","0","0","0","0","0","","1","0","0","20","3","0","N","0","0","40 00:13.370","","0","75 11:14.512","1","0","0","0","67301","1","1","0","N","0","0","0","2","67301","0","2","2.0","","1","N","N","N","0","0","0","0","0","0","0","","2037","2","0","0","0","0","0","1","2","0","1","1","1","0","3","","","N","","","","","","","","","",""
"2020055389","0056","4","0","0","0","0","0","0","0","0","1","0","","67","7","2020","1","40.006885","-75.198631","0045","6","0","0","0","0","0","0","0","0","","0","0","0","0","3","0","N","0","0","40 00:24.786","","0","75 11:55.070","9","0","0","0","67301","0","0","0","N","0","0","0","5","68K01","0","","1.0","","1","N","N","N","0","","0","0","0","0","0","","40","4","0","0","0","0","0","1","2","0","4","0","0","0","3","","","N","","","","","","","","","",""
"2020055380","0210","2","0","0","0","0","0","0","0","0","4","0","","67","7","2020","7","39.933307","-75.199996","0158","6","0","0","0","0","0","0","0","0","","0","0","0","1","3","2","N","0","0","39 55:59.906","","0","75 11:59.985","3","0","0","0","67301","0","0","0","N","0","0","0","4","68K01","0","","1.0","","1","N","N","N","0","","1","0","0","0","0","","157","2","2","0","0","0","1","0","2","0","2","0","0","0","3","03","","N","","","","","","","","","",""
"2020043414","1025","1","0","0","0","0","0","0","0","0","4","0","","67","6","2020","4","40.026587","-75.159281","1021","6","0","0","1","0","0","1","0","0","","0","0","0","10","1","2","","2","0","40 01:35.713","","0","75 09:33.411","3","0","0","0","67301","0","0","0","N","0","0","0","2","67301","0","","1.0","","1","N","N","N","0","","2","0","1","3","3","","1014","2","2","0","0","0","0","0","2","0","2","0","0","0","3","03","","N","","","","","","","","","",""
"2020047128","1456","1","0","0","0","0","0","0","0","0","7","0","","67","6","2020","5","39.962219","-75.139433","1444","6","0","0","0","0","0","0","0","0","","0","0","0","14","1","0","N","0","0","39 57:43.987","","0","75 08:21.959","0","0","0","0","67301","0","0","0","N","0","0","0","1","68K01","0","","2.0","","1","N","N","N","0","","0","0","0","0","0","","1427","1","0","0","0","0","0","0","2","0","1","0","0","0","3","03","","N","","","","","","","","","",""
"2020043599","2205","2","0","0","0","0","0","0","0","0","0","0","","67","6","2020","2","40.024014","-75.161706","2159","6","0","0","0","0","0","1","0","0","","0","0","0","21","3","1","N","0","0","40 01:26.450","","0","75 09:42.140","3","0","0","0","67301","0","0","0","N","0","0","0","1","67301","0","","1.0","","1","N","N","N","0","","1","0","1","0","0","","2154","3","1","0","0","0","0","0","2","0","3","0","0","0","3","03","","N","","","","","","","","","",""
"2020014798","2129","1","0","0","0","0","0","0","0","0","4","0","","67","2","2020","5","39.950462","-75.235053","2129","6","0","0","0","0","0","0","0","0","","0","0","0","21","3","0","","1","0","39 57:01.663","","0","75 14:06.190","0","0","0","0","67301","0","0","0","N","0","0","0","3","67301","0","","1.0","","9","N","N","N","0","","0","0","0","3","3","","2127","3","0","0","0","0","0","0","2","2","3","0","0","0","4","07","","N","","","","","","","","","",""
"2020030723","1645","1","0","0","0","0","0","0","0","0","4","0","","67","2","2020","3","39.958132","-75.150458","1640","6","0","0","0","0","0","0","0","0","","0","0","0","16","4","0","","1","0","39 57:29.275","","0","75 09:01.648","0","0","0","0","67301","0","0","0","N","0","0","0","2","67301","0","","1.0","","1","N","N","N","0","","0","0","1","9","9","","1630","2","0","0","0","0","0","0","2","0","2","0","0","0","3","03","","N","","","","","","","","","",""
"2020042543","2028","1","0","0","0","0","0","0","0","0","4","0","","67","5","2020","6","40.114262","-74.987919","2025","6","0","0","0","0","0","0","0","0","","0","0","0","20","4","0","","1","1","40 06:51.342","6","0","74 59:16.507","0","0","0","0","67301","0","0","0","N","0","0","0","4","67301","0","","1.0","2045.0","1","N","N","N","1","","0","0","0","3","2","N","2024","2","0","0","0","0","0","0","2","0","2","0","0","0","4","","","N","","","","","","","","","",""
"2020042329","0656","2","0","0","0","0","0","0","0","0","4","0","","67","5","2020","5","39.96892","-75.136201","0656","6","0","0","0","0","0","1","0","0","","0","0","0","6","5","0","","1","1","39 58:08.111","4","0","75 08:10.324","0","0","0","0","67301","0","0","0","N","0","0","0","2","67301","0","","1.0","715.0","1","N","N","N","0","","0","0","0","3","2","Y","645","2","0","0","0","0","0","0","2","0","2","0","0","0","3","03","","N","","","","","","","","","",""
"2020048223","1336","1","0","0","1","0","0","0","0","0","8","0","","67","6","2020","7","40.006002","-75.176695","1335","6","0","0","0","0","0","0","0","0","","0","0","0","12","1","1","","3","0","40 00:21.607","","0","75 10:36.101","3","0","0","0","67301","1","0","0","N","0","0","0","2","67301","0","","1.0","","1","N","N","N","0","","1","0","0","3","2","","1250","2","1","1","0","0","0","0","2","0","1","1","0","0","3","03","","N","","","","","","","","","",""
"2020014885","0943","1","0","0","0","0","0","0","0","0","4","0","","67","2","2020","6","40.025107","-75.062828","0937","6","0","0","0","0","0","1","0","0","","0","0","0","9","1","1","","1","0","40 01:30.385","","0","75 03:46.180","3","0","0","0","67301","0","0","0","N","0","0","0","3","67301","0","","1.0","","9","N","N","N","0","","1","0","1","3","1","","929","2","1","0","0","0","0","0","2","0","2","0","0","0","7","","","N","","","","","","","","","",""
"2020013140","1959","2","0","0","0","0","0","0","0","0","4","0","","67","2","2020","2","39.982651","-75.227038","1951","6","0","0","0","0","0","1","0","0","","0","0","0","19","3","5","","3","1","39 58:57.545","3","0","75 13:37.336","3","0","0","0","67301","0","0","0","N","0","0","0","6","67301","0","","1.0","1950.0","1","N","N","N","0","","4","0","0","3","2","N","1933","2","5","0","0","0","1","0","2","0","2","0","0","0","3","","","N","","","","","","","","","",""
"2020055624","2331","1","0","0","0","0","0","0","0","0","1","0","","67","5","2020","7","39.968432","-75.190976","2323","6","0","0","0","0","0","0","0","0","","0","0","0","23","3","1","N","0","2","39 58:06.356","4","0","75 11:27.515","8","0","0","1","67301","0","0","0","N","0","0","0","2","68K01","0","","1.0","2335.0","1","N","N","N","0","","0","0","0","0","0","N","2321","2","1","0","0","0","1","0","2","0","2","0","0","0","3","","","N","","","","","","","","","",""
"2020054199","1004","1","0","0","0","0","0","0","0","0","7","0","","67","5","2020","7","39.889075","-75.202175","0957","6","0","0","0","0","0","0","0","0","","0","0","0","9","1","0","N","0","1","39 53:20.670","2","0","75 12:07.829","0","0","0","0","67301","0","0","0","N","0","0","0","2","68K01","0","","4.0","1030.0","1","N","N","N","0","","0","0","0","0","0","N","955","1","0","2","0","0","0","0","2","0","1","0","0","0","3","","","N","","","","","","","","","",""
"2020054453","0457","2","0","0","0","0","0","0","0","0","2","0","","67","7","2020","7","40.035485","-75.178766","0457","6","0","0","0","0","0","1","0","0","","0","0","0","4","3","1","","1","0","40 02:07.746","","0","75 10:43.559","3","0","0","0","67301","0","0","0","N","0","0","0","1","67301","0","","1.0","","1","N","N","N","0","","1","0","0","9","2","","455","2","1","0","0","0","0","0","2","0","2","0","0","0","3","03","","N","","","","","","","","","",""
"2020015085","2150","1","0","0","0","0","0","0","0","1","4","0","","67","2","2020","5","39.993184","-75.10692","2145","6","0","0","0","0","0","0","0","0","","0","0","0","21","6","2","","1","0","39 59:35.462","","0","75 06:24.912","2","0","0","0","67301","0","0","0","N","0","0","0","3","67301","0","","1.0","","9","N","N","N","0","","0","1","1","3","3","","2145","2","2","0","0","0","1","1","2","0","2","0","0","0","7","","","N","","","","","","","","","",""
"2020014485","2055","0","0","0","0","0","0","0","0","0","8","0","","67","2","2020","4","39.970527","-75.148883","2050","6","0","0","0","0","0","0","0","0","","0","0","0","20","3","1","","1","0","39 58:13.897","","0","75 08:55.980","3","0","0","0","67301","1","0","0","N","1","0","0","2","67301","0","","1.0","","1","N","N","N","0","","1","0","0","9","2","","2040","2","1","0","0","0","0","0","2","0","1","1","0","0","3","03","","N","","","","","","","","","",""
"2020084900","1902","1","0","0","0","0","0","0","0","0","4","0","","67","9","2020","7","39.937146","-75.191028","1901","6","0","0","0","0","0","0","0","0","","0","0","0","19","3","1","","1","0","39 56:13.725","","0","75 11:27.700","3","0","0","0","67301","0","0","0","N","0","0","0","1","67301","0","","1.0","","1","N","N","Y","0","","1","0","1","9","3","","1900","2","1","1","0","0","0","0","2","0","2","0","0","0","3","03","","N","","","","","","","","","",""
"2020002536","0115","2","0","0","0","0","0","0","0","0","2","0","","67","1","2020","1","40.063708","-75.145886","0105","6","0","0","0","0","0","1","0","0","","0","0","0","0","3","0","N","0","1","40 03:49.350","1","0","75 08:45.190","9","0","0","0","67301","0","0","0","N","0","0","0","2","67301","0","","1.0","257.0","9","N","N","N","0","","0","0","1","0","0","N","55","3","0","0","0","0","0","1","2","0","3","0","0","0","3","03","","N","","","","","","","","","",""
"2020015374","1049","1","0","0","0","0","0","0","0","0","1","0","","67","2","2020","3","39.925629","-75.169321","1025","6","0","0","0","0","0","2","0","0","","0","0","0","10","1","1","","5","0","39 55:32.265","","0","75 10:09.554","8","0","0","0","67301","0","0","0","N","0","0","0","2","67301","0","","1.0","","9","N","N","N","0","","0","0","1","3","2","","1023","2","1","0","0","0","1","0","2","0","2","0","0","0","7","04","","N","","","","","","","","","",""
"2020044529","2157","2","0","0","0","0","0","0","0","0","5","0","","67","5","2020","5","39.993428","-75.166639","2147","6","0","0","0","0","0","0","0","0","","0","0","0","21","3","1","N","0","0","39 59:36.340","","0","75 09:59.900","8","0","0","0","67301","0","0","0","N","0","0","0","1","67301","0","","6.0","","1","N","N","N","0","","0","0","0","0","0","","2145","2","1","0","0","0","1","0","2","0","2","0","0","0","3","","","N","","","","","","","","","",""
"2020013818","0722","2","0","0","0","0","0","0","0","0","4","0","","67","2","2020","3","39.982651","-75.227038","0720","6","0","0","0","0","0","0","0","0","","0","0","0","7","1","1","","3","1","39 58:57.545","1","0","75 13:37.336","3","0","0","0","67301","0","0","0","N","0","0","0","3","67301","0","","1.0","815.0","9","N","N","N","0","","1","0","1","3","2","Y","719","3","1","0","0","0","0","1","2","0","3","0","0","0","7","04","","N","","","","","","","","","",""
"2020084716","1654","1","0","0","0","0","0","0","0","0","5","0","","67","10","2020","6","39.968192","-75.141856","1652","6","0","0","0","0","0","0","0","0","","0","0","0","15","1","0","N","0","0","39 58:05.490","","0","75 08:30.680","0","0","0","0","67301","0","0","0","N","0","0","0","0","67301","0","","6.0","","1","N","N","N","0","","0","0","1","0","0","","1505","2","0","0","0","0","0","0","2","0","2","0","0","0","3","","","N","","","","","","","","","",""
"2020086345","2006","1","0","0","0","0","0","0","0","0","4","0","","67","10","2020","5","40.080861","-75.028502","2002","6","0","0","0","0","1","0","0","0","","0","0","0","20","3","2","","1","1","40 04:51.101","1","0","75 01:42.607","3","0","0","0","67301","0","0","0","N","0","0","0","2","67301","0","","1.0","2035.0","1","N","N","N","0","","2","0","1","3","2","N","2000","2","2","0","0","0","0","0","2","0","2","0","0","0","3","","","N","","","","","","","","","",""
"2020014334","1707","1","0","0","0","0","0","0","0","0","4","0","","67","2","2020","5","39.984194","-75.152838","1705","6","0","0","0","0","0","0","0","0","","0","0","0","17","1","1","N","1","2","39 59:03.100","6","0","75 09:10.215","3","0","0","0","67301","0","0","0","N","0","0","0","2","67505","0","","1.0","1805.0","9","N","N","Y","1","","1","0","2","3","2","Y","1700","4","1","0","0","0","0","0","2","0","4","0","0","0","7","98","","N","","","","","","","","","",""
"2020035273","2311","5","0","0","0","0","0","0","0","0","4","0","","67","4","2020","7","39.992375","-75.161514","2311","6","0","0","0","0","0","0","0","0","","0","0","0","23","3","0","N","0","0","39 59:32.550","","0","75 09:41.450","0","0","0","0","67301","0","0","0","N","0","0","0","1","67301","0","","6.0","","1","N","N","N","0","","0","0","1","0","0","","2310","6","0","0","0","0","0","0","2","0","6","0","0","0","3","03","","N","","","","","","","","","",""
"2020013159","0705","0","0","0","1","0","0","0","0","0","8","0","","67","2","2020","3","39.947782","-75.193854","0700","6","0","0","0","0","0","1","0","0","","0","0","0","7","3","1","N","2","0","39 56:52.016","","0","75 11:37.876","3","0","0","0","67301","1","0","0","N","0","0","0","2","67504","0","","1.0","","1","N","N","N","1","","1","0","0","3","2","N","700","2","1","0","0","0","0","0","2","0","1","1","0","0","3","03","","N","","","","","","","","","",""
"2020013369","1945","1","0","0","0","0","0","0","0","0","8","0","","67","2","2020","2","39.957511","-75.217339","1930","6","0","0","0","0","0","0","0","0","","0","0","0","9","1","1","","1","0","39 57:27.041","","0","75 13:02.421","3","0","0","0","67301","1","0","0","N","1","0","0","2","67301","0","","1.0","","1","N","N","N","0","","1","0","0","3","2","","900","2","1","0","0","0","0","0","2","0","1","1","0","0","3","98","","N","","","","","","","","","",""
"2020047136","2052","1","0","0","0","0","0","0","0","0","7","0","","67","6","2020","6","40.035274","-75.017608","2037","6","0","0","0","0","1","0","0","0","","0","0","0","20","3","0","N","0","1","40 02:06.986","1","0","75 01:03.387","0","0","0","0","67301","0","0","0","N","0","0","0","1","68K01","0","","2.0","2010.0","9","N","N","N","0","","0","0","0","0","0","N","2036","1","0","0","0","0","0","0","2","0","1","0","0","0","7","07","","N","","","","","","","","","",""
"2020041253","0554","2","0","0","0","0","0","0","0","0","5","0","","67","5","2020","7","39.989053","-75.153089","0532","6","0","0","0","0","0","0","0","0","","0","0","0","4","3","0","N","0","0","39 59:20.590","","0","75 09:11.120","9","0","0","0","67301","0","0","0","N","0","0","0","1","67301","0","","6.0","","9","N","N","N","0","","0","0","0","0","0","","446","2","0","0","0","0","0","1","2","0","2","0","0","0","4","07","","N","","","","","","","","","",""
"2020083627","0704","1","0","0","0","0","0","0","0","0","4","0","","67","9","2020","3","39.946068","-75.189618","0657","6","0","0","0","0","0","0","0","0","","0","0","0","6","1","0","N","0","0","39 56:45.846","","0","75 11:22.625","0","0","0","0","67301","0","0","0","N","0","0","0","1","68K01","0","","4.0","","1","N","N","N","0","","0","0","1","0","0","","647","2","0","0","0","0","0","0","2","0","2","0","0","0","3","","","N","","","","","","","","","",""
"2020042327","0330","2","0","0","0","0","0","0","0","0","5","0","","67","5","2020","2","39.976547","-75.128597","0325","6","0","0","0","0","0","0","0","0","","0","0","0","3","3","0","N","0","0","39 58:35.570","","0","75 07:42.950","0","0","0","1","67301","0","0","0","N","0","0","0","1","67301","0","","6.0","","1","N","N","N","0","","0","0","2","0","0","","320","6","0","0","0","0","0","0","2","1","6","0","0","0","3","03","","N","","","","","","","","","",""
"2020041252","2020","3","0","0","0","0","0","0","0","0","4","0","","67","5","2020","6","39.991389","-75.159019","2018","6","0","0","0","0","0","1","0","0","","0","0","0","20","3","1","","1","0","39 59:29.000","","0","75 09:32.468","8","0","0","0","67301","0","0","0","N","0","0","0","2","67301","0","","1.0","","1","N","N","Y","0","","0","0","0","3","3","","2018","3","1","1","0","0","1","0","2","0","3","0","0","0","3","03","","N","","","","","","","","","",""
"2020040433","1900","0","0","0","0","0","0","0","0","0","8","0","","67","5","2020","4","39.929349","-75.218383","1900","6","0","0","0","0","0","0","0","0","","0","0","0","18","1","1","","1","0","39 55:45.655","","0","75 13:06.177","8","0","0","0","67301","1","0","0","N","1","0","0","2","67301","0","","1.0","","1","N","N","N","0","","0","0","0","0","0","","1843","2","1","0","0","0","1","0","2","0","1","1","0","0","3","03","","N","","","","","","","","","",""
"2020041552","1805","0","0","0","0","0","0","0","0","0","8","0","","67","5","2020","3","39.979606","-75.176272","1758","6","0","0","0","0","0","0","0","0","","0","0","0","17","1","1","N","0","0","39 58:46.580","","0","75 10:34.580","3","0","0","0","67301","1","0","0","N","1","0","0","2","67301","0","","1.0","","1","N","N","N","0","","1","0","1","0","0","","1750","2","1","0","0","0","0","0","2","0","1","1","0","0","3","03","","N","","","","","","","","","",""