"CRN","ARRIVAL_TM","AUTOMOBILE_COUNT","BELTED_DEATH_COUNT","BELTED_SUSP_SERIOUS_INJ_COUNT","BICYCLE_COUNT","BICYCLE_DEATH_COUNT","BICYCLE_SUSP_SERIOUS_INJ_COUNT","BUS_COUNT","CHLDPAS_DEATH_COUNT","CHLDPAS_SUSP_SERIOUS_INJ_COUNT","COLLISION_TYPE","COMM_VEH_COUNT","CONS_ZONE_SPD_LIM","COUNTY","CRASH_MONTH","CRASH_YEAR","DAY_OF_WEEK","DEC_LATITUDE","DEC_LONGITUDE","DISPATCH_TM","DISTRICT","DRIVER_COUNT_16YR","DRIVER_COUNT_17YR","DRIVER_COUNT_18YR","DRIVER_COUNT_19YR","DRIVER_COUNT_20YR","DRIVER_COUNT_50_64YR","DRIVER_COUNT_65_74YR","DRIVER_COUNT_75PLUS","EST_HRS_CLOSED","FATAL_COUNT","HEAVY_TRUCK_COUNT","HORSE_BUGGY_COUNT","HOUR_OF_DAY","ILLUMINATION","INJURY_COUNT","INTERSECTION_RELATED","INTERSECT_TYPE","LANE_CLOSED","LATITUDE","LN_CLOSE_DIR","LOCATION_TYPE","LONGITUDE","MAX_SEVERITY_LEVEL","MCYCLE_DEATH_COUNT","MCYCLE_SUSP_SERIOUS_INJ_COUNT","MOTORCYCLE_COUNT","MUNICIPALITY","NONMOTR_COUNT","NONMOTR_DEATH_COUNT","NONMOTR_SUSP_SERIOUS_INJ_COUNT","NTFY_HIWY_MAINT","PED_COUNT","PED_DEATH_COUNT","PED_SUSP_SERIOUS_INJ_COUNT","PERSON_COUNT","POLICE_AGCY","POSSIBLE_INJ_COUNT","RDWY_SURF_TYPE_CD","RELATION_TO_ROAD","ROADWAY_CLEARED","ROAD_CONDITION","SCH_BUS_IND","SCH_ZONE_IND","SECONDARY_CRASH","SMALL_TRUCK_COUNT","SPEC_JURIS_CD","SUSP_MINOR_INJ_COUNT","SUSP_SERIOUS_INJ_COUNT","SUV_COUNT","TCD_FUNC_CD","TCD_TYPE","TFC_DETOUR_IND","TIME_OF_DAY","TOTAL_UNITS","TOT_INJ_COUNT","UNBELTED_OCC_COUNT","UNB_DEATH_COUNT","UNB_SUSP_SERIOUS_INJ_COUNT","UNK_INJ_DEG_COUNT","UNK_INJ_PER_COUNT","URBAN_RURAL","VAN_COUNT","VEHICLE_COUNT","VULNERABLE_ROAD_USER_COUNT","VULNERABLE_ROAD_USER_DEATH_COUNT","VULNERABLE_ROAD_USER_SER_INJ_COUNT","WEATHER1","WEATHER2","WORKERS_PRES","WORK_ZONE_IND","WORK_ZONE_LOC","WORK_ZONE_TYPE","WZ_CLOSE_DETOUR","WZ_FLAGGER","WZ_LAW_OFFCR_IND","WZ_LN_CLOSURE","WZ_MOVING","WZ_OTHER","WZ_SHLDER_MDN","WZ_WORKERS_INJ_KILLED"
"2020046670","1814","1","0","0","0","0","0","0","0","0","7","0","","67","5","2020","5","39.919366","-75.148118","1810","6","0","0","0","0","0","0","0","0","","0","0","0","18","1","1","N","0","2","39 55:09.718","2","0","75 08:53.223","3","0","0","0","67301","0","0","0","N","0","0","0","1","68K01","0","","4.0","30.0","1","N","N","N","0","","1","0","0","0","0","N","1809","1","1","0","0","0","0","0","2","0","1","0","0","0","3","","","N","","","","","","","","","",""
"2020043879","1513","1","0","0","0","0","0","0","0","0","4","0","","67","6","2020","3","40.062056","-75.084749","1510","6","0","0","0","0","0","1","0","1","","0","0","0","14","1","3","","2","1","40 03:43.403","6","0","75 05:05.098","3","0","0","0","67301","0","0","0","N","0","0","0","3","67301","1","","1.0","1555.0","1","N","N","N","1","","2","0","1","3","2","N","1419","3","3","0","0","0","0","0","2","0","3","0","0","0","3","","","N","","","","","","","","","",""
"2020078953","0100","1","0","0","0","0","0","0","0","0","8","0","","67","9","2020","1","39.991899","-75.138362","0054","6","0","0","0","0","0","0","0","0","","1","0","0","0","3","0","N","1","0","39 59:30.836","","0","75 08:18.103","1","0","0","0","67301","1","1","0","N","1","1","0","2","67301","0","2","1.0","","1","N","N","N","0","0","0","0","0","3","2","","35","2","0","0","0","0","0","0","2","0","1","1","1","0","3","03","","N","","","","","","","","","",""
"2020063963","0229","0","0","0","0","0","0","0","0","0","6","0","","67","8","2020","1","40.009575","-75.095694","0229","6","0","0","0","0","0","0","0","0","","0","0","0","2","3","1","Y","0","0","40 00:34.470","","0","75 05:44.500","3","0","0","1","67301","0","0","0","N","0","0","0","1","67301","0","","6.0","","1","N","N","N","0","","1","0","2","3","2","","217","3","1","0","0","0","0","0","2","0","3","0","0","0","3","03","","N","","","","","","","","","",""
"2020014078","0421","2","0","0","0","0","0","0","0","0","6","0","","67","2","2020","3","40.050393","-75.153118","0421","6","0","0","0","0","0","0","0","0","","0","0","0","4","3","0","N","1","0","40 03:01.414","","0","75 09:11.224","0","0","0","0","67301","0","0","0","N","0","0","0","1","67301","0","","1.0","","1","N","N","N","0","","0","0","1","9","3","","420","3","0","0","0","0","0","0","2","0","3","0","0","0","3","03","","N","","","","","","","","","",""
"2020014348","0105","1","0","0","0","0","0","0","0","0","4","0","","67","2","2020","4","39.942628","-75.221405","0105","6","0","0","0","0","0","0","0","0","","0","0","0","1","3","0","","1","0","39 56:33.460","","0","75 13:17.058","0","0","0","0","67301","0","0","0","N","0","0","0","2","67301","0","","1.0","","9","N","N","N","0","","0","0","1","3","2","","105","2","0","0","0","0","0","0","2","0","2","0","0","0","7","98","","N","","","","","","","","","",""
"2020014581","0039","1","0","0","0","0","0","0","0","0","7","0","","67","2","2020","4","39.931966","-75.199994","0037","6","0","0","0","0","0","1","0","0","","0","0","0","0","3","0","N","0","1","39 55:55.078","3","0","75 11:59.980","0","0","0","0","67301","0","0","0","N","0","0","0","1","68K01","0","","4.0","30.0","1","N","N","N","0","","0","0","0","0","0","N","35","1","0","0","0","0","0","0","2","0","1","0","0","0","3","","","N","","","","","","","","","",""
"2020014797","1812","1","0","0","0","0","0","0","0","0","6","0","","67","2","2020","5","39.959219","-75.247452","1810","6","0","0","0","0","0","1","0","0","","0","0","0","18","2","1","N","0","0","39 57:33.187","","0","75 14:50.826","3","0","0","0","67301","0","0","0","N","0","0","0","2","67301","0","","1.0","","9","N","N","N","1","","1","0","0","0","0","","1804","2","1","0","0","0","0","0","2","0","2","0","0","0","7","04","","N","","","","","","","","","",""
"2020014640","2122","0","0","0","0","0","0","0","0","0","8","0","","67","2","2020","5","39.994653","-75.172667","2121","6","0","0","0","0","0","0","0","0","","0","0","0","21","3","1","","1","0","39 59:40.750","","0","75 10:21.601","3","0","0","0","67301","1","0","0","N","1","0","0","2","67301","0","","1.0","","9","N","N","N","0","","1","0","1","0","0","","2115","2","1","0","0","0","0","0","2","0","1","1","0","0","7","","","N","","","","","","","","","",""
"2020042318","1346","2","0","0","0","0","0","0","0","0","4","0","","67","5","2020","4","39.966908","-75.19212","1343","6","0","0","0","0","0","0","0","1","","0","0","0","13","1","3","","1","0","39 58:00.868","","0","75 11:31.632","8","0","0","0","67301","0","0","0","N","0","0","0","5","67301","0","","1.0","","1","N","N","N","0","","0","0","1","3","2","","1332","3","3","0","0","0","3","0","2","0","3","0","0","0","3","03","","N","","","","","","","","","",""
"2020022410","1408","1","0","0","0","0","0","0","0","0","4","0","","67","2","2020","5","40.025723","-75.0452","1405","6","0","0","0","0","0","0","0","0","","0","0","0","14","1","0","","1","0","40 01:32.602","","0","75 02:42.720","0","0","0","0","67301","0","0","0","N","0","0","0","3","67301","0","","1.0","","1","N","N","N","0","","0","0","1","3","3","","1403","2","0","0","0","0","0","0","2","0","2","0","0","0","3","03","","N","","","","","","","","","",""
"2020021960","0357","0","0","0","0","0","0","0","0","0","2","0","","67","2","2020","5","40.030041","-75.103218","0357","6","0","0","0","0","0","0","0","0","","0","0","0","3","3","2","N","0","0","40 01:48.147","","0","75 06:11.584","3","0","0","0","67301","0","0","0","N","0","0","0","3","67301","0","","1.0","","9","N","N","N","0","","1","0","1","0","0","","357","2","2","0","0","0","1","0","2","1","2","0","0","0","7","07","","N","","","","","","","","","",""
"2020090768","2346","0","0","0","0","0","0","0","0","0","5","1","","67","10","2020","6","39.994187","-75.198772","2346","6","0","0","0","0","0","1","0","0","","0","1","0","23","3","1","N","0","0","39 59:39.074","","0","75 11:55.579","3","0","0","0","67301","0","0","0","N","0","0","0","4","68K01","0","","1.0","","1","N","N","N","0","","1","0","1","0","0","","2346","2","1","0","0","0","0","0","2","0","2","0","0","0","3","","","N","","","","","","","","","",""
"2020042700","1849","1","0","0","1","0","0","0","0","0","8","0","","67","5","2020","5","40.027344","-75.127347","1839","6","0","0","0","0","0","0","0","0","","0","0","0","18","1","1","N","0","0","40 01:38.440","","0","75 07:38.450","3","0","0","0","67301","1","0","0","N","0","0","0","2","67301","0","","1.0","","1","N","N","N","0","","1","0","0","0","0","","1810","2","1","0","0","0","0","0","2","0","1","1","0","0","3","","","N","","","","","","","","","",""
"2020013974","1309","1","0","0","0","0","0","0","0","0","4","0","","67","2","2020","3","39.970146","-75.237445","1308","6","0","0","0","0","0","1","0","0","","0","0","0","13","1","2","","1","0","39 58:12.525","","0","75 14:14.801","3","0","0","0","67301","0","0","0","N","0","0","0","2","67301","0","","1.0","","98","N","N","N","0","","2","0","1","3","2","","1300","2","2","2","0","0","0","0","2","0","2","0","0","0","3","03","","N","","","","","","","","","",""
"2020017262","1126","0","0","0","0","0","0","0","0","0","7","0","","67","2","2020","6","40.037601","-75.012502","1118","6","0","0","0","0","0","1","0","0","","0","0","0","11","1","0","N","0","2","40 02:15.362","2","0","75 00:45.007","0","0","0","0","67301","0","0","0","N","0","0","0","2","68K01","0","","4.0","5.0","9","N","N","N","0","","0","0","1","0","0","N","1116","1","0","0","0","0","0","0","2","0","1","0","0","0","7","","","N","","","","","","","","","",""
"2020014882","1630","2","0","0","0","0","0","0","0","0","4","0","","67","2","2020","2","39.930286","-75.186263","1620","6","0","0","0","0","0","1","0","0","","0","0","0","15","1","1","","1","0","39 55:49.030","","0","75 11:10.546","3","0","0","0","67301","0","0","0","N","0","0","0","2","67301","0","","1.0","","1","N","N","N","0","","1","0","0","3","3","","1538","2","1","1","0","0","0","0","2","0","2","0","0","0","3","03","","N","","","","","","","","","",""
"2020084396","1547","1","0","0","0","0","0","0","0","0","4","0","","67","10","2020","7","40.057984","-75.01097","1536","6","0","0","0","0","0","1","0","0","","0","0","0","15","1","1","","2","1","40 03:28.743","3","0","75 00:39.492","2","0","1","1","67301","0","0","0","N","0","0","0","6","67301","0","","1.0","1646.0","1","N","N","N","0","","0","1","0","3","3","Y","1531","2","1","0","0","0","0","0","2","0","2","0","0","0","3","","","N","","","","","","","","","",""
"2020040101","0742","0","0","0","0","0","0","0","0","0","4","0","","67","5","2020","3","40.044861","-75.143355","0742","6","0","0","0","0","1","1","0","0","","0","0","0","7","1","1","N","0","1","40 02:41.498","1","7","75 08:36.077","3","0","0","0","67301","0","0","0","N","0","0","0","2","67301","0","","1.0","820.0","1","N","N","N","0","","1","0","1","0","0","N","715","2","1","0","0","0","0","0","2","1","2","0","0","0","3","03","","N","","","","","","","","","",""
"2020047712","0618","3","0","0","0","0","0","0","0","0","5","0","","67","6","2020","1","40.002131","-75.154478","0612","6","0","0","0","0","0","0","0","0","","0","0","0","5","5","0","N","0","0","40 00:07.670","","0","75 09:16.120","0","0","0","0","67301","0","0","0","N","0","0","0","1","67301","0","","6.0","","1","N","N","N","0","","0","0","1","0","0","","544","4","0","0","0","0","0","0","2","0","4","0","0","0","3","03","","N","","","","","","","","","",""
"2020041245","0020","2","0","0","0","0","0","0","0","0","5","0","","67","5","2020","1","39.956996","-75.247937","0019","6","0","0","0","0","0","0","1","0","","0","0","0","23","3","2","N","0","0","39 57:25.187","","0","75 14:52.572","8","0","0","0","67301","0","0","0","N","0","0","0","3","67301","0","","1.0","","1","N","N","N","0","","0","0","0","0","0","","2345","2","2","0","0","0","2","0","2","0","2","0","0","0","3","","","N","","","","","","","","","",""
"2020015485","0059","2","0","0","0","0","0","0","0","0","4","0","","67","2","2020","7","40.027245","-75.183525","0057","6","0","0","0","0","0","0","0","0","","0","0","0","0","3","0","","2","2","40 01:38.083","1","0","75 11:00.691","0","0","0","0","67301","0","0","0","N","0","0","0","1","67301","0","","4.0","220.0","1","N","N","N","0","","0","0","0","0","0","N","20","2","0","0","0","0","0","0","2","0","2","0","0","0","3","03","","N","","","","","","","","","",""
"2020017253","0912","1","0","0","0","0","0","0","0","0","1","0","","67","2","2020","3","40.037658","-75.011672","0850","6","0","0","0","0","0","0","0","0","","0","0","0","8","1","1","N","0","0","40 02:15.569","","0","75 00:42.019","4","0","0","0","67301","0","0","0","N","0","0","0","2","68K01","1","","1.0","","9","N","N","N","0","","0","0","1","0","0","","843","2","1","0","0","0","0","0","2","0","2","0","0","0","7","","","N","","","","","","","","","",""
"2020040658","1726","1","0","0","1","0","0","0","0","0","8","0","","67","5","2020","3","40.003379","-75.130271","1723","6","0","0","0","0","0","0","0","0","","0","0","0","17","1","1","","1","0","40 00:12.164","","0","75 07:48.975","4","0","0","0","67301","1","0","0","N","0","0","0","2","67301","1","","1.0","","1","N","N","N","0","","0","0","0","3","2","","1700","2","1","0","0","0","0","0","2","0","1","1","0","0","3","03","","N","","","","","","","","","",""
"2020013366","0847","1","0","0","0","0","0","0","0","0","7","0","","67","2","2020","3","39.937892","-75.16681","0844","6","0","0","0","0","0","1","0","0","","0","0","0","8","1","0","N","1","0","39 56:16.410","","0","75 10:00.515","0","0","0","0","67301","0","0","0","N","0","0","0","1","67301","0","","4.0","","9","N","N","N","0","","0","0","0","3","2","","838","1","0","1","0","0","0","0","2","0","1","0","0","0","7","04","","N","","","","","","","","","",""
"2020015161","0002","3","0","0","0","0","0","0","0","0","4","0","","67","2","2020","6","40.024576","-75.130555","2358","6","0","0","0","0","0","0","0","0","","0","0","0","23","3","0","","1","1","40 01:28.473","2","0","75 07:49.998","9","0","0","0","67301","0","0","0","N","0","0","0","3","67301","0","","1.0","38.0","1","N","N","N","1","","0","0","1","3","2","N","2358","5","0","0","0","0","0","3","2","0","5","0","0","0","3","","","N","","","","","","","","","",""
"2020036166","1821","3","0","0","0","0","0","0","0","0","6","0","","67","5","2020","7","39.970172","-75.237217","1821","6","0","0","0","0","0","0","0","0","","0","0","0","18","1","4","N","0","2","39 58:12.620","6","0","75 14:13.980","2","0","0","0","67301","0","0","0","N","0","0","0","4","67301","0","","6.0","2100.0","1","N","N","Y","0","","3","1","1","0","0","Y","1821","4","4","1","0","1","0","0","2","0","4","0","0","0","3","","","N","","","","","","","","","",""
"2020084499","1226","1","0","0","0","0","0","0","0","0","4","0","","67","10","2020","7","39.924608","-75.223072","1221","6","0","0","0","0","0","0","0","0","","0","0","0","11","1","0","N","0","0","39 55:28.590","","0","75 13:23.060","0","0","0","0","67301","0","0","0","N","0","0","0","2","67301","0","","4.0","","1","N","N","N","0","","0","0","3","0","0","","1128","4","0","0","0","0","0","0","2","0","4","0","0","0","4","04","","N","","","","","","","","","",""
"2020013584","0032","2","0","0","0","0","0","0","0","0","2","0","","67","2","2020","4","39.970121","-75.144143","0029","6","0","0","0","0","0","0","0","0","","0","0","0","0","3","0","N","0","0","39 58:12.434","","0","75 08:38.913","0","0","0","0","67301","0","0","0","N","0","0","0","1","67301","0","","6.0","","9","N","N","N","0","","0","0","0","0","0","","28","2","0","0","0","0","0","0","2","0","2","0","0","0","7","03","","N","","","","","","","","","",""
"2020027616","1620","1","0","0","0","0","0","0","0","0","1","0","","67","2","2020","7","39.979702","-75.107235","1609","6","0","0","0","0","0","1","0","0","","0","0","0","16","1","2","N","0","1","39 58:46.926","2","0","75 06:26.047","4","0","0","0","67301","0","0","0","N","0","0","0","11","68K01","2","","1.0","1732.0","1","N","N","N","0","","0","0","4","0","0","Y","1608","5","2","0","0","0","0","0","2","0","5","0","0","0","3","","","N","","","","","","","","","",""
"2020045452","2150","3","0","0","0","0","0","0","0","0","5","0","","67","6","2020","3","39.933922","-75.170961","2148","6","0","0","0","0","0","0","0","0","","0","0","0","21","3","0","N","0","0","39 56:02.120","","0","75 10:15.460","0","0","0","0","67301","0","0","0","N","0","0","0","1","67301","0","","6.0","","1","N","N","N","0","","0","0","3","0","0","","2148","7","0","0","0","0","0","0","2","1","7","0","0","0","3","03","","N","","","","","","","","","",""
"2020016054","0845","1","0","0","0","0","0","0","0","0","4","0","","67","2","2020","2","40.059851","-75.15013","0839","6","0","0","0","0","0","0","0","0","","0","0","0","7","1","1","","1","0","40 03:35.463","","0","75 09:00.467","8","0","0","0","67301","0","0","0","N","0","0","0","2","67301","0","","1.0","","9","N","N","N","0","","0","0","1","3","2","","759","2","1","0","0","0","1","1","2","0","2","0","0","0","7","","","N","","","","","","","","","",""
"2020047140","0756","1","0","0","0","0","0","0","0","0","7","1","","67","6","2020","7","40.033612","-75.020315","0753","6","0","0","0","0","0","1","0","0","","0","1","0","7","1","0","N","0","1","40 02:01.003","2","0","75 01:13.135","0","0","0","0","67301","0","0","0","N","0","0","0","2","68K01","0","","3.0","900.0","1","N","N","N","0","","0","0","0","0","0","N","749","3","0","0","0","0","0","0","2","0","2","0","0","0","4","04","","N","","","","","","","","","",""
"2020082398","1736","4","0","0","0","0","0","0","0","0","1","0","","67","9","2020","7","39.958927","-75.170205","1712","6","0","0","0","0","0","1","0","0","","0","0","0","17","3","5","N","0","1","39 57:32.136","4","0","75 10:12.739","3","0","0","0","67301","0","0","0","N","0","0","0","7","68K01","1","","1.0","1845.0","1","N","N","N","0","","4","0","0","0","0","N","1712","4","5","1","0","0","0","0","2","0","4","0","0","0","3","","","N","","","","","","","","","",""
"2020041418","2150","0","0","0","0","0","0","0","0","0","0","0","","67","5","2020","2","39.954889","-75.147389","2150","6","0","0","0","0","0","0","0","0","","0","0","0","21","3","0","N","0","2","39 57:17.600","3","2","75 08:50.600","0","0","0","1","67301","0","0","0","N","0","0","0","1","67501","0","","1.0","2200.0","1","N","N","N","0","","0","0","0","0","0","Y","2149","1","0","0","0","0","0","0","2","0","1","0","0","0","3","03","","N","","","","","","","","","",""
"2020083227","1606","2","0","0","0","0","0","0","0","0","1","0","","67","9","2020","1","39.980286","-75.205513","1606","6","0","0","0","0","0","0","0","0","","0","0","0","15","1","2","N","0","0","39 58:49.030","","0","75 12:19.846","3","0","0","0","67301","0","0","0","N","0","0","0","6","68K01","0","","1.0","","1","N","N","N","0","","2","0","0","0","0","","1541","2","2","0","0","0","0","0","2","0","2","0","0","0","3","","","N","","","","","","","","","",""
"2020039324","1900","1","0","0","0","0","0","0","0","0","4","0","","67","5","2020","1","39.957191","-75.158716","1900","6","0","0","0","0","0","1","0","0","","0","0","0","18","1","0","","1","1","39 57:25.888","2","3","75 09:31.377","0","0","0","0","67301","0","0","0","N","0","0","0","2","67301","0","","1.0","1930.0","1","N","N","N","0","","0","0","0","3","2","Y","1830","2","0","1","0","0","0","0","2","1","2","0","0","0","3","03","","N","","","","","","","","","",""
"2020050134","2035","0","0","0","0","0","0","0","0","0","8","0","","67","6","2020","6","40.036622","-75.069405","2025","6","0","0","0","0","0","0","1","0","","1","0","0","20","3","0","N","0","2","40 02:11.839","5","0","75 04:09.857","1","0","0","0","67301","1","1","0","N","1","1","0","2","67301","0","2","1.0","26.0","1","N","N","N","0","0","0","0","1","0","0","Y","2023","2","0","0","0","0","0","1","2","0","1","1","1","0","3","","","N","","","","","","","","","",""
"2020085481","2135","1","0","0","0","0","0","0","0","0","8","0","","67","10","2020","6","39.9442","-75.177172","2135","6","0","0","0","0","0","0","0","0","","0","0","0","19","3","1","","1","0","39 56:39.121","","0","75 10:37.818","8","0","0","0","67301","1","0","0","N","1","0","0","2","67301","0","","1.0","","1","N","N","N","0","","0","0","0","9","3","","1930","2","1","1","0","0","1","1","2","0","1","1","0","0","3","03","","N","","","","","","","","","",""
"2020055592","2012","0","0","0","0","0","0","0","0","0","4","1","","67","7","2020","5","39.942602","-75.157062","2010","6","0","0","0","0","0","0","0","0","","0","1","0","20","4","0","","1","0","39 56:33.366","","0","75 09:25.422","0","0","0","0","67301","0","0","0","N","0","0","0","2","67301","0","","1.0","","1","N","N","N","0","","0","0","1","3","2","","2005","2","0","2","0","0","0","0","2","0","2","0","0","0","3","03","","N","","","","","","","","","",""
"2020055500","1715","0","0","0","0","0","0","0","0","0","8","0","","67","7","2020","1","39.987968","-75.182302","1705","6","0","0","0","0","0","0","0","0","","0","0","0","20","3","1","","2","0","39 59:16.686","","0","75 10:56.288","3","0","0","0","67301","1","0","0","N","1","0","0","1","67301","0","","1.0","","1","N","N","N","0","","1","0","0","3","2","","2045","2","1","0","0","0","0","0","2","0","1","1","0","0","3","03","","N","","","","","","","","","",""
"2020054788","1821","0","0","0","0","0","0","0","0","0","6","0","","67","7","2020","3","40.032411","-75.182411","1820","6","0","0","0","0","0","0","0","0","","0","0","0","18","1","0","N","0","2","40 01:56.680","5","0","75 10:56.680","0","0","0","0","67301","0","0","0","N","0","0","0","0","67301","0","","1.0","1900.0","1","N","N","N","1","","0","0","1","0","0","N","1815","2","0","0","0","0","0","0","2","0","2","0","0","0","3","","","N","","","","","","","","","",""
"2020014947","1544","1","0","0","0","0","0","0","0","0","5","1","","67","2","2020","6","39.956828","-75.154724","1529","6","0","0","0","1","0","0","0","0","","0","1","0","14","1","0","N","0","2","39 57:24.579","3","0","75 09:17.007","0","0","0","0","67301","0","0","0","N","0","0","0","3","68K01","0","","1.0","1553.0","9","N","N","N","0","","0","0","1","0","0","N","1455","3","0","0","0","0","0","0","2","0","3","0","0","0","7","06","","N","","","","","","","","","",""
"2020014344","1615","1","0","0","0","0","0","0","0","0","1","0","","67","2","2020","5","39.955047","-75.152727","1610","6","0","0","0","0","0","1","0","0","","0","0","0","16","3","1","N","0","0","39 57:18.170","","0","75 09:09.818","3","0","0","0","67301","0","0","0","N","0","0","0","2","67301","0","","1.0","","9","N","N","N","0","","1","0","1","3","2","","1600","2","1","2","0","0","0","0","2","0","2","0","0","0","7","04","","N","","","","","","","","","",""
"2020043261","2140","1","0","0","0","0","0","0","0","0","4","0","","67","5","2020","6","40.007792","-75.102819","2132","6","0","0","0","0","1","0","0","0","","0","0","0","21","3","1","N","0","2","40 00:28.050","5","0","75 06:10.150","2","0","1","1","67301","0","0","0","N","0","0","0","2","67301","0","","1.0","100.0","1","N","N","N","0","","0","1","0","0","0","Y","2130","2","1","0","0","0","0","0","2","0","2","0","0","0","3","03","","N","","","","","","","","","",""
"2020013229","2332","1","0","0","0","0","0","0","0","0","5","0","","67","2","2020","2","39.938406","-75.179253","2330","6","0","0","0","0","0","1","0","0","","0","0","0","23","3","0","N","0","0","39 56:18.260","","0","75 10:45.310","0","0","0","0","67301","0","0","0","N","0","0","0","1","67301","0","","6.0","","1","N","N","N","0","","0","0","1","0","0","","2300","2","0","1","0","0","0","0","2","0","2","0","0","0","3","","","N","","","","","","","","","",""
"2020037312","1701","1","0","0","0","0","0","0","0","0","8","0","","67","5","2020","5","40.001728","-75.170222","1700","6","0","0","0","0","0","0","0","0","","0","0","0","16","1","1","N","0","0","40 00:06.220","","0","75 10:12.800","8","0","0","0","67301","1","0","0","N","1","0","0","2","67301","0","","1.0","","1","N","N","N","0","","0","0","0","0","0","","1657","2","1","0","0","0","1","0","2","0","1","1","0","0","3","03","","N","","","","","","","","","",""
"2020028010","1359","0","0","0","0","0","0","0","0","0","7","0","","67","2","2020","6","39.974132","-75.118236","1345","6","0","0","0","0","0","0","0","0","","0","0","0","13","1","0","N","0","0","39 58:26.876","","0","75 07:05.651","0","0","0","0","67301","0","0","0","N","0","0","0","1","68K01","0","","4.0","","1","N","N","N","0","","0","0","1","0","0","","1329","1","0","0","0","0","0","0","2","0","1","0","0","0","3","03","","N","","","","","","","","","",""
"2020016547","2318","2","0","0","0","0","0","0","0","0","7","0","","67","2","2020","5","40.035771","-75.016546","2300","6","0","0","0","0","0","1","0","0","","0","0","0","22","3","1","N","0","2","40 02:08.777","1","0","75 00:59.567","3","0","0","0","67301","0","0","0","N","0","0","0","2","68K01","0","","4.0","0.0","9","N","N","N","0","","1","0","0","0","0","N","2258","2","1","0","0","0","0","0","2","0","2","0","0","0","7","05","","N","","","","","","","","","",""
"2020043091","1400","1","0","0","0","0","0","0","0","0","6","0","","67","6","2020","3","40.035485","-75.114021","1352","6","0","0","0","0","1","1","0","0","","0","0","0","13","1","2","","2","0","40 02:07.746","","0","75 06:50.477","3","0","0","0","67301","0","0","0","N","0","0","0","2","67301","0","","1.0","","1","N","N","N","0","","2","0","1","0","0","","1347","2","2","0","0","0","0","0","2","0","2","0","0","0","4","04","","N","","","","","","","","","",""
"2020045211","2320","1","0","0","0","0","0","0","0","0","7","0","","67","6","2020","4","39.886575","-75.206267","2308","6","0","0","0","0","0","0","0","0","","0","0","0","23","3","1","N","0","1","39 53:11.670","2","0","75 12:22.561","3","0","0","0","67301","0","0","0","N","0","0","0","1","68K01","0","","4.0","2357.0","9","N","N","N","0","","1","0","0","0","0","N","2300","1","1","0","0","0","0","0","2","0","1","0","0","0","7","","","N","","","","","","","","","",""
"2020013637","0238","1","0","0","0","0","0","0","0","0","6","0","","67","2","2020","4","40.052783","-75.181","0235","6","0","0","0","0","0","0","0","0","","0","0","0","2","3","0","N","0","0","40 03:10.020","","0","75 10:51.600","0","0","0","0","67301","0","0","0","N","0","0","0","1","67301","0","","6.0","","1","N","N","N","0","","0","0","1","0","0","","234","3","0","0","0","0","0","0","2","1","3","0","0","0","3","03","","N","","","","","","","","","",""
"2020015884","0241","1","0","0","0","0","0","0","0","0","4","0","","67","2","2020","6","40.018906","-75.14723","0241","6","0","0","0","0","0","0","0","0","","0","0","0","2","3","2","","1","1","40 01:08.061","1","0","75 08:50.029","3","0","0","0","67301","0","0","0","N","0","0","0","3","67301","0","","1.0","510.0","9","N","N","N","0","","2","0","1","3","2","N","235","2","2","0","0","0","0","0","2","0","2","0","0","0","7","07","","N","","","","","","","","","",""
"2020013640","1152","1","0","0","0","0","0","0","0","0","4","0","","67","2","2020","2","39.954639","-75.226444","1152","6","0","0","0","0","0","1","0","0","","0","0","0","11","1","1","N","0","0","39 57:16.702","","0","75 13:35.199","3","0","0","0","67301","0","0","0","N","0","0","0","2","67301","0","","1.0","","1","N","N","N","1","","1","0","0","0","0","","1150","2","1","0","0","0","0","0","2","0","2","0","0","0","3","03","","N","","","","","","","","","",""
"2020085157","1600","0","0","0","0","0","0","0","0","0","4","0","","67","10","2020","6","39.91442","-75.15306","1556","6","0","0","0","0","0","1","0","0","","1","0","0","15","1","0","N","2","0","39 54:51.912","","0","75 09:11.017","1","1","0","1","67301","0","0","0","N","0","0","0","2","67301","0","2","1.0","","1","N","N","N","0","0","0","0","1","3","2","","1546","2","0","0","0","0","0","0","2","0","2","0","0","0","3","","","N","","","","","","","","","",""
"2020015272","0911","0","0","0","0","0","0","0","0","0","4","0","","67","2","2020","2","39.921899","-75.189063","0911","6","0","0","0","0","0","0","0","0","","0","0","0","9","1","2","","2","0","39 55:18.835","","0","75 11:20.628","8","0","0","0","67301","0","0","0","N","0","0","0","2","67301","0","","1.0","","1","N","N","N","0","","0","0","2","0","0","","909","2","2","0","0","0","2","0","2","0","2","0","0","0","3","03","","N","","","","","","","","","",""
"2020014983","1327","1","0","0","0","0","0","0","0","0","7","0","","67","2","2020","6","40.018067","-75.168252","1318","6","0","0","0","0","0","0","0","0","","0","0","0","11","8","1","","3","0","40 01:05.041","","2","75 10:05.708","3","0","0","0","67301","0","0","0","N","0","0","0","1","67301","0","","5.0","","9","N","N","N","0","","1","0","0","0","0","","1156","1","1","0","0","0","0","0","2","0","1","0","0","0","7","","","N","","","","","","","","","",""