"CRN","ARRIVAL_TM","AUTOMOBILE_COUNT","BELTED_DEATH_COUNT","BELTED_SUSP_SERIOUS_INJ_COUNT","BICYCLE_COUNT","BICYCLE_DEATH_COUNT","BICYCLE_SUSP_SERIOUS_INJ_COUNT","BUS_COUNT","CHLDPAS_DEATH_COUNT","CHLDPAS_SUSP_SERIOUS_INJ_COUNT","COLLISION_TYPE","COMM_VEH_COUNT","CONS_ZONE_SPD_LIM","COUNTY","CRASH_MONTH","CRASH_YEAR","DAY_OF_WEEK","DEC_LATITUDE","DEC_LONGITUDE","DISPATCH_TM","DISTRICT","DRIVER_COUNT_16YR","DRIVER_COUNT_17YR","DRIVER_COUNT_18YR","DRIVER_COUNT_19YR","DRIVER_COUNT_20YR","DRIVER_COUNT_50_64YR","DRIVER_COUNT_65_74YR","DRIVER_COUNT_75PLUS","EST_HRS_CLOSED","FATAL_COUNT","HEAVY_TRUCK_COUNT","HORSE_BUGGY_COUNT","HOUR_OF_DAY","ILLUMINATION","INJURY_COUNT","INTERSECTION_RELATED","INTERSECT_TYPE","LANE_CLOSED","LATITUDE","LN_CLOSE_DIR","LOCATION_TYPE","LONGITUDE","MAX_SEVERITY_LEVEL","MCYCLE_DEATH_COUNT","MCYCLE_SUSP_SERIOUS_INJ_COUNT","MOTORCYCLE_COUNT","MUNICIPALITY","NONMOTR_COUNT","NONMOTR_DEATH_COUNT","NONMOTR_SUSP_SERIOUS_INJ_COUNT","NTFY_HIWY_MAINT","PED_COUNT","PED_DEATH_COUNT","PED_SUSP_SERIOUS_INJ_COUNT","PERSON_COUNT","POLICE_AGCY","POSSIBLE_INJ_COUNT","RDWY_SURF_TYPE_CD","RELATION_TO_ROAD","ROADWAY_CLEARED","ROAD_CONDITION","SCH_BUS_IND","SCH_ZONE_IND","SECONDARY_CRASH","SMALL_TRUCK_COUNT","SPEC_JURIS_CD","SUSP_MINOR_INJ_COUNT","SUSP_SERIOUS_INJ_COUNT","SUV_COUNT","TCD_FUNC_CD","TCD_TYPE","TFC_DETOUR_IND","TIME_OF_DAY","TOTAL_UNITS","TOT_INJ_COUNT","UNBELTED_OCC_COUNT","UNB_DEATH_COUNT","UNB_SUSP_SERIOUS_INJ_COUNT","UNK_INJ_DEG_COUNT","UNK_INJ_PER_COUNT","URBAN_RURAL","VAN_COUNT","VEHICLE_COUNT","VULNERABLE_ROAD_USER_COUNT","VULNERABLE_ROAD_USER_DEATH_COUNT","VULNERABLE_ROAD_USER_SER_INJ_COUNT","WEATHER1","WEATHER2","WORKERS_PRES","WORK_ZONE_IND","WORK_ZONE_LOC","WORK_ZONE_TYPE","WZ_CLOSE_DETOUR","WZ_FLAGGER","WZ_LAW_OFFCR_IND","WZ_LN_CLOSURE","WZ_MOVING","WZ_OTHER","WZ_SHLDER_MDN","WZ_WORKERS_INJ_KILLED"
"2020015483","2151","1","0","0","0","0","0","0","0","0","4","0","","67","2","2020","4","39.997865","-75.185017","2054","6","0","0","0","0","0","0","0","0","","0","0","0","20","2","2","","2","0","39 59:52.314","","0","75 11:06.061","3","0","0","0","67301","0","0","0","N","0","0","0","2","67301","0","","1.0","","1","N","N","N","0","","2","0","0","3","2","","2054","2","2","0","0","0","0","0","2","1","2","0","0","0","3","03","","N","","","","","","","","","",""
"2020041545","2030","0","0","0","0","0","0","0","0","0","6","0","","67","5","2020","2","40.056278","-75.183097","2020","6","0","0","0","0","0","0","0","0","","0","0","0","20","4","0","N","0","0","40 03:22.600","","0","75 10:59.150","0","0","0","0","67301","0","0","0","N","0","0","0","1","67301","0","","6.0","","1","N","N","N","0","","0","0","3","0","0","","2010","3","0","0","0","0","0","0","2","0","3","0","0","0","3","03","","N","","","","","","","","","",""
"2020016544","2311","2","0","0","0","0","0","0","0","0","1","0","","67","2","2020","4","39.943581","-75.192546","2252","6","0","0","0","0","0","0","0","0","","0","0","0","22","2","0","","6","0","39 56:36.891","","2","75 11:33.166","0","0","0","0","67301","0","0","0","N","0","0","0","2","68K01","0","","1.0","","9","N","N","N","0","","0","0","0","0","0","","2250","2","0","0","0","0","0","0","2","0","2","0","0","0","7","","","N","","","","","","","","","",""
"2020039646","0026","5","0","0","0","0","0","0","0","0","5","0","","67","5","2020","3","39.979639","-75.153056","0025","6","0","1","0","0","0","0","0","0","","0","0","0","0","3","0","N","0","0","39 58:46.700","","0","75 09:11.000","0","0","0","0","67301","0","0","0","N","0","0","0","3","67505","0","","6.0","","1","N","N","N","0","","0","0","0","0","0","","24","5","0","0","0","0","0","0","2","0","5","0","0","0","3","03","","N","","","","","","","","","",""
"2020041244","1500","0","0","0","0","0","0","0","0","0","1","0","","67","5","2020","1","39.945144","-75.198353","1446","6","0","0","0","0","0","0","0","0","","0","0","0","14","1","2","N","0","0","39 56:42.519","","99","75 11:54.071","3","0","0","0","67301","0","0","0","N","0","0","0","2","67301","0","","1.0","","1","N","N","N","0","","2","0","2","0","0","","1430","2","2","1","0","0","0","0","2","0","2","0","0","0","3","03","","N","","","","","","","","","",""
"2020040452","2350","2","0","0","0","0","0","0","0","0","5","0","","67","5","2020","5","40.051728","-75.054164","2342","6","0","0","0","0","0","0","0","0","","0","0","0","23","3","1","N","0","0","40 03:06.220","","0","75 03:14.990","8","0","0","0","67301","0","0","0","N","0","0","0","1","67301","0","","6.0","","1","N","N","N","0","","0","0","1","0","0","","2335","4","1","0","0","0","1","0","2","1","4","0","0","0","3","03","","N","","","","","","","","","",""
"2020043504","0938","2","0","0","0","0","0","0","0","0","1","0","","67","6","2020","3","40.034642","-75.026419","0938","6","0","0","0","0","0","0","0","0","","0","0","0","3","3","0","N","0","0","40 02:04.712","","0","75 01:35.109","0","0","0","0","67301","0","0","0","N","0","0","0","1","67301","0","","6.0","","1","N","N","N","0","","0","0","1","0","0","","300","3","0","0","0","0","0","0","2","0","3","0","0","0","3","03","","N","","","","","","","","","",""
"2020042314","0447","1","0","0","0","0","0","0","0","0","8","0","","67","5","2020","5","40.027134","-75.064976","0447","6","0","0","0","0","0","1","0","0","","0","0","0","4","3","1","","5","0","40 01:37.684","","0","75 03:53.913","3","0","0","0","67301","1","0","0","N","1","0","0","2","67301","0","","1.0","","9","N","N","N","0","","1","0","0","3","2","","446","2","1","0","0","0","0","0","2","0","1","1","0","0","7","04","","N","","","","","","","","","",""
"2020017819","1208","1","0","0","0","0","0","0","0","0","4","0","","67","2","2020","6","40.053988","-75.048889","1204","6","0","0","0","0","0","1","0","0","","0","0","0","12","1","2","","1","1","40 03:14.357","1","0","75 02:56.000","3","0","0","0","67301","0","0","0","N","0","0","0","2","67301","0","","1.0","1325.0","9","N","N","N","0","","2","0","0","3","2","N","1201","2","2","0","0","0","0","0","2","1","2","0","0","0","7","07","","N","","","","","","","","","",""
"2020013139","1929","1","0","0","0","0","0","0","0","0","4","0","","67","2","2020","2","39.963548","-75.24043","1921","6","0","0","0","0","0","0","0","0","","0","0","0","19","3","3","","1","0","39 57:48.772","","0","75 14:25.547","3","0","0","0","67301","0","0","0","N","0","0","0","4","67301","0","","1.0","","1","N","N","N","0","","3","0","1","3","3","","1921","2","3","0","0","0","0","0","2","0","2","0","0","0","3","","","N","","","","","","","","","",""
"2020084705","1402","0","0","0","0","0","0","0","0","0","8","0","","67","10","2020","7","39.987719","-75.182001","1400","6","0","0","0","0","0","0","0","0","","0","1","0","13","1","1","N","0","0","39 59:15.787","","0","75 10:55.203","3","0","0","0","67301","1","0","0","N","1","0","0","1","67301","0","","1.0","","1","N","N","N","0","","1","0","0","0","0","","1351","2","1","0","0","0","0","0","2","0","1","1","0","0","3","03","","N","","","","","","","","","",""
"2020054260","2117","1","0","0","1","1","0","0","0","0","8","0","","67","7","2020","3","39.96902","-75.184017","2113","6","0","0","0","0","0","0","0","0","","1","0","0","21","3","0","N","0","0","39 58:08.472","","0","75 11:02.462","1","0","0","0","67301","1","1","0","N","0","0","0","2","67301","0","2","1.0","","1","N","N","N","0","0","0","0","0","0","0","","2110","2","0","0","0","0","0","0","2","0","1","1","1","0","3","","","N","","","","","","","","","",""
"2020041754","2020","0","0","0","0","0","0","0","0","0","4","0","","67","5","2020","4","40.055319","-75.07335","2013","6","0","0","0","0","1","0","1","0","","0","0","0","20","3","2","","1","0","40 03:19.147","","0","75 04:24.059","8","0","0","0","67301","0","0","0","N","0","0","0","4","67301","0","","1.0","","1","N","N","N","0","","0","0","1","3","2","","2009","3","2","0","0","0","2","0","2","2","3","0","0","0","3","03","","N","","","","","","","","","",""
"2020045958","0648","1","0","0","0","0","0","0","0","0","7","0","","67","5","2020","2","40.03329","-75.020227","0643","6","0","0","0","0","0","0","0","0","","0","0","0","6","1","0","N","0","1","40 01:59.845","1","0","75 01:12.818","0","0","0","0","67301","0","0","0","N","0","0","0","1","68K01","0","","4.0","720.0","9","N","N","N","0","","0","0","0","0","0","N","641","1","0","1","0","0","0","0","2","0","1","0","0","0","7","","","N","","","","","","","","","",""
"2020047473","1743","1","0","0","0","0","0","0","0","0","7","0","","67","6","2020","4","39.979846","-75.105653","1730","6","0","0","0","0","0","1","0","0","","0","0","0","17","1","0","N","0","1","39 58:47.444","1","0","75 06:20.350","0","0","0","0","67301","0","0","0","N","0","0","0","1","68K01","0","","4.0","1845.0","1","N","N","Y","0","","0","0","0","0","0","N","1730","1","0","0","0","0","0","0","2","0","1","0","0","0","3","","","N","","","","","","","","","",""
"2020013975","2109","1","0","0","0","0","0","0","0","0","4","0","","67","2","2020","3","39.979056","-75.239123","2107","6","0","0","0","0","0","1","0","0","","0","0","0","20","3","1","","1","0","39 58:44.601","","0","75 14:20.842","3","0","0","0","67301","0","0","0","N","0","0","0","2","67301","0","","1.0","","1","N","N","N","0","","1","0","2","3","3","","2027","3","1","0","0","0","0","0","2","0","3","0","0","0","4","04","","N","","","","","","","","","",""
"2020015150","0430","1","0","0","0","0","0","0","0","0","7","0","","67","2","2020","5","40.026014","-75.095753","0417","6","0","0","0","0","0","0","0","0","","0","0","0","4","3","1","N","0","1","40 01:33.650","1","0","75 05:44.711","8","0","0","0","67301","0","0","0","N","0","0","0","1","67301","0","","5.0","530.0","9","N","N","N","0","","0","0","0","0","0","N","415","1","1","0","0","0","1","0","2","0","1","0","0","0","7","07","","N","","","","","","","","","",""
"2020042304","1645","0","0","0","0","0","0","0","0","0","8","0","","67","5","2020","2","40.089449","-74.97644","1640","6","0","0","0","0","0","0","0","0","","0","0","0","16","1","1","","1","0","40 05:22.016","","0","74 58:35.184","2","0","0","0","67301","1","0","1","N","1","0","1","2","67301","0","","1.0","","1","N","N","N","0","","0","1","0","3","3","","1630","2","1","0","0","0","0","1","2","0","1","1","0","1","3","03","","N","","","","","","","","","",""
"2020083011","1334","0","0","0","0","0","0","0","0","0","8","0","","67","10","2020","3","40.063063","-75.086585","1325","6","0","0","0","0","0","0","1","0","","0","0","0","13","1","1","","1","0","40 03:47.028","","0","75 05:11.707","8","0","0","0","67301","1","0","0","N","1","0","0","2","67301","0","","1.0","","1","N","N","N","0","","0","0","1","3","2","","1325","2","1","0","0","0","1","0","2","0","1","1","0","0","3","","","N","","","","","","","","","",""
"2020041259","0437","2","0","0","0","0","0","0","0","0","5","0","","67","5","2020","6","40.020944","-75.136778","0429","6","0","0","0","0","0","0","0","0","","0","0","0","4","3","1","N","0","0","40 01:15.400","","0","75 08:12.400","3","0","0","0","67301","0","0","0","N","0","0","0","1","67301","0","","6.0","","1","N","N","N","0","","1","0","1","0","0","","429","3","1","0","0","0","0","0","2","0","3","0","0","0","3","03","","N","","","","","","","","","",""
"2020013558","1002","0","0","0","0","0","0","0","0","0","4","0","","67","2","2020","3","40.063741","-75.083477","0953","6","0","0","0","0","0","0","1","0","","0","0","0","9","1","0","","1","0","40 03:49.466","","0","75 05:00.516","0","0","0","0","67301","0","0","0","N","0","0","0","3","67301","0","","1.0","","9","N","N","N","0","","0","0","2","3","2","","948","2","0","0","0","0","0","0","2","0","2","0","0","0","7","03","","N","","","","","","","","","",""
"2020015079","2019","1","0","0","0","0","0","0","0","0","4","0","","67","2","2020","5","40.062491","-74.987073","2019","6","0","0","0","0","0","1","0","0","","0","0","0","20","3","1","","1","1","40 03:44.969","1","0","74 59:13.463","3","0","0","0","67301","0","0","0","N","0","0","0","6","67301","0","","1.0","2110.0","9","N","N","N","0","","1","0","1","9","2","N","2012","2","1","1","0","0","0","0","2","0","2","0","0","0","7","07","","N","","","","","","","","","",""
"2020086201","1647","0","0","0","0","0","0","0","0","0","4","0","","67","10","2020","7","39.987464","-75.255655","1647","6","0","0","0","0","1","0","1","0","","1","0","0","16","1","0","","2","2","39 59:14.871","7","0","75 15:20.359","1","1","0","1","67301","0","0","0","N","0","0","0","3","67301","0","2","1.0","1830.0","1","N","N","N","0","0","0","0","2","0","0","Y","1620","3","0","0","0","0","0","0","2","0","3","0","0","0","3","","","N","","","","","","","","","",""
"2020014883","2203","2","0","0","0","0","0","0","0","0","4","0","","67","2","2020","4","40.066559","-75.158674","2203","6","0","0","0","0","0","1","0","0","","0","0","0","22","6","1","","2","0","40 03:59.612","","0","75 09:31.227","3","0","0","0","67301","0","0","0","N","0","0","0","3","67301","0","","1.0","","1","N","N","Y","0","","1","0","0","3","3","","2203","3","1","0","0","0","0","1","2","0","3","0","0","0","3","","","N","","","","","","","","","",""
"2020054456","1814","1","0","0","0","0","0","0","0","0","7","0","","67","7","2020","6","39.996144","-75.202039","1804","6","0","0","0","0","0","0","0","0","","0","0","0","18","1","1","N","0","0","39 59:46.120","","0","75 12:07.340","2","0","0","0","67301","0","0","0","N","0","0","0","1","67301","0","","5.0","","9","N","N","N","0","","0","1","0","0","0","","1803","1","1","0","0","0","0","0","2","0","1","0","0","0","7","04","","N","","","","","","","","","",""
"2020083237","1311","1","0","0","0","0","0","0","0","0","1","0","","67","9","2020","5","39.958896","-75.169959","1259","6","0","0","0","0","0","0","0","0","","0","0","0","12","1","1","N","0","0","39 57:32.026","","1","75 10:11.853","4","0","0","0","67301","0","0","0","N","0","0","0","2","68K01","1","","1.0","","1","N","N","N","0","","0","0","0","0","0","","1242","2","1","0","0","0","0","1","2","0","2","0","0","0","3","","","N","","","","","","","","","",""
"2020054018","1736","1","0","0","0","0","0","0","0","0","4","0","","67","7","2020","4","40.053182","-75.156711","1723","6","0","0","0","0","0","1","0","0","","1","0","0","17","1","2","N","1","0","40 03:11.455","","0","75 09:24.159","1","0","0","0","67301","0","0","0","N","0","0","0","3","67301","0","2","1.0","","1","N","N","N","0","0","0","0","1","0","0","","1702","2","2","1","1","0","2","0","2","0","2","0","0","0","3","03","","N","","","","","","","","","",""
"2020036666","1155","1","0","0","0","0","0","0","0","0","4","0","","67","5","2020","1","40.056736","-75.046864","1151","6","0","0","0","0","0","0","1","0","","0","0","0","11","1","3","","1","2","40 03:24.250","2","0","75 02:48.711","4","0","0","0","67301","0","0","0","N","0","0","0","3","67301","3","","1.0","1230.0","1","N","N","N","0","","0","0","1","3","2","Y","1145","2","3","0","0","0","0","0","2","0","2","0","0","0","3","03","","N","","","","","","","","","",""
"2020014981","2020","1","0","0","0","0","0","0","0","0","4","0","","67","2","2020","5","40.044846","-75.017462","2014","6","0","0","0","0","1","0","0","0","","0","0","0","20","3","0","","2","0","40 02:41.445","","0","75 01:02.862","0","0","0","0","67301","0","0","0","N","0","0","0","2","67301","0","","1.0","","9","N","N","N","0","","0","0","2","3","2","","2000","3","0","0","0","0","0","0","2","0","3","0","0","0","7","","","N","","","","","","","","","",""
"2020014821","1143","0","0","0","0","0","0","0","0","0","4","0","","67","2","2020","4","40.061294","-75.083506","1133","6","0","0","0","0","0","0","1","0","","0","0","0","10","1","0","","1","0","40 03:40.658","","0","75 05:00.623","0","0","0","0","67301","0","0","0","N","0","0","0","2","67301","0","","1.0","","1","N","N","N","0","","0","0","1","3","2","","1013","2","0","2","0","0","0","0","2","1","2","0","0","0","3","03","","N","","","","","","","","","",""
"2020028150","0856","1","0","0","0","0","0","0","0","0","5","0","","67","2","2020","5","39.939693","-75.143201","0835","6","0","0","0","0","0","1","0","0","","0","0","0","8","1","0","N","0","1","39 56:22.894","1","0","75 08:35.523","0","0","0","0","67301","0","0","0","N","0","0","0","2","68K01","0","","1.0","15.0","9","N","N","N","0","","0","0","1","0","0","N","833","2","0","0","0","0","0","0","2","0","2","0","0","0","7","98","","N","","","","","","","","","",""
"2020013820","0821","1","0","0","0","0","0","0","0","0","8","0","","67","2","2020","4","40.019828","-75.126706","0812","6","0","0","0","0","0","0","0","0","","0","0","0","8","1","1","N","0","0","40 01:11.380","","0","75 07:36.140","3","0","0","0","67301","1","0","0","N","1","0","0","2","67301","0","","1.0","","9","N","N","N","0","","1","0","0","0","0","","800","2","1","1","0","0","0","0","2","0","1","1","0","0","7","","","N","","","","","","","","","",""
"2020023912","0058","0","0","0","0","0","0","0","0","0","7","0","","67","2","2020","5","39.959242","-75.180765","0042","6","0","0","0","0","0","0","0","0","2","0","0","0","0","3","1","N","0","2","39 57:33.271","3","0","75 10:50.755","8","0","0","0","67301","0","0","0","N","0","0","0","1","68K01","0","","4.0","9999.0","9","N","N","N","0","","0","0","1","0","0","N","40","1","1","0","0","0","1","0","2","0","1","0","0","0","7","","","N","","","","","","","","","",""
"2020036347","1408","1","0","0","0","0","0","0","0","0","1","0","","67","2","2020","3","40.022692","-75.194486","1356","6","0","0","0","1","0","1","0","0","","0","0","0","11","1","2","N","0","1","40 01:21.692","5","0","75 11:40.148","3","0","0","0","67301","0","0","0","N","0","0","0","2","67301","0","","1.0","1245.0","9","N","N","N","0","","2","0","1","3","2","N","1159","2","2","0","0","0","0","0","2","0","2","0","0","0","7","04","","N","","","","","","","","","",""
"2020043791","2100","0","0","0","0","0","0","0","0","0","4","0","","67","6","2020","3","39.925608","-75.17924","2100","6","0","0","0","0","0","0","0","0","","0","0","0","21","3","1","","1","0","39 55:32.188","","0","75 10:45.265","2","0","0","0","67301","0","0","0","N","0","0","0","3","67301","0","","1.0","","1","N","N","N","0","","0","1","1","3","2","","2100","2","1","0","0","0","0","0","2","0","2","0","0","0","3","03","","N","","","","","","","","","",""
"2020046694","1955","1","0","0","0","0","0","0","0","0","7","0","","67","5","2020","1","39.92801","-75.195953","1955","6","0","0","0","0","0","0","0","0","","0","0","0","19","1","3","N","0","2","39 55:40.837","4","0","75 11:45.431","3","0","0","0","67301","0","0","0","N","0","0","0","3","68K01","0","","2.0","40.0","1","N","N","N","0","","3","0","0","0","0","N","1936","1","3","0","0","0","0","0","2","0","1","0","0","0","3","","","N","","","","","","","","","",""
"2020041761","2152","0","0","0","0","0","0","0","0","0","4","0","","67","5","2020","3","40.006002","-75.176695","2147","6","0","0","0","0","0","1","0","0","","0","0","0","21","3","1","","3","2","40 00:21.607","5","0","75 10:36.101","2","0","1","1","67301","0","0","0","N","0","0","0","2","67301","0","","1.0","2320.0","1","N","Y","N","1","","0","1","0","3","2","Y","2125","2","1","0","0","0","0","0","2","0","2","0","0","0","3","","","N","","","","","","","","","",""
"2020044996","1833","1","0","0","0","0","0","0","0","0","1","0","","67","5","2020","1","39.947919","-75.186573","1817","6","0","0","0","0","0","0","0","0","","0","0","0","18","1","0","","6","0","39 56:52.509","","2","75 11:11.661","0","0","0","0","67301","0","0","0","N","0","0","0","2","68K01","0","","7.0","","1","N","N","N","0","","0","0","1","0","0","","1815","2","0","0","0","0","0","0","2","0","2","0","0","0","3","03","","N","","","","","","","","","",""
"2020083698","1630","2","0","0","0","0","0","0","0","0","4","0","","67","3","2020","1","40.013694","-75.177472","1625","6","0","0","0","0","0","0","0","1","","0","0","0","14","1","0","N","0","0","40 00:49.300","","7","75 10:38.900","9","0","0","0","67301","0","0","0","N","0","0","0","2","67301","0","","1.0","","1","N","N","N","0","","0","0","0","0","0","","1430","2","0","0","0","0","0","2","2","0","2","0","0","0","3","","","N","","","","","","","","","",""
"2020041228","2119","2","0","0","0","0","0","0","0","0","1","0","","67","5","2020","1","39.904061","-75.240291","2119","6","0","0","0","0","0","0","0","0","","0","0","0","21","3","1","","1","0","39 54:14.619","","0","75 14:25.049","4","0","0","0","67301","0","0","0","N","0","0","0","3","67301","1","","1.0","","1","N","N","N","0","","0","0","0","3","2","","2116","2","1","0","0","0","0","0","2","0","2","0","0","0","3","","","N","","","","","","","","","",""
"2020039187","0830","1","0","0","0","0","0","0","0","0","4","0","","67","5","2020","7","40.031487","-75.105089","0827","6","0","0","0","0","0","0","0","0","","0","0","0","8","1","6","N","0","1","40 01:53.352","3","7","75 06:18.321","8","0","0","0","67301","0","0","0","N","0","0","0","7","67301","0","","1.0","925.0","1","N","N","N","0","","0","0","1","0","0","N","825","2","6","0","0","0","6","1","2","0","2","0","0","0","3","03","","N","","","","","","","","","",""
"2020045951","0939","1","0","0","0","0","0","0","0","0","7","0","","67","5","2020","7","39.947024","-75.142293","0939","6","0","0","0","0","0","0","0","0","","0","0","0","9","1","0","N","0","0","39 56:49.287","","0","75 08:32.253","0","0","0","0","67301","0","0","0","N","0","0","0","1","68K01","0","","3.0","","9","N","N","Y","0","","0","0","0","0","0","","939","1","0","0","0","0","0","0","2","0","1","0","0","0","4","","","N","","","","","","","","","",""
"2020042699","1150","2","0","0","0","0","0","0","0","0","4","0","15","67","5","2020","6","40.055849","-75.127056","1143","6","0","0","0","0","0","1","0","0","","0","0","0","11","1","0","","1","0","40 03:21.055","","0","75 07:37.401","0","0","0","0","67301","0","0","0","N","0","0","0","2","67301","0","","1.0","","1","N","N","N","0","","0","0","0","3","2","","1138","2","0","0","0","0","0","0","2","0","2","0","0","0","4","04","Y","Y","4","1","N","N","N","Y","N","N","N","N"
"2020041243","0258","2","0","0","0","0","0","0","0","0","4","0","","67","5","2020","1","39.957208","-75.227482","0258","6","0","0","0","0","0","0","0","0","","0","0","0","2","3","1","","1","0","39 57:25.949","","0","75 13:38.934","3","0","0","0","67301","0","0","0","N","0","0","0","3","67301","0","","1.0","","1","N","N","N","1","","1","0","0","3","2","","258","3","1","1","0","0","0","2","2","0","3","0","0","0","3","03","","N","","","","","","","","","",""
"2020045920","0406","0","0","0","0","0","0","0","0","0","7","0","","67","5","2020","4","40.018854","-75.046874","0354","6","0","0","0","0","0","0","0","0","","0","0","0","3","3","2","N","0","1","40 01:07.873","2","0","75 02:48.747","8","0","0","0","67301","0","0","0","N","0","0","0","2","68K01","0","","2.0","30.0","1","N","N","N","0","","0","0","1","0","0","N","351","1","2","0","0","0","2","0","2","0","1","0","0","0","3","03","","N","","","","","","","","","",""
"2020039199","0020","2","0","0","0","0","0","0","0","0","4","0","","67","5","2020","1","39.989388","-75.180242","0014","6","0","0","0","0","0","0","0","0","","0","0","0","0","3","3","","1","0","39 59:21.798","","0","75 10:48.872","3","0","0","0","67301","0","0","0","N","0","0","0","4","67301","0","","1.0","","1","N","N","N","0","","3","0","2","3","2","","10","4","3","0","0","0","0","0","2","0","4","0","0","0","3","","","N","","","","","","","","","",""
"2020081935","2352","2","0","0","0","0","0","0","0","0","2","0","","67","10","2020","6","40.018906","-75.14723","2346","6","0","0","0","0","0","2","0","0","","0","1","0","23","3","0","","1","1","40 01:08.061","1","0","75 08:50.029","0","0","0","0","67301","0","0","0","N","0","0","0","8","67301","0","","1.0","200.0","1","N","N","N","0","","0","0","1","3","2","N","2327","4","0","0","0","0","0","0","2","0","4","0","0","0","3","03","","N","","","","","","","","","",""
"2020041547","1358","1","0","0","0","0","0","0","0","0","4","0","","67","5","2020","2","40.030788","-75.04553","1350","6","0","0","1","0","0","0","0","0","","0","0","0","13","1","2","","1","0","40 01:50.836","","0","75 02:43.907","4","0","0","0","67301","0","0","0","N","0","0","0","3","67301","2","","1.0","","1","N","N","N","0","","0","0","0","3","3","","1349","2","2","0","0","0","0","0","2","0","2","0","0","0","3","","","N","","","","","","","","","",""
"2020081734","1850","1","0","0","0","0","0","0","0","0","1","0","","67","9","2020","4","39.962658","-75.164708","1846","6","0","0","0","0","0","1","0","0","","0","0","0","11","1","1","N","0","0","39 57:45.570","","0","75 09:52.950","8","0","0","0","67301","0","0","0","N","0","0","0","2","67301","0","","1.0","","1","N","N","N","1","","0","0","0","0","0","","1100","2","1","0","0","0","1","0","2","0","2","0","0","0","3","","","N","","","","","","","","","",""
"2020013526","1713","2","0","0","0","0","0","0","0","0","4","0","","67","2","2020","3","39.979193","-75.161814","1713","6","0","0","0","0","0","0","0","0","","0","0","0","17","3","0","N","1","1","39 58:45.093","6","0","75 09:42.531","9","0","0","0","67301","0","0","0","N","0","0","0","4","67505","0","","1.0","1830.0","1","N","N","N","0","","0","0","0","3","3","Y","1713","2","0","0","0","0","0","2","2","0","2","0","0","0","3","03","","N","","","","","","","","","",""
"2020015771","0238","4","0","0","0","0","0","0","0","0","1","0","","67","2","2020","7","40.038011","-75.049769","0236","6","0","0","0","0","0","0","0","0","","0","0","0","2","3","0","N","0","0","40 02:16.840","","0","75 02:59.170","0","0","0","0","67301","0","0","0","N","0","0","0","1","67301","0","","1.0","","1","N","N","N","0","","0","0","0","9","9","","234","4","0","0","0","0","0","0","2","0","4","0","0","0","3","03","","N","","","","","","","","","",""
"2020012668","1553","2","0","0","0","0","0","0","0","0","1","0","","67","2","2020","1","40.076415","-75.081898","1542","6","0","0","0","0","0","2","1","0","","0","0","0","14","1","1","Y","0","0","40 04:35.095","","0","75 04:54.832","4","0","0","0","67301","0","0","0","N","0","0","0","3","67301","1","","1.0","","9","N","N","Y","0","","0","0","1","3","2","","1400","3","1","0","0","0","0","0","2","0","3","0","0","0","7","","","N","","","","","","","","","",""
"2020034294","1230","2","0","0","0","0","0","0","0","0","4","0","","67","4","2020","3","39.953723","-75.23228","1220","6","0","0","0","0","0","0","0","0","","0","0","0","12","1","0","","1","0","39 57:13.402","","0","75 13:56.207","0","0","0","0","67301","0","0","0","N","0","0","0","2","67301","0","","1.0","","9","N","N","N","0","","0","0","0","3","3","","1215","2","0","0","0","0","0","0","2","0","2","0","0","0","4","","","N","","","","","","","","","",""
"2020074577","2359","1","0","0","0","0","0","0","0","0","4","0","","67","9","2020","2","40.044297","-75.054111","2359","6","0","0","0","1","0","0","0","0","","0","1","0","23","3","1","","5","0","40 02:39.468","","0","75 03:14.798","4","0","0","0","67301","0","0","0","N","0","0","0","2","67301","1","","1.0","","1","N","N","N","0","","0","0","0","3","2","","2350","2","1","0","0","0","0","0","2","0","2","0","0","0","3","03","","N","","","","","","","","","",""
"2020046017","1648","1","0","0","0","0","0","0","0","0","4","0","","67","6","2020","6","39.970374","-75.148139","1647","6","0","0","0","0","0","0","0","0","","0","0","0","15","1","1","","1","0","39 58:13.346","","0","75 08:53.302","3","0","0","0","67301","0","0","0","N","0","0","0","2","67301","0","","1.0","","1","N","N","N","0","","1","0","1","3","2","","1520","2","1","0","0","0","0","0","2","0","2","0","0","0","3","03","","N","","","","","","","","","",""
"2020048050","1037","1","0","0","0","0","0","0","0","0","7","0","","67","6","2020","2","40.028768","-75.0228","1030","6","0","0","0","0","0","0","0","0","","0","0","0","10","1","1","N","0","2","40 01:43.564","1","0","75 01:22.080","3","0","0","0","67301","0","0","0","N","0","0","0","1","68K01","0","","4.0","30.0","1","N","N","N","0","","1","0","0","0","0","N","1029","1","1","0","0","0","0","0","2","0","1","0","0","0","3","03","","N","","","","","","","","","",""
"2020039329","1841","0","0","0","0","0","0","0","0","0","4","0","","67","5","2020","1","39.946058","-75.241908","1840","6","0","0","0","0","0","1","0","0","","0","0","0","18","1","0","","1","0","39 56:45.810","","0","75 14:30.870","0","0","0","0","67301","0","0","0","N","0","0","0","2","67301","0","","1.0","","1","N","N","N","1","","0","0","1","3","2","","1840","2","0","0","0","0","0","0","2","0","2","0","0","0","3","03","","N","","","","","","","","","",""