"CRN","ARRIVAL_TM","AUTOMOBILE_COUNT","BELTED_DEATH_COUNT","BELTED_SUSP_SERIOUS_INJ_COUNT","BICYCLE_COUNT","BICYCLE_DEATH_COUNT","BICYCLE_SUSP_SERIOUS_INJ_COUNT","BUS_COUNT","CHLDPAS_DEATH_COUNT","CHLDPAS_SUSP_SERIOUS_INJ_COUNT","COLLISION_TYPE","COMM_VEH_COUNT","CONS_ZONE_SPD_LIM","COUNTY","CRASH_MONTH","CRASH_YEAR","DAY_OF_WEEK","DEC_LATITUDE","DEC_LONGITUDE","DISPATCH_TM","DISTRICT","DRIVER_COUNT_16YR","DRIVER_COUNT_17YR","DRIVER_COUNT_18YR","DRIVER_COUNT_19YR","DRIVER_COUNT_20YR","DRIVER_COUNT_50_64YR","DRIVER_COUNT_65_74YR","DRIVER_COUNT_75PLUS","EST_HRS_CLOSED","FATAL_COUNT","HEAVY_TRUCK_COUNT","HORSE_BUGGY_COUNT","HOUR_OF_DAY","ILLUMINATION","INJURY_COUNT","INTERSECTION_RELATED","INTERSECT_TYPE","LANE_CLOSED","LATITUDE","LN_CLOSE_DIR","LOCATION_TYPE","LONGITUDE","MAX_SEVERITY_LEVEL","MCYCLE_DEATH_COUNT","MCYCLE_SUSP_SERIOUS_INJ_COUNT","MOTORCYCLE_COUNT","MUNICIPALITY","NONMOTR_COUNT","NONMOTR_DEATH_COUNT","NONMOTR_SUSP_SERIOUS_INJ_COUNT","NTFY_HIWY_MAINT","PED_COUNT","PED_DEATH_COUNT","PED_SUSP_SERIOUS_INJ_COUNT","PERSON_COUNT","POLICE_AGCY","POSSIBLE_INJ_COUNT","RDWY_SURF_TYPE_CD","RELATION_TO_ROAD","ROADWAY_CLEARED","ROAD_CONDITION","SCH_BUS_IND","SCH_ZONE_IND","SECONDARY_CRASH","SMALL_TRUCK_COUNT","SPEC_JURIS_CD","SUSP_MINOR_INJ_COUNT","SUSP_SERIOUS_INJ_COUNT","SUV_COUNT","TCD_FUNC_CD","TCD_TYPE","TFC_DETOUR_IND","TIME_OF_DAY","TOTAL_UNITS","TOT_INJ_COUNT","UNBELTED_OCC_COUNT","UNB_DEATH_COUNT","UNB_SUSP_SERIOUS_INJ_COUNT","UNK_INJ_DEG_COUNT","UNK_INJ_PER_COUNT","URBAN_RURAL","VAN_COUNT","VEHICLE_COUNT","VULNERABLE_ROAD_USER_COUNT","VULNERABLE_ROAD_USER_DEATH_COUNT","VULNERABLE_ROAD_USER_SER_INJ_COUNT","WEATHER1","WEATHER2","WORKERS_PRES","WORK_ZONE_IND","WORK_ZONE_LOC","WORK_ZONE_TYPE","WZ_CLOSE_DETOUR","WZ_FLAGGER","WZ_LAW_OFFCR_IND","WZ_LN_CLOSURE","WZ_MOVING","WZ_OTHER","WZ_SHLDER_MDN","WZ_WORKERS_INJ_KILLED"
"2020041263","1323","2","0","0","0","0","0","0","0","0","4","0","","67","5","2020","6","40.025663","-75.154196","1323","6","0","0","0","0","0","0","0","0","","0","0","0","13","1","2","","1","0","40 01:32.386","","0","75 09:15.105","8","0","0","0","67301","0","0","0","N","0","0","0","2","67301","0","","1.0","","9","N","N","N","0","","0","0","0","3","2","","1322","2","2","1","0","0","2","0","2","0","2","0","0","0","7","07","","N","","","","","","","","","",""
"2020015377","1636","1","0","0","0","0","0","0","0","0","7","0","","67","2","2020","5","39.919735","-75.202014","1622","6","0","0","0","0","0","0","0","0","","0","0","0","16","3","0","N","0","0","39 55:11.047","","3","75 12:07.249","0","0","0","0","67301","0","0","0","N","0","0","0","1","67301","0","","4.0","","9","N","N","N","0","","0","0","0","0","0","","1600","1","0","0","0","0","0","0","2","0","1","0","0","0","7","","","N","","","","","","","","","",""
"2020013648","0108","1","0","0","0","0","0","0","0","0","4","0","","67","2","2020","2","40.024675","-75.17056","0106","6","0","0","0","0","0","0","0","0","","0","0","0","1","3","2","","1","2","40 01:28.829","5","0","75 10:14.015","2","0","0","0","67301","0","0","0","N","0","0","0","2","67301","0","","1.0","210.0","9","N","N","N","0","","1","1","1","9","3","Y","106","2","2","0","0","0","0","0","2","0","2","0","0","0","3","03","","N","","","","","","","","","",""
"2020052062","1646","1","0","0","0","0","0","0","0","0","7","0","","67","6","2020","7","39.89912","-75.166837","1646","6","0","0","0","0","0","0","0","0","","0","0","0","16","1","1","N","0","1","39 53:56.831","1","0","75 10:00.612","3","0","0","0","67301","0","0","0","N","0","0","0","1","68K01","0","","3.0","1650.0","8","N","N","N","0","","1","0","0","0","0","N","1646","1","1","0","0","0","0","0","2","0","1","0","0","0","7","","","N","","","","","","","","","",""
"2020042301","1620","1","0","0","0","0","0","0","0","0","5","0","","67","5","2020","6","39.937174","-75.161492","1617","6","0","0","0","0","0","1","0","0","","0","0","0","16","1","1","","1","0","39 56:13.826","","0","75 09:41.371","3","0","0","1","67301","0","0","0","N","0","0","0","2","67301","0","","1.0","","1","N","N","N","0","","1","0","0","3","2","","1611","2","1","0","0","0","0","0","2","0","2","0","0","0","3","03","","N","","","","","","","","","",""
"2020048073","1320","1","0","0","0","0","0","0","0","0","4","0","","67","6","2020","6","39.928908","-75.150458","1317","6","0","0","0","0","0","1","0","0","","0","0","0","13","1","1","","1","0","39 55:44.067","","0","75 09:01.647","3","0","0","0","67301","0","0","0","N","0","0","0","2","67301","0","","1.0","","1","N","N","N","0","","1","0","2","3","3","","1300","3","1","0","0","0","0","0","2","0","3","0","0","0","3","03","","N","","","","","","","","","",""
"2020082125","1655","1","0","0","0","0","0","0","0","0","6","0","","67","10","2020","1","40.084773","-74.964464","1655","6","0","0","0","0","0","2","0","0","","0","0","0","16","1","2","","1","1","40 05:05.184","2","0","74 57:52.071","4","0","0","0","67301","0","0","0","N","0","0","0","2","67301","2","","1.0","1720.0","1","N","N","N","0","","0","0","1","3","3","N","1640","2","2","0","0","0","0","0","2","0","2","0","0","0","3","03","","N","","","","","","","","","",""
"2020042744","0838","0","0","0","0","0","0","0","0","0","7","0","","67","5","2020","7","39.892072","-75.198083","0836","6","0","0","0","0","0","0","0","0","","0","0","0","8","1","0","N","0","1","39 53:31.459","2","3","75 11:53.100","0","0","0","0","67301","0","0","0","N","0","0","0","1","68K01","0","","3.0","30.0","9","N","N","N","0","","0","0","1","0","0","Y","824","1","0","0","0","0","0","0","2","0","1","0","0","0","4","04","","N","","","","","","","","","",""
"2020041257","0913","2","0","0","0","0","0","0","0","0","6","0","","67","5","2020","4","40.01375","-75.13775","0913","6","0","0","0","0","0","0","0","0","","0","0","0","9","1","0","N","0","0","40 00:49.500","","0","75 08:15.900","0","0","0","0","67301","0","0","0","N","0","0","0","1","67301","0","","6.0","","1","N","N","N","0","","0","0","0","0","0","","913","2","0","0","0","0","0","0","2","0","2","0","0","0","3","03","","N","","","","","","","","","",""
"2020081929","2230","0","0","0","0","0","0","0","0","0","8","0","","67","10","2020","6","39.955048","-75.184616","2230","6","0","0","0","0","0","0","0","0","","0","0","0","22","3","1","N","0","0","39 57:18.172","","0","75 11:04.616","2","0","0","0","67301","1","0","1","N","1","0","1","2","67301","0","","1.0","","1","N","N","N","0","","0","1","1","9","9","","2224","2","1","0","0","0","0","0","2","0","1","1","0","1","3","03","","N","","","","","","","","","",""
"2020082387","2046","2","0","0","0","0","0","0","0","0","1","0","","67","9","2020","7","39.957869","-75.161832","2037","6","0","0","0","0","0","0","0","0","","0","0","0","20","3","2","N","0","1","39 57:28.329","4","0","75 09:42.595","3","0","0","0","67301","0","0","0","N","0","0","0","5","68K01","0","","1.0","2052.0","1","N","N","N","0","","2","0","2","0","0","N","2036","4","2","0","0","0","0","0","2","0","4","0","0","0","3","","","N","","","","","","","","","",""
"2020037016","1402","1","0","0","0","0","0","0","0","0","4","1","","67","5","2020","4","40.074316","-75.034824","1351","6","0","0","0","0","0","1","0","0","","0","1","0","13","1","1","","1","0","40 04:27.539","","0","75 02:05.367","3","0","0","0","67301","0","0","0","N","0","0","0","2","67301","0","","1.0","","1","N","N","N","0","","1","0","0","3","2","","1347","2","1","0","0","0","0","0","2","0","2","0","0","0","4","","","N","","","","","","","","","",""
"2020014832","2030","0","0","0","0","0","0","0","0","0","8","0","","67","2","2020","6","40.038996","-75.144384","2030","6","0","0","0","0","0","0","0","0","","0","0","0","20","3","1","N","0","0","40 02:20.384","","0","75 08:39.781","3","0","0","0","67301","1","0","0","N","1","0","0","2","67301","0","","1.0","","1","N","N","N","0","","1","0","1","3","2","","2030","2","1","0","0","0","0","0","2","0","1","1","0","0","3","03","","N","","","","","","","","","",""
"2020054702","1140","2","0","0","0","0","0","0","0","0","1","0","","67","7","2020","1","40.029978","-75.087919","1122","6","0","0","0","0","0","0","0","0","","0","0","0","2","3","1","N","0","0","40 01:47.920","","0","75 05:16.510","4","0","0","0","67301","0","0","0","N","0","0","0","1","67301","1","","1.0","","1","N","N","N","0","","0","0","0","3","2","","200","2","1","0","0","0","0","0","2","0","2","0","0","0","3","03","","N","","","","","","","","","",""
"2020013561","0625","0","0","0","0","0","0","0","0","0","8","0","","67","2","2020","2","40.019645","-75.210671","0619","6","0","0","0","0","0","0","0","0","","0","0","0","6","5","1","","5","0","40 01:10.722","","0","75 12:38.416","3","0","0","0","67301","1","0","0","N","1","0","0","2","67301","0","","1.0","","1","N","N","N","0","","1","0","1","3","2","","619","2","1","0","0","0","0","0","2","0","1","1","0","0","3","03","","N","","","","","","","","","",""
"2020054815","0212","2","0","0","0","0","0","0","0","0","1","0","","67","7","2020","1","40.029122","-75.089918","0204","6","0","0","1","1","0","0","0","0","","0","0","0","2","3","2","","1","1","40 01:44.838","2","0","75 05:23.706","4","0","0","0","67301","0","0","0","N","0","0","0","2","67301","2","","1.0","300.0","1","N","N","N","0","","0","0","0","3","2","N","201","2","2","0","0","0","0","0","2","0","2","0","0","0","3","03","","N","","","","","","","","","",""
"2020055000","1624","0","0","0","0","0","0","0","0","0","7","0","","67","7","2020","6","40.097743","-74.984593","1605","6","0","0","0","0","0","0","0","0","","0","0","0","16","1","1","N","0","1","40 05:51.873","4","0","74 59:04.535","4","0","0","0","67301","0","0","0","N","0","0","0","1","67301","1","","2.0","1636.0","9","N","N","N","0","","0","0","1","0","0","N","1605","1","1","0","0","0","0","0","2","0","1","0","0","0","7","","","N","","","","","","","","","",""
"2020090750","0649","1","0","0","0","0","0","0","0","0","5","1","","67","10","2020","4","39.982678","-75.1003","0631","6","0","0","0","0","0","2","0","0","","0","1","0","6","5","1","N","0","1","39 58:57.639","2","2","75 06:01.079","8","0","0","1","67301","0","0","0","N","0","0","0","5","68K01","0","","1.0","900.0","1","N","N","N","0","","0","0","1","0","0","Y","631","5","1","0","0","0","1","1","2","0","5","0","0","0","3","","","N","","","","","","","","","",""
"2020014889","0753","2","0","0","0","0","0","0","0","0","4","0","","67","2","2020","6","39.978597","-75.213624","0738","6","0","0","0","0","0","0","0","0","","0","0","0","7","1","0","","1","1","39 58:42.950","4","0","75 12:49.048","0","0","0","0","67301","0","0","0","N","0","0","0","2","67301","0","","1.0","100.0","9","N","N","N","0","","0","0","0","3","2","Y","705","2","0","0","0","0","0","0","2","0","2","0","0","0","7","","","N","","","","","","","","","",""
"2020040495","1801","3","0","0","0","0","0","0","0","0","4","0","","67","5","2020","5","39.990683","-75.141864","1801","6","0","0","0","0","0","0","0","0","","0","0","0","17","1","0","","1","0","39 59:26.458","","0","75 08:30.710","0","0","0","0","67301","0","0","0","N","0","0","0","2","67301","0","","1.0","","1","N","N","Y","0","","0","0","1","3","3","","1755","4","0","0","0","0","0","0","2","0","4","0","0","0","3","","","N","","","","","","","","","",""
"2020015080","0757","0","0","0","0","0","0","0","0","0","5","0","","67","2","2020","6","40.103572","-75.003082","0747","6","0","0","0","0","0","0","0","0","","0","0","0","7","1","0","Y","0","1","40 06:12.858","1","0","75 00:11.096","0","0","0","0","67301","0","0","0","N","0","0","0","4","67301","0","","1.0","1001.0","9","N","N","N","0","","0","0","2","3","2","N","740","3","0","0","0","0","0","0","2","1","3","0","0","0","7","07","","N","","","","","","","","","",""
"2020014225","1707","0","0","0","0","0","0","0","0","0","8","0","","67","2","2020","2","40.057525","-75.149283","1706","6","0","0","0","0","0","0","0","0","","0","0","0","15","1","1","","1","0","40 03:27.090","","0","75 08:57.418","3","0","0","0","67301","1","0","0","N","1","0","0","2","67301","0","","1.0","","1","N","N","N","0","","1","0","1","3","2","","1548","2","1","1","0","0","0","0","2","0","1","1","0","0","3","03","","N","","","","","","","","","",""
"2020014349","1730","1","0","0","0","0","0","0","0","0","4","0","","67","2","2020","4","39.916981","-75.215894","1715","6","0","0","0","0","0","2","0","0","","0","0","0","13","1","0","","2","0","39 55:01.131","","0","75 12:57.219","0","0","0","0","67301","0","0","0","N","0","0","0","2","67301","0","","1.0","","99","N","N","N","0","","0","0","1","3","2","","1330","2","0","0","0","0","0","0","2","0","2","0","0","0","3","07","","N","","","","","","","","","",""
"2020020354","0041","1","0","0","0","0","0","0","0","0","7","0","","67","2","2020","5","39.888945","-75.202349","0033","6","0","0","0","0","0","0","0","0","","0","0","0","0","3","0","N","0","1","39 53:20.201","2","3","75 12:08.456","0","0","0","0","67301","0","0","0","N","0","0","0","2","68K01","0","","4.0","49.0","9","N","N","N","0","","0","0","0","0","0","N","32","1","0","0","0","0","0","0","2","0","1","0","0","0","7","","","N","","","","","","","","","",""
"2020016662","2200","2","0","0","0","0","0","0","0","0","4","0","","67","2","2020","2","40.025944","-75.123133","2200","6","0","0","0","0","0","0","0","0","","0","0","0","15","1","1","","1","0","40 01:33.397","","0","75 07:23.277","3","0","0","0","67301","0","0","0","N","0","0","0","3","67301","0","","1.0","","99","N","N","N","0","","1","0","0","9","2","","1545","2","1","0","0","0","0","2","2","0","2","0","0","0","3","","","N","","","","","","","","","",""
"2020082385","2001","1","0","0","0","0","0","0","0","0","5","0","","67","9","2020","6","39.959586","-75.176509","1937","6","0","0","0","0","0","0","0","0","","0","0","0","19","3","1","N","0","1","39 57:34.508","3","0","75 10:35.434","8","0","0","0","67301","0","0","0","N","0","0","0","3","68K01","0","","1.0","2005.0","1","N","N","N","0","","0","0","1","0","0","Y","1930","2","1","0","0","0","1","0","2","0","2","0","0","0","3","","","N","","","","","","","","","",""
"2020043728","1730","1","0","0","0","0","0","0","0","0","1","0","","67","5","2020","7","40.0455","-75.164866","1730","6","0","0","0","0","0","1","0","0","","0","0","0","17","1","1","","1","0","40 02:43.799","","0","75 09:53.518","8","0","0","0","67301","0","0","0","N","0","0","0","3","67301","0","","1.0","","1","N","N","N","0","","0","0","1","3","2","","1730","2","1","0","0","0","1","2","2","0","2","0","0","0","3","03","","N","","","","","","","","","",""
"2020055145","1845","1","0","0","0","0","0","0","0","0","2","0","","67","7","2020","1","39.917005","-75.234662","1845","6","0","0","0","0","0","1","0","0","","0","0","0","18","1","2","","1","0","39 55:01.217","","0","75 14:04.783","3","0","0","0","67301","0","0","0","N","0","0","0","2","67301","0","","1.0","","1","N","N","N","2","","2","0","0","3","2","","1845","3","2","1","0","0","0","0","2","0","3","0","0","0","3","03","","N","","","","","","","","","",""
"2020041254","0020","3","0","0","0","0","0","0","0","0","4","0","","67","5","2020","2","39.990003","-75.160369","0014","6","0","0","0","0","0","0","0","0","","0","0","0","0","3","0","","1","2","39 59:24.010","4","0","75 09:37.328","0","0","0","0","67301","0","0","0","N","0","0","0","2","67301","0","","1.0","200.0","1","N","N","N","1","","0","0","0","3","2","Y","10","4","0","0","0","0","0","0","2","0","4","0","0","0","3","","","N","","","","","","","","","",""
"2020084071","1558","1","0","0","0","0","0","0","0","0","7","0","","67","10","2020","6","39.97955","-75.172278","1538","6","0","0","0","0","0","0","0","0","","0","0","0","14","1","0","N","0","0","39 58:46.380","","0","75 10:20.200","9","0","0","0","67301","0","0","0","N","0","0","0","1","67301","0","","4.0","","1","N","N","N","0","","0","0","0","3","3","","1400","1","0","1","0","0","0","1","2","0","1","0","0","0","3","03","","N","","","","","","","","","",""
"2020037020","1812","1","0","0","0","0","0","0","0","0","4","0","","67","5","2020","4","39.975391","-75.193329","1812","6","0","0","0","0","0","1","0","0","","0","0","0","18","1","2","N","0","0","39 58:31.406","","3","75 11:35.983","3","0","0","0","67301","0","0","0","N","0","0","0","2","67301","1","","1.0","","9","N","N","N","1","","1","0","0","0","0","","1812","2","2","0","0","0","0","0","2","0","2","0","0","0","7","","","N","","","","","","","","","",""
"2020035935","1000","0","0","0","0","0","0","0","0","0","8","0","","67","5","2020","6","40.047508","-75.142894","0947","6","0","0","0","0","0","0","0","0","","0","0","0","9","1","1","","1","0","40 02:51.028","","0","75 08:34.417","2","0","0","0","67301","1","0","1","N","0","0","0","2","67301","0","","1.0","","1","N","N","N","0","","0","1","1","3","2","","947","2","1","0","0","0","0","0","2","0","1","1","0","1","3","03","","N","","","","","","","","","",""
"2020039846","1814","1","0","0","0","0","0","0","0","0","1","0","","67","5","2020","5","39.959573","-75.176409","1810","6","0","0","0","0","0","0","0","0","","0","0","0","18","1","1","N","0","1","39 57:34.462","3","0","75 10:35.072","3","0","0","1","67301","0","0","0","N","0","0","0","2","68K01","0","","1.0","100.0","1","N","N","N","0","","1","0","0","0","0","N","1809","2","1","0","0","0","0","0","2","0","2","0","0","0","3","","","N","","","","","","","","","",""
"2020014518","1137","0","0","0","0","0","0","0","0","0","4","0","","67","2","2020","6","39.987183","-75.150579","1137","6","0","0","1","0","0","0","0","0","","0","0","0","11","1","2","N","1","0","39 59:13.858","","0","75 09:02.084","3","0","0","0","67301","0","0","0","N","0","0","0","2","67505","0","","1.0","","9","N","N","N","0","","2","0","1","3","3","","1134","2","2","0","0","0","0","0","2","1","2","0","0","0","99","","","N","","","","","","","","","",""
"2020042962","1816","2","0","0","0","0","0","0","0","0","1","0","","67","5","2020","6","39.893913","-75.220361","1800","6","0","0","0","0","0","1","0","0","","0","0","0","5","1","1","N","0","0","39 53:38.087","","3","75 13:13.299","4","0","0","0","67301","0","0","0","N","0","0","0","4","67301","1","","1.0","","9","N","N","N","0","","0","0","1","0","0","","553","3","1","0","0","0","0","0","2","0","3","0","0","0","7","07","","N","","","","","","","","","",""
"2020082382","0933","2","0","0","0","0","0","0","0","0","5","0","","67","9","2020","4","39.887156","-75.215726","0921","6","0","0","0","1","0","1","0","0","","0","0","0","9","1","1","N","0","1","39 53:13.762","1","0","75 12:56.615","3","0","0","0","67301","0","0","0","N","0","0","0","3","68K01","0","","1.0","935.0","1","N","N","N","1","","1","0","0","0","0","N","918","3","1","0","0","0","0","0","2","0","3","0","0","0","4","","","N","","","","","","","","","",""
"2020055502","1338","1","0","0","0","0","0","0","0","0","1","0","","67","7","2020","6","40.002389","-75.122221","1333","6","0","0","1","0","0","0","0","0","","0","0","0","11","1","1","","2","1","40 00:08.600","4","0","75 07:19.995","4","0","0","0","67301","0","0","0","N","0","0","0","1","67301","1","","1.0","1402.0","9","N","N","N","0","","0","0","0","0","0","N","1148","2","1","0","0","0","0","0","2","0","2","0","0","0","7","07","","N","","","","","","","","","",""
"2020042963","1743","2","0","0","0","0","0","0","0","0","4","0","","67","5","2020","7","39.922772","-75.235675","1740","6","0","0","0","0","0","0","0","0","","0","0","0","17","3","1","","1","0","39 55:21.979","","99","75 14:08.429","8","0","0","0","67301","0","0","0","N","0","0","0","3","67301","0","","1.0","","1","N","N","N","0","","0","0","0","3","2","","1735","2","1","0","0","0","1","0","2","0","2","0","0","0","3","03","","N","","","","","","","","","",""
"2020041249","0735","2","0","0","0","0","0","0","0","0","4","0","","67","5","2020","6","39.976559","-75.213094","0728","6","0","0","0","0","0","0","0","0","","0","0","0","7","1","0","","2","0","39 58:35.613","","0","75 12:47.140","0","0","0","0","67301","0","0","0","N","0","0","0","2","67301","0","","1.0","","1","N","N","N","0","","0","0","0","0","0","","725","2","0","0","0","0","0","0","2","0","2","0","0","0","3","03","","N","","","","","","","","","",""
"2020016052","1444","0","0","0","0","0","0","0","0","0","7","0","","67","2","2020","5","40.066774","-75.00281","1434","6","0","0","0","0","0","0","0","0","","0","0","0","14","1","0","","2","0","40 04:00.386","","0","75 00:10.117","0","0","0","0","67301","0","0","0","N","0","0","0","1","67301","0","","5.0","","9","N","N","N","0","","0","0","1","3","2","","1415","1","0","0","0","0","0","0","2","0","1","0","0","0","7","07","","N","","","","","","","","","",""
"2020039356","1523","0","0","0","0","0","0","0","0","0","4","0","","67","5","2020","1","40.011334","-75.077069","1523","6","0","0","0","0","0","1","0","0","","0","0","0","15","1","1","","1","2","40 00:40.802","2","0","75 04:37.448","3","0","0","1","67301","0","0","0","N","0","0","0","3","67301","0","","1.0","1530.0","1","N","N","N","0","","1","0","1","3","2","N","1520","2","1","0","0","0","0","1","2","0","2","0","0","0","3","","","N","","","","","","","","","",""
"2020040434","1349","0","0","0","0","0","0","0","0","0","6","0","","67","5","2020","5","39.917543","-75.216914","1349","6","0","0","0","0","0","1","0","0","","0","0","0","7","1","2","N","0","0","39 55:03.155","","0","75 13:00.889","2","0","0","0","67301","0","0","0","N","0","0","0","2","67301","0","","6.0","","1","N","N","N","0","","1","1","2","0","0","","740","2","2","0","0","0","0","0","2","0","2","0","0","0","3","03","","N","","","","","","","","","",""
"2020042375","0945","0","0","0","0","0","0","0","0","0","4","0","","67","5","2020","3","39.937519","-75.164014","0940","6","0","0","0","0","0","2","0","0","","0","0","0","9","1","0","N","0","0","39 56:15.070","","0","75 09:50.450","0","0","0","0","67301","0","0","0","N","0","0","0","2","67301","0","","1.0","","1","N","N","N","2","","0","0","0","0","0","","930","2","0","0","0","0","0","0","2","0","2","0","0","0","3","03","","N","","","","","","","","","",""
"2020084013","1400","0","0","0","0","0","0","0","0","0","0","0","","67","9","2020","4","40.007586","-75.072401","1338","6","0","0","0","0","1","0","0","0","","0","0","0","13","1","1","N","0","1","40 00:27.308","2","0","75 04:20.642","3","0","0","0","67301","0","0","0","N","0","0","0","1","68K01","0","","1.0","1413.0","1","N","N","N","0","","1","0","1","0","0","N","1337","1","1","0","0","0","0","0","2","0","1","0","0","0","3","","","N","","","","","","","","","",""
"2020041234","0456","3","0","0","0","0","0","0","0","0","6","0","","67","5","2020","7","40.027389","-75.090256","0453","6","0","0","1","0","0","0","0","0","","0","0","0","4","3","0","N","0","1","40 01:38.600","6","0","75 05:24.920","0","0","0","0","67301","0","0","0","N","0","0","0","2","67301","0","","6.0","556.0","9","N","N","N","0","","0","0","1","0","0","N","453","4","0","0","0","0","0","0","2","0","4","0","0","0","7","07","","N","","","","","","","","","",""
"2020040003","1751","0","0","0","0","0","0","0","0","0","8","0","","67","5","2020","2","39.995346","-75.112374","1751","6","0","0","0","0","0","0","0","0","","0","0","0","17","1","1","N","0","0","39 59:43.247","","0","75 06:44.546","3","0","0","0","67301","1","0","0","N","1","0","0","2","67301","0","","1.0","","1","N","N","N","0","","1","0","1","0","0","","1751","2","1","0","0","0","0","1","2","0","1","1","0","0","3","","","N","","","","","","","","","",""
"2020045945","0834","0","0","0","0","0","0","0","0","0","7","0","","67","5","2020","7","39.960217","-75.180597","0823","6","0","0","0","0","0","0","0","0","","0","0","0","8","1","1","N","0","0","39 57:36.782","","3","75 10:50.148","3","0","0","0","67301","0","0","0","N","0","0","0","2","68K01","0","","3.0","","9","N","N","N","0","","1","0","1","0","0","","819","1","1","0","0","0","0","0","2","0","1","0","0","0","7","","","N","","","","","","","","","",""
"2020014789","1625","0","0","0","0","0","0","0","0","0","8","0","","67","2","2020","6","40.086536","-75.039316","1622","6","0","0","0","0","0","0","0","0","","0","0","0","16","1","1","N","0","0","40 05:11.530","","7","75 02:21.539","8","0","0","0","67301","1","0","0","N","1","0","0","2","67301","0","","1.0","","9","N","N","N","0","","0","0","1","0","0","","1620","2","1","0","0","0","1","0","2","0","1","1","0","0","7","","","N","","","","","","","","","",""
"2020083263","1100","2","0","0","0","0","0","0","0","0","5","0","","67","9","2020","3","40.042396","-75.003803","1049","6","0","0","0","0","0","0","0","0","","0","0","0","10","1","1","N","0","0","40 02:32.624","","0","75 00:13.689","4","0","0","0","67301","0","0","0","N","0","0","0","2","68K01","1","","1.0","","9","N","N","N","0","","0","0","0","0","0","","1044","2","1","0","0","0","0","0","2","0","2","0","0","0","3","","","N","","","","","","","","","",""
"2020014487","1410","0","0","0","0","0","0","0","0","0","4","0","","67","2","2020","5","40.020222","-75.148851","1405","6","0","0","0","0","0","1","0","1","","0","0","0","13","1","1","","1","0","40 01:12.800","","0","75 08:55.865","4","0","0","0","67301","0","0","0","N","0","0","0","2","67301","1","","1.0","","9","N","N","N","0","","0","0","2","3","2","","1350","2","1","0","0","0","0","0","2","0","2","0","0","0","7","07","","N","","","","","","","","","",""
"2020041865","1014","0","0","0","0","0","0","0","0","0","1","0","","67","5","2020","2","39.956989","-75.155922","1010","6","0","0","0","0","0","1","0","0","","0","0","0","10","1","0","N","0","1","39 57:25.162","3","0","75 09:21.318","0","0","0","0","67301","0","0","0","N","0","0","0","4","68K01","0","","1.0","1046.0","1","N","N","N","1","","0","0","3","0","0","N","1009","4","0","0","0","0","0","0","2","0","4","0","0","0","3","","","N","","","","","","","","","",""
"2020045270","1520","1","0","0","0","0","0","0","0","0","4","0","","67","6","2020","3","40.013889","-75.125722","1516","6","0","0","0","0","0","0","0","0","","0","0","0","15","1","0","N","0","1","40 00:50.000","6","7","75 07:32.600","9","0","0","0","67301","0","0","0","N","0","0","0","2","67301","0","","1.0","1600.0","1","N","N","N","0","","0","0","0","0","0","Y","1515","2","0","1","0","0","0","1","2","1","2","0","0","0","3","03","","N","","","","","","","","","",""
"2020042305","0855","0","0","0","0","0","0","0","0","0","4","0","","67","5","2020","3","40.099146","-74.986864","0846","6","0","0","0","0","0","1","0","0","","0","0","0","8","1","2","","1","1","40 05:56.927","3","2","74 59:12.712","3","0","0","0","67301","0","0","0","N","0","0","0","4","67301","0","","1.0","959.0","1","N","N","N","0","","2","0","1","3","2","Y","840","3","2","0","0","0","0","0","2","2","3","0","0","0","4","","","N","","","","","","","","","",""
"2020043702","0201","0","0","0","0","0","0","0","0","0","4","0","","67","6","2020","4","40.082081","-75.219819","0200","6","0","0","0","0","0","0","0","0","","0","0","0","17","2","1","","1","0","40 04:55.491","","0","75 13:11.348","3","0","0","0","67301","0","0","0","N","0","0","0","2","67301","0","","1.0","","9","N","N","N","0","","1","0","1","1","2","","1745","2","1","0","0","0","0","0","2","0","2","0","0","0","7","","","N","","","","","","","","","",""
"2020041261","0054","0","0","0","0","0","0","0","0","0","6","0","","67","5","2020","3","40.044792","-75.153817","0054","6","0","0","0","0","0","0","0","0","","0","0","0","0","3","0","N","0","2","40 02:41.250","5","0","75 09:13.740","0","0","0","0","67301","0","0","0","N","0","0","0","2","67301","0","","6.0","208.0","1","N","N","N","0","","0","0","2","0","0","Y","50","2","0","2","0","0","0","0","2","0","2","0","0","0","3","03","","N","","","","","","","","","",""
"2020081926","0455","1","0","0","0","0","0","0","0","0","5","1","","67","10","2020","7","39.89996","-75.206824","0450","6","0","1","0","0","0","0","0","0","","0","1","0","4","3","0","N","0","0","39 53:59.856","","3","75 12:24.566","0","0","0","0","67301","0","0","0","N","0","0","0","2","67301","0","","1.0","","1","N","N","N","0","","0","0","0","0","0","","430","2","0","0","0","0","0","0","2","0","2","0","0","0","3","03","","N","","","","","","","","","",""
"2020013228","1750","1","0","0","0","0","0","0","0","0","4","0","","67","2","2020","2","40.057794","-75.008743","1749","6","0","0","0","0","0","0","0","0","","0","0","0","17","3","0","","1","0","40 03:28.059","","0","75 00:31.473","0","0","0","0","67301","0","0","0","N","0","0","0","2","67301","0","","1.0","","1","N","N","N","0","","0","0","1","3","2","","1748","2","0","0","0","0","0","0","2","0","2","0","0","0","3","03","","N","","","","","","","","","",""