"CRN","ARRIVAL_TM","AUTOMOBILE_COUNT","BELTED_DEATH_COUNT","BELTED_SUSP_SERIOUS_INJ_COUNT","BICYCLE_COUNT","BICYCLE_DEATH_COUNT","BICYCLE_SUSP_SERIOUS_INJ_COUNT","BUS_COUNT","CHLDPAS_DEATH_COUNT","CHLDPAS_SUSP_SERIOUS_INJ_COUNT","COLLISION_TYPE","COMM_VEH_COUNT","CONS_ZONE_SPD_LIM","COUNTY","CRASH_MONTH","CRASH_YEAR","DAY_OF_WEEK","DEC_LATITUDE","DEC_LONGITUDE","DISPATCH_TM","DISTRICT","DRIVER_COUNT_16YR","DRIVER_COUNT_17YR","DRIVER_COUNT_18YR","DRIVER_COUNT_19YR","DRIVER_COUNT_20YR","DRIVER_COUNT_50_64YR","DRIVER_COUNT_65_74YR","DRIVER_COUNT_75PLUS","EST_HRS_CLOSED","FATAL_COUNT","HEAVY_TRUCK_COUNT","HORSE_BUGGY_COUNT","HOUR_OF_DAY","ILLUMINATION","INJURY_COUNT","INTERSECTION_RELATED","INTERSECT_TYPE","LANE_CLOSED","LATITUDE","LN_CLOSE_DIR","LOCATION_TYPE","LONGITUDE","MAX_SEVERITY_LEVEL","MCYCLE_DEATH_COUNT","MCYCLE_SUSP_SERIOUS_INJ_COUNT","MOTORCYCLE_COUNT","MUNICIPALITY","NONMOTR_COUNT","NONMOTR_DEATH_COUNT","NONMOTR_SUSP_SERIOUS_INJ_COUNT","NTFY_HIWY_MAINT","PED_COUNT","PED_DEATH_COUNT","PED_SUSP_SERIOUS_INJ_COUNT","PERSON_COUNT","POLICE_AGCY","POSSIBLE_INJ_COUNT","RDWY_SURF_TYPE_CD","RELATION_TO_ROAD","ROADWAY_CLEARED","ROAD_CONDITION","SCH_BUS_IND","SCH_ZONE_IND","SECONDARY_CRASH","SMALL_TRUCK_COUNT","SPEC_JURIS_CD","SUSP_MINOR_INJ_COUNT","SUSP_SERIOUS_INJ_COUNT","SUV_COUNT","TCD_FUNC_CD","TCD_TYPE","TFC_DETOUR_IND","TIME_OF_DAY","TOTAL_UNITS","TOT_INJ_COUNT","UNBELTED_OCC_COUNT","UNB_DEATH_COUNT","UNB_SUSP_SERIOUS_INJ_COUNT","UNK_INJ_DEG_COUNT","UNK_INJ_PER_COUNT","URBAN_RURAL","VAN_COUNT","VEHICLE_COUNT","VULNERABLE_ROAD_USER_COUNT","VULNERABLE_ROAD_USER_DEATH_COUNT","VULNERABLE_ROAD_USER_SER_INJ_COUNT","WEATHER1","WEATHER2","WORKERS_PRES","WORK_ZONE_IND","WORK_ZONE_LOC","WORK_ZONE_TYPE","WZ_CLOSE_DETOUR","WZ_FLAGGER","WZ_LAW_OFFCR_IND","WZ_LN_CLOSURE","WZ_MOVING","WZ_OTHER","WZ_SHLDER_MDN","WZ_WORKERS_INJ_KILLED"
"2020054362","1206","2","0","0","0","0","0","0","0","0","1","1","","67","7","2020","6","39.955456","-75.213321","1203","6","0","0","0","0","0","0","0","0","","0","0","0","12","1","1","N","0","0","39 57:19.642","","0","75 12:47.955","3","0","0","0","67301","0","0","0","N","0","0","0","3","67301","0","","1.0","","9","N","N","N","0","","1","0","1","3","2","","1200","3","1","0","0","0","0","0","2","0","3","0","0","0","7","07","","N","","","","","","","","","",""
"2020049851","1230","0","0","0","0","0","0","0","0","0","7","0","","67","6","2020","5","39.991156","-75.22295","1228","6","0","0","0","0","0","0","0","0","","0","0","0","12","1","1","N","0","0","39 59:28.160","","0","75 13:22.620","3","0","0","0","67301","0","0","0","N","0","0","0","1","67301","0","","4.0","","1","N","N","N","0","","1","0","1","0","0","","1226","1","1","1","0","0","0","0","2","0","1","0","0","0","3","03","","N","","","","","","","","","",""
"2020083255","2058","3","0","0","0","0","0","0","0","0","1","0","","67","9","2020","1","39.941223","-75.194733","2047","6","0","0","0","0","0","0","0","0","","0","0","0","20","3","1","N","0","0","39 56:28.401","","0","75 11:41.037","4","0","0","0","67301","0","0","0","N","0","0","0","5","68K01","1","","1.0","","9","N","N","N","0","","0","0","1","0","0","","2045","4","1","0","0","0","0","1","2","0","4","0","0","0","7","","","N","","","","","","","","","",""
"2020015148","1908","1","0","0","0","0","0","0","0","0","1","0","","67","2","2020","4","40.066056","-75.019086","1858","6","0","0","0","0","0","0","0","0","","0","0","0","18","3","1","N","0","0","40 03:57.800","","7","75 01:08.710","3","0","0","0","67301","0","0","0","N","0","0","0","3","67301","0","","1.0","","1","N","N","N","1","","1","0","0","0","0","","1841","2","1","0","0","0","0","0","2","0","2","0","0","0","3","03","","N","","","","","","","","","",""
"2020014347","1715","1","0","0","0","0","0","0","0","0","4","0","","67","2","2020","3","39.897563","-75.252262","1711","6","0","0","0","0","0","1","0","0","","0","0","0","15","1","2","","1","0","39 53:51.225","","0","75 15:08.142","3","0","0","0","67301","0","0","0","N","0","0","0","3","67301","1","","1.0","","1","N","N","N","0","","1","0","1","3","2","","1552","2","2","1","0","0","0","0","2","0","2","0","0","0","3","03","","N","","","","","","","","","",""
"2020045939","1659","1","0","0","0","0","0","0","0","0","7","0","","67","5","2020","6","39.921639","-75.190574","1650","6","0","0","0","0","0","0","0","0","","0","0","0","16","1","2","N","0","2","39 55:17.902","3","1","75 11:26.067","8","0","0","0","67301","0","0","0","N","0","0","0","2","68K01","0","","4.0","1732.0","9","N","N","N","0","","0","0","0","0","0","Y","1649","1","2","0","0","0","2","0","2","0","1","0","0","0","3","","","N","","","","","","","","","",""
"2020039484","2335","1","0","0","0","0","0","0","0","0","7","0","","67","5","2020","1","40.10818","-74.997095","2305","6","0","0","0","0","0","0","0","0","","0","0","0","23","3","0","N","0","1","40 06:29.447","2","1","74 59:49.541","0","0","0","0","67301","0","0","0","N","0","0","0","1","67301","0","","4.0","36.0","1","N","N","N","0","","0","0","0","0","0","Y","2300","1","0","0","0","0","0","0","2","0","1","0","0","0","3","03","","N","","","","","","","","","",""
"2020054819","2335","1","0","0","0","0","0","0","0","0","8","0","","67","7","2020","1","39.968239","-75.156933","2329","6","0","0","0","1","0","0","0","0","","0","0","0","23","3","1","N","0","0","39 58:05.660","","0","75 09:24.960","3","0","0","0","67301","1","0","0","N","1","0","0","2","67301","0","","1.0","","9","N","N","N","0","","1","0","0","9","9","","2327","2","1","0","0","0","0","0","2","0","1","1","0","0","7","07","","N","","","","","","","","","",""
"2020082410","1927","1","0","0","0","0","0","0","0","0","5","0","","67","9","2020","7","39.912372","-75.148691","1917","6","0","0","0","0","0","0","0","0","","0","0","0","19","3","1","N","6","1","39 54:44.540","1","2","75 08:55.289","3","0","0","0","67301","0","0","0","N","0","0","0","4","68K01","0","","1.0","2015.0","1","N","N","N","1","","1","0","0","0","0","N","1914","3","1","0","0","0","0","1","2","0","3","0","0","0","3","","","N","","","","","","","","","",""
"2020041424","1707","1","0","0","0","0","0","0","0","0","5","0","","67","5","2020","6","40.036343","-75.015933","1707","6","0","0","0","0","0","0","0","0","","0","0","0","17","1","0","N","0","0","40 02:10.835","","0","75 00:57.358","0","0","0","0","67301","0","0","0","N","0","0","0","3","68K01","0","","1.0","","9","N","N","N","0","","0","0","1","0","0","","1707","2","0","0","0","0","0","0","2","0","2","0","0","0","4","","","N","","","","","","","","","",""
"2020040490","0405","1","0","0","0","0","0","0","0","0","5","0","","67","5","2020","5","39.955167","-75.248323","0342","6","0","0","0","0","0","1","0","0","","0","0","0","3","3","1","N","0","0","39 57:18.602","","0","75 14:53.962","3","0","0","0","67301","0","0","0","N","0","0","0","1","67301","0","","6.0","","1","N","N","N","0","","1","0","4","0","0","","340","5","1","0","0","0","0","0","2","0","5","0","0","0","3","03","","N","","","","","","","","","",""
"2020041544","1928","1","0","0","0","0","0","0","0","0","4","0","","67","5","2020","1","39.935632","-75.22587","1928","6","0","0","0","0","0","0","0","0","","0","0","0","19","1","1","","1","0","39 56:08.274","","0","75 13:33.131","3","0","0","1","67301","0","0","0","N","0","0","0","2","67301","0","","1.0","","1","N","N","N","0","","1","0","0","2","2","","1928","2","1","0","0","0","0","0","2","0","2","0","0","0","3","03","","N","","","","","","","","","",""
"2020084244","0032","2","0","0","0","0","0","0","0","0","5","0","","67","10","2020","4","40.022903","-75.219186","0030","6","0","0","0","0","0","0","0","0","","0","0","0","0","3","0","N","0","0","40 01:22.450","","0","75 13:09.070","0","0","0","0","67301","0","0","0","N","0","0","0","1","67301","0","","1.0","","1","N","N","N","1","","0","0","0","0","0","","30","3","0","0","0","0","0","0","2","0","3","0","0","0","3","03","","N","","","","","","","","","",""
"2020088355","0849","1","0","0","0","0","0","0","0","0","1","0","","67","10","2020","2","40.007744","-75.201779","0843","6","0","0","0","0","0","0","0","0","","0","0","0","8","1","1","N","0","0","40 00:27.880","","0","75 12:06.404","8","0","0","0","67301","0","0","0","N","0","0","0","2","68K01","0","","1.0","","1","N","N","N","0","","0","0","1","0","0","","841","2","1","0","0","0","1","0","2","0","2","0","0","0","3","03","","N","","","","","","","","","",""
"2020054786","1054","2","0","0","0","0","0","0","0","0","4","0","","67","7","2020","1","39.969787","-75.141456","1053","6","0","0","0","0","0","1","0","0","","1","0","0","10","1","0","","1","0","39 58:11.234","","0","75 08:29.242","1","1","0","1","67301","0","0","0","N","0","0","0","2","67301","0","2","1.0","","1","N","N","N","0","0","0","0","0","3","2","","1049","3","0","0","0","0","0","0","2","0","3","0","0","0","3","03","","N","","","","","","","","","",""
"2020013142","0108","1","0","0","0","0","0","0","0","0","7","0","","67","2","2020","2","40.000315","-75.144519","0105","6","0","0","0","0","0","1","0","0","","0","0","0","1","3","1","","3","0","40 00:01.134","","0","75 08:40.268","8","0","0","0","67301","0","0","0","N","0","0","0","1","67301","0","","5.0","","1","N","N","N","0","","0","0","1","9","9","","104","2","1","0","0","0","1","0","2","0","2","0","0","0","3","03","","N","","","","","","","","","",""
"2020039696","1322","3","0","0","0","0","0","0","0","0","6","0","","67","5","2020","2","39.980031","-75.226956","1320","6","0","0","0","0","0","0","0","0","","0","0","0","12","1","1","Y","0","1","39 58:48.110","6","0","75 13:37.040","8","0","0","0","67301","0","0","0","N","0","0","0","3","67301","0","","1.0","1429.0","1","N","N","N","0","","0","0","0","3","3","N","1245","3","1","0","0","0","1","0","2","0","3","0","0","0","4","03","","N","","","","","","","","","",""
"2020046296","2125","1","0","0","0","0","0","0","0","0","1","0","","67","6","2020","7","39.978454","-75.157978","2123","6","0","0","0","0","0","0","0","0","","0","0","0","21","3","0","N","0","1","39 58:42.436","2","0","75 09:28.719","0","0","0","0","67301","0","0","0","N","0","0","0","1","67301","0","","6.0","2326.0","1","N","N","N","0","","0","0","1","0","0","Y","2123","2","0","0","0","0","0","0","2","0","2","0","0","0","3","03","","N","","","","","","","","","",""
"2020037891","2020","3","0","0","0","0","0","0","0","0","5","0","","67","5","2020","7","39.997139","-75.166683","2018","6","0","0","0","0","0","0","0","0","","0","0","0","20","1","0","N","0","0","39 59:49.700","","0","75 10:00.060","0","0","0","0","67301","0","0","0","N","0","0","0","1","67301","0","","6.0","","1","N","N","N","0","","0","0","0","9","9","","2000","3","0","0","0","0","0","0","2","0","3","0","0","0","3","03","","N","","","","","","","","","",""
"2020038137","0600","1","0","0","0","0","0","0","0","0","1","0","","67","5","2020","6","39.940888","-75.234331","0555","6","0","0","0","0","0","1","0","0","","0","0","0","5","1","1","N","2","0","39 56:27.196","","0","75 14:03.590","3","0","0","0","67301","0","0","0","N","0","0","0","4","67301","0","","1.0","","9","N","N","N","0","","1","0","1","0","0","","528","2","1","0","0","0","0","0","2","0","2","0","0","0","7","04","","N","","","","","","","","","",""
"2020039938","1635","1","0","0","0","0","0","0","0","0","4","0","","67","5","2020","2","39.926643","-75.235595","1635","6","0","0","0","0","0","0","1","0","","0","0","0","16","1","1","","1","0","39 55:35.914","","0","75 14:08.141","3","0","0","0","67301","0","0","0","N","0","0","0","3","67301","0","","1.0","","1","N","N","N","1","","1","0","0","3","2","","1630","2","1","0","0","0","0","0","2","0","2","0","0","0","3","03","","N","","","","","","","","","",""
"2020087419","2229","1","0","0","0","0","0","0","0","0","7","1","50","67","10","2020","4","39.950923","-75.18292","2228","6","0","0","0","0","0","0","0","0","","0","1","0","20","3","2","N","0","2","39 57:03.324","4","0","75 10:58.512","8","0","0","0","67301","0","0","0","N","0","0","0","4","68K01","0","","2.0","2239.0","1","N","N","N","0","","0","0","0","3","8","N","2027","2","2","1","0","0","2","0","2","0","2","0","0","0","3","","N","Y","4","2","Y","","Y","Y","","","","N"
"2020037660","2301","1","0","0","0","0","0","0","0","0","7","0","","67","5","2020","6","39.959814","-75.178316","2301","6","0","0","0","0","0","0","0","0","","0","0","0","23","3","0","N","0","1","39 57:35.330","3","0","75 10:41.939","0","0","0","0","67301","0","0","0","N","0","0","0","1","68K01","0","","4.0","2310.0","9","N","N","N","0","","0","0","0","0","0","N","2301","1","0","0","0","0","0","0","2","0","1","0","0","0","7","","","N","","","","","","","","","",""
"2020041258","2212","0","0","0","0","0","0","0","0","0","0","0","","67","5","2020","5","40.02013","-75.114333","2210","6","0","0","0","0","0","0","0","0","","0","0","0","22","3","1","N","0","0","40 01:12.469","","0","75 06:51.599","3","0","0","1","67301","0","0","0","N","0","0","0","1","67301","0","","1.0","","1","N","N","N","0","","1","0","0","0","0","","2200","1","1","0","0","0","0","0","2","0","1","0","0","0","3","03","","N","","","","","","","","","",""
"2020045929","0201","1","0","0","0","0","0","0","0","0","7","0","","67","5","2020","6","39.915155","-75.14773","0155","6","0","0","0","0","0","0","0","0","","0","0","0","1","3","0","N","0","2","39 54:54.559","1","0","75 08:51.827","0","0","0","0","67301","0","0","0","N","0","0","0","1","68K01","0","","3.0","100.0","1","N","N","N","0","","0","0","0","0","0","N","152","1","0","0","0","0","0","0","2","0","1","0","0","0","3","","","N","","","","","","","","","",""
"2020043190","0119","1","0","0","0","0","0","0","0","0","7","0","","67","5","2020","7","39.987962","-75.207281","0116","6","0","0","0","0","0","0","0","0","","0","0","0","1","3","1","N","0","1","39 59:16.663","4","0","75 12:26.211","3","0","0","0","67301","0","0","0","Y","0","0","0","2","68K01","0","","3.0","119.0","9","N","N","N","0","","1","0","1","0","0","N","114","2","1","0","0","0","0","0","2","0","2","0","0","0","3","","","N","","","","","","","","","",""
"2020081736","1312","1","0","0","0","0","0","0","0","0","1","0","","67","9","2020","3","39.945082","-75.242424","1310","6","0","0","0","0","0","1","0","1","","0","0","0","13","1","1","N","0","0","39 56:42.296","","0","75 14:32.727","3","0","0","0","67301","0","0","0","N","0","0","0","3","67301","0","","1.0","","9","N","N","N","1","","1","0","0","0","0","","1309","2","1","0","0","0","0","0","2","0","2","0","0","0","7","07","","N","","","","","","","","","",""
"2020083295","1441","1","0","0","0","0","0","0","0","0","1","0","","67","10","2020","7","39.997408","-75.081984","1421","6","0","0","0","0","0","0","0","0","","0","0","0","14","1","0","N","7","0","39 59:50.669","","2","75 04:55.143","0","0","0","0","67301","0","0","0","N","0","0","0","2","68K01","0","","1.0","","1","N","N","N","1","","0","0","0","0","0","","1418","2","0","0","0","0","0","0","2","0","2","0","0","0","3","","","N","","","","","","","","","",""
"2020041239","0029","0","0","0","0","0","0","0","0","0","8","0","","67","5","2020","1","39.973507","-75.209325","0029","6","0","0","0","0","0","0","0","0","","0","0","0","22","3","1","N","0","0","39 58:24.624","","0","75 12:33.570","3","0","0","0","67301","1","0","0","N","1","0","0","2","67301","0","","1.0","","1","N","N","N","0","","1","0","0","0","0","","2225","2","1","0","0","0","0","0","2","0","1","1","0","0","3","03","","N","","","","","","","","","",""
"2020040854","0848","1","0","0","0","0","0","0","0","0","4","0","","67","5","2020","1","39.949841","-75.205769","0848","6","0","0","0","0","0","0","0","0","","0","0","0","8","1","0","","1","0","39 56:59.429","","0","75 12:20.769","0","0","0","0","67301","0","0","0","N","0","0","0","2","67504","0","","1.0","","1","N","N","N","0","","0","0","1","3","1","","830","2","0","0","0","0","0","0","2","0","2","0","0","0","4","","","N","","","","","","","","","",""
"2020068093","0708","1","0","0","0","0","0","0","0","0","5","0","","67","8","2020","1","39.968565","-75.128951","0654","6","0","0","0","0","0","0","0","0","","0","0","0","6","1","2","N","0","1","39 58:06.834","2","0","75 07:44.224","8","0","0","0","67301","0","0","0","N","0","0","0","2","68K01","0","","1.0","745.0","9","N","N","N","0","","0","0","0","0","0","N","652","2","2","0","0","0","2","0","2","0","2","0","0","0","7","","","N","","","","","","","","","",""
"2020073989","0941","1","0","0","0","0","0","0","0","0","8","0","","67","9","2020","4","40.070063","-74.981485","0940","6","0","0","0","0","0","0","0","0","","0","0","0","9","1","1","N","0","0","40 04:12.225","","0","74 58:53.346","8","0","0","0","67301","1","0","0","N","1","0","0","2","67301","0","","1.0","","1","N","N","N","0","","0","0","0","3","2","","924","2","1","0","0","0","1","0","2","0","1","1","0","0","4","04","","N","","","","","","","","","",""
"2020069151","0350","0","0","0","0","0","0","1","0","0","1","1","","67","8","2020","4","40.009257","-75.151239","0340","6","0","0","0","0","0","1","0","0","","0","0","0","3","3","2","N","1","0","40 00:33.325","","0","75 09:04.460","4","0","0","0","67301","0","0","0","N","0","0","0","3","67508","2","","1.0","","1","N","N","Y","0","","0","0","1","3","2","N","340","2","2","0","0","0","0","0","2","0","2","0","0","0","3","03","","N","","","","","","","","","",""
"2020069517","1617","0","0","0","0","0","0","0","0","0","2","0","","67","8","2020","2","40.043236","-75.167125","1617","6","0","0","0","0","0","0","2","0","","0","0","0","16","1","1","N","0","0","40 02:35.650","","0","75 10:01.650","4","0","0","0","67301","0","0","0","N","0","0","0","2","67301","1","","1.0","","1","N","N","N","0","","0","0","2","0","0","","1615","2","1","0","0","0","0","0","2","0","2","0","0","0","3","03","","N","","","","","","","","","",""
"2020029988","2339","0","0","0","0","0","0","0","0","0","7","0","","67","3","2020","6","40.033847","-75.020104","2311","6","0","0","0","1","0","0","0","0","","0","0","0","23","3","1","N","0","2","40 02:01.850","2","0","75 01:12.375","4","0","0","0","67301","0","0","0","N","0","0","0","1","68K01","1","","4.0","1.0","1","N","N","N","0","","0","0","1","0","0","Y","2311","1","1","0","0","0","0","0","2","0","1","0","0","0","3","","","N","","","","","","","","","",""
"2020069357","1545","2","0","0","0","0","0","0","0","0","1","0","","67","8","2020","6","39.957151","-75.151949","1534","6","0","0","0","0","0","0","0","0","","0","0","0","15","1","0","N","0","1","39 57:25.742","3","0","75 09:07.017","0","0","0","0","67301","0","0","0","N","0","0","0","2","68K01","0","","1.0","1546.0","1","N","N","N","0","","0","0","0","0","0","N","1528","2","0","0","0","0","0","0","2","0","2","0","0","0","3","03","","N","","","","","","","","","",""
"2020040015","1430","0","0","0","0","0","0","0","0","0","8","0","","67","5","2020","2","39.954625","-75.194082","1430","6","0","0","0","0","0","0","0","0","","0","0","0","14","1","1","N","0","0","39 57:16.649","","0","75 11:38.694","8","0","0","0","67301","1","0","0","N","1","0","0","3","67504","0","","1.0","","1","N","N","N","0","","0","0","0","0","0","","1428","2","1","0","0","0","1","2","2","1","1","1","0","0","3","03","","N","","","","","","","","","",""
"2020081745","1820","1","0","0","0","0","0","0","0","0","6","0","","67","10","2020","6","39.997291","-75.089436","1817","6","0","0","0","0","0","0","1","0","","0","0","0","18","4","1","","1","0","39 59:50.247","","0","75 05:21.971","3","0","0","0","67301","0","0","0","N","0","0","0","2","67301","0","","1.0","","1","N","N","N","0","","1","0","1","3","2","","1814","2","1","0","0","0","0","0","2","0","2","0","0","0","3","03","","N","","","","","","","","","",""
"2020082392","2157","1","0","0","0","0","0","0","0","0","5","0","","67","9","2020","5","39.980534","-75.10388","2147","6","0","0","0","0","0","0","0","0","","0","0","0","21","6","0","N","0","0","39 58:49.923","","0","75 06:13.969","0","0","0","0","67301","0","0","0","N","0","0","0","1","68K01","0","","1.0","","1","N","N","N","0","","0","0","0","0","0","","2133","2","0","0","0","0","0","0","2","0","2","0","0","0","3","","","N","","","","","","","","","",""
"2020081954","1110","2","0","0","0","0","0","0","0","0","1","0","","67","9","2020","2","40.030439","-75.021996","1104","6","0","0","1","0","0","1","0","0","","0","0","0","10","1","0","N","0","2","40 01:49.580","2","0","75 01:19.186","0","0","0","0","67301","0","0","0","N","0","0","0","2","68K01","0","","1.0","1145.0","1","N","N","N","0","","0","0","0","0","0","N","1050","2","0","0","0","0","0","0","2","0","2","0","0","0","3","","","N","","","","","","","","","",""
"2020033183","0916","2","0","0","0","0","0","0","0","0","1","0","","67","4","2020","5","40.096478","-74.970971","0910","6","0","0","0","0","0","0","0","0","","0","0","0","9","1","1","","3","0","40 05:47.319","","0","74 58:15.495","8","0","0","0","67301","0","0","0","N","0","0","0","2","67301","0","","1.0","","1","N","Y","N","0","","0","0","0","3","2","","910","2","1","0","0","0","1","0","2","0","2","0","0","0","3","03","","N","","","","","","","","","",""
"2020015606","2245","1","0","0","0","0","0","0","0","0","8","0","","67","2","2020","7","40.0204","-75.126481","2241","6","0","0","0","0","0","0","0","0","","0","0","0","22","3","2","N","0","0","40 01:13.440","","0","75 07:35.330","3","0","0","0","67301","2","0","0","N","2","0","0","3","67301","0","","1.0","","1","N","N","N","0","","2","0","0","0","0","","2240","3","2","0","0","0","0","0","2","0","1","2","0","0","3","03","","N","","","","","","","","","",""
"2020041224","0120","2","0","0","0","0","0","0","0","0","4","0","","67","5","2020","1","39.946745","-75.174641","0113","6","0","0","0","0","0","0","0","0","","0","0","0","1","3","0","","1","0","39 56:48.283","","0","75 10:28.709","9","0","0","0","67301","0","0","0","N","0","0","0","2","67301","0","","1.0","","1","N","N","N","0","","0","0","0","3","2","","105","2","0","0","0","0","0","1","2","0","2","0","0","0","3","03","","N","","","","","","","","","",""
"2020020870","0355","2","0","0","0","0","0","0","0","0","4","0","","67","2","2020","2","40.019966","-75.111637","0346","6","0","0","0","0","0","0","0","0","","0","0","0","2","3","2","","3","0","40 01:11.877","","0","75 06:41.893","3","0","0","0","67301","0","0","0","N","0","0","0","3","67301","0","","1.0","","1","N","N","N","0","","2","0","0","3","2","","224","2","2","0","0","0","0","0","2","0","2","0","0","0","3","03","","N","","","","","","","","","",""
"2020042331","1835","1","0","0","0","0","0","0","0","0","8","0","","67","5","2020","4","39.99905","-75.154119","1824","6","0","0","0","0","0","0","0","0","","0","0","0","17","1","1","N","0","0","39 59:56.580","","0","75 09:14.830","2","0","0","0","67301","1","0","1","N","1","0","1","2","67301","0","","1.0","","1","N","N","N","0","","0","1","0","0","0","","1755","2","1","0","0","0","0","0","2","0","1","1","0","1","3","03","","N","","","","","","","","","",""
"2020042964","0324","0","0","0","0","0","0","0","0","0","7","0","","67","5","2020","2","39.944625","-75.221542","0324","6","0","0","0","0","0","0","0","0","","0","0","0","3","3","1","","11","0","39 56:40.650","","0","75 13:17.550","3","0","0","0","67301","0","0","0","N","0","0","0","1","67301","0","","4.0","","1","N","N","N","0","","1","0","1","3","3","","322","1","1","0","0","0","0","0","2","0","1","0","0","0","3","03","","N","","","","","","","","","",""
"2020082384","2108","0","0","0","0","0","0","0","0","0","2","0","","67","9","2020","5","39.984048","-75.208169","2108","6","0","0","0","0","0","0","0","0","","0","0","0","21","3","0","N","0","1","39 59:02.571","4","0","75 12:29.407","0","0","0","0","67301","0","0","0","N","0","0","0","1","68K01","0","","4.0","2150.0","8","N","N","N","1","","0","0","0","0","0","N","2108","1","0","0","0","0","0","0","2","0","1","0","0","0","7","05","","N","","","","","","","","","",""
"2020037580","1323","2","0","0","0","0","0","0","0","0","5","0","","67","5","2020","7","39.96304","-75.190425","1319","6","0","0","0","0","0","0","0","0","","0","0","0","13","1","0","N","0","1","39 57:46.944","3","0","75 11:25.530","0","0","0","0","67301","0","0","0","N","0","0","0","2","67507","0","","6.0","1511.0","1","N","N","N","0","","0","0","0","0","0","Y","1315","2","0","0","0","0","0","0","2","0","2","0","0","0","3","","","N","","","","","","","","","",""
"2020039844","1618","1","0","0","0","0","0","0","0","0","7","0","","67","5","2020","5","39.975369","-75.194724","1607","6","0","0","0","0","0","0","0","0","","0","0","0","16","1","0","N","0","2","39 58:31.328","3","0","75 11:41.007","0","0","0","0","67301","0","0","0","N","0","0","0","1","68K01","0","","2.0","45.0","1","N","N","N","0","","0","0","0","0","0","N","1603","1","0","0","0","0","0","0","2","0","1","0","0","0","3","","","N","","","","","","","","","",""
"2020076745","0646","1","0","0","0","0","0","0","0","0","5","1","","67","9","2020","4","40.043428","-75.002825","0629","6","0","0","0","0","0","0","0","1","","0","1","0","6","3","1","N","0","0","40 02:36.339","","0","75 00:10.171","4","0","0","0","67301","0","0","0","N","0","0","0","2","68K01","1","","1.0","","1","N","N","N","0","","0","0","0","0","0","","607","2","1","1","0","0","0","0","2","0","2","0","0","0","3","03","","N","","","","","","","","","",""
"2020039851","1754","1","0","0","0","0","0","0","0","0","7","0","","67","5","2020","6","39.939537","-75.143566","1747","6","0","0","0","0","0","0","0","0","","0","0","0","17","1","0","N","0","2","39 56:22.332","2","2","75 08:36.839","0","0","0","0","67301","0","0","0","N","0","0","0","1","68K01","0","","4.0","15.0","9","N","N","N","0","","0","0","0","0","0","N","1745","1","0","0","0","0","0","0","2","0","1","0","0","0","7","","","N","","","","","","","","","",""
"2020083566","0303","1","0","0","0","0","0","0","0","0","8","0","","67","10","2020","7","40.014222","-75.157412","0258","6","0","0","0","0","0","0","0","0","","0","0","0","2","3","1","N","0","0","40 00:51.198","","0","75 09:26.684","8","0","0","0","67301","1","0","0","N","1","0","0","2","67301","0","","1.0","","1","N","N","N","0","","0","0","0","3","2","","211","2","1","0","0","0","1","0","2","0","1","1","0","0","3","98","","N","","","","","","","","","",""
"2020084074","1543","1","0","0","0","0","0","0","0","0","4","0","","67","10","2020","5","40.018791","-75.173674","1543","6","0","0","0","0","1","1","0","0","","0","0","0","15","1","2","N","0","1","40 01:07.646","2","0","75 10:25.228","3","0","0","0","67301","0","0","0","N","0","0","0","3","67301","0","","9.0","1559.0","1","N","N","N","0","","2","0","1","0","0","Y","1540","2","2","0","0","0","0","1","2","0","2","0","0","0","3","03","","N","","","","","","","","","",""
"2020039635","1621","2","0","0","0","0","0","0","0","0","1","0","","67","5","2020","1","40.096789","-74.977119","1620","6","0","0","0","0","0","2","1","0","","0","0","0","16","1","1","Y","0","2","40 05:48.440","3","0","74 58:37.630","3","0","0","0","67301","0","0","0","N","0","0","0","3","67301","0","","1.0","1730.0","1","N","N","N","0","","1","0","1","3","2","Y","1620","3","1","0","0","0","0","0","2","0","3","0","0","0","3","03","","N","","","","","","","","","",""
"2020085460","","0","0","0","0","0","0","0","0","0","4","0","","67","8","2020","7","39.968738","-75.211344","","6","0","0","0","0","0","0","1","0","","0","0","0","22","3","0","","1","0","39 58:07.455","","0","75 12:40.840","0","0","0","0","67301","0","0","0","N","0","0","0","2","00000","0","","1.0","","1","","","N","0","","0","0","1","3","2","","2215","2","0","0","0","0","0","0","2","0","2","0","0","0","3","","","N","","","","","","","","","",""
"2020045938","1635","1","0","0","0","0","0","0","0","0","7","0","","67","5","2020","6","39.886802","-75.20567","1630","6","0","0","0","0","0","0","0","0","","0","0","0","16","1","0","N","0","0","39 53:12.488","","0","75 12:20.413","0","0","0","0","67301","0","0","0","N","0","0","0","1","68K01","0","","2.0","","9","N","N","N","0","","0","0","0","0","0","","1622","1","0","0","0","0","0","0","2","0","1","0","0","0","7","07","","N","","","","","","","","","",""
"2020043540","1631","0","0","0","0","0","0","0","0","0","7","0","","67","5","2020","7","40.035147","-75.017851","1622","6","0","0","0","0","0","0","0","0","","0","0","0","16","1","0","N","0","0","40 02:06.528","","0","75 01:04.263","0","0","0","0","67301","0","0","0","N","0","0","0","2","68K01","0","","3.0","","9","N","N","N","1","","0","0","0","0","0","","1620","1","0","0","0","0","0","0","2","0","1","0","0","0","7","","","N","","","","","","","","","",""