"CRN","ARRIVAL_TM","AUTOMOBILE_COUNT","BELTED_DEATH_COUNT","BELTED_SUSP_SERIOUS_INJ_COUNT","BICYCLE_COUNT","BICYCLE_DEATH_COUNT","BICYCLE_SUSP_SERIOUS_INJ_COUNT","BUS_COUNT","CHLDPAS_DEATH_COUNT","CHLDPAS_SUSP_SERIOUS_INJ_COUNT","COLLISION_TYPE","COMM_VEH_COUNT","CONS_ZONE_SPD_LIM","COUNTY","CRASH_MONTH","CRASH_YEAR","DAY_OF_WEEK","DEC_LATITUDE","DEC_LONGITUDE","DISPATCH_TM","DISTRICT","DRIVER_COUNT_16YR","DRIVER_COUNT_17YR","DRIVER_COUNT_18YR","DRIVER_COUNT_19YR","DRIVER_COUNT_20YR","DRIVER_COUNT_50_64YR","DRIVER_COUNT_65_74YR","DRIVER_COUNT_75PLUS","EST_HRS_CLOSED","FATAL_COUNT","HEAVY_TRUCK_COUNT","HORSE_BUGGY_COUNT","HOUR_OF_DAY","ILLUMINATION","INJURY_COUNT","INTERSECTION_RELATED","INTERSECT_TYPE","LANE_CLOSED","LATITUDE","LN_CLOSE_DIR","LOCATION_TYPE","LONGITUDE","MAX_SEVERITY_LEVEL","MCYCLE_DEATH_COUNT","MCYCLE_SUSP_SERIOUS_INJ_COUNT","MOTORCYCLE_COUNT","MUNICIPALITY","NONMOTR_COUNT","NONMOTR_DEATH_COUNT","NONMOTR_SUSP_SERIOUS_INJ_COUNT","NTFY_HIWY_MAINT","PED_COUNT","PED_DEATH_COUNT","PED_SUSP_SERIOUS_INJ_COUNT","PERSON_COUNT","POLICE_AGCY","POSSIBLE_INJ_COUNT","RDWY_SURF_TYPE_CD","RELATION_TO_ROAD","ROADWAY_CLEARED","ROAD_CONDITION","SCH_BUS_IND","SCH_ZONE_IND","SECONDARY_CRASH","SMALL_TRUCK_COUNT","SPEC_JURIS_CD","SUSP_MINOR_INJ_COUNT","SUSP_SERIOUS_INJ_COUNT","SUV_COUNT","TCD_FUNC_CD","TCD_TYPE","TFC_DETOUR_IND","TIME_OF_DAY","TOTAL_UNITS","TOT_INJ_COUNT","UNBELTED_OCC_COUNT","UNB_DEATH_COUNT","UNB_SUSP_SERIOUS_INJ_COUNT","UNK_INJ_DEG_COUNT","UNK_INJ_PER_COUNT","URBAN_RURAL","VAN_COUNT","VEHICLE_COUNT","VULNERABLE_ROAD_USER_COUNT","VULNERABLE_ROAD_USER_DEATH_COUNT","VULNERABLE_ROAD_USER_SER_INJ_COUNT","WEATHER1","WEATHER2","WORKERS_PRES","WORK_ZONE_IND","WORK_ZONE_LOC","WORK_ZONE_TYPE","WZ_CLOSE_DETOUR","WZ_FLAGGER","WZ_LAW_OFFCR_IND","WZ_LN_CLOSURE","WZ_MOVING","WZ_OTHER","WZ_SHLDER_MDN","WZ_WORKERS_INJ_KILLED"
"2020081965","1247","1","0","0","0","0","0","0","0","0","4","0","","67","9","2020","2","40.007284","-75.199762","1226","6","0","0","0","0","0","0","0","0","","0","0","0","12","1","2","N","0","0","40 00:26.222","","0","75 11:59.143","3","0","0","0","67301","0","0","0","N","0","0","0","3","68K01","1","","1.0","","1","N","N","N","0","","1","0","0","0","0","","1202","2","2","0","0","0","0","1","2","0","2","0","0","0","3","","","N","","","","","","","","","",""
"2020041248","2343","1","0","0","0","0","0","0","0","0","4","0","","67","5","2020","4","40.003924","-75.220699","2340","6","0","0","0","0","0","0","0","0","","0","0","0","22","3","1","","1","0","40 00:14.125","","0","75 13:14.515","8","0","0","0","67301","0","0","0","N","0","0","0","3","67301","0","","1.0","","1","N","N","N","0","","0","0","1","3","2","","2235","2","1","0","0","0","1","0","2","0","2","0","0","0","3","03","","N","","","","","","","","","",""
"2020040287","2011","2","0","0","0","0","0","0","0","0","4","0","","67","5","2020","4","40.039458","-75.077435","2006","6","0","0","0","0","0","0","0","0","","0","0","0","20","2","1","","1","0","40 02:22.048","","0","75 04:38.765","3","0","0","0","67301","0","0","0","N","0","0","0","2","67301","0","","1.0","","1","N","N","N","0","","1","0","0","3","2","","2006","2","1","0","0","0","0","0","2","0","2","0","0","0","3","","","N","","","","","","","","","",""
"2020041757","1947","2","0","0","0","0","0","0","0","0","3","0","","67","5","2020","3","40.029637","-75.150921","1947","6","0","0","0","0","0","0","0","0","","0","0","0","20","3","0","N","1","0","40 01:46.693","","0","75 09:03.315","0","0","0","0","67301","0","0","0","N","0","0","0","2","67301","0","","1.0","","1","N","N","N","0","","0","0","0","0","0","","2030","2","0","0","0","0","0","0","2","0","2","0","0","0","3","03","","N","","","","","","","","","",""
"2020041223","1926","0","0","0","0","0","0","0","0","0","2","0","","67","5","2020","1","40.062483","-74.983839","1923","6","0","0","0","0","0","0","0","0","","0","0","0","19","1","2","","2","0","40 03:44.940","","0","74 59:01.820","3","0","0","0","67301","0","0","0","N","0","0","0","2","67301","0","","1.0","","1","N","N","N","1","","2","0","1","0","0","","1920","2","2","0","0","0","0","0","2","0","2","0","0","0","3","","","N","","","","","","","","","",""
"2020055293","0155","2","0","0","0","0","0","0","0","0","4","0","","67","7","2020","6","40.063099","-75.051637","0150","6","0","0","0","0","0","0","1","0","","1","0","0","1","3","1","","1","0","40 03:47.155","","0","75 03:05.894","1","0","0","0","67301","0","0","0","N","0","0","0","3","67301","0","2","1.0","","1","N","N","Y","0","0","0","1","0","3","2","","145","2","1","0","0","0","0","1","2","0","2","0","0","0","3","","","N","","","","","","","","","",""
"2020041264","2343","1","0","0","0","0","0","0","0","0","7","0","","67","5","2020","6","40.030714","-75.1224","2343","6","0","0","0","0","0","0","0","0","","0","0","0","23","3","2","","1","2","40 01:50.570","6","0","75 07:20.640","3","0","0","0","67301","0","0","0","N","0","0","0","2","67301","0","","4.0","10.0","9","N","N","N","0","","1","0","0","3","2","Y","2339","2","2","0","0","0","1","0","2","0","1","0","0","0","5","07","","N","","","","","","","","","",""
"2020041262","2332","3","0","0","0","0","0","0","0","0","1","0","","67","5","2020","3","40.043633","-75.152917","2331","6","0","0","0","0","1","0","0","0","","0","0","0","22","3","1","N","0","2","40 02:37.080","6","0","75 09:10.500","3","0","0","0","67301","0","0","0","N","0","0","0","2","67301","0","","1.0","35.0","1","N","N","N","0","","1","0","0","0","0","Y","2227","3","1","0","0","0","0","0","2","0","3","0","0","0","3","03","","N","","","","","","","","","",""
"2020083659","1128","1","0","0","0","0","0","0","0","0","1","1","","67","10","2020","2","39.958208","-75.16449","1120","6","0","0","0","0","0","0","0","0","","0","1","0","11","1","1","N","0","2","39 57:29.550","4","0","75 09:52.165","8","0","0","0","67301","0","0","0","N","0","0","0","2","68K01","0","","1.0","1158.0","1","N","N","N","0","","0","0","0","0","0","N","1117","2","1","0","0","0","1","0","2","0","2","0","0","0","3","","","N","","","","","","","","","",""
"2020082244","1610","1","0","0","0","0","0","1","0","0","5","1","","67","9","2020","4","39.979428","-75.225323","1550","6","0","0","1","0","0","0","0","0","","0","0","0","15","1","1","N","1","0","39 58:45.940","","0","75 13:31.164","8","0","0","0","67301","0","0","0","N","0","0","0","3","67508","0","","1.0","","1","N","N","Y","0","","0","0","0","3","2","","1550","2","1","0","0","0","1","0","2","0","2","0","0","0","3","03","","N","","","","","","","","","",""
"2020039421","2053","2","0","0","0","0","0","0","0","0","1","0","","67","5","2020","1","40.068991","-75.030341","2045","6","0","0","0","0","1","0","1","0","","0","0","0","20","3","1","N","0","0","40 04:08.367","","0","75 01:49.226","3","0","0","0","67301","0","0","0","N","0","0","0","3","67301","0","","1.0","","1","N","N","N","0","","1","0","1","0","0","","2045","3","1","0","0","0","0","0","2","0","3","0","0","0","3","03","","N","","","","","","","","","",""
"2020041268","2250","2","0","0","0","0","0","0","0","0","1","0","","67","5","2020","5","40.018542","-75.167095","2230","6","0","0","0","0","0","0","0","0","","0","0","0","22","3","2","","6","0","40 01:06.752","","2","75 10:01.543","3","0","0","0","67301","0","0","0","N","0","0","0","4","67301","0","","7.0","","1","N","N","N","0","","2","0","0","3","4","","2207","2","2","0","0","0","0","0","2","0","2","0","0","0","3","03","","N","","","","","","","","","",""
"2020083644","1117","2","0","0","0","0","0","0","0","0","1","1","","67","10","2020","5","39.957075","-75.156559","1117","6","0","0","0","0","0","2","0","0","","0","1","0","11","1","2","N","0","1","39 57:25.470","3","0","75 09:23.613","4","0","0","0","67301","0","0","0","N","0","0","0","5","68K01","2","","1.0","1230.0","1","N","N","N","0","","0","0","1","0","0","N","1117","4","2","0","0","0","0","0","2","0","4","0","0","0","3","","","N","","","","","","","","","",""
"2020037050","1706","1","0","0","0","0","0","0","0","0","4","0","","67","5","2020","4","40.045087","-75.158216","1702","6","0","0","0","0","0","0","0","0","","0","0","0","17","1","1","","1","1","40 02:42.313","5","0","75 09:29.577","3","0","0","0","67301","0","0","0","N","0","0","0","3","67301","0","","1.0","1930.0","9","N","N","N","0","","1","0","2","3","2","Y","1702","5","1","0","0","0","0","0","2","2","5","0","0","0","7","","","N","","","","","","","","","",""
"2020038830","0638","1","0","0","0","0","0","0","0","0","5","0","","67","5","2020","6","40.012558","-75.150521","0636","6","0","0","0","0","0","1","0","0","","0","0","0","6","1","1","N","0","0","40 00:45.207","","0","75 09:01.874","4","0","0","0","67301","0","0","0","N","0","0","0","2","67301","1","","1.0","","1","N","N","N","0","","0","0","1","9","9","","631","2","1","1","0","0","0","0","2","0","2","0","0","0","3","04","","N","","","","","","","","","",""
"2020078618","1120","2","0","0","0","0","0","0","0","0","2","0","","67","9","2020","4","39.979206","-75.16192","1116","6","0","0","0","0","1","0","0","0","","0","0","0","11","1","0","","2","0","39 58:45.143","","0","75 09:42.913","0","0","0","0","67301","0","0","0","N","0","0","0","2","67301","0","","1.0","","1","N","N","N","0","","0","0","0","3","3","","1101","2","0","0","0","0","0","0","2","0","2","0","0","0","3","03","","N","","","","","","","","","",""
"2020037177","0858","1","0","0","0","0","0","0","0","0","2","0","","67","5","2020","2","39.995613","-75.125956","0857","6","0","0","0","0","0","1","0","0","","0","0","0","8","1","1","N","0","0","39 59:44.208","","0","75 07:33.440","3","0","0","0","67301","0","0","0","N","0","0","0","1","67301","0","","6.0","","1","N","N","N","0","","1","0","1","3","8","","852","2","1","0","0","0","0","0","2","0","2","0","0","0","3","03","","N","","","","","","","","","",""
"2020083699","1935","0","0","0","0","0","0","0","0","0","8","0","","67","10","2020","2","40.009346","-75.151933","1928","6","0","0","0","0","0","0","0","0","","0","0","0","19","3","1","N","0","0","40 00:33.644","","0","75 09:06.957","3","0","0","0","67301","1","0","0","N","1","0","0","1","67301","0","","5.0","","1","N","N","N","0","","1","0","0","0","0","","1922","2","1","0","0","0","0","0","2","0","1","1","0","0","3","","","N","","","","","","","","","",""
"2020083726","2238","1","0","0","0","0","0","0","0","0","8","0","","67","10","2020","5","40.018575","-75.147967","2237","6","0","0","0","0","0","0","0","0","","0","0","0","22","3","1","N","0","2","40 01:06.869","3","0","75 08:52.680","2","0","0","0","67301","1","0","1","N","1","0","1","2","67301","0","","1.0","116.0","1","N","N","N","0","","0","1","0","3","2","Y","2236","2","1","0","0","0","0","0","2","0","1","1","0","1","3","03","","N","","","","","","","","","",""
"2020083339","1635","1","0","0","0","0","0","0","0","0","1","0","","67","9","2020","5","39.961221","-75.182403","1622","6","0","0","0","0","0","0","0","0","","0","0","0","16","1","1","","7","9","39 57:40.397","","99","75 10:56.651","3","0","0","0","67301","0","0","0","N","0","0","0","1","67301","0","","9.0","","99","N","N","N","0","","1","0","0","0","0","U","1600","2","1","0","0","0","0","0","2","0","2","0","0","0","3","","","N","","","","","","","","","",""
"2020041760","1825","1","0","0","0","0","0","0","0","0","8","0","","67","5","2020","3","39.996838","-75.15383","1819","6","0","0","0","0","0","0","0","0","","0","0","0","18","1","1","","1","0","39 59:48.618","","0","75 09:13.788","2","0","0","0","67301","1","0","1","N","1","0","1","2","67301","0","","1.0","","1","N","N","N","0","","0","1","0","3","2","","1800","2","1","0","0","0","0","0","2","0","1","1","0","1","3","03","","N","","","","","","","","","",""
"2020083297","2125","0","0","0","0","0","0","0","0","0","0","0","","67","10","2020","7","39.988063","-75.089185","2120","6","0","0","0","0","0","0","0","0","","0","0","0","21","3","1","N","0","2","39 59:17.027","2","0","75 05:21.065","8","0","0","1","67301","0","0","0","N","0","0","0","1","68K01","0","","1.0","15.0","1","N","N","N","0","","0","0","0","0","0","N","2110","1","1","0","0","0","1","0","2","0","1","0","0","0","3","","","N","","","","","","","","","",""
"2020042434","0735","0","0","0","0","0","0","0","0","0","4","0","","67","5","2020","1","40.050667","-75.173272","0724","6","0","0","0","0","0","1","0","0","","0","0","0","6","1","0","","1","0","40 03:02.401","","0","75 10:23.780","9","0","0","0","67301","0","0","0","N","0","0","0","2","67301","0","","1.0","","1","N","N","N","0","","0","0","2","3","2","","643","2","0","0","0","0","0","1","2","0","2","0","0","0","3","03","","N","","","","","","","","","",""
"2020083275","1047","1","0","0","0","0","0","0","0","0","5","0","","67","9","2020","4","39.957176","-75.157314","1024","6","0","0","0","0","0","2","0","0","","0","0","0","10","1","1","N","0","2","39 57:25.833","3","0","75 09:26.332","8","0","0","0","67301","0","0","0","N","0","0","0","2","68K01","0","","1.0","100.0","1","N","N","N","1","","0","0","0","0","0","Y","1017","2","1","0","0","0","1","0","2","0","2","0","0","0","3","03","","N","","","","","","","","","",""
"2020081642","2350","1","0","0","0","0","0","0","0","0","1","0","35","67","10","2020","6","40.019838","-75.162034","2335","6","0","0","0","0","0","1","0","0","","0","0","0","23","3","0","N","0","2","40 01:11.418","2","0","75 09:43.324","9","0","0","0","67301","0","0","0","N","0","0","0","2","67301","0","","1.0","100.0","1","N","N","N","0","","0","0","1","0","0","Y","2332","2","0","0","0","0","0","1","2","0","2","0","0","0","3","03","N","Y","4","1","N","N","N","N","N","N","Y","N"
"2020040097","0400","1","0","0","0","0","0","0","0","0","3","0","","67","5","2020","3","39.941661","-75.22278","0400","6","0","0","0","0","0","0","0","0","","0","0","0","3","3","2","","1","2","39 56:29.979","7","0","75 13:22.008","3","0","0","0","67301","0","0","0","N","0","0","0","2","67301","0","","1.0","200.0","1","N","N","N","0","","2","0","0","3","2","Y","343","2","2","0","0","0","0","0","2","1","2","0","0","0","3","03","","N","","","","","","","","","",""
"2020040166","0228","0","0","0","0","0","0","0","0","0","7","0","","67","5","2020","1","39.961746","-75.182001","0228","6","0","0","0","0","0","0","0","0","","0","0","0","2","3","0","N","0","2","39 57:42.285","4","2","75 10:55.205","0","0","0","1","67301","0","0","0","N","0","0","0","2","68K01","0","","4.0","252.0","1","N","N","N","0","","0","0","1","0","0","Y","216","2","0","0","0","0","0","0","2","0","2","0","0","0","3","03","","N","","","","","","","","","",""
"2020037018","1833","0","0","0","0","0","0","0","0","0","5","0","","67","5","2020","4","39.895748","-75.216006","1831","6","0","0","0","0","0","1","0","0","","0","0","0","18","1","0","N","0","1","39 53:44.693","3","3","75 12:57.621","0","0","0","0","67301","0","0","0","N","0","0","0","3","67301","0","","1.0","1925.0","9","N","N","N","2","","0","0","0","0","0","N","1820","2","0","0","0","0","0","0","2","0","2","0","0","0","7","","","N","","","","","","","","","",""
"2020037019","2047","3","0","0","0","0","0","0","0","0","5","0","","67","5","2020","3","39.980355","-75.182208","2041","6","0","0","0","0","0","0","0","0","","0","0","0","20","3","0","N","0","0","39 58:49.278","","0","75 10:55.949","0","0","0","0","67301","0","0","0","N","0","0","0","1","67301","0","","6.0","","1","N","N","N","0","","0","0","1","3","1","","2009","4","0","0","0","0","0","0","2","0","4","0","0","0","3","03","","N","","","","","","","","","",""
"2020039240","0547","1","0","0","0","0","0","0","0","0","4","0","","67","5","2020","1","40.051665","-75.150335","0545","6","0","0","0","0","0","0","0","0","","0","0","0","5","1","1","","3","0","40 03:05.995","","0","75 09:01.207","3","0","0","0","67301","0","0","0","N","0","0","0","2","67301","0","","1.0","","1","N","N","N","0","","1","0","1","3","8","","534","2","1","0","0","0","0","0","2","0","2","0","0","0","3","03","","N","","","","","","","","","",""
"2020041226","1819","2","0","0","0","0","0","0","0","0","4","0","","67","5","2020","7","39.923927","-75.222089","1819","6","0","0","0","0","0","0","0","0","","0","0","0","18","1","0","","1","0","39 55:26.137","","0","75 13:19.522","9","0","0","0","67301","0","0","0","N","0","0","0","2","67301","0","","1.0","","1","N","N","N","0","","0","0","0","3","2","","1810","2","0","0","0","0","0","1","2","0","2","0","0","0","3","03","","N","","","","","","","","","",""
"2020083562","1823","0","0","0","0","0","0","0","0","0","7","0","","67","10","2020","4","39.998196","-75.187643","1819","6","0","0","0","0","0","0","0","0","","0","0","0","17","1","0","","2","1","39 59:53.504","2","0","75 11:15.514","0","0","0","0","67301","0","0","0","N","0","0","0","1","67301","0","","5.0","100.0","1","N","N","N","0","","0","0","1","3","2","Y","1748","1","0","0","0","0","0","0","2","0","1","0","0","0","3","","","N","","","","","","","","","",""
"2020083031","2144","1","0","0","0","0","0","0","0","0","4","0","","67","7","2020","1","40.015043","-75.135168","2138","6","0","0","0","0","0","0","0","0","","1","0","0","21","3","3","","1","0","40 00:54.154","","0","75 08:06.604","1","1","1","1","67301","0","0","0","N","0","0","0","4","67301","0","2","1.0","","1","N","N","N","0","0","2","1","0","3","2","","2124","2","3","2","0","0","0","0","2","0","2","0","0","0","3","","","N","","","","","","","","","",""
"2020042303","1459","1","0","0","0","0","0","0","0","0","4","0","","67","5","2020","2","40.08068","-75.028469","1459","6","0","0","1","0","0","0","0","0","","0","0","0","14","1","0","","1","0","40 04:50.449","","0","75 01:42.488","0","0","0","0","67301","0","0","0","N","0","0","0","2","67301","0","","1.0","","1","N","N","N","0","","0","0","1","3","2","","1445","2","0","1","0","0","0","0","2","0","2","0","0","0","4","","","N","","","","","","","","","",""
"2020083454","1001","1","0","0","0","0","0","0","0","0","5","0","","67","10","2020","4","40.028531","-75.057901","0955","6","0","0","0","0","0","0","0","0","","0","1","0","9","1","0","","1","1","40 01:42.712","1","0","75 03:28.445","0","0","0","0","67301","0","0","0","N","0","0","0","3","67301","0","","1.0","1200.0","1","N","N","N","0","","0","0","0","3","2","N","952","3","0","0","0","0","0","0","2","0","3","0","0","0","3","03","","N","","","","","","","","","",""
"2020081330","0610","3","0","0","0","0","0","1","0","0","4","1","","67","9","2020","7","39.987821","-75.180584","0600","6","0","0","0","0","0","1","0","0","","0","0","0","6","5","3","N","1","2","39 59:16.154","5","0","75 10:50.102","4","0","0","0","67301","0","0","0","N","0","0","0","3","67508","1","","1.0","9999.0","1","N","N","Y","3","","0","0","3","2","2","Y","600","11","3","1","0","0","2","0","2","1","11","0","0","0","3","03","","N","","","","","","","","","",""
"2020039653","0450","1","0","0","0","0","0","0","0","0","7","0","","67","5","2020","2","39.965225","-75.149117","0441","6","0","0","0","0","0","0","0","0","","0","0","0","4","3","0","N","0","0","39 57:54.810","","0","75 08:56.820","0","0","0","0","67301","0","0","0","N","0","0","0","1","67301","0","","4.0","","1","N","N","N","0","","0","0","0","0","0","","441","1","0","0","0","0","0","0","2","0","1","0","0","0","3","03","","N","","","","","","","","","",""
"2020082375","1320","2","0","0","0","0","0","0","0","0","1","0","","67","9","2020","6","39.964874","-75.185411","1201","6","0","0","0","0","0","0","0","0","","0","0","0","11","1","1","N","0","0","39 57:53.548","","0","75 11:07.480","4","0","0","0","67301","0","0","0","N","0","0","0","3","68K01","1","","1.0","","1","N","N","N","0","","0","0","0","0","0","","1157","2","1","0","0","0","0","0","2","0","2","0","0","0","3","","","N","","","","","","","","","",""
"2020041758","1520","2","0","0","0","0","0","0","0","0","1","0","","67","5","2020","1","40.013921","-75.205919","1506","6","0","0","0","0","0","0","0","0","","0","0","0","14","1","1","N","0","0","40 00:50.117","","2","75 12:21.310","3","0","0","0","67301","0","0","0","N","0","0","0","4","67301","0","","1.0","","1","N","N","N","0","","1","0","0","0","0","","1430","3","1","0","0","0","0","0","2","1","3","0","0","0","3","","","N","","","","","","","","","",""
"2020083209","1727","1","0","0","0","0","0","0","0","0","1","0","","67","9","2020","1","39.977003","-75.198152","1723","6","0","0","0","0","0","0","0","0","","0","0","0","17","1","0","N","0","0","39 58:37.211","","0","75 11:53.348","0","0","0","0","67301","0","0","0","N","0","0","0","3","68K01","0","","1.0","","1","N","N","Y","0","","0","0","2","0","0","","1720","3","0","0","0","0","0","0","2","0","3","0","0","0","3","03","","N","","","","","","","","","",""
"2020087766","1546","1","0","0","0","0","0","0","0","0","4","1","","67","10","2020","4","39.978046","-75.153227","1546","6","0","0","0","1","0","0","0","0","","0","1","0","15","1","0","N","0","1","39 58:40.965","3","0","75 09:11.618","9","0","0","0","67301","0","0","0","N","0","0","0","2","67505","0","","1.0","1600.0","1","N","N","N","0","","0","0","0","0","0","Y","1546","2","0","0","0","0","0","1","2","0","2","0","0","0","3","03","","N","","","","","","","","","",""
"2020041222","0835","1","0","0","0","0","0","0","0","0","7","0","","67","5","2020","7","40.099676","-74.986918","0832","6","0","0","0","0","0","0","0","0","","0","0","0","8","1","1","N","0","1","40 05:58.835","4","0","74 59:12.905","3","0","0","0","67301","0","0","0","N","0","0","0","2","67301","0","","2.0","858.0","9","N","N","N","0","","1","0","1","0","0","N","822","2","1","0","0","0","0","0","2","0","2","0","0","0","7","","","N","","","","","","","","","",""
"2020049284","2134","2","0","0","0","0","0","0","0","0","4","0","","67","5","2020","2","40.048403","-75.137645","2134","6","0","0","0","0","0","0","0","0","","0","0","0","23","3","0","","1","0","40 02:54.250","","0","75 08:15.522","0","0","0","0","67301","0","0","0","N","0","0","0","2","67301","0","","1.0","","1","N","N","N","0","","0","0","0","3","3","","2300","2","0","0","0","0","0","0","2","0","2","0","0","0","3","03","","N","","","","","","","","","",""
"2020040005","2304","1","0","0","0","0","0","0","0","0","1","0","","67","5","2020","3","40.009599","-75.187273","2249","6","0","0","0","0","0","0","0","0","","0","0","0","22","3","1","","6","1","40 00:34.558","1","2","75 11:14.183","3","0","0","0","67301","0","0","0","N","0","0","0","2","67301","0","","7.0","2315.0","1","N","N","N","0","","1","0","1","3","4","N","2247","2","1","0","0","0","0","0","2","0","2","0","0","0","3","03","","N","","","","","","","","","",""
"2020041558","2132","1","0","0","0","0","0","0","0","0","8","0","","67","5","2020","2","40.015931","-75.153871","2131","6","0","0","0","0","0","0","0","0","","0","0","0","21","3","1","","1","0","40 00:57.350","","0","75 09:13.935","3","0","0","0","67301","1","0","0","N","1","0","0","2","67301","0","","1.0","","1","N","N","N","0","","1","0","0","3","2","","2122","2","1","0","0","0","0","0","2","0","1","1","0","0","3","","","N","","","","","","","","","",""
"2020039657","0142","1","0","0","0","0","0","0","0","0","7","0","","67","5","2020","2","","","0138","6","0","0","0","0","0","1","0","0","","0","0","0","1","3","1","N","0","1","","7","0","","2","0","0","0","67301","0","0","0","N","0","0","0","1","67301","0","","4.0","340.0","1","N","N","N","0","","0","1","0","0","0","Y","137","1","1","0","0","0","0","0","1","0","1","0","0","0","3","03","","N","","","","","","","","","",""
"2020041238","2251","1","0","0","0","0","0","0","0","0","7","0","","67","5","2020","7","40.017639","-75.048226","2251","6","0","0","0","0","0","0","0","0","","0","0","0","22","3","0","","3","1","40 01:03.500","4","0","75 02:53.612","0","0","0","0","67301","0","0","0","N","0","0","0","2","67301","0","","3.0","2253.0","1","N","N","N","0","","0","0","0","3","3","N","2225","1","0","2","0","0","0","0","2","0","1","0","0","0","3","03","","N","","","","","","","","","",""
"2020041542","1528","0","0","1","0","0","0","0","0","0","2","0","","67","5","2020","7","40.025697","-75.202897","1524","6","0","0","0","0","0","0","0","0","","0","0","0","15","1","3","N","0","2","40 01:32.509","5","0","75 12:10.428","2","0","0","0","67301","0","0","0","N","0","0","0","5","67301","0","","1.0","400.0","9","N","N","N","1","","2","1","1","0","0","Y","1520","2","3","0","0","0","0","2","2","0","2","0","0","0","4","98","","N","","","","","","","","","",""
"2020042439","1847","1","0","0","0","0","0","0","0","0","4","0","","67","5","2020","2","40.020554","-75.116263","1840","6","0","0","0","0","0","0","0","0","","0","0","0","18","1","1","","1","1","40 01:13.994","6","0","75 06:58.546","3","0","0","1","67301","0","0","0","N","0","0","0","2","67301","0","","1.0","1722.0","1","N","N","N","0","","1","0","0","3","2","Y","1836","2","1","1","0","0","0","0","2","0","2","0","0","0","3","03","","N","","","","","","","","","",""
"2020039961","1100","4","0","0","0","0","0","0","0","0","4","0","","67","5","2020","1","39.916031","-75.165525","1049","6","0","0","0","0","0","0","0","0","","0","0","0","9","1","1","","2","0","39 54:57.710","","0","75 09:55.889","3","0","0","0","67301","0","0","0","N","0","0","0","2","67301","0","","1.0","","1","N","N","N","0","","1","0","0","3","3","","955","5","1","0","0","0","0","0","2","1","5","0","0","0","3","03","","N","","","","","","","","","",""
"2020041260","1239","2","0","0","0","0","0","0","0","0","4","0","","67","5","2020","7","40.018715","-75.127176","1228","6","0","0","0","0","0","0","0","0","","0","0","0","12","1","2","","1","0","40 01:07.374","","0","75 07:37.833","3","0","0","0","67301","0","0","0","N","0","0","0","4","67301","0","","1.0","","1","N","N","N","0","","2","0","0","3","2","","1226","2","2","0","0","0","0","0","2","0","2","0","0","0","4","","","N","","","","","","","","","",""
"2020083665","2038","1","0","0","0","0","0","0","0","0","1","0","45","67","10","2020","2","39.90175","-75.151911","2038","6","0","0","0","0","0","0","0","0","","0","0","0","20","3","1","N","0","0","39 54:06.300","","0","75 09:06.878","3","0","0","0","67301","0","0","0","N","0","0","0","5","68K01","0","","1.0","","1","N","N","N","0","","1","0","0","0","0","","2036","2","1","0","0","0","0","0","2","1","2","0","0","0","3","03","Y","Y","2","2","N","N","Y","Y","N","N","Y","N"
"2020045919","2238","1","0","0","0","0","0","0","0","0","5","0","","67","5","2020","3","39.917308","-75.147528","2226","6","0","0","0","0","0","0","0","0","","0","0","0","22","3","2","N","0","1","39 55:02.307","1","0","75 08:51.100","3","0","0","0","67301","0","0","0","N","0","0","0","5","68K01","0","","1.0","20.0","1","N","N","N","0","","2","0","0","0","0","N","2223","3","2","0","0","0","0","0","2","0","3","0","0","0","3","03","","N","","","","","","","","","",""
"2020083621","0044","1","0","0","0","0","0","0","0","0","7","0","","67","9","2020","7","39.96996","-75.125429","0033","6","0","0","0","0","0","0","0","0","","0","0","0","0","3","1","N","0","1","39 58:11.856","1","0","75 07:31.546","8","0","0","0","67301","0","0","0","N","0","0","0","1","68K01","0","","4.0","53.0","1","N","N","N","0","","0","0","0","0","0","N","29","1","1","0","0","0","1","0","2","0","1","0","0","0","3","03","","N","","","","","","","","","",""
"2020040230","1011","0","0","0","0","0","0","0","0","0","1","0","","67","5","2020","3","39.975514","-75.170311","1008","6","0","0","0","0","0","0","0","0","","0","0","0","10","1","1","N","0","0","39 58:31.850","","0","75 10:13.121","3","0","0","0","67301","0","0","0","N","0","0","0","3","67301","0","","6.0","","1","N","N","N","0","","1","0","1","0","0","","1008","2","1","0","0","0","0","0","2","0","2","0","0","0","3","03","","N","","","","","","","","","",""
"2020041251","1315","1","0","0","0","0","0","0","0","0","4","0","","67","5","2020","6","39.981899","-75.170586","1312","6","0","0","0","0","0","0","0","0","","0","0","0","12","1","0","","1","0","39 58:54.836","","0","75 10:14.109","9","0","0","0","67301","0","0","0","N","0","0","0","4","67301","0","","1.0","","9","N","N","N","0","","0","0","0","3","2","","1255","2","0","0","0","0","0","1","2","0","2","0","0","0","4","07","","N","","","","","","","","","",""
"2020045950","0932","1","0","0","0","0","0","0","0","0","7","0","","67","5","2020","7","39.982775","-75.20784","0931","6","0","0","0","0","0","0","0","0","","0","0","0","9","1","1","N","0","1","39 58:57.991","4","0","75 12:28.224","4","0","0","0","67301","0","0","0","N","0","0","0","1","68K01","1","","3.0","950.0","9","N","N","N","0","","0","0","0","0","0","N","931","1","1","1","0","0","0","0","2","0","1","0","0","0","3","","","N","","","","","","","","","",""