"CRN","ARRIVAL_TM","AUTOMOBILE_COUNT","BELTED_DEATH_COUNT","BELTED_SUSP_SERIOUS_INJ_COUNT","BICYCLE_COUNT","BICYCLE_DEATH_COUNT","BICYCLE_SUSP_SERIOUS_INJ_COUNT","BUS_COUNT","CHLDPAS_DEATH_COUNT","CHLDPAS_SUSP_SERIOUS_INJ_COUNT","COLLISION_TYPE","COMM_VEH_COUNT","CONS_ZONE_SPD_LIM","COUNTY","CRASH_MONTH","CRASH_YEAR","DAY_OF_WEEK","DEC_LATITUDE","DEC_LONGITUDE","DISPATCH_TM","DISTRICT","DRIVER_COUNT_16YR","DRIVER_COUNT_17YR","DRIVER_COUNT_18YR","DRIVER_COUNT_19YR","DRIVER_COUNT_20YR","DRIVER_COUNT_50_64YR","DRIVER_COUNT_65_74YR","DRIVER_COUNT_75PLUS","EST_HRS_CLOSED","FATAL_COUNT","HEAVY_TRUCK_COUNT","HORSE_BUGGY_COUNT","HOUR_OF_DAY","ILLUMINATION","INJURY_COUNT","INTERSECTION_RELATED","INTERSECT_TYPE","LANE_CLOSED","LATITUDE","LN_CLOSE_DIR","LOCATION_TYPE","LONGITUDE","MAX_SEVERITY_LEVEL","MCYCLE_DEATH_COUNT","MCYCLE_SUSP_SERIOUS_INJ_COUNT","MOTORCYCLE_COUNT","MUNICIPALITY","NONMOTR_COUNT","NONMOTR_DEATH_COUNT","NONMOTR_SUSP_SERIOUS_INJ_COUNT","NTFY_HIWY_MAINT","PED_COUNT","PED_DEATH_COUNT","PED_SUSP_SERIOUS_INJ_COUNT","PERSON_COUNT","POLICE_AGCY","POSSIBLE_INJ_COUNT","RDWY_SURF_TYPE_CD","RELATION_TO_ROAD","ROADWAY_CLEARED","ROAD_CONDITION","SCH_BUS_IND","SCH_ZONE_IND","SECONDARY_CRASH","SMALL_TRUCK_COUNT","SPEC_JURIS_CD","SUSP_MINOR_INJ_COUNT","SUSP_SERIOUS_INJ_COUNT","SUV_COUNT","TCD_FUNC_CD","TCD_TYPE","TFC_DETOUR_IND","TIME_OF_DAY","TOTAL_UNITS","TOT_INJ_COUNT","UNBELTED_OCC_COUNT","UNB_DEATH_COUNT","UNB_SUSP_SERIOUS_INJ_COUNT","UNK_INJ_DEG_COUNT","UNK_INJ_PER_COUNT","URBAN_RURAL","VAN_COUNT","VEHICLE_COUNT","VULNERABLE_ROAD_USER_COUNT","VULNERABLE_ROAD_USER_DEATH_COUNT","VULNERABLE_ROAD_USER_SER_INJ_COUNT","WEATHER1","WEATHER2","WORKERS_PRES","WORK_ZONE_IND","WORK_ZONE_LOC","WORK_ZONE_TYPE","WZ_CLOSE_DETOUR","WZ_FLAGGER","WZ_LAW_OFFCR_IND","WZ_LN_CLOSURE","WZ_MOVING","WZ_OTHER","WZ_SHLDER_MDN","WZ_WORKERS_INJ_KILLED"
"2020041227","2218","1","0","0","0","0","0","0","0","0","4","0","","67","5","2020","7","39.940534","-75.218905","2216","6","0","0","0","0","0","0","0","0","","0","0","0","22","3","1","","1","1","39 56:25.922","1","0","75 13:08.059","3","0","0","0","67301","0","0","0","N","0","0","0","5","67301","0","","1.0","2300.0","1","N","N","N","1","","1","0","0","3","2","N","2216","2","1","0","0","0","0","0","2","0","2","0","0","0","3","03","","N","","","","","","","","","",""
"2020041270","0100","2","0","0","0","0","0","0","0","0","4","0","","67","5","2020","2","40.030763","-75.187766","0053","6","0","0","0","0","0","0","0","0","","0","0","0","0","3","1","","1","2","40 01:50.746","6","0","75 11:15.959","4","0","0","0","67301","0","0","0","N","0","0","0","2","67301","1","","1.0","200.0","1","N","N","N","0","","0","0","0","3","2","Y","50","2","1","0","0","0","0","0","2","0","2","0","0","0","3","03","","N","","","","","","","","","",""
"2020037926","2101","2","0","0","0","0","0","0","0","0","4","0","","67","5","2020","7","39.966345","-75.192025","2052","6","0","0","0","0","0","0","0","0","","0","0","0","20","3","0","","1","0","39 57:58.841","","0","75 11:31.289","0","0","0","0","67301","0","0","0","N","0","0","0","2","67301","0","","1.0","","1","N","N","N","0","","0","0","0","3","3","","2026","3","0","2","0","0","0","0","2","1","3","0","0","0","3","03","","N","","","","","","","","","",""
"2020036317","0845","2","0","0","0","0","0","0","0","0","4","0","","67","5","2020","2","39.977507","-75.15987","0841","6","0","0","0","0","0","0","0","0","","0","0","0","8","1","0","N","1","0","39 58:39.025","","0","75 09:35.531","0","0","0","0","67301","0","0","0","N","0","0","0","2","67505","0","","1.0","","1","N","N","N","0","","0","0","0","3","2","N","830","2","0","0","0","0","0","0","2","0","2","0","0","0","3","03","","N","","","","","","","","","",""
"2020036393","1618","1","0","0","0","0","0","0","0","0","4","0","","67","5","2020","7","39.965289","-75.201546","1618","6","0","0","0","0","0","1","0","0","","0","0","0","16","1","1","","1","0","39 57:55.040","","0","75 12:05.565","4","0","0","0","67301","0","0","0","N","0","0","0","4","67301","1","","1.0","","1","N","N","N","0","","0","0","1","3","3","","1617","2","1","0","0","0","0","0","2","0","2","0","0","0","3","03","","N","","","","","","","","","",""
"2020036496","1845","1","0","0","0","0","0","0","0","0","5","0","","67","5","2020","1","39.971754","-75.161741","1841","6","0","0","0","0","0","0","0","0","","0","0","0","18","1","0","N","0","1","39 58:18.316","3","0","75 09:42.267","9","0","0","0","67301","0","0","0","N","0","0","0","1","67301","0","","6.0","1938.0","1","N","N","N","0","","0","0","2","0","0","N","1838","3","0","0","0","0","0","1","2","0","3","0","0","0","3","","","N","","","","","","","","","",""
"2020078429","2014","3","0","0","0","0","0","0","0","0","1","0","","67","9","2020","1","39.958768","-75.168925","2009","6","0","0","0","0","0","0","0","0","","0","0","0","19","4","0","N","0","2","39 57:31.564","4","0","75 10:08.131","0","0","0","0","67301","0","0","0","N","0","0","0","4","68K01","0","","1.0","15.0","1","N","N","N","0","","0","0","0","0","0","N","1948","3","0","0","0","0","0","0","2","0","3","0","0","0","3","","","N","","","","","","","","","",""
"2020041242","2050","2","0","0","0","0","0","0","0","0","4","0","","67","5","2020","7","39.947322","-75.239088","2040","6","0","0","0","0","0","1","0","0","","0","0","0","20","3","0","","1","0","39 56:50.359","","0","75 14:20.716","0","0","0","0","67301","0","0","0","N","0","0","0","2","67301","0","","1.0","","1","N","N","N","0","","0","0","0","3","3","","2011","2","0","0","0","0","0","0","2","0","2","0","0","0","3","04","","N","","","","","","","","","",""
"2020040358","0717","0","0","0","0","0","0","0","0","0","1","0","","67","5","2020","5","40.033296","-75.037693","0711","6","0","0","0","0","0","0","0","0","","0","0","0","6","1","1","","1","1","40 01:59.865","6","0","75 02:15.694","3","0","0","0","67301","0","0","0","N","0","0","0","2","67301","0","","1.0","750.0","1","N","N","N","0","","1","0","2","3","2","N","651","2","1","0","0","0","0","0","2","0","2","0","0","0","3","","","N","","","","","","","","","",""
"2020036499","1801","1","0","0","0","0","0","0","0","0","8","0","","67","5","2020","1","40.010284","-75.136079","1801","6","0","0","0","0","0","0","0","0","","0","0","0","17","1","1","N","0","0","40 00:37.021","","0","75 08:09.886","3","0","0","0","67301","1","0","0","N","1","0","0","2","67301","0","","1.0","","1","N","N","N","0","","1","0","0","0","0","","1758","2","1","0","0","0","0","0","2","0","1","1","0","0","3","03","","N","","","","","","","","","",""
"2020039331","1706","1","0","0","0","0","0","0","0","0","8","0","","67","5","2020","1","39.977579","-75.182811","1703","6","0","0","0","0","0","0","0","0","","0","0","0","17","1","1","","1","2","39 58:39.286","5","0","75 10:58.121","3","0","0","0","67301","1","0","0","N","1","0","0","2","67301","0","","1.0","1700.0","1","N","N","N","0","","1","0","0","3","2","Y","1700","2","1","0","0","0","0","0","2","0","1","1","0","0","3","04","","N","","","","","","","","","",""
"2020039419","0927","3","0","0","0","0","0","0","0","0","5","0","","67","5","2020","1","39.940506","-75.149428","0927","6","0","0","0","0","0","0","0","0","","0","0","0","9","1","0","N","0","2","39 56:25.820","7","0","75 08:57.940","0","0","0","0","67301","0","0","0","N","0","0","0","3","67301","0","","6.0","1000.0","1","N","N","N","0","","0","0","1","0","0","Y","925","4","0","0","0","0","0","0","2","0","4","0","0","0","3","03","","N","","","","","","","","","",""
"2020081951","2000","1","0","0","0","0","0","0","0","0","1","0","50","67","9","2020","6","39.929363","-75.197344","1952","6","0","1","0","0","0","1","0","0","","0","0","0","19","2","1","N","0","0","39 55:45.708","","0","75 11:50.437","2","0","1","1","67301","0","0","0","N","0","0","0","4","68K01","0","","1.0","","1","N","N","N","0","","0","1","0","0","0","","1951","2","1","0","0","0","0","0","2","0","2","0","0","0","3","03","Y","Y","4","1","N","N","Y","Y","N","N","N","N"
"2020045959","1509","1","0","0","0","0","0","0","0","0","7","0","","67","5","2020","2","40.037266","-75.013433","1508","6","0","0","0","0","0","0","0","0","","0","0","0","15","1","0","N","0","0","40 02:14.159","","0","75 00:48.359","0","0","0","0","67301","0","0","0","N","0","0","0","1","68K01","0","","2.0","","1","N","N","N","0","","0","0","0","0","0","","1505","1","0","0","0","0","0","0","2","0","1","0","0","0","3","","","N","","","","","","","","","",""
"2020045944","0809","0","0","0","0","0","0","0","0","0","7","1","","67","5","2020","7","40.043286","-75.003185","0802","6","0","0","0","0","0","0","0","0","","0","1","0","7","1","0","N","0","0","40 02:35.831","","0","75 00:11.466","0","0","0","0","67301","0","0","0","N","0","0","0","1","68K01","0","","3.0","","9","N","N","N","0","","0","0","0","0","0","","758","1","0","0","0","0","0","0","2","0","1","0","0","0","7","04","","N","","","","","","","","","",""
"2020047761","0818","0","0","0","0","0","0","0","0","0","5","0","","67","5","2020","7","39.917124","-75.147752","0811","6","0","0","0","0","0","1","0","0","","0","0","0","8","1","2","N","0","1","39 55:01.647","2","0","75 08:51.907","3","0","0","0","67301","0","0","0","N","0","0","0","3","68K01","0","","1.0","840.0","8","N","N","N","0","","2","0","2","0","0","N","808","2","2","0","0","0","0","0","2","0","2","0","0","0","7","07","","N","","","","","","","","","",""
"2020039485","2343","1","0","0","0","0","0","0","0","0","5","0","","67","5","2020","1","40.121161","-74.995939","2338","6","0","0","0","0","0","0","0","0","","0","0","0","23","3","1","N","0","0","40 07:16.180","","0","74 59:45.380","3","0","0","0","67301","0","0","0","N","0","0","0","1","67301","0","","6.0","","1","N","N","N","0","","1","0","2","0","0","","2330","3","1","0","0","0","0","0","2","0","3","0","0","0","3","03","","N","","","","","","","","","",""
"2020045924","2020","3","0","1","0","0","0","0","0","0","5","0","","67","5","2020","4","39.934413","-75.199891","2012","6","0","0","0","0","0","1","0","0","","0","0","0","20","1","2","N","0","2","39 56:03.885","4","0","75 11:59.608","2","0","0","0","67301","0","0","0","N","0","0","0","5","68K01","0","","1.0","100.0","1","N","N","N","0","","1","1","2","0","0","N","2010","5","2","0","0","0","0","0","2","0","5","0","0","0","3","03","","N","","","","","","","","","",""
"2020040657","1720","1","0","0","0","0","0","0","0","0","7","0","","67","5","2020","6","39.989348","-75.167307","1717","6","0","0","0","0","0","0","0","0","","0","0","0","17","1","1","","1","0","39 59:21.653","","0","75 10:02.305","4","0","0","0","67301","0","0","0","N","0","0","0","1","67301","1","","4.0","","9","N","N","N","0","","0","0","0","3","2","","1716","1","1","0","0","0","0","0","2","0","1","0","0","0","7","04","","N","","","","","","","","","",""
"2020083625","2234","2","0","0","0","0","0","0","0","0","5","0","","67","9","2020","7","39.978471","-75.202478","2230","6","0","0","0","0","1","0","0","0","","0","0","0","22","3","0","N","0","0","39 58:42.496","","0","75 12:08.922","0","0","0","0","67301","0","0","0","N","0","0","0","2","68K01","0","","1.0","","1","N","N","N","0","","0","0","0","0","0","","2223","2","0","0","0","0","0","0","2","0","2","0","0","0","3","","","N","","","","","","","","","",""
"2020082492","1150","1","0","0","0","0","0","0","0","0","1","1","","67","10","2020","2","39.955031","-75.191631","1144","6","0","0","0","0","0","1","0","0","","0","1","0","11","1","1","N","0","1","39 57:18.110","2","0","75 11:29.870","8","0","0","0","67301","0","0","0","N","0","0","0","3","67301","0","","1.0","30.0","1","N","N","N","0","","0","0","0","0","0","Y","1121","2","1","0","0","0","1","0","2","0","2","0","0","0","3","03","","N","","","","","","","","","",""
"2020040656","1011","0","0","0","0","0","0","0","0","0","8","0","","67","5","2020","5","40.055311","-75.158075","1011","6","0","0","0","0","0","0","0","0","","0","0","0","17","1","1","N","0","0","40 03:19.119","","0","75 09:29.071","3","0","0","0","67301","1","0","0","N","1","0","0","2","67301","0","","1.0","","99","N","N","N","0","","1","0","1","0","0","","1730","2","1","0","0","0","0","0","2","0","1","1","0","0","99","","","N","","","","","","","","","",""
"2020039695","1343","0","0","0","0","0","0","0","0","0","4","0","","67","5","2020","2","40.044107","-75.061971","1338","6","0","0","0","0","0","0","0","0","","0","0","0","13","1","4","","1","0","40 02:38.785","","0","75 03:43.094","3","0","0","0","67301","0","0","0","N","0","0","0","4","67301","0","","1.0","","1","N","N","Y","1","","4","0","2","3","2","","1338","3","4","4","0","0","0","0","2","0","3","0","0","0","4","","","N","","","","","","","","","",""
"2020040211","1617","0","0","0","0","0","0","0","0","0","4","0","","67","5","2020","4","40.029422","-75.124695","1617","6","0","0","0","0","0","0","0","0","","0","0","0","15","1","0","","1","0","40 01:45.919","","0","75 07:28.901","0","0","0","0","67301","0","0","0","N","0","0","0","4","67301","0","","1.0","","1","N","N","Y","0","","0","0","2","3","2","","1530","3","0","0","0","0","0","0","2","1","3","0","0","0","3","","","N","","","","","","","","","",""
"2020045943","0730","0","0","0","0","0","0","0","0","0","7","0","","67","5","2020","7","39.960431","-75.181473","0725","6","0","0","0","0","0","0","0","0","","0","0","0","7","1","1","N","0","1","39 57:37.551","3","0","75 10:53.303","4","0","0","0","67301","0","0","0","N","0","0","0","1","68K01","1","","2.0","100.0","9","N","N","N","0","","0","0","1","0","0","N","721","1","1","0","0","0","0","0","2","0","1","0","0","0","7","","","N","","","","","","","","","",""
"2020091216","0233","1","0","0","0","0","0","0","0","0","1","0","","67","10","2020","1","39.965929","-75.136079","0226","6","0","0","0","0","0","0","0","0","","0","0","0","2","3","0","N","0","0","39 57:57.343","","0","75 08:09.884","0","0","0","0","67301","0","0","0","N","0","0","0","4","68K01","0","","1.0","","1","N","N","Y","1","","0","0","0","0","0","","225","2","0","0","0","0","0","0","2","0","2","0","0","0","3","","","N","","","","","","","","","",""
"2020048506","1729","1","0","0","1","0","0","0","0","0","8","0","","67","6","2020","7","40.029648","-75.229179","1722","6","0","0","0","0","0","0","0","0","","0","0","0","17","1","1","N","2","0","40 01:46.732","","0","75 13:45.044","8","0","0","0","67301","1","0","0","N","0","0","0","2","67301","0","","1.0","","9","N","N","N","0","","0","0","0","3","2","","1715","2","1","0","0","0","1","0","2","0","1","1","0","0","7","98","","N","","","","","","","","","",""
"2020048714","0924","1","0","0","0","0","0","0","0","0","4","0","","67","6","2020","1","39.957337","-75.144132","0922","6","0","0","0","0","0","0","0","0","","0","0","0","9","1","0","","5","0","39 57:26.412","","2","75 08:38.875","0","0","0","0","67301","0","0","0","N","0","0","0","2","67301","0","","1.0","","1","N","N","N","0","","0","0","1","3","2","","915","2","0","0","0","0","0","0","2","0","2","0","0","0","3","","","N","","","","","","","","","",""
"2020045201","0700","1","0","0","0","0","0","0","0","0","7","0","","67","5","2020","3","39.95866","-75.180334","0655","6","0","0","0","0","0","0","0","0","","0","0","0","6","1","0","N","0","2","39 57:31.175","4","0","75 10:49.204","0","0","0","0","67301","0","0","0","N","0","0","0","1","68K01","0","","2.0","45.0","1","N","N","N","0","","0","0","0","0","0","N","654","1","0","0","0","0","0","0","2","0","1","0","0","0","3","","","N","","","","","","","","","",""
"2020042328","2255","1","0","0","0","0","0","0","0","0","4","0","","67","5","2020","2","39.986182","-75.142809","2248","6","0","0","0","0","0","0","0","0","","0","0","0","22","3","3","","1","0","39 59:10.256","","0","75 08:34.112","3","0","0","0","67301","0","0","0","N","0","0","0","5","67301","0","","1.0","","1","N","N","N","0","","3","0","1","3","3","","2240","2","3","0","0","0","0","0","2","0","2","0","0","0","3","03","","N","","","","","","","","","",""
"2020079059","0852","2","0","0","0","0","0","0","0","0","4","0","","67","9","2020","5","40.009628","-75.156078","0851","6","0","0","0","0","0","0","0","0","","0","0","0","7","5","1","N","0","0","40 00:34.660","","0","75 09:21.880","8","0","0","0","67301","0","0","0","N","0","0","0","1","67301","0","","1.0","","1","N","N","Y","0","","0","0","2","0","0","","724","4","1","0","0","0","1","0","2","0","4","0","0","0","3","","","N","","","","","","","","","",""
"2020037650","1440","1","0","0","0","0","0","0","0","0","1","0","","67","5","2020","1","40.003531","-75.214564","1440","6","0","0","0","0","0","0","1","1","","0","0","0","14","1","0","Y","0","0","40 00:12.710","","0","75 12:52.430","0","0","0","0","67301","0","0","0","N","0","0","0","2","68K01","0","","1.0","","1","N","N","N","0","","0","0","1","3","2","","1440","2","0","0","0","0","0","0","2","0","2","0","0","0","3","03","","N","","","","","","","","","",""
"2020036299","2140","1","0","0","0","0","0","0","0","0","7","0","","67","5","2020","1","40.037925","-75.101058","2140","6","0","0","0","0","0","0","0","0","","0","0","0","21","3","0","N","0","0","40 02:16.530","","0","75 06:03.810","0","0","0","0","67301","0","0","0","N","0","0","0","1","67301","0","","3.0","","1","N","N","N","0","","0","0","0","0","0","","2135","1","0","1","0","0","0","0","2","0","1","0","0","0","4","04","","N","","","","","","","","","",""
"2020040000","0826","1","0","0","0","0","0","0","0","0","5","0","25","67","5","2020","2","39.999916","-75.084414","0826","6","0","0","0","0","0","0","0","0","","0","0","0","7","1","1","N","0","0","39 59:59.698","","0","75 05:03.892","8","0","0","0","67301","0","0","0","N","0","0","0","2","67301","0","","1.0","","1","N","N","N","0","","0","0","0","0","0","","750","2","1","0","0","0","1","0","2","0","2","0","0","0","3","03","Y","Y","2","1","N","N","N","N","N","Y","N","N"
"2020083029","1405","0","0","0","0","0","0","0","0","0","8","0","","67","10","2020","2","39.992978","-75.128461","1356","6","0","0","0","0","0","0","1","0","","0","0","0","13","1","1","","1","9","39 59:34.722","","0","75 07:42.458","8","0","0","0","67301","1","0","0","N","1","0","0","2","67301","0","","1.0","","1","N","N","N","0","","0","0","1","0","0","","1318","2","1","0","0","0","1","0","2","0","1","1","0","0","3","03","","N","","","","","","","","","",""
"2020039699","1740","1","0","0","0","0","0","0","0","0","7","0","","67","5","2020","2","39.996838","-75.15383","1737","6","0","0","0","0","0","0","0","0","","0","0","0","17","1","1","","1","0","39 59:48.618","","0","75 09:13.788","8","0","0","0","67301","0","0","0","N","0","0","0","1","67301","0","","4.0","","1","N","N","N","0","","0","0","0","3","2","","1730","1","1","1","0","0","1","0","2","0","1","0","0","0","3","","","N","","","","","","","","","",""
"2020083242","2316","4","0","0","0","0","0","0","0","0","1","0","","67","9","2020","6","39.959158","-75.180581","2316","6","0","0","0","0","0","0","0","0","","0","0","0","23","3","1","N","0","1","39 57:32.968","4","0","75 10:50.090","3","0","0","0","67301","0","0","0","N","0","0","0","4","68K01","0","","1.0","45.0","1","N","N","N","0","","1","0","0","0","0","N","2313","4","1","0","0","0","0","0","2","0","4","0","0","0","3","","","N","","","","","","","","","",""
"2020041877","1951","1","0","0","0","0","0","0","0","0","7","0","45","67","5","2020","7","39.970998","-75.123892","1933","6","0","0","0","0","1","0","0","0","","0","0","0","19","4","0","N","0","1","39 58:15.592","1","0","75 07:26.010","0","0","0","0","67301","0","0","0","N","0","0","0","1","68K01","0","","4.0","2017.0","1","N","N","N","0","","0","0","0","0","0","N","1928","1","0","0","0","0","0","0","2","0","1","0","0","0","3","","N","Y","4","1","","","N","Y","","","","N"
"2020041834","0817","0","0","0","0","0","0","0","0","0","4","0","","67","5","2020","3","39.973555","-75.208895","0815","6","0","0","0","0","0","2","0","0","","0","0","0","8","1","2","","2","0","39 58:24.799","","0","75 12:32.023","3","0","0","0","67301","0","0","0","N","0","0","0","3","67301","0","","1.0","","1","N","N","N","1","","2","0","1","3","2","","815","2","2","3","0","0","0","0","2","0","2","0","0","0","3","03","","N","","","","","","","","","",""
"2020081730","0616","1","0","0","0","0","0","0","0","0","8","0","","67","9","2020","4","40.117806","-74.992386","0613","6","0","0","0","0","0","0","0","0","","0","0","0","6","3","1","N","0","0","40 07:04.100","","0","74 59:32.590","8","0","0","0","67301","1","0","0","N","1","0","0","2","67301","0","","1.0","","9","N","N","N","0","","0","0","0","0","0","","612","2","1","0","0","0","1","0","2","0","1","1","0","0","7","07","","N","","","","","","","","","",""
"2020082979","1435","0","0","0","0","0","0","1","0","0","5","1","","67","9","2020","6","39.998114","-75.126296","1425","6","0","0","0","0","0","1","0","0","","0","0","0","14","1","1","Y","0","0","39 59:53.211","","0","75 07:34.665","4","0","0","0","67301","0","0","0","N","0","0","0","4","67508","1","","1.0","","1","N","N","Y","0","","0","0","0","0","0","","1425","2","1","0","0","0","0","0","2","0","2","0","0","0","3","","","N","","","","","","","","","",""
"2020082464","1908","2","0","0","0","0","0","0","0","0","2","0","","67","10","2020","2","39.978675","-75.157803","1907","6","0","1","0","0","0","0","0","0","","0","0","0","19","3","1","N","1","0","39 58:43.230","","0","75 09:28.092","3","0","0","0","67301","0","0","0","N","0","0","0","2","67505","0","","1.0","","1","N","N","N","0","","1","0","0","3","2","","1905","2","1","0","0","0","0","0","2","0","2","0","0","0","3","03","","N","","","","","","","","","",""
"2020045942","0615","1","0","0","0","0","0","0","0","0","5","0","","67","5","2020","7","39.98065","-75.206073","0607","6","0","0","0","0","0","0","0","0","","0","0","0","6","3","1","N","0","1","39 58:50.340","3","0","75 12:21.863","4","0","0","0","67301","0","0","0","N","0","0","0","2","68K01","1","","1.0","45.0","9","N","N","N","0","","0","0","1","0","0","N","606","2","1","0","0","0","0","0","2","0","2","0","0","0","7","","","N","","","","","","","","","",""
"2020083289","1826","1","0","0","0","0","0","0","0","0","1","0","","67","10","2020","6","39.958014","-75.162952","1813","6","0","0","0","0","0","1","0","0","","0","0","0","18","1","1","N","0","1","39 57:28.851","4","0","75 09:46.627","8","0","0","0","67301","0","0","0","N","0","0","0","2","68K01","0","","1.0","15.0","1","N","N","N","0","","0","0","0","0","0","N","1810","2","1","0","0","0","1","0","2","1","2","0","0","0","3","03","","N","","","","","","","","","",""
"2020083252","0236","2","0","0","0","0","0","0","0","0","1","0","45","67","9","2020","1","40.008691","-75.069288","0236","6","0","0","0","0","0","1","0","0","","0","0","0","2","3","0","N","0","0","40 00:31.287","","0","75 04:09.438","0","0","0","0","67301","0","0","0","N","0","0","0","2","68K01","0","","1.0","","1","N","N","N","0","","0","0","0","3","8","","236","2","0","0","0","0","0","0","2","0","2","0","0","0","3","","Y","Y","4","1","N","N","Y","Y","Y","N","Y","N"
"2020041219","0450","0","0","0","0","0","0","0","0","0","7","0","","67","5","2020","5","39.949258","-75.157232","0447","6","0","0","0","0","0","0","0","0","","0","0","0","4","6","2","","1","1","39 56:57.327","2","0","75 09:26.036","4","0","0","0","67301","0","0","0","N","0","0","0","2","67301","2","","4.0","555.0","1","N","N","N","0","","0","0","1","3","2","N","446","1","2","0","0","0","0","0","2","0","1","0","0","0","3","03","","N","","","","","","","","","",""
"2020083026","1700","2","0","0","0","0","0","0","0","0","1","1","","67","9","2020","1","39.989181","-75.103392","1700","6","0","0","0","0","0","1","0","0","","0","1","0","17","1","0","N","0","0","39 59:21.050","","0","75 06:12.210","0","0","0","0","67301","0","0","0","N","0","0","0","1","67301","0","","6.0","","1","N","N","N","0","","0","0","0","0","0","","1700","4","0","1","0","0","0","0","2","1","4","0","0","0","3","03","","N","","","","","","","","","",""
"2020083917","1540","1","0","0","0","0","0","0","0","0","7","0","","67","10","2020","2","39.975892","-75.119358","1536","6","0","0","0","0","0","0","0","0","","0","0","0","15","1","0","N","0","0","39 58:33.210","","0","75 07:09.690","0","0","0","0","67301","0","0","0","N","0","0","0","1","67301","0","","9.0","","1","N","N","N","0","","0","0","0","0","0","","1532","1","0","0","0","0","0","0","2","0","1","0","0","0","3","","","N","","","","","","","","","",""
"2020039191","0742","2","0","0","0","0","0","0","0","0","4","0","","67","5","2020","1","39.948884","-75.160546","0738","6","0","0","0","0","0","0","0","0","","0","0","0","7","1","1","","1","1","39 56:55.984","4","0","75 09:37.967","4","0","0","0","67301","0","0","0","N","0","0","0","3","67301","1","","1.0","800.0","1","N","N","N","0","","0","0","0","3","2","N","735","2","1","2","0","0","0","0","2","0","2","0","0","0","4","04","","N","","","","","","","","","",""
"2020043141","1643","0","0","0","0","0","0","0","0","0","1","0","","67","5","2020","2","39.955222","-75.147111","1640","6","0","0","0","0","0","1","0","0","","0","0","0","16","1","1","N","0","2","39 57:18.800","4","3","75 08:49.600","3","0","0","0","67301","0","0","0","N","0","0","0","2","67501","0","","1.0","1714.0","1","N","N","N","0","","1","0","2","0","0","N","1640","2","1","0","0","0","0","0","2","0","2","0","0","0","3","03","","N","","","","","","","","","",""
"2020039040","0136","1","0","0","0","0","0","0","0","0","5","0","","67","5","2020","7","40.057847","-75.147156","0131","6","0","0","0","0","0","0","0","0","","0","0","0","1","3","1","N","0","0","40 03:28.250","","0","75 08:49.760","3","0","0","0","67301","0","0","0","N","0","0","0","2","67301","0","","6.0","","1","N","N","N","2","","1","0","1","0","0","","114","4","1","1","0","0","0","1","2","0","4","0","0","0","3","","","N","","","","","","","","","",""
"2020041247","1810","1","0","0","0","0","0","0","0","0","4","0","","67","5","2020","4","39.967073","-75.243775","1807","6","0","0","0","0","0","0","0","0","","0","0","0","18","1","0","","1","1","39 58:01.462","1","0","75 14:37.590","0","0","0","0","67301","0","0","0","N","0","0","0","2","67301","0","","1.0","1930.0","1","N","N","Y","0","","0","0","1","3","3","Y","1801","2","0","0","0","0","0","0","2","0","2","0","0","0","3","","","N","","","","","","","","","",""
"2020041550","2116","0","0","0","0","0","0","0","0","0","8","0","","67","5","2020","2","39.991778","-75.173306","2112","6","0","0","0","0","0","0","0","0","","0","0","0","21","3","1","N","0","0","39 59:30.400","","0","75 10:23.900","3","0","0","0","67301","1","0","0","N","1","0","0","2","67301","0","","1.0","","1","N","N","N","0","","1","0","0","0","0","","2111","2","1","0","0","0","0","1","2","0","1","1","0","0","3","03","","N","","","","","","","","","",""
"2020081574","0155","2","0","0","0","0","0","0","0","0","4","0","","67","9","2020","1","40.01356","-75.083239","0144","6","0","0","0","0","0","0","0","0","","0","0","0","1","3","1","","2","0","40 00:48.816","","0","75 04:59.662","3","0","0","0","67301","0","0","0","N","0","0","0","1","67301","0","","1.0","","1","N","N","N","0","","1","0","0","9","3","","132","2","1","0","0","0","0","0","2","0","2","0","0","0","3","03","","N","","","","","","","","","",""
"2020040228","0030","3","0","0","0","0","0","0","0","0","4","0","","67","5","2020","5","40.053802","-75.160903","0024","6","0","0","0","0","0","0","0","0","","0","0","0","0","3","0","","2","0","40 03:13.687","","0","75 09:39.250","0","0","0","0","67301","0","0","0","N","0","0","0","2","67301","0","","1.0","","1","N","N","N","0","","0","0","1","3","3","","16","4","0","0","0","0","0","0","2","0","4","0","0","0","3","03","","N","","","","","","","","","",""
"2020041556","2055","2","0","0","0","0","0","0","0","0","4","0","","67","5","2020","2","39.979851","-75.142873","2051","6","0","0","0","0","0","1","0","0","","0","0","0","20","3","1","","1","0","39 58:47.465","","0","75 08:34.342","4","0","0","0","67301","0","0","0","N","0","0","0","3","67301","1","","1.0","","1","N","N","N","0","","0","0","0","3","2","","2050","2","1","0","0","0","0","0","2","0","2","0","0","0","3","03","","N","","","","","","","","","",""
"2020045918","2218","2","0","0","0","0","0","0","0","0","5","0","","67","5","2020","3","39.957961","-75.141655","2207","6","0","0","0","0","0","0","0","0","","0","0","0","22","3","0","N","0","2","39 57:28.658","2","8","75 08:29.959","0","0","0","0","67301","0","0","0","N","0","0","0","2","68K01","0","","1.0","2300.0","1","N","N","N","0","","0","0","0","0","0","N","2200","2","0","0","0","0","0","0","2","0","2","0","0","0","3","03","","N","","","","","","","","","",""