"CRN","ARRIVAL_TM","AUTOMOBILE_COUNT","BELTED_DEATH_COUNT","BELTED_SUSP_SERIOUS_INJ_COUNT","BICYCLE_COUNT","BICYCLE_DEATH_COUNT","BICYCLE_SUSP_SERIOUS_INJ_COUNT","BUS_COUNT","CHLDPAS_DEATH_COUNT","CHLDPAS_SUSP_SERIOUS_INJ_COUNT","COLLISION_TYPE","COMM_VEH_COUNT","CONS_ZONE_SPD_LIM","COUNTY","CRASH_MONTH","CRASH_YEAR","DAY_OF_WEEK","DEC_LATITUDE","DEC_LONGITUDE","DISPATCH_TM","DISTRICT","DRIVER_COUNT_16YR","DRIVER_COUNT_17YR","DRIVER_COUNT_18YR","DRIVER_COUNT_19YR","DRIVER_COUNT_20YR","DRIVER_COUNT_50_64YR","DRIVER_COUNT_65_74YR","DRIVER_COUNT_75PLUS","EST_HRS_CLOSED","FATAL_COUNT","HEAVY_TRUCK_COUNT","HORSE_BUGGY_COUNT","HOUR_OF_DAY","ILLUMINATION","INJURY_COUNT","INTERSECTION_RELATED","INTERSECT_TYPE","LANE_CLOSED","LATITUDE","LN_CLOSE_DIR","LOCATION_TYPE","LONGITUDE","MAX_SEVERITY_LEVEL","MCYCLE_DEATH_COUNT","MCYCLE_SUSP_SERIOUS_INJ_COUNT","MOTORCYCLE_COUNT","MUNICIPALITY","NONMOTR_COUNT","NONMOTR_DEATH_COUNT","NONMOTR_SUSP_SERIOUS_INJ_COUNT","NTFY_HIWY_MAINT","PED_COUNT","PED_DEATH_COUNT","PED_SUSP_SERIOUS_INJ_COUNT","PERSON_COUNT","POLICE_AGCY","POSSIBLE_INJ_COUNT","RDWY_SURF_TYPE_CD","RELATION_TO_ROAD","ROADWAY_CLEARED","ROAD_CONDITION","SCH_BUS_IND","SCH_ZONE_IND","SECONDARY_CRASH","SMALL_TRUCK_COUNT","SPEC_JURIS_CD","SUSP_MINOR_INJ_COUNT","SUSP_SERIOUS_INJ_COUNT","SUV_COUNT","TCD_FUNC_CD","TCD_TYPE","TFC_DETOUR_IND","TIME_OF_DAY","TOTAL_UNITS","TOT_INJ_COUNT","UNBELTED_OCC_COUNT","UNB_DEATH_COUNT","UNB_SUSP_SERIOUS_INJ_COUNT","UNK_INJ_DEG_COUNT","UNK_INJ_PER_COUNT","URBAN_RURAL","VAN_COUNT","VEHICLE_COUNT","VULNERABLE_ROAD_USER_COUNT","VULNERABLE_ROAD_USER_DEATH_COUNT","VULNERABLE_ROAD_USER_SER_INJ_COUNT","WEATHER1","WEATHER2","WORKERS_PRES","WORK_ZONE_IND","WORK_ZONE_LOC","WORK_ZONE_TYPE","WZ_CLOSE_DETOUR","WZ_FLAGGER","WZ_LAW_OFFCR_IND","WZ_LN_CLOSURE","WZ_MOVING","WZ_OTHER","WZ_SHLDER_MDN","WZ_WORKERS_INJ_KILLED"
"2020045927","1004","1","0","0","0","0","0","0","0","0","1","0","30","67","5","2020","5","39.999494","-75.084604","0958","6","0","0","0","0","0","0","1","0","","0","0","0","9","1","3","","3","0","39 59:58.179","","8","75 05:04.576","4","0","0","0","67301","0","0","0","N","0","0","0","4","68K01","3","","1.0","","1","N","N","N","1","","0","0","0","3","3","","957","2","3","0","0","0","0","0","2","0","2","0","0","0","3","","Y","Y","4","1","N","N","N","N","N","N","Y","N"
"2020039652","2359","2","0","0","0","0","0","0","0","0","4","0","","67","5","2020","2","40.041367","-75.070648","2351","6","0","0","0","0","0","0","0","0","","0","0","0","22","3","0","","1","0","40 02:28.921","","0","75 04:14.332","0","0","0","0","67301","0","0","0","N","0","0","0","2","67301","0","","1.0","","1","N","N","N","0","","0","0","0","3","3","","2246","2","0","0","0","0","0","0","2","0","2","0","0","0","3","","","N","","","","","","","","","",""
"2020082416","1537","1","0","0","0","0","0","0","0","0","1","0","45","67","9","2020","2","40.020436","-75.043634","1526","6","0","0","0","0","0","0","0","0","","0","0","0","15","1","0","N","0","0","40 01:13.571","","0","75 02:37.083","0","0","0","0","67301","0","0","0","N","0","0","0","2","68K01","0","","1.0","","1","N","N","N","0","","0","0","1","0","0","","1507","2","0","0","0","0","0","0","2","0","2","0","0","0","3","03","Y","Y","4","1","N","N","N","N","N","N","Y","N"
"2020083221","0145","2","0","0","0","0","0","0","0","0","1","0","","67","9","2020","7","39.997292","-75.082068","0144","6","0","0","0","2","0","0","0","0","","0","0","0","23","3","1","N","0","0","39 59:50.251","","0","75 04:55.446","4","0","0","0","67301","0","0","0","N","0","0","0","2","68K01","1","","1.0","","1","N","N","N","0","","0","0","0","0","0","","2315","2","1","0","0","0","0","0","2","0","2","0","0","0","3","","","N","","","","","","","","","",""
"2020041218","1257","0","0","0","0","0","0","0","0","0","4","0","","67","5","2020","1","39.905757","-75.193824","0056","6","0","0","0","0","0","0","0","0","","0","0","0","0","3","2","","1","0","39 54:20.725","","0","75 11:37.765","3","0","0","1","67301","0","0","0","N","0","0","0","3","67301","0","","1.0","","1","N","N","N","0","","2","0","0","3","2","","56","2","2","0","0","0","0","0","2","0","2","0","0","0","3","03","","N","","","","","","","","","",""
"2020091352","0155","0","0","0","0","0","0","0","0","0","4","0","","67","10","2020","2","40.023345","-75.134295","0143","6","0","0","0","0","0","0","0","0","","0","1","0","1","3","0","N","0","2","40 01:24.042","2","0","75 08:03.462","0","0","0","0","67301","0","0","0","N","0","0","0","1","67301","0","","1.0","300.0","9","N","N","N","0","","0","0","1","3","2","Y","135","2","0","0","0","0","0","0","2","0","2","0","0","0","7","07","","N","","","","","","","","","",""
"2020082397","1006","1","0","0","0","0","0","0","0","0","1","0","","67","9","2020","7","39.972788","-75.193797","0955","6","0","0","0","0","0","0","0","0","","0","0","0","9","1","2","N","0","0","39 58:22.038","","0","75 11:37.668","3","0","0","0","67301","0","0","0","N","0","0","0","3","68K01","0","","1.0","","1","N","N","N","0","","2","0","1","0","0","","954","2","2","0","0","0","0","0","2","0","2","0","0","0","3","","","N","","","","","","","","","",""
"2020037048","2330","1","0","0","0","0","0","0","0","0","4","0","","67","5","2020","3","40.031228","-75.145767","2327","6","0","0","0","0","0","0","0","0","","0","0","0","22","3","2","","1","0","40 01:52.420","","0","75 08:44.761","3","0","0","0","67301","0","0","0","N","0","0","0","3","67301","0","","1.0","","1","N","N","N","0","","2","0","1","3","2","","2229","2","2","0","0","0","0","0","2","0","2","0","0","0","3","03","","N","","","","","","","","","",""
"2020039964","1625","0","0","0","0","0","0","0","0","0","4","0","","67","5","2020","3","40.023617","-75.092683","1625","6","0","0","0","0","1","1","0","0","","0","0","0","16","1","1","","1","0","40 01:25.020","","0","75 05:33.660","8","0","0","1","67301","0","0","0","N","0","0","0","2","67301","0","","1.0","","1","N","N","N","0","","0","0","0","3","2","","1620","2","1","0","0","0","1","0","2","1","2","0","0","0","3","03","","N","","","","","","","","","",""
"2020039698","1302","0","0","0","0","0","0","0","0","0","8","0","","67","5","2020","2","40.004298","-75.145224","1300","6","0","0","0","0","0","0","0","0","","0","0","0","12","1","1","","1","0","40 00:15.472","","0","75 08:42.806","4","0","0","0","67301","1","0","0","N","1","0","0","2","67301","1","","1.0","","1","N","N","N","0","","0","0","0","0","0","","1255","2","1","0","0","0","0","0","2","1","1","1","0","0","3","03","","N","","","","","","","","","",""
"2020041246","1135","2","0","0","0","0","0","0","0","0","1","0","","67","5","2020","4","39.983089","-75.238347","1133","6","0","0","0","0","0","0","0","0","","0","0","0","11","1","0","N","0","0","39 58:59.120","","3","75 14:18.050","9","0","0","0","67301","0","0","0","N","0","0","0","2","67301","0","","1.0","","1","N","N","N","0","","0","0","0","0","0","","1129","2","0","0","0","0","0","1","2","0","2","0","0","0","3","","","N","","","","","","","","","",""
"2020077980","2357","3","0","0","0","0","0","0","0","0","1","0","","67","9","2020","7","39.992612","-75.200864","2350","6","0","0","0","0","0","0","0","0","","0","0","0","23","3","1","N","0","2","39 59:33.403","4","0","75 12:03.110","8","0","0","0","67301","0","0","0","N","0","0","0","3","68K01","0","","1.0","1235.0","1","N","N","N","0","","0","0","0","0","0","N","2347","3","1","1","0","0","1","1","2","0","3","0","0","0","3","","","N","","","","","","","","","",""
"2020038677","1212","0","0","0","0","0","0","0","0","0","4","0","","67","5","2020","6","39.897741","-75.252258","1212","6","0","0","0","0","1","0","0","0","","0","0","0","12","1","0","","1","0","39 53:51.867","","0","75 15:08.128","9","0","0","0","67301","0","0","0","N","0","0","0","4","67301","0","","1.0","","9","N","N","N","0","","0","0","2","3","2","","1210","2","0","0","0","0","0","1","2","0","2","0","0","0","7","","","N","","","","","","","","","",""
"2020083666","2311","0","0","0","0","0","0","0","0","0","7","0","","67","10","2020","2","39.958269","-75.180221","2248","6","0","0","0","0","0","0","0","0","","0","0","0","22","3","0","N","6","1","39 57:29.768","4","2","75 10:48.796","0","0","0","0","67301","0","0","0","Y","0","0","0","1","68K01","0","","4.0","2317.0","1","N","N","N","0","","0","0","1","0","0","N","2248","1","0","0","0","0","0","0","2","0","1","0","0","0","3","","","N","","","","","","","","","",""
"2020083791","0655","0","0","0","0","0","0","0","0","0","4","2","","67","10","2020","5","39.901015","-75.239185","0645","6","0","0","0","0","0","0","0","0","","0","2","0","4","3","0","","2","2","39 54:03.653","1","0","75 14:21.067","0","0","0","0","67301","0","0","0","N","0","0","0","2","67301","0","","1.0","200.0","1","N","N","N","0","","0","0","0","3","2","Y","443","2","0","0","0","0","0","0","2","0","2","0","0","0","3","03","","N","","","","","","","","","",""
"2020081741","0010","1","0","0","0","0","0","0","0","0","7","0","","67","10","2020","6","39.931513","-75.217095","0000","6","0","0","0","0","0","0","0","0","","0","0","0","23","3","1","N","0","0","39 55:53.447","","3","75 13:01.543","8","0","0","0","67301","0","0","0","N","0","0","0","2","67301","0","","4.0","","1","N","N","N","0","","0","0","0","0","0","","2332","1","1","2","0","0","1","1","2","0","1","0","0","0","3","03","","N","","","","","","","","","",""
"2020041779","2042","2","0","0","0","0","0","0","0","0","4","0","","67","5","2020","3","39.944661","-75.165335","2040","6","0","0","0","0","0","0","0","0","","0","0","0","20","3","2","","1","0","39 56:40.780","","0","75 09:55.207","3","0","0","0","67301","0","0","0","N","0","0","0","2","67301","0","","1.0","","1","N","N","N","0","","2","0","0","3","2","","2037","2","2","0","0","0","0","0","2","0","2","0","0","0","98","","","N","","","","","","","","","",""
"2020078395","1530","1","0","0","0","0","0","0","0","0","1","0","","67","9","2020","5","40.009278","-75.204916","1510","6","0","0","0","0","0","0","0","0","","0","0","0","14","1","0","N","0","0","40 00:33.399","","0","75 12:17.699","0","0","0","0","67301","0","0","0","N","0","0","0","2","68K01","0","","3.0","","1","N","N","N","1","","0","0","0","0","0","","1450","2","0","0","0","0","0","0","2","0","2","0","0","0","3","","","N","","","","","","","","","",""
"2020040491","0006","2","0","0","0","0","0","0","0","0","1","0","","67","5","2020","4","40.013371","-75.12226","0006","6","0","0","0","0","0","0","0","0","","0","0","0","0","3","1","","3","1","40 00:48.135","2","0","75 07:20.135","3","0","0","0","67301","0","0","0","N","0","0","0","3","67301","0","","1.0","206.0","1","N","N","N","0","","1","0","0","3","3","N","5","2","1","0","0","0","0","0","2","0","2","0","0","0","3","","","N","","","","","","","","","",""
"2020082415","1425","1","0","0","0","0","0","0","0","0","5","2","","67","9","2020","2","39.98746","-75.089764","1412","6","0","0","0","0","0","2","0","0","","0","1","0","14","1","0","N","0","1","39 59:14.856","1","0","75 05:23.149","0","0","0","0","67301","0","0","0","Y","0","0","0","4","68K01","0","","1.0","1520.0","1","N","N","N","0","","0","0","0","0","0","N","1410","3","0","0","0","0","0","0","2","1","3","0","0","0","3","03","","N","","","","","","","","","",""
"2020078385","0652","1","0","0","0","0","0","0","0","0","5","0","","67","9","2020","4","40.054491","-74.985573","0627","6","0","0","0","0","0","0","0","0","","0","0","0","6","1","1","N","0","0","40 03:16.169","","0","74 59:08.063","8","0","0","0","67301","0","0","0","Y","0","0","0","4","68K01","0","","1.0","","1","N","N","N","0","","0","0","0","0","0","","624","3","1","0","0","0","1","1","2","1","3","0","0","0","3","","","N","","","","","","","","","",""
"2020037691","2001","1","0","0","0","0","0","0","0","0","4","0","","67","5","2020","7","39.972115","-75.233642","2001","6","0","0","0","0","0","0","0","0","","0","0","0","20","3","1","","1","0","39 58:19.613","","0","75 14:01.111","8","0","0","0","67301","0","0","0","N","0","0","0","4","67301","0","","1.0","","1","N","N","N","0","","0","0","1","3","3","","2001","2","1","0","0","0","1","0","2","0","2","0","0","0","3","03","","N","","","","","","","","","",""
"2020076966","0728","1","0","0","0","0","0","0","0","0","4","0","","67","9","2020","7","39.970928","-75.155844","0723","6","0","0","0","0","0","1","0","0","","0","0","0","7","1","2","N","0","1","39 58:15.341","4","0","75 09:21.038","3","0","0","0","67301","0","0","0","N","0","0","0","2","67301","1","","1.0","744.0","1","N","N","N","0","","1","0","1","0","0","N","723","2","2","0","0","0","0","0","2","0","2","0","0","0","3","","","N","","","","","","","","","",""
"2020039837","1513","0","0","0","0","0","0","0","0","0","5","0","45","67","5","2020","3","39.968405","-75.129476","1502","6","0","0","0","0","0","0","0","0","","0","0","0","15","1","0","N","0","1","39 58:06.259","2","0","75 07:46.115","0","0","0","0","67301","0","0","0","N","0","0","0","2","68K01","0","","1.0","1545.0","1","N","N","N","0","","0","0","1","0","0","Y","1501","2","0","0","0","0","0","0","2","1","2","0","0","0","3","","N","Y","4","1","","","N","Y","","","","N"
"2020083240","1314","1","0","0","0","0","0","0","0","0","5","1","","67","9","2020","6","39.969573","-75.192424","1311","6","0","0","0","0","0","1","0","0","","0","1","0","13","1","3","N","0","1","39 58:10.464","6","0","75 11:32.726","4","0","0","0","67301","0","0","0","N","0","0","0","3","68K01","1","","1.0","1450.0","1","N","N","N","0","","0","0","1","0","0","N","1311","3","3","0","0","0","2","0","2","0","3","0","0","0","3","","","N","","","","","","","","","",""
"2020078314","1134","1","0","0","0","0","0","0","0","0","5","0","","67","9","2020","6","40.026453","-75.045839","1132","6","0","0","0","0","0","0","0","0","","1","0","0","11","1","0","N","0","2","40 01:35.230","6","0","75 02:45.020","1","0","0","0","67301","0","0","0","N","0","0","0","2","67301","0","2","2.0","100.0","1","N","N","N","0","0","0","0","0","0","0","Y","1120","2","0","1","0","0","0","0","2","1","2","0","0","0","3","03","","N","","","","","","","","","",""
"2020036229","2112","2","0","0","0","0","0","0","0","0","1","0","","67","5","2020","7","39.942196","-75.142342","2110","6","0","0","0","0","0","0","0","0","","0","0","0","21","3","1","N","0","0","39 56:31.907","","0","75 08:32.432","3","0","0","0","67301","0","0","0","N","0","0","0","2","67301","0","","1.0","","1","N","N","N","0","","1","0","0","3","2","","2105","2","1","0","0","0","0","0","2","0","2","0","0","0","3","03","","N","","","","","","","","","",""
"2020078869","1842","1","0","0","0","0","0","0","0","0","8","0","","67","9","2020","5","39.986392","-75.181628","1827","6","0","0","0","0","0","0","0","0","","0","0","0","18","1","1","N","0","0","39 59:11.010","","0","75 10:53.860","3","0","0","0","67301","1","0","0","N","1","0","0","1","67301","0","","9.0","","1","N","N","N","0","","1","0","0","0","0","","1820","2","1","0","0","0","0","0","2","0","1","1","0","0","3","03","","N","","","","","","","","","",""
"2020036158","0637","2","0","0","0","0","0","0","0","0","4","0","","67","5","2020","7","40.104327","-75.034601","0636","6","0","0","0","0","0","0","0","0","","0","0","0","6","1","1","N","0","0","40 06:15.576","","0","75 02:04.562","3","0","0","0","67301","0","0","0","N","0","0","0","2","67301","0","","1.0","","1","N","N","N","0","","1","0","1","0","0","","633","3","1","0","0","0","0","0","2","0","3","0","0","0","3","03","","N","","","","","","","","","",""
"2020041235","1909","1","0","0","0","0","0","0","0","0","1","0","","67","5","2020","5","40.05093","-75.036136","1909","6","0","0","0","0","0","1","1","0","","0","0","0","19","1","1","","2","1","40 03:03.348","3","0","75 02:10.090","4","0","0","0","67301","0","0","0","N","0","0","0","2","67301","1","","1.0","1910.0","1","N","N","N","1","","0","0","0","3","2","N","1909","2","1","2","0","0","0","0","2","0","2","0","0","0","3","03","","N","","","","","","","","","",""
"2020042585","1429","2","0","0","0","0","0","0","0","0","4","0","","67","5","2020","1","39.976797","-75.25233","1429","6","0","1","0","0","0","0","0","0","","0","0","0","14","1","1","","1","0","39 58:36.469","","0","75 15:08.387","3","0","0","0","67301","0","0","0","N","0","0","0","2","67301","0","","1.0","","1","N","N","N","0","","1","0","0","3","3","","1410","2","1","0","0","0","0","0","2","0","2","0","0","0","3","03","","N","","","","","","","","","",""
"2020078187","1123","2","0","0","0","0","0","0","0","0","4","0","","67","5","2020","2","40.058431","-75.046696","1113","6","0","0","0","0","0","0","0","0","","0","0","0","11","1","1","","1","0","40 03:30.351","","0","75 02:48.105","3","0","0","0","67301","0","0","0","N","0","0","0","3","67301","0","","1.0","","1","N","N","N","0","","1","0","0","3","3","","1112","2","1","2","0","0","0","0","2","0","2","0","0","0","3","03","","N","","","","","","","","","",""
"2020047148","0355","1","0","0","0","0","0","0","0","0","7","0","","67","6","2020","1","39.932701","-75.200166","0349","6","0","0","0","0","0","0","0","0","","0","0","0","3","3","0","N","0","2","39 55:57.724","3","0","75 12:00.599","0","0","0","0","67301","0","0","0","N","0","0","0","1","68K01","0","","4.0","438.0","1","N","N","N","0","","0","0","0","0","0","N","336","1","0","0","0","0","0","0","2","0","1","0","0","0","3","","","N","","","","","","","","","",""
"2020046365","0952","0","0","0","0","0","0","0","0","0","1","0","","67","6","2020","1","39.905417","-75.17356","0942","6","0","0","0","0","0","0","0","0","","0","0","0","9","1","0","","5","0","39 54:19.501","","0","75 10:24.816","0","0","0","0","67301","0","0","0","N","0","0","0","3","67301","0","","1.0","","1","N","N","N","1","","0","0","1","3","2","","936","2","0","0","0","0","0","0","2","0","2","0","0","0","3","03","","N","","","","","","","","","",""
"2020033182","1348","1","0","0","0","0","0","0","0","0","1","0","","67","4","2020","4","40.062104","-74.994805","1337","6","0","0","0","0","0","1","0","0","","0","0","0","13","1","2","N","0","1","40 03:43.576","3","0","74 59:41.299","3","0","0","0","67301","0","0","0","N","0","0","0","2","67301","0","","1.0","1450.0","1","N","N","N","0","","2","0","1","0","0","N","1330","2","2","0","0","0","0","0","2","0","2","0","0","0","3","03","","N","","","","","","","","","",""
"2020034128","1908","1","0","0","0","0","0","0","0","0","4","0","","67","4","2020","2","40.000149","-75.15324","1908","6","0","0","0","0","0","0","0","0","","0","0","0","18","4","2","N","0","1","40 00:00.537","4","0","75 09:11.664","2","0","0","0","67301","0","0","0","N","0","0","0","2","67301","0","","1.0","1953.0","1","N","N","N","0","","1","1","0","3","2","N","1849","2","2","2","0","1","0","0","2","1","2","0","0","0","3","","","N","","","","","","","","","",""
"2020083024","0626","0","0","0","0","0","0","0","0","0","5","0","","67","10","2020","2","39.960336","-75.230867","0624","6","0","0","0","0","0","0","0","0","","0","0","0","3","3","0","N","0","0","39 57:37.210","","0","75 13:51.120","9","0","0","0","67301","0","0","0","N","0","0","0","1","67301","0","","6.0","","1","N","N","N","0","","0","0","1","0","0","","330","2","0","0","0","0","0","1","2","0","2","0","0","0","3","03","","N","","","","","","","","","",""
"2020039654","0150","2","0","0","0","0","0","0","0","0","5","0","","67","5","2020","3","39.945331","-75.179067","0145","6","0","0","0","0","0","0","0","0","","0","0","0","1","3","0","N","0","0","39 56:43.190","","0","75 10:44.640","0","0","0","0","67301","0","0","0","N","0","0","0","2","67301","0","","6.0","","1","N","N","N","0","","0","0","1","0","0","","143","3","0","0","0","0","0","0","2","0","3","0","0","0","3","03","","N","","","","","","","","","",""
"2020041256","0454","1","0","0","0","0","0","0","0","0","2","0","","67","5","2020","2","40.005801","-75.097583","0452","6","0","0","0","0","0","0","0","0","","0","0","0","4","3","0","N","0","0","40 00:20.884","","0","75 05:51.299","0","0","0","0","67301","0","0","0","N","0","0","0","1","67301","0","","6.0","","1","N","N","N","0","","0","0","1","0","0","","452","2","0","1","0","0","0","0","2","0","2","0","0","0","3","03","","N","","","","","","","","","",""
"2020045949","0922","0","0","0","0","0","0","0","0","0","7","0","","67","5","2020","7","39.96007","-75.180268","0919","6","0","0","0","0","0","0","0","0","","0","0","0","9","1","1","N","0","2","39 57:36.253","3","3","75 10:48.966","3","0","0","0","67301","0","0","0","N","0","0","0","1","68K01","0","","2.0","45.0","9","N","N","N","0","","1","0","1","0","0","N","918","1","1","0","0","0","0","0","2","0","1","0","0","0","7","","","N","","","","","","","","","",""
"2020078619","1600","1","0","0","0","0","0","0","0","0","4","1","","67","9","2020","3","40.008796","-75.147623","1555","6","0","0","0","0","0","1","0","0","","0","1","0","15","1","2","","1","2","40 00:31.666","7","0","75 08:51.441","3","0","0","0","67301","0","0","0","N","0","0","0","3","67301","0","","1.0","1915.0","1","N","N","N","0","","2","0","1","3","2","Y","1550","3","2","0","0","0","0","0","2","0","3","0","0","0","3","03","","N","","","","","","","","","",""
"2020046257","0200","2","0","0","0","0","0","0","0","0","4","0","","67","6","2020","1","39.973661","-75.138654","0154","6","0","0","0","0","0","1","0","0","","0","0","0","1","3","0","","1","1","39 58:25.179","2","0","75 08:19.154","0","0","0","0","67301","0","0","0","N","0","0","0","2","67301","0","","1.0","330.0","1","N","N","N","0","","0","0","0","3","2","N","145","2","0","0","0","0","0","0","2","0","2","0","0","0","3","","","N","","","","","","","","","",""
"2020036245","1650","0","0","0","1","0","0","0","0","0","8","0","","67","5","2020","1","39.95044","-75.192585","1649","6","0","0","0","0","0","0","0","0","","0","0","0","16","1","1","N","1","0","39 57:01.584","","0","75 11:33.305","4","0","0","0","67301","1","0","0","Y","0","0","0","2","67504","1","","1.0","","1","N","N","N","0","","0","0","0","3","2","","1645","2","1","0","0","0","0","0","2","1","1","1","0","0","3","","","N","","","","","","","","","",""
"2020039775","0345","1","0","0","0","0","0","0","0","0","7","0","","67","5","2020","3","40.063013","-75.055012","0343","6","0","0","0","0","0","0","0","0","","0","0","0","3","3","0","N","1","0","40 03:46.848","","0","75 03:18.044","0","0","0","0","67301","0","0","0","N","0","0","0","1","67301","0","","4.0","","1","N","N","N","0","","0","0","0","0","0","","343","1","0","0","0","0","0","0","2","0","1","0","0","0","3","03","","N","","","","","","","","","",""
"2020081743","0030","2","0","0","0","0","0","0","0","0","4","0","","67","10","2020","7","40.047079","-75.163181","0028","6","0","0","0","0","0","0","0","0","","0","0","0","0","3","0","","1","0","40 02:49.483","","0","75 09:47.450","0","0","0","0","67301","0","0","0","N","0","0","0","2","67301","0","","1.0","","1","N","N","Y","0","","0","0","1","0","0","","25","3","0","0","0","0","0","0","2","0","3","0","0","0","3","","","N","","","","","","","","","",""
"2020037725","1746","0","0","0","0","0","0","0","0","0","8","0","","67","5","2020","7","39.959418","-75.245353","1746","6","0","0","0","0","0","0","0","0","","0","0","0","17","1","1","","1","0","39 57:33.904","","0","75 14:43.272","4","0","0","0","67301","1","0","0","N","1","0","0","2","67301","1","","1.0","","1","N","N","N","0","","0","0","1","3","1","","1722","2","1","0","0","0","0","0","2","0","1","1","0","0","3","04","","N","","","","","","","","","",""
"2020035720","1150","1","0","0","0","0","0","0","0","0","4","0","","67","4","2020","7","40.035118","-75.069504","1144","6","0","0","0","0","0","0","0","0","","0","0","0","11","1","0","","1","1","40 02:06.425","1","0","75 04:10.216","0","0","0","0","67301","0","0","0","N","0","0","0","3","67301","0","","1.0","1220.0","1","N","N","N","0","","0","0","1","3","2","N","1127","2","0","0","0","0","0","0","2","0","2","0","0","0","3","","","N","","","","","","","","","",""
"2020036520","1657","2","0","0","0","0","0","0","0","0","2","0","","67","5","2020","1","39.91371","-75.243597","1655","6","0","0","0","0","0","0","0","0","","0","0","0","16","1","4","N","0","2","39 54:49.356","5","0","75 14:36.949","2","0","0","0","67301","0","0","0","N","0","0","0","5","67301","0","","1.0","2045.0","1","N","N","N","0","","2","2","1","0","0","Y","1650","3","4","0","0","0","0","0","2","0","3","0","0","0","3","03","","N","","","","","","","","","",""
"2020037173","0040","3","0","0","0","0","0","0","0","0","4","0","","67","5","2020","5","40.051038","-75.180563","0029","6","0","0","0","0","0","0","0","0","","0","0","0","0","3","1","","2","2","40 03:03.737","6","0","75 10:50.025","4","0","0","0","67301","0","0","0","N","0","0","0","2","67301","1","","1.0","200.0","9","N","N","N","0","","0","0","1","3","3","Y","16","4","1","2","0","0","0","0","2","0","4","0","0","0","3","03","","N","","","","","","","","","",""
"2020037791","1255","3","0","0","0","0","0","0","0","0","4","0","","67","5","2020","7","39.989247","-75.155616","1252","6","0","0","0","0","0","0","0","0","","0","0","0","12","1","0","N","0","0","39 59:21.289","","7","75 09:20.217","0","0","0","0","67301","0","0","0","N","0","0","0","2","67301","0","","1.0","","1","N","N","N","0","","0","0","0","0","0","","1250","3","0","0","0","0","0","0","2","0","3","0","0","0","3","03","","N","","","","","","","","","",""
"2020037648","1428","1","0","0","0","0","0","0","0","0","7","0","","67","5","2020","7","40.018211","-75.047583","1417","6","0","0","0","0","0","0","0","0","","0","0","0","14","1","0","N","0","1","40 01:05.559","1","0","75 02:51.298","0","0","0","0","67301","0","0","0","N","0","0","0","2","68K01","0","","2.0","1500.0","1","N","N","N","0","","0","0","0","0","0","N","1416","1","0","2","0","0","0","0","2","0","1","0","0","0","3","03","","N","","","","","","","","","",""
"2020076967","1755","1","0","0","0","0","0","0","0","0","4","0","","67","9","2020","6","39.981484","-75.117339","1753","6","0","0","0","0","0","0","0","0","","0","0","0","14","1","2","","1","0","39 58:53.344","","0","75 07:02.419","2","0","1","1","67301","0","0","0","N","0","0","0","3","67301","0","","1.0","","1","N","N","N","0","","1","1","0","3","2","","1445","2","2","0","0","0","0","0","2","0","2","0","0","0","3","","","N","","","","","","","","","",""
"2020037592","1258","1","0","0","0","0","0","0","0","0","4","0","","67","5","2020","6","40.025648","-75.122274","1258","6","0","0","0","0","0","0","1","0","","0","0","0","22","3","0","","1","0","40 01:32.331","","0","75 07:20.187","0","0","0","0","67301","0","0","0","N","0","0","0","2","67301","0","","1.0","","9","N","N","N","0","","0","0","1","3","2","","2200","2","0","0","0","0","0","0","2","0","2","0","0","0","7","07","","N","","","","","","","","","",""
"2020036493","1637","1","0","0","0","0","0","0","0","0","4","0","","67","5","2020","2","40.067193","-75.166061","1637","6","0","0","0","0","0","0","0","1","","0","0","0","16","1","0","","2","0","40 04:01.893","","0","75 09:57.821","0","0","0","0","67301","0","0","0","N","0","0","0","2","67301","0","","1.0","","1","N","N","N","1","","0","0","0","0","0","","1637","2","0","0","0","0","0","0","2","0","2","0","0","0","3","03","","N","","","","","","","","","",""
"2020037930","1800","0","0","0","1","0","0","0","0","0","8","0","","67","5","2020","7","39.999811","-75.163433","1745","6","0","0","0","0","0","0","0","0","","0","0","0","17","1","1","N","0","0","39 59:59.320","","0","75 09:48.360","3","0","0","0","67301","1","0","0","N","0","0","0","2","67301","0","","1.0","","99","N","N","N","0","","1","0","0","9","9","","1700","2","1","0","0","0","0","0","2","0","1","1","0","0","3","03","","N","","","","","","","","","",""
"2020077321","1816","1","0","0","0","0","0","0","0","0","3","0","","67","9","2020","1","39.989373","-75.167497","1814","6","0","0","0","0","0","1","0","0","","0","1","0","18","1","1","N","0","0","39 59:21.742","","0","75 10:02.990","3","0","0","0","67301","0","0","0","N","0","0","0","2","67301","0","","1.0","","1","N","N","N","0","","1","0","0","0","0","","1807","2","1","0","0","0","0","0","2","0","2","0","0","0","3","03","","N","","","","","","","","","",""
"2020037313","1820","0","0","0","0","0","0","0","0","0","4","0","","67","5","2020","5","40.011138","-75.153322","1815","6","0","0","0","0","0","1","0","0","","0","0","0","18","1","1","","1","0","40 00:40.096","","0","75 09:11.959","3","0","0","0","67301","0","0","0","N","0","0","0","2","67301","0","","1.0","","1","N","N","N","0","","1","0","0","3","3","","1815","2","1","1","0","0","0","0","2","1","2","0","0","0","3","03","","N","","","","","","","","","",""