"CRN","ARRIVAL_TM","AUTOMOBILE_COUNT","BELTED_DEATH_COUNT","BELTED_SUSP_SERIOUS_INJ_COUNT","BICYCLE_COUNT","BICYCLE_DEATH_COUNT","BICYCLE_SUSP_SERIOUS_INJ_COUNT","BUS_COUNT","CHLDPAS_DEATH_COUNT","CHLDPAS_SUSP_SERIOUS_INJ_COUNT","COLLISION_TYPE","COMM_VEH_COUNT","CONS_ZONE_SPD_LIM","COUNTY","CRASH_MONTH","CRASH_YEAR","DAY_OF_WEEK","DEC_LATITUDE","DEC_LONGITUDE","DISPATCH_TM","DISTRICT","DRIVER_COUNT_16YR","DRIVER_COUNT_17YR","DRIVER_COUNT_18YR","DRIVER_COUNT_19YR","DRIVER_COUNT_20YR","DRIVER_COUNT_50_64YR","DRIVER_COUNT_65_74YR","DRIVER_COUNT_75PLUS","EST_HRS_CLOSED","FATAL_COUNT","HEAVY_TRUCK_COUNT","HORSE_BUGGY_COUNT","HOUR_OF_DAY","ILLUMINATION","INJURY_COUNT","INTERSECTION_RELATED","INTERSECT_TYPE","LANE_CLOSED","LATITUDE","LN_CLOSE_DIR","LOCATION_TYPE","LONGITUDE","MAX_SEVERITY_LEVEL","MCYCLE_DEATH_COUNT","MCYCLE_SUSP_SERIOUS_INJ_COUNT","MOTORCYCLE_COUNT","MUNICIPALITY","NONMOTR_COUNT","NONMOTR_DEATH_COUNT","NONMOTR_SUSP_SERIOUS_INJ_COUNT","NTFY_HIWY_MAINT","PED_COUNT","PED_DEATH_COUNT","PED_SUSP_SERIOUS_INJ_COUNT","PERSON_COUNT","POLICE_AGCY","POSSIBLE_INJ_COUNT","RDWY_SURF_TYPE_CD","RELATION_TO_ROAD","ROADWAY_CLEARED","ROAD_CONDITION","SCH_BUS_IND","SCH_ZONE_IND","SECONDARY_CRASH","SMALL_TRUCK_COUNT","SPEC_JURIS_CD","SUSP_MINOR_INJ_COUNT","SUSP_SERIOUS_INJ_COUNT","SUV_COUNT","TCD_FUNC_CD","TCD_TYPE","TFC_DETOUR_IND","TIME_OF_DAY","TOTAL_UNITS","TOT_INJ_COUNT","UNBELTED_OCC_COUNT","UNB_DEATH_COUNT","UNB_SUSP_SERIOUS_INJ_COUNT","UNK_INJ_DEG_COUNT","UNK_INJ_PER_COUNT","URBAN_RURAL","VAN_COUNT","VEHICLE_COUNT","VULNERABLE_ROAD_USER_COUNT","VULNERABLE_ROAD_USER_DEATH_COUNT","VULNERABLE_ROAD_USER_SER_INJ_COUNT","WEATHER1","WEATHER2","WORKERS_PRES","WORK_ZONE_IND","WORK_ZONE_LOC","WORK_ZONE_TYPE","WZ_CLOSE_DETOUR","WZ_FLAGGER","WZ_LAW_OFFCR_IND","WZ_LN_CLOSURE","WZ_MOVING","WZ_OTHER","WZ_SHLDER_MDN","WZ_WORKERS_INJ_KILLED"
"2020038499","0035","3","0","0","0","0","0","0","0","0","1","0","","67","5","2020","1","39.942226","-75.193746","0035","6","0","0","1","0","0","1","0","0","","0","0","0","0","3","1","N","0","2","39 56:32.014","3","0","75 11:37.485","8","0","0","0","67301","0","0","0","N","0","0","0","9","68K01","0","","1.0","200.0","1","N","N","N","0","","0","0","3","0","0","N","14","6","1","0","0","0","1","0","2","0","6","0","0","0","3","03","","N","","","","","","","","","",""
"2020027595","1009","1","0","0","0","0","0","0","0","0","7","0","","67","1","2020","7","39.959999","-75.179738","0959","6","0","0","0","0","0","0","0","0","","0","0","0","9","1","0","N","0","0","39 57:35.995","","0","75 10:47.056","0","0","0","0","67301","0","0","0","N","0","0","0","2","68K01","0","","2.0","","9","N","N","N","0","","0","0","1","0","0","","958","2","0","1","0","0","0","0","2","0","2","0","0","0","7","","","N","","","","","","","","","",""
"2020019051","1700","2","0","0","0","0","0","0","0","0","1","0","","67","2","2020","4","40.039925","-75.016215","1653","6","0","0","0","0","0","0","0","0","","0","0","0","15","1","0","Y","1","0","40 02:23.729","","0","75 00:58.373","0","0","0","0","67301","0","0","0","N","0","0","0","3","67301","0","","1.0","","1","N","N","N","0","","0","0","0","0","0","","1545","2","0","0","0","0","0","0","2","0","2","0","0","0","3","03","","N","","","","","","","","","",""
"2020037487","1233","2","0","0","0","0","0","0","0","0","4","0","","67","5","2020","5","40.041412","-75.120105","1221","6","0","0","1","0","0","0","0","0","","0","0","0","12","1","0","","1","0","40 02:29.083","","0","75 07:12.377","0","0","0","0","67301","0","0","0","N","0","0","0","4","67301","0","","1.0","","1","N","N","N","0","","0","0","0","3","2","","1221","2","0","0","0","0","0","0","2","0","2","0","0","0","3","03","","N","","","","","","","","","",""
"2020077123","0229","1","0","0","0","0","0","0","0","0","7","0","","67","9","2020","1","40.044562","-75.14463","0228","6","0","0","0","0","0","0","0","0","","0","0","0","2","3","0","","1","1","40 02:40.422","1","0","75 08:40.669","0","0","0","0","67301","0","0","0","N","0","0","0","2","67301","0","","5.0","354.0","1","N","N","N","0","","0","0","0","3","2","N","227","1","0","0","0","0","0","0","2","0","1","0","0","0","3","03","","N","","","","","","","","","",""
"2020036920","1420","1","0","0","0","0","0","0","0","0","4","0","","67","5","2020","3","40.040258","-75.058429","1417","6","0","0","0","0","0","1","0","0","","0","0","0","14","1","0","","1","2","40 02:24.930","1","0","75 03:30.344","0","0","0","0","67301","0","0","0","N","0","0","0","2","67301","0","","1.0","1405.0","1","N","N","N","0","","0","0","1","3","2","Y","1416","2","0","0","0","0","0","0","2","0","2","0","0","0","4","","","N","","","","","","","","","",""
"2020036298","0025","1","0","0","0","0","0","0","0","0","7","0","","67","5","2020","1","40.049047","-75.077594","0020","6","0","0","0","0","0","0","0","0","","0","0","0","0","3","0","N","0","0","40 02:56.570","","0","75 04:39.340","0","0","0","0","67301","0","0","0","N","0","0","0","1","67301","0","","5.0","","1","N","Y","N","0","","0","0","0","0","0","","5","1","0","0","0","0","0","0","2","0","1","0","0","0","3","03","","N","","","","","","","","","",""
"2020076349","1654","2","0","0","0","0","0","0","0","0","1","0","","67","9","2020","5","40.004663","-75.152203","1651","6","0","0","0","0","0","1","0","0","","0","0","0","16","1","1","N","1","0","40 00:16.788","","0","75 09:07.931","8","0","0","0","67301","0","0","0","N","0","0","0","6","67505","0","","1.0","","1","N","N","N","0","","0","0","1","3","2","N","1650","3","1","0","0","0","1","0","2","0","3","0","0","0","3","03","","N","","","","","","","","","",""
"2020037175","1201","1","0","0","0","0","0","0","0","0","4","0","","67","5","2020","2","39.972632","-75.217776","1500","6","0","0","0","0","0","0","0","0","","0","0","0","21","3","1","","3","0","39 58:21.476","","0","75 13:03.992","8","0","0","0","67301","0","0","0","N","0","0","0","2","67301","0","","1.0","","1","N","N","N","0","","0","0","1","3","2","","2100","2","1","1","0","0","1","0","2","0","2","0","0","0","3","","","N","","","","","","","","","",""
"2020037486","0153","4","0","0","0","0","0","0","0","0","4","0","","67","5","2020","5","39.932592","-75.181344","0153","6","0","0","0","0","0","0","0","0","","0","0","0","1","3","0","N","5","0","39 55:57.332","","0","75 10:52.838","0","0","0","0","67301","0","0","0","N","0","0","0","1","67301","0","","1.0","","1","N","N","N","0","","0","0","2","0","0","","153","6","0","0","0","0","0","0","2","0","6","0","0","0","3","03","","N","","","","","","","","","",""
"2020078717","1442","0","0","0","0","0","0","0","0","0","5","1","","67","9","2020","4","40.002442","-75.129517","1437","6","0","0","0","0","0","1","0","0","","0","1","0","12","1","1","N","0","0","40 00:08.790","","0","75 07:46.260","3","0","0","0","67301","0","0","0","N","0","0","0","2","67301","0","","1.0","","1","N","N","N","0","","1","0","1","0","0","","1243","2","1","2","0","0","0","0","2","0","2","0","0","0","3","03","","N","","","","","","","","","",""
"2020014433","0916","1","0","0","0","0","0","0","0","0","5","0","","67","2","2020","6","39.954585","-75.19376","0915","6","0","0","0","0","0","0","0","0","","0","0","0","9","1","1","Y","0","2","39 57:16.505","3","0","75 11:37.535","4","0","0","0","67301","0","0","0","N","0","0","0","2","67504","1","","6.0","920.0","9","N","N","N","0","","0","0","1","0","0","N","914","2","1","0","0","0","0","0","2","0","2","0","0","0","7","07","","N","","","","","","","","","",""
"2020013230","0833","1","0","0","0","0","0","0","0","0","4","0","","67","2","2020","2","39.97121","-75.162852","0833","6","0","0","1","0","0","1","0","0","","0","0","0","8","1","0","","1","1","39 58:16.355","1","0","75 09:46.267","0","0","0","0","67301","0","0","0","N","0","0","0","2","67301","0","","1.0","840.0","1","N","N","N","0","","0","0","2","3","3","N","832","3","0","0","0","0","0","0","2","0","3","0","0","0","3","03","","N","","","","","","","","","",""
"2020013144","0420","5","0","0","0","0","0","0","0","0","1","0","","67","2","2020","2","40.024032","-75.132618","0410","6","0","0","0","0","0","0","0","0","","0","0","0","4","3","1","N","0","2","40 01:26.516","2","0","75 07:57.423","4","0","0","0","67301","0","0","0","N","0","0","0","6","67301","1","","1.0","510.0","1","N","N","N","0","","0","0","2","3","2","Y","400","7","1","1","0","0","0","0","2","0","7","0","0","0","3","03","","N","","","","","","","","","",""
"2020073064","2121","1","0","0","0","0","0","0","0","0","1","0","","67","9","2020","1","39.978693","-75.157938","2120","6","0","0","0","0","0","0","0","0","","1","0","0","21","3","0","N","1","1","39 58:43.293","2","0","75 09:28.577","1","1","0","1","67301","0","0","0","N","0","0","0","3","67301","0","2","1.0","130.0","1","N","N","N","0","0","0","0","0","3","2","N","2118","2","0","0","0","0","0","0","2","0","2","0","0","0","3","03","","N","","","","","","","","","",""
"2020038732","2256","1","0","0","0","0","0","0","0","0","7","0","","67","5","2020","2","40.033121","-75.020715","2242","6","0","0","0","0","0","0","0","0","","0","0","0","22","3","0","N","0","0","40 01:59.234","","0","75 01:14.575","0","0","0","0","67301","0","0","0","N","0","0","0","1","68K01","0","","4.0","","1","N","N","N","0","","0","0","0","0","0","","2233","1","0","0","0","0","0","0","2","0","1","0","0","0","3","","","N","","","","","","","","","",""
"2020037392","2050","1","0","0","0","0","0","0","0","0","4","0","","67","5","2020","5","40.022351","-75.078135","2045","6","0","0","0","0","0","0","0","0","","0","0","0","20","3","1","","1","0","40 01:20.463","","0","75 04:41.285","4","0","0","1","67301","0","0","0","N","0","0","0","2","67301","1","","1.0","","1","N","N","N","0","","0","0","0","3","2","","2045","2","1","0","0","0","0","0","2","0","2","0","0","0","3","","","N","","","","","","","","","",""
"2020037512","0049","2","0","0","0","0","0","0","0","0","4","0","","67","5","2020","7","39.969513","-75.225371","0047","6","0","0","0","0","0","0","0","0","","0","0","0","0","3","0","","1","1","39 58:10.246","2","0","75 13:31.336","9","0","0","0","67301","0","0","0","N","0","0","0","2","67301","0","","1.0","125.0","9","N","N","N","0","","0","0","0","3","2","N","30","2","0","0","0","0","0","2","2","0","2","0","0","0","7","07","","N","","","","","","","","","",""
"2020034748","2210","1","0","0","0","0","0","0","0","0","8","0","","67","4","2020","4","39.99999","-75.153145","2200","6","0","0","0","0","0","0","0","0","","0","0","0","21","3","1","","1","0","39 59:59.964","","0","75 09:11.322","3","0","0","0","67301","1","0","0","N","1","0","0","2","67301","0","","3.0","","1","N","N","N","0","","1","0","0","3","2","","2120","2","1","0","0","0","0","0","2","0","1","1","0","0","3","03","","N","","","","","","","","","",""
"2020034129","2138","1","0","0","0","0","0","0","0","0","4","0","","67","4","2020","3","39.992136","-75.140198","2136","6","0","0","0","0","0","0","0","0","","0","0","0","21","3","1","","1","0","39 59:31.689","","0","75 08:24.712","3","0","0","0","67301","0","0","0","N","0","0","0","2","67301","0","","1.0","","1","N","N","N","0","","1","0","1","3","2","","2136","2","1","0","0","0","0","0","2","0","2","0","0","0","3","03","","N","","","","","","","","","",""
"2020072554","0800","1","0","0","0","0","0","0","0","0","4","0","","67","8","2020","2","40.057049","-75.034259","0750","6","0","0","0","0","0","1","0","0","","0","0","0","6","5","1","","1","0","40 03:25.378","","0","75 02:03.334","3","0","0","0","67301","0","0","0","N","0","0","0","2","67301","0","","1.0","","1","N","N","N","0","","1","0","1","3","2","","600","2","1","0","0","0","0","1","2","0","2","0","0","0","3","03","","N","","","","","","","","","",""
"2020034308","0008","1","0","0","0","0","0","0","0","0","5","0","","67","4","2020","3","39.957618","-75.230797","0008","6","0","0","0","0","0","0","0","0","","0","0","0","23","3","1","N","0","2","39 57:27.426","4","0","75 13:50.868","4","0","0","0","67301","0","0","0","N","0","0","0","2","67301","1","","1.0","200.0","1","N","N","N","0","","0","0","2","0","0","N","2356","3","1","0","0","0","0","0","2","0","3","0","0","0","3","03","","N","","","","","","","","","",""
"2020050521","1907","1","0","0","0","0","0","0","0","0","1","0","","67","6","2020","7","39.967684","-75.131006","1903","6","0","0","0","0","0","0","0","0","","0","0","0","18","1","1","N","0","0","39 58:03.661","","0","75 07:51.623","3","0","0","0","67301","0","0","0","N","0","0","0","3","68K01","0","","1.0","","1","N","N","N","0","","1","0","0","0","0","","1856","2","1","0","0","0","0","0","2","1","2","0","0","0","3","","","N","","","","","","","","","",""
"2020033119","1805","0","0","0","0","0","0","0","0","0","4","0","","67","4","2020","4","40.052316","-75.007986","1757","6","0","0","0","0","0","1","0","0","","0","0","0","17","1","1","","1","0","40 03:08.339","","0","75 00:28.750","3","0","0","0","67301","0","0","0","N","0","0","0","2","67301","0","","1.0","","1","N","N","N","1","","1","0","1","3","2","","1757","2","1","0","0","0","0","0","2","0","2","0","0","0","3","03","","N","","","","","","","","","",""
"2020046084","1525","1","0","0","0","0","0","0","0","0","1","0","","67","6","2020","5","40.000603","-75.186785","1525","6","0","0","0","0","0","0","0","0","","0","0","0","15","1","1","","3","0","40 00:02.170","","3","75 11:12.425","4","0","0","0","67301","0","0","0","N","0","0","0","3","67301","1","","1.0","","9","N","N","N","0","","0","0","1","3","2","","1515","2","1","0","0","0","0","0","2","0","2","0","0","0","3","04","","N","","","","","","","","","",""
"2020048416","1915","1","0","0","1","0","0","0","0","0","8","0","","67","6","2020","4","40.043068","-75.029538","1911","6","0","0","0","0","0","0","0","0","","0","0","0","19","1","1","N","0","0","40 02:35.045","","0","75 01:46.335","3","0","0","0","67301","1","0","0","N","0","0","0","2","67301","0","","1.0","","1","N","N","N","0","","1","0","0","0","0","","1910","2","1","0","0","0","0","0","2","0","1","1","0","0","3","03","","N","","","","","","","","","",""
"2020032621","0900","1","0","0","0","0","0","0","0","0","7","0","","67","4","2020","2","40.084286","-75.227519","0837","6","0","0","0","0","0","0","0","0","","0","0","0","8","8","0","N","0","0","40 05:03.430","","3","75 13:39.070","0","0","0","0","67301","0","0","0","N","0","0","0","1","67301","0","","4.0","","9","N","N","N","0","","0","0","0","0","0","","809","1","0","0","0","0","0","0","2","0","1","0","0","0","7","08","","N","","","","","","","","","",""
"2020036489","2040","0","0","0","0","0","0","0","0","0","8","0","","67","5","2020","7","40.05431","-75.049499","2031","6","0","0","0","0","0","0","0","0","","0","0","0","20","3","1","","1","0","40 03:15.517","","0","75 02:58.198","3","0","0","0","67301","1","0","0","N","1","0","0","2","67301","0","","1.0","","1","N","N","N","0","","1","0","0","3","2","","2031","2","1","0","0","0","0","0","2","0","1","1","0","0","3","03","","N","","","","","","","","","",""
"2020081857","1123","2","0","0","0","0","0","0","0","0","4","0","","67","10","2020","7","40.050023","-74.987722","1116","6","0","0","0","0","0","1","0","0","","0","0","0","11","1","2","N","0","0","40 03:00.084","","0","74 59:15.798","3","0","0","0","67301","0","0","0","N","0","0","0","3","67301","0","","6.0","","1","N","N","N","0","","1","0","1","0","0","","1114","3","2","0","0","0","1","0","2","0","3","0","0","0","3","03","","N","","","","","","","","","",""
"2020042967","0135","1","0","0","0","0","0","0","0","0","7","0","","67","5","2020","3","39.909087","-75.242132","0127","6","0","0","0","0","0","0","0","0","","0","0","0","1","3","1","","2","2","39 54:32.712","2","0","75 14:31.675","3","0","0","0","67301","0","0","0","N","0","0","0","1","67301","0","","4.0","300.0","1","N","N","N","0","","1","0","0","3","2","Y","117","1","1","0","0","0","0","0","2","0","1","0","0","0","3","03","","N","","","","","","","","","",""
"2020041540","1931","1","0","0","0","0","0","0","0","0","4","0","","67","5","2020","2","39.930147","-75.18524","1931","6","0","0","0","0","0","1","0","0","","0","0","0","19","1","0","","1","0","39 55:48.529","","0","75 11:06.863","0","0","0","0","67301","0","0","0","N","0","0","0","2","67301","0","","1.0","","1","N","N","N","0","","0","0","1","3","3","","1930","2","0","1","0","0","0","0","2","0","2","0","0","0","3","","","N","","","","","","","","","",""
"2020047909","1805","2","0","0","0","0","0","0","0","0","4","0","","67","5","2020","1","40.003694","-75.094394","1800","6","0","0","0","0","0","0","0","0","","0","0","0","18","1","4","","1","0","40 00:13.298","","0","75 05:39.820","4","0","0","0","67301","0","0","0","N","0","0","0","6","67301","4","","1.0","","1","N","N","N","0","","0","0","1","3","3","","1800","3","4","0","0","0","0","0","2","0","3","0","0","0","3","98","","N","","","","","","","","","",""
"2020047389","0835","1","0","0","0","0","0","0","0","0","4","0","","67","6","2020","4","39.990508","-75.140546","0823","6","0","0","0","0","0","0","0","0","","0","0","0","7","1","1","","1","1","39 59:25.828","1","0","75 08:25.965","8","0","0","0","67301","0","0","0","N","0","0","0","2","67301","0","","1.0","900.0","1","N","N","N","1","","0","0","0","3","2","Y","725","2","1","0","0","0","1","0","2","0","2","0","0","0","3","03","","N","","","","","","","","","",""
"2020045946","0828","1","0","0","0","0","0","0","0","0","7","0","","67","5","2020","7","39.983004","-75.207929","0828","6","0","0","0","0","0","0","0","0","","0","0","0","8","1","0","N","0","1","39 58:58.816","4","0","75 12:28.546","0","0","0","0","67301","0","0","0","N","0","0","0","1","68K01","0","","2.0","30.0","9","N","N","N","0","","0","0","0","0","0","N","828","1","0","0","0","0","0","0","2","0","1","0","0","0","7","","","N","","","","","","","","","",""
"2020037928","0122","2","0","0","0","0","0","0","0","0","4","0","","67","5","2020","4","40.000004","-75.164972","0120","6","0","0","0","0","0","0","0","0","","0","0","0","0","3","1","","1","2","40 00:00.014","2","0","75 09:53.899","3","0","0","0","67301","0","0","0","N","0","0","0","3","67301","0","","1.0","100.0","1","N","N","N","0","","1","0","0","3","3","N","44","3","1","0","0","0","0","0","2","1","3","0","0","0","3","","","N","","","","","","","","","",""
"2020052058","2107","0","0","0","0","0","0","0","0","0","7","0","","67","6","2020","6","39.922026","-75.147904","2059","6","0","0","0","0","0","0","0","0","","0","0","0","20","3","0","N","0","0","39 55:19.293","","0","75 08:52.453","0","0","0","0","67301","0","0","0","N","0","0","0","1","68K01","0","","4.0","","1","N","N","N","0","","0","0","1","0","0","","2058","1","0","0","0","0","0","0","2","0","1","0","0","0","3","03","","N","","","","","","","","","",""
"2020039850","1752","1","0","0","0","0","0","0","0","0","1","0","","67","5","2020","6","39.957616","-75.149924","1734","6","0","0","0","0","0","2","0","0","","0","0","0","17","1","1","N","0","0","39 57:27.416","","0","75 08:59.728","3","0","0","0","67301","0","0","0","N","0","0","0","2","68K01","0","","1.0","","9","N","N","N","0","","1","0","1","0","0","","1733","2","1","0","0","0","0","0","2","0","2","0","0","0","7","07","","N","","","","","","","","","",""
"2020037389","0800","2","0","0","0","0","0","0","0","0","5","0","","67","5","2020","6","39.925753","-75.227531","0800","6","0","0","0","0","0","0","0","0","","0","0","0","3","3","0","N","0","0","39 55:32.710","","0","75 13:39.110","9","0","0","0","67301","0","0","0","N","0","0","0","1","67301","0","","6.0","","99","N","N","N","0","","0","0","1","0","0","","345","4","0","0","0","0","0","1","2","1","4","0","0","0","99","","","N","","","","","","","","","",""
"2020048748","1823","1","0","0","0","0","0","0","0","0","1","1","","67","6","2020","7","39.939172","-75.190683","1823","6","0","0","0","0","0","1","0","0","","0","1","0","18","1","0","N","0","0","39 56:21.020","","0","75 11:26.460","0","0","0","0","67301","0","0","0","N","0","0","0","2","67301","0","","1.0","","9","N","N","N","0","","0","0","0","0","0","","1810","2","0","0","0","0","0","0","2","0","2","0","0","0","7","","","N","","","","","","","","","",""
"2020045931","0942","1","0","0","0","0","0","0","0","0","5","0","","67","5","2020","6","39.898144","-75.183027","0931","6","0","0","0","0","0","0","0","0","","0","0","0","9","1","0","N","0","1","39 53:53.320","1","0","75 10:58.896","0","0","0","0","67301","0","0","0","N","0","0","0","3","68K01","0","","1.0","30.0","1","N","N","N","0","","0","0","1","0","0","N","929","2","0","0","0","0","0","0","2","0","2","0","0","0","3","","","N","","","","","","","","","",""
"2020036529","2151","1","0","0","0","0","0","0","0","0","4","0","","67","5","2020","7","40.040323","-75.058538","2147","6","0","0","0","0","0","1","0","0","","0","0","0","21","3","3","","1","0","40 02:25.164","","0","75 03:30.737","3","0","0","0","67301","0","0","0","N","0","0","0","3","67301","2","","1.0","","1","N","N","Y","0","","1","0","0","3","2","","2145","2","3","0","0","0","0","0","2","1","2","0","0","0","3","03","","N","","","","","","","","","",""
"2020036162","2204","2","0","0","0","0","0","0","0","0","4","0","","67","5","2020","7","39.958465","-75.225185","2202","6","0","0","0","0","0","1","0","0","","0","0","0","21","3","1","","1","0","39 57:30.474","","0","75 13:30.666","3","0","0","0","67301","0","0","0","N","0","0","0","3","67301","0","","1.0","","1","N","N","N","0","","1","0","0","3","2","","2158","2","1","0","0","0","0","0","2","0","2","0","0","0","3","","","N","","","","","","","","","",""
"2020037263","1629","1","0","0","0","0","0","0","0","0","4","0","","67","5","2020","5","40.062435","-75.155264","1626","6","0","0","0","0","0","0","0","1","","0","0","0","15","1","2","","1","1","40 03:44.765","4","0","75 09:18.950","3","0","0","0","67301","0","0","0","N","0","0","0","2","67301","0","","1.0","1711.0","1","N","N","N","0","","2","0","1","3","2","Y","1550","2","2","2","0","0","0","0","2","0","2","0","0","0","3","03","","N","","","","","","","","","",""
"2020038134","1410","0","0","0","0","0","0","0","0","0","7","0","","67","5","2020","6","39.904984","-75.195359","1353","6","0","0","0","0","0","0","0","0","","0","0","0","1","8","1","N","0","0","39 54:17.942","","3","75 11:43.294","3","0","0","0","67301","0","0","0","N","0","0","0","1","67301","0","","2.0","","9","N","N","Y","0","","1","0","0","3","2","","152","1","1","0","0","0","0","0","2","1","1","0","0","0","7","","","N","","","","","","","","","",""
"2020039856","1640","1","0","0","0","0","0","0","0","0","7","0","","67","5","2020","7","39.998721","-75.080783","1636","6","0","0","0","0","0","0","0","0","","0","0","0","16","1","1","N","0","0","39 59:55.395","","0","75 04:50.817","8","0","0","0","67301","0","0","0","N","0","0","0","1","68K01","0","","3.0","","1","N","N","N","0","","0","0","0","0","0","","1635","1","1","1","0","0","1","0","2","0","1","0","0","0","3","04","","N","","","","","","","","","",""
"2020037176","1553","1","0","0","1","0","0","0","0","0","8","0","","67","5","2020","4","39.952246","-75.23674","1546","6","0","0","0","0","0","0","0","0","","0","0","0","15","1","1","","1","2","39 57:08.085","7","0","75 14:12.263","3","0","0","0","67301","1","0","0","N","0","0","0","2","67301","0","","1.0","1608.0","9","N","N","N","0","","1","0","0","0","0","Y","1544","2","1","0","0","0","0","0","2","0","1","1","0","0","7","04","","N","","","","","","","","","",""
"2020078412","0201","1","0","0","0","0","0","0","0","0","7","0","","67","9","2020","7","40.006249","-75.07401","0153","6","0","0","0","0","0","0","0","0","","0","0","0","1","3","0","N","0","0","40 00:22.497","","2","75 04:26.436","9","0","0","0","67301","0","0","0","N","0","0","0","1","68K01","0","","4.0","","1","N","N","N","0","","0","0","0","0","0","","142","1","0","0","0","0","0","1","2","0","1","0","0","0","3","03","","N","","","","","","","","","",""
"2020082335","0925","1","0","0","0","0","0","0","0","0","4","1","","67","10","2020","2","39.921017","-75.22412","0923","6","0","0","0","1","0","0","0","0","","0","1","0","8","1","2","","1","0","39 55:15.660","","0","75 13:26.832","2","0","0","0","67301","0","0","0","N","0","0","0","3","67301","0","","1.0","","1","N","N","N","0","","1","1","0","3","2","","814","2","2","0","0","0","0","0","2","0","2","0","0","0","4","04","","N","","","","","","","","","",""
"2020040453","0030","1","0","0","0","0","0","0","0","0","4","0","","67","5","2020","6","40.046782","-75.094008","0026","6","0","0","0","0","0","1","0","0","","0","0","0","0","3","1","","1","0","40 02:48.415","","0","75 05:38.428","3","0","0","0","67301","0","0","0","N","0","0","0","2","67301","0","","1.0","","1","N","N","Y","1","","1","0","1","3","3","","8","3","1","0","0","0","0","0","2","0","3","0","0","0","3","","","N","","","","","","","","","",""
"2020069350","1849","2","0","0","0","0","0","0","0","0","1","0","","67","8","2020","5","39.98017","-75.104739","1804","6","0","0","0","0","0","2","0","0","","0","0","0","17","1","1","N","0","2","39 58:48.611","1","3","75 06:17.060","4","0","0","0","67301","0","0","0","N","0","0","0","8","68K01","1","","3.0","45.0","1","N","N","N","0","","0","0","1","0","0","N","1759","3","1","0","0","0","0","0","2","0","3","0","0","0","3","","","N","","","","","","","","","",""
"2020030500","1850","3","0","0","0","0","0","0","0","0","4","0","","67","3","2020","1","40.017878","-75.080686","1842","6","0","0","0","0","0","0","1","0","","0","0","0","18","3","2","","1","0","40 01:04.360","","0","75 04:50.469","3","0","0","0","67301","0","0","0","N","0","0","0","3","67301","0","","1.0","","1","N","N","Y","0","","2","0","0","0","0","","1841","3","2","0","0","0","0","0","2","0","3","0","0","0","3","","","N","","","","","","","","","",""
"2020069944","0545","2","0","0","0","0","0","0","0","0","4","0","","67","8","2020","1","39.933803","-75.215343","0541","6","0","0","0","0","0","0","0","0","","0","0","0","4","3","0","N","0","0","39 56:01.691","","0","75 12:55.233","9","0","0","0","67301","0","0","0","N","0","0","0","1","67301","0","","1.0","","9","N","N","N","0","","0","0","0","0","0","","402","2","0","0","0","0","0","1","2","0","2","0","0","0","7","","","N","","","","","","","","","",""
"2020030939","0808","1","0","0","0","0","0","0","0","0","7","0","","67","3","2020","2","39.887103","-75.20502","0808","6","0","0","0","0","0","0","0","0","","0","0","0","8","1","0","N","0","1","39 53:13.571","2","0","75 12:18.071","0","0","0","0","67301","0","0","0","N","0","0","0","1","68K01","0","","2.0","30.0","9","N","N","N","0","","0","0","0","0","0","N","801","1","0","1","0","0","0","0","2","0","1","0","0","0","7","","","N","","","","","","","","","",""
"2020027936","2155","1","0","0","0","0","0","0","0","0","6","0","","67","3","2020","4","40.08382","-75.207834","2145","6","0","0","0","0","0","1","0","0","","0","0","0","21","6","1","N","0","0","40 05:01.753","","0","75 12:28.202","4","0","0","0","67301","0","0","0","N","0","0","0","2","67301","1","","1.0","","1","N","N","N","0","","0","0","1","0","0","","2130","2","1","0","0","0","0","0","2","0","2","0","0","0","3","","","N","","","","","","","","","",""
"2020036230","1435","2","0","0","0","0","0","0","0","0","1","0","","67","5","2020","7","40.016941","-75.060645","1430","6","0","0","0","1","0","0","0","0","","0","0","0","14","1","1","","1","0","40 01:00.988","","0","75 03:38.322","3","0","0","0","67301","0","0","0","N","0","0","0","2","67301","0","","1.0","","1","N","N","N","0","","1","0","0","3","2","","1430","2","1","0","0","0","0","0","2","0","2","0","0","0","3","03","","N","","","","","","","","","",""
"2020036640","0423","0","0","0","0","0","0","0","0","0","7","0","","67","5","2020","1","39.8874","-75.204501","0419","6","0","0","0","0","0","0","0","0","","0","0","0","4","3","0","N","0","1","39 53:14.640","2","0","75 12:16.202","0","0","0","0","67301","0","0","0","N","0","0","0","2","68K01","0","","3.0","30.0","9","N","N","N","1","","0","0","0","0","0","N","417","1","0","0","0","0","0","0","2","0","1","0","0","0","7","","","N","","","","","","","","","",""
"2020037995","1153","0","0","0","0","0","0","0","0","0","4","0","","67","5","2020","5","39.976176","-75.160962","1148","6","0","0","0","1","0","0","0","0","","0","0","0","11","1","0","","1","0","39 58:34.232","","0","75 09:39.464","0","0","0","0","67301","0","0","0","N","0","0","0","2","67301","0","","1.0","","1","N","N","N","0","","0","0","2","3","3","","1145","2","0","0","0","0","0","0","2","0","2","0","0","0","4","","","N","","","","","","","","","",""