"CRN","ARRIVAL_TM","AUTOMOBILE_COUNT","BELTED_DEATH_COUNT","BELTED_SUSP_SERIOUS_INJ_COUNT","BICYCLE_COUNT","BICYCLE_DEATH_COUNT","BICYCLE_SUSP_SERIOUS_INJ_COUNT","BUS_COUNT","CHLDPAS_DEATH_COUNT","CHLDPAS_SUSP_SERIOUS_INJ_COUNT","COLLISION_TYPE","COMM_VEH_COUNT","CONS_ZONE_SPD_LIM","COUNTY","CRASH_MONTH","CRASH_YEAR","DAY_OF_WEEK","DEC_LATITUDE","DEC_LONGITUDE","DISPATCH_TM","DISTRICT","DRIVER_COUNT_16YR","DRIVER_COUNT_17YR","DRIVER_COUNT_18YR","DRIVER_COUNT_19YR","DRIVER_COUNT_20YR","DRIVER_COUNT_50_64YR","DRIVER_COUNT_65_74YR","DRIVER_COUNT_75PLUS","EST_HRS_CLOSED","FATAL_COUNT","HEAVY_TRUCK_COUNT","HORSE_BUGGY_COUNT","HOUR_OF_DAY","ILLUMINATION","INJURY_COUNT","INTERSECTION_RELATED","INTERSECT_TYPE","LANE_CLOSED","LATITUDE","LN_CLOSE_DIR","LOCATION_TYPE","LONGITUDE","MAX_SEVERITY_LEVEL","MCYCLE_DEATH_COUNT","MCYCLE_SUSP_SERIOUS_INJ_COUNT","MOTORCYCLE_COUNT","MUNICIPALITY","NONMOTR_COUNT","NONMOTR_DEATH_COUNT","NONMOTR_SUSP_SERIOUS_INJ_COUNT","NTFY_HIWY_MAINT","PED_COUNT","PED_DEATH_COUNT","PED_SUSP_SERIOUS_INJ_COUNT","PERSON_COUNT","POLICE_AGCY","POSSIBLE_INJ_COUNT","RDWY_SURF_TYPE_CD","RELATION_TO_ROAD","ROADWAY_CLEARED","ROAD_CONDITION","SCH_BUS_IND","SCH_ZONE_IND","SECONDARY_CRASH","SMALL_TRUCK_COUNT","SPEC_JURIS_CD","SUSP_MINOR_INJ_COUNT","SUSP_SERIOUS_INJ_COUNT","SUV_COUNT","TCD_FUNC_CD","TCD_TYPE","TFC_DETOUR_IND","TIME_OF_DAY","TOTAL_UNITS","TOT_INJ_COUNT","UNBELTED_OCC_COUNT","UNB_DEATH_COUNT","UNB_SUSP_SERIOUS_INJ_COUNT","UNK_INJ_DEG_COUNT","UNK_INJ_PER_COUNT","URBAN_RURAL","VAN_COUNT","VEHICLE_COUNT","VULNERABLE_ROAD_USER_COUNT","VULNERABLE_ROAD_USER_DEATH_COUNT","VULNERABLE_ROAD_USER_SER_INJ_COUNT","WEATHER1","WEATHER2","WORKERS_PRES","WORK_ZONE_IND","WORK_ZONE_LOC","WORK_ZONE_TYPE","WZ_CLOSE_DETOUR","WZ_FLAGGER","WZ_LAW_OFFCR_IND","WZ_LN_CLOSURE","WZ_MOVING","WZ_OTHER","WZ_SHLDER_MDN","WZ_WORKERS_INJ_KILLED"
"2020037693","0105","1","0","0","0","0","0","0","0","0","5","0","","67","5","2020","7","39.980767","-75.136039","0051","6","0","0","0","0","0","1","0","0","","0","0","0","0","3","1","N","0","0","39 58:50.760","","0","75 08:09.740","3","0","0","0","67301","0","0","0","N","0","0","0","2","67301","0","","6.0","","9","N","N","N","0","","1","0","1","0","0","","45","2","1","0","0","0","0","0","2","0","2","0","0","0","7","07","","N","","","","","","","","","",""
"2020037393","0941","1","0","0","0","0","0","0","0","0","4","0","","67","5","2020","6","40.033438","-75.030976","0934","6","0","0","0","0","0","1","0","0","","0","0","0","9","1","0","","1","0","40 02:00.376","","0","75 01:51.513","9","0","0","0","67301","0","0","0","N","0","0","0","3","67301","0","","1.0","","1","N","N","N","0","","0","0","1","3","3","","932","2","0","0","0","0","0","3","2","0","2","0","0","0","4","","","N","","","","","","","","","",""
"2020083264","1600","0","0","0","0","0","0","0","0","0","2","0","","67","9","2020","3","39.958311","-75.165301","1543","6","0","0","0","0","0","1","0","0","","0","0","0","15","1","3","N","0","0","39 57:29.919","","0","75 09:55.083","3","0","0","0","67301","0","0","0","N","0","0","0","6","68K01","1","","4.0","","9","N","N","N","1","","2","0","1","0","0","","1538","2","3","1","0","0","0","0","2","0","2","0","0","0","7","07","","N","","","","","","","","","",""
"2020077320","2245","2","0","0","0","0","0","0","0","0","6","0","","67","9","2020","7","39.952039","-75.239594","2245","6","0","1","0","0","0","0","0","0","","0","0","0","22","3","0","N","0","0","39 57:07.340","","0","75 14:22.540","0","0","0","0","67301","0","0","0","N","0","0","0","1","67301","0","","6.0","","1","N","N","N","0","","0","0","0","3","2","","2245","2","0","1","0","0","0","0","2","0","2","0","0","0","3","03","","N","","","","","","","","","",""
"2020034785","2041","4","0","0","0","0","0","0","0","0","5","0","","67","4","2020","7","39.932017","-75.184836","2040","6","0","0","0","0","0","0","0","0","","0","0","0","20","3","0","N","0","0","39 55:55.260","","0","75 11:05.410","0","0","0","0","67301","0","0","0","N","0","0","0","1","67301","0","","6.0","","1","N","N","N","0","","0","0","1","0","0","","2038","5","0","0","0","0","0","0","2","0","5","0","0","0","3","03","","N","","","","","","","","","",""
"2020033225","2357","1","0","0","0","0","0","0","0","0","5","0","","67","4","2020","5","40.062378","-75.151864","2353","6","0","0","0","0","0","0","0","0","","0","0","0","22","3","1","N","0","0","40 03:44.560","","0","75 09:06.710","3","0","0","0","67301","0","0","0","N","0","0","0","1","67301","0","","4.0","","1","N","N","N","0","","1","0","1","0","0","","2247","2","1","0","0","0","0","0","2","0","2","0","0","0","3","03","","N","","","","","","","","","",""
"2020073484","0735","0","0","0","0","0","0","0","0","0","7","0","","67","9","2020","5","39.976886","-75.119566","0733","6","0","0","0","0","0","0","0","0","","2","0","0","7","1","0","N","0","0","39 58:36.790","","0","75 07:10.438","1","0","0","0","67301","0","0","0","N","0","0","0","2","67301","0","2","4.0","","1","N","N","N","0","0","0","0","1","0","0","","708","1","0","0","0","0","0","0","2","0","1","0","0","0","3","03","","N","","","","","","","","","",""
"2020052040","1447","1","0","0","0","0","0","0","0","0","5","0","","67","6","2020","2","39.885863","-75.207629","1433","6","0","0","0","0","0","0","0","0","","0","0","0","14","1","2","N","0","1","39 53:09.108","1","3","75 12:27.463","4","0","0","0","67301","0","0","0","N","0","0","0","3","68K01","1","","1.0","1500.0","1","N","N","N","1","","0","0","0","0","0","Y","1432","2","2","0","0","0","1","0","2","0","2","0","0","0","3","","","N","","","","","","","","","",""
"2020038384","1701","1","0","0","0","0","0","0","0","0","4","0","","67","5","2020","5","40.011915","-75.147267","1657","6","0","0","0","0","0","0","0","0","","0","0","0","16","1","2","","2","0","40 00:42.893","","0","75 08:50.161","3","0","0","0","67301","0","0","0","N","0","0","0","3","67301","0","","1.0","","1","N","N","N","0","","2","0","1","0","0","","1610","2","2","0","0","0","0","0","2","0","2","0","0","0","3","","","N","","","","","","","","","",""
"2020076700","0131","1","0","0","0","0","0","0","0","0","1","1","45","67","8","2020","7","39.961221","-75.182403","0124","6","1","0","0","0","0","0","0","0","","0","1","0","1","3","2","N","0","1","39 57:40.397","3","0","75 10:56.651","3","0","0","0","67301","0","0","0","N","0","0","0","2","68K01","0","","1.0","230.0","1","N","N","N","0","","2","0","0","3","8","N","123","2","2","1","0","0","0","0","2","0","2","0","0","0","3","","Y","Y","4","2","N","N","Y","Y","N","N","N","Y"
"2020036163","0057","2","0","0","0","0","0","0","0","0","5","0","","67","5","2020","1","39.949717","-75.233272","0056","6","0","0","0","0","1","0","0","0","","0","0","0","0","3","0","N","0","2","39 56:58.980","6","0","75 13:59.780","9","0","0","0","67301","0","0","0","N","0","0","0","1","67301","0","","6.0","255.0","1","N","N","N","0","","0","0","2","0","0","Y","54","4","0","0","0","0","0","1","2","0","4","0","0","0","3","","","N","","","","","","","","","",""
"2020077116","2107","2","0","0","0","0","0","0","0","0","4","0","","67","9","2020","7","40.080757","-75.028601","2057","6","0","0","0","0","0","1","0","0","","0","0","0","20","3","1","","1","0","40 04:50.725","","0","75 01:42.964","3","0","0","0","67301","0","0","0","N","0","0","0","2","67301","0","","1.0","","1","N","N","N","0","","1","0","0","3","2","","2055","2","1","0","0","0","0","0","2","0","2","0","0","0","3","03","","N","","","","","","","","","",""
"2020072544","2028","1","0","0","1","0","0","0","0","0","8","0","","67","9","2020","7","39.952557","-75.190029","2026","6","0","0","0","0","0","0","0","0","","0","0","0","20","3","1","N","2","0","39 57:09.205","","0","75 11:24.106","8","0","0","0","67301","1","0","0","N","0","0","0","3","67504","0","","1.0","","1","N","N","N","0","","0","0","0","3","2","N","2025","2","1","0","0","0","1","0","2","0","1","1","0","0","3","03","","N","","","","","","","","","",""
"2020078075","1848","1","0","0","0","0","0","0","0","0","2","0","","67","9","2020","7","39.909385","-75.161145","1845","6","0","0","0","0","0","0","0","0","","0","0","0","18","1","1","","1","0","39 54:33.787","","0","75 09:40.121","3","0","0","0","67301","0","0","0","N","0","0","0","3","67301","0","","1.0","","1","N","N","N","0","","1","0","1","1","2","","1832","2","1","1","0","0","0","0","2","0","2","0","0","0","3","03","","N","","","","","","","","","",""
"2020038300","2334","1","0","0","0","0","0","0","0","0","7","0","","67","5","2020","7","40.004709","-75.195928","2329","6","0","0","0","1","0","0","0","0","","0","0","0","23","3","2","N","0","0","40 00:16.954","","0","75 11:45.342","3","0","0","0","67301","0","0","0","N","0","0","0","2","68K01","0","","3.0","","1","N","N","N","0","","1","0","0","0","0","","2320","1","2","0","0","0","1","0","2","0","1","0","0","0","3","","","N","","","","","","","","","",""
"2020077967","2125","1","0","0","0","0","0","0","0","0","1","0","","67","8","2020","5","39.958881","-75.169839","2103","6","0","0","0","0","0","1","0","0","","0","0","0","21","3","0","N","0","0","39 57:31.972","","0","75 10:11.422","0","0","0","0","67301","0","0","0","N","0","0","0","1","68K01","0","","1.0","","1","N","N","N","0","","0","0","0","0","0","","2102","2","0","0","0","0","0","0","2","0","2","0","0","0","3","03","","N","","","","","","","","","",""
"2020036598","2225","1","0","0","0","0","0","0","0","0","1","0","","67","4","2020","7","39.986611","-75.208051","2225","6","0","0","0","0","0","0","0","0","","0","0","0","22","3","1","N","0","1","39 59:11.799","3","0","75 12:28.985","8","0","0","0","67301","0","0","0","N","0","0","0","2","68K01","0","","1.0","30.0","1","N","N","N","1","","0","0","0","0","0","N","2225","2","1","0","0","0","1","0","2","0","2","0","0","0","3","03","","N","","","","","","","","","",""
"2020027937","1614","0","0","0","0","0","0","0","0","0","4","0","","67","3","2020","5","39.956239","-75.248096","1610","6","0","0","0","0","0","1","0","0","","0","0","0","15","1","0","","2","1","39 57:22.461","1","0","75 14:53.147","9","0","0","0","67301","0","0","0","N","0","0","0","2","67301","0","","1.0","1620.0","1","N","N","N","0","","0","0","2","0","0","N","1500","2","0","0","0","0","0","2","2","0","2","0","0","0","4","","","N","","","","","","","","","",""
"2020037413","1751","1","0","0","0","0","0","0","0","0","4","0","","67","5","2020","6","39.949607","-75.199671","1751","6","0","0","0","0","0","0","0","0","","0","0","0","17","1","0","N","2","0","39 56:58.586","","0","75 11:58.815","9","0","0","0","67301","0","0","0","N","0","0","0","2","67504","0","","1.0","","9","N","N","N","0","","0","0","1","3","2","","1750","2","0","0","0","0","0","1","2","0","2","0","0","0","7","","","N","","","","","","","","","",""
"2020038385","1308","1","0","0","0","0","0","0","0","0","8","0","","67","5","2020","3","39.966947","-75.128792","1307","6","0","0","0","0","0","0","0","0","","0","0","0","12","1","1","N","0","0","39 58:01.010","","7","75 07:43.650","3","0","0","0","67301","1","0","0","N","1","0","0","2","67301","0","","1.0","","1","N","N","N","0","","1","0","0","9","9","","1247","2","1","0","0","0","0","0","2","0","1","1","0","0","3","","","N","","","","","","","","","",""
"2020038096","2221","3","0","0","0","0","0","0","0","0","4","0","","67","5","2020","4","39.970683","-75.232585","2219","6","0","0","0","0","0","0","0","0","","0","0","0","22","3","1","","1","0","39 58:14.458","","0","75 13:57.306","3","0","0","0","67301","0","0","0","N","0","0","0","3","67301","0","","1.0","","1","N","N","N","0","","1","0","0","0","0","","2219","3","1","0","0","0","0","0","2","0","3","0","0","0","3","03","","N","","","","","","","","","",""
"2020076718","0918","2","0","0","0","0","0","0","0","0","4","1","","67","8","2020","5","40.007204","-75.200247","0908","6","0","0","0","0","0","1","0","0","","0","1","0","9","1","3","N","7","0","40 00:25.935","","2","75 12:00.888","8","0","0","0","67301","0","0","0","N","0","0","0","5","68K01","0","","1.0","","1","N","N","N","0","","0","0","1","0","0","","906","4","3","0","0","0","3","0","2","0","4","0","0","0","3","","","N","","","","","","","","","",""
"2020078055","1540","0","0","0","0","0","0","0","0","0","1","1","","67","7","2020","2","39.978311","-75.202473","1534","6","0","0","0","0","0","0","0","0","","0","1","0","15","1","0","N","0","1","39 58:41.919","3","0","75 12:08.903","0","0","0","0","67301","0","0","0","N","0","0","0","2","68K01","0","","1.0","1630.0","1","N","N","N","0","","0","0","0","0","0","N","1522","2","0","0","0","0","0","0","2","1","2","0","0","0","3","03","","N","","","","","","","","","",""
"2020039565","0154","1","0","0","0","0","0","0","0","0","7","0","","67","5","2020","7","40.039213","-75.008094","0144","6","0","0","0","0","0","0","0","0","","0","0","0","1","3","0","N","0","0","40 02:21.165","","0","75 00:29.137","0","0","0","0","67301","0","0","0","N","0","0","0","2","68K01","0","","4.0","","9","N","N","N","0","","0","0","0","0","0","","120","1","0","0","0","0","0","0","2","0","1","0","0","0","3","","","N","","","","","","","","","",""
"2020077925","1342","1","0","0","0","0","0","0","0","0","4","0","","67","9","2020","7","40.02067","-75.148646","1333","6","0","0","0","0","0","1","0","0","","0","0","0","13","1","1","","1","1","40 01:14.412","2","0","75 08:55.127","3","0","0","0","67301","0","0","0","N","0","0","0","3","67301","0","","1.0","1422.0","1","N","N","N","0","","1","0","1","0","0","N","1331","2","1","0","0","0","0","0","2","0","2","0","0","0","3","03","","N","","","","","","","","","",""
"2020039853","2046","1","0","0","0","0","0","0","0","0","7","0","","67","5","2020","6","39.958421","-75.16614","2039","6","0","0","0","0","0","0","0","0","","0","0","0","20","3","1","N","0","0","39 57:30.317","","0","75 09:58.104","4","0","0","0","67301","0","0","0","N","0","0","0","2","68K01","1","","2.0","","9","N","N","N","0","","0","0","0","0","0","","2038","1","1","0","0","0","0","0","2","0","1","0","0","0","7","","","N","","","","","","","","","",""
"2020034608","1326","1","0","0","0","0","0","0","0","0","7","0","","67","4","2020","5","40.027357","-75.056866","1315","6","0","0","0","0","0","1","0","0","","0","0","0","13","1","1","","2","1","40 01:38.484","4","0","75 03:24.719","3","0","0","0","67301","0","0","0","N","0","0","0","1","67301","0","","4.0","1505.0","1","N","N","N","0","","1","0","0","0","0","N","1310","1","1","0","0","0","0","0","2","0","1","0","0","0","4","","","N","","","","","","","","","",""
"2020033205","0033","1","0","0","0","0","0","0","0","0","4","0","","67","4","2020","5","40.110069","-75.02077","0008","6","0","0","0","1","0","0","0","0","","0","0","0","23","3","0","","2","0","40 06:36.248","","7","75 01:14.771","0","0","0","0","67301","0","0","0","N","0","0","0","1","67301","0","","4.0","","1","N","N","N","0","","0","0","1","0","0","","2343","2","0","0","0","0","0","0","2","0","2","0","0","0","3","03","","N","","","","","","","","","",""
"2020035267","1929","1","0","0","0","0","0","0","0","0","8","0","","67","4","2020","4","40.040819","-75.059625","1921","6","0","0","0","0","0","0","0","0","","0","0","0","19","4","3","N","0","2","40 02:26.950","4","0","75 03:34.650","3","0","0","0","67301","2","0","0","N","2","0","0","4","67301","2","","5.0","2015.0","1","N","N","N","0","","1","0","0","0","0","N","1920","4","3","0","0","0","0","0","2","1","2","2","0","0","3","03","","N","","","","","","","","","",""
"2020037627","1926","1","0","0","0","0","0","0","0","0","1","0","","67","4","2020","1","39.901337","-75.152306","1916","6","0","0","0","0","0","1","0","0","","0","0","0","19","1","2","N","0","1","39 54:04.813","1","0","75 09:08.303","3","0","0","1","67301","0","0","0","N","0","0","0","3","68K01","0","","1.0","2010.0","1","N","N","N","0","","1","0","0","0","0","N","1914","2","2","0","0","0","1","0","2","0","2","0","0","0","3","","","N","","","","","","","","","",""
"2020034344","1541","1","0","0","0","0","0","0","0","0","4","0","","67","4","2020","5","40.010771","-75.10223","1541","6","0","0","0","1","0","0","0","0","","0","0","0","14","1","1","","1","0","40 00:38.775","","0","75 06:08.027","3","0","0","0","67301","0","0","0","N","0","0","0","2","67301","0","","1.0","","1","N","N","N","1","","1","0","0","3","2","","1420","2","1","2","0","0","0","1","2","0","2","0","0","0","3","","","N","","","","","","","","","",""
"2020074255","2329","3","0","0","0","0","0","0","0","0","4","0","","67","9","2020","2","40.033736","-75.030463","2322","6","0","1","0","0","0","0","0","0","","0","0","0","22","3","1","","1","1","40 02:01.451","6","0","75 01:49.668","3","0","0","0","67301","0","0","0","N","0","0","0","2","67301","0","","1.0","20.0","1","N","N","N","0","","1","0","0","3","3","N","2240","3","1","0","0","0","0","1","2","0","3","0","0","0","3","","","N","","","","","","","","","",""
"2020089878","0830","0","0","0","0","0","0","0","0","0","6","1","","67","10","2020","2","39.899917","-75.140417","0807","6","0","0","0","0","0","1","0","0","","0","1","0","8","1","1","N","0","0","39 53:59.700","","0","75 08:25.500","8","0","0","0","67301","0","0","0","N","0","0","0","1","67301","0","","6.0","","9","N","N","N","1","","0","0","0","0","0","","800","2","1","0","0","0","1","0","2","0","2","0","0","0","7","","","N","","","","","","","","","",""
"2020045787","0842","1","0","0","0","0","0","0","0","0","4","0","","67","6","2020","4","39.997291","-75.089436","0826","6","0","0","0","0","0","0","1","0","","0","0","0","7","1","1","","1","0","39 59:50.247","","0","75 05:21.971","3","0","0","0","67301","0","0","0","N","0","0","0","2","67301","0","","1.0","","1","N","N","N","1","","1","0","0","3","2","","730","2","1","1","0","0","0","0","2","0","2","0","0","0","3","03","","N","","","","","","","","","",""
"2020034813","1851","0","0","0","0","0","0","0","0","0","4","0","","67","4","2020","5","39.957933","-75.162313","1851","6","0","0","0","0","0","0","0","0","","0","0","0","18","3","0","","1","0","39 57:28.559","","0","75 09:44.326","0","0","0","0","67301","0","0","0","N","0","0","0","2","67301","0","","1.0","","9","N","N","N","1","","0","0","1","3","2","","1851","2","0","0","0","0","0","0","2","0","2","0","0","0","7","04","","N","","","","","","","","","",""
"2020048685","1606","0","0","0","0","0","0","0","0","0","4","0","","67","6","2020","1","39.95762","-75.145687","1606","6","0","0","0","0","0","0","0","0","","0","0","0","16","1","0","","1","0","39 57:27.432","","99","75 08:44.473","9","0","0","0","67301","0","0","0","N","0","0","0","2","67301","0","","1.0","","1","N","N","N","0","","0","0","2","3","2","","1606","2","0","0","0","0","0","1","2","0","2","0","0","0","3","","","N","","","","","","","","","",""
"2020073485","1255","1","0","0","0","0","0","0","0","0","8","0","","67","9","2020","3","39.984608","-75.127021","1250","6","0","0","0","0","0","0","0","0","","0","0","0","11","1","1","","1","0","39 59:04.588","","99","75 07:37.275","3","0","0","0","67301","1","0","0","N","1","0","0","1","67301","0","","1.0","","1","N","N","N","0","","1","0","0","9","9","","1128","2","1","0","0","0","0","0","2","0","1","1","0","0","3","03","","N","","","","","","","","","",""
"2020033594","0535","0","0","0","0","0","0","0","0","0","5","0","","67","4","2020","6","39.982544","-75.128433","0530","6","0","0","0","0","0","0","0","0","","0","0","0","5","1","0","N","0","0","39 58:57.160","","0","75 07:42.360","0","0","0","0","67301","0","0","0","N","0","0","0","1","67301","0","","1.0","","1","N","N","N","2","","0","0","2","9","9","","529","5","0","1","0","0","0","0","2","1","5","0","0","0","3","03","","N","","","","","","","","","",""
"2020038334","1255","0","0","0","0","0","0","0","0","0","4","0","","67","5","2020","6","39.925737","-75.168574","1241","6","0","0","0","0","0","0","0","0","","0","0","0","9","1","0","","3","0","39 55:32.652","","0","75 10:06.868","0","0","0","0","67301","0","0","0","N","0","0","0","1","67301","0","","1.0","","1","N","N","N","0","","0","0","1","0","0","","953","2","0","0","0","0","0","0","2","0","2","0","0","0","4","07","","N","","","","","","","","","",""
"2020036121","1540","1","0","0","0","0","0","0","0","0","8","0","","67","5","2020","7","39.952871","-75.212184","1534","6","0","0","0","0","0","0","0","1","","0","0","0","15","1","1","","1","0","39 57:10.335","","0","75 12:43.862","8","0","0","0","67301","1","0","0","N","1","0","0","2","67301","0","","1.0","","1","N","N","N","0","","0","0","0","3","2","","1532","2","1","0","0","0","1","0","2","0","1","1","0","0","3","","","N","","","","","","","","","",""
"2020035979","1041","1","0","0","0","0","0","0","0","0","5","0","","67","5","2020","6","39.990914","-75.160183","1041","6","0","0","0","0","0","0","1","0","","0","0","0","10","1","3","N","0","0","39 59:27.290","","0","75 09:36.660","3","0","0","0","67301","0","0","0","N","0","0","0","4","67301","2","","1.0","","9","N","N","N","1","","1","0","1","0","0","","1039","4","3","0","0","0","0","0","2","1","4","0","0","0","4","04","","N","","","","","","","","","",""
"2020040002","2156","1","0","0","0","0","0","0","0","0","4","0","","67","5","2020","1","40.005394","-75.109358","2149","6","0","0","0","0","0","0","0","0","","1","0","0","21","3","0","","1","0","40 00:19.420","","0","75 06:33.689","1","1","0","1","67301","0","0","0","N","0","0","0","2","67301","0","2","1.0","","1","N","N","N","0","0","0","0","0","3","2","","2145","2","0","0","0","0","0","1","2","0","2","0","0","0","3","03","","N","","","","","","","","","",""
"2020041965","0512","1","0","0","0","0","0","0","0","0","7","0","","67","5","2020","2","39.901748","-75.151913","0502","6","0","0","0","0","0","0","1","0","","0","0","0","5","3","0","N","0","2","39 54:06.294","2","0","75 09:06.887","0","0","0","0","67301","0","0","0","N","0","0","0","1","68K01","0","","3.0","514.0","1","N","N","N","0","","0","0","0","0","0","N","501","1","0","0","0","0","0","0","2","0","1","0","0","0","3","","","N","","","","","","","","","",""
"2020036921","1835","3","0","0","0","0","0","0","0","0","4","0","","67","5","2020","3","39.985802","-75.215608","1835","6","0","0","0","0","0","0","0","0","","0","0","0","18","1","1","N","1","0","39 59:08.888","","0","75 12:56.190","3","0","0","0","67301","0","0","0","N","0","0","0","4","67301","0","","1.0","","1","N","N","N","0","","1","0","0","3","2","","1820","3","1","0","0","0","0","0","2","0","3","0","0","0","4","04","","N","","","","","","","","","",""
"2020077042","1410","1","0","0","0","0","0","0","0","0","8","0","","67","9","2020","4","39.925219","-75.176198","1406","6","0","0","0","0","0","1","0","0","","0","0","0","14","1","1","N","0","0","39 55:30.789","","0","75 10:34.313","3","0","0","0","67301","1","0","0","N","1","0","0","2","67301","0","","1.0","","1","N","N","N","0","","1","0","0","0","0","","1405","2","1","0","0","0","0","0","2","0","1","1","0","0","4","","","N","","","","","","","","","",""
"2020036161","0305","1","0","0","0","0","0","0","0","0","5","0","","67","5","2020","7","39.972125","-75.199992","0305","6","0","0","0","0","0","1","0","0","","0","0","0","3","6","0","N","0","0","39 58:19.650","","0","75 11:59.970","0","0","0","0","67301","0","0","0","N","0","0","0","1","67301","0","","6.0","","1","N","N","N","0","","0","0","2","0","0","","300","3","0","1","0","0","0","0","2","0","3","0","0","0","3","","","N","","","","","","","","","",""
"2020078445","2236","3","0","0","0","0","0","0","0","0","1","0","45","67","9","2020","5","39.959012","-75.170938","2235","6","0","0","0","0","0","0","0","0","","0","0","0","22","3","0","N","0","0","39 57:32.443","","0","75 10:15.376","0","0","0","0","67301","0","0","0","N","0","0","0","3","68K01","0","","1.0","","1","N","N","N","0","","0","0","0","0","0","","2223","3","0","0","0","0","0","0","2","0","3","0","0","0","3","","Y","Y","4","2","N","N","N","Y","N","N","N","N"
"2020034202","1614","1","0","0","0","0","0","0","0","0","7","0","","67","4","2020","5","39.898783","-75.172689","1610","6","0","0","0","0","0","0","0","0","","0","0","0","16","1","0","N","0","2","39 53:55.618","1","0","75 10:21.681","0","0","0","0","67301","0","0","0","N","0","0","0","2","68K01","0","","2.0","1617.0","1","N","N","N","1","","0","0","0","0","0","Y","1609","2","0","1","0","0","0","0","2","0","2","0","0","0","3","","","N","","","","","","","","","",""
"2020051479","0824","1","0","0","0","0","0","0","0","0","5","0","","67","6","2020","5","39.981791","-75.117687","0823","6","0","0","0","0","0","0","0","0","","0","0","0","8","1","0","Y","0","1","39 58:54.448","3","0","75 07:03.674","0","0","0","0","67301","0","0","0","N","0","0","0","3","67301","0","","1.0","850.0","1","N","N","N","1","","0","0","1","3","2","N","822","3","0","0","0","0","0","0","2","0","3","0","0","0","4","03","","N","","","","","","","","","",""
"2020033180","2031","1","0","0","0","0","0","0","0","0","4","0","","67","4","2020","4","40.033408","-75.09061","2031","6","0","0","0","0","1","0","0","0","","0","0","0","20","3","0","","1","1","40 02:00.267","2","0","75 05:26.196","0","0","0","0","67301","0","0","0","N","0","0","0","2","67301","0","","1.0","100.0","1","N","N","N","0","","0","0","1","3","2","N","2030","2","0","0","0","0","0","0","2","0","2","0","0","0","3","03","","N","","","","","","","","","",""
"2020037631","0640","1","0","0","0","0","0","0","0","0","7","0","","67","4","2020","5","40.040535","-75.005359","0638","6","0","0","0","0","0","0","0","0","","0","0","0","6","1","0","N","0","1","40 02:25.927","1","0","75 00:19.292","0","0","0","0","67301","0","0","0","N","0","0","0","1","68K01","0","","2.0","645.0","1","N","N","N","0","","0","0","0","0","0","N","636","1","0","0","0","0","0","0","2","0","1","0","0","0","3","03","","N","","","","","","","","","",""
"2020033399","1508","1","0","0","0","0","0","1","0","0","1","1","","67","4","2020","6","40.081163","-75.028471","1503","6","0","0","0","0","0","1","0","0","","0","0","0","14","1","0","N","0","0","40 04:52.185","","0","75 01:42.494","0","0","0","0","67301","0","0","0","N","0","0","0","2","67301","0","","1.0","","1","N","N","N","0","","0","0","0","0","0","","1449","2","0","0","0","0","0","0","2","0","2","0","0","0","3","03","","N","","","","","","","","","",""
"2020033544","1300","0","0","0","0","0","0","0","0","0","4","0","","67","4","2020","7","39.927106","-75.142714","1255","6","0","0","0","0","0","0","0","0","","0","0","0","12","1","0","N","0","2","39 55:37.580","6","7","75 08:33.770","0","0","0","0","67301","0","0","0","N","0","0","0","3","67301","0","","1.0","30.0","1","N","N","N","0","","0","0","1","9","3","Y","1242","2","0","0","0","0","0","0","2","1","2","0","0","0","4","","","N","","","","","","","","","",""
"2020032896","1356","0","0","0","0","0","0","0","0","0","4","0","","67","4","2020","3","39.957933","-75.162313","1346","6","0","0","0","0","0","0","0","0","","0","0","0","13","1","0","","1","1","39 57:28.559","1","0","75 09:44.326","0","0","0","0","67301","0","0","0","N","0","0","0","2","67301","0","","1.0","1430.0","1","N","N","N","0","","0","0","2","3","2","N","1346","2","0","0","0","0","0","0","2","0","2","0","0","0","3","","","N","","","","","","","","","",""
"2020073593","2202","4","0","0","0","0","0","0","0","0","1","0","","67","7","2020","4","39.986644","-75.091289","2202","6","0","0","0","0","0","1","0","0","","0","0","0","22","3","2","N","0","1","39 59:11.917","1","0","75 05:28.641","3","0","0","0","67301","0","0","0","N","0","0","0","7","68K01","0","","1.0","2215.0","1","N","N","Y","0","","2","0","0","0","0","Y","2202","4","2","0","0","0","0","0","2","0","4","0","0","0","3","","","N","","","","","","","","","",""
"2020069353","1947","0","0","0","0","0","0","0","0","0","1","0","","67","8","2020","5","39.958727","-75.168602","1925","6","0","0","0","0","0","0","0","0","","0","0","0","19","1","0","N","0","1","39 57:31.418","4","1","75 10:06.966","0","0","0","0","67301","0","0","0","N","0","0","0","2","68K01","0","","1.0","1950.0","1","N","N","N","1","","0","0","1","0","0","N","1921","2","0","0","0","0","0","0","2","0","2","0","0","0","3","03","","N","","","","","","","","","",""
"2020028221","1727","2","0","0","0","0","0","0","0","0","5","0","","67","3","2020","6","39.918489","-75.177544","1724","6","0","0","0","0","0","0","0","1","","0","0","0","17","1","1","N","0","2","39 55:06.560","1","0","75 10:39.160","3","0","0","0","67301","0","0","0","N","0","0","0","1","67301","0","","6.0","30.0","1","N","N","N","0","","1","0","1","0","0","Y","1720","3","1","0","0","0","0","0","2","0","3","0","0","0","3","","","N","","","","","","","","","",""