"CRN","ARRIVAL_TM","AUTOMOBILE_COUNT","BELTED_DEATH_COUNT","BELTED_SUSP_SERIOUS_INJ_COUNT","BICYCLE_COUNT","BICYCLE_DEATH_COUNT","BICYCLE_SUSP_SERIOUS_INJ_COUNT","BUS_COUNT","CHLDPAS_DEATH_COUNT","CHLDPAS_SUSP_SERIOUS_INJ_COUNT","COLLISION_TYPE","COMM_VEH_COUNT","CONS_ZONE_SPD_LIM","COUNTY","CRASH_MONTH","CRASH_YEAR","DAY_OF_WEEK","DEC_LATITUDE","DEC_LONGITUDE","DISPATCH_TM","DISTRICT","DRIVER_COUNT_16YR","DRIVER_COUNT_17YR","DRIVER_COUNT_18YR","DRIVER_COUNT_19YR","DRIVER_COUNT_20YR","DRIVER_COUNT_50_64YR","DRIVER_COUNT_65_74YR","DRIVER_COUNT_75PLUS","EST_HRS_CLOSED","FATAL_COUNT","HEAVY_TRUCK_COUNT","HORSE_BUGGY_COUNT","HOUR_OF_DAY","ILLUMINATION","INJURY_COUNT","INTERSECTION_RELATED","INTERSECT_TYPE","LANE_CLOSED","LATITUDE","LN_CLOSE_DIR","LOCATION_TYPE","LONGITUDE","MAX_SEVERITY_LEVEL","MCYCLE_DEATH_COUNT","MCYCLE_SUSP_SERIOUS_INJ_COUNT","MOTORCYCLE_COUNT","MUNICIPALITY","NONMOTR_COUNT","NONMOTR_DEATH_COUNT","NONMOTR_SUSP_SERIOUS_INJ_COUNT","NTFY_HIWY_MAINT","PED_COUNT","PED_DEATH_COUNT","PED_SUSP_SERIOUS_INJ_COUNT","PERSON_COUNT","POLICE_AGCY","POSSIBLE_INJ_COUNT","RDWY_SURF_TYPE_CD","RELATION_TO_ROAD","ROADWAY_CLEARED","ROAD_CONDITION","SCH_BUS_IND","SCH_ZONE_IND","SECONDARY_CRASH","SMALL_TRUCK_COUNT","SPEC_JURIS_CD","SUSP_MINOR_INJ_COUNT","SUSP_SERIOUS_INJ_COUNT","SUV_COUNT","TCD_FUNC_CD","TCD_TYPE","TFC_DETOUR_IND","TIME_OF_DAY","TOTAL_UNITS","TOT_INJ_COUNT","UNBELTED_OCC_COUNT","UNB_DEATH_COUNT","UNB_SUSP_SERIOUS_INJ_COUNT","UNK_INJ_DEG_COUNT","UNK_INJ_PER_COUNT","URBAN_RURAL","VAN_COUNT","VEHICLE_COUNT","VULNERABLE_ROAD_USER_COUNT","VULNERABLE_ROAD_USER_DEATH_COUNT","VULNERABLE_ROAD_USER_SER_INJ_COUNT","WEATHER1","WEATHER2","WORKERS_PRES","WORK_ZONE_IND","WORK_ZONE_LOC","WORK_ZONE_TYPE","WZ_CLOSE_DETOUR","WZ_FLAGGER","WZ_LAW_OFFCR_IND","WZ_LN_CLOSURE","WZ_MOVING","WZ_OTHER","WZ_SHLDER_MDN","WZ_WORKERS_INJ_KILLED"
"2020027527","1405","2","0","0","0","0","0","0","0","0","4","0","","67","3","2020","3","39.964536","-75.147632","1405","6","0","0","0","0","0","0","0","0","","0","0","0","13","1","0","","1","2","39 57:52.329","3","0","75 08:51.475","0","0","0","0","67301","0","0","0","N","0","0","0","5","67301","0","","1.0","1530.0","1","N","N","N","0","","0","0","1","3","3","Y","1355","3","0","4","0","0","0","0","2","0","3","0","0","0","3","","","N","","","","","","","","","",""
"2020029833","0816","2","0","0","0","0","0","0","0","0","4","0","","67","3","2020","7","39.918882","-75.243858","0812","6","0","0","0","0","0","0","0","0","","0","0","0","8","1","2","","2","2","39 55:07.975","6","0","75 14:37.888","4","0","0","0","67301","0","0","0","N","0","0","0","3","67301","1","","1.0","920.0","9","N","N","N","0","","0","0","0","3","3","Y","807","3","2","0","0","0","1","1","2","1","3","0","0","0","7","","","N","","","","","","","","","",""
"2020037718","1904","1","0","0","0","0","0","0","0","0","4","0","","67","5","2020","7","39.955154","-75.198331","1904","6","0","0","0","0","0","0","0","0","","0","0","0","19","1","0","N","1","0","39 57:18.553","","0","75 11:53.991","0","0","0","0","67301","0","0","0","N","0","0","0","3","67504","0","","1.0","","1","N","N","N","0","","0","0","1","3","2","N","1904","2","0","1","0","0","0","0","2","0","2","0","0","0","3","03","","N","","","","","","","","","",""
"2020039840","1908","0","0","0","0","0","0","0","0","0","7","0","","67","5","2020","4","39.960452","-75.181239","1908","6","0","0","0","0","0","1","0","0","","0","0","0","19","1","0","","7","0","39 57:37.626","","2","75 10:52.459","0","0","0","0","67301","0","0","0","N","0","0","0","1","68K01","0","","4.0","","8","N","N","N","0","","0","0","1","0","0","","1908","1","0","1","0","0","0","0","2","0","1","0","0","0","7","","","N","","","","","","","","","",""
"2020038730","2239","0","0","0","0","0","0","0","0","0","0","0","","67","5","2020","7","39.959805","-75.140191","2234","6","0","0","0","0","0","0","0","0","","0","0","0","22","3","4","N","0","2","39 57:35.298","6","8","75 08:24.687","2","0","0","0","67301","0","0","0","Y","0","0","0","4","68K01","0","","4.0","1138.0","1","N","N","N","1","","1","1","0","0","0","Y","2231","1","4","1","0","1","2","0","2","0","1","0","0","0","3","","","N","","","","","","","","","",""
"2020078549","0110","1","0","0","0","0","0","0","0","0","8","0","","67","9","2020","4","40.008796","-75.147623","0056","6","0","0","0","0","0","0","0","0","","0","0","0","0","3","1","","1","0","40 00:31.666","","0","75 08:51.441","2","0","0","0","67301","1","0","1","N","0","0","0","2","67301","0","","1.0","","1","N","N","N","0","","0","1","0","3","2","","55","2","1","0","0","0","0","0","2","0","1","1","0","1","3","03","","N","","","","","","","","","",""
"2020079058","1519","2","0","0","0","0","0","0","0","0","1","0","","67","9","2020","4","40.010609","-75.178527","1513","6","0","0","1","0","0","0","0","0","","0","0","0","15","1","0","Y","0","0","40 00:38.193","","0","75 10:42.696","0","0","0","0","67301","0","0","0","N","0","0","0","2","67301","0","","1.0","","1","N","N","N","0","","0","0","0","3","2","","1506","2","0","0","0","0","0","0","2","0","2","0","0","0","3","","","N","","","","","","","","","",""
"2020077413","1315","1","0","0","0","0","0","0","0","0","1","0","","67","9","2020","1","39.996982","-75.153799","1301","6","0","0","0","0","0","1","0","0","","0","0","0","11","1","1","N","0","0","39 59:49.135","","0","75 09:13.675","4","0","0","0","67301","0","0","0","N","0","0","0","3","67301","1","","1.0","","1","N","N","N","0","","0","0","1","3","2","","1156","3","1","0","0","0","0","1","2","0","3","0","0","0","3","","","N","","","","","","","","","",""
"2020037726","1830","1","0","0","0","0","0","0","0","0","8","0","","67","5","2020","1","39.990938","-75.130917","1830","6","0","0","0","0","0","0","0","0","","0","0","0","15","1","1","","1","0","39 59:27.376","","0","75 07:51.301","3","0","0","0","67301","1","0","0","N","1","0","0","2","67301","0","","1.0","","1","N","N","N","0","","1","0","0","9","9","","1500","2","1","0","0","0","0","0","2","0","1","1","0","0","3","03","","N","","","","","","","","","",""
"2020037046","0210","2","0","0","0","0","0","0","0","0","5","0","","67","5","2020","7","39.934775","-75.218675","0209","6","0","0","0","0","0","0","0","0","","0","0","0","23","3","0","N","0","0","39 56:05.190","","0","75 13:07.230","9","0","0","0","67301","0","0","0","N","0","0","0","1","67301","0","","6.0","","1","N","N","N","0","","0","0","0","0","0","","2320","2","0","0","0","0","0","1","2","0","2","0","0","0","3","03","","N","","","","","","","","","",""
"2020037867","2035","2","0","0","0","0","0","0","0","0","4","0","","67","5","2020","7","39.989129","-75.110475","2030","6","0","0","0","0","0","1","0","0","","0","0","0","20","3","0","","1","0","39 59:20.864","","0","75 06:37.709","0","0","0","0","67301","0","0","0","N","0","0","0","2","67301","0","","1.0","","1","N","N","N","0","","0","0","0","2","3","","2015","2","0","2","0","0","0","0","2","0","2","0","0","0","3","03","","N","","","","","","","","","",""
"2020037264","1156","2","0","0","0","0","0","0","0","0","6","0","","67","5","2020","5","39.993969","-75.112342","1148","6","0","0","0","0","0","0","0","0","","0","0","0","11","1","0","N","0","0","39 59:38.290","","0","75 06:44.430","0","0","0","0","67301","0","0","0","N","0","0","0","1","67301","0","","6.0","","1","N","N","N","1","","0","0","0","0","0","","1141","3","0","0","0","0","0","0","2","0","3","0","0","0","3","03","","N","","","","","","","","","",""
"2020078896","1135","1","0","0","0","0","0","0","0","0","4","0","","67","9","2020","5","40.080783","-75.028366","1128","6","0","0","0","0","0","1","0","0","","0","0","0","11","1","1","","2","1","40 04:50.820","1","0","75 01:42.117","3","0","0","0","67301","0","0","0","N","0","0","0","2","67301","0","","1.0","29.0","1","N","N","N","0","","1","0","1","3","2","U","1124","2","1","2","0","0","0","0","2","0","2","0","0","0","3","03","","N","","","","","","","","","",""
"2020032317","2210","1","0","0","0","0","0","0","0","0","7","0","","67","3","2020","5","40.023818","-75.03294","2155","6","0","0","0","0","0","1","0","0","","0","0","0","21","3","0","N","0","0","40 01:25.743","","0","75 01:58.585","0","0","0","0","67301","0","0","0","N","0","0","0","1","68K01","0","","4.0","","1","N","N","N","0","","0","0","0","0","0","","2154","1","0","0","0","0","0","0","2","0","1","0","0","0","3","","","N","","","","","","","","","",""
"2020001189","1645","0","0","0","0","0","0","0","0","0","5","0","","67","1","2020","4","39.9522","-75.143247","1645","6","0","0","0","0","0","0","0","0","","0","0","0","2","3","1","N","0","0","39 57:07.920","","0","75 08:35.690","8","0","0","0","67301","0","0","0","N","0","0","0","2","67301","0","","6.0","","1","N","N","N","0","","0","0","1","9","9","","230","2","1","0","0","0","1","0","2","0","2","0","0","0","99","","","N","","","","","","","","","",""
"2020011163","1604","0","0","0","0","0","0","0","0","0","4","0","","67","1","2020","4","39.8902","-75.22068","1553","6","0","0","0","0","0","1","0","0","","0","0","0","15","1","3","N","0","1","39 53:24.719","1","0","75 13:14.447","4","0","0","0","67301","0","0","0","N","0","0","0","5","68K01","1","","1.0","1635.0","1","N","N","N","1","","0","0","2","0","0","N","1552","3","3","1","0","0","2","1","2","0","3","0","0","0","3","","","N","","","","","","","","","",""
"2020033122","1600","1","0","0","0","0","0","0","0","0","4","1","","67","4","2020","4","39.994206","-75.107791","1600","6","0","0","0","0","0","0","0","0","","0","1","0","16","1","1","","1","0","39 59:39.142","","0","75 06:28.047","4","0","0","0","67301","0","0","0","N","0","0","0","3","67301","1","","1.0","","1","N","N","N","0","","0","0","0","3","2","","1600","2","1","0","0","0","0","0","2","0","2","0","0","0","3","03","","N","","","","","","","","","",""
"2020032668","1350","2","0","0","0","0","0","0","0","0","4","0","","67","4","2020","2","39.990003","-75.160369","1348","6","0","0","1","0","0","0","0","0","","0","0","0","13","1","1","","1","0","39 59:24.010","","6","75 09:37.328","3","0","0","0","67301","0","0","0","N","0","0","0","2","67301","0","","1.0","","9","N","N","N","0","","1","0","0","3","2","","1348","2","1","1","0","0","0","0","2","0","2","0","0","0","7","","","N","","","","","","","","","",""
"2020037090","0740","1","0","0","0","0","0","0","0","0","4","0","","67","5","2020","5","40.074609","-75.035074","0735","6","0","0","0","0","0","1","0","0","","0","0","0","7","1","1","","1","0","40 04:28.594","","0","75 02:06.267","3","0","0","0","67301","0","0","0","N","0","0","0","2","67301","0","","1.0","","1","N","N","N","0","","1","0","1","3","2","","734","2","1","0","0","0","0","0","2","0","2","0","0","0","3","03","","N","","","","","","","","","",""
"2020072557","2035","0","0","0","0","0","0","0","0","0","0","0","","67","9","2020","6","40.010232","-75.166032","2028","6","0","0","0","0","0","0","0","0","","0","0","0","20","3","1","N","0","0","40 00:36.836","","0","75 09:57.714","3","0","0","1","67301","0","0","0","N","0","0","0","1","67301","0","","1.0","","1","N","N","N","0","","1","0","0","0","0","","2028","2","1","0","0","0","0","0","2","0","1","0","0","0","3","03","","N","","","","","","","","","",""
"2020038350","0640","1","0","0","0","0","0","0","0","0","7","0","","67","5","2020","7","39.917183","-75.246303","0635","6","0","0","0","0","0","0","0","0","","0","0","0","6","1","0","N","0","0","39 55:01.859","","0","75 14:46.691","9","0","0","0","67301","0","0","0","N","0","0","0","2","67301","0","","3.0","","1","N","N","N","0","","0","0","0","0","0","","635","1","0","0","0","0","0","1","2","0","1","0","0","0","3","04","","N","","","","","","","","","",""
"2020035140","0845","1","0","0","0","0","0","0","0","0","7","0","","67","4","2020","1","40.032388","-75.021166","0831","6","0","0","0","0","0","0","0","0","","0","0","0","8","1","0","Y","0","0","40 01:56.595","","0","75 01:16.199","0","0","0","0","67301","0","0","0","N","0","0","0","3","68K01","0","","3.0","","1","N","N","N","0","","0","0","0","0","0","","831","1","0","0","0","0","0","0","2","0","1","0","0","0","3","","","N","","","","","","","","","",""
"2020046299","1245","0","0","0","0","0","0","0","0","0","4","0","","67","6","2020","1","39.970374","-75.148139","1243","6","0","0","0","0","0","0","0","0","","0","0","0","0","3","0","","1","0","39 58:13.346","","0","75 08:53.302","9","0","0","0","67301","0","0","0","N","0","0","0","2","67301","0","","1.0","","1","N","N","N","0","","0","0","1","3","2","","35","2","0","0","0","0","0","1","2","0","2","0","0","0","3","03","","N","","","","","","","","","",""
"2020030944","2148","1","0","0","0","0","0","0","0","0","7","0","","67","3","2020","2","39.989235","-75.206313","2148","6","0","0","0","0","0","0","0","0","","0","0","0","21","3","1","N","0","0","39 59:21.245","","0","75 12:22.728","8","0","0","0","67301","0","0","0","N","0","0","0","1","68K01","0","","2.0","","9","N","N","N","0","","0","0","0","0","0","","2148","1","1","0","0","0","1","0","2","0","1","0","0","0","3","","","N","","","","","","","","","",""
"2020029991","2340","1","0","0","0","0","0","0","0","0","7","0","","67","3","2020","7","40.030884","-75.021803","2328","6","0","0","1","0","0","0","0","0","","0","0","0","23","3","0","N","0","0","40 01:51.182","","0","75 01:18.491","0","0","0","0","67301","0","0","0","N","0","0","0","1","68K01","0","","4.0","","9","N","N","N","0","","0","0","0","0","0","","2313","1","0","0","0","0","0","0","2","0","1","0","0","0","7","","","N","","","","","","","","","",""
"2020031073","1740","0","0","0","0","0","0","0","0","0","7","0","","67","3","2020","2","39.986491","-75.091957","1740","6","0","0","0","0","0","0","0","0","","0","0","0","17","1","0","N","0","1","39 59:11.368","2","0","75 05:31.046","0","0","0","0","67301","0","0","0","N","0","0","0","1","68K01","0","","3.0","625.0","9","N","N","N","0","","0","0","1","0","0","N","1734","1","0","0","0","0","0","0","2","0","1","0","0","0","7","03","","N","","","","","","","","","",""
"2020028996","0045","1","0","0","0","0","0","0","0","0","7","0","","67","3","2020","2","39.968083","-75.196933","0045","6","0","0","0","0","0","0","0","0","","0","0","0","0","3","1","N","0","0","39 58:05.100","","0","75 11:48.960","3","0","0","0","67301","0","0","0","N","0","0","0","2","67301","0","","5.0","","1","N","N","N","0","","1","0","0","0","0","","44","1","1","2","0","0","0","1","2","0","1","0","0","0","3","03","","N","","","","","","","","","",""
"2020033041","0313","1","0","0","0","0","0","0","0","0","0","0","","67","4","2020","4","40.047901","-75.031635","0256","6","0","0","0","0","1","0","0","0","","0","0","0","2","3","0","","2","0","40 02:52.443","","0","75 01:53.885","0","0","0","0","67301","0","0","0","N","0","0","0","1","67301","0","","9.0","","9","N","N","N","0","","0","0","0","9","2","","256","1","0","0","0","0","0","0","2","0","1","0","0","0","7","07","","N","","","","","","","","","",""
"2020073260","0118","2","0","0","0","0","0","0","0","0","3","0","","67","9","2020","1","39.951817","-75.244006","0117","6","0","0","0","0","0","0","0","0","","0","0","0","0","3","3","N","0","9","39 57:06.540","","0","75 14:38.420","3","0","0","0","67301","0","0","0","N","0","0","0","5","67301","0","","1.0","","1","N","N","N","0","","3","0","0","0","0","U","8","2","3","1","0","0","0","0","2","0","2","0","0","0","3","","","N","","","","","","","","","",""
"2020089749","","2","0","0","0","0","0","0","0","0","4","0","","67","4","2020","3","40.02758","-75.147134","","6","0","0","0","0","1","0","0","0","","0","0","0","18","1","2","","1","0","40 01:39.287","","0","75 08:49.681","8","0","0","0","67301","0","0","0","N","0","0","0","2","00000","0","","1.0","","1","N","N","N","0","","0","0","0","3","2","","1815","2","2","0","0","0","2","0","2","0","2","0","0","0","3","","","N","","","","","","","","","",""
"2020036669","1004","2","0","0","0","0","0","0","0","0","4","0","","67","5","2020","1","39.993455","-75.150835","0958","6","0","0","0","0","0","0","0","0","","0","0","0","9","1","3","","1","1","39 59:36.439","3","0","75 09:03.006","4","0","0","0","67301","0","0","0","N","0","0","0","3","67301","1","","1.0","1158.0","1","N","N","N","0","","0","0","2","3","2","Y","957","4","3","0","0","0","2","0","2","0","4","0","0","0","4","04","","N","","","","","","","","","",""
"2020068511","2349","3","0","0","0","0","0","0","0","0","5","0","","67","8","2020","1","40.03732","-75.013284","2344","6","0","0","0","1","0","0","0","0","","0","0","0","23","3","0","N","0","0","40 02:14.352","","0","75 00:47.822","0","0","0","0","67301","0","0","0","N","0","0","0","7","68K01","0","","1.0","","9","N","N","N","0","","0","0","0","0","0","","2340","3","0","0","0","0","0","0","2","0","3","0","0","0","3","03","","N","","","","","","","","","",""
"2020047558","1609","0","0","0","0","0","0","0","0","0","7","1","","67","6","2020","4","39.931067","-75.179094","1605","6","0","0","0","0","0","0","0","0","","0","1","0","16","1","1","N","0","0","39 55:51.840","","0","75 10:44.740","8","0","0","0","67301","1","0","0","N","1","0","0","2","67301","0","","4.0","","1","N","N","N","0","","0","0","0","9","9","","1600","2","1","0","0","0","1","0","2","0","1","1","0","0","3","03","","N","","","","","","","","","",""
"2020019395","1541","2","0","0","0","0","0","0","0","0","1","0","","67","2","2020","6","39.988174","-75.128478","1541","6","0","0","0","0","0","1","0","0","","0","0","0","11","1","1","","1","0","39 59:17.426","","0","75 07:42.520","8","0","0","0","67301","0","0","0","N","0","0","0","2","67301","0","","1.0","","1","N","N","N","0","","0","0","0","9","9","","1130","2","1","0","0","0","1","0","2","0","2","0","0","0","3","","","N","","","","","","","","","",""
"2020078402","1438","1","0","0","0","0","0","0","0","0","98","0","","67","9","2020","6","40.009972","-75.206378","1438","6","0","0","0","0","1","0","0","0","","0","0","0","14","1","0","N","0","0","40 00:35.898","","0","75 12:22.961","0","0","0","0","67301","0","0","0","N","0","0","0","1","68K01","0","","1.0","","1","N","N","N","0","","0","0","0","0","0","","1438","1","0","0","0","0","0","0","2","0","1","0","0","0","3","03","","N","","","","","","","","","",""
"2020037677","2307","2","0","0","0","0","0","0","0","0","4","0","","67","5","2020","6","40.002789","-75.137842","2306","6","0","0","0","0","0","1","0","0","","0","0","0","23","3","1","","1","0","40 00:10.040","","0","75 08:16.231","3","0","0","0","67301","0","0","0","N","0","0","0","2","67301","0","","1.0","","9","N","N","N","0","","1","0","0","3","3","","2306","2","1","0","0","0","0","0","2","0","2","0","0","0","7","07","","N","","","","","","","","","",""
"2020074526","0801","0","0","0","0","0","0","0","0","0","8","0","","67","8","2020","2","39.898734","-75.170341","0754","6","0","0","0","0","0","0","0","0","","0","0","0","7","1","1","N","0","0","39 53:55.444","","0","75 10:13.229","3","0","0","0","67301","1","0","0","N","1","0","0","2","68K01","0","","1.0","","1","N","N","N","1","","1","0","0","0","0","","753","2","1","0","0","0","0","0","2","0","1","1","0","0","3","","","N","","","","","","","","","",""
"2020039537","0901","1","0","0","0","0","0","0","0","0","7","0","","67","4","2020","7","39.98086","-75.206383","0855","6","0","0","0","0","0","0","0","0","","0","0","0","8","1","1","N","0","0","39 58:51.095","","0","75 12:22.978","4","0","0","0","67301","0","0","0","N","0","0","0","1","68K01","1","","5.0","","9","N","N","N","0","","0","0","0","0","0","","852","1","1","0","0","0","0","0","2","0","1","0","0","0","7","04","","N","","","","","","","","","",""
"2020045731","0327","1","0","0","0","0","0","0","0","0","4","0","","67","6","2020","4","40.000277","-75.153083","0159","6","0","0","0","0","0","0","0","0","","0","0","0","1","3","1","N","0","0","40 00:00.997","","7","75 09:11.097","3","0","0","0","67301","0","0","0","N","0","0","0","2","67301","0","","1.0","","1","N","N","N","0","","1","0","0","0","0","","159","2","1","0","0","0","0","0","2","0","2","0","0","0","3","03","","N","","","","","","","","","",""
"2020046289","2211","1","0","0","0","0","0","0","0","0","4","0","","67","6","2020","7","40.039458","-75.077435","2210","6","0","0","1","1","0","0","0","0","","0","0","0","22","3","0","","1","0","40 02:22.048","","0","75 04:38.765","0","0","0","0","67301","0","0","0","N","0","0","0","2","67301","0","","1.0","","1","N","N","N","0","","0","0","0","3","2","","2200","2","0","0","0","0","0","0","2","1","2","0","0","0","3","03","","N","","","","","","","","","",""
"2020078387","1507","1","0","0","0","0","0","0","0","0","1","0","","67","9","2020","4","39.957874","-75.161869","1457","6","0","0","0","0","0","1","0","0","","0","0","0","14","1","0","N","0","0","39 57:28.347","","0","75 09:42.730","0","0","0","0","67301","0","0","0","N","0","0","0","9","68K01","0","","1.0","","1","N","N","N","0","","0","0","2","0","0","","1451","3","0","0","0","0","0","0","2","0","3","0","0","0","3","","","N","","","","","","","","","",""
"2020036668","0740","0","0","0","0","0","0","0","0","0","5","0","","67","5","2020","2","40.045147","-75.032756","0732","6","0","0","0","0","0","0","0","0","","0","0","0","6","5","0","N","0","0","40 02:42.530","","0","75 01:57.920","9","0","0","0","67301","0","0","0","N","0","0","0","1","67301","0","","6.0","","1","N","N","N","0","","0","0","1","0","0","","600","2","0","0","0","0","0","1","2","0","2","0","0","0","3","03","","N","","","","","","","","","",""
"2020036491","1600","0","0","0","0","0","0","0","0","0","1","0","","67","5","2020","1","39.964102","-75.180455","1559","6","0","0","0","0","0","0","0","0","","0","0","0","15","1","1","N","0","0","39 57:50.767","","0","75 10:49.638","3","0","0","0","67301","0","0","0","N","0","0","0","2","67301","0","","1.0","","1","N","N","N","0","","1","0","2","0","0","","1540","2","1","0","0","0","0","0","2","0","2","0","0","0","3","03","","N","","","","","","","","","",""
"2020070996","0215","0","0","0","0","0","0","1","0","0","1","2","","67","8","2020","2","40.028949","-75.089525","9999","6","0","0","0","0","0","1","0","0","","0","1","0","99","1","4","N","1","0","40 01:44.217","","0","75 05:22.290","4","0","0","0","67301","0","0","0","N","0","0","0","6","67508","1","","1.0","","1","N","N","Y","0","","0","0","0","3","2","","9999","2","4","0","0","0","3","0","2","0","2","0","0","0","3","03","","N","","","","","","","","","",""
"2020033705","0030","2","0","0","0","0","0","0","0","0","5","0","","67","4","2020","2","40.070709","-75.152346","0013","6","0","0","0","1","0","0","0","0","","0","0","0","0","3","0","N","0","0","40 04:14.552","","0","75 09:08.445","0","0","0","0","67301","0","0","0","N","0","0","0","1","67301","0","","6.0","","1","N","N","N","0","","0","0","1","0","0","","7","3","0","1","0","0","0","0","2","0","3","0","0","0","3","03","","N","","","","","","","","","",""
"2020034117","2020","2","0","0","0","0","0","0","0","0","4","0","","67","4","2020","3","40.047508","-75.142894","2020","6","0","0","1","0","0","0","0","1","","0","0","0","15","1","0","","1","0","40 02:51.028","","0","75 08:34.417","0","0","0","0","67301","0","0","0","N","0","0","0","2","67301","0","","1.0","","99","N","N","N","0","","0","0","0","3","2","","1549","2","0","0","0","0","0","0","2","0","2","0","0","0","99","","","N","","","","","","","","","",""
"2020034036","1529","0","0","0","0","0","0","0","0","0","7","0","","67","3","2020","7","39.960183","-75.180386","1516","6","0","0","0","0","0","0","0","0","","0","0","0","15","1","1","N","0","0","39 57:36.657","","0","75 10:49.390","4","0","0","0","67301","0","0","0","N","0","0","0","1","68K01","1","","2.0","","9","N","N","N","0","","0","0","1","0","0","","1513","1","1","0","0","0","0","0","2","0","1","0","0","0","7","07","","N","","","","","","","","","",""
"2020068091","0640","1","0","0","0","0","0","0","0","0","2","0","","67","8","2020","1","39.898841","-75.17102","0629","6","0","0","1","0","0","0","0","0","","0","0","0","6","5","3","N","0","1","39 53:55.826","2","0","75 10:15.671","3","0","0","0","67301","0","0","0","N","0","0","0","4","68K01","1","","1.0","650.0","9","N","N","N","0","","2","0","1","0","0","N","623","2","3","0","0","0","0","0","2","0","2","0","0","0","7","07","","N","","","","","","","","","",""
"2020032324","1940","1","0","0","0","0","0","0","0","0","7","0","","67","3","2020","2","39.959964","-75.179483","1918","6","0","0","0","0","0","0","0","0","","0","0","0","19","4","0","N","0","2","39 57:35.869","3","0","75 10:46.140","0","0","0","0","67301","0","0","0","N","0","0","0","2","68K01","0","","4.0","1945.0","9","N","N","Y","0","","0","0","1","0","0","N","1917","2","0","0","0","0","0","0","2","0","2","0","0","0","7","07","","N","","","","","","","","","",""
"2020033590","0735","4","0","0","0","0","0","0","0","0","4","0","","67","4","2020","7","39.959725","-75.235189","0647","6","0","0","0","0","0","0","0","0","","0","0","0","6","1","1","","1","0","39 57:35.009","","0","75 14:06.680","3","0","0","0","67301","0","0","0","N","0","0","0","2","67301","0","","1.0","","9","N","N","N","0","","1","0","0","3","2","","645","4","1","0","0","0","0","0","2","0","4","0","0","0","7","04","","N","","","","","","","","","",""
"2020034226","1324","0","0","0","0","0","0","0","0","0","7","0","","67","4","2020","3","39.999319","-75.190541","1322","6","0","0","0","0","0","0","0","0","","0","0","0","13","1","0","N","0","0","39 59:57.550","","0","75 11:25.949","0","0","0","0","67301","0","0","0","N","0","0","0","1","67301","0","","5.0","","9","N","N","N","0","","0","0","1","0","0","","1320","1","0","0","0","0","0","0","2","0","1","0","0","0","7","04","","N","","","","","","","","","",""
"2020032733","2015","1","0","0","0","0","0","0","0","0","7","0","","67","4","2020","2","39.948167","-75.191917","2008","6","0","0","0","0","0","0","0","0","","0","0","0","20","3","0","N","0","0","39 56:53.400","","0","75 11:30.900","0","0","0","0","67301","0","0","0","N","0","0","0","1","67504","0","","5.0","","1","N","N","N","0","","0","0","0","0","0","","2008","1","0","0","0","0","0","0","2","0","1","0","0","0","3","","","N","","","","","","","","","",""
"2020033401","0050","2","0","0","0","0","0","0","0","0","4","0","","67","4","2020","7","39.958437","-75.231274","0050","6","0","0","0","1","0","0","0","0","","0","0","0","0","3","0","","1","0","39 57:30.373","","0","75 13:52.586","0","0","0","0","67301","0","0","0","N","0","0","0","4","67301","0","","1.0","","1","N","N","N","0","","0","0","0","3","3","","46","2","0","0","0","0","0","0","2","0","2","0","0","0","3","03","","N","","","","","","","","","",""
"2020033526","0547","0","0","0","0","0","0","0","0","0","8","0","","67","4","2020","4","40.035367","-75.128833","0537","6","0","0","0","0","0","0","0","0","","0","0","0","5","3","1","N","0","0","40 02:07.320","","0","75 07:43.800","8","0","0","0","67301","1","0","0","N","1","0","0","2","67301","0","","1.0","","1","N","N","N","0","","0","0","1","0","0","","530","3","1","0","0","0","1","0","2","1","2","1","0","0","4","04","","N","","","","","","","","","",""
"2020050143","2255","1","0","0","1","0","0","0","0","0","8","0","","67","6","2020","7","39.954405","-75.163068","2245","6","0","0","0","0","0","0","0","0","","0","0","0","22","3","1","","1","0","39 57:15.859","","0","75 09:47.045","8","0","0","0","67301","1","0","0","N","0","0","0","2","67301","0","","1.0","","1","N","N","N","0","","0","0","0","3","2","","2240","2","1","1","0","0","1","0","2","0","1","1","0","0","3","","","N","","","","","","","","","",""
"2020036527","0827","0","0","0","0","0","0","0","0","0","1","1","","67","4","2020","1","40.011982","-75.07553","0825","6","0","0","0","0","0","0","0","0","","0","1","0","8","1","1","N","0","2","40 00:43.135","5","0","75 04:31.909","3","0","0","0","67301","0","0","0","N","0","0","0","2","67301","0","","6.0","1000.0","1","N","N","N","0","","1","0","1","3","1","Y","824","2","1","1","0","0","0","0","2","0","2","0","0","0","3","03","","N","","","","","","","","","",""
"2020070944","1716","0","0","0","0","0","0","0","0","0","8","0","","67","8","2020","7","39.994795","-75.15932","1705","6","0","0","0","0","0","0","0","0","","0","0","0","17","1","1","","1","0","39 59:41.261","","0","75 09:33.552","8","0","0","0","67301","2","0","0","N","2","0","0","3","67301","0","","1.0","","1","N","N","N","0","","0","0","0","3","2","","1701","3","1","0","0","0","1","1","2","0","1","2","0","0","3","","","N","","","","","","","","","",""
"2020033872","1804","1","0","0","0","0","0","0","0","0","4","0","","67","4","2020","2","40.044528","-75.193121","1804","6","0","0","0","0","0","2","0","0","","0","0","0","18","1","0","","1","1","40 02:40.301","1","0","75 11:35.235","0","0","0","0","67301","0","0","0","N","0","0","0","2","67301","0","","1.0","1915.0","1","N","N","N","0","","0","0","1","3","2","N","1800","2","0","0","0","0","0","0","2","0","2","0","0","0","3","03","","N","","","","","","","","","",""