"CRN","ARRIVAL_TM","AUTOMOBILE_COUNT","BELTED_DEATH_COUNT","BELTED_SUSP_SERIOUS_INJ_COUNT","BICYCLE_COUNT","BICYCLE_DEATH_COUNT","BICYCLE_SUSP_SERIOUS_INJ_COUNT","BUS_COUNT","CHLDPAS_DEATH_COUNT","CHLDPAS_SUSP_SERIOUS_INJ_COUNT","COLLISION_TYPE","COMM_VEH_COUNT","CONS_ZONE_SPD_LIM","COUNTY","CRASH_MONTH","CRASH_YEAR","DAY_OF_WEEK","DEC_LATITUDE","DEC_LONGITUDE","DISPATCH_TM","DISTRICT","DRIVER_COUNT_16YR","DRIVER_COUNT_17YR","DRIVER_COUNT_18YR","DRIVER_COUNT_19YR","DRIVER_COUNT_20YR","DRIVER_COUNT_50_64YR","DRIVER_COUNT_65_74YR","DRIVER_COUNT_75PLUS","EST_HRS_CLOSED","FATAL_COUNT","HEAVY_TRUCK_COUNT","HORSE_BUGGY_COUNT","HOUR_OF_DAY","ILLUMINATION","INJURY_COUNT","INTERSECTION_RELATED","INTERSECT_TYPE","LANE_CLOSED","LATITUDE","LN_CLOSE_DIR","LOCATION_TYPE","LONGITUDE","MAX_SEVERITY_LEVEL","MCYCLE_DEATH_COUNT","MCYCLE_SUSP_SERIOUS_INJ_COUNT","MOTORCYCLE_COUNT","MUNICIPALITY","NONMOTR_COUNT","NONMOTR_DEATH_COUNT","NONMOTR_SUSP_SERIOUS_INJ_COUNT","NTFY_HIWY_MAINT","PED_COUNT","PED_DEATH_COUNT","PED_SUSP_SERIOUS_INJ_COUNT","PERSON_COUNT","POLICE_AGCY","POSSIBLE_INJ_COUNT","RDWY_SURF_TYPE_CD","RELATION_TO_ROAD","ROADWAY_CLEARED","ROAD_CONDITION","SCH_BUS_IND","SCH_ZONE_IND","SECONDARY_CRASH","SMALL_TRUCK_COUNT","SPEC_JURIS_CD","SUSP_MINOR_INJ_COUNT","SUSP_SERIOUS_INJ_COUNT","SUV_COUNT","TCD_FUNC_CD","TCD_TYPE","TFC_DETOUR_IND","TIME_OF_DAY","TOTAL_UNITS","TOT_INJ_COUNT","UNBELTED_OCC_COUNT","UNB_DEATH_COUNT","UNB_SUSP_SERIOUS_INJ_COUNT","UNK_INJ_DEG_COUNT","UNK_INJ_PER_COUNT","URBAN_RURAL","VAN_COUNT","VEHICLE_COUNT","VULNERABLE_ROAD_USER_COUNT","VULNERABLE_ROAD_USER_DEATH_COUNT","VULNERABLE_ROAD_USER_SER_INJ_COUNT","WEATHER1","WEATHER2","WORKERS_PRES","WORK_ZONE_IND","WORK_ZONE_LOC","WORK_ZONE_TYPE","WZ_CLOSE_DETOUR","WZ_FLAGGER","WZ_LAW_OFFCR_IND","WZ_LN_CLOSURE","WZ_MOVING","WZ_OTHER","WZ_SHLDER_MDN","WZ_WORKERS_INJ_KILLED"
"2020033123","1247","1","0","0","0","0","0","0","0","0","4","0","","67","4","2020","5","39.969611","-75.140658","1245","6","0","0","0","0","0","0","0","0","","0","0","0","12","1","0","","1","0","39 58:10.600","","0","75 08:26.370","0","0","0","0","67301","0","0","0","N","0","0","0","2","67301","0","","1.0","","1","N","N","N","0","","0","0","1","0","0","","1210","2","0","0","0","0","0","0","2","0","2","0","0","0","4","03","","N","","","","","","","","","",""
"2020047312","2050","1","0","0","0","0","0","0","0","0","4","0","","67","6","2020","3","39.973006","-75.119682","2049","6","0","0","0","0","0","0","0","0","","0","0","0","20","3","2","","2","0","39 58:22.820","","0","75 07:10.856","3","0","0","0","67301","0","0","0","N","0","0","0","3","67301","1","","1.0","","1","N","N","N","0","","1","0","1","3","2","","2040","2","2","0","0","0","0","0","2","0","2","0","0","0","3","03","","N","","","","","","","","","",""
"2020039539","1202","1","0","0","0","0","0","0","0","0","7","0","","67","4","2020","3","39.960013","-75.179842","1158","6","0","0","0","0","0","0","0","0","","0","0","0","11","1","0","N","0","1","39 57:36.046","3","0","75 10:47.430","0","0","0","0","67301","0","0","0","N","0","0","0","1","68K01","0","","4.0","1230.0","9","N","N","N","0","","0","0","0","3","8","N","1157","1","0","0","0","0","0","0","2","0","1","0","0","0","7","","","N","","","","","","","","","",""
"2020062291","0820","0","0","0","0","0","0","0","0","0","4","0","","67","8","2020","3","39.959487","-75.162091","0815","6","0","0","0","0","0","1","0","0","","0","0","0","8","1","2","","1","0","39 57:34.154","","0","75 09:43.529","3","0","0","0","67301","0","0","0","N","0","0","0","3","67301","0","","1.0","","9","N","N","N","0","","2","0","2","3","2","","800","2","2","0","0","0","0","0","2","0","2","0","0","0","7","07","","N","","","","","","","","","",""
"2020033400","1655","2","0","0","0","0","0","0","0","0","4","0","","67","4","2020","5","40.034629","-75.071139","1651","6","0","0","0","0","0","0","0","0","","0","0","0","16","1","2","","1","1","40 02:04.664","1","0","75 04:16.099","2","0","0","0","67301","0","0","0","N","0","0","0","3","67301","0","","1.0","130.0","1","N","N","N","0","","1","1","1","3","2","N","1645","3","2","0","0","0","0","1","2","0","3","0","0","0","3","03","","N","","","","","","","","","",""
"2020033184","1159","1","0","0","0","0","0","0","0","0","4","0","","67","4","2020","5","40.093958","-74.989096","1155","6","0","0","0","0","0","1","0","1","","0","0","0","11","1","2","","2","0","40 05:38.247","","0","74 59:20.747","8","0","0","0","67301","0","0","0","N","0","0","0","3","67301","0","","1.0","","1","N","N","N","0","","0","0","1","3","2","","1150","3","2","1","0","0","2","0","2","1","3","0","0","0","3","03","","N","","","","","","","","","",""
"2020074318","0935","0","0","0","0","0","0","0","0","0","8","1","15","67","9","2020","3","39.907243","-75.228027","0928","6","0","0","0","0","0","0","1","0","","0","1","0","9","1","6","","2","0","39 54:26.074","","0","75 13:40.897","4","0","0","0","67301","6","0","0","N","6","0","0","7","67301","6","","1.0","","1","N","N","N","0","","0","0","0","0","0","","911","7","6","0","0","0","0","0","2","0","1","6","0","0","3","03","Y","Y","2","2","Y","","N","","","","","N"
"2020074529","0749","2","0","0","0","0","0","0","0","0","5","0","","67","8","2020","5","39.957151","-75.156433","0746","6","0","0","0","0","0","1","0","0","","0","0","0","7","1","1","N","0","1","39 57:25.744","4","0","75 09:23.158","8","0","0","0","67301","0","0","0","N","0","0","0","3","68K01","0","","1.0","844.0","1","N","N","N","1","","0","0","0","0","0","N","740","3","1","0","0","0","1","0","2","0","3","0","0","0","3","03","","N","","","","","","","","","",""
"2020032624","1552","1","0","0","0","0","0","0","0","0","4","0","","67","4","2020","2","39.94716","-75.237809","1549","6","0","0","0","1","0","1","0","0","","0","0","0","15","1","1","","1","0","39 56:49.776","","0","75 14:16.112","3","0","0","0","67301","0","0","0","N","0","0","0","3","67301","0","","1.0","","9","N","N","N","0","","1","0","2","2","3","","1547","3","1","1","0","0","0","0","2","0","3","0","0","0","7","04","","N","","","","","","","","","",""
"2020078103","0112","1","0","0","0","0","0","0","0","0","1","0","90","67","9","2020","3","39.974751","-75.198071","0112","6","0","0","0","0","0","0","0","0","","0","0","0","0","3","0","N","0","0","39 58:29.103","","0","75 11:53.055","0","0","0","0","67301","0","0","0","N","0","0","0","1","67301","0","","3.0","","1","N","N","N","0","","0","0","1","3","2","","49","2","0","0","0","0","0","0","2","0","2","0","0","0","3","","Y","Y","8","2","N","N","N","Y","N","N","N","N"
"2020037888","1834","1","0","0","0","0","0","0","0","0","4","0","","67","5","2020","2","40.027527","-75.099106","1829","6","0","0","0","0","0","1","0","0","","0","0","0","18","1","4","","1","1","40 01:39.097","1","0","75 05:56.781","3","0","0","0","67301","0","0","0","N","0","0","0","5","67301","0","","1.0","1915.0","1","N","N","N","0","","4","0","0","3","2","N","1824","2","4","1","0","0","0","0","2","1","2","0","0","0","3","","","N","","","","","","","","","",""
"2020038051","1455","2","0","0","0","0","0","0","0","0","2","0","","67","5","2020","7","39.974942","-75.255344","1446","6","0","0","0","0","0","0","0","0","","0","0","0","14","1","1","N","0","0","39 58:29.790","","0","75 15:19.240","4","0","0","0","67301","0","0","0","N","0","0","0","3","67301","1","","6.0","","1","N","N","N","0","","0","0","1","0","0","","1446","3","1","2","0","0","0","0","2","0","3","0","0","0","3","03","","N","","","","","","","","","",""
"2020078716","0010","0","0","0","0","0","0","0","0","0","8","0","","67","9","2020","6","40.005386","-75.108933","0004","6","0","0","0","0","0","0","0","0","","1","0","0","23","3","0","N","0","0","40 00:19.388","","0","75 06:32.160","1","0","0","0","67301","1","1","0","N","1","1","0","2","67301","0","2","6.0","","1","N","N","N","1","0","0","0","0","0","0","","2326","2","0","0","0","0","0","0","2","0","1","1","1","0","3","","","N","","","","","","","","","",""
"2020041378","2143","1","0","0","0","0","0","0","0","0","5","0","","67","5","2020","5","40.002515","-75.194463","2137","6","0","0","0","0","0","0","0","0","","0","0","0","21","3","3","N","0","2","40 00:09.055","4","0","75 11:40.067","3","0","0","0","67301","0","0","0","N","0","0","0","5","68K01","0","","1.0","35.0","1","N","N","N","1","","2","0","0","0","0","N","2136","2","3","0","0","0","1","0","2","0","2","0","0","0","3","03","","N","","","","","","","","","",""
"2020032804","0206","0","0","0","0","0","0","0","0","0","1","0","","67","4","2020","2","39.960513","-75.181612","0206","6","0","0","0","0","0","1","0","0","","0","0","0","2","3","0","N","0","2","39 57:37.847","3","0","75 10:53.802","0","0","0","0","67301","0","0","0","N","0","0","0","4","68K01","0","","1.0","245.0","9","N","N","N","0","","0","0","2","0","0","N","204","2","0","0","0","0","0","0","2","0","2","0","0","0","7","","","N","","","","","","","","","",""
"2020047910","2124","2","0","0","0","0","0","0","0","0","6","0","","67","6","2020","7","39.994008","-75.128197","2110","6","0","0","0","0","0","1","0","0","","0","0","0","21","1","0","N","0","0","39 59:38.430","","0","75 07:41.510","0","0","0","0","67301","0","0","0","N","0","0","0","1","67301","0","","6.0","","1","N","N","N","0","","0","0","1","0","0","","2100","3","0","1","0","0","0","0","2","0","3","0","0","0","3","","","N","","","","","","","","","",""
"2020036337","0343","2","0","0","0","0","0","0","0","0","5","0","","67","5","2020","1","40.067822","-75.179017","0336","6","0","0","0","1","0","0","0","0","","0","0","0","3","3","0","N","0","0","40 04:04.160","","0","75 10:44.460","0","0","0","0","67301","0","0","0","N","0","0","0","1","67301","0","","6.0","","9","N","N","N","0","","0","0","1","0","0","","302","3","0","0","0","0","0","0","2","0","3","0","0","0","7","06","","N","","","","","","","","","",""
"2020037790","2119","1","0","0","0","0","0","0","0","0","4","0","","67","5","2020","6","40.026373","-75.084918","2118","6","0","0","0","0","0","0","0","0","","0","0","0","21","3","0","","1","1","40 01:34.942","2","0","75 05:05.704","0","0","0","0","67301","0","0","0","N","0","0","0","2","67301","0","","1.0","30.0","9","N","N","N","0","","0","0","1","3","2","N","2117","2","0","2","0","0","0","0","2","0","2","0","0","0","7","07","","N","","","","","","","","","",""
"2020039845","1738","3","0","0","0","0","0","0","0","0","1","0","","67","5","2020","5","39.959556","-75.175274","1738","6","0","0","0","0","0","0","0","0","","0","0","0","17","1","1","N","0","2","39 57:34.401","4","0","75 10:30.988","3","0","0","0","67301","0","0","0","N","0","0","0","5","68K01","0","","1.0","15.0","1","N","N","N","1","","1","0","0","0","0","N","1737","4","1","0","0","0","0","0","2","0","4","0","0","0","3","03","","N","","","","","","","","","",""
"2020078238","1600","2","0","0","0","0","0","0","0","0","2","0","","67","9","2020","7","40.003183","-75.077455","1559","6","0","0","0","0","0","1","0","0","","0","0","0","15","1","1","N","0","1","40 00:11.460","1","0","75 04:38.839","3","0","0","0","67301","0","0","0","N","0","0","0","3","68K01","0","","1.0","1604.0","1","N","N","N","0","","1","0","0","0","0","N","1554","2","1","0","0","0","0","0","2","0","2","0","0","0","3","","","N","","","","","","","","","",""
"2020073547","1931","0","0","0","0","0","0","0","0","0","6","0","","67","9","2020","4","40.022303","-75.162025","1928","6","0","0","0","0","0","1","0","0","","0","0","0","19","4","1","","1","0","40 01:20.289","","0","75 09:43.290","3","0","0","1","67301","0","0","0","N","0","0","0","2","67301","0","","1.0","","9","N","N","N","0","","1","0","0","3","2","","1922","2","1","0","0","0","0","1","2","0","2","0","0","0","3","07","","N","","","","","","","","","",""
"2020033552","1000","2","0","0","0","0","0","0","0","0","5","0","","67","4","2020","3","39.997654","-75.122738","0955","6","0","0","0","0","0","0","0","0","","0","0","0","9","1","0","N","0","1","39 59:51.553","4","0","75 07:21.858","0","0","0","0","67301","0","0","0","N","0","0","0","1","67301","0","","6.0","1040.0","1","N","N","N","0","","0","0","1","0","0","N","950","4","0","0","0","0","0","0","2","1","4","0","0","0","3","03","","N","","","","","","","","","",""
"2020030515","1810","3","0","0","0","0","0","0","0","0","4","0","","67","3","2020","1","39.995994","-75.13388","1810","6","0","0","0","0","0","1","0","0","","0","0","0","18","1","3","","1","0","39 59:45.578","","0","75 08:01.967","3","0","0","0","67301","0","0","0","N","0","0","0","4","67301","0","","1.0","","1","N","N","N","0","","3","0","0","3","2","","1800","3","3","0","0","0","0","0","2","0","3","0","0","0","4","04","","N","","","","","","","","","",""
"2020067007","2135","2","0","0","0","0","0","0","0","0","4","0","","67","8","2020","4","39.951249","-75.199138","2131","6","0","0","0","0","0","1","0","0","","0","0","0","21","3","1","","1","0","39 57:04.496","","0","75 11:56.898","4","0","0","0","67301","0","0","0","N","0","0","0","3","67504","1","","1.0","","1","N","N","N","0","","0","0","0","3","2","","2131","2","1","0","0","0","0","0","2","0","2","0","0","0","3","03","","N","","","","","","","","","",""
"2020030109","1747","1","0","0","0","0","0","0","0","0","6","0","","67","3","2020","1","39.987748","-75.105653","1747","6","0","0","0","0","0","0","0","0","","0","0","0","17","1","0","N","0","0","39 59:15.891","","0","75 06:20.349","0","0","0","0","67301","0","0","0","N","0","0","0","2","67301","0","","1.0","","1","N","N","N","0","","0","0","0","0","0","","1747","2","0","1","0","0","0","0","2","1","2","0","0","0","4","04","","N","","","","","","","","","",""
"2020038050","1720","1","0","0","0","0","0","0","0","0","4","0","","67","5","2020","4","40.001318","-75.215301","1720","6","0","0","0","0","0","1","0","0","","0","0","0","17","4","2","","5","1","40 00:04.744","2","0","75 12:55.083","3","0","0","0","67301","0","0","0","N","0","0","0","3","67301","0","","1.0","1800.0","9","N","N","N","0","","2","0","1","1","2","Y","1712","2","2","0","0","0","0","0","2","0","2","0","0","0","7","04","","N","","","","","","","","","",""
"2020039839","1807","1","0","0","0","0","0","0","0","0","7","0","","67","5","2020","4","40.034861","-75.018353","1755","6","0","0","0","0","0","0","0","0","","0","0","0","17","3","0","N","0","2","40 02:05.501","1","0","75 01:06.072","0","0","0","0","67301","0","0","0","N","0","0","0","2","68K01","0","","2.0","15.0","9","N","N","N","0","","0","0","0","0","0","N","1754","1","0","0","0","0","0","0","2","0","1","0","0","0","7","","","N","","","","","","","","","",""
"2020033664","0113","3","0","0","0","0","0","0","0","0","5","0","","67","4","2020","1","40.035648","-75.081016","0110","6","0","0","0","0","1","0","0","0","","0","0","0","1","3","1","","1","0","40 02:08.332","","0","75 04:51.656","8","0","0","0","67301","1","0","0","N","1","0","0","4","67301","0","","1.0","","1","N","N","N","0","","0","0","0","3","2","","103","4","1","0","0","0","1","0","2","0","3","1","0","0","3","","","N","","","","","","","","","",""
"2020045214","0254","1","0","0","0","0","0","0","0","0","7","0","","67","6","2020","6","39.919541","-75.148146","0240","6","0","0","0","1","0","0","0","0","","0","0","0","2","3","0","N","0","2","39 55:10.348","2","0","75 08:53.327","0","0","0","0","67301","0","0","0","N","0","0","0","1","68K01","0","","3.0","100.0","9","N","N","N","0","","0","0","0","0","0","N","239","1","0","0","0","0","0","0","2","0","1","0","0","0","7","","","N","","","","","","","","","",""
"2020035016","1739","1","0","0","0","0","0","0","0","0","4","0","","67","4","2020","5","40.015229","-75.169953","1734","6","0","0","0","0","0","0","1","0","","0","0","0","17","1","0","","1","1","40 00:54.823","6","0","75 10:11.829","9","0","0","0","67301","0","0","0","N","0","0","0","2","67301","0","","1.0","1912.0","9","N","N","N","0","","0","0","1","3","2","N","1730","2","0","0","0","0","0","2","2","0","2","0","0","0","7","","","N","","","","","","","","","",""
"2020037511","0645","1","0","0","0","0","0","0","0","0","4","0","","67","5","2020","3","39.957939","-75.164142","0635","6","0","0","0","0","0","0","0","0","","0","0","0","6","1","1","","5","1","39 57:28.581","7","2","75 09:50.910","3","0","0","0","67301","0","0","0","N","0","0","0","3","67301","0","","1.0","730.0","1","N","N","N","1","","1","0","1","3","2","N","630","3","1","0","0","0","0","0","2","0","3","0","0","0","3","03","","N","","","","","","","","","",""
"2020048723","0637","0","0","0","0","0","0","0","0","0","4","0","","67","5","2020","5","40.041363","-75.028255","0631","6","0","0","0","0","0","0","0","0","","0","0","0","6","1","0","","1","2","40 02:28.908","6","0","75 01:41.719","0","0","0","0","67301","0","0","0","N","0","0","0","2","67301","0","","1.0","730.0","1","N","N","N","1","","0","0","0","3","2","Y","630","2","0","0","0","0","0","0","2","1","2","0","0","0","3","03","","N","","","","","","","","","",""
"2020077974","1340","1","0","0","0","0","0","0","0","0","1","0","","67","9","2020","6","40.009939","-75.206316","1339","6","0","0","0","0","0","1","0","0","","0","0","0","13","1","0","N","0","1","40 00:35.782","4","0","75 12:22.739","0","0","0","0","67301","0","0","0","N","0","0","0","3","68K01","0","","1.0","1400.0","1","N","N","N","1","","0","0","1","0","0","N","1339","3","0","0","0","0","0","0","2","0","3","0","0","0","3","","","N","","","","","","","","","",""
"2020038276","1258","1","0","0","0","0","0","0","0","0","7","0","","67","5","2020","6","39.9601","-75.180472","1256","6","0","0","0","0","1","0","0","0","","0","0","0","12","1","0","N","0","1","39 57:36.361","3","3","75 10:49.699","0","0","0","0","67301","0","0","0","N","0","0","0","1","68K01","0","","2.0","30.0","9","N","N","N","0","","0","0","0","0","0","N","1256","1","0","0","0","0","0","0","2","0","1","0","0","0","3","03","","N","","","","","","","","","",""
"2020046466","0032","2","0","0","0","0","0","0","0","0","2","0","","67","6","2020","7","40.051105","-75.159048","0001","6","0","0","0","0","0","0","0","0","","0","0","0","23","3","0","","1","0","40 03:03.978","","0","75 09:32.572","0","0","0","0","67301","0","0","0","N","0","0","0","4","67301","0","","1.0","","1","N","N","N","0","","0","0","0","3","2","","2343","2","0","1","0","0","0","0","2","0","2","0","0","0","3","03","","N","","","","","","","","","",""
"2020037469","1815","1","0","0","0","0","0","0","0","0","5","0","","67","5","2020","5","40.045827","-75.129964","1815","6","0","0","0","1","0","0","0","0","","0","0","0","18","1","2","N","0","0","40 02:44.978","","0","75 07:47.871","3","0","0","0","67301","0","0","0","N","0","0","0","2","67301","0","","6.0","","1","N","N","N","0","","2","0","2","0","0","","1807","4","2","0","0","0","0","0","2","0","3","0","0","0","3","03","","N","","","","","","","","","",""
"2020046086","0241","1","0","0","0","0","0","0","0","0","1","0","","67","6","2020","7","40.022233","-75.177749","0241","6","0","0","0","0","0","0","0","0","","0","0","0","1","3","0","N","0","1","40 01:20.037","1","0","75 10:39.895","0","0","0","0","67301","0","0","0","N","0","0","0","1","67301","0","","1.0","345.0","1","N","N","N","0","","0","0","0","0","0","Y","100","2","0","0","0","0","0","0","2","1","2","0","0","0","3","","","N","","","","","","","","","",""
"2020077115","1638","2","0","0","0","0","0","0","0","0","1","0","","67","9","2020","6","40.071324","-75.05783","1643","6","0","0","0","0","0","1","1","0","","0","0","0","16","1","1","","2","0","40 04:16.767","","0","75 03:28.188","3","0","0","0","67301","0","0","0","N","0","0","0","3","67301","0","","1.0","","1","N","N","N","1","","1","0","0","3","2","","1633","3","1","0","0","0","0","0","2","0","3","0","0","0","3","03","","N","","","","","","","","","",""
"2020037025","2209","1","0","0","0","0","0","0","0","0","7","0","","67","5","2020","4","39.955567","-75.148196","2209","6","0","1","0","0","0","0","0","0","","0","0","0","22","3","0","N","0","0","39 57:20.040","","2","75 08:53.507","0","0","0","0","67301","0","0","0","N","0","0","0","1","67501","0","","2.0","","9","N","N","N","0","","0","0","0","3","2","","2209","1","0","0","0","0","0","0","2","0","1","0","0","0","3","","","N","","","","","","","","","",""
"2020048770","1830","0","0","0","0","0","0","0","0","0","4","0","","67","6","2020","1","40.000308","-75.142818","1827","6","0","0","0","0","0","0","0","1","","0","0","0","18","1","2","","2","1","40 00:01.107","4","0","75 08:34.146","3","0","0","0","67301","0","0","0","N","0","0","0","3","67301","0","","1.0","1950.0","1","N","N","N","0","","2","0","2","0","0","Y","1820","2","2","0","0","0","0","0","2","0","2","0","0","0","3","03","","N","","","","","","","","","",""
"2020073619","1923","1","0","0","0","0","0","0","0","0","4","0","","67","8","2020","6","39.898098","-75.184217","1908","6","0","0","0","0","1","1","0","0","","0","0","0","19","1","2","N","0","0","39 53:53.153","","0","75 11:03.180","3","0","0","0","67301","0","0","0","N","0","0","0","3","68K01","0","","1.0","","1","N","N","N","0","","2","0","1","0","0","","1906","2","2","1","0","0","0","0","2","0","2","0","0","0","3","","","N","","","","","","","","","",""
"2020038383","0430","2","0","0","0","0","0","0","0","0","1","0","","67","5","2020","7","39.955516","-75.213809","0430","6","0","0","0","0","0","0","0","0","","0","0","0","4","3","0","N","0","0","39 57:19.859","","0","75 12:49.712","0","0","0","0","67301","0","0","0","N","0","0","0","2","67301","0","","1.0","","1","N","N","N","0","","0","0","0","3","2","","430","2","0","0","0","0","0","0","2","0","2","0","0","0","3","","","N","","","","","","","","","",""
"2020036118","2147","2","0","0","0","0","0","0","0","0","5","0","","67","5","2020","6","40.033986","-75.234083","2142","6","0","0","0","0","0","0","0","0","","0","0","0","21","3","0","N","0","0","40 02:02.350","","0","75 14:02.700","0","0","0","0","67301","0","0","0","N","0","0","0","1","67301","0","","1.0","","1","N","N","N","0","","0","0","0","0","0","","2140","2","0","0","0","0","0","0","2","0","2","0","0","0","3","03","","N","","","","","","","","","",""
"2020077972","0428","1","0","0","0","0","0","0","0","0","1","1","45","67","9","2020","6","39.97928","-75.108765","0419","6","0","0","0","0","0","0","1","0","","0","1","0","4","3","1","N","0","2","39 58:45.409","2","0","75 06:31.553","3","0","0","0","67301","0","0","0","N","0","0","0","2","68K01","0","","1.0","450.0","1","N","N","N","0","","1","0","0","0","0","N","417","2","1","0","0","0","0","0","2","0","2","0","0","0","3","","N","Y","4","1","","","N","","","","Y","N"
"2020035978","1800","0","0","0","0","0","0","0","0","0","4","0","","67","5","2020","6","40.113145","-75.01693","1756","6","0","0","0","0","0","1","0","0","","0","0","0","17","1","1","","1","1","40 06:47.322","1","0","75 01:00.948","8","0","0","0","67301","0","0","0","N","0","0","0","2","67301","0","","1.0","1820.0","1","N","N","N","0","","0","0","2","3","3","N","1750","2","1","0","0","0","1","0","2","0","2","0","0","0","3","","","N","","","","","","","","","",""
"2020078864","2359","2","0","0","0","0","0","0","0","0","4","0","","67","9","2020","2","40.019561","-75.058573","2359","6","0","1","0","0","0","0","0","0","","0","0","0","21","3","2","","1","9","40 01:10.419","","0","75 03:30.862","4","0","0","0","67301","0","0","0","N","0","0","0","3","67301","2","","1.0","","1","N","N","N","0","","0","0","0","3","3","","2145","2","2","0","0","0","0","1","2","0","2","0","0","0","3","98","","N","","","","","","","","","",""
"2020039557","1938","1","0","0","0","0","0","0","0","0","7","0","","67","5","2020","4","39.980884","-75.206417","1938","6","0","0","0","0","0","0","0","0","","0","0","0","19","1","1","N","0","0","39 58:51.181","","0","75 12:23.101","3","0","0","0","67301","0","0","0","N","0","0","0","1","68K01","0","","4.0","","9","N","N","N","0","","1","0","0","0","0","","1938","1","1","0","0","0","0","0","2","0","1","0","0","0","7","","","N","","","","","","","","","",""
"2020073385","1830","1","0","0","0","0","0","0","0","0","4","0","","67","9","2020","1","39.965768","-75.138216","1818","6","0","0","0","0","0","0","0","0","","0","0","0","16","1","0","","2","0","39 57:56.764","","0","75 08:17.577","0","0","0","0","67301","0","0","0","N","0","0","0","3","67301","0","","1.0","","1","N","N","N","0","","0","0","1","3","3","","1646","2","0","1","0","0","0","0","2","0","2","0","0","0","3","03","","N","","","","","","","","","",""
"2020034225","0915","2","0","0","0","0","0","0","0","0","4","0","","67","4","2020","4","40.075001","-75.026665","0910","6","0","0","0","0","0","0","0","1","","0","0","0","9","1","1","","2","0","40 04:30.003","","0","75 01:35.994","8","0","0","0","67301","0","0","0","N","0","0","0","2","67301","0","","1.0","","1","N","N","N","0","","0","0","0","0","0","","905","2","1","0","0","0","1","0","2","0","2","0","0","0","3","03","","N","","","","","","","","","",""
"2020038093","2045","2","0","0","0","0","0","0","0","0","4","0","","67","5","2020","6","39.938621","-75.221623","2040","6","0","0","0","0","0","2","0","0","","0","0","0","20","3","0","","1","0","39 56:19.035","","0","75 13:17.843","9","0","0","0","67301","0","0","0","N","0","0","0","2","67301","0","","1.0","","9","N","N","N","0","","0","0","0","1","2","","2040","2","0","2","0","0","0","2","2","0","2","0","0","0","7","07","","N","","","","","","","","","",""
"2020034783","2205","1","0","0","0","0","0","0","0","0","1","0","","67","4","2020","6","39.929439","-75.228836","2200","6","0","0","0","0","0","0","0","0","","0","0","0","20","3","1","N","0","0","39 55:45.980","","0","75 13:43.810","4","0","0","0","67301","0","0","0","N","0","0","0","1","67301","1","","6.0","","1","N","N","N","0","","0","0","2","0","0","","2038","3","1","0","0","0","0","0","2","0","3","0","0","0","3","03","","N","","","","","","","","","",""
"2020073951","0138","1","0","0","0","0","0","1","0","0","1","1","","67","9","2020","4","39.955857","-75.19146","0133","6","0","0","0","0","0","1","0","0","","0","0","0","1","2","1","N","1","0","39 57:21.085","","0","75 11:29.255","4","0","0","0","67301","0","0","0","N","0","0","0","2","67508","1","","1.0","","1","N","N","Y","0","","0","0","0","3","2","N","130","2","1","1","0","0","0","0","2","0","2","0","0","0","3","03","","N","","","","","","","","","",""
"2020037532","1926","2","0","0","0","0","0","0","0","0","7","0","","67","3","2020","2","39.982407","-75.207651","1913","6","0","0","0","0","0","0","0","0","","0","0","0","19","2","2","N","0","1","39 58:56.666","4","3","75 12:27.544","4","0","0","0","67301","0","0","0","N","0","0","0","3","68K01","2","","2.0","2030.0","9","N","N","N","0","","0","0","0","0","0","N","1910","2","2","0","0","0","0","0","2","0","2","0","0","0","3","03","","N","","","","","","","","","",""
"2020033290","0325","1","0","0","0","0","0","0","0","0","5","0","","67","4","2020","6","39.959547","-75.224958","0318","6","0","0","0","0","0","0","0","0","","0","0","0","3","3","0","N","0","0","39 57:34.368","","0","75 13:29.847","0","0","0","0","67301","0","0","0","N","0","0","0","1","67301","0","","6.0","","1","N","N","N","0","","0","0","1","0","0","","315","3","0","0","0","0","0","0","2","1","3","0","0","0","3","","","N","","","","","","","","","",""
"2020046781","2032","2","0","0","0","0","0","0","0","0","5","0","","67","6","2020","1","39.922036","-75.243156","2029","6","0","0","0","0","0","0","0","0","","0","0","0","20","3","1","N","0","0","39 55:19.330","","0","75 14:35.360","4","0","0","0","67301","0","0","0","N","0","0","0","2","67301","1","","6.0","","1","N","N","N","2","","0","0","1","0","0","","2025","5","1","0","0","0","0","0","2","0","5","0","0","0","3","03","","N","","","","","","","","","",""
"2020073545","1350","1","0","0","0","0","0","0","0","0","5","0","","67","9","2020","6","39.998627","-75.142514","1343","6","0","0","0","0","0","1","0","0","","0","0","0","13","1","1","","1","0","39 59:55.057","","0","75 08:33.050","3","0","0","0","67301","0","0","0","N","0","0","0","1","67301","0","","1.0","","1","N","N","N","1","","1","0","1","3","3","","1333","3","1","0","0","0","0","0","2","0","3","0","0","0","3","","","N","","","","","","","","","",""
"2020034962","2040","2","0","0","0","0","0","0","0","0","5","0","","67","4","2020","5","39.968637","-75.233854","2040","6","0","0","0","0","0","0","0","0","","0","0","0","20","3","0","","1","0","39 58:07.093","","0","75 14:01.874","0","0","0","0","67301","0","0","0","N","0","0","0","2","67301","0","","1.0","","9","N","N","N","0","","0","0","1","3","2","","2037","3","0","0","0","0","0","0","2","0","3","0","0","0","7","07","","N","","","","","","","","","",""