"CRN","ARRIVAL_TM","AUTOMOBILE_COUNT","BELTED_DEATH_COUNT","BELTED_SUSP_SERIOUS_INJ_COUNT","BICYCLE_COUNT","BICYCLE_DEATH_COUNT","BICYCLE_SUSP_SERIOUS_INJ_COUNT","BUS_COUNT","CHLDPAS_DEATH_COUNT","CHLDPAS_SUSP_SERIOUS_INJ_COUNT","COLLISION_TYPE","COMM_VEH_COUNT","CONS_ZONE_SPD_LIM","COUNTY","CRASH_MONTH","CRASH_YEAR","DAY_OF_WEEK","DEC_LATITUDE","DEC_LONGITUDE","DISPATCH_TM","DISTRICT","DRIVER_COUNT_16YR","DRIVER_COUNT_17YR","DRIVER_COUNT_18YR","DRIVER_COUNT_19YR","DRIVER_COUNT_20YR","DRIVER_COUNT_50_64YR","DRIVER_COUNT_65_74YR","DRIVER_COUNT_75PLUS","EST_HRS_CLOSED","FATAL_COUNT","HEAVY_TRUCK_COUNT","HORSE_BUGGY_COUNT","HOUR_OF_DAY","ILLUMINATION","INJURY_COUNT","INTERSECTION_RELATED","INTERSECT_TYPE","LANE_CLOSED","LATITUDE","LN_CLOSE_DIR","LOCATION_TYPE","LONGITUDE","MAX_SEVERITY_LEVEL","MCYCLE_DEATH_COUNT","MCYCLE_SUSP_SERIOUS_INJ_COUNT","MOTORCYCLE_COUNT","MUNICIPALITY","NONMOTR_COUNT","NONMOTR_DEATH_COUNT","NONMOTR_SUSP_SERIOUS_INJ_COUNT","NTFY_HIWY_MAINT","PED_COUNT","PED_DEATH_COUNT","PED_SUSP_SERIOUS_INJ_COUNT","PERSON_COUNT","POLICE_AGCY","POSSIBLE_INJ_COUNT","RDWY_SURF_TYPE_CD","RELATION_TO_ROAD","ROADWAY_CLEARED","ROAD_CONDITION","SCH_BUS_IND","SCH_ZONE_IND","SECONDARY_CRASH","SMALL_TRUCK_COUNT","SPEC_JURIS_CD","SUSP_MINOR_INJ_COUNT","SUSP_SERIOUS_INJ_COUNT","SUV_COUNT","TCD_FUNC_CD","TCD_TYPE","TFC_DETOUR_IND","TIME_OF_DAY","TOTAL_UNITS","TOT_INJ_COUNT","UNBELTED_OCC_COUNT","UNB_DEATH_COUNT","UNB_SUSP_SERIOUS_INJ_COUNT","UNK_INJ_DEG_COUNT","UNK_INJ_PER_COUNT","URBAN_RURAL","VAN_COUNT","VEHICLE_COUNT","VULNERABLE_ROAD_USER_COUNT","VULNERABLE_ROAD_USER_DEATH_COUNT","VULNERABLE_ROAD_USER_SER_INJ_COUNT","WEATHER1","WEATHER2","WORKERS_PRES","WORK_ZONE_IND","WORK_ZONE_LOC","WORK_ZONE_TYPE","WZ_CLOSE_DETOUR","WZ_FLAGGER","WZ_LAW_OFFCR_IND","WZ_LN_CLOSURE","WZ_MOVING","WZ_OTHER","WZ_SHLDER_MDN","WZ_WORKERS_INJ_KILLED"
"2020036788","0650","2","0","0","0","0","0","0","0","0","4","0","","67","5","2020","1","39.933675","-75.173669","0646","6","0","0","0","0","0","0","0","0","","0","0","0","6","1","3","","1","0","39 56:01.230","","0","75 10:25.210","3","0","0","0","67301","0","0","0","N","0","0","0","7","67301","0","","1.0","","1","N","N","N","0","","3","0","0","3","3","","646","2","3","0","0","0","0","0","2","0","2","0","0","0","3","03","","N","","","","","","","","","",""
"2020036235","0900","1","0","0","0","0","0","0","0","0","7","0","","67","5","2020","1","40.023533","-75.196517","0853","6","0","0","0","1","0","0","0","0","","0","0","0","8","1","0","N","0","2","40 01:24.720","1","0","75 11:47.460","0","0","0","0","67301","0","0","0","N","0","0","0","1","67301","0","","2.0","930.0","9","N","N","N","0","","0","0","0","0","0","Y","853","1","0","0","0","0","0","0","2","0","1","0","0","0","7","07","","N","","","","","","","","","",""
"2020046601","0800","1","0","0","0","0","0","0","0","0","4","0","","67","6","2020","7","40.055789","-75.176185","0800","6","0","0","0","0","0","0","0","0","","0","0","0","20","3","0","","1","0","40 03:20.841","","0","75 10:34.267","0","0","0","0","67301","0","0","0","N","0","0","0","1","67301","0","","3.0","","1","N","N","N","0","","0","0","0","0","0","","2000","2","0","0","0","0","0","0","2","0","2","0","0","0","3","03","","N","","","","","","","","","",""
"2020002419","2010","0","0","0","0","0","0","0","0","0","4","0","","67","1","2020","6","39.92735","-75.183071","2008","6","0","0","0","0","0","1","0","0","","0","0","0","20","3","1","","1","0","39 55:38.460","","0","75 10:59.055","3","0","0","0","67301","0","0","0","N","0","0","0","6","67301","0","","1.0","","9","N","N","N","0","","1","0","1","3","3","","2000","2","1","1","0","0","0","0","2","1","2","0","0","0","7","05","","N","","","","","","","","","",""
"2020033871","1632","1","0","0","0","0","0","0","0","0","4","0","","67","4","2020","1","39.961565","-75.15179","1632","6","0","0","0","0","0","0","0","0","","0","0","0","16","1","5","","1","0","39 57:41.635","","0","75 09:06.445","4","0","0","0","67301","0","0","0","N","0","0","0","6","67301","5","","1.0","","1","N","N","N","0","","0","0","1","3","2","","1630","2","5","0","0","0","0","0","2","0","2","0","0","0","3","","","N","","","","","","","","","",""
"2020033042","2345","2","0","0","0","0","0","0","0","0","4","0","","67","4","2020","4","40.022833","-75.148284","2343","6","0","0","0","0","0","0","0","0","","0","0","0","23","3","1","","5","1","40 01:22.197","2","0","75 08:53.823","2","0","0","0","67301","0","0","0","N","0","0","0","2","67301","0","","1.0","5.0","1","N","N","N","0","","0","1","0","3","2","N","2340","2","1","0","0","0","0","0","2","0","2","0","0","0","3","","","N","","","","","","","","","",""
"2020047386","0836","2","0","0","0","0","0","0","0","0","1","0","","67","6","2020","4","40.070784","-75.1574","0836","6","0","0","0","0","0","1","0","0","","0","0","0","8","1","0","","1","0","40 04:14.822","","0","75 09:26.639","0","0","0","0","67301","0","0","0","N","0","0","0","2","67301","0","","1.0","","1","N","N","N","0","","0","0","0","3","1","","836","2","0","0","0","0","0","0","2","0","2","0","0","0","3","03","","N","","","","","","","","","",""
"2020027941","2055","1","0","0","0","0","0","0","0","0","4","0","","67","3","2020","3","40.03969","-75.118776","2049","6","0","0","0","0","0","0","0","0","","0","0","0","18","1","4","","2","0","40 02:22.884","","0","75 07:07.593","3","0","0","0","67301","0","0","0","N","0","0","0","5","67301","0","","1.0","","1","N","N","N","0","","4","0","1","9","3","","1800","2","4","0","0","0","0","0","2","0","2","0","0","0","3","04","","N","","","","","","","","","",""
"2020026957","1530","1","0","0","0","0","0","0","0","0","8","0","","67","3","2020","2","39.923","-75.188598","1526","6","0","0","0","0","0","0","0","0","","0","0","0","15","1","1","","1","0","39 55:22.800","","0","75 11:18.952","3","0","0","0","67301","1","0","0","N","1","0","0","2","67301","0","","1.0","","1","N","N","N","0","","1","0","0","0","0","","1510","2","1","0","0","0","0","0","2","0","1","1","0","0","3","03","","N","","","","","","","","","",""
"2020038381","1326","2","0","0","0","0","0","0","0","0","2","0","","67","5","2020","3","40.108166","-74.997116","1326","6","0","0","0","0","1","0","0","0","","0","0","0","13","1","2","","2","1","40 06:29.396","3","0","74 59:49.616","3","0","0","0","67301","0","0","0","N","0","0","0","3","67301","0","","1.0","1415.0","1","N","N","N","0","","2","0","0","3","3","Y","1326","2","2","0","0","0","0","0","2","0","2","0","0","0","3","03","","N","","","","","","","","","",""
"2020045264","1800","1","0","0","0","0","0","0","0","0","1","0","","67","6","2020","4","40.052723","-75.236236","1756","6","0","0","0","0","0","1","0","0","","0","0","0","17","1","1","","1","0","40 03:09.801","","0","75 14:10.448","8","0","0","0","67301","0","0","0","N","0","0","0","2","67301","0","","1.0","","1","N","N","N","1","","0","0","0","3","2","","1750","2","1","0","0","0","1","0","2","0","2","0","0","0","3","","","N","","","","","","","","","",""
"2020085117","2357","1","0","0","0","0","0","0","0","0","1","0","","67","10","2020","7","39.959811","-75.178291","2357","6","0","0","0","0","0","0","0","0","","0","0","0","23","3","1","N","0","2","39 57:35.319","3","0","75 10:41.848","4","0","0","0","67301","0","0","0","N","0","0","0","9","68K01","1","","1.0","2.0","1","N","N","N","0","","0","0","1","0","0","N","2357","2","1","2","0","0","0","0","2","0","2","0","0","0","3","","","N","","","","","","","","","",""
"2020033120","0938","1","0","0","0","0","0","0","0","0","5","0","","67","4","2020","5","39.990497","-75.158639","0932","6","0","0","0","0","0","1","0","0","","0","0","0","9","1","0","N","0","2","39 59:25.790","1","0","75 09:31.100","0","0","0","0","67301","0","0","0","N","0","0","0","1","67301","0","","6.0","1055.0","1","N","N","N","1","","0","0","0","0","0","Y","932","2","0","0","0","0","0","0","2","0","2","0","0","0","3","","","N","","","","","","","","","",""
"2020035719","1115","0","0","0","0","0","0","0","0","0","4","0","","67","4","2020","7","40.008621","-75.068836","1111","6","0","0","0","0","0","0","0","0","","0","0","0","11","1","1","","1","0","40 00:31.034","","0","75 04:07.810","3","0","0","0","67301","0","0","0","N","0","0","0","5","67301","0","","1.0","","9","N","N","N","0","","1","0","1","3","2","","1105","2","1","0","0","0","0","0","2","1","2","0","0","0","4","","","N","","","","","","","","","",""
"2020034164","1303","2","0","0","0","0","0","0","0","0","5","0","","67","4","2020","3","40.00737","-75.189548","1301","6","0","0","0","0","0","0","0","0","","0","0","0","11","1","0","N","0","1","40 00:26.531","2","0","75 11:22.374","0","0","0","0","67301","0","0","0","N","0","0","0","1","67301","0","","6.0","1330.0","9","N","N","N","0","","0","0","0","0","0","N","1123","4","0","0","0","0","0","0","2","2","4","0","0","0","7","04","","N","","","","","","","","","",""
"2020033550","1335","1","0","0","0","0","0","0","0","0","7","0","","67","4","2020","6","39.998958","-75.094836","1330","6","0","0","0","0","0","0","0","0","","0","0","0","13","1","0","N","0","1","39 59:56.250","4","0","75 05:41.410","0","0","0","0","67301","0","0","0","N","0","0","0","1","67301","0","","2.0","1430.0","1","N","N","N","0","","0","0","0","0","0","N","1326","1","0","0","0","0","0","0","2","0","1","0","0","0","4","04","","N","","","","","","","","","",""
"2020033699","0545","1","0","0","0","0","0","1","0","0","4","1","","67","4","2020","7","39.979155","-75.137469","0538","6","0","0","0","0","0","0","0","0","","0","0","0","5","3","1","","1","0","39 58:44.957","","0","75 08:14.888","8","0","0","0","67301","0","0","0","N","0","0","0","3","67508","0","","1.0","","1","N","N","N","0","","0","0","1","9","2","","535","3","1","0","0","0","1","0","2","0","3","0","0","0","3","","","N","","","","","","","","","",""
"2020004052","1250","1","0","0","0","0","0","0","0","0","4","0","","67","1","2020","7","40.009179","-75.196724","1245","6","0","0","0","0","0","0","0","0","","0","0","0","12","1","0","","1","0","40 00:33.046","","0","75 11:48.208","0","0","0","0","67301","0","0","0","N","0","0","0","3","67301","0","","1.0","","1","N","N","N","0","","0","0","1","3","2","","1243","2","0","0","0","0","0","0","2","0","2","0","0","0","3","03","","N","","","","","","","","","",""
"2020017913","1240","0","0","0","0","0","0","0","0","0","8","0","","67","2","2020","1","39.921237","-75.158566","1240","6","0","0","0","0","0","0","0","0","","0","0","0","12","1","1","","1","0","39 55:16.453","","0","75 09:30.837","8","0","0","0","67301","1","0","0","N","1","0","0","2","67301","0","","1.0","","1","N","N","N","0","","0","0","1","3","3","","1215","2","1","0","0","0","1","1","2","0","1","1","0","0","3","03","","N","","","","","","","","","",""
"2020033873","1750","1","0","0","0","0","0","0","0","0","4","0","","67","4","2020","2","40.023853","-75.142546","1743","6","0","0","0","0","0","0","0","0","","0","0","0","16","1","0","","1","0","40 01:25.870","","0","75 08:33.165","0","0","0","0","67301","0","0","0","N","0","0","0","2","67301","0","","1.0","","1","N","N","N","0","","0","0","1","9","3","","1639","2","0","0","0","0","0","0","2","0","2","0","0","0","3","03","","N","","","","","","","","","",""
"2020048751","1955","0","0","0","1","0","0","0","0","0","8","0","","67","6","2020","6","39.972147","-75.229919","1951","6","0","0","0","0","0","0","1","0","","0","0","0","16","1","1","N","0","0","39 58:19.730","","0","75 13:47.710","8","0","0","0","67301","1","0","0","N","0","0","0","2","67301","0","","1.0","","1","N","N","N","0","","0","0","1","0","0","","1628","2","1","0","0","0","1","0","2","0","1","1","0","0","3","03","","N","","","","","","","","","",""
"2020073377","0826","0","0","0","0","0","0","0","0","0","4","0","","67","9","2020","3","40.008621","-75.068836","0814","6","0","0","0","0","0","1","0","0","","0","1","0","8","1","1","","1","1","40 00:31.034","6","0","75 04:07.810","3","0","0","0","67301","0","0","0","N","0","0","0","2","67301","0","","1.0","930.0","1","N","N","N","1","","1","0","0","3","2","N","813","2","1","0","0","0","0","0","2","0","2","0","0","0","3","03","","N","","","","","","","","","",""
"2020087842","0540","2","0","0","0","0","0","0","0","0","2","0","45","67","9","2020","4","40.008622","-75.069963","0526","6","0","0","0","0","0","1","0","0","","0","0","0","5","3","0","N","0","0","40 00:31.040","","0","75 04:11.868","0","0","0","0","67301","0","0","0","N","0","0","0","2","68K01","0","","1.0","","1","N","N","N","0","","0","0","0","3","2","","514","2","0","0","0","0","0","0","2","0","2","0","0","0","3","03","Y","Y","4","2","N","N","N","Y","N","N","Y","N"
"2020034163","0007","1","0","0","0","0","0","0","0","0","1","0","","67","4","2020","3","39.971881","-75.162714","0007","6","0","0","0","0","0","1","0","0","","0","0","0","23","3","0","","1","1","39 58:18.772","3","0","75 09:45.771","0","0","0","0","67301","0","0","0","N","0","0","0","2","67301","0","","1.0","1220.0","1","N","N","N","0","","0","0","1","3","2","N","2343","2","0","2","0","0","0","0","2","0","2","0","0","0","3","03","","N","","","","","","","","","",""
"2020086700","1400","0","0","0","0","0","0","1","0","0","1","1","","67","10","2020","6","40.025502","-75.15935","1358","6","0","0","0","0","0","1","0","0","","0","0","0","13","1","0","","2","0","40 01:31.807","","0","75 09:33.660","0","0","0","0","67301","0","0","0","N","0","0","0","3","67301","0","","1.0","","9","Y","N","N","0","","0","0","1","0","0","","1358","2","0","0","0","0","0","0","2","0","2","0","0","0","7","07","","N","","","","","","","","","",""
"2020045497","0256","1","0","0","0","0","0","0","0","0","4","0","","67","6","2020","5","39.975542","-75.190589","0253","6","0","0","0","0","0","0","0","0","","0","0","0","2","3","2","","3","0","39 58:31.950","","0","75 11:26.120","3","0","0","0","67301","0","0","0","N","0","0","0","2","67301","0","","1.0","","9","N","N","N","0","","2","0","0","9","9","","250","2","2","0","0","0","0","0","2","1","2","0","0","0","7","","","N","","","","","","","","","",""
"2020033207","0131","1","0","0","0","0","0","0","0","0","8","0","","67","4","2020","6","40.029979","-75.122554","0128","6","0","0","0","0","0","0","0","0","","0","0","0","1","3","1","","1","0","40 01:47.924","","0","75 07:21.194","8","0","0","0","67301","1","0","0","N","1","0","0","2","67301","0","","1.0","","1","N","N","N","0","","0","0","0","0","0","","120","2","1","0","0","0","1","0","2","0","1","1","0","0","3","03","","N","","","","","","","","","",""
"2020032559","0102","0","0","0","0","0","0","0","0","0","7","0","","67","3","2020","2","39.935804","-75.19941","0058","6","0","0","0","0","0","0","0","0","","0","0","0","0","3","1","N","3","0","39 56:08.895","","2","75 11:57.877","3","0","0","0","67301","0","0","0","Y","0","0","0","1","68K01","0","","3.0","","1","N","N","N","0","","1","0","0","0","0","","47","1","1","1","0","0","0","0","2","1","1","0","0","0","3","03","","N","","","","","","","","","",""
"2020042586","2143","0","0","0","0","0","0","0","0","0","8","0","","67","5","2020","4","39.967269","-75.243058","2142","6","0","0","0","0","0","0","0","0","","0","0","0","21","3","1","N","0","0","39 58:02.170","","0","75 14:35.010","3","0","0","0","67301","1","0","0","N","1","0","0","2","67301","0","","1.0","","1","N","N","N","0","","1","0","0","0","0","","2142","2","1","0","0","0","0","1","2","0","1","1","0","0","3","03","","N","","","","","","","","","",""
"2020042827","0146","2","0","0","0","0","0","0","0","0","4","0","","67","5","2020","1","40.059477","-75.017651","0145","6","0","0","0","0","0","0","0","0","","0","0","0","1","3","1","","2","0","40 03:34.117","","0","75 01:03.545","3","0","0","0","67301","0","0","0","N","0","0","0","3","67301","0","","1.0","","1","N","N","N","0","","1","0","0","0","0","","140","2","1","0","0","0","0","0","2","0","2","0","0","0","3","03","","N","","","","","","","","","",""
"2020043092","1445","0","0","0","0","0","0","0","0","0","4","0","","67","5","2020","7","40.026543","-75.138689","1440","6","0","0","0","0","0","0","1","0","","0","0","0","19","6","0","","1","0","40 01:35.554","","0","75 08:19.280","9","0","0","0","67301","0","0","0","N","0","0","0","2","67301","0","","1.0","","99","N","N","N","0","","0","0","2","3","2","","1920","2","0","0","0","0","0","2","2","0","2","0","0","0","3","03","","N","","","","","","","","","",""
"2020043439","1959","1","0","0","0","0","0","0","0","0","4","0","","67","5","2020","7","39.99377","-75.153236","1957","6","0","0","0","0","0","0","0","0","","0","0","0","19","4","1","","2","0","39 59:37.571","","0","75 09:11.648","3","0","0","1","67301","0","0","0","N","0","0","0","3","67301","0","","1.0","","1","N","N","N","0","","1","0","0","0","0","","1954","2","1","0","0","0","0","0","2","0","2","0","0","0","3","03","","N","","","","","","","","","",""
"2020046979","1903","1","0","0","0","0","0","0","0","0","1","0","","67","6","2020","6","39.960363","-75.181721","1903","6","0","0","0","0","0","1","0","0","","0","0","0","18","1","0","N","0","0","39 57:37.306","","0","75 10:54.196","0","0","0","0","67301","0","0","0","N","0","0","0","2","68K01","0","","1.0","","9","N","N","N","0","","0","0","1","0","0","","1850","2","0","0","0","0","0","0","2","0","2","0","0","0","4","","","N","","","","","","","","","",""
"2020068361","1605","1","0","0","0","0","0","0","0","0","1","1","","67","8","2020","7","39.894612","-75.236717","1600","6","0","0","0","0","0","0","0","0","","0","1","0","14","1","0","","1","0","39 53:40.603","","0","75 14:12.181","0","0","0","0","67301","0","0","0","N","0","0","0","8","67301","0","","1.0","","1","N","N","N","0","","0","0","1","3","2","","1440","3","0","0","0","0","0","0","2","0","3","0","0","0","3","03","","N","","","","","","","","","",""
"2020030281","1637","1","0","0","0","0","0","0","0","0","4","0","","67","3","2020","7","39.984361","-75.234389","1635","6","0","0","0","0","0","0","0","0","","0","0","0","16","1","1","","2","0","39 59:03.700","","0","75 14:03.800","4","0","0","0","67301","0","0","0","N","0","0","0","1","67301","1","","1.0","","9","N","N","N","1","","0","0","0","0","0","","1634","2","1","0","0","0","0","0","2","0","2","0","0","0","7","04","","N","","","","","","","","","",""
"2020029254","1610","1","0","0","0","0","0","0","0","0","4","0","","67","3","2020","3","40.053484","-75.054921","1603","6","0","0","0","0","0","0","1","0","","0","0","0","15","1","3","","1","0","40 03:12.544","","0","75 03:17.714","8","0","0","0","67301","0","0","0","N","0","0","0","5","67301","0","","1.0","","1","N","N","N","0","","0","0","1","3","2","","1545","2","3","0","0","0","3","0","2","0","2","0","0","0","3","","","N","","","","","","","","","",""
"2020030326","1232","1","0","0","0","0","0","0","0","0","8","0","","67","3","2020","5","40.054578","-75.046554","1222","6","0","0","0","0","0","0","0","0","","0","0","0","21","3","1","","1","0","40 03:16.480","","0","75 02:47.594","3","0","0","0","67301","1","0","0","N","1","0","0","2","67301","0","","1.0","","99","N","N","N","0","","1","0","0","0","0","","2110","2","1","0","0","0","0","0","2","0","1","1","0","0","99","","","N","","","","","","","","","",""
"2020029161","0110","0","0","0","0","0","0","0","0","0","7","0","","67","3","2020","4","39.988737","-75.124586","0109","6","0","0","0","0","0","0","0","0","","0","0","0","1","3","0","N","0","0","39 59:19.454","","0","75 07:28.511","0","0","0","0","67301","0","0","0","N","0","0","0","1","67301","0","","2.0","","1","N","N","N","0","","0","0","0","3","3","","105","1","0","0","0","0","0","0","2","1","1","0","0","0","3","03","","N","","","","","","","","","",""
"2020029689","1846","0","0","0","0","0","0","0","0","0","4","0","","67","3","2020","4","40.009467","-75.084795","1840","6","0","0","0","0","0","1","0","0","","0","0","0","18","1","1","","5","2","40 00:34.081","7","0","75 05:05.261","4","0","0","0","67301","0","0","0","N","0","0","0","2","67301","1","","1.0","1855.0","1","N","N","N","0","","0","0","2","3","3","N","1837","2","1","0","0","0","0","0","2","0","2","0","0","0","3","","","N","","","","","","","","","",""
"2020034604","1020","1","0","0","0","0","0","0","0","0","1","0","","67","4","2020","5","39.924353","-75.236062","1016","6","0","0","0","0","0","2","0","0","","0","0","0","10","1","0","Y","0","0","39 55:27.671","","0","75 14:09.823","0","0","0","0","67301","0","0","0","N","0","0","0","4","67301","0","","1.0","","1","N","N","N","0","","0","0","1","0","0","","1000","2","0","0","0","0","0","0","2","0","2","0","0","0","3","03","","N","","","","","","","","","",""
"2020029763","1755","2","0","0","0","0","0","0","0","0","1","0","","67","3","2020","6","40.000911","-75.123075","1725","6","0","0","0","0","0","1","0","0","","0","0","0","17","1","2","N","0","1","40 00:03.280","3","0","75 07:23.070","3","0","0","0","67301","0","0","0","N","0","0","0","4","67301","1","","1.0","1815.0","1","N","N","Y","1","","1","0","0","0","0","Y","1722","3","2","0","0","0","0","1","2","0","3","0","0","0","3","03","","N","","","","","","","","","",""
"2020032665","2315","1","0","0","0","0","0","0","0","0","2","0","","67","4","2020","2","40.051096","-75.065787","2312","6","0","0","0","0","0","0","0","0","","0","0","0","23","3","1","N","0","1","40 03:03.946","3","7","75 03:56.832","3","0","0","0","67301","0","0","0","N","0","0","0","2","67301","0","","1.0","1200.0","1","N","N","N","0","","1","0","1","3","2","N","2310","2","1","0","0","0","0","0","2","0","2","0","0","0","3","03","","N","","","","","","","","","",""
"2020034115","1330","1","0","0","0","0","0","0","0","0","1","0","","67","4","2020","3","40.063756","-75.200058","1325","6","0","0","0","0","0","0","0","0","","0","0","0","13","1","1","N","0","0","40 03:49.520","","0","75 12:00.210","4","0","0","0","67301","0","0","0","N","0","0","0","3","67301","1","","1.0","","9","N","N","N","0","","0","0","1","9","3","","1320","2","1","0","0","0","0","0","2","0","2","0","0","0","7","09","","N","","","","","","","","","",""
"2020036522","1244","1","0","0","0","0","0","0","0","0","7","0","","67","3","2020","1","40.008446","-75.070376","1240","6","0","0","0","0","0","0","0","0","","0","0","0","12","1","0","N","0","0","40 00:30.407","","1","75 04:13.355","9","0","0","0","67301","0","0","0","N","0","0","0","1","67301","0","","5.0","","1","N","N","N","0","","0","0","0","0","0","","1228","1","0","0","0","0","0","1","2","0","1","0","0","0","3","","","N","","","","","","","","","",""
"2020073375","1705","1","0","0","0","0","0","0","0","0","4","0","","67","2","2020","6","40.036682","-75.037001","1700","6","0","0","0","0","0","0","0","0","","0","0","0","16","1","1","","1","0","40 02:12.054","","0","75 02:13.205","3","0","0","0","67301","1","0","0","N","1","0","0","2","67301","0","","1.0","","1","N","N","Y","0","","1","0","1","3","3","","1648","3","1","0","0","0","0","0","2","0","2","1","0","0","3","03","","N","","","","","","","","","",""
"2020033714","1200","1","0","0","0","0","0","0","0","0","4","0","90","67","4","2020","2","39.980213","-75.157468","1155","6","0","0","0","0","0","0","0","0","","0","0","0","11","1","0","N","1","1","39 58:48.767","2","0","75 09:26.884","0","0","0","0","67301","0","0","0","N","0","0","0","4","67505","0","","1.0","1215.0","1","N","N","N","1","","0","0","0","3","2","Y","1150","2","0","0","0","0","0","0","2","0","2","0","0","0","3","03","N","Y","3","8","Y","","Y","Y","","","","N"
"2020074091","1331","1","0","0","0","0","0","0","0","0","4","0","","67","9","2020","5","40.085884","-75.036891","1328","6","0","0","0","0","0","0","0","0","","0","0","0","13","1","0","N","0","0","40 05:09.184","","7","75 02:12.809","0","0","0","0","67301","0","0","0","N","0","0","0","2","67301","0","","1.0","","1","N","N","N","0","","0","0","1","0","0","","1320","2","0","0","0","0","0","0","2","0","2","0","0","0","4","04","","N","","","","","","","","","",""
"2020022800","1827","2","0","0","0","0","0","0","0","0","4","0","","67","3","2020","1","40.020508","-75.08729","1825","6","0","0","0","0","0","0","0","0","","0","0","0","18","1","2","","1","0","40 01:13.828","","0","75 05:14.243","3","0","0","0","67301","0","0","0","N","0","0","0","4","67301","0","","1.0","","1","N","N","N","0","","2","0","0","3","3","","1815","2","2","0","0","0","0","0","2","0","2","0","0","0","3","03","","N","","","","","","","","","",""
"2020034601","1329","0","0","0","0","0","0","0","0","0","4","0","","67","4","2020","3","39.919583","-75.203414","1320","6","0","0","0","0","0","0","0","0","","0","0","0","13","1","0","N","0","0","39 55:10.500","","3","75 12:12.290","0","0","0","0","67301","0","0","0","N","0","0","0","2","67301","0","","1.0","","1","N","N","N","0","","0","0","0","0","0","","1312","2","0","0","0","0","0","0","2","1","2","0","0","0","3","03","","N","","","","","","","","","",""
"2020033367","0048","3","0","0","0","0","0","0","0","0","4","0","","67","4","2020","7","40.041412","-75.120105","0048","6","0","0","0","1","0","0","0","0","","0","0","0","0","3","0","","1","0","40 02:29.083","","0","75 07:12.377","0","0","0","0","67301","0","0","0","N","0","0","0","3","67301","0","","1.0","","1","N","N","N","0","","0","0","0","3","2","","45","3","0","0","0","0","0","0","2","0","3","0","0","0","3","03","","N","","","","","","","","","",""
"2020048218","1059","3","0","0","0","0","0","0","0","0","4","0","","67","6","2020","7","40.012222","-75.082528","1050","6","0","0","0","0","0","0","0","0","","0","0","0","10","1","1","","2","0","40 00:44.000","","0","75 04:57.100","3","0","0","0","67301","0","0","0","N","0","0","0","3","67301","0","","1.0","","1","N","N","N","0","","1","0","1","3","3","","1045","4","1","0","0","0","0","0","2","0","4","0","0","0","3","","","N","","","","","","","","","",""
"2020032899","0210","1","0","0","0","0","0","0","0","0","1","0","","67","4","2020","2","39.970972","-75.229917","0204","6","0","0","0","0","0","0","0","0","","0","0","0","1","3","0","N","0","0","39 58:15.500","","0","75 13:47.700","0","0","0","0","67301","0","0","0","N","0","0","0","1","67301","0","","6.0","","9","N","N","N","0","","0","0","1","0","0","","159","2","0","0","0","0","0","0","2","0","2","0","0","0","7","","","N","","","","","","","","","",""
"2020033592","0253","3","0","0","0","0","0","0","0","0","1","0","","67","4","2020","1","39.993032","-75.15466","0252","6","0","0","0","0","0","0","0","0","","0","0","0","2","3","0","N","0","0","39 59:34.915","","0","75 09:16.777","9","0","0","0","67301","0","0","0","N","0","0","0","1","67301","0","","6.0","","1","N","N","N","0","","0","0","1","0","0","","240","4","0","0","0","0","0","1","2","0","4","0","0","0","3","","","N","","","","","","","","","",""
"2020033770","0914","1","0","0","0","0","0","0","0","0","4","0","","67","4","2020","1","39.988524","-75.106326","0908","6","0","0","0","0","0","1","0","0","","0","0","0","9","1","1","","1","0","39 59:18.686","","0","75 06:22.773","3","0","0","0","67301","0","0","0","N","0","0","0","3","67301","0","","1.0","","1","N","N","N","0","","1","0","1","0","0","","900","2","1","2","0","0","0","0","2","0","2","0","0","0","3","03","","N","","","","","","","","","",""
"2020036339","1830","2","0","0","0","0","0","0","0","0","4","0","","67","4","2020","2","40.029923","-75.034999","1816","6","0","0","0","0","0","1","0","0","","0","0","0","18","1","3","N","0","0","40 01:47.721","","7","75 02:05.996","3","0","0","0","67301","0","0","0","N","0","0","0","4","67301","0","","1.0","","1","N","N","N","0","","3","0","0","3","2","","1800","3","3","0","0","0","0","0","2","1","3","0","0","0","3","03","","N","","","","","","","","","",""
"2020073057","2105","1","0","0","0","0","0","0","0","0","7","0","","67","9","2020","5","40.013793","-75.055912","2057","6","0","0","0","0","0","0","0","0","","0","0","0","20","3","1","N","0","0","40 00:49.653","","1","75 03:21.283","4","0","0","0","67301","0","0","0","N","0","0","0","1","67301","1","","4.0","","9","N","N","N","0","","0","0","0","0","0","","2028","1","1","0","0","0","0","0","2","0","1","0","0","0","4","04","","N","","","","","","","","","",""
"2020047155","0709","0","0","0","0","0","0","0","0","0","0","0","","67","6","2020","2","39.976283","-75.195416","0706","6","0","0","0","1","0","0","0","0","","0","0","0","7","1","1","N","0","0","39 58:34.617","","0","75 11:43.496","3","0","0","1","67301","0","0","0","N","0","0","0","1","68K01","0","","2.0","","1","N","N","N","0","","1","0","0","0","0","","705","1","1","0","0","0","0","0","2","0","1","0","0","0","3","03","","N","","","","","","","","","",""