"CRN","ARRIVAL_TM","AUTOMOBILE_COUNT","BELTED_DEATH_COUNT","BELTED_SUSP_SERIOUS_INJ_COUNT","BICYCLE_COUNT","BICYCLE_DEATH_COUNT","BICYCLE_SUSP_SERIOUS_INJ_COUNT","BUS_COUNT","CHLDPAS_DEATH_COUNT","CHLDPAS_SUSP_SERIOUS_INJ_COUNT","COLLISION_TYPE","COMM_VEH_COUNT","CONS_ZONE_SPD_LIM","COUNTY","CRASH_MONTH","CRASH_YEAR","DAY_OF_WEEK","DEC_LATITUDE","DEC_LONGITUDE","DISPATCH_TM","DISTRICT","DRIVER_COUNT_16YR","DRIVER_COUNT_17YR","DRIVER_COUNT_18YR","DRIVER_COUNT_19YR","DRIVER_COUNT_20YR","DRIVER_COUNT_50_64YR","DRIVER_COUNT_65_74YR","DRIVER_COUNT_75PLUS","EST_HRS_CLOSED","FATAL_COUNT","HEAVY_TRUCK_COUNT","HORSE_BUGGY_COUNT","HOUR_OF_DAY","ILLUMINATION","INJURY_COUNT","INTERSECTION_RELATED","INTERSECT_TYPE","LANE_CLOSED","LATITUDE","LN_CLOSE_DIR","LOCATION_TYPE","LONGITUDE","MAX_SEVERITY_LEVEL","MCYCLE_DEATH_COUNT","MCYCLE_SUSP_SERIOUS_INJ_COUNT","MOTORCYCLE_COUNT","MUNICIPALITY","NONMOTR_COUNT","NONMOTR_DEATH_COUNT","NONMOTR_SUSP_SERIOUS_INJ_COUNT","NTFY_HIWY_MAINT","PED_COUNT","PED_DEATH_COUNT","PED_SUSP_SERIOUS_INJ_COUNT","PERSON_COUNT","POLICE_AGCY","POSSIBLE_INJ_COUNT","RDWY_SURF_TYPE_CD","RELATION_TO_ROAD","ROADWAY_CLEARED","ROAD_CONDITION","SCH_BUS_IND","SCH_ZONE_IND","SECONDARY_CRASH","SMALL_TRUCK_COUNT","SPEC_JURIS_CD","SUSP_MINOR_INJ_COUNT","SUSP_SERIOUS_INJ_COUNT","SUV_COUNT","TCD_FUNC_CD","TCD_TYPE","TFC_DETOUR_IND","TIME_OF_DAY","TOTAL_UNITS","TOT_INJ_COUNT","UNBELTED_OCC_COUNT","UNB_DEATH_COUNT","UNB_SUSP_SERIOUS_INJ_COUNT","UNK_INJ_DEG_COUNT","UNK_INJ_PER_COUNT","URBAN_RURAL","VAN_COUNT","VEHICLE_COUNT","VULNERABLE_ROAD_USER_COUNT","VULNERABLE_ROAD_USER_DEATH_COUNT","VULNERABLE_ROAD_USER_SER_INJ_COUNT","WEATHER1","WEATHER2","WORKERS_PRES","WORK_ZONE_IND","WORK_ZONE_LOC","WORK_ZONE_TYPE","WZ_CLOSE_DETOUR","WZ_FLAGGER","WZ_LAW_OFFCR_IND","WZ_LN_CLOSURE","WZ_MOVING","WZ_OTHER","WZ_SHLDER_MDN","WZ_WORKERS_INJ_KILLED"
"2020087793","0930","0","0","0","0","0","0","0","0","0","8","0","","67","10","2020","2","40.002944","-75.206269","0900","6","0","0","0","0","0","0","0","0","","0","0","0","23","3","1","N","0","9","40 00:10.600","","7","75 12:22.570","3","0","0","0","67301","1","0","0","N","1","0","0","1","67301","0","","1.0","","1","N","N","N","0","","1","0","0","9","9","U","2300","2","1","0","0","0","0","0","2","0","1","1","0","0","3","03","","N","","","","","","","","","",""
"2020034307","0835","2","0","0","0","0","0","0","0","0","1","0","","67","4","2020","4","39.940625","-75.202856","0820","6","0","0","0","0","0","1","0","0","","0","0","0","8","1","2","N","0","0","39 56:26.251","","3","75 12:10.282","2","0","0","0","67301","0","0","0","N","0","0","0","3","67301","0","","1.0","","1","N","N","N","0","","1","1","0","0","0","","815","3","2","0","0","0","0","0","2","0","3","0","0","0","3","03","","N","","","","","","","","","",""
"2020034769","0007","0","0","0","0","0","0","0","0","0","7","0","","67","4","2020","5","39.980778","-75.206267","0007","6","0","0","0","0","0","0","0","0","","0","0","0","0","3","1","N","0","0","39 58:50.802","","0","75 12:22.562","8","0","0","0","67301","0","0","0","N","0","0","0","1","68K01","0","","3.0","","9","N","N","N","0","","0","0","1","0","0","","2","1","1","0","0","0","1","0","2","0","1","0","0","0","7","07","","N","","","","","","","","","",""
"2020033118","2256","1","0","0","0","0","0","0","0","0","5","0","","67","4","2020","4","39.967458","-75.153672","2255","6","0","0","0","0","0","0","0","0","","0","0","0","22","3","0","N","0","0","39 58:02.850","","0","75 09:13.220","0","0","0","0","67301","0","0","0","N","0","0","0","1","67301","0","","6.0","","1","N","N","N","0","","0","0","1","0","0","","2255","2","0","1","0","0","0","0","2","0","2","0","0","0","3","03","","N","","","","","","","","","",""
"2020034266","0416","1","0","0","0","0","0","0","0","0","7","0","","67","4","2020","5","39.957657","-75.149485","0408","6","0","0","0","0","0","0","0","0","","0","0","0","4","3","0","N","0","1","39 57:27.566","3","0","75 08:58.147","0","0","0","0","67301","0","0","0","N","0","0","0","1","68K01","0","","4.0","440.0","1","N","N","N","0","","0","0","0","0","0","N","408","1","0","0","0","0","0","0","2","0","1","0","0","0","3","03","","N","","","","","","","","","",""
"2020034508","1845","2","0","0","0","0","0","0","0","0","4","0","","67","4","2020","5","39.948691","-75.158986","1845","6","0","0","0","0","0","0","0","0","","0","0","0","18","1","1","","1","0","39 56:55.289","","0","75 09:32.349","4","0","0","0","67301","0","0","0","N","0","0","0","2","39301","1","","1.0","","1","N","N","N","0","","0","0","0","0","0","","1840","2","1","0","0","0","0","0","2","0","2","0","0","0","3","03","","N","","","","","","","","","",""
"2020073050","0015","2","0","0","0","0","0","0","0","0","1","0","","67","9","2020","1","40.02662","-75.096383","0010","6","0","0","0","0","0","0","0","0","","0","0","0","0","3","3","N","0","0","40 01:35.833","","0","75 05:46.980","3","0","0","0","67301","0","0","0","N","0","0","0","4","67301","0","","1.0","","1","N","N","N","0","","3","0","0","3","2","","5","2","3","0","0","0","0","0","2","0","2","0","0","0","3","03","","N","","","","","","","","","",""
"2020047988","1114","0","0","0","0","0","0","0","0","0","8","0","","67","6","2020","5","40.025889","-75.14675","1101","6","0","0","0","0","0","0","0","0","","0","0","0","22","3","1","N","0","0","40 01:33.200","","0","75 08:48.300","3","0","0","0","67301","1","0","0","N","1","0","0","2","67301","0","","1.0","","1","N","N","N","0","","1","0","0","0","0","","2222","2","1","0","0","0","0","0","2","0","1","1","0","0","3","03","","N","","","","","","","","","",""
"2020028822","1538","2","0","0","0","0","0","0","0","0","5","0","","67","3","2020","1","40.061264","-75.023839","1535","6","0","0","0","0","0","0","0","1","","0","0","0","15","1","2","N","0","0","40 03:40.550","","0","75 01:25.820","3","0","0","0","67301","0","0","0","N","0","0","0","2","67301","0","","6.0","","1","N","N","N","1","","2","0","1","9","9","","1535","4","2","0","0","0","0","0","2","0","4","0","0","0","3","","","N","","","","","","","","","",""
"2020030323","0427","5","0","0","0","0","0","0","0","0","5","0","","67","3","2020","7","40.035568","-75.185506","0422","6","0","0","0","0","0","0","0","0","","0","0","0","3","3","1","N","0","0","40 02:08.046","","0","75 11:07.823","8","0","0","0","67301","0","0","0","N","0","0","0","1","67301","0","","6.0","","9","N","N","N","0","","0","0","2","0","0","","357","7","1","0","0","0","1","0","2","0","7","0","0","0","7","07","","N","","","","","","","","","",""
"2020027045","0916","2","0","0","0","0","0","0","0","0","4","0","","67","3","2020","2","40.031716","-75.14254","0916","6","0","0","0","0","0","0","0","0","","0","0","0","9","1","1","","1","0","40 01:54.177","","0","75 08:33.144","3","0","0","0","67301","0","0","0","N","0","0","0","2","67301","0","","1.0","","1","N","N","N","0","","1","0","0","3","3","","910","2","1","0","0","0","0","0","2","0","2","0","0","0","3","03","","N","","","","","","","","","",""
"2020034347","1715","3","0","0","0","0","0","0","0","0","5","0","","67","3","2020","3","40.040642","-75.149031","1705","6","0","0","0","0","0","0","0","0","","0","0","0","13","1","0","N","0","0","40 02:26.310","","0","75 08:56.510","0","0","0","0","67301","0","0","0","N","0","0","0","1","67301","0","","6.0","","1","N","N","N","0","","0","0","1","0","0","","1304","4","0","0","0","0","0","0","2","0","4","0","0","0","3","03","","N","","","","","","","","","",""
"2020050511","1224","1","0","0","0","0","0","0","0","0","1","0","","67","6","2020","6","39.959482","-75.174683","1216","6","0","0","0","0","1","0","0","0","","0","0","0","12","1","3","N","0","2","39 57:34.134","4","0","75 10:28.857","3","0","0","0","67301","0","0","0","N","0","0","0","5","68K01","0","","1.0","15.0","1","N","N","N","0","","3","0","1","0","0","N","1214","2","3","0","0","0","0","0","2","0","2","0","0","0","3","","","N","","","","","","","","","",""
"2020073253","0930","0","0","0","0","0","0","0","0","0","8","1","15","67","9","2020","3","39.907243","-75.228147","0914","6","0","0","0","0","0","0","0","0","","0","1","0","9","1","1","","2","2","39 54:26.074","6","0","75 13:41.329","8","0","0","0","67301","1","0","0","N","1","0","0","2","67301","0","","1.0","1500.0","1","N","N","N","0","","0","0","0","9","7","Y","900","2","1","0","0","0","1","0","2","0","1","1","0","0","3","03","Y","Y","2","2","Y","N","N","N","N","N","N","Y"
"2020034749","1228","1","0","0","0","0","0","0","0","0","1","0","","67","4","2020","5","40.002925","-75.128856","1228","6","0","0","0","0","0","0","0","0","","0","0","0","12","1","0","N","0","0","40 00:10.530","","0","75 07:43.880","9","0","0","0","67301","0","0","0","N","0","0","0","2","67301","0","","6.0","","1","N","N","N","0","","0","0","0","0","0","","1227","2","0","0","0","0","0","1","2","1","2","0","0","0","4","03","","N","","","","","","","","","",""
"2020039536","1031","1","0","0","0","0","0","0","0","0","7","0","","67","4","2020","6","39.97586","-75.1952","1026","6","0","0","0","0","0","0","0","0","","0","0","0","10","1","0","N","0","1","39 58:33.095","3","0","75 11:42.720","0","0","0","0","67301","0","0","0","N","0","0","0","2","68K01","0","","2.0","30.0","1","N","N","N","0","","0","0","0","0","0","N","1021","1","0","0","0","0","0","0","2","0","1","0","0","0","3","","","N","","","","","","","","","",""
"2020036092","1453","0","0","0","0","0","0","0","0","0","7","0","","67","4","2020","3","39.959878","-75.178823","1450","6","0","0","0","0","0","0","0","0","","0","0","0","14","1","1","N","0","1","39 57:35.561","3","0","75 10:43.762","4","0","0","0","67301","0","0","0","N","0","0","0","1","68K01","1","","4.0","30.0","9","N","N","N","0","","0","0","1","0","0","N","1444","1","1","0","0","0","0","0","2","0","1","0","0","0","7","","","N","","","","","","","","","",""
"2020074222","1638","0","0","0","0","0","0","0","0","0","7","0","","67","9","2020","4","40.047391","-75.059942","1630","6","0","0","0","0","0","0","0","0","","0","0","0","15","1","1","N","0","9","40 02:50.609","","0","75 03:35.791","3","0","0","0","67301","0","0","0","N","0","0","0","1","67301","0","","5.0","","1","N","N","N","0","","1","0","1","3","1","U","1552","1","1","0","0","0","0","0","2","0","1","0","0","0","4","04","","N","","","","","","","","","",""
"2020045118","1859","1","0","0","0","0","0","0","0","0","4","0","","67","6","2020","7","39.957191","-75.158716","1858","6","0","0","0","0","0","0","0","0","","0","0","0","18","1","3","","1","0","39 57:25.888","","3","75 09:31.377","8","0","0","0","67301","0","0","0","N","0","0","0","3","67301","0","","1.0","","1","N","N","N","0","","0","0","1","3","2","","1855","2","3","0","0","0","3","0","2","0","2","0","0","0","3","03","","N","","","","","","","","","",""
"2020046238","1200","1","0","0","0","0","0","0","0","0","5","0","","67","6","2020","6","40.023918","-75.131577","1035","6","0","0","0","0","0","0","0","0","","0","0","0","10","1","1","N","0","0","40 01:26.103","","0","75 07:53.676","3","0","0","0","67301","0","0","0","N","0","0","0","2","67301","0","","6.0","","1","N","N","N","0","","1","0","1","0","0","","1030","2","1","0","0","0","0","0","2","0","2","0","0","0","3","98","","N","","","","","","","","","",""
"2020034460","1045","0","0","0","0","0","0","0","0","0","7","0","","67","4","2020","2","39.961051","-75.182029","1045","6","0","0","0","0","0","0","0","0","","0","0","0","10","1","0","N","0","1","39 57:39.785","4","0","75 10:55.306","0","0","0","0","67301","0","0","0","N","0","0","0","1","68K01","0","","4.0","1050.0","9","N","N","N","0","","0","0","1","0","0","N","1029","1","0","0","0","0","0","0","2","0","1","0","0","0","7","","","N","","","","","","","","","",""
"2020033986","1520","0","0","0","0","0","0","0","0","0","4","0","","67","4","2020","2","39.975349","-75.132641","1518","6","0","0","0","0","0","0","0","0","","0","0","0","15","1","1","","1","0","39 58:31.257","","0","75 07:57.508","8","0","0","1","67301","0","0","0","N","0","0","0","2","67301","0","","1.0","","1","N","N","N","0","","0","0","1","3","2","","1505","2","1","0","0","0","1","0","2","0","2","0","0","0","3","98","","N","","","","","","","","","",""
"2020047388","2135","3","0","0","0","0","0","0","0","0","99","0","","67","6","2020","3","39.986644","-75.171458","2130","6","0","0","0","0","0","0","0","0","","0","0","0","21","3","3","N","0","0","39 59:11.920","","0","75 10:17.250","3","0","0","0","67301","0","0","0","N","0","0","0","4","67301","0","","1.0","","1","N","N","N","0","","3","0","0","0","0","","2130","4","3","0","0","0","0","0","2","0","4","0","0","0","3","03","","N","","","","","","","","","",""
"2020034126","1657","0","0","0","0","0","0","0","0","0","5","0","","67","4","2020","3","39.967822","-75.240583","1653","6","0","0","0","0","0","0","0","0","","0","0","0","16","1","0","N","0","0","39 58:04.160","","0","75 14:26.100","9","0","0","0","67301","0","0","0","N","0","0","0","1","67301","0","","6.0","","1","N","N","N","0","","0","0","3","0","0","","1650","4","0","0","0","0","0","1","2","1","4","0","0","0","3","03","","N","","","","","","","","","",""
"2020039532","1645","1","0","0","0","0","0","0","0","0","7","0","","67","4","2020","2","39.981169","-75.206786","1639","6","0","0","0","0","0","0","0","0","","0","0","0","16","1","0","N","0","2","39 58:52.207","3","0","75 12:24.430","0","0","0","0","67301","0","0","0","N","0","0","0","2","68K01","0","","3.0","30.0","9","N","N","N","0","","0","0","0","0","0","N","1637","1","0","0","0","0","0","0","2","0","1","0","0","0","3","","","N","","","","","","","","","",""
"2020084246","1827","2","0","0","0","0","0","0","0","0","4","0","","67","6","2020","3","40.01168","-75.163048","1827","6","0","0","0","0","0","0","0","0","","0","0","0","18","1","0","","1","0","40 00:42.048","","0","75 09:46.973","9","0","0","0","67301","0","0","0","N","0","0","0","3","67301","0","","1.0","","1","N","N","N","0","","0","0","0","0","0","","1825","2","0","0","0","0","0","2","2","0","2","0","0","0","3","","","N","","","","","","","","","",""
"2020048419","2215","0","0","0","0","0","0","0","0","0","8","0","","67","6","2020","6","40.016931","-75.157675","2159","6","0","0","0","0","0","0","0","0","","0","0","0","21","3","1","N","0","0","40 01:00.950","","0","75 09:27.630","3","0","0","0","67301","1","0","0","N","1","0","0","2","67301","0","","1.0","","1","N","N","N","0","","1","0","1","0","0","","2145","2","1","0","0","0","0","1","2","0","1","1","0","0","3","","","N","","","","","","","","","",""
"2020033348","1831","1","0","0","0","0","0","0","0","0","1","0","","67","4","2020","5","39.927","-75.151444","1831","6","0","0","0","0","0","1","0","0","","0","0","0","18","1","2","N","0","0","39 55:37.200","","0","75 09:05.200","4","0","0","0","67301","0","0","0","N","0","0","0","2","67301","2","","1.0","","1","N","N","N","0","","0","0","1","0","0","","1830","2","2","0","0","0","0","0","2","0","2","0","0","0","3","03","","N","","","","","","","","","",""
"2020047714","1315","3","0","0","0","0","0","0","0","0","4","0","","67","6","2020","5","40.006564","-75.165186","1313","6","0","0","0","0","0","0","0","0","","0","0","0","13","1","1","N","0","0","40 00:23.630","","0","75 09:54.670","4","0","0","0","67301","0","0","0","N","0","0","0","2","67301","1","","1.0","","1","N","N","Y","0","","0","0","0","0","0","","1311","3","1","2","0","0","0","0","2","0","3","0","0","0","4","04","","N","","","","","","","","","",""
"2020072490","1602","0","0","0","0","0","0","0","0","0","1","1","","67","9","2020","6","40.104317","-75.001762","1553","6","0","0","0","0","0","1","0","0","","0","1","0","14","1","1","N","0","2","40 06:15.541","1","0","75 00:06.343","3","0","0","0","67301","0","0","0","N","0","0","0","2","67301","0","","1.0","1620.0","1","N","N","N","0","","1","0","1","3","2","N","1450","2","1","0","0","0","0","0","2","0","2","0","0","0","3","03","","N","","","","","","","","","",""
"2020046648","0816","0","0","0","0","0","0","0","0","0","7","0","","67","4","2020","7","39.959932","-75.17925","0816","6","0","0","0","0","0","0","0","0","","0","0","0","8","1","0","N","0","1","39 57:35.755","3","0","75 10:45.301","0","0","0","0","67301","0","0","0","N","0","0","0","1","68K01","0","","4.0","900.0","9","N","N","N","1","","0","0","0","0","0","N","816","1","0","0","0","0","0","0","2","0","1","0","0","0","7","","","N","","","","","","","","","",""
"2020046777","1110","1","0","0","0","0","0","0","0","0","5","0","","67","6","2020","6","39.913561","-75.235928","1110","6","0","0","0","0","0","0","0","0","","0","0","0","10","1","0","N","0","0","39 54:48.820","","0","75 14:09.340","0","0","0","0","67301","0","0","0","N","0","0","0","1","67301","0","","2.0","","1","N","N","N","0","","0","0","1","0","0","","1040","2","0","0","0","0","0","0","2","0","2","0","0","0","3","03","","N","","","","","","","","","",""
"2020047383","0639","1","0","0","0","0","0","0","0","0","1","1","","67","6","2020","4","39.963118","-75.179174","0639","6","0","0","0","0","0","0","0","0","","0","1","0","5","5","0","","1","1","39 57:47.225","2","0","75 10:45.028","0","0","0","0","67301","0","0","0","N","0","0","0","3","67301","0","","1.0","700.0","1","N","N","N","0","","0","0","0","3","2","N","551","2","0","0","0","0","0","0","2","0","2","0","0","0","3","03","","N","","","","","","","","","",""
"2020032007","1640","1","0","0","0","0","0","0","0","0","4","0","","67","4","2020","5","39.962497","-75.238328","1638","6","0","0","0","0","0","0","0","0","","0","0","0","15","1","0","N","0","0","39 57:44.990","","0","75 14:17.980","0","0","0","0","67301","0","0","0","N","0","0","0","1","67301","0","","1.0","","1","N","N","N","0","","0","0","0","0","0","","1505","2","0","0","0","0","0","0","2","1","2","0","0","0","3","03","","N","","","","","","","","","",""
"2020031886","1118","2","0","0","0","0","0","0","0","0","4","0","","67","4","2020","2","39.958665","-75.213988","1116","6","0","0","0","0","0","1","0","0","","0","0","0","11","1","0","","1","0","39 57:31.195","","0","75 12:50.358","0","0","0","0","67301","0","0","0","N","0","0","0","2","67301","0","","1.0","","1","N","N","N","0","","0","0","0","3","2","","1110","2","0","0","0","0","0","0","2","0","2","0","0","0","3","03","","N","","","","","","","","","",""
"2020030863","1903","0","0","0","0","0","0","0","0","0","4","0","","67","3","2020","6","39.944662","-75.165226","1733","6","0","0","0","0","0","0","0","1","","0","0","0","17","1","1","","1","0","39 56:40.784","","0","75 09:54.813","3","0","0","1","67301","0","0","0","N","0","0","0","2","67301","0","","1.0","","1","N","N","N","0","","1","0","1","3","2","","1730","2","1","0","0","0","0","0","2","0","2","0","0","0","3","03","","N","","","","","","","","","",""
"2020033703","1134","2","0","0","0","0","0","0","0","0","4","0","","67","4","2020","1","39.962047","-75.159293","1132","6","0","0","0","0","0","0","0","0","","0","0","0","11","1","3","","1","1","39 57:43.370","1","0","75 09:33.455","3","0","0","0","67301","0","0","0","N","0","0","0","3","67301","0","","1.0","1300.0","1","N","N","N","0","","3","0","0","3","2","Y","1129","2","3","1","0","0","0","0","2","0","2","0","0","0","3","03","","N","","","","","","","","","",""
"2020034596","1647","1","0","0","0","0","0","0","0","0","1","0","","67","4","2020","2","39.904005","-75.240101","1647","6","0","0","0","0","0","1","0","0","","0","0","0","16","1","0","","1","0","39 54:14.419","","0","75 14:24.364","0","0","0","0","67301","0","0","0","N","0","0","0","2","67301","0","","1.0","","1","N","N","N","0","","0","0","1","3","2","","1640","2","0","0","0","0","0","0","2","0","2","0","0","0","3","03","","N","","","","","","","","","",""
"2020069332","0411","1","0","0","0","0","0","0","0","0","7","0","","67","8","2020","3","39.958345","-75.180388","0350","6","0","0","0","0","0","0","0","0","","0","0","0","3","3","2","N","7","2","39 57:30.041","4","2","75 10:49.395","3","0","0","0","67301","0","0","0","Y","0","0","0","2","68K01","0","","7.0","455.0","1","N","N","N","0","","1","0","0","0","0","N","345","1","2","2","0","0","1","0","2","0","1","0","0","0","3","","","N","","","","","","","","","",""
"2020029160","1825","3","0","0","0","0","0","0","0","0","2","0","","67","3","2020","3","40.031784","-75.031934","1822","6","0","0","0","0","0","0","0","0","","0","0","0","18","1","0","N","1","0","40 01:54.422","","0","75 01:54.962","0","0","0","1","67301","0","0","0","N","0","0","0","2","67301","0","","1.0","","1","N","N","N","0","","0","0","0","0","0","","1821","4","0","0","0","0","0","0","2","0","4","0","0","0","3","03","","N","","","","","","","","","",""
"2020048038","1626","0","0","0","0","0","0","0","0","0","5","0","","67","6","2020","4","39.951399","-75.182655","1620","6","0","0","0","0","0","0","0","0","","0","0","0","16","1","1","","7","2","39 57:05.035","4","2","75 10:57.558","8","0","0","0","67301","0","0","0","N","0","0","0","6","68K01","0","","7.0","100.0","1","N","N","N","0","","0","0","2","0","0","Y","1618","2","1","0","0","0","1","4","2","0","2","0","0","0","3","03","","N","","","","","","","","","",""
"2020073407","1718","1","0","0","0","0","0","0","0","0","5","0","","67","9","2020","3","40.06611","-75.026216","1714","6","0","0","0","0","0","0","0","0","","0","0","0","17","1","1","N","0","2","40 03:57.995","6","0","75 01:34.378","3","0","0","0","67301","0","0","0","N","0","0","0","1","67301","0","","1.0","1815.0","1","N","N","N","0","","1","0","1","0","0","Y","1710","2","1","0","0","0","0","0","2","0","2","0","0","0","3","03","","N","","","","","","","","","",""
"2020074446","1334","2","0","0","0","0","0","0","0","0","4","0","","67","8","2020","2","39.970278","-75.205861","1327","6","0","0","0","0","0","0","0","0","","0","0","0","13","1","1","","1","0","39 58:12.999","","0","75 12:21.099","3","0","0","0","67301","0","0","0","N","0","0","0","3","67301","0","","1.0","","1","N","N","N","0","","1","0","0","0","0","","1310","2","1","0","0","0","0","1","2","0","2","0","0","0","3","","","N","","","","","","","","","",""
"2020038184","1842","1","0","0","0","0","0","0","0","0","7","0","","67","4","2020","1","39.976598","-75.196076","1837","6","0","0","0","0","0","0","0","0","","0","0","0","18","1","0","N","0","1","39 58:35.752","4","0","75 11:45.874","0","0","0","0","67301","0","0","0","N","0","0","0","2","68K01","0","","2.0","1910.0","1","N","N","N","0","","0","0","0","0","0","N","1836","1","0","2","0","0","0","0","2","0","1","0","0","0","3","03","","N","","","","","","","","","",""
"2020073541","1515","1","0","0","0","0","0","0","0","0","7","0","","67","9","2020","2","40.117469","-75.021386","1510","6","0","0","0","0","0","0","0","0","","0","0","0","15","1","1","N","0","0","40 07:02.890","","0","75 01:16.990","8","0","0","0","67301","0","0","0","N","0","0","0","1","67301","0","","5.0","","1","N","N","N","0","","0","0","0","0","0","","1500","1","1","0","0","0","1","0","2","0","1","0","0","0","3","03","","N","","","","","","","","","",""
"2020022540","1121","0","0","0","0","0","0","0","0","0","0","0","","67","2","2020","1","39.898668","-75.180094","1114","6","0","0","0","0","0","0","0","0","","0","0","0","11","1","0","N","0","0","39 53:55.204","","0","75 10:48.339","0","0","0","0","67301","0","0","0","N","0","0","0","2","68K01","0","","1.0","","1","N","N","N","0","","0","0","1","0","0","","1112","2","0","0","0","0","0","0","2","1","2","0","0","0","3","04","","N","","","","","","","","","",""
"2020006089","1118","1","0","0","0","0","0","0","0","0","7","0","","67","1","2020","4","40.00713","-75.094069","1115","6","0","0","0","0","0","0","0","0","","0","0","0","11","1","1","","1","0","40 00:25.667","","0","75 05:38.650","3","0","0","0","67301","0","0","0","N","0","0","0","1","67301","0","","4.0","","1","N","N","N","0","","1","0","0","3","2","","1110","1","1","0","0","0","0","0","2","0","1","0","0","0","3","03","","N","","","","","","","","","",""
"2020001583","1643","1","0","0","0","0","0","0","0","0","4","0","","67","1","2020","6","40.03331","-75.080064","1633","6","0","0","0","0","0","1","0","0","","0","0","0","15","1","1","","1","0","40 01:59.916","","0","75 04:48.230","3","0","0","0","67301","0","0","0","N","0","0","0","4","67301","0","","1.0","","9","N","N","N","0","","1","0","1","3","3","","1550","2","1","0","0","0","0","0","2","0","2","0","0","0","7","","","N","","","","","","","","","",""
"2020001582","1342","2","0","0","0","0","0","0","0","0","4","0","","67","1","2020","6","40.050691","-75.066524","1332","6","0","0","0","0","0","1","0","0","","0","0","0","13","1","1","N","0","1","40 03:02.488","1","7","75 03:59.485","3","0","0","0","67301","0","0","0","N","0","0","0","4","67301","0","","1.0","1500.0","9","N","N","N","0","","1","0","0","0","0","N","1330","2","1","0","0","0","0","3","2","0","2","0","0","0","4","","","N","","","","","","","","","",""
"2020048040","1139","1","0","0","0","0","0","0","0","0","0","0","","67","6","2020","5","39.981204","-75.206826","1138","6","0","0","0","0","0","0","0","0","","0","0","0","11","1","1","N","0","0","39 58:52.334","","0","75 12:24.573","3","0","0","0","67301","0","0","0","N","0","0","0","1","68K01","0","","4.0","","9","N","N","N","0","","1","0","0","0","0","","1137","1","1","0","0","0","0","0","2","0","1","0","0","0","7","","","N","","","","","","","","","",""
"2020034597","1752","1","0","0","0","0","0","0","0","0","5","0","","67","4","2020","6","39.9254","-75.237467","1752","6","0","0","0","0","0","1","0","0","","0","0","0","17","4","1","N","0","0","39 55:31.440","","0","75 14:14.880","3","0","0","0","67301","0","0","0","N","0","0","0","1","67301","0","","6.0","","98","N","N","N","1","","1","0","2","0","0","","1745","4","1","0","0","0","0","0","2","0","4","0","0","0","4","","","N","","","","","","","","","",""
"2020069851","1108","1","0","0","0","0","0","0","0","0","1","0","","67","8","2020","1","39.969625","-75.192465","1108","6","0","0","0","0","1","1","0","0","","0","0","0","11","1","0","N","0","0","39 58:10.651","","0","75 11:32.873","0","0","0","0","67301","0","0","0","N","0","0","0","3","68K01","0","","1.0","","1","N","N","N","0","","0","0","1","0","0","","1108","2","0","0","0","0","0","0","2","0","2","0","0","0","3","03","","N","","","","","","","","","",""
"2020067669","1903","1","0","0","0","0","0","0","0","0","8","0","","67","8","2020","4","39.962785","-75.234532","1900","6","0","0","0","0","0","0","0","0","","0","0","0","18","1","2","","1","1","39 57:46.026","1","0","75 14:04.315","3","0","0","0","67301","2","0","0","N","2","0","0","3","67301","0","","1.0","1920.0","1","N","N","N","0","","1","0","0","3","2","Y","1857","3","2","0","0","0","1","0","2","0","1","2","0","0","3","","","N","","","","","","","","","",""
"2020030539","1100","2","0","0","0","0","0","0","0","0","4","0","","67","3","2020","1","40.028204","-75.109973","1057","6","0","0","0","0","0","0","1","0","","0","0","0","10","1","0","","1","0","40 01:41.536","","0","75 06:35.902","0","0","0","0","67301","0","0","0","N","0","0","0","2","67301","0","","1.0","","1","N","N","N","0","","0","0","0","3","2","","1055","2","0","0","0","0","0","0","2","0","2","0","0","0","3","03","","N","","","","","","","","","",""
"2020046932","2255","2","0","0","0","0","0","0","0","0","4","0","","67","6","2020","2","39.954593","-75.225995","2255","6","0","0","0","0","1","0","0","0","","0","0","0","22","3","1","","1","0","39 57:16.533","","0","75 13:33.583","3","0","0","0","67301","0","0","0","N","0","0","0","1","67301","0","","1.0","","1","N","N","N","0","","1","0","0","3","2","","2250","2","1","0","0","0","0","0","2","0","2","0","0","0","3","03","","N","","","","","","","","","",""
"2020017302","1303","3","0","0","0","0","0","0","0","0","1","0","","67","1","2020","4","39.958394","-75.166908","1256","6","0","0","0","0","0","0","0","0","","0","0","0","12","1","0","N","0","1","39 57:30.220","3","0","75 10:00.869","0","0","0","0","67301","0","0","0","N","0","0","0","3","68K01","0","","1.0","30.0","1","N","N","N","0","","0","0","0","0","0","N","1254","3","0","0","0","0","0","0","2","0","3","0","0","0","3","","","N","","","","","","","","","",""
"2020001927","1700","1","0","0","0","0","0","0","0","0","4","0","","67","1","2020","1","40.070862","-75.241404","1655","6","0","0","0","0","1","0","0","0","","0","0","0","16","1","2","N","0","1","40 04:15.104","2","0","75 14:29.055","8","0","0","0","67301","0","0","0","N","0","0","0","3","67301","0","","1.0","1800.0","1","N","N","N","0","","0","0","0","0","0","N","1650","2","2","0","0","0","2","0","2","1","2","0","0","0","3","03","","N","","","","","","","","","",""