"CRN","ARRIVAL_TM","AUTOMOBILE_COUNT","BELTED_DEATH_COUNT","BELTED_SUSP_SERIOUS_INJ_COUNT","BICYCLE_COUNT","BICYCLE_DEATH_COUNT","BICYCLE_SUSP_SERIOUS_INJ_COUNT","BUS_COUNT","CHLDPAS_DEATH_COUNT","CHLDPAS_SUSP_SERIOUS_INJ_COUNT","COLLISION_TYPE","COMM_VEH_COUNT","CONS_ZONE_SPD_LIM","COUNTY","CRASH_MONTH","CRASH_YEAR","DAY_OF_WEEK","DEC_LATITUDE","DEC_LONGITUDE","DISPATCH_TM","DISTRICT","DRIVER_COUNT_16YR","DRIVER_COUNT_17YR","DRIVER_COUNT_18YR","DRIVER_COUNT_19YR","DRIVER_COUNT_20YR","DRIVER_COUNT_50_64YR","DRIVER_COUNT_65_74YR","DRIVER_COUNT_75PLUS","EST_HRS_CLOSED","FATAL_COUNT","HEAVY_TRUCK_COUNT","HORSE_BUGGY_COUNT","HOUR_OF_DAY","ILLUMINATION","INJURY_COUNT","INTERSECTION_RELATED","INTERSECT_TYPE","LANE_CLOSED","LATITUDE","LN_CLOSE_DIR","LOCATION_TYPE","LONGITUDE","MAX_SEVERITY_LEVEL","MCYCLE_DEATH_COUNT","MCYCLE_SUSP_SERIOUS_INJ_COUNT","MOTORCYCLE_COUNT","MUNICIPALITY","NONMOTR_COUNT","NONMOTR_DEATH_COUNT","NONMOTR_SUSP_SERIOUS_INJ_COUNT","NTFY_HIWY_MAINT","PED_COUNT","PED_DEATH_COUNT","PED_SUSP_SERIOUS_INJ_COUNT","PERSON_COUNT","POLICE_AGCY","POSSIBLE_INJ_COUNT","RDWY_SURF_TYPE_CD","RELATION_TO_ROAD","ROADWAY_CLEARED","ROAD_CONDITION","SCH_BUS_IND","SCH_ZONE_IND","SECONDARY_CRASH","SMALL_TRUCK_COUNT","SPEC_JURIS_CD","SUSP_MINOR_INJ_COUNT","SUSP_SERIOUS_INJ_COUNT","SUV_COUNT","TCD_FUNC_CD","TCD_TYPE","TFC_DETOUR_IND","TIME_OF_DAY","TOTAL_UNITS","TOT_INJ_COUNT","UNBELTED_OCC_COUNT","UNB_DEATH_COUNT","UNB_SUSP_SERIOUS_INJ_COUNT","UNK_INJ_DEG_COUNT","UNK_INJ_PER_COUNT","URBAN_RURAL","VAN_COUNT","VEHICLE_COUNT","VULNERABLE_ROAD_USER_COUNT","VULNERABLE_ROAD_USER_DEATH_COUNT","VULNERABLE_ROAD_USER_SER_INJ_COUNT","WEATHER1","WEATHER2","WORKERS_PRES","WORK_ZONE_IND","WORK_ZONE_LOC","WORK_ZONE_TYPE","WZ_CLOSE_DETOUR","WZ_FLAGGER","WZ_LAW_OFFCR_IND","WZ_LN_CLOSURE","WZ_MOVING","WZ_OTHER","WZ_SHLDER_MDN","WZ_WORKERS_INJ_KILLED"
"2020004004","0210","0","0","0","0","0","0","0","0","0","5","0","","67","1","2020","2","40.024914","-75.081728","0152","6","0","0","0","0","0","0","0","0","","0","0","0","23","2","0","N","0","2","40 01:29.690","1","0","75 04:54.220","0","0","0","0","67301","0","0","0","N","0","0","0","1","67301","0","","6.0","315.0","1","N","N","N","0","","0","0","1","0","0","Y","2316","2","0","0","0","0","0","0","2","1","2","0","0","0","3","03","","N","","","","","","","","","",""
"2020014578","1519","1","0","0","0","0","0","0","0","0","7","0","","67","2","2020","3","40.046452","-75.00107","1500","6","0","0","0","0","0","0","0","0","","0","0","0","13","1","0","N","0","0","40 02:47.228","","0","75 00:03.853","0","0","0","0","67301","0","0","0","N","0","0","0","1","68K01","0","","3.0","","1","N","N","N","0","","0","0","0","0","0","","1356","1","0","0","0","0","0","0","2","0","1","0","0","0","3","","","N","","","","","","","","","",""
"2020045948","0922","1","0","0","0","0","0","0","0","0","7","0","","67","5","2020","7","40.009491","-75.065315","0916","6","0","0","0","0","0","0","0","0","","0","0","0","9","1","2","N","0","1","40 00:34.168","1","0","75 03:55.134","3","0","0","0","67301","0","0","0","N","0","0","0","2","68K01","0","","3.0","935.0","9","N","N","N","0","","2","0","0","0","0","N","904","1","2","0","0","0","0","0","2","0","1","0","0","0","7","07","","N","","","","","","","","","",""
"2020034399","1035","1","0","0","0","0","0","0","0","0","7","0","","67","4","2020","5","39.947655","-75.142189","0127","6","0","0","0","0","0","0","0","0","","0","0","0","1","3","0","N","0","0","39 56:51.557","","0","75 08:31.879","0","0","0","0","67301","0","0","0","N","0","0","0","1","68K01","0","","4.0","","1","N","N","N","0","","0","0","0","0","0","","125","1","0","0","0","0","0","0","2","0","1","0","0","0","3","","","N","","","","","","","","","",""
"2020029906","1630","2","0","0","0","0","0","0","0","0","4","0","","67","3","2020","6","39.926271","-75.164973","1622","6","0","0","0","0","0","1","0","0","","0","0","0","15","1","1","","1","0","39 55:34.575","","0","75 09:53.902","3","0","0","1","67301","0","0","0","N","0","0","0","2","67301","0","","1.0","","1","N","N","N","0","","1","0","0","0","0","","1530","3","1","0","0","0","0","0","2","0","3","0","0","0","3","03","","N","","","","","","","","","",""
"2020047300","2150","1","0","0","0","0","0","0","0","0","4","0","","67","6","2020","2","39.949556","-75.165965","2146","6","0","0","0","0","0","0","0","0","","0","0","0","21","1","0","","1","0","39 56:58.402","","0","75 09:57.474","0","0","0","0","67301","0","0","0","N","0","0","0","2","67301","0","","1.0","","1","N","N","N","0","","0","0","0","3","2","","2130","2","0","0","0","0","0","0","2","1","2","0","0","0","3","03","","N","","","","","","","","","",""
"2020033293","1055","2","0","0","0","0","0","0","0","0","1","0","","67","4","2020","6","39.999176","-75.099746","1037","6","0","0","0","0","0","1","0","0","","0","0","0","10","1","0","Y","0","0","39 59:57.034","","0","75 05:59.086","0","0","0","0","67301","0","0","0","N","0","0","0","1","67301","0","","6.0","","1","N","N","N","0","","0","0","0","0","0","","1004","2","0","1","0","0","0","0","2","0","2","0","0","0","3","03","","N","","","","","","","","","",""
"2020001379","1853","1","0","0","0","0","0","0","0","0","4","0","","67","1","2020","5","39.959686","-75.176314","1843","6","0","0","0","0","0","1","0","0","","0","0","0","18","3","2","N","0","2","39 57:34.869","4","0","75 10:34.730","3","0","0","0","67301","0","0","0","N","0","0","0","3","68K01","0","","1.0","30.0","1","N","N","N","0","","2","0","0","0","0","N","1840","2","2","0","0","0","0","0","2","1","2","0","0","0","3","03","","N","","","","","","","","","",""
"2020012381","1900","3","0","0","0","0","0","0","0","0","1","0","","67","1","2020","4","39.966575","-75.239816","1900","6","0","0","0","0","0","0","0","0","","0","0","0","19","3","0","","1","0","39 57:59.670","","0","75 14:23.337","0","0","0","0","67301","0","0","0","N","0","0","0","3","67301","0","","1.0","","1","N","N","N","0","","0","0","0","3","2","","1900","3","0","2","0","0","0","0","2","0","3","0","0","0","3","03","","N","","","","","","","","","",""
"2020001968","0058","1","0","0","0","0","0","0","0","0","4","0","","67","1","2020","1","39.971403","-75.164433","0056","6","0","0","0","0","1","0","0","0","","0","0","0","0","3","3","","1","2","39 58:17.050","2","0","75 09:51.958","3","0","0","0","67301","0","0","0","N","0","0","0","4","67301","0","","1.0","230.0","9","N","N","N","0","","3","0","1","3","3","N","50","2","3","0","0","0","0","0","2","0","2","0","0","0","3","03","","N","","","","","","","","","",""
"2020047380","1610","0","0","0","0","0","0","0","0","0","4","1","","67","6","2020","2","39.957208","-75.142176","1609","6","0","0","0","0","0","1","0","0","","0","1","0","15","1","0","","5","0","39 57:25.948","","2","75 08:31.833","0","0","0","0","67301","0","0","0","N","0","0","0","2","67301","0","","1.0","","1","N","N","N","0","","0","0","1","3","2","","1540","2","0","0","0","0","0","0","2","0","2","0","0","0","3","03","","N","","","","","","","","","",""
"2020030675","2344","1","0","0","0","0","0","0","0","0","6","0","","67","3","2020","3","40.041754","-75.106066","2309","6","0","0","0","0","0","0","0","0","","0","0","0","22","3","1","N","0","0","40 02:30.314","","7","75 06:21.838","3","0","0","0","67301","0","0","0","N","0","0","0","2","67301","0","","1.0","","1","N","N","N","0","","1","0","1","0","0","","2256","2","1","0","0","0","0","1","2","0","2","0","0","0","3","","","N","","","","","","","","","",""
"2020033731","1611","0","0","0","0","0","0","0","0","0","1","0","","67","4","2020","7","39.891866","-75.235953","1608","6","0","0","0","0","0","0","0","0","","0","0","0","16","1","1","N","0","2","39 53:30.717","1","0","75 14:09.430","2","0","1","1","67301","0","0","0","N","0","0","0","2","68K01","0","","1.0","1711.0","1","N","N","N","0","","0","1","0","3","8","Y","1607","2","1","0","0","0","0","1","2","0","2","0","0","0","3","","","N","","","","","","","","","",""
"2020090779","1201","1","0","0","0","0","0","0","0","0","1","0","","67","10","2020","6","39.959637","-75.175923","1150","6","0","0","0","0","0","0","0","0","","0","0","0","11","1","1","N","0","0","39 57:34.693","","0","75 10:33.322","8","0","0","0","67301","0","0","0","N","0","0","0","5","68K01","0","","1.0","","9","N","N","N","0","","0","0","1","0","0","","1145","2","1","0","0","0","1","1","2","0","2","0","0","0","7","07","","N","","","","","","","","","",""
"2020046523","0026","2","0","0","0","0","0","0","0","0","5","0","","67","6","2020","1","39.929064","-75.167008","0013","6","0","0","0","0","0","0","0","0","","0","0","0","0","3","0","N","0","0","39 55:44.630","","0","75 10:01.230","0","0","0","0","67301","0","0","0","N","0","0","0","1","67301","0","","6.0","","1","N","N","N","0","","0","0","1","0","0","","10","3","0","0","0","0","0","0","2","0","3","0","0","0","3","03","","N","","","","","","","","","",""
"2020029445","0543","1","0","0","0","0","0","0","0","0","7","0","","67","3","2020","5","39.956586","-75.152414","0537","6","0","0","0","0","0","0","0","0","","0","0","0","5","3","0","","1","2","39 57:23.709","7","0","75 09:08.690","9","0","0","0","67301","0","0","0","N","0","0","0","3","67301","0","","4.0","755.0","1","N","N","N","0","","0","0","0","1","2","Y","530","1","0","0","0","0","0","3","2","0","1","0","0","0","3","03","","N","","","","","","","","","",""
"2020029400","1812","1","0","0","0","0","0","0","0","0","8","0","","67","3","2020","4","39.944416","-75.209766","1812","6","0","0","0","0","0","0","0","0","","0","0","0","18","1","1","","1","0","39 56:39.897","","0","75 12:35.157","3","0","0","0","67301","1","0","0","N","1","0","0","2","67301","0","","1.0","","1","N","N","N","0","","1","0","0","3","2","","1812","2","1","0","0","0","0","0","2","0","1","1","0","0","3","03","","N","","","","","","","","","",""
"2020029605","1650","2","0","0","0","0","0","0","0","0","4","0","","67","3","2020","5","39.975639","-75.265581","1650","6","0","0","0","0","0","0","0","0","","0","0","0","16","1","0","","1","1","39 58:32.300","1","0","75 15:56.091","0","0","0","0","67301","0","0","0","N","0","0","0","3","67301","0","","1.0","100.0","1","N","N","N","0","","0","0","0","3","2","N","1644","2","0","0","0","0","0","0","2","0","2","0","0","0","3","","","N","","","","","","","","","",""
"2020033030","0405","1","0","0","0","0","0","0","0","0","1","0","","67","4","2020","4","39.958968","-75.235469","0400","6","0","0","0","0","0","0","0","0","","0","0","0","4","2","0","N","0","0","39 57:32.286","","0","75 14:07.689","0","0","0","0","67301","0","0","0","N","0","0","0","1","67301","0","","6.0","","9","N","N","N","0","","0","0","2","0","0","","400","3","0","0","0","0","0","0","2","0","3","0","0","0","7","","","N","","","","","","","","","",""
"2020029256","1149","1","0","0","0","0","0","0","0","0","8","0","","67","3","2020","4","40.074357","-75.166072","1149","6","0","0","0","0","0","0","1","0","","0","0","0","11","1","1","","1","0","40 04:27.685","","0","75 09:57.859","3","0","0","0","67301","1","0","0","N","1","0","0","2","67301","0","","1.0","","1","N","N","N","0","","1","0","0","3","3","","1148","2","1","0","0","0","0","0","2","0","1","1","0","0","7","03","","N","","","","","","","","","",""
"2020041553","1730","1","0","0","0","0","0","0","0","0","8","0","","67","5","2020","3","39.990911","-75.123481","1725","6","0","0","0","0","0","0","0","0","","0","0","0","17","1","1","N","0","0","39 59:27.280","","0","75 07:24.530","3","0","0","0","67301","1","0","0","N","1","0","0","2","67301","0","","1.0","","1","N","N","N","0","","1","0","0","0","0","","1718","2","1","0","0","0","0","1","2","0","1","1","0","0","3","03","","N","","","","","","","","","",""
"2020057194","1700","1","0","0","0","0","0","0","0","0","1","0","","67","6","2020","2","39.977543","-75.111817","1644","6","0","0","0","0","0","0","0","0","","0","0","0","16","1","0","N","0","2","39 58:39.153","1","3","75 06:42.542","0","0","0","0","67301","0","0","0","N","0","0","0","4","68K01","0","","1.0","100.0","1","N","N","Y","0","","0","0","1","0","0","N","1638","4","0","0","0","0","0","0","2","2","4","0","0","0","3","03","","N","","","","","","","","","",""
"2020086194","2222","2","0","0","0","0","0","0","0","0","2","0","","67","10","2020","4","40.030129","-75.035161","2222","6","0","1","0","0","0","0","0","0","","0","0","0","22","3","1","","1","0","40 01:48.464","","0","75 02:06.579","3","0","0","0","67301","0","0","0","N","0","0","0","3","67301","0","","1.0","","1","N","N","N","0","","1","0","0","3","2","","2220","2","1","0","0","0","0","2","2","0","2","0","0","0","3","03","","N","","","","","","","","","",""
"2020046711","1744","2","0","0","0","0","0","0","0","0","1","0","","67","6","2020","5","39.9815","-75.207142","1737","6","0","0","0","0","1","1","0","0","","0","0","0","17","1","2","N","0","1","39 58:53.399","3","0","75 12:25.712","3","0","0","0","67301","0","0","0","N","0","0","0","4","68K01","0","","1.0","1750.0","1","N","N","N","0","","2","0","1","0","0","N","1736","3","2","0","0","0","0","0","2","0","3","0","0","0","3","","","N","","","","","","","","","",""
"2020047449","1228","1","0","0","0","0","0","0","0","0","1","0","","67","6","2020","5","39.891962","-75.236904","1219","6","0","0","0","0","0","1","0","0","","0","0","0","12","1","0","N","0","0","39 53:31.064","","0","75 14:12.855","0","0","0","0","67301","0","0","0","N","0","0","0","2","68K01","0","","1.0","","1","N","N","N","1","","0","0","0","0","0","","1216","2","0","0","0","0","0","0","2","0","2","0","0","0","3","","","N","","","","","","","","","",""
"2020018322","0832","0","0","0","0","0","0","0","0","0","7","0","","67","1","2020","7","40.029921","-75.022255","0830","6","0","0","0","0","0","0","0","0","","0","0","0","8","1","0","N","0","1","40 01:47.714","2","0","75 01:20.119","0","0","0","0","67301","0","0","0","N","0","0","0","1","68K01","0","","4.0","100.0","9","N","N","N","1","","0","0","0","0","0","N","829","1","0","0","0","0","0","0","2","0","1","0","0","0","5","","","N","","","","","","","","","",""
"2020027325","1614","0","0","0","1","0","0","0","0","0","8","0","","67","3","2020","3","40.046818","-75.185998","1600","6","0","0","0","0","0","0","0","0","","0","0","0","14","1","1","","1","0","40 02:48.544","","0","75 11:09.592","3","0","0","0","67301","1","0","0","N","0","0","0","2","67301","0","","1.0","","1","N","N","N","0","","1","0","1","0","0","","1457","2","1","0","0","0","0","0","2","0","1","1","0","0","3","03","","N","","","","","","","","","",""
"2020030111","1230","1","0","0","0","0","0","0","0","0","8","0","","67","3","2020","7","40.015873","-75.153841","1213","6","0","0","0","0","0","0","0","0","","0","0","0","21","3","1","","1","0","40 00:57.144","","0","75 09:13.828","3","0","0","0","67301","1","0","0","N","1","0","0","2","67301","0","","1.0","","9","N","N","N","0","","1","0","0","3","2","","2123","2","1","0","0","0","0","0","2","0","1","1","0","0","7","","","N","","","","","","","","","",""
"2020036394","2305","3","0","0","0","0","0","0","0","0","4","0","","67","3","2020","5","39.929458","-75.173545","2300","6","0","0","0","0","0","0","0","0","","0","0","0","22","3","2","","2","2","39 55:46.049","2","0","75 10:24.762","8","0","0","0","67301","0","0","0","N","0","0","0","2","67301","0","","1.0","200.0","1","N","N","N","0","","0","0","0","3","3","Y","2240","3","2","1","0","0","2","0","2","0","3","0","0","0","3","03","","N","","","","","","","","","",""
"2020027681","0609","2","0","0","0","0","0","0","0","0","4","0","","67","3","2020","3","40.05431","-75.049499","0604","6","0","0","0","0","0","1","0","0","","0","0","0","6","1","0","","1","1","40 03:15.517","2","0","75 02:58.198","0","0","0","0","67301","0","0","0","N","0","0","0","2","67301","0","","1.0","630.0","9","N","N","N","0","","0","0","0","3","2","N","604","2","0","0","0","0","0","0","2","0","2","0","0","0","7","07","","N","","","","","","","","","",""
"2020034033","1452","1","0","0","0","0","0","0","0","0","1","0","","67","3","2020","2","39.887175","-75.204889","1442","6","0","0","0","0","0","0","0","0","","0","0","0","14","1","2","N","0","1","39 53:13.829","2","0","75 12:17.599","8","0","0","0","67301","0","0","0","N","0","0","0","2","68K01","0","","2.0","1532.0","9","N","N","N","0","","0","0","1","3","8","N","1441","2","2","0","0","0","2","0","2","0","2","0","0","0","7","","","N","","","","","","","","","",""
"2020055225","2325","0","0","0","0","0","0","0","0","0","8","0","","67","7","2020","3","39.935962","-75.168898","2318","6","0","0","0","0","0","0","0","0","","0","0","0","21","3","1","","1","0","39 56:09.463","","0","75 10:08.032","4","0","0","0","67301","1","0","0","N","1","0","0","2","67301","1","","1.0","","1","N","N","N","0","","0","0","0","9","9","","2120","2","1","0","0","0","0","1","2","0","1","1","0","0","3","","","N","","","","","","","","","",""
"2020027341","2033","0","0","0","0","0","0","0","0","0","7","0","","67","3","2020","2","39.940108","-75.188079","2032","6","0","0","0","0","0","0","0","0","","0","0","0","20","3","1","","2","0","39 56:24.388","","0","75 11:17.084","3","0","0","0","67301","0","0","0","N","0","0","0","1","67301","0","","4.0","","1","N","N","N","1","","1","0","0","3","2","","2025","1","1","0","0","0","0","0","2","0","1","0","0","0","3","","","N","","","","","","","","","",""
"2020068074","1452","0","0","0","0","0","0","0","0","0","5","0","","67","8","2020","3","39.984151","-75.208331","1449","6","0","0","0","0","0","1","0","0","","0","0","0","14","1","0","N","0","0","39 59:02.942","","0","75 12:29.993","0","0","0","0","67301","0","0","0","N","0","0","0","2","68K01","0","","1.0","","1","N","N","N","1","","0","0","1","0","0","","1433","2","0","0","0","0","0","0","2","0","2","0","0","0","3","03","","N","","","","","","","","","",""
"2020029928","0000","1","0","0","0","0","0","0","0","0","4","0","","67","3","2020","5","40.03054","-75.118198","2357","6","0","0","0","0","1","1","0","0","","0","0","0","23","3","0","","1","2","40 01:49.943","5","0","75 07:05.511","0","0","0","0","67301","0","0","0","N","0","0","0","2","67301","0","","1.0","100.0","1","N","N","N","0","","0","0","1","3","1","Y","2340","2","0","0","0","0","0","0","2","0","2","0","0","0","98","","","N","","","","","","","","","",""
"2020029488","0652","1","0","0","0","0","0","0","0","0","7","0","","67","3","2020","5","40.032178","-75.021263","0632","6","0","0","0","1","0","0","0","0","","0","0","0","6","3","0","N","0","0","40 01:55.839","","0","75 01:16.548","0","0","0","0","67301","0","0","0","N","0","0","0","2","68K01","0","","4.0","","9","N","N","N","0","","0","0","0","0","0","","630","1","0","0","0","0","0","0","2","0","1","0","0","0","7","","","N","","","","","","","","","",""
"2020044497","1459","0","0","0","0","0","0","0","0","0","8","0","","67","5","2020","1","39.926958","-75.231161","1459","6","0","0","0","0","0","0","0","0","","0","0","0","21","3","1","","2","0","39 55:37.048","","0","75 13:52.179","3","0","0","0","67301","1","0","0","N","1","0","0","2","67301","0","","1.0","","1","N","N","N","0","","1","0","0","0","0","","2110","2","1","0","0","0","0","0","2","0","1","1","0","0","3","","","N","","","","","","","","","",""
"2020069613","0810","2","0","0","0","0","0","0","0","0","4","0","","67","8","2020","5","40.078308","-75.024241","0807","6","0","0","0","0","0","1","0","0","","0","0","0","8","1","1","N","0","0","40 04:41.910","","7","75 01:27.268","4","0","0","0","67301","0","0","0","N","0","0","0","2","67301","1","","2.0","","1","N","N","N","0","","0","0","0","0","0","","806","2","1","2","0","0","0","0","2","0","2","0","0","0","3","03","","N","","","","","","","","","",""
"2020070926","0301","0","0","0","0","0","0","0","0","0","8","0","","67","8","2020","1","40.031731","-75.178861","0301","6","0","0","0","0","0","0","0","0","","0","0","0","3","8","1","","1","0","40 01:54.231","","0","75 10:43.900","8","0","0","0","67301","1","0","0","N","1","0","0","2","67301","0","","1.0","","1","N","N","N","0","","0","0","1","3","2","","301","2","1","1","0","0","1","1","2","0","1","1","0","0","3","03","","N","","","","","","","","","",""
"2020038922","0641","0","0","0","0","0","0","0","0","0","7","0","","67","4","2020","2","39.886477","-75.242696","0641","6","0","0","0","0","0","0","0","0","","0","0","0","6","3","0","N","0","0","39 53:11.317","","0","75 14:33.707","0","0","0","0","67301","0","0","0","Y","0","0","0","1","68K01","0","","3.0","","9","N","N","N","0","","0","0","1","0","0","","641","1","0","0","0","0","0","0","2","0","1","0","0","0","7","02","","N","","","","","","","","","",""
"2020068092","0639","0","0","0","0","0","0","0","0","0","5","1","","67","8","2020","1","40.042013","-75.003793","0639","6","0","0","0","0","0","0","0","0","","0","0","0","5","5","0","N","0","1","40 02:31.246","1","0","75 00:13.655","9","0","0","0","67301","0","0","0","N","0","0","0","2","68K01","0","","1.0","700.0","9","N","N","Y","0","","0","0","0","0","0","N","545","2","0","0","0","0","0","1","2","1","2","0","0","0","7","","","N","","","","","","","","","",""
"2020030724","0303","3","0","0","0","0","0","0","0","0","5","0","","67","3","2020","1","39.967612","-75.180066","0301","6","0","0","0","0","0","0","0","0","","0","0","0","2","3","0","N","0","0","39 58:03.403","","0","75 10:48.237","0","0","0","0","67301","0","0","0","N","0","0","0","1","67301","0","","6.0","","9","N","N","N","0","","0","0","1","3","3","","257","4","0","0","0","0","0","0","2","0","4","0","0","0","98","","","N","","","","","","","","","",""
"2020034162","1345","0","0","0","0","0","0","0","0","0","4","0","","67","4","2020","3","39.97552","-75.166764","1340","6","0","0","0","0","0","0","0","0","","0","0","0","13","1","0","","1","0","39 58:31.871","","0","75 10:00.351","0","0","0","0","67301","0","0","0","N","0","0","0","2","67301","0","","1.0","","1","N","N","N","0","","0","0","1","3","2","","1340","2","0","0","0","0","0","0","2","0","2","0","0","0","4","03","","N","","","","","","","","","",""
"2020039534","1620","1","0","0","0","0","0","0","0","0","5","0","","67","4","2020","4","39.97099","-75.193104","1615","6","0","0","0","0","0","1","0","0","","0","0","0","16","1","0","N","0","2","39 58:15.564","4","0","75 11:35.173","0","0","0","0","67301","0","0","0","N","0","0","0","2","68K01","0","","1.0","30.0","1","N","N","N","0","","0","0","1","0","0","N","1613","2","0","0","0","0","0","0","2","0","2","0","0","0","3","","","N","","","","","","","","","",""
"2020072491","2218","0","0","0","0","0","0","0","0","0","1","0","","67","9","2020","6","40.060398","-74.990435","2209","6","0","0","0","0","0","0","1","0","","0","0","0","21","3","2","","1","0","40 03:37.434","","0","74 59:25.565","3","0","0","0","67301","0","0","0","N","0","0","0","3","67301","0","","1.0","","1","N","N","N","0","","2","0","2","3","2","","2155","2","2","0","0","0","0","1","2","0","2","0","0","0","3","03","","N","","","","","","","","","",""
"2020027977","0725","3","0","0","0","0","0","0","0","0","1","0","","67","3","2020","6","39.952667","-75.132417","0723","6","0","0","0","0","0","0","0","0","","0","0","0","7","5","0","N","0","2","39 57:09.600","4","3","75 07:56.700","0","0","0","0","67301","0","0","0","N","0","0","0","3","67501","0","","1.0","758.0","9","N","N","Y","0","","0","0","0","3","1","N","723","3","0","0","0","0","0","0","1","0","3","0","0","0","7","05","","N","","","","","","","","","",""
"2020028222","1640","2","0","0","0","0","0","0","0","0","4","0","","67","3","2020","6","40.00868","-75.068855","1633","6","0","0","0","0","0","0","0","0","","0","0","0","16","1","1","","1","0","40 00:31.249","","0","75 04:07.877","3","0","0","0","67301","0","0","0","N","0","0","0","2","67301","0","","1.0","","1","N","N","N","0","","1","0","0","3","2","","1632","2","1","0","0","0","0","0","2","0","2","0","0","0","3","03","","N","","","","","","","","","",""
"2020027593","0839","1","0","0","0","0","0","0","0","0","7","0","","67","1","2020","7","39.960105","-75.180504","0831","6","0","0","0","0","0","0","0","0","","0","0","0","8","1","0","N","0","1","39 57:36.378","3","0","75 10:49.815","0","0","0","0","67301","0","0","0","N","0","0","0","1","68K01","0","","2.0","900.0","9","N","N","N","0","","0","0","0","0","0","N","828","1","0","0","0","0","0","0","2","0","1","0","0","0","7","04","","N","","","","","","","","","",""
"2020047854","0329","1","0","0","0","0","0","0","0","0","7","0","","67","6","2020","7","40.019578","-75.095672","0321","6","0","0","0","0","0","0","0","0","","0","0","0","1","3","0","N","0","0","40 01:10.480","","0","75 05:44.420","0","0","0","0","67301","0","0","0","N","0","0","0","0","67301","0","","2.0","","1","N","Y","N","0","","0","0","0","0","0","","127","1","0","0","0","0","0","0","2","0","1","0","0","0","3","","","N","","","","","","","","","",""
"2020009011","1945","1","0","0","0","0","0","0","0","0","1","0","","67","1","2020","3","40.020086","-75.150978","1921","6","0","0","0","0","1","0","0","0","","0","0","0","19","3","0","N","0","1","40 01:12.311","2","0","75 09:03.522","0","0","0","0","67301","0","0","0","N","0","0","0","5","67301","0","","1.0","2000.0","1","N","N","N","0","","0","0","1","0","0","N","1921","2","0","0","0","0","0","0","2","0","2","0","0","0","3","03","","N","","","","","","","","","",""
"2020010999","1806","0","0","0","0","0","0","0","0","0","8","0","","67","1","2020","3","39.953879","-75.158909","1802","6","0","0","0","0","0","0","0","0","","0","0","0","17","3","1","N","0","0","39 57:13.965","","0","75 09:32.074","3","0","0","0","67301","1","0","0","N","1","0","0","2","67301","0","","4.0","","1","N","N","N","0","","1","0","1","0","0","","1755","2","1","0","0","0","0","0","2","0","1","1","0","0","3","","","N","","","","","","","","","",""
"2020002011","1121","1","0","0","0","0","0","0","0","0","4","0","","67","1","2020","4","40.021542","-75.139806","1121","6","0","0","0","0","0","0","0","0","2","0","0","0","11","1","1","","1","2","40 01:17.552","2","0","75 08:23.303","3","0","0","0","67301","0","0","0","N","0","0","0","6","67301","0","","1.0","9999.0","1","N","N","N","0","","1","0","1","3","2","Y","1121","2","1","0","0","0","0","0","2","0","2","0","0","0","3","","","N","","","","","","","","","",""
"2020034016","2103","0","0","0","0","0","0","0","0","0","4","0","","67","4","2020","2","39.997642","-75.146786","2100","6","0","0","0","0","0","0","0","0","9","0","0","0","19","3","1","","5","0","39 59:51.511","","0","75 08:48.429","3","0","0","0","67301","0","0","0","N","0","0","0","3","67301","0","","1.0","","1","N","N","N","0","","1","0","1","3","3","","1918","2","1","1","0","0","0","0","2","1","2","0","0","0","3","","","N","","","","","","","","","",""
"2020072492","0223","0","0","0","0","0","0","0","0","0","7","0","","67","9","2020","3","39.892011","-75.224421","0238","6","0","0","0","0","0","0","1","0","","0","1","0","2","3","1","N","0","0","39 53:31.239","","1","75 13:27.915","3","0","0","0","67301","0","0","0","N","0","0","0","1","67301","0","","4.0","","1","N","N","N","0","","1","0","0","0","0","","219","1","1","0","0","0","0","0","2","0","1","0","0","0","3","03","","N","","","","","","","","","",""
"2020032667","1241","1","0","0","0","0","0","0","0","0","7","0","","67","4","2020","2","39.919681","-75.202884","1241","6","0","0","0","0","0","0","0","0","","0","0","0","12","1","2","N","0","1","39 55:10.852","4","3","75 12:10.382","4","0","0","0","67301","0","0","0","N","0","0","0","2","67301","2","","2.0","1301.0","9","N","N","N","0","","0","0","0","9","9","N","1240","1","2","0","0","0","0","0","2","0","1","0","0","0","7","08","","N","","","","","","","","","",""
"2020074319","0920","1","0","0","0","0","0","0","0","0","3","0","","67","9","2020","4","39.922138","-75.218069","0915","6","0","0","0","0","0","0","0","0","","0","0","0","16","1","2","","2","0","39 55:19.695","","0","75 13:05.049","8","0","0","0","67301","0","0","0","N","0","0","0","3","67301","0","","1.0","","1","N","N","N","1","","0","0","0","3","2","","1600","2","2","0","0","0","2","0","2","0","2","0","0","0","4","04","","N","","","","","","","","","",""
"2020034392","1949","1","0","0","0","0","0","0","0","0","7","0","","67","4","2020","2","39.987172","-75.09065","1949","6","0","0","0","0","0","0","0","0","","0","0","0","19","4","1","N","0","2","39 59:13.819","2","0","75 05:26.341","3","0","0","0","67301","0","0","0","N","0","0","0","1","68K01","0","","3.0","35.0","1","N","N","N","0","","1","0","0","0","0","N","1945","1","1","0","0","0","0","0","2","0","1","0","0","0","3","03","","N","","","","","","","","","",""