"CRN","ARRIVAL_TM","AUTOMOBILE_COUNT","BELTED_DEATH_COUNT","BELTED_SUSP_SERIOUS_INJ_COUNT","BICYCLE_COUNT","BICYCLE_DEATH_COUNT","BICYCLE_SUSP_SERIOUS_INJ_COUNT","BUS_COUNT","CHLDPAS_DEATH_COUNT","CHLDPAS_SUSP_SERIOUS_INJ_COUNT","COLLISION_TYPE","COMM_VEH_COUNT","CONS_ZONE_SPD_LIM","COUNTY","CRASH_MONTH","CRASH_YEAR","DAY_OF_WEEK","DEC_LATITUDE","DEC_LONGITUDE","DISPATCH_TM","DISTRICT","DRIVER_COUNT_16YR","DRIVER_COUNT_17YR","DRIVER_COUNT_18YR","DRIVER_COUNT_19YR","DRIVER_COUNT_20YR","DRIVER_COUNT_50_64YR","DRIVER_COUNT_65_74YR","DRIVER_COUNT_75PLUS","EST_HRS_CLOSED","FATAL_COUNT","HEAVY_TRUCK_COUNT","HORSE_BUGGY_COUNT","HOUR_OF_DAY","ILLUMINATION","INJURY_COUNT","INTERSECTION_RELATED","INTERSECT_TYPE","LANE_CLOSED","LATITUDE","LN_CLOSE_DIR","LOCATION_TYPE","LONGITUDE","MAX_SEVERITY_LEVEL","MCYCLE_DEATH_COUNT","MCYCLE_SUSP_SERIOUS_INJ_COUNT","MOTORCYCLE_COUNT","MUNICIPALITY","NONMOTR_COUNT","NONMOTR_DEATH_COUNT","NONMOTR_SUSP_SERIOUS_INJ_COUNT","NTFY_HIWY_MAINT","PED_COUNT","PED_DEATH_COUNT","PED_SUSP_SERIOUS_INJ_COUNT","PERSON_COUNT","POLICE_AGCY","POSSIBLE_INJ_COUNT","RDWY_SURF_TYPE_CD","RELATION_TO_ROAD","ROADWAY_CLEARED","ROAD_CONDITION","SCH_BUS_IND","SCH_ZONE_IND","SECONDARY_CRASH","SMALL_TRUCK_COUNT","SPEC_JURIS_CD","SUSP_MINOR_INJ_COUNT","SUSP_SERIOUS_INJ_COUNT","SUV_COUNT","TCD_FUNC_CD","TCD_TYPE","TFC_DETOUR_IND","TIME_OF_DAY","TOTAL_UNITS","TOT_INJ_COUNT","UNBELTED_OCC_COUNT","UNB_DEATH_COUNT","UNB_SUSP_SERIOUS_INJ_COUNT","UNK_INJ_DEG_COUNT","UNK_INJ_PER_COUNT","URBAN_RURAL","VAN_COUNT","VEHICLE_COUNT","VULNERABLE_ROAD_USER_COUNT","VULNERABLE_ROAD_USER_DEATH_COUNT","VULNERABLE_ROAD_USER_SER_INJ_COUNT","WEATHER1","WEATHER2","WORKERS_PRES","WORK_ZONE_IND","WORK_ZONE_LOC","WORK_ZONE_TYPE","WZ_CLOSE_DETOUR","WZ_FLAGGER","WZ_LAW_OFFCR_IND","WZ_LN_CLOSURE","WZ_MOVING","WZ_OTHER","WZ_SHLDER_MDN","WZ_WORKERS_INJ_KILLED"
"2020035818","1620","3","0","1","0","0","0","0","0","0","1","0","","67","4","2020","3","40.041867","-75.072972","1615","6","0","0","0","1","0","1","0","0","","0","0","0","16","1","2","N","0","2","40 02:30.720","2","0","75 04:22.700","2","0","0","0","67301","0","0","0","N","0","0","0","2","67301","0","","1.0","1753.0","1","N","N","N","0","","1","1","1","0","0","Y","1610","4","2","0","0","0","0","0","2","0","4","0","0","0","3","03","","N","","","","","","","","","",""
"2020032842","2240","1","0","0","0","0","0","0","0","0","4","0","","67","4","2020","2","39.973478","-75.209839","2231","6","0","0","0","0","0","1","0","0","","0","0","0","22","3","3","","2","2","39 58:24.522","6","0","75 12:35.421","3","0","0","0","67301","0","0","0","N","0","0","0","5","67301","0","","1.0","120.0","1","N","N","Y","0","","3","0","2","3","2","Y","2215","4","3","1","0","0","0","1","2","1","4","0","0","0","3","03","","N","","","","","","","","","",""
"2020036599","0452","0","0","0","0","0","0","0","0","0","7","0","","67","4","2020","1","39.930268","-75.198309","0450","6","0","0","0","0","0","0","0","0","","0","0","0","4","3","1","N","0","0","39 55:48.966","","0","75 11:53.913","4","0","0","0","67301","0","0","0","N","0","0","0","2","68K01","1","","3.0","","1","N","N","N","0","","0","0","1","0","0","","449","1","1","0","0","0","0","0","2","0","1","0","0","0","3","","","N","","","","","","","","","",""
"2020034099","1444","0","0","0","0","0","0","0","0","0","7","0","","67","4","2020","1","40.033527","-75.020386","1420","6","0","0","0","0","0","0","0","0","","0","0","0","14","1","1","N","0","1","40 02:00.696","2","0","75 01:13.391","8","0","0","0","67301","0","0","0","N","0","0","0","2","68K01","0","","4.0","100.0","1","N","N","N","1","","0","0","0","0","0","N","1417","1","1","2","0","0","1","0","2","0","1","0","0","0","3","","","N","","","","","","","","","",""
"2020073056","1924","1","0","0","0","0","0","0","0","0","8","0","","67","9","2020","3","39.999615","-75.068966","1924","6","0","0","0","1","0","0","0","0","","0","0","0","19","1","1","","1","0","39 59:58.614","","0","75 04:08.279","4","0","0","0","67301","1","0","0","N","1","0","0","3","67301","1","","1.0","","1","N","N","N","0","","0","0","0","3","3","","1900","2","1","2","0","0","0","0","2","0","1","1","0","0","3","03","","N","","","","","","","","","",""
"2020034295","1742","3","0","0","0","0","0","0","0","0","4","0","","67","4","2020","6","39.997621","-75.129468","1741","6","0","0","0","0","0","0","0","0","","0","0","0","17","1","1","","1","0","39 59:51.435","","0","75 07:46.084","3","0","0","0","67301","0","0","0","N","0","0","0","3","67301","0","","1.0","","9","N","N","N","0","","1","0","1","9","3","","1731","4","1","1","0","0","0","0","2","0","4","0","0","0","7","04","","N","","","","","","","","","",""
"2020033706","1210","1","0","0","0","0","0","0","0","0","4","0","","67","4","2020","1","39.998157","-75.133428","1203","6","0","0","0","0","0","0","0","0","","0","0","0","12","1","1","","1","2","39 59:53.365","2","0","75 08:00.340","3","0","0","1","67301","0","0","0","N","0","0","0","2","67301","0","","1.0","1239.0","1","N","N","N","0","","1","0","0","3","3","Y","1200","2","1","1","0","0","0","0","2","0","2","0","0","0","3","03","","N","","","","","","","","","",""
"2020034602","1632","1","0","0","0","0","0","0","0","0","4","0","","67","4","2020","3","39.941865","-75.225534","1632","6","0","0","0","0","0","1","0","0","","0","0","0","16","1","3","","1","1","39 56:30.713","6","0","75 13:31.922","3","0","0","0","67301","0","0","0","N","0","0","0","3","67301","1","","1.0","1934.0","1","N","N","Y","1","","2","0","0","3","2","N","1615","2","3","0","0","0","0","0","2","0","2","0","0","0","3","03","","N","","","","","","","","","",""
"2020046294","0245","2","0","0","0","0","0","0","0","0","5","0","","67","6","2020","1","40.044152","-75.164428","0240","6","0","0","0","0","0","0","0","0","","0","0","0","2","3","0","N","0","0","40 02:38.947","","0","75 09:51.940","0","0","0","0","67301","0","0","0","N","0","0","0","2","67301","0","","6.0","","1","N","N","N","0","","0","0","0","0","0","","230","3","0","0","0","0","0","0","2","1","3","0","0","0","3","03","","N","","","","","","","","","",""
"2020027327","0628","1","0","0","0","0","0","0","0","0","8","0","","67","3","2020","3","40.011333","-75.112331","0624","6","0","0","0","0","0","0","0","0","","0","0","0","6","6","1","N","0","2","40 00:40.800","7","0","75 06:44.390","2","0","0","0","67301","1","0","1","N","1","0","1","2","67301","0","","1.0","700.0","9","N","N","N","0","","0","1","0","0","0","Y","620","2","1","0","0","0","0","0","2","0","1","1","0","1","7","","","N","","","","","","","","","",""
"2020029517","1402","0","0","0","0","0","0","0","0","0","4","0","","67","3","2020","2","39.986404","-75.169612","1354","6","0","0","0","0","0","0","0","0","","0","0","0","13","1","0","","1","0","39 59:11.054","","0","75 10:10.603","0","0","0","0","67301","0","0","0","N","0","0","0","4","67301","0","","1.0","","9","N","N","N","0","","0","0","2","3","2","","1348","2","0","0","0","0","0","0","2","0","2","0","0","0","7","04","","N","","","","","","","","","",""
"2020069609","2020","1","0","0","0","0","0","0","0","0","8","0","","67","8","2020","3","40.039151","-75.110002","2009","6","0","0","0","0","0","0","0","0","","0","0","0","20","3","1","","1","0","40 02:20.942","","0","75 06:36.006","3","0","0","0","67301","1","0","0","N","1","0","0","1","67301","0","","1.0","","1","N","N","N","0","","1","0","0","3","2","","2004","2","1","0","0","0","0","0","2","0","1","1","0","0","3","","","N","","","","","","","","","",""
"2020034037","0453","1","0","0","0","0","0","0","0","0","7","0","","67","3","2020","1","40.007549","-75.201223","0446","6","0","0","0","0","0","0","0","0","","0","0","0","4","3","1","N","0","1","40 00:27.175","3","0","75 12:04.404","4","0","0","0","67301","0","0","0","N","0","0","0","1","68K01","1","","4.0","520.0","9","N","N","N","0","","0","0","0","0","0","N","445","1","1","0","0","0","0","0","2","0","1","0","0","0","3","03","","N","","","","","","","","","",""
"2020032315","1620","0","0","0","0","0","0","0","0","0","0","0","","67","3","2020","4","39.940832","-75.143506","1614","6","0","0","0","0","0","0","0","0","","0","0","0","16","1","1","N","7","0","39 56:26.994","","2","75 08:36.622","8","0","0","0","67301","0","0","0","N","0","0","0","1","68K01","0","","4.0","","1","N","N","N","1","","0","0","0","0","0","","1614","1","1","1","0","0","1","0","2","0","1","0","0","0","3","03","","N","","","","","","","","","",""
"2020046937","1045","1","0","0","0","0","0","0","0","0","1","0","","67","6","2020","2","40.020536","-75.156034","1045","6","0","0","0","0","0","0","0","0","","0","0","0","8","1","1","N","0","0","40 01:13.931","","3","75 09:21.722","3","0","0","0","67301","0","0","0","N","0","0","0","4","67301","0","","1.0","","1","N","N","Y","0","","1","0","0","0","0","","840","4","1","0","0","0","0","3","2","1","4","0","0","0","3","03","","N","","","","","","","","","",""
"2020048712","0744","1","0","0","0","0","0","0","0","0","5","0","","67","6","2020","7","40.018778","-75.211119","0740","6","0","0","0","0","0","1","0","0","","0","0","0","6","1","0","N","0","0","40 01:07.601","","0","75 12:40.028","0","0","0","0","67301","0","0","0","N","0","0","0","1","67301","0","","6.0","","1","N","N","Y","1","","0","0","1","0","0","","627","3","0","0","0","0","0","0","2","0","3","0","0","0","3","03","","N","","","","","","","","","",""
"2020032841","1308","2","0","0","0","0","0","0","0","0","4","0","","67","4","2020","1","39.917516","-75.156135","1304","6","0","0","0","0","0","0","0","0","","0","0","0","13","1","2","","1","0","39 55:03.057","","0","75 09:22.085","4","0","0","0","67301","0","0","0","N","0","0","0","4","67301","2","","1.0","","1","N","N","N","0","","0","0","0","3","2","","1304","2","2","0","0","0","0","0","2","0","2","0","0","0","3","03","","N","","","","","","","","","",""
"2020041947","2016","1","0","0","0","0","0","0","0","0","7","0","55","67","4","2020","1","39.982183","-75.100448","2009","6","0","0","0","0","0","0","0","0","","0","0","0","20","3","1","N","0","0","39 58:55.859","","0","75 06:01.611","8","0","0","0","67301","0","0","0","N","0","0","0","1","68K01","0","","4.0","","1","N","N","N","0","","0","0","0","0","0","","2008","1","1","0","0","0","1","0","2","0","1","0","0","0","3","03","N","Y","4","1","","","N","","","Y","","N"
"2020031682","0010","2","0","0","0","0","0","0","0","0","4","0","","67","4","2020","2","40.047111","-75.139889","0004","6","0","0","0","0","0","1","0","0","","0","0","0","23","3","2","N","0","1","40 02:49.600","5","0","75 08:23.601","3","0","0","0","67301","0","0","0","N","0","0","0","3","67301","0","","1.0","20.0","1","N","N","N","0","","2","0","0","0","0","Y","2355","2","2","1","0","0","0","0","2","0","2","0","0","0","3","03","","N","","","","","","","","","",""
"2020030272","1715","2","0","0","0","0","0","0","0","0","4","0","","67","3","2020","2","39.994792","-75.169363","1715","6","0","0","0","1","0","0","0","0","","0","0","0","17","1","1","N","1","1","39 59:41.251","1","0","75 10:09.706","3","0","0","0","67301","0","0","0","N","0","0","0","2","67301","0","","1.0","1717.0","9","N","N","N","0","","1","0","0","3","3","N","1715","2","1","0","0","0","0","0","2","0","2","0","0","0","7","07","","N","","","","","","","","","",""
"2020011414","1752","0","0","0","0","0","0","0","0","0","1","0","","67","1","2020","4","40.107343","-74.995919","1745","6","0","0","0","0","0","2","0","0","","0","0","0","17","2","0","N","0","2","40 06:26.435","4","0","74 59:45.307","0","0","0","0","67301","0","0","0","N","0","0","0","2","67301","0","","1.0","1850.0","1","N","N","N","0","","0","0","2","0","0","N","1740","2","0","0","0","0","0","0","2","0","2","0","0","0","3","03","","N","","","","","","","","","",""
"2020015754","0845","1","0","0","0","0","0","0","0","0","7","0","","67","1","2020","6","39.998183","-75.087729","0832","6","0","0","0","0","0","0","0","0","","0","0","0","6","5","2","N","0","0","39 59:53.457","","0","75 05:15.825","3","0","0","0","67301","0","0","0","N","0","0","0","2","67301","0","","4.0","","9","N","N","N","0","","2","0","0","0","0","","640","1","2","0","0","0","0","0","2","0","1","0","0","0","7","","","N","","","","","","","","","",""
"2020034296","1613","2","0","0","0","0","0","0","0","0","1","0","","67","4","2020","4","40.063242","-75.141119","1605","6","0","0","0","0","0","0","0","0","","0","0","0","15","1","0","N","0","0","40 03:47.670","","0","75 08:28.030","9","0","0","0","67301","0","0","0","N","0","0","0","2","67301","0","","1.0","","1","N","N","N","0","","0","0","0","0","0","","1530","2","0","0","0","0","0","1","2","0","2","0","0","0","3","","","N","","","","","","","","","",""
"2020034309","0701","2","0","0","0","0","0","0","0","0","4","0","","67","4","2020","6","39.980491","-75.224744","0657","6","0","0","0","0","0","1","1","0","","0","0","0","6","1","0","","1","0","39 58:49.769","","0","75 13:29.078","0","0","0","0","67301","0","0","0","N","0","0","0","2","67301","0","","1.0","","1","N","N","N","0","","0","0","0","3","2","","640","2","0","0","0","0","0","0","2","0","2","0","0","0","3","03","","N","","","","","","","","","",""
"2020031116","1705","0","0","0","0","0","0","0","0","0","7","0","","67","3","2020","4","40.073069","-75.242858","1700","6","0","0","0","0","0","0","0","0","","0","0","0","16","1","0","N","0","0","40 04:23.050","","99","75 14:34.290","0","0","0","0","67301","0","0","0","N","0","0","0","1","67301","0","","5.0","","1","N","N","N","0","","0","0","1","9","9","","1657","1","0","0","0","0","0","0","2","0","1","0","0","0","4","03","","N","","","","","","","","","",""
"2020010020","1305","2","0","0","0","0","0","0","0","0","5","0","","67","1","2020","3","39.958355","-75.166581","1305","6","0","0","0","1","0","0","1","0","","0","0","0","12","1","0","N","0","1","39 57:30.079","3","0","75 09:59.690","0","0","0","0","67301","0","0","0","N","0","0","0","4","68K01","0","","1.0","1310.0","1","N","N","N","0","","0","0","0","0","0","Y","1258","2","0","0","0","0","0","0","2","0","2","0","0","0","3","","","N","","","","","","","","","",""
"2020043510","","0","0","0","0","0","0","0","0","0","4","0","","67","2","2020","6","39.977221","-75.226774","","6","0","0","0","0","0","1","0","0","","0","0","0","22","3","1","","1","0","39 58:37.995","","0","75 13:36.385","8","0","0","0","67301","0","0","0","N","0","0","0","2","00000","0","","1.0","","1","N","N","N","0","","0","0","1","3","2","","2230","2","1","0","0","0","1","0","2","0","2","0","0","0","3","","","N","","","","","","","","","",""
"2020046934","0708","2","0","0","0","0","0","0","0","0","5","1","","67","6","2020","3","40.001519","-75.152291","0706","6","0","0","0","0","1","0","0","0","","0","0","0","7","1","1","N","0","0","40 00:05.468","","0","75 09:08.247","4","0","0","0","67301","0","0","0","N","0","0","0","2","67301","1","","6.0","","1","N","N","N","0","","0","0","0","3","2","","700","3","1","0","0","0","0","0","2","1","3","0","0","0","3","03","","N","","","","","","","","","",""
"2020038921","0617","0","0","0","0","0","0","0","0","0","7","0","","67","4","2020","2","39.886169","-75.242879","0609","6","0","0","0","0","0","0","0","0","","0","0","0","6","3","0","N","0","1","39 53:10.209","1","0","75 14:34.366","0","0","0","0","67301","0","0","0","Y","0","0","0","1","68K01","0","","2.0","615.0","9","N","N","N","0","","0","0","1","0","0","N","605","1","0","0","0","0","0","0","2","0","1","0","0","0","7","","","N","","","","","","","","","",""
"2020035009","1801","0","0","0","1","0","0","0","0","0","4","0","","67","4","2020","4","39.95237","-75.1468","1800","6","0","0","0","0","0","0","0","0","","0","0","0","17","1","1","","1","0","39 57:08.532","","0","75 08:48.479","3","0","0","0","67301","1","0","0","N","0","0","0","2","67301","0","","1.0","","1","N","N","N","1","","1","0","0","3","2","","1755","2","1","1","0","0","0","0","2","0","1","1","0","0","3","","","N","","","","","","","","","",""
"2020044518","1855","3","0","0","0","0","0","0","0","0","4","0","","67","6","2020","6","40.032197","-75.036907","1849","6","0","0","0","0","0","0","0","1","","0","0","0","18","1","1","","1","0","40 01:55.909","","0","75 02:12.865","4","0","0","0","67301","0","0","0","N","0","0","0","3","67301","1","","1.0","","9","N","N","N","0","","0","0","1","3","2","","1848","4","1","0","0","0","0","0","2","0","4","0","0","0","7","07","","N","","","","","","","","","",""
"2020034345","0906","2","0","0","0","0","0","0","0","0","4","0","","67","4","2020","4","40.005821","-75.097023","0905","6","0","0","0","0","0","1","0","0","","0","0","0","8","1","2","","1","0","40 00:20.957","","0","75 05:49.283","3","0","0","0","67301","0","0","0","N","0","0","0","2","67301","0","","1.0","","1","N","N","Y","0","","2","0","0","3","2","","843","2","2","2","0","0","0","0","2","0","2","0","0","0","3","03","","N","","","","","","","","","",""
"2020031902","0913","1","0","0","0","0","0","0","0","0","7","0","","67","3","2020","5","39.932693","-75.20004","0902","6","0","0","0","0","0","0","0","1","","0","0","0","9","1","1","N","0","1","39 55:57.696","4","0","75 12:00.145","3","0","0","0","67301","0","0","0","N","0","0","0","2","68K01","0","","4.0","15.0","9","N","N","N","0","","1","0","1","0","0","N","900","2","1","0","0","0","0","0","2","0","2","0","0","0","4","04","","N","","","","","","","","","",""
"2020045639","1117","3","1","0","0","0","0","0","0","0","1","0","","67","5","2020","6","39.943098","-75.143111","1104","6","0","0","0","0","0","3","0","0","","1","0","0","11","1","2","N","0","2","39 56:35.151","2","0","75 08:35.200","1","0","0","0","67301","0","0","0","N","0","0","0","5","68K01","0","1","1.0","200.0","9","N","N","N","1","0","1","0","0","0","0","Y","1100","4","2","0","0","0","1","0","2","0","4","0","0","0","7","04","","N","","","","","","","","","",""
"2020046706","1418","0","0","0","0","0","0","0","0","0","0","1","","67","6","2020","4","39.892095","-75.197924","1415","6","0","0","0","0","0","0","0","0","","0","1","0","12","1","0","N","0","2","39 53:31.542","1","3","75 11:52.525","0","0","0","0","67301","0","0","0","Y","0","0","0","1","68K01","0","","1.0","1600.0","9","N","N","N","0","","0","0","0","0","0","N","1234","1","0","0","0","0","0","0","2","0","1","0","0","0","8","07","","N","","","","","","","","","",""
"2020037115","2115","1","0","0","0","0","0","0","0","0","7","0","","67","4","2020","3","40.001048","-75.079283","2104","6","0","0","0","0","0","0","0","0","","0","0","0","21","3","1","N","0","0","40 00:03.774","","0","75 04:45.418","4","0","0","0","67301","0","0","0","N","0","0","0","1","68K01","1","","4.0","","1","N","N","N","0","","0","0","0","0","0","","2102","1","1","0","0","0","0","0","2","0","1","0","0","0","3","","","N","","","","","","","","","",""
"2020031427","2045","2","0","0","0","0","0","0","0","0","4","0","","67","4","2020","2","40.05843","-75.149239","2038","6","0","0","1","0","0","0","0","0","","0","0","0","20","3","0","","5","0","40 03:30.348","","0","75 08:57.260","0","0","0","0","67301","0","0","0","N","0","0","0","2","67301","0","","1.0","","1","N","N","N","0","","0","0","0","3","2","","2027","2","0","0","0","0","0","0","2","0","2","0","0","0","3","03","","N","","","","","","","","","",""
"2020030840","1037","1","0","0","0","0","0","0","0","0","4","0","","67","4","2020","5","39.999744","-75.138521","1032","6","0","0","0","0","0","1","0","0","","0","0","0","10","1","0","","1","0","39 59:59.077","","0","75 08:18.677","0","0","0","0","67301","0","0","0","N","0","0","0","4","67301","0","","1.0","","1","N","N","N","0","","0","0","1","3","2","","1030","2","0","0","0","0","0","0","2","0","2","0","0","0","3","03","","N","","","","","","","","","",""
"2020032206","1550","1","0","0","0","0","0","0","0","0","4","0","","67","4","2020","2","39.993391","-75.15471","1547","6","0","0","0","0","0","0","0","0","","0","0","0","15","1","3","N","0","0","39 59:36.208","","0","75 09:16.957","3","0","0","0","67301","0","0","0","N","0","0","0","3","67301","1","","1.0","","1","N","N","N","0","","2","0","1","0","0","","1545","3","3","0","0","0","0","0","2","1","3","0","0","0","3","","","N","","","","","","","","","",""
"2020031058","1255","0","0","0","0","0","0","0","0","0","4","0","","67","4","2020","6","39.924118","-75.1547","1240","6","0","0","0","0","0","0","0","0","","0","0","0","10","1","1","","1","0","39 55:26.824","","0","75 09:16.920","3","0","0","0","67301","0","0","0","N","0","0","0","2","67301","0","","1.0","","1","N","N","N","0","","1","0","2","0","0","","1044","2","1","0","0","0","0","0","2","0","2","0","0","0","3","04","","N","","","","","","","","","",""
"2020029398","1450","1","0","0","0","0","0","0","0","0","4","0","","67","3","2020","4","40.072396","-75.157881","1449","6","0","0","0","0","0","1","0","0","","0","0","0","14","1","0","","1","0","40 04:20.625","","0","75 09:28.371","0","0","0","0","67301","0","0","0","N","0","0","0","2","67301","0","","1.0","","9","N","N","N","0","","0","0","1","3","2","","1445","2","0","0","0","0","0","0","2","0","2","0","0","0","4","07","","N","","","","","","","","","",""
"2020067870","1530","0","0","0","0","0","0","0","0","0","1","0","","67","8","2020","6","39.926561","-75.194764","1530","6","0","0","0","0","0","0","0","0","","0","0","0","15","1","2","N","0","0","39 55:35.620","","0","75 11:41.151","3","0","0","0","67301","0","0","0","N","0","0","0","2","68K01","0","","1.0","","1","N","N","N","0","","2","0","2","0","0","","1530","2","2","0","0","0","0","0","2","0","2","0","0","0","3","","","N","","","","","","","","","",""
"2020028404","1026","1","0","0","0","0","0","0","0","0","4","0","","67","3","2020","4","39.996251","-75.124277","1026","6","0","0","0","0","0","1","0","0","","0","0","0","10","1","2","","1","0","39 59:46.503","","0","75 07:27.397","8","0","0","0","67301","0","0","0","N","0","0","0","5","67301","0","","1.0","","1","N","N","N","0","","0","0","1","3","3","","1010","2","2","0","0","0","2","0","2","0","2","0","0","0","3","03","","N","","","","","","","","","",""
"2020028667","1445","0","0","0","0","0","0","0","0","0","2","0","","67","3","2020","4","39.967636","-75.160199","1440","6","0","0","1","0","0","1","0","0","","0","0","0","14","1","1","N","0","1","39 58:03.489","1","0","75 09:36.717","2","0","0","0","67301","0","0","0","N","0","0","0","2","67301","0","","6.0","1340.0","1","N","N","N","0","","0","1","1","0","0","Y","1440","2","1","0","0","0","0","0","2","0","2","0","0","0","3","03","","N","","","","","","","","","",""
"2020067675","0055","2","0","0","0","0","0","0","0","0","2","0","","67","8","2020","7","39.923728","-75.169752","0055","6","0","0","0","0","0","0","0","0","","0","0","0","0","3","1","N","0","1","39 55:25.419","1","0","75 10:11.106","8","0","0","0","67301","0","0","0","N","0","0","0","2","67505","0","","1.0","130.0","1","N","N","N","0","","0","0","0","0","0","N","55","2","1","1","0","0","1","1","2","0","2","0","0","0","3","03","","N","","","","","","","","","",""
"2020034398","0126","1","0","0","0","0","0","0","0","0","7","0","","67","4","2020","5","39.957753","-75.140408","0104","6","0","0","0","0","0","0","0","0","","0","0","0","1","3","4","N","0","0","39 57:27.911","","8","75 08:25.470","3","0","0","0","67301","0","0","0","N","0","0","0","4","68K01","0","","3.0","","1","N","N","N","0","","4","0","0","0","0","","100","1","4","0","0","0","0","0","2","0","1","0","0","0","3","","","N","","","","","","","","","",""
"2020073157","0725","1","0","0","0","0","0","0","0","0","1","0","","67","9","2020","3","40.063606","-75.087444","0713","6","0","0","0","0","0","0","0","0","","0","0","0","6","1","1","N","0","0","40 03:48.981","","0","75 05:14.799","8","0","0","1","67301","0","0","0","N","0","0","0","2","67301","0","","1.0","","1","N","N","N","0","","0","0","0","0","0","","656","2","1","0","0","0","1","0","2","0","2","0","0","0","3","03","","N","","","","","","","","","",""
"2020033882","0455","1","0","0","0","0","0","0","0","0","5","0","","67","4","2020","1","39.976367","-75.252236","0445","6","0","0","0","0","0","0","0","0","","0","0","0","4","3","0","N","0","0","39 58:34.920","","0","75 15:08.050","0","0","0","0","67301","0","0","0","N","0","0","0","1","67301","0","","6.0","","1","N","N","N","0","","0","0","1","0","0","","441","2","0","0","0","0","0","0","2","0","2","0","0","0","3","","","N","","","","","","","","","",""
"2020034224","1238","0","0","0","0","0","0","0","0","0","6","0","","67","4","2020","3","40.080031","-74.992417","1235","6","0","0","0","0","0","0","0","0","","0","0","0","12","1","0","N","0","2","40 04:48.110","3","0","74 59:32.700","0","0","0","0","67301","0","0","0","N","0","0","0","1","67301","0","","6.0","1530.0","9","N","N","N","3","","0","0","1","0","0","N","1225","4","0","0","0","0","0","0","2","0","4","0","0","0","3","03","","N","","","","","","","","","",""
"2020034943","1449","1","0","0","0","0","0","0","0","0","8","0","","67","4","2020","4","39.904061","-75.240291","1449","6","0","0","0","0","0","0","0","0","","0","0","0","17","1","1","","1","0","39 54:14.619","","0","75 14:25.049","8","0","0","0","67301","1","0","0","N","1","0","0","2","67301","0","","1.0","","1","N","N","N","0","","0","0","0","2","2","","1700","2","1","0","0","0","1","0","2","0","1","1","0","0","99","03","","N","","","","","","","","","",""
"2020033440","0855","1","0","0","0","0","0","0","0","0","7","0","","67","4","2020","7","40.117119","-75.006472","0832","6","0","0","0","0","0","0","0","0","","0","0","0","8","1","0","N","0","0","40 07:01.630","","7","75 00:23.300","9","0","0","0","67301","0","0","0","N","0","0","0","1","67301","0","","4.0","","9","N","N","N","0","","0","0","0","0","0","","830","1","0","0","0","0","0","1","2","0","1","0","0","0","7","","","N","","","","","","","","","",""
"2020031883","1426","2","0","0","0","0","0","0","0","0","4","0","","67","4","2020","4","40.045516","-75.088316","1426","6","0","0","0","0","0","0","0","0","","0","0","0","14","1","0","","1","1","40 02:43.859","3","0","75 05:17.937","0","0","0","0","67301","0","0","0","N","0","0","0","3","67301","0","","1.0","1528.0","1","N","N","N","0","","0","0","0","3","2","N","1415","2","0","0","0","0","0","0","2","0","2","0","0","0","3","03","","N","","","","","","","","","",""
"2020071781","1530","1","0","0","0","0","0","0","0","0","1","0","","67","8","2020","5","40.035301","-75.070709","1523","6","0","0","0","0","0","1","0","0","","0","0","0","13","1","1","","1","0","40 02:07.082","","0","75 04:14.554","3","0","0","0","67301","0","0","0","N","0","0","0","1","67301","0","","1.0","","1","N","N","N","0","","1","0","1","3","2","","1330","2","1","1","0","0","0","0","2","0","2","0","0","0","3","03","","N","","","","","","","","","",""
"2020028402","1310","1","0","0","0","0","0","0","0","0","8","0","","67","3","2020","7","40.029261","-75.163771","1307","6","0","0","0","0","1","0","0","0","","0","0","0","12","1","1","","1","0","40 01:45.341","","0","75 09:49.577","3","0","0","0","67301","1","0","0","N","1","0","0","2","67301","0","","1.0","","1","N","N","N","0","","1","0","0","3","2","","1259","2","1","0","0","0","0","0","2","0","1","1","0","0","3","03","","N","","","","","","","","","",""
"2020029333","0640","2","0","0","0","0","0","0","0","0","1","0","","67","3","2020","3","40.03344","-75.020101","0640","6","0","0","0","0","1","0","0","0","","0","0","0","6","3","1","N","0","1","40 02:00.384","1","0","75 01:12.365","4","0","0","0","67301","0","0","0","N","0","0","0","2","68K01","1","","1.0","15.0","9","N","N","N","0","","0","0","0","0","0","N","639","2","1","0","0","0","0","0","2","0","2","0","0","0","7","","","N","","","","","","","","","",""
"2020067295","1941","3","0","0","0","0","0","0","0","0","4","0","","67","8","2020","5","39.977607","-75.160654","1940","6","0","0","0","0","0","0","0","0","","0","0","0","19","4","1","","1","0","39 58:39.385","","0","75 09:38.355","3","0","0","0","67301","0","0","0","N","0","0","0","3","67505","0","","1.0","","1","N","N","N","0","","1","0","0","3","3","","1939","3","1","0","0","0","0","0","2","0","3","0","0","0","3","03","","N","","","","","","","","","",""
"2020027938","1622","2","0","0","0","0","0","0","0","0","4","0","","67","3","2020","5","39.9582","-75.235503","1615","6","0","0","0","0","0","0","1","0","","0","0","0","15","1","0","","1","0","39 57:29.521","","0","75 14:07.811","0","0","0","0","67301","0","0","0","N","0","0","0","2","67301","0","","1.0","","1","N","N","N","0","","0","0","0","3","2","","1506","2","0","2","0","0","0","0","2","0","2","0","0","0","3","","","N","","","","","","","","","",""