"CRN","ARRIVAL_TM","AUTOMOBILE_COUNT","BELTED_DEATH_COUNT","BELTED_SUSP_SERIOUS_INJ_COUNT","BICYCLE_COUNT","BICYCLE_DEATH_COUNT","BICYCLE_SUSP_SERIOUS_INJ_COUNT","BUS_COUNT","CHLDPAS_DEATH_COUNT","CHLDPAS_SUSP_SERIOUS_INJ_COUNT","COLLISION_TYPE","COMM_VEH_COUNT","CONS_ZONE_SPD_LIM","COUNTY","CRASH_MONTH","CRASH_YEAR","DAY_OF_WEEK","DEC_LATITUDE","DEC_LONGITUDE","DISPATCH_TM","DISTRICT","DRIVER_COUNT_16YR","DRIVER_COUNT_17YR","DRIVER_COUNT_18YR","DRIVER_COUNT_19YR","DRIVER_COUNT_20YR","DRIVER_COUNT_50_64YR","DRIVER_COUNT_65_74YR","DRIVER_COUNT_75PLUS","EST_HRS_CLOSED","FATAL_COUNT","HEAVY_TRUCK_COUNT","HORSE_BUGGY_COUNT","HOUR_OF_DAY","ILLUMINATION","INJURY_COUNT","INTERSECTION_RELATED","INTERSECT_TYPE","LANE_CLOSED","LATITUDE","LN_CLOSE_DIR","LOCATION_TYPE","LONGITUDE","MAX_SEVERITY_LEVEL","MCYCLE_DEATH_COUNT","MCYCLE_SUSP_SERIOUS_INJ_COUNT","MOTORCYCLE_COUNT","MUNICIPALITY","NONMOTR_COUNT","NONMOTR_DEATH_COUNT","NONMOTR_SUSP_SERIOUS_INJ_COUNT","NTFY_HIWY_MAINT","PED_COUNT","PED_DEATH_COUNT","PED_SUSP_SERIOUS_INJ_COUNT","PERSON_COUNT","POLICE_AGCY","POSSIBLE_INJ_COUNT","RDWY_SURF_TYPE_CD","RELATION_TO_ROAD","ROADWAY_CLEARED","ROAD_CONDITION","SCH_BUS_IND","SCH_ZONE_IND","SECONDARY_CRASH","SMALL_TRUCK_COUNT","SPEC_JURIS_CD","SUSP_MINOR_INJ_COUNT","SUSP_SERIOUS_INJ_COUNT","SUV_COUNT","TCD_FUNC_CD","TCD_TYPE","TFC_DETOUR_IND","TIME_OF_DAY","TOTAL_UNITS","TOT_INJ_COUNT","UNBELTED_OCC_COUNT","UNB_DEATH_COUNT","UNB_SUSP_SERIOUS_INJ_COUNT","UNK_INJ_DEG_COUNT","UNK_INJ_PER_COUNT","URBAN_RURAL","VAN_COUNT","VEHICLE_COUNT","VULNERABLE_ROAD_USER_COUNT","VULNERABLE_ROAD_USER_DEATH_COUNT","VULNERABLE_ROAD_USER_SER_INJ_COUNT","WEATHER1","WEATHER2","WORKERS_PRES","WORK_ZONE_IND","WORK_ZONE_LOC","WORK_ZONE_TYPE","WZ_CLOSE_DETOUR","WZ_FLAGGER","WZ_LAW_OFFCR_IND","WZ_LN_CLOSURE","WZ_MOVING","WZ_OTHER","WZ_SHLDER_MDN","WZ_WORKERS_INJ_KILLED"
"2020037747","1140","1","0","0","0","0","0","0","0","0","7","0","","67","3","2020","7","40.032005","-75.021339","1132","6","0","0","0","0","0","0","0","0","","0","0","0","11","1","3","N","0","1","40 01:55.217","2","3","75 01:16.821","3","0","0","0","67301","0","0","0","N","0","0","0","3","68K01","0","","4.0","1230.0","9","N","N","N","0","","3","0","1","0","0","N","1130","2","3","1","0","0","0","0","2","0","2","0","0","0","7","","","N","","","","","","","","","",""
"2020028245","2330","0","0","0","0","0","0","0","0","0","8","0","","67","3","2020","6","39.994452","-75.145748","2330","6","0","0","0","0","0","0","0","0","","0","0","0","13","1","1","","1","0","39 59:40.027","","0","75 08:44.692","8","0","0","0","67301","1","0","0","N","1","0","0","2","67301","0","","1.0","","1","N","N","N","0","","0","0","0","0","0","","1300","2","1","0","0","0","1","0","2","0","1","1","0","0","3","03","","N","","","","","","","","","",""
"2020030937","1458","1","0","0","0","0","0","0","0","0","7","0","","67","3","2020","1","40.033767","-75.020178","1440","6","0","0","0","0","0","0","0","0","","0","0","0","14","1","1","N","0","1","40 02:01.560","2","0","75 01:12.641","4","0","0","0","67301","0","0","0","N","0","0","0","1","68K01","1","","4.0","1546.0","1","N","N","N","0","","0","0","0","0","0","Y","1431","1","1","0","0","0","0","0","2","0","1","0","0","0","3","","","N","","","","","","","","","",""
"2020027043","2106","1","0","0","1","0","0","0","0","0","8","0","","67","3","2020","2","39.969829","-75.142413","2057","6","0","0","0","0","0","0","0","0","","0","0","0","20","3","1","","1","0","39 58:11.385","","0","75 08:32.688","3","0","0","0","67301","1","0","0","N","0","0","0","2","67301","0","","1.0","","1","N","N","N","0","","1","0","0","3","3","","2057","2","1","0","0","0","0","0","2","0","1","1","0","0","3","03","","N","","","","","","","","","",""
"2020030947","1437","1","0","0","0","0","0","0","0","0","7","0","","67","3","2020","4","39.981235","-75.206861","1426","6","0","0","0","0","0","1","0","0","","0","0","0","14","1","1","N","0","1","39 58:52.446","3","0","75 12:24.698","8","0","0","0","67301","0","0","0","N","0","0","0","1","68K01","0","","4.0","1445.0","9","N","N","N","0","","0","0","0","0","0","Y","1426","1","1","0","0","0","1","0","2","0","1","0","0","0","4","","","N","","","","","","","","","",""
"2020029990","2328","1","0","0","0","0","0","0","0","0","7","0","","67","3","2020","7","39.960035","-75.180006","2310","6","0","0","0","0","1","0","0","0","","0","0","0","23","3","1","N","0","2","39 57:36.127","3","0","75 10:48.023","8","0","0","0","67301","0","0","0","N","0","0","0","2","68K01","0","","4.0","30.0","9","N","N","N","1","","0","0","0","0","0","N","2310","2","1","0","0","0","1","0","2","0","2","0","0","0","7","","","N","","","","","","","","","",""
"2020028484","2004","0","0","0","0","0","0","0","0","0","4","0","","67","3","2020","5","40.007174","-75.098744","2002","6","0","0","0","0","0","0","0","0","","0","0","0","19","3","1","","1","1","40 00:25.828","1","0","75 05:55.477","8","0","0","0","67301","0","0","0","N","0","0","0","3","67301","0","","1.0","30.0","1","N","N","N","0","","0","0","1","3","2","N","1958","2","1","0","0","0","1","0","2","1","2","0","0","0","3","03","","N","","","","","","","","","",""
"2020004415","0053","1","0","0","0","0","0","0","0","0","5","0","","67","1","2020","4","39.956602","-75.149893","0026","6","0","0","0","0","0","0","0","0","","0","0","0","0","3","0","N","0","0","39 57:23.766","","2","75 08:59.614","0","0","0","0","67301","0","0","0","N","0","0","0","4","68K01","0","","1.0","","1","N","N","N","0","","0","0","2","0","0","","22","3","0","0","0","0","0","0","2","0","3","0","0","0","3","03","","N","","","","","","","","","",""
"2020001742","1313","1","0","0","0","0","0","0","0","0","4","0","","67","1","2020","6","39.966718","-75.160533","1310","6","0","0","0","0","0","0","0","1","","0","0","0","13","1","0","","1","0","39 58:00.185","","0","75 09:37.919","0","0","0","0","67301","0","0","0","N","0","0","0","2","67301","0","","1.0","","9","N","N","N","0","","0","0","1","3","2","","1310","2","0","0","0","0","0","0","2","0","2","0","0","0","7","","","N","","","","","","","","","",""
"2020069744","1830","0","0","0","0","0","0","0","0","0","8","0","","67","8","2020","5","39.991569","-75.136583","1830","6","0","0","0","0","0","0","0","0","","0","0","0","18","1","1","N","0","0","39 59:29.648","","0","75 08:11.699","3","0","0","0","67301","1","0","0","N","1","0","0","1","67301","0","","1.0","","1","N","N","N","0","","1","0","0","0","0","","1825","2","1","0","0","0","0","0","2","0","1","1","0","0","3","","","N","","","","","","","","","",""
"2020027684","1105","1","0","0","1","0","0","0","0","0","8","0","","67","3","2020","4","39.994686","-75.164168","1100","6","0","0","0","0","0","0","0","0","","0","0","0","11","1","1","","2","0","39 59:40.869","","0","75 09:51.004","8","0","0","0","67301","1","0","0","N","0","0","0","2","67301","0","","1.0","","1","N","N","N","0","","0","0","0","3","3","","1100","2","1","0","0","0","1","0","2","0","1","1","0","0","3","03","","N","","","","","","","","","",""
"2020012379","1014","0","0","0","0","0","0","0","0","0","8","0","","67","1","2020","6","39.972426","-75.253301","1014","6","0","0","0","0","0","0","0","0","","0","0","0","10","1","1","","1","0","39 58:20.733","","0","75 15:11.885","3","0","0","0","67301","1","0","0","N","1","0","0","4","67301","0","","1.0","","1","N","N","N","0","","1","0","1","3","2","","1014","2","1","0","0","0","0","0","2","0","1","1","0","0","3","03","","N","","","","","","","","","",""
"2020069370","1424","0","0","0","0","0","0","0","0","0","1","0","","67","8","2020","1","39.948298","-75.142082","1411","6","0","0","0","0","0","0","0","0","","0","0","0","14","1","0","N","0","0","39 56:53.873","","1","75 08:31.496","0","0","0","0","67301","0","0","0","N","0","0","0","2","68K01","0","","1.0","","9","N","N","N","0","","0","0","2","0","0","","1405","2","0","0","0","0","0","0","2","0","2","0","0","0","7","07","","N","","","","","","","","","",""
"2020032228","1203","1","0","0","0","0","0","0","0","0","7","0","","67","3","2020","2","40.035248","-75.017657","1200","6","0","0","0","0","0","0","0","0","","0","0","0","11","1","0","N","0","0","40 02:06.894","","0","75 01:03.565","0","0","0","0","67301","0","0","0","N","0","0","0","1","68K01","0","","3.0","","9","N","N","N","0","","0","0","0","0","0","","1154","1","0","0","0","0","0","0","2","0","1","0","0","0","7","04","","N","","","","","","","","","",""
"2020031953","0815","2","0","0","0","0","0","0","0","0","6","0","","67","3","2020","7","39.985628","-75.21316","0803","6","0","0","0","0","0","0","0","0","","0","0","0","8","1","1","N","1","0","39 59:08.260","","0","75 12:47.375","3","0","0","0","67301","0","0","0","N","0","0","0","2","67301","0","","1.0","","9","N","N","N","0","","1","0","0","0","0","","801","2","1","0","0","0","0","0","2","0","2","0","0","0","7","07","","N","","","","","","","","","",""
"2020026551","0020","1","0","0","0","0","0","0","0","0","4","0","","67","3","2020","1","40.065126","-75.185775","0015","6","0","0","0","0","0","0","1","0","","0","0","0","0","3","1","","1","0","40 03:54.455","","0","75 11:08.790","3","0","0","0","67301","0","0","0","N","0","0","0","3","67301","0","","1.0","","9","N","N","N","0","","1","0","0","3","3","","5","2","1","0","0","0","0","0","2","1","2","0","0","0","7","","","N","","","","","","","","","",""
"2020013582","2255","2","0","0","0","0","0","0","0","0","6","0","","67","2","2020","3","39.999911","-75.139803","2250","6","0","0","0","0","0","0","0","0","","0","0","0","22","3","1","N","0","0","39 59:59.678","","0","75 08:23.290","3","0","0","0","67301","0","0","0","N","0","0","0","2","67301","0","","1.0","","9","N","N","N","0","","1","0","0","0","0","","2230","2","1","0","0","0","0","0","2","0","2","0","0","0","7","07","","N","","","","","","","","","",""
"2020014384","0920","0","0","0","0","0","0","0","0","0","8","0","","67","2","2020","5","40.034451","-75.114895","0911","6","0","0","0","0","0","0","0","0","","0","0","0","8","1","1","","1","0","40 02:04.023","","0","75 06:53.623","3","0","0","0","67301","1","0","0","N","1","0","0","2","67301","0","","1.0","","9","N","N","N","0","","1","0","0","3","2","","810","2","1","0","0","0","0","0","2","0","1","1","0","0","7","","","N","","","","","","","","","",""
"2020030601","1250","1","0","0","0","0","0","0","0","0","4","0","","67","3","2020","7","40.021949","-75.127578","1248","6","0","0","0","0","0","0","0","0","","0","0","0","12","1","1","","2","1","40 01:19.016","3","0","75 07:39.280","3","0","0","0","67301","0","0","0","N","0","0","0","3","67301","0","","1.0","1315.0","9","N","N","N","0","","1","0","1","0","0","N","1245","2","1","0","0","0","0","0","2","0","2","0","0","0","7","07","","N","","","","","","","","","",""
"2020069954","0738","1","0","0","0","0","0","0","0","0","4","0","","67","8","2020","2","39.970559","-75.14996","0733","6","0","0","0","0","0","0","0","0","","0","0","0","6","1","0","","1","0","39 58:14.012","","0","75 08:59.857","0","0","0","0","67301","0","0","0","N","0","0","0","2","67301","0","","1.0","","1","N","N","N","0","","0","0","1","3","2","","631","2","0","1","0","0","0","0","2","0","2","0","0","0","3","03","","N","","","","","","","","","",""
"2020027990","1830","1","0","0","0","0","0","0","0","0","1","0","","67","3","2020","2","40.004806","-75.131997","1829","6","0","0","0","1","0","0","0","0","","0","0","0","18","1","2","Y","0","0","40 00:17.300","","0","75 07:55.190","3","0","0","0","67301","0","0","0","N","0","0","0","3","67301","0","","1.0","","1","N","N","N","0","","2","0","1","3","2","","1828","2","2","2","0","0","0","0","2","0","2","0","0","0","3","03","","N","","","","","","","","","",""
"2020028400","1955","1","0","0","0","0","0","0","0","0","4","0","","67","3","2020","3","39.925519","-75.241733","1950","6","0","0","0","1","0","1","0","0","","0","0","0","19","3","2","","1","1","39 55:31.869","2","0","75 14:30.237","4","0","0","0","67301","0","0","0","N","0","0","0","2","67301","2","","1.0","2011.0","1","N","N","N","0","","0","0","1","3","3","N","1950","2","2","0","0","0","0","0","2","0","2","0","0","0","3","03","","N","","","","","","","","","",""
"2020030324","1052","2","0","0","0","0","0","0","0","0","5","0","","67","3","2020","1","40.036111","-75.042039","1049","6","0","0","0","0","0","0","0","0","","0","0","0","10","1","0","N","0","0","40 02:10.000","","0","75 02:31.339","0","0","0","0","67301","0","0","0","N","0","0","0","1","67301","0","","6.0","","9","N","N","N","0","","0","0","0","0","0","","1046","2","0","0","0","0","0","0","2","0","2","0","0","0","3","","","N","","","","","","","","","",""
"2020031679","1025","1","0","0","0","0","0","0","0","0","7","0","","67","3","2020","5","40.029501","-75.103319","1015","6","0","0","0","0","0","0","0","0","","0","0","0","10","1","2","N","0","0","40 01:46.203","","0","75 06:11.949","8","0","0","0","67301","0","0","0","N","0","0","0","2","67301","0","","4.0","","1","N","N","N","0","","0","0","0","2","2","","1010","1","2","0","0","0","2","0","2","0","1","0","0","0","3","03","","N","","","","","","","","","",""
"2020032174","1417","1","0","0","0","0","0","0","0","0","7","0","","67","3","2020","2","39.887178","-75.204883","1410","6","0","0","0","0","0","0","0","0","","0","0","0","14","1","0","Y","0","2","39 53:13.841","2","0","75 12:17.578","0","0","0","0","67301","0","0","0","N","0","0","0","1","68K01","0","","2.0","1427.0","9","N","N","N","0","","0","0","0","0","0","N","1409","1","0","0","0","0","0","0","2","0","1","0","0","0","7","05","","N","","","","","","","","","",""
"2020029838","1215","1","0","0","0","0","0","0","0","0","1","0","","67","3","2020","6","40.007932","-75.140877","1201","6","0","0","0","0","0","1","0","0","","0","0","0","11","1","1","N","0","0","40 00:28.554","","0","75 08:27.158","4","0","0","0","67301","0","0","0","N","0","0","0","3","67301","1","","1.0","","1","N","N","N","0","","0","0","1","3","2","","1151","2","1","1","0","0","0","0","2","0","2","0","0","0","3","03","","N","","","","","","","","","",""
"2020029157","2126","2","0","0","0","0","0","0","0","0","4","0","","67","3","2020","2","40.035027","-75.069419","2118","6","0","0","0","0","0","0","0","0","","0","0","0","21","3","0","","1","1","40 02:06.097","1","0","75 04:09.909","0","0","0","0","67301","0","0","0","N","0","0","0","2","67301","0","","1.0","100.0","1","N","N","N","0","","0","0","0","3","2","N","2117","2","0","0","0","0","0","0","2","0","2","0","0","0","3","","","N","","","","","","","","","",""
"2020029159","1201","1","0","0","0","0","0","0","0","0","4","1","","67","3","2020","3","40.023936","-75.035428","1200","6","0","0","0","0","0","0","0","0","","0","1","0","11","1","2","","1","2","40 01:26.170","7","2","75 02:07.540","8","0","0","0","67301","0","0","0","N","0","0","0","5","67301","0","","1.0","100.0","1","N","N","N","0","","0","0","1","3","2","Y","1159","3","2","1","0","0","2","0","2","0","3","0","0","0","3","","","N","","","","","","","","","",""
"2020030270","2316","2","0","0","0","0","0","0","0","0","4","0","","67","3","2020","6","40.029911","-75.103076","2314","6","0","0","0","0","0","0","0","0","","0","0","0","23","3","1","","1","0","40 01:47.679","","0","75 06:11.073","3","0","0","0","67301","0","0","0","N","0","0","0","2","67301","0","","1.0","","1","N","N","Y","0","","1","0","0","2","2","","2310","2","1","0","0","0","0","0","2","0","2","0","0","0","3","03","","N","","","","","","","","","",""
"2020036589","0908","1","0","0","0","0","0","0","0","0","1","0","25","67","3","2020","5","39.982667","-75.098704","0858","6","0","0","0","0","0","0","0","0","","0","0","0","8","1","0","N","0","1","39 58:57.601","1","2","75 05:55.336","0","0","0","0","67301","0","0","0","N","0","0","0","2","68K01","0","","1.0","925.0","1","N","N","N","0","","0","0","1","0","0","N","842","2","0","0","0","0","0","0","2","0","2","0","0","0","3","","N","Y","5","1","","","N","","","Y","","N"
"2020009665","2053","0","0","0","0","0","0","0","0","0","1","0","","67","1","2020","4","39.996647","-75.11488","2051","6","0","0","0","0","0","0","0","0","","0","0","0","20","3","1","N","0","0","39 59:47.929","","0","75 06:53.567","3","0","0","0","67301","0","0","0","N","0","0","0","2","67301","0","","1.0","","1","N","N","N","0","","1","0","1","0","0","","2050","2","1","0","0","0","0","0","2","1","2","0","0","0","3","03","","N","","","","","","","","","",""
"2020000637","0001","1","0","0","0","0","0","0","0","0","8","0","","67","1","2020","4","40.044833","-75.165481","0001","6","0","0","0","0","0","0","0","0","","0","0","0","0","3","1","N","0","0","40 02:41.400","","0","75 09:55.730","3","0","0","0","67301","1","0","0","N","1","0","0","2","67301","0","","1.0","","1","N","N","N","0","","1","0","0","0","0","","0","2","1","1","0","0","0","0","2","0","1","1","0","0","3","","","N","","","","","","","","","",""
"2020047301","1426","2","0","0","0","0","0","0","0","0","2","0","","67","6","2020","2","39.920083","-75.213006","1424","6","0","0","0","0","0","0","0","0","","2","0","0","14","1","13","N","0","1","39 55:12.300","5","0","75 12:46.820","1","0","0","0","67301","0","0","0","N","0","0","0","15","67301","0","2","1.0","1745.0","1","N","N","N","1","0","5","8","2","0","0","Y","1423","5","13","12","2","8","0","0","2","0","5","0","0","0","3","03","","N","","","","","","","","","",""
"2020007287","2315","1","0","0","0","0","0","0","0","0","4","0","","67","1","2020","2","39.999338","-75.135665","2310","6","0","0","0","0","0","0","0","0","","0","0","0","23","3","3","","2","0","39 59:57.618","","0","75 08:08.393","3","0","0","0","67301","0","0","0","N","0","0","0","3","67301","0","","1.0","","1","N","N","N","1","","3","0","0","3","2","","2310","2","3","0","0","0","0","0","2","0","2","0","0","0","3","03","","N","","","","","","","","","",""
"2020001586","0110","0","0","0","0","0","0","0","0","0","7","0","","67","1","2020","2","39.969469","-75.139139","0110","6","0","0","0","0","0","0","0","0","","0","0","0","1","8","0","N","0","0","39 58:10.090","","0","75 08:20.899","0","0","0","0","67301","0","0","0","N","0","0","0","1","67301","0","","3.0","","1","N","N","N","0","","0","0","1","3","2","","100","1","0","0","0","0","0","0","2","0","1","0","0","0","3","03","","N","","","","","","","","","",""
"2020068081","1704","0","0","0","0","0","0","0","0","0","7","0","","67","8","2020","5","39.943177","-75.142796","1656","6","0","0","0","0","0","1","0","0","","0","0","0","16","1","1","N","0","1","39 56:35.438","1","0","75 08:34.067","3","0","0","0","67301","0","0","0","N","0","0","0","1","68K01","0","","2.0","1815.0","9","N","N","N","1","","1","0","0","0","0","N","1617","1","1","0","0","0","0","0","2","0","1","0","0","0","7","","","N","","","","","","","","","",""
"2020068098","1340","0","0","0","0","0","0","0","0","0","7","0","","67","8","2020","2","39.971635","-75.193304","1334","6","0","0","0","0","0","1","0","0","","0","0","0","13","1","1","N","7","2","39 58:17.885","4","2","75 11:35.895","8","0","0","0","67301","0","0","0","N","0","0","0","1","68K01","0","","4.0","1440.0","1","N","N","N","1","","0","0","0","0","0","Y","1334","1","1","1","0","0","1","0","2","0","1","0","0","0","3","03","","N","","","","","","","","","",""
"2020068078","1642","1","0","0","0","0","0","0","0","0","5","0","","67","8","2020","4","39.878615","-75.249687","1642","6","0","0","0","0","0","1","0","0","","0","0","0","15","1","0","N","0","0","39 52:43.013","","0","75 14:58.872","0","0","0","0","67301","0","0","0","N","0","0","0","3","68K01","0","","1.0","","9","N","N","N","0","","0","0","1","0","0","","1530","2","0","0","0","0","0","0","2","0","2","0","0","0","7","","","N","","","","","","","","","",""
"2020073161","0745","1","0","0","0","0","0","0","0","0","4","0","","67","9","2020","3","39.939866","-75.211417","0744","6","0","0","0","0","0","0","0","0","","0","1","0","7","1","1","","1","0","39 56:23.517","","0","75 12:41.102","3","0","0","0","67301","0","0","0","N","0","0","0","1","67301","0","","1.0","","1","N","N","N","0","","1","0","0","3","2","","706","2","1","0","0","0","0","0","2","0","2","0","0","0","3","03","","N","","","","","","","","","",""
"2020033874","1849","2","0","0","0","0","0","0","0","0","4","0","","67","4","2020","2","40.041325","-75.115242","1827","6","0","0","0","0","0","1","0","0","","0","0","0","18","1","0","N","0","0","40 02:28.770","","7","75 06:54.870","0","0","0","0","67301","0","0","0","N","0","0","0","2","67301","0","","1.0","","1","N","N","N","0","","0","0","0","0","0","","1814","2","0","0","0","0","0","0","2","0","2","0","0","0","3","","","N","","","","","","","","","",""
"2020074094","1401","3","0","0","0","0","0","0","0","0","5","0","","67","9","2020","3","39.975015","-75.261338","1400","6","0","1","0","0","0","0","0","0","","1","0","0","14","1","8","","3","0","39 58:30.054","","0","75 15:40.817","1","0","0","0","67301","0","0","0","N","0","0","0","10","67301","0","2","1.0","","1","N","N","N","0","0","8","0","1","3","2","","1400","7","8","4","1","0","0","1","2","3","7","0","0","0","3","03","","N","","","","","","","","","",""
"2020033867","2116","1","0","0","0","0","0","0","0","0","5","0","","67","4","2020","2","39.955071","-75.204069","2116","6","0","0","0","0","0","0","1","0","","0","0","0","21","3","0","N","0","0","39 57:18.257","","0","75 12:14.650","0","0","0","0","67301","0","0","0","N","0","0","0","1","67504","0","","6.0","","1","N","N","N","1","","0","0","1","0","0","","2116","3","0","0","0","0","0","0","2","0","3","0","0","0","3","03","","N","","","","","","","","","",""
"2020029837","1616","1","0","0","0","0","0","0","0","0","4","0","","67","3","2020","6","40.015808","-75.141118","1611","6","0","0","0","0","0","1","0","0","","0","0","0","16","1","0","","1","0","40 00:56.908","","0","75 08:28.024","0","0","0","0","67301","0","0","0","N","0","0","0","2","67301","0","","1.0","","1","N","N","N","0","","0","0","1","3","2","","1609","2","0","0","0","0","0","0","2","0","2","0","0","0","3","03","","N","","","","","","","","","",""
"2020034248","2319","1","0","0","0","0","0","0","0","0","7","0","","67","3","2020","7","39.981475","-75.207119","2300","6","0","0","0","0","0","0","0","0","","0","0","0","23","2","0","N","0","2","39 58:53.311","3","0","75 12:25.629","9","0","0","0","67301","0","0","0","N","0","0","0","1","68K01","0","","4.0","30.0","98","N","N","N","0","","0","0","0","0","0","N","2300","1","0","0","0","0","0","1","2","0","1","0","0","0","7","07","","N","","","","","","","","","",""
"2020027398","1521","0","0","0","0","0","0","0","0","0","8","0","","67","3","2020","2","39.972608","-75.246106","1520","6","0","0","0","0","0","0","0","0","","0","0","0","14","1","1","N","0","0","39 58:21.390","","0","75 14:45.980","3","0","0","0","67301","1","0","0","N","1","0","0","2","67301","0","","1.0","","1","N","N","N","0","","1","0","1","0","0","","1440","2","1","0","0","0","0","0","2","0","1","1","0","0","3","03","","N","","","","","","","","","",""
"2020027403","1453","0","0","0","0","0","0","0","0","0","4","0","","67","3","2020","3","40.052077","-75.141781","1429","6","0","0","0","0","1","1","0","0","","0","0","0","14","1","2","","1","1","40 03:07.476","1","0","75 08:30.412","3","0","0","0","67301","0","0","0","N","0","0","0","3","67301","0","","1.0","1431.0","1","N","N","N","0","","1","0","2","3","2","N","1415","2","2","2","0","0","1","0","2","0","2","0","0","0","3","03","","N","","","","","","","","","",""
"2020069349","1808","3","0","0","0","0","0","0","0","0","1","0","","67","8","2020","5","39.958841","-75.169513","1758","6","0","0","0","0","0","0","0","0","","0","0","0","17","1","1","N","0","1","39 57:31.827","4","0","75 10:10.245","3","0","0","0","67301","0","0","0","N","0","0","0","6","68K01","0","","1.0","1845.0","1","N","N","N","1","","1","0","1","0","0","N","1757","5","1","0","0","0","0","0","2","0","5","0","0","0","3","03","","N","","","","","","","","","",""
"2020030134","0700","0","0","0","0","0","0","0","0","0","7","0","","67","3","2020","3","39.948583","-75.142024","0652","6","0","0","0","0","0","0","0","0","","0","0","0","6","1","1","N","0","1","39 56:54.897","2","0","75 08:31.286","4","0","0","0","67301","0","0","0","N","0","0","0","1","68K01","1","","4.0","730.0","9","N","N","N","0","","0","0","1","0","0","N","651","1","1","0","0","0","0","0","2","0","1","0","0","0","7","07","","N","","","","","","","","","",""
"2020032625","1743","2","0","0","0","0","0","0","0","0","5","0","","67","4","2020","2","40.029801","-75.127828","1741","6","0","0","0","0","0","0","0","0","","0","0","0","8","1","0","","2","0","40 01:47.283","","0","75 07:40.180","9","0","0","0","67301","0","0","0","N","0","0","0","1","67301","0","","2.0","","9","N","N","N","0","","0","0","0","0","0","","830","2","0","0","0","0","0","1","2","0","2","0","0","0","7","04","","N","","","","","","","","","",""
"2020069948","1710","2","0","0","0","0","0","0","0","0","4","0","","67","8","2020","2","39.918903","-75.246863","1705","6","0","0","1","0","0","0","0","0","","0","0","0","14","1","1","","3","1","39 55:08.049","2","0","75 14:48.706","4","0","0","0","67301","0","0","0","N","0","0","0","2","67301","1","","1.0","1820.0","1","N","N","N","0","","0","0","0","0","0","N","1458","2","1","0","0","0","0","1","2","0","2","0","0","0","3","","","N","","","","","","","","","",""
"2020028100","1841","1","0","0","0","0","0","0","0","0","7","0","","67","3","2020","5","40.03355","-75.023989","1831","6","0","0","0","0","0","0","0","0","","0","0","0","18","1","1","N","0","0","40 02:00.781","","0","75 01:26.360","3","0","0","0","67301","0","0","0","N","0","0","0","1","67301","0","","4.0","","1","N","N","N","0","","1","0","0","0","0","","1815","1","1","0","0","0","0","0","2","0","1","0","0","0","3","","","N","","","","","","","","","",""
"2020047708","1217","2","0","0","0","0","0","0","0","0","4","0","","67","6","2020","4","40.030572","-75.103892","1217","6","0","0","0","0","0","3","0","0","","0","0","0","12","1","1","","2","0","40 01:50.059","","0","75 06:14.011","4","0","0","0","67301","0","0","0","N","0","0","0","4","67301","1","","1.0","","1","N","N","N","0","","0","0","1","3","2","","1217","3","1","0","0","0","0","0","2","0","3","0","0","0","3","","","N","","","","","","","","","",""
"2020069367","1116","1","0","0","0","0","0","0","0","0","1","0","","67","8","2020","1","39.958694","-75.168337","1059","6","0","0","0","0","0","0","0","0","","0","0","0","10","1","0","N","0","0","39 57:31.298","","0","75 10:06.014","0","0","0","0","67301","0","0","0","N","0","0","0","2","68K01","0","","1.0","","1","N","N","N","0","","0","0","1","0","0","","1057","2","0","0","0","0","0","0","2","0","2","0","0","0","3","","","N","","","","","","","","","",""
"2020029253","1747","1","0","0","0","0","0","0","0","0","4","0","","67","3","2020","7","40.034409","-75.082208","1747","6","0","0","0","0","0","0","1","0","","0","0","0","17","1","1","","1","1","40 02:03.872","2","0","75 04:55.948","4","0","0","0","67301","0","0","0","N","0","0","0","2","67301","1","","1.0","1817.0","1","N","N","N","0","","0","0","1","3","2","N","1730","2","1","1","0","0","0","0","2","0","2","0","0","0","3","03","","N","","","","","","","","","",""
"2020069621","1755","0","0","0","0","0","0","0","0","0","0","0","","67","8","2020","4","40.046919","-75.138404","1755","6","0","0","0","0","0","1","0","0","","1","0","0","17","1","0","N","0","2","40 02:48.909","6","0","75 08:18.254","1","1","0","1","67301","0","0","0","N","0","0","0","1","67301","0","2","1.0","1901.0","1","N","N","N","0","0","0","0","0","0","0","Y","1723","1","0","0","0","0","0","0","2","0","1","0","0","0","3","03","","N","","","","","","","","","",""
"2020031507","1306","1","0","0","0","0","0","0","0","0","7","0","","67","3","2020","4","40.031133","-75.021697","1257","6","0","0","0","0","0","0","0","0","","0","0","0","12","8","1","N","0","1","40 01:52.079","2","0","75 01:18.110","3","0","0","0","67301","0","0","0","N","0","0","0","1","68K01","0","","4.0","15.0","9","N","N","N","0","","1","0","0","0","0","N","1254","1","1","0","0","0","0","0","2","0","1","0","0","0","7","07","","N","","","","","","","","","",""
"2020068230","1944","1","0","0","0","0","0","0","0","0","8","0","","67","8","2020","7","40.040589","-75.076083","1940","6","0","0","0","0","0","0","0","0","","0","0","0","19","4","1","N","0","2","40 02:26.120","6","0","75 04:33.900","3","0","0","0","67301","1","0","0","N","1","0","0","2","67301","0","","1.0","2115.0","1","N","N","N","0","","1","0","0","0","0","Y","1935","2","1","0","0","0","0","0","2","0","1","1","0","0","3","03","","N","","","","","","","","","",""