"CRN","ARRIVAL_TM","AUTOMOBILE_COUNT","BELTED_DEATH_COUNT","BELTED_SUSP_SERIOUS_INJ_COUNT","BICYCLE_COUNT","BICYCLE_DEATH_COUNT","BICYCLE_SUSP_SERIOUS_INJ_COUNT","BUS_COUNT","CHLDPAS_DEATH_COUNT","CHLDPAS_SUSP_SERIOUS_INJ_COUNT","COLLISION_TYPE","COMM_VEH_COUNT","CONS_ZONE_SPD_LIM","COUNTY","CRASH_MONTH","CRASH_YEAR","DAY_OF_WEEK","DEC_LATITUDE","DEC_LONGITUDE","DISPATCH_TM","DISTRICT","DRIVER_COUNT_16YR","DRIVER_COUNT_17YR","DRIVER_COUNT_18YR","DRIVER_COUNT_19YR","DRIVER_COUNT_20YR","DRIVER_COUNT_50_64YR","DRIVER_COUNT_65_74YR","DRIVER_COUNT_75PLUS","EST_HRS_CLOSED","FATAL_COUNT","HEAVY_TRUCK_COUNT","HORSE_BUGGY_COUNT","HOUR_OF_DAY","ILLUMINATION","INJURY_COUNT","INTERSECTION_RELATED","INTERSECT_TYPE","LANE_CLOSED","LATITUDE","LN_CLOSE_DIR","LOCATION_TYPE","LONGITUDE","MAX_SEVERITY_LEVEL","MCYCLE_DEATH_COUNT","MCYCLE_SUSP_SERIOUS_INJ_COUNT","MOTORCYCLE_COUNT","MUNICIPALITY","NONMOTR_COUNT","NONMOTR_DEATH_COUNT","NONMOTR_SUSP_SERIOUS_INJ_COUNT","NTFY_HIWY_MAINT","PED_COUNT","PED_DEATH_COUNT","PED_SUSP_SERIOUS_INJ_COUNT","PERSON_COUNT","POLICE_AGCY","POSSIBLE_INJ_COUNT","RDWY_SURF_TYPE_CD","RELATION_TO_ROAD","ROADWAY_CLEARED","ROAD_CONDITION","SCH_BUS_IND","SCH_ZONE_IND","SECONDARY_CRASH","SMALL_TRUCK_COUNT","SPEC_JURIS_CD","SUSP_MINOR_INJ_COUNT","SUSP_SERIOUS_INJ_COUNT","SUV_COUNT","TCD_FUNC_CD","TCD_TYPE","TFC_DETOUR_IND","TIME_OF_DAY","TOTAL_UNITS","TOT_INJ_COUNT","UNBELTED_OCC_COUNT","UNB_DEATH_COUNT","UNB_SUSP_SERIOUS_INJ_COUNT","UNK_INJ_DEG_COUNT","UNK_INJ_PER_COUNT","URBAN_RURAL","VAN_COUNT","VEHICLE_COUNT","VULNERABLE_ROAD_USER_COUNT","VULNERABLE_ROAD_USER_DEATH_COUNT","VULNERABLE_ROAD_USER_SER_INJ_COUNT","WEATHER1","WEATHER2","WORKERS_PRES","WORK_ZONE_IND","WORK_ZONE_LOC","WORK_ZONE_TYPE","WZ_CLOSE_DETOUR","WZ_FLAGGER","WZ_LAW_OFFCR_IND","WZ_LN_CLOSURE","WZ_MOVING","WZ_OTHER","WZ_SHLDER_MDN","WZ_WORKERS_INJ_KILLED"
"2020028823","1757","1","0","0","0","0","0","0","0","0","4","0","","67","3","2020","2","40.05061","-75.177451","1747","6","0","0","0","0","0","0","0","0","","0","0","0","17","1","1","","1","0","40 03:02.195","","0","75 10:38.823","3","0","0","0","67301","0","0","0","N","0","0","0","3","67301","0","","1.0","","9","N","N","N","0","","1","0","0","3","2","","1744","2","1","0","0","0","0","0","2","0","2","0","0","0","7","07","","N","","","","","","","","","",""
"2020030948","1452","1","0","0","0","0","0","0","0","0","0","0","","67","3","2020","4","39.981285","-75.206916","1452","6","0","0","0","0","0","0","1","0","","0","0","0","14","1","1","N","0","1","39 58:52.625","3","0","75 12:24.899","3","0","0","0","67301","0","0","0","N","0","0","0","3","68K01","0","","4.0","1445.0","9","N","N","Y","0","","1","0","0","0","0","Y","1452","1","1","0","0","0","0","0","2","0","1","0","0","0","4","","","N","","","","","","","","","",""
"2020028598","2007","1","0","0","0","0","0","0","0","0","8","0","","67","3","2020","1","40.009747","-75.155076","2005","6","0","0","0","0","0","0","0","0","","0","0","0","20","3","1","N","0","0","40 00:35.088","","0","75 09:18.274","3","0","0","0","67301","1","0","0","N","1","0","0","2","67301","0","","1.0","","1","N","N","N","0","","1","0","0","3","2","","2000","2","1","0","0","0","0","0","2","0","1","1","0","0","3","03","","N","","","","","","","","","",""
"2020028485","2045","2","0","0","0","0","0","0","0","0","4","0","","67","3","2020","6","39.983323","-75.104166","2030","6","0","0","0","0","0","1","0","0","","0","0","0","19","3","2","","1","2","39 58:59.961","2","0","75 06:14.999","8","0","0","0","67301","0","0","0","N","0","0","0","3","67301","0","","1.0","2130.0","1","N","N","N","0","","0","0","0","3","3","N","1950","2","2","0","0","0","2","0","2","0","2","0","0","0","3","","","N","","","","","","","","","",""
"2020029646","2142","0","0","0","0","0","0","0","0","0","8","0","","67","3","2020","5","39.979586","-75.171077","2139","6","0","0","0","0","0","0","0","0","","0","0","0","21","3","1","","2","0","39 58:46.508","","0","75 10:15.876","4","0","0","0","67301","1","0","0","N","1","0","0","2","67301","1","","1.0","","1","N","N","N","0","","0","0","1","3","2","","2135","2","1","0","0","0","0","0","2","0","1","1","0","0","3","03","","N","","","","","","","","","",""
"2020033398","1446","2","0","0","0","0","0","0","0","0","5","0","","67","4","2020","6","39.955496","-75.14812","1445","6","0","0","0","0","1","0","0","0","","0","0","0","14","1","0","N","0","2","39 57:19.787","4","2","75 08:53.233","0","0","0","0","67301","0","0","0","N","0","0","0","2","67501","0","","1.0","1520.0","1","N","N","N","0","","0","0","0","3","8","N","1445","2","0","0","0","0","0","0","2","0","2","0","0","0","4","","","N","","","","","","","","","",""
"2020031512","1709","0","0","0","0","0","0","0","0","0","7","0","","67","3","2020","1","39.935314","-75.199782","1709","6","0","0","0","0","0","0","0","0","","0","0","0","17","1","0","N","0","1","39 56:07.130","4","0","75 11:59.215","0","0","0","0","67301","0","0","0","N","0","0","0","1","68K01","0","","4.0","1712.0","1","N","N","N","0","","0","0","1","0","0","N","1705","1","0","1","0","0","0","0","2","0","1","0","0","0","5","05","","N","","","","","","","","","",""
"2020029674","1423","0","0","0","0","0","0","0","0","0","7","0","","67","3","2020","4","39.959931","-75.179243","1417","6","0","0","0","0","0","0","0","0","","0","0","0","14","1","1","N","0","2","39 57:35.752","3","0","75 10:45.275","3","0","0","0","67301","0","0","0","N","0","0","0","1","68K01","0","","2.0","30.0","9","N","N","N","0","","1","0","1","0","0","N","1415","1","1","0","0","0","0","0","2","0","1","0","0","0","7","","","N","","","","","","","","","",""
"2020069348","1606","0","0","0","0","0","0","0","0","0","1","0","","67","8","2020","5","39.909129","-75.14934","1556","6","0","0","0","0","0","0","0","0","","0","0","0","15","1","0","N","0","2","39 54:32.865","2","0","75 08:57.624","0","0","0","0","67301","0","0","0","N","0","0","0","2","68K01","0","","1.0","20.0","1","N","N","N","0","","0","0","2","0","0","N","1552","2","0","0","0","0","0","0","2","0","2","0","0","0","3","","","N","","","","","","","","","",""
"2020023937","0828","2","0","0","0","0","0","0","0","0","5","0","","67","3","2020","3","39.943024","-75.142828","0819","6","0","0","0","0","0","0","0","0","","0","0","0","7","1","0","N","0","0","39 56:34.885","","0","75 08:34.179","0","0","0","0","67301","0","0","0","N","0","0","0","2","68K01","0","","1.0","","1","N","N","N","0","","0","0","0","0","0","","709","2","0","0","0","0","0","0","2","0","2","0","0","0","3","03","","N","","","","","","","","","",""
"2020012892","0607","0","0","0","0","0","0","0","0","0","4","0","","67","1","2020","5","39.921017","-75.22412","0558","6","0","0","0","0","0","0","0","0","","0","0","0","5","5","2","","1","0","39 55:15.660","","0","75 13:26.832","4","0","0","0","67301","0","0","0","N","0","0","0","2","67301","2","","1.0","","1","N","N","N","0","","0","0","1","9","2","","558","2","2","0","0","0","0","0","2","1","2","0","0","0","3","03","","N","","","","","","","","","",""
"2020002201","2307","2","0","0","0","0","0","0","0","0","1","0","","67","1","2020","7","39.984394","-75.208346","2306","6","0","0","0","0","0","0","0","0","","0","0","0","22","3","0","N","0","2","39 59:03.818","3","0","75 12:30.046","0","0","0","0","67301","0","0","0","N","0","0","0","3","68K01","0","","1.0","45.0","9","N","N","N","0","","0","0","1","0","0","N","2255","3","0","0","0","0","0","0","2","0","3","0","0","0","7","","","N","","","","","","","","","",""
"2020046154","1721","2","0","0","0","0","0","0","0","0","4","0","","67","6","2020","5","40.026996","-75.147372","1721","6","0","0","0","0","0","1","0","0","","0","0","0","16","1","1","N","0","0","40 01:37.184","","0","75 08:50.539","3","0","0","0","67301","0","0","0","N","0","0","0","2","67301","0","","1.0","","99","N","N","N","0","","1","0","0","0","0","","1655","2","1","0","0","0","0","0","2","0","2","0","0","0","99","","","N","","","","","","","","","",""
"2020046684","1257","1","0","0","0","0","0","0","0","0","1","0","","67","5","2020","7","39.958104","-75.164466","1257","6","0","0","0","0","0","0","0","0","","0","0","0","12","1","1","N","0","0","39 57:29.174","","0","75 09:52.076","8","0","0","0","67301","0","0","0","N","0","0","0","6","68K01","0","","1.0","","1","N","N","N","0","","0","0","1","0","0","","1257","2","1","0","0","0","1","0","2","0","2","0","0","0","3","03","","N","","","","","","","","","",""
"2020011270","1538","1","0","0","0","0","0","0","0","0","4","0","","67","1","2020","6","40.05843","-75.149239","1537","6","0","0","0","0","0","1","0","0","","0","0","0","18","3","1","","5","0","40 03:30.348","","0","75 08:57.260","3","0","0","0","67301","0","0","0","N","0","0","0","2","67301","0","","1.0","","99","N","N","N","0","","1","0","1","3","2","","1830","2","1","0","0","0","0","0","2","0","2","0","0","0","99","98","","N","","","","","","","","","",""
"2020028666","1730","1","0","0","0","0","0","0","0","0","4","0","","67","3","2020","7","40.04387","-75.228536","1730","6","0","0","0","0","0","0","0","0","","0","0","0","21","3","0","","2","0","40 02:37.932","","0","75 13:42.728","9","0","0","0","67301","0","0","0","N","0","0","0","2","67301","0","","1.0","","99","N","N","N","0","","0","0","0","9","2","","2130","2","0","0","0","0","0","1","2","0","2","0","0","0","3","03","","N","","","","","","","","","",""
"2020070138","0805","0","0","0","0","0","0","0","0","0","1","0","","67","8","2020","6","40.079007","-75.174004","0755","6","0","0","0","0","0","0","0","0","","0","0","0","7","3","3","","1","0","40 04:44.426","","0","75 10:26.416","8","0","0","0","67301","0","0","0","N","0","0","0","4","67301","0","","1.0","","9","N","N","N","0","","0","0","2","3","2","","715","2","3","0","0","0","3","1","2","0","2","0","0","0","7","07","","N","","","","","","","","","",""
"2020036345","0005","2","0","0","0","0","0","0","0","0","4","0","","67","4","2020","6","40.02686","-75.121252","2356","6","0","0","0","0","0","0","0","0","","0","0","0","23","3","2","","3","2","40 01:36.696","5","0","75 07:16.506","3","0","0","0","67301","0","0","0","N","0","0","0","2","67301","0","","1.0","231.0","1","N","N","N","0","","2","0","3","3","3","Y","2356","6","2","0","0","0","0","0","2","1","6","0","0","0","3","03","","N","","","","","","","","","",""
"2020000256","0712","1","0","0","0","0","0","0","0","0","7","0","","67","1","2020","4","40.007633","-75.105361","0711","6","0","0","0","0","0","0","0","0","","0","0","0","7","1","0","N","0","0","40 00:27.480","","0","75 06:19.300","0","0","0","0","67301","0","0","0","N","0","0","0","1","67301","0","","4.0","","1","N","N","N","0","","0","0","0","0","0","","710","1","0","1","0","0","0","0","2","0","1","0","0","0","3","","","N","","","","","","","","","",""
"2020053266","1930","1","0","0","0","0","0","0","0","0","1","0","","67","7","2020","2","39.924219","-75.193189","1923","6","0","0","0","0","0","0","0","0","","0","0","0","19","3","1","N","0","0","39 55:27.190","","0","75 11:35.480","3","0","0","0","67301","0","0","0","N","0","0","0","1","67301","0","","6.0","","9","N","N","N","0","","1","0","1","0","0","","1920","2","1","0","0","0","0","0","2","0","2","0","0","0","7","07","","N","","","","","","","","","",""
"2020001430","0304","0","0","0","0","0","0","0","0","0","1","0","","67","1","2020","1","40.001601","-75.152925","0301","6","0","0","0","0","0","0","0","0","","0","0","0","2","3","3","","1","0","40 00:05.763","","0","75 09:10.529","4","0","0","0","67301","0","0","0","N","0","0","0","4","67301","3","","1.0","","1","N","N","Y","0","","0","0","2","3","2","","258","2","3","0","0","0","0","0","2","0","2","0","0","0","3","03","","N","","","","","","","","","",""
"2020000064","0022","1","0","0","0","0","0","0","0","0","8","0","","67","1","2020","4","39.949008","-75.240069","0020","6","0","0","0","0","0","0","0","0","","0","0","0","0","3","1","N","0","0","39 56:56.430","","0","75 14:24.250","3","0","0","0","67301","1","0","0","N","1","0","0","2","67301","0","","1.0","","1","N","N","N","0","","1","0","0","0","0","","10","2","1","0","0","0","0","0","2","0","1","1","0","0","3","","","N","","","","","","","","","",""
"2020001969","0205","2","0","0","0","0","0","0","0","0","6","0","","67","1","2020","2","40.024244","-75.131848","0150","6","0","0","2","0","0","0","0","0","","0","0","0","1","3","2","N","0","2","40 01:27.280","2","0","75 07:54.654","3","0","0","0","67301","0","0","0","N","0","0","0","3","67301","0","","1.0","400.0","1","N","N","N","0","","2","0","1","3","2","Y","140","3","2","1","0","0","0","0","2","0","3","0","0","0","3","03","","N","","","","","","","","","",""
"2020031482","2120","1","0","0","0","0","0","0","0","0","7","0","","67","3","2020","3","40.005133","-75.09281","2111","6","0","0","0","0","0","0","0","0","","0","0","0","20","3","0","","3","0","40 00:18.478","","0","75 05:34.115","9","0","0","0","67301","0","0","0","N","0","0","0","1","67301","0","","5.0","","1","N","N","N","0","","0","0","0","0","0","","2045","1","0","0","0","0","0","1","2","0","1","0","0","0","3","03","","N","","","","","","","","","",""
"2020073901","2100","1","0","0","0","0","0","0","0","0","1","0","","67","9","2020","2","39.996617","-75.175291","1940","6","0","0","0","0","0","0","0","0","","0","0","0","19","4","2","N","0","9","39 59:47.822","","0","75 10:31.047","3","0","0","0","67301","0","0","0","N","0","0","0","2","67301","0","","1.0","","1","N","N","N","0","","2","0","1","0","0","U","1938","2","2","0","0","0","0","0","2","0","2","0","0","0","3","","","N","","","","","","","","","",""
"2020027324","1950","1","0","0","1","0","0","0","0","0","8","0","","67","3","2020","2","39.923299","-75.161318","1949","6","0","0","0","0","0","0","0","0","","0","0","0","19","3","1","","1","0","39 55:23.877","","0","75 09:40.743","3","0","0","0","67301","1","0","0","N","0","0","0","2","67301","0","","1.0","","1","N","N","N","0","","1","0","0","3","2","","1948","2","1","0","0","0","0","0","2","0","1","1","0","0","3","","","N","","","","","","","","","",""
"2020028313","1606","1","0","0","0","0","0","0","0","0","4","0","","67","3","2020","6","40.030129","-75.035161","1600","6","0","0","0","0","0","0","0","0","","0","0","0","15","1","0","","1","0","40 01:48.464","","0","75 02:06.579","0","0","0","0","67301","0","0","0","N","0","0","0","4","67301","0","","1.0","","1","N","N","N","0","","0","0","0","3","2","","1531","2","0","0","0","0","0","0","2","1","2","0","0","0","3","03","","N","","","","","","","","","",""
"2020031428","0332","1","0","0","0","0","0","0","0","0","4","0","","67","4","2020","1","40.040258","-75.058429","0329","6","0","0","0","0","0","1","0","0","","0","0","0","3","3","2","","1","0","40 02:24.930","","0","75 03:30.344","3","0","0","0","67301","0","0","0","N","0","0","0","2","67301","1","","1.0","","1","N","N","N","0","","1","0","0","3","2","","320","2","2","0","0","0","0","0","2","1","2","0","0","0","3","03","","N","","","","","","","","","",""
"2020070924","1631","1","0","0","0","0","0","0","0","0","2","0","","67","8","2020","2","40.056773","-75.028755","1622","6","0","0","1","0","1","0","0","0","","0","0","0","16","1","1","","3","0","40 03:24.384","","0","75 01:43.519","4","0","0","0","67301","0","0","0","N","0","0","0","4","67301","1","","1.0","","9","N","N","N","0","","0","0","1","0","0","","1615","2","1","0","0","0","0","0","2","0","2","0","0","0","3","03","","N","","","","","","","","","",""
"2020071124","0110","2","0","0","0","0","0","0","0","0","1","0","","67","8","2020","3","39.982992","-75.099098","0101","6","0","0","0","0","0","0","0","0","","0","0","0","1","3","0","N","0","1","39 58:58.772","1","0","75 05:56.754","0","0","0","0","67301","0","0","0","N","0","0","0","1","68K01","0","","1.0","140.0","1","N","N","N","0","","0","0","0","0","0","N","100","2","0","0","0","0","0","0","2","0","2","0","0","0","3","","","N","","","","","","","","","",""
"2020037789","0815","1","0","0","0","0","0","0","0","0","4","0","","67","5","2020","1","40.087537","-74.971134","0807","6","0","0","0","0","0","1","0","0","","0","0","0","8","1","1","","1","0","40 05:15.133","","2","74 58:16.083","3","0","0","0","67301","0","0","0","N","0","0","0","2","67301","0","","1.0","","1","N","N","N","0","","1","0","1","3","2","","803","2","1","0","0","0","0","0","2","0","2","0","0","0","3","03","","N","","","","","","","","","",""
"2020029343","0112","2","0","0","0","0","0","0","0","0","1","0","","67","3","2020","1","39.959399","-75.17402","0109","6","0","0","0","0","0","0","0","0","","0","0","0","1","3","1","N","0","0","39 57:33.838","","0","75 10:26.471","3","0","0","0","67301","0","0","0","N","0","0","0","4","68K01","0","","1.0","","1","N","N","N","0","","1","0","0","0","0","","105","2","1","0","0","0","0","0","2","0","2","0","0","0","3","03","","N","","","","","","","","","",""
"2020029948","2108","1","0","0","0","0","0","0","0","0","4","0","","67","3","2020","5","40.051536","-75.163264","2105","6","0","0","0","0","0","0","0","0","","0","0","0","21","6","0","N","0","0","40 03:05.530","","0","75 09:47.750","9","0","0","0","67301","0","0","0","N","0","0","0","2","67301","0","","1.0","","1","N","N","N","0","","0","0","1","3","2","","2100","2","0","0","0","0","0","1","2","0","2","0","0","0","3","03","","N","","","","","","","","","",""
"2020028668","0735","1","0","1","0","0","0","0","0","0","4","0","","67","3","2020","2","39.917183","-75.246303","0731","6","0","0","0","0","0","0","0","0","","0","0","0","6","1","1","","1","0","39 55:01.859","","0","75 14:46.691","2","0","0","0","67301","0","0","0","N","0","0","0","2","67301","0","","1.0","","9","N","N","Y","1","","0","1","0","2","2","","620","2","1","0","0","0","0","0","2","0","2","0","0","0","3","07","","N","","","","","","","","","",""
"2020009802","0300","3","0","0","0","0","0","0","0","0","5","0","","67","1","2020","1","39.927352","-75.163622","0300","6","0","0","0","0","0","0","0","0","","0","0","0","2","3","0","Y","0","2","39 55:38.467","1","0","75 09:49.039","0","0","0","0","67301","0","0","0","N","0","0","0","1","67505","0","","6.0","400.0","1","N","N","N","0","","0","0","0","0","0","Y","238","3","0","0","0","0","0","0","2","0","3","0","0","0","3","03","","N","","","","","","","","","",""
"2020032368","0654","1","0","0","0","0","0","0","0","0","5","0","","67","3","2020","5","39.946469","-75.142139","0642","6","0","0","0","0","0","1","0","0","","0","0","0","6","5","1","N","0","0","39 56:47.288","","1","75 08:31.700","3","0","0","0","67301","0","0","0","N","0","0","0","2","68K01","0","","1.0","","9","N","N","N","0","","1","0","1","0","0","","637","2","1","0","0","0","0","0","2","0","2","0","0","0","7","","","N","","","","","","","","","",""
"2020002540","1107","0","0","0","0","0","0","0","0","0","4","0","","67","1","2020","3","40.031508","-75.128634","1103","6","0","1","0","0","0","0","0","0","","0","0","0","10","1","2","","1","1","40 01:53.428","7","0","75 07:43.082","8","0","0","0","67301","0","0","0","N","0","0","0","3","67301","0","","1.0","100.0","1","N","N","N","0","","0","0","2","3","3","Y","1058","2","2","0","0","0","2","0","2","0","2","0","0","0","4","04","","N","","","","","","","","","",""
"2020029077","1134","1","0","0","0","0","0","0","0","0","7","0","","67","3","2020","2","39.885985","-75.242989","1114","6","0","0","0","0","0","0","0","0","","0","0","0","11","1","0","N","0","1","39 53:09.546","1","0","75 14:34.759","0","0","0","0","67301","0","0","0","N","0","0","0","1","68K01","0","","4.0","1215.0","9","N","N","N","0","","0","0","0","0","0","N","1112","1","0","0","0","0","0","0","2","0","1","0","0","0","7","07","","N","","","","","","","","","",""
"2020027531","1225","0","0","0","0","0","0","0","0","0","4","1","","67","3","2020","4","39.967208","-75.145742","1220","6","0","0","0","0","0","0","0","0","","0","1","0","12","1","0","N","0","0","39 58:01.950","","7","75 08:44.670","0","0","0","0","67301","0","0","0","N","0","0","0","1","67301","0","","6.0","","1","N","N","N","0","","0","0","1","0","0","","1215","2","0","1","0","0","0","0","2","0","2","0","0","0","3","03","","N","","","","","","","","","",""
"2020069920","0510","1","0","0","0","0","0","0","0","0","8","0","","67","8","2020","4","39.927808","-75.236981","0510","6","0","0","0","0","0","1","0","0","","0","0","0","5","3","1","","1","0","39 55:40.109","","0","75 14:13.130","3","0","0","0","67301","1","0","0","N","1","0","0","2","67301","0","","1.0","","9","N","N","N","0","","1","0","0","3","2","","505","2","1","0","0","0","0","0","2","0","1","1","0","0","7","","","N","","","","","","","","","",""
"2020029764","0006","0","0","0","0","0","0","0","0","0","7","0","","67","3","2020","7","40.007185","-75.135146","0006","6","0","0","0","0","0","0","0","0","","0","0","0","0","3","0","N","0","2","40 00:25.866","6","3","75 08:06.526","9","0","0","0","67301","0","0","0","N","0","0","0","1","67301","0","","1.0","145.0","1","N","N","N","0","","0","0","1","0","0","Y","4","1","0","0","0","0","0","1","2","0","1","0","0","0","3","03","","N","","","","","","","","","",""
"2020029786","2039","0","0","0","0","0","0","0","0","0","1","0","","67","3","2020","5","40.007717","-75.172048","2039","6","0","0","0","0","0","1","0","0","","0","0","0","20","3","0","Y","0","1","40 00:27.782","1","0","75 10:19.374","0","0","0","0","67301","0","0","0","N","0","0","0","3","67301","0","","1.0","2135.0","1","N","N","N","1","","0","0","0","3","2","N","2026","2","0","0","0","0","0","0","2","1","2","0","0","0","3","","","N","","","","","","","","","",""
"2020012672","1823","0","0","0","0","0","0","0","0","0","1","0","","67","2","2020","7","39.953154","-75.248748","1823","6","0","0","0","0","0","0","0","0","","0","0","0","18","3","1","","2","0","39 57:11.353","","0","75 14:55.491","3","0","0","0","67301","0","0","0","N","0","0","0","2","67301","0","","1.0","","9","N","N","N","0","","1","0","2","3","2","","1822","2","1","2","0","0","0","0","2","0","2","0","0","0","7","07","","N","","","","","","","","","",""
"2020010032","1435","0","0","0","0","0","0","0","0","0","7","0","","67","1","2020","7","39.899165","-75.176218","1435","6","0","0","0","0","0","1","0","0","3","0","0","0","14","1","0","N","0","1","39 53:56.993","1","0","75 10:34.385","0","0","0","0","67301","0","0","0","N","0","0","0","1","68K01","0","","3.0","9999.0","7","N","N","N","0","","0","0","1","0","0","N","1435","1","0","0","0","0","0","0","2","0","1","0","0","0","10","","","N","","","","","","","","","",""
"2020046646","1115","1","0","0","0","0","0","0","0","0","7","0","","67","1","2020","7","40.03837","-75.010381","1109","6","0","0","0","0","0","0","0","1","","0","0","0","11","1","0","N","0","1","40 02:18.131","2","0","75 00:37.370","0","0","0","0","67301","0","0","0","N","0","0","0","3","68K01","0","","4.0","1200.0","1","N","N","N","0","","0","0","1","0","0","N","1108","2","0","0","0","0","0","0","2","0","2","0","0","0","3","","","N","","","","","","","","","",""
"2020002077","1542","2","0","0","0","0","0","0","0","0","1","0","","67","1","2020","1","40.093663","-75.031141","1542","6","0","0","0","0","0","0","0","1","","0","0","0","15","1","2","Y","0","0","40 05:37.185","","0","75 01:52.109","3","0","0","0","67301","0","0","0","N","0","0","0","4","67301","0","","1.0","","1","N","N","N","0","","2","0","1","9","2","","1541","3","2","0","0","0","0","0","2","0","3","0","0","0","3","03","","N","","","","","","","","","",""
"2020001581","2135","1","0","0","0","0","0","0","0","0","4","0","","67","1","2020","5","40.048374","-75.079807","2131","6","0","0","0","0","0","0","0","0","","0","0","0","21","3","0","","1","0","40 02:54.146","","0","75 04:47.305","0","0","0","0","67301","0","0","0","N","0","0","0","2","67301","0","","1.0","","1","N","N","N","0","","0","0","1","3","2","","2127","2","0","0","0","0","0","0","2","0","2","0","0","0","3","03","","N","","","","","","","","","",""
"2020047160","1743","2","0","0","0","0","0","0","0","0","1","0","","67","6","2020","2","39.977485","-75.11192","1730","6","0","0","0","1","0","0","0","0","","0","0","0","17","1","0","N","0","1","39 58:38.947","1","0","75 06:42.912","0","0","0","0","67301","0","0","0","N","0","0","0","5","68K01","0","","1.0","30.0","1","N","N","N","0","","0","0","1","0","0","N","1725","3","0","0","0","0","0","0","2","0","3","0","0","0","3","","","N","","","","","","","","","",""
"2020069947","1425","1","0","0","0","0","0","0","0","0","8","0","","67","8","2020","2","39.924874","-75.223437","1417","6","0","0","0","0","0","0","0","0","","0","0","0","14","1","1","","1","1","39 55:29.548","2","0","75 13:24.372","3","0","0","0","67301","1","0","0","N","0","0","0","2","67301","0","","1.0","1445.0","1","N","N","N","0","","1","0","0","3","2","","1416","2","1","0","0","0","0","0","2","0","1","1","0","0","3","","","N","","","","","","","","","",""
"2020047710","0328","1","0","0","0","0","0","0","0","0","7","0","","67","6","2020","5","39.973294","-75.153608","0326","6","0","0","0","0","0","0","0","0","","0","0","0","3","3","1","N","0","0","39 58:23.860","","0","75 09:12.990","3","0","0","0","67301","0","0","0","N","0","0","0","1","67301","0","","5.0","","1","N","N","N","0","","1","0","0","0","0","","315","1","1","0","0","0","0","0","2","0","1","0","0","0","3","03","","N","","","","","","","","","",""
"2020078386","1311","0","0","0","0","0","0","0","0","0","1","0","","67","9","2020","4","39.946061","-75.189628","1305","6","0","0","0","0","0","0","1","0","","0","0","0","13","1","0","N","6","0","39 56:45.818","","2","75 11:22.661","0","0","0","0","67301","0","0","0","N","0","0","0","3","68K01","0","","1.0","","1","N","N","N","1","","0","0","1","0","0","","1303","2","0","0","0","0","0","0","2","0","2","0","0","0","3","","","N","","","","","","","","","",""
"2020034537","0540","1","0","0","0","0","0","0","0","0","4","0","","67","4","2020","3","40.050393","-75.153118","0535","6","0","0","0","0","0","1","0","0","","0","0","0","5","5","0","","1","0","40 03:01.414","","0","75 09:11.224","9","0","0","0","67301","0","0","0","N","0","0","0","2","67301","0","","1.0","","1","N","N","N","0","","0","0","1","3","3","","525","3","0","0","0","0","0","1","2","1","3","0","0","0","3","03","","N","","","","","","","","","",""
"2020034607","0917","1","0","0","0","0","0","0","0","0","4","0","","67","4","2020","4","40.030567","-75.082639","0913","6","0","0","0","0","1","0","0","0","","0","0","0","9","1","1","","1","2","40 01:50.040","6","0","75 04:57.502","8","0","0","0","67301","0","0","0","N","0","0","0","3","67301","0","","1.0","1000.0","1","N","N","N","1","","0","0","0","3","2","Y","905","2","1","0","0","0","1","0","2","0","2","0","0","0","3","","","N","","","","","","","","","",""
"2020033553","1205","1","0","0","0","0","0","0","0","0","4","0","","67","4","2020","6","40.017108","-75.138466","1148","6","0","0","0","0","0","1","0","0","","0","0","0","11","1","1","","1","0","40 01:01.588","","0","75 08:18.477","3","0","0","0","67301","0","0","0","N","0","0","0","3","67301","0","","1.0","","1","N","N","N","0","","1","0","1","3","3","","1148","2","1","0","0","0","0","0","2","0","2","0","0","0","3","03","","N","","","","","","","","","",""
"2020029340","0338","1","0","0","0","0","0","0","0","0","7","0","","67","3","2020","5","39.892173","-75.197946","0319","6","0","0","0","0","0","0","0","0","","0","0","0","3","3","0","N","0","1","39 53:31.824","2","0","75 11:52.604","0","0","0","0","67301","0","0","0","N","0","0","0","1","68K01","0","","4.0","345.0","9","N","N","N","0","","0","0","0","0","0","N","317","1","0","0","0","0","0","0","2","0","1","0","0","0","7","","","N","","","","","","","","","",""
"2020068652","2029","1","0","0","0","0","0","0","0","0","7","0","","67","8","2020","2","40.018852","-75.190131","2027","6","0","0","0","0","0","0","0","0","","0","0","0","20","4","1","N","0","1","40 01:07.866","2","0","75 11:24.473","3","0","0","0","67301","0","0","0","N","0","0","0","3","67301","0","","2.0","1030.0","1","N","N","N","0","","1","0","0","0","0","Y","2024","1","1","0","0","0","0","2","2","0","1","0","0","0","3","","","N","","","","","","","","","",""
"2020027041","1020","0","0","0","0","0","0","0","0","0","4","0","","67","3","2020","2","39.957799","-75.147108","1010","6","0","0","0","0","0","1","0","0","","0","0","0","10","1","0","","1","0","39 57:28.076","","0","75 08:49.588","0","0","0","0","67301","0","0","0","N","0","0","0","2","67301","0","","1.0","","1","N","N","N","0","","0","0","2","3","2","","1005","2","0","0","0","0","0","0","2","0","2","0","0","0","3","03","","N","","","","","","","","","",""