"CRN","ARRIVAL_TM","AUTOMOBILE_COUNT","BELTED_DEATH_COUNT","BELTED_SUSP_SERIOUS_INJ_COUNT","BICYCLE_COUNT","BICYCLE_DEATH_COUNT","BICYCLE_SUSP_SERIOUS_INJ_COUNT","BUS_COUNT","CHLDPAS_DEATH_COUNT","CHLDPAS_SUSP_SERIOUS_INJ_COUNT","COLLISION_TYPE","COMM_VEH_COUNT","CONS_ZONE_SPD_LIM","COUNTY","CRASH_MONTH","CRASH_YEAR","DAY_OF_WEEK","DEC_LATITUDE","DEC_LONGITUDE","DISPATCH_TM","DISTRICT","DRIVER_COUNT_16YR","DRIVER_COUNT_17YR","DRIVER_COUNT_18YR","DRIVER_COUNT_19YR","DRIVER_COUNT_20YR","DRIVER_COUNT_50_64YR","DRIVER_COUNT_65_74YR","DRIVER_COUNT_75PLUS","EST_HRS_CLOSED","FATAL_COUNT","HEAVY_TRUCK_COUNT","HORSE_BUGGY_COUNT","HOUR_OF_DAY","ILLUMINATION","INJURY_COUNT","INTERSECTION_RELATED","INTERSECT_TYPE","LANE_CLOSED","LATITUDE","LN_CLOSE_DIR","LOCATION_TYPE","LONGITUDE","MAX_SEVERITY_LEVEL","MCYCLE_DEATH_COUNT","MCYCLE_SUSP_SERIOUS_INJ_COUNT","MOTORCYCLE_COUNT","MUNICIPALITY","NONMOTR_COUNT","NONMOTR_DEATH_COUNT","NONMOTR_SUSP_SERIOUS_INJ_COUNT","NTFY_HIWY_MAINT","PED_COUNT","PED_DEATH_COUNT","PED_SUSP_SERIOUS_INJ_COUNT","PERSON_COUNT","POLICE_AGCY","POSSIBLE_INJ_COUNT","RDWY_SURF_TYPE_CD","RELATION_TO_ROAD","ROADWAY_CLEARED","ROAD_CONDITION","SCH_BUS_IND","SCH_ZONE_IND","SECONDARY_CRASH","SMALL_TRUCK_COUNT","SPEC_JURIS_CD","SUSP_MINOR_INJ_COUNT","SUSP_SERIOUS_INJ_COUNT","SUV_COUNT","TCD_FUNC_CD","TCD_TYPE","TFC_DETOUR_IND","TIME_OF_DAY","TOTAL_UNITS","TOT_INJ_COUNT","UNBELTED_OCC_COUNT","UNB_DEATH_COUNT","UNB_SUSP_SERIOUS_INJ_COUNT","UNK_INJ_DEG_COUNT","UNK_INJ_PER_COUNT","URBAN_RURAL","VAN_COUNT","VEHICLE_COUNT","VULNERABLE_ROAD_USER_COUNT","VULNERABLE_ROAD_USER_DEATH_COUNT","VULNERABLE_ROAD_USER_SER_INJ_COUNT","WEATHER1","WEATHER2","WORKERS_PRES","WORK_ZONE_IND","WORK_ZONE_LOC","WORK_ZONE_TYPE","WZ_CLOSE_DETOUR","WZ_FLAGGER","WZ_LAW_OFFCR_IND","WZ_LN_CLOSURE","WZ_MOVING","WZ_OTHER","WZ_SHLDER_MDN","WZ_WORKERS_INJ_KILLED"
"2020069612","1945","0","0","0","0","0","0","0","0","0","0","0","","67","8","2020","5","40.108889","-75.025817","1943","6","0","0","0","0","0","0","0","0","","1","0","0","19","1","0","N","0","2","40 06:32.001","5","7","75 01:32.941","1","1","0","1","67301","0","0","0","N","0","0","0","1","67301","0","2","1.0","2130.0","1","N","N","N","0","0","0","0","0","0","0","Y","1940","2","0","0","0","0","0","0","2","0","1","0","0","0","3","03","","N","","","","","","","","","",""
"2020069321","1929","2","0","0","0","0","0","0","0","0","1","0","","67","8","2020","6","39.989357","-75.206395","1845","6","0","0","0","1","0","1","0","0","","0","0","0","18","1","1","N","6","0","39 59:21.686","","2","75 12:23.023","8","0","0","0","67301","0","0","0","N","0","0","0","2","68K01","0","","1.0","","9","N","N","N","0","","0","0","0","0","0","","1816","2","1","0","0","0","1","0","2","0","2","0","0","0","3","","","N","","","","","","","","","",""
"2020069618","1848","1","0","0","0","0","0","0","0","0","1","0","","67","8","2020","2","39.95325","-75.240578","1848","6","0","0","1","0","0","1","0","0","","0","0","0","18","1","1","N","0","0","39 57:11.700","","0","75 14:26.080","8","0","0","0","67301","0","0","0","N","0","0","0","3","67301","0","","1.0","","1","N","N","N","1","","0","0","0","0","0","","1845","2","1","1","0","0","1","0","2","0","2","0","0","0","3","03","","N","","","","","","","","","",""
"2020027528","0847","1","0","0","0","0","0","0","0","0","4","0","","67","3","2020","4","39.958132","-75.150458","0846","6","0","0","0","0","0","0","0","0","","0","0","0","8","1","1","","1","1","39 57:29.275","1","0","75 09:01.648","3","0","0","0","67301","0","0","0","N","0","0","0","2","67301","0","","1.0","1020.0","1","N","N","N","0","","1","0","1","3","8","Y","845","2","1","0","0","0","0","0","2","0","2","0","0","0","3","03","","N","","","","","","","","","",""
"2020000065","0406","1","0","0","0","0","0","0","0","0","7","0","","67","1","2020","4","39.948791","-75.212589","0405","6","0","0","0","0","0","0","0","0","","0","0","0","2","3","0","","1","0","39 56:55.647","","0","75 12:45.320","9","0","0","0","67301","0","0","0","N","0","0","0","1","67301","0","","4.0","","1","N","N","N","0","","0","0","0","3","3","","259","1","0","0","0","0","0","1","2","0","1","0","0","0","3","","","N","","","","","","","","","",""
"2020019177","0636","2","0","0","0","0","0","0","0","0","1","0","","67","1","2020","4","40.009653","-75.205729","0634","6","0","0","0","0","0","0","0","0","","0","0","0","6","3","2","N","0","1","40 00:34.751","4","0","75 12:20.624","4","0","0","0","67301","0","0","0","N","0","0","0","2","68K01","2","","1.0","652.0","1","N","N","N","0","","0","0","0","0","0","N","630","2","2","1","0","0","0","0","2","0","2","0","0","0","3","","","N","","","","","","","","","",""
"2020048141","0235","1","0","0","0","0","0","0","0","0","8","0","","67","6","2020","5","40.049663","-75.171639","0235","6","0","0","0","0","0","0","0","0","","0","0","0","21","3","1","N","0","9","40 02:58.786","","0","75 10:17.899","3","0","0","0","67301","1","0","0","N","1","0","0","1","67301","0","","1.0","","1","N","N","N","0","","1","0","0","0","0","U","2110","2","1","0","0","0","0","0","2","0","1","1","0","0","3","03","","N","","","","","","","","","",""
"2020006087","2117","0","0","0","0","0","0","0","0","0","5","0","","67","1","2020","2","39.932936","-75.167879","2117","6","0","0","0","0","0","0","0","0","","0","0","0","21","3","0","N","0","2","39 55:58.569","2","0","75 10:04.364","0","0","0","0","67301","0","0","0","N","0","0","0","1","67301","0","","6.0","2200.0","1","N","N","N","0","","0","0","2","0","0","N","2116","2","0","0","0","0","0","0","2","0","2","0","0","0","3","03","","N","","","","","","","","","",""
"2020014790","0732","1","0","0","0","0","0","0","0","0","5","0","","67","1","2020","1","40.018661","-75.055958","0723","6","0","0","0","0","0","0","0","0","","0","0","0","6","6","0","N","0","0","40 01:07.180","","0","75 03:21.450","0","0","0","0","67301","0","0","0","N","0","0","0","1","67301","0","","6.0","","1","N","N","N","0","","0","0","0","0","0","","616","2","0","0","0","0","0","0","2","1","2","0","0","0","3","03","","N","","","","","","","","","",""
"2020014606","2220","1","0","0","0","0","0","0","0","0","7","0","","67","1","2020","2","39.976491","-75.195802","2219","6","0","0","0","0","0","0","0","0","","0","0","0","22","3","1","N","0","1","39 58:35.367","4","0","75 11:44.887","3","0","0","0","67301","0","0","0","N","0","0","0","1","68K01","0","","4.0","2300.0","1","N","N","N","0","","1","0","0","0","0","N","2200","1","1","0","0","0","0","0","2","0","1","0","0","0","3","03","","N","","","","","","","","","",""
"2020001535","0245","2","0","0","0","0","0","0","0","0","1","0","","67","1","2020","4","40.069172","-75.007253","0240","6","0","0","0","0","0","0","0","0","1","0","0","0","2","3","0","","1","1","40 04:09.018","6","0","75 00:26.111","0","0","0","0","67301","0","0","0","N","0","0","0","2","67301","0","","1.0","9999.0","1","N","N","N","0","","0","0","0","3","2","N","230","2","0","0","0","0","0","0","2","0","2","0","0","0","3","","","N","","","","","","","","","",""
"2020002421","1750","1","0","0","0","0","0","0","0","0","4","0","","67","1","2020","6","39.927338","-75.144778","1730","6","0","0","0","0","0","2","0","0","","0","0","0","16","3","2","","1","0","39 55:38.416","","0","75 08:41.201","4","0","0","0","67301","0","0","0","N","0","0","0","4","67301","2","","1.0","","9","N","N","N","0","","0","0","1","3","2","","1600","2","2","1","0","0","0","0","2","0","2","0","0","0","7","","","N","","","","","","","","","",""
"2020046698","1500","1","0","0","0","0","0","0","0","0","5","1","","67","6","2020","2","39.95762","-75.15996","1500","6","0","0","0","1","0","0","0","0","","0","1","0","15","1","2","N","0","1","39 57:27.433","4","0","75 09:35.856","4","0","0","0","67301","0","0","0","N","0","0","0","5","68K01","2","","1.0","1600.0","1","N","N","N","0","","0","0","1","3","8","N","1500","3","2","0","0","0","0","0","2","0","3","0","0","0","3","","","N","","","","","","","","","",""
"2020004200","1251","0","0","0","0","0","0","0","0","0","7","0","","67","1","2020","6","39.957065","-75.150732","1251","6","0","0","0","0","0","0","0","1","","0","0","0","12","1","0","N","0","2","39 57:25.435","4","0","75 09:02.636","0","0","0","0","67301","0","0","0","N","0","0","0","1","68K01","0","","2.0","10.0","1","N","N","N","0","","0","0","1","0","0","N","1251","1","0","0","0","0","0","0","2","0","1","0","0","0","3","03","","N","","","","","","","","","",""
"2020013371","1510","0","0","0","0","0","0","0","0","0","5","0","","67","2","2020","7","40.017213","-75.188688","1457","6","0","0","0","0","0","0","0","0","","0","0","0","13","1","0","N","0","0","40 01:01.967","","0","75 11:19.275","0","0","0","0","67301","0","0","0","N","0","0","0","2","67301","0","","1.0","","1","N","N","N","0","","0","0","2","0","0","","1355","2","0","0","0","0","0","0","2","0","2","0","0","0","4","04","","N","","","","","","","","","",""
"2020046774","1223","2","0","0","0","0","0","1","0","0","4","1","","67","6","2020","3","39.939972","-75.213864","1213","6","0","0","0","0","0","1","0","0","","0","0","0","12","1","3","","1","0","39 56:23.899","","0","75 12:49.910","3","0","0","0","67301","0","0","0","N","0","0","0","4","67301","0","","1.0","","1","N","N","N","0","","3","0","0","3","2","","1204","3","3","0","0","0","0","0","2","0","3","0","0","0","3","03","","N","","","","","","","","","",""
"2020046295","0052","2","0","0","0","0","0","0","0","0","2","0","","67","6","2020","6","40.003924","-75.220699","0048","6","0","0","0","0","0","0","0","0","","0","0","0","23","3","1","","1","9","40 00:14.125","","0","75 13:14.515","8","0","0","0","67301","0","0","0","N","0","0","0","2","67301","0","","1.0","","1","N","N","N","0","","0","0","0","3","2","U","2350","2","1","0","0","0","1","1","2","0","2","0","0","0","3","03","","N","","","","","","","","","",""
"2020031232","1705","2","0","0","0","0","0","0","0","0","4","0","","67","4","2020","1","40.044276","-75.174478","1700","6","0","0","0","0","0","0","0","0","","0","0","0","17","1","1","","2","0","40 02:39.393","","0","75 10:28.120","4","0","0","0","67301","0","0","0","N","0","0","0","3","67301","1","","1.0","","1","N","N","N","0","","0","0","2","9","3","","1700","4","1","0","0","0","0","0","2","0","4","0","0","0","3","03","","N","","","","","","","","","",""
"2020069619","1445","2","0","0","0","0","0","0","0","0","1","0","","67","8","2020","4","39.95608","-75.199778","1444","6","0","0","0","0","0","0","0","0","","0","0","0","13","1","1","","1","0","39 57:21.888","","0","75 11:59.200","3","0","0","0","67301","0","0","0","N","0","0","0","3","67301","0","","1.0","","1","N","N","N","0","","1","0","0","3","3","","1344","2","1","0","0","0","0","1","2","0","2","0","0","0","3","03","","N","","","","","","","","","",""
"2020031885","1404","2","0","0","0","0","0","0","0","0","4","0","","67","3","2020","2","39.969513","-75.225371","1400","6","0","0","0","0","0","1","0","0","","0","0","0","13","1","0","","1","0","39 58:10.246","","0","75 13:31.336","0","0","0","0","67301","0","0","0","N","0","0","0","2","67301","0","","1.0","","9","N","N","N","0","","0","0","0","3","2","","1358","2","0","0","0","0","0","0","2","0","2","0","0","0","7","","","N","","","","","","","","","",""
"2020031946","1430","2","0","0","0","0","0","0","0","0","1","0","","67","3","2020","6","40.073309","-75.084641","1429","6","0","0","0","0","0","0","0","1","","0","0","0","14","1","1","N","0","0","40 04:23.912","","0","75 05:04.706","3","0","0","0","67301","0","0","0","N","0","0","0","2","67301","0","","1.0","","1","N","N","N","0","","1","0","0","3","2","","1429","2","1","2","0","0","0","0","2","0","2","0","0","0","3","03","","N","","","","","","","","","",""
"2020029647","1615","0","0","0","0","0","0","0","0","0","0","0","","67","3","2020","3","40.014557","-75.178229","1615","6","0","0","0","0","0","0","0","0","","0","0","0","16","1","1","N","0","2","40 00:52.405","2","0","75 10:41.625","8","0","0","0","67301","0","0","0","N","0","0","0","1","67301","0","","1.0","1650.0","1","N","N","N","0","","0","0","1","0","0","Y","1610","1","1","0","0","0","1","0","2","0","1","0","0","0","3","","","N","","","","","","","","","",""
"2020069515","1604","0","0","0","0","0","0","0","0","0","8","0","","67","8","2020","4","39.920014","-75.155601","1601","6","0","0","0","0","0","0","1","0","","0","0","0","15","1","1","","1","0","39 55:12.050","","0","75 09:20.163","4","0","0","0","67301","1","0","0","N","0","0","0","2","67301","1","","1.0","","1","N","N","N","0","","0","0","1","3","3","","1555","2","1","0","0","0","0","0","2","0","1","1","0","0","3","03","","N","","","","","","","","","",""
"2020067731","0140","2","0","0","0","0","0","0","0","0","2","0","","67","8","2020","7","40.028579","-75.108376","0137","6","0","0","0","0","0","0","0","0","","0","0","0","1","3","1","N","0","0","40 01:42.886","","0","75 06:30.154","3","0","0","0","67301","0","0","0","N","0","0","0","4","67301","0","","1.0","","1","N","N","N","0","","1","0","0","0","0","","134","2","1","3","0","0","0","0","2","0","2","0","0","0","3","03","","N","","","","","","","","","",""
"2020029908","2040","0","0","0","0","0","0","0","0","0","7","0","","67","3","2020","2","40.011496","-75.131811","2035","6","0","0","0","0","0","0","0","0","","0","0","0","20","3","0","","2","0","40 00:41.387","","0","75 07:54.518","0","0","0","0","67301","0","0","0","N","0","0","0","4","67301","0","","5.0","","9","N","N","N","0","","0","0","1","3","3","","2025","1","0","0","0","0","0","0","2","0","1","0","0","0","7","","","N","","","","","","","","","",""
"2020068082","1201","1","0","0","0","0","0","0","0","0","0","1","","67","8","2020","6","40.021364","-75.040317","1157","6","0","0","0","1","0","1","0","0","","0","1","0","11","1","1","N","0","2","40 01:16.911","1","0","75 02:25.141","8","0","0","0","67301","0","0","0","N","0","0","0","2","68K01","0","","1.0","30.0","1","N","N","N","0","","0","0","0","0","0","N","1155","2","1","0","0","0","1","0","2","0","2","0","0","0","3","","","N","","","","","","","","","",""
"2020029836","0910","0","0","0","0","0","0","0","0","0","4","0","","67","3","2020","7","39.989348","-75.167307","0908","6","0","0","0","0","0","1","0","0","","0","0","0","9","1","0","N","1","0","39 59:21.653","","0","75 10:02.305","0","0","0","0","67301","0","0","0","N","0","0","0","2","67301","0","","1.0","","9","N","N","N","0","","0","0","1","3","2","","905","2","0","0","0","0","0","0","2","0","2","0","0","0","7","04","","N","","","","","","","","","",""
"2020069741","2322","2","0","0","0","0","0","0","0","0","4","0","","67","8","2020","4","39.990225","-75.220067","2319","6","0","0","0","0","0","1","0","0","","0","0","0","23","3","2","","1","0","39 59:24.809","","0","75 13:12.240","8","0","0","0","67301","0","0","0","N","0","0","0","3","67301","0","","1.0","","1","N","N","N","0","","0","0","0","3","2","","2319","2","2","0","0","0","2","0","2","0","2","0","0","0","3","03","","N","","","","","","","","","",""
"2020030008","1540","1","0","0","0","0","0","0","0","0","4","0","","67","3","2020","6","39.918225","-75.208762","1530","6","0","0","0","0","0","1","0","0","","0","0","0","15","1","2","","2","0","39 55:05.610","","6","75 12:31.544","3","0","0","0","67301","0","0","0","N","0","0","0","2","67301","0","","1.0","","1","N","N","N","0","","2","0","1","3","2","","1520","2","2","0","0","0","0","0","2","0","2","0","0","0","3","03","","N","","","","","","","","","",""
"2020039799","1012","1","0","0","0","0","0","0","0","0","7","0","","67","3","2020","2","39.959603","-75.176646","1008","6","0","0","0","0","0","0","0","0","","0","0","0","10","1","1","N","0","1","39 57:34.570","3","0","75 10:35.926","4","0","0","0","67301","0","0","0","N","0","0","0","1","68K01","1","","4.0","1109.0","9","N","N","N","0","","0","0","0","0","0","N","1007","1","1","0","0","0","0","0","2","0","1","0","0","0","7","","","N","","","","","","","","","",""
"2020033702","2318","0","0","0","0","0","0","0","0","0","5","0","","67","3","2020","6","39.908129","-75.156263","2315","6","0","0","0","0","0","0","0","0","","0","0","0","23","3","1","N","0","1","39 54:29.266","6","0","75 09:22.548","8","0","0","0","67301","0","0","0","N","0","0","0","3","67301","0","","1.0","130.0","1","N","N","N","1","","0","0","1","0","0","Y","2315","2","1","0","0","0","1","2","2","0","2","0","0","0","3","","","N","","","","","","","","","",""
"2020069372","1637","0","0","0","0","0","0","0","0","0","1","0","","67","8","2020","1","39.958518","-75.166931","1629","6","0","0","0","0","1","0","1","0","","0","0","0","16","1","1","N","0","0","39 57:30.666","","1","75 10:00.953","3","0","0","0","67301","0","0","0","N","0","0","0","3","68K01","0","","1.0","","1","N","N","N","0","","1","0","2","0","0","","1628","2","1","0","0","0","0","0","2","0","2","0","0","0","3","03","","N","","","","","","","","","",""
"2020034246","0040","0","0","0","0","0","0","0","0","0","1","0","","67","3","2020","1","40.017486","-75.049036","0027","6","0","0","0","0","0","0","0","0","","0","0","0","0","3","1","N","0","1","40 01:02.951","1","0","75 02:56.529","3","0","0","0","67301","0","0","0","N","0","0","0","2","68K01","0","","1.0","41.0","1","N","N","N","1","","1","0","1","0","0","N","22","2","1","1","0","0","0","0","2","0","2","0","0","0","3","03","","N","","","","","","","","","",""
"2020037534","2107","2","0","0","0","0","0","0","0","0","4","0","","67","3","2020","2","39.981202","-75.206823","2106","6","0","0","0","0","0","0","0","0","","0","0","0","21","2","1","N","0","1","39 58:52.326","3","3","75 12:24.564","4","0","0","0","67301","0","0","0","N","0","0","0","5","68K01","1","","2.0","2134.0","9","N","N","N","0","","0","0","1","0","0","N","2103","3","1","0","0","0","0","0","2","0","3","0","0","0","3","03","","N","","","","","","","","","",""
"2020069347","1530","1","0","0","0","0","0","0","0","0","5","0","","67","8","2020","5","39.896871","-75.189953","1511","6","0","0","0","0","0","0","1","0","","0","0","0","15","1","1","N","0","2","39 53:48.737","2","3","75 11:23.832","8","0","0","0","67301","0","0","0","N","0","0","0","2","68K01","0","","3.0","30.0","1","N","N","N","0","","0","0","0","0","0","N","1510","1","1","0","0","0","1","0","2","0","1","0","0","0","3","","","N","","","","","","","","","",""
"2020037533","2030","1","0","0","0","0","0","0","0","0","7","0","","67","3","2020","2","39.981216","-75.20684","2026","6","0","0","0","0","0","0","0","0","","0","0","0","20","2","1","N","0","0","39 58:52.378","","3","75 12:24.623","4","0","0","0","67301","0","0","0","N","0","0","0","1","68K01","1","","4.0","","9","N","N","N","0","","0","0","0","0","0","","2025","1","1","0","0","0","0","0","2","0","1","0","0","0","3","","","N","","","","","","","","","",""
"2020073072","1942","2","0","0","0","0","0","0","0","0","2","0","","67","9","2020","5","40.02659","-75.169862","1940","6","0","0","0","0","0","0","0","1","","0","0","0","19","3","1","N","0","2","40 01:35.723","5","0","75 10:11.503","4","0","0","0","67301","0","0","0","N","0","0","0","2","67301","1","","1.0","2030.0","9","N","N","N","0","","0","0","0","0","0","Y","1940","2","1","0","0","0","0","0","2","0","2","0","0","0","7","07","","N","","","","","","","","","",""
"2020004292","0123","2","0","0","0","0","0","0","0","0","4","0","","67","1","2020","1","40.02346","-75.139367","0123","6","0","0","0","0","0","0","0","0","","0","0","0","1","3","2","","1","0","40 01:24.455","","0","75 08:21.721","3","0","0","0","67301","0","0","0","N","0","0","0","5","67301","1","","1.0","","9","N","N","N","0","","1","0","0","3","2","","119","2","2","0","0","0","0","0","2","0","2","0","0","0","7","07","","N","","","","","","","","","",""
"2020047785","1843","1","0","0","0","0","0","0","0","0","1","0","","67","6","2020","4","39.961114","-75.139986","1823","6","0","0","0","1","0","0","0","0","","0","0","0","18","1","2","N","0","1","39 57:40.009","1","0","75 08:23.950","8","0","0","0","67301","0","0","0","N","0","0","0","5","68K01","0","","1.0","655.0","1","N","N","N","0","","0","0","1","0","0","N","1819","3","2","0","0","0","2","0","2","1","3","0","0","0","3","03","","N","","","","","","","","","",""
"2020012906","1915","1","0","0","0","0","0","0","0","0","4","0","","67","1","2020","2","40.0014","-75.081573","1900","6","0","0","0","0","0","0","1","0","","0","0","0","19","3","0","","3","1","40 00:05.039","4","0","75 04:53.662","0","0","0","0","67301","0","0","0","N","0","0","0","7","67301","0","","1.0","2006.0","1","N","N","N","0","","0","0","0","3","2","Y","1900","2","0","0","0","0","0","0","2","1","2","0","0","0","3","03","","N","","","","","","","","","",""
"2020069024","0523","1","0","0","0","0","0","0","0","0","7","0","","67","8","2020","2","39.974057","-75.204458","0523","6","0","0","0","0","0","0","0","0","","0","0","0","5","3","0","N","0","1","39 58:26.606","3","0","75 12:16.048","0","0","0","0","67301","0","0","0","N","0","0","0","1","67301","0","","3.0","605.0","1","N","N","N","0","","0","0","0","0","0","Y","520","1","0","0","0","0","0","0","2","0","1","0","0","0","3","","","N","","","","","","","","","",""
"2020027340","2340","2","0","0","0","0","0","0","0","0","2","0","","67","3","2020","3","40.121519","-74.999083","2321","6","0","0","0","0","0","0","0","0","","0","0","0","23","3","0","N","0","0","40 07:17.470","","0","74 59:56.700","0","0","0","0","67301","0","0","0","N","0","0","0","1","67301","0","","6.0","","1","N","N","N","1","","0","0","0","0","0","","2307","3","0","0","0","0","0","0","2","0","3","0","0","0","3","03","","N","","","","","","","","","",""
"2020029130","0102","1","0","0","0","0","0","0","0","0","7","0","","67","3","2020","4","40.050379","-75.051494","0100","6","0","0","0","1","0","0","0","0","","0","0","0","0","3","1","","2","2","40 03:01.364","2","0","75 03:05.380","3","0","0","0","67301","0","0","0","N","0","0","0","1","67301","0","","3.0","220.0","1","N","N","N","0","","1","0","0","3","2","N","55","1","1","0","0","0","0","0","2","0","1","0","0","0","3","03","","N","","","","","","","","","",""
"2020068651","1435","2","0","0","0","0","0","0","0","0","4","0","","67","8","2020","2","40.027807","-75.176053","1432","6","0","0","0","0","0","1","0","0","","0","0","0","14","1","2","","1","0","40 01:40.105","","0","75 10:33.790","3","0","0","0","67301","0","0","0","N","0","0","0","2","67301","0","","1.0","","1","N","N","N","0","","2","0","0","3","3","","1427","2","2","0","0","0","0","0","2","0","2","0","0","0","3","","","N","","","","","","","","","",""
"2020029832","2241","1","0","1","0","0","0","0","0","0","4","0","","67","3","2020","5","39.945561","-75.165024","2144","6","0","0","0","0","0","1","0","0","","0","0","0","21","3","2","","1","0","39 56:44.019","","0","75 09:54.085","2","0","0","0","67301","0","0","0","N","0","0","0","4","67301","0","","1.0","","1","N","N","N","0","","1","1","1","3","2","","2144","2","2","0","0","0","0","0","2","0","2","0","0","0","3","03","","N","","","","","","","","","",""
"2020042321","1528","1","0","0","0","0","0","0","0","0","8","0","","67","5","2020","5","39.986267","-75.183678","1524","6","0","0","0","0","0","0","0","0","","0","0","0","14","1","1","N","0","0","39 59:10.560","","0","75 11:01.240","8","0","0","0","67301","1","0","0","N","1","0","0","2","67301","0","","1.0","","1","N","N","N","0","","0","0","0","0","0","","1455","2","1","0","0","0","1","0","2","0","1","1","0","0","4","","","N","","","","","","","","","",""
"2020032743","0958","1","0","0","0","0","0","0","0","0","4","0","","67","4","2020","7","40.027437","-75.120769","0947","6","0","0","0","0","0","1","0","0","","0","0","0","9","1","1","","3","0","40 01:38.773","","0","75 07:14.770","8","0","0","0","67301","0","0","0","N","0","0","0","2","67301","0","","1.0","","1","N","N","N","0","","0","0","1","3","2","","944","2","1","0","0","0","1","0","2","0","2","0","0","0","3","03","","N","","","","","","","","","",""
"2020030514","2355","0","0","0","0","0","0","0","0","0","7","0","","67","3","2020","2","40.025605","-75.072313","2355","6","0","0","0","0","0","0","0","0","","0","0","0","23","3","1","N","0","0","40 01:32.177","","0","75 04:20.328","3","0","0","0","67301","0","0","0","N","0","0","0","1","67301","0","","4.0","","9","N","N","N","0","","1","0","0","0","0","","2353","1","1","1","0","0","0","0","2","1","1","0","0","0","5","","","N","","","","","","","","","",""
"2020032403","1600","1","0","0","0","0","0","0","0","0","8","0","","67","4","2020","1","39.954667","-75.239808","1548","6","0","0","0","0","0","0","0","0","","0","0","0","15","1","1","N","0","0","39 57:16.800","","0","75 14:23.310","3","0","0","0","67301","1","0","0","N","1","0","0","2","67301","0","","1.0","","1","N","N","N","0","","1","0","0","9","3","","1523","2","1","0","0","0","0","0","2","0","1","1","0","0","3","03","","N","","","","","","","","","",""
"2020015752","1241","0","0","0","0","0","0","0","0","0","8","0","","67","1","2020","5","40.02335","-75.076698","1238","6","0","0","0","0","0","0","0","0","","0","0","0","12","1","1","N","0","0","40 01:24.060","","0","75 04:36.111","3","0","0","0","67301","1","0","0","N","1","0","0","2","67301","0","","6.0","","1","N","N","N","0","","1","0","1","0","0","","1233","2","1","0","0","0","0","0","2","0","1","1","0","0","3","03","","N","","","","","","","","","",""
"2020003770","1106","2","0","0","0","0","0","0","0","0","5","0","","67","1","2020","5","39.954039","-75.154556","1106","6","0","0","0","0","0","0","0","0","","0","0","0","15","1","1","N","0","0","39 57:14.540","","0","75 09:16.400","8","0","0","0","67301","0","0","0","N","0","0","0","6","67301","0","","1.0","","1","N","N","N","0","","0","0","0","0","0","","1550","2","1","0","0","0","1","0","2","0","2","0","0","0","99","03","","N","","","","","","","","","",""
"2020033726","1726","1","0","0","0","0","0","0","0","0","7","0","","67","3","2020","7","39.960155","-75.180773","1726","6","0","0","0","0","0","0","0","0","","0","0","0","17","1","1","N","0","1","39 57:36.559","3","0","75 10:50.783","4","0","0","0","67301","0","0","0","N","0","0","0","3","68K01","1","","3.0","30.0","9","N","N","N","0","","0","0","0","0","0","N","1720","1","1","0","0","0","0","0","2","0","1","0","0","0","7","04","","N","","","","","","","","","",""
"2020033548","1635","1","0","0","0","0","0","0","0","0","1","0","","67","4","2020","6","39.984572","-75.224281","1624","6","0","0","0","0","0","0","0","0","","0","0","0","15","1","0","N","0","0","39 59:04.460","","0","75 13:27.410","0","0","0","0","67301","0","0","0","N","0","0","0","3","67301","0","","1.0","","1","N","N","N","0","","0","0","1","0","0","","1508","2","0","0","0","0","0","0","2","0","2","0","0","0","3","03","","N","","","","","","","","","",""
"2020032393","2228","1","0","0","0","0","0","0","0","0","7","0","","67","4","2020","7","39.966835","-75.187656","2227","6","0","0","0","0","0","0","0","0","","0","0","0","22","3","3","N","0","0","39 58:00.606","","0","75 11:15.562","8","0","0","0","67301","0","0","0","N","0","0","0","3","68K01","0","","4.0","","1","N","N","N","0","","0","0","0","0","0","","2211","1","3","0","0","0","3","0","2","0","1","0","0","0","3","","","N","","","","","","","","","",""
"2020034457","1135","1","0","0","0","0","0","0","0","0","7","0","","67","4","2020","1","39.973834","-75.194026","1130","6","0","0","0","0","1","0","0","0","","0","0","0","11","1","0","N","0","2","39 58:25.804","4","8","75 11:38.495","0","0","0","0","67301","0","0","0","N","0","0","0","1","68K01","0","","4.0","1205.0","1","N","N","N","0","","0","0","0","0","0","Y","1128","1","0","0","0","0","0","0","2","0","1","0","0","0","3","03","","N","","","","","","","","","",""
"2020030513","0015","0","0","0","0","0","0","0","0","0","4","0","","67","3","2020","3","40.051105","-75.159048","0013","6","0","0","0","0","0","1","0","0","","0","0","0","21","3","1","","1","0","40 03:03.978","","0","75 09:32.572","8","0","0","0","67301","0","0","0","N","0","0","0","4","67301","0","","1.0","","1","N","N","N","0","","0","0","1","3","2","","2110","2","1","0","0","0","1","1","2","0","2","0","0","0","3","","","N","","","","","","","","","",""
"2020071361","1202","0","0","0","0","0","0","0","0","0","7","0","","67","9","2020","3","40.019986","-75.101136","1153","6","0","0","0","0","0","0","0","0","","0","0","0","11","1","1","N","0","2","40 01:11.950","5","0","75 06:04.090","4","0","0","0","67301","0","0","0","N","0","0","0","1","67301","1","","4.0","1500.0","1","N","N","N","0","","0","0","1","0","0","U","1134","1","1","0","0","0","0","0","2","0","1","0","0","0","3","","","N","","","","","","","","","",""