"CRN","ARRIVAL_TM","AUTOMOBILE_COUNT","BELTED_DEATH_COUNT","BELTED_SUSP_SERIOUS_INJ_COUNT","BICYCLE_COUNT","BICYCLE_DEATH_COUNT","BICYCLE_SUSP_SERIOUS_INJ_COUNT","BUS_COUNT","CHLDPAS_DEATH_COUNT","CHLDPAS_SUSP_SERIOUS_INJ_COUNT","COLLISION_TYPE","COMM_VEH_COUNT","CONS_ZONE_SPD_LIM","COUNTY","CRASH_MONTH","CRASH_YEAR","DAY_OF_WEEK","DEC_LATITUDE","DEC_LONGITUDE","DISPATCH_TM","DISTRICT","DRIVER_COUNT_16YR","DRIVER_COUNT_17YR","DRIVER_COUNT_18YR","DRIVER_COUNT_19YR","DRIVER_COUNT_20YR","DRIVER_COUNT_50_64YR","DRIVER_COUNT_65_74YR","DRIVER_COUNT_75PLUS","EST_HRS_CLOSED","FATAL_COUNT","HEAVY_TRUCK_COUNT","HORSE_BUGGY_COUNT","HOUR_OF_DAY","ILLUMINATION","INJURY_COUNT","INTERSECTION_RELATED","INTERSECT_TYPE","LANE_CLOSED","LATITUDE","LN_CLOSE_DIR","LOCATION_TYPE","LONGITUDE","MAX_SEVERITY_LEVEL","MCYCLE_DEATH_COUNT","MCYCLE_SUSP_SERIOUS_INJ_COUNT","MOTORCYCLE_COUNT","MUNICIPALITY","NONMOTR_COUNT","NONMOTR_DEATH_COUNT","NONMOTR_SUSP_SERIOUS_INJ_COUNT","NTFY_HIWY_MAINT","PED_COUNT","PED_DEATH_COUNT","PED_SUSP_SERIOUS_INJ_COUNT","PERSON_COUNT","POLICE_AGCY","POSSIBLE_INJ_COUNT","RDWY_SURF_TYPE_CD","RELATION_TO_ROAD","ROADWAY_CLEARED","ROAD_CONDITION","SCH_BUS_IND","SCH_ZONE_IND","SECONDARY_CRASH","SMALL_TRUCK_COUNT","SPEC_JURIS_CD","SUSP_MINOR_INJ_COUNT","SUSP_SERIOUS_INJ_COUNT","SUV_COUNT","TCD_FUNC_CD","TCD_TYPE","TFC_DETOUR_IND","TIME_OF_DAY","TOTAL_UNITS","TOT_INJ_COUNT","UNBELTED_OCC_COUNT","UNB_DEATH_COUNT","UNB_SUSP_SERIOUS_INJ_COUNT","UNK_INJ_DEG_COUNT","UNK_INJ_PER_COUNT","URBAN_RURAL","VAN_COUNT","VEHICLE_COUNT","VULNERABLE_ROAD_USER_COUNT","VULNERABLE_ROAD_USER_DEATH_COUNT","VULNERABLE_ROAD_USER_SER_INJ_COUNT","WEATHER1","WEATHER2","WORKERS_PRES","WORK_ZONE_IND","WORK_ZONE_LOC","WORK_ZONE_TYPE","WZ_CLOSE_DETOUR","WZ_FLAGGER","WZ_LAW_OFFCR_IND","WZ_LN_CLOSURE","WZ_MOVING","WZ_OTHER","WZ_SHLDER_MDN","WZ_WORKERS_INJ_KILLED"
"2020038382","2052","2","0","0","0","0","0","0","0","0","4","0","","67","5","2020","3","40.047081","-75.163182","2052","6","0","0","0","0","0","1","0","0","","0","0","0","20","3","2","","1","2","40 02:49.491","4","0","75 09:47.455","8","0","0","0","67301","0","0","0","N","0","0","0","2","67301","0","","1.0","2130.0","1","N","N","N","0","","0","0","0","3","2","Y","2050","2","2","0","0","0","2","0","2","0","2","0","0","0","3","03","","N","","","","","","","","","",""
"2020074544","1321","0","0","0","0","0","0","0","0","0","7","0","","67","9","2020","2","39.922901","-75.147706","1312","6","0","0","0","0","0","0","0","0","","0","0","0","13","1","1","N","0","0","39 55:22.445","","0","75 08:51.743","8","0","0","0","67301","0","0","0","N","0","0","0","1","68K01","0","","3.0","","1","N","N","N","1","","0","0","0","0","0","","1310","1","1","0","0","0","1","0","2","0","1","0","0","0","3","03","","N","","","","","","","","","",""
"2020075628","1654","0","0","0","0","0","0","0","0","0","5","1","","67","9","2020","2","39.945031","-75.231767","1638","6","0","0","0","0","0","0","0","0","","0","1","0","16","1","1","N","0","0","39 56:42.110","","0","75 13:54.360","3","0","0","1","67301","0","0","0","N","0","0","0","1","67301","0","","1.0","","1","N","N","N","0","","1","0","0","0","0","","1638","2","1","0","0","0","0","0","2","0","2","0","0","0","3","03","","N","","","","","","","","","",""
"2020002537","2215","2","0","0","0","0","0","0","0","0","5","0","","67","1","2020","2","40.070923","-75.152796","2201","6","0","0","0","0","0","0","0","0","","0","0","0","21","3","1","N","2","0","40 04:15.323","","0","75 09:10.066","3","0","0","0","67301","0","0","0","N","0","0","0","2","67301","0","","1.0","","1","N","N","Y","0","","1","0","0","0","0","","2138","2","1","0","0","0","0","0","2","0","2","0","0","0","3","03","","N","","","","","","","","","",""
"2020002913","1919","0","0","0","0","0","0","0","0","0","5","0","","67","1","2020","3","39.994933","-75.117861","1919","6","0","0","0","0","0","0","0","0","","0","0","0","19","3","1","N","0","0","39 59:41.760","","0","75 07:04.300","3","0","0","0","67301","0","0","0","N","0","0","0","1","67301","0","","6.0","","9","N","N","N","1","","1","0","2","0","0","","1919","4","1","1","0","0","0","0","2","1","4","0","0","0","7","04","","N","","","","","","","","","",""
"2020029162","1622","1","0","0","0","0","0","0","0","0","8","0","","67","3","2020","3","40.039924","-75.120428","1622","6","0","0","0","0","0","0","0","0","","0","0","0","15","1","1","","1","0","40 02:23.726","","0","75 07:13.540","4","0","0","0","67301","1","0","0","N","1","0","0","2","67301","1","","1.0","","1","N","N","N","0","","0","0","0","9","2","","1539","2","1","0","0","0","0","1","2","0","1","1","0","0","3","03","","N","","","","","","","","","",""
"2020027763","1130","0","0","0","0","0","0","0","0","0","8","0","","67","3","2020","2","40.009244","-75.151133","1130","6","0","0","0","0","0","0","0","0","","0","0","0","9","1","1","","1","0","40 00:33.277","","0","75 09:04.079","3","0","0","0","67301","1","0","0","N","1","0","0","2","67301","0","","1.0","","1","N","N","N","0","","1","0","1","0","0","","922","2","1","0","0","0","0","0","2","0","1","1","0","0","3","03","","N","","","","","","","","","",""
"2020027991","0231","2","0","0","0","0","0","0","0","0","5","0","","67","3","2020","6","40.0052","-75.156656","0229","6","0","0","0","0","0","0","0","0","","0","0","0","2","3","0","N","0","0","40 00:18.720","","0","75 09:23.960","0","0","0","0","67301","0","0","0","N","0","0","0","3","67301","0","","6.0","","1","N","N","N","0","","0","0","1","0","0","","228","3","0","0","0","0","0","0","2","0","3","0","0","0","3","03","","N","","","","","","","","","",""
"2020028098","0937","0","0","0","0","0","0","0","0","0","1","1","","67","3","2020","6","40.033216","-75.107011","0928","6","0","0","0","0","0","0","0","0","","0","1","0","9","1","0","Y","0","0","40 01:59.579","","0","75 06:25.240","0","0","0","0","67301","0","0","0","N","0","0","0","2","67301","0","","1.0","","1","N","N","N","0","","0","0","1","3","2","","926","2","0","0","0","0","0","0","2","0","2","0","0","0","4","","","N","","","","","","","","","",""
"2020068087","0803","1","0","0","0","0","0","0","0","0","5","0","","67","8","2020","7","39.920881","-75.148146","0752","6","0","0","0","0","0","0","0","0","","0","0","0","7","1","0","N","0","0","39 55:15.172","","0","75 08:53.325","0","0","0","0","67301","0","0","0","N","0","0","0","2","68K01","0","","1.0","","1","N","Y","N","0","","0","0","1","0","0","","749","2","0","0","0","0","0","0","2","0","2","0","0","0","3","","","N","","","","","","","","","",""
"2020027760","0859","2","0","0","0","0","0","0","0","0","4","0","","67","3","2020","4","39.989683","-75.158001","0858","6","0","0","0","0","0","0","0","0","","0","0","0","8","1","1","","1","0","39 59:22.858","","0","75 09:28.803","3","0","0","0","67301","0","0","0","N","0","0","0","3","67301","0","","1.0","","1","N","N","N","0","","1","0","0","3","3","","857","2","1","1","0","0","0","0","2","0","2","0","0","0","3","03","","N","","","","","","","","","",""
"2020005565","1705","0","0","0","0","0","0","0","0","0","1","0","","67","1","2020","5","","","1655","6","0","0","0","0","0","0","0","0","","0","0","0","9","1","1","","1","0","","","0","","3","0","0","0","67301","0","0","0","N","0","0","0","2","67301","0","","1.0","","1","N","N","N","1","","1","0","0","3","4","","945","2","1","2","0","0","0","0","1","1","2","0","0","0","3","03","","N","","","","","","","","","",""
"2020079639","2138","0","0","0","0","0","0","0","0","0","8","0","","67","9","2020","7","40.122503","-75.015869","2137","6","0","0","0","0","0","0","1","0","","1","0","0","21","3","0","N","0","2","40 07:21.012","1","0","75 00:57.129","1","0","0","0","67301","1","1","0","N","1","1","0","2","67301","0","2","1.0","2303.0","1","N","N","N","0","0","0","0","1","0","0","N","2135","2","0","0","0","0","0","0","2","0","1","1","1","0","3","03","","N","","","","","","","","","",""
"2020000021","0152","3","0","0","0","0","0","0","0","0","7","0","","67","1","2020","4","39.983637","-75.160147","0152","6","0","0","0","0","0","0","0","0","","0","0","0","1","3","1","N","1","0","39 59:01.093","","0","75 09:36.529","4","0","0","0","67301","0","0","0","N","0","0","0","2","67505","1","","4.0","","1","N","N","N","0","","0","0","0","3","2","","152","3","1","0","0","0","0","1","2","0","3","0","0","0","3","03","","N","","","","","","","","","",""
"2020001395","2344","0","0","0","0","0","0","0","0","0","1","0","","67","1","2020","6","39.93518","-75.144966","2344","6","0","0","0","0","0","0","0","0","","0","0","0","23","3","3","N","0","1","39 56:06.647","2","0","75 08:41.877","3","0","0","0","67301","0","0","0","N","0","0","0","4","68K01","0","","1.0","7.0","9","N","N","Y","0","","2","0","3","0","0","N","2343","3","3","2","0","0","1","0","2","0","3","0","0","0","7","07","","N","","","","","","","","","",""
"2020002203","2332","1","0","0","0","0","0","0","0","0","7","0","","67","1","2020","7","39.960048","-75.180103","2332","6","0","0","0","0","0","0","0","0","2","0","0","0","23","3","0","N","0","1","39 57:36.173","3","0","75 10:48.372","0","0","0","0","67301","0","0","0","N","0","0","0","1","68K01","0","","3.0","9999.0","9","N","N","N","0","","0","0","0","0","0","N","2324","1","0","0","0","0","0","0","2","0","1","0","0","0","3","","","N","","","","","","","","","",""
"2020006081","2041","1","0","0","0","0","0","0","0","0","4","0","","67","1","2020","4","40.048643","-75.076853","2035","6","0","0","0","1","0","0","0","0","","0","0","0","20","3","1","","1","2","40 02:55.114","3","0","75 04:36.670","2","0","1","1","67301","0","0","0","N","0","0","0","2","67301","0","","1.0","2130.0","1","N","N","N","0","","0","1","0","3","2","N","2032","2","1","0","0","0","0","0","2","0","2","0","0","0","3","","","N","","","","","","","","","",""
"2020008710","0717","1","0","0","0","0","0","0","0","0","7","0","","67","1","2020","1","39.983399","-75.208058","0707","6","0","0","0","0","0","0","0","0","","0","0","0","6","1","0","N","0","1","39 59:00.237","4","0","75 12:29.008","0","0","0","0","67301","0","0","0","N","0","0","0","2","68K01","0","","4.0","750.0","9","N","N","N","0","","0","0","0","0","0","N","653","1","0","1","0","0","0","0","2","0","1","0","0","0","3","","","N","","","","","","","","","",""
"2020047908","1042","0","0","0","0","0","0","0","0","0","6","0","","67","5","2020","6","39.953597","-75.165049","1039","6","0","0","0","0","0","1","0","0","","0","0","0","10","1","1","N","0","1","39 57:12.949","4","0","75 09:54.175","8","0","0","0","67301","0","0","0","N","0","0","0","2","67301","0","","1.0","100.0","1","N","N","N","0","","0","0","2","3","2","N","1036","2","1","1","0","0","1","0","2","0","2","0","0","0","3","","","N","","","","","","","","","",""
"2020010052","2130","1","0","0","0","0","0","0","0","0","4","0","","67","1","2020","1","39.960207","-75.190892","2128","6","0","0","0","0","0","0","0","0","","0","0","0","21","3","0","N","1","0","39 57:36.745","","0","75 11:27.211","0","0","0","0","67301","0","0","0","N","0","0","0","2","67507","0","","1.0","","1","N","N","N","0","","0","0","0","3","2","","2120","2","0","0","0","0","0","0","2","1","2","0","0","0","3","","","N","","","","","","","","","",""
"2020002422","0705","3","0","0","0","0","0","0","0","0","4","0","","67","1","2020","3","39.958712","-75.162143","0700","6","0","0","0","0","0","1","0","0","","0","0","0","6","3","1","","2","0","39 57:31.362","","0","75 09:43.713","3","0","0","0","67301","0","0","0","N","0","0","0","4","67301","0","","1.0","","1","N","N","N","0","","1","0","1","0","0","","656","4","1","0","0","0","0","0","2","0","4","0","0","0","3","03","","N","","","","","","","","","",""
"2020002191","2313","1","0","0","0","0","0","0","0","0","5","0","","67","1","2020","6","39.960232","-75.180679","2306","6","0","0","0","0","0","0","0","0","2","0","0","0","23","3","0","N","0","1","39 57:36.834","3","3","75 10:50.444","9","0","0","0","67301","0","0","0","N","0","0","0","4","68K01","0","","1.0","9999.0","9","N","N","N","0","","0","0","0","0","0","N","2303","2","0","0","0","0","0","1","2","0","2","0","0","0","7","","","N","","","","","","","","","",""
"2020007314","0303","1","0","0","0","0","0","0","0","0","1","0","","67","1","2020","7","40.033998","-75.074369","0300","6","0","0","0","0","0","1","0","0","","0","0","0","2","3","0","","1","1","40 02:02.392","1","0","75 04:27.730","0","0","0","0","67301","0","0","0","N","0","0","0","3","67301","0","","1.0","415.0","1","N","N","N","0","","0","0","1","3","2","N","258","2","0","0","0","0","0","0","2","0","2","0","0","0","3","03","","N","","","","","","","","","",""
"2020005501","2337","1","0","0","0","0","0","0","0","0","5","0","","67","1","2020","3","40.031706","-75.021464","2329","6","0","0","1","0","0","0","0","0","","0","0","0","23","3","1","N","0","2","40 01:54.142","2","0","75 01:17.272","3","0","0","0","67301","0","0","0","N","0","0","0","4","68K01","0","","1.0","5.0","9","N","N","N","0","","1","0","0","0","0","N","2317","2","1","0","0","0","0","0","2","1","2","0","0","0","3","","","N","","","","","","","","","",""
"2020048045","0445","1","0","0","0","0","0","0","0","0","1","0","","67","6","2020","6","39.968582","-75.191188","0439","6","0","0","0","0","0","1","0","0","","0","0","0","4","3","1","N","0","0","39 58:06.895","","0","75 11:28.275","8","0","0","0","67301","0","0","0","N","0","0","0","2","68K01","0","","1.0","","1","N","N","N","0","","0","0","1","0","0","","436","2","1","0","0","0","1","0","2","0","2","0","0","0","3","03","","N","","","","","","","","","",""
"2020032319","1325","1","0","0","0","0","0","0","0","0","7","0","","67","3","2020","2","39.886757","-75.205787","1315","6","0","0","0","0","0","0","0","0","","0","0","0","13","1","0","N","0","0","39 53:12.324","","0","75 12:20.833","0","0","0","0","67301","0","0","0","N","0","0","0","2","68K01","0","","2.0","","9","N","N","N","0","","0","0","0","0","0","","1312","1","0","0","0","0","0","0","2","0","1","0","0","0","7","07","","N","","","","","","","","","",""
"2020001928","0305","2","0","0","0","0","0","0","0","0","4","0","","67","1","2020","1","39.95768","-75.162367","0300","6","0","0","0","0","0","0","0","0","","0","0","0","2","3","1","","5","0","39 57:27.649","","2","75 09:44.521","3","0","0","0","67301","0","0","0","N","0","0","0","2","67301","0","","1.0","","1","N","N","N","0","","1","0","0","9","2","","240","2","1","0","0","0","0","0","2","0","2","0","0","0","3","03","","N","","","","","","","","","",""
"2020034415","1740","1","0","0","0","0","0","0","0","0","4","0","","67","4","2020","4","39.931837","-75.15942","1740","6","0","0","0","1","0","0","0","0","","0","0","0","17","1","1","","1","0","39 55:54.614","","0","75 09:33.911","3","0","0","0","67301","0","0","0","N","0","0","0","2","67301","0","","1.0","","1","N","N","N","1","","1","0","0","9","3","","1732","2","1","1","0","0","0","0","2","0","2","0","0","0","3","03","","N","","","","","","","","","",""
"2020028824","1745","0","0","0","1","0","0","0","0","0","8","0","","67","3","2020","2","39.946081","-75.242079","1741","6","0","0","0","0","0","0","0","0","","0","0","0","17","1","1","","1","0","39 56:45.891","","0","75 14:31.486","3","0","0","0","67301","1","0","0","N","0","0","0","2","67301","0","","1.0","","9","N","N","N","0","","1","0","1","9","2","","1736","2","1","0","0","0","0","0","2","0","1","1","0","0","7","","","N","","","","","","","","","",""
"2020031681","1333","0","0","0","0","0","0","0","0","0","8","0","","67","4","2020","2","40.0294","-75.056079","1328","6","0","0","0","0","0","0","0","0","","0","0","0","13","1","1","","1","0","40 01:45.839","","0","75 03:21.884","3","0","0","0","67301","1","0","0","N","1","0","0","5","67301","0","","1.0","","1","N","N","N","0","","1","0","1","3","2","","1324","2","1","0","0","0","0","0","2","0","1","1","0","0","3","03","","N","","","","","","","","","",""
"2020032599","0504","1","0","0","0","0","0","0","0","0","7","0","","67","4","2020","1","39.907174","-75.149532","0445","6","0","0","0","0","0","0","0","0","","0","0","0","4","3","0","N","0","0","39 54:25.826","","2","75 08:58.315","0","0","0","0","67301","0","0","0","N","0","0","0","1","68K01","0","","2.0","","1","N","N","N","0","","0","0","0","0","0","","444","1","0","0","0","0","0","0","2","0","1","0","0","0","3","","","N","","","","","","","","","",""
"2020018361","2125","0","0","0","0","0","0","0","0","0","0","0","","67","1","2020","2","40.022074","-75.03814","2103","6","0","0","0","0","0","0","1","0","","0","0","0","20","3","0","N","0","1","40 01:19.465","1","0","75 02:17.304","9","0","0","0","67301","0","0","0","N","0","0","0","4","68K01","0","","1.0","25.0","1","N","N","N","0","","0","0","1","0","0","N","2057","3","0","0","0","0","0","1","2","1","3","0","0","0","3","","","N","","","","","","","","","",""
"2020006083","1008","1","0","0","0","0","0","0","0","0","7","0","","67","1","2020","5","40.033142","-75.079519","1004","6","0","0","0","0","0","0","0","0","","0","0","0","10","1","1","N","0","0","40 01:59.310","","0","75 04:46.267","3","0","0","0","67301","0","0","0","N","0","0","0","1","67301","0","","4.0","","1","N","N","N","0","","1","0","0","0","0","","1001","1","1","0","0","0","0","0","2","0","1","0","0","0","8","","","N","","","","","","","","","",""
"2020047131","0016","1","0","0","0","0","0","0","0","0","1","0","","67","6","2020","6","39.935343","-75.144927","0011","6","0","0","0","0","0","0","0","0","","0","0","0","0","3","1","N","0","0","39 56:07.235","","0","75 08:41.736","4","0","0","0","67301","0","0","0","N","0","0","0","2","68K01","1","","1.0","","9","N","N","N","0","","0","0","0","0","0","","9","2","1","0","0","0","0","1","2","0","2","0","0","0","7","","","N","","","","","","","","","",""
"2020010019","2109","0","0","0","0","0","0","0","0","0","1","0","","67","1","2020","2","40.022109","-75.038027","2050","6","0","0","0","0","0","0","1","0","","0","0","0","20","3","0","N","0","1","40 01:19.594","1","0","75 02:16.898","0","0","0","0","67301","0","0","0","N","0","0","0","5","68K01","0","","1.0","15.0","1","N","N","N","0","","0","0","2","0","0","N","2048","2","0","0","0","0","0","0","2","0","2","0","0","0","3","","","N","","","","","","","","","",""
"2020047555","2050","0","0","0","0","0","0","0","0","0","4","0","","67","6","2020","6","39.943226","-75.153714","2047","6","0","0","0","0","0","0","0","0","","0","0","0","20","3","1","","2","0","39 56:35.612","","0","75 09:13.370","3","0","0","1","67301","0","0","0","N","0","0","0","1","67301","0","","1.0","","1","N","N","N","0","","1","0","0","9","2","","2045","2","1","0","0","0","0","0","2","0","1","0","0","0","3","","","N","","","","","","","","","",""
"2020012779","0824","0","0","0","0","0","0","0","0","0","4","0","","67","2","2020","1","40.053585","-75.141452","0824","6","0","0","0","0","0","0","1","1","","0","0","0","8","1","3","","1","0","40 03:12.905","","0","75 08:29.228","3","0","0","0","67301","0","0","0","N","0","0","0","3","67301","0","","1.0","","9","N","N","N","0","","3","0","2","3","2","","803","2","3","0","0","0","0","0","2","0","2","0","0","0","3","03","","N","","","","","","","","","",""
"2020033503","0752","2","0","0","0","0","0","0","0","0","4","0","","67","4","2020","5","40.036732","-75.064498","0729","6","0","0","0","0","0","0","0","0","","0","0","0","7","1","1","","1","1","40 02:12.235","3","0","75 03:52.193","3","0","0","0","67301","0","0","0","N","0","0","0","2","67301","0","","1.0","756.0","1","N","N","N","0","","1","0","0","3","2","N","715","2","1","1","0","0","0","0","2","0","2","0","0","0","3","03","","N","","","","","","","","","",""
"2020067936","2041","1","0","0","0","0","0","1","0","0","1","1","","67","8","2020","2","39.975085","-75.194986","2031","6","0","0","0","0","0","0","0","0","","0","0","0","20","3","1","N","1","0","39 58:30.307","","0","75 11:41.951","8","0","0","0","67301","0","0","0","N","0","0","0","2","67508","0","","1.0","","1","N","N","Y","0","","0","0","0","3","2","","2031","2","1","0","0","0","1","0","2","0","2","0","0","0","3","03","","N","","","","","","","","","",""
"2020000310","2020","2","0","0","0","0","0","0","0","0","1","0","","67","1","2020","4","40.014449","-75.206124","2008","6","0","0","0","0","0","1","0","0","","0","0","0","20","3","1","N","0","0","40 00:52.017","","0","75 12:22.048","3","0","0","0","67301","0","0","0","N","0","0","0","3","67301","0","","1.0","","1","N","N","N","0","","1","0","0","2","4","","2000","2","1","0","0","0","0","0","2","0","2","0","0","0","3","","","N","","","","","","","","","",""
"2020018330","1310","1","0","0","0","0","0","0","0","0","7","0","","67","1","2020","7","39.876081","-75.251946","1243","6","0","0","0","0","0","0","0","0","","0","0","0","12","1","0","N","0","0","39 52:33.891","","8","75 15:07.004","0","0","0","0","67301","0","0","0","N","0","0","0","1","68K01","0","","4.0","","9","N","N","N","0","","0","0","0","0","0","","1238","1","0","0","0","0","0","0","2","0","1","0","0","0","5","","","N","","","","","","","","","",""
"2020005986","0555","1","0","0","0","0","0","0","0","0","5","0","","67","1","2020","4","40.007436","-75.192495","0553","6","0","0","0","0","0","0","0","0","","0","0","0","5","3","0","N","0","0","40 00:26.770","","0","75 11:32.982","0","0","0","0","67301","0","0","0","N","0","0","0","2","67301","0","","1.0","","9","N","N","N","0","","0","0","1","0","0","","530","2","0","0","0","0","0","0","2","0","2","0","0","0","5","04","","N","","","","","","","","","",""
"2020001236","0950","1","0","0","0","0","0","0","0","0","1","1","","67","1","2020","5","40.056672","-75.158839","0937","6","0","0","0","0","0","0","0","0","","0","1","0","8","1","1","N","0","0","40 03:24.020","","0","75 09:31.820","3","0","0","0","67301","0","0","0","N","0","0","0","4","67301","0","","1.0","","1","N","N","N","0","","1","0","0","0","0","","810","2","1","0","0","0","0","2","2","0","2","0","0","0","99","","","N","","","","","","","","","",""
"2020026634","1352","1","0","0","0","0","0","0","0","0","4","0","","67","3","2020","1","39.954283","-75.228102","1345","6","0","0","0","1","0","0","0","0","","0","0","0","13","1","1","","1","0","39 57:15.418","","0","75 13:41.167","8","0","0","0","67301","0","0","0","N","0","0","0","5","67301","0","","1.0","","1","N","N","N","0","","0","0","1","0","0","","1343","2","1","0","0","0","1","3","2","0","2","0","0","0","3","03","","N","","","","","","","","","",""
"2020067666","0853","0","0","0","0","0","0","0","0","0","6","1","","67","8","2020","6","40.061918","-75.021359","0841","6","0","0","0","0","0","0","0","0","","0","1","0","8","1","1","N","0","2","40 03:42.905","3","0","75 01:16.893","8","0","0","0","67301","0","0","0","N","0","0","0","2","67301","0","","1.0","853.0","1","N","N","N","0","","0","0","1","0","0","Y","833","2","1","0","0","0","1","0","2","0","2","0","0","0","3","03","","N","","","","","","","","","",""
"2020068253","2125","1","0","0","0","0","0","0","0","0","6","0","","67","8","2020","7","39.979524","-75.253502","2124","6","0","0","0","0","0","0","0","0","","0","0","0","21","3","0","N","1","0","39 58:46.286","","0","75 15:12.607","0","0","0","0","67301","0","0","0","N","0","0","0","1","67301","0","","1.0","","1","N","N","N","0","","0","0","1","0","0","","2120","2","0","0","0","0","0","0","2","0","2","0","0","0","3","","","N","","","","","","","","","",""
"2020030271","0730","2","0","0","0","0","0","0","0","0","4","0","","67","3","2020","7","40.056814","-75.047008","0714","6","0","0","0","0","0","1","0","0","","0","0","0","7","1","2","","1","2","40 03:24.532","2","0","75 02:49.228","3","0","0","0","67301","0","0","0","N","0","0","0","4","67301","0","","1.0","900.0","9","N","N","N","0","","2","0","1","3","2","N","710","3","2","0","0","0","0","0","2","0","3","0","0","0","7","","","N","","","","","","","","","",""
"2020029131","1500","4","0","0","0","0","0","0","0","0","1","0","","67","3","2020","2","39.983295","-75.125802","1500","6","0","0","0","0","0","0","0","0","","0","0","0","15","1","1","N","0","0","39 58:59.861","","0","75 07:32.886","3","0","0","0","67301","0","0","0","N","0","0","0","1","67301","0","","6.0","","9","N","N","N","1","","1","0","0","3","2","","1500","5","1","1","0","0","0","0","2","0","5","0","0","0","7","04","","N","","","","","","","","","",""
"2020047395","2242","1","0","0","0","0","0","0","0","0","1","0","","67","3","2020","4","40.007794","-75.172525","2242","6","0","0","0","0","0","0","1","0","","0","0","0","22","3","1","Y","0","0","40 00:28.058","","0","75 10:21.090","3","0","0","0","67301","0","0","0","N","0","0","0","2","67301","0","","1.0","","9","N","N","N","0","","1","0","1","3","2","","2242","2","1","0","0","0","0","0","2","0","2","0","0","0","7","07","","N","","","","","","","","","",""
"2020006955","2123","1","0","0","0","0","0","0","0","0","4","0","","67","1","2020","4","40.048018","-75.09282","2119","6","0","0","0","0","0","1","0","0","","0","0","0","21","3","2","","1","2","40 02:52.866","6","0","75 05:34.153","3","0","0","0","67301","0","0","0","N","0","0","0","2","67301","0","","1.0","2204.0","1","N","N","N","0","","2","0","1","3","3","Y","2118","3","2","0","0","0","0","0","2","1","3","0","0","0","3","","","N","","","","","","","","","",""
"2020047335","2205","1","0","0","0","0","0","0","0","0","1","0","","67","5","2020","7","39.960464","-75.181814","2205","6","0","0","0","0","0","1","0","0","","0","0","0","22","3","0","N","0","0","39 57:37.669","","0","75 10:54.532","0","0","0","0","67301","0","0","0","N","0","0","0","4","68K02","0","","1.0","","1","N","N","N","1","","0","0","1","0","0","","2203","3","0","0","0","0","0","0","2","0","3","0","0","0","3","03","","N","","","","","","","","","",""
"2020002942","0214","2","0","0","0","0","0","0","0","0","4","0","","67","1","2020","4","39.999227","-75.147381","0211","6","0","0","0","0","0","0","0","0","","0","0","0","2","3","1","","1","0","39 59:57.217","","0","75 08:50.570","3","0","0","0","67301","0","0","0","N","0","0","0","2","67301","0","","1.0","","1","N","N","N","0","","1","0","0","3","2","","202","2","1","0","0","0","0","0","2","0","2","0","0","0","3","03","","N","","","","","","","","","",""
"2020001749","1200","1","0","0","0","0","0","0","0","0","8","0","","67","1","2020","4","40.02026","-75.114068","1200","6","0","0","0","0","0","0","0","0","","0","0","0","2","3","1","","1","0","40 01:12.937","","0","75 06:50.646","3","0","0","0","67301","1","0","0","N","1","0","0","2","67301","0","","1.0","","99","N","N","N","0","","1","0","0","9","2","","200","2","1","0","0","0","0","0","2","0","1","1","0","0","3","03","","N","","","","","","","","","",""
"2020030381","1608","1","0","0","0","0","0","0","0","0","5","0","","67","3","2020","2","39.887026","-75.205178","1602","6","0","0","0","0","0","1","0","0","","0","0","0","16","1","1","N","0","1","39 53:13.292","2","0","75 12:18.639","8","0","0","0","67301","0","0","0","N","0","0","0","4","68K01","0","","1.0","1700.0","1","N","N","N","1","","0","0","0","0","0","N","1600","2","1","1","0","0","1","0","2","0","2","0","0","0","7","","","N","","","","","","","","","",""
"2020032290","1123","2","0","0","0","0","0","0","0","0","4","0","","67","4","2020","5","40.000123","-75.128919","1126","6","0","0","0","0","0","0","0","0","","0","0","0","11","1","1","","1","0","40 00:00.442","","0","75 07:44.108","3","0","0","0","67301","0","0","0","N","0","0","0","3","67301","0","","1.0","","1","N","N","N","0","","1","0","1","3","2","","1120","3","1","0","0","0","0","0","2","0","3","0","0","0","3","03","","N","","","","","","","","","",""
"2020032163","2150","2","0","0","0","0","0","0","0","0","5","0","","67","4","2020","4","40.030347","-75.131958","2137","6","0","0","0","0","0","0","0","0","","0","0","0","19","3","1","N","0","0","40 01:49.250","","0","75 07:55.050","3","0","0","0","67301","0","0","0","N","0","0","0","1","67301","0","","6.0","","1","N","N","N","0","","1","0","3","0","0","","1915","5","1","0","0","0","0","0","2","0","5","0","0","0","3","03","","N","","","","","","","","","",""
"2020030284","2154","0","0","0","0","0","0","0","0","0","5","0","","67","3","2020","6","39.995819","-75.138425","2144","6","0","0","0","0","0","0","0","0","","0","0","0","21","3","2","N","0","0","39 59:44.950","","0","75 08:18.330","2","0","1","1","67301","0","0","0","N","0","0","0","2","67301","0","","6.0","","1","N","N","N","0","","1","1","1","0","0","","2139","2","2","0","0","0","0","0","2","0","2","0","0","0","3","03","","N","","","","","","","","","",""