"CRN","ARRIVAL_TM","AUTOMOBILE_COUNT","BELTED_DEATH_COUNT","BELTED_SUSP_SERIOUS_INJ_COUNT","BICYCLE_COUNT","BICYCLE_DEATH_COUNT","BICYCLE_SUSP_SERIOUS_INJ_COUNT","BUS_COUNT","CHLDPAS_DEATH_COUNT","CHLDPAS_SUSP_SERIOUS_INJ_COUNT","COLLISION_TYPE","COMM_VEH_COUNT","CONS_ZONE_SPD_LIM","COUNTY","CRASH_MONTH","CRASH_YEAR","DAY_OF_WEEK","DEC_LATITUDE","DEC_LONGITUDE","DISPATCH_TM","DISTRICT","DRIVER_COUNT_16YR","DRIVER_COUNT_17YR","DRIVER_COUNT_18YR","DRIVER_COUNT_19YR","DRIVER_COUNT_20YR","DRIVER_COUNT_50_64YR","DRIVER_COUNT_65_74YR","DRIVER_COUNT_75PLUS","EST_HRS_CLOSED","FATAL_COUNT","HEAVY_TRUCK_COUNT","HORSE_BUGGY_COUNT","HOUR_OF_DAY","ILLUMINATION","INJURY_COUNT","INTERSECTION_RELATED","INTERSECT_TYPE","LANE_CLOSED","LATITUDE","LN_CLOSE_DIR","LOCATION_TYPE","LONGITUDE","MAX_SEVERITY_LEVEL","MCYCLE_DEATH_COUNT","MCYCLE_SUSP_SERIOUS_INJ_COUNT","MOTORCYCLE_COUNT","MUNICIPALITY","NONMOTR_COUNT","NONMOTR_DEATH_COUNT","NONMOTR_SUSP_SERIOUS_INJ_COUNT","NTFY_HIWY_MAINT","PED_COUNT","PED_DEATH_COUNT","PED_SUSP_SERIOUS_INJ_COUNT","PERSON_COUNT","POLICE_AGCY","POSSIBLE_INJ_COUNT","RDWY_SURF_TYPE_CD","RELATION_TO_ROAD","ROADWAY_CLEARED","ROAD_CONDITION","SCH_BUS_IND","SCH_ZONE_IND","SECONDARY_CRASH","SMALL_TRUCK_COUNT","SPEC_JURIS_CD","SUSP_MINOR_INJ_COUNT","SUSP_SERIOUS_INJ_COUNT","SUV_COUNT","TCD_FUNC_CD","TCD_TYPE","TFC_DETOUR_IND","TIME_OF_DAY","TOTAL_UNITS","TOT_INJ_COUNT","UNBELTED_OCC_COUNT","UNB_DEATH_COUNT","UNB_SUSP_SERIOUS_INJ_COUNT","UNK_INJ_DEG_COUNT","UNK_INJ_PER_COUNT","URBAN_RURAL","VAN_COUNT","VEHICLE_COUNT","VULNERABLE_ROAD_USER_COUNT","VULNERABLE_ROAD_USER_DEATH_COUNT","VULNERABLE_ROAD_USER_SER_INJ_COUNT","WEATHER1","WEATHER2","WORKERS_PRES","WORK_ZONE_IND","WORK_ZONE_LOC","WORK_ZONE_TYPE","WZ_CLOSE_DETOUR","WZ_FLAGGER","WZ_LAW_OFFCR_IND","WZ_LN_CLOSURE","WZ_MOVING","WZ_OTHER","WZ_SHLDER_MDN","WZ_WORKERS_INJ_KILLED"
"2020001967","1445","2","0","0","0","0","0","0","0","0","4","0","","67","1","2020","7","39.975156","-75.188114","1437","6","0","0","0","0","0","0","0","0","","0","0","0","14","1","1","","3","1","39 58:30.561","4","0","75 11:17.209","8","0","0","0","67301","0","0","0","N","0","0","0","3","67301","0","","1.0","1536.0","9","N","N","N","0","","0","0","1","3","2","N","1432","3","1","0","0","0","1","0","2","0","3","0","0","0","4","04","","N","","","","","","","","","",""
"2020001429","0444","1","0","0","0","0","0","0","0","0","6","0","","67","1","2020","7","40.019453","-75.17225","0441","6","0","0","0","1","0","0","0","0","","0","0","0","4","3","2","N","0","0","40 01:10.030","","0","75 10:20.100","3","0","0","0","67301","0","0","0","N","0","0","0","2","67301","0","","6.0","","9","N","N","N","0","","2","0","1","0","0","","433","2","2","2","0","0","0","0","2","0","2","0","0","0","7","05","","N","","","","","","","","","",""
"2020069816","2359","2","0","0","0","0","0","0","0","0","4","0","","67","8","2020","6","40.030219","-75.088211","2359","6","0","0","0","0","1","0","0","0","","0","0","0","23","3","0","","1","0","40 01:48.790","","0","75 05:17.559","0","0","0","0","67301","0","0","0","N","0","0","0","2","67301","0","","1.0","","1","N","N","N","0","","0","0","0","3","2","","2358","2","0","1","0","0","0","0","2","0","2","0","0","0","3","","","N","","","","","","","","","",""
"2020028243","0215","0","0","0","0","0","0","0","0","0","8","0","","67","3","2020","5","39.964898","-75.224562","0208","6","0","0","0","0","0","0","0","0","","0","0","0","21","3","1","","1","0","39 57:53.634","","0","75 13:28.424","8","0","0","0","67301","1","0","0","N","1","0","0","2","67301","0","","1.0","","99","N","N","N","0","","0","0","0","3","2","","2100","2","1","0","0","0","1","0","2","0","1","1","0","0","4","","","N","","","","","","","","","",""
"2020009009","0835","3","0","0","0","0","0","0","0","0","7","0","","67","1","2020","5","39.988044","-75.139647","0833","6","0","0","0","0","0","0","0","0","","0","0","0","8","1","0","N","0","2","39 59:16.960","1","0","75 08:22.730","0","0","0","0","67301","0","0","0","N","0","0","0","1","67301","0","","4.0","945.0","1","N","N","N","0","","0","0","1","0","0","Y","830","4","0","0","0","0","0","0","2","0","4","0","0","0","3","03","","N","","","","","","","","","",""
"2020000299","2359","0","0","0","0","0","0","0","0","0","5","0","","67","1","2020","4","40.07765","-75.177911","2352","6","0","0","0","0","0","0","0","0","","0","0","0","23","3","0","N","0","0","40 04:39.540","","0","75 10:40.480","0","0","0","0","67301","0","0","0","N","0","0","0","1","67301","0","","6.0","","1","N","N","N","0","","0","0","1","0","0","","2343","2","0","0","0","0","0","0","2","1","2","0","0","0","3","","","N","","","","","","","","","",""
"2020047981","1306","0","0","0","0","0","0","0","0","0","8","0","","67","6","2020","4","39.928469","-75.23298","1306","6","0","0","0","0","0","0","0","0","","0","0","0","13","1","1","","5","0","39 55:42.487","","0","75 13:58.727","3","0","0","0","67301","1","0","0","N","1","0","0","1","67301","0","","1.0","","1","N","N","N","0","","1","0","1","3","3","","1304","2","1","0","0","0","0","0","2","0","1","1","0","0","3","03","","N","","","","","","","","","",""
"2020043565","","1","0","0","0","0","0","0","0","0","1","0","","67","3","2020","3","39.973833","-75.206444","","6","0","0","0","0","0","0","0","0","","0","0","0","12","1","1","","1","0","39 58:25.797","","0","75 12:23.198","8","0","0","0","67301","0","0","0","N","0","0","0","4","00000","0","","1.0","","9","N","N","N","0","","0","0","0","3","2","","1230","4","1","0","0","0","1","0","2","0","4","0","0","0","7","","","N","","","","","","","","","",""
"2020012623","1232","2","0","0","0","0","0","0","0","0","5","0","","67","1","2020","3","39.946024","-75.142234","1232","6","0","0","0","1","0","0","1","0","","0","0","0","12","1","0","N","0","2","39 56:45.687","1","0","75 08:32.043","0","0","0","0","67301","0","0","0","N","0","0","0","3","68K01","0","","1.0","45.0","1","N","N","N","0","","0","0","1","0","0","N","1232","3","0","0","0","0","0","0","2","0","3","0","0","0","3","03","","N","","","","","","","","","",""
"2020033150","0826","1","0","0","0","0","0","0","0","0","7","0","","67","3","2020","1","39.980756","-75.206236","0825","6","0","0","0","0","0","0","0","0","","0","0","0","8","1","0","N","0","0","39 58:50.722","","0","75 12:22.449","0","0","0","0","67301","0","0","0","N","0","0","0","1","68K01","0","","5.0","","1","N","N","N","0","","0","0","0","0","0","","824","1","0","0","0","0","0","0","2","0","1","0","0","0","3","04","","N","","","","","","","","","",""
"2020028826","1612","3","0","0","0","0","0","0","0","0","5","0","","67","3","2020","1","39.995225","-75.144569","1605","6","0","0","0","0","0","0","0","0","","0","0","0","14","1","0","N","0","0","39 59:42.810","","0","75 08:40.450","0","0","0","0","67301","0","0","0","N","0","0","0","1","67301","0","","6.0","","1","N","N","N","0","","0","0","1","0","0","","1420","4","0","0","0","0","0","0","2","0","4","0","0","0","3","03","","N","","","","","","","","","",""
"2020027989","0719","3","0","0","0","0","0","0","0","0","5","0","","67","3","2020","2","40.019075","-75.134292","0718","6","0","0","0","0","0","0","0","0","","0","0","0","7","1","0","N","0","0","40 01:08.670","","0","75 08:03.450","9","0","0","0","67301","0","0","0","N","0","0","0","2","67301","0","","6.0","","1","N","N","N","0","","0","0","0","9","9","","715","4","0","1","0","0","0","1","2","0","3","0","0","0","3","03","","N","","","","","","","","","",""
"2020067953","1752","0","0","0","1","0","0","1","0","0","8","1","","67","8","2020","5","39.937269","-75.170226","1742","6","0","0","0","0","0","1","0","0","","0","0","0","17","1","1","N","1","0","39 56:14.168","","0","75 10:12.813","4","0","0","0","67301","1","0","0","N","0","0","0","2","67508","1","","1.0","","1","N","N","Y","0","","0","0","0","0","0","","1742","2","1","0","0","0","0","0","2","0","1","1","0","0","3","","","N","","","","","","","","","",""
"2020069942","0102","2","0","0","0","0","0","0","0","0","5","0","","67","8","2020","7","39.920547","-75.214136","0102","6","0","0","0","0","0","0","0","0","","0","0","0","1","3","1","N","0","0","39 55:13.970","","0","75 12:50.890","3","0","0","0","67301","0","0","0","N","0","0","0","2","67301","0","","1.0","","1","N","N","N","0","","1","0","0","0","0","","100","3","1","0","0","0","0","1","2","0","3","0","0","0","3","03","","N","","","","","","","","","",""
"2020068073","1255","1","0","0","0","0","0","0","0","0","1","0","","67","8","2020","3","39.95767","-75.160332","1251","6","0","0","0","0","0","0","0","1","","0","0","0","12","1","0","N","0","0","39 57:27.611","","0","75 09:37.195","0","0","0","0","67301","0","0","0","N","0","0","0","2","68K01","0","","1.0","","1","N","N","N","0","","0","0","1","0","0","","1243","2","0","0","0","0","0","0","2","0","2","0","0","0","3","","","N","","","","","","","","","",""
"2020031762","1628","2","0","0","0","0","0","0","0","0","5","0","","67","3","2020","6","39.898849","-75.179806","1628","6","0","0","0","0","0","0","0","0","","0","0","0","15","1","0","N","0","1","39 53:55.855","2","0","75 10:47.303","0","0","0","0","67301","0","0","0","N","0","0","0","2","68K01","0","","1.0","100.0","1","N","N","N","0","","0","0","0","0","0","N","1553","2","0","0","0","0","0","0","2","0","2","0","0","0","3","","","N","","","","","","","","","",""
"2020035229","1011","1","0","0","0","0","0","0","0","0","4","0","","67","3","2020","6","40.032724","-75.072201","1009","6","0","0","0","0","0","1","1","0","","0","0","0","10","1","0","","1","1","40 01:57.808","6","0","75 04:19.924","0","0","0","0","67301","0","0","0","N","0","0","0","3","67301","0","","1.0","1045.0","1","N","N","N","0","","0","0","1","9","1","N","1009","2","0","0","0","0","0","0","2","0","2","0","0","0","3","03","","N","","","","","","","","","",""
"2020028401","1650","1","0","0","0","0","0","0","0","0","1","0","","67","3","2020","6","39.889727","-75.233762","1650","6","0","0","0","0","0","0","1","0","","0","0","0","15","1","0","","1","0","39 53:23.016","","0","75 14:01.544","0","0","0","0","67301","0","0","0","N","0","0","0","4","67301","0","","1.0","","1","N","N","N","1","","0","0","1","3","2","","1535","3","0","0","0","0","0","0","2","0","3","0","0","0","3","03","","N","","","","","","","","","",""
"2020073163","0205","0","0","0","0","0","0","0","0","0","2","0","","67","9","2020","2","40.018713","-75.127176","0159","6","0","0","0","0","0","0","0","0","","0","0","0","1","3","1","","1","0","40 01:07.367","","0","75 07:37.834","4","0","0","0","67301","0","0","0","N","0","0","0","4","67301","1","","1.0","","1","N","N","N","0","","0","0","2","3","2","","153","2","1","2","0","0","0","2","2","0","2","0","0","0","3","03","","N","","","","","","","","","",""
"2020029373","0852","1","0","0","0","0","0","0","0","0","7","0","","67","3","2020","3","40.033347","-75.020535","0842","6","0","0","0","0","0","1","0","0","","0","0","0","8","1","1","N","0","1","40 02:00.050","2","0","75 01:13.925","8","0","0","0","67301","0","0","0","N","0","0","0","1","68K01","0","","4.0","930.0","1","N","N","N","0","","0","0","0","0","0","N","841","1","1","0","0","0","1","0","2","0","1","0","0","0","3","03","","N","","","","","","","","","",""
"2020005981","1310","1","0","0","0","0","0","0","0","0","1","0","","67","1","2020","6","39.920888","-75.195811","1307","6","0","0","0","0","0","1","0","0","","0","0","0","12","1","1","N","0","1","39 55:15.196","3","3","75 11:44.920","3","0","0","0","67301","0","0","0","N","0","0","0","2","67301","0","","1.0","15.0","1","N","N","N","1","","1","0","0","0","0","N","1252","2","1","0","0","0","0","0","2","0","2","0","0","0","4","","","N","","","","","","","","","",""
"2020002459","0231","1","0","0","0","0","0","0","0","0","4","0","","67","1","2020","1","39.947968","-75.172756","0226","6","0","0","0","0","0","0","0","0","","0","0","0","2","3","4","","1","0","39 56:52.685","","0","75 10:21.920","8","0","0","0","67301","0","0","0","N","0","0","0","5","67301","0","","1.0","","1","N","N","N","0","","0","0","1","3","2","","220","2","4","0","0","0","4","1","2","0","2","0","0","0","3","","","N","","","","","","","","","",""
"2020031072","1547","1","0","0","0","0","0","0","0","0","7","0","","67","3","2020","1","39.996983","-75.196407","1539","6","0","0","0","0","0","0","0","0","","0","0","0","15","1","0","Y","0","2","39 59:49.137","4","0","75 11:47.065","0","0","0","0","67301","0","0","0","N","0","0","0","1","68K01","0","","2.0","1610.0","1","N","N","N","0","","0","0","0","0","0","Y","1537","2","0","0","0","0","0","0","2","0","1","0","0","0","3","","","N","","","","","","","","","",""
"2020031513","1932","1","0","0","0","0","0","0","0","0","7","0","","67","3","2020","1","40.033956","-75.019599","1923","6","0","0","0","0","1","0","0","0","","0","0","0","19","4","0","N","0","0","40 02:02.241","","0","75 01:10.558","0","0","0","0","67301","0","0","0","N","0","0","0","2","68K01","0","","2.0","","9","N","N","N","0","","0","0","0","0","0","","1921","1","0","0","0","0","0","0","2","0","1","0","0","0","7","","","N","","","","","","","","","",""
"2020041241","0558","1","0","0","0","0","0","0","0","0","5","0","","67","5","2020","2","39.966289","-75.213492","0538","6","0","0","0","0","0","0","0","0","","0","0","0","4","3","0","N","0","1","39 57:58.640","5","0","75 12:48.570","9","0","0","0","67301","0","0","0","N","0","0","0","1","67301","0","","6.0","640.0","1","N","N","N","0","","0","0","1","0","0","Y","430","2","0","0","0","0","0","1","2","0","2","0","0","0","3","","","N","","","","","","","","","",""
"2020078437","1837","1","0","0","0","0","0","0","0","0","1","0","","67","9","2020","3","39.926152","-75.19439","1743","6","0","0","0","0","0","0","1","0","","0","0","0","16","1","0","N","0","0","39 55:34.148","","0","75 11:39.805","0","0","0","0","67301","0","0","0","N","0","0","0","2","68K01","0","","1.0","","1","N","N","N","0","","0","0","1","0","0","","1658","2","0","0","0","0","0","0","2","0","2","0","0","0","3","","","N","","","","","","","","","",""
"2020032406","1308","1","0","0","0","0","0","0","0","0","5","0","","67","4","2020","5","39.990814","-75.123656","1308","6","0","0","0","0","0","0","1","0","","0","0","0","13","1","1","N","0","1","39 59:26.930","5","0","75 07:25.160","3","0","0","0","67301","0","0","0","N","0","0","0","1","67301","0","","6.0","100.0","9","N","N","N","1","","1","0","0","9","9","Y","1308","2","1","0","0","0","0","0","2","0","2","0","0","0","7","07","","N","","","","","","","","","",""
"2020069893","1227","1","0","0","0","0","0","0","0","0","5","1","","67","8","2020","6","39.955167","-75.147694","1227","6","0","0","0","0","0","1","0","0","","0","1","0","12","1","0","","6","0","39 57:18.600","","8","75 08:51.700","0","0","0","0","67301","0","0","0","N","0","0","0","2","67501","0","","1.0","","1","N","N","N","0","","0","0","0","0","0","","1227","2","0","0","0","0","0","0","2","0","2","0","0","0","3","","","N","","","","","","","","","",""
"2020032454","1647","0","0","0","0","0","0","0","0","0","1","0","","67","4","2020","1","39.916217","-75.225822","1645","6","0","0","0","0","0","0","0","0","","0","0","0","16","1","1","","2","1","39 54:58.380","3","0","75 13:32.960","3","0","0","1","67301","0","0","0","N","0","0","0","2","67301","0","","1.0","1715.0","1","N","N","N","0","","1","0","0","3","2","N","1640","2","1","0","0","0","0","1","2","0","2","0","0","0","3","03","","N","","","","","","","","","",""
"2020034452","0854","1","0","0","0","0","0","0","0","0","7","0","","67","4","2020","5","39.960176","-75.180868","0850","6","0","0","0","0","0","0","0","0","","0","0","0","8","1","0","N","0","1","39 57:36.633","3","0","75 10:51.123","0","0","0","0","67301","0","0","0","N","0","0","0","1","68K01","0","","4.0","930.0","9","N","N","N","0","","0","0","0","0","0","N","845","1","0","0","0","0","0","0","2","0","1","0","0","0","7","","","N","","","","","","","","","",""
"2020031210","0151","1","0","0","0","0","0","0","0","0","5","0","","67","4","2020","6","39.995351","-75.07731","0150","6","0","0","0","0","0","0","0","0","","0","0","0","1","3","1","N","0","2","39 59:43.264","5","0","75 04:38.316","3","0","0","0","67301","0","0","0","N","0","0","0","1","67301","0","","6.0","230.0","1","N","N","N","0","","1","0","1","0","0","N","140","3","1","1","0","0","0","0","2","1","3","0","0","0","3","03","","N","","","","","","","","","",""
"2020034045","0923","1","0","0","0","0","0","0","0","0","7","0","","67","4","2020","5","39.968441","-75.128398","0911","6","0","0","0","0","1","0","0","0","","0","0","0","9","1","0","N","0","2","39 58:06.386","1","0","75 07:42.231","0","0","0","0","67301","0","0","0","N","0","0","0","1","68K01","0","","4.0","5.0","9","N","N","N","0","","0","0","0","0","0","N","909","1","0","0","0","0","0","0","2","0","1","0","0","0","7","","","N","","","","","","","","","",""
"2020038485","0130","1","0","0","0","0","0","0","0","0","7","0","","67","4","2020","7","39.901531","-75.152252","0130","6","0","0","0","0","0","0","0","0","","0","0","0","1","3","0","N","0","0","39 54:05.512","","0","75 09:08.106","0","0","0","0","67301","0","0","0","N","0","0","0","1","68K01","0","","3.0","","1","N","N","N","0","","0","0","0","0","0","","130","1","0","0","0","0","0","0","2","0","1","0","0","0","3","","","N","","","","","","","","","",""
"2020036525","2104","1","0","0","0","0","0","0","0","0","5","0","","67","4","2020","1","40.030739","-75.078842","2057","6","0","0","0","0","0","0","0","0","","0","0","0","20","3","1","N","0","0","40 01:50.660","","0","75 04:43.830","3","0","0","0","67301","0","0","0","N","0","0","0","1","67301","0","","6.0","","1","N","N","N","0","","1","0","2","0","0","","2055","3","1","1","0","0","0","0","2","0","3","0","0","0","3","98","","N","","","","","","","","","",""
"2020035083","2116","1","0","0","0","0","0","0","0","0","7","0","","67","4","2020","1","40.043956","-75.116036","2025","6","0","0","0","0","0","0","0","0","","0","0","0","19","3","1","N","0","0","40 02:38.241","","0","75 06:57.729","3","0","0","0","67301","0","0","0","N","0","0","0","1","67301","0","","4.0","","9","N","N","N","0","","1","0","0","9","9","","1933","1","1","0","0","0","0","0","2","0","1","0","0","0","7","07","","N","","","","","","","","","",""
"2020076447","1345","1","0","0","0","0","0","0","0","0","1","1","","67","9","2020","4","39.974624","-75.194882","1332","6","0","0","0","0","0","2","0","0","","0","1","0","13","1","0","Y","0","0","39 58:28.647","","0","75 11:41.576","0","0","0","0","67301","0","0","0","N","0","0","0","3","67301","0","","1.0","","1","N","N","N","0","","0","0","1","3","2","","1325","3","0","3","0","0","0","0","2","0","3","0","0","0","3","03","","N","","","","","","","","","",""
"2020058083","0530","1","0","0","0","0","0","0","0","0","7","0","","67","7","2020","4","39.957348","-75.170704","0405","6","0","0","0","0","0","0","0","0","","0","0","0","4","8","0","","2","0","39 57:26.453","","0","75 10:14.535","0","0","0","0","67301","0","0","0","N","0","0","0","1","67301","0","","3.0","","1","N","N","N","0","","0","0","0","9","9","","400","1","0","1","0","0","0","0","2","0","1","0","0","0","3","03","","N","","","","","","","","","",""
"2020074744","2149","0","0","0","0","0","0","0","0","0","4","0","","67","8","2020","7","40.018956","-75.110697","2144","6","0","0","0","0","0","0","0","0","","0","0","0","21","3","1","N","0","0","40 01:08.240","","0","75 06:38.510","3","0","0","1","67301","0","0","0","N","0","0","0","1","67301","0","","1.0","","1","N","N","N","0","","1","0","1","0","0","","2133","2","1","0","0","0","0","0","2","0","2","0","0","0","3","03","","N","","","","","","","","","",""
"2020031282","0915","1","0","0","0","0","0","0","0","0","4","0","","67","4","2020","6","40.02564","-75.125365","0909","6","0","0","0","0","0","0","0","0","","0","0","0","9","1","1","","1","0","40 01:32.303","","0","75 07:31.314","3","0","0","0","67301","0","0","0","N","0","0","0","2","67301","0","","1.0","","9","N","N","N","1","","1","0","0","3","2","","905","2","1","0","0","0","0","0","2","0","2","0","0","0","7","04","","N","","","","","","","","","",""
"2020030541","0025","0","0","0","0","0","0","0","0","0","1","0","","67","4","2020","4","40.021125","-75.139925","0010","6","0","0","0","0","0","0","0","0","","0","0","0","0","3","0","","1","0","40 01:16.051","","0","75 08:23.731","0","0","0","0","67301","0","0","0","N","0","0","0","2","67301","0","","1.0","","1","N","N","N","0","","0","0","2","3","2","","1","2","0","0","0","0","0","0","2","0","2","0","0","0","3","03","","N","","","","","","","","","",""
"2020070148","2208","1","0","0","0","0","0","0","0","0","7","0","","67","8","2020","4","39.986275","-75.174564","2208","6","0","0","0","0","0","0","0","0","","0","0","0","22","3","0","N","0","2","39 59:10.590","2","0","75 10:28.430","0","0","0","0","67301","0","0","0","N","0","0","0","3","67301","0","","4.0","1200.0","1","N","N","N","0","","0","0","0","0","0","Y","2205","1","0","0","0","0","0","0","2","0","1","0","0","0","3","03","","N","","","","","","","","","",""
"2020031549","1645","1","0","0","0","0","0","0","0","0","6","0","","67","4","2020","2","39.984559","-75.15652","1641","6","0","0","0","0","0","0","0","0","","0","0","0","16","1","1","N","0","0","39 59:04.412","","0","75 09:23.473","8","0","0","0","67301","0","0","0","N","0","0","0","2","67301","0","","1.0","","1","N","N","N","0","","0","0","1","9","9","","1640","2","1","0","0","0","1","1","2","0","2","0","0","0","3","03","","N","","","","","","","","","",""
"2020057383","0146","1","0","0","0","0","0","0","0","0","4","0","","67","7","2020","1","40.056199","-75.155542","0134","6","0","0","0","0","0","1","0","0","","0","0","0","1","3","1","","1","0","40 03:22.316","","0","75 09:19.951","3","0","0","0","67301","0","0","0","N","0","0","0","2","67301","0","","1.0","","1","N","N","N","0","","1","0","1","3","3","","133","3","1","1","0","0","0","0","2","1","3","0","0","0","3","03","","N","","","","","","","","","",""
"2020068069","2128","2","0","0","0","0","0","0","0","0","1","0","","67","7","2020","4","39.959795","-75.177184","2125","6","0","0","0","0","0","1","0","0","","0","0","0","21","3","0","N","0","2","39 57:35.261","4","0","75 10:37.863","0","0","0","0","67301","0","0","0","N","0","0","0","2","68K01","0","","1.0","30.0","1","N","N","N","0","","0","0","0","0","0","N","2124","2","0","0","0","0","0","0","2","0","2","0","0","0","3","03","","N","","","","","","","","","",""
"2020010705","0917","1","0","0","0","0","0","0","0","0","7","0","","67","1","2020","7","39.960175","-75.180864","0910","6","0","0","0","0","0","0","0","0","","0","0","0","9","1","0","N","0","1","39 57:36.629","3","0","75 10:51.111","0","0","0","0","67301","0","0","0","N","0","0","0","1","68K01","0","","4.0","30.0","9","N","N","N","0","","0","0","0","0","0","N","909","1","0","0","0","0","0","0","2","0","1","0","0","0","7","05","","N","","","","","","","","","",""
"2020015762","2303","3","0","0","0","0","0","0","0","0","5","0","","67","1","2020","7","40.040031","-75.039731","2257","6","0","0","0","0","0","0","0","0","","0","0","0","22","3","1","N","0","0","40 02:24.110","","0","75 02:23.030","3","0","0","0","67301","0","0","0","N","0","0","0","1","67301","0","","6.0","","1","N","N","N","1","","1","0","0","0","0","","2255","4","1","0","0","0","0","0","2","0","4","0","0","0","3","","","N","","","","","","","","","",""
"2020007823","2315","0","0","0","0","0","0","0","0","0","8","0","","67","1","2020","5","39.928361","-75.152124","2313","6","0","0","0","0","0","1","0","0","","0","0","0","23","3","1","","1","0","39 55:42.101","","0","75 09:07.645","4","0","0","0","67301","1","0","0","N","0","0","0","2","67301","1","","1.0","","1","N","N","N","0","","0","0","1","3","3","","2300","2","1","0","0","0","0","0","2","0","1","1","0","0","3","03","","N","","","","","","","","","",""
"2020039002","1627","1","0","0","0","0","0","0","0","0","1","0","","67","5","2020","6","39.962609","-75.245786","1623","6","0","0","0","1","0","0","1","0","","0","0","0","15","1","2","N","0","0","39 57:45.391","","0","75 14:44.831","3","0","0","0","67301","0","0","0","N","0","0","0","6","67301","0","","1.0","","1","N","N","N","1","","2","0","1","0","0","","1500","3","2","0","0","0","0","0","2","0","3","0","0","0","3","","","N","","","","","","","","","",""
"2020079554","1920","2","0","0","0","0","0","0","0","0","4","0","","67","9","2020","6","40.082747","-75.049431","1918","6","0","0","0","0","0","1","0","0","","0","0","0","19","4","1","N","0","0","40 04:57.890","","7","75 02:57.950","3","0","0","0","67301","0","0","0","N","0","0","0","2","67301","0","","1.0","","1","N","N","N","0","","1","0","0","0","0","","1905","2","1","0","0","0","0","0","2","0","2","0","0","0","3","03","","N","","","","","","","","","",""
"2020020931","0930","1","0","0","0","0","0","0","0","0","8","0","","67","2","2020","2","39.94838","-75.247652","0905","6","0","0","0","0","0","0","0","0","","0","0","0","7","1","1","","1","0","39 56:54.168","","0","75 14:51.547","3","0","0","0","67301","1","0","0","N","1","0","0","2","67301","0","","1.0","","1","N","N","N","0","","1","0","0","3","3","","742","2","1","0","0","0","0","0","2","0","1","1","0","0","3","03","","N","","","","","","","","","",""
"2020046082","1933","2","0","0","0","0","0","0","0","0","4","0","","67","6","2020","6","40.043911","-75.009622","1924","6","0","0","0","0","0","0","0","0","","0","0","0","19","1","1","","1","0","40 02:38.081","","0","75 00:34.638","3","0","0","0","67301","0","0","0","N","0","0","0","5","67301","0","","1.0","","1","N","N","Y","0","","1","0","0","3","3","","1921","2","1","0","0","0","0","4","2","0","2","0","0","0","3","03","","N","","","","","","","","","",""
"2020017476","1955","2","0","0","0","0","0","0","0","0","1","0","","67","1","2020","2","39.892385","-75.224361","1944","6","0","0","0","0","0","1","0","0","","0","0","0","19","3","0","N","0","2","39 53:32.587","2","0","75 13:27.699","0","0","0","0","67301","0","0","0","N","0","0","0","3","68K01","0","","1.0","40.0","1","N","N","N","0","","0","0","0","0","0","N","1942","2","0","0","0","0","0","0","2","0","2","0","0","0","3","03","","N","","","","","","","","","",""
"2020048220","1410","1","0","0","0","0","0","0","0","0","8","0","","67","6","2020","7","39.9864","-75.169576","1404","6","0","0","0","0","0","0","0","0","","0","0","0","14","1","1","","1","0","39 59:11.041","","0","75 10:10.472","3","0","0","0","67301","1","0","0","N","1","0","0","2","67301","0","","1.0","","1","N","N","N","0","","1","0","0","3","2","","1403","2","1","0","0","0","0","0","2","0","1","1","0","0","3","03","","N","","","","","","","","","",""
"2020046929","1653","2","0","0","0","0","0","0","0","0","1","0","","67","6","2020","2","39.967699","-75.160185","1649","6","0","0","0","0","0","0","0","0","","0","0","0","16","1","0","N","0","0","39 58:03.716","","0","75 09:36.667","0","0","0","0","67301","0","0","0","N","0","0","0","2","67301","0","","1.0","","1","N","N","N","0","","0","0","0","0","0","","1645","2","0","0","0","0","0","0","2","0","2","0","0","0","3","","","N","","","","","","","","","",""
"2020045917","1914","0","0","0","0","0","0","0","0","0","7","1","","67","5","2020","3","40.009723","-75.064507","1905","6","0","0","0","0","0","0","0","0","","0","1","0","19","1","1","N","0","1","40 00:35.001","1","0","75 03:52.226","8","0","0","0","67301","0","0","0","Y","0","0","0","2","68K01","0","","4.0","1950.0","1","N","N","N","0","","0","0","1","0","0","N","1902","2","1","1","0","0","1","0","2","0","2","0","0","0","3","","","N","","","","","","","","","",""
"2020049117","1905","2","0","0","0","0","0","0","0","0","2","0","","67","6","2020","2","39.923523","-75.163051","1900","6","0","0","0","0","0","0","0","0","","0","0","0","18","1","1","N","0","1","39 55:24.682","4","7","75 09:46.985","3","0","0","0","67301","0","0","0","N","0","0","0","4","67301","0","","1.0","2000.0","1","N","N","N","0","","1","0","0","9","9","N","1844","2","1","0","0","0","0","0","2","0","2","0","0","0","3","","","N","","","","","","","","","",""
"2020003198","1855","2","0","0","0","0","0","0","0","0","5","0","","67","1","2020","3","40.018542","-75.167095","1851","6","0","0","0","0","0","1","0","0","","0","0","0","18","2","0","","6","0","40 01:06.752","","2","75 10:01.543","0","0","0","0","67301","0","0","0","N","0","0","0","5","67301","0","","7.0","","9","N","N","N","0","","0","0","1","0","0","","1850","3","0","0","0","0","0","0","2","0","3","0","0","0","6","07","","N","","","","","","","","","",""