"CRN","ARRIVAL_TM","AUTOMOBILE_COUNT","BELTED_DEATH_COUNT","BELTED_SUSP_SERIOUS_INJ_COUNT","BICYCLE_COUNT","BICYCLE_DEATH_COUNT","BICYCLE_SUSP_SERIOUS_INJ_COUNT","BUS_COUNT","CHLDPAS_DEATH_COUNT","CHLDPAS_SUSP_SERIOUS_INJ_COUNT","COLLISION_TYPE","COMM_VEH_COUNT","CONS_ZONE_SPD_LIM","COUNTY","CRASH_MONTH","CRASH_YEAR","DAY_OF_WEEK","DEC_LATITUDE","DEC_LONGITUDE","DISPATCH_TM","DISTRICT","DRIVER_COUNT_16YR","DRIVER_COUNT_17YR","DRIVER_COUNT_18YR","DRIVER_COUNT_19YR","DRIVER_COUNT_20YR","DRIVER_COUNT_50_64YR","DRIVER_COUNT_65_74YR","DRIVER_COUNT_75PLUS","EST_HRS_CLOSED","FATAL_COUNT","HEAVY_TRUCK_COUNT","HORSE_BUGGY_COUNT","HOUR_OF_DAY","ILLUMINATION","INJURY_COUNT","INTERSECTION_RELATED","INTERSECT_TYPE","LANE_CLOSED","LATITUDE","LN_CLOSE_DIR","LOCATION_TYPE","LONGITUDE","MAX_SEVERITY_LEVEL","MCYCLE_DEATH_COUNT","MCYCLE_SUSP_SERIOUS_INJ_COUNT","MOTORCYCLE_COUNT","MUNICIPALITY","NONMOTR_COUNT","NONMOTR_DEATH_COUNT","NONMOTR_SUSP_SERIOUS_INJ_COUNT","NTFY_HIWY_MAINT","PED_COUNT","PED_DEATH_COUNT","PED_SUSP_SERIOUS_INJ_COUNT","PERSON_COUNT","POLICE_AGCY","POSSIBLE_INJ_COUNT","RDWY_SURF_TYPE_CD","RELATION_TO_ROAD","ROADWAY_CLEARED","ROAD_CONDITION","SCH_BUS_IND","SCH_ZONE_IND","SECONDARY_CRASH","SMALL_TRUCK_COUNT","SPEC_JURIS_CD","SUSP_MINOR_INJ_COUNT","SUSP_SERIOUS_INJ_COUNT","SUV_COUNT","TCD_FUNC_CD","TCD_TYPE","TFC_DETOUR_IND","TIME_OF_DAY","TOTAL_UNITS","TOT_INJ_COUNT","UNBELTED_OCC_COUNT","UNB_DEATH_COUNT","UNB_SUSP_SERIOUS_INJ_COUNT","UNK_INJ_DEG_COUNT","UNK_INJ_PER_COUNT","URBAN_RURAL","VAN_COUNT","VEHICLE_COUNT","VULNERABLE_ROAD_USER_COUNT","VULNERABLE_ROAD_USER_DEATH_COUNT","VULNERABLE_ROAD_USER_SER_INJ_COUNT","WEATHER1","WEATHER2","WORKERS_PRES","WORK_ZONE_IND","WORK_ZONE_LOC","WORK_ZONE_TYPE","WZ_CLOSE_DETOUR","WZ_FLAGGER","WZ_LAW_OFFCR_IND","WZ_LN_CLOSURE","WZ_MOVING","WZ_OTHER","WZ_SHLDER_MDN","WZ_WORKERS_INJ_KILLED"
"2020005202","0102","1","0","0","0","0","0","0","0","0","4","0","","67","1","2020","3","39.953327","-75.183701","0102","6","0","0","0","0","0","0","0","0","","0","0","0","0","3","2","","1","0","39 57:11.978","","0","75 11:01.324","3","0","0","0","67301","0","0","0","N","0","0","0","4","67301","0","","1.0","","1","N","N","N","0","","2","0","1","3","2","","17","2","2","1","0","0","0","0","2","0","2","0","0","0","3","03","","N","","","","","","","","","",""
"2020014223","2138","3","0","0","0","0","0","0","0","0","4","0","","67","1","2020","6","40.030115","-75.145975","2134","6","0","0","0","0","1","1","0","0","","0","0","0","21","3","1","N","0","1","40 01:48.413","5","7","75 08:45.511","8","0","0","0","67301","0","0","0","N","0","0","0","4","67301","0","","1.0","2210.0","9","N","N","N","0","","0","0","0","3","2","Y","2134","3","1","3","0","0","1","0","2","0","3","0","0","0","3","03","","N","","","","","","","","","",""
"2020003332","1900","0","0","0","1","0","0","0","0","0","8","0","","67","1","2020","3","39.938065","-75.16844","1815","6","0","0","0","0","0","0","0","0","","0","0","0","18","3","1","","1","0","39 56:17.034","","0","75 10:06.383","8","0","0","0","67301","1","0","0","N","0","0","0","2","67301","0","","1.0","","9","N","N","Y","0","","0","0","0","3","2","","1815","2","1","0","0","0","1","0","2","0","1","1","0","0","7","06","","N","","","","","","","","","",""
"2020002682","2110","2","0","0","0","0","0","0","0","0","4","0","","67","1","2020","4","39.98627","-75.156147","2110","6","0","0","0","0","0","0","0","0","2","0","0","0","21","3","2","","1","2","39 59:10.572","7","0","75 09:22.129","3","0","0","0","67301","0","0","0","N","0","0","0","3","67301","0","","1.0","9999.0","1","N","N","N","0","","1","0","1","3","1","N","2110","3","2","1","0","0","1","0","2","0","3","0","0","0","3","","","N","","","","","","","","","",""
"2020001307","0605","1","0","0","0","0","0","0","0","0","4","0","","67","1","2020","5","39.926961","-75.151163","0557","6","0","0","0","0","0","0","0","0","","0","0","0","5","3","0","","1","0","39 55:37.059","","0","75 09:04.186","0","0","0","0","67301","0","0","0","N","0","0","0","2","67301","0","","1.0","","1","N","N","N","1","","0","0","0","3","2","","545","2","0","0","0","0","0","0","2","0","2","0","0","0","3","03","","N","","","","","","","","","",""
"2020011801","0339","1","0","0","0","0","0","0","0","0","1","0","","67","1","2020","2","39.9985","-75.148089","0335","6","0","0","0","0","0","0","0","0","","0","0","0","3","3","0","N","0","0","39 59:54.600","","0","75 08:53.120","0","0","0","0","67301","0","0","0","N","0","0","0","1","67301","0","","6.0","","1","N","N","N","0","","0","0","0","3","3","","332","2","0","0","0","0","0","0","2","1","2","0","0","0","3","03","","N","","","","","","","","","",""
"2020070672","0545","2","0","0","0","0","0","0","0","0","2","0","","67","8","2020","1","39.946069","-75.184981","0542","6","0","0","0","0","0","0","0","0","","0","0","0","5","3","0","N","0","1","39 56:45.850","4","0","75 11:05.930","0","0","0","0","67301","0","0","0","N","0","0","0","1","67301","0","","1.0","626.0","1","N","N","N","0","","0","0","0","0","0","N","540","2","0","0","0","0","0","0","2","0","2","0","0","0","3","","","N","","","","","","","","","",""
"2020031170","2127","1","0","0","0","0","0","0","0","0","4","0","","67","4","2020","6","40.0262","-75.16915","2127","6","0","0","0","0","1","0","0","0","","0","0","0","21","3","1","","1","0","40 01:34.321","","0","75 10:08.941","3","0","0","0","67301","0","0","0","N","0","0","0","2","67301","0","","1.0","","9","N","N","N","0","","1","0","1","3","2","","2125","2","1","0","0","0","0","0","2","0","2","0","0","0","7","","","N","","","","","","","","","",""
"2020071208","1149","1","0","0","0","0","0","0","0","0","5","0","","67","8","2020","2","40.023927","-75.035446","1145","6","0","0","0","0","0","0","0","0","","0","0","0","11","1","0","","3","0","40 01:26.136","","0","75 02:07.607","0","0","0","0","67301","0","0","0","N","0","0","0","2","67301","0","","1.0","","1","N","N","N","1","","0","0","0","3","8","","1144","2","0","0","0","0","0","0","2","0","2","0","0","0","3","03","","N","","","","","","","","","",""
"2020071969","2314","0","0","0","0","0","0","0","0","0","7","0","","67","9","2020","3","39.993294","-75.154602","2307","6","0","0","0","0","0","0","0","0","","0","0","0","23","3","0","N","0","0","39 59:35.860","","0","75 09:16.568","0","0","0","0","67301","0","0","0","N","0","0","0","2","67301","0","","2.0","","9","N","N","N","0","","0","0","1","3","2","","2307","1","0","2","0","0","0","0","2","0","1","0","0","0","7","07","","N","","","","","","","","","",""
"2020030107","1800","1","0","0","0","0","0","0","0","0","4","0","","67","3","2020","1","39.957321","-75.152234","1755","6","0","0","0","0","0","0","0","0","","0","0","0","17","1","0","","1","0","39 57:26.357","","3","75 09:08.042","0","0","0","0","67301","0","0","0","Y","0","0","0","2","67301","0","","1.0","","1","N","N","N","0","","0","0","1","2","2","","1755","2","0","0","0","0","0","0","2","0","2","0","0","0","3","03","","N","","","","","","","","","",""
"2020032161","1740","1","0","0","0","0","0","0","0","0","4","0","","67","4","2020","6","39.940145","-75.225996","1734","6","0","0","0","0","0","0","0","0","","0","0","0","17","1","0","","1","0","39 56:24.521","","0","75 13:33.585","0","0","0","0","67301","0","0","0","N","0","0","0","3","67301","0","","1.0","","1","N","N","N","0","","0","0","1","0","0","","1734","2","0","0","0","0","0","0","2","0","2","0","0","0","3","03","","N","","","","","","","","","",""
"2020031462","0736","0","0","0","0","0","0","0","0","0","4","0","","67","4","2020","3","39.956236","-75.194153","0734","6","0","0","0","0","0","0","1","0","","0","0","0","7","1","0","N","1","2","39 57:22.450","3","0","75 11:38.949","0","0","0","0","67301","0","0","0","N","0","0","0","2","67504","0","","1.0","800.0","1","N","N","N","0","","0","0","2","3","2","Y","734","2","0","0","0","0","0","0","2","0","2","0","0","0","3","03","","N","","","","","","","","","",""
"2020030497","1557","1","0","0","0","0","0","0","0","0","4","0","","67","3","2020","3","39.945535","-75.23986","1553","6","0","0","0","0","0","0","0","0","","0","0","0","15","1","0","N","0","0","39 56:43.925","","7","75 14:23.496","0","0","0","0","67301","0","0","0","N","0","0","0","4","67301","0","","1.0","","1","N","N","N","0","","0","0","1","9","9","","1544","2","0","0","0","0","0","0","2","0","2","0","0","0","4","04","","N","","","","","","","","","",""
"2020006409","0844","0","0","0","0","0","0","0","0","0","8","0","","67","1","2020","4","39.915638","-75.236602","0843","6","0","0","0","0","0","0","0","0","","0","0","0","8","1","1","","1","0","39 54:56.296","","0","75 14:11.767","8","0","0","0","67301","1","0","0","N","1","0","0","2","67301","0","","1.0","","9","N","Y","N","0","","0","0","1","3","3","","838","2","1","0","0","0","1","0","2","0","1","1","0","0","3","03","","N","","","","","","","","","",""
"2020031445","0240","3","0","0","0","0","0","0","0","0","4","0","","67","3","2020","1","40.032778","-75.072292","0231","6","0","0","0","0","0","1","0","0","","0","0","0","2","3","0","","1","0","40 01:58.001","","0","75 04:20.252","0","0","0","0","67301","0","0","0","N","0","0","0","2","67301","0","","1.0","","9","N","N","N","1","","0","0","1","3","2","","220","5","0","0","0","0","0","0","2","0","5","0","0","0","7","","","N","","","","","","","","","",""
"2020029115","2010","1","0","0","0","0","0","0","0","0","7","0","","67","3","2020","1","39.881025","-75.228689","2010","6","0","0","0","0","0","0","0","0","","0","0","0","20","3","2","","11","0","39 52:51.690","","0","75 13:43.280","2","0","0","0","67301","0","0","0","N","0","0","0","2","67301","0","","2.0","","1","N","N","N","0","","1","1","0","3","3","","2005","1","2","0","0","0","0","0","2","0","1","0","0","0","3","03","","N","","","","","","","","","",""
"2020030064","1340","1","0","0","0","0","0","0","0","0","1","0","","67","3","2020","4","39.939081","-75.143848","1337","6","0","0","0","0","0","1","0","0","","0","0","0","13","1","1","N","0","0","39 56:20.692","","0","75 08:37.853","3","0","0","0","67301","0","0","0","N","0","0","0","2","67301","0","","1.0","","9","N","N","N","0","","1","0","1","0","0","","1337","2","1","2","0","0","0","0","2","0","2","0","0","0","7","07","","N","","","","","","","","","",""
"2020011269","0837","1","0","0","0","0","0","0","0","0","4","0","","67","1","2020","4","39.986601","-75.131335","0835","6","0","0","0","0","0","1","0","0","","0","0","0","8","1","1","","2","0","39 59:11.763","","0","75 07:52.806","3","0","0","0","67301","0","0","0","N","0","0","0","3","67301","0","","1.0","","1","N","N","N","1","","1","0","0","0","0","","830","2","1","2","0","0","0","0","2","0","2","0","0","0","3","03","","N","","","","","","","","","",""
"2020001748","1254","2","0","0","0","0","0","0","0","0","5","0","","67","1","2020","5","40.015339","-75.137425","1254","6","0","0","0","0","0","2","0","0","","0","0","0","12","1","0","N","0","0","40 00:55.220","","0","75 08:14.730","0","0","0","0","67301","0","0","0","N","0","0","0","2","67301","0","","1.0","","1","N","Y","N","0","","0","0","0","3","2","","1248","2","0","0","0","0","0","0","2","0","2","0","0","0","3","03","","N","","","","","","","","","",""
"2020001557","0510","1","0","0","0","0","0","0","0","0","5","0","","67","1","2020","4","40.030369","-75.10955","0510","6","0","0","0","0","0","0","0","0","","0","0","0","5","3","0","N","0","0","40 01:49.330","","0","75 06:34.380","9","0","0","0","67301","0","0","0","N","0","0","0","1","67301","0","","6.0","","1","N","N","N","0","","0","0","1","0","0","","510","3","0","0","0","0","0","1","2","1","3","0","0","0","3","","","N","","","","","","","","","",""
"2020000623","0113","2","0","0","0","0","0","0","0","0","5","0","","67","1","2020","4","40.021247","-75.139679","0113","6","0","0","0","1","0","0","0","0","3","0","0","0","1","3","0","N","0","1","40 01:16.488","1","0","75 08:22.843","0","0","0","0","67301","0","0","0","N","0","0","0","2","67301","0","","1.0","9999.0","1","N","N","N","0","","0","0","0","0","0","N","100","2","0","0","0","0","0","0","2","0","2","0","0","0","3","","","N","","","","","","","","","",""
"2020013757","1249","1","0","0","0","0","0","0","0","0","1","0","","67","1","2020","4","39.960099","-75.17967","1249","6","0","0","0","0","1","0","0","0","2","0","0","0","12","1","0","N","0","1","39 57:36.357","4","0","75 10:46.811","0","0","0","0","67301","0","0","0","N","0","0","0","2","68K01","0","","1.0","9999.0","1","N","N","N","0","","0","0","1","0","0","N","1236","2","0","0","0","0","0","0","2","0","2","0","0","0","3","","","N","","","","","","","","","",""
"2020007380","0109","2","0","0","0","0","0","0","0","0","4","0","","67","1","2020","2","39.967289","-75.136685","0104","6","0","0","0","0","1","1","0","0","","0","0","0","1","3","0","","1","0","39 58:02.240","","0","75 08:12.065","0","0","0","0","67301","0","0","0","N","0","0","0","2","67301","0","","1.0","","1","N","N","N","0","","0","0","0","3","3","","100","2","0","0","0","0","0","0","2","0","2","0","0","0","3","03","","N","","","","","","","","","",""
"2020014791","1355","0","0","0","0","0","0","0","0","0","4","0","","67","1","2020","4","40.029611","-75.086821","1352","6","0","0","0","0","0","1","0","0","","0","0","0","13","1","1","","1","0","40 01:46.600","","0","75 05:12.554","3","0","0","0","67301","0","0","0","N","0","0","0","2","67301","0","","1.0","","1","N","N","N","0","","1","0","0","3","3","","1313","2","1","0","0","0","0","0","2","2","2","0","0","0","2","02","","N","","","","","","","","","",""
"2020002081","0544","1","0","0","0","0","0","0","0","0","5","0","","67","1","2020","1","40.029611","-75.150719","0536","6","0","0","0","0","0","0","0","0","","0","0","0","4","3","0","N","0","0","40 01:46.600","","0","75 09:02.590","0","0","0","0","67301","0","0","0","N","0","0","0","1","67301","0","","6.0","","1","N","N","N","0","","0","0","3","0","0","","441","4","0","0","0","0","0","0","2","0","4","0","0","0","3","03","","N","","","","","","","","","",""
"2020001426","2055","0","0","0","0","0","0","0","0","0","4","0","","67","1","2020","5","40.015873","-75.153841","2049","6","0","0","0","0","0","0","0","0","","0","0","0","20","3","1","","2","0","40 00:57.144","","0","75 09:13.828","3","0","0","0","67301","0","0","0","N","0","0","0","2","67301","0","","1.0","","1","N","N","N","0","","1","0","3","3","2","","2044","4","1","0","0","0","0","0","2","1","4","0","0","0","3","03","","N","","","","","","","","","",""
"2020018391","1930","0","0","0","1","0","0","0","0","0","8","0","","67","2","2020","5","39.967951","-75.210073","1930","6","0","0","0","0","0","0","0","0","","0","0","0","19","3","1","","3","0","39 58:04.622","","0","75 12:36.264","8","0","0","0","67301","1","0","0","N","0","0","0","2","67301","0","","1.0","","1","N","N","N","1","","0","0","0","0","0","","1910","2","1","0","0","0","1","0","2","0","1","1","0","0","3","03","","N","","","","","","","","","",""
"2020003718","1947","1","0","0","0","0","0","0","0","0","4","0","","67","1","2020","6","39.964289","-75.246466","1918","6","0","0","0","0","0","0","0","0","","0","0","0","19","3","0","","1","0","39 57:51.442","","0","75 14:47.279","0","0","0","0","67301","0","0","0","N","0","0","0","2","67301","0","","1.0","","9","N","N","N","0","","0","0","0","0","0","","1915","2","0","2","0","0","0","0","2","1","2","0","0","0","7","05","","N","","","","","","","","","",""
"2020007838","1630","2","0","0","0","0","0","0","0","0","1","0","","67","1","2020","5","40.021776","-75.139679","1630","6","0","0","0","0","0","0","0","0","","0","0","0","16","1","2","N","0","0","40 01:18.394","","0","75 08:22.846","8","0","0","0","67301","0","0","0","N","0","0","0","2","67301","0","","1.0","","1","N","N","N","0","","0","0","0","3","2","","1630","2","2","0","0","0","2","0","2","0","2","0","0","0","3","03","","N","","","","","","","","","",""
"2020002456","0140","0","0","0","0","0","0","0","0","0","5","0","","67","1","2020","4","39.930944","-75.171925","0135","6","0","0","0","0","0","1","0","0","","0","0","0","1","3","0","N","0","0","39 55:51.400","","0","75 10:18.930","0","0","0","0","67301","0","0","0","N","0","0","0","1","67301","0","","6.0","","1","N","N","N","0","","0","0","1","0","0","","130","2","0","0","0","0","0","0","2","1","2","0","0","0","3","","","N","","","","","","","","","",""
"2020030603","2250","3","0","0","0","0","0","0","0","0","5","0","","67","3","2020","2","40.046919","-75.147933","2240","6","0","0","0","0","0","0","0","0","","0","0","0","22","3","0","N","0","0","40 02:48.910","","0","75 08:52.560","0","0","0","0","67301","0","0","0","N","0","0","0","2","67301","0","","6.0","","1","N","N","N","0","","0","0","2","0","0","","2210","5","0","0","0","0","0","0","2","0","5","0","0","0","3","03","","N","","","","","","","","","",""
"2020001750","0605","2","0","0","0","0","0","0","0","0","5","0","","67","1","2020","4","39.975117","-75.145656","0600","6","0","0","0","0","0","0","0","0","","0","0","0","5","3","0","N","0","2","39 58:30.420","2","0","75 08:44.360","0","0","0","0","67301","0","0","0","N","0","0","0","1","67301","0","","6.0","630.0","1","N","N","N","0","","0","0","1","0","0","N","545","3","0","0","0","0","0","0","2","0","3","0","0","0","3","03","","N","","","","","","","","","",""
"2020013646","2155","3","0","0","0","0","0","0","0","0","4","0","","67","1","2020","6","39.999733","-75.174893","2154","6","0","0","0","0","0","0","0","0","","0","0","0","21","3","2","","1","0","39 59:59.038","","0","75 10:29.614","3","0","0","0","67301","0","0","0","N","0","0","0","3","67301","1","","1.0","","9","N","N","N","0","","1","0","3","9","3","","2150","6","2","1","0","0","0","0","2","0","6","0","0","0","7","","","N","","","","","","","","","",""
"2020048222","2319","2","0","0","0","0","0","0","0","0","4","0","","67","6","2020","6","40.025904","-75.123399","2319","6","0","0","0","0","0","1","0","0","","0","0","0","22","3","0","","2","1","40 01:33.254","4","0","75 07:24.238","0","0","0","0","67301","0","0","0","N","0","0","0","2","67301","0","","1.0","2319.0","1","N","N","N","0","","0","0","0","3","2","N","2241","2","0","0","0","0","0","0","2","0","2","0","0","0","3","03","","N","","","","","","","","","",""
"2020023907","0349","0","0","0","0","0","0","0","0","0","7","0","","67","1","2020","6","39.924101","-75.192418","0340","6","0","0","0","0","0","0","0","0","","0","0","0","3","3","0","N","0","2","39 55:26.762","4","0","75 11:32.704","0","0","0","0","67301","0","0","0","N","0","0","0","1","68K01","0","","3.0","30.0","1","N","N","N","0","","0","0","0","0","0","N","340","1","0","0","0","0","0","0","2","1","1","0","0","0","3","","","N","","","","","","","","","",""
"2020003772","1100","2","0","0","0","0","0","0","0","0","4","0","","67","1","2020","4","39.950969","-75.152003","1055","6","0","0","0","0","0","1","0","0","","0","0","0","10","8","1","","1","0","39 57:03.489","","0","75 09:07.210","3","0","0","0","67301","0","0","0","N","0","0","0","2","67301","0","","1.0","","1","N","N","N","0","","1","0","0","3","2","","1035","2","1","0","0","0","0","0","2","0","2","0","0","0","3","03","","N","","","","","","","","","",""
"2020002265","0506","1","0","0","0","0","0","0","0","0","4","0","","67","1","2020","2","39.903342","-75.243131","0502","6","0","0","0","0","0","1","0","0","","0","0","0","5","3","1","","2","0","39 54:12.031","","0","75 14:35.271","3","0","0","0","67301","0","0","0","N","0","0","0","2","67301","0","","1.0","","1","N","N","N","0","","1","0","1","3","2","","500","2","1","1","0","0","0","0","2","0","2","0","0","0","3","03","","N","","","","","","","","","",""
"2020002565","0730","1","0","0","0","0","0","0","0","0","4","0","","67","1","2020","4","39.985595","-75.150912","0723","6","0","0","0","0","0","0","0","0","2","0","0","0","6","5","3","","1","1","39 59:08.141","1","0","75 09:03.283","3","0","0","0","67301","0","0","0","N","0","0","0","3","67301","0","","1.0","9999.0","1","N","N","N","0","","3","0","0","3","2","N","659","2","3","0","0","0","0","0","2","1","2","0","0","0","3","","","N","","","","","","","","","",""
"2020001585","0044","1","0","0","0","0","0","0","0","0","4","0","","67","1","2020","1","40.014214","-75.141461","0044","6","0","0","0","0","0","0","0","0","","0","0","0","0","3","2","","1","0","40 00:51.170","","0","75 08:29.259","8","0","0","0","67301","0","0","0","N","0","0","0","3","67301","0","","1.0","","9","N","N","N","1","","0","0","1","3","2","","40","4","2","0","0","0","2","1","2","1","4","0","0","0","7","","","N","","","","","","","","","",""
"2020003369","1425","1","0","0","0","0","0","0","0","0","4","0","","67","1","2020","1","40.062019","-74.988776","1420","6","0","0","0","0","0","1","0","0","","0","0","0","14","1","0","","2","0","40 03:43.268","","0","74 59:19.593","0","0","0","0","67301","0","0","0","N","0","0","0","2","67301","0","","1.0","","1","N","N","N","0","","0","0","1","3","3","","1400","2","0","0","0","0","0","0","2","0","2","0","0","0","4","04","","N","","","","","","","","","",""
"2020009864","1330","1","0","0","0","0","0","0","0","0","4","0","","67","1","2020","6","40.023853","-75.142546","1330","6","0","0","0","0","0","1","1","0","","0","0","0","13","1","1","","1","0","40 01:25.870","","0","75 08:33.165","3","0","0","0","67301","0","0","0","N","0","0","0","2","67301","0","","1.0","","1","N","N","N","0","","1","0","1","3","3","","1330","2","1","0","0","0","0","0","2","0","2","0","0","0","3","03","","N","","","","","","","","","",""
"2020000367","1739","1","0","0","0","0","0","0","0","0","8","0","","67","1","2020","4","39.948389","-75.219196","1730","6","0","0","0","0","0","0","0","0","","0","0","0","17","3","1","","5","0","39 56:54.201","","0","75 13:09.107","3","0","0","0","67301","1","0","0","N","1","0","0","2","67301","0","","1.0","","1","N","N","N","0","","1","0","0","3","2","","1712","2","1","0","0","0","0","1","2","0","1","1","0","0","99","","","N","","","","","","","","","",""
"2020014073","1050","1","0","0","0","0","0","0","0","0","5","0","","67","2","2020","1","39.995203","-75.128025","1044","6","0","0","0","0","0","0","0","0","","0","0","0","10","1","1","N","0","0","39 59:42.730","","0","75 07:40.890","8","0","0","0","67301","0","0","0","N","0","0","0","2","67301","0","","6.0","","1","N","N","N","0","","0","0","1","3","3","","1033","2","1","1","0","0","1","0","2","0","2","0","0","0","3","03","","N","","","","","","","","","",""
"2020019698","0920","2","0","0","0","0","0","0","0","0","5","0","","67","1","2020","7","39.950883","-75.141578","0902","6","0","0","0","0","1","0","0","0","","0","0","0","9","1","2","N","0","1","39 57:03.177","2","0","75 08:29.681","4","0","0","0","67301","0","0","0","N","0","0","0","2","68K01","1","","1.0","1000.0","9","N","N","N","0","","0","0","0","0","0","N","902","2","2","0","0","0","1","0","2","0","2","0","0","0","3","","","N","","","","","","","","","",""
"2020009858","0048","2","0","0","0","0","0","0","0","0","5","0","","67","1","2020","6","39.946367","-75.169886","0041","6","0","0","0","0","0","0","0","0","","0","0","0","0","3","1","N","0","2","39 56:46.920","2","0","75 10:11.590","3","0","0","0","67301","0","0","0","N","0","0","0","1","67301","0","","6.0","321.0","1","N","N","N","0","","1","0","0","0","0","Y","40","2","1","0","0","0","0","0","2","0","2","0","0","0","3","03","","N","","","","","","","","","",""
"2020053522","1504","1","0","0","0","0","0","0","0","0","1","0","","67","6","2020","6","39.958296","-75.165187","1428","6","0","0","0","0","0","0","1","0","","0","0","0","14","1","1","N","0","0","39 57:29.867","","1","75 09:54.674","4","0","0","0","67301","0","0","0","N","0","0","0","3","68K01","1","","1.0","","1","N","N","N","1","","0","0","1","0","0","","1412","3","1","0","0","0","0","1","2","0","3","0","0","0","3","","","N","","","","","","","","","",""
"2020014704","0845","1","0","0","0","0","0","0","0","0","7","0","","67","1","2020","4","40.018718","-75.101737","0840","6","0","0","0","0","1","0","0","0","","0","0","0","8","1","0","","1","0","40 01:07.384","","0","75 06:06.253","0","0","0","0","67301","0","0","0","N","0","0","0","1","67301","0","","4.0","","1","N","N","N","0","","0","0","0","3","2","","835","1","0","1","0","0","0","0","2","0","1","0","0","0","3","","","N","","","","","","","","","",""
"2020012436","2005","2","0","0","0","0","0","0","0","0","4","0","","67","2","2020","7","40.04727","-75.167746","2002","6","0","0","1","0","0","0","0","0","","0","0","0","19","3","0","","1","1","40 02:50.173","5","0","75 10:03.884","0","0","0","0","67301","0","0","0","N","0","0","0","2","67301","0","","1.0","2045.0","9","N","N","N","0","","0","0","0","3","2","N","1956","2","0","0","0","0","0","0","2","0","2","0","0","0","7","","","N","","","","","","","","","",""
"2020047784","1522","0","0","0","0","0","0","0","0","0","1","0","","67","6","2020","4","39.996002","-75.082774","1522","6","0","0","0","0","0","2","0","0","","0","0","0","15","1","0","N","0","0","39 59:45.607","","0","75 04:57.986","0","0","0","0","67301","0","0","0","N","0","0","0","3","68K01","0","","1.0","","1","N","N","N","1","","0","0","2","0","0","","1522","3","0","0","0","0","0","0","2","0","3","0","0","0","3","03","","N","","","","","","","","","",""
"2020006413","1520","1","0","0","0","0","0","0","0","0","1","0","","67","1","2020","3","40.044636","-75.143514","1520","6","0","0","0","0","0","0","0","0","","0","0","0","15","1","0","N","0","0","40 02:40.688","","0","75 08:36.651","0","0","0","0","67301","0","0","0","N","0","0","0","3","67301","0","","1.0","","9","N","N","N","0","","0","0","1","3","2","","1520","2","0","0","0","0","0","0","2","0","2","0","0","0","7","","","N","","","","","","","","","",""
"2020046151","2050","1","0","0","0","0","0","0","0","0","4","0","","67","6","2020","6","40.045472","-75.164822","2050","6","0","0","0","0","0","2","0","0","","0","0","0","20","4","0","","1","0","40 02:43.700","","0","75 09:53.358","0","0","0","0","67301","0","0","0","N","0","0","0","3","67301","0","","1.0","","1","N","N","N","0","","0","0","1","3","2","","2050","2","0","0","0","0","0","0","2","0","2","0","0","0","3","03","","N","","","","","","","","","",""
"2020013368","2022","3","0","0","0","0","0","0","0","0","6","0","","67","2","2020","1","39.956248","-75.219717","2022","6","0","0","0","0","0","0","0","0","","0","0","0","20","3","0","N","0","0","39 57:22.491","","0","75 13:10.982","0","0","0","0","67301","0","0","0","N","0","0","0","3","67301","0","","1.0","","1","N","N","N","0","","0","0","0","9","2","","2021","3","0","0","0","0","0","0","2","0","3","0","0","0","3","03","","N","","","","","","","","","",""
"2020020438","2305","1","0","0","0","0","0","0","0","0","7","0","","67","1","2020","1","39.990326","-75.205305","2255","6","0","0","0","0","0","0","0","0","","0","0","0","22","3","1","N","0","0","39 59:25.173","","0","75 12:19.097","4","0","0","0","67301","0","0","0","N","0","0","0","1","68K01","1","","4.0","","1","N","N","N","0","","0","0","0","0","0","","2249","1","1","0","0","0","0","0","2","0","1","0","0","0","3","03","","N","","","","","","","","","",""
"2020000311","1831","0","0","0","0","0","0","0","0","0","8","0","","67","1","2020","4","40.019747","-75.150375","1831","6","0","0","0","0","0","0","0","0","","0","0","0","18","6","1","N","0","0","40 01:11.090","","0","75 09:01.350","8","0","0","0","67301","1","0","0","N","1","0","0","2","67301","0","","1.0","","1","N","N","N","0","","0","0","1","0","0","","1830","2","1","0","0","0","1","0","2","0","1","1","0","0","99","","","N","","","","","","","","","",""
"2020046810","0115","0","0","0","0","0","0","0","0","0","8","0","","67","6","2020","7","39.924299","-75.175933","0115","6","0","0","0","0","0","0","0","0","","0","0","0","0","3","1","N","0","9","39 55:27.477","","0","75 10:33.358","8","0","0","0","67301","1","0","0","N","1","0","0","1","67301","0","","1.0","","1","N","N","N","0","","0","0","0","0","0","U","10","2","1","0","0","0","1","0","2","0","1","1","0","0","3","03","","N","","","","","","","","","",""
"2020038396","1730","1","0","0","0","0","0","0","0","0","4","0","","67","5","2020","7","39.992957","-75.110258","1715","6","0","0","0","0","0","0","0","0","","0","0","0","17","1","1","","1","0","39 59:34.645","","0","75 06:36.928","8","0","0","0","67301","0","0","0","N","0","0","0","2","67508","0","","1.0","","1","N","N","N","0","","0","0","1","3","2","","1715","2","1","0","0","0","1","0","2","0","2","0","0","0","3","","","N","","","","","","","","","",""
"2020036564","0928","1","0","0","0","0","0","0","0","0","4","0","","67","5","2020","2","39.916519","-75.140569","0928","6","0","0","0","0","0","0","0","1","","0","0","0","9","1","0","","1","0","39 54:59.470","","7","75 08:26.050","0","0","0","0","67301","0","0","0","N","0","0","0","2","67301","0","","1.0","","1","N","N","N","0","","0","0","1","3","3","","900","2","0","0","0","0","0","0","2","0","2","0","0","0","3","","","N","","","","","","","","","",""