"CRN","ARRIVAL_TM","AUTOMOBILE_COUNT","BELTED_DEATH_COUNT","BELTED_SUSP_SERIOUS_INJ_COUNT","BICYCLE_COUNT","BICYCLE_DEATH_COUNT","BICYCLE_SUSP_SERIOUS_INJ_COUNT","BUS_COUNT","CHLDPAS_DEATH_COUNT","CHLDPAS_SUSP_SERIOUS_INJ_COUNT","COLLISION_TYPE","COMM_VEH_COUNT","CONS_ZONE_SPD_LIM","COUNTY","CRASH_MONTH","CRASH_YEAR","DAY_OF_WEEK","DEC_LATITUDE","DEC_LONGITUDE","DISPATCH_TM","DISTRICT","DRIVER_COUNT_16YR","DRIVER_COUNT_17YR","DRIVER_COUNT_18YR","DRIVER_COUNT_19YR","DRIVER_COUNT_20YR","DRIVER_COUNT_50_64YR","DRIVER_COUNT_65_74YR","DRIVER_COUNT_75PLUS","EST_HRS_CLOSED","FATAL_COUNT","HEAVY_TRUCK_COUNT","HORSE_BUGGY_COUNT","HOUR_OF_DAY","ILLUMINATION","INJURY_COUNT","INTERSECTION_RELATED","INTERSECT_TYPE","LANE_CLOSED","LATITUDE","LN_CLOSE_DIR","LOCATION_TYPE","LONGITUDE","MAX_SEVERITY_LEVEL","MCYCLE_DEATH_COUNT","MCYCLE_SUSP_SERIOUS_INJ_COUNT","MOTORCYCLE_COUNT","MUNICIPALITY","NONMOTR_COUNT","NONMOTR_DEATH_COUNT","NONMOTR_SUSP_SERIOUS_INJ_COUNT","NTFY_HIWY_MAINT","PED_COUNT","PED_DEATH_COUNT","PED_SUSP_SERIOUS_INJ_COUNT","PERSON_COUNT","POLICE_AGCY","POSSIBLE_INJ_COUNT","RDWY_SURF_TYPE_CD","RELATION_TO_ROAD","ROADWAY_CLEARED","ROAD_CONDITION","SCH_BUS_IND","SCH_ZONE_IND","SECONDARY_CRASH","SMALL_TRUCK_COUNT","SPEC_JURIS_CD","SUSP_MINOR_INJ_COUNT","SUSP_SERIOUS_INJ_COUNT","SUV_COUNT","TCD_FUNC_CD","TCD_TYPE","TFC_DETOUR_IND","TIME_OF_DAY","TOTAL_UNITS","TOT_INJ_COUNT","UNBELTED_OCC_COUNT","UNB_DEATH_COUNT","UNB_SUSP_SERIOUS_INJ_COUNT","UNK_INJ_DEG_COUNT","UNK_INJ_PER_COUNT","URBAN_RURAL","VAN_COUNT","VEHICLE_COUNT","VULNERABLE_ROAD_USER_COUNT","VULNERABLE_ROAD_USER_DEATH_COUNT","VULNERABLE_ROAD_USER_SER_INJ_COUNT","WEATHER1","WEATHER2","WORKERS_PRES","WORK_ZONE_IND","WORK_ZONE_LOC","WORK_ZONE_TYPE","WZ_CLOSE_DETOUR","WZ_FLAGGER","WZ_LAW_OFFCR_IND","WZ_LN_CLOSURE","WZ_MOVING","WZ_OTHER","WZ_SHLDER_MDN","WZ_WORKERS_INJ_KILLED"
"2020039640","1227","2","0","0","0","0","0","0","0","0","4","0","","67","5","2020","5","40.020398","-75.140103","1224","6","0","0","0","0","0","0","0","0","","0","0","0","12","1","2","","1","0","40 01:13.432","","0","75 08:24.370","3","0","0","0","67301","0","0","0","N","0","0","0","3","67301","0","","1.0","","1","N","N","N","0","","2","0","0","3","3","","1217","2","2","1","0","0","0","1","2","0","2","0","0","0","3","03","","N","","","","","","","","","",""
"2020073063","2335","0","0","0","0","0","0","0","0","0","8","0","","67","9","2020","7","39.989183","-75.158925","2328","6","0","0","0","0","0","0","0","0","","0","0","0","21","3","1","N","0","0","39 59:21.060","","0","75 09:32.130","8","0","0","0","67301","1","0","0","N","1","0","0","3","67301","0","","1.0","","1","N","N","N","0","","0","0","1","0","0","","2155","2","1","0","0","0","1","0","2","0","1","1","0","0","3","03","","N","","","","","","","","","",""
"2020079640","0558","0","0","0","0","0","0","0","0","0","4","0","","67","9","2020","7","40.080581","-74.990119","0551","6","0","0","0","0","0","0","0","0","","0","0","0","5","1","0","N","0","0","40 04:50.090","","0","74 59:24.430","0","0","0","0","67301","0","0","0","N","0","0","0","1","67301","0","","6.0","","1","N","N","N","1","","0","0","2","0","0","","545","3","0","0","0","0","0","0","2","0","3","0","0","0","3","","","N","","","","","","","","","",""
"2020001584","2045","1","0","0","0","0","0","0","0","0","5","0","","67","1","2020","1","40.059453","-75.025678","2042","6","0","0","0","0","0","0","0","0","","0","0","0","20","3","0","N","0","0","40 03:34.030","","0","75 01:32.440","0","0","0","0","67301","0","0","0","N","0","0","0","4","67301","0","","6.0","","1","N","N","N","1","","0","0","1","0","0","","2040","3","0","0","0","0","0","0","2","0","3","0","0","0","3","03","","N","","","","","","","","","",""
"2020007745","0220","2","0","0","0","0","0","0","0","0","4","0","","67","1","2020","7","40.007181","-75.147912","0215","6","0","0","0","0","0","1","0","0","","0","0","0","2","3","1","","2","0","40 00:25.851","","0","75 08:52.483","4","0","0","0","67301","0","0","0","N","0","0","0","2","67301","1","","1.0","","1","N","N","N","0","","0","0","0","0","0","","213","2","1","0","0","0","0","0","2","0","2","0","0","0","3","03","","N","","","","","","","","","",""
"2020004343","2146","1","0","0","0","0","0","0","0","0","5","0","","67","1","2020","4","40.033489","-75.063325","2135","6","0","0","0","0","0","1","0","0","","0","0","0","21","3","1","N","0","0","40 02:00.560","","0","75 03:47.970","4","0","0","0","67301","0","0","0","N","0","0","0","1","67301","1","","6.0","","1","N","N","N","1","","0","0","1","0","0","","2130","3","1","0","0","0","0","0","2","0","3","0","0","0","3","03","","N","","","","","","","","","",""
"2020023135","0354","0","0","0","0","0","0","0","0","0","7","0","","67","2","2020","7","40.11296","-75.023011","0354","6","0","1","0","0","0","0","0","0","","0","0","0","3","3","0","","1","0","40 06:46.657","","0","75 01:22.840","0","0","0","0","67301","0","0","0","N","0","0","0","1","67301","0","","5.0","","1","N","N","N","0","","0","0","1","3","2","","300","1","0","0","0","0","0","0","2","0","1","0","0","0","3","","","N","","","","","","","","","",""
"2020032620","0000","1","0","0","0","0","0","0","0","0","5","0","","67","4","2020","7","40.0445","-75.169478","0000","6","0","0","0","0","0","0","0","0","","0","0","0","0","6","0","N","0","0","40 02:40.200","","0","75 10:10.120","0","0","0","0","67301","0","0","0","N","0","0","0","1","67301","0","","6.0","","99","N","N","N","0","","0","0","0","0","0","","0","2","0","0","0","0","0","0","2","0","2","0","0","0","99","03","","N","","","","","","","","","",""
"2020030106","1225","1","0","0","0","0","0","0","0","0","4","0","","67","3","2020","2","39.916677","-75.159551","1212","6","0","0","0","0","0","0","0","0","","0","0","0","12","8","0","","1","0","39 55:00.037","","0","75 09:34.383","0","0","0","0","67301","0","0","0","N","0","0","0","2","67301","0","","1.0","","9","N","N","Y","1","","0","0","0","3","3","","1205","2","0","0","0","0","0","0","2","0","2","0","0","0","7","04","","N","","","","","","","","","",""
"2020031683","2359","1","0","0","0","0","0","0","0","0","1","0","","67","4","2020","3","40.06126","-75.139824","2342","6","0","0","0","0","0","0","0","0","","0","0","0","23","3","1","","1","0","40 03:40.535","","0","75 08:23.366","3","0","0","0","67301","0","0","0","N","0","0","0","4","67301","0","","1.0","","1","N","N","N","0","","1","0","3","3","2","","2300","4","1","0","0","0","0","0","2","0","4","0","0","0","3","","","N","","","","","","","","","",""
"2020039639","2121","0","0","0","0","0","0","0","0","0","8","0","","67","5","2020","7","40.011569","-75.0814","2115","6","0","0","0","0","0","0","0","0","","0","0","0","21","3","2","N","0","2","40 00:41.650","7","0","75 04:53.040","3","0","0","0","67301","2","0","0","N","2","0","0","3","67301","0","","1.0","2200.0","1","N","N","N","0","","2","0","1","0","0","Y","2114","3","2","0","0","0","0","0","2","0","1","2","0","0","3","","","N","","","","","","","","","",""
"2020068249","0100","3","0","0","0","0","0","0","0","0","4","1","","67","8","2020","1","39.950209","-75.237177","0100","6","0","0","0","0","0","0","0","0","","0","1","0","0","3","1","","1","2","39 57:00.752","6","0","75 14:13.837","3","0","0","0","67301","0","0","0","N","0","0","0","4","67301","0","","1.0","415.0","1","N","N","N","0","","1","0","1","3","2","Y","56","5","1","0","0","0","0","0","2","0","5","0","0","0","3","03","","N","","","","","","","","","",""
"2020002928","0830","0","0","0","0","0","0","0","0","0","7","0","99","67","1","2020","5","39.991653","-75.229","0827","6","0","0","0","0","0","0","0","0","","0","0","0","8","1","1","N","0","0","39 59:29.950","","0","75 13:44.400","3","0","0","0","67301","0","0","0","N","0","0","0","2","67301","0","","1.0","","1","N","N","N","0","","1","0","0","9","8","","807","1","1","0","0","0","0","1","2","1","1","0","0","0","3","","N","Y","4","2","","","N","Y","","","","N"
"2020052213","2211","1","0","0","0","0","0","0","0","0","5","1","45","67","6","2020","2","40.008984","-75.067961","2211","6","0","0","0","0","0","0","0","0","","0","1","0","22","3","1","N","0","0","40 00:32.343","","0","75 04:04.660","4","0","0","0","67301","0","0","0","N","0","0","0","2","68K01","1","","1.0","","1","N","N","N","0","","0","0","0","0","0","","2211","2","1","0","0","0","0","0","2","0","2","0","0","0","3","03","Y","Y","4","2","N","N","Y","Y","N","N","N","N"
"2020001153","1330","2","0","0","0","0","0","0","0","0","4","0","","67","1","2020","5","39.957337","-75.144132","1330","6","0","0","0","0","0","0","0","0","","0","0","0","13","1","2","","5","0","39 57:26.412","","2","75 08:38.875","3","0","0","0","67301","0","0","0","N","0","0","0","6","67301","0","","1.0","","1","N","N","N","1","","2","0","1","3","2","","1330","5","2","1","0","0","0","0","2","1","5","0","0","0","3","03","","N","","","","","","","","","",""
"2020002941","0730","2","0","0","0","0","0","0","0","0","4","0","","67","1","2020","3","39.977605","-75.235544","0728","6","0","0","0","0","0","1","0","0","","0","0","0","7","1","1","","1","2","39 58:39.377","1","0","75 14:07.958","3","0","0","0","67301","0","0","0","N","0","0","0","2","67301","0","","1.0","750.0","1","N","N","N","0","","1","0","0","0","0","Y","714","2","1","0","0","0","0","0","2","0","2","0","0","0","3","03","","N","","","","","","","","","",""
"2020046525","1738","2","0","0","0","0","0","0","0","0","2","0","25","67","6","2020","7","39.949448","-75.225066","1735","6","0","1","0","0","0","0","0","0","","0","0","0","17","1","0","","1","0","39 56:58.014","","0","75 13:30.236","0","0","0","0","67301","0","0","0","N","0","0","0","3","67301","0","","1.0","","1","N","N","N","0","","0","0","0","3","3","","1730","2","0","0","0","0","0","0","2","0","2","0","0","0","3","03","N","Y","8","1","N","N","N","Y","N","N","N","N"
"2020002462","0350","1","0","0","0","0","0","0","0","0","7","0","","67","1","2020","4","39.940142","-75.1852","0348","6","0","0","0","0","0","0","0","0","","0","0","0","3","3","1","N","0","0","39 56:24.510","","0","75 11:06.720","3","0","0","0","67301","0","0","0","N","0","0","0","1","67301","0","","4.0","","1","N","N","N","0","","1","0","0","0","0","","340","1","1","0","0","0","0","0","2","0","1","0","0","0","3","","","N","","","","","","","","","",""
"2020045424","2104","2","0","0","0","0","0","0","0","0","4","0","","67","6","2020","3","39.923588","-75.173223","2058","6","0","0","0","0","0","0","0","0","","0","0","0","20","3","1","","1","0","39 55:24.916","","0","75 10:23.602","4","0","0","0","67301","0","0","0","N","0","0","0","1","67301","1","","1.0","","1","N","N","N","0","","0","0","2","3","3","","2058","4","1","0","0","0","0","0","2","0","4","0","0","0","3","03","","N","","","","","","","","","",""
"2020001644","1025","1","0","0","0","0","0","0","0","0","4","0","","67","1","2020","1","39.921229","-75.145342","1022","6","0","0","0","0","0","0","0","0","","0","0","0","10","1","1","N","0","0","39 55:16.426","","7","75 08:43.231","3","0","0","0","67301","0","0","0","N","0","0","0","2","67301","0","","1.0","","1","N","N","N","0","","1","0","2","0","0","","1022","3","1","0","0","0","0","0","2","0","3","0","0","0","4","03","","N","","","","","","","","","",""
"2020034255","0036","1","0","0","0","0","0","0","0","0","7","0","","67","4","2020","4","40.035369","-75.017422","0025","6","0","0","0","0","0","0","0","0","","0","0","0","0","3","2","N","0","0","40 02:07.328","","0","75 01:02.719","3","0","0","0","67301","0","0","0","N","0","0","0","2","68K01","0","","4.0","","1","N","N","N","0","","2","0","0","0","0","","23","1","2","0","0","0","0","0","2","0","1","0","0","0","3","","","N","","","","","","","","","",""
"2020030512","0500","2","0","0","0","0","0","0","0","0","4","0","","67","3","2020","3","40.070397","-75.155281","0456","6","0","0","0","0","0","0","1","0","","0","0","0","4","3","2","","3","0","40 04:13.429","","0","75 09:19.010","3","0","0","0","67301","0","0","0","N","0","0","0","2","67301","1","","1.0","","9","N","N","N","0","","1","0","1","3","3","","450","3","2","0","0","0","0","0","2","0","3","0","0","0","7","","","N","","","","","","","","","",""
"2020032526","1000","1","0","0","0","0","0","0","0","0","4","0","","67","4","2020","3","40.030443","-75.116299","0945","6","0","0","0","0","0","0","0","0","","0","0","0","9","1","1","","1","0","40 01:49.594","","0","75 06:58.676","4","0","0","0","67301","0","0","0","N","0","0","0","2","67301","1","","1.0","","1","N","N","N","0","","0","0","1","0","0","","900","2","1","0","0","0","0","0","2","0","2","0","0","0","3","03","","N","","","","","","","","","",""
"2020031632","1644","2","0","0","0","0","0","0","0","0","4","0","","67","4","2020","2","40.043679","-75.149791","1644","6","1","0","0","0","0","1","0","0","","0","0","0","16","1","2","","1","0","40 02:37.244","","0","75 08:59.247","3","0","0","0","67301","0","0","0","N","0","0","0","2","67301","0","","1.0","","1","N","N","N","0","","2","0","0","3","2","","1643","2","2","0","0","0","0","0","2","0","2","0","0","0","3","03","","N","","","","","","","","","",""
"2020001745","1711","3","0","0","0","0","0","0","0","0","1","0","","67","1","2020","6","40.028888","-75.061891","1706","6","0","0","0","0","0","0","1","0","","0","0","0","17","3","0","Y","0","1","40 01:43.998","1","0","75 03:42.807","0","0","0","0","67301","0","0","0","N","0","0","0","3","67301","0","","1.0","1725.0","9","N","N","N","0","","0","0","0","0","0","N","1706","3","0","0","0","0","0","0","2","0","3","0","0","0","7","","","N","","","","","","","","","",""
"2020000646","0155","2","0","0","0","0","0","0","0","0","1","0","","67","1","2020","6","40.025178","-75.125421","0150","6","0","0","0","0","0","0","0","0","9","0","0","0","1","3","1","","1","0","40 01:30.639","","0","75 07:31.514","3","0","0","0","67301","0","0","0","N","0","0","0","4","67301","0","","1.0","","1","N","Y","N","0","","1","0","1","3","2","","138","3","1","0","0","0","0","0","2","0","3","0","0","0","3","","","N","","","","","","","","","",""
"2020080640","1100","1","0","0","0","0","0","0","0","0","4","1","","67","9","2020","3","40.027789","-75.060077","1059","6","0","0","0","0","0","0","0","0","","0","1","0","10","1","1","","1","2","40 01:40.042","5","0","75 03:36.277","3","0","0","0","67301","0","0","0","N","0","0","0","2","67301","0","","1.0","1150.0","9","N","N","N","0","","1","0","0","3","2","Y","1059","2","1","0","0","0","0","0","2","0","2","0","0","0","7","07","","N","","","","","","","","","",""
"2020032786","0352","2","0","0","0","0","0","0","0","0","7","0","","67","4","2020","2","39.980404","-75.205695","0345","6","0","0","0","0","0","0","0","0","","0","0","0","3","3","0","N","0","1","39 58:49.456","3","0","75 12:20.502","0","0","0","0","67301","0","0","0","N","0","0","0","2","68K01","0","","4.0","415.0","9","N","N","N","0","","0","0","0","0","0","N","342","2","0","0","0","0","0","0","2","0","2","0","0","0","7","","","N","","","","","","","","","",""
"2020036336","0810","1","0","0","0","0","0","0","0","0","7","0","","67","3","2020","3","40.047965","-75.168875","0802","6","0","0","0","0","0","0","0","0","","0","0","0","6","3","1","","2","0","40 02:52.673","","0","75 10:07.951","3","0","0","0","67301","0","0","0","N","0","0","0","1","67301","0","","4.0","","9","N","N","N","0","","1","0","0","0","0","","630","1","1","0","0","0","0","0","2","0","1","0","0","0","7","07","","N","","","","","","","","","",""
"2020066273","1837","1","0","0","0","0","0","0","0","0","2","0","","67","7","2020","5","40.032826","-75.020928","1824","6","0","0","0","1","0","0","0","0","","0","0","0","18","1","1","N","0","1","40 01:58.174","2","0","75 01:15.339","3","0","0","0","67301","0","0","0","N","0","0","0","2","68K01","0","","4.0","1916.0","1","N","N","N","0","","1","0","0","0","0","N","1823","1","1","0","0","0","0","0","2","0","1","0","0","0","3","","","N","","","","","","","","","",""
"2020071215","0920","0","0","0","0","0","0","0","0","0","4","1","","67","8","2020","2","39.9741","-75.144133","0915","6","0","0","0","0","0","0","0","0","","0","1","0","9","1","0","N","0","0","39 58:26.760","","0","75 08:38.880","0","0","0","0","67301","0","0","0","N","0","0","0","2","67301","0","","1.0","","1","N","N","N","0","","0","0","1","0","0","","909","2","0","1","0","0","0","0","2","0","2","0","0","0","3","03","","N","","","","","","","","","",""
"2020030676","1555","1","0","0","0","0","0","0","0","0","4","0","","67","4","2020","4","39.958132","-75.150458","1550","6","0","0","0","0","0","0","0","0","","0","0","0","15","1","0","","1","2","39 57:29.275","4","0","75 09:01.648","0","0","0","0","67301","0","0","0","N","0","0","0","2","67301","0","","1.0","430.0","1","N","N","N","0","","0","0","1","3","2","Y","1530","2","0","0","0","0","0","0","2","0","2","0","0","0","3","03","","N","","","","","","","","","",""
"2020037864","1659","0","0","0","0","0","0","0","0","0","8","0","","67","5","2020","1","40.073084","-75.03629","1657","6","0","0","0","0","0","0","0","0","","0","0","0","16","1","2","N","0","2","40 04:23.104","2","0","75 02:10.644","2","0","0","1","67301","1","0","1","N","1","0","1","2","67301","0","","1.0","300.0","1","N","N","N","0","","1","1","0","0","0","N","1656","2","2","0","0","0","0","0","2","0","1","1","0","1","3","03","","N","","","","","","","","","",""
"2020001250","1900","0","0","0","1","0","0","0","0","0","8","0","","67","1","2020","6","39.969244","-75.163363","1855","6","0","0","0","0","0","0","0","0","","0","0","0","18","3","1","N","0","1","39 58:09.280","3","0","75 09:48.106","3","0","0","0","67301","1","0","0","N","0","0","0","2","67301","0","","1.0","30.0","9","N","N","N","0","","1","0","0","0","0","N","1850","2","1","0","0","0","0","0","2","0","1","1","0","0","7","","","N","","","","","","","","","",""
"2020072091","0921","1","0","0","0","0","0","0","0","0","7","0","","67","9","2020","4","40.094882","-74.981416","0914","6","0","0","0","0","0","0","0","0","","0","0","0","9","1","1","N","0","2","40 05:41.574","3","0","74 58:53.099","3","0","0","0","67301","0","0","0","N","0","0","0","1","67301","0","","2.0","1044.0","1","N","N","N","0","","1","0","0","0","0","N","910","1","1","0","0","0","0","0","2","0","1","0","0","0","3","03","","N","","","","","","","","","",""
"2020030766","2352","3","0","0","0","0","0","0","0","0","4","0","","67","4","2020","4","39.956072","-75.237961","2348","6","0","0","0","0","0","0","0","0","","0","0","0","23","3","1","","1","1","39 57:21.859","1","0","75 14:16.659","3","0","0","0","67301","0","0","0","N","0","0","0","4","67301","0","","1.0","116.0","1","N","N","N","0","","1","0","1","3","2","N","2306","5","1","0","0","0","0","3","2","1","5","0","0","0","3","03","","N","","","","","","","","","",""
"2020031086","1345","2","0","0","0","0","0","0","0","0","5","0","","67","4","2020","4","39.916631","-75.244286","1342","6","0","0","0","0","1","0","0","0","","0","0","0","13","1","1","N","0","2","39 54:59.870","6","0","75 14:39.430","8","0","0","0","67301","0","0","0","N","0","0","0","1","67301","0","","6.0","1424.0","1","N","N","N","0","","0","0","0","3","3","Y","1341","2","1","0","0","0","1","0","2","0","2","0","0","0","3","03","","N","","","","","","","","","",""
"2020072320","1845","0","0","0","0","0","0","0","0","0","4","0","","67","9","2020","5","40.053407","-75.070005","1835","6","0","0","0","0","0","0","1","0","","0","0","0","18","4","1","N","0","9","40 03:12.266","","0","75 04:12.017","8","0","0","1","67301","0","0","0","N","0","0","0","2","67301","0","","1.0","","9","N","N","N","0","","0","0","1","0","0","U","1806","2","1","0","0","0","1","0","2","0","2","0","0","0","7","07","","N","","","","","","","","","",""
"2020031008","1113","2","0","0","0","0","0","0","0","0","5","0","","67","4","2020","5","39.990564","-75.104464","1112","6","0","0","0","0","0","0","0","0","","0","0","0","11","1","0","N","0","0","39 59:26.030","","0","75 06:16.070","9","0","0","0","67301","0","0","0","N","0","0","0","1","67301","0","","6.0","","1","N","N","N","0","","0","0","1","9","9","","1112","3","0","0","0","0","0","1","2","0","3","0","0","0","3","","","N","","","","","","","","","",""
"2020031059","1250","0","0","0","0","0","0","0","0","0","7","0","","67","4","2020","5","40.0659","-75.041519","1244","6","0","0","0","0","0","0","0","0","","0","0","0","12","1","0","N","0","0","40 03:57.240","","0","75 02:29.467","0","0","0","0","67301","0","0","0","N","0","0","0","1","67301","0","","2.0","","1","N","N","N","0","","0","0","1","3","2","","1240","1","0","0","0","0","0","0","2","0","1","0","0","0","3","","","N","","","","","","","","","",""
"2020039800","0759","1","0","0","0","0","0","0","0","0","1","0","","67","4","2020","2","39.937576","-75.198328","0750","6","0","0","0","0","0","0","0","0","","0","0","0","7","1","0","N","0","0","39 56:15.274","","2","75 11:53.980","0","0","0","0","67301","0","0","0","N","0","0","0","2","68K01","0","","1.0","","1","N","N","N","0","","0","0","1","0","0","","747","2","0","0","0","0","0","0","2","0","2","0","0","0","3","03","","N","","","","","","","","","",""
"2020030690","1642","2","0","0","0","0","0","0","0","0","5","0","","67","4","2020","4","39.94835","-75.222183","1640","6","0","0","0","0","0","0","0","0","","0","0","0","16","1","0","N","0","0","39 56:54.060","","0","75 13:19.860","0","0","0","0","67301","0","0","0","N","0","0","0","1","67301","0","","6.0","","1","N","N","N","0","","0","0","1","0","0","","1638","3","0","1","0","0","0","0","2","0","3","0","0","0","3","03","","N","","","","","","","","","",""
"2020070047","0910","0","0","0","0","0","0","0","0","0","8","0","","67","8","2020","5","39.940851","-75.212589","0909","6","0","0","0","0","0","0","0","0","","0","0","0","8","1","1","N","0","0","39 56:27.063","","0","75 12:45.321","8","0","0","0","67301","1","0","0","N","1","0","0","2","67301","0","","1.0","","1","N","N","N","0","","0","0","0","3","2","","800","2","1","0","0","0","1","1","2","0","1","1","0","0","3","03","","N","","","","","","","","","",""
"2020031952","1800","3","0","0","0","0","0","0","0","0","5","0","","67","4","2020","1","40.032278","-75.178369","1645","6","0","0","0","0","0","0","0","1","","0","0","0","16","1","0","N","0","0","40 01:56.200","","0","75 10:42.130","0","0","0","0","67301","0","0","0","N","0","0","0","2","67301","0","","6.0","","1","N","N","N","0","","0","0","0","0","0","","1645","3","0","0","0","0","0","0","2","0","3","0","0","0","3","03","","N","","","","","","","","","",""
"2020030689","1933","0","0","0","0","0","0","0","0","0","4","0","","67","4","2020","4","40.036518","-75.180392","1931","6","0","0","0","0","0","0","0","0","","0","0","0","19","3","0","","1","2","40 02:11.464","7","0","75 10:49.411","0","0","0","0","67301","0","0","0","N","0","0","0","2","67301","0","","1.0","2010.0","1","N","N","N","0","","0","0","1","3","2","Y","1927","2","0","2","0","0","0","0","2","1","2","0","0","0","3","03","","N","","","","","","","","","",""
"2020069949","1248","0","0","1","0","0","0","0","0","0","4","1","","67","8","2020","3","39.921553","-75.216614","1242","6","0","0","0","0","0","0","0","0","","0","1","0","12","1","1","N","0","0","39 55:17.590","","7","75 12:59.810","2","0","0","0","67301","0","0","0","N","0","0","0","2","67301","0","","1.0","","1","N","N","N","0","","0","1","1","0","0","","1241","2","1","0","0","0","0","0","2","0","2","0","0","0","3","03","","N","","","","","","","","","",""
"2020030902","1415","1","0","0","0","0","0","0","0","0","4","0","","67","4","2020","5","40.040323","-75.058538","1410","6","0","0","0","0","0","1","0","0","","0","0","0","14","1","0","","1","0","40 02:25.164","","0","75 03:30.737","0","0","0","0","67301","0","0","0","N","0","0","0","2","67301","0","","1.0","","1","N","N","N","0","","0","0","1","3","2","","1400","2","0","0","0","0","0","0","2","0","2","0","0","0","3","03","","N","","","","","","","","","",""
"2020003334","1700","1","0","0","0","0","0","0","0","0","4","0","","67","1","2020","6","40.029072","-75.178133","1650","6","0","0","0","0","0","0","0","0","","0","0","0","16","4","0","","1","0","40 01:44.659","","0","75 10:41.278","0","0","0","0","67301","0","0","0","N","0","0","0","2","67301","0","","1.0","","9","N","N","N","0","","0","0","0","3","3","","1638","2","0","0","0","0","0","0","2","1","2","0","0","0","7","04","","N","","","","","","","","","",""
"2020046783","2020","1","0","0","0","0","0","0","0","0","98","0","","67","6","2020","1","40.027416","-75.110568","2020","6","0","0","0","0","0","0","0","0","","0","0","0","20","3","1","N","0","0","40 01:38.698","","0","75 06:38.046","3","0","0","0","67301","0","0","0","N","0","0","0","1","67301","0","","5.0","","1","N","N","N","0","","1","0","0","0","0","","2020","1","1","0","0","0","0","0","2","0","1","0","0","0","3","","","N","","","","","","","","","",""
"2020031630","1720","1","0","0","0","0","0","0","0","0","7","0","","67","4","2020","1","39.982104","-75.223731","1708","6","0","0","0","0","0","0","0","0","","0","0","0","17","1","0","","2","0","39 58:55.574","","7","75 13:25.431","0","0","0","0","67301","0","0","0","N","0","0","0","1","67301","0","","5.0","","1","N","N","N","0","","0","0","0","3","2","","1706","1","0","0","0","0","0","0","2","0","1","0","0","0","3","04","","N","","","","","","","","","",""
"2020046152","2227","2","0","0","0","0","0","0","0","0","4","0","","67","6","2020","6","40.086041","-75.211941","2214","6","0","1","0","0","0","0","0","0","","0","0","0","21","3","0","","1","0","40 05:09.747","","0","75 12:42.989","0","0","0","0","67301","0","0","0","N","0","0","0","2","67301","0","","1.0","","1","N","N","N","0","","0","0","0","3","2","","2110","2","0","0","0","0","0","0","2","0","2","0","0","0","3","03","","N","","","","","","","","","",""
"2020002534","0525","0","0","0","0","0","0","0","0","0","8","0","","67","1","2020","6","40.072541","-75.033303","0520","6","0","0","0","0","0","0","0","0","","0","0","0","5","3","1","N","0","0","40 04:21.148","","7","75 01:59.892","3","0","0","0","67301","1","0","0","N","1","0","0","2","67301","0","","1.0","","9","N","N","N","0","","1","0","0","0","0","","500","2","1","0","0","0","0","0","2","0","1","1","0","0","7","07","","N","","","","","","","","","",""
"2020046675","1516","1","0","0","0","0","0","0","0","0","1","0","","67","5","2020","6","39.959399","-75.175037","1512","6","0","0","0","0","0","0","0","0","","0","1","0","15","1","0","N","0","1","39 57:33.838","3","0","75 10:30.132","0","0","0","0","67301","0","0","0","N","0","0","0","2","68K01","0","","1.0","1516.0","1","N","N","N","0","","0","0","0","0","0","N","1512","2","0","0","0","0","0","0","2","0","2","0","0","0","3","03","","N","","","","","","","","","",""
"2020041370","1806","1","0","0","0","0","0","0","0","0","1","0","","67","4","2020","6","39.96704","-75.188273","1801","6","0","0","0","0","0","1","0","0","","0","0","0","18","1","3","N","0","2","39 58:01.343","3","0","75 11:17.782","4","0","0","0","67301","0","0","0","N","0","0","0","4","68K01","3","","1.0","45.0","1","N","N","N","0","","0","0","0","0","0","N","1800","2","3","0","0","0","0","1","2","0","2","0","0","0","3","","","N","","","","","","","","","",""
"2020031708","1348","2","0","0","0","0","0","0","0","0","4","0","","67","4","2020","4","40.067197","-75.155232","1348","6","0","0","0","0","0","0","0","0","","0","0","0","13","1","0","","1","0","40 04:01.909","","0","75 09:18.835","0","0","0","0","67301","0","0","0","N","0","0","0","2","67301","0","","1.0","","1","N","N","N","0","","0","0","0","3","3","","1345","2","0","0","0","0","0","0","2","0","2","0","0","0","3","03","","N","","","","","","","","","",""
"2020039817","1749","0","0","0","0","0","0","0","0","0","7","0","","67","4","2020","6","39.960201","-75.180956","1749","6","0","0","0","0","0","1","0","0","","0","0","0","17","1","1","N","0","2","39 57:36.724","3","3","75 10:51.443","4","0","0","0","67301","0","0","0","N","0","0","0","1","68K01","1","","4.0","40.0","9","N","N","Y","1","","0","0","0","0","0","Y","1734","1","1","0","0","0","0","0","2","0","1","0","0","0","7","","","N","","","","","","","","","",""
"2020046673","0545","0","0","0","0","0","0","0","0","0","0","0","","67","5","2020","6","40.043503","-75.003074","0533","6","0","0","0","0","0","1","0","0","","0","0","0","5","1","1","N","0","2","40 02:36.611","2","0","75 00:11.067","8","0","0","0","67301","0","0","0","N","0","0","0","1","68K01","0","","1.0","600.0","9","N","N","N","1","","0","0","0","0","0","N","533","1","1","0","0","0","1","0","2","0","1","0","0","0","3","03","","N","","","","","","","","","",""