"CRN","ARRIVAL_TM","AUTOMOBILE_COUNT","BELTED_DEATH_COUNT","BELTED_SUSP_SERIOUS_INJ_COUNT","BICYCLE_COUNT","BICYCLE_DEATH_COUNT","BICYCLE_SUSP_SERIOUS_INJ_COUNT","BUS_COUNT","CHLDPAS_DEATH_COUNT","CHLDPAS_SUSP_SERIOUS_INJ_COUNT","COLLISION_TYPE","COMM_VEH_COUNT","CONS_ZONE_SPD_LIM","COUNTY","CRASH_MONTH","CRASH_YEAR","DAY_OF_WEEK","DEC_LATITUDE","DEC_LONGITUDE","DISPATCH_TM","DISTRICT","DRIVER_COUNT_16YR","DRIVER_COUNT_17YR","DRIVER_COUNT_18YR","DRIVER_COUNT_19YR","DRIVER_COUNT_20YR","DRIVER_COUNT_50_64YR","DRIVER_COUNT_65_74YR","DRIVER_COUNT_75PLUS","EST_HRS_CLOSED","FATAL_COUNT","HEAVY_TRUCK_COUNT","HORSE_BUGGY_COUNT","HOUR_OF_DAY","ILLUMINATION","INJURY_COUNT","INTERSECTION_RELATED","INTERSECT_TYPE","LANE_CLOSED","LATITUDE","LN_CLOSE_DIR","LOCATION_TYPE","LONGITUDE","MAX_SEVERITY_LEVEL","MCYCLE_DEATH_COUNT","MCYCLE_SUSP_SERIOUS_INJ_COUNT","MOTORCYCLE_COUNT","MUNICIPALITY","NONMOTR_COUNT","NONMOTR_DEATH_COUNT","NONMOTR_SUSP_SERIOUS_INJ_COUNT","NTFY_HIWY_MAINT","PED_COUNT","PED_DEATH_COUNT","PED_SUSP_SERIOUS_INJ_COUNT","PERSON_COUNT","POLICE_AGCY","POSSIBLE_INJ_COUNT","RDWY_SURF_TYPE_CD","RELATION_TO_ROAD","ROADWAY_CLEARED","ROAD_CONDITION","SCH_BUS_IND","SCH_ZONE_IND","SECONDARY_CRASH","SMALL_TRUCK_COUNT","SPEC_JURIS_CD","SUSP_MINOR_INJ_COUNT","SUSP_SERIOUS_INJ_COUNT","SUV_COUNT","TCD_FUNC_CD","TCD_TYPE","TFC_DETOUR_IND","TIME_OF_DAY","TOTAL_UNITS","TOT_INJ_COUNT","UNBELTED_OCC_COUNT","UNB_DEATH_COUNT","UNB_SUSP_SERIOUS_INJ_COUNT","UNK_INJ_DEG_COUNT","UNK_INJ_PER_COUNT","URBAN_RURAL","VAN_COUNT","VEHICLE_COUNT","VULNERABLE_ROAD_USER_COUNT","VULNERABLE_ROAD_USER_DEATH_COUNT","VULNERABLE_ROAD_USER_SER_INJ_COUNT","WEATHER1","WEATHER2","WORKERS_PRES","WORK_ZONE_IND","WORK_ZONE_LOC","WORK_ZONE_TYPE","WZ_CLOSE_DETOUR","WZ_FLAGGER","WZ_LAW_OFFCR_IND","WZ_LN_CLOSURE","WZ_MOVING","WZ_OTHER","WZ_SHLDER_MDN","WZ_WORKERS_INJ_KILLED"
"2020045798","1216","0","0","0","0","0","0","0","0","0","1","1","","67","6","2020","6","39.955857","-75.19146","1213","6","0","0","0","0","0","0","0","0","","0","0","0","12","1","1","","1","0","39 57:21.085","","0","75 11:29.255","8","0","0","0","67301","0","0","0","N","0","0","0","4","67507","0","","1.0","","1","","","N","1","","0","0","1","3","2","N","1213","2","1","0","0","0","1","0","2","0","2","0","0","0","3","","","N","","","","","","","","","",""
"2020018323","0929","2","0","0","0","0","0","0","0","0","5","0","","67","1","2020","7","39.950148","-75.141709","0924","6","0","0","0","0","0","0","0","0","","0","0","0","9","1","1","N","0","1","39 57:00.531","2","0","75 08:30.151","3","0","0","0","67301","0","0","0","N","0","0","0","1","68K01","0","","1.0","100.0","9","N","N","Y","0","","1","0","0","0","0","N","924","2","1","0","0","0","0","0","2","0","2","0","0","0","5","","","N","","","","","","","","","",""
"2020004342","1545","0","0","0","0","0","0","0","0","0","8","0","","67","1","2020","4","40.040306","-75.055058","1534","6","0","0","0","0","0","0","0","0","","0","0","0","15","1","1","","1","0","40 02:25.101","","0","75 03:18.208","3","0","0","0","67301","1","0","0","N","1","0","0","2","67301","0","","1.0","","1","N","N","N","0","","1","0","0","3","3","","1530","2","1","0","0","0","0","0","2","1","1","1","0","0","3","","","N","","","","","","","","","",""
"2020014558","0401","2","0","0","0","0","0","0","0","0","5","0","","67","2","2020","7","39.98239","-75.207641","0355","6","0","0","0","0","0","0","0","0","","0","0","0","3","3","2","N","0","2","39 58:56.604","4","0","75 12:27.506","3","0","0","0","67301","0","0","0","N","0","0","0","3","68K01","0","","1.0","430.0","1","N","N","Y","0","","2","0","1","0","0","N","355","3","2","0","0","0","0","0","2","0","3","0","0","0","5","","","N","","","","","","","","","",""
"2020013645","2135","1","0","0","0","0","0","0","0","0","4","0","","67","1","2020","6","40.004935","-75.178718","2130","6","0","0","0","0","0","1","0","0","","0","0","0","20","3","4","","5","1","40 00:17.766","6","0","75 10:43.386","3","0","0","0","67301","0","0","0","N","0","0","0","4","67301","0","","1.0","1120.0","9","N","N","N","0","","3","0","1","3","2","Y","2058","2","4","0","0","0","1","0","2","0","2","0","0","0","3","","","N","","","","","","","","","",""
"2020001157","2331","1","0","0","0","0","0","0","0","0","4","0","","67","1","2020","5","39.924042","-75.227707","2328","6","0","1","0","0","0","0","0","0","","0","0","0","23","3","1","","1","0","39 55:26.552","","0","75 13:39.745","3","0","0","0","67301","0","0","0","N","0","0","0","5","67301","0","","1.0","","1","N","N","N","0","","1","0","1","3","2","","2321","2","1","1","0","0","0","0","2","0","2","0","0","0","3","03","","N","","","","","","","","","",""
"2020048628","0455","1","0","0","0","0","0","0","0","0","7","0","","67","6","2020","5","39.981084","-75.20668","0455","6","0","0","0","0","0","0","0","0","","0","0","0","4","3","1","N","0","2","39 58:51.901","3","0","75 12:24.049","3","0","0","0","67301","0","0","0","N","0","0","0","2","68K01","0","","4.0","530.0","9","N","N","N","0","","1","0","0","0","0","N","455","1","1","0","0","0","0","0","2","0","1","0","0","0","7","","","N","","","","","","","","","",""
"2020002195","0154","1","0","0","0","0","0","0","0","0","7","0","","67","1","2020","7","39.887205","-75.204834","0132","6","0","0","0","0","0","1","0","0","","0","0","0","1","3","1","N","0","0","39 53:13.937","","0","75 12:17.402","4","0","0","0","67301","0","0","0","N","0","0","0","1","68K01","1","","4.0","","9","N","N","N","0","","0","0","0","0","0","","122","1","1","0","0","0","0","0","2","0","1","0","0","0","7","07","","N","","","","","","","","","",""
"2020002939","0640","2","0","0","0","0","0","0","0","0","4","0","","67","1","2020","5","39.98469","-75.236826","0637","6","0","0","1","0","0","0","0","0","","0","0","0","5","3","2","","2","0","39 59:04.885","","0","75 14:12.573","4","0","0","0","67301","0","0","0","N","0","0","0","3","67301","2","","1.0","","1","N","N","N","0","","0","0","0","3","2","","517","2","2","0","0","0","0","0","2","0","2","0","0","0","3","03","","N","","","","","","","","","",""
"2020051030","0105","0","0","0","0","0","0","0","0","0","8","0","","67","6","2020","3","40.022286","-75.148402","0057","6","0","0","0","0","0","0","0","0","","1","0","0","0","3","1","N","0","2","40 01:20.231","2","0","75 08:54.248","1","0","1","1","67301","1","1","0","N","1","1","0","2","67301","0","2","1.0","210.0","1","N","N","N","0","0","0","1","0","0","0","Y","57","2","1","0","0","0","0","0","2","0","1","1","1","0","3","","","N","","","","","","","","","",""
"2020001746","1929","1","0","0","0","0","0","0","0","0","4","0","","67","1","2020","6","40.016783","-75.049746","1922","6","0","0","0","0","0","0","0","0","","0","0","0","18","3","0","","3","0","40 01:00.420","","0","75 02:59.087","0","0","0","0","67301","0","0","0","N","0","0","0","2","67301","0","","1.0","","9","N","N","N","0","","0","0","1","9","2","","1835","2","0","0","0","0","0","0","2","0","2","0","0","0","7","07","","N","","","","","","","","","",""
"2020000293","1730","0","0","0","0","0","0","0","0","0","8","0","","67","1","2020","4","40.054174","-75.071346","1727","6","0","0","0","0","0","0","0","0","3","0","0","0","15","1","1","N","0","2","40 03:15.026","3","0","75 04:16.845","2","0","0","0","67301","1","0","1","N","1","0","1","2","67301","0","","1.0","9999.0","1","N","N","N","0","","0","1","1","3","2","Y","1525","2","1","0","0","0","0","0","2","0","1","1","0","1","3","","","N","","","","","","","","","",""
"2020001929","0815","1","0","0","0","0","0","0","0","0","8","0","","67","1","2020","2","39.952296","-75.175409","0810","6","0","0","0","0","0","0","0","0","","0","0","0","8","1","1","","1","0","39 57:08.267","","0","75 10:31.472","4","0","0","0","67301","1","0","0","N","1","0","0","2","67301","1","","1.0","","1","N","N","N","0","","0","0","0","3","2","","810","2","1","0","0","0","0","0","2","0","1","1","0","0","3","03","","N","","","","","","","","","",""
"2020001930","1725","0","0","0","1","0","0","0","0","0","8","0","","67","1","2020","2","39.987806","-75.131564","1700","6","0","0","0","0","0","1","0","0","","0","0","0","17","3","1","N","0","0","39 59:16.100","","0","75 07:53.630","8","0","0","0","67301","1","0","0","N","0","0","0","2","67301","0","","1.0","","1","N","N","N","0","","0","0","1","3","2","","1700","2","1","0","0","0","1","0","2","0","1","1","0","0","3","03","","N","","","","","","","","","",""
"2020001645","0854","1","0","0","0","0","0","0","0","0","4","1","","67","1","2020","2","40.024576","-75.130555","0854","6","0","0","0","0","0","0","0","0","","0","1","0","8","1","1","","1","0","40 01:28.473","","0","75 07:49.997","3","0","0","0","67301","0","0","0","N","0","0","0","2","67301","0","","1.0","","1","N","N","N","0","","1","0","0","3","2","","800","2","1","1","0","0","0","0","2","0","2","0","0","0","4","","","N","","","","","","","","","",""
"2020041922","1633","0","0","0","0","0","0","0","0","0","8","0","","67","5","2020","5","39.949883","-75.204681","1631","6","0","0","0","0","0","1","0","0","","0","0","0","16","1","1","","1","0","39 56:59.578","","0","75 12:16.853","3","0","0","0","67301","1","0","0","N","1","0","0","2","67504","0","","1.0","","1","N","N","N","0","","1","0","1","3","2","N","1630","2","1","0","0","0","0","0","2","0","1","1","0","0","3","","","N","","","","","","","","","",""
"2020053999","0100","2","0","0","0","0","0","0","0","0","6","0","","67","7","2020","5","39.955842","-75.242039","0100","6","0","0","0","0","0","0","0","0","","0","0","0","1","3","0","N","0","0","39 57:21.030","","0","75 14:31.340","9","0","0","0","67301","0","0","0","N","0","0","0","1","67301","0","","1.0","","1","N","N","N","0","","0","0","0","0","0","","100","2","0","0","0","0","0","1","2","0","2","0","0","0","3","","","N","","","","","","","","","",""
"2020031949","1805","1","0","0","0","0","0","0","0","0","5","0","","67","4","2020","5","40.040792","-75.098628","1804","6","0","0","0","0","0","1","1","0","","0","0","0","18","1","0","N","0","1","40 02:26.850","2","0","75 05:55.060","9","0","0","0","67301","0","0","0","N","0","0","0","3","67301","0","","1.0","1850.0","1","N","N","N","1","","0","0","3","0","0","N","1802","5","0","2","0","0","0","1","2","0","5","0","0","0","3","03","","N","","","","","","","","","",""
"2020032744","1420","3","0","0","0","0","0","0","0","0","4","0","","67","4","2020","7","40.003653","-75.150215","1413","6","0","0","0","0","0","0","0","0","","0","0","0","13","1","1","","1","0","40 00:13.150","","0","75 09:00.773","4","0","0","0","67301","0","0","0","N","0","0","0","2","67301","1","","1.0","","1","N","N","N","1","","0","0","0","3","3","","1355","4","1","0","0","0","0","1","2","0","4","0","0","0","3","03","","N","","","","","","","","","",""
"2020031887","2250","2","0","0","0","0","0","0","0","0","5","0","","67","4","2020","3","40.016367","-75.140992","2247","6","0","0","0","0","0","0","0","0","","0","0","0","22","3","0","N","0","0","40 00:58.920","","0","75 08:27.570","0","0","0","0","67301","0","0","0","N","0","0","0","1","67301","0","","6.0","","1","N","N","N","0","","0","0","1","0","0","","2240","3","0","0","0","0","0","0","2","0","3","0","0","0","3","","","N","","","","","","","","","",""
"2020017304","1058","1","0","0","0","0","0","0","0","0","5","0","","67","1","2020","7","40.005151","-75.195383","1052","6","0","1","0","0","0","0","0","0","","0","0","0","10","1","0","N","0","0","40 00:18.545","","0","75 11:43.380","0","0","0","0","67301","0","0","0","N","0","0","0","2","68K01","0","","1.0","","7","N","N","N","0","","0","0","1","0","0","","1050","2","0","0","0","0","0","0","2","0","2","0","0","0","10","04","","N","","","","","","","","","",""
"2020000066","0550","0","0","0","0","0","0","0","0","0","7","0","","67","1","2020","4","39.950459","-75.226856","0529","6","0","0","0","0","0","0","0","0","","0","0","0","2","3","0","","1","0","39 57:01.652","","0","75 13:36.680","9","0","0","0","67301","0","0","0","N","0","0","0","1","67301","0","","9.0","","1","N","N","N","0","","0","0","1","3","2","","234","1","0","0","0","0","0","1","2","0","1","0","0","0","3","","","N","","","","","","","","","",""
"2020000663","0655","1","0","0","0","0","0","0","0","0","1","0","","67","1","2020","4","40.006476","-75.11771","0650","6","0","0","0","0","0","0","0","0","","0","0","0","6","3","1","N","0","0","40 00:23.313","","0","75 07:03.756","2","0","0","0","67301","0","0","0","N","0","0","0","1","67301","0","","6.0","","1","N","N","N","1","","0","1","0","0","0","","633","2","1","0","0","0","0","0","2","0","2","0","0","0","3","","","N","","","","","","","","","",""
"2020037632","0654","1","0","0","0","0","0","0","0","0","5","0","","67","4","2020","5","39.971635","-75.193304","0642","6","0","0","0","0","0","1","0","0","","0","0","0","6","1","0","","7","1","39 58:17.885","4","2","75 11:35.895","0","0","0","0","67301","0","0","0","N","0","0","0","4","68K01","0","","1.0","735.0","1","N","N","N","1","","0","0","0","0","0","Y","641","2","0","0","0","0","0","0","2","0","2","0","0","0","3","","","N","","","","","","","","","",""
"2020033291","2106","1","0","0","0","0","0","0","0","0","5","0","","67","4","2020","5","39.972902","-75.171435","2055","6","0","0","0","0","0","0","0","0","","0","0","0","20","3","0","N","0","0","39 58:22.448","","0","75 10:17.166","0","0","0","0","67301","0","0","0","N","0","0","0","1","67301","0","","6.0","","1","N","N","N","0","","0","0","1","0","0","","2030","2","0","0","0","0","0","0","2","0","2","0","0","0","3","03","","N","","","","","","","","","",""
"2020031325","2054","2","0","0","0","0","0","0","0","0","4","0","","67","4","2020","1","39.921679","-75.148769","2052","6","0","0","0","0","0","0","0","0","","0","0","0","20","3","1","","2","2","39 55:18.043","6","0","75 08:55.567","3","0","0","0","67301","0","0","0","N","0","0","0","2","67301","0","","1.0","30.0","1","N","N","N","0","","1","0","0","3","3","Y","2047","2","1","1","0","0","0","0","2","0","2","0","0","0","3","","","N","","","","","","","","","",""
"2020033549","0030","2","0","0","0","0","0","0","0","0","1","0","","67","4","2020","7","40.00251","-75.22361","0025","6","0","0","0","1","0","0","0","0","","0","0","0","0","3","0","","2","1","40 00:09.037","6","0","75 13:24.996","0","0","0","0","67301","0","0","0","N","0","0","0","5","67301","0","","1.0","200.0","1","N","N","N","0","","0","0","0","3","2","N","18","2","0","0","0","0","0","0","2","0","2","0","0","0","3","03","","N","","","","","","","","","",""
"2020039004","2353","1","0","0","0","0","0","0","0","0","8","0","","67","5","2020","5","39.996817","-75.137244","2338","6","0","0","0","0","0","0","0","0","","0","0","0","19","1","1","N","0","0","39 59:48.540","","0","75 08:14.080","3","0","0","0","67301","1","0","0","N","1","0","0","2","67301","0","","1.0","","1","N","N","N","0","","1","0","0","0","0","","1915","2","1","0","0","0","0","0","2","0","1","1","0","0","3","03","","N","","","","","","","","","",""
"2020025891","1218","2","0","0","0","0","0","0","0","0","4","0","","67","3","2020","4","40.037084","-75.011336","1218","6","0","0","0","0","0","2","0","0","","0","0","0","11","1","2","","2","1","40 02:13.501","5","0","75 00:40.810","3","0","0","0","67301","0","0","0","N","0","0","0","2","67301","0","","1.0","30.0","1","N","N","N","0","","1","0","0","3","2","N","1153","2","2","0","0","0","1","0","2","0","2","0","0","0","3","03","","N","","","","","","","","","",""
"2020039239","1515","1","0","0","0","0","0","0","0","0","8","0","","67","5","2020","7","39.999598","-75.125066","1507","6","0","0","0","0","0","0","0","0","","0","0","0","14","1","1","","1","0","39 59:58.554","","0","75 07:30.237","3","0","0","0","67301","1","0","0","N","1","0","0","2","67301","0","","1.0","","1","N","Y","N","0","","1","0","0","3","2","","1458","2","1","0","0","0","0","0","2","0","1","1","0","0","3","98","","N","","","","","","","","","",""
"2020008520","0834","2","0","0","0","0","0","0","0","0","4","0","","67","1","2020","4","40.076539","-75.082429","0824","6","0","0","0","0","0","0","0","1","","0","0","0","8","1","1","","1","0","40 04:35.542","","0","75 04:56.744","8","0","0","0","67301","0","0","0","N","0","0","0","2","67301","0","","1.0","","1","N","N","N","0","","0","0","0","3","2","","820","2","1","0","0","0","1","0","2","0","2","0","0","0","3","03","","N","","","","","","","","","",""
"2020039327","1656","2","0","0","0","0","0","0","0","0","4","0","","67","5","2020","1","40.052708","-75.159298","1653","6","0","0","0","0","0","0","0","0","","0","0","0","16","1","0","","2","0","40 03:09.748","","0","75 09:33.472","0","0","0","0","67301","0","0","0","N","0","0","0","2","67301","0","","1.0","","1","N","N","N","0","","0","0","0","3","3","","1621","3","0","0","0","0","0","0","2","0","3","0","0","0","3","03","","N","","","","","","","","","",""
"2020021298","0115","2","0","0","0","0","0","0","0","0","4","0","","67","2","2020","3","39.946528","-75.161049","0110","6","0","0","0","0","1","0","0","0","","0","0","0","1","3","0","","1","0","39 56:47.500","","0","75 09:39.776","0","0","0","0","67301","0","0","0","N","0","0","0","1","67301","0","","1.0","","1","N","N","N","1","","0","0","0","9","9","","107","3","0","0","0","0","0","0","2","0","3","0","0","0","3","03","","N","","","","","","","","","",""
"2020030767","2147","0","0","0","0","0","0","0","0","0","8","0","","67","3","2020","2","39.984681","-75.156494","2144","6","0","0","0","0","0","1","0","0","","0","0","0","21","3","1","","1","0","39 59:04.850","","0","75 09:23.377","4","0","0","0","67301","1","0","0","N","1","0","0","2","67301","1","","1.0","","1","N","N","N","0","","0","0","1","3","2","","2142","2","1","0","0","0","0","0","2","0","1","1","0","0","3","","","N","","","","","","","","","",""
"2020071203","1041","0","0","0","1","0","0","0","0","0","8","0","","67","9","2020","3","40.088831","-75.034146","1039","6","0","0","0","0","0","1","0","0","","0","0","0","10","1","1","N","0","0","40 05:19.793","","0","75 02:02.924","3","0","0","0","67301","1","0","0","N","0","0","0","2","67301","0","","1.0","","1","N","N","N","1","","1","0","0","0","0","","1038","2","1","0","0","0","0","0","2","0","1","1","0","0","4","04","","N","","","","","","","","","",""
"2020079551","2059","1","0","0","0","0","0","0","0","0","8","0","","67","9","2020","7","40.040785","-75.07299","2056","6","0","0","0","0","0","0","0","0","","0","0","0","20","3","1","","1","0","40 02:26.826","","0","75 04:22.764","3","0","0","0","67301","1","0","0","N","1","0","0","2","67301","0","","1.0","","1","N","N","N","0","","1","0","0","3","3","","2055","2","1","0","0","0","0","0","2","0","1","1","0","0","3","","","N","","","","","","","","","",""
"2020025633","1127","2","0","0","0","0","0","0","0","0","4","0","","67","3","2020","4","40.034485","-75.048146","1124","6","0","0","0","0","0","0","0","1","","0","0","0","11","1","1","","1","1","40 02:04.146","3","0","75 02:53.325","3","0","0","0","67301","0","0","0","N","0","0","0","2","67301","0","","1.0","30.0","1","N","N","N","0","","1","0","0","9","3","N","1123","2","1","0","0","0","0","0","2","0","2","0","0","0","3","03","","N","","","","","","","","","",""
"2020080795","0711","1","0","0","0","0","0","0","0","0","7","0","","67","9","2020","7","39.981156","-75.206772","0711","6","0","0","0","0","0","0","0","0","","0","0","0","7","5","0","N","0","0","39 58:52.162","","0","75 12:24.380","0","0","0","0","67301","0","0","0","N","0","0","0","1","68K01","0","","2.0","","9","N","N","N","0","","0","0","0","0","0","","707","1","0","0","0","0","0","0","2","0","1","0","0","0","7","","","N","","","","","","","","","",""
"2020037890","0043","3","0","0","0","0","0","0","0","0","6","0","","67","5","2020","2","40.015628","-75.138797","0038","6","0","0","0","0","0","0","0","0","","0","0","0","0","3","0","N","0","2","40 00:56.260","1","0","75 08:19.670","9","0","0","0","67301","0","0","0","N","0","0","0","1","67301","0","","6.0","200.0","1","N","N","N","1","","0","0","0","0","0","N","15","4","0","0","0","0","0","1","2","0","4","0","0","0","3","03","","N","","","","","","","","","",""
"2020039960","2150","1","0","0","0","0","0","0","0","0","8","0","","67","5","2020","7","39.922678","-75.184998","2142","6","0","0","0","0","0","0","0","0","","0","0","0","21","3","1","N","0","0","39 55:21.642","","0","75 11:05.991","2","0","0","0","67301","1","0","1","N","1","0","1","2","67301","0","","1.0","","1","N","N","N","0","","0","1","0","0","0","","2141","2","1","0","0","0","0","0","2","0","1","1","0","1","3","03","","N","","","","","","","","","",""
"2020038978","1520","0","0","0","0","0","0","0","0","0","8","0","","67","5","2020","6","40.100087","-75.030013","1515","6","0","0","0","0","0","1","0","0","","0","0","0","15","1","1","N","0","0","40 06:00.313","","7","75 01:48.045","3","0","0","0","67301","1","0","0","N","1","0","0","2","67301","0","","1.0","","1","N","N","N","0","","1","0","1","0","0","","1510","2","1","0","0","0","0","0","2","0","1","1","0","0","3","","","N","","","","","","","","","",""
"2020037931","0237","2","0","0","0","0","0","0","0","0","4","0","","67","5","2020","2","40.020647","-75.156675","0235","6","0","0","0","0","0","0","0","0","","0","0","0","2","3","2","N","0","2","40 01:14.329","2","0","75 09:24.031","3","0","0","0","67301","0","0","0","N","0","0","0","3","67301","0","","1.0","400.0","1","N","N","N","0","","2","0","0","0","0","Y","229","2","2","0","0","0","0","0","2","0","2","0","0","0","3","03","","N","","","","","","","","","",""
"2020003368","1735","0","0","0","0","0","0","0","0","0","8","0","","67","1","2020","3","40.054091","-75.071199","1730","6","0","0","0","0","0","0","0","1","","0","0","0","17","3","1","N","0","0","40 03:14.726","","0","75 04:16.318","3","0","0","0","67301","1","0","0","N","1","0","0","2","67301","0","","1.0","","9","N","N","N","0","","1","0","1","3","2","","1728","2","1","0","0","0","0","0","2","0","1","1","0","0","6","06","","N","","","","","","","","","",""
"2020002998","1437","2","0","0","0","0","0","0","0","0","5","0","","67","1","2020","3","39.917605","-75.212605","1437","6","0","0","0","0","0","0","1","0","","0","0","0","14","1","0","N","0","1","39 55:03.377","6","0","75 12:45.377","0","0","0","0","67301","0","0","0","N","0","0","0","1","67301","0","","4.0","1630.0","1","N","N","N","0","","0","0","0","0","0","N","1437","2","0","0","0","0","0","0","2","0","2","0","0","0","3","03","","N","","","","","","","","","",""
"2020003001","0840","0","0","0","0","0","0","0","0","0","8","0","","67","1","2020","2","40.028369","-75.179992","0833","6","0","0","0","0","0","0","0","0","","0","0","0","8","1","1","N","0","0","40 01:42.130","","0","75 10:47.970","3","0","0","0","67301","1","0","0","N","1","0","0","2","67301","0","","1.0","","1","N","N","N","0","","1","0","0","0","0","","810","2","1","0","0","0","0","0","2","0","1","1","0","0","3","","","N","","","","","","","","","",""
"2020031686","1100","1","0","0","0","0","0","0","0","0","5","0","","67","4","2020","3","39.955333","-75.205944","1100","6","0","0","0","0","0","0","0","0","","0","0","0","15","1","0","N","0","0","39 57:19.200","","0","75 12:21.400","0","0","0","0","67301","0","0","0","N","0","0","0","1","67504","0","","6.0","","1","N","N","N","0","","0","0","0","0","0","","1500","2","0","0","0","0","0","0","2","0","2","0","0","0","3","03","","N","","","","","","","","","",""
"2020031119","0546","1","0","0","0","0","0","0","0","0","4","0","","67","4","2020","4","39.983348","-75.243128","0542","6","0","0","0","0","0","0","0","0","","0","0","0","5","3","2","","3","0","39 59:00.054","","0","75 14:35.261","3","0","0","0","67301","0","0","0","N","0","0","0","2","67301","0","","1.0","","1","N","N","N","1","","2","0","0","3","3","","540","2","2","0","0","0","0","0","2","0","2","0","0","0","3","03","","N","","","","","","","","","",""
"2020046678","1943","0","0","0","0","0","0","0","0","0","5","0","","67","5","2020","6","39.982689","-75.207802","1940","6","0","0","0","0","0","1","0","0","","0","0","0","19","4","1","N","0","1","39 58:57.682","4","0","75 12:28.087","3","0","0","1","67301","0","0","0","N","0","0","0","2","68K01","0","","1.0","2000.0","1","N","N","N","1","","1","0","0","0","0","N","1938","2","1","0","0","0","0","0","2","0","2","0","0","0","3","03","","N","","","","","","","","","",""
"2020034561","1558","1","0","0","0","0","0","0","0","0","7","0","","67","4","2020","4","40.013806","-75.056909","1546","6","0","0","0","0","0","0","0","0","","0","0","0","15","1","0","N","0","0","40 00:49.703","","0","75 03:24.874","0","0","0","0","67301","0","0","0","N","0","0","0","1","68K01","0","","3.0","","1","N","N","N","0","","0","0","0","0","0","","1545","1","0","0","0","0","0","0","2","0","1","0","0","0","3","","","N","","","","","","","","","",""
"2020030502","1750","3","0","0","0","0","0","0","0","0","4","0","","67","3","2020","3","39.975269","-75.183314","1738","6","0","0","0","1","0","0","0","0","","0","0","0","17","4","1","","1","0","39 58:30.969","","0","75 10:59.930","3","0","0","0","67301","0","0","0","N","0","0","0","5","67301","0","","1.0","","1","N","N","N","0","","1","0","1","3","3","","1732","4","1","0","0","0","0","0","2","0","4","0","0","0","3","","","N","","","","","","","","","",""
"2020072251","0945","0","0","0","0","0","0","0","0","0","8","0","","67","9","2020","5","39.938897","-75.146131","0942","6","0","0","0","0","0","0","0","0","","0","0","0","9","1","1","N","0","0","39 56:20.030","","0","75 08:46.070","8","0","0","0","67301","1","0","0","N","1","0","0","1","67301","0","","6.0","","1","N","N","N","0","","0","0","0","0","0","","935","2","1","0","0","0","1","0","2","0","1","1","0","0","3","","","N","","","","","","","","","",""
"2020034256","0452","0","0","0","0","0","0","0","0","0","7","0","","67","4","2020","4","39.920848","-75.148151","0436","6","0","0","0","0","0","0","0","0","","0","0","0","4","3","0","N","0","0","39 55:15.054","","0","75 08:53.343","0","0","0","0","67301","0","0","0","N","0","0","0","1","68K01","0","","4.0","","9","N","N","N","0","","0","0","1","0","0","","434","1","0","0","0","0","0","0","2","0","1","0","0","0","7","","","N","","","","","","","","","",""
"2020033283","1206","1","0","0","0","0","0","0","0","0","1","0","","67","4","2020","7","39.924062","-75.245505","1202","6","0","0","0","0","0","1","0","0","","0","0","0","11","1","0","","5","1","39 55:26.624","3","0","75 14:43.817","0","0","0","0","67301","0","0","0","N","0","0","0","2","67301","0","","1.0","1330.0","1","N","N","N","0","","0","0","1","3","2","N","1126","2","0","0","0","0","0","0","2","0","2","0","0","0","3","04","","N","","","","","","","","","",""
"2020070329","0746","1","0","0","0","0","0","0","0","0","8","0","","67","8","2020","5","39.953994","-75.234313","0746","6","0","0","0","0","0","0","0","0","","0","0","0","21","2","1","","1","0","39 57:14.378","","6","75 14:03.526","8","0","0","0","67301","1","0","0","N","1","0","0","2","67301","0","","1.0","","1","N","N","N","0","","0","0","0","3","3","","2120","2","1","0","0","0","1","1","2","0","1","1","0","0","3","03","","N","","","","","","","","","",""
"2020070470","1837","0","0","0","0","0","0","0","0","0","2","0","","67","8","2020","7","40.038192","-75.049593","1834","6","0","0","0","0","0","1","0","0","","0","0","0","18","4","0","","2","0","40 02:17.491","","0","75 02:58.534","0","0","0","0","67301","0","0","0","N","0","0","0","3","67301","0","","1.0","","1","N","N","N","0","","0","0","1","3","3","","1833","2","0","0","0","0","0","0","2","0","2","0","0","0","3","03","","N","","","","","","","","","",""
"2020030543","2001","1","0","0","0","0","0","0","0","0","5","0","","67","3","2020","3","39.986822","-75.147776","1954","6","0","0","0","0","0","0","0","0","","0","0","0","19","3","1","N","0","2","39 59:12.558","3","0","75 08:51.992","3","0","0","0","67301","0","0","0","N","0","0","0","2","67301","0","","1.0","30.0","1","N","N","N","1","","1","0","0","0","0","Y","1950","2","1","1","0","0","0","0","2","0","2","0","0","0","3","","","N","","","","","","","","","",""
"2020030325","1042","0","0","0","0","0","0","0","0","0","1","0","","67","3","2020","2","40.027061","-75.041079","1034","6","0","0","0","0","0","1","0","0","","0","0","0","10","1","1","","1","0","40 01:37.419","","0","75 02:27.883","3","0","0","0","67301","0","0","0","N","0","0","0","3","67301","0","","1.0","","1","N","N","N","0","","1","0","1","3","2","","1024","2","1","0","0","0","0","0","2","1","2","0","0","0","4","","","N","","","","","","","","","",""