"CRN","ARRIVAL_TM","AUTOMOBILE_COUNT","BELTED_DEATH_COUNT","BELTED_SUSP_SERIOUS_INJ_COUNT","BICYCLE_COUNT","BICYCLE_DEATH_COUNT","BICYCLE_SUSP_SERIOUS_INJ_COUNT","BUS_COUNT","CHLDPAS_DEATH_COUNT","CHLDPAS_SUSP_SERIOUS_INJ_COUNT","COLLISION_TYPE","COMM_VEH_COUNT","CONS_ZONE_SPD_LIM","COUNTY","CRASH_MONTH","CRASH_YEAR","DAY_OF_WEEK","DEC_LATITUDE","DEC_LONGITUDE","DISPATCH_TM","DISTRICT","DRIVER_COUNT_16YR","DRIVER_COUNT_17YR","DRIVER_COUNT_18YR","DRIVER_COUNT_19YR","DRIVER_COUNT_20YR","DRIVER_COUNT_50_64YR","DRIVER_COUNT_65_74YR","DRIVER_COUNT_75PLUS","EST_HRS_CLOSED","FATAL_COUNT","HEAVY_TRUCK_COUNT","HORSE_BUGGY_COUNT","HOUR_OF_DAY","ILLUMINATION","INJURY_COUNT","INTERSECTION_RELATED","INTERSECT_TYPE","LANE_CLOSED","LATITUDE","LN_CLOSE_DIR","LOCATION_TYPE","LONGITUDE","MAX_SEVERITY_LEVEL","MCYCLE_DEATH_COUNT","MCYCLE_SUSP_SERIOUS_INJ_COUNT","MOTORCYCLE_COUNT","MUNICIPALITY","NONMOTR_COUNT","NONMOTR_DEATH_COUNT","NONMOTR_SUSP_SERIOUS_INJ_COUNT","NTFY_HIWY_MAINT","PED_COUNT","PED_DEATH_COUNT","PED_SUSP_SERIOUS_INJ_COUNT","PERSON_COUNT","POLICE_AGCY","POSSIBLE_INJ_COUNT","RDWY_SURF_TYPE_CD","RELATION_TO_ROAD","ROADWAY_CLEARED","ROAD_CONDITION","SCH_BUS_IND","SCH_ZONE_IND","SECONDARY_CRASH","SMALL_TRUCK_COUNT","SPEC_JURIS_CD","SUSP_MINOR_INJ_COUNT","SUSP_SERIOUS_INJ_COUNT","SUV_COUNT","TCD_FUNC_CD","TCD_TYPE","TFC_DETOUR_IND","TIME_OF_DAY","TOTAL_UNITS","TOT_INJ_COUNT","UNBELTED_OCC_COUNT","UNB_DEATH_COUNT","UNB_SUSP_SERIOUS_INJ_COUNT","UNK_INJ_DEG_COUNT","UNK_INJ_PER_COUNT","URBAN_RURAL","VAN_COUNT","VEHICLE_COUNT","VULNERABLE_ROAD_USER_COUNT","VULNERABLE_ROAD_USER_DEATH_COUNT","VULNERABLE_ROAD_USER_SER_INJ_COUNT","WEATHER1","WEATHER2","WORKERS_PRES","WORK_ZONE_IND","WORK_ZONE_LOC","WORK_ZONE_TYPE","WZ_CLOSE_DETOUR","WZ_FLAGGER","WZ_LAW_OFFCR_IND","WZ_LN_CLOSURE","WZ_MOVING","WZ_OTHER","WZ_SHLDER_MDN","WZ_WORKERS_INJ_KILLED"
"2020031233","0214","3","0","0","0","0","0","0","0","0","5","0","","67","4","2020","6","39.985608","-75.136113","0210","6","0","0","0","0","0","0","0","0","","0","0","0","2","3","1","N","0","0","39 59:08.189","","0","75 08:10.008","8","0","0","0","67301","0","0","0","N","0","0","0","1","67301","0","","6.0","","1","N","N","N","0","","0","0","1","9","2","","205","4","1","0","0","0","1","0","2","0","4","0","0","0","3","03","","N","","","","","","","","","",""
"2020032289","1949","1","0","0","0","0","0","0","0","0","1","0","","67","4","2020","4","39.994403","-75.121933","1900","6","0","0","0","0","0","0","0","0","","0","0","0","18","1","0","","1","0","39 59:39.850","","0","75 07:18.958","0","0","0","0","67301","0","0","0","N","0","0","0","1","67301","0","","1.0","","1","N","N","N","0","","0","0","1","3","3","","1857","3","0","0","0","0","0","0","2","1","3","0","0","0","3","03","","N","","","","","","","","","",""
"2020071472","0032","1","0","0","0","0","0","0","0","0","1","0","","67","8","2020","3","40.011468","-75.060783","0015","6","0","0","0","0","0","1","0","0","","0","0","0","23","3","0","N","0","0","40 00:41.285","","0","75 03:38.819","0","0","0","0","67301","0","0","0","N","0","0","0","2","68K01","0","","1.0","","1","N","N","N","0","","0","0","1","0","0","","2333","2","0","0","0","0","0","0","2","0","2","0","0","0","3","03","","N","","","","","","","","","",""
"2020051997","1015","1","0","0","0","0","0","0","0","0","4","0","","67","7","2020","4","39.991528","-75.100461","1015","6","0","0","0","0","0","0","0","0","","0","0","0","19","1","0","N","0","9","39 59:29.499","","0","75 06:01.661","0","0","0","0","67301","0","0","0","N","0","0","0","1","67301","0","","1.0","","1","N","N","N","0","","0","0","0","3","2","U","1950","2","0","0","0","0","0","0","2","0","1","0","0","0","3","03","","N","","","","","","","","","",""
"2020034448","1342","1","0","0","0","0","0","0","0","0","1","0","","67","4","2020","5","40.03957","-75.006857","1333","6","0","0","0","0","0","1","2","0","","0","0","0","13","1","2","N","0","2","40 02:22.453","1","0","75 00:24.686","3","0","0","0","67301","0","0","0","N","0","0","0","6","68K01","0","","1.0","1429.0","1","N","N","N","0","","2","0","3","0","0","N","1331","4","2","0","0","0","0","0","2","0","4","0","0","0","3","03","","N","","","","","","","","","",""
"2020032076","1425","0","0","0","0","0","0","0","0","0","8","0","","67","4","2020","4","39.966552","-75.145898","1425","6","0","0","0","0","0","0","0","0","","0","0","0","14","1","1","","1","0","39 57:59.587","","0","75 08:45.232","8","0","0","0","67301","1","0","0","N","1","0","0","2","67301","0","","1.0","","1","N","N","Y","0","","0","0","1","9","3","","1420","2","1","0","0","0","1","0","2","0","1","1","0","0","3","03","","N","","","","","","","","","",""
"2020034454","1937","2","0","1","0","0","0","0","0","0","5","0","","67","4","2020","6","39.89585","-75.192558","1926","6","0","0","0","0","0","0","0","0","","0","0","0","19","1","3","N","0","2","39 53:45.061","2","3","75 11:33.208","2","0","0","0","67301","0","0","0","N","0","0","0","4","68K01","0","","1.0","2010.0","1","N","N","N","1","","2","1","0","0","0","N","1924","3","3","0","0","0","0","0","2","0","3","0","0","0","3","03","","N","","","","","","","","","",""
"2020063197","1824","1","0","0","0","0","0","0","0","0","1","1","","67","7","2020","2","39.958984","-75.170698","1817","6","0","0","0","0","0","0","0","0","","0","1","0","18","1","1","N","0","1","39 57:32.344","4","0","75 10:14.513","3","0","0","0","67301","0","0","0","N","0","0","0","4","68K01","0","","1.0","1855.0","1","N","N","N","1","","1","0","0","0","0","Y","1815","3","1","0","0","0","0","0","2","0","3","0","0","0","3","","","N","","","","","","","","","",""
"2020060570","1623","1","0","0","0","0","0","0","0","0","5","1","","67","7","2020","3","39.98785","-75.131911","1622","6","0","0","0","0","0","1","0","0","","0","1","0","16","1","0","N","0","0","39 59:16.260","","0","75 07:54.880","0","0","0","0","67301","0","0","0","N","0","0","0","4","67301","0","","1.0","","1","N","N","N","1","","0","0","2","9","9","","1612","6","0","0","0","0","0","0","2","1","6","0","0","0","3","","","N","","","","","","","","","",""
"2020038449","2249","1","0","0","0","0","0","0","0","0","1","0","","67","5","2020","3","39.991147","-75.104461","2224","6","0","0","0","0","0","0","0","0","","0","0","0","21","2","0","N","0","0","39 59:28.130","","0","75 06:16.060","0","0","0","0","67301","0","0","0","N","0","0","0","2","67301","0","","6.0","","1","N","N","N","0","","0","0","1","9","9","","2110","2","0","1","0","0","0","0","2","0","2","0","0","0","3","03","","N","","","","","","","","","",""
"2020019178","1200","1","0","0","0","0","0","0","0","0","0","0","","67","1","2020","4","39.943555","-75.192274","1146","6","0","0","0","0","0","1","1","0","","0","0","0","11","1","1","N","0","0","39 56:36.798","","8","75 11:32.185","3","0","0","0","67301","0","0","0","N","0","0","0","3","68K01","0","","1.0","","1","N","N","N","0","","1","0","1","0","0","","1145","2","1","0","0","0","0","0","2","0","2","0","0","0","3","03","","N","","","","","","","","","",""
"2020034184","0631","0","0","0","0","0","0","0","0","0","7","0","","67","4","2020","7","40.006219","-75.074597","0613","6","0","0","0","0","0","0","0","0","","0","0","0","6","3","1","N","0","1","40 00:22.389","2","0","75 04:28.549","8","0","0","0","67301","0","0","0","N","0","0","0","1","68K01","0","","3.0","700.0","1","N","N","N","0","","0","0","1","0","0","N","608","1","1","0","0","0","1","0","2","0","1","0","0","0","3","03","","N","","","","","","","","","",""
"2020071497","0253","1","0","0","0","0","0","0","0","0","1","0","","67","8","2020","1","39.940213","-75.195846","0253","6","0","0","0","0","0","0","0","0","","0","0","0","2","3","3","N","0","1","39 56:24.767","3","0","75 11:45.044","8","0","0","0","67301","0","0","0","N","0","0","0","3","68K01","0","","1.0","325.0","1","N","N","N","0","","0","0","0","0","0","N","251","2","3","0","0","0","3","0","2","1","2","0","0","0","3","03","","N","","","","","","","","","",""
"2020070922","2106","0","0","0","0","0","0","0","0","0","8","0","","67","8","2020","3","39.905714","-75.175983","2105","6","0","0","0","0","0","0","0","0","","0","0","0","21","3","1","N","0","0","39 54:20.570","","0","75 10:33.540","4","0","0","0","67301","1","0","0","N","1","0","0","1","67301","1","","1.0","","1","N","N","N","0","","0","0","0","9","9","","2103","2","1","0","0","0","0","0","2","0","1","1","0","0","3","","","N","","","","","","","","","",""
"2020031956","2239","1","0","0","0","0","0","0","0","0","5","0","","67","3","2020","3","39.965924","-75.220295","2238","6","0","0","0","0","0","0","0","0","","0","0","0","22","3","0","","1","0","39 57:57.326","","0","75 13:13.061","0","0","0","0","67301","0","0","0","N","0","0","0","2","67301","0","","1.0","","1","N","N","N","0","","0","0","1","3","2","","2238","2","0","0","0","0","0","0","2","0","2","0","0","0","3","","","N","","","","","","","","","",""
"2020045910","1723","1","0","0","0","0","0","0","0","0","1","0","","67","5","2020","7","40.032981","-75.020816","1711","6","0","0","0","0","0","0","0","0","","0","0","0","17","1","4","N","0","1","40 01:58.732","2","0","75 01:14.938","4","0","0","0","67301","0","0","0","N","0","0","0","5","68K01","3","","1.0","1756.0","1","N","N","Y","0","","0","0","0","0","0","N","1708","2","4","0","0","0","1","1","2","1","2","0","0","0","3","03","","N","","","","","","","","","",""
"2020033029","1730","2","0","0","0","0","0","0","0","0","1","0","","67","4","2020","1","40.040499","-75.058879","1725","6","0","0","0","0","0","2","0","0","","0","0","0","17","1","2","","1","2","40 02:25.798","2","0","75 03:31.964","3","0","0","0","67301","0","0","0","N","0","0","0","4","67301","0","","1.0","1845.0","1","N","N","N","0","","2","0","2","3","2","N","1720","4","2","0","0","0","0","0","2","0","4","0","0","0","3","03","","N","","","","","","","","","",""
"2020071355","0016","0","0","0","0","0","0","0","0","0","7","0","","67","8","2020","3","40.052316","-75.007986","0013","6","0","0","0","0","0","0","0","0","","0","0","0","0","3","1","","2","0","40 03:08.339","","0","75 00:28.750","4","0","0","0","67301","0","0","0","N","0","0","0","1","67301","1","","5.0","","1","N","N","N","0","","0","0","1","3","2","","10","1","1","0","0","0","0","0","2","0","1","0","0","0","3","03","","N","","","","","","","","","",""
"2020031076","1026","1","0","0","0","0","0","0","0","0","7","0","","67","3","2020","3","39.952024","-75.141466","1019","6","0","0","0","0","0","0","0","0","","0","0","0","10","1","0","N","0","0","39 57:07.287","","0","75 08:29.276","0","0","0","0","67301","0","0","0","N","0","0","0","1","68K01","0","","3.0","","9","N","N","N","0","","0","0","0","0","0","","1015","1","0","0","0","0","0","0","2","0","1","0","0","0","7","03","","N","","","","","","","","","",""
"2020038708","0035","3","0","0","0","0","0","0","0","0","1","0","","67","4","2020","7","40.002644","-75.195027","0030","6","0","0","0","0","1","0","0","0","","0","0","0","23","3","1","N","0","1","40 00:09.519","3","0","75 11:42.097","8","0","0","0","67301","0","0","0","N","0","0","0","4","68K01","0","","1.0","40.0","1","N","N","N","0","","0","0","1","0","0","N","2329","4","1","1","0","0","1","0","2","0","4","0","0","0","3","","","N","","","","","","","","","",""
"2020031327","1430","1","0","0","0","0","0","0","0","0","4","0","","67","4","2020","1","39.987821","-75.180584","1420","6","0","0","0","0","0","0","0","0","","0","0","0","14","1","6","","1","0","39 59:16.154","","0","75 10:50.102","3","0","0","0","67301","1","0","0","N","1","0","0","6","67301","0","","1.0","","1","N","N","N","0","","6","0","1","3","2","","1415","3","6","2","0","0","0","0","2","0","2","1","0","0","3","03","","N","","","","","","","","","",""
"2020052341","0436","1","0","0","0","0","0","0","0","0","5","2","","67","7","2020","5","40.041181","-75.139481","0434","6","0","0","0","0","0","0","0","0","","0","2","0","4","3","1","N","0","0","40 02:28.250","","0","75 08:22.130","3","0","0","0","67301","0","0","0","N","0","0","0","1","67301","0","","6.0","","1","N","N","N","0","","1","0","0","0","0","","432","3","1","0","0","0","0","0","2","0","3","0","0","0","3","03","","N","","","","","","","","","",""
"2020026215","1230","1","0","0","0","0","0","0","0","0","4","0","","67","3","2020","6","39.949444","-75.158802","1220","6","0","0","0","0","0","1","0","0","","0","0","0","12","8","0","","1","0","39 56:57.997","","0","75 09:31.688","0","0","0","0","67301","0","0","0","N","0","0","0","2","67301","0","","1.0","","1","N","N","N","0","","0","0","1","3","2","","1215","2","0","0","0","0","0","0","2","0","2","0","0","0","3","03","","N","","","","","","","","","",""
"2020043538","0039","1","0","0","0","0","0","0","0","0","5","0","","67","5","2020","7","39.948584","-75.185944","0039","6","0","0","0","0","0","0","0","0","","0","0","0","0","3","0","N","7","1","39 56:54.903","3","2","75 11:09.398","9","0","0","0","67301","0","0","0","Y","0","0","0","3","68K01","0","","1.0","145.0","9","N","N","N","0","","0","0","0","0","0","N","38","2","0","0","0","0","0","1","2","0","2","0","0","0","7","","","N","","","","","","","","","",""
"2020043595","2158","1","0","0","0","0","0","0","0","0","8","0","","67","5","2020","7","39.951272","-75.233442","2155","6","0","0","0","0","0","0","0","0","","0","0","0","21","3","1","N","0","0","39 57:04.580","","0","75 14:00.390","3","0","0","0","67301","1","0","0","N","1","0","0","2","67301","0","","1.0","","1","N","N","N","0","","1","0","0","0","0","","2154","2","1","0","0","0","0","0","2","0","1","1","0","0","3","03","","N","","","","","","","","","",""
"2020038621","1730","2","0","0","0","0","0","0","0","0","4","0","","67","5","2020","4","39.99085","-75.155141","1730","6","0","0","0","0","0","0","0","0","","0","0","0","17","1","5","","1","0","39 59:27.061","","0","75 09:18.508","3","0","0","0","67301","0","0","0","N","0","0","0","6","67301","0","","1.0","","1","N","N","N","0","","5","0","0","3","2","","1700","2","5","0","0","0","0","0","2","0","2","0","0","0","3","03","","N","","","","","","","","","",""
"2020041972","1955","1","0","0","0","0","0","0","0","0","7","0","","67","5","2020","6","40.028438","-75.023158","1941","6","0","0","0","0","0","0","0","0","","0","0","0","19","1","1","N","0","1","40 01:42.376","1","3","75 01:23.367","8","0","0","0","67301","0","0","0","N","0","0","0","1","68K01","0","","4.0","30.0","1","N","N","N","0","","0","0","0","0","0","N","1940","1","1","1","0","0","1","0","2","0","1","0","0","0","3","","","N","","","","","","","","","",""
"2020080832","1150","1","0","0","0","0","0","0","0","0","7","0","","67","3","2020","2","39.890827","-75.199782","1142","6","0","0","0","0","0","0","0","0","","0","0","0","11","1","0","N","0","1","39 53:26.977","2","3","75 11:59.214","0","0","0","0","67301","0","0","0","N","0","0","0","1","68K01","0","","4.0","1220.0","9","N","N","N","0","","0","0","0","0","0","Y","1112","1","0","0","0","0","0","0","2","0","1","0","0","0","7","","","N","","","","","","","","","",""
"2020070604","0035","1","0","0","0","0","0","0","0","0","4","0","","67","8","2020","1","39.997819","-75.10181","0032","6","0","0","0","0","0","0","0","0","","0","0","0","0","3","0","","2","0","39 59:52.148","","0","75 06:06.517","0","0","0","0","67301","0","0","0","N","0","0","0","3","67301","0","","1.0","","1","N","N","N","0","","0","0","1","3","3","","28","2","0","1","0","0","0","0","2","0","2","0","0","0","3","03","","N","","","","","","","","","",""
"2020030680","2024","2","0","0","0","0","0","0","0","0","5","0","","67","3","2020","3","39.93983","-75.235986","2020","6","0","0","0","0","0","0","0","0","","0","0","0","20","3","0","N","0","0","39 56:23.388","","0","75 14:09.549","9","0","0","0","67301","0","0","0","N","0","0","0","2","67301","0","","6.0","","1","N","N","N","0","","0","0","0","9","2","","2000","2","0","0","0","0","0","1","2","0","2","0","0","0","3","03","","N","","","","","","","","","",""
"2020070937","0724","0","0","0","0","0","0","0","0","0","4","0","","67","8","2020","1","39.994631","-75.115694","0724","6","0","0","0","0","0","0","0","0","","0","0","0","6","1","0","N","0","2","39 59:40.670","2","0","75 06:56.500","9","0","0","0","67301","0","0","0","N","0","0","0","1","67301","0","","1.0","815.0","1","N","N","N","1","","0","0","1","0","0","Y","643","2","0","0","0","0","0","1","2","0","2","0","0","0","3","03","","N","","","","","","","","","",""
"2020031006","1904","2","0","0","0","0","0","0","0","0","4","0","","67","4","2020","5","40.072959","-75.047574","1859","6","0","0","0","0","0","0","0","0","","0","0","0","18","1","1","","2","1","40 04:22.653","2","0","75 02:51.266","8","0","0","0","67301","0","0","0","N","0","0","0","2","67301","0","","1.0","1959.0","1","N","N","N","0","","0","0","0","0","0","N","1859","2","1","0","0","0","1","0","2","0","2","0","0","0","3","03","","N","","","","","","","","","",""
"2020011528","1301","0","0","0","0","0","0","0","0","0","8","0","","67","1","2020","3","39.952785","-75.16685","1300","6","0","0","0","0","0","0","0","0","","0","0","0","12","1","1","","1","0","39 57:10.026","","0","75 10:00.660","4","0","0","0","67301","1","0","0","N","1","0","0","2","67301","1","","1.0","","1","N","N","N","0","","0","0","0","3","2","","1255","2","1","0","0","0","0","0","2","1","1","1","0","0","3","03","","N","","","","","","","","","",""
"2020031878","2050","0","0","0","0","0","0","0","0","0","4","0","","67","3","2020","2","40.045516","-75.088316","2039","6","0","0","0","0","0","1","1","0","","0","0","0","20","3","0","","1","2","40 02:43.859","1","0","75 05:17.937","0","0","0","0","67301","0","0","0","N","0","0","0","2","67301","0","","1.0","2130.0","9","N","N","Y","0","","0","0","2","3","2","N","2036","2","0","0","0","0","0","0","2","0","2","0","0","0","4","04","","N","","","","","","","","","",""
"2020030682","2215","1","0","0","0","0","0","0","0","0","6","0","","67","3","2020","3","40.073097","-75.168164","2210","6","0","0","0","0","0","1","0","0","","0","0","0","21","3","0","N","0","0","40 04:23.150","","0","75 10:05.390","0","0","0","0","67301","0","0","0","N","0","0","0","1","67301","0","","6.0","","1","N","N","N","0","","0","0","3","0","0","","2125","4","0","0","0","0","0","0","2","0","4","0","0","0","3","03","","N","","","","","","","","","",""
"2020030679","2153","0","0","0","0","0","0","0","0","0","7","0","","67","3","2020","2","39.912281","-75.231267","2150","6","0","0","0","0","0","0","0","0","","0","0","0","21","3","2","N","0","0","39 54:44.210","","0","75 13:52.560","3","0","0","0","67301","0","0","0","N","0","0","0","2","67301","0","","4.0","","9","N","N","Y","0","","2","0","1","0","0","","2100","1","2","0","0","0","0","0","2","0","1","0","0","0","4","04","","N","","","","","","","","","",""
"2020031009","1015","2","0","0","0","0","0","0","0","0","1","0","","67","4","2020","4","40.064678","-75.141689","1015","6","0","0","0","0","0","1","0","0","","0","0","0","10","1","1","N","0","0","40 03:52.840","","0","75 08:30.080","3","0","0","0","67301","0","0","0","N","0","0","0","2","67301","0","","1.0","","1","N","N","N","0","","1","0","0","0","0","","1014","2","1","0","0","0","0","0","2","0","2","0","0","0","3","","","N","","","","","","","","","",""
"2020032162","1818","2","0","0","0","0","0","0","0","0","4","0","","67","4","2020","4","40.054565","-75.144645","1818","6","1","0","0","0","0","0","0","0","","0","0","0","18","3","1","","2","0","40 03:16.434","","0","75 08:40.721","3","0","0","0","67301","0","0","0","N","0","0","0","2","67301","0","","1.0","","1","N","N","N","0","","1","0","0","0","0","","1805","2","1","1","0","0","0","0","2","0","2","0","0","0","3","03","","N","","","","","","","","","",""
"2020032257","2015","2","0","0","0","0","0","0","0","0","5","0","","67","4","2020","7","39.957444","-75.150028","2015","6","0","0","0","0","0","0","0","0","","0","0","0","20","3","1","","3","0","39 57:26.800","","2","75 09:00.100","3","0","0","0","67301","0","0","0","N","0","0","0","3","67501","0","","1.0","","1","N","N","N","0","","1","0","0","3","4","","2015","2","1","1","0","0","0","0","2","0","2","0","0","0","3","03","","N","","","","","","","","","",""
"2020031955","2002","0","0","0","0","0","0","0","0","0","8","0","","67","3","2020","2","39.969853","-75.222036","1953","6","0","0","0","0","0","0","0","0","","0","0","0","19","2","1","N","0","0","39 58:11.470","","0","75 13:19.330","8","0","0","0","67301","1","0","0","N","1","0","0","2","67301","0","","4.0","","9","N","N","N","0","","0","0","0","0","0","","1953","2","1","0","0","0","1","0","2","0","1","1","0","0","5","","","N","","","","","","","","","",""
"2020047532","2143","2","0","0","0","0","0","0","0","0","5","0","","67","6","2020","3","39.942325","-75.233821","2142","6","0","0","0","0","0","1","0","0","","0","0","0","21","3","1","","1","1","39 56:32.369","4","0","75 14:01.754","3","0","0","1","67301","0","0","0","N","0","0","0","2","67301","0","","1.0","2307.0","1","N","N","N","0","","1","0","0","3","2","Y","2142","3","1","0","0","0","0","0","2","0","3","0","0","0","3","98","","N","","","","","","","","","",""
"2020001599","0807","1","0","0","0","0","0","0","0","0","5","0","","67","1","2020","4","40.044222","-75.121722","0807","6","0","0","0","0","0","0","0","0","","0","0","0","6","5","0","N","0","0","40 02:39.200","","0","75 07:18.200","0","0","0","0","67301","0","0","0","N","0","0","0","2","67301","0","","4.0","","1","N","N","N","0","","0","0","1","0","0","","600","2","0","0","0","0","0","0","2","0","2","0","0","0","3","","","N","","","","","","","","","",""
"2020002193","0030","1","0","0","0","0","0","0","0","0","7","0","","67","1","2020","7","39.983289","-75.208025","0019","6","0","0","0","0","0","0","0","0","","0","0","0","0","3","0","N","0","0","39 58:59.841","","0","75 12:28.891","0","0","0","0","67301","0","0","0","N","0","0","0","1","68K01","0","","2.0","","9","N","N","N","0","","0","0","0","0","0","","18","1","0","0","0","0","0","0","2","0","1","0","0","0","7","","","N","","","","","","","","","",""
"2020003195","2205","0","0","0","0","0","0","0","0","0","5","0","","67","1","2020","3","39.940564","-75.226686","2200","6","0","0","0","0","0","0","0","0","","0","0","0","22","3","0","N","0","0","39 56:26.030","","0","75 13:36.070","9","0","0","0","67301","0","0","0","N","0","0","0","1","67301","0","","6.0","","9","N","N","N","0","","0","0","2","3","3","","2200","2","0","0","0","0","0","1","2","0","2","0","0","0","7","07","","N","","","","","","","","","",""
"2020002539","0340","0","0","0","0","0","0","0","0","0","7","0","","67","1","2020","4","40.08353","-75.222278","0327","6","0","0","0","0","0","0","0","0","","0","0","0","3","3","0","","2","0","40 05:00.708","","0","75 13:20.200","0","0","0","0","67301","0","0","0","N","0","0","0","1","67301","0","","4.0","","9","N","N","N","0","","0","0","1","3","2","","327","1","0","0","0","0","0","0","2","0","1","0","0","0","7","07","","N","","","","","","","","","",""
"2020047142","1403","3","0","0","0","0","0","0","0","0","1","0","","67","6","2020","7","39.967674","-75.189447","1343","6","0","0","0","1","0","0","0","0","","0","0","0","13","1","1","N","0","0","39 58:03.625","","0","75 11:22.010","3","0","0","0","67301","0","0","0","N","0","0","0","10","68K01","0","","1.0","","1","N","N","N","0","","1","0","1","0","0","","1335","4","1","0","0","0","0","0","2","0","4","0","0","0","3","","","N","","","","","","","","","",""
"2020031880","1327","1","0","0","0","0","0","0","0","0","8","0","","67","4","2020","5","40.047694","-75.05983","1326","6","0","0","0","0","0","0","0","0","","0","0","0","13","1","1","","1","0","40 02:51.700","","0","75 03:35.389","8","0","0","0","67301","1","0","0","N","1","0","0","2","67301","0","","1.0","","1","N","N","N","0","","0","0","0","3","2","","1325","2","1","0","0","0","1","0","2","0","1","1","0","0","3","03","","N","","","","","","","","","",""
"2020031117","0342","3","0","0","0","0","0","0","0","0","5","0","","67","4","2020","7","39.969788","-75.163981","0339","6","0","0","0","0","0","0","0","0","","0","0","0","3","3","1","N","0","0","39 58:11.237","","0","75 09:50.331","4","0","0","0","67301","0","0","0","N","0","0","0","1","67301","1","","6.0","","1","N","N","N","0","","0","0","0","0","0","","333","3","1","0","0","0","0","0","2","0","3","0","0","0","3","03","","N","","","","","","","","","",""
"2020036343","2311","4","0","0","0","0","0","0","0","0","4","0","","67","4","2020","4","40.01198","-75.135844","2311","6","0","0","0","0","0","0","0","0","","0","0","0","23","3","1","","1","0","40 00:43.128","","0","75 08:09.038","3","0","0","0","67301","0","0","0","N","0","0","0","3","67301","0","","1.0","","1","N","N","N","0","","1","0","0","3","2","","2311","4","1","0","0","0","0","1","2","0","4","0","0","0","3","","","N","","","","","","","","","",""
"2020033204","2129","1","0","0","0","0","0","0","0","0","4","0","","67","4","2020","1","40.066596","-75.05113","2127","6","0","0","0","0","1","0","0","0","","0","0","0","21","3","0","","1","0","40 03:59.744","","0","75 03:04.067","0","0","0","0","67301","0","0","0","N","0","0","0","2","67301","0","","1.0","","1","N","N","N","0","","0","0","1","3","2","","2126","2","0","0","0","0","0","0","2","0","2","0","0","0","3","","","N","","","","","","","","","",""
"2020031211","2310","2","0","0","0","0","0","0","0","0","4","0","","67","4","2020","7","40.020206","-75.063111","2309","6","0","0","0","0","0","0","0","0","","0","0","0","23","3","0","N","0","0","40 01:12.740","","0","75 03:47.200","0","0","0","0","67301","0","0","0","N","0","0","0","1","67301","0","","1.0","","1","N","N","N","1","","0","0","2","0","0","","2308","5","0","0","0","0","0","0","2","0","5","0","0","0","3","","","N","","","","","","","","","",""
"2020001747","1028","0","0","0","0","0","0","0","0","0","8","0","","67","1","2020","5","40.00777","-75.139599","1028","6","0","0","0","0","0","0","1","0","","0","0","0","10","1","1","","1","0","40 00:27.973","","0","75 08:22.555","3","0","0","0","67301","1","0","0","N","1","0","0","2","67301","0","","1.0","","1","N","N","N","0","","1","0","1","3","3","","1026","2","1","1","0","0","0","0","2","0","1","1","0","0","3","03","","N","","","","","","","","","",""
"2020047534","0051","2","0","0","0","0","0","0","0","0","1","0","","67","6","2020","4","40.011956","-75.176015","0051","6","0","0","0","0","0","1","0","0","","0","0","0","0","3","1","","1","0","40 00:43.041","","0","75 10:33.654","3","0","0","0","67301","0","0","0","N","0","0","0","4","67301","0","","9.0","","1","N","N","N","0","","1","0","0","3","2","","30","2","1","3","0","0","0","0","2","0","2","0","0","0","3","03","","N","","","","","","","","","",""
"2020002940","2020","2","0","0","0","0","0","0","0","0","4","0","","67","1","2020","2","39.975739","-75.223606","2015","6","0","0","0","0","0","0","0","0","","0","0","0","18","3","2","","2","0","39 58:32.662","","0","75 13:24.981","3","0","0","0","67301","0","0","0","N","0","0","0","3","67301","0","","1.0","","1","N","N","N","0","","2","0","0","0","0","","1845","2","2","3","0","0","0","0","2","0","2","0","0","0","3","","","N","","","","","","","","","",""
"2020031443","0055","1","0","0","0","0","0","0","0","0","4","0","","67","4","2020","2","40.036426","-75.080266","0055","6","0","0","0","0","0","0","0","0","","0","0","0","0","3","0","","2","2","40 02:11.133","5","0","75 04:48.959","0","0","0","0","67301","0","0","0","N","0","0","0","2","67301","0","","1.0","215.0","1","N","N","N","0","","0","0","2","3","3","Y","50","3","0","0","0","0","0","0","2","0","3","0","0","0","3","03","","N","","","","","","","","","",""
"2020032285","1840","2","0","0","0","0","0","0","0","0","4","0","","67","4","2020","7","39.960201","-75.239103","1837","6","0","0","0","0","0","0","0","0","","0","0","0","18","1","0","","1","1","39 57:36.724","3","0","75 14:20.772","0","0","0","0","67301","0","0","0","N","0","0","0","3","67301","0","","1.0","1945.0","1","N","N","N","0","","0","0","0","3","2","Y","1837","2","0","0","0","0","0","0","2","0","2","0","0","0","3","03","","N","","","","","","","","","",""
"2020034116","1920","0","0","0","0","0","0","0","0","0","5","0","","67","4","2020","2","40.025004","-75.129087","1911","6","0","0","0","0","0","1","0","0","","0","0","0","18","4","1","N","0","0","40 01:30.015","","0","75 07:44.713","8","0","0","1","67301","0","0","0","N","0","0","0","2","67301","0","","1.0","","1","N","N","N","0","","0","0","0","9","9","","1836","2","1","0","0","0","1","0","2","0","2","0","0","0","3","03","","N","","","","","","","","","",""