"CRN","ARRIVAL_TM","AUTOMOBILE_COUNT","BELTED_DEATH_COUNT","BELTED_SUSP_SERIOUS_INJ_COUNT","BICYCLE_COUNT","BICYCLE_DEATH_COUNT","BICYCLE_SUSP_SERIOUS_INJ_COUNT","BUS_COUNT","CHLDPAS_DEATH_COUNT","CHLDPAS_SUSP_SERIOUS_INJ_COUNT","COLLISION_TYPE","COMM_VEH_COUNT","CONS_ZONE_SPD_LIM","COUNTY","CRASH_MONTH","CRASH_YEAR","DAY_OF_WEEK","DEC_LATITUDE","DEC_LONGITUDE","DISPATCH_TM","DISTRICT","DRIVER_COUNT_16YR","DRIVER_COUNT_17YR","DRIVER_COUNT_18YR","DRIVER_COUNT_19YR","DRIVER_COUNT_20YR","DRIVER_COUNT_50_64YR","DRIVER_COUNT_65_74YR","DRIVER_COUNT_75PLUS","EST_HRS_CLOSED","FATAL_COUNT","HEAVY_TRUCK_COUNT","HORSE_BUGGY_COUNT","HOUR_OF_DAY","ILLUMINATION","INJURY_COUNT","INTERSECTION_RELATED","INTERSECT_TYPE","LANE_CLOSED","LATITUDE","LN_CLOSE_DIR","LOCATION_TYPE","LONGITUDE","MAX_SEVERITY_LEVEL","MCYCLE_DEATH_COUNT","MCYCLE_SUSP_SERIOUS_INJ_COUNT","MOTORCYCLE_COUNT","MUNICIPALITY","NONMOTR_COUNT","NONMOTR_DEATH_COUNT","NONMOTR_SUSP_SERIOUS_INJ_COUNT","NTFY_HIWY_MAINT","PED_COUNT","PED_DEATH_COUNT","PED_SUSP_SERIOUS_INJ_COUNT","PERSON_COUNT","POLICE_AGCY","POSSIBLE_INJ_COUNT","RDWY_SURF_TYPE_CD","RELATION_TO_ROAD","ROADWAY_CLEARED","ROAD_CONDITION","SCH_BUS_IND","SCH_ZONE_IND","SECONDARY_CRASH","SMALL_TRUCK_COUNT","SPEC_JURIS_CD","SUSP_MINOR_INJ_COUNT","SUSP_SERIOUS_INJ_COUNT","SUV_COUNT","TCD_FUNC_CD","TCD_TYPE","TFC_DETOUR_IND","TIME_OF_DAY","TOTAL_UNITS","TOT_INJ_COUNT","UNBELTED_OCC_COUNT","UNB_DEATH_COUNT","UNB_SUSP_SERIOUS_INJ_COUNT","UNK_INJ_DEG_COUNT","UNK_INJ_PER_COUNT","URBAN_RURAL","VAN_COUNT","VEHICLE_COUNT","VULNERABLE_ROAD_USER_COUNT","VULNERABLE_ROAD_USER_DEATH_COUNT","VULNERABLE_ROAD_USER_SER_INJ_COUNT","WEATHER1","WEATHER2","WORKERS_PRES","WORK_ZONE_IND","WORK_ZONE_LOC","WORK_ZONE_TYPE","WZ_CLOSE_DETOUR","WZ_FLAGGER","WZ_LAW_OFFCR_IND","WZ_LN_CLOSURE","WZ_MOVING","WZ_OTHER","WZ_SHLDER_MDN","WZ_WORKERS_INJ_KILLED"
"2020033288","1635","3","0","0","0","0","0","0","0","0","4","0","","67","4","2020","4","39.918225","-75.208762","1635","6","0","0","0","0","0","0","0","0","","0","0","0","16","1","0","","2","0","39 55:05.610","","0","75 12:31.544","0","0","0","0","67301","0","0","0","N","0","0","0","6","67301","0","","1.0","","1","N","N","N","0","","0","0","0","3","2","","1634","3","0","1","0","0","0","0","2","0","3","0","0","0","3","03","","N","","","","","","","","","",""
"2020027326","1731","1","0","0","0","0","0","0","0","0","4","0","","67","3","2020","3","40.059605","-75.187809","1731","6","0","0","0","0","0","0","0","1","","0","0","0","15","1","2","","1","0","40 03:34.577","","0","75 11:16.111","3","0","0","0","67301","0","0","0","N","0","0","0","3","67301","0","","1.0","","1","N","N","N","0","","2","0","1","9","3","","1553","2","2","0","0","0","0","0","2","0","2","0","0","0","3","03","","N","","","","","","","","","",""
"2020058912","0915","0","0","0","0","0","0","0","0","0","5","0","","67","7","2020","7","39.9214","-75.175244","0914","6","0","0","0","0","0","0","0","0","","0","0","0","9","1","0","N","0","0","39 55:17.040","","0","75 10:30.880","0","0","0","0","67301","0","0","0","N","0","0","0","1","67301","0","","6.0","","1","N","N","N","1","","0","0","2","9","1","","903","3","0","1","0","0","0","0","2","0","3","0","0","0","3","03","","N","","","","","","","","","",""
"2020080709","1100","1","0","0","0","0","0","0","0","0","5","0","","67","9","2020","3","39.919011","-75.174222","1057","6","0","0","0","0","0","0","0","0","","0","0","0","10","1","0","N","0","0","39 55:08.440","","0","75 10:27.200","0","0","0","0","67301","0","0","0","N","0","0","0","1","67301","0","","1.0","","9","N","N","N","0","","0","0","0","0","0","","1057","2","0","0","0","0","0","0","2","0","2","0","0","0","7","","","N","","","","","","","","","",""
"2020035614","1643","0","0","0","0","0","0","0","0","0","4","0","","67","4","2020","4","40.037061","-75.011178","1640","6","0","0","0","0","0","1","0","0","","0","0","0","16","1","0","","2","0","40 02:13.421","","7","75 00:40.242","0","0","0","0","67301","0","0","0","N","0","0","0","5","67301","0","","1.0","","1","N","N","N","0","","0","0","1","3","2","","1635","2","0","0","0","0","0","0","2","1","2","0","0","0","4","04","","N","","","","","","","","","",""
"2020034870","2138","2","0","0","0","0","0","0","0","0","2","0","","67","4","2020","6","40.069192","-75.169569","2133","6","0","0","0","0","0","0","0","0","","0","0","0","21","3","1","N","0","0","40 04:09.090","","0","75 10:10.450","3","0","0","0","67301","0","0","0","N","0","0","0","1","67301","0","","6.0","","1","N","N","N","0","","1","0","0","0","0","","2115","3","1","0","0","0","0","0","2","1","3","0","0","0","3","03","","N","","","","","","","","","",""
"2020039189","1642","1","0","0","0","0","0","0","0","0","4","0","","67","5","2020","7","40.036732","-75.064498","1634","6","0","0","0","0","0","1","0","0","","0","0","0","16","1","1","","1","1","40 02:12.235","2","0","75 03:52.193","4","0","0","0","67301","0","0","0","N","0","0","0","4","67301","1","","1.0","1705.0","1","N","N","N","0","","0","0","1","3","2","N","1630","2","1","0","0","0","0","0","2","0","2","0","0","0","3","","","N","","","","","","","","","",""
"2020080072","0015","3","0","0","0","0","0","0","0","0","7","0","","67","9","2020","7","40.030567","-75.180575","0011","6","0","0","0","0","0","0","0","0","","0","0","0","22","3","0","N","0","0","40 01:50.040","","0","75 10:50.070","0","0","0","0","67301","0","0","0","N","0","0","0","1","67301","0","","2.0","","9","N","N","N","0","","0","0","1","0","0","","2222","4","0","0","0","0","0","0","2","0","4","0","0","0","3","03","","N","","","","","","","","","",""
"2020032352","1228","1","0","0","0","0","0","0","0","0","4","0","","67","4","2020","7","39.917695","-75.177717","1222","6","0","0","0","0","0","1","0","0","","0","0","0","12","1","1","","1","0","39 55:03.702","","6","75 10:39.781","8","0","0","0","67301","0","0","0","N","0","0","0","2","67301","0","","1.0","","1","N","N","N","0","","0","0","1","3","2","","1220","2","1","0","0","0","1","0","2","0","2","0","0","0","3","03","","N","","","","","","","","","",""
"2020036524","1759","0","0","0","0","0","0","0","0","0","1","0","","67","4","2020","1","40.018139","-75.074981","1759","6","0","0","0","0","0","0","0","0","","0","0","0","17","1","0","N","0","0","40 01:05.300","","0","75 04:29.930","0","0","0","0","67301","0","0","0","N","0","0","0","4","67301","0","","1.0","","1","N","N","N","0","","0","0","3","0","0","","1759","3","0","0","0","0","0","0","2","0","3","0","0","0","3","03","","N","","","","","","","","","",""
"2020072096","2158","2","0","0","0","0","0","0","0","0","1","0","","67","9","2020","3","40.003486","-75.221558","2145","6","0","0","0","0","0","0","1","0","","0","0","0","21","3","0","N","0","0","40 00:12.550","","0","75 13:17.607","0","0","0","0","67301","0","0","0","N","0","0","0","2","67301","0","","1.0","","1","N","N","N","0","","0","0","0","0","0","","2118","2","0","0","0","0","0","0","2","0","2","0","0","0","3","03","","N","","","","","","","","","",""
"2020070073","0605","0","0","0","0","0","0","0","0","0","1","1","","67","8","2020","5","40.067319","-75.028251","0541","6","0","0","0","0","0","1","0","0","","0","1","0","5","5","1","","2","0","40 04:02.347","","0","75 01:41.704","4","0","0","0","67301","0","0","0","N","0","0","0","2","67301","1","","1.0","","1","N","N","N","0","","0","0","0","3","2","","540","2","1","0","0","0","0","0","2","1","2","0","0","0","3","03","","N","","","","","","","","","",""
"2020034417","2110","1","0","0","0","0","0","0","0","0","5","0","","67","4","2020","4","40.015222","-75.056669","2104","6","1","0","0","0","0","0","0","0","","0","0","0","21","2","1","N","0","0","40 00:54.800","","0","75 03:24.010","8","0","0","0","67301","0","0","0","N","0","0","0","1","67301","0","","6.0","","1","N","N","N","0","","0","0","1","9","3","","2103","2","1","0","0","0","1","0","2","0","2","0","0","0","3","03","","N","","","","","","","","","",""
"2020036671","1640","1","0","0","0","0","0","0","0","0","4","0","","67","5","2020","2","40.042577","-75.129156","1630","6","0","0","0","0","0","1","0","0","","0","0","0","16","1","1","","1","0","40 02:33.277","","0","75 07:44.961","3","0","0","0","67301","0","0","0","N","0","0","0","3","67301","0","","1.0","","1","N","N","N","0","","1","0","1","3","2","","1628","2","1","0","0","0","0","1","2","0","2","0","0","0","3","03","","N","","","","","","","","","",""
"2020079171","0128","1","0","0","0","0","0","0","0","0","7","0","","67","9","2020","6","40.053985","-75.091315","0124","6","0","0","0","0","0","0","0","0","","0","0","0","1","3","0","N","0","0","40 03:14.345","","7","75 05:28.734","0","0","0","0","67301","0","0","0","N","0","0","0","1","67301","0","","4.0","","1","N","N","N","0","","0","0","0","0","0","","123","1","0","0","0","0","0","0","2","0","1","0","0","0","3","","","N","","","","","","","","","",""
"2020071213","0429","3","0","0","0","0","0","0","0","0","5","0","","67","8","2020","5","39.960511","-75.241625","0427","6","0","0","0","0","0","0","0","0","","0","0","0","4","3","0","N","0","1","39 57:37.840","3","0","75 14:29.850","0","0","0","0","67301","0","0","0","N","0","0","0","2","67301","0","","6.0","542.0","1","N","N","N","1","","0","0","0","3","2","N","425","4","0","2","0","0","0","0","2","0","4","0","0","0","3","03","","N","","","","","","","","","",""
"2020035215","1830","2","0","0","0","0","0","0","0","0","4","0","","67","4","2020","1","40.005582","-75.09689","1830","6","0","0","0","0","0","1","0","0","","0","0","0","16","1","0","","1","0","40 00:20.095","","0","75 05:48.804","0","0","0","0","67301","0","0","0","N","0","0","0","2","67301","0","","1.0","","99","N","N","N","0","","0","0","0","3","2","","1630","2","0","0","0","0","0","0","2","0","2","0","0","0","4","","","N","","","","","","","","","",""
"2020030110","0129","2","0","0","0","0","0","0","0","0","4","0","","67","3","2020","1","40.044901","-75.122781","0124","6","0","1","0","0","0","0","0","0","","0","0","0","1","3","0","","2","2","40 02:41.644","6","0","75 07:22.011","0","0","0","0","67301","0","0","0","N","0","0","0","3","67301","0","","1.0","200.0","9","N","N","N","0","","0","0","2","3","3","Y","116","4","0","0","0","0","0","0","2","0","4","0","0","0","7","07","","N","","","","","","","","","",""
"2020032050","1136","1","0","0","0","0","0","0","0","0","7","0","","67","4","2020","3","39.976169","-75.195236","1134","6","0","0","0","0","0","0","0","0","","0","0","0","11","1","0","N","0","0","39 58:34.209","","0","75 11:42.850","0","0","0","0","67301","0","0","0","N","0","0","0","2","68K01","0","","4.0","","1","N","N","N","0","","0","0","1","0","0","","1133","2","0","0","0","0","0","0","2","0","2","0","0","0","3","","","N","","","","","","","","","",""
"2020031231","1918","2","0","0","0","0","0","0","0","0","4","0","","67","4","2020","1","40.080757","-75.028601","1911","6","0","0","0","1","0","1","0","0","","0","0","0","19","4","3","","1","0","40 04:50.725","","0","75 01:42.964","4","0","0","0","67301","0","0","0","N","0","0","0","3","67301","2","","1.0","","1","N","N","N","0","","0","0","0","3","2","","1910","2","3","0","0","0","1","0","2","0","2","0","0","0","3","","","N","","","","","","","","","",""
"2020031957","0513","1","0","0","0","0","0","0","0","0","7","0","","67","4","2020","4","39.987831","-75.227014","0513","6","0","0","0","0","0","0","0","0","","0","0","0","5","8","1","N","0","0","39 59:16.190","","0","75 13:37.250","4","0","0","0","67301","0","0","0","N","0","0","0","1","67301","1","","4.0","","9","N","N","N","0","","0","0","0","0","0","","513","1","1","1","0","0","0","0","2","0","1","0","0","0","7","04","","N","","","","","","","","","",""
"2020036592","1611","0","0","0","0","0","0","0","0","0","7","0","","67","4","2020","7","39.975434","-75.194776","1600","6","0","0","0","0","0","0","0","0","","0","0","0","15","1","1","N","0","2","39 58:31.563","3","0","75 11:41.194","8","0","0","1","67301","0","0","0","N","0","0","0","1","68K01","0","","3.0","1700.0","1","N","N","N","0","","0","0","0","0","0","N","1559","1","1","0","0","0","1","0","2","0","1","0","0","0","3","","","N","","","","","","","","","",""
"2020031644","0326","2","0","0","0","0","0","0","0","0","4","0","","67","4","2020","1","39.967994","-75.238819","0321","6","0","0","0","0","0","0","0","0","","0","0","0","3","2","3","N","1","0","39 58:04.778","","0","75 14:19.748","4","0","0","0","67301","0","0","0","N","0","0","0","5","67301","3","","1.0","","1","N","N","N","0","","0","0","0","3","3","","320","2","3","0","0","0","0","1","2","0","2","0","0","0","3","03","","N","","","","","","","","","",""
"2020031280","1247","1","0","0","0","0","0","0","0","0","4","0","","67","4","2020","1","40.033377","-75.066538","1245","6","0","0","0","0","0","1","0","0","","0","0","0","12","1","0","","1","0","40 02:00.156","","0","75 03:59.535","0","0","0","0","67301","0","0","0","N","0","0","0","2","67301","0","","1.0","","1","N","N","N","0","","0","0","1","3","2","","1245","2","0","1","0","0","0","0","2","0","2","0","0","0","3","03","","N","","","","","","","","","",""
"2020032400","1625","2","0","0","0","0","0","0","0","0","4","0","","67","4","2020","1","39.967403","-75.178634","1622","6","0","0","0","0","0","0","0","0","","0","0","0","16","1","2","","1","0","39 58:02.652","","0","75 10:43.082","4","0","0","0","67301","0","0","0","N","0","0","0","2","67301","2","","1.0","","1","N","N","N","0","","0","0","2","3","1","","1615","4","2","0","0","0","0","0","2","0","4","0","0","0","3","03","","N","","","","","","","","","",""
"2020017360","2329","1","0","0","0","0","0","0","0","0","1","0","","67","2","2020","6","39.968115","-75.160093","2320","6","0","0","1","0","0","1","0","0","","0","0","0","23","3","5","","1","2","39 58:05.215","1","0","75 09:36.336","3","0","0","0","67301","0","0","0","N","0","0","0","6","67301","0","","1.0","45.0","1","N","N","N","0","","5","0","0","3","3","Y","2300","2","5","0","0","0","0","0","2","1","2","0","0","0","3","03","","N","","","","","","","","","",""
"2020034056","0023","1","0","0","0","0","0","0","0","0","7","0","","67","4","2020","7","40.032837","-75.02092","0014","6","0","0","0","0","0","0","0","0","","0","0","0","0","3","2","N","0","1","40 01:58.214","2","0","75 01:15.312","3","0","0","0","67301","0","0","0","N","0","0","0","2","68K01","0","","4.0","35.0","1","N","N","N","0","","2","0","0","0","0","N","5","1","2","0","0","0","0","0","2","0","1","0","0","0","3","","","N","","","","","","","","","",""
"2020066570","1100","2","0","0","0","0","0","0","0","0","2","0","","67","8","2020","3","40.031762","-75.084086","1036","6","0","0","0","0","1","1","0","0","","0","0","0","10","1","1","N","0","0","40 01:54.343","","7","75 05:02.709","3","0","0","0","67301","0","0","0","N","0","0","0","3","67301","0","","1.0","","1","N","N","N","0","","1","0","0","0","0","","1030","2","1","0","0","0","0","0","2","0","2","0","0","0","3","03","","N","","","","","","","","","",""
"2020030904","1843","1","0","0","1","0","1","0","0","0","8","0","","67","4","2020","5","39.970153","-75.145021","1842","6","0","0","0","0","0","0","0","0","","0","0","0","18","4","1","","1","0","39 58:12.552","","0","75 08:42.076","2","0","0","0","67301","1","0","1","N","0","0","0","2","67301","0","","1.0","","1","N","N","N","0","","0","1","0","3","2","","1841","2","1","0","0","0","0","0","2","0","1","1","0","1","3","03","","N","","","","","","","","","",""
"2020080055","1609","1","0","0","0","0","0","0","0","0","4","0","","67","9","2020","1","39.945306","-75.239588","1607","6","0","0","0","0","0","1","0","0","","0","0","0","16","1","0","Y","0","0","39 56:43.103","","7","75 14:22.516","0","0","0","0","67301","0","0","0","N","0","0","0","3","67301","0","","4.0","","99","N","N","N","0","","0","0","1","0","0","","1600","2","0","0","0","0","0","0","2","0","2","0","0","0","4","","","N","","","","","","","","","",""
"2020075843","0815","0","0","0","0","0","0","0","0","0","7","0","","67","9","2020","7","40.016544","-75.142931","0815","6","0","0","0","0","1","0","0","0","","0","0","0","8","1","1","N","0","0","40 00:59.560","","0","75 08:34.550","3","0","0","0","67301","0","0","0","N","0","0","0","1","67301","0","","5.0","","1","N","N","N","0","","1","0","0","0","0","","810","1","1","1","0","0","0","0","2","1","1","0","0","0","3","03","","N","","","","","","","","","",""
"2020031213","1505","1","0","0","0","0","0","0","0","0","8","0","","67","4","2020","1","39.939047","-75.176269","1505","6","0","0","0","0","0","1","0","0","","0","0","0","14","1","1","N","0","0","39 56:20.570","","0","75 10:34.570","8","0","0","0","67301","1","0","0","N","1","0","0","2","67301","0","","1.0","","1","N","N","N","0","","0","0","0","9","2","","1450","2","1","0","0","0","1","0","2","0","1","1","0","0","3","","","N","","","","","","","","","",""
"2020037770","1347","0","0","0","0","0","0","0","0","0","4","0","","67","5","2020","1","39.963363","-75.187417","1345","6","0","0","0","0","0","1","0","0","","0","0","0","13","1","3","N","1","1","39 57:48.108","7","0","75 11:14.701","8","0","0","0","67301","0","0","0","N","0","0","0","4","67507","0","","1.0","1500.0","1","N","N","N","0","","0","0","2","3","2","Y","1342","2","3","0","0","0","3","0","2","0","2","0","0","0","3","","","N","","","","","","","","","",""
"2020037869","1527","1","0","0","0","0","0","0","0","0","4","0","","67","5","2020","1","40.051843","-75.155354","1527","6","0","0","0","0","1","0","0","0","","0","0","0","14","1","0","","1","0","40 03:06.634","","0","75 09:19.274","9","0","0","0","67301","0","0","0","N","0","0","0","2","67301","0","","1.0","","1","N","N","N","0","","0","0","1","9","2","","1425","2","0","0","0","0","0","2","2","0","2","0","0","0","3","03","","N","","","","","","","","","",""
"2020032619","0045","2","0","0","0","0","0","0","0","0","5","0","","67","4","2020","1","39.962125","-75.149692","0040","6","0","0","0","0","0","0","0","0","","0","0","0","22","3","0","N","0","0","39 57:43.650","","0","75 08:58.890","0","0","0","0","67301","0","0","0","N","0","0","0","1","67301","0","","6.0","","9","N","N","N","0","","0","0","0","9","3","","2200","2","0","0","0","0","0","0","2","0","2","0","0","0","7","","","N","","","","","","","","","",""
"2020033551","1200","2","0","0","0","0","0","0","0","0","5","0","","67","4","2020","1","40.010011","-75.120633","1200","6","0","0","0","0","0","0","0","0","","0","0","0","0","3","0","N","0","0","40 00:36.040","","0","75 07:14.280","0","0","0","0","67301","0","0","0","N","0","0","0","1","67301","0","","6.0","","99","N","N","N","0","","0","0","1","0","0","","5","3","0","0","0","0","0","0","2","0","3","0","0","0","99","","","N","","","","","","","","","",""
"2020031168","0750","1","0","0","0","0","0","0","0","0","4","0","","67","4","2020","1","40.116669","-75.019798","0742","6","0","0","0","0","0","0","1","0","","0","0","0","7","1","2","","1","0","40 07:00.007","","0","75 01:11.272","3","0","0","0","67301","0","0","0","N","0","0","0","3","67301","0","","1.0","","1","N","N","N","1","","2","0","0","3","2","","740","2","2","2","0","0","0","0","2","0","2","0","0","0","3","","","N","","","","","","","","","",""
"2020061259","1151","0","0","0","0","0","0","0","0","0","1","1","","67","7","2020","5","40.091686","-74.982439","1141","6","0","0","0","0","0","1","0","0","","0","1","0","10","1","0","","2","0","40 05:30.069","","0","74 58:56.779","0","0","0","0","67301","0","0","0","N","0","0","0","2","67301","0","","1.0","","1","N","N","N","0","","0","0","1","3","2","","1000","2","0","0","0","0","0","0","2","0","2","0","0","0","3","03","","N","","","","","","","","","",""
"2020036872","2005","0","0","0","0","0","0","0","0","0","7","0","","67","4","2020","4","39.898841","-75.17102","1955","6","0","0","0","0","0","0","0","0","","0","0","0","19","3","0","N","0","0","39 53:55.826","","0","75 10:15.671","0","0","0","0","67301","0","0","0","N","0","0","0","1","68K01","0","","2.0","","1","N","N","N","0","","0","0","1","0","0","","1941","1","0","0","0","0","0","0","2","0","1","0","0","0","3","03","","N","","","","","","","","","",""
"2020076732","0236","1","0","0","0","0","0","0","0","0","1","0","","67","8","2020","1","39.945281","-75.190638","0236","6","0","0","0","0","0","0","0","0","","0","0","0","2","3","2","N","0","0","39 56:43.013","","0","75 11:26.295","4","0","0","0","67301","0","0","0","N","0","0","0","3","68K01","2","","1.0","","1","N","N","N","0","","0","0","2","0","0","","236","3","2","0","0","0","0","0","2","0","3","0","0","0","3","03","","N","","","","","","","","","",""
"2020075624","1554","2","0","0","0","0","0","0","0","0","1","0","","67","9","2020","3","39.984681","-75.156494","1554","6","0","0","0","0","0","1","0","0","","0","0","0","15","1","0","","1","0","39 59:04.850","","0","75 09:23.377","0","0","0","0","67301","0","0","0","N","0","0","0","2","67505","0","","1.0","","1","N","N","N","0","","0","0","0","3","2","","1553","2","0","0","0","0","0","0","2","0","2","0","0","0","3","03","","N","","","","","","","","","",""
"2020036609","1529","1","0","0","0","0","0","0","0","0","7","0","","67","4","2020","6","39.981117","-75.206723","1529","6","0","0","0","0","1","0","0","0","","0","0","0","15","1","0","N","0","2","39 58:52.021","3","0","75 12:24.202","0","0","0","0","67301","0","0","0","N","0","0","0","2","68K01","0","","4.0","30.0","9","N","N","N","0","","0","0","0","0","0","N","1528","1","0","0","0","0","0","0","2","0","1","0","0","0","7","07","","N","","","","","","","","","",""
"2020037765","1227","2","0","0","0","0","0","0","0","0","4","0","","67","5","2020","1","39.977974","-75.152589","1224","6","0","0","0","0","0","0","0","0","","0","0","0","12","1","0","","1","1","39 58:40.705","4","0","75 09:09.321","0","0","0","0","67301","0","0","0","N","0","0","0","3","67505","0","","1.0","1315.0","1","N","N","N","0","","0","0","0","3","2","N","1222","2","0","1","0","0","0","0","2","0","2","0","0","0","3","","","N","","","","","","","","","",""
"2020079877","1851","1","0","0","0","0","0","0","0","0","1","0","","67","9","2020","1","40.054089","-75.074414","1851","6","0","0","0","0","0","0","0","0","","0","0","0","18","4","0","N","0","0","40 03:14.720","","0","75 04:27.890","0","0","0","0","67301","0","0","0","N","0","0","0","0","67301","0","","1.0","","9","N","N","N","1","","0","0","0","0","0","","1851","2","0","0","0","0","0","0","2","0","2","0","0","0","7","04","","N","","","","","","","","","",""
"2020066769","2035","2","0","0","0","0","0","0","0","0","1","1","","67","7","2020","2","40.014734","-75.064271","2033","6","0","0","0","0","0","0","0","0","","0","1","0","20","1","2","N","0","0","40 00:53.041","","0","75 03:51.375","2","0","0","0","67301","0","0","0","N","0","0","0","2","67301","0","","6.0","","1","N","N","N","0","","1","1","0","0","0","","2030","3","2","2","0","1","0","0","2","0","3","0","0","0","3","03","","N","","","","","","","","","",""
"2020035588","1919","1","0","0","0","0","0","0","0","0","1","0","","67","4","2020","4","39.950602","-75.199312","1918","6","0","0","0","0","0","2","0","0","","0","0","0","19","1","1","Y","0","0","39 57:02.168","","0","75 11:57.522","8","0","0","0","67301","0","0","0","N","0","0","0","3","67504","0","","1.0","","1","N","N","Y","0","","0","0","1","3","2","","1916","3","1","0","0","0","1","0","2","1","3","0","0","0","3","03","","N","","","","","","","","","",""
"2020038979","0754","1","0","0","0","0","0","0","0","0","4","0","","67","5","2020","5","39.953327","-75.183701","0746","6","0","0","0","0","0","1","0","0","","0","0","0","7","1","0","","1","0","39 57:11.978","","0","75 11:01.324","0","0","0","0","67301","0","0","0","N","0","0","0","2","67301","0","","1.0","","1","N","N","N","0","","0","0","1","3","2","","725","2","0","0","0","0","0","0","2","0","2","0","0","0","3","","","N","","","","","","","","","",""
"2020079566","0707","2","0","0","0","0","0","0","0","0","4","0","","67","9","2020","4","40.03125","-75.048717","0703","6","0","0","0","0","0","1","0","0","","0","0","0","6","1","0","N","0","0","40 01:52.500","","0","75 02:55.380","0","0","0","0","67301","0","0","0","N","0","0","0","3","67301","0","","1.0","","1","N","N","N","0","","0","0","0","0","0","","655","2","0","0","0","0","0","0","2","0","2","0","0","0","3","03","","N","","","","","","","","","",""
"2020027954","0224","1","0","0","0","0","0","0","0","0","4","0","","67","3","2020","7","39.959818","-75.22388","0222","6","0","0","0","0","0","0","0","0","","0","0","0","2","3","1","","2","0","39 57:35.343","","6","75 13:25.968","3","0","0","0","67301","0","0","0","N","0","0","0","2","67301","0","","1.0","","1","N","N","N","0","","1","0","1","0","0","","222","2","1","0","0","0","0","1","2","0","2","0","0","0","3","98","","N","","","","","","","","","",""
"2020080188","1126","1","0","0","0","0","0","0","0","0","7","0","","67","9","2020","2","40.039817","-75.164764","1123","6","0","0","0","0","0","0","0","0","","0","0","0","9","1","0","N","0","0","40 02:23.340","","0","75 09:53.150","0","0","0","0","67301","0","0","0","N","0","0","0","1","67301","0","","4.0","","1","N","N","N","0","","0","0","0","3","3","","950","1","0","0","0","0","0","0","2","0","1","0","0","0","3","03","","N","","","","","","","","","",""
"2020062719","1006","1","0","0","0","0","0","0","0","0","1","1","","67","8","2020","4","40.019505","-75.149008","1006","6","0","0","0","0","0","0","0","0","","0","1","0","10","1","0","","2","1","40 01:10.218","2","0","75 08:56.428","0","0","0","0","67301","0","0","0","N","0","0","0","3","67301","0","","1.0","1030.0","1","N","N","N","0","","0","0","0","3","2","N","1005","2","0","0","0","0","0","0","2","0","2","0","0","0","3","03","","N","","","","","","","","","",""
"2020038766","1724","0","0","0","0","0","0","0","0","0","7","0","","67","5","2020","1","40.002679","-75.148808","1711","6","0","0","0","0","0","0","0","0","","0","0","0","15","1","1","","1","0","40 00:09.644","","0","75 08:55.708","4","0","0","0","67301","0","0","0","N","0","0","0","1","67301","1","","5.0","","1","N","N","N","0","","0","0","1","3","2","","1534","1","1","0","0","0","0","0","2","0","1","0","0","0","3","98","","N","","","","","","","","","",""
"2020076792","0947","2","0","0","0","0","0","0","0","0","4","1","","67","9","2020","6","39.958712","-75.162143","0947","6","0","0","0","0","0","0","0","0","","0","1","0","9","1","1","","1","2","39 57:31.362","2","0","75 09:43.713","3","0","0","0","67301","0","0","0","N","0","0","0","2","67301","0","","1.0","1050.0","1","N","N","N","0","","1","0","0","0","0","Y","934","3","1","0","0","0","0","0","2","0","3","0","0","0","3","03","","N","","","","","","","","","",""
"2020071211","0226","1","0","0","0","0","0","0","0","0","4","0","","67","3","2020","6","39.944846","-75.166982","0222","6","0","0","0","0","0","0","0","0","","0","0","0","2","3","1","","1","0","39 56:41.445","","0","75 10:01.135","4","0","0","0","67301","0","0","0","N","0","0","0","3","67301","1","","1.0","","1","N","N","N","0","","0","0","1","3","2","","222","2","1","1","0","0","0","1","2","0","2","0","0","0","3","","","N","","","","","","","","","",""
"2020080642","1410","0","0","0","0","0","0","0","0","0","2","1","","67","9","2020","3","40.011746","-75.076091","1409","6","0","0","0","0","0","0","0","0","","0","1","0","14","1","1","","2","1","40 00:42.286","1","0","75 04:33.927","3","0","0","1","67301","0","0","0","N","0","0","0","2","67301","0","","1.0","100.0","1","N","N","N","0","","1","0","0","0","0","Y","1408","2","1","0","0","0","0","0","2","0","2","0","0","0","3","03","","N","","","","","","","","","",""
"2020032158","0009","0","0","0","0","0","0","0","0","0","1","0","","67","4","2020","2","39.923081","-75.229076","0008","6","0","0","0","0","0","0","0","0","","0","0","0","0","3","1","","1","0","39 55:23.090","","0","75 13:44.674","3","0","0","0","67301","0","0","0","N","0","0","0","2","67301","0","","1.0","","1","N","N","N","0","","1","0","2","2","2","","5","2","1","0","0","0","0","0","2","0","2","0","0","0","3","03","","N","","","","","","","","","",""
"2020039193","1327","0","0","0","1","0","0","0","0","0","8","0","","67","5","2020","7","40.116527","-75.036586","1322","6","0","0","0","0","0","0","0","0","","0","0","0","13","1","1","","2","2","40 06:59.497","4","0","75 02:11.709","8","0","0","0","67301","1","0","0","N","0","0","0","2","67301","0","","1.0","1520.0","1","N","N","N","1","","0","0","0","0","0","N","1315","2","1","0","0","0","1","0","2","0","1","1","0","0","3","","","N","","","","","","","","","",""