"CRN","ARRIVAL_TM","AUTOMOBILE_COUNT","BELTED_DEATH_COUNT","BELTED_SUSP_SERIOUS_INJ_COUNT","BICYCLE_COUNT","BICYCLE_DEATH_COUNT","BICYCLE_SUSP_SERIOUS_INJ_COUNT","BUS_COUNT","CHLDPAS_DEATH_COUNT","CHLDPAS_SUSP_SERIOUS_INJ_COUNT","COLLISION_TYPE","COMM_VEH_COUNT","CONS_ZONE_SPD_LIM","COUNTY","CRASH_MONTH","CRASH_YEAR","DAY_OF_WEEK","DEC_LATITUDE","DEC_LONGITUDE","DISPATCH_TM","DISTRICT","DRIVER_COUNT_16YR","DRIVER_COUNT_17YR","DRIVER_COUNT_18YR","DRIVER_COUNT_19YR","DRIVER_COUNT_20YR","DRIVER_COUNT_50_64YR","DRIVER_COUNT_65_74YR","DRIVER_COUNT_75PLUS","EST_HRS_CLOSED","FATAL_COUNT","HEAVY_TRUCK_COUNT","HORSE_BUGGY_COUNT","HOUR_OF_DAY","ILLUMINATION","INJURY_COUNT","INTERSECTION_RELATED","INTERSECT_TYPE","LANE_CLOSED","LATITUDE","LN_CLOSE_DIR","LOCATION_TYPE","LONGITUDE","MAX_SEVERITY_LEVEL","MCYCLE_DEATH_COUNT","MCYCLE_SUSP_SERIOUS_INJ_COUNT","MOTORCYCLE_COUNT","MUNICIPALITY","NONMOTR_COUNT","NONMOTR_DEATH_COUNT","NONMOTR_SUSP_SERIOUS_INJ_COUNT","NTFY_HIWY_MAINT","PED_COUNT","PED_DEATH_COUNT","PED_SUSP_SERIOUS_INJ_COUNT","PERSON_COUNT","POLICE_AGCY","POSSIBLE_INJ_COUNT","RDWY_SURF_TYPE_CD","RELATION_TO_ROAD","ROADWAY_CLEARED","ROAD_CONDITION","SCH_BUS_IND","SCH_ZONE_IND","SECONDARY_CRASH","SMALL_TRUCK_COUNT","SPEC_JURIS_CD","SUSP_MINOR_INJ_COUNT","SUSP_SERIOUS_INJ_COUNT","SUV_COUNT","TCD_FUNC_CD","TCD_TYPE","TFC_DETOUR_IND","TIME_OF_DAY","TOTAL_UNITS","TOT_INJ_COUNT","UNBELTED_OCC_COUNT","UNB_DEATH_COUNT","UNB_SUSP_SERIOUS_INJ_COUNT","UNK_INJ_DEG_COUNT","UNK_INJ_PER_COUNT","URBAN_RURAL","VAN_COUNT","VEHICLE_COUNT","VULNERABLE_ROAD_USER_COUNT","VULNERABLE_ROAD_USER_DEATH_COUNT","VULNERABLE_ROAD_USER_SER_INJ_COUNT","WEATHER1","WEATHER2","WORKERS_PRES","WORK_ZONE_IND","WORK_ZONE_LOC","WORK_ZONE_TYPE","WZ_CLOSE_DETOUR","WZ_FLAGGER","WZ_LAW_OFFCR_IND","WZ_LN_CLOSURE","WZ_MOVING","WZ_OTHER","WZ_SHLDER_MDN","WZ_WORKERS_INJ_KILLED"
"2020032160","1757","1","0","0","0","0","0","0","0","0","5","0","","67","4","2020","6","39.925428","-75.234553","1757","6","0","0","0","0","0","1","1","0","","0","0","0","17","1","1","N","0","0","39 55:31.540","","0","75 14:04.390","3","0","0","0","67301","0","0","0","N","0","0","0","4","67301","0","","1.0","","1","N","N","N","1","","1","0","1","0","0","","1755","4","1","0","0","0","0","0","2","1","4","0","0","0","3","","","N","","","","","","","","","",""
"2020033028","0835","0","0","0","0","0","0","0","0","0","4","0","","67","4","2020","6","40.042782","-75.076571","0830","6","0","0","0","0","0","1","0","0","","0","0","0","8","1","0","","1","1","40 02:34.015","3","0","75 04:35.655","0","0","0","0","67301","0","0","0","N","0","0","0","2","67301","0","","1.0","850.0","1","N","N","N","0","","0","0","1","3","2","N","830","2","0","0","0","0","0","0","2","1","2","0","0","0","3","03","","N","","","","","","","","","",""
"2020030389","0910","1","0","0","0","0","0","0","0","0","7","0","","67","3","2020","3","40.111391","-75.000736","0855","6","0","0","0","0","0","0","0","0","","0","0","0","8","1","0","","2","0","40 06:41.007","","0","75 00:02.648","0","0","0","0","67301","0","0","0","Y","0","0","0","1","67301","0","","5.0","","9","N","N","N","0","","0","0","0","0","0","","850","1","0","0","0","0","0","0","2","0","1","0","0","0","7","04","","N","","","","","","","","","",""
"2020031514","1856","1","0","0","0","0","0","0","0","0","7","0","","67","3","2020","2","39.960036","-75.18001","1854","6","0","0","0","1","0","0","0","0","","0","0","0","18","1","0","N","0","0","39 57:36.128","","0","75 10:48.036","0","0","0","0","67301","0","0","0","N","0","0","0","2","68K01","0","","2.0","","9","N","N","N","0","","0","0","0","0","0","","1850","1","0","0","0","0","0","0","2","0","1","0","0","0","7","","","N","","","","","","","","","",""
"2020039139","0216","0","0","0","0","0","0","0","0","0","4","0","","67","5","2020","6","39.96123","-75.146581","0213","6","0","0","0","0","0","0","0","0","","0","0","0","2","3","0","","1","1","39 57:40.427","3","0","75 08:47.691","0","0","0","1","67301","0","0","0","N","0","0","0","2","67301","0","","1.0","330.0","1","N","N","N","0","","0","0","1","3","2","Y","212","2","0","0","0","0","0","0","2","0","2","0","0","0","3","03","","N","","","","","","","","","",""
"2020038038","0850","1","0","0","0","0","0","0","0","0","0","0","","67","5","2020","2","40.01925","-75.190886","0845","6","0","0","0","0","0","0","0","0","","0","0","0","8","1","0","N","0","0","40 01:09.300","","0","75 11:27.190","0","0","0","0","67301","0","0","0","N","0","0","0","1","67301","0","","1.0","","9","N","N","N","0","","0","0","0","0","0","","835","1","0","0","0","0","0","0","2","0","1","0","0","0","7","07","","N","","","","","","","","","",""
"2020080455","1706","0","0","0","0","0","0","0","0","0","5","1","45","67","9","2020","5","39.945389","-75.190378","1634","6","0","0","0","0","0","0","0","0","","0","1","0","16","1","0","N","0","0","39 56:43.401","","0","75 11:25.361","0","0","0","0","67301","0","0","0","N","0","0","0","3","68K01","0","","1.0","","1","N","N","N","0","","0","0","0","3","3","","1632","2","0","0","0","0","0","0","2","1","2","0","0","0","3","","Y","Y","4","1","N","N","N","Y","N","N","N","N"
"2020078398","2331","0","0","0","0","0","0","0","0","0","7","0","","67","9","2020","5","39.981563","-75.207198","2331","6","0","0","0","0","0","0","0","0","","0","0","0","23","3","1","N","0","1","39 58:53.628","3","0","75 12:25.911","4","0","0","0","67301","0","0","0","N","0","0","0","4","68K01","1","","4.0","25.0","1","N","N","N","1","","0","0","0","0","0","N","2331","1","1","0","0","0","0","0","2","0","1","0","0","0","3","03","","N","","","","","","","","","",""
"2020001156","1710","0","0","0","0","0","0","0","0","0","4","0","","67","1","2020","6","40.060549","-75.019421","1656","6","0","0","0","0","0","0","0","0","","0","0","0","16","3","0","N","0","0","40 03:37.976","","0","75 01:09.917","0","0","0","0","67301","0","0","0","N","0","0","0","1","67301","0","","3.0","","9","N","N","N","0","","0","0","2","0","0","","1652","2","0","0","0","0","0","0","2","0","2","0","0","0","7","07","","N","","","","","","","","","",""
"2020038785","0135","2","0","0","0","0","0","0","0","0","4","0","","67","5","2020","6","40.009758","-75.095186","0121","6","0","0","0","0","0","0","0","0","","0","0","0","1","2","0","N","0","0","40 00:35.130","","7","75 05:42.670","0","0","0","0","67301","0","0","0","N","0","0","0","2","67301","0","","2.0","","1","N","N","N","0","","0","0","0","0","0","","121","2","0","0","0","0","0","0","2","0","2","0","0","0","3","","","N","","","","","","","","","",""
"2020032637","1205","1","0","0","0","0","0","0","0","0","7","0","","67","4","2020","1","39.95892","-75.156737","2359","6","0","0","0","0","0","0","0","0","","0","0","0","23","2","0","","1","0","39 57:32.111","","0","75 09:24.253","0","0","0","0","67301","0","0","0","N","0","0","0","1","67301","0","","4.0","","9","N","N","N","0","","0","0","0","3","2","","2356","1","0","0","0","0","0","0","2","0","1","0","0","0","7","","","N","","","","","","","","","",""
"2020041954","1715","2","0","0","0","0","0","0","0","0","5","0","","67","4","2020","6","39.981052","-75.206641","1715","6","0","0","0","0","0","0","0","0","","0","0","0","17","1","0","N","0","0","39 58:51.788","","0","75 12:23.906","0","0","0","0","67301","0","0","0","N","0","0","0","2","68K01","0","","1.0","","9","N","N","N","0","","0","0","0","0","0","","1715","2","0","0","0","0","0","0","2","0","2","0","0","0","7","","","N","","","","","","","","","",""
"2020030839","1005","0","0","0","0","0","0","0","0","0","4","0","","67","4","2020","5","39.978916","-75.232258","1000","6","0","0","0","0","0","0","0","1","","0","0","0","9","1","0","","1","0","39 58:44.097","","0","75 13:56.128","0","0","0","0","67301","0","0","0","N","0","0","0","2","67301","0","","1.0","","1","N","N","N","1","","0","0","1","3","3","","934","2","0","0","0","0","0","0","2","0","2","0","0","0","3","03","","N","","","","","","","","","",""
"2020033181","0555","1","0","0","0","0","0","0","0","0","8","0","","67","3","2020","2","40.027517","-75.209737","0545","6","0","0","0","0","0","1","0","0","","0","0","0","5","5","1","N","0","0","40 01:39.060","","0","75 12:35.053","8","0","0","0","67301","1","0","0","N","1","0","0","2","67301","0","","1.0","","1","N","N","N","0","","0","0","0","0","0","","535","2","1","0","0","0","1","0","2","0","1","1","0","0","3","03","","N","","","","","","","","","",""
"2020034039","1913","1","0","0","0","0","0","0","0","0","0","0","","67","3","2020","2","39.982079","-75.207607","1913","6","0","0","0","0","0","0","0","0","","0","0","0","19","3","0","N","0","2","39 58:55.485","3","0","75 12:27.385","0","0","0","0","67301","0","0","0","N","0","0","0","2","68K01","0","","4.0","30.0","9","N","N","N","0","","0","0","0","0","0","N","1901","1","0","0","0","0","0","0","2","0","1","0","0","0","4","","","N","","","","","","","","","",""
"2020030903","1420","1","0","0","0","0","0","0","0","0","7","0","","67","4","2020","6","39.995891","-75.191423","1409","6","0","0","0","0","0","0","0","0","","0","0","0","13","1","0","","3","0","39 59:45.209","","0","75 11:29.122","0","0","0","0","67301","0","0","0","N","0","0","0","1","67301","0","","2.0","","1","N","N","N","0","","0","0","0","0","0","","1330","1","0","1","0","0","0","0","2","0","1","0","0","0","3","03","","N","","","","","","","","","",""
"2020032456","2018","0","0","0","0","0","0","0","0","0","4","0","","67","4","2020","6","39.988058","-75.182408","2020","6","0","0","0","0","0","1","0","0","","0","0","0","20","3","0","","5","0","39 59:17.008","","0","75 10:56.669","0","0","0","0","67301","0","0","0","N","0","0","0","2","67301","0","","1.0","","1","N","N","N","0","","0","0","2","3","2","","2015","2","0","0","0","0","0","0","2","0","2","0","0","0","3","03","","N","","","","","","","","","",""
"2020032251","1932","7","0","0","0","0","0","0","0","0","1","0","","67","4","2020","6","39.956769","-75.211376","1925","6","0","0","0","0","0","0","0","0","","0","0","0","19","4","1","N","1","0","39 57:24.369","","0","75 12:40.953","2","0","0","0","67301","0","0","0","N","0","0","0","4","67301","0","","1.0","","1","N","N","N","0","","0","1","3","3","2","","1925","11","1","4","0","1","0","0","2","1","11","0","0","0","3","","","N","","","","","","","","","",""
"2020036526","2032","2","0","0","0","0","0","0","0","0","4","0","","67","4","2020","6","40.028579","-75.033945","2030","6","0","0","0","0","0","0","0","0","","0","0","0","20","3","0","","1","0","40 01:42.885","","0","75 02:02.202","9","0","0","0","67301","0","0","0","N","0","0","0","2","67301","0","","1.0","","1","N","N","N","0","","0","0","0","3","2","","2030","2","0","0","0","0","0","2","2","0","2","0","0","0","3","","","N","","","","","","","","","",""
"2020033127","0325","0","0","0","0","0","0","0","0","0","4","0","","67","4","2020","6","40.003666","-75.168958","0320","6","0","0","0","0","0","0","0","0","","0","0","0","3","3","1","","5","2","40 00:13.197","7","0","75 10:08.247","3","0","0","0","67301","0","0","0","N","0","0","0","3","67301","0","","1.0","503.0","1","N","N","N","1","","1","0","1","3","1","Y","318","2","1","0","0","0","0","0","2","0","2","0","0","0","3","03","","N","","","","","","","","","",""
"2020070331","0023","0","0","0","0","0","0","0","0","0","4","0","","67","8","2020","3","39.992999","-75.134514","0021","6","0","0","0","0","0","0","0","0","","0","0","0","0","3","1","","1","0","39 59:34.796","","0","75 08:04.250","4","0","0","0","67301","0","0","0","N","0","0","0","2","67301","1","","1.0","","1","N","N","Y","0","","0","0","0","3","2","","15","2","1","1","0","0","0","1","2","2","2","0","0","0","3","03","","N","","","","","","","","","",""
"2020030621","1800","2","0","0","0","0","0","0","0","0","4","0","","67","4","2020","4","39.953609","-75.198625","1758","6","0","0","0","0","0","0","0","0","","0","0","0","17","1","0","N","1","2","39 57:12.991","4","0","75 11:55.051","0","0","0","0","67301","0","0","0","N","0","0","0","2","67504","0","","1.0","1842.0","1","N","N","N","0","","0","0","0","3","2","Y","1757","2","0","1","0","0","0","0","2","0","2","0","0","0","3","03","","N","","","","","","","","","",""
"2020032129","1540","1","0","0","0","0","0","0","0","0","3","0","","67","4","2020","6","40.06431","-75.153541","1535","6","0","0","0","0","0","0","0","0","","0","0","0","15","1","3","","5","0","40 03:51.516","","0","75 09:12.747","8","0","0","0","67301","0","0","0","N","0","0","0","4","67301","0","","1.0","","1","N","N","N","1","","0","0","2","3","2","","1522","4","3","3","0","0","3","1","2","0","4","0","0","0","3","03","","N","","","","","","","","","",""
"2020031329","2155","2","0","0","0","0","0","0","0","0","4","0","","67","4","2020","6","40.012063","-75.136521","2147","6","0","0","0","0","0","0","0","0","","0","0","0","21","3","0","","1","0","40 00:43.426","","0","75 08:11.475","0","0","0","0","67301","0","0","0","N","0","0","0","2","67301","0","","1.0","","1","N","N","N","0","","0","0","0","3","3","","2104","3","0","0","0","0","0","0","2","0","3","0","0","0","3","03","","N","","","","","","","","","",""
"2020031118","1255","0","0","0","0","0","0","0","0","0","4","0","","67","4","2020","7","40.027987","-75.057417","1252","6","0","0","0","0","0","1","0","0","","0","0","0","12","1","1","","1","0","40 01:40.752","","0","75 03:26.701","3","0","0","0","67301","0","0","0","N","0","0","0","2","67301","0","","1.0","","1","N","N","N","0","","1","0","1","3","2","","1251","2","1","2","0","0","0","0","2","1","2","0","0","0","3","03","","N","","","","","","","","","",""
"2020032006","1620","2","0","0","0","0","0","0","0","0","4","0","","67","4","2020","5","39.982651","-75.227038","1613","6","0","0","0","0","1","1","0","0","","0","0","0","15","1","0","","3","0","39 58:57.545","","0","75 13:37.336","0","0","0","0","67301","0","0","0","N","0","0","0","3","67301","0","","1.0","","1","N","N","N","0","","0","0","0","3","2","","1508","2","0","0","0","0","0","0","2","0","2","0","0","0","3","03","","N","","","","","","","","","",""
"2020032402","0020","5","0","0","0","0","0","0","0","0","5","0","","67","4","2020","1","40.018333","-75.057954","0016","6","0","0","0","0","0","0","0","0","","0","0","0","0","3","1","N","0","0","40 01:05.998","","0","75 03:28.634","3","0","0","0","67301","0","0","0","N","0","0","0","1","67301","0","","6.0","","1","N","N","N","0","","1","0","0","0","0","","15","5","1","0","0","0","0","0","2","0","5","0","0","0","3","","","N","","","","","","","","","",""
"2020031444","2023","1","0","0","0","0","0","0","0","0","4","0","","67","4","2020","2","40.091549","-74.965606","2019","6","0","0","0","0","0","0","0","0","","0","0","0","20","3","0","","2","0","40 05:29.578","","7","74 57:56.181","0","0","0","0","67301","0","0","0","N","0","0","0","4","67301","0","","1.0","","1","N","N","N","0","","0","0","0","3","2","","2017","2","0","1","0","0","0","0","2","1","2","0","0","0","3","03","","N","","","","","","","","","",""
"2020031629","1824","2","0","0","0","0","0","0","0","0","4","0","","67","4","2020","3","40.037062","-75.160366","1824","6","0","0","0","0","0","1","0","0","","0","0","0","18","1","1","","2","0","40 02:13.423","","0","75 09:37.317","3","0","0","0","67301","0","0","0","N","0","0","0","2","67301","0","","1.0","","1","N","N","N","0","","1","0","0","3","3","","1800","2","1","0","0","0","0","0","2","0","2","0","0","0","3","03","","N","","","","","","","","","",""
"2020071972","0045","2","0","0","0","0","0","0","1","0","4","0","","67","8","2020","1","40.00713","-75.094069","0042","6","0","0","0","0","0","0","0","0","","2","0","0","0","3","1","N","1","2","40 00:25.667","7","1","75 05:38.650","1","0","0","0","67301","0","0","0","N","0","0","0","6","67301","1","2","1.0","345.0","1","N","N","N","0","0","0","0","0","3","2","Y","42","2","1","6","2","0","0","0","2","0","2","0","0","0","3","03","","N","","","","","","","","","",""
"2020031326","1839","1","0","0","0","0","0","0","0","0","7","0","","67","4","2020","1","40.118983","-75.018214","1831","6","0","0","0","0","0","0","0","0","","0","0","0","18","1","0","N","0","0","40 07:08.340","","0","75 01:05.570","9","0","0","0","67301","0","0","0","N","0","0","0","1","67301","0","","5.0","","1","N","N","N","0","","0","0","0","0","0","","1820","1","0","0","0","0","0","1","2","0","1","0","0","0","3","","","N","","","","","","","","","",""
"2020079688","1910","2","0","0","0","0","0","0","0","0","4","0","","67","9","2020","4","39.963255","-75.188499","1903","6","0","0","0","0","0","0","0","0","","0","0","0","18","4","1","","1","0","39 57:47.719","","0","75 11:18.596","8","0","0","0","67301","0","0","0","N","0","0","0","1","67301","0","","1.0","","1","N","N","N","0","","0","0","0","3","2","","1827","2","1","1","0","0","1","0","2","0","2","0","0","0","3","","","N","","","","","","","","","",""
"2020038035","1224","1","0","0","0","0","0","0","0","0","4","0","","67","5","2020","2","40.024266","-75.145707","1214","6","0","0","0","0","0","0","0","0","","0","0","0","11","1","1","","1","0","40 01:27.357","","0","75 08:44.545","8","0","0","0","67301","0","0","0","N","0","0","0","2","67301","0","","1.0","","1","N","N","N","0","","0","0","0","3","3","","1149","2","1","0","0","0","1","0","2","1","2","0","0","0","3","03","","N","","","","","","","","","",""
"2020026959","0745","0","0","0","1","0","0","0","0","0","8","0","","67","3","2020","4","39.959083","-75.170318","0737","6","0","0","0","0","0","0","0","0","","0","0","0","7","1","1","","1","0","39 57:32.699","","0","75 10:13.146","4","0","0","0","67301","1","0","0","N","0","0","0","2","67301","1","","1.0","","1","N","N","N","0","","0","0","1","3","1","","735","2","1","0","0","0","0","0","2","0","1","1","0","0","3","03","","N","","","","","","","","","",""
"2020039424","1655","0","0","0","0","0","0","0","0","0","4","1","","67","5","2020","1","40.021492","-75.176859","1653","6","0","0","0","0","0","0","0","0","","0","1","0","16","1","1","","2","0","40 01:17.371","","0","75 10:36.694","8","0","0","0","67301","0","0","0","N","0","0","0","2","67301","0","","1.0","","1","N","N","N","0","","0","0","1","3","3","","1650","2","1","0","0","0","1","1","2","0","2","0","0","0","4","","","N","","","","","","","","","",""
"2020030496","2145","1","0","0","0","0","0","0","0","0","4","0","","67","3","2020","2","40.056616","-75.013154","2140","6","0","0","0","0","0","0","0","0","","0","0","0","21","3","0","","1","0","40 03:23.817","","0","75 00:47.353","9","0","0","0","67301","0","0","0","N","0","0","0","3","67301","0","","1.0","","1","N","N","N","0","","0","0","1","3","2","","2138","2","0","0","0","0","0","1","2","0","2","0","0","0","3","03","","N","","","","","","","","","",""
"2020031842","2054","0","0","0","0","0","0","0","0","0","7","0","","67","4","2020","3","39.976368","-75.192705","2054","6","0","0","0","0","0","1","0","0","","0","0","0","20","3","1","N","0","0","39 58:34.924","","0","75 11:33.738","4","0","0","0","67301","0","0","0","N","0","0","0","1","67301","1","","1.0","","1","N","N","N","0","","0","0","1","0","0","","2054","1","1","1","0","0","0","0","2","0","1","0","0","0","3","03","","N","","","","","","","","","",""
"2020031075","0556","1","0","0","0","0","0","0","0","0","7","0","","67","3","2020","3","40.031002","-75.021754","0551","6","0","0","0","0","0","0","0","0","","0","0","0","5","3","0","N","0","1","40 01:51.608","2","0","75 01:18.313","0","0","0","0","67301","0","0","0","N","0","0","0","1","68K01","0","","3.0","615.0","9","N","N","N","0","","0","0","0","0","0","N","545","1","0","0","0","0","0","0","2","0","1","0","0","0","7","03","","N","","","","","","","","","",""
"2020001425","0800","2","0","0","0","0","0","0","0","0","5","0","","67","1","2020","1","40.068414","-75.159944","0800","6","0","0","0","0","0","0","0","0","","0","0","0","7","5","0","N","0","0","40 04:06.290","","0","75 09:35.800","0","0","0","0","67301","0","0","0","N","0","0","0","1","67301","0","","6.0","","1","N","N","N","0","","0","0","1","3","3","","737","3","0","0","0","0","0","0","2","0","3","0","0","0","3","03","","N","","","","","","","","","",""
"2020006868","1305","0","0","0","0","0","0","0","0","0","1","0","","67","1","2020","6","40.044692","-75.054594","1252","6","0","0","0","0","0","0","0","0","","0","0","0","11","1","1","","1","0","40 02:40.890","","0","75 03:16.537","8","0","0","0","67301","0","0","0","N","0","0","0","6","67301","0","","1.0","","1","N","N","N","0","","0","0","0","3","2","","1100","3","1","0","0","0","1","0","2","1","3","0","0","0","3","03","","N","","","","","","","","","",""
"2020030976","1902","2","0","0","0","0","0","0","0","0","4","0","","67","4","2020","6","40.046243","-75.166073","1901","6","0","0","0","0","0","0","0","0","","0","0","0","19","4","0","","1","0","40 02:46.473","","0","75 09:57.863","0","0","0","0","67301","0","0","0","N","0","0","0","2","67301","0","","1.0","","1","N","N","N","0","","0","0","0","3","3","","1900","2","0","0","0","0","0","0","2","0","2","0","0","0","3","03","","N","","","","","","","","","",""
"2020030681","2054","2","0","0","0","0","0","0","0","0","4","0","","67","3","2020","3","39.940698","-75.224153","2052","6","0","0","0","0","0","0","0","0","","0","0","0","20","3","1","","1","0","39 56:26.512","","0","75 13:26.950","2","0","0","0","67301","0","0","0","N","0","0","0","2","67301","0","","1.0","","1","N","N","N","0","","0","1","0","3","2","","2051","2","1","0","0","0","0","0","2","0","2","0","0","0","3","03","","N","","","","","","","","","",""
"2020076714","1859","1","0","0","0","0","0","0","0","0","1","0","","67","8","2020","3","39.959174","-75.172343","1859","6","0","0","0","0","0","0","0","0","","0","0","0","18","1","0","N","0","1","39 57:33.025","4","0","75 10:20.434","9","0","0","0","67301","0","0","0","N","0","0","0","2","68K01","0","","1.0","1905.0","1","N","N","N","0","","0","0","0","0","0","N","1859","2","0","0","0","0","0","1","2","0","2","0","0","0","3","03","","N","","","","","","","","","",""
"2020035209","2244","0","0","0","0","0","0","0","0","0","5","0","","67","4","2020","7","39.942883","-75.215017","2148","6","0","0","0","0","0","0","0","0","","0","0","0","20","3","0","N","0","0","39 56:34.380","","0","75 12:54.060","0","0","0","0","67301","0","0","0","N","0","0","0","1","67301","0","","6.0","","1","N","N","Y","0","","0","0","2","3","2","","2051","2","0","0","0","0","0","0","2","0","2","0","0","0","3","","","N","","","","","","","","","",""
"2020034872","0145","2","0","0","0","0","0","0","0","0","4","0","","67","4","2020","7","39.980367","-75.17092","0145","6","0","0","0","0","0","0","0","0","","0","0","0","23","3","0","","1","0","39 58:49.320","","0","75 10:15.311","0","0","0","0","67301","0","0","0","N","0","0","0","2","67301","0","","1.0","","9","N","N","N","0","","0","0","0","3","1","","2355","2","0","0","0","0","0","0","2","0","2","0","0","0","7","04","","N","","","","","","","","","",""
"2020040576","1848","1","0","0","0","0","0","0","0","0","5","0","","67","5","2020","6","39.963253","-75.177139","1848","6","0","0","0","0","0","0","0","0","","0","0","0","18","1","1","","5","0","39 57:47.711","","0","75 10:37.700","3","0","0","1","67301","0","0","0","N","0","0","0","2","67301","0","","1.0","","1","N","N","N","0","","1","0","0","3","2","","1847","2","1","0","0","0","0","0","2","0","2","0","0","0","3","03","","N","","","","","","","","","",""
"2020035802","2235","1","0","0","0","0","0","0","0","0","2","0","","67","4","2020","2","40.031019","-75.149492","2221","6","0","0","0","0","0","1","0","0","","0","0","0","21","3","0","N","0","0","40 01:51.670","","0","75 08:58.170","9","0","0","0","67301","0","0","0","N","0","0","0","1","67301","0","","6.0","","1","N","N","N","0","","0","0","0","0","0","","2142","3","0","0","0","0","0","1","2","2","3","0","0","0","3","","","N","","","","","","","","","",""
"2020035867","1637","0","0","0","0","0","0","0","0","0","4","0","","67","4","2020","5","40.007441","-75.125171","1637","6","0","0","0","0","0","0","0","0","","0","0","0","16","1","2","","2","0","40 00:26.789","","0","75 07:30.615","3","0","0","0","67301","0","0","0","N","0","0","0","2","67301","0","","1.0","","1","N","N","N","0","","2","0","1","3","2","","1637","2","2","0","0","0","0","0","2","1","2","0","0","0","3","03","","N","","","","","","","","","",""
"2020035013","0935","2","0","0","0","0","0","0","0","0","4","0","","67","4","2020","1","40.037892","-75.139495","0923","6","0","0","0","0","0","0","0","0","","0","0","0","9","1","0","","1","0","40 02:16.411","","0","75 08:22.183","0","0","0","0","67301","0","0","0","N","0","0","0","2","67301","0","","1.0","","9","N","N","N","0","","0","0","0","3","2","","907","2","0","0","0","0","0","0","2","0","2","0","0","0","7","04","","N","","","","","","","","","",""
"2020040099","1328","1","0","0","0","0","0","0","0","0","7","0","","67","5","2020","7","40.005731","-75.09952","1325","6","0","0","0","0","0","0","0","0","","0","0","0","13","1","1","N","0","0","40 00:20.630","","0","75 05:58.273","3","0","0","0","67301","0","0","0","N","0","0","0","1","67301","0","","5.0","","1","N","N","N","0","","1","0","0","0","0","","1323","1","1","0","0","0","0","0","2","0","1","0","0","0","3","03","","N","","","","","","","","","",""
"2020073899","0305","2","0","0","0","0","0","0","0","0","5","0","","67","8","2020","2","40.022467","-75.151108","0300","6","0","0","0","0","0","0","0","0","","0","0","0","3","3","0","N","0","0","40 01:20.880","","0","75 09:03.990","9","0","0","0","67301","0","0","0","N","0","0","0","1","67301","0","","1.0","","1","N","N","N","0","","0","0","0","0","0","","300","2","0","0","0","0","0","1","2","0","2","0","0","0","3","","","N","","","","","","","","","",""
"2020068068","2144","1","0","0","0","0","0","0","0","0","1","0","","67","7","2020","1","39.968213","-75.129141","2138","6","0","0","0","0","0","0","0","0","","0","0","0","20","3","0","N","0","0","39 58:05.565","","0","75 07:44.909","9","0","0","0","67301","0","0","0","N","0","0","0","2","68K01","0","","1.0","","1","N","N","N","0","","0","0","1","0","0","","2035","2","0","0","0","0","0","1","2","0","2","0","0","0","3","03","","N","","","","","","","","","",""
"2020073408","2343","1","0","0","0","0","0","0","0","0","8","0","","67","9","2020","1","39.937868","-75.166809","2342","6","0","0","0","0","0","0","0","0","","1","0","0","23","3","1","N","1","2","39 56:16.326","5","0","75 10:00.512","1","0","0","0","67301","1","1","0","N","1","1","0","2","67301","0","2","1.0","330.0","1","N","N","N","0","0","1","0","0","3","2","Y","2329","2","1","0","0","0","0","0","2","0","1","1","1","0","3","","","N","","","","","","","","","",""
"2020033287","1626","0","0","0","0","0","0","0","0","0","1","0","","67","4","2020","4","39.917443","-75.21347","1619","6","0","0","0","0","0","1","0","0","","0","0","0","16","1","1","N","0","2","39 55:02.795","6","0","75 12:48.493","3","0","0","0","67301","0","0","0","N","0","0","0","2","67301","0","","5.0","1628.0","1","N","N","Y","0","","1","0","2","0","0","N","1618","3","1","0","0","0","0","0","2","0","3","0","0","0","3","03","","N","","","","","","","","","",""
"2020034867","1826","1","0","0","0","0","0","0","0","0","4","0","","67","4","2020","5","40.055596","-75.181285","1826","6","0","0","0","0","0","0","0","0","","0","0","0","18","1","1","","1","0","40 03:20.145","","0","75 10:52.627","3","0","0","0","67301","0","0","0","N","0","0","0","4","67301","0","","1.0","","9","N","N","N","0","","1","0","1","9","3","","1825","2","1","0","0","0","0","0","2","0","2","0","0","0","7","04","","N","","","","","","","","","",""
"2020035400","1503","1","0","0","0","0","0","0","0","0","7","0","","67","4","2020","3","39.973024","-75.121139","1454","6","0","0","0","0","0","0","0","0","","0","0","0","14","1","0","N","0","0","39 58:22.888","","0","75 07:16.100","0","0","0","0","67301","0","0","0","N","0","0","0","1","68K01","0","","3.0","","9","N","N","N","0","","0","0","0","0","0","","1450","1","0","0","0","0","0","0","2","0","1","0","0","0","7","04","","N","","","","","","","","","",""
"2020073328","1917","2","0","0","0","0","0","0","0","0","4","0","","67","8","2020","7","39.959344","-75.173576","1905","6","0","0","0","1","0","1","0","0","","0","0","0","19","1","1","N","0","2","39 57:33.640","4","0","75 10:24.873","3","0","0","0","67301","0","0","0","N","0","0","0","4","68K01","0","","1.0","30.0","1","N","N","N","0","","1","0","1","0","0","N","1902","3","1","0","0","0","0","0","2","0","3","0","0","0","3","","","N","","","","","","","","","",""