"CRN","ARRIVAL_TM","AUTOMOBILE_COUNT","BELTED_DEATH_COUNT","BELTED_SUSP_SERIOUS_INJ_COUNT","BICYCLE_COUNT","BICYCLE_DEATH_COUNT","BICYCLE_SUSP_SERIOUS_INJ_COUNT","BUS_COUNT","CHLDPAS_DEATH_COUNT","CHLDPAS_SUSP_SERIOUS_INJ_COUNT","COLLISION_TYPE","COMM_VEH_COUNT","CONS_ZONE_SPD_LIM","COUNTY","CRASH_MONTH","CRASH_YEAR","DAY_OF_WEEK","DEC_LATITUDE","DEC_LONGITUDE","DISPATCH_TM","DISTRICT","DRIVER_COUNT_16YR","DRIVER_COUNT_17YR","DRIVER_COUNT_18YR","DRIVER_COUNT_19YR","DRIVER_COUNT_20YR","DRIVER_COUNT_50_64YR","DRIVER_COUNT_65_74YR","DRIVER_COUNT_75PLUS","EST_HRS_CLOSED","FATAL_COUNT","HEAVY_TRUCK_COUNT","HORSE_BUGGY_COUNT","HOUR_OF_DAY","ILLUMINATION","INJURY_COUNT","INTERSECTION_RELATED","INTERSECT_TYPE","LANE_CLOSED","LATITUDE","LN_CLOSE_DIR","LOCATION_TYPE","LONGITUDE","MAX_SEVERITY_LEVEL","MCYCLE_DEATH_COUNT","MCYCLE_SUSP_SERIOUS_INJ_COUNT","MOTORCYCLE_COUNT","MUNICIPALITY","NONMOTR_COUNT","NONMOTR_DEATH_COUNT","NONMOTR_SUSP_SERIOUS_INJ_COUNT","NTFY_HIWY_MAINT","PED_COUNT","PED_DEATH_COUNT","PED_SUSP_SERIOUS_INJ_COUNT","PERSON_COUNT","POLICE_AGCY","POSSIBLE_INJ_COUNT","RDWY_SURF_TYPE_CD","RELATION_TO_ROAD","ROADWAY_CLEARED","ROAD_CONDITION","SCH_BUS_IND","SCH_ZONE_IND","SECONDARY_CRASH","SMALL_TRUCK_COUNT","SPEC_JURIS_CD","SUSP_MINOR_INJ_COUNT","SUSP_SERIOUS_INJ_COUNT","SUV_COUNT","TCD_FUNC_CD","TCD_TYPE","TFC_DETOUR_IND","TIME_OF_DAY","TOTAL_UNITS","TOT_INJ_COUNT","UNBELTED_OCC_COUNT","UNB_DEATH_COUNT","UNB_SUSP_SERIOUS_INJ_COUNT","UNK_INJ_DEG_COUNT","UNK_INJ_PER_COUNT","URBAN_RURAL","VAN_COUNT","VEHICLE_COUNT","VULNERABLE_ROAD_USER_COUNT","VULNERABLE_ROAD_USER_DEATH_COUNT","VULNERABLE_ROAD_USER_SER_INJ_COUNT","WEATHER1","WEATHER2","WORKERS_PRES","WORK_ZONE_IND","WORK_ZONE_LOC","WORK_ZONE_TYPE","WZ_CLOSE_DETOUR","WZ_FLAGGER","WZ_LAW_OFFCR_IND","WZ_LN_CLOSURE","WZ_MOVING","WZ_OTHER","WZ_SHLDER_MDN","WZ_WORKERS_INJ_KILLED"
"2020080431","0924","0","0","0","0","0","0","0","0","0","1","1","45","67","9","2020","2","39.993964","-75.084569","0916","6","0","0","0","0","0","1","0","0","","0","0","0","9","1","2","N","0","2","39 59:38.270","2","0","75 05:04.448","3","0","0","0","67301","0","0","0","N","0","0","0","4","68K01","0","","1.0","130.0","1","N","N","N","2","","2","0","1","0","0","N","915","3","2","0","0","0","0","0","2","0","3","0","0","0","3","","Y","Y","4","1","N","N","N","N","N","N","Y","N"
"2020041389","1450","0","0","0","0","0","0","0","0","0","7","0","","67","5","2020","6","39.915363","-75.147918","1434","6","0","0","0","0","0","0","0","0","","0","0","0","14","1","0","N","0","0","39 54:55.307","","0","75 08:52.506","0","0","0","0","67301","0","0","0","N","0","0","0","1","68K01","0","","4.0","","1","N","N","N","0","","0","0","1","0","0","","1434","1","0","1","0","0","0","0","2","0","1","0","0","0","3","","","N","","","","","","","","","",""
"2020075133","0310","1","0","0","0","0","0","0","0","0","5","1","","67","9","2020","2","40.010208","-75.185439","0258","6","0","0","0","0","0","0","0","0","","0","1","0","2","3","0","N","0","2","40 00:36.749","1","1","75 11:07.581","9","0","0","0","67301","0","0","0","N","0","0","0","2","67301","0","","1.0","631.0","1","N","N","N","0","","0","0","0","0","0","N","256","2","0","0","0","0","0","1","2","0","2","0","0","0","3","03","","N","","","","","","","","","",""
"2020035080","1000","1","0","0","0","0","0","0","0","0","4","0","","67","4","2020","6","39.977194","-75.179787","1000","6","0","0","0","0","0","0","0","0","","0","0","0","22","3","1","","1","0","39 58:37.898","","0","75 10:47.233","3","0","0","0","67301","0","0","0","N","0","0","0","2","67301","0","","1.0","","1","N","N","N","0","","1","0","1","3","3","","2200","2","1","0","0","0","0","1","2","0","2","0","0","0","3","04","","N","","","","","","","","","",""
"2020034534","1152","1","0","0","0","0","0","0","0","0","4","0","","67","4","2020","5","39.991709","-75.161643","1149","6","0","0","0","0","0","1","0","0","","0","0","0","11","1","0","","1","0","39 59:30.152","","0","75 09:41.914","9","0","0","0","67301","0","0","0","N","0","0","0","2","67301","0","","1.0","","1","N","N","N","0","","0","0","1","9","3","","1145","2","0","1","0","0","0","1","2","0","2","0","0","0","3","03","","N","","","","","","","","","",""
"2020035406","2346","0","0","0","0","0","0","0","0","0","7","0","","67","4","2020","6","40.050639","-74.991218","2323","6","0","0","0","1","0","0","0","0","","0","0","0","23","3","1","N","0","0","40 03:02.299","","0","74 59:28.386","8","0","0","0","67301","0","0","0","N","0","0","0","3","68K01","0","","3.0","","1","N","N","N","0","","0","0","1","0","0","","2307","1","1","0","0","0","1","0","2","0","1","0","0","0","3","03","","N","","","","","","","","","",""
"2020039820","0917","1","0","0","0","0","0","0","0","0","7","0","","67","4","2020","1","39.983311","-75.208032","0915","6","0","0","0","0","0","0","0","0","","0","0","0","9","1","1","N","0","0","39 58:59.918","","0","75 12:28.914","3","0","0","0","67301","0","0","0","N","0","0","0","2","68K01","0","","2.0","","9","N","N","N","0","","1","0","0","0","0","","915","1","1","0","0","0","0","0","2","0","1","0","0","0","7","","","N","","","","","","","","","",""
"2020036860","1142","1","0","0","0","0","0","0","0","0","7","0","","67","4","2020","6","39.96007","-75.180268","1141","6","0","0","0","0","0","1","0","0","","0","0","0","11","1","0","N","0","2","39 57:36.253","3","0","75 10:48.966","0","0","0","0","67301","0","0","0","N","0","0","0","1","68K01","0","","2.0","1200.0","9","N","N","N","0","","0","0","0","0","0","N","1140","1","0","0","0","0","0","0","2","0","1","0","0","0","7","07","","N","","","","","","","","","",""
"2020070365","0850","2","0","0","0","0","0","0","0","0","4","0","","67","8","2020","7","39.93613","-75.175329","0850","6","0","0","0","0","0","0","0","0","","0","0","0","8","1","1","","1","0","39 56:10.067","","0","75 10:31.184","8","0","0","0","67301","0","0","0","N","0","0","0","2","67301","0","","1.0","","1","N","N","N","0","","0","0","0","3","3","","825","2","1","0","0","0","1","0","2","0","2","0","0","0","3","03","","N","","","","","","","","","",""
"2020071419","0957","1","0","0","0","0","0","0","0","0","7","0","","67","8","2020","1","40.011243","-75.150698","0957","6","0","0","0","0","0","0","0","0","","0","0","0","3","3","0","N","0","0","40 00:40.476","","0","75 09:02.514","0","0","0","0","67301","0","0","0","N","0","0","0","0","67301","0","","2.0","","1","N","N","N","0","","0","0","0","0","0","","300","1","0","0","0","0","0","0","2","0","1","0","0","0","3","03","","N","","","","","","","","","",""
"2020072180","1105","1","0","0","0","0","0","0","0","0","5","1","","67","9","2020","5","40.093443","-75.016102","1045","6","0","0","0","0","0","0","0","0","","0","1","0","10","1","0","N","0","1","40 05:36.395","1","6","75 00:57.967","0","0","0","0","67301","0","0","0","N","0","0","0","3","67301","0","","1.0","1219.0","1","N","N","N","0","","0","0","0","0","0","N","1045","2","0","0","0","0","0","0","2","0","2","0","0","0","3","03","","N","","","","","","","","","",""
"2020078715","1331","0","0","0","0","0","0","0","0","0","8","0","","67","9","2020","2","39.97089","-75.230653","1330","6","0","0","0","0","0","0","0","0","","0","0","0","12","1","1","","1","9","39 58:15.204","","99","75 13:50.351","3","0","0","0","67301","1","0","0","N","1","0","0","2","67301","0","","1.0","","1","N","N","N","0","","1","0","1","3","2","","1225","2","1","0","0","0","0","1","2","0","1","1","0","0","3","03","","N","","","","","","","","","",""
"2020032961","0046","2","0","0","0","0","0","0","0","0","4","0","","67","4","2020","4","39.987068","-75.10506","0046","6","0","0","0","0","0","0","0","0","","0","0","0","0","3","0","","1","0","39 59:13.445","","0","75 06:18.215","0","0","0","0","67301","0","0","0","N","0","0","0","2","67301","0","","1.0","","9","N","N","N","0","","0","0","4","3","2","","46","7","0","1","0","0","0","0","2","1","7","0","0","0","7","07","","N","","","","","","","","","",""
"2020079878","0424","1","0","0","0","0","0","0","0","0","7","0","","67","9","2020","6","39.959657","-75.172808","0422","6","0","0","0","0","0","0","0","0","","1","0","0","4","3","1","N","0","2","39 57:34.766","6","0","75 10:22.109","1","0","0","0","67301","0","0","0","N","0","0","0","4","67301","0","2","4.0","800.0","1","N","N","N","0","0","1","0","0","3","2","Y","419","1","1","0","0","0","0","0","2","0","1","0","0","0","3","03","","N","","","","","","","","","",""
"2020040288","1505","1","0","0","1","0","0","0","0","0","8","0","","67","5","2020","6","39.969718","-75.141518","1459","6","0","0","0","0","0","0","0","0","","0","0","0","14","1","1","","1","1","39 58:10.985","4","0","75 08:29.466","3","0","0","0","67301","1","0","0","N","0","0","0","2","67301","0","","1.0","30.0","1","N","N","N","0","","1","0","0","3","2","N","1445","2","1","0","0","0","0","0","2","0","1","1","0","0","3","","","N","","","","","","","","","",""
"2020039192","0230","1","0","0","0","0","0","0","0","0","1","0","","67","5","2020","7","40.093221","-75.029971","0214","6","0","0","0","0","0","0","0","0","","0","0","0","2","3","1","N","0","0","40 05:35.595","","0","75 01:47.894","3","0","0","0","67301","0","0","0","N","0","0","0","2","67301","0","","6.0","","1","N","N","N","0","","1","0","2","0","0","","214","3","1","0","0","0","0","0","2","0","3","0","0","0","3","","","N","","","","","","","","","",""
"2020058419","1620","0","0","0","0","0","0","0","0","0","4","0","","67","7","2020","5","39.904061","-75.240291","1615","6","0","0","0","0","0","1","0","0","","0","0","0","15","1","0","","1","0","39 54:14.619","","0","75 14:25.049","9","0","0","0","67301","0","0","0","N","0","0","0","2","67301","0","","1.0","","1","N","N","N","1","","0","0","1","3","2","","1508","2","0","0","0","0","0","2","2","0","2","0","0","0","3","03","","N","","","","","","","","","",""
"2020080641","1307","1","0","0","0","0","0","0","0","0","8","0","","67","9","2020","3","40.021529","-75.051773","1256","6","0","0","0","0","0","0","0","0","","0","0","0","12","1","1","","1","0","40 01:17.505","","0","75 03:06.381","3","0","0","0","67301","1","0","0","N","1","0","0","1","67301","0","","1.0","","1","N","N","N","0","","1","0","0","3","2","","1250","2","1","0","0","0","0","0","2","0","1","1","0","0","4","04","","N","","","","","","","","","",""
"2020032004","2130","3","0","0","0","0","0","0","0","0","1","0","","67","4","2020","4","39.922367","-75.163919","2125","6","0","0","0","0","0","0","0","0","","0","0","0","21","3","2","N","0","2","39 55:20.520","4","0","75 09:50.110","3","0","0","0","67301","0","0","0","N","0","0","0","4","67301","0","","1.0","100.0","1","N","N","N","0","","1","0","2","0","0","Y","2120","5","2","0","0","0","1","0","2","0","5","0","0","0","3","","","N","","","","","","","","","",""
"2020032130","1346","3","0","0","0","0","0","0","0","0","4","0","","67","4","2020","6","39.952184","-75.240772","1345","6","0","0","0","0","0","0","0","0","","0","0","0","13","1","2","","1","2","39 57:07.862","6","0","75 14:26.779","3","0","0","0","67301","0","0","0","N","0","0","0","3","67301","0","","1.0","1453.0","1","N","N","N","0","","2","0","0","3","2","Y","1345","3","2","0","0","0","0","0","2","0","3","0","0","0","4","","","N","","","","","","","","","",""
"2020039237","1036","1","0","0","0","0","0","0","0","0","4","0","","67","5","2020","7","39.957823","-75.147242","1036","6","0","0","0","0","0","0","0","0","","0","0","0","17","1","1","","1","0","39 57:28.162","","1","75 08:50.070","4","0","0","0","67301","0","0","0","N","0","0","0","3","67301","1","","1.0","","1","N","N","N","0","","0","0","1","3","2","","1730","2","1","0","0","0","0","2","2","0","2","0","0","0","3","03","","N","","","","","","","","","",""
"2020075064","1140","1","0","0","0","0","0","0","0","0","4","0","","67","9","2020","1","40.041558","-75.013143","1138","6","0","0","0","0","0","1","0","0","","0","0","0","11","1","1","N","0","0","40 02:29.607","","0","75 00:47.315","8","0","0","0","67301","0","0","0","N","0","0","0","1","67301","0","","1.0","","1","N","N","N","1","","0","0","0","0","0","","1137","2","1","0","0","0","1","0","2","0","2","0","0","0","3","03","","N","","","","","","","","","",""
"2020071362","0140","1","0","0","0","0","0","0","0","0","7","0","","67","8","2020","5","39.953181","-75.248742","0140","6","0","0","0","0","1","0","0","0","","0","0","0","23","3","1","","2","0","39 57:11.451","","0","75 14:55.471","4","0","0","0","67301","0","0","0","N","0","0","0","1","67301","1","","4.0","","1","N","N","N","0","","0","0","0","3","1","","2321","1","1","1","0","0","0","0","2","0","1","0","0","0","3","03","","N","","","","","","","","","",""
"2020042323","1450","2","0","0","0","0","0","0","0","0","4","0","","67","5","2020","4","39.996794","-75.103369","1450","6","0","0","0","0","0","1","0","0","","0","0","0","7","5","2","","1","0","39 59:48.460","","0","75 06:12.128","8","0","0","0","67301","0","0","0","N","0","0","0","3","67301","0","","1.0","","1","N","N","N","0","","0","0","0","3","2","","713","2","2","0","0","0","2","0","2","0","2","0","0","0","3","","","N","","","","","","","","","",""
"2020044516","0425","1","0","0","0","0","0","0","0","0","5","0","","67","6","2020","3","40.040764","-75.033431","0425","6","0","0","0","0","0","0","0","0","","0","0","0","0","3","0","N","0","0","40 02:26.750","","0","75 02:00.350","0","0","0","0","67301","0","0","0","N","0","0","0","1","67301","0","","6.0","","1","N","N","N","0","","0","0","2","0","0","","30","4","0","0","0","0","0","0","2","1","4","0","0","0","3","03","","N","","","","","","","","","",""
"2020035012","2027","1","0","0","0","0","0","0","0","0","4","0","","67","4","2020","6","39.970155","-75.207175","2027","6","0","0","0","0","0","0","0","0","","0","0","0","20","3","0","","1","0","39 58:12.558","","0","75 12:25.830","0","0","0","0","67301","0","0","0","N","0","0","0","3","67301","0","","1.0","","9","N","N","N","0","","0","0","2","0","0","","2027","3","0","0","0","0","0","0","2","0","3","0","0","0","3","","","N","","","","","","","","","",""
"2020039658","0109","1","0","0","0","0","0","0","0","0","1","0","","67","5","2020","3","39.995017","-75.148864","0107","6","0","0","0","0","0","0","0","0","","0","0","0","0","3","1","N","0","0","39 59:42.060","","0","75 08:55.910","4","0","0","0","67301","0","0","0","N","0","0","0","3","67301","1","","1.0","","1","N","N","N","0","","0","0","1","3","3","","20","2","1","0","0","0","0","0","2","0","2","0","0","0","3","","","N","","","","","","","","","",""
"2020035276","0755","0","0","0","0","0","0","0","0","0","7","0","","67","4","2020","3","39.984364","-75.112976","0740","6","0","0","0","0","0","0","0","0","","0","0","0","6","1","0","","2","0","39 59:03.710","","0","75 06:46.713","0","0","0","0","67301","0","0","0","N","0","0","0","1","67301","0","","5.0","","1","N","N","N","0","","0","0","0","3","3","","630","1","0","0","0","0","0","0","2","1","1","0","0","0","3","","","N","","","","","","","","","",""
"2020076644","1956","0","0","0","0","0","0","0","0","0","8","0","","67","8","2020","5","40.014129","-75.103493","1956","6","0","0","0","0","0","1","0","0","","0","0","0","19","3","1","","2","0","40 00:50.864","","0","75 06:12.576","3","0","0","0","67301","1","0","0","N","0","0","0","2","67301","0","","1.0","","1","N","N","N","0","","1","0","1","3","2","","1956","2","1","0","0","0","0","0","2","0","1","1","0","0","3","03","","N","","","","","","","","","",""
"2020081453","2300","2","0","0","0","0","0","0","0","0","4","0","","67","9","2020","2","39.949965","-75.235163","2300","6","0","0","0","0","0","0","0","0","","0","0","0","22","3","0","","1","0","39 56:59.874","","0","75 14:06.585","0","0","0","0","67301","0","0","0","N","0","0","0","2","67301","0","","1.0","","1","N","N","N","0","","0","0","0","3","2","","2255","2","0","0","0","0","0","0","2","0","2","0","0","0","3","03","","N","","","","","","","","","",""
"2020034455","2002","0","0","0","0","0","0","0","0","0","7","0","","67","4","2020","6","39.958345","-75.180388","1959","6","0","0","0","0","0","1","0","0","","0","0","0","19","3","1","","6","0","39 57:30.041","","2","75 10:49.395","8","0","0","0","67301","0","0","0","N","0","0","0","1","68K01","0","","7.0","","1","N","N","N","0","","0","0","1","0","0","","1957","1","1","0","0","0","1","0","2","0","1","0","0","0","3","03","","N","","","","","","","","","",""
"2020033542","1624","2","0","0","0","0","0","0","0","0","5","0","","67","4","2020","7","40.066294","-75.069817","1613","6","0","0","0","0","0","0","1","0","","0","0","0","16","1","0","N","0","0","40 03:58.660","","0","75 04:11.340","0","0","0","0","67301","0","0","0","N","0","0","0","1","67301","0","","6.0","","1","N","N","N","0","","0","0","0","0","0","","1611","2","0","0","0","0","0","0","2","0","2","0","0","0","3","03","","N","","","","","","","","","",""
"2020034047","1115","2","0","0","0","0","0","0","0","0","1","0","","67","4","2020","5","39.95723","-75.14139","1103","6","0","0","0","0","0","1","0","0","","0","0","0","11","1","2","N","0","0","39 57:26.027","","0","75 08:29.004","3","0","0","0","67301","0","0","0","N","0","0","0","3","68K01","0","","1.0","","9","N","N","N","0","","2","0","0","0","0","","1103","3","2","0","0","0","0","1","2","0","3","0","0","0","3","","","N","","","","","","","","","",""
"2020032455","0830","2","0","0","0","0","0","0","0","0","4","0","","67","4","2020","7","39.97756","-75.210906","0717","6","0","0","0","0","0","0","0","0","","0","0","0","7","1","0","","1","0","39 58:39.216","","0","75 12:39.261","9","0","0","0","67301","0","0","0","N","0","0","0","2","67301","0","","1.0","","99","N","N","N","0","","0","0","0","9","3","","715","2","0","0","0","0","0","2","2","0","2","0","0","0","3","03","","N","","","","","","","","","",""
"2020072321","0550","0","0","0","0","0","0","0","0","0","2","0","","67","9","2020","5","40.02321","-75.062985","0537","6","0","0","0","0","0","0","0","0","","0","0","0","5","1","1","","1","0","40 01:23.555","","0","75 03:46.746","3","0","0","0","67301","0","0","0","N","0","0","0","2","67301","0","","9.0","","1","N","N","N","2","","1","0","0","9","3","","530","2","1","1","0","0","0","0","2","0","2","0","0","0","3","","","N","","","","","","","","","",""
"2020079598","1814","1","0","0","0","0","0","0","0","0","4","0","","67","9","2020","4","39.959229","-75.172732","1801","6","0","0","0","0","0","0","0","0","","0","0","0","17","1","2","N","0","2","39 57:33.226","4","0","75 10:21.836","8","0","0","0","67301","0","0","0","N","0","0","0","2","68K01","0","","1.0","45.0","1","N","N","N","0","","0","0","1","0","0","N","1755","2","2","0","0","0","2","0","2","0","2","0","0","0","3","","","N","","","","","","","","","",""
"2020037727","0140","2","0","0","0","0","0","0","0","0","4","0","","67","5","2020","1","40.003847","-75.139665","0136","6","0","0","0","0","0","1","0","0","","0","0","0","1","3","3","","1","0","40 00:13.849","","0","75 08:22.793","3","0","0","0","67301","0","0","0","N","0","0","0","3","67301","0","","1.0","","1","N","N","N","0","","3","0","0","3","2","","136","2","3","1","0","0","0","0","2","0","2","0","0","0","3","03","","N","","","","","","","","","",""
"2020078382","1525","0","0","0","0","0","0","0","0","0","5","1","","67","9","2020","3","39.903059","-75.150536","1515","6","0","0","0","0","0","1","0","0","","0","1","0","15","1","0","N","0","0","39 54:11.014","","0","75 09:01.928","0","0","0","0","67301","0","0","0","N","0","0","0","2","68K01","0","","1.0","","1","N","N","N","0","","0","0","0","0","0","","1515","2","0","0","0","0","0","0","2","1","2","0","0","0","3","","","N","","","","","","","","","",""
"2020065131","0950","1","0","0","0","0","0","0","0","0","4","0","","67","8","2020","5","40.027594","-75.183161","0940","6","0","0","0","0","0","1","0","0","","0","0","0","9","1","0","N","0","2","40 01:39.340","3","7","75 10:59.380","0","0","0","0","67301","0","0","0","N","0","0","0","2","67301","0","","1.0","958.0","1","N","N","N","1","","0","0","0","0","0","N","930","2","0","0","0","0","0","0","2","0","2","0","0","0","3","","","N","","","","","","","","","",""
"2020039001","2125","1","0","0","0","0","0","0","0","0","6","0","","67","5","2020","5","39.96612","-75.245994","2117","6","0","0","0","0","0","1","0","0","","0","0","0","21","3","1","N","0","0","39 57:58.031","","0","75 14:45.578","3","0","0","0","67301","0","0","0","N","0","0","0","2","67301","0","","6.0","","1","N","N","Y","0","","1","0","1","0","0","","2111","2","1","2","0","0","0","0","2","0","2","0","0","0","3","","","N","","","","","","","","","",""
"2020042325","2349","1","0","0","1","0","1","0","0","0","8","0","","67","5","2020","6","39.997217","-75.119346","2349","6","0","0","0","0","0","0","0","0","","0","0","0","23","3","1","","1","0","39 59:49.981","","0","75 07:09.644","2","0","0","0","67301","1","0","1","N","0","0","0","2","67301","0","","1.0","","1","N","N","N","0","","0","1","0","3","2","","2349","2","1","0","0","0","0","0","2","0","1","1","0","1","3","03","","N","","","","","","","","","",""
"2020039871","1934","2","0","0","0","0","0","0","0","0","4","0","","67","5","2020","2","39.96859","-75.128872","1923","6","0","0","0","0","0","0","0","0","","0","0","0","19","3","2","N","0","2","39 58:06.925","2","0","75 07:43.940","3","0","0","0","67301","0","0","0","N","0","0","0","4","68K01","0","","1.0","50.0","1","N","N","N","1","","1","0","0","0","0","N","1918","3","2","0","0","0","1","0","2","0","3","0","0","0","3","","","N","","","","","","","","","",""
"2020079556","0209","0","0","0","0","0","0","0","0","0","7","1","","67","9","2020","5","39.917306","-75.214204","0200","6","0","0","0","0","0","0","0","0","","0","1","0","1","3","0","N","0","0","39 55:02.302","","0","75 12:51.135","9","0","0","0","67301","0","0","0","N","0","0","0","1","67301","0","","4.0","","1","N","N","N","0","","0","0","0","9","4","","115","1","0","0","0","0","0","1","2","0","1","0","0","0","3","","","N","","","","","","","","","",""
"2020038352","2125","1","0","0","0","0","0","0","0","0","1","0","25","67","5","2020","3","40.014804","-75.17787","2105","6","0","0","0","0","0","1","0","0","","0","0","0","21","3","2","N","0","1","40 00:53.293","2","0","75 10:40.331","8","0","0","0","67301","0","0","0","N","0","0","0","2","67301","0","","1.0","2215.0","1","N","N","N","0","","0","0","1","3","8","N","2102","2","2","0","0","0","2","0","2","0","2","0","0","0","4","","Y","Y","4","2","N","N","Y","Y","N","Y","Y","N"
"2020040096","1650","2","0","0","0","0","0","0","0","0","4","0","","67","5","2020","5","39.923927","-75.222089","1650","6","0","0","0","0","0","1","0","0","","0","0","0","16","1","1","","1","0","39 55:26.137","","0","75 13:19.522","8","0","0","0","67301","0","0","0","N","0","0","0","4","67301","0","","1.0","","1","N","N","Y","1","","0","0","0","3","2","","1647","3","1","0","0","0","1","3","2","0","3","0","0","0","3","03","","N","","","","","","","","","",""
"2020038828","1455","1","0","0","0","0","0","0","0","0","4","0","","67","5","2020","4","39.989651","-75.107345","1452","6","0","0","0","0","0","0","0","0","","0","0","0","14","1","0","","1","0","39 59:22.742","","0","75 06:26.442","0","0","0","0","67301","0","0","0","Y","0","0","0","6","67301","0","","1.0","","1","N","N","N","0","","0","0","1","3","2","","1445","2","0","6","0","0","0","0","2","0","2","0","0","0","3","03","","N","","","","","","","","","",""
"2020039462","1853","0","0","0","0","0","0","0","0","0","7","0","","67","5","2020","7","39.981237","-75.102423","1852","6","0","0","0","0","0","0","0","0","","0","0","0","18","1","1","N","0","0","39 58:52.453","","0","75 06:08.724","3","0","0","1","67301","0","0","0","N","0","0","0","1","68K01","0","","1.0","","1","N","N","N","0","","1","0","0","0","0","","1851","1","1","0","0","0","0","0","2","0","1","0","0","0","3","","","N","","","","","","","","","",""
"2020035857","1947","1","0","0","0","0","0","0","0","0","0","0","","67","4","2020","5","40.081198","-74.965925","1942","6","0","0","0","0","0","0","0","0","","0","0","0","19","3","1","N","0","1","40 04:52.312","4","0","74 57:57.329","3","0","0","0","67301","0","0","0","N","0","0","0","1","67301","0","","1.0","2010.0","9","N","N","N","0","","1","0","0","0","0","N","1940","1","1","0","0","0","0","0","2","0","1","0","0","0","7","","","N","","","","","","","","","",""
"2020038825","1035","0","0","0","0","0","0","0","0","0","1","0","","67","5","2020","5","39.95075","-75.150724","1032","6","0","0","0","0","0","0","0","0","","0","0","0","10","1","1","N","0","1","39 57:02.699","4","0","75 09:02.607","4","0","0","0","67301","0","0","0","N","0","0","0","2","67301","1","","1.0","1230.0","1","N","N","Y","0","","0","0","0","3","2","N","1030","2","1","2","0","0","0","0","2","2","2","0","0","0","3","03","","N","","","","","","","","","",""
"2020046083","0137","2","0","0","0","0","0","0","0","0","5","0","","67","6","2020","7","39.970806","-75.23175","0137","6","0","0","0","0","0","0","1","0","","0","0","0","1","3","1","N","0","0","39 58:14.900","","0","75 13:54.300","2","0","0","0","67301","0","0","0","N","0","0","0","1","67301","0","","6.0","","1","N","N","N","0","","0","1","0","0","0","","117","2","1","0","0","0","0","0","2","0","2","0","0","0","3","03","","N","","","","","","","","","",""
"2020036169","0807","1","0","0","0","0","0","0","0","0","4","0","","67","5","2020","7","40.025593","-75.13141","0807","6","0","0","0","0","0","0","0","0","","0","0","0","19","1","1","","2","0","40 01:32.134","","0","75 07:53.075","3","0","0","0","67301","0","0","0","N","0","0","0","3","67301","0","","1.0","","1","N","N","N","0","","1","0","1","3","3","","1900","2","1","0","0","0","0","0","2","0","2","0","0","0","3","","","N","","","","","","","","","",""
"2020036789","1615","1","0","0","1","0","0","0","0","0","8","0","","67","5","2020","3","39.999114","-75.114967","1615","6","0","0","0","0","0","0","0","0","","0","0","0","16","1","1","N","0","0","39 59:56.810","","0","75 06:53.880","3","0","0","0","67301","1","0","0","N","0","0","0","2","67301","0","","1.0","","1","N","N","N","0","","1","0","0","0","0","","1600","2","1","0","0","0","0","0","2","0","1","1","0","0","3","","","N","","","","","","","","","",""
"2020035716","1155","2","0","0","0","0","0","0","0","0","1","0","","67","4","2020","1","39.905757","-75.193824","1148","6","0","0","0","0","0","0","0","0","","0","0","0","11","1","3","","1","0","39 54:20.725","","0","75 11:37.765","3","0","0","0","67301","0","0","0","N","0","0","0","9","67301","0","","1.0","","9","N","N","N","0","","3","0","2","3","2","","1147","4","3","0","0","0","0","0","2","0","4","0","0","0","7","04","","N","","","","","","","","","",""
"2020076753","0804","0","0","0","0","0","0","0","0","0","2","1","","67","9","2020","5","39.949887","-75.183867","0754","6","0","0","0","0","0","0","0","0","","0","1","0","7","1","1","N","0","1","39 56:59.593","3","0","75 11:01.922","3","0","0","0","67301","0","0","0","N","0","0","0","2","68K01","0","","1.0","810.0","1","N","N","N","1","","1","0","0","0","0","N","747","2","1","0","0","0","0","0","2","0","2","0","0","0","3","03","","N","","","","","","","","","",""
"2020035801","2120","1","0","0","0","0","0","0","0","0","4","0","","67","4","2020","2","40.047062","-75.139509","2115","6","0","0","0","0","0","0","0","0","","0","0","0","21","3","0","N","0","0","40 02:49.423","","0","75 08:22.232","0","0","0","0","67301","0","0","0","N","0","0","0","2","67301","0","","1.0","","1","N","N","N","0","","0","0","2","3","2","","2110","4","0","0","0","0","0","0","2","1","4","0","0","0","3","","","N","","","","","","","","","",""
"2020034501","1513","0","0","0","0","0","0","0","0","0","4","0","","67","4","2020","5","40.027291","-75.028811","1500","6","0","0","0","0","0","0","1","0","","0","0","0","14","1","0","","1","1","40 01:38.246","1","0","75 01:43.720","9","0","0","0","67301","0","0","0","N","0","0","0","3","67301","0","","1.0","100.0","1","N","N","N","1","","0","0","2","3","2","N","1420","3","0","0","0","0","0","1","2","0","3","0","0","0","3","03","","N","","","","","","","","","",""
"2020066435","1925","0","0","0","0","0","0","1","0","0","8","1","","67","8","2020","5","40.043333","-75.161349","1915","6","0","0","0","0","0","1","0","0","","0","0","0","19","1","3","","1","0","40 02:36.000","","0","75 09:40.857","3","0","0","0","67301","1","0","0","N","1","0","0","4","67508","0","","1.0","","1","N","N","Y","0","","3","0","0","3","2","","1915","2","3","0","0","0","0","0","2","0","1","1","0","0","3","03","","N","","","","","","","","","",""
"2020032128","1540","1","0","0","0","0","0","0","0","0","4","0","","67","4","2020","4","39.935423","-75.220353","1532","6","0","0","0","0","0","0","0","0","","0","0","0","15","1","0","","1","2","39 56:07.522","6","0","75 13:13.270","0","0","0","0","67301","0","0","0","N","0","0","0","2","67301","0","","1.0","1710.0","1","N","N","N","1","","0","0","0","3","2","N","1532","2","0","0","0","0","0","0","2","0","2","0","0","0","3","03","","N","","","","","","","","","",""