"CRN","ARRIVAL_TM","AUTOMOBILE_COUNT","BELTED_DEATH_COUNT","BELTED_SUSP_SERIOUS_INJ_COUNT","BICYCLE_COUNT","BICYCLE_DEATH_COUNT","BICYCLE_SUSP_SERIOUS_INJ_COUNT","BUS_COUNT","CHLDPAS_DEATH_COUNT","CHLDPAS_SUSP_SERIOUS_INJ_COUNT","COLLISION_TYPE","COMM_VEH_COUNT","CONS_ZONE_SPD_LIM","COUNTY","CRASH_MONTH","CRASH_YEAR","DAY_OF_WEEK","DEC_LATITUDE","DEC_LONGITUDE","DISPATCH_TM","DISTRICT","DRIVER_COUNT_16YR","DRIVER_COUNT_17YR","DRIVER_COUNT_18YR","DRIVER_COUNT_19YR","DRIVER_COUNT_20YR","DRIVER_COUNT_50_64YR","DRIVER_COUNT_65_74YR","DRIVER_COUNT_75PLUS","EST_HRS_CLOSED","FATAL_COUNT","HEAVY_TRUCK_COUNT","HORSE_BUGGY_COUNT","HOUR_OF_DAY","ILLUMINATION","INJURY_COUNT","INTERSECTION_RELATED","INTERSECT_TYPE","LANE_CLOSED","LATITUDE","LN_CLOSE_DIR","LOCATION_TYPE","LONGITUDE","MAX_SEVERITY_LEVEL","MCYCLE_DEATH_COUNT","MCYCLE_SUSP_SERIOUS_INJ_COUNT","MOTORCYCLE_COUNT","MUNICIPALITY","NONMOTR_COUNT","NONMOTR_DEATH_COUNT","NONMOTR_SUSP_SERIOUS_INJ_COUNT","NTFY_HIWY_MAINT","PED_COUNT","PED_DEATH_COUNT","PED_SUSP_SERIOUS_INJ_COUNT","PERSON_COUNT","POLICE_AGCY","POSSIBLE_INJ_COUNT","RDWY_SURF_TYPE_CD","RELATION_TO_ROAD","ROADWAY_CLEARED","ROAD_CONDITION","SCH_BUS_IND","SCH_ZONE_IND","SECONDARY_CRASH","SMALL_TRUCK_COUNT","SPEC_JURIS_CD","SUSP_MINOR_INJ_COUNT","SUSP_SERIOUS_INJ_COUNT","SUV_COUNT","TCD_FUNC_CD","TCD_TYPE","TFC_DETOUR_IND","TIME_OF_DAY","TOTAL_UNITS","TOT_INJ_COUNT","UNBELTED_OCC_COUNT","UNB_DEATH_COUNT","UNB_SUSP_SERIOUS_INJ_COUNT","UNK_INJ_DEG_COUNT","UNK_INJ_PER_COUNT","URBAN_RURAL","VAN_COUNT","VEHICLE_COUNT","VULNERABLE_ROAD_USER_COUNT","VULNERABLE_ROAD_USER_DEATH_COUNT","VULNERABLE_ROAD_USER_SER_INJ_COUNT","WEATHER1","WEATHER2","WORKERS_PRES","WORK_ZONE_IND","WORK_ZONE_LOC","WORK_ZONE_TYPE","WZ_CLOSE_DETOUR","WZ_FLAGGER","WZ_LAW_OFFCR_IND","WZ_LN_CLOSURE","WZ_MOVING","WZ_OTHER","WZ_SHLDER_MDN","WZ_WORKERS_INJ_KILLED"
"2020070980","1500","1","0","0","0","0","0","1","0","0","4","1","","67","8","2020","6","39.978691","-75.157926","1455","6","0","0","0","0","0","0","0","0","","0","0","0","14","1","1","","1","0","39 58:43.287","","0","75 09:28.532","8","0","0","0","67301","0","0","0","N","0","0","0","4","67508","0","","1.0","","1","N","N","Y","0","","0","0","0","0","0","N","1455","2","1","0","0","0","1","1","2","0","2","0","0","0","3","03","","N","","","","","","","","","",""
"2020038032","1849","0","0","0","0","0","0","0","0","0","4","0","","67","5","2020","2","39.995962","-75.078179","1846","6","0","0","1","0","0","0","0","0","","0","0","0","18","1","1","","1","0","39 59:45.463","","0","75 04:41.444","3","0","0","1","67301","0","0","0","N","0","0","0","2","67301","0","","1.0","","1","N","N","N","1","","1","0","0","3","3","","1845","2","1","0","0","0","0","0","2","0","2","0","0","0","3","03","","N","","","","","","","","","",""
"2020039878","1129","0","0","0","0","0","0","0","0","0","0","0","","67","5","2020","4","40.04217","-75.003671","1127","6","0","0","0","0","0","0","0","0","","0","0","0","11","1","1","N","0","0","40 02:31.811","","0","75 00:13.217","3","0","0","0","67301","0","0","0","N","0","0","0","1","68K01","0","","4.0","","1","N","N","N","0","","1","0","1","0","0","","1126","1","1","0","0","0","0","0","2","0","1","0","0","0","3","","","N","","","","","","","","","",""
"2020039238","1245","0","0","0","0","0","0","0","0","0","1","0","","67","5","2020","7","39.995279","-75.093502","1230","6","0","0","0","0","0","0","0","0","","0","0","0","12","1","1","N","0","0","39 59:43.003","","0","75 05:36.608","3","0","0","0","67301","0","0","0","N","0","0","0","2","67301","0","","1.0","","1","N","N","N","0","","1","0","2","0","0","","1230","2","1","0","0","0","0","0","2","0","2","0","0","0","3","03","","N","","","","","","","","","",""
"2020066714","1325","1","0","0","0","0","0","0","0","0","1","0","","67","8","2020","3","40.03218","-75.146239","1323","6","0","0","0","0","0","0","0","0","","0","0","0","13","1","1","","1","0","40 01:55.848","","0","75 08:46.461","3","0","0","1","67301","0","0","0","N","0","0","0","2","67301","0","","1.0","","1","N","N","N","0","","1","0","0","3","2","","1322","2","1","0","0","0","0","0","2","0","2","0","0","0","3","","","N","","","","","","","","","",""
"2020079601","0623","0","0","0","0","0","0","0","0","0","5","1","","67","9","2020","6","39.937767","-75.198279","0609","6","0","0","0","0","0","0","0","0","","0","1","0","5","3","1","N","0","2","39 56:15.961","4","0","75 11:53.803","4","0","0","0","67301","0","0","0","N","0","0","0","2","68K01","1","","1.0","45.0","1","N","N","N","0","","0","0","1","0","0","N","556","2","1","0","0","0","0","0","2","0","2","0","0","0","3","","","N","","","","","","","","","",""
"2020039861","1433","0","0","0","0","0","0","0","0","0","7","0","","67","5","2020","1","40.004931","-75.196367","1429","6","0","0","0","0","0","0","0","0","","0","0","0","14","1","1","N","0","0","40 00:17.753","","2","75 11:46.922","8","0","0","1","67301","0","0","0","N","0","0","0","1","68K01","0","","4.0","","1","N","N","N","0","","0","0","0","0","0","","1427","1","1","0","0","0","1","0","2","0","1","0","0","0","3","","","N","","","","","","","","","",""
"2020079687","0614","0","0","0","0","0","0","0","0","0","1","0","","67","9","2020","4","39.97758","-75.212933","0614","6","0","0","0","0","0","1","0","0","","0","0","0","6","5","1","","1","0","39 58:39.289","","0","75 12:46.559","3","0","0","0","67301","0","0","0","N","0","0","0","2","67301","0","","1.0","","1","N","N","N","0","","1","0","2","3","2","","600","2","1","0","0","0","0","1","2","0","2","0","0","0","3","","","N","","","","","","","","","",""
"2020038447","1849","2","0","0","0","0","0","0","0","0","2","0","","67","5","2020","3","40.009319","-75.081844","1820","6","0","0","0","0","0","0","0","1","","0","0","0","18","1","1","","1","0","40 00:33.547","","0","75 04:54.638","3","0","0","0","67301","0","0","0","N","0","0","0","2","67301","0","","1.0","","1","N","N","N","0","","1","0","0","0","0","","1819","2","1","0","0","0","0","0","2","0","2","0","0","0","3","03","","N","","","","","","","","","",""
"2020032312","0818","1","0","0","0","0","0","0","0","0","1","0","","67","3","2020","5","40.019965","-75.044627","0807","6","0","0","0","0","0","0","0","0","","0","0","0","8","1","1","N","0","0","40 01:11.873","","0","75 02:40.658","4","0","0","0","67301","0","0","0","N","0","0","0","3","68K01","1","","1.0","","1","N","N","N","0","","0","0","1","3","8","","802","3","1","0","0","0","0","1","2","1","3","0","0","0","3","","","N","","","","","","","","","",""
"2020079324","0954","1","0","0","0","0","0","0","0","0","4","0","","67","9","2020","7","40.047526","-75.112365","0944","6","0","0","0","0","0","0","0","0","","0","0","0","9","1","2","","3","0","40 02:51.093","","0","75 06:44.514","3","0","0","0","67301","0","0","0","N","0","0","0","3","67301","0","","1.0","","9","N","N","N","0","","1","0","0","3","2","","943","2","2","0","0","0","1","0","2","1","2","0","0","0","7","","","N","","","","","","","","","",""
"2020031879","1440","0","0","0","0","0","0","0","0","0","4","0","","67","4","2020","4","40.042809","-75.06315","1438","6","0","0","0","0","0","0","0","0","","0","0","0","14","1","3","","1","0","40 02:34.113","","0","75 03:47.339","3","0","0","0","67301","0","0","0","N","0","0","0","4","67301","0","","1.0","","1","N","N","N","0","","3","0","2","3","2","","1435","2","3","1","0","0","0","0","2","0","2","0","0","0","3","03","","N","","","","","","","","","",""
"2020039000","1908","1","0","0","0","0","0","0","0","0","4","0","","67","5","2020","5","40.028204","-75.109973","1903","6","0","0","0","1","0","0","0","0","","0","0","0","18","1","1","","1","0","40 01:41.536","","0","75 06:35.902","3","0","0","1","67301","0","0","0","N","0","0","0","2","67301","0","","1.0","","1","N","N","N","0","","1","0","0","3","2","","1850","2","1","0","0","0","0","0","2","0","2","0","0","0","3","03","","N","","","","","","","","","",""
"2020039037","0256","1","0","0","0","0","0","0","0","0","1","0","","67","5","2020","7","40.039506","-75.175739","0253","6","0","0","0","0","0","0","0","0","","0","0","0","2","3","2","N","0","0","40 02:22.220","","0","75 10:32.660","4","0","0","0","67301","0","0","0","N","0","0","0","2","67301","2","","6.0","","1","N","N","N","1","","0","0","1","0","0","","245","3","2","0","0","0","0","0","2","0","3","0","0","0","3","03","","N","","","","","","","","","",""
"2020076228","0708","0","0","0","0","0","0","0","0","0","5","1","","67","9","2020","4","39.913222","-75.18075","0706","6","0","0","0","0","0","1","0","0","","0","1","0","7","1","0","N","0","0","39 54:47.600","","3","75 10:50.700","0","0","0","0","67301","0","0","0","N","0","0","0","9","67501","0","","1.0","","1","N","N","N","0","","0","0","1","3","8","","706","2","0","0","0","0","0","0","2","0","2","0","0","0","3","03","","N","","","","","","","","","",""
"2020032898","2245","0","0","0","1","0","0","0","0","0","8","0","","67","4","2020","4","39.928406","-75.171599","2241","6","0","0","0","0","0","0","0","0","","0","0","0","22","3","1","","1","0","39 55:42.263","","0","75 10:17.758","3","0","0","0","67301","1","0","0","N","0","0","0","2","67301","0","","1.0","","1","N","N","N","0","","1","0","0","0","0","","2241","2","1","0","0","0","0","0","2","1","1","1","0","0","3","03","","N","","","","","","","","","",""
"2020033284","1616","0","0","0","0","0","0","0","0","0","1","0","","67","4","2020","7","39.926988","-75.243496","1613","6","0","0","0","0","0","0","1","0","","0","0","0","16","1","2","","3","1","39 55:37.155","5","0","75 14:36.586","4","0","0","0","67301","0","0","0","N","0","0","0","3","67301","2","","1.0","1720.0","1","N","N","N","0","","0","0","2","0","0","N","1612","3","2","0","0","0","0","1","2","0","3","0","0","0","3","","","N","","","","","","","","","",""
"2020053556","0208","2","0","0","0","0","0","0","0","0","5","1","","67","7","2020","1","39.991717","-75.202488","0208","6","0","0","0","0","0","0","0","0","","0","1","0","2","3","1","Y","0","0","39 59:30.180","","0","75 12:08.955","8","0","0","0","67301","0","0","0","N","0","0","0","2","68K01","0","","2.0","","1","N","N","N","0","","0","0","0","0","0","","208","3","1","0","0","0","1","0","2","0","3","0","0","0","3","","","N","","","","","","","","","",""
"2020026425","1635","1","0","0","0","0","0","0","0","0","4","0","","67","3","2020","6","40.012514","-75.119719","1629","6","0","0","0","0","0","1","0","0","","0","0","0","16","1","1","N","0","0","40 00:45.052","","7","75 07:10.990","4","0","0","0","67301","0","0","0","N","0","0","0","3","67301","1","","1.0","","1","N","N","N","0","","0","0","1","0","0","","1620","2","1","0","0","0","0","0","2","0","2","0","0","0","3","03","","N","","","","","","","","","",""
"2020038136","1149","0","0","0","1","0","0","1","0","0","8","1","","67","5","2020","2","40.044281","-74.997318","1139","6","0","0","0","0","0","1","0","0","","0","0","0","11","1","1","N","0","0","40 02:39.412","","0","74 59:50.346","8","0","0","0","67301","1","0","0","N","0","0","0","2","67301","0","","1.0","","1","N","N","N","0","","0","0","0","0","0","","1139","2","1","0","0","0","1","0","2","0","1","1","0","0","3","03","","N","","","","","","","","","",""
"2020044993","1715","1","0","0","0","0","0","0","0","0","1","0","","67","5","2020","7","39.959825","-75.178406","1715","6","0","0","0","0","0","1","0","0","","0","0","0","16","1","1","N","0","2","39 57:35.371","3","0","75 10:42.262","3","0","0","0","67301","0","0","0","N","0","0","0","10","68K01","0","","1.0","1735.0","1","N","N","N","1","","1","0","2","0","0","N","1642","5","1","0","0","0","0","0","2","1","5","0","0","0","3","03","","N","","","","","","","","","",""
"2020032523","2123","1","0","0","0","0","0","0","0","0","4","0","","67","4","2020","1","39.998993","-75.100025","2120","6","0","0","0","0","0","1","0","0","","0","0","0","21","3","1","","2","0","39 59:56.374","","0","75 06:00.089","3","0","0","1","67301","0","0","0","N","0","0","0","2","67301","0","","1.0","","1","N","N","N","0","","1","0","0","0","0","","2100","2","1","1","0","0","0","0","2","0","2","0","0","0","3","03","","N","","","","","","","","","",""
"2020032522","1300","1","0","0","0","0","0","0","0","0","4","0","","67","4","2020","7","40.042782","-75.076571","1249","6","0","0","0","0","0","1","0","0","","0","0","0","12","1","1","","1","1","40 02:34.015","1","0","75 04:35.655","4","0","0","0","67301","0","0","0","N","0","0","0","3","67301","1","","1.0","1335.0","1","N","N","N","0","","0","0","1","3","3","N","1240","2","1","0","0","0","0","1","2","0","2","0","0","0","3","03","","N","","","","","","","","","",""
"2020032666","2211","2","0","0","0","0","0","0","0","0","4","0","","67","4","2020","6","39.943372","-75.232331","2210","6","0","0","0","0","0","0","0","0","","0","0","0","22","3","0","","1","0","39 56:36.138","","0","75 13:56.392","9","0","0","0","67301","0","0","0","N","0","0","0","2","67301","0","","1.0","","1","N","N","N","0","","0","0","2","3","2","","2205","4","0","0","0","0","0","2","2","0","4","0","0","0","3","03","","N","","","","","","","","","",""
"2020072095","0911","0","0","0","0","0","0","0","0","0","5","1","","67","8","2020","2","40.008709","-75.210373","0851","6","0","0","0","0","0","0","0","0","","0","1","0","7","1","0","N","0","0","40 00:31.353","","0","75 12:37.343","0","0","0","0","67301","0","0","0","N","0","0","0","2","67301","0","","1.0","","1","N","N","N","0","","0","0","1","0","0","","756","2","0","0","0","0","0","0","2","0","2","0","0","0","3","03","","N","","","","","","","","","",""
"2020025631","0210","2","0","0","0","0","0","0","0","0","4","0","","67","3","2020","5","39.923384","-75.231727","0210","6","0","0","0","0","0","1","0","0","","0","0","0","2","3","2","","1","0","39 55:24.182","","0","75 13:54.217","3","0","0","0","67301","0","0","0","N","0","0","0","2","67301","0","","1.0","","1","N","N","N","0","","1","0","0","3","2","","210","2","2","0","0","0","1","0","2","0","2","0","0","0","3","03","","N","","","","","","","","","",""
"2020034559","2031","1","0","0","0","0","0","0","0","0","7","0","","67","4","2020","3","39.900893","-75.153879","2031","6","0","0","0","0","0","0","0","0","","0","0","0","20","3","0","N","0","1","39 54:03.213","2","0","75 09:13.963","0","0","0","0","67301","0","0","0","N","0","0","0","2","68K01","0","","3.0","30.0","1","N","N","N","0","","0","0","0","0","0","N","2031","1","0","0","0","0","0","0","2","0","1","0","0","0","3","","","N","","","","","","","","","",""
"2020031007","1350","2","0","0","0","0","0","0","0","0","4","0","","67","4","2020","6","40.022752","-75.032744","1341","6","0","0","0","0","1","0","0","0","","0","0","0","13","1","0","","2","1","40 01:21.907","2","2","75 01:57.878","9","0","0","0","67301","0","0","0","N","0","0","0","4","67301","0","","1.0","1415.0","1","N","N","N","0","","0","0","0","3","2","N","1337","2","0","0","0","0","0","3","2","0","2","0","0","0","3","","","N","","","","","","","","","",""
"2020034187","0556","0","0","0","0","0","0","0","0","0","7","0","","67","4","2020","4","39.961002","-75.181981","0542","6","0","0","0","0","0","0","0","0","","0","0","0","5","3","2","N","0","1","39 57:39.608","4","0","75 10:55.130","3","0","0","0","67301","0","0","0","N","0","0","0","3","68K01","0","","5.0","630.0","9","N","N","N","0","","2","0","1","0","0","N","540","1","2","0","0","0","0","1","2","0","1","0","0","0","7","07","","N","","","","","","","","","",""
"2020044983","1125","0","0","0","0","0","0","0","0","0","5","0","","67","5","2020","4","39.958132","-75.150458","1122","6","0","0","0","0","0","0","0","0","","0","0","0","11","1","0","","1","1","39 57:29.275","1","0","75 09:01.648","9","0","0","0","67301","0","0","0","N","0","0","0","2","68K01","0","","1.0","1306.0","1","N","N","N","0","","0","0","0","3","2","Y","1122","2","0","0","0","0","0","1","2","2","2","0","0","0","3","","","N","","","","","","","","","",""
"2020037637","1225","1","0","0","0","0","0","0","0","0","0","0","","67","4","2020","1","40.039106","-75.008367","1225","6","0","0","0","0","0","0","0","0","","0","0","0","12","1","0","N","0","0","40 02:20.782","","0","75 00:30.120","0","0","0","0","67301","0","0","0","N","0","0","0","1","68K01","0","","2.0","","9","N","N","N","0","","0","0","0","0","0","","1223","1","0","0","0","0","0","0","2","0","1","0","0","0","7","","","N","","","","","","","","","",""
"2020035993","1606","2","0","0","0","0","0","0","0","0","4","0","","67","4","2020","5","39.979529","-75.240907","1606","6","0","0","0","0","0","0","0","0","","0","0","0","15","1","2","","1","0","39 58:46.304","","0","75 14:27.265","8","0","0","0","67301","0","0","0","N","0","0","0","2","67301","0","","1.0","","9","N","N","N","0","","0","0","0","3","3","","1515","3","2","0","0","0","2","0","2","1","3","0","0","0","7","07","","N","","","","","","","","","",""
"2020071968","2238","0","0","0","0","0","0","0","0","0","0","0","","67","8","2020","1","39.992347","-75.154811","2235","6","0","0","0","0","0","0","0","0","","1","0","0","22","3","1","N","2","0","39 59:32.449","","0","75 09:17.320","1","1","0","1","67301","0","0","0","N","0","0","0","2","67301","0","2","1.0","","1","N","N","N","0","0","1","0","0","0","0","","2231","1","1","0","0","0","0","0","2","0","1","0","0","0","3","03","","N","","","","","","","","","",""
"2020055962","1755","1","0","0","0","0","0","0","0","0","8","1","","67","7","2020","6","39.941467","-75.214828","1750","6","0","0","0","0","0","0","0","0","","0","0","0","16","1","1","N","0","0","39 56:29.280","","0","75 12:53.380","3","0","0","0","67301","1","0","0","N","1","0","0","2","67301","0","","1.0","","1","N","N","N","0","","1","0","0","3","3","","1649","2","1","0","0","0","0","0","2","0","1","1","0","0","3","03","","N","","","","","","","","","",""
"2020035980","1055","1","0","0","0","0","0","0","0","0","4","0","","67","5","2020","6","39.990547","-75.168675","1048","6","0","0","0","0","0","0","0","0","","0","0","0","10","1","0","","1","0","39 59:25.969","","0","75 10:07.230","0","0","0","0","67301","0","0","0","N","0","0","0","2","67301","0","","1.0","","1","N","N","N","0","","0","0","0","3","2","","1048","2","0","0","0","0","0","0","2","1","2","0","0","0","3","03","","N","","","","","","","","","",""
"2020075631","0518","2","0","0","0","0","0","0","0","0","4","0","","67","9","2020","3","39.904045","-75.240114","0512","6","0","0","0","0","0","0","0","0","","0","0","0","5","3","1","","1","1","39 54:14.563","1","0","75 14:24.409","3","0","0","0","67301","0","0","0","N","0","0","0","2","67301","0","","1.0","637.0","1","N","N","N","0","","1","0","0","3","2","N","510","2","1","0","0","0","0","0","2","0","2","0","0","0","3","03","","N","","","","","","","","","",""
"2020074612","2115","1","0","0","0","0","0","0","0","0","4","0","","67","9","2020","5","40.050915","-75.008108","2058","6","0","1","0","0","0","1","0","0","","0","0","0","20","3","0","","2","0","40 03:03.295","","0","75 00:29.189","0","0","0","0","67301","0","0","0","N","0","0","0","2","67301","0","","1.0","","9","N","N","N","1","","0","0","0","0","0","","2039","2","0","0","0","0","0","0","2","0","2","0","0","0","7","07","","N","","","","","","","","","",""
"2020079881","1506","2","0","0","0","0","0","0","0","0","2","0","","67","9","2020","3","39.966939","-75.204103","1505","6","0","0","0","0","0","1","0","0","","0","0","0","15","1","0","N","0","2","39 58:00.980","5","0","75 12:14.770","9","0","0","0","67301","0","0","0","N","0","0","0","6","67301","0","","1.0","1600.0","1","N","Y","N","0","","0","0","2","0","0","N","1500","4","0","0","0","0","0","6","2","0","4","0","0","0","3","03","","N","","","","","","","","","",""
"2020047709","1138","2","0","0","0","0","0","0","0","0","6","1","","67","6","2020","5","40.032711","-75.169868","1138","6","0","0","0","0","0","0","0","0","","0","1","0","11","1","5","N","0","2","40 01:57.760","5","0","75 10:11.526","2","0","0","0","67301","0","0","0","N","0","0","0","6","67301","0","","1.0","215.0","1","N","N","N","0","","3","2","1","0","0","Y","1138","4","5","6","0","2","0","0","2","0","4","0","0","0","4","04","","N","","","","","","","","","",""
"2020080422","1155","1","0","0","0","0","0","0","0","0","1","0","","67","9","2020","1","39.967026","-75.188246","1143","6","0","0","0","0","0","0","0","0","","0","0","0","11","1","2","N","0","2","39 58:01.295","3","0","75 11:17.684","8","0","0","0","67301","0","0","0","N","0","0","0","2","68K01","0","","1.0","1210.0","1","N","N","N","0","","0","0","1","0","0","N","1140","2","2","0","0","0","2","0","2","0","2","0","0","0","3","","","N","","","","","","","","","",""
"2020032960","0617","1","0","0","0","0","0","0","0","0","8","0","","67","3","2020","5","39.996794","-75.103369","0606","6","0","0","0","0","0","0","0","0","","0","0","0","6","1","1","","1","0","39 59:48.460","","0","75 06:12.128","8","0","0","0","67301","1","0","0","N","1","0","0","2","67301","0","","1.0","","1","N","N","N","0","","0","0","0","3","2","","605","2","1","0","0","0","1","0","2","0","1","1","0","0","3","03","","N","","","","","","","","","",""
"2020032323","1702","0","0","0","0","0","0","0","0","0","7","0","","67","3","2020","2","39.98246","-75.207683","1702","6","0","0","0","0","0","0","0","0","","0","0","0","17","1","0","N","0","1","39 58:56.855","4","0","75 12:27.658","0","0","0","0","67301","0","0","0","N","0","0","0","1","68K01","0","","2.0","1740.0","9","N","N","N","1","","0","0","0","0","0","N","1702","1","0","0","0","0","0","0","2","0","1","0","0","0","7","07","","N","","","","","","","","","",""
"2020035718","1007","2","0","0","0","0","0","0","0","0","4","0","","67","4","2020","7","40.026503","-75.04216","1003","6","0","0","0","0","0","0","0","0","","0","0","0","10","1","1","","1","2","40 01:35.410","5","0","75 02:31.777","3","0","0","0","67301","0","0","0","N","0","0","0","3","67301","0","","1.0","1215.0","9","N","N","N","0","","1","0","0","3","3","Y","1002","2","1","0","0","0","0","0","2","0","2","0","0","0","4","","","N","","","","","","","","","",""
"2020068247","0046","2","0","0","0","0","0","0","0","0","4","0","","67","8","2020","6","39.970843","-75.214811","0046","6","0","0","0","1","0","0","0","0","","0","0","0","0","3","2","N","0","0","39 58:15.035","","0","75 12:53.318","2","0","0","0","67301","0","0","0","N","0","0","0","2","67301","1","","1.0","","1","N","N","N","0","","0","1","2","0","0","","44","4","2","0","0","0","0","0","2","0","4","0","0","0","3","03","","N","","","","","","","","","",""
"2020031135","0738","1","0","0","0","0","0","0","0","0","7","0","","67","3","2020","2","39.98226","-75.207554","0734","6","0","0","0","0","0","0","0","0","","0","0","0","7","1","1","N","0","1","39 58:56.137","3","0","75 12:27.194","4","0","0","0","67301","0","0","0","N","0","0","0","1","68K01","1","","2.0","800.0","9","N","N","Y","0","","0","0","0","0","0","N","733","1","1","0","0","0","0","0","2","0","1","0","0","0","7","07","","N","","","","","","","","","",""
"2020069608","1440","2","0","0","0","0","0","0","0","0","2","0","","67","8","2020","4","39.924208","-75.190575","1436","6","0","1","0","0","0","0","0","0","","0","0","0","14","1","0","N","0","1","39 55:27.150","5","0","75 11:26.070","0","0","0","0","67301","0","0","0","N","0","0","0","2","67301","0","","1.0","1630.0","1","N","N","N","0","","0","0","1","0","0","Y","1435","3","0","0","0","0","0","0","2","0","3","0","0","0","3","","","N","","","","","","","","","",""
"2020034868","0940","1","0","0","0","0","0","0","0","0","1","0","","67","4","2020","6","40.081956","-75.173525","0931","6","0","0","0","0","0","1","0","0","","0","0","0","9","1","0","N","0","0","40 04:55.040","","0","75 10:24.690","0","0","0","0","67301","0","0","0","N","0","0","0","1","67301","0","","6.0","","9","N","N","N","0","","0","0","1","0","0","","931","2","0","0","0","0","0","0","2","0","2","0","0","0","7","","","N","","","","","","","","","",""
"2020035271","1912","0","0","0","0","0","0","0","0","0","7","0","","67","4","2020","7","39.978571","-75.195009","1904","6","0","0","0","0","0","0","0","0","","0","0","0","19","1","0","N","0","0","39 58:42.854","","0","75 11:42.034","0","0","0","1","67301","0","0","0","N","0","0","0","1","67301","0","","3.0","","1","N","N","N","0","","0","0","0","0","0","","1903","1","0","0","0","0","0","0","2","0","1","0","0","0","3","03","","N","","","","","","","","","",""
"2020031207","2040","3","0","0","0","0","0","0","0","0","4","0","","67","4","2020","6","40.029025","-75.100501","2033","6","0","0","0","0","1","0","0","0","","0","0","0","20","3","1","","2","2","40 01:44.490","2","0","75 06:01.805","3","0","0","0","67301","0","0","0","N","0","0","0","3","67301","0","","1.0","2215.0","1","N","N","N","0","","1","0","0","3","2","N","2025","3","1","0","0","0","0","0","2","0","3","0","0","0","3","03","","N","","","","","","","","","",""
"2020041383","1236","1","0","0","0","0","0","0","0","0","7","0","","67","5","2020","3","39.933023","-75.200022","1226","6","0","0","0","0","0","0","0","0","","0","0","0","12","1","3","N","0","1","39 55:58.884","4","0","75 12:00.078","8","0","0","0","67301","0","0","0","N","0","0","0","3","68K01","0","","2.0","1310.0","1","N","N","N","0","","0","0","0","0","0","N","1207","1","3","0","0","0","3","0","2","0","1","0","0","0","3","03","","N","","","","","","","","","",""
"2020038479","1655","1","0","0","0","0","0","0","0","0","4","0","","67","5","2020","4","40.003165","-75.152455","1650","6","0","0","0","0","1","0","1","0","","0","0","0","16","1","0","","5","0","40 00:11.393","","0","75 09:08.837","0","0","0","0","67301","0","0","0","N","0","0","0","3","67505","0","","1.0","","1","N","N","Y","1","","0","0","0","3","2","","1645","2","0","0","0","0","0","0","2","0","2","0","0","0","3","03","","N","","","","","","","","","",""
"2020029952","0040","1","0","0","0","0","0","0","0","0","7","0","","67","3","2020","6","39.997097","-75.172414","0034","6","0","0","0","0","0","0","0","0","","0","0","0","23","3","0","N","0","0","39 59:49.550","","0","75 10:20.690","0","0","0","0","67301","0","0","0","N","0","0","0","1","67301","0","","4.0","","1","N","N","N","0","","0","0","0","0","0","","2330","1","0","0","0","0","0","0","2","0","1","0","0","0","3","03","","N","","","","","","","","","",""
"2020037536","1318","1","0","0","0","0","0","0","0","0","7","0","","67","3","2020","7","39.887067","-75.205092","1308","6","0","0","0","0","0","0","0","0","","0","0","0","13","1","0","N","0","1","39 53:13.442","2","0","75 12:18.332","0","0","0","0","67301","0","0","0","N","0","0","0","1","68K01","0","","2.0","1405.0","9","N","N","N","0","","0","0","0","0","0","N","1306","1","0","0","0","0","0","0","2","0","1","0","0","0","7","","","N","","","","","","","","","",""
"2020069616","2136","2","0","0","0","0","0","0","0","0","8","0","","67","8","2020","4","39.964483","-75.193319","2135","6","0","0","0","1","0","0","0","0","","2","0","0","21","3","2","Y","0","0","39 57:52.140","","0","75 11:35.950","1","0","0","0","67301","3","2","0","N","3","2","0","4","67301","0","2","4.0","","1","N","N","N","0","0","0","0","0","0","0","","2132","5","2","0","0","0","2","0","2","0","2","3","2","0","3","","","N","","","","","","","","","",""
"2020029645","2127","2","0","0","0","0","0","0","0","0","1","0","","67","3","2020","5","40.076534","-75.032678","2122","6","0","0","0","0","0","1","0","0","","0","0","0","21","3","0","Y","0","2","40 04:35.523","1","0","75 01:57.640","0","0","0","0","67301","0","0","0","N","0","0","0","2","67301","0","","1.0","30.0","1","N","N","Y","0","","0","0","0","3","2","N","2120","2","0","0","0","0","0","0","2","0","2","0","0","0","3","03","","N","","","","","","","","","",""
"2020033547","1110","0","0","0","0","0","0","0","0","0","8","0","","67","3","2020","4","39.97406","-75.22773","1109","6","0","0","0","0","0","0","0","0","","0","0","0","11","1","1","","1","0","39 58:26.615","","6","75 13:39.827","3","0","0","0","67301","1","0","0","N","1","0","0","2","67301","0","","1.0","","1","N","N","N","0","","1","0","0","3","3","","1109","2","1","0","0","0","0","0","2","0","1","1","0","0","3","03","","N","","","","","","","","","",""
"2020038980","1055","1","0","0","0","0","0","0","0","0","4","0","","67","5","2020","5","39.955991","-75.217645","1049","6","0","0","0","0","0","0","0","1","","0","0","0","10","1","2","","1","0","39 57:21.568","","0","75 13:03.523","8","0","0","0","67301","0","0","0","N","0","0","0","2","67301","0","","1.0","","1","N","N","N","0","","0","0","3","3","2","","1048","4","2","0","0","0","2","0","2","0","4","0","0","0","3","03","","N","","","","","","","","","",""