"CRN","ARRIVAL_TM","AUTOMOBILE_COUNT","BELTED_DEATH_COUNT","BELTED_SUSP_SERIOUS_INJ_COUNT","BICYCLE_COUNT","BICYCLE_DEATH_COUNT","BICYCLE_SUSP_SERIOUS_INJ_COUNT","BUS_COUNT","CHLDPAS_DEATH_COUNT","CHLDPAS_SUSP_SERIOUS_INJ_COUNT","COLLISION_TYPE","COMM_VEH_COUNT","CONS_ZONE_SPD_LIM","COUNTY","CRASH_MONTH","CRASH_YEAR","DAY_OF_WEEK","DEC_LATITUDE","DEC_LONGITUDE","DISPATCH_TM","DISTRICT","DRIVER_COUNT_16YR","DRIVER_COUNT_17YR","DRIVER_COUNT_18YR","DRIVER_COUNT_19YR","DRIVER_COUNT_20YR","DRIVER_COUNT_50_64YR","DRIVER_COUNT_65_74YR","DRIVER_COUNT_75PLUS","EST_HRS_CLOSED","FATAL_COUNT","HEAVY_TRUCK_COUNT","HORSE_BUGGY_COUNT","HOUR_OF_DAY","ILLUMINATION","INJURY_COUNT","INTERSECTION_RELATED","INTERSECT_TYPE","LANE_CLOSED","LATITUDE","LN_CLOSE_DIR","LOCATION_TYPE","LONGITUDE","MAX_SEVERITY_LEVEL","MCYCLE_DEATH_COUNT","MCYCLE_SUSP_SERIOUS_INJ_COUNT","MOTORCYCLE_COUNT","MUNICIPALITY","NONMOTR_COUNT","NONMOTR_DEATH_COUNT","NONMOTR_SUSP_SERIOUS_INJ_COUNT","NTFY_HIWY_MAINT","PED_COUNT","PED_DEATH_COUNT","PED_SUSP_SERIOUS_INJ_COUNT","PERSON_COUNT","POLICE_AGCY","POSSIBLE_INJ_COUNT","RDWY_SURF_TYPE_CD","RELATION_TO_ROAD","ROADWAY_CLEARED","ROAD_CONDITION","SCH_BUS_IND","SCH_ZONE_IND","SECONDARY_CRASH","SMALL_TRUCK_COUNT","SPEC_JURIS_CD","SUSP_MINOR_INJ_COUNT","SUSP_SERIOUS_INJ_COUNT","SUV_COUNT","TCD_FUNC_CD","TCD_TYPE","TFC_DETOUR_IND","TIME_OF_DAY","TOTAL_UNITS","TOT_INJ_COUNT","UNBELTED_OCC_COUNT","UNB_DEATH_COUNT","UNB_SUSP_SERIOUS_INJ_COUNT","UNK_INJ_DEG_COUNT","UNK_INJ_PER_COUNT","URBAN_RURAL","VAN_COUNT","VEHICLE_COUNT","VULNERABLE_ROAD_USER_COUNT","VULNERABLE_ROAD_USER_DEATH_COUNT","VULNERABLE_ROAD_USER_SER_INJ_COUNT","WEATHER1","WEATHER2","WORKERS_PRES","WORK_ZONE_IND","WORK_ZONE_LOC","WORK_ZONE_TYPE","WZ_CLOSE_DETOUR","WZ_FLAGGER","WZ_LAW_OFFCR_IND","WZ_LN_CLOSURE","WZ_MOVING","WZ_OTHER","WZ_SHLDER_MDN","WZ_WORKERS_INJ_KILLED"
"2020040098","1510","1","0","0","0","0","0","0","0","0","4","0","","67","5","2020","5","40.018922","-75.049504","1458","6","0","0","0","0","0","0","0","0","","0","0","0","14","1","1","","1","0","40 01:08.120","","0","75 02:58.216","3","0","0","0","67301","0","0","0","N","0","0","0","2","67301","0","","1.0","","1","N","N","N","0","","1","0","1","3","3","","1440","2","1","2","0","0","0","0","2","0","2","0","0","0","3","03","","N","","","","","","","","","",""
"2020038832","1016","2","0","0","0","0","0","0","0","0","5","0","","67","5","2020","5","40.017322","-75.156804","1010","6","0","0","0","0","0","0","0","0","","0","0","0","10","1","0","N","0","0","40 01:02.359","","7","75 09:24.494","9","0","0","0","67301","0","0","0","N","0","0","0","1","67301","0","","6.0","","1","N","N","Y","0","","0","0","2","0","0","","1001","4","0","0","0","0","0","1","2","0","4","0","0","0","3","","","N","","","","","","","","","",""
"2020039143","2030","1","0","0","0","0","0","0","0","0","5","0","","67","5","2020","6","40.028844","-75.089716","2026","6","0","0","0","0","0","0","0","0","","0","0","0","20","3","0","N","0","0","40 01:43.838","","0","75 05:22.979","0","0","0","0","67301","0","0","0","N","0","0","0","2","67301","0","","1.0","","1","N","N","N","0","","0","0","0","0","0","","2020","2","0","2","0","0","0","0","2","1","2","0","0","0","3","03","","N","","","","","","","","","",""
"2020038337","1458","0","0","0","1","0","0","0","0","0","8","0","","67","5","2020","2","39.993931","-75.154462","1458","6","0","0","0","0","0","0","0","0","","0","0","0","14","1","1","","1","0","39 59:38.150","","0","75 09:16.063","3","0","0","0","67301","1","0","0","N","0","0","0","2","67301","0","","1.0","","1","N","N","N","0","","1","0","1","3","2","","1457","2","1","0","0","0","0","0","2","0","1","1","0","0","3","03","","N","","","","","","","","","",""
"2020080065","0140","1","0","0","0","0","0","0","0","0","7","0","","67","9","2020","2","40.010019","-75.174153","0136","6","0","0","0","0","0","0","0","0","","0","0","0","0","3","2","N","0","0","40 00:36.070","","0","75 10:26.950","3","0","0","0","67301","0","0","0","N","0","0","0","3","67301","0","","5.0","","1","N","N","N","0","","2","0","0","0","0","","19","1","2","0","0","0","0","1","2","0","1","0","0","0","3","03","","N","","","","","","","","","",""
"2020045922","1441","0","0","0","0","0","0","0","0","0","5","0","55","67","5","2020","4","39.968534","-75.129046","1428","6","0","0","0","0","0","1","0","0","","0","0","0","14","1","0","N","0","1","39 58:06.724","2","0","75 07:44.565","0","0","0","0","67301","0","0","0","N","0","0","0","2","68K01","0","","1.0","1500.0","1","N","N","N","1","","0","0","1","0","0","N","1416","2","0","0","0","0","0","0","2","0","2","0","0","0","4","04","Y","Y","4","1","N","N","N","N","N","N","Y","N"
"2020080463","1844","1","0","0","0","0","0","0","0","0","4","0","","67","9","2020","6","39.899498","-75.16376","1828","6","0","0","0","0","0","0","0","0","","0","0","0","17","4","0","N","0","2","39 53:58.191","1","0","75 09:49.536","0","0","0","0","67301","0","0","0","N","0","0","0","2","68K01","0","","1.0","1750.0","1","N","N","N","0","","0","0","1","0","0","N","1727","2","0","0","0","0","0","0","2","0","2","0","0","0","3","03","","N","","","","","","","","","",""
"2020044713","1415","1","0","0","0","0","0","0","0","0","4","0","","67","6","2020","2","39.984194","-75.152838","1402","6","0","0","0","0","0","0","0","0","","0","0","0","14","1","2","","1","0","39 59:03.100","","0","75 09:10.215","3","0","0","0","67301","0","0","0","N","0","0","0","4","67301","0","","1.0","","1","N","N","N","1","","2","0","0","3","2","","1400","2","2","3","0","0","0","0","2","0","2","0","0","0","3","03","","N","","","","","","","","","",""
"2020062704","2140","0","0","0","0","0","0","0","0","0","5","0","","67","7","2020","6","40.002306","-75.145866","2135","6","0","0","0","0","0","0","0","0","","0","1","0","21","3","1","N","0","0","40 00:08.303","","0","75 08:45.119","3","0","0","1","67301","0","0","0","N","0","0","0","2","67301","0","","1.0","","1","N","N","N","0","","1","0","0","3","3","","2135","2","1","0","0","0","0","0","2","0","2","0","0","0","3","03","","N","","","","","","","","","",""
"2020080460","1500","2","0","0","0","0","0","0","0","0","1","0","","67","9","2020","6","39.98165","-75.101606","1450","6","0","0","1","0","0","0","0","0","","0","0","0","14","1","0","N","0","2","39 58:53.941","1","0","75 06:05.782","0","0","0","0","67301","0","0","0","N","0","0","0","2","68K01","0","","1.0","1510.0","1","N","N","N","0","","0","0","0","0","0","N","1448","2","0","0","0","0","0","0","2","0","2","0","0","0","3","03","","N","","","","","","","","","",""
"2020085571","2348","1","0","0","0","0","0","0","0","0","1","0","","67","10","2020","2","39.985207","-75.094047","2348","6","0","0","0","0","0","0","0","0","","0","0","0","23","3","1","N","0","1","39 59:06.744","1","0","75 05:38.568","8","0","0","0","67301","0","0","0","N","0","0","0","2","68K01","0","","1.0","2.0","9","N","N","N","2","","0","0","0","0","0","N","2348","3","1","0","0","0","1","0","2","0","3","0","0","0","7","07","","N","","","","","","","","","",""
"2020044515","0228","1","0","0","0","0","0","0","0","0","4","0","","67","6","2020","2","40.042316","-75.050651","0228","6","0","0","0","0","0","0","0","0","","0","0","0","2","3","0","N","1","0","40 02:32.336","","0","75 03:02.342","0","0","0","0","67301","0","0","0","N","0","0","0","1","67301","0","","1.0","","1","N","N","N","0","","0","0","1","3","2","","228","2","0","0","0","0","0","0","2","0","2","0","0","0","3","","","N","","","","","","","","","",""
"2020042040","0050","1","0","0","0","0","0","0","0","0","7","0","","67","5","2020","6","39.978675","-75.157803","0000","6","0","0","0","1","0","0","0","0","","0","0","0","0","3","0","","1","0","39 58:43.230","","0","75 09:28.092","9","0","0","0","67301","0","0","0","Y","0","0","0","2","67505","0","","4.0","","1","N","N","N","0","","0","0","0","3","2","","45","2","0","0","0","0","0","2","2","0","1","0","0","0","3","03","","N","","","","","","","","","",""
"2020084937","0214","1","0","0","0","0","0","0","0","0","2","0","","67","10","2020","2","40.013375","-75.146953","0214","6","0","0","0","0","0","0","0","0","","0","0","0","1","3","0","N","0","0","40 00:48.150","","0","75 08:49.030","0","0","0","0","67301","0","0","0","N","0","0","0","0","67301","0","","1.0","","9","N","N","N","0","","0","0","1","0","0","","155","2","0","0","0","0","0","0","2","0","2","0","0","0","7","","","N","","","","","","","","","",""
"2020046708","2029","0","0","0","0","0","0","0","0","0","7","0","","67","6","2020","4","39.898889","-75.170011","2024","6","0","0","0","0","0","1","0","0","","0","0","0","20","4","1","N","0","0","39 53:55.999","","0","75 10:12.041","4","0","0","0","67301","0","0","0","N","0","0","0","5","68K01","1","","4.0","","8","N","N","N","0","","0","0","1","0","0","","2017","1","1","0","0","0","0","0","2","0","1","0","0","0","4","","","N","","","","","","","","","",""
"2020047559","0257","1","0","0","0","0","0","0","0","0","7","0","","67","6","2020","4","39.996142","-75.147088","0256","6","0","0","0","0","0","0","0","0","","0","0","0","2","3","1","","1","0","39 59:46.111","","0","75 08:49.516","3","0","0","0","67301","0","0","0","N","0","0","0","1","67301","0","","4.0","","1","N","N","N","0","","1","0","0","0","0","","256","1","1","0","0","0","0","0","2","0","1","0","0","0","3","03","","N","","","","","","","","","",""
"2020046775","0945","1","0","0","0","0","0","0","0","0","1","0","","67","6","2020","4","39.912613","-75.237897","0938","6","0","0","0","0","1","0","0","0","","0","0","0","9","1","1","","2","0","39 54:45.406","","0","75 14:16.429","3","0","0","0","67301","0","0","0","N","0","0","0","3","67301","0","","1.0","","1","N","N","N","0","","1","0","1","3","3","","930","2","1","0","0","0","0","0","2","0","2","0","0","0","3","03","","N","","","","","","","","","",""
"2020036227","0105","1","0","0","0","0","0","0","0","0","7","0","","67","4","2020","2","39.91199","-75.150514","0100","6","0","0","0","1","0","0","0","0","","0","0","0","1","3","0","","2","0","39 54:43.164","","2","75 09:01.850","0","0","0","0","67301","0","0","0","N","0","0","0","2","67301","0","","4.0","","9","N","N","N","0","","0","0","0","3","2","","100","1","0","2","0","0","0","0","2","0","1","0","0","0","7","04","","N","","","","","","","","","",""
"2020017058","1553","2","0","0","0","0","0","0","0","0","4","0","","67","2","2020","5","40.044953","-75.232914","1549","6","0","0","0","0","0","0","0","0","","0","0","0","14","1","2","N","0","0","40 02:41.830","","7","75 13:58.490","3","0","0","0","67301","0","0","0","N","0","0","0","5","67301","0","","1.0","","9","N","N","Y","0","","2","0","1","3","8","","1438","4","2","1","0","0","0","0","2","1","4","0","0","0","7","04","","N","","","","","","","","","",""
"2020079565","1133","2","0","0","0","0","0","0","0","0","5","0","","67","9","2020","1","40.058464","-75.149839","1130","6","0","0","0","0","0","0","1","0","","0","0","0","11","1","1","N","0","0","40 03:30.470","","0","75 08:59.420","3","0","0","0","67301","0","0","0","N","0","0","0","1","67301","0","","6.0","","1","N","N","N","0","","1","0","0","0","0","","1115","2","1","1","0","0","0","0","2","0","2","0","0","0","3","03","","N","","","","","","","","","",""
"2020035436","1941","2","0","0","0","0","0","0","0","0","5","0","","67","4","2020","2","40.049384","-75.144508","1941","6","0","0","0","0","0","0","0","0","","0","0","0","19","1","2","N","0","0","40 02:57.781","","0","75 08:40.227","3","0","0","0","67301","0","0","0","N","0","0","0","2","67301","0","","1.0","","1","N","N","N","0","","2","0","0","0","0","","1931","2","2","0","0","0","0","0","2","0","2","0","0","0","3","","","N","","","","","","","","","",""
"2020035079","1818","1","0","0","0","0","0","0","0","0","7","0","","67","4","2020","6","39.991668","-75.166514","1818","6","0","0","1","0","0","0","0","0","","0","0","0","18","1","0","","3","0","39 59:30.004","","0","75 09:59.450","0","0","0","0","67301","0","0","0","N","0","0","0","4","67301","0","","4.0","","9","N","N","N","0","","0","0","0","0","0","","1818","1","0","0","0","0","0","0","2","0","1","0","0","0","7","98","","N","","","","","","","","","",""
"2020039201","0243","1","0","0","0","0","0","0","0","0","5","0","","67","5","2020","7","40.025331","-75.138956","0240","6","0","0","0","0","0","0","0","0","","0","0","0","2","3","0","N","0","1","40 01:31.190","1","0","75 08:20.240","0","0","0","0","67301","0","0","0","N","0","0","0","1","67301","0","","6.0","345.0","1","N","N","N","0","","0","0","1","0","0","N","232","2","0","0","0","0","0","0","2","0","2","0","0","0","3","","","N","","","","","","","","","",""
"2020025865","1321","3","0","0","0","0","0","0","0","0","2","0","","67","3","2020","3","39.999672","-75.12505","1321","6","0","0","0","0","0","0","1","0","","0","0","0","13","1","1","","1","0","39 59:58.819","","0","75 07:30.180","3","0","0","0","67301","0","0","0","N","0","0","0","1","67301","0","","1.0","","1","N","N","N","0","","1","0","0","3","2","","1321","3","1","0","0","0","0","0","2","0","3","0","0","0","4","04","","N","","","","","","","","","",""
"2020051875","1144","1","0","0","0","0","0","0","0","0","5","1","","67","7","2020","5","39.940217","-75.167756","1144","6","0","0","0","0","0","0","0","1","","0","1","0","11","1","0","N","0","2","39 56:24.780","6","0","75 10:03.920","9","0","0","0","67301","0","0","0","N","0","0","0","2","67301","0","","1.0","1152.0","1","N","N","N","0","","0","0","0","0","0","Y","1117","2","0","0","0","0","0","1","2","0","2","0","0","0","3","03","","N","","","","","","","","","",""
"2020034536","1735","0","0","0","0","0","0","0","0","0","7","0","","67","4","2020","5","39.996438","-75.113451","1735","6","0","0","0","0","0","0","0","0","","0","0","0","17","1","1","","1","0","39 59:47.175","","0","75 06:48.425","3","0","0","0","67301","0","0","0","N","0","0","0","2","67301","0","","4.0","","9","N","N","N","1","","1","0","0","3","2","","1735","1","1","0","0","0","0","1","2","0","1","0","0","0","7","98","","N","","","","","","","","","",""
"2020035433","1831","2","0","0","0","0","0","0","0","0","5","0","","67","4","2020","1","39.940783","-75.218551","1830","6","0","0","0","0","0","0","0","0","","0","0","0","18","4","0","N","0","0","39 56:26.817","","0","75 13:06.783","9","0","0","0","67301","0","0","0","N","0","0","0","1","67301","0","","6.0","","9","N","N","N","0","","0","0","1","0","0","","1821","3","0","0","0","0","0","1","2","0","3","0","0","0","7","","","N","","","","","","","","","",""
"2020081407","0103","1","0","0","0","0","0","0","0","0","4","0","","67","9","2020","2","40.041686","-75.004093","0046","6","0","0","0","0","0","0","0","0","","0","0","0","0","3","1","N","0","0","40 02:30.068","","0","75 00:14.733","8","0","0","0","67301","0","0","0","N","0","0","0","2","68K01","0","","1.0","","9","N","N","N","1","","0","0","0","0","0","","45","2","1","0","0","0","1","0","2","0","2","0","0","0","7","07","","N","","","","","","","","","",""
"2020068787","1459","1","0","0","0","0","0","0","0","0","5","1","","67","8","2020","2","40.030165","-75.073611","1459","6","0","0","0","0","0","0","0","0","","0","1","0","14","1","0","N","0","0","40 01:48.593","","0","75 04:25.001","0","0","0","0","67301","0","0","0","N","0","0","0","1","67301","0","","6.0","","1","N","N","N","1","","0","0","0","0","0","","1459","3","0","0","0","0","0","0","2","0","3","0","0","0","3","03","","N","","","","","","","","","",""
"2020035995","1810","2","0","0","0","0","0","0","0","0","1","0","","67","4","2020","5","39.974525","-75.238558","1800","6","0","0","0","0","0","0","0","0","","0","0","0","17","1","0","N","0","0","39 58:28.290","","0","75 14:18.810","0","0","0","0","67301","0","0","0","N","0","0","0","1","67301","0","","1.0","","8","N","N","N","0","","0","0","1","0","0","","1730","4","0","0","0","0","0","0","2","1","4","0","0","0","7","07","","N","","","","","","","","","",""
"2020039117","2202","0","0","0","0","0","0","0","0","0","7","0","","67","5","2020","5","39.901548","-75.151953","2149","6","0","0","0","0","0","1","0","0","","0","0","0","21","3","0","N","0","2","39 54:05.572","1","0","75 09:07.030","0","0","0","0","67301","0","0","0","N","0","0","0","1","68K01","0","","4.0","30.0","1","N","N","N","0","","0","0","0","0","0","N","2147","1","0","0","0","0","0","0","2","1","1","0","0","0","3","03","","N","","","","","","","","","",""
"2020038094","1011","3","0","0","0","0","0","0","0","0","1","0","","67","5","2020","2","39.959725","-75.235189","1010","6","0","0","0","0","0","2","0","0","","0","0","0","10","1","3","","1","0","39 57:35.009","","0","75 14:06.680","3","0","0","0","67301","0","0","0","N","0","0","0","4","67301","0","","1.0","","1","N","N","N","0","","3","0","0","3","2","","1005","3","3","0","0","0","0","0","2","0","3","0","0","0","3","","","N","","","","","","","","","",""
"2020038981","1233","2","0","0","0","0","0","0","0","0","1","0","","67","5","2020","6","39.956769","-75.211376","1225","6","0","0","0","0","0","1","0","0","","0","0","0","12","1","1","","1","1","39 57:24.369","3","0","75 12:40.953","2","0","0","0","67301","0","0","0","N","0","0","0","2","67301","0","","1.0","1419.0","1","N","N","N","0","","0","1","0","3","2","Y","1224","2","1","0","0","0","0","0","2","0","2","0","0","0","3","03","","N","","","","","","","","","",""
"2020076014","1120","1","0","0","0","0","0","0","0","0","4","1","","67","9","2020","2","39.992979","-75.217594","1020","6","0","0","0","0","0","0","0","0","","0","1","0","10","1","1","","1","0","39 59:34.723","","0","75 13:03.338","3","0","0","0","67301","0","0","0","N","0","0","0","2","67301","0","","1.0","","1","N","N","N","0","","1","0","0","9","9","","1010","2","1","0","0","0","0","1","2","0","2","0","0","0","3","","","N","","","","","","","","","",""
"2020079486","2351","1","0","0","0","0","0","0","0","0","5","1","","67","9","2020","6","40.022897","-75.088831","2348","6","0","1","0","0","0","0","0","0","","0","1","0","23","3","1","N","0","0","40 01:22.430","","0","75 05:19.790","8","0","0","0","67301","0","0","0","N","0","0","0","1","67301","0","","6.0","","1","N","N","N","0","","0","0","0","0","0","","2340","2","1","0","0","0","1","0","2","0","2","0","0","0","3","03","","N","","","","","","","","","",""
"2020038983","1805","0","0","0","0","0","0","0","0","0","4","0","","67","5","2020","6","40.025551","-75.130912","1805","6","0","0","0","0","0","2","0","0","","0","0","0","17","1","0","","1","0","40 01:31.983","","0","75 07:51.283","0","0","0","0","67301","0","0","0","N","0","0","0","2","67301","0","","1.0","","1","N","N","N","1","","0","0","1","3","3","","1730","2","0","0","0","0","0","0","2","0","2","0","0","0","3","98","","N","","","","","","","","","",""
"2020065855","1400","1","0","0","0","0","0","0","0","0","8","0","","67","8","2020","7","39.95656","-75.241884","1357","6","0","0","0","0","0","0","0","0","","0","0","0","13","1","1","","1","0","39 57:23.615","","0","75 14:30.782","3","0","0","0","67301","1","0","0","N","1","0","0","2","67301","0","","1.0","","1","N","N","N","0","","1","0","0","9","1","","1357","2","1","1","0","0","0","0","2","0","1","1","0","0","3","03","","N","","","","","","","","","",""
"2020039332","1726","2","0","0","0","0","0","0","0","0","5","0","","67","5","2020","6","40.007175","-75.142054","1721","6","0","0","0","1","1","0","0","0","","0","0","0","16","1","1","N","0","0","40 00:25.830","","0","75 08:31.396","3","0","0","0","67301","0","0","0","N","0","0","0","2","67301","0","","1.0","","1","N","N","N","0","","1","0","0","0","0","","1603","2","1","1","0","0","0","1","2","0","2","0","0","0","3","","","N","","","","","","","","","",""
"2020039141","1640","2","0","0","0","0","0","0","0","0","6","0","","67","5","2020","5","39.996308","-75.075438","1627","6","0","0","0","0","0","0","0","0","","0","0","0","15","1","1","N","0","2","39 59:46.710","5","0","75 04:31.575","3","0","0","0","67301","0","0","0","N","0","0","0","2","67301","0","","1.0","130.0","1","N","N","N","0","","1","0","0","3","2","Y","1555","2","1","0","0","0","0","0","2","0","2","0","0","0","3","03","","N","","","","","","","","","",""
"2020039194","0036","1","0","0","0","0","0","0","0","0","7","0","","67","5","2020","7","39.974061","-75.204419","0032","6","0","0","0","0","0","0","0","0","","0","0","0","0","3","0","N","0","1","39 58:26.621","4","0","75 12:15.907","0","0","0","0","67301","0","0","0","N","0","0","0","1","67301","0","","4.0","128.0","1","N","N","N","0","","0","0","0","0","0","Y","25","1","0","0","0","0","0","0","2","0","1","0","0","0","3","","","N","","","","","","","","","",""
"2020031950","1735","2","0","0","0","0","0","0","0","0","6","0","","67","4","2020","3","40.049903","-75.089003","1923","6","0","0","0","0","0","0","0","0","","0","0","0","15","1","0","N","0","0","40 02:59.650","","0","75 05:20.410","0","0","0","0","67301","0","0","0","N","0","0","0","1","67301","0","","2.0","","1","N","N","N","0","","0","0","0","0","0","","1545","2","0","0","0","0","0","0","2","0","2","0","0","0","3","03","","N","","","","","","","","","",""
"2020037045","1025","1","0","0","0","0","0","0","0","0","4","0","","67","5","2020","1","40.027028","-75.097734","1017","6","0","0","0","0","0","0","0","0","","0","0","0","10","1","2","N","0","2","40 01:37.299","2","0","75 05:51.841","3","0","0","0","67301","0","0","0","N","0","0","0","2","67301","0","","1.0","1235.0","1","N","N","N","0","","2","0","1","3","8","Y","1009","2","2","1","0","0","0","0","2","0","2","0","0","0","4","","","N","","","","","","","","","",""
"2020027759","2123","1","0","0","0","0","0","0","0","0","4","0","","67","3","2020","4","39.94998","-75.222934","2123","6","0","0","0","0","0","0","1","0","","0","0","0","21","3","1","","1","0","39 56:59.928","","0","75 13:22.562","3","0","0","0","67301","0","0","0","N","0","0","0","3","67301","0","","1.0","","1","N","N","N","0","","1","0","1","3","3","","2123","2","1","3","0","0","0","0","2","0","2","0","0","0","3","03","","N","","","","","","","","","",""
"2020066323","1700","2","0","0","0","0","0","0","0","0","1","0","","67","8","2020","6","39.981825","-75.101228","1656","6","0","0","0","0","0","0","0","0","","0","0","0","16","1","1","N","0","2","39 58:54.569","1","0","75 06:04.420","8","0","0","0","67301","0","0","0","N","0","0","0","3","68K01","0","","5.0","1656.0","1","N","N","N","0","","0","0","1","0","0","N","1655","3","1","0","0","0","1","0","2","0","3","0","0","0","3","03","","N","","","","","","","","","",""
"2020076594","0120","1","0","0","0","0","0","0","0","0","4","0","","67","9","2020","4","40.035013","-75.018626","0101","6","0","0","0","0","0","0","0","0","","0","0","0","1","3","1","N","0","1","40 02:06.047","2","0","75 01:07.053","8","0","0","0","67301","0","0","0","N","0","0","0","1","68K01","0","","4.0","130.0","1","N","N","N","0","","0","0","0","0","0","N","100","1","1","0","0","0","1","0","2","0","1","0","0","0","3","03","","N","","","","","","","","","",""
"2020076444","2005","2","0","0","0","0","0","0","0","0","2","0","","67","9","2020","5","40.033072","-75.106907","1956","6","0","0","0","0","0","0","0","0","","0","0","0","19","3","2","N","0","0","40 01:59.060","","7","75 06:24.865","3","0","0","0","67301","0","0","0","N","0","0","0","3","67301","0","","1.0","","1","N","N","N","0","","2","0","0","0","0","","1931","2","2","0","0","0","0","0","2","0","2","0","0","0","3","","","N","","","","","","","","","",""
"2020018670","1255","1","0","0","0","0","0","0","0","0","5","0","","67","2","2020","1","39.931733","-75.216779","1255","6","0","0","0","0","0","0","0","0","","0","0","0","12","1","0","N","0","0","39 55:54.238","","0","75 13:00.405","0","0","0","0","67301","0","0","0","N","0","0","0","1","67301","0","","6.0","","1","N","N","N","0","","0","0","1","9","1","","1255","2","0","0","0","0","0","0","2","0","2","0","0","0","3","03","","N","","","","","","","","","",""
"2020081550","1115","1","0","0","0","0","0","0","0","0","7","0","","67","10","2020","6","40.023419","-75.196578","1105","6","0","0","0","0","0","1","0","0","","0","0","0","11","1","1","N","0","1","40 01:24.310","1","0","75 11:47.680","8","0","0","0","67301","0","0","0","N","0","0","0","1","67301","0","","4.0","1145.0","9","N","N","N","0","","0","0","0","0","0","Y","1100","1","1","0","0","0","1","0","2","0","1","0","0","0","7","04","","N","","","","","","","","","",""
"2020026259","0918","4","0","0","0","0","0","0","0","0","1","0","","67","3","2020","6","40.035867","-75.080894","0915","6","0","0","0","0","0","1","0","0","","0","0","0","9","8","0","Y","0","1","40 02:09.122","2","0","75 04:51.220","0","0","0","0","67301","0","0","0","N","0","0","0","4","67301","0","","1.0","1030.0","9","N","N","Y","0","","0","0","0","3","2","Y","913","4","0","1","0","0","0","0","2","0","4","0","0","0","7","07","","N","","","","","","","","","",""
"2020039074","0957","1","0","0","0","0","0","0","0","0","4","0","","67","5","2020","3","39.929372","-75.150254","0953","6","0","0","0","0","1","0","0","0","","0","0","0","9","1","1","","1","0","39 55:45.739","","0","75 09:00.914","8","0","0","0","67301","0","0","0","N","0","0","0","2","67301","0","","1.0","","1","N","N","N","0","","0","0","1","3","2","","945","2","1","0","0","0","1","0","2","0","2","0","0","0","3","","","N","","","","","","","","","",""
"2020081350","0939","0","0","0","0","0","0","0","0","0","8","0","","67","9","2020","6","39.999058","-75.108717","0939","6","0","0","0","0","0","0","0","0","","0","0","0","9","8","1","","1","0","39 59:56.608","","1","75 06:31.380","8","0","0","0","67301","1","0","0","N","1","0","0","1","67301","0","","1.0","","1","N","N","N","0","","0","0","0","3","2","","939","2","1","0","0","0","1","0","2","0","1","1","0","0","3","03","","N","","","","","","","","","",""
"2020026675","0301","2","0","0","0","0","0","0","0","0","4","0","","67","3","2020","1","40.124886","-75.014868","0254","6","0","0","0","0","0","0","0","0","","0","0","0","2","3","2","N","0","0","40 07:29.590","","0","75 00:53.525","3","0","0","0","67301","0","0","0","N","0","0","0","7","67301","0","","1.0","","9","N","N","N","0","","1","0","0","0","0","","248","3","2","0","0","0","1","0","2","1","3","0","0","0","4","04","","N","","","","","","","","","",""
"2020040488","2230","2","0","0","0","0","0","0","0","0","4","0","","67","5","2020","7","40.047527","-75.163923","1830","6","0","0","0","1","0","0","0","0","","0","0","0","18","1","1","","1","0","40 02:51.097","","0","75 09:50.122","3","0","0","0","67301","0","0","0","N","0","0","0","4","67301","0","","1.0","","1","N","N","N","0","","1","0","0","3","3","","1830","2","1","0","0","0","0","0","2","0","2","0","0","0","3","03","","N","","","","","","","","","",""
"2020072565","2359","1","0","0","0","0","0","0","0","0","5","0","","67","9","2020","7","39.956236","-75.194153","2357","6","0","0","0","1","0","0","0","0","","0","0","0","23","3","0","N","1","0","39 57:22.450","","0","75 11:38.949","0","0","0","0","67301","0","0","0","N","0","0","0","2","67504","0","","1.0","","1","N","N","N","0","","0","0","1","3","2","N","2357","2","0","0","0","0","0","0","2","0","2","0","0","0","3","03","","N","","","","","","","","","",""
"2020039442","0708","1","0","0","0","0","0","0","0","0","0","0","","67","5","2020","3","39.957476","-75.150698","0858","6","0","0","0","0","0","2","0","0","","0","0","0","6","1","0","N","0","0","39 57:26.914","","0","75 09:02.513","0","0","0","0","67301","0","0","0","N","0","0","0","2","68K01","0","","1.0","","1","N","N","N","0","","0","0","1","0","0","","652","2","0","0","0","0","0","0","2","0","2","0","0","0","3","","","N","","","","","","","","","",""
"2020037892","0624","1","0","1","0","0","0","0","0","0","7","0","","67","5","2020","1","40.016314","-75.175446","0622","6","0","0","0","0","0","0","0","0","","0","0","0","6","1","1","N","0","2","40 00:58.729","2","0","75 10:31.607","2","0","0","0","67301","0","0","0","N","0","0","0","1","67301","0","","4.0","645.0","1","N","N","N","0","","0","1","0","0","0","N","620","1","1","0","0","0","0","0","2","0","1","0","0","0","3","03","","N","","","","","","","","","",""
"2020038138","1621","1","0","0","0","0","0","0","0","0","5","0","","67","5","2020","1","39.926864","-75.228961","1619","6","0","0","0","0","0","0","0","0","","0","0","0","16","1","0","N","0","0","39 55:36.710","","0","75 13:44.260","0","0","0","0","67301","0","0","0","N","0","0","0","1","67301","0","","6.0","","1","N","N","N","0","","0","0","1","0","0","","1617","3","0","0","0","0","0","0","2","1","3","0","0","0","3","03","","N","","","","","","","","","",""