"CRN","ARRIVAL_TM","AUTOMOBILE_COUNT","BELTED_DEATH_COUNT","BELTED_SUSP_SERIOUS_INJ_COUNT","BICYCLE_COUNT","BICYCLE_DEATH_COUNT","BICYCLE_SUSP_SERIOUS_INJ_COUNT","BUS_COUNT","CHLDPAS_DEATH_COUNT","CHLDPAS_SUSP_SERIOUS_INJ_COUNT","COLLISION_TYPE","COMM_VEH_COUNT","CONS_ZONE_SPD_LIM","COUNTY","CRASH_MONTH","CRASH_YEAR","DAY_OF_WEEK","DEC_LATITUDE","DEC_LONGITUDE","DISPATCH_TM","DISTRICT","DRIVER_COUNT_16YR","DRIVER_COUNT_17YR","DRIVER_COUNT_18YR","DRIVER_COUNT_19YR","DRIVER_COUNT_20YR","DRIVER_COUNT_50_64YR","DRIVER_COUNT_65_74YR","DRIVER_COUNT_75PLUS","EST_HRS_CLOSED","FATAL_COUNT","HEAVY_TRUCK_COUNT","HORSE_BUGGY_COUNT","HOUR_OF_DAY","ILLUMINATION","INJURY_COUNT","INTERSECTION_RELATED","INTERSECT_TYPE","LANE_CLOSED","LATITUDE","LN_CLOSE_DIR","LOCATION_TYPE","LONGITUDE","MAX_SEVERITY_LEVEL","MCYCLE_DEATH_COUNT","MCYCLE_SUSP_SERIOUS_INJ_COUNT","MOTORCYCLE_COUNT","MUNICIPALITY","NONMOTR_COUNT","NONMOTR_DEATH_COUNT","NONMOTR_SUSP_SERIOUS_INJ_COUNT","NTFY_HIWY_MAINT","PED_COUNT","PED_DEATH_COUNT","PED_SUSP_SERIOUS_INJ_COUNT","PERSON_COUNT","POLICE_AGCY","POSSIBLE_INJ_COUNT","RDWY_SURF_TYPE_CD","RELATION_TO_ROAD","ROADWAY_CLEARED","ROAD_CONDITION","SCH_BUS_IND","SCH_ZONE_IND","SECONDARY_CRASH","SMALL_TRUCK_COUNT","SPEC_JURIS_CD","SUSP_MINOR_INJ_COUNT","SUSP_SERIOUS_INJ_COUNT","SUV_COUNT","TCD_FUNC_CD","TCD_TYPE","TFC_DETOUR_IND","TIME_OF_DAY","TOTAL_UNITS","TOT_INJ_COUNT","UNBELTED_OCC_COUNT","UNB_DEATH_COUNT","UNB_SUSP_SERIOUS_INJ_COUNT","UNK_INJ_DEG_COUNT","UNK_INJ_PER_COUNT","URBAN_RURAL","VAN_COUNT","VEHICLE_COUNT","VULNERABLE_ROAD_USER_COUNT","VULNERABLE_ROAD_USER_DEATH_COUNT","VULNERABLE_ROAD_USER_SER_INJ_COUNT","WEATHER1","WEATHER2","WORKERS_PRES","WORK_ZONE_IND","WORK_ZONE_LOC","WORK_ZONE_TYPE","WZ_CLOSE_DETOUR","WZ_FLAGGER","WZ_LAW_OFFCR_IND","WZ_LN_CLOSURE","WZ_MOVING","WZ_OTHER","WZ_SHLDER_MDN","WZ_WORKERS_INJ_KILLED"
"2020027396","0957","1","0","0","0","0","0","0","0","0","1","0","","67","3","2020","1","39.973776","-75.258236","0955","6","0","0","0","0","0","1","0","1","","0","0","0","9","1","1","","1","0","39 58:25.593","","0","75 15:29.649","3","0","0","0","67301","0","0","0","N","0","0","0","3","67301","0","","1.0","","1","N","N","N","0","","1","0","1","9","2","","954","2","1","2","0","0","0","0","2","0","2","0","0","0","3","03","","N","","","","","","","","","",""
"2020058805","0907","1","0","0","0","0","0","0","0","0","1","0","45","67","6","2020","3","39.976194","-75.115061","0857","6","0","0","0","0","0","1","0","0","","0","0","0","8","1","1","N","0","1","39 58:34.299","2","0","75 06:54.221","3","0","0","0","67301","0","0","0","N","0","0","0","3","68K01","0","","1.0","1004.0","1","N","N","N","0","","1","0","1","0","0","N","856","3","1","0","0","0","0","0","2","1","3","0","0","0","3","03","Y","Y","4","1","N","N","N","N","N","Y","N","N"
"2020044539","0234","0","0","0","0","0","0","0","0","0","5","0","","67","6","2020","7","40.005458","-75.106917","0234","6","0","0","0","0","0","0","0","0","","0","0","0","2","3","2","N","0","0","40 00:19.648","","0","75 06:24.902","2","0","0","0","67301","0","0","0","N","0","0","0","2","67301","0","","6.0","","9","N","N","N","0","","0","2","1","0","0","","233","2","2","1","0","1","0","0","2","1","2","0","0","0","7","","","N","","","","","","","","","",""
"2020038387","1105","2","0","0","0","0","0","0","0","0","4","0","","67","5","2020","4","39.984086","-75.160053","1058","6","0","0","0","0","0","0","1","0","","0","0","0","10","1","1","N","1","0","39 59:02.710","","0","75 09:36.190","4","0","0","0","67301","0","0","0","N","0","0","0","3","67505","1","","1.0","","1","N","N","N","0","","0","0","0","3","3","N","1058","2","1","0","0","0","0","0","2","0","2","0","0","0","3","03","","N","","","","","","","","","",""
"2020025572","0611","1","0","0","0","0","0","0","0","0","1","0","","67","3","2020","4","39.921571","-75.191436","0606","6","0","0","0","0","0","0","0","0","","0","0","0","5","3","0","N","0","0","39 55:17.654","","0","75 11:29.170","0","0","0","0","67301","0","0","0","N","0","0","0","2","67301","0","","1.0","","1","N","N","N","0","","0","0","1","3","2","","549","2","0","0","0","0","0","0","2","0","2","0","0","0","3","03","","N","","","","","","","","","",""
"2020038878","1824","1","0","0","0","0","0","0","0","0","4","0","","67","5","2020","3","39.945967","-75.168342","1822","6","0","0","0","0","0","0","1","0","","0","0","0","18","1","0","","1","0","39 56:45.480","","0","75 10:06.032","0","0","0","0","67301","0","0","0","N","0","0","0","2","67301","0","","1.0","","1","N","N","N","0","","0","0","1","3","2","","1821","2","0","0","0","0","0","0","2","0","2","0","0","0","3","03","","N","","","","","","","","","",""
"2020038620","0039","1","0","0","0","0","0","0","0","0","4","0","","67","5","2020","5","40.04099","-75.163704","0037","6","0","0","0","0","0","0","1","0","","0","0","0","0","3","2","","2","1","40 02:27.564","7","0","75 09:49.334","3","0","0","0","67301","0","0","0","N","0","0","0","3","67301","0","","1.0","151.0","1","N","N","N","0","","2","0","1","0","0","Y","35","2","2","0","0","0","0","0","2","0","2","0","0","0","3","03","","N","","","","","","","","","",""
"2020038622","2153","2","0","0","0","0","0","0","0","0","4","0","","67","5","2020","4","39.988697","-75.162286","2152","6","0","0","0","0","0","0","0","0","","0","0","0","21","3","1","","1","0","39 59:19.309","","0","75 09:44.228","3","0","0","0","67301","0","0","0","N","0","0","0","2","67301","0","","1.0","","1","N","N","N","0","","1","0","1","3","2","","2150","3","1","0","0","0","0","0","2","0","3","0","0","0","3","03","","N","","","","","","","","","",""
"2020039202","1328","2","0","0","0","0","0","0","0","0","4","0","","67","5","2020","6","40.031508","-75.128634","1328","6","0","0","0","0","0","0","0","0","","0","0","0","23","3","1","","1","0","40 01:53.428","","0","75 07:43.082","8","0","0","0","67301","0","0","0","N","0","0","0","2","67301","0","","1.0","","1","N","N","N","0","","0","0","0","3","3","","2357","2","1","0","0","0","1","1","2","0","2","0","0","0","3","03","","N","","","","","","","","","",""
"2020026725","0542","0","0","0","0","0","0","0","0","0","5","1","","67","3","2020","4","39.917452","-75.216693","0541","6","0","0","0","0","0","0","0","0","","0","1","0","5","3","1","N","0","0","39 55:02.827","","7","75 13:00.096","8","0","0","0","67301","0","0","0","N","0","0","0","3","67301","0","","1.0","","1","N","N","N","0","","0","0","0","0","0","","540","2","1","0","0","0","1","0","2","1","2","0","0","0","3","","","N","","","","","","","","","",""
"2020039487","1130","1","0","0","0","0","0","0","0","0","4","0","","67","5","2020","7","40.017191","-75.151132","1128","6","0","0","0","0","0","1","0","0","","0","0","0","11","1","1","","1","1","40 01:01.889","4","0","75 09:04.074","3","0","0","0","67301","0","0","0","N","0","0","0","2","67301","0","","1.0","1150.0","1","N","N","N","1","","1","0","0","3","2","N","1120","2","1","0","0","0","0","0","2","0","2","0","0","0","3","","","N","","","","","","","","","",""
"2020076340","1150","1","0","0","0","0","0","0","0","0","3","0","","67","9","2020","2","39.927019","-75.161075","1147","6","0","0","0","0","0","1","0","0","","0","0","0","11","1","0","N","0","0","39 55:37.270","","0","75 09:39.870","0","0","0","0","67301","0","0","0","N","0","0","0","2","67301","0","","1.0","","1","N","N","N","1","","0","0","1","0","0","","1145","3","0","2","0","0","0","0","2","0","3","0","0","0","3","","","N","","","","","","","","","",""
"2020048412","1659","0","0","0","0","0","0","0","0","0","4","1","","67","6","2020","7","40.112707","-75.023304","1650","6","0","0","0","0","0","2","0","0","","0","1","0","16","1","0","N","0","1","40 06:45.745","2","0","75 01:23.894","0","0","0","0","67301","0","0","0","N","0","0","0","2","67301","0","","1.0","1720.0","1","N","N","N","0","","0","0","1","0","0","N","1643","2","0","0","0","0","0","0","2","0","2","0","0","0","4","04","","N","","","","","","","","","",""
"2020057471","1205","0","0","0","0","0","0","1","0","0","8","1","","67","7","2020","2","39.965614","-75.232094","1153","6","0","0","0","0","0","0","0","0","","1","0","0","10","1","0","N","0","2","39 57:56.210","6","0","75 13:55.540","1","0","0","0","67301","1","1","0","N","1","1","0","2","67301","0","2","1.0","400.0","1","N","N","N","0","0","0","0","0","0","0","Y","1035","2","0","0","0","0","0","0","2","0","1","1","1","0","3","03","","N","","","","","","","","","",""
"2020017712","0904","1","0","0","0","0","0","0","0","0","6","0","","67","2","2020","6","40.040906","-75.120242","0852","6","0","0","0","0","0","0","0","0","","0","0","0","8","1","0","N","0","0","40 02:27.260","","0","75 07:12.870","0","0","0","0","67301","0","0","0","N","0","0","0","1","67301","0","","6.0","","1","N","N","N","0","","0","0","0","0","0","","825","2","0","0","0","0","0","0","2","1","2","0","0","0","3","98","","N","","","","","","","","","",""
"2020019394","2145","1","0","0","0","0","0","0","0","0","4","0","","67","2","2020","7","39.977272","-75.25165","2129","6","0","0","0","0","0","1","0","0","","0","0","0","20","3","1","N","0","0","39 58:38.180","","0","75 15:05.940","3","0","0","0","67301","0","0","0","N","0","0","0","3","67301","0","","1.0","","1","N","N","N","0","","1","0","1","0","0","","2055","2","1","0","0","0","0","0","2","0","2","0","0","0","3","03","","N","","","","","","","","","",""
"2020017061","0140","1","0","0","0","0","0","0","0","0","4","0","","67","2","2020","6","40.036314","-75.064305","0135","6","0","0","1","0","0","0","0","0","","0","0","0","1","3","2","","1","0","40 02:10.729","","0","75 03:51.497","8","0","0","0","67301","0","0","0","N","0","0","0","3","67301","0","","1.0","","1","N","N","N","0","","0","0","1","3","2","","132","2","2","0","0","0","2","0","2","0","2","0","0","0","3","03","","N","","","","","","","","","",""
"2020017816","1933","1","0","0","0","0","0","0","0","0","4","0","","67","2","2020","7","40.094644","-75.015196","1922","6","0","0","0","0","0","0","0","0","","0","0","0","19","3","0","","1","0","40 05:40.718","","0","75 00:54.707","0","0","0","0","67301","0","0","0","N","0","0","0","2","67301","0","","1.0","","1","N","N","N","0","","0","0","0","3","2","","1907","2","0","0","0","0","0","0","2","1","2","0","0","0","3","03","","N","","","","","","","","","",""
"2020076756","1610","1","0","0","0","0","0","0","0","0","1","0","","67","9","2020","5","40.004714","-75.076081","1555","6","0","0","0","0","0","0","0","0","","0","0","0","15","1","0","N","0","2","40 00:16.971","1","0","75 04:33.891","0","0","0","0","67301","0","0","0","N","0","0","0","2","68K01","0","","3.0","15.0","1","N","N","N","1","","0","0","0","0","0","N","1541","2","0","0","0","0","0","0","2","0","2","0","0","0","3","","","N","","","","","","","","","",""
"2020058415","1739","1","0","0","0","0","0","0","0","0","8","0","","67","7","2020","4","40.110483","-75.023717","1739","6","0","0","0","0","0","0","0","0","","0","0","0","17","1","1","N","0","0","40 06:37.740","","0","75 01:25.380","8","0","0","0","67301","1","0","0","N","1","0","0","3","67301","0","","1.0","","1","N","N","N","0","","0","0","0","0","0","","1736","2","1","0","0","0","1","0","2","0","1","1","0","0","3","","","N","","","","","","","","","",""
"2020057293","1655","2","0","0","0","0","0","0","0","0","4","0","","67","7","2020","2","40.099299","-75.030149","1650","6","0","0","0","0","0","1","0","1","","0","0","0","16","1","0","N","0","0","40 05:57.478","","7","75 01:48.538","0","0","0","0","67301","0","0","0","N","0","0","0","2","67301","0","","2.0","","1","N","N","N","0","","0","0","0","0","0","","1645","2","0","0","0","0","0","0","2","0","2","0","0","0","3","03","","N","","","","","","","","","",""
"2020045702","1208","0","0","0","0","0","0","0","0","0","1","1","","67","6","2020","5","40.090799","-75.064361","1208","6","0","0","0","0","0","1","0","0","","0","1","0","12","1","1","","2","0","40 05:26.876","","0","75 03:51.699","3","0","0","0","67301","0","0","0","N","0","0","0","3","67301","0","","1.0","","9","N","N","N","0","","1","0","1","3","3","","1200","2","1","1","0","0","0","0","2","0","2","0","0","0","3","","","N","","","","","","","","","",""
"2020038623","0110","2","0","0","0","0","0","0","0","0","2","0","","67","5","2020","5","39.998925","-75.100128","0109","6","0","0","0","0","0","0","0","0","","0","0","0","1","3","0","N","0","0","39 59:56.131","","0","75 06:00.459","0","0","0","0","67301","0","0","0","N","0","0","0","1","67301","0","","6.0","","1","N","N","N","0","","0","0","2","0","0","","105","4","0","1","0","0","0","0","2","0","4","0","0","0","3","03","","N","","","","","","","","","",""
"2020080057","1228","0","0","0","0","0","0","0","0","0","4","1","","67","9","2020","2","39.921311","-75.216044","1223","6","0","0","0","0","0","0","0","0","","0","1","0","12","1","1","N","0","0","39 55:16.720","","0","75 12:57.760","2","0","0","0","67301","0","0","0","N","0","0","0","2","67301","0","","1.0","","1","N","N","N","0","","0","1","1","0","0","","1200","2","1","0","0","0","0","0","2","0","2","0","0","0","3","","","N","","","","","","","","","",""
"2020038135","1235","1","0","0","0","0","0","0","0","0","7","0","","67","5","2020","2","39.918222","-75.141611","1233","6","0","0","0","0","0","0","0","1","","0","0","0","12","1","1","N","0","1","39 55:05.600","3","7","75 08:29.800","3","0","0","0","67301","0","0","0","N","0","0","0","1","67301","0","","5.0","1300.0","1","N","N","N","0","","1","0","0","0","0","N","1230","1","1","0","0","0","0","0","2","0","1","0","0","0","3","03","","N","","","","","","","","","",""
"2020038386","0104","1","0","0","0","0","0","0","0","0","4","0","","67","5","2020","1","40.028069","-75.117579","0101","6","0","0","0","0","0","0","0","0","","0","0","0","0","3","1","","2","1","40 01:41.048","2","0","75 07:03.284","3","0","0","0","67301","0","0","0","N","0","0","0","4","67301","0","","1.0","213.0","1","N","N","N","0","","1","0","1","0","0","N","36","2","1","0","0","0","0","0","2","0","2","0","0","0","3","","","N","","","","","","","","","",""
"2020029951","1535","0","0","0","1","0","0","0","0","0","8","0","","67","3","2020","4","40.032333","-75.1351","1531","6","0","0","0","0","0","1","0","0","","0","0","0","15","1","1","N","0","0","40 01:56.400","","0","75 08:06.360","3","0","0","0","67301","1","0","0","N","0","0","0","3","67301","0","","1.0","","9","N","N","N","0","","1","0","0","9","9","","1530","2","1","0","0","0","0","0","2","1","1","1","0","0","7","","","N","","","","","","","","","",""
"2020067835","1443","1","0","0","0","0","0","0","0","0","5","0","","67","8","2020","4","39.958272","-75.236084","1442","6","0","0","0","0","0","0","0","0","","0","0","0","14","1","1","N","0","0","39 57:29.780","","0","75 14:09.904","4","0","0","0","67301","0","0","0","N","0","0","0","2","67301","1","","1.0","","9","N","N","N","0","","0","0","1","0","0","","1440","2","1","0","0","0","0","0","2","0","2","0","0","0","3","03","","N","","","","","","","","","",""
"2020028992","1640","1","0","0","0","0","0","0","0","0","4","0","","67","3","2020","2","40.048889","-75.045123","1638","6","0","0","0","0","0","1","0","0","","0","0","0","16","1","1","","1","1","40 02:56.000","3","0","75 02:42.442","3","0","0","0","67301","0","0","0","N","0","0","0","3","67301","0","","1.0","1730.0","9","N","N","N","0","","1","0","0","9","2","Y","1637","2","1","0","0","0","0","0","2","1","2","0","0","0","7","04","","N","","","","","","","","","",""
"2020029664","0524","0","0","0","0","0","0","0","0","0","7","0","","67","3","2020","5","40.040857","-75.004957","0506","6","0","0","0","0","0","0","0","0","","0","0","0","5","3","0","N","0","0","40 02:27.084","","0","75 00:17.845","0","0","0","0","67301","0","0","0","N","0","0","0","1","68K01","0","","3.0","","9","N","N","N","0","","0","0","1","0","0","","505","1","0","0","0","0","0","0","2","0","1","0","0","0","7","","","N","","","","","","","","","",""
"2020036021","1327","1","0","0","0","0","0","0","0","0","4","0","","67","4","2020","5","39.913816","-75.158379","1327","6","0","0","0","0","0","0","0","0","","0","0","0","13","1","0","","1","0","39 54:49.737","","0","75 09:30.164","0","0","0","0","67301","0","0","0","N","0","0","0","2","67301","0","","1.0","","1","N","N","N","0","","0","0","3","3","3","","1325","4","0","0","0","0","0","0","2","0","4","0","0","0","3","","","N","","","","","","","","","",""
"2020035535","1343","1","0","0","0","0","0","0","0","0","5","0","","67","4","2020","3","40.04515","-75.149767","1343","6","0","0","0","0","0","0","0","0","","0","0","0","13","1","0","N","0","0","40 02:42.540","","0","75 08:59.160","0","0","0","0","67301","0","0","0","N","0","0","0","2","67301","0","","1.0","","1","N","N","N","0","","0","0","1","0","0","","1343","2","0","0","0","0","0","0","2","0","2","0","0","0","3","03","","N","","","","","","","","","",""
"2020076344","1733","0","0","0","0","0","0","0","0","0","4","0","","67","9","2020","2","40.04297","-75.144426","1720","6","0","0","0","0","0","1","0","0","","0","0","0","15","1","2","","1","0","40 02:34.692","","0","75 08:39.933","3","0","0","0","67301","0","0","0","N","0","0","0","3","67301","0","","1.0","","1","N","N","N","0","","2","0","2","3","2","","1515","2","2","0","0","0","0","1","2","0","2","0","0","0","3","03","","N","","","","","","","","","",""
"2020035010","1945","0","0","0","0","0","0","0","0","0","7","0","","67","4","2020","1","40.065642","-75.169089","1943","6","0","0","0","0","0","0","0","0","","0","0","0","19","3","0","N","0","0","40 03:56.310","","0","75 10:08.720","9","0","0","0","67301","0","0","0","N","0","0","0","1","67301","0","","5.0","","9","N","N","N","0","","0","0","1","0","0","","1930","1","0","0","0","0","0","1","2","0","1","0","0","0","7","03","","N","","","","","","","","","",""
"2020035075","1930","2","0","0","0","0","0","0","0","0","1","0","","67","4","2020","1","40.03255","-75.106266","1923","6","0","0","0","0","0","0","0","0","","0","0","0","19","4","1","N","0","0","40 01:57.181","","0","75 06:22.556","8","0","0","0","67301","0","0","0","N","0","0","0","2","67301","0","","1.0","","9","N","N","N","0","","0","0","0","0","0","","1912","2","1","0","0","0","1","1","2","0","2","0","0","0","7","04","","N","","","","","","","","","",""
"2020016750","0616","1","0","0","0","0","0","0","0","0","5","0","","67","2","2020","3","39.992152","-75.08876","0616","6","0","0","0","0","0","0","0","0","","0","0","0","6","3","0","","1","0","39 59:31.747","","0","75 05:19.536","0","0","0","0","67301","0","0","0","N","0","0","0","2","67301","0","","1.0","","9","N","N","N","0","","0","0","0","0","0","","616","2","0","1","0","0","0","0","2","0","2","0","0","0","7","07","","N","","","","","","","","","",""
"2020001396","0034","0","0","0","0","0","0","0","0","0","7","0","","67","1","2020","7","39.988137","-75.207177","0034","6","0","0","0","0","0","0","0","0","","0","0","0","0","3","0","N","0","0","39 59:17.293","","0","75 12:25.837","0","0","0","0","67301","0","0","0","N","0","0","0","1","68K01","0","","4.0","","9","N","N","N","0","","0","0","1","0","0","","34","1","0","0","0","0","0","0","2","0","1","0","0","0","7","","","N","","","","","","","","","",""
"2020039422","1616","1","0","0","1","0","0","0","0","0","8","0","","67","5","2020","7","39.985947","-75.166115","1615","6","0","0","0","0","0","0","0","0","","0","0","0","16","1","1","","1","0","39 59:09.409","","0","75 09:58.013","8","0","0","0","67301","1","0","0","N","0","0","0","2","67301","0","","1.0","","1","N","N","N","0","","0","0","0","3","2","","1610","2","1","0","0","0","1","0","2","0","1","1","0","0","3","03","","N","","","","","","","","","",""
"2020053203","0912","1","0","0","0","0","0","0","0","0","1","1","","67","6","2020","2","40.010493","-75.063177","0906","6","0","0","0","0","0","0","0","0","","0","1","0","9","1","1","N","0","2","40 00:37.773","2","2","75 03:47.436","8","0","0","0","67301","0","0","0","N","0","0","0","4","68K01","0","","1.0","930.0","1","N","N","N","0","","0","0","0","0","0","Y","904","2","1","2","0","0","1","0","2","0","2","0","0","0","3","","","N","","","","","","","","","",""
"2020038446","1634","1","0","0","0","0","0","0","0","0","1","0","","67","5","2020","3","40.05797","-75.236831","1634","6","0","0","0","0","0","0","0","0","","0","0","0","16","1","0","N","0","1","40 03:28.693","2","0","75 14:12.591","0","0","0","0","67301","0","0","0","N","0","0","0","2","67301","0","","1.0","1735.0","1","N","N","N","0","","0","0","1","0","0","Y","1633","2","0","0","0","0","0","0","2","0","2","0","0","0","3","03","","N","","","","","","","","","",""
"2020026731","1845","1","0","0","0","0","0","0","0","0","5","0","","67","3","2020","5","40.032419","-75.071544","1836","6","0","0","0","0","0","0","0","0","","0","0","0","18","1","1","N","0","1","40 01:56.710","4","0","75 04:17.560","3","0","0","0","67301","0","0","0","N","0","0","0","2","67301","0","","6.0","2005.0","1","N","N","N","0","","1","0","3","3","2","N","1835","4","1","1","0","0","0","0","2","0","4","0","0","0","3","98","","N","","","","","","","","","",""
"2020039190","0625","2","0","0","0","0","0","0","0","0","5","0","","67","5","2020","7","39.966303","-75.14595","0619","6","0","0","0","0","0","0","0","0","","0","0","0","6","1","0","N","0","0","39 57:58.690","","0","75 08:45.420","0","0","0","0","67301","0","0","0","N","0","0","0","1","67301","0","","6.0","","1","N","N","N","0","","0","0","0","0","0","","600","2","0","0","0","0","0","0","2","0","2","0","0","0","3","03","","N","","","","","","","","","",""
"2020038092","0423","1","0","0","0","0","0","0","0","0","3","0","","67","5","2020","3","40.065461","-75.062314","0414","6","0","0","0","0","0","0","0","0","","0","0","0","4","3","0","N","0","0","40 03:55.660","","0","75 03:44.330","0","0","0","0","67301","0","0","0","N","0","0","0","1","67301","0","","6.0","","1","N","N","N","0","","0","0","2","0","0","","413","3","0","0","0","0","0","0","2","0","3","0","0","0","3","","","N","","","","","","","","","",""
"2020038928","1359","0","0","0","0","0","0","0","0","0","1","0","","67","4","2020","7","39.960099","-75.17967","1350","6","0","0","0","0","0","0","0","0","","0","0","0","13","1","0","N","0","0","39 57:36.357","","0","75 10:46.811","0","0","0","0","67301","0","0","0","N","0","0","0","4","68K01","0","","1.0","","1","N","N","N","0","","0","0","2","0","0","","1344","2","0","0","0","0","0","0","2","0","2","0","0","0","3","","","N","","","","","","","","","",""
"2020076728","1349","2","0","0","0","0","0","0","0","0","1","0","","67","8","2020","7","39.9594","-75.174023","1349","6","0","0","0","0","0","0","1","0","","0","0","0","13","1","2","N","0","0","39 57:33.840","","0","75 10:26.484","3","0","0","0","67301","0","0","0","N","0","0","0","4","68K01","0","","1.0","","1","N","N","N","0","","2","0","0","0","0","","1344","2","2","0","0","0","0","0","2","0","2","0","0","0","3","","","N","","","","","","","","","",""
"2020074736","1315","1","0","0","0","0","0","0","0","0","8","0","","67","9","2020","3","39.973575","-75.234772","1315","6","0","0","0","0","0","0","0","0","","0","0","0","13","1","1","N","0","0","39 58:24.870","","0","75 14:05.180","3","0","0","0","67301","1","0","0","N","1","0","0","1","67301","0","","1.0","","1","N","N","N","0","","1","0","0","0","0","","1309","2","1","0","0","0","0","0","2","0","1","1","0","0","3","03","","N","","","","","","","","","",""
"2020075026","2328","0","0","0","1","0","0","0","0","0","8","0","","67","9","2020","6","40.031591","-75.210028","2324","6","0","0","0","0","0","1","0","0","","0","0","0","21","3","1","","1","0","40 01:53.726","","0","75 12:36.100","8","0","0","0","67301","1","0","0","N","0","0","0","2","67301","0","","1.0","","1","N","N","N","0","","0","0","1","9","3","","2150","2","1","0","0","0","1","0","2","0","1","1","0","0","3","03","","N","","","","","","","","","",""
"2020041970","2223","1","0","0","0","0","0","0","0","0","7","0","","67","5","2020","5","39.898842","-75.170941","2217","6","0","0","0","1","0","0","0","0","","0","0","0","22","3","0","N","0","1","39 53:55.831","2","0","75 10:15.386","0","0","0","0","67301","0","0","0","N","0","0","0","1","68K01","0","","2.0","2315.0","1","N","N","N","0","","0","0","0","0","0","N","2202","1","0","0","0","0","0","0","2","0","1","0","0","0","3","03","","N","","","","","","","","","",""
"2020042319","1427","1","0","0","0","0","0","0","0","0","7","1","","67","5","2020","3","39.955022","-75.244622","1427","6","0","0","0","0","0","0","0","0","","0","1","0","14","1","1","N","0","0","39 57:18.080","","7","75 14:40.640","3","0","0","0","67301","0","0","0","N","0","0","0","1","67301","0","","2.0","","1","N","N","N","0","","1","0","0","0","0","","1426","2","1","1","0","0","0","0","2","0","2","0","0","0","3","03","","N","","","","","","","","","",""
"2020012778","0230","1","0","0","0","0","0","0","0","0","1","0","","67","2","2020","2","40.057664","-75.057072","0211","6","0","0","0","0","0","0","0","0","","0","0","0","2","3","1","N","0","0","40 03:27.590","","0","75 03:25.460","4","0","0","0","67301","0","0","0","N","0","0","0","1","67301","1","","6.0","","9","N","N","N","0","","0","0","1","9","3","","200","2","1","0","0","0","0","0","2","0","2","0","0","0","3","03","","N","","","","","","","","","",""
"2020014063","0750","0","0","0","0","0","0","0","0","0","4","0","","67","2","2020","2","40.008908","-75.072016","0746","6","0","0","0","0","0","0","0","0","","0","0","0","7","1","0","","5","0","40 00:32.070","","0","75 04:19.257","0","0","0","0","67301","0","0","0","N","0","0","0","2","67301","0","","1.0","","1","N","N","N","0","","0","0","2","3","2","","738","2","0","2","0","0","0","0","2","0","2","0","0","0","3","03","","N","","","","","","","","","",""
"2020038095","1620","0","0","0","0","0","0","0","0","0","4","0","","67","4","2020","3","39.965552","-75.226177","1620","6","0","0","0","0","0","1","0","0","","0","0","0","16","1","2","","1","0","39 57:55.987","","0","75 13:34.237","3","0","0","0","67301","0","0","0","N","0","0","0","4","67301","0","","1.0","","1","N","N","N","1","","2","0","1","3","2","","1618","2","2","4","0","0","0","0","2","0","2","0","0","0","3","03","","N","","","","","","","","","",""
"2020033729","0919","1","0","0","0","0","0","0","0","0","7","0","","67","4","2020","5","39.983597","-75.208104","0918","6","0","0","0","0","0","0","0","0","","0","0","0","9","1","1","N","0","1","39 59:00.948","4","0","75 12:29.174","4","0","0","0","67301","0","0","0","N","0","0","0","1","68K01","1","","2.0","30.0","9","N","N","N","0","","0","0","0","0","0","N","911","1","1","0","0","0","0","0","2","0","1","0","0","0","7","04","","N","","","","","","","","","",""
"2020034031","2154","0","0","0","0","0","0","0","0","0","7","0","","67","3","2020","6","39.933144","-75.145441","2143","6","0","0","0","0","0","0","0","0","","0","0","0","21","3","0","N","0","1","39 55:59.317","2","0","75 08:43.587","0","0","0","0","67301","0","0","0","N","0","0","0","1","68K01","0","","5.0","30.0","1","N","N","N","0","","0","0","1","0","0","N","2142","1","0","1","0","0","0","0","2","0","1","0","0","0","3","03","","N","","","","","","","","","",""
"2020030827","1755","1","0","0","0","0","0","0","0","0","7","0","","67","4","2020","5","39.95532","-75.147747","1753","6","0","0","0","0","0","0","0","0","","0","0","0","17","1","0","N","7","0","39 57:19.151","","2","75 08:51.889","0","0","0","0","67301","0","0","0","N","0","0","0","1","67501","0","","4.0","","1","N","N","N","0","","0","0","0","0","0","","1753","1","0","0","0","0","0","0","2","0","1","0","0","0","3","03","","N","","","","","","","","","",""
"2020019746","1945","1","0","0","0","0","0","0","0","0","4","0","","67","2","2020","4","39.876667","-75.248111","1935","6","0","0","0","0","0","0","0","0","","0","0","0","19","3","0","N","0","0","39 52:36.000","","7","75 14:53.200","0","0","0","0","67301","0","0","0","N","0","0","0","2","67301","0","","5.0","","1","N","N","N","0","","0","0","1","0","0","","1930","2","0","0","0","0","0","0","2","0","2","0","0","0","3","03","","N","","","","","","","","","",""
"2020053103","0412","0","0","0","0","0","0","0","0","0","4","0","","67","7","2020","7","39.961123","-75.146612","0409","6","0","0","0","0","0","0","0","0","","2","0","0","4","3","2","N","1","2","39 57:40.044","3","0","75 08:47.803","1","0","0","0","67301","0","0","0","N","0","0","0","4","67301","0","2","1.0","300.0","1","N","N","N","0","0","1","0","2","3","2","Y","408","2","2","0","0","0","1","0","2","0","2","0","0","0","3","03","","N","","","","","","","","","",""