"CRN","ARRIVAL_TM","AUTOMOBILE_COUNT","BELTED_DEATH_COUNT","BELTED_SUSP_SERIOUS_INJ_COUNT","BICYCLE_COUNT","BICYCLE_DEATH_COUNT","BICYCLE_SUSP_SERIOUS_INJ_COUNT","BUS_COUNT","CHLDPAS_DEATH_COUNT","CHLDPAS_SUSP_SERIOUS_INJ_COUNT","COLLISION_TYPE","COMM_VEH_COUNT","CONS_ZONE_SPD_LIM","COUNTY","CRASH_MONTH","CRASH_YEAR","DAY_OF_WEEK","DEC_LATITUDE","DEC_LONGITUDE","DISPATCH_TM","DISTRICT","DRIVER_COUNT_16YR","DRIVER_COUNT_17YR","DRIVER_COUNT_18YR","DRIVER_COUNT_19YR","DRIVER_COUNT_20YR","DRIVER_COUNT_50_64YR","DRIVER_COUNT_65_74YR","DRIVER_COUNT_75PLUS","EST_HRS_CLOSED","FATAL_COUNT","HEAVY_TRUCK_COUNT","HORSE_BUGGY_COUNT","HOUR_OF_DAY","ILLUMINATION","INJURY_COUNT","INTERSECTION_RELATED","INTERSECT_TYPE","LANE_CLOSED","LATITUDE","LN_CLOSE_DIR","LOCATION_TYPE","LONGITUDE","MAX_SEVERITY_LEVEL","MCYCLE_DEATH_COUNT","MCYCLE_SUSP_SERIOUS_INJ_COUNT","MOTORCYCLE_COUNT","MUNICIPALITY","NONMOTR_COUNT","NONMOTR_DEATH_COUNT","NONMOTR_SUSP_SERIOUS_INJ_COUNT","NTFY_HIWY_MAINT","PED_COUNT","PED_DEATH_COUNT","PED_SUSP_SERIOUS_INJ_COUNT","PERSON_COUNT","POLICE_AGCY","POSSIBLE_INJ_COUNT","RDWY_SURF_TYPE_CD","RELATION_TO_ROAD","ROADWAY_CLEARED","ROAD_CONDITION","SCH_BUS_IND","SCH_ZONE_IND","SECONDARY_CRASH","SMALL_TRUCK_COUNT","SPEC_JURIS_CD","SUSP_MINOR_INJ_COUNT","SUSP_SERIOUS_INJ_COUNT","SUV_COUNT","TCD_FUNC_CD","TCD_TYPE","TFC_DETOUR_IND","TIME_OF_DAY","TOTAL_UNITS","TOT_INJ_COUNT","UNBELTED_OCC_COUNT","UNB_DEATH_COUNT","UNB_SUSP_SERIOUS_INJ_COUNT","UNK_INJ_DEG_COUNT","UNK_INJ_PER_COUNT","URBAN_RURAL","VAN_COUNT","VEHICLE_COUNT","VULNERABLE_ROAD_USER_COUNT","VULNERABLE_ROAD_USER_DEATH_COUNT","VULNERABLE_ROAD_USER_SER_INJ_COUNT","WEATHER1","WEATHER2","WORKERS_PRES","WORK_ZONE_IND","WORK_ZONE_LOC","WORK_ZONE_TYPE","WZ_CLOSE_DETOUR","WZ_FLAGGER","WZ_LAW_OFFCR_IND","WZ_LN_CLOSURE","WZ_MOVING","WZ_OTHER","WZ_SHLDER_MDN","WZ_WORKERS_INJ_KILLED"
"2020036861","1239","2","0","0","0","0","0","0","0","0","7","0","","67","4","2020","6","39.960126","-75.180625","1239","6","0","0","0","0","2","0","0","0","","0","0","0","12","1","3","N","0","2","39 57:36.455","3","0","75 10:50.249","4","0","0","0","67301","0","0","0","N","0","0","0","3","68K01","3","","2.0","1300.0","9","N","N","N","0","","0","0","0","0","0","Y","1238","3","3","1","0","0","0","0","2","1","3","0","0","0","7","07","","N","","","","","","","","","",""
"2020034812","0035","0","0","0","0","0","0","0","0","0","7","0","","67","4","2020","1","39.908406","-75.173154","0034","6","0","0","0","0","0","0","0","0","","0","0","0","0","3","1","N","0","0","39 54:30.262","","0","75 10:23.356","4","0","0","0","67301","0","0","0","N","0","0","0","1","67301","1","","5.0","","9","N","N","N","0","","0","0","0","9","9","","34","1","1","1","0","0","0","0","2","1","1","0","0","0","7","07","","N","","","","","","","","","",""
"2020036532","2245","2","0","0","0","0","0","0","0","0","4","0","","67","4","2020","4","40.023328","-75.136395","2230","6","0","0","0","0","0","1","0","0","","0","0","0","22","3","2","","5","0","40 01:23.980","","0","75 08:11.021","3","0","0","0","67301","0","0","0","N","0","0","0","3","67301","0","","1.0","","1","N","N","N","0","","2","0","1","3","2","","2226","3","2","0","0","0","0","0","2","0","3","0","0","0","3","03","","N","","","","","","","","","",""
"2020039570","0036","1","0","0","0","0","0","0","0","0","7","0","","67","5","2020","2","39.981163","-75.206779","0036","6","0","0","0","1","0","0","0","0","","0","0","0","0","3","0","N","0","1","39 58:52.185","3","0","75 12:24.405","0","0","0","0","67301","0","0","0","N","0","0","0","2","68K01","0","","4.0","24.0","1","N","N","N","0","","0","0","0","0","0","N","36","1","0","0","0","0","0","0","2","0","1","0","0","0","3","","","N","","","","","","","","","",""
"2020039198","0514","1","0","0","0","0","0","0","0","0","4","0","","67","5","2020","6","39.981343","-75.166317","0508","6","0","0","0","0","0","0","0","0","","0","0","0","5","3","0","","1","0","39 58:52.834","","0","75 09:58.741","9","0","0","0","67301","0","0","0","N","0","0","0","2","67301","0","","1.0","","1","N","N","N","0","","0","0","1","3","3","","506","2","0","0","0","0","0","1","2","0","2","0","0","0","3","03","","N","","","","","","","","","",""
"2020074925","2115","0","0","0","0","0","0","0","0","0","8","0","","67","9","2020","6","40.00985","-75.159267","2109","6","0","0","0","0","0","0","0","0","","0","0","0","21","3","1","N","0","0","40 00:35.460","","0","75 09:33.360","4","0","0","1","67301","1","0","0","N","1","0","0","1","67301","1","","5.0","","1","N","N","N","0","","0","0","0","0","0","","2108","2","1","0","0","0","0","0","2","0","1","1","0","0","3","03","","N","","","","","","","","","",""
"2020035728","1315","1","0","0","0","0","0","0","0","0","4","0","","67","4","2020","4","40.0156","-75.139464","1312","6","0","0","0","0","0","1","0","0","","0","0","0","12","1","0","","1","2","40 00:56.160","4","0","75 08:22.070","0","0","0","0","67301","0","0","0","N","0","0","0","5","67301","0","","1.0","1410.0","1","N","N","N","2","","0","0","0","3","3","N","1215","3","0","0","0","0","0","0","2","0","3","0","0","0","3","","","N","","","","","","","","","",""
"2020075075","1410","1","0","0","0","0","0","1","0","0","6","1","","67","9","2020","3","40.038943","-75.144151","1405","6","0","0","0","0","0","1","0","0","","0","0","0","14","1","3","N","0","0","40 02:20.193","","0","75 08:38.942","4","0","0","0","67301","0","0","0","N","0","0","0","5","67508","3","","1.0","","1","N","N","Y","0","","0","0","0","0","0","N","1405","2","3","0","0","0","0","0","2","0","2","0","0","0","3","03","","N","","","","","","","","","",""
"2020035355","0420","1","0","0","0","0","0","0","0","0","2","0","","67","4","2020","2","40.040699","-75.107661","0415","6","0","0","0","0","0","0","0","0","","0","0","0","4","5","0","N","0","0","40 02:26.517","","0","75 06:27.579","0","0","0","0","67301","0","0","0","N","0","0","0","1","67301","0","","6.0","","1","N","N","N","0","","0","0","3","3","2","","415","4","0","1","0","0","0","0","2","0","4","0","0","0","4","04","","N","","","","","","","","","",""
"2020036022","0945","1","0","0","0","0","0","0","0","0","2","0","","67","5","2020","6","39.938941","-75.210357","0943","6","0","0","0","0","0","1","0","0","","0","0","0","9","1","2","N","0","0","39 56:20.188","","0","75 12:37.284","3","0","0","0","67301","0","0","0","N","0","0","0","4","67301","0","","1.0","","9","N","N","Y","1","","2","0","0","0","0","","943","3","2","0","0","0","0","0","2","1","3","0","0","0","7","07","","N","","","","","","","","","",""
"2020075900","1250","0","0","0","0","0","0","1","0","0","5","1","","67","9","2020","4","39.951409","-75.168404","1245","6","0","0","0","0","0","1","0","0","","0","0","0","12","1","1","N","0","0","39 57:05.073","","0","75 10:06.254","4","0","0","0","67301","0","0","0","N","0","0","0","3","67508","1","","1.0","","1","N","N","Y","1","","0","0","0","3","2","N","1245","2","1","0","0","0","0","0","2","0","2","0","0","0","3","03","","N","","","","","","","","","",""
"2020035212","2205","1","0","0","0","0","0","0","0","0","4","0","","67","4","2020","1","39.973586","-75.251732","2202","6","0","0","0","0","0","0","0","0","","0","0","0","21","2","0","N","1","1","39 58:24.909","1","0","75 15:06.235","0","0","0","0","67301","0","0","0","N","0","0","0","1","67301","0","","1.0","2205.0","9","N","N","N","0","","0","0","2","0","0","N","2140","3","0","0","0","0","0","0","2","0","3","0","0","0","7","07","","N","","","","","","","","","",""
"2020035277","0855","1","0","0","0","0","0","0","0","0","5","0","","67","4","2020","1","40.014928","-75.147014","0849","6","0","0","0","0","0","0","0","0","","0","0","0","2","3","0","N","0","0","40 00:53.740","","0","75 08:49.250","9","0","0","0","67301","0","0","0","N","0","0","0","1","67301","0","","6.0","","1","N","N","N","0","","0","0","1","3","2","","245","3","0","0","0","0","0","1","2","1","3","0","0","0","3","03","","N","","","","","","","","","",""
"2020075167","0744","1","0","0","0","0","0","0","0","0","5","1","","67","9","2020","4","39.882879","-75.244868","0723","6","0","0","0","0","0","0","0","0","","0","1","0","7","1","0","N","0","1","39 52:58.365","1","0","75 14:41.525","0","0","0","0","67301","0","0","0","N","0","0","0","3","68K01","0","","1.0","750.0","1","N","N","N","0","","0","0","0","0","0","N","720","2","0","0","0","0","0","0","2","0","2","0","0","0","3","","","N","","","","","","","","","",""
"2020035996","1830","1","0","0","0","0","0","0","0","0","8","0","","67","4","2020","5","39.970683","-75.232585","1825","6","0","0","0","0","0","0","0","0","","0","0","0","18","1","1","","1","0","39 58:14.458","","0","75 13:57.306","3","0","0","0","67301","1","0","0","N","1","0","0","2","67301","0","","1.0","","9","N","N","N","0","","1","0","0","3","2","","1820","2","1","0","0","0","0","0","2","0","1","1","0","0","7","07","","N","","","","","","","","","",""
"2020036164","2126","1","0","0","0","0","0","0","0","0","1","0","","67","4","2020","4","39.987972","-75.225536","2125","6","0","0","0","0","0","0","0","0","","0","0","0","21","3","0","N","0","0","39 59:16.700","","0","75 13:31.930","0","0","0","0","67301","0","0","0","N","0","0","0","1","67301","0","","6.0","","1","N","N","N","0","","0","0","1","3","2","","2123","2","0","0","0","0","0","0","2","0","2","0","0","0","3","03","","N","","","","","","","","","",""
"2020036868","1244","1","0","0","0","0","0","0","0","0","7","0","","67","4","2020","1","39.982949","-75.207909","1243","6","0","0","0","0","0","1","0","0","","0","0","0","12","1","1","N","0","2","39 58:58.616","4","0","75 12:28.473","8","0","0","0","67301","0","0","0","N","0","0","0","1","68K01","0","","3.0","1250.0","9","N","N","N","0","","0","0","0","0","0","N","1243","1","1","0","0","0","1","0","2","0","1","0","0","0","7","","","N","","","","","","","","","",""
"2020080903","2052","1","0","0","0","0","0","0","0","0","4","0","","67","9","2020","6","40.02006","-75.056173","2049","6","0","0","0","0","0","0","0","0","","0","0","0","19","3","2","","1","1","40 01:12.215","3","0","75 03:22.222","3","0","0","0","67301","0","0","0","N","0","0","0","6","67301","0","","1.0","100.0","1","N","N","N","0","","2","0","1","3","3","N","1958","2","2","2","0","0","0","0","2","0","2","0","0","0","3","03","","N","","","","","","","","","",""
"2020072498","2328","2","0","0","0","0","0","0","0","0","5","0","","67","9","2020","6","40.052256","-75.131128","2321","6","0","0","0","0","0","0","0","0","","0","0","0","23","3","1","N","0","1","40 03:08.120","4","0","75 07:52.060","4","0","0","0","67301","0","0","0","N","0","0","0","1","67301","1","","6.0","2359.0","1","N","N","N","1","","0","0","0","0","0","Y","2311","3","1","0","0","0","0","0","2","0","3","0","0","0","3","03","","N","","","","","","","","","",""
"2020036528","0740","2","0","0","0","0","0","0","0","0","5","0","","67","4","2020","4","40.038846","-75.060119","0735","6","0","0","0","0","0","0","0","0","","0","0","0","7","1","0","N","0","0","40 02:19.846","","0","75 03:36.427","0","0","0","0","67301","0","0","0","N","0","0","0","2","67301","0","","1.0","","1","N","N","N","0","","0","0","0","0","0","","730","2","0","0","0","0","0","0","2","0","2","0","0","0","3","03","","N","","","","","","","","","",""
"2020035078","1724","1","0","0","0","0","0","0","0","0","4","0","","67","4","2020","1","40.084828","-75.025244","1715","6","0","0","0","0","0","1","0","0","","0","0","0","17","1","1","","1","0","40 05:05.382","","0","75 01:30.879","3","0","0","0","67301","0","0","0","N","0","0","0","2","67301","0","","1.0","","9","N","N","N","0","","1","0","0","3","2","","1714","2","1","0","0","0","0","0","2","1","2","0","0","0","7","07","","N","","","","","","","","","",""
"2020036117","1930","1","0","0","0","0","0","0","0","0","8","0","","67","5","2020","6","39.920686","-75.141094","1927","6","0","0","0","0","0","0","0","0","","0","0","0","16","1","1","","1","0","39 55:14.471","","0","75 08:27.940","2","0","0","0","67301","1","0","1","N","1","0","1","2","67301","0","","1.0","","1","N","N","N","0","","0","1","0","3","2","","1643","2","1","0","0","0","0","1","2","0","1","1","0","1","3","","","N","","","","","","","","","",""
"2020075025","2025","1","0","0","0","0","0","0","0","0","8","0","","67","9","2020","7","40.05011","-75.064241","2017","6","0","0","0","0","0","0","0","0","","0","0","0","20","4","1","","1","1","40 03:00.396","3","0","75 03:51.268","3","0","0","0","67301","1","0","0","N","1","0","0","2","67301","0","","1.0","2138.0","1","N","N","N","0","","1","0","0","3","2","N","2003","2","1","0","0","0","0","0","2","0","1","1","0","0","3","","","N","","","","","","","","","",""
"2020037390","1431","2","0","0","0","0","0","0","0","0","1","0","","67","5","2020","6","40.040323","-75.058538","1423","6","0","0","0","0","0","0","0","0","","0","0","0","14","1","1","","1","1","40 02:25.164","1","0","75 03:30.737","3","0","0","0","67301","0","0","0","N","0","0","0","4","67301","0","","1.0","1530.0","1","N","N","N","0","","1","0","1","3","2","N","1422","3","1","0","0","0","0","0","2","0","3","0","0","0","3","03","","N","","","","","","","","","",""
"2020036827","2354","2","0","0","0","0","0","0","0","0","4","0","","67","4","2020","5","39.987839","-75.216828","2351","6","0","0","0","0","0","0","0","0","","0","0","0","23","3","0","N","0","0","39 59:16.220","","0","75 13:00.580","0","0","0","0","67301","0","0","0","N","0","0","0","2","67301","0","","1.0","","9","N","N","N","0","","0","0","0","3","2","","2330","2","0","0","0","0","0","0","2","0","2","0","0","0","7","98","","N","","","","","","","","","",""
"2020059455","1943","1","0","0","0","0","0","0","0","0","1","0","","67","7","2020","7","40.007908","-75.071423","1940","6","0","0","0","0","0","0","0","0","","0","0","0","19","1","3","N","0","1","40 00:28.468","1","0","75 04:17.121","8","0","0","0","67301","0","0","0","N","0","0","0","3","68K01","0","","5.0","100.0","1","N","N","N","0","","0","0","1","0","0","N","1937","2","3","3","0","0","3","0","2","0","2","0","0","0","3","03","","N","","","","","","","","","",""
"2020071209","1442","1","0","0","0","0","0","0","0","0","1","1","","67","8","2020","2","40.021725","-75.051394","1433","6","0","0","0","0","0","1","0","0","","0","1","0","14","1","1","N","0","0","40 01:18.211","","0","75 03:05.017","3","0","0","0","67301","0","0","0","N","0","0","0","3","67301","0","","1.0","","9","N","N","N","1","","1","0","0","0","0","","1428","3","1","0","0","0","0","0","2","0","3","0","0","0","4","07","","N","","","","","","","","","",""
"2020015144","1828","1","0","0","0","0","0","0","0","0","4","0","","67","2","2020","7","40.037652","-75.075953","1824","6","0","0","0","0","0","1","0","0","","0","0","0","18","3","0","","2","0","40 02:15.547","","0","75 04:33.430","0","0","0","0","67301","0","0","0","N","0","0","0","2","67301","0","","1.0","","1","N","N","N","0","","0","0","1","3","3","","1815","3","0","0","0","0","0","0","2","0","3","0","0","0","3","03","","N","","","","","","","","","",""
"2020079319","0820","1","0","0","0","0","0","0","0","0","4","0","","67","9","2020","6","40.078915","-75.025321","0817","6","0","0","0","0","0","0","0","0","","0","0","0","8","1","0","N","0","0","40 04:44.093","","0","75 01:31.156","0","0","0","0","67301","0","0","0","N","0","0","0","1","67301","0","","6.0","","1","N","N","N","0","","0","0","1","0","0","","815","2","0","0","0","0","0","0","2","0","2","0","0","0","3","03","","N","","","","","","","","","",""
"2020036027","1006","2","0","0","0","0","0","0","0","0","4","0","","67","5","2020","6","39.974609","-75.137359","1005","6","0","0","0","0","0","0","0","0","","0","0","0","9","1","2","","1","0","39 58:28.592","","0","75 08:14.492","3","0","0","0","67301","0","0","0","N","0","0","0","2","67301","0","","1.0","","1","N","N","N","1","","2","0","0","3","3","","955","3","2","2","0","0","0","0","2","0","3","0","0","0","3","03","","N","","","","","","","","","",""
"2020069926","1631","0","0","0","0","0","0","0","0","0","2","0","","67","8","2020","3","39.897731","-75.22671","1630","6","0","0","0","0","0","0","0","0","","0","0","0","16","1","1","N","0","0","39 53:51.833","","0","75 13:36.156","2","0","0","0","67301","0","0","0","N","0","0","0","2","67301","0","","1.0","","1","N","N","N","1","","0","1","0","0","0","","1608","2","1","2","0","1","0","0","2","1","2","0","0","0","3","03","","N","","","","","","","","","",""
"2020062295","1558","1","0","0","0","0","0","0","0","0","4","0","","67","8","2020","3","40.03523","-75.145573","1555","6","0","0","0","0","0","0","1","0","","0","1","0","15","1","2","","1","0","40 02:06.827","","0","75 08:44.062","3","0","0","0","67301","0","0","0","N","0","0","0","3","67301","0","","1.0","","1","N","N","N","0","","2","0","0","3","2","","1521","2","2","0","0","0","0","0","2","0","2","0","0","0","3","03","","N","","","","","","","","","",""
"2020039326","2055","0","0","0","0","0","0","0","0","0","8","0","","67","5","2020","7","40.057655","-75.16607","2040","6","0","0","0","0","0","0","0","0","","0","0","0","20","3","1","","5","0","40 03:27.557","","0","75 09:57.853","8","0","0","0","67301","1","0","0","N","1","0","0","2","67301","0","","1.0","","1","N","N","N","0","","0","0","0","3","2","","2037","2","1","0","0","0","1","0","2","0","1","1","0","0","3","03","","N","","","","","","","","","",""
"2020038926","1728","1","0","0","0","0","0","0","0","0","7","0","","67","4","2020","6","39.948911","-75.141957","1719","6","0","0","0","0","0","0","0","0","","0","0","0","17","1","0","N","0","0","39 56:56.078","","0","75 08:31.044","0","0","0","0","67301","0","0","0","N","0","0","0","1","68K01","0","","2.0","","9","N","N","N","0","","0","0","0","0","0","","1717","1","0","0","0","0","0","0","2","0","1","0","0","0","7","","","N","","","","","","","","","",""
"2020034928","1809","1","0","0","0","0","0","0","0","0","7","0","","67","4","2020","6","40.030137","-75.022138","1754","6","0","0","1","0","0","0","0","0","","0","0","0","17","1","0","N","0","2","40 01:48.493","2","0","75 01:19.695","0","0","0","0","67301","0","0","0","N","0","0","0","1","68K01","0","","5.0","1815.0","9","N","N","N","0","","0","0","0","0","0","N","1750","1","0","0","0","0","0","0","2","0","1","0","0","0","7","04","","N","","","","","","","","","",""
"2020034815","0332","2","0","0","0","0","0","0","0","0","4","0","","67","4","2020","6","39.9789","-75.147327","0326","6","0","0","0","0","0","0","0","0","","0","0","0","3","3","0","","1","0","39 58:44.040","","0","75 08:50.377","0","0","0","0","67301","0","0","0","N","0","0","0","2","67301","0","","1.0","","9","N","N","N","0","","0","0","0","3","3","","325","2","0","0","0","0","0","0","2","0","2","0","0","0","7","","","N","","","","","","","","","",""
"2020079320","1745","0","0","0","0","0","0","0","0","0","2","0","","67","9","2020","6","40.077481","-75.024228","1725","6","0","0","0","0","0","0","0","0","","0","0","0","17","1","2","N","0","0","40 04:38.930","","0","75 01:27.220","8","0","0","0","67301","0","0","0","N","0","0","0","4","67301","0","","1.0","","1","N","N","N","0","","0","0","2","0","0","","1721","2","2","0","0","0","2","0","2","0","2","0","0","0","3","03","","N","","","","","","","","","",""
"2020075128","2315","2","0","0","0","0","0","0","0","0","2","0","","67","9","2020","1","40.061736","-75.199992","2310","6","0","0","0","1","0","0","0","0","","0","0","0","22","3","0","N","0","0","40 03:42.250","","0","75 11:59.970","0","0","0","0","67301","0","0","0","N","0","0","0","3","67301","0","","1.0","","1","N","N","N","0","","0","0","0","0","0","","2240","2","0","0","0","0","0","0","2","0","2","0","0","0","3","","","N","","","","","","","","","",""
"2020080429","0720","1","0","0","0","0","0","0","0","0","5","0","","67","9","2020","2","39.967517","-75.132481","0712","6","0","0","0","0","0","0","0","0","","0","0","0","7","1","1","N","0","0","39 58:03.060","","0","75 07:56.930","3","0","0","0","67301","0","0","0","N","0","0","0","6","68K01","0","","1.0","","1","N","N","N","0","","1","0","0","0","0","","711","2","1","0","0","0","0","0","2","1","2","0","0","0","3","","","N","","","","","","","","","",""
"2020079777","1926","1","0","0","0","0","0","0","0","0","8","0","","67","9","2020","2","40.055591","-75.232388","1922","6","0","0","0","0","0","0","0","0","","0","0","0","18","4","1","N","0","0","40 03:20.129","","0","75 13:56.597","3","0","0","0","67301","1","0","0","N","1","0","0","2","67301","0","","1.0","","1","N","N","N","0","","1","0","0","0","0","","1825","2","1","0","0","0","0","0","2","0","1","1","0","0","3","03","","N","","","","","","","","","",""
"2020039328","2230","3","0","0","0","0","0","0","0","0","4","0","","67","5","2020","7","39.963411","-75.197391","2225","6","0","0","0","0","0","0","0","0","","0","0","0","22","3","1","","1","0","39 57:48.280","","0","75 11:50.607","8","0","0","0","67301","0","0","0","N","0","0","0","2","67301","0","","1.0","","1","N","N","N","0","","0","0","0","3","3","","2225","3","1","1","0","0","1","0","2","0","3","0","0","0","3","03","","N","","","","","","","","","",""
"2020038829","1356","1","0","0","0","0","0","0","0","0","5","0","","67","5","2020","5","39.98291","-75.11868","1353","6","0","0","0","0","0","0","0","0","","0","0","0","13","1","3","N","0","1","39 58:58.475","3","0","75 07:07.249","8","0","0","0","67301","0","0","0","N","0","0","0","3","67301","0","","6.0","1430.0","1","N","N","N","0","","0","0","1","0","0","N","1350","3","3","0","0","0","3","0","2","1","3","0","0","0","3","","","N","","","","","","","","","",""
"2020035536","2108","1","0","0","0","0","0","0","0","0","5","0","","67","4","2020","2","40.008981","-75.166339","2104","6","0","0","0","0","0","0","0","0","","0","0","0","21","3","0","N","0","2","40 00:32.330","2","0","75 09:58.820","0","0","0","0","67301","0","0","0","N","0","0","0","1","67301","0","","6.0","2225.0","1","N","N","N","0","","0","0","2","0","0","N","2102","4","0","0","0","0","0","0","2","1","4","0","0","0","4","","","N","","","","","","","","","",""
"2020076764","0008","1","0","0","0","0","0","0","0","0","1","0","","67","9","2020","3","39.990578","-75.086577","2351","6","0","0","0","0","0","0","0","0","","0","0","0","23","3","1","N","0","1","39 59:26.082","1","0","75 05:11.678","4","0","0","0","67301","0","0","0","N","0","0","0","2","68K01","1","","1.0","30.0","1","N","N","N","0","","0","0","0","0","0","N","2350","2","1","0","0","0","0","1","2","0","2","0","0","0","3","","","N","","","","","","","","","",""
"2020030540","1612","0","0","0","0","0","0","0","0","0","1","0","","67","3","2020","2","39.957941","-75.164222","1612","6","0","0","0","0","0","1","0","0","","0","0","0","16","1","0","Y","0","0","39 57:28.586","","0","75 09:51.198","0","0","0","0","67301","0","0","0","N","0","0","0","2","67301","0","","1.0","","9","N","N","N","2","","0","0","0","3","2","","1612","2","0","0","0","0","0","0","2","0","2","0","0","0","7","07","","N","","","","","","","","","",""
"2020080414","0936","1","0","0","0","0","0","0","0","0","1","0","","67","9","2020","7","39.959501","-75.174841","0926","6","0","0","0","0","0","1","0","0","","0","0","0","9","1","0","N","0","0","39 57:34.205","","0","75 10:29.428","0","0","0","0","67301","0","0","0","N","0","0","0","3","68K01","0","","1.0","","1","N","N","N","1","","0","0","0","0","0","","924","2","0","0","0","0","0","0","2","0","2","0","0","0","3","","","N","","","","","","","","","",""
"2020039962","2349","1","0","0","0","0","0","0","0","0","4","0","","67","5","2020","7","40.031292","-75.029073","2349","6","0","0","0","0","0","0","0","0","","0","0","0","23","3","0","N","2","0","40 01:52.651","","0","75 01:44.662","0","0","0","0","67301","0","0","0","N","0","0","0","4","67301","0","","1.0","","1","N","N","N","0","","0","0","1","0","0","","2349","2","0","0","0","0","0","0","2","0","2","0","0","0","3","","","N","","","","","","","","","",""
"2020055238","0440","0","0","0","0","0","0","0","0","0","4","0","","67","7","2020","2","40.040674","-75.12663","0435","6","0","0","0","0","0","1","0","0","","0","0","0","4","3","1","","1","0","40 02:26.426","","0","75 07:35.868","3","0","0","0","67301","0","0","0","N","0","0","0","2","67301","0","","1.0","","1","N","N","N","1","","1","0","1","3","3","","430","2","1","0","0","0","0","0","2","0","2","0","0","0","3","","","N","","","","","","","","","",""
"2020039937","1500","2","0","0","0","0","0","0","0","0","2","0","","67","5","2020","7","39.935753","-75.219892","1440","6","0","0","0","0","0","0","0","0","","0","0","0","0","3","0","N","0","0","39 56:08.710","","0","75 13:11.610","0","0","0","0","67301","0","0","0","N","0","0","0","2","67301","0","","1.0","","99","N","N","N","0","","0","0","0","0","0","","41","2","0","0","0","0","0","0","2","0","2","0","0","0","3","03","","N","","","","","","","","","",""
"2020039697","0859","1","0","0","0","0","0","0","0","0","5","0","","67","5","2020","7","39.996869","-75.18145","0859","6","0","0","0","0","0","0","0","0","","0","0","0","7","1","0","N","0","0","39 59:48.730","","0","75 10:53.220","0","0","0","0","67301","0","0","0","N","0","0","0","1","67301","0","","6.0","","1","N","N","N","0","","0","0","0","0","0","","700","2","0","0","0","0","0","0","2","0","2","0","0","0","3","03","","N","","","","","","","","","",""
"2020037862","1720","0","0","0","0","0","0","0","0","0","4","0","","67","5","2020","1","39.936905","-75.150225","1717","6","0","0","0","0","0","0","0","0","","0","0","0","17","1","1","","1","0","39 56:12.857","","0","75 09:00.810","3","0","0","0","67301","0","0","0","N","0","0","0","2","67301","0","","1.0","","1","N","N","N","0","","1","0","1","3","3","","1717","2","1","0","0","0","0","0","2","0","2","0","0","0","3","03","","N","","","","","","","","","",""
"2020039039","1435","0","0","0","0","0","0","0","0","0","8","0","","67","5","2020","6","39.974831","-75.142066","1435","6","0","0","0","0","0","0","1","0","","0","0","0","14","1","1","","1","0","39 58:29.391","","0","75 08:31.437","4","0","0","0","67301","1","0","0","N","1","0","0","2","67301","1","","1.0","","1","N","N","N","1","","0","0","0","3","3","","1427","2","1","0","0","0","0","0","2","0","1","1","0","0","3","","","N","","","","","","","","","",""
"2020019346","0247","2","0","0","0","0","0","0","0","0","4","0","","67","2","2020","5","40.015043","-75.135168","0244","6","0","0","0","0","0","0","0","0","","0","0","0","2","3","6","","1","0","40 00:54.154","","0","75 08:06.604","3","0","0","0","67301","0","0","0","N","0","0","0","6","67301","0","","1.0","","1","N","N","N","0","","6","0","0","9","2","","244","2","6","0","0","0","0","0","2","0","2","0","0","0","3","03","","N","","","","","","","","","",""
"2020018673","0503","2","0","0","0","0","0","0","0","0","4","0","","67","2","2020","4","39.958583","-75.213987","0503","6","0","0","0","0","0","0","0","0","","0","0","0","5","3","1","","1","2","39 57:30.898","3","0","75 12:50.353","8","0","0","0","67301","0","0","0","N","0","0","0","3","67301","0","","1.0","800.0","1","N","N","N","0","","0","0","0","9","2","Y","500","2","1","0","0","0","1","2","2","0","2","0","0","0","3","03","","N","","","","","","","","","",""
"2020062946","0755","0","0","0","0","0","0","0","0","0","5","1","","67","8","2020","5","39.975176","-75.188268","0746","6","0","0","0","0","0","1","0","0","","0","1","0","6","1","1","N","0","0","39 58:30.634","","0","75 11:17.764","4","0","0","0","67301","0","0","0","N","0","0","0","2","67301","1","","1.0","","9","N","N","N","0","","0","0","1","3","2","","645","2","1","0","0","0","0","0","2","0","2","0","0","0","7","04","","N","","","","","","","","","",""
"2020024667","0236","2","0","0","0","0","0","0","0","0","2","0","","67","2","2020","7","39.964252","-75.18994","0235","6","0","0","0","0","0","0","0","0","","0","0","0","2","3","1","N","0","0","39 57:51.306","","0","75 11:23.784","3","0","0","0","67301","0","0","0","N","0","0","0","3","67301","0","","1.0","","1","N","N","N","0","","1","0","0","3","2","","234","2","1","0","0","0","0","0","2","0","2","0","0","0","3","03","","N","","","","","","","","","",""
"2020017508","1805","0","0","0","0","0","0","0","0","0","8","0","","67","2","2020","6","40.081388","-74.976183","1800","6","0","0","0","0","0","0","1","0","","0","0","0","17","3","1","","2","0","40 04:52.997","","0","74 58:34.259","8","0","0","0","67301","1","0","0","N","1","0","0","2","67301","0","","1.0","","1","N","N","N","0","","0","0","1","9","2","","1755","2","1","0","0","0","1","0","2","0","1","1","0","0","3","03","","N","","","","","","","","","",""