"CRN","ARRIVAL_TM","AUTOMOBILE_COUNT","BELTED_DEATH_COUNT","BELTED_SUSP_SERIOUS_INJ_COUNT","BICYCLE_COUNT","BICYCLE_DEATH_COUNT","BICYCLE_SUSP_SERIOUS_INJ_COUNT","BUS_COUNT","CHLDPAS_DEATH_COUNT","CHLDPAS_SUSP_SERIOUS_INJ_COUNT","COLLISION_TYPE","COMM_VEH_COUNT","CONS_ZONE_SPD_LIM","COUNTY","CRASH_MONTH","CRASH_YEAR","DAY_OF_WEEK","DEC_LATITUDE","DEC_LONGITUDE","DISPATCH_TM","DISTRICT","DRIVER_COUNT_16YR","DRIVER_COUNT_17YR","DRIVER_COUNT_18YR","DRIVER_COUNT_19YR","DRIVER_COUNT_20YR","DRIVER_COUNT_50_64YR","DRIVER_COUNT_65_74YR","DRIVER_COUNT_75PLUS","EST_HRS_CLOSED","FATAL_COUNT","HEAVY_TRUCK_COUNT","HORSE_BUGGY_COUNT","HOUR_OF_DAY","ILLUMINATION","INJURY_COUNT","INTERSECTION_RELATED","INTERSECT_TYPE","LANE_CLOSED","LATITUDE","LN_CLOSE_DIR","LOCATION_TYPE","LONGITUDE","MAX_SEVERITY_LEVEL","MCYCLE_DEATH_COUNT","MCYCLE_SUSP_SERIOUS_INJ_COUNT","MOTORCYCLE_COUNT","MUNICIPALITY","NONMOTR_COUNT","NONMOTR_DEATH_COUNT","NONMOTR_SUSP_SERIOUS_INJ_COUNT","NTFY_HIWY_MAINT","PED_COUNT","PED_DEATH_COUNT","PED_SUSP_SERIOUS_INJ_COUNT","PERSON_COUNT","POLICE_AGCY","POSSIBLE_INJ_COUNT","RDWY_SURF_TYPE_CD","RELATION_TO_ROAD","ROADWAY_CLEARED","ROAD_CONDITION","SCH_BUS_IND","SCH_ZONE_IND","SECONDARY_CRASH","SMALL_TRUCK_COUNT","SPEC_JURIS_CD","SUSP_MINOR_INJ_COUNT","SUSP_SERIOUS_INJ_COUNT","SUV_COUNT","TCD_FUNC_CD","TCD_TYPE","TFC_DETOUR_IND","TIME_OF_DAY","TOTAL_UNITS","TOT_INJ_COUNT","UNBELTED_OCC_COUNT","UNB_DEATH_COUNT","UNB_SUSP_SERIOUS_INJ_COUNT","UNK_INJ_DEG_COUNT","UNK_INJ_PER_COUNT","URBAN_RURAL","VAN_COUNT","VEHICLE_COUNT","VULNERABLE_ROAD_USER_COUNT","VULNERABLE_ROAD_USER_DEATH_COUNT","VULNERABLE_ROAD_USER_SER_INJ_COUNT","WEATHER1","WEATHER2","WORKERS_PRES","WORK_ZONE_IND","WORK_ZONE_LOC","WORK_ZONE_TYPE","WZ_CLOSE_DETOUR","WZ_FLAGGER","WZ_LAW_OFFCR_IND","WZ_LN_CLOSURE","WZ_MOVING","WZ_OTHER","WZ_SHLDER_MDN","WZ_WORKERS_INJ_KILLED"
"2020017653","0145","2","0","1","0","0","0","0","0","0","4","0","","67","2","2020","6","39.975396","-75.189907","0140","6","0","0","0","0","0","1","0","0","","0","0","0","1","3","1","","3","0","39 58:31.425","","0","75 11:23.665","2","0","0","0","67301","0","0","0","N","0","0","0","2","67301","0","","1.0","","1","N","N","N","0","","0","1","0","3","2","","130","2","1","0","0","0","0","0","2","0","2","0","0","0","3","03","","N","","","","","","","","","",""
"2020017148","1240","0","0","0","0","0","0","0","0","0","4","0","","67","2","2020","5","40.078112","-75.023623","1229","6","0","0","0","0","0","0","0","0","","0","0","0","12","1","1","","2","2","40 04:41.204","3","0","75 01:25.042","3","0","0","0","67301","0","0","0","N","0","0","0","2","67301","0","","1.0","1400.0","9","N","N","N","0","","1","0","2","3","2","N","1208","2","1","0","0","0","0","1","2","0","2","0","0","0","7","07","","N","","","","","","","","","",""
"2020057211","1433","0","0","0","0","0","0","0","0","0","5","1","","67","6","2020","2","39.960452","-75.181239","1430","6","0","0","0","0","0","2","0","0","","0","1","0","14","1","2","N","6","0","39 57:37.626","","0","75 10:52.459","8","0","0","0","67301","0","0","0","N","0","0","0","3","68K01","0","","1.0","","1","N","N","N","0","","0","0","1","0","0","","1426","2","2","0","0","0","2","0","2","0","2","0","0","0","3","","","N","","","","","","","","","",""
"2020039826","0747","0","0","0","0","0","0","0","0","0","5","0","","67","4","2020","4","40.00255","-75.195016","0746","6","0","0","0","0","0","0","0","0","","0","0","0","7","1","1","N","0","0","40 00:09.179","","0","75 11:42.057","8","0","0","0","67301","0","0","0","N","0","0","0","2","68K01","0","","1.0","","1","N","N","N","0","","0","0","2","0","0","","744","2","1","1","0","0","1","0","2","0","2","0","0","0","3","","","N","","","","","","","","","",""
"2020035511","0425","0","0","0","0","0","0","0","0","0","7","0","","67","4","2020","2","39.949184","-75.141758","0417","6","0","0","0","0","0","0","0","0","","0","0","0","4","3","3","N","0","1","39 56:57.061","2","2","75 08:30.330","3","0","0","0","67301","0","0","0","N","0","0","0","3","68K01","0","","3.0","430.0","1","N","N","N","0","","3","0","1","0","0","N","416","1","3","1","0","0","0","0","2","0","1","0","0","0","3","","","N","","","","","","","","","",""
"2020034704","0400","2","0","0","0","0","0","0","0","0","4","0","","67","4","2020","6","40.027218","-75.171009","0350","6","0","0","0","0","0","0","0","0","","0","0","0","3","3","0","","1","0","40 01:37.983","","0","75 10:15.634","0","0","0","0","67301","0","0","0","N","0","0","0","2","67301","0","","1.0","","9","N","N","N","0","","0","0","0","1","2","","345","2","0","0","0","0","0","0","2","0","2","0","0","0","7","07","","N","","","","","","","","","",""
"2020076139","2149","0","0","0","0","0","0","0","0","0","4","0","","67","9","2020","2","39.953609","-75.198625","2147","6","0","0","0","0","0","0","0","0","","0","0","0","21","3","4","","1","2","39 57:12.991","1","0","75 11:55.051","2","0","0","0","67301","0","0","0","N","0","0","0","4","67301","0","","1.0","0.0","1","N","N","N","0","","0","1","2","3","2","Y","2147","2","4","0","0","0","3","0","2","0","2","0","0","0","3","03","","N","","","","","","","","","",""
"2020071757","1807","0","0","0","0","0","0","0","0","0","4","1","","67","8","2020","1","40.005231","-75.194762","1807","6","0","0","0","0","0","0","0","0","","0","1","0","18","1","4","N","0","1","40 00:18.831","2","2","75 11:41.143","3","0","0","0","67301","0","0","0","N","0","0","0","5","67301","0","","1.0","1900.0","1","N","N","N","0","","4","0","1","0","0","N","1806","2","4","5","0","0","0","0","2","0","2","0","0","0","3","03","","N","","","","","","","","","",""
"2020027712","1100","1","0","0","0","0","0","0","0","0","4","0","","67","3","2020","3","40.081908","-75.171634","1055","6","0","0","0","0","0","0","1","0","","0","0","0","10","1","1","","1","0","40 04:54.867","","0","75 10:17.881","3","0","0","0","67301","0","0","0","N","0","0","0","2","67301","0","","1.0","","9","N","N","N","0","","1","0","1","3","2","","1038","2","1","0","0","0","0","0","2","0","2","0","0","0","7","07","","N","","","","","","","","","",""
"2020034447","1103","1","0","0","0","0","0","0","0","0","7","0","","67","4","2020","5","39.981693","-75.207133","1101","6","0","0","1","0","0","0","0","0","","0","0","0","10","1","0","N","0","0","39 58:54.093","","0","75 12:25.678","0","0","0","0","67301","0","0","0","N","0","0","0","1","68K01","0","","2.0","","1","N","N","N","0","","0","0","0","0","0","","1059","1","0","0","0","0","0","0","2","0","1","0","0","0","3","03","","N","","","","","","","","","",""
"2020019666","1624","3","0","0","0","0","0","0","0","0","1","0","","67","2","2020","6","39.971235","-75.157272","1621","6","0","0","1","0","0","1","0","0","","0","0","0","16","1","2","","1","0","39 58:16.445","","0","75 09:26.179","2","0","0","0","67301","0","0","0","N","0","0","0","3","67301","1","","1.0","","1","N","N","N","0","","0","1","1","3","2","","1619","4","2","0","0","0","0","0","2","0","4","0","0","0","3","03","","N","","","","","","","","","",""
"2020028338","1616","1","0","0","0","0","0","0","0","0","1","0","","67","2","2020","6","40.000331","-75.194874","1615","6","0","0","0","0","0","0","0","0","","0","0","0","16","1","1","N","0","2","40 00:01.193","4","0","75 11:41.548","3","0","0","0","67301","0","0","0","N","0","0","0","6","68K01","0","","1.0","10.0","1","N","N","N","0","","1","0","1","0","0","N","1611","2","1","0","0","0","0","0","2","0","2","0","0","0","3","","","N","","","","","","","","","",""
"2020059363","1105","2","0","0","0","0","0","0","0","0","1","0","","67","7","2020","3","39.972056","-75.193574","1105","6","0","0","0","0","0","1","0","0","","0","0","0","11","1","1","N","0","2","39 58:19.401","4","0","75 11:36.868","4","0","0","0","67301","0","0","0","N","0","0","0","3","68K01","1","","1.0","5.0","1","N","N","N","0","","0","0","0","0","0","N","1104","2","1","0","0","0","0","0","2","0","2","0","0","0","3","03","","N","","","","","","","","","",""
"2020019854","0230","1","0","0","0","0","0","0","0","0","5","0","","67","2","2020","7","40.008136","-75.147728","0224","6","0","0","0","0","0","0","0","0","","0","0","0","2","3","0","N","0","0","40 00:29.290","","0","75 08:51.820","0","0","0","0","67301","0","0","0","N","0","0","0","1","67301","0","","6.0","","1","N","N","N","0","","0","0","1","3","2","","220","3","0","0","0","0","0","0","2","1","3","0","0","0","3","03","","N","","","","","","","","","",""
"2020081641","1240","2","0","0","0","0","0","0","0","0","2","0","","67","10","2020","5","40.010639","-75.137522","1230","6","0","0","1","0","0","0","0","0","","0","0","0","12","1","1","N","0","0","40 00:38.300","","0","75 08:15.080","3","0","0","0","67301","0","0","0","N","0","0","0","3","67301","0","","1.0","","1","N","N","N","0","","1","0","0","3","3","","1225","2","1","0","0","0","0","1","2","0","2","0","0","0","3","03","","N","","","","","","","","","",""
"2020033365","0034","2","0","0","0","0","0","0","0","0","4","0","","67","4","2020","7","40.027704","-75.098746","0030","6","0","0","0","0","0","0","0","0","","0","0","0","0","3","0","","1","1","40 01:39.734","2","0","75 05:55.484","9","0","0","0","67301","0","0","0","N","0","0","0","2","67301","0","","1.0","20.0","8","N","N","N","0","","0","0","0","3","2","N","20","2","0","0","0","0","0","1","2","0","2","0","0","0","3","","","N","","","","","","","","","",""
"2020038831","0416","1","0","0","0","0","0","0","0","0","7","0","","67","5","2020","4","40.004588","-75.179359","0402","6","0","0","0","0","0","0","0","0","","0","0","0","3","3","0","N","0","0","40 00:16.515","","0","75 10:45.693","0","0","0","0","67301","0","0","0","N","0","0","0","1","67301","0","","4.0","","1","N","N","N","0","","0","0","0","0","0","","340","1","0","0","0","0","0","0","2","0","1","0","0","0","3","","","N","","","","","","","","","",""
"2020051480","1435","1","0","0","0","0","0","0","0","0","7","0","","67","6","2020","2","40.006594","-75.191551","1410","6","0","0","0","0","0","0","0","0","","0","0","0","14","1","0","N","0","0","40 00:23.740","","1","75 11:29.584","0","0","0","0","67301","0","0","0","N","0","0","0","2","67301","0","","5.0","","1","N","N","N","0","","0","0","0","0","0","","1405","2","0","0","0","0","0","0","2","1","2","0","0","0","3","03","","N","","","","","","","","","",""
"2020035820","1341","1","0","0","0","0","0","0","0","0","4","0","","67","4","2020","6","40.027704","-75.098746","1337","6","0","0","0","0","0","1","1","0","","0","0","0","13","1","0","","1","1","40 01:39.734","2","0","75 05:55.484","0","0","0","0","67301","0","0","0","N","0","0","0","2","67301","0","","1.0","1259.0","9","N","N","N","0","","0","0","0","3","2","N","1333","2","0","1","0","0","0","0","2","1","2","0","0","0","7","","","N","","","","","","","","","",""
"2020035862","2021","1","0","0","0","0","0","0","0","0","4","0","","67","4","2020","3","39.903564","-75.241731","2021","6","0","0","0","0","0","0","0","0","","0","0","0","20","3","3","N","0","2","39 54:12.830","3","7","75 14:30.230","3","0","0","0","67301","0","0","0","N","0","0","0","3","67301","2","","1.0","2045.0","1","N","N","N","0","","1","0","1","3","2","N","2020","2","3","1","0","0","0","0","2","0","2","0","0","0","3","","","N","","","","","","","","","",""
"2020079603","1820","1","0","0","0","0","0","0","0","0","1","0","","67","9","2020","6","39.939843","-75.143682","1753","6","0","0","0","0","0","0","0","0","","0","0","0","17","1","0","N","0","0","39 56:23.436","","0","75 08:37.256","0","0","0","0","67301","0","0","0","N","0","0","0","4","68K01","0","","1.0","","1","N","N","N","1","","0","0","0","0","0","","1746","2","0","0","0","0","0","0","2","0","2","0","0","0","3","","","N","","","","","","","","","",""
"2020036228","1755","0","0","0","0","0","0","0","0","0","8","0","","67","4","2020","5","39.918906","-75.160108","1752","6","0","0","0","0","0","0","0","0","","0","0","0","15","1","1","N","0","0","39 55:08.060","","0","75 09:36.390","3","0","0","0","67301","1","0","0","N","1","0","0","2","67301","0","","1.0","","1","N","N","N","0","","1","0","0","9","3","","1541","2","1","0","0","0","0","0","2","0","1","1","0","0","4","07","","N","","","","","","","","","",""
"2020035600","2105","1","0","0","0","0","0","0","0","0","5","0","","67","4","2020","7","40.080855","-75.028774","2105","6","0","0","0","0","1","0","0","0","","0","0","0","20","3","0","","1","0","40 04:51.077","","0","75 01:43.585","9","0","0","0","67301","0","0","0","N","0","0","0","2","67301","0","","1.0","","1","N","N","N","1","","0","0","0","3","2","","2055","2","0","0","0","0","0","2","2","0","2","0","0","0","3","03","","N","","","","","","","","","",""
"2020075480","1615","2","0","0","0","0","0","0","0","0","4","0","","67","9","2020","2","40.083881","-75.177175","1615","6","0","0","0","0","0","1","0","0","","0","0","0","15","1","0","N","0","0","40 05:01.970","","0","75 10:37.830","0","0","0","0","67301","0","0","0","N","0","0","0","1","67301","0","","1.0","","1","N","N","N","0","","0","0","1","0","0","","1545","3","0","0","0","0","0","0","2","0","3","0","0","0","3","","","N","","","","","","","","","",""
"2020034869","1136","2","0","0","0","0","0","0","0","0","4","0","","67","4","2020","6","40.04405","-75.187661","1135","6","0","0","0","0","0","0","0","0","","0","0","0","11","1","0","N","0","0","40 02:38.580","","7","75 11:15.580","0","0","0","0","67301","0","0","0","N","0","0","0","2","67301","0","","1.0","","9","N","N","N","0","","0","0","0","0","0","","1130","2","0","0","0","0","0","0","2","0","2","0","0","0","7","07","","N","","","","","","","","","",""
"2020035934","2125","0","0","0","0","0","0","0","0","0","8","0","","67","4","2020","4","39.996077","-75.104459","2102","6","0","0","0","0","0","0","0","0","","0","0","0","20","3","1","N","0","0","39 59:45.878","","0","75 06:16.051","8","0","0","0","67301","1","0","0","N","1","0","0","2","67301","0","","1.0","","1","N","N","N","0","","0","0","0","9","9","","2030","2","1","0","0","0","1","0","2","0","1","1","0","0","3","03","","N","","","","","","","","","",""
"2020035216","1535","2","0","0","0","0","0","0","0","0","4","0","","67","4","2020","2","40.026543","-75.138689","1531","6","0","0","0","0","1","0","1","0","","0","0","0","13","1","3","","1","0","40 01:35.554","","0","75 08:19.280","3","0","0","0","67301","0","0","0","N","0","0","0","3","67301","0","","1.0","","1","N","N","N","0","","3","0","0","3","2","","1303","2","3","0","0","0","0","0","2","0","2","0","0","0","3","","","N","","","","","","","","","",""
"2020035727","1530","1","0","0","0","0","0","0","0","0","8","0","","67","4","2020","3","40.007671","-75.138834","1530","6","0","0","0","0","1","0","0","0","","0","0","0","15","1","1","","1","0","40 00:27.617","","0","75 08:19.804","3","0","0","0","67301","1","0","0","N","1","0","0","2","67301","0","","1.0","","1","N","N","N","0","","1","0","0","3","2","","1530","2","1","0","0","0","0","0","2","0","1","1","0","0","3","","","N","","","","","","","","","",""
"2020038934","1754","1","0","0","0","0","0","0","0","0","7","0","","67","4","2020","1","39.93897","-75.143872","1737","6","0","0","0","0","0","1","0","0","","0","0","0","17","1","0","N","0","0","39 56:20.293","","0","75 08:37.940","0","0","0","0","67301","0","0","0","N","0","0","0","3","68K01","0","","2.0","","9","N","N","N","0","","0","0","0","0","0","","1734","1","0","3","0","0","0","0","2","0","1","0","0","0","7","","","N","","","","","","","","","",""
"2020076752","0747","1","0","0","0","0","0","0","0","0","1","1","","67","9","2020","5","39.935557","-75.199834","0731","6","0","0","0","0","0","0","0","0","","0","1","0","7","1","2","N","0","1","39 56:08.004","3","0","75 11:59.402","4","0","0","0","67301","0","0","0","N","0","0","0","3","68K01","2","","1.0","750.0","1","N","N","N","0","","0","0","1","0","0","N","728","3","2","0","0","0","0","0","2","0","3","0","0","0","3","","","N","","","","","","","","","",""
"2020036073","2230","1","0","0","0","0","0","0","0","0","6","0","","67","5","2020","6","40.002076","-75.156649","2225","6","0","0","0","0","1","0","0","0","","0","0","0","22","3","0","N","0","0","40 00:07.474","","0","75 09:23.935","0","0","0","0","67301","0","0","0","N","0","0","0","1","67301","0","","6.0","","1","N","N","N","0","","0","0","1","3","2","","2222","2","0","0","0","0","0","0","2","0","2","0","0","0","3","03","","N","","","","","","","","","",""
"2020034818","1815","1","0","0","0","0","0","0","0","0","5","0","","67","4","2020","6","40.041908","-75.123964","1811","6","0","0","0","0","0","1","0","0","","0","0","0","18","1","1","","1","0","40 02:30.868","","0","75 07:26.270","3","0","0","0","67301","0","0","0","N","0","0","0","2","67301","0","","1.0","","9","N","N","N","1","","1","0","0","3","2","","1810","2","1","0","0","0","0","0","2","0","2","0","0","0","4","07","","N","","","","","","","","","",""
"2020075333","2230","1","0","1","0","0","0","0","0","0","5","0","","67","9","2020","5","40.003513","-75.077401","2214","6","0","0","0","0","0","0","0","0","","0","0","0","22","3","1","N","7","1","40 00:12.647","2","2","75 04:38.645","2","0","0","0","67301","0","0","0","N","0","0","0","2","68K01","0","","1.0","2230.0","1","N","N","N","0","","0","1","0","0","0","N","2201","2","1","0","0","0","0","1","2","0","2","0","0","0","3","","","N","","","","","","","","","",""
"2020035932","1930","1","0","0","0","0","0","0","0","0","8","0","","67","4","2020","3","39.996383","-75.102997","1923","6","0","0","0","0","0","0","0","0","","0","0","0","19","1","1","N","0","0","39 59:46.980","","0","75 06:10.790","3","0","0","0","67301","1","0","0","N","1","0","0","2","67301","0","","1.0","","1","N","N","N","0","","1","0","0","9","3","","1921","2","1","0","0","0","0","0","2","0","1","1","0","0","3","","","N","","","","","","","","","",""
"2020036871","1704","0","0","0","0","0","0","0","0","0","7","0","","67","4","2020","4","39.931716","-75.199679","1702","6","0","0","0","0","0","1","0","0","","0","0","0","17","1","1","N","0","2","39 55:54.177","4","0","75 11:58.846","4","0","0","0","67301","0","0","0","N","0","0","0","1","68K01","1","","5.0","1730.0","1","N","N","N","0","","0","0","1","0","0","N","1700","1","1","0","0","0","0","0","2","0","1","0","0","0","3","","","N","","","","","","","","","",""
"2020076729","1736","2","0","0","0","0","0","0","0","0","1","0","","67","8","2020","7","39.976566","-75.114353","1736","6","0","0","0","0","1","0","0","0","","0","0","0","17","1","3","N","0","0","39 58:35.636","","0","75 06:51.670","4","0","0","0","67301","0","0","0","N","0","0","0","3","68K01","3","","1.0","","1","N","N","N","0","","0","0","0","0","0","","1729","2","3","0","0","0","0","0","2","0","2","0","0","0","3","","","N","","","","","","","","","",""
"2020034535","1142","0","0","0","0","0","0","0","0","0","4","0","","67","4","2020","5","39.992675","-75.16822","1142","6","0","0","0","0","0","0","0","0","","0","0","0","11","1","1","","1","0","39 59:33.630","","0","75 10:05.591","3","0","0","0","67301","0","0","0","N","0","0","0","3","67301","0","","1.0","","1","N","N","N","1","","1","0","1","3","2","","1140","2","1","0","0","0","0","0","2","0","2","0","0","0","3","","","N","","","","","","","","","",""
"2020035997","2305","2","0","0","0","0","0","0","0","0","1","0","","67","4","2020","5","39.97822","-75.267116","2302","6","0","0","0","0","0","0","0","0","","0","0","0","23","3","0","N","0","0","39 58:41.592","","0","75 16:01.617","0","0","0","0","67301","0","0","0","N","0","0","0","1","67301","0","","1.0","","9","N","N","N","0","","0","0","0","0","0","","2300","2","0","1","0","0","0","0","2","0","2","0","0","0","7","07","","N","","","","","","","","","",""
"2020035430","0900","0","0","0","0","0","0","0","0","0","5","1","","67","4","2020","6","39.889101","-75.20214","0857","6","0","0","0","0","0","1","0","0","","0","1","0","8","1","0","N","0","0","39 53:20.764","","0","75 12:07.703","0","0","0","0","67301","0","0","0","N","0","0","0","2","67301","0","","1.0","","1","N","N","N","0","","0","0","1","0","0","","855","2","0","1","0","0","0","0","2","0","2","0","0","0","7","04","","N","","","","","","","","","",""
"2020076755","1440","3","0","0","0","0","0","0","0","0","1","0","","67","9","2020","5","40.026546","-75.026899","1419","6","0","0","0","0","0","1","0","0","","0","0","0","14","1","0","N","0","0","40 01:35.565","","0","75 01:36.836","0","0","0","0","67301","0","0","0","N","0","0","0","3","68K01","0","","1.0","","1","N","N","N","0","","0","0","0","0","0","","1419","3","0","0","0","0","0","0","2","0","3","0","0","0","3","03","","N","","","","","","","","","",""
"2020035821","2230","1","0","0","0","0","0","0","0","0","7","0","","67","4","2020","5","40.069047","-75.193269","2230","6","0","0","0","0","0","0","0","0","","0","0","0","22","3","0","N","0","0","40 04:08.570","","0","75 11:35.770","0","0","0","0","67301","0","0","0","N","0","0","0","1","67301","0","","4.0","","9","N","N","N","0","","0","0","0","0","0","","2200","1","0","1","0","0","0","0","2","0","1","0","0","0","7","","","N","","","","","","","","","",""
"2020075303","1208","1","0","0","0","0","0","0","0","0","1","0","","67","8","2020","6","39.97477","-75.11702","1133","6","0","0","0","0","0","1","1","0","","0","0","0","11","1","1","N","0","0","39 58:29.172","","0","75 07:01.271","3","0","0","0","67301","0","0","0","N","0","0","0","5","68K01","0","","1.0","","1","N","N","N","1","","1","0","2","0","0","","1131","5","1","0","0","0","0","1","2","0","5","0","0","0","3","","","N","","","","","","","","","",""
"2020076747","1402","1","0","0","0","0","0","0","0","0","5","0","","67","9","2020","3","39.956833","-75.153335","1402","6","0","0","0","0","0","0","0","0","","0","0","0","14","1","1","N","0","0","39 57:24.598","","0","75 09:12.007","3","0","0","0","67301","0","0","0","N","0","0","0","2","68K01","0","","1.0","","1","N","N","N","0","","1","0","1","0","0","","1401","2","1","0","0","0","0","0","2","0","2","0","0","0","3","03","","N","","","","","","","","","",""
"2020069303","2224","0","0","0","0","0","0","0","0","0","5","0","","67","8","2020","3","39.90358","-75.150308","2224","6","0","0","0","0","0","0","0","0","","0","0","0","22","3","0","N","0","1","39 54:12.889","1","0","75 09:01.108","0","0","0","0","67301","0","0","0","N","0","0","0","1","68K01","0","","1.0","2230.0","1","N","N","N","0","","0","0","1","0","0","N","2202","2","0","0","0","0","0","0","2","0","2","0","0","0","3","03","","N","","","","","","","","","",""
"2020069614","1945","1","0","0","0","0","0","0","0","0","8","0","","67","8","2020","7","39.9185","-75.209278","1945","6","0","0","0","0","0","0","0","0","","1","0","0","19","1","0","N","0","0","39 55:06.600","","0","75 12:33.400","1","0","0","0","67301","1","1","0","N","1","1","0","3","67301","0","2","1.0","","1","N","N","N","0","0","0","0","0","0","0","","1945","2","0","1","0","0","0","0","2","0","1","1","1","0","3","03","","N","","","","","","","","","",""
"2020033149","1005","2","0","0","0","0","0","0","0","0","5","0","","67","3","2020","7","40.037905","-75.011661","0956","6","0","0","0","0","0","0","0","0","","0","0","0","9","1","0","N","0","0","40 02:16.458","","0","75 00:41.981","0","0","0","0","67301","0","0","0","N","0","0","0","2","68K01","0","","1.0","","9","N","N","Y","0","","0","0","0","0","0","","955","2","0","0","0","0","0","0","2","0","2","0","0","0","7","04","","N","","","","","","","","","",""
"2020032208","0032","3","0","0","0","0","0","0","0","0","5","0","","67","4","2020","7","39.99351","-75.179343","0030","6","0","0","0","0","0","0","0","0","","0","0","0","0","3","1","N","0","0","39 59:36.637","","0","75 10:45.636","3","0","0","0","67301","0","0","0","N","0","0","0","2","67301","0","","1.0","","1","N","N","N","1","","1","0","2","0","0","","29","6","1","1","0","0","0","0","2","0","6","0","0","0","3","03","","N","","","","","","","","","",""
"2020038764","1925","1","0","0","0","0","0","0","0","0","4","0","","67","5","2020","4","39.944113","-75.153515","1910","6","0","0","0","0","0","0","0","0","","0","0","0","19","1","1","","1","0","39 56:38.805","","0","75 09:12.654","3","0","0","0","67301","0","0","0","N","0","0","0","2","67301","0","","1.0","","1","N","N","N","0","","1","0","1","3","2","","1900","2","1","0","0","0","0","0","2","0","2","0","0","0","3","03","","N","","","","","","","","","",""
"2020080102","0125","1","0","0","0","0","0","0","0","0","7","0","","67","9","2020","2","40.014153","-75.129967","0118","6","0","0","0","0","0","1","0","0","","0","0","0","1","3","0","N","0","0","40 00:50.950","","0","75 07:47.880","0","0","0","0","67301","0","0","0","N","0","0","0","1","67301","0","","3.0","","9","N","N","Y","0","","0","0","0","0","0","","110","1","0","1","0","0","0","0","2","0","1","0","0","0","7","07","","N","","","","","","","","","",""
"2020051920","0955","1","0","0","0","0","0","1","0","0","4","1","","67","6","2020","4","39.956589","-75.152428","0940","6","0","0","0","0","0","1","0","0","","0","0","0","9","1","2","","1","1","39 57:23.720","2","0","75 09:08.740","4","0","0","0","67301","0","0","0","N","0","0","0","4","67508","1","","1.0","30.0","1","N","N","N","0","","0","0","0","3","2","N","940","2","2","0","0","0","1","0","2","0","2","0","0","0","3","","","N","","","","","","","","","",""
"2020023843","1815","2","0","0","0","0","0","0","0","0","4","0","","67","3","2020","4","40.027214","-75.114526","1815","6","0","0","0","0","0","0","0","0","","0","0","0","18","1","2","","1","0","40 01:37.970","","0","75 06:52.293","3","0","0","0","67301","0","0","0","N","0","0","0","3","67301","0","","1.0","","1","N","N","N","0","","2","0","0","0","0","","1815","2","2","0","0","0","0","0","2","0","2","0","0","0","3","03","","N","","","","","","","","","",""
"2020006285","1401","2","0","0","0","0","0","0","0","0","1","0","","67","1","2020","5","39.994911","-75.158736","1400","6","0","0","0","0","0","0","0","0","","0","0","0","9","1","1","N","0","0","39 59:41.680","","0","75 09:31.450","3","0","0","0","67301","0","0","0","N","0","0","0","1","67301","0","","1.0","","1","N","N","N","0","","1","0","0","0","0","","915","2","1","0","0","0","0","0","2","0","2","0","0","0","3","03","","N","","","","","","","","","",""
"2020055878","1040","1","0","0","0","0","0","0","0","0","5","0","","67","7","2020","1","39.963045","-75.177077","1024","6","0","0","0","0","0","0","0","0","","0","0","0","10","1","1","","1","0","39 57:46.963","","0","75 10:37.477","3","0","0","0","67301","0","0","0","N","0","0","0","3","67301","0","","1.0","","1","N","N","N","0","","1","0","1","3","2","","1020","2","1","0","0","0","0","0","2","0","2","0","0","0","3","03","","N","","","","","","","","","",""
"2020016975","1600","0","0","0","0","0","0","0","0","0","8","0","","67","2","2020","5","40.068663","-75.156786","1553","6","0","0","0","0","0","0","0","0","","0","0","0","15","1","1","","5","0","40 04:07.186","","0","75 09:24.430","3","0","0","0","67301","1","0","0","N","1","0","0","2","67301","0","","1.0","","9","N","N","N","0","","1","0","0","3","2","","1553","2","1","0","0","0","0","1","2","0","1","1","0","0","7","04","","N","","","","","","","","","",""
"2020058971","1415","0","0","0","0","0","0","0","0","0","7","1","","67","7","2020","6","40.035498","-75.017152","1402","6","0","0","0","0","0","1","0","0","","0","1","0","14","1","0","N","0","1","40 02:07.794","1","0","75 01:01.746","0","0","0","0","67301","0","0","0","Y","0","0","0","1","68K01","0","","4.0","1615.0","8","N","N","N","0","","0","0","0","0","0","N","1401","1","0","0","0","0","0","0","2","0","1","0","0","0","5","07","","N","","","","","","","","","",""
"2020036282","1552","1","0","0","0","0","0","0","0","0","4","0","","67","4","2020","5","39.990003","-75.160369","1549","6","0","0","0","0","0","0","0","0","","0","0","0","15","1","3","","1","0","39 59:24.010","","0","75 09:37.328","3","0","0","0","67301","0","0","0","N","0","0","0","3","67301","0","","1.0","","1","N","N","N","0","","3","0","1","2","2","","1548","2","3","0","0","0","0","0","2","0","2","0","0","0","4","04","","N","","","","","","","","","",""
"2020035272","2116","1","0","0","0","0","0","0","0","0","4","0","","67","4","2020","7","39.999625","-75.190584","2113","6","0","0","0","0","0","0","0","0","","0","0","0","21","3","1","","2","0","39 59:58.649","","0","75 11:26.101","4","0","0","1","67301","0","0","0","N","0","0","0","2","67301","1","","1.0","","1","N","N","N","0","","0","0","0","3","2","","2110","2","1","0","0","0","0","0","2","0","2","0","0","0","3","03","","N","","","","","","","","","",""