"CRN","ARRIVAL_TM","AUTOMOBILE_COUNT","BELTED_DEATH_COUNT","BELTED_SUSP_SERIOUS_INJ_COUNT","BICYCLE_COUNT","BICYCLE_DEATH_COUNT","BICYCLE_SUSP_SERIOUS_INJ_COUNT","BUS_COUNT","CHLDPAS_DEATH_COUNT","CHLDPAS_SUSP_SERIOUS_INJ_COUNT","COLLISION_TYPE","COMM_VEH_COUNT","CONS_ZONE_SPD_LIM","COUNTY","CRASH_MONTH","CRASH_YEAR","DAY_OF_WEEK","DEC_LATITUDE","DEC_LONGITUDE","DISPATCH_TM","DISTRICT","DRIVER_COUNT_16YR","DRIVER_COUNT_17YR","DRIVER_COUNT_18YR","DRIVER_COUNT_19YR","DRIVER_COUNT_20YR","DRIVER_COUNT_50_64YR","DRIVER_COUNT_65_74YR","DRIVER_COUNT_75PLUS","EST_HRS_CLOSED","FATAL_COUNT","HEAVY_TRUCK_COUNT","HORSE_BUGGY_COUNT","HOUR_OF_DAY","ILLUMINATION","INJURY_COUNT","INTERSECTION_RELATED","INTERSECT_TYPE","LANE_CLOSED","LATITUDE","LN_CLOSE_DIR","LOCATION_TYPE","LONGITUDE","MAX_SEVERITY_LEVEL","MCYCLE_DEATH_COUNT","MCYCLE_SUSP_SERIOUS_INJ_COUNT","MOTORCYCLE_COUNT","MUNICIPALITY","NONMOTR_COUNT","NONMOTR_DEATH_COUNT","NONMOTR_SUSP_SERIOUS_INJ_COUNT","NTFY_HIWY_MAINT","PED_COUNT","PED_DEATH_COUNT","PED_SUSP_SERIOUS_INJ_COUNT","PERSON_COUNT","POLICE_AGCY","POSSIBLE_INJ_COUNT","RDWY_SURF_TYPE_CD","RELATION_TO_ROAD","ROADWAY_CLEARED","ROAD_CONDITION","SCH_BUS_IND","SCH_ZONE_IND","SECONDARY_CRASH","SMALL_TRUCK_COUNT","SPEC_JURIS_CD","SUSP_MINOR_INJ_COUNT","SUSP_SERIOUS_INJ_COUNT","SUV_COUNT","TCD_FUNC_CD","TCD_TYPE","TFC_DETOUR_IND","TIME_OF_DAY","TOTAL_UNITS","TOT_INJ_COUNT","UNBELTED_OCC_COUNT","UNB_DEATH_COUNT","UNB_SUSP_SERIOUS_INJ_COUNT","UNK_INJ_DEG_COUNT","UNK_INJ_PER_COUNT","URBAN_RURAL","VAN_COUNT","VEHICLE_COUNT","VULNERABLE_ROAD_USER_COUNT","VULNERABLE_ROAD_USER_DEATH_COUNT","VULNERABLE_ROAD_USER_SER_INJ_COUNT","WEATHER1","WEATHER2","WORKERS_PRES","WORK_ZONE_IND","WORK_ZONE_LOC","WORK_ZONE_TYPE","WZ_CLOSE_DETOUR","WZ_FLAGGER","WZ_LAW_OFFCR_IND","WZ_LN_CLOSURE","WZ_MOVING","WZ_OTHER","WZ_SHLDER_MDN","WZ_WORKERS_INJ_KILLED"
"2020034945","1715","1","0","0","0","0","0","0","0","0","4","0","","67","4","2020","1","40.030976","-75.128753","1710","6","0","0","0","0","0","1","0","0","","0","0","0","16","1","2","","1","0","40 01:51.513","","0","75 07:43.510","3","0","0","0","67301","0","0","0","N","0","0","0","3","67301","0","","1.0","","9","N","N","N","0","","2","0","1","3","3","","1608","3","2","0","0","0","0","0","2","1","3","0","0","0","7","04","","N","","","","","","","","","",""
"2020035649","1258","1","0","0","0","0","0","0","0","0","8","0","","67","4","2020","4","40.044178","-75.162719","1256","6","0","0","0","0","0","1","0","0","","0","0","0","12","1","1","","1","0","40 02:39.040","","6","75 09:45.790","8","0","0","0","67301","1","0","0","N","1","0","0","2","67301","0","","1.0","","1","N","N","N","0","","0","0","0","3","2","","1256","2","1","0","0","0","1","0","2","0","1","1","0","0","3","03","","N","","","","","","","","","",""
"2020036732","1435","1","0","0","0","0","0","0","0","0","1","0","","67","4","2020","3","39.959481","-75.174679","1426","6","0","0","0","0","0","1","0","0","","0","0","0","14","1","0","N","0","0","39 57:34.132","","0","75 10:28.844","0","0","0","0","67301","0","0","0","N","0","0","0","3","68K01","0","","1.0","","1","N","N","N","0","","0","0","1","0","0","","1425","2","0","0","0","0","0","0","2","0","2","0","0","0","3","","","N","","","","","","","","","",""
"2020034817","1112","2","0","0","0","0","0","0","0","0","4","0","","67","4","2020","1","39.983738","-75.136511","111","6","0","0","0","0","0","0","0","0","","0","0","0","1","3","0","","1","0","39 59:01.456","","0","75 08:11.439","9","0","0","0","67301","0","0","0","N","0","0","0","2","67301","0","","1.0","","9","N","N","N","0","","0","0","0","3","2","","100","2","0","0","0","0","0","1","2","0","2","0","0","0","7","","","N","","","","","","","","","",""
"2020034925","1010","1","0","0","0","0","0","0","0","0","7","0","","67","4","2020","6","39.960079","-75.180329","1009","6","0","0","0","0","0","0","0","0","","0","0","0","10","1","1","N","0","2","39 57:36.285","3","3","75 10:49.185","8","0","0","0","67301","0","0","0","N","0","0","0","2","68K01","0","","2.0","30.0","9","N","N","N","0","","0","0","0","0","0","N","1007","1","1","0","0","0","1","0","2","0","1","0","0","0","7","07","","N","","","","","","","","","",""
"2020034927","1730","1","0","0","0","0","0","0","0","0","7","0","","67","4","2020","6","39.960079","-75.179489","1722","6","0","0","0","0","0","0","0","0","","0","0","0","17","1","0","N","0","1","39 57:36.284","4","3","75 10:46.162","0","0","0","0","67301","0","0","0","N","0","0","0","1","68K01","0","","4.0","1741.0","9","N","N","N","0","","0","0","0","0","0","N","1712","1","0","0","0","0","0","0","2","0","1","0","0","0","7","","","N","","","","","","","","","",""
"2020058275","1407","1","1","0","0","0","0","0","0","0","1","0","","67","7","2020","3","39.958245","-75.141214","1351","6","0","0","0","0","0","1","0","0","","1","0","0","13","1","0","N","0","2","39 57:29.683","2","0","75 08:28.372","1","0","0","0","67301","0","0","0","N","0","0","0","5","68K01","0","1","1.0","1800.0","1","N","N","N","0","0","0","0","0","0","0","N","1351","2","0","0","0","0","0","0","2","1","2","0","0","0","3","03","","N","","","","","","","","","",""
"2020017649","1136","1","0","0","0","0","0","0","0","0","4","0","","67","2","2020","5","39.973833","-75.206444","1130","6","0","0","0","0","0","0","1","0","","0","0","0","11","1","1","","1","0","39 58:25.797","","0","75 12:23.198","3","0","0","0","67301","0","0","0","N","0","0","0","3","67301","0","","1.0","","9","N","N","N","0","","1","0","0","3","2","","1115","2","1","1","0","0","0","0","2","1","2","0","0","0","4","07","","N","","","","","","","","","",""
"2020074448","425","0","0","0","0","0","0","0","0","0","1","1","","67","9","2020","6","39.995128","-75.159242","418","6","0","0","0","0","0","0","0","0","","0","1","0","4","3","4","Y","0","0","39 59:42.460","","0","75 09:33.270","3","0","0","0","67301","0","0","0","N","0","0","0","4","67301","0","","1.0","","1","N","N","N","0","","4","0","0","3","2","","417","2","4","0","0","0","0","0","2","1","2","0","0","0","3","03","","N","","","","","","","","","",""
"2020036122","2143","0","0","0","0","0","0","0","0","0","2","0","","67","4","2020","4","39.997506","-75.102287","2142","6","0","0","0","0","0","0","1","0","","0","0","0","21","3","1","N","0","0","39 59:51.021","","0","75 06:08.232","3","0","0","0","67301","0","0","0","N","0","0","0","2","67301","0","","1.0","","1","N","N","N","0","","1","0","1","9","9","","2142","2","1","0","0","0","0","0","2","0","2","0","0","0","3","03","","N","","","","","","","","","",""
"2020035860","1801","2","0","0","0","0","0","0","0","0","4","0","","67","4","2020","2","39.939674","-75.222944","1801","6","0","0","0","0","0","0","0","0","","0","0","0","18","1","0","","1","0","39 56:22.826","","0","75 13:22.598","0","0","0","0","67301","0","0","0","N","0","0","0","3","67301","0","","1.0","","1","N","N","N","0","","0","0","0","3","2","","1800","2","0","0","0","0","0","0","2","0","2","0","0","0","3","03","","N","","","","","","","","","",""
"2020034961","520","3","0","0","0","0","0","0","0","0","4","0","","67","4","2020","1","39.931164","-75.18334","511","6","0","0","0","0","0","1","0","0","","0","0","0","5","1","0","","1","0","39 55:52.190","","0","75 11:00.025","0","0","0","0","67301","0","0","0","N","0","0","0","2","67301","0","","1.0","","9","N","N","N","0","","0","0","0","3","3","","504","3","0","1","0","0","0","0","2","0","3","0","0","0","7","07","","N","","","","","","","","","",""
"2020036859","810","1","0","0","0","0","0","0","0","0","7","0","","67","4","2020","6","39.887049","-75.20513","805","6","0","0","0","0","0","0","0","0","","0","0","0","8","1","0","N","0","0","39 53:13.376","","0","75 12:18.468","0","0","0","0","67301","0","0","0","N","0","0","0","1","68K01","0","","4.0","","9","N","N","N","0","","0","0","0","0","0","","805","1","0","0","0","0","0","0","2","0","1","0","0","0","7","04","","N","","","","","","","","","",""
"2020035864","1620","1","0","0","0","0","0","0","0","0","7","0","","67","4","2020","5","39.920185","-75.199594","1611","6","0","0","0","0","1","0","0","0","","0","0","0","16","1","2","N","0","1","39 55:12.666","3","3","75 11:58.537","4","0","0","0","67301","0","0","0","N","0","0","0","2","67301","2","","2.0","1640.0","9","N","N","N","0","","0","0","0","0","0","Y","1610","1","2","0","0","0","0","0","2","0","1","0","0","0","7","","","N","","","","","","","","","",""
"2020038495","305","1","0","0","0","0","0","0","0","0","7","0","","67","5","2020","6","40.040781","-75.005409","244","6","0","0","0","0","0","0","0","0","","0","0","0","2","3","0","N","0","1","40 02:26.810","2","0","75 00:19.472","0","0","0","0","67301","0","0","0","N","0","0","0","1","68K01","0","","4.0","315.0","9","N","N","N","0","","0","0","0","0","0","N","242","1","0","0","0","0","0","0","2","0","1","0","0","0","7","","","N","","","","","","","","","",""
"2020035081","1546","2","0","0","0","0","0","0","0","0","0","0","","67","4","2020","1","40.000661","-75.126786","1546","6","0","0","0","0","0","0","0","0","","0","0","0","15","1","0","N","0","0","40 00:02.380","","0","75 07:36.430","0","0","0","0","67301","0","0","0","N","0","0","0","1","67301","0","","1.0","","9","N","N","N","0","","0","0","1","0","0","","1546","4","0","0","0","0","0","0","2","1","4","0","0","0","7","04","","N","","","","","","","","","",""
"2020017596","1621","1","0","0","0","0","0","0","0","0","4","0","","67","2","2020","6","39.960334","-75.161786","1616","6","0","0","0","0","0","0","0","0","","0","0","0","16","1","0","","2","0","39 57:37.202","","0","75 09:42.430","0","0","0","0","67301","0","0","0","N","0","0","0","2","67301","0","","1.0","","1","N","N","N","0","","0","0","1","0","0","","1607","2","0","2","0","0","0","0","2","0","2","0","0","0","3","03","","N","","","","","","","","","",""
"2020015380","1455","0","0","0","0","0","0","0","0","0","4","0","","67","2","2020","7","40.055518","-75.06194","1450","6","0","0","0","0","0","0","0","0","","0","0","0","14","1","1","","1","0","40 03:19.863","","0","75 03:42.983","3","0","0","0","67301","0","0","0","N","0","0","0","7","67301","0","","1.0","","1","N","N","N","0","","1","0","1","0","0","","1445","2","1","0","0","0","0","0","2","1","2","0","0","0","3","03","","N","","","","","","","","","",""
"2020015488","346","1","0","0","0","0","0","0","0","0","7","0","","67","2","2020","1","40.015873","-75.153841","345","6","0","0","0","0","0","0","0","0","","0","0","0","3","3","0","","1","0","40 00:57.144","","0","75 09:13.828","9","0","0","0","67301","0","0","0","N","0","0","0","1","67301","0","","5.0","","1","N","N","N","0","","0","0","0","9","9","","339","1","0","0","0","0","0","1","2","0","1","0","0","0","3","03","","N","","","","","","","","","",""
"2020036627","2359","0","0","0","0","0","0","0","0","0","7","0","","67","4","2020","5","39.982912","-75.207896","2355","6","0","0","0","0","0","0","0","0","","0","0","0","23","3","0","N","0","1","39 58:58.482","4","0","75 12:28.425","0","0","0","0","67301","0","0","0","N","0","0","0","2","68K01","0","","2.0","10.0","9","N","N","N","1","","0","0","0","0","0","N","2353","1","0","0","0","0","0","0","2","0","1","0","0","0","7","07","","N","","","","","","","","","",""
"2020046465","2055","2","1","0","0","0","0","0","0","0","4","0","","67","6","2020","1","40.064235","-75.053862","2052","6","0","0","0","1","0","1","0","0","","1","0","0","20","3","1","N","1","1","40 03:51.246","2","0","75 03:13.903","1","0","0","0","67301","0","0","0","N","0","0","0","2","67301","0","2","1.0","2130.0","1","N","N","N","0","0","0","0","0","3","2","N","2047","2","1","0","0","0","1","0","2","0","2","0","0","0","3","03","","N","","","","","","","","","",""
"2020015157","1215","1","0","0","0","0","0","0","0","0","8","0","","67","2","2020","7","39.997715","-75.12322","16","6","0","0","0","0","0","0","0","0","","0","0","0","23","6","1","","1","0","39 59:51.775","","0","75 07:23.592","8","0","0","0","67301","1","0","0","N","1","0","0","2","67301","0","","1.0","","99","N","N","N","0","","0","0","0","0","0","","2330","2","1","0","0","0","1","0","2","0","1","1","0","0","99","03","","N","","","","","","","","","",""
"2020037644","1958","0","0","0","0","0","0","0","0","0","1","0","","67","4","2020","5","40.036588","-75.0153","1958","6","0","0","1","0","0","0","0","0","","0","0","0","19","2","2","N","0","1","40 02:11.715","2","0","75 00:55.080","8","0","0","0","67301","2","0","0","N","2","0","0","3","68K01","0","","2.0","2200.0","9","N","N","Y","0","","0","0","2","0","0","N","1958","4","2","0","0","0","2","0","2","0","2","2","0","0","7","98","","N","","","","","","","","","",""
"2020076166","216","1","0","0","0","0","0","0","0","0","4","0","","67","9","2020","5","40.056248","-75.066371","215","6","0","0","0","0","0","0","0","0","","0","0","0","2","3","0","","5","1","40 03:22.492","1","0","75 03:58.937","0","0","0","0","67301","0","0","0","N","0","0","0","2","67301","0","","1.0","30.0","1","N","N","N","1","","0","0","0","0","0","Y","214","2","0","0","0","0","0","0","2","0","2","0","0","0","3","03","","N","","","","","","","","","",""
"2020038925","1535","1","0","0","0","0","0","0","0","0","7","0","","67","4","2020","6","40.035846","-75.017058","1528","6","0","0","0","0","0","0","0","0","","0","0","0","15","1","0","N","0","0","40 02:09.047","","0","75 01:01.408","0","0","0","0","67301","0","0","0","N","0","0","0","2","68K01","0","","2.0","","9","N","N","N","0","","0","0","0","0","0","","1527","1","0","0","0","0","0","0","2","0","1","0","0","0","7","","","N","","","","","","","","","",""
"2020036616","1517","1","0","0","0","0","0","0","0","0","7","0","","67","4","2020","1","40.03071","-75.021877","1459","6","0","0","0","0","0","0","0","0","","0","0","0","14","1","1","N","0","2","40 01:50.556","2","0","75 01:18.756","8","0","0","0","67301","0","0","0","N","0","0","0","2","68K01","0","","4.0","40.0","9","N","N","N","0","","0","0","0","0","0","Y","1457","1","1","0","0","0","1","0","2","0","1","0","0","0","7","07","","N","","","","","","","","","",""
"2020034944","1720","1","0","0","0","0","0","0","0","0","4","0","","67","4","2020","1","39.953294","-75.232366","1714","6","0","0","0","0","0","0","0","0","","0","0","0","17","1","1","","1","0","39 57:11.858","","0","75 13:56.517","4","0","0","0","67301","0","0","0","N","0","0","0","3","67301","1","","1.0","","9","N","N","N","0","","0","0","0","3","3","","1712","2","1","0","0","0","0","0","2","0","2","0","0","0","7","04","","N","","","","","","","","","",""
"2020035532","2017","1","0","0","0","0","0","0","0","0","4","0","","67","4","2020","2","39.956107","-75.223687","2016","6","0","0","0","0","0","0","0","1","","0","0","0","20","3","0","","1","0","39 57:21.985","","0","75 13:25.273","0","0","0","0","67301","0","0","0","N","0","0","0","2","67301","0","","1.0","","1","N","N","N","0","","0","0","1","9","3","","2014","2","0","0","0","0","0","0","2","0","2","0","0","0","3","","","N","","","","","","","","","",""
"2020035725","325","1","0","0","0","0","0","0","0","0","1","0","","67","4","2020","5","39.954837","-75.227984","323","6","0","0","0","0","0","0","0","0","","0","0","0","3","3","0","","1","0","39 57:17.413","","0","75 13:40.742","0","0","0","0","67301","0","0","0","N","0","0","0","2","67301","0","","1.0","","1","N","N","N","0","","0","0","1","3","2","","322","2","0","0","0","0","0","0","2","0","2","0","0","0","3","","","N","","","","","","","","","",""
"2020075108","937","1","0","0","0","0","0","1","0","0","4","1","","67","9","2020","4","39.922222","-75.152993","930","6","0","0","0","0","0","1","0","0","","0","0","0","9","1","1","N","2","0","39 55:19.998","","0","75 09:10.775","4","0","0","0","67301","0","0","0","N","0","0","0","4","67508","1","","1.0","","1","N","N","Y","0","","0","0","0","3","2","","930","2","1","0","0","0","0","0","2","0","2","0","0","0","3","03","","N","","","","","","","","","",""
"2020035228","1539","0","0","0","0","0","0","0","0","0","4","0","","67","4","2020","2","40.073538","-75.177145","1532","6","0","0","0","0","0","0","0","1","","0","0","0","15","1","0","","1","2","40 04:24.736","7","0","75 10:37.722","9","0","0","0","67301","0","0","0","N","0","0","0","2","67301","0","","1.0","1702.0","1","N","N","N","0","","0","0","1","3","3","Y","1530","2","0","0","0","0","0","1","2","0","2","0","0","0","3","03","","N","","","","","","","","","",""
"2020034963","122","1","0","0","0","0","0","0","0","0","7","0","","67","4","2020","2","39.982594","-75.226994","119","6","0","0","0","0","0","0","0","0","","0","0","0","0","3","1","N","0","0","39 58:57.340","","0","75 13:37.180","3","0","0","0","67301","0","0","0","N","0","0","0","1","67301","0","","4.0","","9","N","N","N","0","","1","0","0","1","2","","20","1","1","0","0","0","0","0","2","0","1","0","0","0","7","07","","N","","","","","","","","","",""
"2020038207","329","1","0","0","0","0","0","0","0","0","7","0","","67","4","2020","2","39.980928","-75.20648","326","6","0","0","0","0","0","0","0","0","","0","0","0","3","3","1","N","0","1","39 58:51.341","3","0","75 12:23.328","3","0","0","0","67301","0","0","0","N","0","0","0","1","68K01","0","","4.0","353.0","9","N","N","N","0","","1","0","0","0","0","N","323","1","1","0","0","0","0","0","2","0","1","0","0","0","3","03","","N","","","","","","","","","",""
"2020076142","642","0","0","0","0","0","0","0","0","0","4","0","","67","9","2020","2","39.996505","-75.090937","641","6","0","0","0","0","0","1","0","0","","0","0","0","6","1","1","N","0","0","39 59:47.419","","7","75 05:27.372","3","0","0","1","67301","0","0","0","N","0","0","0","2","67301","0","","1.0","","1","N","N","N","0","","1","0","1","0","0","","640","2","1","0","0","0","0","0","2","0","2","0","0","0","3","03","","N","","","","","","","","","",""
"2020076743","1647","1","0","0","0","0","0","0","0","0","1","0","","67","9","2020","3","39.961103","-75.13999","1635","6","0","0","0","0","0","0","1","0","","0","0","0","16","1","0","N","0","0","39 57:39.972","","0","75 08:23.965","0","0","0","0","67301","0","0","0","N","0","0","0","2","68K01","0","","1.0","","1","N","N","N","0","","0","0","1","0","0","","1627","2","0","0","0","0","0","0","2","0","2","0","0","0","3","03","","N","","","","","","","","","",""
"2020036072","1035","1","0","0","0","0","0","0","0","0","4","0","","67","4","2020","5","40.109907","-75.025113","1032","6","0","0","0","0","0","1","0","0","","0","0","0","10","1","1","","2","0","40 06:35.664","","7","75 01:30.406","4","0","0","0","67301","0","0","0","N","0","0","0","2","67301","1","","1.0","","9","N","N","N","0","","0","0","1","0","0","","1025","2","1","0","0","0","0","0","2","0","2","0","0","0","7","07","","N","","","","","","","","","",""
"2020036395","1513","1","0","0","0","0","0","0","0","0","4","0","","67","5","2020","6","39.958248","-75.223253","1512","6","0","0","1","1","0","0","0","0","","0","0","0","15","1","3","","1","1","39 57:29.691","3","0","75 13:23.712","3","0","0","2","67301","0","0","0","N","0","0","0","5","67301","0","","1.0","1400.0","1","N","N","Y","1","","3","0","0","3","2","N","1511","4","3","0","0","0","0","0","2","0","4","0","0","0","3","","","N","","","","","","","","","",""
"2020035861","2002","1","0","0","0","0","0","0","0","0","8","0","","67","4","2020","3","39.92705","-75.236079","2002","6","0","0","0","0","0","0","0","0","","0","0","0","19","4","1","N","0","0","39 55:37.381","","0","75 14:09.885","3","0","0","0","67301","1","0","0","N","1","0","0","2","67301","0","","1.0","","1","N","N","N","0","","1","0","0","0","0","","1955","2","1","0","0","0","0","0","2","0","1","1","0","0","3","03","","N","","","","","","","","","",""
"2020076141","1036","1","0","0","0","0","0","0","0","0","8","0","","67","9","2020","3","39.979736","-75.21872","1035","6","0","0","0","0","0","0","0","0","","0","0","0","8","1","2","N","0","0","39 58:47.051","","0","75 13:07.393","3","0","0","0","67301","2","0","0","N","2","0","0","2","67301","1","","6.0","","1","N","N","N","0","","1","0","0","0","0","","810","3","2","0","0","0","0","0","2","0","1","2","0","0","3","03","","N","","","","","","","","","",""
"2020035014","2345","2","0","0","0","0","0","0","0","0","1","0","","67","4","2020","1","40.047131","-75.151076","2339","6","0","0","0","0","0","0","0","0","","0","0","0","23","3","0","","2","0","40 02:49.671","","0","75 09:03.873","0","0","0","0","67301","0","0","0","N","0","0","0","2","67301","0","","1.0","","9","N","N","N","0","","0","0","0","0","0","","2330","2","0","0","0","0","0","0","2","0","2","0","0","0","7","","","N","","","","","","","","","",""
"2020074657","1300","1","0","0","0","0","0","0","0","0","2","0","","67","9","2020","6","39.948435","-75.235476","1257","6","0","0","0","0","0","0","0","0","","0","0","0","12","1","2","","1","2","39 56:54.365","7","0","75 14:07.714","3","0","0","0","67301","0","0","0","N","0","0","0","2","67301","0","","1.0","1310.0","1","N","N","N","0","","2","0","1","3","2","N","1257","2","2","2","0","0","0","0","2","0","2","0","0","0","3","98","","N","","","","","","","","","",""
"2020076573","1816","0","0","0","0","0","0","0","0","0","7","0","","67","9","2020","7","39.948584","-75.185944","1816","6","0","0","0","0","0","1","0","0","","0","0","0","18","1","0","N","7","0","39 56:54.903","","2","75 11:09.398","0","0","0","0","67301","0","0","0","Y","0","0","0","2","68K01","0","","2.0","","1","N","N","N","0","","0","0","1","3","8","","1814","1","0","0","0","0","0","0","2","0","1","0","0","0","3","","","N","","","","","","","","","",""
"2020019869","336","0","0","0","0","0","0","0","0","0","7","0","","67","2","2020","1","40.032274","-75.050985","335","6","0","0","0","0","0","0","0","0","","0","0","0","3","3","1","","1","0","40 01:56.185","","0","75 03:03.545","4","0","0","0","67301","0","0","0","N","0","0","0","1","67301","1","","4.0","","1","N","N","N","0","","0","0","0","3","2","","334","1","1","0","0","0","0","0","2","1","1","0","0","0","3","03","","N","","","","","","","","","",""
"2020019663","1344","2","0","0","0","0","0","0","0","0","1","0","","67","2","2020","3","40.043081","-75.167276","1344","6","0","0","0","0","0","0","0","1","","0","0","0","13","1","2","Y","0","0","40 02:35.091","","0","75 10:02.194","2","0","0","0","67301","0","0","0","N","0","0","0","2","67301","0","","1.0","","1","N","N","N","1","","1","1","1","9","9","","1340","5","2","0","0","0","0","0","2","1","5","0","0","0","3","03","","N","","","","","","","","","",""
"2020036825","1829","1","0","0","0","0","0","0","0","0","8","0","","67","5","2020","6","39.974938","-75.197404","1730","6","0","0","0","0","0","0","0","0","","0","0","0","17","1","1","N","0","0","39 58:29.775","","0","75 11:50.655","3","0","0","0","67301","1","0","0","N","1","0","0","2","67301","0","","1.0","","1","N","N","N","0","","1","0","0","3","2","","1730","2","1","0","0","0","0","0","2","0","1","1","0","0","3","03","","N","","","","","","","","","",""
"2020039815","1521","0","0","0","0","0","0","0","0","0","7","0","","67","4","2020","6","39.960457","-75.181127","1519","6","0","0","0","0","0","0","0","0","","0","0","0","15","1","0","N","0","2","39 57:37.646","3","2","75 10:52.058","0","0","0","0","67301","0","0","0","N","0","0","0","1","68K01","0","","4.0","40.0","9","N","N","N","0","","0","0","1","0","0","Y","1504","1","0","0","0","0","0","0","2","0","1","0","0","0","7","","","N","","","","","","","","","",""
"2020070143","915","1","0","0","0","0","0","0","0","0","1","0","","67","8","2020","4","40.042821","-75.051412","904","6","0","0","0","1","0","1","0","0","","0","0","0","8","1","0","","2","2","40 02:34.154","4","0","75 03:05.083","0","0","0","0","67301","0","0","0","N","0","0","0","3","67301","0","","1.0","950.0","1","N","N","N","1","","0","0","1","0","0","N","858","3","0","0","0","0","0","0","2","0","3","0","0","0","3","03","","N","","","","","","","","","",""
"2020079201","2246","2","0","0","0","0","0","0","0","0","2","0","","67","9","2020","6","39.976535","-75.113265","2244","6","0","0","0","0","1","0","0","0","","0","0","0","22","3","4","N","0","2","39 58:35.525","7","0","75 06:47.753","4","0","0","0","67301","0","0","0","N","0","0","0","4","67301","4","","1.0","30.0","1","N","N","N","0","","0","0","0","3","2","Y","2244","2","4","0","0","0","0","0","2","0","2","0","0","0","3","03","","N","","","","","","","","","",""
"2020035724","2229","1","0","0","0","0","0","0","0","0","4","0","","67","4","2020","4","40.028466","-75.058116","2022","6","0","0","0","0","0","0","0","0","","0","0","0","20","3","0","N","0","0","40 01:42.477","","7","75 03:29.216","0","0","0","0","67301","0","0","0","N","0","0","0","3","67301","0","","1.0","","1","N","N","N","0","","0","0","1","0","0","","2020","2","0","0","0","0","0","0","2","0","2","0","0","0","3","","","N","","","","","","","","","",""
"2020063346","159","2","0","0","0","0","0","0","0","0","4","1","","67","8","2020","4","39.958807","-75.227779","148","6","0","0","0","0","0","0","0","0","","0","1","0","1","3","0","","2","0","39 57:31.706","","0","75 13:40.006","0","0","0","0","67301","0","0","0","N","0","0","0","4","67301","0","","1.0","","1","N","N","N","0","","0","0","0","0","0","","148","3","0","3","0","0","0","0","2","0","3","0","0","0","3","03","","N","","","","","","","","","",""
"2020015603","135","3","0","0","0","0","0","0","0","0","5","0","","67","2","2020","1","40.065175","-75.024019","129","6","0","0","0","0","0","0","0","0","","0","0","0","0","3","0","N","0","0","40 03:54.630","","0","75 01:26.470","0","0","0","0","67301","0","0","0","N","0","0","0","1","67301","0","","6.0","","1","N","N","N","0","","0","0","0","0","0","","55","3","0","0","0","0","0","0","2","0","3","0","0","0","3","03","","N","","","","","","","","","",""
"2020037839","137","1","0","0","0","0","0","0","0","0","7","0","","67","5","2020","7","39.983171","-75.20799","137","6","0","0","0","0","0","0","0","0","","0","0","0","1","3","1","N","0","0","39 58:59.417","","0","75 12:28.763","4","0","0","0","67301","0","0","0","N","0","0","0","1","68K01","1","","4.0","","9","N","N","N","0","","0","0","0","0","0","","137","1","1","0","0","0","0","0","2","0","1","0","0","0","3","03","","N","","","","","","","","","",""
"2020037118","856","0","0","0","0","0","0","0","0","0","7","0","","67","4","2020","2","40.03137","-75.021599","856","6","0","0","0","0","0","0","0","0","","0","0","0","8","1","0","N","0","0","40 01:52.932","","0","75 01:17.758","0","0","0","0","67301","0","0","0","N","0","0","0","1","68K01","0","","4.0","","9","N","N","N","1","","0","0","0","0","0","","856","1","0","0","0","0","0","0","2","0","1","0","0","0","7","","","N","","","","","","","","","",""
"2020035615","2053","2","0","0","0","0","0","0","0","0","1","0","","67","4","2020","4","39.99178","-75.186379","2052","6","0","0","0","0","0","0","0","0","","0","0","0","20","3","0","","1","1","39 59:30.408","2","0","75 11:10.966","0","0","0","0","67301","0","0","0","N","0","0","0","2","67301","0","","1.0","2130.0","1","N","N","N","0","","0","0","0","3","2","N","2050","2","0","1","0","0","0","0","2","0","2","0","0","0","3","03","","N","","","","","","","","","",""
"2020034782","1552","0","0","0","0","0","0","0","0","0","4","0","","67","4","2020","7","40.062557","-75.009433","1551","6","0","0","0","0","0","1","1","0","","0","0","0","15","1","1","","1","0","40 03:45.204","","0","75 00:33.960","3","0","0","0","67301","0","0","0","N","0","0","0","3","67301","0","","1.0","","1","N","N","N","0","","1","0","2","3","2","","1550","2","1","0","0","0","0","0","2","0","2","0","0","0","3","","","N","","","","","","","","","",""
"2020039816","1712","1","0","0","0","0","0","0","0","0","1","0","","67","4","2020","6","39.960136","-75.180678","1707","6","0","0","0","0","0","0","0","0","","0","0","0","17","1","0","N","0","2","39 57:36.490","3","3","75 10:50.441","0","0","0","0","67301","0","0","0","N","0","0","0","2","68K01","0","","1.0","40.0","9","N","N","N","0","","0","0","1","0","0","Y","1707","2","0","0","0","0","0","0","2","0","2","0","0","0","7","","","N","","","","","","","","","",""
"2020069519","2031","3","0","0","1","1","0","0","0","0","4","0","","67","8","2020","4","39.971418","-75.225834","2030","6","0","0","0","0","0","0","0","0","","1","0","0","20","3","0","","1","2","39 58:17.106","7","0","75 13:33.004","1","0","0","0","67301","1","1","0","N","0","0","0","4","67301","0","2","1.0","100.0","1","N","N","Y","0","0","0","0","1","3","2","Y","2028","5","0","2","0","0","0","0","2","0","4","1","1","0","3","03","","N","","","","","","","","","",""