"CRN","ARRIVAL_TM","AUTOMOBILE_COUNT","BELTED_DEATH_COUNT","BELTED_SUSP_SERIOUS_INJ_COUNT","BICYCLE_COUNT","BICYCLE_DEATH_COUNT","BICYCLE_SUSP_SERIOUS_INJ_COUNT","BUS_COUNT","CHLDPAS_DEATH_COUNT","CHLDPAS_SUSP_SERIOUS_INJ_COUNT","COLLISION_TYPE","COMM_VEH_COUNT","CONS_ZONE_SPD_LIM","COUNTY","CRASH_MONTH","CRASH_YEAR","DAY_OF_WEEK","DEC_LATITUDE","DEC_LONGITUDE","DISPATCH_TM","DISTRICT","DRIVER_COUNT_16YR","DRIVER_COUNT_17YR","DRIVER_COUNT_18YR","DRIVER_COUNT_19YR","DRIVER_COUNT_20YR","DRIVER_COUNT_50_64YR","DRIVER_COUNT_65_74YR","DRIVER_COUNT_75PLUS","EST_HRS_CLOSED","FATAL_COUNT","HEAVY_TRUCK_COUNT","HORSE_BUGGY_COUNT","HOUR_OF_DAY","ILLUMINATION","INJURY_COUNT","INTERSECTION_RELATED","INTERSECT_TYPE","LANE_CLOSED","LATITUDE","LN_CLOSE_DIR","LOCATION_TYPE","LONGITUDE","MAX_SEVERITY_LEVEL","MCYCLE_DEATH_COUNT","MCYCLE_SUSP_SERIOUS_INJ_COUNT","MOTORCYCLE_COUNT","MUNICIPALITY","NONMOTR_COUNT","NONMOTR_DEATH_COUNT","NONMOTR_SUSP_SERIOUS_INJ_COUNT","NTFY_HIWY_MAINT","PED_COUNT","PED_DEATH_COUNT","PED_SUSP_SERIOUS_INJ_COUNT","PERSON_COUNT","POLICE_AGCY","POSSIBLE_INJ_COUNT","RDWY_SURF_TYPE_CD","RELATION_TO_ROAD","ROADWAY_CLEARED","ROAD_CONDITION","SCH_BUS_IND","SCH_ZONE_IND","SECONDARY_CRASH","SMALL_TRUCK_COUNT","SPEC_JURIS_CD","SUSP_MINOR_INJ_COUNT","SUSP_SERIOUS_INJ_COUNT","SUV_COUNT","TCD_FUNC_CD","TCD_TYPE","TFC_DETOUR_IND","TIME_OF_DAY","TOTAL_UNITS","TOT_INJ_COUNT","UNBELTED_OCC_COUNT","UNB_DEATH_COUNT","UNB_SUSP_SERIOUS_INJ_COUNT","UNK_INJ_DEG_COUNT","UNK_INJ_PER_COUNT","URBAN_RURAL","VAN_COUNT","VEHICLE_COUNT","VULNERABLE_ROAD_USER_COUNT","VULNERABLE_ROAD_USER_DEATH_COUNT","VULNERABLE_ROAD_USER_SER_INJ_COUNT","WEATHER1","WEATHER2","WORKERS_PRES","WORK_ZONE_IND","WORK_ZONE_LOC","WORK_ZONE_TYPE","WZ_CLOSE_DETOUR","WZ_FLAGGER","WZ_LAW_OFFCR_IND","WZ_LN_CLOSURE","WZ_MOVING","WZ_OTHER","WZ_SHLDER_MDN","WZ_WORKERS_INJ_KILLED"
"2020045916","800","0","0","0","0","0","0","0","0","0","7","0","","67","4","2020","4","39.976951","-75.19869","800","6","0","0","0","0","0","0","0","0","","0","0","0","8","1","0","N","0","0","39 58:37.025","","0","75 11:55.283","0","0","0","0","67301","0","0","0","N","0","0","0","1","68K01","0","","4.0","","1","N","N","N","0","","0","0","1","0","0","","800","1","0","1","0","0","0","0","2","0","1","0","0","0","3","","","N","","","","","","","","","",""
"2020035722","1504","1","0","0","0","0","0","0","0","0","4","0","","67","4","2020","3","40.029611","-75.086821","1501","6","0","0","0","0","0","0","0","0","","0","0","0","14","1","2","","1","0","40 01:46.600","","0","75 05:12.554","3","0","0","0","67301","0","0","0","N","0","0","0","2","67301","0","","1.0","","1","N","N","N","0","","2","0","1","3","2","","1456","2","2","0","0","0","0","0","2","0","2","0","0","0","3","","","N","","","","","","","","","",""
"2020076720","1633","2","0","0","0","0","0","0","0","0","1","0","","67","8","2020","5","39.958062","-75.163333","1629","6","0","0","0","0","0","0","0","0","","0","0","0","15","1","2","N","0","0","39 57:29.024","","0","75 09:47.997","3","0","0","0","67301","0","0","0","N","0","0","0","3","68K01","0","","1.0","","1","N","N","N","0","","2","0","1","0","0","","1553","3","2","0","0","0","0","0","2","0","3","0","0","0","3","03","","N","","","","","","","","","",""
"2020041375","553","4","0","0","0","0","0","0","0","0","7","0","","67","4","2020","5","40.004097","-75.076893","553","6","0","0","0","0","0","1","0","0","","0","0","0","5","3","1","N","0","1","40 00:14.750","2","0","75 04:36.815","3","0","0","0","67301","0","0","0","N","0","0","0","3","68K01","0","","5.0","700.0","1","N","N","Y","1","","1","0","0","0","0","Y","553","5","1","1","0","0","0","0","2","0","5","0","0","0","3","03","","N","","","","","","","","","",""
"2020057295","2105","1","0","0","0","0","0","0","0","0","4","0","","67","7","2020","6","40.012153","-75.112797","2100","6","0","0","0","0","0","0","0","0","","0","0","0","20","3","0","N","0","0","40 00:43.750","","7","75 06:46.070","0","0","0","0","67301","0","0","0","N","0","0","0","2","67301","0","","1.0","","1","N","N","N","0","","0","0","1","0","0","","2055","2","0","0","0","0","0","0","2","0","2","0","0","0","3","03","","N","","","","","","","","","",""
"2020038121","1345","0","0","0","0","0","0","1","0","0","1","1","","67","5","2020","4","39.969513","-75.225371","1327","6","0","0","0","0","0","0","0","0","","0","0","0","13","1","1","","1","0","39 58:10.246","","0","75 13:31.336","8","0","0","0","67301","0","0","0","N","0","0","0","3","67508","0","","1.0","","1","N","N","N","0","","0","0","1","9","3","N","1327","2","1","0","0","0","1","0","2","0","2","0","0","0","3","","","N","","","","","","","","","",""
"2020017361","315","2","0","0","0","0","0","0","0","0","4","0","","67","2","2020","2","39.949079","-75.162124","304","6","0","0","0","0","0","1","0","0","","0","0","0","3","3","2","","1","0","39 56:56.686","","0","75 09:43.648","4","0","0","0","67301","0","0","0","N","0","0","0","4","67301","2","","1.0","","99","N","N","N","0","","0","0","0","3","2","","304","2","2","2","0","0","0","0","2","0","2","0","0","0","3","03","","N","","","","","","","","","",""
"2020017952","104","1","0","0","0","0","0","0","0","0","7","0","","67","2","2020","5","39.984134","-75.20833","42","6","0","0","0","0","0","0","0","0","","0","0","0","0","3","1","N","0","2","39 59:02.883","3","0","75 12:29.989","3","0","0","0","67301","0","0","0","N","0","0","0","1","68K01","0","","3.0","23.0","9","N","N","N","0","","1","0","0","0","0","N","41","1","1","0","0","0","0","0","2","0","1","0","0","0","7","07","","N","","","","","","","","","",""
"2020017814","1625","4","0","0","0","0","0","0","0","0","1","0","","67","2","2020","6","39.905757","-75.193824","1620","6","0","0","0","0","0","0","0","0","","0","0","0","15","1","1","","1","0","39 54:20.725","","0","75 11:37.765","3","0","0","0","67301","0","0","0","N","0","0","0","5","67301","0","","1.0","","1","N","N","N","1","","1","0","0","0","0","","1548","5","1","5","0","0","0","0","2","0","5","0","0","0","3","03","","N","","","","","","","","","",""
"2020056651","1845","1","0","0","0","0","0","0","0","0","1","0","","67","7","2020","6","39.944933","-75.233742","1844","6","0","0","0","0","0","1","0","0","","0","0","0","18","1","2","N","0","0","39 56:41.760","","0","75 14:01.470","3","0","0","0","67301","0","0","0","N","0","0","0","2","67301","0","","1.0","","1","N","N","N","1","","2","0","0","3","2","","1811","2","2","0","0","0","0","0","2","0","2","0","0","0","3","03","","N","","","","","","","","","",""
"2020076704","33","1","0","0","0","0","0","0","0","0","1","0","","67","8","2020","1","39.945209","-75.142675","3","6","0","0","0","0","0","1","0","0","","0","0","0","23","3","2","N","0","0","39 56:42.751","","0","75 08:33.630","3","0","0","0","67301","0","0","0","N","0","0","0","3","68K01","0","","1.0","","9","N","N","N","0","","2","0","0","0","0","","2318","2","2","0","0","0","0","1","2","0","2","0","0","0","7","","","N","","","","","","","","","",""
"2020036120","2306","1","0","0","0","0","0","0","0","0","7","0","","67","4","2020","4","40.080757","-75.028601","2305","6","0","0","0","0","0","2","0","0","","0","0","0","23","3","4","N","1","2","40 04:50.725","5","0","75 01:42.964","3","0","0","0","67301","0","0","0","Y","0","0","0","4","67301","0","","3.0","1230.0","1","N","N","N","0","","2","0","3","3","2","Y","2300","4","4","0","0","0","2","0","2","0","4","0","0","0","3","03","","N","","","","","","","","","",""
"2020030010","1348","1","0","0","0","0","0","0","0","0","4","0","","67","3","2020","7","40.039341","-75.184832","1324","6","0","0","0","0","0","0","0","0","","0","0","0","13","1","2","","1","0","40 02:21.627","","0","75 11:05.396","3","0","0","0","67301","0","0","0","N","0","0","0","2","67301","0","","1.0","","9","N","N","N","0","","2","0","1","3","2","","1320","2","2","0","0","0","0","0","2","0","2","0","0","0","7","04","","N","","","","","","","","","",""
"2020023134","1016","0","0","0","0","0","0","0","0","0","7","0","","67","2","2020","6","39.90395","-75.193417","1015","6","0","0","0","0","0","0","0","0","","0","0","0","10","1","1","N","0","0","39 54:14.220","","0","75 11:36.300","8","0","0","0","67301","0","0","0","N","0","0","0","1","67301","0","","4.0","","1","N","N","N","0","","0","0","1","0","0","","1011","1","1","0","0","0","1","0","2","0","1","0","0","0","3","","","N","","","","","","","","","",""
"2020048741","1512","0","0","0","0","0","0","0","0","0","4","0","","67","6","2020","7","40.008666","-75.068949","1506","6","0","0","0","0","0","0","1","0","","0","0","0","15","1","1","","1","1","40 00:31.197","4","0","75 04:08.216","3","0","0","0","67301","0","0","0","N","0","0","0","2","67301","0","","1.0","1555.0","1","N","N","N","1","","1","0","1","3","2","N","1500","2","1","1","0","0","0","0","2","0","2","0","0","0","4","","","N","","","","","","","","","",""
"2020058203","740","1","1","0","0","0","0","0","0","0","7","0","","67","7","2020","1","40.03278","-75.079628","730","6","0","0","0","0","0","0","0","0","","1","0","0","6","5","1","N","0","0","40 01:58.009","","0","75 04:46.659","1","0","0","0","67301","0","0","0","N","0","0","0","2","67301","0","2","3.0","","1","N","N","N","0","0","0","1","0","0","0","","630","1","1","0","0","0","0","0","2","0","1","0","0","0","3","03","","N","","","","","","","","","",""
"2020017009","2155","3","0","0","0","0","0","0","0","0","1","0","","67","2","2020","4","40.030972","-75.109228","2152","6","0","0","0","0","0","1","0","0","","0","0","0","21","3","1","N","0","1","40 01:51.500","3","0","75 06:33.220","8","0","0","0","67301","0","0","0","N","0","0","0","3","67301","0","","1.0","1020.0","9","N","N","N","0","","0","0","0","0","0","N","2133","3","1","0","0","0","1","0","2","0","3","0","0","0","7","07","","N","","","","","","","","","",""
"2020069890","1518","1","0","0","1","0","0","0","0","0","8","0","","67","8","2020","6","39.954339","-75.191786","1514","6","0","0","0","0","0","0","0","0","","0","0","0","15","1","1","","1","0","39 57:15.621","","0","75 11:30.428","3","0","0","0","67301","1","0","0","N","0","0","0","2","67504","0","","1.0","","1","N","N","N","0","","1","0","0","3","2","","1510","2","1","0","0","0","0","0","2","0","1","1","0","0","4","","","N","","","","","","","","","",""
"2020034926","1242","3","0","0","0","0","0","0","0","0","1","0","","67","4","2020","6","39.959932","-75.17925","1240","6","0","0","0","0","0","0","0","0","","0","0","0","12","1","1","N","0","0","39 57:35.755","","3","75 10:45.301","8","0","0","0","67301","0","0","0","N","0","0","0","3","68K01","0","","1.0","","9","N","N","N","0","","0","0","0","0","0","","1238","3","1","0","0","0","1","0","2","0","3","0","0","0","7","","","N","","","","","","","","","",""
"2020076703","1452","2","0","0","0","0","0","0","0","0","1","0","","67","8","2020","1","39.945567","-75.142599","1452","6","0","0","0","0","0","0","0","0","","0","0","0","14","1","0","N","0","1","39 56:44.042","2","0","75 08:33.358","0","0","0","0","67301","0","0","0","N","0","0","0","2","68K01","0","","1.0","1455.0","9","N","N","N","0","","0","0","0","0","0","N","1448","2","0","0","0","0","0","0","2","0","2","0","0","0","3","03","","N","","","","","","","","","",""
"2020076341","600","2","0","0","0","0","0","0","0","0","1","0","","67","9","2020","5","40.077633","-74.964958","557","6","0","0","0","0","0","0","0","0","","0","0","0","5","3","0","N","0","1","40 04:39.477","3","0","74 57:53.848","0","0","0","0","67301","0","0","0","N","0","0","0","2","67301","0","","1.0","700.0","1","N","N","N","0","","0","0","0","0","0","N","540","2","0","0","0","0","0","0","2","0","2","0","0","0","3","03","","N","","","","","","","","","",""
"2020038929","1325","1","0","0","0","0","0","0","0","0","7","0","","67","4","2020","1","39.96018","-75.180881","1318","6","0","0","0","0","0","0","0","0","","0","0","0","13","1","0","N","0","1","39 57:36.647","3","3","75 10:51.172","0","0","0","0","67301","0","0","0","N","0","0","0","2","68K01","0","","2.0","1335.0","9","N","N","N","0","","0","0","0","0","0","N","1315","1","0","2","0","0","0","0","2","0","1","0","0","0","7","","","N","","","","","","","","","",""
"2020059357","2329","1","0","0","0","0","0","0","0","0","5","1","","67","7","2020","2","39.999255","-75.195475","2329","6","0","0","1","0","0","0","0","0","","0","1","0","23","3","0","N","0","1","39 59:57.317","3","0","75 11:43.709","0","0","0","0","67301","0","0","0","N","0","0","0","2","68K01","0","","1.0","100.0","1","N","N","N","0","","0","0","0","0","0","N","2329","2","0","0","0","0","0","0","2","0","2","0","0","0","3","","","N","","","","","","","","","",""
"2020056796","203","1","0","0","0","0","0","0","0","0","4","0","","67","7","2020","1","39.966208","-75.151922","158","6","0","0","0","0","0","0","0","0","","0","0","0","1","3","0","N","0","0","39 57:58.350","","0","75 09:06.920","0","0","0","0","67301","0","0","0","N","0","0","0","2","67301","0","","6.0","","1","N","N","N","0","","0","0","1","9","3","","150","2","0","0","0","0","0","0","2","0","2","0","0","0","3","03","","N","","","","","","","","","",""
"2020015086","2255","1","0","0","0","0","0","0","0","0","4","0","","67","2","2020","7","39.984949","-75.158241","2250","6","0","0","0","0","0","1","0","0","","0","0","0","22","3","0","N","1","0","39 59:05.816","","0","75 09:29.666","0","0","0","0","67301","0","0","0","Y","0","0","0","2","67505","0","","1.0","","1","N","N","N","0","","0","0","1","3","2","","2230","2","0","1","0","0","0","0","2","0","2","0","0","0","3","04","","N","","","","","","","","","",""
"2020015381","1037","1","0","0","0","0","0","0","0","0","1","0","","67","2","2020","1","40.057354","-75.076833","1035","6","0","0","0","0","0","1","0","0","","0","0","0","10","1","0","","1","0","40 03:26.473","","0","75 04:36.598","0","0","0","0","67301","0","0","0","N","0","0","0","3","67301","0","","1.0","","1","N","N","N","0","","0","0","2","3","2","","1030","3","0","0","0","0","0","0","2","0","3","0","0","0","3","03","","N","","","","","","","","","",""
"2020036331","2017","1","0","0","0","0","0","0","0","0","4","0","","67","4","2020","6","40.129225","-75.024888","2012","6","0","1","1","0","0","0","0","0","","0","0","0","20","3","0","","1","1","40 07:45.210","4","0","75 01:29.597","0","0","0","0","67301","0","0","0","N","0","0","0","2","67301","0","","1.0","2155.0","9","N","N","N","0","","0","0","1","3","2","N","2000","2","0","0","0","0","0","0","2","0","2","0","0","0","7","","","N","","","","","","","","","",""
"2020035653","1413","0","0","0","0","0","0","0","0","0","4","0","","67","4","2020","3","39.988524","-75.106326","1407","6","0","0","0","0","0","0","1","0","","0","0","0","13","1","1","","1","1","39 59:18.686","1","0","75 06:22.773","3","0","0","1","67301","0","0","0","N","0","0","0","2","67301","0","","1.0","15.0","1","N","N","N","0","","1","0","1","3","2","N","1350","2","1","0","0","0","0","0","2","0","2","0","0","0","3","03","","N","","","","","","","","","",""
"2020019477","2049","1","0","0","0","0","0","0","0","0","4","0","","67","2","2020","5","39.959448","-75.224977","2049","6","0","0","0","0","0","0","0","0","","0","0","0","20","3","1","","2","2","39 57:34.013","5","0","75 13:29.918","8","0","0","0","67301","0","0","0","N","0","0","0","3","67301","0","","1.0","2215.0","1","N","N","N","0","","0","0","1","0","0","Y","2049","2","1","0","0","0","1","0","2","0","2","0","0","0","3","03","","N","","","","","","","","","",""
"2020017334","835","1","0","0","0","0","0","0","0","0","4","0","","67","2","2020","5","39.950649","-75.247179","833","6","0","0","0","0","0","1","0","0","","0","0","0","8","1","1","","1","0","39 57:02.336","","0","75 14:49.844","8","0","0","0","67301","0","0","0","N","0","0","0","2","67301","0","","1.0","","9","N","N","N","0","","0","0","1","3","3","","828","2","1","1","0","0","1","0","2","0","2","0","0","0","7","04","","N","","","","","","","","","",""
"2020016613","2045","1","0","0","0","0","0","0","0","0","5","0","","67","2","2020","3","40.083331","-75.051156","2041","6","0","0","0","0","0","0","0","0","","0","0","0","20","3","1","N","0","0","40 04:59.990","","0","75 03:04.160","3","0","0","0","67301","0","0","0","N","0","0","0","1","67301","0","","6.0","","9","N","N","N","1","","1","0","0","0","0","","2040","2","1","1","0","0","0","0","2","0","2","0","0","0","3","","","N","","","","","","","","","",""
"2020058199","1004","0","0","0","0","0","0","0","0","0","8","0","","67","7","2020","5","39.922654","-75.185384","955","6","0","0","0","1","0","0","0","0","","0","0","0","9","1","1","N","0","0","39 55:21.553","","0","75 11:07.383","3","0","0","0","67301","1","0","0","N","1","0","0","2","67301","0","","1.0","","9","N","N","N","0","","1","0","1","3","2","","950","2","1","1","0","0","0","0","2","0","1","1","0","0","7","","","N","","","","","","","","","",""
"2020034786","1626","6","0","0","0","0","0","0","0","0","1","0","","67","4","2020","6","39.938508","-75.172019","1625","6","0","0","0","0","0","1","0","0","","0","0","0","16","1","5","N","0","0","39 56:18.630","","0","75 10:19.270","3","0","0","0","67301","0","0","0","N","0","0","0","5","67301","0","","1.0","","9","N","N","N","0","","1","0","2","0","0","","1624","10","5","0","0","0","4","0","2","2","10","0","0","0","7","04","","N","","","","","","","","","",""
"2020075197","810","1","0","0","0","0","0","1","0","0","4","1","","67","9","2020","3","40.061235","-75.083542","800","6","0","0","0","0","0","0","0","0","","0","0","0","8","1","1","N","1","0","40 03:40.446","","0","75 05:00.751","8","0","0","0","67301","0","0","0","N","0","0","0","3","67508","0","","1.0","","1","N","N","Y","0","","0","0","0","0","0","","800","2","1","0","0","0","1","0","2","0","2","0","0","0","3","03","","N","","","","","","","","","",""
"2020016051","1830","1","0","0","0","0","0","0","0","0","6","0","","67","2","2020","1","39.924583","-75.152091","1828","6","0","0","0","0","0","0","0","0","","0","0","0","18","3","1","","1","2","39 55:28.498","1","0","75 09:07.527","4","0","0","0","67301","0","0","0","N","0","0","0","2","67301","1","","1.0","1900.0","1","N","N","N","0","","0","0","1","3","2","N","1812","2","1","0","0","0","0","0","2","0","2","0","0","0","3","98","","N","","","","","","","","","",""
"2020015307","1718","1","0","0","1","0","0","0","0","0","8","0","","67","2","2020","1","39.0","-74.0","1714","6","0","0","0","0","0","0","0","0","","0","0","0","17","1","1","N","0","0","39 00:00.000","","0","74 00:00.000","3","0","0","0","67301","1","0","0","N","0","0","0","2","67504","0","","1.0","","1","N","N","N","0","","1","0","0","0","0","","1714","2","1","0","0","0","0","0","1","0","1","1","0","0","3","03","","N","","","","","","","","","",""
"2020035431","542","3","0","0","0","0","0","0","0","0","5","0","","67","4","2020","2","40.033536","-75.085339","535","6","0","0","0","0","0","0","0","0","","0","0","0","5","3","0","N","0","0","40 02:00.731","","0","75 05:07.219","0","0","0","0","67301","0","0","0","N","0","0","0","1","67301","0","","6.0","","9","N","N","N","0","","0","0","0","3","2","","532","3","0","0","0","0","0","0","2","0","3","0","0","0","7","","","N","","","","","","","","","",""
"2020036301","246","2","0","0","0","0","0","0","0","0","4","0","","67","5","2020","6","39.982781","-75.141737","244","6","0","0","0","0","0","1","0","0","","0","0","0","2","3","0","","1","2","39 58:58.011","2","0","75 08:30.253","9","0","0","0","67301","0","0","0","N","0","0","0","2","67301","0","","1.0","428.0","9","N","N","N","0","","0","0","0","3","3","Y","231","2","0","0","0","0","0","1","2","0","2","0","0","0","3","03","","N","","","","","","","","","",""
"2020076748","2204","0","0","0","0","0","0","0","0","0","1","0","","67","9","2020","4","39.977187","-75.199246","2201","6","0","0","0","0","0","0","0","0","","0","0","0","21","3","0","N","0","0","39 58:37.872","","0","75 11:57.285","9","0","0","0","67301","0","0","0","N","0","0","0","2","68K01","0","","1.0","","9","N","N","N","0","","0","0","1","0","0","","2146","2","0","0","0","0","0","1","2","0","2","0","0","0","7","","","N","","","","","","","","","",""
"2020036025","110","0","0","0","0","0","0","0","0","0","7","0","","67","4","2020","5","39.988389","-75.136121","107","6","0","0","0","0","0","0","0","0","","0","0","0","1","3","1","","1","1","39 59:18.200","3","0","75 08:10.035","3","0","0","0","67301","0","0","0","N","0","0","0","1","67301","0","","5.0","215.0","1","N","N","N","0","","1","0","0","2","3","N","101","1","1","0","0","0","0","0","2","1","1","0","0","0","3","03","","N","","","","","","","","","",""
"2020017858","2049","3","0","0","0","0","0","0","0","0","5","0","","67","2","2020","7","39.938558","-75.169953","2046","6","0","0","0","0","0","0","0","0","","0","0","0","20","3","0","N","0","0","39 56:18.810","","0","75 10:11.830","0","0","0","0","67301","0","0","0","N","0","0","0","1","67301","0","","6.0","","1","N","N","N","0","","0","0","0","0","0","","2045","3","0","0","0","0","0","0","2","0","3","0","0","0","3","03","","N","","","","","","","","","",""
"2020064872","538","1","0","0","0","0","0","0","0","0","7","0","","67","8","2020","6","39.890217","-75.220174","524","6","0","0","0","0","0","0","0","0","","0","0","0","5","5","0","N","0","0","39 53:24.781","","0","75 13:12.625","0","0","0","0","67301","0","0","0","N","0","0","0","1","68K01","0","","2.0","","9","N","N","N","0","","0","0","0","0","0","","517","1","0","0","0","0","0","0","2","0","1","0","0","0","7","","","N","","","","","","","","","",""
"2020049018","1100","0","0","0","0","0","0","0","0","0","8","0","","67","6","2020","3","40.00468","-75.152126","1055","6","0","0","0","0","0","1","0","0","","0","0","0","10","1","1","","1","0","40 00:16.847","","0","75 09:07.652","8","0","0","0","67301","1","0","0","N","1","0","0","4","67505","0","","1.0","","1","N","N","N","1","","0","0","0","3","2","","1053","2","1","0","0","0","1","0","2","0","1","1","0","0","3","03","","N","","","","","","","","","",""
"2020075326","1503","2","0","0","0","0","0","0","0","0","0","0","","67","9","2020","4","39.99443","-75.198755","1447","6","0","0","0","0","0","1","0","0","","0","0","0","14","1","0","N","0","0","39 59:39.949","","0","75 11:55.517","0","0","0","0","67301","0","0","0","N","0","0","0","5","68K01","0","","1.0","","1","N","N","N","0","","0","0","1","3","8","","1443","3","0","0","0","0","0","0","2","0","3","0","0","0","3","03","","N","","","","","","","","","",""
"2020034810","36","0","0","0","0","0","0","0","0","0","7","0","","67","4","2020","1","39.919951","-75.201422","32","6","0","0","0","0","0","0","0","0","","0","0","0","0","3","0","N","0","0","39 55:11.824","","3","75 12:05.119","0","0","0","0","67301","0","0","0","N","0","0","0","1","67301","0","","1.0","","9","N","N","Y","1","","0","0","0","0","0","","22","1","0","0","0","0","0","0","2","0","1","0","0","0","7","07","","N","","","","","","","","","",""
"2020036862","1338","1","0","0","0","0","0","0","0","0","7","0","","67","4","2020","6","39.958211","-75.141509","1324","6","0","0","0","0","0","1","0","0","","0","0","0","13","1","1","N","0","1","39 57:29.558","2","8","75 08:29.432","3","0","0","0","67301","0","0","0","N","0","0","0","2","68K01","0","","4.0","1436.0","9","N","N","N","0","","1","0","0","0","0","N","1322","1","1","0","0","0","0","0","2","0","1","0","0","0","7","","","N","","","","","","","","","",""
"2020076727","625","1","0","0","0","0","0","0","0","0","0","0","","67","8","2020","7","40.054567","-74.985067","615","6","0","0","0","0","0","0","0","0","","0","0","0","6","5","1","N","0","0","40 03:16.442","","0","74 59:06.242","8","0","0","0","67301","0","0","0","N","0","0","0","2","68K01","0","","1.0","","1","N","N","N","1","","0","0","0","0","0","","615","2","1","0","0","0","1","0","2","0","2","0","0","0","3","03","","N","","","","","","","","","",""
"2020034500","843","2","0","0","0","0","0","0","0","0","1","0","","67","4","2020","5","40.066698","-75.027219","800","6","0","0","0","0","0","0","0","0","","0","0","0","7","1","0","N","0","1","40 04:00.112","5","0","75 01:37.987","0","0","0","0","67301","0","0","0","N","0","0","0","1","67301","0","","6.0","1243.0","1","N","N","N","0","","0","0","0","0","0","Y","752","2","0","0","0","0","0","0","2","0","2","0","0","0","4","","","N","","","","","","","","","",""
"2020035213","220","1","0","0","0","0","0","0","0","0","7","0","","67","4","2020","2","39.997865","-75.185017","220","6","0","0","0","0","0","0","0","0","","0","0","0","2","3","4","","2","2","39 59:52.314","7","0","75 11:06.061","2","0","0","0","67301","0","0","0","Y","0","0","0","4","67301","0","","4.0","345.0","9","N","N","N","0","","1","3","0","3","2","Y","220","1","4","4","0","3","0","0","2","0","1","0","0","0","7","04","","N","","","","","","","","","",""
"2020043796","2331","1","0","0","0","0","0","0","0","0","7","0","","67","6","2020","5","39.989678","-75.171587","2329","6","0","0","0","0","0","0","0","0","","0","0","0","22","3","1","N","0","0","39 59:22.840","","0","75 10:17.713","3","0","0","0","67301","0","0","0","N","0","0","0","1","67301","0","","5.0","","9","N","N","N","0","","1","0","0","0","0","","2245","1","1","1","0","0","0","0","2","0","1","0","0","0","7","04","","N","","","","","","","","","",""
"2020035270","2046","1","0","0","0","0","0","0","0","0","7","0","","67","4","2020","2","39.958585","-75.214005","2046","6","0","0","0","0","0","0","1","0","","0","0","0","19","6","0","","1","0","39 57:30.906","","0","75 12:50.417","9","0","0","0","67301","0","0","0","N","0","0","0","1","67301","0","","9.0","","99","N","N","N","0","","0","0","0","9","2","","1939","1","0","0","0","0","0","1","2","0","1","0","0","0","3","03","","N","","","","","","","","","",""
"2020015487","2151","0","0","0","0","0","0","0","0","0","1","0","","67","2","2020","7","40.00967","-75.154472","2147","6","0","0","0","0","0","1","0","1","","0","0","0","21","3","1","","1","2","40 00:34.811","4","0","75 09:16.100","3","0","0","0","67301","0","0","0","N","0","0","0","3","67301","0","","1.0","2220.0","1","N","N","N","0","","1","0","2","3","2","Y","2145","2","1","0","0","0","0","0","2","0","2","0","0","0","3","","","N","","","","","","","","","",""
"2020074662","240","1","0","0","0","0","0","0","0","0","1","0","","67","9","2020","7","40.02443","-75.146919","236","6","0","0","0","0","0","1","0","0","","0","0","0","2","3","0","","1","0","40 01:27.947","","0","75 08:48.909","0","0","0","0","67301","0","0","0","N","0","0","0","1","67301","0","","1.0","","1","N","N","N","0","","0","0","1","3","2","","229","2","0","0","0","0","0","0","2","0","2","0","0","0","3","03","","N","","","","","","","","","",""
"2020034674","1739","1","0","0","0","0","0","0","0","0","1","0","","67","4","2020","6","40.050265","-75.117128","1739","6","0","0","0","0","0","0","0","0","","0","0","0","15","1","3","","1","0","40 03:00.954","","0","75 07:01.660","3","0","0","0","67301","0","0","0","N","0","0","0","5","67301","0","","1.0","","9","N","N","N","1","","3","0","0","3","2","","1532","2","3","0","0","0","0","0","2","0","2","0","0","0","7","","","N","","","","","","","","","",""
"2020075063","2315","2","0","0","0","0","0","0","0","0","5","0","","67","9","2020","1","40.071881","-75.039275","2312","6","0","0","0","0","0","0","0","0","","0","0","0","22","3","0","N","0","0","40 04:18.770","","0","75 02:21.390","0","0","0","0","67301","0","0","0","N","0","0","0","1","67301","0","","6.0","","1","N","N","N","0","","0","0","0","0","0","","2230","2","0","0","0","0","0","0","2","0","2","0","0","0","3","","","N","","","","","","","","","",""
"2020035865","1030","2","0","0","0","0","0","0","0","0","4","0","","67","4","2020","5","40.02773","-75.10997","1030","6","0","0","0","0","0","0","1","0","","0","0","0","10","1","0","","1","1","40 01:39.827","1","0","75 06:35.893","0","0","0","0","67301","0","0","0","N","0","0","0","3","67301","0","","1.0","1130.0","1","N","N","N","0","","0","0","0","3","2","N","1030","2","0","0","0","0","0","0","2","0","2","0","0","0","3","03","","N","","","","","","","","","",""
"2020034502","1521","2","0","0","0","0","0","0","0","0","4","0","","67","4","2020","5","40.00805","-75.084852","1513","6","0","1","0","0","0","0","1","0","","0","0","0","15","1","1","","2","0","40 00:28.981","","0","75 05:05.466","8","0","0","0","67301","0","0","0","N","0","0","0","3","67301","0","","1.0","","1","N","N","N","0","","0","0","0","3","3","","1501","2","1","0","0","0","1","0","2","0","2","0","0","0","3","03","","N","","","","","","","","","",""
"2020035823","2311","0","0","0","0","0","0","0","0","0","8","0","","67","4","2020","5","39.959174","-75.243377","2310","6","0","0","0","0","0","0","0","0","","0","0","0","23","2","1","","1","0","39 57:33.025","","0","75 14:36.157","3","0","0","0","67301","1","0","0","N","1","0","0","2","67301","0","","1.0","","9","N","N","N","0","","1","0","1","3","2","","2306","2","1","0","0","0","0","0","2","0","1","1","0","0","7","","","N","","","","","","","","","",""