"CRN","ARRIVAL_TM","AUTOMOBILE_COUNT","BELTED_DEATH_COUNT","BELTED_SUSP_SERIOUS_INJ_COUNT","BICYCLE_COUNT","BICYCLE_DEATH_COUNT","BICYCLE_SUSP_SERIOUS_INJ_COUNT","BUS_COUNT","CHLDPAS_DEATH_COUNT","CHLDPAS_SUSP_SERIOUS_INJ_COUNT","COLLISION_TYPE","COMM_VEH_COUNT","CONS_ZONE_SPD_LIM","COUNTY","CRASH_MONTH","CRASH_YEAR","DAY_OF_WEEK","DEC_LATITUDE","DEC_LONGITUDE","DISPATCH_TM","DISTRICT","DRIVER_COUNT_16YR","DRIVER_COUNT_17YR","DRIVER_COUNT_18YR","DRIVER_COUNT_19YR","DRIVER_COUNT_20YR","DRIVER_COUNT_50_64YR","DRIVER_COUNT_65_74YR","DRIVER_COUNT_75PLUS","EST_HRS_CLOSED","FATAL_COUNT","HEAVY_TRUCK_COUNT","HORSE_BUGGY_COUNT","HOUR_OF_DAY","ILLUMINATION","INJURY_COUNT","INTERSECTION_RELATED","INTERSECT_TYPE","LANE_CLOSED","LATITUDE","LN_CLOSE_DIR","LOCATION_TYPE","LONGITUDE","MAX_SEVERITY_LEVEL","MCYCLE_DEATH_COUNT","MCYCLE_SUSP_SERIOUS_INJ_COUNT","MOTORCYCLE_COUNT","MUNICIPALITY","NONMOTR_COUNT","NONMOTR_DEATH_COUNT","NONMOTR_SUSP_SERIOUS_INJ_COUNT","NTFY_HIWY_MAINT","PED_COUNT","PED_DEATH_COUNT","PED_SUSP_SERIOUS_INJ_COUNT","PERSON_COUNT","POLICE_AGCY","POSSIBLE_INJ_COUNT","RDWY_SURF_TYPE_CD","RELATION_TO_ROAD","ROADWAY_CLEARED","ROAD_CONDITION","SCH_BUS_IND","SCH_ZONE_IND","SECONDARY_CRASH","SMALL_TRUCK_COUNT","SPEC_JURIS_CD","SUSP_MINOR_INJ_COUNT","SUSP_SERIOUS_INJ_COUNT","SUV_COUNT","TCD_FUNC_CD","TCD_TYPE","TFC_DETOUR_IND","TIME_OF_DAY","TOTAL_UNITS","TOT_INJ_COUNT","UNBELTED_OCC_COUNT","UNB_DEATH_COUNT","UNB_SUSP_SERIOUS_INJ_COUNT","UNK_INJ_DEG_COUNT","UNK_INJ_PER_COUNT","URBAN_RURAL","VAN_COUNT","VEHICLE_COUNT","VULNERABLE_ROAD_USER_COUNT","VULNERABLE_ROAD_USER_DEATH_COUNT","VULNERABLE_ROAD_USER_SER_INJ_COUNT","WEATHER1","WEATHER2","WORKERS_PRES","WORK_ZONE_IND","WORK_ZONE_LOC","WORK_ZONE_TYPE","WZ_CLOSE_DETOUR","WZ_FLAGGER","WZ_LAW_OFFCR_IND","WZ_LN_CLOSURE","WZ_MOVING","WZ_OTHER","WZ_SHLDER_MDN","WZ_WORKERS_INJ_KILLED"
"2020035011","1120","2","0","0","0","0","0","0","0","0","4","0","","67","4","2020","1","40.019014","-75.052415","1110","6","0","0","0","0","0","0","0","0","","0","0","0","11","1","0","N","0","1","40 01:08.449","3","0","75 03:08.693","0","0","0","0","67301","0","0","0","N","0","0","0","2","67301","0","","1.0","1321.0","9","N","N","Y","2","","0","0","0","0","0","N","1100","4","0","2","0","0","0","0","2","0","4","0","0","0","7","04","","N","","","","","","","","","",""
"2020076725","45","2","0","0","0","0","0","0","0","0","5","0","45","67","8","2020","7","39.89965","-75.163526","45","6","0","0","0","0","0","1","0","0","","0","1","0","0","3","1","N","0","1","39 53:58.740","2","0","75 09:48.695","3","0","0","0","67301","0","0","0","N","0","0","0","4","68K01","0","","1.0","55.0","1","N","N","N","0","","1","0","0","0","0","N","45","3","1","0","0","0","0","0","2","0","3","0","0","0","3","","Y","Y","4","2","N","N","N","Y","N","N","N","N"
"2020060719","1859","2","0","0","0","0","0","0","0","0","4","0","","67","7","2020","5","39.998114","-75.138864","1859","6","0","0","0","0","0","0","0","0","","0","0","0","17","1","1","Y","0","0","39 59:53.210","","0","75 08:19.910","4","0","0","0","67301","0","0","0","N","0","0","0","3","67301","1","","1.0","","1","N","N","N","0","","0","0","0","3","2","","1744","2","1","0","0","0","0","0","2","0","2","0","0","0","3","03","","N","","","","","","","","","",""
"2020075178","2322","1","0","0","0","0","0","0","0","0","1","0","","67","9","2020","5","39.959391","-75.174969","2322","6","0","0","0","0","0","0","0","0","","0","0","0","23","3","3","N","0","1","39 57:33.807","3","0","75 10:29.887","2","0","0","0","67301","1","0","1","N","1","0","1","4","68K01","0","","1.0","30.0","9","N","N","N","0","","2","1","2","0","0","N","2321","4","3","0","0","0","0","0","2","0","3","1","0","1","3","03","","N","","","","","","","","","",""
"2020057384","742","1","0","0","0","0","0","0","0","0","7","0","","67","7","2020","2","40.032245","-75.085076","738","6","0","0","0","0","0","1","0","0","","0","0","0","7","1","1","N","0","0","40 01:56.082","","0","75 05:06.275","3","0","0","0","67301","0","0","0","N","0","0","0","1","67301","0","","5.0","","1","N","N","N","0","","1","0","0","3","2","","727","1","1","0","0","0","0","0","2","0","1","0","0","0","3","","","N","","","","","","","","","",""
"2020034744","1818","1","0","0","0","0","0","0","0","0","4","0","","67","4","2020","6","39.989348","-75.167307","1817","6","0","0","0","0","0","1","0","0","","0","0","0","18","1","0","","1","0","39 59:21.653","","0","75 10:02.305","0","0","0","0","67301","0","0","0","N","0","0","0","3","67301","0","","1.0","","8","N","N","N","0","","0","0","1","3","2","","1817","2","0","1","0","0","0","0","2","0","2","0","0","0","4","04","","N","","","","","","","","","",""
"2020035269","1831","0","0","0","0","0","0","0","0","0","1","0","","67","4","2020","2","39.969622","-75.192967","1827","6","0","0","0","0","0","0","0","0","","0","0","0","18","1","0","N","0","0","39 58:10.640","","0","75 11:34.680","9","0","0","0","67301","0","0","0","N","0","0","0","4","67301","0","","1.0","","1","N","N","N","0","","0","0","1","0","0","","1825","2","0","1","0","0","0","1","2","1","2","0","0","0","4","","","N","","","","","","","","","",""
"2020039655","2257","3","0","0","0","0","0","0","0","0","6","0","","67","5","2020","1","39.966383","-75.228373","2256","6","0","0","0","1","0","0","0","0","","0","0","0","22","3","1","N","0","2","39 57:58.979","6","0","75 13:42.144","3","0","0","0","67301","0","0","0","N","0","0","0","1","67301","0","","6.0","2340.0","1","N","N","N","0","","1","0","1","0","0","Y","2255","5","1","0","0","0","0","0","2","1","5","0","0","0","3","03","","N","","","","","","","","","",""
"2020038335","1540","2","0","0","0","0","0","0","0","0","5","0","","67","5","2020","2","39.933664","-75.145839","1534","6","0","0","0","0","0","0","0","0","","0","0","0","15","1","0","N","0","1","39 56:01.190","4","0","75 08:45.022","0","0","0","0","67301","0","0","0","N","0","0","0","7","67301","0","","1.0","1750.0","1","N","N","Y","1","","0","0","1","0","0","Y","1500","4","0","7","0","0","0","0","2","0","4","0","0","0","3","03","","N","","","","","","","","","",""
"2020042961","1832","1","0","0","0","0","0","0","0","0","4","0","","67","5","2020","5","39.93915","-75.219773","1832","6","0","0","0","0","0","0","0","0","","0","0","0","18","1","1","","1","0","39 56:20.940","","0","75 13:11.182","4","0","0","0","67301","0","0","0","N","0","0","0","4","67301","1","","1.0","","1","N","N","N","0","","0","0","1","3","3","","1832","2","1","0","0","0","0","0","2","0","2","0","0","0","3","03","","N","","","","","","","","","",""
"2020036024","9","1","0","0","0","0","0","0","0","0","5","0","","67","5","2020","7","40.041917","-75.15905","9","6","0","0","0","0","0","0","0","0","","0","0","0","0","3","0","N","0","0","40 02:30.900","","0","75 09:32.581","0","0","0","0","67301","0","0","0","N","0","0","0","2","67301","0","","1.0","","1","N","N","N","0","","0","0","0","9","9","","9","2","0","0","0","0","0","0","2","0","2","0","0","0","3","03","","N","","","","","","","","","",""
"2020024890","300","1","0","0","0","0","0","0","0","0","5","0","","67","3","2020","2","39.916275","-75.174818","258","6","0","0","0","0","0","0","0","0","","0","0","0","2","3","0","N","0","0","39 54:58.590","","0","75 10:29.344","0","0","0","0","67301","0","0","0","N","0","0","0","1","67301","0","","6.0","","1","N","N","N","0","","0","0","1","0","0","","246","2","0","0","0","0","0","0","2","0","2","0","0","0","3","03","","N","","","","","","","","","",""
"2020025276","745","1","0","0","0","0","0","0","0","0","8","0","","67","3","2020","5","39.953555","-75.173176","740","6","0","0","0","0","0","0","0","0","","0","0","0","7","1","1","","1","0","39 57:12.798","","0","75 10:23.433","3","0","0","0","67301","1","0","0","N","1","0","0","2","67301","0","","1.0","","1","N","N","N","0","","1","0","0","3","2","","730","2","1","0","0","0","0","0","2","0","1","1","0","0","3","","","N","","","","","","","","","",""
"2020019019","1000","1","0","0","0","0","0","0","0","0","1","0","","67","2","2020","3","39.897373","-75.212617","957","6","0","0","0","0","0","1","0","0","","0","0","0","9","1","0","N","0","1","39 53:50.541","4","3","75 12:45.420","0","0","0","0","67301","0","0","0","N","0","0","0","2","67301","0","","1.0","100.0","1","N","N","N","0","","0","0","1","0","0","N","919","2","0","0","0","0","0","0","2","0","2","0","0","0","3","03","","N","","","","","","","","","",""
"2020020830","1259","1","0","0","0","0","0","0","0","0","8","0","","67","2","2020","7","40.057","-75.189417","1250","6","0","0","0","0","0","0","0","0","","0","0","0","12","1","1","N","0","0","40 03:25.200","","7","75 11:21.900","3","0","0","0","67301","1","0","0","N","1","0","0","2","67301","0","","1.0","","1","N","N","N","0","","1","0","0","0","0","","1250","2","1","0","0","0","0","0","2","0","1","1","0","0","3","03","","N","","","","","","","","","",""
"2020024781","239","2","0","0","0","0","0","0","0","0","5","0","","67","3","2020","2","39.974317","-75.202071","234","6","0","0","0","0","0","0","0","0","","0","0","0","2","3","0","N","0","0","39 58:27.541","","0","75 12:07.455","0","0","0","0","67301","0","0","0","N","0","0","0","1","67301","0","","6.0","","1","N","N","N","0","","0","0","1","0","0","","230","3","0","0","0","0","0","0","2","0","3","0","0","0","3","","","N","","","","","","","","","",""
"2020024664","725","0","0","0","0","0","0","0","0","0","4","0","","67","3","2020","4","39.965415","-75.174144","723","6","0","0","0","0","0","1","0","0","","0","0","0","7","1","0","","1","0","39 57:55.493","","0","75 10:26.918","0","0","0","0","67301","0","0","0","N","0","0","0","4","67301","0","","1.0","","1","N","N","N","0","","0","0","2","3","2","","720","2","0","0","0","0","0","0","2","0","2","0","0","0","3","03","","N","","","","","","","","","",""
"2020049019","755","1","0","0","0","0","0","1","0","0","1","1","","67","6","2020","3","39.991895","-75.13833","750","6","0","0","0","0","0","1","1","0","","0","0","0","7","1","2","","1","1","39 59:30.821","3","0","75 08:17.989","8","0","0","0","67301","0","0","0","N","0","0","0","3","67508","0","","1.0","30.0","1","N","N","N","1","","0","0","0","3","2","N","750","3","2","0","0","0","2","0","2","0","3","0","0","0","3","","","N","","","","","","","","","",""
"2020023309","1755","2","0","0","0","0","0","0","0","0","4","0","","67","3","2020","3","39.95762","-75.145687","1750","6","0","0","0","0","0","1","0","0","","0","0","0","16","1","1","","1","1","39 57:27.432","2","0","75 08:44.473","4","0","0","0","67301","0","0","0","N","0","0","0","2","67301","1","","1.0","1818.0","9","N","N","N","0","","0","0","0","3","2","N","1650","2","1","1","0","0","0","0","2","0","2","0","0","0","3","","","N","","","","","","","","","",""
"2020058702","2058","2","0","0","0","0","0","0","0","0","5","0","","67","7","2020","6","40.048678","-75.182958","2055","6","0","0","0","0","0","1","0","0","","0","0","0","20","3","2","N","0","1","40 02:55.239","3","0","75 10:58.648","3","0","0","0","67301","0","0","0","N","0","0","0","2","67301","0","","1.0","2200.0","1","N","N","N","0","","2","0","1","0","0","Y","2055","3","2","0","0","0","0","0","2","0","3","0","0","0","3","03","","N","","","","","","","","","",""
"2020036071","1623","1","0","0","0","0","0","0","0","0","4","0","","67","5","2020","6","40.035444","-75.108593","1623","6","0","0","0","0","0","0","0","1","","0","0","0","16","1","1","","1","0","40 02:07.600","","0","75 06:30.933","3","0","0","0","67301","0","0","0","N","0","0","0","3","67301","0","","1.0","","1","N","N","N","0","","1","0","1","3","2","","1620","2","1","0","0","0","0","0","2","0","2","0","0","0","4","04","","N","","","","","","","","","",""
"2020036123","1630","1","0","0","0","0","0","0","0","0","1","0","","67","5","2020","6","39.989651","-75.107345","1608","6","0","0","0","0","0","1","0","0","","0","0","0","15","1","1","","1","0","39 59:22.742","","0","75 06:26.442","3","0","0","0","67301","0","0","0","N","0","0","0","2","67301","0","","1.0","","1","N","N","N","0","","1","0","1","3","2","","1525","2","1","2","0","0","0","0","2","0","2","0","0","0","3","03","","N","","","","","","","","","",""
"2020043522","1530","0","0","0","0","0","0","1","0","0","5","1","","67","5","2020","4","39.998445","-75.138783","1520","6","0","0","0","0","0","0","0","0","","0","0","0","15","1","2","N","0","0","39 59:54.403","","0","75 08:19.617","4","0","0","0","67301","0","0","0","N","0","0","0","4","67508","2","","1.0","","1","N","N","N","0","","0","0","1","0","0","N","1520","2","2","0","0","0","0","0","2","0","2","0","0","0","3","","","N","","","","","","","","","",""
"2020017013","1341","2","0","0","0","0","0","0","0","0","4","1","","67","2","2020","5","40.039531","-75.084418","1341","6","0","0","0","0","0","1","0","0","","0","1","0","13","1","2","","1","0","40 02:22.311","","0","75 05:03.904","3","0","0","0","67301","0","0","0","N","0","0","0","3","67301","0","","1.0","","9","N","Y","N","0","","2","0","0","3","2","","1300","3","2","3","0","0","0","0","2","0","3","0","0","0","7","07","","N","","","","","","","","","",""
"2020042826","2236","2","0","0","0","0","0","0","0","0","4","0","","67","6","2020","2","40.086342","-75.038902","2234","6","0","0","0","1","0","0","0","0","","2","0","0","22","3","3","N","0","0","40 05:10.832","","0","75 02:20.047","1","0","0","0","67301","0","0","0","N","0","0","0","6","67301","0","2","1.0","","1","N","N","N","0","0","1","2","0","0","0","","2233","2","3","0","0","0","0","0","2","0","2","0","0","0","3","03","","N","","","","","","","","","",""
"2020076294","1938","1","0","0","0","0","0","0","0","0","7","0","","67","9","2020","3","39.977239","-75.275881","1938","6","0","0","0","0","1","0","0","0","","0","0","0","19","3","1","N","0","0","39 58:38.060","","0","75 16:33.170","3","0","0","0","67301","0","0","0","N","0","0","0","1","68K03","0","","5.0","","1","N","N","N","0","","1","0","0","0","0","","1938","1","1","1","0","0","0","0","2","0","1","0","0","0","3","","","N","","","","","","","","","",""
"2020035654","1200","2","0","0","0","0","0","0","0","0","5","0","","67","4","2020","4","40.008669","-75.099731","1200","6","0","0","0","0","0","0","0","0","","0","0","0","11","1","0","N","0","0","40 00:31.210","","0","75 05:59.030","0","0","0","0","67301","0","0","0","N","0","0","0","1","67301","0","","6.0","","1","N","N","N","0","","0","0","0","0","0","","1110","2","0","0","0","0","0","0","2","0","2","0","0","0","3","03","","N","","","","","","","","","",""
"2020035866","1521","2","0","0","0","0","0","0","0","0","4","0","","67","4","2020","5","39.963392","-75.210656","1521","6","0","0","0","0","0","1","0","0","","0","0","0","14","1","0","","2","0","39 57:48.211","","0","75 12:38.361","9","0","0","0","67301","0","0","0","N","0","0","0","2","67301","0","","1.0","","1","N","N","N","0","","0","0","0","9","3","","1420","2","0","0","0","0","0","2","2","0","2","0","0","0","8","","","N","","","","","","","","","",""
"2020036026","820","2","0","0","0","0","0","0","0","0","4","0","","67","5","2020","6","39.96999","-75.143093","816","6","0","0","0","0","0","0","0","0","","0","0","0","7","1","0","","1","0","39 58:11.965","","0","75 08:35.133","9","0","0","0","67301","0","0","0","N","0","0","0","3","67301","0","","1.0","","9","N","N","N","0","","0","0","0","3","2","","717","2","0","0","0","0","0","3","2","0","2","0","0","0","7","07","","N","","","","","","","","","",""
"2020041957","1912","1","0","0","0","0","0","0","0","0","7","0","","67","4","2020","1","39.960003","-75.179766","1900","6","0","0","0","1","0","0","0","0","","0","0","0","18","1","3","N","0","2","39 57:36.009","3","0","75 10:47.159","8","0","0","0","67301","0","0","0","N","0","0","0","3","68K01","0","","4.0","2000.0","9","N","N","N","0","","0","0","0","0","0","Y","1858","1","3","1","0","0","3","0","2","0","1","0","0","0","7","","","N","","","","","","","","","",""
"2020041548","125","1","0","0","0","0","0","0","0","0","4","0","","67","5","2020","7","40.008888","-75.071869","115","6","0","0","1","0","0","0","0","0","","0","0","0","1","3","2","","5","0","40 00:31.996","","0","75 04:18.728","8","0","0","0","67301","0","0","0","N","0","0","0","2","67301","0","","1.0","","1","N","N","N","1","","0","0","0","3","2","","115","2","2","0","0","0","2","0","2","0","2","0","0","0","3","","","N","","","","","","","","","",""
"2020035822","2353","3","0","0","0","0","0","0","0","0","5","0","","67","4","2020","5","39.963422","-75.19445","2348","6","0","0","0","0","0","0","0","0","","0","0","0","23","3","0","N","0","2","39 57:48.320","2","0","75 11:40.020","0","0","0","0","67301","0","0","0","N","0","0","0","1","67301","0","","6.0","15.0","9","N","N","N","0","","0","0","0","0","0","Y","2336","3","0","0","0","0","0","0","2","0","3","0","0","0","7","","","N","","","","","","","","","",""
"2020017411","53","0","0","0","0","0","0","0","0","0","1","0","","67","2","2020","7","39.953605","-75.165047","49","6","0","0","0","0","0","0","0","0","","0","0","0","0","3","0","","2","1","39 57:12.978","4","6","75 09:54.168","0","0","0","0","67301","0","0","0","N","0","0","0","3","67301","0","","1.0","200.0","1","N","N","N","0","","0","0","2","3","2","N","35","2","0","0","0","0","0","0","2","0","2","0","0","0","3","","","N","","","","","","","","","",""
"2020019743","1720","0","0","0","0","0","0","0","0","0","8","0","","67","2","2020","4","40.025129","-75.082673","1720","6","0","0","0","0","0","0","0","0","","0","0","0","15","1","1","","1","0","40 01:30.464","","0","75 04:57.622","4","0","0","0","67301","1","0","0","N","1","0","0","2","67301","1","","1.0","","1","N","N","N","0","","0","0","1","3","3","","1530","2","1","1","0","0","0","0","2","0","1","1","0","0","3","03","","N","","","","","","","","","",""
"2020061930","1340","0","0","0","1","0","0","0","0","0","8","0","","67","8","2020","2","39.953093","-75.181793","1332","6","0","0","0","0","0","0","1","0","","0","0","0","13","1","1","","2","0","39 57:11.135","","0","75 10:54.456","3","0","0","0","67301","1","0","0","N","0","0","0","2","67504","0","","2.0","","1","N","N","N","0","","1","0","1","3","2","","1331","2","1","0","0","0","0","0","2","0","1","1","0","0","3","03","","N","","","","","","","","","",""
"2020034343","1558","2","0","0","0","0","0","0","0","0","5","0","","67","4","2020","4","39.9604","-75.24072","1558","6","0","0","0","0","0","0","0","0","","0","0","0","15","1","1","N","0","1","39 57:37.440","3","0","75 14:26.592","3","0","0","0","67301","0","0","0","N","0","0","0","2","67301","0","","1.0","1900.0","1","N","N","N","0","","1","0","0","0","0","Y","1520","3","1","1","0","0","0","1","2","1","3","0","0","0","3","03","","N","","","","","","","","","",""
"2020030047","1027","1","0","0","0","0","0","0","0","0","7","0","","67","3","2020","7","39.946359","-75.189238","1007","6","0","0","0","0","0","0","0","0","","0","0","0","10","1","0","N","0","0","39 56:46.894","","0","75 11:21.258","0","0","0","0","67301","0","0","0","N","0","0","0","1","68K01","0","","4.0","","9","N","N","N","0","","0","0","0","0","0","","1004","1","0","0","0","0","0","0","2","0","1","0","0","0","7","","","N","","","","","","","","","",""
"2020034865","1231","1","0","0","0","0","0","0","0","0","1","0","","67","4","2020","1","40.099547","-75.021008","1228","6","0","0","0","0","0","0","0","0","","0","0","0","12","1","0","N","0","0","40 05:58.370","","0","75 01:15.630","0","0","0","0","67301","0","0","0","N","0","0","0","3","67301","0","","1.0","","9","N","N","N","0","","0","0","2","0","0","","1228","3","0","0","0","0","0","0","2","0","3","0","0","0","7","07","","N","","","","","","","","","",""
"2020019480","510","2","0","0","0","0","0","0","0","0","4","0","","67","2","2020","4","40.017859","-75.172577","506","6","0","0","0","0","0","1","0","0","","0","0","0","5","3","0","N","0","1","40 01:04.291","2","0","75 10:21.277","0","0","0","0","67301","0","0","0","N","0","0","0","2","67301","0","","1.0","555.0","1","N","N","N","0","","0","0","0","0","0","N","505","2","0","0","0","0","0","0","2","0","2","0","0","0","3","03","","N","","","","","","","","","",""
"2020017147","1910","1","0","0","0","0","0","0","0","0","5","0","","67","2","2020","5","40.117164","-75.029008","1857","6","0","0","0","0","0","0","1","0","","0","0","0","18","3","1","N","0","0","40 07:01.790","","0","75 01:44.430","3","0","0","0","67301","0","0","0","N","0","0","0","1","67301","0","","1.0","","8","N","N","N","0","","1","0","1","0","0","","1856","2","1","0","0","0","0","0","2","0","2","0","0","0","7","","","N","","","","","","","","","",""
"2020028155","932","1","0","0","0","0","0","0","0","0","7","0","","67","2","2020","7","39.940556","-75.143128","918","6","0","0","1","0","0","0","0","0","","0","0","0","9","1","1","N","0","0","39 56:26.003","","0","75 08:35.259","3","0","0","0","67301","0","0","0","N","0","0","0","1","68K01","0","","4.0","","1","N","N","N","0","","1","0","0","0","0","","917","1","1","0","0","0","0","0","2","0","1","0","0","0","3","03","","N","","","","","","","","","",""
"2020035150","147","0","0","0","0","0","0","0","0","0","7","0","","67","4","2020","6","39.886391","-75.206852","138","6","0","0","0","0","0","1","0","0","","0","0","0","1","3","0","N","0","0","39 53:11.006","","3","75 12:24.666","9","0","0","0","67301","0","0","0","N","0","0","0","1","68K01","0","","4.0","","9","N","N","N","0","","0","0","1","0","0","","129","1","0","0","0","0","0","1","2","0","1","0","0","0","7","","","N","","","","","","","","","",""
"2020019393","640","0","0","0","0","0","0","0","0","0","8","0","","67","2","2020","2","39.957208","-75.227482","638","6","0","0","0","0","0","0","0","0","","0","0","0","6","5","1","","1","0","39 57:25.949","","0","75 13:38.934","3","0","0","0","67301","1","0","0","N","1","0","0","2","67301","0","","1.0","","9","N","N","N","0","","1","0","1","3","2","","638","2","1","0","0","0","0","0","2","0","1","1","0","0","7","04","","N","","","","","","","","","",""
"2020016658","2300","1","0","0","0","0","0","0","0","0","4","0","","67","2","2020","4","40.037371","-75.190983","2300","6","0","0","0","0","0","0","0","0","","0","0","0","21","3","1","","1","0","40 02:14.535","","0","75 11:27.538","3","0","0","0","67301","0","0","0","N","0","0","0","2","67301","0","","1.0","","9","N","N","N","0","","1","0","1","9","2","","2140","2","1","0","0","0","0","0","2","0","2","0","0","0","7","07","","N","","","","","","","","","",""
"2020016746","1350","1","0","0","0","0","0","0","0","0","4","0","","67","2","2020","1","39.975578","-75.191855","1350","6","0","1","0","0","0","0","0","0","","0","0","0","13","1","2","","2","2","39 58:32.079","4","0","75 11:30.679","3","0","0","0","67301","0","0","0","N","0","0","0","2","67301","1","","1.0","1350.0","1","N","N","N","0","","1","0","1","0","0","Y","1348","2","2","0","0","0","0","0","2","0","2","0","0","0","3","03","","N","","","","","","","","","",""
"2020015486","920","1","0","0","0","0","0","0","0","0","5","0","","67","2","2020","7","40.017706","-75.202083","915","6","0","0","0","0","0","0","0","0","","0","0","0","9","1","1","N","0","1","40 01:03.740","1","0","75 12:07.500","8","0","0","0","67301","0","0","0","N","0","0","0","3","67301","0","","1.0","1005.0","2","N","N","N","1","","0","0","1","3","3","N","910","3","1","0","0","0","1","0","2","0","3","0","0","0","3","03","","N","","","","","","","","","",""
"2020017410","645","1","0","0","0","0","0","0","0","0","4","0","","67","2","2020","5","40.058311","-75.015829","640","6","0","0","0","0","0","1","0","0","","0","0","0","6","3","0","","2","1","40 03:29.918","6","0","75 00:56.984","0","0","0","0","67301","0","0","0","N","0","0","0","2","67301","0","","1.0","200.0","9","N","N","N","1","","0","0","0","0","0","Y","630","2","0","0","0","0","0","0","2","0","2","0","0","0","7","04","","N","","","","","","","","","",""
"2020019227","1400","1","0","0","0","0","0","0","0","0","5","1","","67","2","2020","6","39.989972","-75.117166","1358","6","0","0","0","0","0","0","0","0","","0","1","0","13","1","1","N","1","2","39 59:23.899","5","0","75 07:01.796","8","0","0","0","67301","0","0","0","N","0","0","0","1","67301","0","","1.0","1500.0","1","N","N","N","0","","0","0","0","0","0","Y","1356","2","1","0","0","0","1","0","2","0","2","0","0","0","3","03","","N","","","","","","","","","",""
"2020019873","1920","1","0","0","0","0","0","0","0","0","0","0","","67","2","2020","3","40.001094","-75.116519","1859","6","0","0","0","0","0","0","0","0","","0","0","0","15","1","2","N","0","0","40 00:03.940","","0","75 06:59.470","3","0","0","0","67301","0","0","0","N","0","0","0","2","67301","1","","1.0","","99","N","N","N","0","","1","0","0","0","0","","1530","1","2","0","0","0","0","0","2","0","1","0","0","0","7","","","N","","","","","","","","","",""
"2020019392","2304","2","0","0","0","0","0","0","0","0","4","0","","67","2","2020","6","39.974598","-75.199484","2300","6","0","0","0","0","0","0","0","0","","0","0","0","22","3","5","","1","0","39 58:28.552","","2","75 11:58.141","3","0","0","0","67301","0","0","0","N","0","0","0","7","67301","0","","1.0","","1","N","N","N","0","","2","0","0","3","2","","2256","2","5","0","0","0","3","0","2","0","2","0","0","0","3","","","N","","","","","","","","","",""
"2020060519","1847","1","0","0","0","0","0","0","0","0","1","1","","67","7","2020","6","39.91155","-75.229933","1842","6","0","0","0","0","0","0","0","0","","0","1","0","18","1","0","N","0","0","39 54:41.580","","0","75 13:47.760","0","0","0","0","67301","0","0","0","N","0","0","0","2","67301","0","","1.0","","1","N","N","N","0","","0","0","0","0","0","","1828","2","0","0","0","0","0","0","2","0","2","0","0","0","3","","","N","","","","","","","","","",""
"2020019391","2147","0","0","0","0","0","0","0","0","0","1","0","","67","2","2020","7","40.018922","-75.049504","2140","6","0","0","0","0","0","1","0","0","","0","0","0","21","3","2","","1","0","40 01:08.120","","0","75 02:58.216","3","0","0","0","67301","0","0","0","N","0","0","0","4","67301","0","","1.0","","1","N","N","N","0","","2","0","1","3","2","","2130","2","2","3","0","0","0","0","2","0","2","0","0","0","3","03","","N","","","","","","","","","",""
"2020016659","49","3","0","0","0","0","0","0","0","0","5","0","","67","2","2020","5","40.04205","-75.176769","47","6","0","0","0","0","0","0","0","0","","0","0","0","0","3","0","N","0","0","40 02:31.380","","0","75 10:36.370","0","0","0","0","67301","0","0","0","N","0","0","0","1","67301","0","","6.0","","9","N","N","N","0","","0","0","0","3","3","","24","3","0","0","0","0","0","0","2","0","3","0","0","0","7","07","","N","","","","","","","","","",""
"2020017710","1052","1","0","0","0","0","0","0","0","0","8","0","","67","2","2020","5","39.950925","-75.230654","1051","6","0","0","0","0","0","0","1","0","","0","0","0","9","1","1","","1","0","39 57:03.330","","0","75 13:50.354","3","0","0","0","67301","1","0","0","N","1","0","0","2","67301","0","","1.0","","9","N","N","N","0","","1","0","0","3","2","","910","2","1","0","0","0","0","0","2","0","1","1","0","0","7","","","N","","","","","","","","","",""
"2020057199","1701","1","0","0","0","0","0","0","0","0","4","0","","67","6","2020","1","39.945205","-75.190614","1650","6","0","0","0","0","0","1","1","0","","0","0","0","16","1","1","N","0","2","39 56:42.737","4","0","75 11:26.210","3","0","0","0","67301","0","0","0","N","0","0","0","5","68K01","0","","1.0","15.0","1","N","N","N","0","","1","0","2","0","0","N","1648","3","1","0","0","0","0","0","2","0","3","0","0","0","3","","","N","","","","","","","","","",""
"2020019021","1531","1","0","0","0","0","0","0","0","0","4","0","","67","2","2020","4","39.952184","-75.240772","1527","6","0","0","0","0","0","1","0","0","","0","0","0","15","1","1","","1","0","39 57:07.862","","0","75 14:26.779","8","0","0","0","67301","0","0","0","N","0","0","0","2","67301","0","","1.0","","1","N","N","N","0","","0","0","1","3","2","","1525","2","1","0","0","0","1","1","2","0","2","0","0","0","3","","","N","","","","","","","","","",""
"2020028336","2110","0","0","0","0","0","0","0","0","0","7","0","","67","2","2020","5","40.052801","-74.98732","2103","6","0","0","0","0","1","0","0","0","","0","0","0","21","3","0","N","0","0","40 03:10.083","","0","74 59:14.353","0","0","0","0","67301","0","0","0","N","0","0","0","2","68K01","0","","4.0","","1","N","N","N","0","","0","0","1","0","0","","2102","1","0","0","0","0","0","0","2","0","1","0","0","0","3","03","","N","","","","","","","","","",""