"CRN","ARRIVAL_TM","AUTOMOBILE_COUNT","BELTED_DEATH_COUNT","BELTED_SUSP_SERIOUS_INJ_COUNT","BICYCLE_COUNT","BICYCLE_DEATH_COUNT","BICYCLE_SUSP_SERIOUS_INJ_COUNT","BUS_COUNT","CHLDPAS_DEATH_COUNT","CHLDPAS_SUSP_SERIOUS_INJ_COUNT","COLLISION_TYPE","COMM_VEH_COUNT","CONS_ZONE_SPD_LIM","COUNTY","CRASH_MONTH","CRASH_YEAR","DAY_OF_WEEK","DEC_LATITUDE","DEC_LONGITUDE","DISPATCH_TM","DISTRICT","DRIVER_COUNT_16YR","DRIVER_COUNT_17YR","DRIVER_COUNT_18YR","DRIVER_COUNT_19YR","DRIVER_COUNT_20YR","DRIVER_COUNT_50_64YR","DRIVER_COUNT_65_74YR","DRIVER_COUNT_75PLUS","EST_HRS_CLOSED","FATAL_COUNT","HEAVY_TRUCK_COUNT","HORSE_BUGGY_COUNT","HOUR_OF_DAY","ILLUMINATION","INJURY_COUNT","INTERSECTION_RELATED","INTERSECT_TYPE","LANE_CLOSED","LATITUDE","LN_CLOSE_DIR","LOCATION_TYPE","LONGITUDE","MAX_SEVERITY_LEVEL","MCYCLE_DEATH_COUNT","MCYCLE_SUSP_SERIOUS_INJ_COUNT","MOTORCYCLE_COUNT","MUNICIPALITY","NONMOTR_COUNT","NONMOTR_DEATH_COUNT","NONMOTR_SUSP_SERIOUS_INJ_COUNT","NTFY_HIWY_MAINT","PED_COUNT","PED_DEATH_COUNT","PED_SUSP_SERIOUS_INJ_COUNT","PERSON_COUNT","POLICE_AGCY","POSSIBLE_INJ_COUNT","RDWY_SURF_TYPE_CD","RELATION_TO_ROAD","ROADWAY_CLEARED","ROAD_CONDITION","SCH_BUS_IND","SCH_ZONE_IND","SECONDARY_CRASH","SMALL_TRUCK_COUNT","SPEC_JURIS_CD","SUSP_MINOR_INJ_COUNT","SUSP_SERIOUS_INJ_COUNT","SUV_COUNT","TCD_FUNC_CD","TCD_TYPE","TFC_DETOUR_IND","TIME_OF_DAY","TOTAL_UNITS","TOT_INJ_COUNT","UNBELTED_OCC_COUNT","UNB_DEATH_COUNT","UNB_SUSP_SERIOUS_INJ_COUNT","UNK_INJ_DEG_COUNT","UNK_INJ_PER_COUNT","URBAN_RURAL","VAN_COUNT","VEHICLE_COUNT","VULNERABLE_ROAD_USER_COUNT","VULNERABLE_ROAD_USER_DEATH_COUNT","VULNERABLE_ROAD_USER_SER_INJ_COUNT","WEATHER1","WEATHER2","WORKERS_PRES","WORK_ZONE_IND","WORK_ZONE_LOC","WORK_ZONE_TYPE","WZ_CLOSE_DETOUR","WZ_FLAGGER","WZ_LAW_OFFCR_IND","WZ_LN_CLOSURE","WZ_MOVING","WZ_OTHER","WZ_SHLDER_MDN","WZ_WORKERS_INJ_KILLED"
"2020017708","334","1","0","0","0","0","0","0","0","0","7","0","","67","2","2020","7","40.090839","-74.985311","333","6","0","0","0","0","0","0","0","0","","0","0","0","3","3","0","N","0","0","40 05:27.021","","0","74 59:07.119","0","0","0","0","67301","0","0","0","N","0","0","0","1","67301","0","","4.0","","1","N","N","N","0","","0","0","0","0","0","","331","1","0","0","0","0","0","0","2","0","1","0","0","0","3","03","","N","","","","","","","","","",""
"2020035211","2255","2","0","0","0","0","0","0","0","0","4","0","","67","4","2020","1","39.949699","-75.233135","2248","6","0","0","0","0","0","0","0","0","","0","0","0","22","4","0","","1","0","39 56:58.916","","0","75 13:59.286","0","0","0","0","67301","0","0","0","N","0","0","0","2","67301","0","","1.0","","9","N","N","N","0","","0","0","1","3","3","","2247","3","0","2","0","0","0","0","2","0","3","0","0","0","7","04","","N","","","","","","","","","",""
"2020041956","1454","0","0","0","0","0","0","0","0","0","7","0","","67","4","2020","1","39.959993","-75.179695","1452","6","0","0","0","0","0","0","0","0","","0","0","0","14","1","0","N","0","2","39 57:35.974","3","0","75 10:46.901","0","0","0","0","67301","0","0","0","N","0","0","0","1","68K01","0","","4.0","1530.0","9","N","N","N","1","","0","0","0","0","0","Y","1451","1","0","0","0","0","0","0","2","0","1","0","0","0","7","","","N","","","","","","","","","",""
"2020076723","1529","1","0","0","0","0","0","0","0","0","1","0","","67","8","2020","6","39.958464","-75.167497","1504","6","0","0","0","0","1","0","0","0","","0","0","0","14","8","0","N","0","1","39 57:30.472","3","0","75 10:02.989","0","0","0","0","67301","0","0","0","N","0","0","0","7","68K01","0","","1.0","1535.0","1","N","N","N","0","","0","0","2","0","0","N","1449","3","0","0","0","0","0","0","2","0","3","0","0","0","3","","","N","","","","","","","","","",""
"2020036133","1611","2","0","0","0","0","0","0","0","0","4","0","","67","4","2020","5","40.014088","-75.140447","1611","6","0","0","0","0","0","0","0","0","","0","0","0","15","1","3","","1","0","40 00:50.716","","0","75 08:25.609","3","0","0","0","67301","0","0","0","N","0","0","0","3","67301","2","","1.0","","1","N","N","N","0","","1","0","0","3","3","","1554","2","3","0","0","0","0","0","2","0","2","0","0","0","3","04","","N","","","","","","","","","",""
"2020059462","2336","1","0","0","0","0","0","0","0","0","1","0","","67","7","2020","1","39.948691","-75.185408","2329","6","0","0","0","1","0","1","0","0","","0","0","0","23","3","2","N","0","1","39 56:55.289","4","0","75 11:07.467","3","0","0","0","67301","0","0","0","N","0","0","0","2","68K01","1","","1.0","130.0","9","N","N","N","0","","1","0","1","0","0","N","2327","2","2","0","0","0","0","0","2","0","2","0","0","0","7","","","N","","","","","","","","","",""
"2020016254","1447","2","0","0","0","0","0","0","0","0","4","0","","67","2","2020","3","39.996838","-75.15383","1446","6","0","0","0","0","0","0","0","0","","0","0","0","14","1","1","","1","0","39 59:48.618","","0","75 09:13.788","3","0","0","0","67301","0","0","0","N","0","0","0","2","67301","0","","1.0","","1","N","N","N","0","","1","0","0","3","2","","1440","2","1","0","0","0","0","0","2","0","2","0","0","0","3","03","","N","","","","","","","","","",""
"2020015385","1520","0","0","0","0","0","0","0","0","0","4","0","","67","2","2020","1","39.947783","-75.231252","1520","6","0","0","0","0","0","0","1","0","","0","0","0","15","1","2","","2","1","39 56:52.020","3","0","75 13:52.507","3","0","0","0","67301","0","0","0","N","0","0","0","6","67301","0","","1.0","1511.0","1","N","N","N","0","","2","0","2","3","3","N","1511","2","2","4","0","0","0","0","2","0","2","0","0","0","3","03","","N","","","","","","","","","",""
"2020078525","2120","1","0","0","0","0","0","0","0","0","1","0","","67","9","2020","2","39.890104","-75.230397","2112","6","0","0","0","0","0","0","1","0","","0","0","0","21","3","0","","6","0","39 53:24.373","","2","75 13:49.430","0","0","0","0","67301","0","0","0","N","0","0","0","2","67301","0","","1.0","","1","N","N","N","0","","0","0","1","0","0","","2105","2","0","0","0","0","0","0","2","0","2","0","0","0","3","03","","N","","","","","","","","","",""
"2020028403","536","3","0","0","0","0","0","0","0","0","5","0","","67","3","2020","6","39.984369","-75.231356","529","6","0","0","0","0","0","0","0","0","","0","0","0","5","5","0","N","0","0","39 59:03.730","","0","75 13:52.880","0","0","0","0","67301","0","0","0","N","0","0","0","1","67301","0","","6.0","","9","N","N","N","0","","0","0","2","0","0","","525","5","0","0","0","0","0","0","2","0","5","0","0","0","5","07","","N","","","","","","","","","",""
"2020016661","203","3","0","0","0","0","0","0","0","0","6","0","","67","2","2020","5","39.972901","-75.170605","200","6","0","0","0","0","0","0","0","0","","0","0","0","1","3","2","N","0","2","39 58:22.442","7","0","75 10:14.178","3","0","0","0","67301","0","0","0","N","0","0","0","2","67301","0","","1.0","430.0","9","N","N","N","0","","2","0","1","0","0","Y","150","4","2","0","0","0","0","0","2","0","4","0","0","0","7","","","N","","","","","","","","","",""
"2020023044","1525","0","0","0","1","0","0","0","0","0","8","0","","67","3","2020","3","39.952256","-75.192213","1514","6","0","0","0","0","0","0","0","0","","0","0","0","15","1","1","N","0","0","39 57:08.121","","0","75 11:31.968","8","0","0","0","67301","1","0","0","N","0","0","0","2","67504","0","","1.0","","1","N","N","N","0","","0","0","1","0","0","N","1500","2","1","0","0","0","1","1","2","0","1","1","0","0","3","03","","N","","","","","","","","","",""
"2020059121","1320","2","0","0","0","0","0","0","0","0","4","1","","67","7","2020","7","40.037084","-75.011336","1313","6","0","0","0","0","0","0","0","0","","0","1","0","13","1","3","","1","0","40 02:13.501","","0","75 00:40.810","3","0","0","0","67301","0","0","0","N","0","0","0","4","67301","0","","1.0","","1","N","N","N","0","","3","0","0","3","2","","1312","3","3","0","0","0","0","0","2","0","3","0","0","0","3","03","","N","","","","","","","","","",""
"2020023917","2313","0","0","0","0","0","0","0","0","0","7","0","","67","2","2020","5","39.901777","-75.151871","2303","6","0","0","0","0","0","0","0","0","","0","0","0","23","3","0","N","0","1","39 54:06.397","2","0","75 09:06.737","0","0","0","0","67301","0","0","0","N","0","0","0","2","68K01","0","","2.0","2330.0","1","N","N","N","0","","0","0","1","0","0","N","2301","1","0","0","0","0","0","0","2","0","1","0","0","0","3","03","","N","","","","","","","","","",""
"2020023497","32","1","0","0","0","0","0","0","0","0","4","0","","67","3","2020","5","40.036518","-75.180392","30","6","0","0","0","0","0","0","0","0","","0","0","0","0","3","1","","1","1","40 02:11.464","7","0","75 10:49.411","3","0","0","0","67301","0","0","0","N","0","0","0","2","67301","0","","1.0","110.0","1","N","N","N","0","","1","0","1","3","2","Y","26","2","1","1","0","0","0","0","2","0","2","0","0","0","3","","","N","","","","","","","","","",""
"2020030503","2145","0","0","0","0","0","0","0","0","0","8","0","","67","2","2020","6","40.038971","-75.144274","2141","6","0","0","0","0","0","0","0","0","","0","0","0","21","3","1","N","0","0","40 02:20.294","","0","75 08:39.386","3","0","0","0","67301","1","0","0","N","1","0","0","2","67301","0","","1.0","","1","N","N","N","0","","1","0","0","3","2","","2140","2","1","0","0","0","0","0","2","0","1","1","0","0","3","03","","N","","","","","","","","","",""
"2020049648","1930","0","0","0","0","0","0","0","0","0","5","0","","67","6","2020","4","39.99424","-75.159452","1920","6","0","0","0","0","0","0","0","0","","0","1","0","19","1","0","N","0","0","39 59:39.264","","0","75 09:34.026","0","0","0","0","67301","0","0","0","N","0","0","0","1","67301","0","","6.0","","1","N","N","N","0","","0","0","1","3","2","","1915","3","0","0","0","0","0","0","2","0","3","0","0","0","3","03","","N","","","","","","","","","",""
"2020017658","2129","1","0","0","0","0","0","0","0","0","4","0","","67","2","2020","1","40.00221","-75.1577","2127","6","0","0","0","0","0","0","0","0","","0","0","0","21","3","2","","1","1","40 00:07.957","7","0","75 09:27.721","3","0","0","0","67301","0","0","0","N","0","0","0","2","67301","0","","1.0","2340.0","1","N","N","N","0","","2","0","1","3","2","Y","2124","2","2","0","0","0","0","0","2","0","2","0","0","0","3","","","N","","","","","","","","","",""
"2020023844","1830","1","0","0","0","0","0","0","0","0","1","0","","67","3","2020","5","39.973066","-75.119373","1829","6","0","0","0","0","0","0","0","0","","0","0","0","18","3","0","N","0","0","39 58:23.037","","0","75 07:09.743","0","0","0","0","67301","0","0","0","N","0","0","0","2","67301","0","","1.0","","1","N","N","N","0","","0","0","1","3","2","","1824","2","0","0","0","0","0","0","2","0","2","0","0","0","3","","","N","","","","","","","","","",""
"2020017332","1520","0","0","0","0","0","0","1","0","0","8","1","","67","2","2020","5","40.030129","-75.035161","1455","6","0","0","0","0","0","1","0","0","","0","0","0","14","1","1","","1","0","40 01:48.464","","0","75 02:06.579","8","0","0","0","67301","1","0","0","N","1","0","0","2","67301","0","","1.0","","1","N","N","N","0","","0","0","0","3","2","","1440","2","1","0","0","0","1","0","2","0","1","1","0","0","3","","","N","","","","","","","","","",""
"2020015146","150","2","0","0","0","0","0","0","0","0","4","0","","67","2","2020","1","40.026906","-75.227196","149","6","0","0","0","0","0","1","0","0","","0","0","0","1","3","1","","1","0","40 01:36.861","","0","75 13:37.905","3","0","0","0","67301","0","0","0","N","0","0","0","3","67301","0","","1.0","","1","N","N","N","0","","1","0","0","3","2","","149","2","1","0","0","0","0","0","2","0","2","0","0","0","3","","","N","","","","","","","","","",""
"2020039325","1706","0","0","0","0","0","0","0","0","0","8","0","","67","5","2020","7","39.919471","-75.234209","1702","6","0","0","0","0","0","0","1","0","","0","0","0","16","1","1","N","0","0","39 55:10.096","","7","75 14:03.151","8","0","0","0","67301","1","0","0","N","1","0","0","2","67301","0","","1.0","","1","N","N","N","1","","0","0","0","0","0","","1654","2","1","1","0","0","1","0","2","0","1","1","0","0","3","03","","N","","","","","","","","","",""
"2020058422","2302","1","0","0","0","0","0","0","0","0","2","0","","67","7","2020","5","40.031008","-75.166858","2301","6","0","0","0","0","0","1","0","0","","0","0","0","23","3","2","N","0","0","40 01:51.629","","0","75 10:00.690","2","0","0","0","67301","0","0","0","N","0","0","0","2","67301","0","","1.0","","9","N","N","N","0","","0","1","1","0","0","","2300","2","2","2","0","1","1","0","2","0","2","0","0","0","7","","","N","","","","","","","","","",""
"2020019478","816","1","0","0","0","0","0","0","0","0","4","0","","67","2","2020","6","39.970836","-75.154134","814","6","0","0","0","0","0","1","0","0","","0","0","0","8","1","2","","1","0","39 58:15.009","","0","75 09:14.884","3","0","0","0","67301","0","0","0","N","0","0","0","2","67301","0","","1.0","","1","N","N","N","0","","2","0","1","3","2","","813","2","2","0","0","0","0","0","2","0","2","0","0","0","3","03","","N","","","","","","","","","",""
"2020022308","151","2","0","0","0","0","0","0","0","0","5","0","","67","3","2020","1","40.019699","-75.143799","146","6","0","0","0","1","0","0","0","0","","0","0","0","1","3","0","N","0","2","40 01:10.917","2","0","75 08:37.677","9","0","0","0","67301","0","0","0","N","0","0","0","4","67301","0","","1.0","330.0","1","N","N","N","0","","0","0","1","0","0","Y","145","3","0","0","0","0","0","1","2","0","3","0","0","0","3","03","","N","","","","","","","","","",""
"2020018259","546","1","0","0","0","0","0","0","0","0","7","0","","67","2","2020","2","39.923527","-75.143278","543","6","0","0","0","0","0","0","0","0","","0","0","0","5","3","1","N","0","0","39 55:24.696","","0","75 08:35.801","3","0","0","0","67301","0","0","0","N","0","0","0","1","67301","0","","4.0","","1","N","N","N","0","","1","0","0","0","0","","543","1","1","0","0","0","0","0","2","0","1","0","0","0","3","03","","N","","","","","","","","","",""
"2020022448","1800","0","0","0","0","0","0","0","0","0","4","0","","67","3","2020","1","39.968637","-75.233854","1755","6","0","0","0","0","0","1","0","0","","0","0","0","17","1","1","","1","0","39 58:07.093","","0","75 14:01.874","3","0","0","0","67301","0","0","0","N","0","0","0","2","67301","0","","1.0","","1","N","N","N","1","","1","0","0","3","2","","1740","2","1","0","0","0","0","0","2","1","2","0","0","0","3","03","","N","","","","","","","","","",""
"2020034866","1935","1","0","0","0","0","0","0","0","0","4","0","","67","4","2020","7","39.957931","-75.164145","1930","6","0","0","0","0","0","0","0","0","","0","0","0","19","1","2","","1","0","39 57:28.550","","3","75 09:50.921","3","0","0","0","67301","0","0","0","N","0","0","0","2","67301","0","","1.0","","1","N","N","N","0","","2","0","1","3","2","","1920","2","2","0","0","0","0","0","2","0","2","0","0","0","3","","","N","","","","","","","","","",""
"2020056657","253","0","0","0","0","0","0","0","0","0","7","0","","67","7","2020","5","39.97429","-75.194769","253","6","0","0","0","0","0","0","0","0","","0","0","0","2","3","1","N","0","0","39 58:27.445","","0","75 11:41.168","4","0","0","0","67301","0","0","0","N","0","0","0","2","67301","1","","7.0","","1","N","N","N","0","","0","0","1","0","0","","241","1","1","1","0","0","0","0","2","0","1","0","0","0","3","","","N","","","","","","","","","",""
"2020024666","1340","1","0","0","0","0","0","0","0","0","1","0","","67","3","2020","1","40.024336","-75.03573","1334","6","0","0","0","0","0","0","0","0","","0","0","0","13","1","0","Y","0","0","40 01:27.609","","0","75 02:08.629","0","0","0","0","67301","0","0","0","N","0","0","0","2","67301","0","","1.0","","1","N","N","N","0","","0","0","1","0","0","","1330","2","0","0","0","0","0","0","2","0","2","0","0","0","3","03","","N","","","","","","","","","",""
"2020033721","1822","1","0","0","0","0","0","0","0","0","7","0","","67","3","2020","6","39.957322","-75.18037","1757","6","0","0","0","0","0","0","0","0","","0","0","0","17","3","0","N","0","2","39 57:26.359","3","0","75 10:49.332","9","0","0","0","67301","0","0","0","N","0","0","0","1","68K01","0","","4.0","45.0","9","N","N","N","0","","0","0","0","0","0","N","1754","1","0","0","0","0","0","1","2","0","1","0","0","0","7","07","","N","","","","","","","","","",""
"2020019875","1037","1","0","0","0","0","0","0","0","0","4","0","","67","2","2020","5","40.006186","-75.151915","1037","6","0","0","0","0","0","0","0","0","","0","0","0","10","1","1","","1","0","40 00:22.269","","0","75 09:06.895","3","0","0","0","67301","0","0","0","N","0","0","0","2","67301","0","","1.0","","1","N","N","N","0","","1","0","1","3","2","","1036","2","1","0","0","0","0","0","2","0","2","0","0","0","3","03","","N","","","","","","","","","",""
"2020018206","4","1","0","0","0","0","0","0","0","0","4","0","","67","2","2020","1","40.01913","-75.117874","4","6","0","0","0","0","0","0","0","0","","0","0","0","16","1","2","","2","0","40 01:08.867","","0","75 07:04.346","4","0","0","0","67301","0","0","0","N","0","0","0","3","67301","2","","1.0","","1","N","N","N","0","","0","0","1","9","2","","1636","2","2","0","0","0","0","0","2","0","2","0","0","0","3","03","","N","","","","","","","","","",""
"2020017060","1150","2","0","0","0","0","0","0","0","0","5","0","","67","2","2020","5","39.948465","-75.16451","1145","6","0","0","0","0","0","1","0","0","","0","0","0","11","1","0","N","0","0","39 56:54.475","","0","75 09:52.236","0","0","0","0","67301","0","0","0","N","0","0","0","1","67301","0","","6.0","","9","N","N","N","0","","0","0","0","0","0","","1130","2","0","0","0","0","0","0","2","0","2","0","0","0","7","07","","N","","","","","","","","","",""
"2020016627","2031","1","0","0","0","0","0","0","0","0","2","0","","67","2","2020","1","39.998044","-75.110931","2031","6","0","0","0","0","0","1","0","0","","0","0","0","20","3","1","Y","0","0","39 59:52.960","","0","75 06:39.350","8","0","0","0","67301","0","0","0","N","0","0","0","2","67301","0","","1.0","","1","N","N","N","0","","0","0","2","3","2","","2029","3","1","0","0","0","1","0","2","0","3","0","0","0","3","","","N","","","","","","","","","",""
"2020018011","1231","0","0","0","0","0","0","0","0","0","8","0","","67","2","2020","4","40.041363","-75.028255","1216","6","0","0","0","0","0","0","0","0","","0","0","0","11","1","1","","1","0","40 02:28.908","","0","75 01:41.719","3","0","0","0","67301","1","0","0","N","1","0","0","2","67301","0","","1.0","","1","N","N","N","0","","1","0","0","9","2","","1100","2","1","0","0","0","0","0","2","0","1","1","0","0","3","03","","N","","","","","","","","","",""
"2020015480","108","2","0","0","0","0","0","0","0","0","6","0","","67","2","2020","1","39.948989","-75.227472","105","6","0","0","1","0","0","0","0","0","","0","0","0","1","2","0","N","0","0","39 56:56.360","","0","75 13:38.900","0","0","0","0","67301","0","0","0","N","0","0","0","1","67301","0","","1.0","","1","N","N","N","0","","0","0","1","0","0","","105","3","0","0","0","0","0","0","2","0","3","0","0","0","3","","","N","","","","","","","","","",""
"2020015379","1900","0","0","0","0","0","0","0","0","0","1","0","","67","2","2020","7","39.900615","-75.205158","1845","6","0","0","0","0","0","0","0","0","","0","0","0","18","3","0","N","0","0","39 54:02.214","","3","75 12:18.569","0","0","0","0","67301","0","0","0","N","0","0","0","3","67301","0","","1.0","","1","N","N","N","1","","0","0","2","0","0","","1833","3","0","0","0","0","0","0","2","0","3","0","0","0","3","","","N","","","","","","","","","",""
"2020057749","1010","0","0","0","0","0","0","0","0","0","1","2","","67","7","2020","2","39.902822","-75.242969","1000","6","0","0","0","0","0","0","0","0","","0","2","0","9","1","0","N","0","1","39 54:10.160","1","0","75 14:34.690","9","0","0","0","67301","0","0","0","N","0","0","0","2","67301","0","","1.0","100.0","1","N","N","N","0","","0","0","0","0","0","N","954","2","0","0","0","0","0","1","2","0","2","0","0","0","4","","","N","","","","","","","","","",""
"2020017648","825","2","0","0","0","0","0","0","0","0","6","0","","67","2","2020","4","40.0387","-75.055694","819","6","0","0","0","0","0","0","0","0","","0","0","0","8","1","0","N","0","0","40 02:19.320","","0","75 03:20.500","9","0","0","0","67301","0","0","0","N","0","0","0","4","67301","0","","1.0","","1","N","N","N","1","","0","0","0","0","0","","800","3","0","0","0","0","0","3","2","0","3","0","0","0","3","04","","N","","","","","","","","","",""
"2020024102","1030","1","0","0","0","0","0","0","0","0","4","0","","67","2","2020","1","40.012972","-75.119206","1013","6","0","0","0","0","0","0","0","0","","0","0","0","20","3","1","N","0","0","40 00:46.700","","7","75 07:09.140","2","0","1","1","67301","0","0","0","N","0","0","0","2","67301","0","","1.0","","99","N","N","N","0","","0","1","0","0","0","","2000","2","1","0","0","0","0","0","2","0","2","0","0","0","99","","","N","","","","","","","","","",""
"2020018177","1600","2","0","0","0","0","0","0","0","0","4","0","","67","2","2020","2","40.101876","-75.039725","1600","6","0","0","1","0","0","0","1","0","","0","0","0","16","1","1","","1","0","40 06:06.752","","0","75 02:23.010","3","0","0","0","67301","0","0","0","N","0","0","0","3","67301","0","","1.0","","1","N","N","N","0","","1","0","1","3","2","","1600","3","1","0","0","0","0","0","2","0","3","0","0","0","3","","","N","","","","","","","","","",""
"2020027592","655","0","0","0","0","0","0","0","0","0","1","0","","67","2","2020","2","39.947753","-75.187417","648","6","0","0","0","0","0","1","0","0","","0","0","0","6","1","0","N","0","1","39 56:51.911","3","0","75 11:14.700","0","0","0","0","67301","0","0","0","N","0","0","0","4","68K01","0","","1.0","720.0","9","N","N","N","0","","0","0","2","0","0","N","641","2","0","0","0","0","0","0","2","0","2","0","0","0","7","07","","N","","","","","","","","","",""
"2020035994","1818","1","0","0","0","0","0","0","0","0","4","0","","67","4","2020","5","39.964651","-75.236844","1806","6","0","0","0","0","0","0","0","0","","0","0","0","18","1","1","","1","0","39 57:52.743","","0","75 14:12.638","4","0","0","0","67301","0","0","0","N","0","0","0","2","67301","1","","1.0","","9","N","N","N","0","","0","0","3","3","3","","1803","4","1","0","0","0","0","0","2","0","4","0","0","0","7","07","","N","","","","","","","","","",""
"2020016653","1435","1","0","0","0","0","0","0","0","0","4","0","","67","2","2020","4","40.052488","-75.087164","1435","6","0","0","0","0","0","0","0","1","","0","0","0","14","1","1","","1","0","40 03:08.956","","0","75 05:13.790","3","0","0","0","67301","0","0","0","N","0","0","0","2","67301","0","","4.0","","1","N","N","N","0","","1","0","0","9","3","","1430","2","1","1","0","0","0","0","2","1","2","0","0","0","3","03","","N","","","","","","","","","",""
"2020075335","1543","0","0","0","0","0","0","0","0","0","1","0","","67","9","2020","7","40.01543","-75.053221","1529","6","0","0","0","0","0","0","0","0","","0","0","0","15","1","0","N","0","0","40 00:55.548","","0","75 03:11.596","0","0","0","0","67301","0","0","0","N","0","0","0","4","68K01","0","","1.0","","1","N","N","N","0","","0","0","3","3","8","","1516","3","0","0","0","0","0","0","2","0","3","0","0","0","3","","","N","","","","","","","","","",""
"2020016974","1738","1","0","0","0","0","0","0","0","0","1","0","","67","2","2020","5","40.108129","-74.996834","1729","6","0","0","0","0","0","1","0","0","","0","0","0","17","3","3","N","0","1","40 06:29.265","4","0","74 59:48.601","3","0","0","0","67301","0","0","0","N","0","0","0","4","67301","0","","1.0","1847.0","9","N","N","Y","0","","2","0","2","0","0","N","1725","3","3","0","0","0","1","0","2","0","3","0","0","0","3","","","N","","","","","","","","","",""
"2020060512","1027","0","0","0","0","0","0","0","0","0","5","1","","67","7","2020","2","39.950592","-75.161791","1023","6","0","0","0","0","0","1","0","0","","0","1","0","10","1","0","","1","2","39 57:02.132","7","0","75 09:42.447","0","0","0","0","67301","0","0","0","N","0","0","0","1","67301","0","","4.0","1148.0","1","N","N","N","0","","0","0","1","2","2","Y","1020","2","0","0","0","0","0","0","2","0","2","0","0","0","3","03","","N","","","","","","","","","",""
"2020017598","1947","1","0","0","0","0","0","0","0","0","5","0","","67","2","2020","5","40.063753","-75.02725","1945","6","0","0","0","0","0","0","0","0","","0","0","0","19","3","0","N","0","2","40 03:49.510","7","0","75 01:38.100","9","0","0","0","67301","0","0","0","N","0","0","0","1","67301","0","","6.0","100.0","1","N","N","N","0","","0","0","2","0","0","Y","1928","5","0","0","0","0","0","1","2","2","5","0","0","0","3","98","","N","","","","","","","","","",""
"2020017713","905","2","0","0","0","0","0","0","0","0","5","0","","67","2","2020","7","40.055919","-75.149519","900","6","0","0","0","0","0","0","0","0","","0","0","0","4","3","0","N","0","0","40 03:21.310","","0","75 08:58.270","9","0","0","0","67301","0","0","0","N","0","0","0","1","67301","0","","6.0","","99","N","N","N","0","","0","0","2","0","0","","430","4","0","0","0","0","0","1","2","0","4","0","0","0","3","03","","N","","","","","","","","","",""
"2020075065","403","0","0","0","0","0","0","0","0","0","3","0","","67","9","2020","4","40.03303","-75.048321","403","6","0","0","0","0","0","0","0","0","","0","0","0","4","3","1","N","0","0","40 01:58.908","","0","75 02:53.957","8","0","0","0","67301","0","0","0","N","0","0","0","1","67301","0","","6.0","","1","N","N","N","0","","0","0","2","0","0","","400","2","1","0","0","0","1","0","2","0","2","0","0","0","3","03","","N","","","","","","","","","",""
"2020034499","2004","2","0","0","0","0","0","0","0","0","3","0","","67","4","2020","5","40.032731","-75.091125","2004","6","0","0","0","0","0","0","0","0","","0","0","0","20","4","0","N","0","0","40 01:57.830","","0","75 05:28.050","0","0","0","0","67301","0","0","0","N","0","0","0","1","67301","0","","1.0","","1","N","N","N","0","","0","0","1","0","0","","2004","3","0","1","0","0","0","0","2","0","3","0","0","0","3","03","","N","","","","","","","","","",""
"2020019020","1505","2","0","0","0","0","0","0","0","0","4","0","","67","2","2020","3","39.957059","-75.148977","1505","6","0","0","0","0","0","2","0","0","","0","0","0","13","1","0","","1","1","39 57:25.413","7","2","75 08:56.318","0","0","0","0","67301","0","0","0","N","0","0","0","3","67301","0","","1.0","200.0","1","N","N","N","0","","0","0","0","0","0","N","1300","3","0","0","0","0","0","0","2","1","3","0","0","0","3","03","","N","","","","","","","","","",""
"2020015155","110","1","0","0","0","0","0","0","0","0","7","0","","67","2","2020","7","39.982214","-75.264575","107","6","0","0","0","0","0","0","0","0","","0","0","0","1","3","0","N","0","1","39 58:55.970","6","0","75 15:52.470","0","0","0","0","67301","0","0","0","N","0","0","0","1","67301","0","","4.0","230.0","1","N","N","N","0","","0","0","0","3","2","N","107","1","0","0","0","0","0","0","2","0","1","0","0","0","3","03","","N","","","","","","","","","",""
"2020018667","1409","0","0","0","0","0","0","0","0","0","4","0","","67","2","2020","4","39.904061","-75.240291","1409","6","0","0","0","0","0","1","0","0","","0","0","0","14","1","7","","1","0","39 54:14.619","","0","75 14:25.049","4","0","0","0","67301","0","0","0","N","0","0","0","8","67301","7","","1.0","","1","N","N","N","0","","0","0","1","3","2","","1409","2","7","0","0","0","0","0","2","0","2","0","0","0","3","03","","N","","","","","","","","","",""
"2020044507","2227","2","0","0","0","0","0","0","0","0","5","0","","67","6","2020","6","40.077667","-75.177731","2227","6","0","0","0","1","0","0","0","0","","0","0","0","22","3","0","N","0","0","40 04:39.600","","0","75 10:39.830","0","0","0","0","67301","0","0","0","N","0","0","0","1","67301","0","","9.0","","9","N","N","N","0","","0","0","0","0","0","","2227","2","0","1","0","0","0","0","2","0","2","0","0","0","7","","","N","","","","","","","","","",""
"2020022299","1100","1","0","0","0","0","0","0","0","0","4","0","","67","3","2020","1","39.995034","-75.227631","1052","6","0","0","0","0","0","1","0","0","","0","0","0","10","1","0","","1","0","39 59:42.122","","0","75 13:39.471","0","0","0","0","67301","0","0","0","N","0","0","0","2","67301","0","","1.0","","1","N","N","N","0","","0","0","0","3","3","","1036","2","0","0","0","0","0","0","2","1","2","0","0","0","3","03","","N","","","","","","","","","",""