"CRN","ARRIVAL_TM","AUTOMOBILE_COUNT","BELTED_DEATH_COUNT","BELTED_SUSP_SERIOUS_INJ_COUNT","BICYCLE_COUNT","BICYCLE_DEATH_COUNT","BICYCLE_SUSP_SERIOUS_INJ_COUNT","BUS_COUNT","CHLDPAS_DEATH_COUNT","CHLDPAS_SUSP_SERIOUS_INJ_COUNT","COLLISION_TYPE","COMM_VEH_COUNT","CONS_ZONE_SPD_LIM","COUNTY","CRASH_MONTH","CRASH_YEAR","DAY_OF_WEEK","DEC_LATITUDE","DEC_LONGITUDE","DISPATCH_TM","DISTRICT","DRIVER_COUNT_16YR","DRIVER_COUNT_17YR","DRIVER_COUNT_18YR","DRIVER_COUNT_19YR","DRIVER_COUNT_20YR","DRIVER_COUNT_50_64YR","DRIVER_COUNT_65_74YR","DRIVER_COUNT_75PLUS","EST_HRS_CLOSED","FATAL_COUNT","HEAVY_TRUCK_COUNT","HORSE_BUGGY_COUNT","HOUR_OF_DAY","ILLUMINATION","INJURY_COUNT","INTERSECTION_RELATED","INTERSECT_TYPE","LANE_CLOSED","LATITUDE","LN_CLOSE_DIR","LOCATION_TYPE","LONGITUDE","MAX_SEVERITY_LEVEL","MCYCLE_DEATH_COUNT","MCYCLE_SUSP_SERIOUS_INJ_COUNT","MOTORCYCLE_COUNT","MUNICIPALITY","NONMOTR_COUNT","NONMOTR_DEATH_COUNT","NONMOTR_SUSP_SERIOUS_INJ_COUNT","NTFY_HIWY_MAINT","PED_COUNT","PED_DEATH_COUNT","PED_SUSP_SERIOUS_INJ_COUNT","PERSON_COUNT","POLICE_AGCY","POSSIBLE_INJ_COUNT","RDWY_SURF_TYPE_CD","RELATION_TO_ROAD","ROADWAY_CLEARED","ROAD_CONDITION","SCH_BUS_IND","SCH_ZONE_IND","SECONDARY_CRASH","SMALL_TRUCK_COUNT","SPEC_JURIS_CD","SUSP_MINOR_INJ_COUNT","SUSP_SERIOUS_INJ_COUNT","SUV_COUNT","TCD_FUNC_CD","TCD_TYPE","TFC_DETOUR_IND","TIME_OF_DAY","TOTAL_UNITS","TOT_INJ_COUNT","UNBELTED_OCC_COUNT","UNB_DEATH_COUNT","UNB_SUSP_SERIOUS_INJ_COUNT","UNK_INJ_DEG_COUNT","UNK_INJ_PER_COUNT","URBAN_RURAL","VAN_COUNT","VEHICLE_COUNT","VULNERABLE_ROAD_USER_COUNT","VULNERABLE_ROAD_USER_DEATH_COUNT","VULNERABLE_ROAD_USER_SER_INJ_COUNT","WEATHER1","WEATHER2","WORKERS_PRES","WORK_ZONE_IND","WORK_ZONE_LOC","WORK_ZONE_TYPE","WZ_CLOSE_DETOUR","WZ_FLAGGER","WZ_LAW_OFFCR_IND","WZ_LN_CLOSURE","WZ_MOVING","WZ_OTHER","WZ_SHLDER_MDN","WZ_WORKERS_INJ_KILLED"
"2020065123","2308","1","0","0","0","0","0","0","0","0","4","0","","67","7","2020","5","39.911336","-75.242664","2302","6","0","0","0","0","0","0","0","0","","1","0","0","22","3","2","N","5","0","39 54:40.810","","0","75 14:33.592","1","1","1","1","67301","0","0","0","N","0","0","0","3","67301","0","2","1.0","","1","N","N","N","0","0","1","1","0","3","2","","2249","2","2","1","0","0","0","0","2","0","2","0","0","0","3","03","","N","","","","","","","","","",""
"2020024955","1120","3","0","0","0","0","0","0","0","0","4","0","","67","3","2020","4","39.985854","-75.165321","1117","6","0","0","0","0","0","0","0","0","","0","0","0","11","1","0","","2","1","39 59:09.074","6","0","75 09:55.155","0","0","0","0","67301","0","0","0","N","0","0","0","2","67301","0","","1.0","1230.0","1","N","N","N","0","","0","0","0","3","3","N","1110","4","0","0","0","0","0","0","2","1","4","0","0","0","3","03","","N","","","","","","","","","",""
"2020066280","1233","1","0","0","0","0","0","0","0","0","5","2","","67","8","2020","2","40.035395","-75.017369","1223","6","0","0","0","0","0","0","1","0","","0","2","0","12","1","1","N","0","1","40 02:07.422","1","0","75 01:02.530","8","0","0","0","67301","0","0","0","N","0","0","0","3","68K01","0","","1.0","1304.0","1","N","N","N","0","","0","0","0","3","8","N","1222","3","1","1","0","0","1","0","2","0","3","0","0","0","3","","","N","","","","","","","","","",""
"2020063996","1950","1","0","0","0","0","0","0","0","0","5","0","","67","7","2020","2","39.993933","-75.199317","1944","6","0","0","0","0","0","0","0","0","","0","0","0","19","1","1","N","0","0","39 59:38.157","","0","75 11:57.542","8","0","0","0","67301","0","0","0","N","0","0","0","2","68K01","0","","1.0","","1","N","N","N","0","","0","0","0","0","0","","1942","2","1","0","0","0","1","1","2","0","2","0","0","0","3","","","N","","","","","","","","","",""
"2020019330","1800","0","0","0","0","0","0","0","0","0","7","0","","67","2","2020","5","39.982075","-75.192306","1740","6","0","0","0","0","0","1","0","0","","0","0","0","17","1","0","N","0","0","39 58:55.470","","0","75 11:32.300","0","0","0","0","67301","0","0","0","N","0","0","0","1","67301","0","","2.0","","1","N","N","N","1","","0","0","1","0","0","","1735","2","0","0","0","0","0","0","2","0","2","0","0","0","3","","","N","","","","","","","","","",""
"2020020368","2237","1","0","0","0","0","0","0","0","0","7","0","","67","2","2020","2","40.031127","-75.0217","2212","6","0","0","0","0","0","0","0","0","","0","0","0","22","3","0","N","0","0","40 01:52.056","","0","75 01:18.121","0","0","0","0","67301","0","0","0","N","0","0","0","1","68K01","0","","4.0","","9","N","N","N","0","","0","0","0","0","0","","2206","1","0","0","0","0","0","0","2","0","1","0","0","0","7","07","","N","","","","","","","","","",""
"2020015479","1448","3","0","0","0","0","0","1","0","0","5","1","","67","2","2020","1","40.02924","-75.100828","1432","6","0","0","0","0","0","0","0","0","","0","0","0","14","1","2","N","0","0","40 01:45.263","","0","75 06:02.980","3","0","0","0","67301","0","0","0","N","0","0","0","4","67301","0","","1.0","","1","N","N","N","0","","2","0","0","0","0","","1432","4","2","0","0","0","0","0","2","0","4","0","0","0","3","","","N","","","","","","","","","",""
"2020029292","2004","1","0","0","0","0","0","0","0","0","7","0","","67","2","2020","7","39.942544","-75.193434","1948","6","0","0","0","0","0","0","0","0","","0","0","0","19","3","0","N","0","1","39 56:33.160","4","0","75 11:36.362","0","0","0","0","67301","0","0","0","N","0","0","0","1","68K01","0","","4.0","45.0","1","N","N","N","0","","0","0","0","0","0","N","1946","1","0","0","0","0","0","0","2","0","1","0","0","0","3","","","N","","","","","","","","","",""
"2020034504","2140","1","0","0","0","0","0","0","0","0","4","0","","67","4","2020","5","40.044452","-75.123626","2130","6","0","0","0","0","0","1","0","0","","0","0","0","21","3","0","","1","0","40 02:40.027","","0","75 07:25.053","9","0","0","0","67301","0","0","0","N","0","0","0","2","67301","0","","1.0","","9","N","N","N","0","","0","0","1","9","3","","2100","2","0","0","0","0","0","1","2","0","2","0","0","0","3","","","N","","","","","","","","","",""
"2020018676","2107","2","0","0","0","0","0","0","0","0","1","0","","67","2","2020","5","39.988524","-75.106326","2106","6","0","0","0","0","1","0","0","0","","0","0","0","21","3","1","","1","0","39 59:18.686","","0","75 06:22.773","3","0","0","0","67301","0","0","0","N","0","0","0","2","67301","0","","1.0","","1","N","N","N","0","","1","0","0","3","2","","2106","2","1","0","0","0","0","0","2","0","2","0","0","0","3","03","","N","","","","","","","","","",""
"2020016622","939","1","0","0","0","0","0","0","0","0","4","0","","67","2","2020","4","39.917343","-75.213519","935","6","0","0","0","0","0","1","0","0","","0","0","0","9","1","1","N","0","0","39 55:02.433","","0","75 12:48.669","3","0","0","0","67301","0","0","0","N","0","0","0","2","67301","0","","1.0","","1","N","N","N","0","","1","0","1","0","0","","932","2","1","0","0","0","0","0","2","0","2","0","0","0","3","03","","N","","","","","","","","","",""
"2020016973","1729","2","0","0","0","0","0","0","0","0","1","0","","67","2","2020","4","40.101264","-75.029317","1726","6","0","0","0","0","0","1","1","0","","0","0","0","17","3","0","N","0","1","40 06:04.552","1","0","75 01:45.540","0","0","0","0","67301","0","0","0","N","0","0","0","3","67301","0","","1.0","1930.0","1","N","N","N","0","","0","0","1","0","0","N","1723","4","0","0","0","0","0","0","2","0","3","0","0","0","3","03","","N","","","","","","","","","",""
"2020019483","1355","1","0","0","0","0","0","0","0","0","4","0","","67","2","2020","5","39.996838","-75.15383","1353","6","0","0","0","0","0","0","2","0","","0","0","0","13","1","1","","1","1","39 59:48.618","1","0","75 09:13.788","3","0","0","0","67301","0","0","0","N","0","0","0","5","67301","0","","1.0","208.0","1","N","N","N","0","","1","0","1","3","2","N","1345","2","1","0","0","0","0","0","2","0","2","0","0","0","3","","","N","","","","","","","","","",""
"2020040498","302","1","0","0","0","0","0","0","0","0","4","1","","67","5","2020","4","40.019886","-75.174968","300","6","0","0","0","0","0","0","0","0","","0","1","0","2","3","0","","1","0","40 01:11.588","","0","75 10:29.885","0","0","0","0","67301","0","0","0","N","0","0","0","2","67301","0","","1.0","","1","N","N","N","0","","0","0","0","3","2","","245","2","0","0","0","0","0","0","2","0","2","0","0","0","3","03","","N","","","","","","","","","",""
"2020028845","826","0","0","0","1","0","0","0","0","0","8","0","","67","3","2020","4","39.983348","-75.243128","820","6","0","0","0","0","0","0","0","0","","0","0","0","7","1","1","","3","0","39 59:00.054","","0","75 14:35.261","3","0","0","0","67301","1","0","0","N","0","0","0","2","67301","0","","1.0","","1","N","N","N","0","","1","0","0","9","3","","745","2","1","0","0","0","0","0","2","1","1","1","0","0","3","03","","N","","","","","","","","","",""
"2020019664","1701","0","0","0","0","0","0","0","0","0","5","0","","67","2","2020","6","40.057897","-75.173928","1659","6","0","0","0","0","0","0","0","0","","0","0","0","16","1","1","N","0","0","40 03:28.430","","0","75 10:26.140","8","0","0","0","67301","0","0","0","N","0","0","0","1","67301","0","","6.0","","1","N","N","N","0","","0","0","2","0","0","","1618","2","1","0","0","0","1","0","2","0","2","0","0","0","3","03","","N","","","","","","","","","",""
"2020023885","1226","1","0","0","0","0","0","0","0","0","6","0","","67","3","2020","5","40.033358","-75.130939","1222","6","0","0","0","0","0","0","0","0","","0","0","0","11","1","0","N","0","0","40 02:00.090","","0","75 07:51.380","0","0","0","0","67301","0","0","0","N","0","0","0","1","67301","0","","6.0","","1","N","N","N","0","","0","0","1","0","0","","1118","2","0","0","0","0","0","0","2","0","2","0","0","0","3","03","","N","","","","","","","","","",""
"2020054125","1530","0","0","0","0","0","0","0","0","0","1","1","","67","7","2020","5","39.926628","-75.220419","1524","6","0","0","0","0","1","0","0","0","","0","1","0","14","1","1","N","0","0","39 55:35.860","","0","75 13:13.508","3","0","0","0","67301","0","0","0","N","0","0","0","1","67301","0","","6.0","","1","N","N","N","0","","1","0","1","0","0","","1415","2","1","0","0","0","0","0","2","0","2","0","0","0","3","03","","N","","","","","","","","","",""
"2020027870","1230","1","0","0","0","0","0","0","0","0","8","0","","67","3","2020","4","40.069489","-75.050588","1228","6","0","0","0","0","0","0","0","1","","0","0","0","12","1","1","","1","0","40 04:10.162","","0","75 03:02.117","8","0","0","0","67301","1","0","0","N","1","0","0","2","67301","0","","1.0","","1","N","N","N","0","","0","0","0","9","2","","1225","2","1","0","0","0","1","0","2","0","1","1","0","0","3","03","","N","","","","","","","","","",""
"2020030077","114","2","0","0","0","0","0","0","0","0","6","0","","67","3","2020","1","39.969147","-75.247842","109","6","0","0","0","0","0","0","0","0","","0","0","0","1","3","0","N","0","0","39 58:08.930","","0","75 14:52.230","0","0","0","0","67301","0","0","0","N","0","0","0","1","67301","0","","6.0","","9","N","N","N","1","","0","0","2","0","0","","105","5","0","0","0","0","0","0","2","0","5","0","0","0","7","","","N","","","","","","","","","",""
"2020017294","111","1","0","0","0","0","0","0","0","0","7","0","","67","2","2020","5","40.040119","-75.005947","104","6","0","0","0","1","0","0","0","0","","0","0","0","1","3","0","N","0","0","40 02:24.427","","0","75 00:21.410","0","0","0","0","67301","0","0","0","N","0","0","0","2","68K01","0","","4.0","","9","N","N","N","0","","0","0","0","0","0","","104","1","0","0","0","0","0","0","2","0","1","0","0","0","7","","","N","","","","","","","","","",""
"2020016251","624","1","0","0","0","0","0","0","0","0","8","0","","67","2","2020","3","40.059538","-75.165456","624","6","0","0","0","0","0","0","0","0","","0","0","0","6","3","1","","1","0","40 03:34.337","","0","75 09:55.640","8","0","0","0","67301","1","0","0","N","1","0","0","2","67301","0","","1.0","","9","N","N","N","0","","0","0","0","3","2","","608","2","1","0","0","0","1","1","2","0","1","1","0","0","7","07","","N","","","","","","","","","",""
"2020016250","1559","2","0","0","0","0","0","0","0","0","3","0","","67","2","2020","1","40.024992","-75.213475","1555","6","0","0","0","0","0","0","0","0","","0","0","0","15","1","1","N","0","0","40 01:29.970","","0","75 12:48.510","3","0","0","0","67301","0","0","0","N","0","0","0","2","67301","0","","1.0","","1","N","N","N","0","","1","0","0","0","0","","1550","2","1","1","0","0","0","0","2","0","2","0","0","0","3","","","N","","","","","","","","","",""
"2020016280","1640","0","0","0","0","0","0","0","0","0","4","0","","67","2","2020","3","40.051651","-75.060087","1623","6","0","0","0","0","0","0","0","0","","0","0","0","16","1","1","","2","0","40 03:05.943","","0","75 03:36.313","4","0","0","0","67301","0","0","0","N","0","0","0","3","67301","1","","1.0","","9","N","N","N","0","","0","0","2","3","3","","1615","2","1","1","0","0","0","0","2","0","2","0","0","0","3","03","","N","","","","","","","","","",""
"2020015149","1729","2","0","0","0","0","0","0","0","0","4","0","","67","2","2020","7","40.043012","-75.183518","1725","6","0","0","0","0","0","0","0","0","","0","0","0","17","4","0","","1","0","40 02:34.843","","0","75 11:00.664","9","0","0","0","67301","0","0","0","N","0","0","0","2","67301","0","","1.0","","1","N","N","N","0","","0","0","2","3","3","","1700","4","0","0","0","0","0","1","2","0","4","0","0","0","3","03","","N","","","","","","","","","",""
"2020017018","939","1","0","0","0","0","0","0","0","0","8","0","","67","2","2020","2","39.973904","-75.122717","939","6","0","0","0","0","0","0","1","0","","0","0","0","13","1","1","","1","0","39 58:26.053","","0","75 07:21.780","8","0","0","0","67301","1","0","0","N","1","0","0","2","67301","0","","1.0","","99","N","N","N","0","","0","0","0","3","3","","1330","2","1","0","0","0","1","0","2","0","1","1","0","0","99","","","N","","","","","","","","","",""
"2020022543","2104","1","0","0","0","0","0","0","0","0","7","0","","67","2","2020","2","39.96009","-75.180404","2058","6","0","0","0","0","0","0","0","0","","0","0","0","20","3","0","N","0","2","39 57:36.325","3","0","75 10:49.455","0","0","0","0","67301","0","0","0","N","0","0","0","1","68K01","0","","3.0","2124.0","9","N","N","N","0","","0","0","0","0","0","N","2057","1","0","0","0","0","0","0","2","0","1","0","0","0","7","","","N","","","","","","","","","",""
"2020016753","1818","1","0","0","0","0","0","0","0","0","4","0","","67","2","2020","3","40.015267","-75.198349","1809","6","0","0","0","0","1","1","0","0","","0","0","0","18","3","0","","2","0","40 00:54.961","","0","75 11:54.056","0","0","0","0","67301","0","0","0","N","0","0","0","3","67301","0","","1.0","","9","N","N","N","0","","0","0","2","3","3","","1805","3","0","0","0","0","0","0","2","0","3","0","0","0","3","03","","N","","","","","","","","","",""
"2020022544","2132","3","0","0","0","0","0","0","0","0","1","0","","67","2","2020","2","39.961677","-75.18269","2130","6","0","0","0","0","0","3","0","0","","0","0","0","21","3","1","N","0","2","39 57:42.037","3","0","75 10:57.685","8","0","0","0","67301","0","0","0","N","0","0","0","8","68K01","0","","1.0","1030.0","1","N","N","Y","0","","0","0","4","0","0","N","2123","7","1","0","0","0","1","0","2","0","7","0","0","0","3","","","N","","","","","","","","","",""
"2020018389","908","0","0","0","0","0","0","0","0","0","7","0","","67","2","2020","3","40.132139","-75.009871","845","6","0","0","0","0","0","0","0","0","","0","0","0","8","1","0","N","0","0","40 07:55.701","","0","75 00:35.537","0","0","0","0","67301","0","0","0","N","0","0","0","3","67301","0","","5.0","","1","N","N","N","0","","0","0","1","0","0","","840","1","0","0","0","0","0","0","2","0","1","0","0","0","3","03","","N","","","","","","","","","",""
"2020019667","2010","0","0","0","0","0","0","0","0","0","8","0","","67","2","2020","6","39.970624","-75.16298","2010","6","0","0","0","0","0","0","1","0","","0","0","0","20","3","1","","1","0","39 58:14.246","","0","75 09:46.727","3","0","0","0","67301","1","0","0","N","1","0","0","2","67301","0","","1.0","","1","N","N","N","0","","1","0","1","3","2","","2008","2","1","0","0","0","0","0","2","0","1","1","0","0","3","","","N","","","","","","","","","",""
"2020021603","35","1","0","0","0","0","0","0","0","0","4","0","","67","2","2020","7","40.111362","-75.000906","27","6","0","0","0","1","0","0","0","0","","0","0","0","0","3","2","","3","0","40 06:40.904","","0","75 00:03.263","3","0","0","0","67301","0","0","0","N","0","0","0","4","67301","0","","1.0","","1","N","N","N","0","","2","0","1","3","3","","20","2","2","1","0","0","0","0","2","0","2","0","0","0","3","03","","N","","","","","","","","","",""
"2020024186","1000","1","0","0","0","0","0","0","0","0","1","0","","67","3","2020","6","40.11425","-74.987299","947","6","0","0","0","0","0","2","0","0","","0","0","0","9","1","1","N","0","1","40 06:51.299","1","0","74 59:14.278","3","0","0","0","67301","0","0","0","N","0","0","0","3","67301","0","","1.0","1200.0","1","N","N","N","0","","1","0","1","0","0","N","934","3","1","0","0","0","0","0","2","1","3","0","0","0","4","","","N","","","","","","","","","",""
"2020017820","1705","2","0","0","0","0","0","0","0","0","4","0","","67","2","2020","6","40.038461","-75.036321","1700","6","0","0","0","0","0","2","1","0","","0","0","0","16","1","2","","1","0","40 02:18.460","","0","75 02:10.757","3","0","0","0","67301","0","0","0","N","0","0","0","4","67301","0","","1.0","","1","N","N","Y","0","","2","0","0","3","2","","1655","3","2","0","0","0","0","0","2","1","3","0","0","0","3","03","","N","","","","","","","","","",""
"2020060574","2329","3","0","0","0","0","0","0","0","0","2","0","","67","7","2020","4","40.026588","-75.147351","2329","6","0","0","0","0","0","0","0","0","","0","0","0","22","3","2","N","0","9","40 01:35.715","","0","75 08:50.463","8","0","0","0","67301","0","0","0","N","0","0","0","2","67301","0","","1.0","","1","N","N","N","0","","0","0","0","0","0","U","2240","3","2","0","0","0","2","0","2","0","3","0","0","0","3","03","","N","","","","","","","","","",""
"2020024776","931","0","0","0","1","0","0","0","0","0","8","0","","67","3","2020","2","39.930202","-75.15657","931","6","0","0","0","0","0","0","0","0","","0","0","0","9","1","1","","1","0","39 55:48.726","","0","75 09:23.652","3","0","0","0","67301","1","0","0","N","0","0","0","2","67301","0","","1.0","","1","N","Y","N","0","","1","0","0","3","3","","923","2","1","0","0","0","0","1","2","0","1","1","0","0","3","03","","N","","","","","","","","","",""
"2020016972","1157","0","0","0","0","0","0","0","0","0","7","0","","67","2","2020","4","40.094726","-75.064947","1149","6","0","0","0","0","0","0","0","0","","0","0","0","11","1","1","","2","0","40 05:41.013","","0","75 03:53.809","8","0","0","0","67301","0","0","0","N","0","0","0","1","67301","0","","5.0","","1","N","N","N","0","","0","0","0","0","0","","1149","1","1","0","0","0","1","0","2","1","1","0","0","0","3","03","","N","","","","","","","","","",""
"2020056672","1700","2","0","0","0","0","0","0","0","0","1","0","","67","7","2020","6","40.013561","-75.135503","1655","6","0","0","0","0","1","1","0","0","","0","0","0","16","1","1","N","0","0","40 00:48.820","","0","75 08:07.810","3","0","0","0","67301","0","0","0","N","0","0","0","3","67301","0","","1.0","","1","N","N","N","0","","1","0","1","3","2","","1649","3","1","0","0","0","0","1","2","0","3","0","0","0","3","03","","N","","","","","","","","","",""
"2020059207","1327","0","0","0","0","0","0","0","0","0","7","0","","67","7","2020","1","40.068347","-75.155636","1320","6","0","0","0","0","0","0","0","0","","0","0","0","3","2","0","N","0","0","40 04:06.050","","7","75 09:20.290","9","0","0","0","67301","0","0","0","N","0","0","0","1","67301","0","","5.0","","1","N","N","N","0","","0","0","1","0","0","","300","1","0","0","0","0","0","1","2","0","1","0","0","0","3","03","","N","","","","","","","","","",""
"2020017650","1523","1","0","0","0","0","0","0","0","0","4","0","","67","2","2020","5","39.940126","-75.167053","1521","6","0","0","0","0","0","0","1","0","","0","0","0","14","1","0","","2","1","39 56:24.454","2","0","75 10:01.391","0","0","0","0","67301","0","0","0","N","0","0","0","2","67301","0","","1.0","1600.0","9","N","N","N","0","","0","0","1","3","3","N","1440","2","0","0","0","0","0","0","2","0","2","0","0","0","7","","","N","","","","","","","","","",""
"2020017599","957","1","0","0","0","0","0","0","0","0","8","0","","67","2","2020","6","39.968289","-75.163186","943","6","0","0","0","0","0","0","0","0","","0","0","0","9","1","1","N","0","0","39 58:05.840","","0","75 09:47.470","3","0","0","0","67301","1","0","0","N","1","0","0","2","67301","0","","1.0","","1","N","N","N","0","","1","0","0","3","3","","930","2","1","0","0","0","0","0","2","0","1","1","0","0","3","03","","N","","","","","","","","","",""
"2020017152","901","2","0","0","0","0","0","0","0","0","4","0","","67","2","2020","5","39.993698","-75.139853","858","6","0","0","0","0","0","0","0","0","","0","0","0","8","1","1","","1","0","39 59:37.312","","0","75 08:23.470","3","0","0","0","67301","0","0","0","N","0","0","0","3","67301","0","","1.0","","9","N","N","N","0","","1","0","0","3","2","","853","2","1","0","0","0","0","0","2","0","2","0","0","0","7","","","N","","","","","","","","","",""
"2020017951","2231","1","0","0","0","0","0","0","0","0","7","0","","67","2","2020","4","40.030069","-75.022169","2213","6","0","0","0","0","0","0","0","0","","0","0","0","21","3","0","N","0","2","40 01:48.247","2","0","75 01:19.809","0","0","0","0","67301","0","0","0","N","0","0","0","1","68K01","0","","3.0","2315.0","9","N","N","N","0","","0","0","0","0","0","N","2156","1","0","0","0","0","0","0","2","0","1","0","0","0","7","07","","N","","","","","","","","","",""
"2020016971","1811","0","0","0","0","0","0","0","0","0","8","0","","67","2","2020","3","40.082494","-75.040519","1811","6","0","0","0","0","0","0","0","0","","0","0","0","18","3","1","","2","0","40 04:56.979","","0","75 02:25.870","3","0","0","0","67301","1","0","0","N","1","0","0","2","67301","0","","1.0","","1","N","N","N","0","","1","0","1","3","2","","1808","2","1","0","0","0","0","0","2","0","1","1","0","0","3","","","N","","","","","","","","","",""
"2020051912","1330","1","0","0","0","0","0","1","0","0","1","1","","67","6","2020","5","40.089564","-75.033613","1313","6","0","0","0","0","0","1","0","2","","0","0","0","13","1","0","","2","1","40 05:22.431","2","0","75 02:01.007","0","0","0","0","67301","0","0","0","N","0","0","0","4","67508","0","","1.0","30.0","1","N","N","N","0","","0","0","1","0","0","N","1313","3","0","0","0","0","0","0","2","0","3","0","0","0","3","","","N","","","","","","","","","",""
"2020017326","2106","1","0","0","0","0","0","0","0","0","4","0","","67","2","2020","6","40.033509","-75.093084","2106","6","0","0","0","0","0","0","0","0","","0","0","0","21","3","1","","2","2","40 02:00.632","7","0","75 05:35.102","8","0","0","0","67301","0","0","0","N","0","0","0","3","67301","0","","1.0","2200.0","1","N","N","N","1","","0","0","0","3","3","Y","2106","2","1","0","0","0","1","1","2","0","2","0","0","0","3","","","N","","","","","","","","","",""
"2020017016","1000","0","0","0","0","0","0","0","0","0","5","0","","67","2","2020","1","39.989825","-75.114189","1000","6","0","0","0","0","0","0","0","0","","0","0","0","14","1","0","N","0","0","39 59:23.370","","0","75 06:51.080","0","0","0","0","67301","0","0","0","N","0","0","0","1","67301","0","","6.0","","99","N","N","N","0","","0","0","0","9","9","","1400","2","0","0","0","0","0","0","2","1","2","0","0","0","99","03","","N","","","","","","","","","",""
"2020038547","1555","2","0","0","0","0","0","0","0","0","4","0","","67","5","2020","4","39.9402","-75.198012","1540","6","0","0","0","0","0","0","0","0","","0","0","0","15","1","1","N","0","1","39 56:24.720","1","7","75 11:52.843","3","0","0","0","67301","0","0","0","N","0","0","0","2","67301","0","","1.0","1607.0","1","N","N","N","0","","1","0","0","0","0","N","1528","2","1","0","0","0","0","0","2","0","2","0","0","0","3","03","","N","","","","","","","","","",""
"2020051378","1230","0","0","0","0","0","0","1","0","0","8","1","","67","6","2020","3","40.035778","-75.12542","1215","6","0","0","0","0","0","1","0","0","","0","0","0","12","1","1","N","0","0","40 02:08.801","","0","75 07:31.511","8","0","0","0","67301","1","0","0","N","0","0","0","2","67508","0","","2.0","","1","N","N","N","0","","0","0","0","0","0","N","1215","2","1","0","0","0","1","0","2","0","1","1","0","0","3","","","N","","","","","","","","","",""
"2020023317","1807","1","0","0","1","0","0","0","0","0","8","0","","67","3","2020","2","40.006696","-75.143074","1803","6","0","0","0","0","0","0","0","0","","0","0","0","17","4","1","","1","0","40 00:24.105","","0","75 08:35.066","8","0","0","0","67301","1","0","0","N","0","0","0","2","67301","0","","1.0","","1","N","N","N","0","","0","0","0","3","2","","1755","2","1","0","0","0","1","1","2","0","1","1","0","0","3","03","","N","","","","","","","","","",""
"2020019482","2159","0","0","0","0","0","0","0","0","0","4","0","","67","2","2020","4","40.024314","-75.161267","2151","6","0","0","0","0","0","1","0","0","","0","0","0","12","1","1","","1","0","40 01:27.530","","0","75 09:40.561","3","0","0","0","67301","0","0","0","N","0","0","0","3","67301","0","","1.0","","1","N","N","N","1","","1","0","1","3","3","","1200","2","1","0","0","0","0","0","2","0","2","0","0","0","3","03","","N","","","","","","","","","",""
"2020060228","1101","2","0","0","0","0","0","0","0","0","1","0","","67","7","2020","2","39.958535","-75.167073","1050","6","0","0","0","0","0","0","0","0","","0","0","0","10","1","1","N","0","1","39 57:30.727","4","0","75 10:01.463","3","0","0","0","67301","0","0","0","N","0","0","0","3","68K01","0","","1.0","1145.0","1","N","N","N","0","","1","0","1","0","0","N","1048","3","1","0","0","0","0","1","2","0","3","0","0","0","3","","","N","","","","","","","","","",""
"2020063233","912","0","0","0","0","0","0","0","0","0","7","1","","67","8","2020","3","39.960112","-75.179783","906","6","0","0","0","0","0","0","0","0","","0","1","0","9","1","0","Y","0","2","39 57:36.403","4","0","75 10:47.217","0","0","0","0","67301","0","0","0","N","0","0","0","1","68K01","0","","3.0","1027.0","9","N","N","N","0","","0","0","0","0","0","N","905","1","0","0","0","0","0","0","2","0","1","0","0","0","7","","","N","","","","","","","","","",""
"2020017860","510","0","0","0","0","0","0","0","0","0","7","0","","67","2","2020","1","40.016616","-75.14718","500","6","0","0","0","0","0","0","0","0","","0","0","0","4","3","0","","1","0","40 00:59.817","","0","75 08:49.848","0","0","0","0","67301","0","0","0","N","0","0","0","2","67301","0","","4.0","","1","N","N","N","0","","0","0","1","9","2","","458","1","0","1","0","0","0","0","2","0","1","0","0","0","3","03","","N","","","","","","","","","",""
"2020065198","1917","3","0","0","0","0","0","0","0","0","1","0","","67","8","2020","1","39.958121","-75.163796","1909","6","0","0","0","0","0","0","0","0","","0","0","0","19","1","2","N","0","1","39 57:29.235","3","1","75 09:49.665","3","0","0","0","67301","0","0","0","N","0","0","0","5","68K01","1","","1.0","30.0","1","N","N","N","0","","1","0","0","0","0","N","1906","3","2","0","0","0","0","0","2","0","3","0","0","0","3","","","N","","","","","","","","","",""
"2020017507","950","2","0","0","0","0","0","0","0","0","4","0","","67","2","2020","7","40.129225","-75.024888","935","6","0","0","0","0","0","1","0","0","","0","0","0","9","1","0","","1","0","40 07:45.210","","0","75 01:29.597","0","0","0","0","67301","0","0","0","N","0","0","0","2","67301","0","","1.0","","1","N","N","N","0","","0","0","0","3","2","","935","2","0","0","0","0","0","0","2","0","2","0","0","0","3","03","","N","","","","","","","","","",""
"2020016616","44","1","0","0","0","0","0","0","0","0","6","0","","67","2","2020","1","39.941292","-75.234831","38","6","0","0","0","0","0","0","0","0","","0","0","0","23","3","3","N","0","2","39 56:28.650","5","0","75 14:05.390","3","0","0","0","67301","0","0","0","N","0","0","0","3","67301","0","","1.0","130.0","1","N","N","N","0","","3","0","0","9","9","Y","2344","2","3","0","0","0","0","0","2","1","2","0","0","0","3","03","","N","","","","","","","","","",""