"CRN","ARRIVAL_TM","AUTOMOBILE_COUNT","BELTED_DEATH_COUNT","BELTED_SUSP_SERIOUS_INJ_COUNT","BICYCLE_COUNT","BICYCLE_DEATH_COUNT","BICYCLE_SUSP_SERIOUS_INJ_COUNT","BUS_COUNT","CHLDPAS_DEATH_COUNT","CHLDPAS_SUSP_SERIOUS_INJ_COUNT","COLLISION_TYPE","COMM_VEH_COUNT","CONS_ZONE_SPD_LIM","COUNTY","CRASH_MONTH","CRASH_YEAR","DAY_OF_WEEK","DEC_LATITUDE","DEC_LONGITUDE","DISPATCH_TM","DISTRICT","DRIVER_COUNT_16YR","DRIVER_COUNT_17YR","DRIVER_COUNT_18YR","DRIVER_COUNT_19YR","DRIVER_COUNT_20YR","DRIVER_COUNT_50_64YR","DRIVER_COUNT_65_74YR","DRIVER_COUNT_75PLUS","EST_HRS_CLOSED","FATAL_COUNT","HEAVY_TRUCK_COUNT","HORSE_BUGGY_COUNT","HOUR_OF_DAY","ILLUMINATION","INJURY_COUNT","INTERSECTION_RELATED","INTERSECT_TYPE","LANE_CLOSED","LATITUDE","LN_CLOSE_DIR","LOCATION_TYPE","LONGITUDE","MAX_SEVERITY_LEVEL","MCYCLE_DEATH_COUNT","MCYCLE_SUSP_SERIOUS_INJ_COUNT","MOTORCYCLE_COUNT","MUNICIPALITY","NONMOTR_COUNT","NONMOTR_DEATH_COUNT","NONMOTR_SUSP_SERIOUS_INJ_COUNT","NTFY_HIWY_MAINT","PED_COUNT","PED_DEATH_COUNT","PED_SUSP_SERIOUS_INJ_COUNT","PERSON_COUNT","POLICE_AGCY","POSSIBLE_INJ_COUNT","RDWY_SURF_TYPE_CD","RELATION_TO_ROAD","ROADWAY_CLEARED","ROAD_CONDITION","SCH_BUS_IND","SCH_ZONE_IND","SECONDARY_CRASH","SMALL_TRUCK_COUNT","SPEC_JURIS_CD","SUSP_MINOR_INJ_COUNT","SUSP_SERIOUS_INJ_COUNT","SUV_COUNT","TCD_FUNC_CD","TCD_TYPE","TFC_DETOUR_IND","TIME_OF_DAY","TOTAL_UNITS","TOT_INJ_COUNT","UNBELTED_OCC_COUNT","UNB_DEATH_COUNT","UNB_SUSP_SERIOUS_INJ_COUNT","UNK_INJ_DEG_COUNT","UNK_INJ_PER_COUNT","URBAN_RURAL","VAN_COUNT","VEHICLE_COUNT","VULNERABLE_ROAD_USER_COUNT","VULNERABLE_ROAD_USER_DEATH_COUNT","VULNERABLE_ROAD_USER_SER_INJ_COUNT","WEATHER1","WEATHER2","WORKERS_PRES","WORK_ZONE_IND","WORK_ZONE_LOC","WORK_ZONE_TYPE","WZ_CLOSE_DETOUR","WZ_FLAGGER","WZ_LAW_OFFCR_IND","WZ_LN_CLOSURE","WZ_MOVING","WZ_OTHER","WZ_SHLDER_MDN","WZ_WORKERS_INJ_KILLED"
"2020017019","1720","2","0","0","0","0","0","0","0","0","4","0","","67","2","2020","3","40.033058","-75.124114","1709","6","0","0","0","0","0","0","0","0","","0","0","0","15","1","0","N","0","0","40 01:59.010","","7","75 07:26.810","9","0","0","0","67301","0","0","0","N","0","0","0","3","67301","0","","1.0","","1","N","N","N","0","","0","0","1","0","0","","1525","3","0","0","0","0","0","1","2","0","3","0","0","0","3","03","","N","","","","","","","","","",""
"2020020403","226","1","0","0","0","0","0","0","0","0","7","0","","67","2","2020","6","39.983916","-75.208155","223","6","0","0","0","0","0","0","0","0","","0","0","0","2","3","1","N","0","1","39 59:02.097","4","0","75 12:29.358","8","0","0","0","67301","0","0","0","N","0","0","0","1","68K01","0","","4.0","300.0","1","N","N","N","0","","0","0","0","0","0","N","221","1","1","0","0","0","1","0","2","0","1","0","0","0","3","03","","N","","","","","","","","","",""
"2020024669","638","1","0","0","0","0","0","0","0","0","1","0","","67","3","2020","1","39.989819","-75.250844","635","6","0","0","0","0","0","0","0","0","","0","0","0","6","5","0","","2","1","39 59:23.348","1","0","75 15:03.040","9","0","0","0","67301","0","0","0","N","0","0","0","2","67301","0","","1.0","640.0","1","N","N","N","0","","0","0","1","3","2","N","620","2","0","1","0","0","0","1","2","0","2","0","0","0","3","","","N","","","","","","","","","",""
"2020058963","1034","1","0","0","0","0","0","0","0","0","1","0","","67","7","2020","6","39.958212","-75.165376","1029","6","0","0","0","0","0","1","0","0","","0","0","0","10","1","0","N","0","1","39 57:29.562","4","0","75 09:55.352","0","0","0","0","67301","0","0","0","N","0","0","0","2","68K01","0","","1.0","1120.0","9","N","N","N","1","","0","0","0","0","0","N","1027","2","0","0","0","0","0","0","2","0","2","0","0","0","7","04","","N","","","","","","","","","",""
"2020056216","1635","1","0","0","0","0","0","0","0","0","8","0","","67","7","2020","5","40.037772","-75.139514","1630","6","0","0","0","0","0","0","0","0","","0","0","0","15","1","1","N","0","0","40 02:15.980","","0","75 08:22.250","8","0","0","0","67301","1","0","0","N","1","0","0","2","67301","0","","1.0","","1","N","N","N","0","","0","0","0","3","2","","1555","2","1","0","0","0","1","0","2","0","1","1","0","0","3","03","","N","","","","","","","","","",""
"2020016752","1012","1","0","0","0","0","0","0","0","0","1","0","","67","2","2020","2","40.027353","-75.192483","1012","6","0","0","0","0","0","0","0","0","","0","0","0","1","3","0","N","0","0","40 01:38.470","","0","75 11:32.940","0","0","0","0","67301","0","0","0","N","0","0","0","2","67301","0","","1.0","","9","N","N","N","0","","0","0","1","0","0","","130","2","0","0","0","0","0","0","2","0","2","0","0","0","7","07","","N","","","","","","","","","",""
"2020017821","2332","1","0","0","0","0","0","0","0","0","1","0","","67","2","2020","7","39.945744","-75.20827","2332","6","0","0","0","0","0","1","0","0","","0","0","0","23","3","1","","1","0","39 56:44.678","","0","75 12:29.771","3","0","0","0","67301","0","0","0","N","0","0","0","3","67301","0","","1.0","","1","N","N","N","0","","1","0","0","2","2","","2330","2","1","0","0","0","0","0","2","1","2","0","0","0","3","03","","N","","","","","","","","","",""
"2020020665","1315","1","0","0","0","0","0","0","0","0","4","0","","67","2","2020","7","40.039661","-75.067603","1315","6","0","0","0","0","0","2","0","0","","0","0","0","13","1","1","","1","0","40 02:22.779","","0","75 04:03.370","8","0","0","0","67301","0","0","0","N","0","0","0","5","67301","0","","1.0","","1","N","N","N","0","","0","0","1","3","3","","1315","3","1","0","0","0","1","0","2","1","3","0","0","0","3","03","","N","","","","","","","","","",""
"2020019390","640","2","0","0","0","0","0","0","0","0","4","0","","67","2","2020","5","40.099146","-74.986864","628","6","0","0","0","0","0","1","0","0","","0","0","0","6","1","0","","1","1","40 05:56.927","4","2","74 59:12.712","0","0","0","0","67301","0","0","0","N","0","0","0","2","67301","0","","1.0","648.0","1","N","N","N","0","","0","0","0","3","2","N","615","2","0","0","0","0","0","0","2","0","2","0","0","0","3","03","","N","","","","","","","","","",""
"2020017707","1346","0","0","0","0","0","0","0","0","0","1","0","","67","2","2020","5","40.066736","-75.083983","1343","6","0","0","0","0","0","1","0","0","","0","0","0","13","1","1","","5","0","40 04:00.249","","0","75 05:02.340","8","0","0","0","67301","0","0","0","N","0","0","0","3","67301","0","","1.0","","9","N","N","N","0","","0","0","1","3","2","","1343","2","1","0","0","0","1","0","2","1","2","0","0","0","7","","","N","","","","","","","","","",""
"2020015750","1756","0","0","0","0","0","0","0","0","0","8","0","","67","2","2020","2","39.951743","-75.158313","1755","6","0","0","0","0","0","1","0","0","","0","0","0","17","3","1","","1","0","39 57:06.276","","0","75 09:29.927","8","0","0","0","67301","1","0","0","N","1","0","0","2","67301","0","","1.0","","9","N","N","N","0","","0","0","1","3","2","","1751","2","1","0","0","0","1","0","2","0","1","1","0","0","7","07","","N","","","","","","","","","",""
"2020018666","1334","5","0","0","0","0","0","0","0","0","4","0","","67","2","2020","1","39.942955","-75.231826","1329","6","0","0","0","0","0","1","0","0","","0","0","0","12","1","0","","1","1","39 56:34.638","2","0","75 13:54.573","0","0","0","0","67301","0","0","0","N","0","0","0","3","67301","0","","1.0","1508.0","1","N","N","N","1","","0","0","1","0","0","N","1251","7","0","0","0","0","0","0","2","0","7","0","0","0","3","03","","N","","","","","","","","","",""
"2020058090","212","0","0","0","0","0","0","0","0","0","7","0","","67","7","2020","6","40.023722","-75.132503","208","6","0","0","0","0","0","0","0","0","","1","0","0","0","3","1","N","0","2","40 01:25.399","3","0","75 07:57.012","1","0","0","0","67301","0","0","0","N","0","0","0","2","67301","0","2","4.0","442.0","1","N","N","N","0","0","0","1","1","3","8","Y","8","1","1","1","1","0","0","0","2","0","1","0","0","0","3","03","","N","","","","","","","","","",""
"2020017059","1153","0","0","0","0","0","0","0","0","0","4","0","","67","2","2020","5","40.059114","-75.044722","1149","6","0","0","0","0","0","1","0","0","","0","0","0","11","1","0","","1","2","40 03:32.810","2","0","75 02:40.998","0","0","0","0","67301","0","0","0","N","0","0","0","4","67301","0","","1.0","1250.0","9","N","N","N","1","","0","0","1","3","2","N","1146","2","0","0","0","0","0","0","2","0","2","0","0","0","7","","","N","","","","","","","","","",""
"2020051730","605","0","0","0","0","0","0","0","0","0","5","2","","67","6","2020","6","39.90825","-75.147361","603","6","0","0","0","0","0","0","1","0","","0","1","0","6","1","1","N","0","2","39 54:29.700","3","3","75 08:50.500","3","0","0","0","67301","0","0","0","N","0","0","0","4","67501","0","","1.0","650.0","1","N","N","N","1","","1","0","1","3","2","N","603","3","1","0","0","0","0","1","2","0","3","0","0","0","3","03","","N","","","","","","","","","",""
"2020015809","447","0","0","0","0","0","0","0","0","0","4","0","","67","2","2020","1","40.008621","-75.068836","434","6","0","0","0","0","0","0","0","0","","0","1","0","4","3","1","","1","2","40 00:31.034","7","0","75 04:07.810","3","0","0","0","67301","0","0","0","N","0","0","0","5","67301","0","","1.0","130.0","1","N","N","Y","0","","1","0","2","3","2","Y","434","3","1","0","0","0","0","1","2","0","3","0","0","0","3","","","N","","","","","","","","","",""
"2020017329","1712","2","0","0","0","0","0","0","0","0","1","0","","67","2","2020","6","39.935531","-75.226012","1711","6","0","0","0","0","0","0","0","0","","0","0","0","16","4","1","N","0","0","39 56:07.913","","0","75 13:33.644","3","0","0","0","67301","0","0","0","N","0","0","0","4","67301","0","","1.0","","1","N","N","N","0","","1","0","0","0","0","","1654","2","1","0","0","0","0","0","2","0","2","0","0","0","3","98","","N","","","","","","","","","",""
"2020059027","1250","2","0","0","0","0","0","0","0","0","4","0","","67","7","2020","1","40.050393","-75.153118","1250","6","0","0","0","0","0","0","0","0","","0","0","0","12","1","0","","1","0","40 03:01.414","","0","75 09:11.224","9","0","0","0","67301","0","0","0","N","0","0","0","2","67301","0","","1.0","","1","N","N","N","0","","0","0","0","3","3","","1245","2","0","0","0","0","0","1","2","0","2","0","0","0","3","","","N","","","","","","","","","",""
"2020064425","1539","1","0","0","0","0","0","0","0","0","7","0","","67","7","2020","6","39.877769","-75.251568","1538","6","0","0","0","0","1","0","0","0","","0","0","0","15","1","0","N","0","1","39 52:39.970","1","0","75 15:05.645","0","0","0","0","67301","0","0","0","N","0","0","0","1","68K02","0","","2.0","1615.0","8","N","N","N","0","","0","0","0","0","0","N","1537","1","0","0","0","0","0","0","2","0","1","0","0","0","7","","","N","","","","","","","","","",""
"2020034241","28","1","0","0","0","0","0","0","0","0","7","0","","67","3","2020","7","39.959733","-75.177677","10","6","0","0","0","0","0","0","0","0","","0","0","0","0","3","0","N","0","0","39 57:35.039","","0","75 10:39.637","0","0","0","0","67301","0","0","0","N","0","0","0","1","68K01","0","","4.0","","9","N","N","N","0","","0","0","0","0","0","","15","1","0","0","0","0","0","0","2","0","1","0","0","0","3","","","N","","","","","","","","","",""
"2020059847","650","1","0","0","0","0","0","0","0","0","5","0","","67","7","2020","3","39.991311","-75.086111","643","6","0","0","0","0","0","0","0","0","","0","0","0","6","1","2","N","0","1","39 59:28.718","1","0","75 05:10.000","4","0","0","0","67301","0","0","0","N","0","0","0","2","68K01","2","","1.0","30.0","1","N","N","N","0","","0","0","1","0","0","N","642","2","2","0","0","0","0","0","2","0","2","0","0","0","3","","","N","","","","","","","","","",""
"2020064841","459","0","0","0","0","0","0","0","0","0","1","0","","67","7","2020","3","39.962861","-75.1395","447","6","0","0","0","0","0","0","0","0","","1","0","0","4","3","1","N","7","2","39 57:46.300","2","2","75 08:22.200","1","0","0","0","67301","0","0","0","N","0","0","0","3","68K01","0","2","7.0","135.0","1","N","N","N","1","0","0","1","0","0","0","N","446","2","1","1","1","0","0","0","2","1","2","0","0","0","3","03","","N","","","","","","","","","",""
"2020060514","2056","2","0","0","0","0","0","0","0","0","4","0","","67","7","2020","4","40.06211","-75.021464","2056","6","0","0","0","0","0","0","0","0","","0","0","0","20","3","1","","2","0","40 03:43.597","","0","75 01:17.271","4","0","0","0","67301","0","0","0","N","0","0","0","2","67301","1","","1.0","","1","N","N","N","0","","0","0","0","0","0","","2056","2","1","0","0","0","0","0","2","0","2","0","0","0","3","03","","N","","","","","","","","","",""
"2020056930","1936","2","0","0","0","0","0","0","0","0","4","0","","67","7","2020","6","39.958785","-75.225117","1936","6","0","0","0","0","0","0","0","0","","0","0","0","19","1","0","Y","2","0","39 57:31.626","","0","75 13:30.421","9","0","0","0","67301","0","0","0","N","0","0","0","4","67301","0","","1.0","","1","N","N","N","0","","0","0","0","0","0","","1931","2","0","0","0","0","0","3","2","0","2","0","0","0","3","","","N","","","","","","","","","",""
"2020015482","1908","2","0","0","0","0","0","0","0","0","1","0","","67","2","2020","7","39.991585","-75.136707","1905","6","0","0","0","0","0","1","0","0","","0","0","0","19","3","0","N","0","0","39 59:29.705","","0","75 08:12.144","0","0","0","0","67301","0","0","0","N","0","0","0","4","67301","0","","1.0","","1","N","N","N","0","","0","0","0","3","2","","1905","2","0","0","0","0","0","0","2","0","2","0","0","0","3","03","","N","","","","","","","","","",""
"2020033116","1941","1","0","0","0","0","0","0","0","0","4","0","","67","3","2020","2","39.915514","-75.160788","1941","6","0","0","0","0","0","1","0","0","","0","0","0","19","3","0","","2","0","39 54:55.852","","0","75 09:38.835","0","0","0","0","67301","0","0","0","N","0","0","0","2","67301","0","","1.0","","1","N","N","N","0","","0","0","1","0","0","","1941","2","0","0","0","0","0","0","2","0","2","0","0","0","3","","","N","","","","","","","","","",""
"2020039330","2355","1","0","0","0","0","0","0","0","0","6","0","","67","4","2020","4","39.999846","-75.190595","2349","6","0","0","0","0","1","0","1","0","","0","0","0","23","3","1","N","0","0","39 59:59.446","","0","75 11:26.143","8","0","0","0","67301","0","0","0","N","0","0","0","2","67301","0","","1.0","","1","N","N","N","0","","0","0","1","0","0","","2345","2","1","0","0","0","1","0","2","0","2","0","0","0","4","03","","N","","","","","","","","","",""
"2020042829","1744","1","0","0","0","0","0","0","0","0","1","0","","67","6","2020","2","40.112137","-74.990663","1735","6","0","0","0","0","0","1","0","0","","0","0","0","17","1","1","","1","1","40 06:43.694","1","0","74 59:26.387","8","0","0","0","67301","0","0","0","N","0","0","0","7","67301","0","","1.0","1800.0","1","N","N","N","0","","0","0","1","3","2","N","1730","2","1","0","0","0","1","5","2","0","2","0","0","0","3","03","","N","","","","","","","","","",""
"2020016655","1904","1","0","0","0","0","0","0","0","0","1","0","","67","2","2020","4","40.092024","-75.032199","1904","6","0","0","0","0","0","0","0","0","","0","0","0","18","3","1","N","0","0","40 05:31.285","","0","75 01:55.915","3","0","0","0","67301","0","0","0","N","0","0","0","2","67301","0","","1.0","","8","N","N","N","0","","1","0","1","3","2","","1856","2","1","0","0","0","0","0","2","0","2","0","0","0","7","07","","N","","","","","","","","","",""
"2020021358","1340","2","0","0","0","0","0","0","0","0","1","0","","67","2","2020","7","40.097311","-75.018475","1332","6","0","0","0","0","0","0","0","1","","0","0","0","13","1","1","N","0","0","40 05:50.320","","7","75 01:06.510","8","0","0","0","67301","0","0","0","N","0","0","0","4","67301","0","","1.0","","1","N","N","N","0","","0","0","1","0","0","","1332","3","1","0","0","0","1","0","2","0","3","0","0","0","3","03","","N","","","","","","","","","",""
"2020017597","1920","1","0","0","0","0","0","0","0","0","5","0","","67","2","2020","6","40.062183","-75.046644","1915","6","0","0","0","0","0","0","0","0","","0","0","0","19","3","1","N","0","2","40 03:43.860","6","0","75 02:47.920","3","0","0","0","67301","0","0","0","N","0","0","0","1","67301","0","","6.0","2100.0","1","N","N","N","0","","1","0","1","0","0","Y","1912","2","1","0","0","0","0","0","2","0","2","0","0","0","3","03","","N","","","","","","","","","",""
"2020058153","2252","1","0","0","0","0","0","0","0","0","5","0","","67","7","2020","5","40.001984","-75.078362","2240","6","0","0","0","0","0","0","0","0","","0","0","0","22","3","1","N","0","1","40 00:07.141","1","0","75 04:42.102","8","0","0","0","67301","0","0","0","N","0","0","0","2","68K01","0","","1.0","100.0","1","N","N","N","0","","0","0","0","0","0","N","2232","2","1","0","0","0","1","1","2","0","2","0","0","0","3","","","N","","","","","","","","","",""
"2020058318","1801","1","0","0","0","0","0","0","0","0","8","0","","67","7","2020","4","40.040631","-75.172881","1752","6","0","0","0","0","0","0","0","0","","0","0","0","17","4","1","N","0","0","40 02:26.270","","0","75 10:22.370","8","0","0","0","67301","1","0","0","N","1","0","0","2","67301","0","","1.0","","1","N","N","N","0","","0","0","0","0","0","","1745","2","1","0","0","0","1","0","2","0","1","1","0","0","4","","","N","","","","","","","","","",""
"2020015417","217","0","0","0","0","0","0","0","0","0","8","0","","67","2","2020","1","40.019349","-75.114808","214","6","0","0","0","0","0","0","0","0","","0","0","0","2","3","1","N","0","0","40 01:09.657","","0","75 06:53.307","3","0","0","0","67301","1","0","0","N","1","0","0","2","67301","0","","1.0","","1","N","N","N","1","","1","0","0","0","0","","208","2","1","0","0","0","0","0","2","0","1","1","0","0","3","03","","N","","","","","","","","","",""
"2020027778","252","1","0","0","0","0","0","0","0","0","0","0","","67","2","2020","2","39.979882","-75.105547","240","6","0","0","0","0","0","0","0","0","","0","0","0","2","3","0","N","0","2","39 58:47.575","1","0","75 06:19.969","0","0","0","0","67301","0","0","0","N","0","0","0","1","68K01","0","","1.0","15.0","1","N","N","N","0","","0","0","0","0","0","N","237","1","0","0","0","0","0","0","2","0","1","0","0","0","3","","","N","","","","","","","","","",""
"2020017654","2243","2","0","0","0","0","0","0","0","0","5","0","","67","2","2020","6","39.9925","-75.17975","2243","6","0","0","0","0","0","0","0","0","","0","0","0","22","3","0","N","0","2","39 59:33.000","4","0","75 10:47.100","0","0","0","0","67301","0","0","0","N","0","0","0","1","67301","0","","6.0","2248.0","1","N","N","N","0","","0","0","2","0","0","N","2243","5","0","0","0","0","0","0","2","1","5","0","0","0","3","03","","N","","","","","","","","","",""
"2020057204","1507","1","0","0","0","0","0","0","0","0","2","1","","67","6","2020","4","39.882096","-75.245419","1507","6","0","0","0","0","0","1","0","0","","0","1","0","15","1","1","N","0","2","39 52:55.547","1","0","75 14:43.507","3","0","0","0","67301","0","0","0","N","0","0","0","2","68K01","0","","1.0","1527.0","1","N","N","N","0","","1","0","0","0","0","Y","1507","2","1","0","0","0","0","0","2","0","2","0","0","0","3","03","","N","","","","","","","","","",""
"2020020838","900","0","0","0","0","0","0","0","0","0","4","0","","67","2","2020","7","40.022908","-75.148267","900","6","0","0","0","0","0","0","0","0","","0","0","0","8","5","1","","5","0","40 01:22.470","","0","75 08:53.760","3","0","0","0","67301","0","0","0","N","0","0","0","2","67301","0","","1.0","","1","N","N","N","1","","1","0","0","3","2","","830","2","1","0","0","0","0","0","2","0","2","0","0","0","3","","","N","","","","","","","","","",""
"2020017978","341","1","0","0","0","0","0","0","0","0","7","0","","67","2","2020","1","40.001512","-75.194959","338","6","0","0","0","1","0","0","0","0","","0","0","0","3","3","1","N","0","0","40 00:05.443","","0","75 11:41.852","8","0","0","0","67301","0","0","0","N","0","0","0","2","68K01","0","","4.0","","1","N","N","N","0","","0","0","0","0","0","","337","1","1","0","0","0","1","0","2","0","1","0","0","0","3","","","N","","","","","","","","","",""
"2020022548","828","1","0","0","0","0","0","0","0","0","7","0","","67","2","2020","5","39.942986","-75.143134","810","6","0","0","0","0","0","0","0","1","","0","0","0","8","1","1","N","0","0","39 56:34.751","","0","75 08:35.284","4","0","0","0","67301","0","0","0","N","0","0","0","1","68K01","1","","4.0","","9","N","N","N","0","","0","0","0","0","0","","806","1","1","0","0","0","0","0","2","0","1","0","0","0","7","","","N","","","","","","","","","",""
"2020016344","1220","2","0","0","0","0","0","0","0","0","4","0","","67","2","2020","3","39.974508","-75.148083","1215","6","0","0","0","0","1","0","0","0","","0","0","0","12","1","0","","1","0","39 58:28.228","","0","75 08:53.098","0","0","0","0","67301","0","0","0","N","0","0","0","2","67301","0","","1.0","","9","N","N","N","0","","0","0","0","3","3","","1205","2","0","0","0","0","0","0","2","0","2","0","0","0","7","04","","N","","","","","","","","","",""
"2020015275","1850","1","0","0","0","0","0","0","0","0","1","0","","67","2","2020","7","40.076772","-75.032993","1831","6","0","0","0","0","0","1","0","0","","0","0","0","18","3","1","","1","0","40 04:36.380","","0","75 01:58.776","3","0","0","0","67301","0","0","0","N","0","0","0","2","67301","0","","1.0","","1","N","N","N","0","","1","0","1","3","2","","1830","2","1","0","0","0","0","0","2","0","2","0","0","0","3","03","","N","","","","","","","","","",""
"2020055730","11","2","0","0","0","0","0","0","0","0","6","1","","67","7","2020","3","40.010408","-75.165663","10","6","0","0","0","0","0","1","0","0","","0","1","0","0","3","1","N","0","0","40 00:37.467","","0","75 09:56.388","3","0","0","0","67301","0","0","0","N","0","0","0","3","67301","0","","1.0","","1","N","N","N","0","","1","0","0","0","0","","10","3","1","0","0","0","0","0","2","0","3","0","0","0","3","03","","N","","","","","","","","","",""
"2020064528","1921","1","0","0","0","0","0","0","0","0","4","0","","67","8","2020","3","39.954615","-75.149531","1915","6","0","0","0","0","0","0","0","0","","0","0","0","19","1","0","","1","0","39 57:16.613","","0","75 08:58.311","0","0","0","0","67301","0","0","0","N","0","0","0","2","67301","0","","1.0","","1","N","N","N","0","","0","0","1","3","2","","1906","2","0","0","0","0","0","0","2","0","2","0","0","0","3","03","","N","","","","","","","","","",""
"2020036584","1516","0","0","0","0","0","0","0","0","0","1","0","","67","2","2020","4","40.046027","-75.001978","1437","6","0","0","0","0","0","0","0","0","","0","0","0","14","1","0","N","3","0","40 02:45.698","","2","75 00:07.121","0","0","0","0","67301","0","0","0","N","0","0","0","2","68K01","0","","1.0","","1","N","N","N","0","","0","0","2","3","4","","1410","2","0","0","0","0","0","0","2","0","2","0","0","0","3","","","N","","","","","","","","","",""
"2020016849","1300","1","0","0","0","0","0","0","0","0","8","0","","67","2","2020","2","39.947782","-75.193854","1300","6","0","0","0","0","0","0","0","0","","0","0","0","17","4","1","","2","0","39 56:52.016","","0","75 11:37.876","2","0","0","0","67301","1","0","1","N","1","0","1","2","67301","0","","1.0","","9","N","N","N","0","","0","1","0","9","9","","1715","2","1","0","0","0","0","1","2","0","1","1","0","1","7","07","","N","","","","","","","","","",""
"2020057661","2327","2","0","0","0","0","0","0","0","0","4","0","","67","7","2020","3","39.977255","-75.158096","2327","6","0","0","0","0","0","0","0","0","","0","0","0","23","3","5","","1","1","39 58:38.118","2","0","75 09:29.146","8","0","0","0","67301","0","0","0","N","0","0","0","5","67505","0","","1.0","1220.0","1","N","N","N","0","","0","0","0","3","2","N","2327","2","5","1","0","0","5","0","2","0","2","0","0","0","3","03","","N","","","","","","","","","",""
"2020015806","524","3","0","0","0","0","0","0","0","0","4","0","","67","2","2020","2","40.046411","-75.069551","523","6","0","0","0","0","0","1","0","0","","0","0","0","5","3","1","","1","1","40 02:47.079","4","0","75 04:10.383","3","0","0","0","67301","0","0","0","N","0","0","0","2","67301","0","","1.0","630.0","9","N","N","N","0","","1","0","1","3","3","N","521","4","1","0","0","0","0","1","2","0","4","0","0","0","7","","","N","","","","","","","","","",""
"2020017057","630","2","0","0","0","0","0","0","0","0","5","0","","67","2","2020","5","39.937978","-75.154186","623","6","0","0","0","0","0","0","0","0","","0","0","0","6","5","0","N","0","2","39 56:16.720","6","0","75 09:15.070","0","0","0","0","67301","0","0","0","N","0","0","0","1","67301","0","","6.0","745.0","9","N","N","N","0","","0","0","1","0","0","Y","620","3","0","0","0","0","0","0","2","0","3","0","0","0","7","04","","N","","","","","","","","","",""
"2020057853","1658","0","0","0","0","0","0","0","0","0","4","0","","67","7","2020","3","40.051369","-75.149781","1610","6","0","0","0","0","0","2","0","0","","0","0","0","16","1","9","","2","2","40 03:04.928","5","0","75 08:59.211","3","0","0","0","67301","0","0","0","N","0","0","0","9","67301","7","","1.0","1930.0","1","N","N","N","0","","2","0","1","3","3","N","1607","2","9","7","0","0","0","0","2","1","2","0","0","0","3","03","","N","","","","","","","","","",""
"2020060565","10","1","0","0","0","0","0","0","0","0","4","0","","67","7","2020","1","39.99999","-75.153145","5","6","0","0","0","0","0","1","0","0","","1","0","0","22","3","0","N","1","0","39 59:59.964","","0","75 09:11.322","1","1","0","1","67301","0","0","0","N","0","0","0","2","67301","0","2","1.0","","1","N","N","N","0","0","0","0","0","3","2","","2240","2","0","0","0","0","0","1","2","0","2","0","0","0","3","03","","N","","","","","","","","","",""
"2020069615","2007","1","0","0","0","0","0","0","0","0","4","0","","67","8","2020","6","40.011529","-75.069799","2003","6","0","0","0","0","0","1","0","0","","1","0","0","19","3","2","N","1","1","40 00:41.506","2","0","75 04:11.278","1","1","0","1","67301","0","0","0","N","0","0","0","5","67301","2","2","1.0","2330.0","1","N","N","N","0","0","0","0","0","3","2","N","1959","2","2","0","0","0","0","0","2","0","2","0","0","0","3","","","N","","","","","","","","","",""
"2020027136","359","0","0","0","0","0","0","0","0","0","7","0","","67","3","2020","2","39.97601","-75.195377","353","6","0","0","0","0","0","0","0","0","","0","0","0","3","3","1","N","0","2","39 58:33.635","3","0","75 11:43.356","3","0","0","0","67301","0","0","0","N","0","0","0","1","68K01","0","","5.0","30.0","1","N","N","N","0","","1","0","1","0","0","N","352","1","1","0","0","0","0","0","2","0","1","0","0","0","3","","","N","","","","","","","","","",""
"2020033724","1502","2","0","0","0","0","0","0","0","0","7","0","","67","3","2020","4","39.974103","-75.118294","1500","6","0","0","0","0","0","0","0","0","","0","0","0","14","1","0","N","0","1","39 58:26.769","2","0","75 07:05.857","0","0","0","0","67301","0","0","0","N","0","0","0","4","68K01","0","","3.0","30.0","9","N","N","N","0","","0","0","0","0","0","N","1448","2","0","0","0","0","0","0","2","0","2","0","0","0","4","07","","N","","","","","","","","","",""
"2020028242","2130","0","0","0","0","0","0","0","0","0","7","0","","67","3","2020","4","39.979247","-75.217399","2125","6","0","0","0","0","0","0","1","0","","0","0","0","21","3","1","N","0","0","39 58:45.288","","0","75 13:02.636","4","0","0","0","67301","0","0","0","N","0","0","0","1","67301","1","","2.0","","1","N","N","N","0","","0","0","1","0","0","","2116","1","1","0","0","0","0","0","2","0","1","0","0","0","3","03","","N","","","","","","","","","",""
"2020026989","633","0","0","0","0","0","0","0","0","0","7","0","","67","3","2020","7","40.10615","-74.986092","623","6","0","0","0","0","0","0","0","0","","0","0","0","6","5","1","N","0","2","40 06:22.140","4","0","74 59:09.930","4","0","0","0","67301","0","0","0","N","0","0","0","1","67301","1","","4.0","633.0","1","N","N","N","1","","0","0","0","0","0","Y","615","1","1","0","0","0","0","0","2","0","1","0","0","0","3","98","","N","","","","","","","","","",""
"2020024346","1816","1","0","0","0","0","0","0","0","0","8","0","","67","3","2020","6","39.934656","-75.232705","1815","6","0","0","0","0","0","0","0","0","","0","0","0","18","3","2","","1","0","39 56:04.761","","0","75 13:57.737","3","0","0","0","67301","2","0","0","N","2","0","0","3","67301","0","","1.0","","9","N","N","N","0","","1","0","0","3","2","","1815","3","2","0","0","0","1","0","2","0","1","2","0","0","7","","","N","","","","","","","","","",""