"CRN","ARRIVAL_TM","AUTOMOBILE_COUNT","BELTED_DEATH_COUNT","BELTED_SUSP_SERIOUS_INJ_COUNT","BICYCLE_COUNT","BICYCLE_DEATH_COUNT","BICYCLE_SUSP_SERIOUS_INJ_COUNT","BUS_COUNT","CHLDPAS_DEATH_COUNT","CHLDPAS_SUSP_SERIOUS_INJ_COUNT","COLLISION_TYPE","COMM_VEH_COUNT","CONS_ZONE_SPD_LIM","COUNTY","CRASH_MONTH","CRASH_YEAR","DAY_OF_WEEK","DEC_LATITUDE","DEC_LONGITUDE","DISPATCH_TM","DISTRICT","DRIVER_COUNT_16YR","DRIVER_COUNT_17YR","DRIVER_COUNT_18YR","DRIVER_COUNT_19YR","DRIVER_COUNT_20YR","DRIVER_COUNT_50_64YR","DRIVER_COUNT_65_74YR","DRIVER_COUNT_75PLUS","EST_HRS_CLOSED","FATAL_COUNT","HEAVY_TRUCK_COUNT","HORSE_BUGGY_COUNT","HOUR_OF_DAY","ILLUMINATION","INJURY_COUNT","INTERSECTION_RELATED","INTERSECT_TYPE","LANE_CLOSED","LATITUDE","LN_CLOSE_DIR","LOCATION_TYPE","LONGITUDE","MAX_SEVERITY_LEVEL","MCYCLE_DEATH_COUNT","MCYCLE_SUSP_SERIOUS_INJ_COUNT","MOTORCYCLE_COUNT","MUNICIPALITY","NONMOTR_COUNT","NONMOTR_DEATH_COUNT","NONMOTR_SUSP_SERIOUS_INJ_COUNT","NTFY_HIWY_MAINT","PED_COUNT","PED_DEATH_COUNT","PED_SUSP_SERIOUS_INJ_COUNT","PERSON_COUNT","POLICE_AGCY","POSSIBLE_INJ_COUNT","RDWY_SURF_TYPE_CD","RELATION_TO_ROAD","ROADWAY_CLEARED","ROAD_CONDITION","SCH_BUS_IND","SCH_ZONE_IND","SECONDARY_CRASH","SMALL_TRUCK_COUNT","SPEC_JURIS_CD","SUSP_MINOR_INJ_COUNT","SUSP_SERIOUS_INJ_COUNT","SUV_COUNT","TCD_FUNC_CD","TCD_TYPE","TFC_DETOUR_IND","TIME_OF_DAY","TOTAL_UNITS","TOT_INJ_COUNT","UNBELTED_OCC_COUNT","UNB_DEATH_COUNT","UNB_SUSP_SERIOUS_INJ_COUNT","UNK_INJ_DEG_COUNT","UNK_INJ_PER_COUNT","URBAN_RURAL","VAN_COUNT","VEHICLE_COUNT","VULNERABLE_ROAD_USER_COUNT","VULNERABLE_ROAD_USER_DEATH_COUNT","VULNERABLE_ROAD_USER_SER_INJ_COUNT","WEATHER1","WEATHER2","WORKERS_PRES","WORK_ZONE_IND","WORK_ZONE_LOC","WORK_ZONE_TYPE","WZ_CLOSE_DETOUR","WZ_FLAGGER","WZ_LAW_OFFCR_IND","WZ_LN_CLOSURE","WZ_MOVING","WZ_OTHER","WZ_SHLDER_MDN","WZ_WORKERS_INJ_KILLED"
"2020017409","1015","0","0","0","0","0","0","0","0","0","8","0","","67","2","2020","6","40.037089","-75.228856","1013","6","0","0","0","0","0","0","0","0","","0","0","0","10","1","1","N","0","0","40 02:13.520","","0","75 13:43.880","3","0","0","0","67301","1","0","0","N","1","0","0","2","67301","0","","1.0","","1","N","N","N","1","","1","0","0","0","0","","1012","2","1","1","0","0","0","0","2","0","1","1","0","0","3","03","","N","","","","","","","","","",""
"2020041236","706","2","0","0","0","0","0","0","0","0","4","0","","67","5","2020","6","40.019639","-75.073373","626","6","0","0","0","0","0","1","0","0","","0","0","0","5","1","1","","1","0","40 01:10.699","","0","75 04:24.144","8","0","0","0","67301","0","0","0","N","0","0","0","3","67301","0","","1.0","","1","N","N","N","0","","0","0","0","2","2","","535","2","1","1","0","0","1","0","2","0","2","0","0","0","3","","","N","","","","","","","","","",""
"2020015604","2345","2","0","0","0","0","0","0","0","0","1","0","","67","2","2020","1","40.0488","-75.024761","2340","6","0","0","0","0","0","0","0","0","","0","0","0","23","3","0","N","0","0","40 02:55.680","","0","75 01:29.140","0","0","0","0","67301","0","0","0","N","0","0","0","1","67301","0","","6.0","","1","N","N","N","0","","0","0","1","9","4","","2335","3","0","0","0","0","0","0","2","0","3","0","0","0","3","03","","N","","","","","","","","","",""
"2020016656","1030","3","0","0","0","0","0","0","0","0","1","0","","67","2","2020","4","40.059531","-75.028061","1027","6","0","0","0","0","0","0","0","0","","0","0","0","10","1","0","N","0","1","40 03:34.310","3","0","75 01:41.020","0","0","0","0","67301","0","0","0","N","0","0","0","1","67301","0","","6.0","1130.0","1","N","Y","N","0","","0","0","0","0","0","N","1020","3","0","1","0","0","0","0","2","0","3","0","0","0","3","03","","N","","","","","","","","","",""
"2020022634","1649","1","0","0","0","0","0","0","0","0","4","0","","67","2","2020","4","39.990683","-75.141864","1649","6","0","0","0","0","0","2","0","0","","0","0","0","16","1","1","","1","0","39 59:26.458","","0","75 08:30.710","8","0","0","0","67301","0","0","0","N","0","0","0","3","67301","0","","1.0","","1","N","N","N","1","","0","0","0","9","3","","1635","2","1","1","0","0","1","0","2","0","2","0","0","0","3","03","","N","","","","","","","","","",""
"2020056644","1300","1","0","0","0","0","0","0","0","0","4","0","","67","7","2020","5","40.045593","-75.071436","1254","6","0","0","0","0","1","1","0","0","","0","0","0","12","1","0","","1","1","40 02:44.136","3","0","75 04:17.168","9","0","0","0","67301","0","0","0","N","0","0","0","4","67301","0","","1.0","1300.0","1","N","N","N","0","","0","0","1","3","3","N","1245","2","0","0","0","0","0","3","2","0","2","0","0","0","3","03","","N","","","","","","","","","",""
"2020016628","206","2","0","0","0","0","0","0","0","0","6","0","","67","2","2020","4","39.996715","-75.115443","206","6","0","0","0","0","0","2","0","0","","0","0","0","2","3","2","N","0","2","39 59:48.173","6","0","75 06:55.595","3","0","0","0","67301","0","0","0","N","0","0","0","3","67301","0","","1.0","400.0","1","N","N","N","1","","2","0","1","3","2","Y","205","5","2","3","0","0","0","0","2","1","5","0","0","0","3","","","N","","","","","","","","","",""
"2020015273","2310","1","0","0","0","0","0","0","0","0","8","0","","67","2","2020","7","40.102319","-75.02855","2307","6","0","0","0","0","0","0","0","0","","0","0","0","23","3","1","N","0","0","40 06:08.350","","7","75 01:42.780","4","0","0","0","67301","1","0","0","N","1","0","0","2","67301","1","","1.0","","1","N","N","N","0","","0","0","0","0","0","","2303","2","1","0","0","0","0","0","2","0","1","1","0","0","3","03","","N","","","","","","","","","",""
"2020017362","30","1","0","0","0","0","0","0","0","0","4","0","","67","2","2020","5","39.96089","-75.143382","26","6","0","0","0","0","0","0","0","0","","0","0","0","0","3","0","","1","0","39 57:39.204","","0","75 08:36.176","0","0","0","0","67301","0","0","0","N","0","0","0","3","67301","0","","1.0","","9","N","N","N","0","","0","0","1","3","2","","23","2","0","0","0","0","0","0","2","0","2","0","0","0","7","07","","N","","","","","","","","","",""
"2020017595","2355","0","0","0","0","0","0","0","0","0","4","0","","67","2","2020","6","40.061916","-75.083443","2350","6","0","0","0","0","0","0","0","0","","0","0","0","23","3","4","","2","0","40 03:42.896","","0","75 05:00.396","3","0","0","0","67301","0","0","0","N","0","0","0","5","67301","1","","1.0","","1","N","N","N","0","","3","0","0","3","3","","2310","2","4","0","0","0","0","0","2","2","2","0","0","0","3","03","","N","","","","","","","","","",""
"2020058966","1227","2","0","0","0","0","0","0","0","0","1","0","","67","7","2020","6","39.960018","-75.178949","1214","6","0","0","0","0","0","1","0","0","","0","0","0","12","1","0","N","0","0","39 57:36.064","","0","75 10:44.216","0","0","0","0","67301","0","0","0","N","0","0","0","5","68K01","0","","1.0","","9","N","N","N","0","","0","0","1","0","0","","1212","3","0","0","0","0","0","0","2","0","3","0","0","0","7","04","","N","","","","","","","","","",""
"2020024192","1255","1","0","0","0","0","0","0","0","0","4","0","","67","3","2020","6","40.053585","-75.141452","1254","6","0","0","0","0","0","0","0","0","","0","0","0","12","1","0","","1","1","40 03:12.905","4","0","75 08:29.228","9","0","0","0","67301","0","0","0","N","0","0","0","2","67301","0","","1.0","1305.0","9","N","N","N","0","","0","0","1","3","2","N","1245","2","0","0","0","0","0","2","2","0","2","0","0","0","7","","","N","","","","","","","","","",""
"2020025626","1645","0","0","0","0","0","0","0","0","0","8","0","","67","3","2020","4","40.029253","-75.089966","1640","6","0","0","0","1","0","0","0","0","","0","0","0","15","1","1","","1","0","40 01:45.310","","0","75 05:23.878","2","0","0","0","67301","1","0","1","N","1","0","1","2","67301","0","","1.0","","1","N","N","N","0","","0","1","0","0","0","","1504","2","1","0","0","0","0","0","2","1","1","1","0","1","3","03","","N","","","","","","","","","",""
"2020025186","1524","0","0","0","0","0","0","0","0","0","1","0","","67","3","2020","2","39.962631","-75.139179","1524","6","0","0","0","0","0","0","0","0","","0","0","0","15","1","0","N","0","0","39 57:45.472","","0","75 08:21.043","0","0","0","0","67301","0","0","0","N","0","0","0","2","68K01","0","","1.0","","1","N","N","N","1","","0","0","1","0","0","","1506","2","0","0","0","0","0","0","2","0","2","0","0","0","3","","","N","","","","","","","","","",""
"2020025632","926","2","0","0","0","0","0","0","0","0","4","0","","67","3","2020","4","","","920","6","0","0","0","0","0","0","0","0","","0","0","0","9","1","1","","1","0","","","99","","3","0","0","0","67301","0","0","0","N","0","0","0","2","67301","0","","1.0","","1","N","N","N","0","","1","0","0","0","0","","910","2","1","0","0","0","0","0","1","0","2","0","0","0","3","03","","N","","","","","","","","","",""
"2020069305","843","0","0","0","0","0","0","0","0","0","5","0","","67","8","2020","5","39.900106","-75.158802","824","6","0","0","0","0","0","0","0","0","","0","0","0","8","1","0","N","0","0","39 54:00.383","","0","75 09:31.686","0","0","0","0","67301","0","0","0","N","0","0","0","1","68K01","0","","4.0","","9","N","N","N","0","","0","0","1","3","8","","821","1","0","0","0","0","0","0","2","0","1","0","0","0","7","04","","N","","","","","","","","","",""
"2020011435","52","1","0","0","0","0","0","0","0","0","4","0","","67","1","2020","2","40.027194","-75.151242","52","6","0","0","0","0","0","1","0","0","","0","0","0","0","3","2","","1","0","40 01:37.898","","0","75 09:04.471","8","0","0","0","67301","0","0","0","N","0","0","0","3","67301","0","","1.0","","1","N","N","N","0","","0","0","1","3","2","","50","2","2","0","0","0","2","0","2","0","2","0","0","0","3","03","","N","","","","","","","","","",""
"2020015810","745","2","0","0","0","0","0","0","0","0","4","0","","67","2","2020","2","39.968836","-75.24543","745","6","0","0","0","0","0","0","0","0","","0","0","0","7","3","1","","1","0","39 58:07.811","","0","75 14:43.548","3","0","0","0","67301","0","0","0","N","0","0","0","2","67301","0","","1.0","","9","N","N","N","0","","1","0","0","3","2","","745","2","1","0","0","0","0","0","2","0","2","0","0","0","7","07","","N","","","","","","","","","",""
"2020017146","2150","0","0","0","0","0","0","0","0","0","5","0","","67","2","2020","3","39.901936","-75.165142","2150","6","0","0","0","0","0","0","0","0","","0","0","0","21","3","1","N","0","0","39 54:06.970","","0","75 09:54.510","3","0","0","0","67301","0","0","0","N","0","0","0","1","67301","0","","6.0","","1","N","N","N","0","","1","0","4","0","0","","2147","4","1","0","0","0","0","0","2","0","4","0","0","0","3","03","","N","","","","","","","","","",""
"2020017328","1610","2","0","0","0","0","0","0","0","0","1","0","","67","2","2020","6","39.885164","-75.250086","1603","6","0","0","0","0","0","1","0","0","","0","0","0","16","1","3","N","0","0","39 53:06.592","","0","75 15:00.311","3","0","0","0","67301","0","0","0","N","0","0","0","3","67301","0","","1.0","","1","N","N","N","0","","3","0","0","0","0","","1600","2","3","0","0","0","0","0","2","0","2","0","0","0","3","03","","N","","","","","","","","","",""
"2020019224","1045","1","0","0","0","0","0","0","0","0","4","0","","67","2","2020","3","39.95774","-75.162761","952","6","0","0","0","0","0","0","0","0","","0","0","0","9","1","1","Y","0","0","39 57:27.865","","0","75 09:45.939","3","0","0","0","67301","0","0","0","N","0","0","0","3","67301","0","","1.0","","1","N","N","N","0","","1","0","1","3","2","","951","2","1","0","0","0","0","0","2","0","2","0","0","0","3","03","","N","","","","","","","","","",""
"2020015808","1810","1","0","0","0","0","0","0","0","0","8","0","","67","2","2020","2","40.062435","-75.155264","1800","6","0","0","0","0","0","0","0","0","","0","0","0","17","3","1","","1","0","40 03:44.765","","0","75 09:18.950","4","0","0","0","67301","1","0","0","N","1","0","0","2","67301","1","","1.0","","9","N","N","N","0","","0","0","0","3","2","","1755","2","1","0","0","0","0","0","2","0","1","1","0","0","7","","","N","","","","","","","","","",""
"2020028158","1440","1","0","0","0","0","0","0","0","0","1","0","","67","2","2020","2","39.957027","-75.152412","1438","6","0","0","0","0","0","0","0","0","","0","0","0","14","1","0","N","0","1","39 57:25.297","3","0","75 09:08.682","9","0","0","0","67301","0","0","0","N","0","0","0","5","68K01","0","","1.0","1530.0","9","N","N","N","1","","0","0","0","3","8","N","1431","3","0","1","0","0","0","1","2","0","3","0","0","0","7","04","","N","","","","","","","","","",""
"2020015772","1840","2","0","0","0","0","0","0","0","0","4","0","","67","2","2020","2","39.990328","-75.240679","1830","6","0","0","0","0","1","0","0","0","","0","0","0","18","3","0","","1","0","39 59:25.180","","0","75 14:26.444","0","0","0","0","67301","0","0","0","N","0","0","0","2","67301","0","","1.0","","9","N","N","N","0","","0","0","0","0","0","","1825","2","0","0","0","0","0","0","2","0","2","0","0","0","7","07","","N","","","","","","","","","",""
"2020015151","1035","1","0","0","0","0","0","0","0","0","7","0","","67","2","2020","7","40.012504","-75.087545","1031","6","0","0","0","0","0","0","0","0","","0","0","0","10","1","0","","1","0","40 00:45.016","","0","75 05:15.162","0","0","0","0","67301","0","0","0","N","0","0","0","1","67301","0","","3.0","","1","N","N","N","0","","0","0","0","3","2","","1020","1","0","0","0","0","0","0","2","0","1","0","0","0","3","03","","N","","","","","","","","","",""
"2020022547","2209","1","0","0","0","0","0","0","0","0","7","0","","67","2","2020","4","39.957091","-75.155984","2201","6","0","0","0","0","0","0","0","0","","0","0","0","21","3","1","N","0","2","39 57:25.529","6","0","75 09:21.543","8","0","0","0","67301","0","0","0","N","0","0","0","2","68K01","0","","4.0","2254.0","9","N","N","N","0","","0","0","0","0","0","N","2158","1","1","0","0","0","1","0","2","0","1","0","0","0","7","","","N","","","","","","","","","",""
"2020053363","316","1","0","0","0","0","0","0","0","0","4","1","","67","7","2020","2","40.016906","-75.151603","309","6","0","0","1","0","0","0","0","0","","0","1","0","3","3","1","N","0","0","40 01:00.861","","0","75 09:05.772","3","0","0","0","67301","0","0","0","N","0","0","0","1","67301","0","","1.0","","1","N","N","N","1","","1","0","0","3","2","","308","3","1","1","0","0","0","0","2","0","3","0","0","0","3","03","","N","","","","","","","","","",""
"2020018809","815","0","0","0","0","0","0","0","0","0","8","0","","67","2","2020","4","39.920772","-75.151597","804","6","0","0","0","0","0","0","0","0","","0","0","0","7","1","1","","1","0","39 55:14.779","","0","75 09:05.749","8","0","0","0","67301","1","0","0","N","1","0","0","2","67301","0","","1.0","","1","N","N","N","0","","0","0","0","0","0","","725","2","1","0","0","0","1","0","2","1","1","1","0","0","3","03","","N","","","","","","","","","",""
"2020018813","1830","3","0","0","0","0","0","0","0","0","4","0","","67","2","2020","2","40.043229","-75.180874","1823","6","0","0","0","0","0","0","1","1","","0","0","0","18","3","1","","1","0","40 02:35.626","","0","75 10:51.146","3","0","0","0","67301","0","0","0","N","0","0","0","5","67301","0","","1.0","","1","N","N","N","0","","1","0","0","3","2","","1822","4","1","0","0","0","0","0","2","0","4","0","0","0","3","03","","N","","","","","","","","","",""
"2020031551","1245","1","0","0","0","0","0","0","0","0","4","1","","67","4","2020","2","40.004675","-75.17691","1245","6","0","0","0","0","1","0","0","0","","0","1","0","12","1","1","","1","0","40 00:16.831","","0","75 10:36.876","3","0","0","0","67301","0","0","0","N","0","0","0","2","67301","0","","1.0","","1","N","N","N","0","","1","0","0","3","2","","1238","2","1","2","0","0","0","0","2","0","2","0","0","0","3","03","","N","","","","","","","","","",""
"2020025551","2130","1","0","0","0","0","0","0","0","0","1","0","","67","3","2020","1","39.952328","-75.248915","2121","6","0","0","0","0","0","0","0","0","","0","0","0","21","3","3","N","0","0","39 57:08.381","","0","75 14:56.093","4","0","0","0","67301","0","0","0","N","0","0","0","5","67301","3","","1.0","","1","N","N","N","0","","0","0","1","0","0","","2115","2","3","0","0","0","0","0","2","0","2","0","0","0","3","03","","N","","","","","","","","","",""
"2020024893","1710","0","0","0","0","0","0","0","0","0","8","0","","67","3","2020","2","40.082944","-74.988478","1704","6","0","0","0","0","0","0","0","0","","0","0","0","17","1","1","","2","0","40 04:58.598","","0","74 59:18.520","3","0","0","0","67301","1","0","0","N","1","0","0","2","67301","0","","1.0","","1","N","N","N","0","","1","0","0","0","0","","1700","2","1","0","0","0","0","1","2","0","1","1","0","0","3","03","","N","","","","","","","","","",""
"2020023215","535","5","0","0","0","0","0","0","0","0","6","0","","67","2","2020","7","39.982158","-75.107939","535","6","0","0","0","0","0","0","0","0","","0","0","0","5","3","0","N","0","0","39 58:55.770","","0","75 06:28.580","9","0","0","0","67301","0","0","0","N","0","0","0","1","67301","0","","6.0","","1","N","N","Y","0","","0","0","1","0","0","","535","6","0","1","0","0","0","1","2","0","6","0","0","0","3","03","","N","","","","","","","","","",""
"2020028422","1522","0","0","0","0","0","0","0","0","0","7","0","","67","3","2020","3","39.945904","-75.142529","1511","6","0","0","0","0","0","0","0","0","","0","0","0","15","1","4","N","0","2","39 56:45.253","2","0","75 08:33.103","3","0","0","0","67301","0","0","0","N","0","0","0","5","68K01","2","","4.0","1610.0","9","N","N","N","0","","2","0","0","0","0","N","1507","1","4","2","0","0","0","0","2","1","1","0","0","0","7","07","","N","","","","","","","","","",""
"2020042587","1230","1","0","0","0","0","0","0","0","0","6","0","","67","5","2020","1","39.97186","-75.244901","1230","6","0","0","0","0","0","0","1","0","","0","0","0","19","4","1","","1","0","39 58:18.695","","0","75 14:41.643","8","0","0","0","67301","0","0","0","N","0","0","0","2","67301","0","","1.0","","1","N","N","N","0","","0","0","1","3","2","","1930","2","1","0","0","0","1","0","2","0","2","0","0","0","3","03","","N","","","","","","","","","",""
"2020023496","138","1","0","0","0","0","0","0","0","0","4","0","","67","3","2020","4","39.949826","-75.161956","135","6","0","0","0","0","0","0","0","0","","0","0","0","1","3","1","","1","1","39 56:59.372","7","0","75 09:43.043","8","0","0","0","67301","0","0","0","N","0","0","0","2","67301","0","","1.0","329.0","1","N","N","N","0","","0","0","1","9","2","N","135","2","1","0","0","0","1","0","2","0","2","0","0","0","3","03","","N","","","","","","","","","",""
"2020060201","1135","1","0","0","0","0","0","0","0","0","4","0","","67","7","2020","6","39.941521","-75.143394","1117","6","0","0","0","0","0","0","0","0","","0","0","0","11","1","0","N","0","2","39 56:29.474","2","0","75 08:36.218","0","0","0","0","67301","0","0","0","N","0","0","0","2","68K01","0","","3.0","30.0","9","N","N","N","1","","0","0","0","0","0","N","1114","2","0","0","0","0","0","0","2","0","2","0","0","0","7","","","N","","","","","","","","","",""
"2020060510","1718","1","0","0","0","0","0","0","0","0","8","0","","67","7","2020","3","39.930106","-75.155878","1713","6","0","0","0","1","0","0","0","0","","0","0","0","17","1","1","N","0","0","39 55:48.380","","0","75 09:21.160","8","0","0","0","67301","1","0","0","N","1","0","0","2","67301","0","","6.0","","1","N","N","N","0","","0","0","0","0","0","","1713","2","1","1","0","0","1","0","2","0","1","1","0","0","3","","","N","","","","","","","","","",""
"2020023500","103","1","0","0","0","0","0","0","0","0","4","0","","67","3","2020","5","40.050494","-75.155453","100","6","0","0","0","0","0","0","0","0","","0","0","0","1","3","1","","1","2","40 03:01.778","7","0","75 09:19.630","3","0","0","0","67301","0","0","0","N","0","0","0","4","67301","0","","1.0","145.0","1","N","N","N","0","","1","0","1","3","3","Y","100","3","1","0","0","0","0","1","2","1","3","0","0","0","3","03","","N","","","","","","","","","",""
"2020059297","1800","0","0","0","0","0","0","0","0","0","5","0","","67","7","2020","1","40.025039","-75.078972","1755","6","0","0","0","0","0","0","0","0","","0","0","0","17","1","0","N","0","2","40 01:30.140","5","0","75 04:44.300","9","0","0","0","67301","0","0","0","N","0","0","0","4","67301","0","","6.0","1825.0","1","N","N","N","0","","0","0","2","0","0","Y","1750","2","0","0","0","0","0","1","2","0","2","0","0","0","3","03","","N","","","","","","","","","",""
"2020064535","1740","2","0","0","0","0","0","0","0","0","5","0","","67","8","2020","2","39.991836","-75.138655","1735","6","0","0","0","0","0","0","0","0","","0","0","0","17","1","0","N","0","0","39 59:30.610","","0","75 08:19.159","0","0","0","0","67301","0","0","0","N","0","0","0","6","67301","0","","1.0","","1","N","N","N","1","","0","0","1","0","0","","1720","4","0","4","0","0","0","0","2","0","4","0","0","0","3","03","","N","","","","","","","","","",""
"2020029296","1724","0","0","0","0","0","0","0","0","0","1","0","","67","2","2020","2","39.958763","-75.168883","1717","6","0","0","0","0","0","1","0","0","","0","0","0","17","3","2","N","0","2","39 57:31.546","4","0","75 10:07.979","3","0","0","0","67301","0","0","0","N","0","0","0","7","68K01","1","","1.0","45.0","1","N","N","N","0","","1","0","2","0","0","N","1712","2","2","0","0","0","0","0","2","0","2","0","0","0","3","","","N","","","","","","","","","",""
"2020026176","1830","1","0","0","0","0","0","0","0","0","4","0","","67","3","2020","7","39.916139","-75.225806","1818","6","0","0","0","1","0","0","0","0","","0","0","0","17","3","2","","2","0","39 54:58.100","","0","75 13:32.900","3","0","0","0","67301","0","0","0","N","0","0","0","3","67301","0","","1.0","","1","N","N","N","0","","2","0","1","3","4","","1750","2","2","0","0","0","0","0","2","0","2","0","0","0","3","03","","N","","","","","","","","","",""
"2020058202","2318","1","0","0","0","0","0","0","0","0","4","0","","67","7","2020","6","40.04324","-75.052268","2311","6","0","0","0","0","0","0","0","0","","1","0","0","23","3","0","","1","1","40 02:35.664","5","0","75 03:08.163","1","1","0","1","67301","0","0","0","N","0","0","0","2","67301","0","2","1.0","102.0","1","N","N","N","0","0","0","0","0","3","2","N","2310","2","0","0","0","0","0","0","2","0","2","0","0","0","3","03","","N","","","","","","","","","",""
"2020015384","1543","0","0","0","0","0","0","0","0","0","4","0","","67","2","2020","1","40.056736","-75.046864","1540","6","0","0","0","0","0","1","0","0","","0","0","0","15","1","4","","1","0","40 03:24.250","","0","75 02:48.711","2","0","0","0","67301","0","0","0","N","0","0","0","4","67301","0","","1.0","","1","N","N","N","0","","3","1","2","3","2","","1536","2","4","4","0","1","0","0","2","0","2","0","0","0","3","03","","N","","","","","","","","","",""
"2020017651","120","2","0","0","0","0","0","0","0","0","5","0","","67","2","2020","1","39.948811","-75.241494","117","6","0","0","0","0","0","0","0","0","","0","0","0","0","3","0","N","0","1","39 56:55.720","2","0","75 14:29.380","9","0","0","0","67301","0","0","0","N","0","0","0","1","67301","0","","1.0","130.0","1","N","N","N","0","","0","0","0","0","0","Y","35","2","0","0","0","0","0","1","2","0","2","0","0","0","3","03","","N","","","","","","","","","",""
"2020017017","35","2","0","0","0","0","0","0","0","0","4","0","","67","2","2020","4","40.000347","-75.118623","34","6","0","0","0","0","0","0","0","0","","0","0","0","23","3","0","","1","0","40 00:01.249","","0","75 07:07.042","0","0","0","0","67301","0","0","0","N","0","0","0","2","67301","0","","1.0","","9","N","N","N","0","","0","0","0","0","0","","2352","2","0","0","0","0","0","0","2","0","2","0","0","0","7","07","","N","","","","","","","","","",""
"2020057984","1931","0","0","0","0","0","0","0","0","0","5","0","","67","7","2020","6","39.982145","-75.184724","1930","6","0","0","0","0","0","1","0","0","","0","0","0","19","1","1","","3","0","39 58:55.721","","0","75 11:05.006","4","0","0","0","67301","0","0","0","N","0","0","0","1","67301","1","","2.0","","1","N","N","N","0","","0","0","2","9","2","","1920","2","1","1","0","0","0","0","2","0","2","0","0","0","3","03","","N","","","","","","","","","",""
"2020015160","2359","1","0","0","0","0","0","0","0","0","1","0","","67","2","2020","7","40.021125","-75.139925","2352","6","0","0","0","0","0","0","0","0","","0","0","0","23","3","1","","1","0","40 01:16.051","","0","75 08:23.731","4","0","0","0","67301","0","0","0","N","0","0","0","4","67301","1","","1.0","","1","N","N","N","0","","0","0","1","3","2","","2348","2","1","0","0","0","0","0","2","0","2","0","0","0","3","03","","N","","","","","","","","","",""
"2020059019","1809","1","0","0","0","0","0","0","0","0","1","0","","67","7","2020","4","40.067539","-75.156447","1808","6","0","0","0","0","0","1","0","0","","0","0","0","18","1","1","N","0","0","40 04:03.140","","0","75 09:23.210","3","0","0","0","67301","0","0","0","N","0","0","0","2","67301","0","","1.0","","9","N","N","N","0","","1","0","1","0","0","","1808","2","1","1","0","0","0","0","2","0","2","0","0","0","7","","","N","","","","","","","","","",""
"2020024098","1630","0","0","0","0","0","0","0","0","0","4","0","","67","3","2020","5","40.058997","-75.044079","1621","6","0","0","0","0","0","2","0","0","","0","0","0","16","1","0","","1","1","40 03:32.389","4","0","75 02:38.685","0","0","0","0","67301","0","0","0","N","0","0","0","2","67301","0","","1.0","1725.0","1","N","N","N","1","","0","0","1","3","2","N","1620","2","0","0","0","0","0","0","2","0","2","0","0","0","3","03","","N","","","","","","","","","",""
"2020020072","1445","1","0","0","0","0","0","0","0","0","8","0","","67","2","2020","4","39.960957","-75.141364","1430","6","0","0","0","0","0","0","0","0","","0","0","0","17","1","1","","1","0","39 57:39.445","","0","75 08:28.910","4","0","0","0","67301","1","0","0","N","1","0","0","2","67301","1","","1.0","","1","N","N","N","0","","0","0","0","3","2","","1700","2","1","0","0","0","0","0","2","0","1","1","0","0","3","03","","N","","","","","","","","","",""
"2020065857","1941","1","0","0","0","0","0","0","0","0","8","0","","67","8","2020","3","39.964156","-75.245686","1941","6","0","0","0","0","0","1","0","0","","0","0","0","13","1","1","N","0","9","39 57:50.960","","0","75 14:44.470","8","0","0","0","67301","1","0","0","N","1","0","0","2","67301","0","","1.0","","1","N","N","N","0","","0","0","0","0","0","U","1355","2","1","1","0","0","1","0","2","0","1","1","0","0","3","03","","N","","","","","","","","","",""
"2020057193","1506","2","0","0","0","0","0","0","0","0","1","0","","67","6","2020","2","39.993047","-75.08496","1454","6","0","0","0","0","0","2","0","0","","0","0","0","14","1","0","N","0","0","39 59:34.968","","0","75 05:05.855","0","0","0","0","67301","0","0","0","N","0","0","0","2","68K01","0","","1.0","","1","N","N","N","0","","0","0","0","0","0","","1451","2","0","0","0","0","0","0","2","0","2","0","0","0","3","03","","N","","","","","","","","","",""
"2020057745","2202","0","0","0","0","0","0","0","0","0","0","0","","67","7","2020","2","39.965114","-75.181867","2200","6","0","0","0","0","0","0","0","0","","0","0","0","22","3","1","N","0","1","39 57:54.410","3","0","75 10:54.720","3","0","0","1","67301","0","0","0","N","0","0","0","1","67301","0","","1.0","2210.0","1","N","N","N","0","","1","0","0","0","0","N","2200","1","1","0","0","0","0","0","2","0","1","0","0","0","3","03","","N","","","","","","","","","",""
"2020032525","1015","1","0","0","0","0","0","0","0","0","5","1","","67","4","2020","2","39.979031","-75.118585","1014","6","0","0","0","0","0","0","0","0","","0","1","0","10","1","0","N","0","0","39 58:44.512","","0","75 07:06.907","0","0","0","0","67301","0","0","0","N","0","0","0","2","67301","0","","1.0","","9","N","N","N","0","","0","0","0","3","2","","1013","2","0","0","0","0","0","0","2","0","2","0","0","0","7","08","","N","","","","","","","","","",""
"2020020310","0910","1","0","0","0","0","0","0","0","0","5","0","","67","2","2020","5","40.016853","-75.174828","0907","6","0","0","0","0","0","0","0","0","","0","0","0","9","1","2","N","0","0","40 01:00.670","","0","75 10:29.380","8","0","0","0","67301","0","0","0","N","0","0","0","3","67301","0","","6.0","","1","N","N","N","0","","0","0","1","0","0","","900","2","2","0","0","0","2","0","2","0","2","0","0","0","3","03","","N","","","","","","","","","",""
"2020024583","0550","2","0","0","0","0","0","0","0","0","5","0","","67","3","2020","1","39.980452","-75.159244","0545","6","0","0","0","0","0","0","0","0","","0","0","0","5","3","0","N","0","2","39 58:49.628","2","0","75 09:33.277","0","0","0","0","67301","0","0","0","N","0","0","0","2","67505","0","","6.0","620.0","1","N","N","N","0","","0","0","0","0","0","Y","530","2","0","0","0","0","0","0","2","0","2","0","0","0","3","03","","N","","","","","","","","","",""