"CRN","ARRIVAL_TM","AUTOMOBILE_COUNT","BELTED_DEATH_COUNT","BELTED_SUSP_SERIOUS_INJ_COUNT","BICYCLE_COUNT","BICYCLE_DEATH_COUNT","BICYCLE_SUSP_SERIOUS_INJ_COUNT","BUS_COUNT","CHLDPAS_DEATH_COUNT","CHLDPAS_SUSP_SERIOUS_INJ_COUNT","COLLISION_TYPE","COMM_VEH_COUNT","CONS_ZONE_SPD_LIM","COUNTY","CRASH_MONTH","CRASH_YEAR","DAY_OF_WEEK","DEC_LATITUDE","DEC_LONGITUDE","DISPATCH_TM","DISTRICT","DRIVER_COUNT_16YR","DRIVER_COUNT_17YR","DRIVER_COUNT_18YR","DRIVER_COUNT_19YR","DRIVER_COUNT_20YR","DRIVER_COUNT_50_64YR","DRIVER_COUNT_65_74YR","DRIVER_COUNT_75PLUS","EST_HRS_CLOSED","FATAL_COUNT","HEAVY_TRUCK_COUNT","HORSE_BUGGY_COUNT","HOUR_OF_DAY","ILLUMINATION","INJURY_COUNT","INTERSECTION_RELATED","INTERSECT_TYPE","LANE_CLOSED","LATITUDE","LN_CLOSE_DIR","LOCATION_TYPE","LONGITUDE","MAX_SEVERITY_LEVEL","MCYCLE_DEATH_COUNT","MCYCLE_SUSP_SERIOUS_INJ_COUNT","MOTORCYCLE_COUNT","MUNICIPALITY","NONMOTR_COUNT","NONMOTR_DEATH_COUNT","NONMOTR_SUSP_SERIOUS_INJ_COUNT","NTFY_HIWY_MAINT","PED_COUNT","PED_DEATH_COUNT","PED_SUSP_SERIOUS_INJ_COUNT","PERSON_COUNT","POLICE_AGCY","POSSIBLE_INJ_COUNT","RDWY_SURF_TYPE_CD","RELATION_TO_ROAD","ROADWAY_CLEARED","ROAD_CONDITION","SCH_BUS_IND","SCH_ZONE_IND","SECONDARY_CRASH","SMALL_TRUCK_COUNT","SPEC_JURIS_CD","SUSP_MINOR_INJ_COUNT","SUSP_SERIOUS_INJ_COUNT","SUV_COUNT","TCD_FUNC_CD","TCD_TYPE","TFC_DETOUR_IND","TIME_OF_DAY","TOTAL_UNITS","TOT_INJ_COUNT","UNBELTED_OCC_COUNT","UNB_DEATH_COUNT","UNB_SUSP_SERIOUS_INJ_COUNT","UNK_INJ_DEG_COUNT","UNK_INJ_PER_COUNT","URBAN_RURAL","VAN_COUNT","VEHICLE_COUNT","VULNERABLE_ROAD_USER_COUNT","VULNERABLE_ROAD_USER_DEATH_COUNT","VULNERABLE_ROAD_USER_SER_INJ_COUNT","WEATHER1","WEATHER2","WORKERS_PRES","WORK_ZONE_IND","WORK_ZONE_LOC","WORK_ZONE_TYPE","WZ_CLOSE_DETOUR","WZ_FLAGGER","WZ_LAW_OFFCR_IND","WZ_LN_CLOSURE","WZ_MOVING","WZ_OTHER","WZ_SHLDER_MDN","WZ_WORKERS_INJ_KILLED"
"2020059436","2118","1","0","0","0","0","0","0","0","0","5","1","","67","7","2020","2","39.912533","-75.148651","2111","6","0","0","0","1","0","0","0","0","","0","1","0","21","3","0","N","0","0","39 54:45.120","","0","75 08:55.144","0","0","0","0","67301","0","0","0","N","0","0","0","2","68K01","0","","1.0","","9","N","N","N","0","","0","0","0","0","0","","2110","2","0","0","0","0","0","0","2","0","2","0","0","0","7","07","","N","","","","","","","","","",""
"2020059485","1304","0","0","0","0","0","0","0","0","0","1","1","","67","7","2020","6","40.008782","-75.203741","1257","6","0","0","0","0","0","1","1","0","","0","1","0","12","1","2","N","0","2","40 00:31.614","4","0","75 12:13.468","3","0","0","0","67301","0","0","0","N","0","0","0","3","68K01","1","","1.0","1400.0","1","N","N","N","1","","1","0","0","0","0","N","1256","2","2","0","0","0","0","0","2","0","2","0","0","0","3","","","N","","","","","","","","","",""
"2020065042","0136","1","0","0","0","0","0","0","0","0","0","0","","67","7","2020","2","39.895833","-75.192592","0136","6","0","0","0","0","0","0","0","0","","0","0","0","1","3","0","N","0","0","39 53:44.999","","0","75 11:33.332","0","0","0","0","67301","0","0","0","N","0","0","0","1","68K01","0","","1.0","","1","N","N","N","0","","0","0","0","0","0","","121","1","0","0","0","0","0","0","2","0","1","0","0","0","3","","","N","","","","","","","","","",""
"2020058940","0721","1","0","0","0","0","0","0","0","0","5","0","","67","7","2020","7","40.007408","-75.200824","0719","6","0","1","0","0","0","0","0","0","","0","0","0","7","1","0","N","0","0","40 00:26.669","","0","75 12:02.968","0","0","0","0","67301","0","0","0","N","0","0","0","3","68K01","0","","1.0","","1","N","N","N","1","","0","0","0","0","0","","714","2","0","0","0","0","0","0","2","0","2","0","0","0","3","","","N","","","","","","","","","",""
"2020058961","0818","0","0","0","0","0","0","0","0","0","7","1","","67","7","2020","6","39.889716","-75.21936","0804","6","0","0","0","0","0","1","0","0","","0","1","0","8","1","1","N","0","2","39 53:22.979","2","0","75 13:09.697","8","0","0","0","67301","0","0","0","N","0","0","0","1","68K01","0","","4.0","100.0","9","N","N","N","0","","0","0","0","0","0","Y","803","1","1","0","0","0","1","0","2","0","1","0","0","0","7","07","","N","","","","","","","","","",""
"2020056645","1828","1","0","0","0","0","0","0","0","0","1","0","","67","7","2020","6","40.035301","-75.070709","1823","6","0","0","0","0","0","0","1","0","","0","0","0","18","1","1","","3","0","40 02:07.082","","0","75 04:14.554","3","0","0","0","67301","0","0","0","N","0","0","0","2","67301","0","","1.0","","1","N","N","N","0","","1","0","1","3","2","","1812","2","1","0","0","0","0","0","2","0","2","0","0","0","3","03","","N","","","","","","","","","",""
"2020017333","1640","0","0","0","0","0","0","0","0","0","5","0","","67","2","2020","6","39.940111","-75.184949","1633","6","0","0","0","0","0","0","0","0","","0","0","0","16","1","0","","1","0","39 56:24.399","","0","75 11:05.816","0","0","0","0","67301","0","0","0","N","0","0","0","2","67301","0","","1.0","","1","N","N","N","0","","0","0","1","3","1","","1610","2","0","0","0","0","0","0","2","1","2","0","0","0","3","","","N","","","","","","","","","",""
"2020067401","0212","1","0","0","0","0","0","0","0","0","4","0","","67","8","2020","7","40.075708","-75.168475","0209","6","0","0","0","0","0","0","0","0","","0","0","0","1","3","0","N","0","0","40 04:32.550","","0","75 10:06.510","0","0","0","0","67301","0","0","0","N","0","0","0","1","67301","0","","4.0","","1","N","N","N","0","","0","0","0","0","0","","130","2","0","0","0","0","0","0","2","0","2","0","0","0","3","","","N","","","","","","","","","",""
"2020038031","1311","1","0","0","0","0","0","0","0","0","8","0","","67","5","2020","2","40.060388","-75.053583","1310","6","0","0","0","0","0","0","0","0","","0","0","0","13","1","1","N","0","2","40 03:37.395","6","0","75 03:12.899","8","0","0","0","67301","1","0","0","N","1","0","0","2","67301","0","","1.0","1310.0","1","N","N","N","0","","0","0","0","0","0","N","1310","2","1","1","0","0","1","0","2","0","1","1","0","0","3","03","","N","","","","","","","","","",""
"2020052199","2110","0","0","0","0","0","0","0","0","0","8","0","","67","7","2020","6","39.992522","-75.143977","2105","6","0","0","0","0","0","0","0","0","","0","0","0","21","3","1","N","0","0","39 59:33.079","","0","75 08:38.316","8","0","0","0","67301","1","0","0","N","1","0","0","2","67301","0","","1.0","","1","N","N","N","0","","0","0","0","0","0","","2100","2","1","0","0","0","1","1","2","0","1","1","0","0","3","03","","N","","","","","","","","","",""
"2020016255","1626","0","0","0","0","0","0","0","0","0","8","0","","67","2","2020","2","40.025747","-75.172514","1625","6","0","0","0","0","0","0","0","1","","0","0","0","16","8","2","","1","0","40 01:32.689","","0","75 10:21.050","3","0","0","0","67301","2","0","0","N","2","0","0","3","67301","0","","1.0","","9","N","N","N","0","","2","0","0","3","3","","1620","3","2","0","0","0","0","0","2","1","1","2","0","0","7","04","","N","","","","","","","","","",""
"2020019222","1010","1","0","0","0","0","0","0","0","0","7","0","","67","2","2020","2","40.028231","-75.205181","1008","6","0","0","0","0","0","0","0","0","","0","0","0","10","1","0","N","3","0","40 01:41.630","","0","75 12:18.652","0","0","0","0","67301","0","0","0","N","0","0","0","1","67301","0","","5.0","","1","N","N","N","0","","0","0","0","3","2","","1005","1","0","0","0","0","0","0","2","0","1","0","0","0","3","","","N","","","","","","","","","",""
"2020018811","1635","1","0","0","0","0","0","0","0","0","4","0","","67","2","2020","1","39.959468","-75.161976","1628","6","0","0","0","0","1","1","0","0","","0","0","0","16","1","1","","1","0","39 57:34.085","","0","75 09:43.114","3","0","0","0","67301","0","0","0","N","0","0","0","4","67301","0","","1.0","","1","N","N","N","0","","1","0","0","3","2","","1610","2","1","0","0","0","0","1","2","1","2","0","0","0","3","03","","N","","","","","","","","","",""
"2020018674","1456","1","0","0","0","0","0","0","0","0","2","0","","67","2","2020","1","39.991125","-75.189517","1446","6","0","0","0","0","0","0","0","0","","0","0","0","14","1","3","N","0","0","39 59:28.050","","99","75 11:22.260","3","0","0","0","67301","0","0","0","N","0","0","0","3","67301","0","","1.0","","1","N","N","N","0","","3","0","0","0","0","","1440","2","3","3","0","0","0","0","2","1","2","0","0","0","3","03","","N","","","","","","","","","",""
"2020021256","0758","1","0","0","0","0","0","0","0","0","6","0","","67","2","2020","3","40.027333","-75.216428","0757","6","0","0","0","0","0","1","1","0","","0","0","0","7","1","2","N","0","2","40 01:38.400","2","0","75 12:59.140","3","0","0","0","67301","0","0","0","N","0","0","0","2","67301","1","","1.0","820.0","1","N","N","N","0","","1","0","0","0","0","Y","755","2","2","0","0","0","0","0","2","1","2","0","0","0","4","04","","N","","","","","","","","","",""
"2020016747","1515","0","0","0","0","0","0","0","0","0","4","1","","67","2","2020","4","40.053344","-75.156503","1507","6","0","0","0","0","0","1","0","0","","0","1","0","15","1","0","N","0","0","40 03:12.040","","0","75 09:23.410","0","0","0","0","67301","0","0","0","N","0","0","0","3","67301","0","","1.0","","1","N","N","N","1","","0","0","1","0","0","","1500","3","0","3","0","0","0","0","2","0","3","0","0","0","3","03","","N","","","","","","","","","",""
"2020028157","1104","2","0","0","0","0","0","0","0","0","1","0","","67","2","2020","7","39.977237","-75.113066","1055","6","0","0","0","0","0","0","0","0","","0","0","0","10","1","0","N","0","1","39 58:38.054","2","0","75 06:47.036","0","0","0","0","67301","0","0","0","N","0","0","0","3","68K01","0","","1.0","30.0","1","N","N","N","0","","0","0","0","0","0","N","1053","2","0","0","0","0","0","0","2","0","2","0","0","0","3","","","N","","","","","","","","","",""
"2020020364","0414","1","0","0","0","0","0","0","0","0","7","0","","67","2","2020","1","39.970917","-75.193205","0410","6","0","0","0","0","0","0","0","0","","0","0","0","4","3","1","N","0","1","39 58:15.302","3","0","75 11:35.537","3","0","0","0","67301","0","0","0","N","0","0","0","3","68K01","0","","4.0","420.0","1","N","N","N","0","","1","0","1","0","0","N","409","2","1","2","0","0","0","0","2","0","2","0","0","0","3","03","","N","","","","","","","","","",""
"2020021257","0840","2","0","0","0","0","0","0","0","0","4","0","","67","2","2020","6","40.028854","-75.208015","0836","6","0","0","0","0","0","0","0","0","","0","0","0","8","1","0","","1","0","40 01:43.874","","0","75 12:28.853","0","0","0","0","67301","0","0","0","N","0","0","0","5","67301","0","","1.0","","1","N","N","N","0","","0","0","0","3","3","","834","2","0","0","0","0","0","0","2","0","2","0","0","0","3","","","N","","","","","","","","","",""
"2020019124","1245","1","0","0","0","0","0","0","0","0","4","0","","67","2","2020","4","39.956562","-75.15133","1237","6","0","0","0","0","0","0","0","0","","0","0","0","12","1","0","","1","1","39 57:23.624","1","0","75 09:04.788","0","0","0","0","67301","0","0","0","N","0","0","0","2","67301","0","","1.0","1330.0","1","N","N","N","0","","0","0","0","3","2","N","1235","2","0","0","0","0","0","0","2","1","2","0","0","0","3","","","N","","","","","","","","","",""
"2020027594","1611","0","0","0","0","0","0","0","0","0","7","0","","67","2","2020","3","39.89914","-75.166669","1554","6","0","0","0","0","0","0","0","0","","0","0","0","15","1","0","N","0","1","39 53:56.905","1","0","75 10:00.008","0","0","0","0","67301","0","0","0","N","0","0","0","1","68K01","0","","4.0","1600.0","1","N","N","N","0","","0","0","1","0","0","Y","1524","1","0","0","0","0","0","0","2","0","1","0","0","0","3","","","N","","","","","","","","","",""
"2020022802","0529","3","0","0","0","0","0","1","0","0","4","1","","67","2","2020","7","40.051","-75.142016","0527","6","0","0","0","0","0","1","0","0","","0","0","0","5","5","5","N","0","2","40 03:03.600","5","0","75 08:31.256","3","0","0","0","67301","0","0","0","N","0","0","0","5","67301","0","","1.0","800.0","1","N","N","N","0","","5","0","0","0","0","Y","527","4","5","0","0","0","0","0","2","0","4","0","0","0","3","","","N","","","","","","","","","",""
"2020051897","0645","1","0","0","0","0","0","1","0","0","4","1","","67","6","2020","2","39.956072","-75.237961","0635","6","0","0","0","0","0","1","0","0","","0","0","0","6","1","2","N","1","0","39 57:21.859","","0","75 14:16.659","8","0","0","0","67301","0","0","0","N","0","0","0","3","67508","0","","1.0","","1","N","N","N","0","","0","0","0","3","2","N","635","2","2","0","0","0","2","0","2","0","2","0","0","0","3","","","N","","","","","","","","","",""
"2020064027","1612","2","0","0","0","0","0","0","0","0","1","0","","67","7","2020","6","39.958821","-75.170412","1528","6","0","0","0","0","0","0","0","0","","0","0","0","15","1","1","N","0","0","39 57:31.756","","0","75 10:13.484","3","0","0","0","67301","0","0","0","N","0","0","0","3","68K01","0","","1.0","","1","N","N","N","0","","1","0","0","0","0","","1520","2","1","0","0","0","0","0","2","0","2","0","0","0","3","03","","N","","","","","","","","","",""
"2020036338","1903","2","0","0","0","0","0","0","0","0","4","0","","67","2","2020","1","40.034471","-75.07183","1859","6","0","0","0","0","0","0","0","0","","0","0","0","18","3","1","","3","2","40 02:04.095","1","0","75 04:18.588","3","0","0","0","67301","0","0","0","N","0","0","0","4","67301","0","","1.0","2011.0","1","N","N","N","0","","1","0","0","0","0","Y","1857","2","1","0","0","0","0","0","2","0","2","0","0","0","3","","","N","","","","","","","","","",""
"2020019861","0505","1","0","0","0","0","0","0","0","0","5","0","","67","2","2020","7","39.925139","-75.181322","0055","6","0","0","0","0","0","0","0","0","","0","0","0","0","3","1","N","0","2","39 55:30.500","2","0","75 10:52.760","3","0","0","0","67301","0","0","0","N","0","0","0","1","67301","0","","6.0","100.0","1","N","N","N","0","","1","0","3","0","0","Y","55","4","1","0","0","0","0","0","2","0","4","0","0","0","3","03","","N","","","","","","","","","",""
"2020036340","1825","0","0","0","0","0","0","0","0","0","5","0","","67","2","2020","7","39.962896","-75.201892","1813","6","0","0","0","0","0","0","0","0","","0","0","0","17","3","0","","1","0","39 57:46.426","","0","75 12:06.810","0","0","0","0","67301","0","0","0","N","0","0","0","6","67301","0","","1.0","","1","N","N","N","0","","0","0","2","3","2","","1705","2","0","0","0","0","0","0","2","0","2","0","0","0","3","03","","N","","","","","","","","","",""
"2020018180","1810","0","0","0","0","0","0","0","0","0","8","0","","67","2","2020","5","40.007639","-75.127327","1809","6","0","0","0","0","0","0","0","0","","0","0","0","18","3","1","","1","0","40 00:27.502","","0","75 07:38.377","3","0","0","0","67301","1","0","0","N","1","0","0","2","67301","0","","1.0","","9","N","N","N","0","","1","0","0","9","9","","1808","2","1","0","0","0","0","0","2","1","1","1","0","0","4","03","","N","","","","","","","","","",""
"2020017413","0900","1","0","0","0","0","0","0","0","0","4","0","","67","2","2020","6","39.982476","-75.101024","0900","6","0","0","0","0","0","0","0","0","","0","0","0","8","1","0","","1","0","39 58:56.914","","2","75 06:03.688","0","0","0","0","67301","0","0","0","N","0","0","0","3","67301","0","","1.0","","1","N","N","N","1","","0","0","0","3","2","","847","2","0","3","0","0","0","0","2","0","2","0","0","0","3","03","","N","","","","","","","","","",""
"2020039418","0107","1","0","0","0","0","0","0","0","0","7","0","","67","5","2020","1","39.928928","-75.196686","0107","6","0","0","0","0","0","0","0","0","","0","0","0","1","3","1","N","0","0","39 55:44.140","","0","75 11:48.070","8","0","0","0","67301","0","0","0","N","0","0","0","1","67301","0","","5.0","","1","N","N","N","0","","0","0","0","2","4","","100","1","1","0","0","0","1","0","2","0","1","0","0","0","3","03","","N","","","","","","","","","",""
"2020019481","1210","1","0","0","0","0","0","0","0","0","8","0","","67","2","2020","4","40.028772","-75.166853","1200","6","0","0","0","0","0","0","0","0","","0","0","0","11","1","1","N","0","0","40 01:43.580","","0","75 10:00.670","3","0","0","0","67301","1","0","0","N","1","0","0","2","67301","0","","1.0","","1","N","N","N","0","","1","0","0","3","3","","1110","2","1","0","0","0","0","1","2","0","1","1","0","0","3","","","N","","","","","","","","","",""
"2020058848","1920","0","0","0","1","0","0","0","0","0","8","1","","67","7","2020","5","39.982401","-75.100964","1915","6","0","0","0","0","0","0","0","0","","0","1","0","19","1","1","","1","0","39 58:56.643","","2","75 06:03.471","3","0","0","0","67301","1","0","0","N","0","0","0","2","67301","0","","1.0","","1","N","N","N","0","","1","0","0","9","9","","1914","2","1","0","0","0","0","0","2","0","1","1","0","0","3","03","","N","","","","","","","","","",""
"2020026217","2145","0","0","0","0","0","0","0","0","0","4","0","","67","3","2020","2","40.016904","-75.071818","2144","6","0","0","0","0","0","0","0","0","","0","0","0","21","3","1","","1","0","40 01:00.855","","0","75 04:18.545","3","0","0","0","67301","0","0","0","N","0","0","0","3","67301","0","","1.0","","1","N","N","N","0","","1","0","1","3","3","","2144","3","1","1","0","0","0","0","2","2","3","0","0","0","3","03","","N","","","","","","","","","",""
"2020058943","1515","2","0","0","0","0","0","0","0","0","5","0","","67","7","2020","7","40.027134","-75.025213","1515","6","0","0","0","0","0","0","0","0","","0","0","0","15","1","1","N","0","1","40 01:37.683","1","0","75 01:30.765","8","0","0","0","67301","0","0","0","N","0","0","0","2","68K01","0","","1.0","1600.0","1","N","N","Y","0","","0","0","0","0","0","N","1515","2","1","1","0","0","1","0","2","0","2","0","0","0","3","03","","N","","","","","","","","","",""
"2020018204","0300","1","0","0","0","0","0","0","0","0","7","0","","67","2","2020","2","40.033551","-75.076295","0251","6","0","0","0","0","0","0","0","0","","0","0","0","2","3","1","N","0","2","40 02:00.785","1","0","75 04:34.661","2","0","0","0","67301","0","0","0","N","0","0","0","1","67301","0","","3.0","445.0","1","N","N","N","0","","0","1","0","0","0","N","245","1","1","0","0","0","0","0","2","0","1","0","0","0","3","03","","N","","","","","","","","","",""
"2020064155","0042","0","0","0","0","0","0","0","0","0","8","0","","67","8","2020","2","39.971858","-75.244883","0036","6","0","0","0","0","0","0","0","0","","0","0","0","21","3","1","","1","0","39 58:18.687","","0","75 14:41.580","8","0","0","0","67301","1","0","0","N","1","0","0","2","67301","0","","1.0","","1","N","N","N","0","","0","0","0","3","2","","2155","2","1","0","0","0","1","1","2","0","1","1","0","0","3","","","N","","","","","","","","","",""
"2020024347","1911","1","0","0","0","0","0","0","0","0","4","0","","67","3","2020","7","39.924042","-75.227707","1911","6","0","0","0","0","0","1","0","0","","0","0","0","19","3","0","","1","2","39 55:26.552","7","0","75 13:39.745","9","0","0","0","67301","0","0","0","N","0","0","0","1","67301","0","","1.0","2135.0","1","N","N","N","0","","0","0","1","0","0","N","1911","2","0","0","0","0","0","1","2","0","2","0","0","0","99","","","N","","","","","","","","","",""
"2020063580","1537","2","0","0","0","0","0","0","0","0","4","0","","67","8","2020","6","39.927454","-75.193658","1535","6","0","0","0","0","0","1","1","0","","0","0","0","15","1","1","N","0","0","39 55:38.835","","0","75 11:37.167","8","0","0","0","67301","0","0","0","N","0","0","0","2","67301","0","","1.0","","1","N","N","N","0","","0","0","0","0","0","","1533","2","1","0","0","0","1","0","2","0","2","0","0","0","3","","","N","","","","","","","","","",""
"2020018663","1855","1","0","0","0","0","0","0","0","0","7","0","","67","2","2020","5","39.960353","-75.161905","1848","6","0","0","0","0","0","0","0","0","","0","0","0","18","3","1","","2","0","39 57:37.272","","0","75 09:42.857","8","0","0","0","67301","0","0","0","N","0","0","0","1","67301","0","","5.0","","1","N","N","N","0","","0","0","0","0","0","","1822","1","1","0","0","0","1","0","2","0","1","0","0","0","3","03","","N","","","","","","","","","",""
"2020022413","1610","3","0","0","0","0","0","0","0","0","1","1","","67","3","2020","1","40.025008","-75.030939","1556","6","0","0","0","0","0","1","0","0","","0","1","0","15","1","0","N","0","0","40 01:30.030","","0","75 01:51.380","9","0","0","0","67301","0","0","0","N","0","0","0","1","67301","0","","6.0","","1","N","N","N","0","","0","0","2","0","0","","1552","6","0","0","0","0","0","1","2","0","6","0","0","0","3","03","","N","","","","","","","","","",""
"2020010181","1555","1","0","0","0","0","0","0","0","0","8","0","","67","1","2020","7","40.063674","-75.022318","1550","6","0","0","0","0","0","0","0","0","","0","0","0","15","1","1","N","0","0","40 03:49.225","","7","75 01:20.345","3","0","0","0","67301","1","0","0","N","1","0","0","2","67301","0","","1.0","","9","N","N","N","0","","1","0","0","0","0","","1548","2","1","0","0","0","0","0","2","0","1","1","0","0","7","07","","N","","","","","","","","","",""
"2020024411","0120","1","0","0","0","0","0","0","0","0","7","0","","67","3","2020","7","39.877553","-75.213522","0115","6","0","0","0","1","0","0","0","0","","0","0","0","23","3","2","N","0","0","39 52:39.190","","0","75 12:48.680","3","0","0","0","67301","0","0","0","N","0","0","0","3","67301","0","","5.0","","1","N","N","N","0","","2","0","0","0","0","","2330","1","2","1","0","0","0","0","2","0","1","0","0","0","3","03","","N","","","","","","","","","",""
"2020048413","2014","1","0","0","0","0","0","0","0","0","4","1","","67","6","2020","6","40.056373","-75.028181","2006","6","0","0","0","0","0","1","0","0","","0","1","0","19","4","1","","1","0","40 03:22.942","","0","75 01:41.453","4","0","0","0","67301","0","0","0","N","0","0","0","3","67301","1","","1.0","","1","N","N","N","0","","0","0","0","3","2","","1940","2","1","0","0","0","0","0","2","0","2","0","0","0","3","03","","N","","","","","","","","","",""
"2020064043","1719","1","0","0","0","0","0","0","0","0","7","0","","67","8","2020","1","39.942536","-75.19354","1709","6","0","0","0","0","0","0","0","0","","0","0","0","17","1","4","N","7","2","39 56:33.129","3","2","75 11:36.744","3","0","0","0","67301","0","0","0","Y","0","0","0","4","68K01","0","","7.0","30.0","1","N","N","N","0","","4","0","0","0","0","N","1701","1","4","0","0","0","0","0","2","0","1","0","0","0","3","","","N","","","","","","","","","",""
"2020027433","1155","0","0","0","0","0","0","0","0","0","1","0","","67","2","2020","7","39.945892","-75.189624","1140","6","0","0","0","0","0","1","0","0","","0","0","0","11","1","1","N","0","0","39 56:45.211","","0","75 11:22.645","8","0","0","0","67301","0","0","0","N","0","0","0","3","68K01","0","","1.0","","1","N","N","N","0","","0","0","1","0","0","","1136","2","1","0","0","0","1","0","2","1","2","0","0","0","3","","","N","","","","","","","","","",""
"2020020489","0550","1","0","0","0","0","0","0","0","0","4","0","","67","2","2020","3","40.053149","-75.040237","0546","6","0","0","0","0","0","1","0","0","","0","0","0","5","3","2","","1","0","40 03:11.336","","0","75 02:24.854","3","0","0","0","67301","0","0","0","N","0","0","0","4","67301","0","","1.0","","1","N","N","N","0","","2","0","0","3","2","","545","2","2","0","0","0","0","0","2","1","2","0","0","0","3","03","","N","","","","","","","","","",""
"2020020371","0413","1","0","0","0","0","0","0","0","0","5","0","45","67","2","2020","4","39.981833","-75.101668","0404","6","0","0","0","0","0","0","0","0","","0","0","0","4","3","1","","6","2","39 58:54.597","2","2","75 06:06.006","8","0","0","0","67301","0","0","0","N","0","0","0","2","68K01","0","","1.0","30.0","1","N","N","N","0","","0","0","0","0","0","N","400","2","1","0","0","0","1","0","2","1","2","0","0","0","3","","N","Y","4","1","","","N","","","Y","","N"
"2020017145","0958","0","0","0","0","0","0","0","0","0","4","0","","67","2","2020","3","39.913946","-75.149463","0955","6","0","0","0","0","0","2","0","0","","0","0","0","9","1","4","N","0","0","39 54:50.205","","0","75 08:58.067","4","0","0","0","67301","0","0","0","N","0","0","0","4","67301","4","","1.0","","1","N","N","N","0","","0","0","1","0","0","","954","2","4","4","0","0","0","0","2","1","2","0","0","0","4","04","","N","","","","","","","","","",""
"2020017331","1630","1","0","0","0","0","0","0","0","0","6","0","","67","2","2020","4","39.991206","-75.070061","1612","6","0","0","0","0","0","0","0","0","","0","0","0","13","1","0","N","0","0","39 59:28.340","","0","75 04:12.220","0","0","0","0","67301","0","0","0","N","0","0","0","2","67301","0","","1.0","","1","N","N","N","0","","0","0","1","3","3","","1354","2","0","0","0","0","0","0","2","0","2","0","0","0","3","","","N","","","","","","","","","",""
"2020025860","0534","0","0","0","0","0","0","0","0","0","4","0","","67","3","2020","5","40.036992","-75.07981","0530","6","0","0","0","0","0","0","0","0","","0","0","0","5","3","0","","1","0","40 02:13.172","","0","75 04:47.317","0","0","0","0","67301","0","0","0","N","0","0","0","1","67301","0","","5.0","","1","N","N","N","0","","0","0","1","3","2","","525","2","0","0","0","0","0","0","2","1","2","0","0","0","3","03","","N","","","","","","","","","",""
"2020067528","1545","3","0","0","0","0","0","0","0","0","5","0","","67","8","2020","5","39.953843","-75.248602","1537","6","0","0","0","0","1","0","0","0","","0","0","0","15","1","0","N","0","1","39 57:13.835","1","0","75 14:54.968","0","0","0","0","67301","0","0","0","N","0","0","0","2","67301","0","","1.0","1650.0","1","N","N","Y","0","","0","0","0","0","0","N","1500","3","0","0","0","0","0","0","2","0","3","0","0","0","3","03","","N","","","","","","","","","",""
"2020027683","2203","2","0","0","0","0","0","0","0","0","1","0","","67","3","2020","1","39.984286","-75.161622","2203","6","0","0","0","0","0","0","0","0","","0","0","0","22","3","1","","1","0","39 59:03.429","","0","75 09:41.838","4","0","0","0","67301","0","0","0","N","0","0","0","2","67301","1","","1.0","","1","N","N","N","0","","0","0","0","3","3","","2200","2","1","2","0","0","0","0","2","0","2","0","0","0","3","03","","N","","","","","","","","","",""
"2020022861","2307","1","0","0","0","0","0","0","0","0","4","0","","67","3","2020","2","40.014992","-75.064411","2258","6","0","0","0","0","0","0","0","0","","0","0","0","22","3","1","","1","0","40 00:53.971","","0","75 03:51.880","8","0","0","0","67301","0","0","0","N","0","0","0","3","67301","0","","1.0","","9","N","N","N","0","","0","0","1","3","3","","2257","2","1","0","0","0","1","1","2","0","2","0","0","0","7","","","N","","","","","","","","","",""
"2020027940","0715","0","0","0","0","0","0","0","0","0","8","0","","67","3","2020","5","40.04564","-75.128489","0710","6","0","0","0","0","0","0","0","0","","0","0","0","6","1","1","","1","0","40 02:44.303","","0","75 07:42.560","8","0","0","0","67301","1","0","0","N","1","0","0","2","67301","0","","1.0","","1","N","N","N","0","","0","0","1","3","2","","650","2","1","1","0","0","1","0","2","0","1","1","0","0","3","03","","N","","","","","","","","","",""
"2020016970","2026","1","0","0","0","0","0","0","0","0","4","0","","67","2","2020","4","40.05575","-75.089564","2016","6","0","0","0","1","0","1","0","0","","0","0","0","20","3","1","","1","0","40 03:20.701","","0","75 05:22.429","3","0","0","0","67301","0","0","0","N","0","0","0","2","67301","0","","1.0","","9","N","N","N","1","","1","0","0","9","2","","2011","2","1","0","0","0","0","0","2","0","2","0","0","0","7","04","","N","","","","","","","","","",""
"2020020835","0837","1","0","0","0","0","0","0","0","0","5","0","","67","2","2020","6","39.998381","-75.106106","0832","6","0","0","0","0","0","1","0","0","","0","0","0","8","1","0","N","0","0","39 59:54.170","","0","75 06:21.980","0","0","0","0","67301","0","0","0","N","0","0","0","1","67301","0","","6.0","","1","N","N","Y","1","","0","0","1","0","0","","800","3","0","0","0","0","0","0","2","0","3","0","0","0","3","03","","N","","","","","","","","","",""
"2020022862","2232","2","0","0","0","0","0","0","0","0","4","0","","67","3","2020","2","39.951943","-75.2388","2228","6","0","0","0","0","0","0","0","0","","0","0","0","21","3","1","","1","0","39 57:06.994","","0","75 14:19.679","3","0","0","0","67301","0","0","0","N","0","0","0","2","67301","0","","1.0","","9","N","N","N","0","","1","0","0","3","2","","2120","2","1","1","0","0","0","0","2","0","2","0","0","0","7","","","N","","","","","","","","","",""