"CRN","ARRIVAL_TM","AUTOMOBILE_COUNT","BELTED_DEATH_COUNT","BELTED_SUSP_SERIOUS_INJ_COUNT","BICYCLE_COUNT","BICYCLE_DEATH_COUNT","BICYCLE_SUSP_SERIOUS_INJ_COUNT","BUS_COUNT","CHLDPAS_DEATH_COUNT","CHLDPAS_SUSP_SERIOUS_INJ_COUNT","COLLISION_TYPE","COMM_VEH_COUNT","CONS_ZONE_SPD_LIM","COUNTY","CRASH_MONTH","CRASH_YEAR","DAY_OF_WEEK","DEC_LATITUDE","DEC_LONGITUDE","DISPATCH_TM","DISTRICT","DRIVER_COUNT_16YR","DRIVER_COUNT_17YR","DRIVER_COUNT_18YR","DRIVER_COUNT_19YR","DRIVER_COUNT_20YR","DRIVER_COUNT_50_64YR","DRIVER_COUNT_65_74YR","DRIVER_COUNT_75PLUS","EST_HRS_CLOSED","FATAL_COUNT","HEAVY_TRUCK_COUNT","HORSE_BUGGY_COUNT","HOUR_OF_DAY","ILLUMINATION","INJURY_COUNT","INTERSECTION_RELATED","INTERSECT_TYPE","LANE_CLOSED","LATITUDE","LN_CLOSE_DIR","LOCATION_TYPE","LONGITUDE","MAX_SEVERITY_LEVEL","MCYCLE_DEATH_COUNT","MCYCLE_SUSP_SERIOUS_INJ_COUNT","MOTORCYCLE_COUNT","MUNICIPALITY","NONMOTR_COUNT","NONMOTR_DEATH_COUNT","NONMOTR_SUSP_SERIOUS_INJ_COUNT","NTFY_HIWY_MAINT","PED_COUNT","PED_DEATH_COUNT","PED_SUSP_SERIOUS_INJ_COUNT","PERSON_COUNT","POLICE_AGCY","POSSIBLE_INJ_COUNT","RDWY_SURF_TYPE_CD","RELATION_TO_ROAD","ROADWAY_CLEARED","ROAD_CONDITION","SCH_BUS_IND","SCH_ZONE_IND","SECONDARY_CRASH","SMALL_TRUCK_COUNT","SPEC_JURIS_CD","SUSP_MINOR_INJ_COUNT","SUSP_SERIOUS_INJ_COUNT","SUV_COUNT","TCD_FUNC_CD","TCD_TYPE","TFC_DETOUR_IND","TIME_OF_DAY","TOTAL_UNITS","TOT_INJ_COUNT","UNBELTED_OCC_COUNT","UNB_DEATH_COUNT","UNB_SUSP_SERIOUS_INJ_COUNT","UNK_INJ_DEG_COUNT","UNK_INJ_PER_COUNT","URBAN_RURAL","VAN_COUNT","VEHICLE_COUNT","VULNERABLE_ROAD_USER_COUNT","VULNERABLE_ROAD_USER_DEATH_COUNT","VULNERABLE_ROAD_USER_SER_INJ_COUNT","WEATHER1","WEATHER2","WORKERS_PRES","WORK_ZONE_IND","WORK_ZONE_LOC","WORK_ZONE_TYPE","WZ_CLOSE_DETOUR","WZ_FLAGGER","WZ_LAW_OFFCR_IND","WZ_LN_CLOSURE","WZ_MOVING","WZ_OTHER","WZ_SHLDER_MDN","WZ_WORKERS_INJ_KILLED"
"2020035357","1142","0","0","0","0","0","0","0","0","0","4","0","30","67","4","2020","3","40.010232","-75.098089","1140","6","0","0","0","0","0","0","0","0","","0","1","0","11","1","0","","1","2","40 00:36.834","5","0","75 05:53.119","0","0","0","0","67301","0","0","0","N","0","0","0","3","67301","0","","1.0","1700.0","1","N","N","N","0","","0","0","1","3","2","Y","1138","2","0","0","0","0","0","0","2","0","2","0","0","0","3","03","N","Y","8","1","Y","N","Y","N","N","N","N","N"
"2020023499","0527","1","0","0","0","0","0","0","0","0","8","0","","67","3","2020","4","40.001064","-75.132797","0521","6","0","0","0","0","0","0","0","0","","0","0","0","5","3","1","N","0","0","40 00:03.830","","0","75 07:58.070","3","0","0","0","67301","1","0","0","N","1","0","0","2","67301","0","","1.0","","1","N","N","N","0","","1","0","0","0","0","","516","2","1","1","0","0","0","0","2","0","1","1","0","0","3","03","","N","","","","","","","","","",""
"2020059520","1357","2","0","0","0","0","0","0","0","1","4","0","","67","7","2020","1","40.01978","-75.150624","1352","6","0","0","0","0","1","0","0","0","","0","0","0","13","1","2","","1","1","40 01:11.208","1","0","75 09:02.246","2","0","0","0","67301","0","0","0","N","0","0","0","5","67301","0","","1.0","1410.0","1","N","N","N","0","","1","1","0","3","2","N","1337","2","2","0","0","0","0","0","2","0","2","0","0","0","3","","","N","","","","","","","","","",""
"2020026724","0020","1","0","0","0","0","0","0","0","0","1","0","","67","3","2020","3","39.894009","-75.238504","0020","6","0","0","0","0","0","0","0","0","","0","0","0","22","3","0","N","0","0","39 53:38.432","","0","75 14:18.615","9","0","0","0","67301","0","0","0","N","0","0","0","2","67301","0","","1.0","","1","N","N","N","0","","0","0","1","0","0","","2215","2","0","0","0","0","0","1","2","0","2","0","0","0","3","03","","N","","","","","","","","","",""
"2020036606","1856","2","0","0","0","0","0","0","0","0","1","1","","67","4","2020","5","39.982991","-75.099534","1851","6","0","0","0","0","0","1","0","0","","0","1","0","18","1","1","N","0","2","39 58:58.769","2","2","75 05:58.321","4","0","0","0","67301","0","0","0","N","0","0","0","5","68K01","1","","1.0","30.0","9","N","N","N","0","","0","0","1","3","2","Y","1849","4","1","1","0","0","0","0","2","0","4","0","0","0","7","","","N","","","","","","","","","",""
"2020022801","1220","5","0","0","0","0","0","0","0","0","5","0","","67","3","2020","2","40.011575","-75.076495","1213","6","0","0","0","0","0","0","0","0","","0","0","0","10","1","0","N","0","0","40 00:41.669","","0","75 04:35.383","0","0","0","0","67301","0","0","0","N","0","0","0","1","67301","0","","6.0","","1","N","N","Y","0","","0","0","0","0","0","","1045","6","0","0","0","0","0","0","2","1","6","0","0","0","3","03","","N","","","","","","","","","",""
"2020023225","0910","2","0","0","0","0","0","0","0","0","1","0","","67","3","2020","3","40.016103","-75.175646","0902","6","0","0","0","0","0","0","0","0","","0","0","0","7","1","1","N","0","0","40 00:57.969","","0","75 10:32.324","3","0","0","0","67301","0","0","0","N","0","0","0","3","67301","0","","1.0","","9","N","N","N","0","","1","0","0","0","0","","730","3","1","0","0","0","0","1","2","0","3","0","0","0","99","98","","N","","","","","","","","","",""
"2020024588","0258","0","0","0","0","0","0","0","0","0","7","0","","67","3","2020","7","39.910833","-75.173639","0258","6","0","0","0","0","0","0","0","0","","0","0","0","2","3","0","N","0","2","39 54:39.000","3","2","75 10:25.100","0","0","0","0","67301","0","0","0","N","0","0","0","4","67501","0","","4.0","400.0","9","N","N","N","0","","0","0","1","0","0","Y","258","1","0","0","0","0","0","0","2","0","1","0","0","0","3","","","N","","","","","","","","","",""
"2020017224","1825","1","0","0","0","0","0","0","0","0","5","0","","67","1","2020","4","39.898975","-75.169043","1755","6","0","0","0","0","0","1","0","0","","0","0","0","17","3","3","N","0","1","39 53:56.309","2","0","75 10:08.556","4","0","0","0","67301","0","0","0","N","0","0","0","4","68K01","3","","1.0","1942.0","1","N","N","N","0","","0","0","1","0","0","N","1754","3","3","2","0","0","0","0","2","1","3","0","0","0","3","03","","N","","","","","","","","","",""
"2020017330","1840","1","0","0","0","0","0","0","0","0","8","0","","67","2","2020","3","40.03406","-75.1829","1840","6","0","0","0","0","0","1","0","0","","0","0","0","18","3","1","","1","0","40 02:02.615","","0","75 10:58.439","4","0","0","0","67301","1","0","0","N","1","0","0","2","67301","1","","1.0","","1","N","N","N","0","","0","0","0","3","2","","1838","2","1","1","0","0","0","1","2","0","1","1","0","0","7","","","N","","","","","","","","","",""
"2020066453","1115","0","0","0","0","0","0","0","0","0","5","1","","67","8","2020","2","40.088936","-74.969569","1105","6","0","0","0","0","0","0","0","0","","0","1","0","10","1","1","N","0","1","40 05:20.169","3","7","74 58:10.448","2","0","1","1","67301","0","0","0","N","0","0","0","3","67301","0","","1.0","1449.0","1","N","N","N","0","","0","1","0","3","2","N","1055","2","1","0","0","0","0","0","2","0","2","0","0","0","3","03","","N","","","","","","","","","",""
"2020022859","1517","2","0","0","0","0","0","0","0","0","4","0","","67","3","2020","2","40.024431","-75.062811","1515","6","0","0","0","0","0","0","0","0","","0","0","0","14","1","1","","5","1","40 01:27.953","1","0","75 03:46.121","4","0","0","0","67301","0","0","0","N","0","0","0","5","67301","1","","1.0","1530.0","1","N","N","N","0","","0","0","0","3","2","N","1442","3","1","1","0","0","0","0","2","1","3","0","0","0","3","","","N","","","","","","","","","",""
"2020026736","2320","2","0","0","0","0","0","0","0","0","4","0","","67","3","2020","5","40.035268","-75.145564","2311","6","0","0","0","1","0","0","0","0","","0","0","0","23","3","0","","1","0","40 02:06.964","","0","75 08:44.032","0","0","0","0","67301","0","0","0","N","0","0","0","3","67301","0","","1.0","","1","N","N","N","0","","0","0","0","3","2","","2303","2","0","1","0","0","0","0","2","0","2","0","0","0","3","03","","N","","","","","","","","","",""
"2020027757","0111","0","0","0","0","0","0","0","0","0","7","0","","67","3","2020","1","40.069072","-75.242039","0102","6","0","0","0","0","0","1","0","0","","0","0","0","22","3","0","N","0","0","40 04:08.660","","0","75 14:31.340","0","0","0","0","67301","0","0","0","N","0","0","0","1","67301","0","","4.0","","1","N","N","N","1","","0","0","0","0","0","","2200","1","0","0","0","0","0","0","2","0","1","0","0","0","3","","","N","","","","","","","","","",""
"2020019345","1243","0","0","0","0","0","0","0","0","0","7","0","99","67","2","2020","5","39.978597","-75.213624","1234","6","0","0","0","0","0","0","0","0","","0","0","0","12","1","2","","1","0","39 58:42.950","","0","75 12:49.048","3","0","0","0","67301","0","0","0","N","0","0","0","2","67301","0","","4.0","","1","N","N","N","0","","2","0","1","3","2","","1228","1","2","0","0","0","0","0","2","0","1","0","0","0","3","","Y","Y","2","1","N","N","Y","Y","N","N","N","N"
"2020058701","0940","1","0","0","0","0","0","0","0","0","0","0","","67","7","2020","6","40.061502","-75.168873","0937","6","0","0","0","0","0","0","0","0","","0","0","0","9","1","0","N","0","0","40 03:41.408","","0","75 10:07.942","9","0","0","0","67301","0","0","0","N","0","0","0","1","67301","0","","1.0","","9","N","N","N","0","","0","0","0","0","0","","935","1","0","0","0","0","0","1","2","0","1","0","0","0","7","","","N","","","","","","","","","",""
"2020024569","1315","0","0","0","0","0","0","0","0","0","1","0","","67","3","2020","1","39.977297","-75.158231","1308","6","0","0","0","0","0","1","0","0","","0","0","0","13","1","0","","1","0","39 58:38.270","","0","75 09:29.632","9","0","0","0","67301","0","0","0","N","0","0","0","3","67301","0","","1.0","","1","N","N","N","0","","0","0","2","3","2","","1308","2","0","0","0","0","0","1","2","0","2","0","0","0","3","03","","N","","","","","","","","","",""
"2020019662","1751","1","0","0","0","0","0","0","0","0","1","0","","67","2","2020","6","40.04287","-75.024086","1733","6","0","0","0","0","0","0","1","0","","0","0","0","15","1","2","N","0","0","40 02:34.332","","0","75 01:26.710","8","0","0","0","67301","0","0","0","N","0","0","0","4","67301","0","","1.0","","1","N","N","N","0","","0","0","1","0","0","","1533","2","2","0","0","0","2","0","2","0","2","0","0","0","3","03","","N","","","","","","","","","",""
"2020058947","0120","0","0","0","0","0","0","0","0","0","1","0","","67","7","2020","1","39.965394","-75.136776","0105","6","0","0","0","0","0","1","0","0","","0","0","0","1","3","0","N","0","0","39 57:55.420","","0","75 08:12.395","0","0","0","0","67301","0","0","0","N","0","0","0","5","68K01","0","","1.0","","1","N","N","N","0","","0","0","2","0","0","","101","3","0","0","0","0","0","0","2","1","3","0","0","0","3","03","","N","","","","","","","","","",""
"2020059493","1041","2","0","0","0","0","0","0","0","0","1","0","","67","7","2020","7","39.959921","-75.179164","1036","6","1","0","0","0","0","0","0","0","","0","0","0","10","1","1","N","0","2","39 57:35.716","3","0","75 10:44.990","3","0","0","0","67301","0","0","0","N","0","0","0","3","68K01","0","","1.0","1037.0","1","N","N","N","0","","1","0","1","0","0","N","1035","3","1","0","0","0","0","0","2","0","3","0","0","0","3","03","","N","","","","","","","","","",""
"2020062720","1405","3","0","0","0","0","0","0","0","0","4","0","","67","8","2020","4","40.017588","-75.187388","1400","6","0","0","0","1","0","0","0","0","","0","1","0","13","1","0","N","0","1","40 01:03.317","3","0","75 11:14.595","0","0","0","0","67301","0","0","0","N","0","0","0","1","67301","0","","1.0","1500.0","1","N","N","N","0","","0","0","0","0","0","N","1332","4","0","0","0","0","0","0","2","0","4","0","0","0","3","03","","N","","","","","","","","","",""
"2020058960","1754","2","0","0","0","0","0","0","0","0","1","0","45","67","7","2020","5","39.9499","-75.183854","1754","6","0","0","0","0","0","1","0","0","","0","0","0","17","1","1","N","0","0","39 56:59.640","","0","75 11:01.876","8","0","0","0","67301","0","0","0","N","0","0","0","2","68K01","0","","1.0","","1","N","N","N","0","","0","0","0","0","0","","1754","2","1","0","0","0","1","0","2","0","2","0","0","0","3","03","Y","Y","4","1","N","N","Y","Y","N","N","Y","N"
"2020024677","0700","1","0","0","0","0","0","0","0","0","5","0","","67","3","2020","1","39.995197","-75.127347","0658","6","0","0","0","0","0","0","0","0","","0","0","0","6","3","0","Y","0","0","39 59:42.710","","0","75 07:38.450","0","0","0","0","67301","0","0","0","N","0","0","0","1","67301","0","","6.0","","1","N","N","N","0","","0","0","1","0","0","","655","2","0","1","0","0","0","0","2","0","2","0","0","0","3","03","","N","","","","","","","","","",""
"2020063296","1301","2","0","0","0","0","0","0","0","0","1","0","","67","8","2020","6","40.055899","-75.003128","1249","6","0","0","0","0","0","0","0","0","","0","0","0","12","1","2","N","0","0","40 03:21.238","","0","75 00:11.262","3","0","0","0","67301","0","0","0","N","0","0","0","3","67301","1","","1.0","","1","N","N","N","0","","1","0","1","0","0","","1235","3","2","0","0","0","0","0","2","0","3","0","0","0","3","03","","N","","","","","","","","","",""
"2020019829","0135","1","0","0","0","0","0","0","0","0","4","0","","67","2","2020","1","39.956294","-75.229503","0128","6","0","0","0","0","0","0","0","0","","0","0","0","1","3","0","","1","1","39 57:22.658","7","0","75 13:46.210","9","0","0","0","67301","0","0","0","N","0","0","0","2","67301","0","","1.0","15.0","1","N","N","N","0","","0","0","1","3","3","N","100","2","0","0","0","0","0","2","2","0","2","0","0","0","3","03","","N","","","","","","","","","",""
"2020022447","0010","1","0","0","0","0","0","0","0","0","5","0","","67","3","2020","2","40.016049","-75.084399","0009","6","0","0","0","0","0","0","0","0","","0","0","0","0","3","1","N","0","0","40 00:57.778","","0","75 05:03.835","3","0","0","0","67301","0","0","0","N","0","0","0","1","67301","0","","6.0","","1","N","N","N","0","","1","0","0","0","0","","0","3","1","0","0","0","0","0","2","2","3","0","0","0","3","","","N","","","","","","","","","",""
"2020059855","0208","0","0","0","0","0","0","0","0","0","1","0","","67","6","2020","7","39.898821","-75.169321","0153","6","0","0","0","0","0","0","0","0","","0","0","0","1","3","0","N","6","2","39 53:55.755","1","0","75 10:09.555","9","0","0","0","67301","0","0","0","N","0","0","0","1","68K01","0","","1.0","300.0","1","N","N","N","1","","0","0","1","0","0","N","153","2","0","0","0","0","0","1","2","0","2","0","0","0","3","03","","N","","","","","","","","","",""
"2020058797","0933","0","0","0","0","0","0","0","0","0","7","0","","67","6","2020","4","39.905761","-75.150013","0933","6","0","0","0","0","0","1","0","0","","0","0","0","8","1","0","N","0","0","39 54:20.738","","0","75 09:00.048","0","0","0","0","67301","0","0","0","N","0","0","0","2","68K01","0","","2.0","","1","N","N","N","0","","0","0","2","0","0","","811","2","0","0","0","0","0","0","2","0","2","0","0","0","3","03","","N","","","","","","","","","",""
"2020026038","0045","2","0","0","0","0","0","0","0","0","4","0","","67","3","2020","2","40.016829","-75.171426","0044","6","0","0","0","0","0","0","0","0","","0","0","0","23","3","3","N","0","0","40 01:00.585","","0","75 10:17.133","3","0","0","0","67301","0","0","0","N","0","0","0","3","67301","0","","1.0","","1","N","Y","N","0","","3","0","0","0","0","","2324","2","3","0","0","0","0","0","2","0","2","0","0","0","3","","","N","","","","","","","","","",""
"2020023463","1133","0","0","0","1","0","0","0","0","0","8","0","","67","2","2020","1","39.954583","-75.172983","1132","6","0","0","0","0","0","0","0","0","","0","0","0","11","8","1","","1","0","39 57:16.499","","0","75 10:22.738","8","0","0","0","67301","1","0","0","N","0","0","0","2","67301","0","","1.0","","1","N","N","N","0","","0","0","1","9","2","","1130","2","1","0","0","0","1","0","2","0","1","1","0","0","3","03","","N","","","","","","","","","",""
"2020022500","2248","1","0","0","0","0","0","0","0","0","7","0","","67","3","2020","1","39.907492","-75.151237","2248","6","0","0","0","0","1","0","0","0","","0","0","0","22","3","0","","2","0","39 54:26.971","","0","75 09:04.453","0","0","0","0","67301","0","0","0","N","0","0","0","1","67301","0","","3.0","","1","N","N","N","0","","0","0","0","3","2","","2248","1","0","0","0","0","0","0","2","0","1","0","0","0","3","03","","N","","","","","","","","","",""
"2020051330","1630","0","0","0","0","0","0","1","0","0","1","1","","67","6","2020","5","39.966718","-75.160533","1617","6","0","0","0","0","0","0","0","0","","0","0","0","16","1","3","N","1","0","39 58:00.185","","0","75 09:37.919","8","0","0","0","67301","0","0","0","N","0","0","0","5","67508","0","","1.0","","1","N","N","N","0","","0","0","1","0","0","","1617","2","3","1","0","0","3","0","2","0","2","0","0","0","3","","","N","","","","","","","","","",""
"2020017857","2011","2","0","0","0","0","0","0","0","0","5","0","","67","2","2020","7","39.938803","-75.169897","2001","6","0","0","0","0","0","0","0","0","","0","0","0","19","3","0","N","0","0","39 56:19.690","","0","75 10:11.630","0","0","0","0","67301","0","0","0","N","0","0","0","1","67301","0","","6.0","","1","N","N","N","0","","0","0","0","0","0","","1955","2","0","0","0","0","0","0","2","0","2","0","0","0","3","03","","N","","","","","","","","","",""
"2020026676","0045","0","0","0","1","0","0","0","0","0","8","0","","67","3","2020","1","39.981952","-75.239038","0040","6","0","0","0","0","0","0","1","0","","0","0","0","23","3","1","","1","0","39 58:55.028","","0","75 14:20.537","3","0","0","0","67301","1","0","0","N","0","0","0","2","67301","0","","1.0","","1","N","N","N","0","","1","0","1","3","2","","2345","2","1","0","0","0","0","0","2","0","1","1","0","0","3","","","N","","","","","","","","","",""
"2020023210","1251","0","0","0","0","0","0","0","0","0","7","0","","67","3","2020","2","40.045744","-75.057903","1242","6","0","0","0","0","0","0","0","0","","0","0","0","12","1","1","N","0","0","40 02:44.680","","0","75 03:28.450","4","0","0","0","67301","0","0","0","N","0","0","0","1","67301","1","","5.0","","1","N","N","N","0","","0","0","1","0","0","","1208","1","1","0","0","0","0","0","2","0","1","0","0","0","3","04","","N","","","","","","","","","",""
"2020019628","2330","2","0","0","0","0","0","0","0","0","1","0","","67","2","2020","6","40.040323","-75.058538","2320","6","0","0","0","1","0","0","0","0","","0","0","0","23","3","1","","1","2","40 02:25.164","1","0","75 03:30.737","3","0","0","0","67301","0","0","0","N","0","0","0","2","67301","0","","1.0","200.0","1","N","N","N","0","","1","0","0","3","2","N","2316","2","1","0","0","0","0","0","2","0","2","0","0","0","3","03","","N","","","","","","","","","",""
"2020059430","1152","1","0","0","0","0","0","0","0","0","5","1","","67","7","2020","5","39.972963","-75.193849","1144","6","0","0","0","0","0","0","0","0","","0","1","0","11","1","0","N","0","0","39 58:22.667","","0","75 11:37.856","0","0","0","0","67301","0","0","0","N","0","0","0","2","68K01","0","","1.0","","1","N","N","N","0","","0","0","0","0","0","","1143","2","0","0","0","0","0","0","2","0","2","0","0","0","3","03","","N","","","","","","","","","",""
"2020025628","1843","2","0","0","0","0","0","0","0","0","4","0","","67","3","2020","4","40.024732","-75.214454","1836","6","0","0","0","0","0","0","0","0","","0","0","0","18","4","0","","2","0","40 01:29.035","","0","75 12:52.034","0","0","0","0","67301","0","0","0","N","0","0","0","2","67301","0","","1.0","","1","N","N","N","0","","0","0","0","0","0","","1817","2","0","0","0","0","0","0","2","0","2","0","0","0","3","03","","N","","","","","","","","","",""
"2020063889","1053","1","0","0","0","0","0","0","0","0","1","0","","67","7","2020","2","39.966586","-75.187291","1053","6","0","0","0","0","1","0","0","0","","0","0","0","10","1","0","N","0","0","39 57:59.708","","0","75 11:14.247","9","0","0","0","67301","0","0","0","N","0","0","0","2","68K01","0","","1.0","","1","N","N","N","0","","0","0","0","0","0","","1053","2","0","0","0","0","0","1","2","0","2","0","0","0","3","03","","N","","","","","","","","","",""
"2020024778","0018","0","0","0","0","0","0","0","0","0","1","0","","67","3","2020","6","39.895561","-75.233545","0010","6","0","0","0","0","0","0","0","0","","0","0","0","0","3","1","","2","0","39 53:44.021","","0","75 14:00.761","3","0","0","0","67301","0","0","0","N","0","0","0","2","67301","0","","1.0","","1","N","N","N","0","","1","0","1","3","2","","6","2","1","0","0","0","0","0","2","1","2","0","0","0","3","03","","N","","","","","","","","","",""
"2020023436","2305","1","0","0","0","0","0","0","0","0","7","0","","67","3","2020","3","39.957428","-75.158517","2258","6","0","0","0","0","0","0","0","0","","0","0","0","22","3","0","N","0","2","39 57:26.742","4","0","75 09:30.662","0","0","0","0","67301","0","0","0","N","0","0","0","1","68K01","0","","4.0","2330.0","1","N","N","N","0","","0","0","0","0","0","N","2258","1","0","0","0","0","0","0","2","0","1","0","0","0","3","","","N","","","","","","","","","",""
"2020035671","1538","2","0","0","0","0","0","0","0","0","1","0","","67","2","2020","4","39.979672","-75.106166","1508","6","0","0","0","0","0","0","2","0","","0","0","0","14","1","0","N","0","1","39 58:46.819","1","0","75 06:22.196","0","0","0","0","67301","0","0","0","N","0","0","0","6","68K01","0","","1.0","1538.0","1","N","N","N","0","","0","0","2","0","0","N","1457","6","0","0","0","0","0","0","2","2","6","0","0","0","3","","","N","","","","","","","","","",""
"2020065242","2216","2","0","0","0","0","0","0","0","0","4","0","","67","8","2020","4","39.986369","-75.141442","2216","6","0","0","0","0","0","0","0","0","","0","0","0","22","3","0","N","0","0","39 59:10.930","","0","75 08:29.190","0","0","0","0","67301","0","0","0","N","0","0","0","2","67301","0","","1.0","","1","N","N","N","0","","0","0","0","0","0","","2201","2","0","1","0","0","0","0","2","0","2","0","0","0","3","03","","N","","","","","","","","","",""
"2020034243","0139","1","0","0","0","0","0","0","0","0","7","0","45","67","3","2020","3","39.977896","-75.111794","0134","6","0","0","0","0","0","0","0","0","","0","0","0","1","3","0","N","0","0","39 58:40.426","","0","75 06:42.459","0","0","0","0","67301","0","0","0","N","0","0","0","1","68K01","0","","4.0","","1","N","N","N","0","","0","0","0","0","0","","132","1","0","0","0","0","0","0","2","0","1","0","0","0","3","","N","Y","4","1","","","N","","","","Y","N"
"2020023209","0753","0","0","0","0","0","0","0","0","0","1","0","","67","3","2020","2","40.030192","-75.093719","0750","6","0","0","0","0","0","1","0","0","","0","0","0","7","1","0","N","0","0","40 01:48.690","","0","75 05:37.390","0","0","0","0","67301","0","0","0","N","0","0","0","3","67301","0","","1.0","","1","N","N","N","0","","0","0","2","3","2","","741","3","0","0","0","0","0","0","2","1","3","0","0","0","3","03","","N","","","","","","","","","",""
"2020033978","1820","2","0","0","0","0","0","1","0","0","4","1","","67","3","2020","2","40.034815","-75.08713","1811","6","0","0","0","0","0","1","0","0","","0","0","0","18","1","1","","1","0","40 02:05.335","","0","75 05:13.669","8","0","0","0","67301","0","0","0","N","0","0","0","4","67508","0","","1.0","","1","N","N","N","0","","0","0","0","3","2","N","1811","3","1","0","0","0","1","1","2","0","3","0","0","0","99","03","","N","","","","","","","","","",""
"2020060028","0810","1","0","0","0","0","0","1","0","0","4","1","","67","7","2020","1","40.051546","-75.1501","0803","6","0","0","0","0","0","0","0","0","","0","0","0","8","1","3","N","1","0","40 03:05.564","","0","75 09:00.360","4","0","0","0","67301","0","0","0","N","0","0","0","4","67508","3","","1.0","","1","N","N","Y","0","","0","0","0","9","2","N","803","2","3","0","0","0","0","1","2","0","2","0","0","0","3","03","","N","","","","","","","","","",""
"2020020190","1050","1","0","0","0","0","0","0","0","0","4","0","","67","2","2020","6","39.969513","-75.225371","1043","6","0","0","0","0","0","0","0","0","","0","0","0","10","1","1","","1","0","39 58:10.246","","0","75 13:31.336","3","0","0","0","67301","0","0","0","N","0","0","0","2","67301","0","","1.0","","1","N","N","N","0","","1","0","1","3","2","","1043","2","1","0","0","0","0","0","2","0","2","0","0","0","3","03","","N","","","","","","","","","",""
"2020025280","2145","2","0","0","0","0","0","0","0","0","1","0","","67","3","2020","1","40.038417","-75.130072","2142","6","0","0","0","0","0","1","0","0","","0","0","0","21","3","2","N","0","0","40 02:18.300","","0","75 07:48.260","3","0","0","0","67301","0","0","0","N","0","0","0","3","67301","0","","1.0","","1","N","N","N","0","","2","0","0","0","0","","2141","3","2","2","0","0","0","0","2","1","3","0","0","0","3","03","","N","","","","","","","","","",""
"2020043066","0549","0","0","0","0","0","0","0","0","0","1","1","","67","6","2020","2","40.010379","-75.063277","0527","6","0","0","0","1","0","2","0","0","","0","1","0","5","5","1","N","0","1","40 00:37.363","2","0","75 03:47.798","3","0","0","0","67301","0","0","0","N","0","0","0","3","68K01","0","","1.0","100.0","1","N","N","N","0","","1","0","2","0","0","N","513","3","1","1","0","0","0","0","2","0","3","0","0","0","3","","","N","","","","","","","","","",""
"2020059361","0828","0","0","0","0","0","0","0","0","0","1","0","","67","7","2020","3","39.941611","-75.194349","0815","6","0","0","0","0","0","0","1","1","","0","0","0","8","1","1","N","0","2","39 56:29.798","4","0","75 11:39.655","3","0","0","0","67301","0","0","0","N","0","0","0","3","68K01","0","","1.0","30.0","1","N","N","N","0","","1","0","1","0","0","N","815","3","1","0","0","0","0","0","2","2","3","0","0","0","3","","","N","","","","","","","","","",""
"2020019479","1031","0","0","0","0","0","0","0","0","0","8","0","","67","2","2020","3","40.00221","-75.1577","0936","6","0","0","0","0","0","0","0","0","","0","0","0","7","1","1","","1","0","40 00:07.957","","0","75 09:27.721","3","0","0","0","67301","1","0","0","N","1","0","0","2","67301","0","","1.0","","1","N","N","N","0","","1","0","0","3","2","","700","2","1","0","0","0","0","1","2","0","1","1","0","0","3","03","","N","","","","","","","","","",""
"2020066690","0934","0","0","0","0","0","0","0","0","0","1","1","","67","8","2020","2","40.020952","-75.139961","0932","6","0","0","0","0","0","1","0","0","","0","1","0","9","1","2","","1","0","40 01:15.426","","0","75 08:23.859","8","0","0","0","67301","0","0","0","N","0","0","0","3","67301","0","","1.0","","1","N","N","N","0","","0","0","1","3","2","","932","2","2","0","0","0","2","0","2","0","2","0","0","0","3","03","","N","","","","","","","","","",""
"2020022502","1215","1","0","0","0","0","0","0","0","0","1","0","","67","3","2020","2","40.042323","-75.025601","1215","6","0","0","0","0","0","0","0","0","","0","0","0","0","3","0","","1","2","40 02:32.362","2","0","75 01:32.162","0","0","0","0","67301","0","0","0","N","0","0","0","2","67301","0","","1.0","30.0","1","N","N","N","0","","0","0","1","3","2","Y","10","2","0","0","0","0","0","0","2","0","2","0","0","0","3","03","","N","","","","","","","","","",""
"2020023310","2007","0","0","0","0","0","0","0","0","0","7","0","","67","3","2020","3","40.086514","-75.034919","1959","6","0","0","0","0","0","0","0","1","","0","0","0","19","3","1","N","0","0","40 05:11.450","","0","75 02:05.710","3","0","0","0","67301","0","0","0","N","0","0","0","1","67301","0","","5.0","","1","N","N","N","0","","1","0","0","0","0","","1959","1","1","1","0","0","0","0","2","1","1","0","0","0","3","03","","N","","","","","","","","","",""
"2020062696","0249","1","0","0","0","0","0","0","0","0","1","0","","67","8","2020","4","40.025376","-75.073317","0247","6","0","0","0","0","0","0","0","0","","0","0","0","2","3","0","","1","0","40 01:31.355","","0","75 04:23.942","0","0","0","0","67301","0","0","0","N","0","0","0","2","67301","0","","1.0","","1","N","N","N","0","","0","0","1","0","0","","246","2","0","2","0","0","0","0","2","0","2","0","0","0","3","03","","N","","","","","","","","","",""
"2020025056","1435","1","0","0","0","0","0","0","0","0","7","0","","67","3","2020","6","39.919659","-75.203005","1435","6","0","0","0","0","0","0","0","0","","0","0","0","14","8","1","N","0","0","39 55:10.772","","3","75 12:10.818","3","0","0","0","67301","0","0","0","N","0","0","0","1","67301","0","","2.0","","9","N","N","N","0","","1","0","0","0","0","","1430","1","1","0","0","0","0","0","2","0","1","0","0","0","7","04","","N","","","","","","","","","",""