"CRN","ARRIVAL_TM","AUTOMOBILE_COUNT","BELTED_DEATH_COUNT","BELTED_SUSP_SERIOUS_INJ_COUNT","BICYCLE_COUNT","BICYCLE_DEATH_COUNT","BICYCLE_SUSP_SERIOUS_INJ_COUNT","BUS_COUNT","CHLDPAS_DEATH_COUNT","CHLDPAS_SUSP_SERIOUS_INJ_COUNT","COLLISION_TYPE","COMM_VEH_COUNT","CONS_ZONE_SPD_LIM","COUNTY","CRASH_MONTH","CRASH_YEAR","DAY_OF_WEEK","DEC_LATITUDE","DEC_LONGITUDE","DISPATCH_TM","DISTRICT","DRIVER_COUNT_16YR","DRIVER_COUNT_17YR","DRIVER_COUNT_18YR","DRIVER_COUNT_19YR","DRIVER_COUNT_20YR","DRIVER_COUNT_50_64YR","DRIVER_COUNT_65_74YR","DRIVER_COUNT_75PLUS","EST_HRS_CLOSED","FATAL_COUNT","HEAVY_TRUCK_COUNT","HORSE_BUGGY_COUNT","HOUR_OF_DAY","ILLUMINATION","INJURY_COUNT","INTERSECTION_RELATED","INTERSECT_TYPE","LANE_CLOSED","LATITUDE","LN_CLOSE_DIR","LOCATION_TYPE","LONGITUDE","MAX_SEVERITY_LEVEL","MCYCLE_DEATH_COUNT","MCYCLE_SUSP_SERIOUS_INJ_COUNT","MOTORCYCLE_COUNT","MUNICIPALITY","NONMOTR_COUNT","NONMOTR_DEATH_COUNT","NONMOTR_SUSP_SERIOUS_INJ_COUNT","NTFY_HIWY_MAINT","PED_COUNT","PED_DEATH_COUNT","PED_SUSP_SERIOUS_INJ_COUNT","PERSON_COUNT","POLICE_AGCY","POSSIBLE_INJ_COUNT","RDWY_SURF_TYPE_CD","RELATION_TO_ROAD","ROADWAY_CLEARED","ROAD_CONDITION","SCH_BUS_IND","SCH_ZONE_IND","SECONDARY_CRASH","SMALL_TRUCK_COUNT","SPEC_JURIS_CD","SUSP_MINOR_INJ_COUNT","SUSP_SERIOUS_INJ_COUNT","SUV_COUNT","TCD_FUNC_CD","TCD_TYPE","TFC_DETOUR_IND","TIME_OF_DAY","TOTAL_UNITS","TOT_INJ_COUNT","UNBELTED_OCC_COUNT","UNB_DEATH_COUNT","UNB_SUSP_SERIOUS_INJ_COUNT","UNK_INJ_DEG_COUNT","UNK_INJ_PER_COUNT","URBAN_RURAL","VAN_COUNT","VEHICLE_COUNT","VULNERABLE_ROAD_USER_COUNT","VULNERABLE_ROAD_USER_DEATH_COUNT","VULNERABLE_ROAD_USER_SER_INJ_COUNT","WEATHER1","WEATHER2","WORKERS_PRES","WORK_ZONE_IND","WORK_ZONE_LOC","WORK_ZONE_TYPE","WZ_CLOSE_DETOUR","WZ_FLAGGER","WZ_LAW_OFFCR_IND","WZ_LN_CLOSURE","WZ_MOVING","WZ_OTHER","WZ_SHLDER_MDN","WZ_WORKERS_INJ_KILLED"
"2020019853","1349","1","0","0","0","0","0","0","0","0","4","0","","67","2","2020","6","39.939497","-75.197849","1348","6","0","0","0","0","0","1","0","0","","0","1","0","13","1","0","","1","0","39 56:22.189","","0","75 11:52.257","0","0","0","0","67301","0","0","0","N","0","0","0","3","67301","0","","1.0","","1","N","N","N","0","","0","0","0","3","1","","1345","2","0","0","0","0","0","0","2","0","2","0","0","0","3","03","","N","","","","","","","","","",""
"2020017861","1712","0","0","0","0","0","0","0","0","0","5","0","","67","2","2020","1","39.972041","-75.124971","1708","6","0","0","0","0","0","0","0","0","","0","0","0","17","1","0","N","0","0","39 58:19.348","","0","75 07:29.894","0","0","0","0","67301","0","0","0","N","0","0","0","2","67301","0","","1.0","","1","N","N","N","0","","0","0","2","0","0","","1706","2","0","2","0","0","0","0","2","0","2","0","0","0","3","03","","N","","","","","","","","","",""
"2020025893","2332","1","0","0","0","0","0","0","0","0","1","0","","67","3","2020","3","39.974133","-75.204317","2332","6","0","0","0","0","0","0","0","0","","0","0","0","13","1","1","","1","0","39 58:26.878","","0","75 12:15.541","3","0","0","0","67301","0","0","0","N","0","0","0","2","67301","0","","1.0","","1","N","N","N","1","","1","0","0","3","2","","1310","2","1","0","0","0","0","0","2","0","2","0","0","0","3","03","","N","","","","","","","","","",""
"2020036261","0341","2","0","0","0","0","0","0","0","0","7","1","","67","4","2020","2","39.980447","-75.20576","0338","6","0","0","0","0","0","1","1","0","","0","1","0","3","3","1","N","0","1","39 58:49.608","3","0","75 12:20.737","3","0","0","0","67301","0","0","0","N","0","0","0","3","68K01","0","","4.0","400.0","9","N","N","Y","0","","1","0","0","0","0","N","337","3","1","0","0","0","0","0","2","0","3","0","0","0","3","","","N","","","","","","","","","",""
"2020019739","1322","2","0","0","0","0","0","0","0","0","4","0","","67","2","2020","6","40.059513","-75.05199","1317","6","0","0","0","0","0","1","0","2","","0","0","0","13","1","1","","1","2","40 03:34.246","5","0","75 03:07.165","3","0","0","0","67301","0","0","0","N","0","0","0","3","67301","0","","1.0","1415.0","1","N","N","N","0","","1","0","1","3","2","Y","1317","3","1","0","0","0","0","0","2","0","3","0","0","0","3","03","","N","","","","","","","","","",""
"2020062118","1840","0","0","0","0","0","0","0","0","0","1","0","","67","8","2020","1","40.034431","-75.072001","1840","6","0","0","0","0","0","1","0","0","","0","0","0","15","1","1","N","0","0","40 02:03.952","","0","75 04:19.205","8","0","0","0","67301","0","0","0","N","0","0","0","3","67301","0","","1.0","","1","N","N","N","0","","0","0","2","0","0","","1520","2","1","0","0","0","1","1","2","0","2","0","0","0","3","03","","N","","","","","","","","","",""
"2020066352","0345","1","0","0","0","0","0","0","0","0","1","1","","67","7","2020","4","39.955565","-75.141596","0339","6","0","0","0","0","0","1","0","0","","0","1","0","3","3","3","N","0","2","39 57:20.035","2","0","75 08:29.745","8","0","0","0","67301","0","0","0","N","0","0","0","4","68K01","0","","1.0","445.0","1","N","N","N","0","","0","0","0","0","0","N","338","2","3","0","0","0","3","0","2","0","2","0","0","0","3","03","","N","","","","","","","","","",""
"2020028548","1100","1","0","0","0","0","0","0","0","0","4","0","","67","3","2020","5","40.021538","-75.139814","1055","6","0","0","0","0","1","0","0","0","","0","0","0","10","1","2","","1","0","40 01:17.537","","0","75 08:23.331","8","0","0","0","67301","0","0","0","N","0","0","0","2","67301","0","","1.0","","1","N","N","N","0","","0","0","1","3","2","","1053","2","2","0","0","0","2","0","2","0","2","0","0","0","4","04","","N","","","","","","","","","",""
"2020025281","2030","1","0","0","0","0","0","0","0","0","4","0","","67","3","2020","1","40.031392","-75.152378","2030","6","0","0","0","0","0","0","0","0","","0","0","0","21","3","0","","1","0","40 01:53.011","","0","75 09:08.560","9","0","0","0","67301","0","0","0","N","0","0","0","3","67301","0","","1.0","","1","N","N","N","0","","0","0","1","3","2","","2100","2","0","0","0","0","0","1","2","0","2","0","0","0","3","03","","N","","","","","","","","","",""
"2020018014","1227","0","0","0","0","0","0","0","0","0","4","0","","67","2","2020","2","40.050667","-75.173272","1227","6","0","0","0","0","0","1","0","0","","0","0","0","12","1","0","","1","0","40 03:02.401","","0","75 10:23.780","0","0","0","0","67301","0","0","0","N","0","0","0","2","67301","0","","1.0","","1","N","N","N","1","","0","0","1","3","3","","1227","2","0","0","0","0","0","0","2","0","2","0","0","0","3","","","N","","","","","","","","","",""
"2020025549","0013","2","0","0","0","0","0","0","0","0","1","0","","67","3","2020","2","40.021529","-75.051773","0000","6","0","0","0","0","0","0","0","0","","0","0","0","16","1","2","","1","0","40 01:17.505","","0","75 03:06.381","3","0","0","0","67301","0","0","0","N","0","0","0","4","67301","0","","1.0","","1","N","N","N","0","","2","0","1","0","0","","1650","3","2","0","0","0","0","1","2","0","3","0","0","0","3","03","","N","","","","","","","","","",""
"2020059467","1713","0","0","0","0","0","0","0","0","0","7","1","","67","7","2020","2","40.030169","-75.021836","1701","6","0","0","0","0","0","0","0","0","","0","1","0","17","1","1","N","0","2","40 01:48.609","1","0","75 01:18.609","3","0","0","0","67301","0","0","0","N","0","0","0","2","68K01","0","","2.0","100.0","1","N","N","N","0","","1","0","1","0","0","N","1701","2","1","0","0","0","0","0","2","0","2","0","0","0","3","","","N","","","","","","","","","",""
"2020063609","0343","0","0","0","0","0","0","0","0","0","7","0","","67","7","2020","6","39.970361","-75.124722","0337","6","0","0","0","0","0","0","0","0","","0","0","0","3","3","1","","7","2","39 58:13.300","1","2","75 07:29.000","3","0","0","0","67301","0","0","0","N","0","0","0","1","68K01","0","","7.0","405.0","9","N","N","N","0","","1","0","1","0","0","N","325","1","1","0","0","0","0","0","2","0","1","0","0","0","7","07","","N","","","","","","","","","",""
"2020024097","1530","1","0","0","0","0","0","0","0","0","8","0","","67","3","2020","4","40.056485","-75.046402","1523","6","0","0","0","0","0","0","0","0","","0","0","0","15","1","1","","1","0","40 03:23.345","","0","75 02:47.046","3","0","0","0","67301","1","0","0","N","1","0","0","2","67301","0","","1.0","","1","N","N","N","0","","1","0","0","3","2","","1509","2","1","0","0","0","0","0","2","0","1","1","0","0","3","","","N","","","","","","","","","",""
"2020018264","0820","1","0","0","0","0","0","0","0","0","4","0","","67","2","2020","2","39.981952","-75.239038","0814","6","0","0","0","0","0","0","0","0","","0","0","0","8","1","6","","1","0","39 58:55.028","","0","75 14:20.537","4","0","0","0","67301","0","0","0","N","0","0","0","6","67301","6","","1.0","","1","N","N","N","0","","0","0","1","3","2","","805","2","6","2","0","0","0","0","2","0","2","0","0","0","3","03","","N","","","","","","","","","",""
"2020019866","0921","0","0","0","0","0","0","0","0","0","8","0","","67","2","2020","6","40.020522","-75.053729","0917","6","0","0","0","0","0","0","0","0","","0","0","0","9","1","1","","1","0","40 01:13.878","","0","75 03:13.426","3","0","0","0","67301","1","0","0","N","1","0","0","2","67301","0","","1.0","","1","N","N","N","0","","1","0","0","3","2","","915","2","1","0","0","0","0","0","2","0","1","1","0","0","3","03","","N","","","","","","","","","",""
"2020020869","2200","1","0","0","0","0","0","0","0","0","8","0","","67","2","2020","5","39.986664","-75.250626","2155","6","0","0","0","0","0","0","0","0","","0","0","0","21","3","1","","1","0","39 59:11.992","","0","75 15:02.255","8","0","0","0","67301","1","0","0","N","1","0","0","2","67301","0","","1.0","","1","N","N","N","0","","0","0","0","3","3","","2145","2","1","1","0","0","1","0","2","0","1","1","0","0","3","","","N","","","","","","","","","",""
"2020024130","1845","0","0","0","0","0","0","0","0","0","8","0","","67","3","2020","6","40.019513","-75.094408","1829","6","0","0","0","0","0","0","0","0","","0","0","0","18","6","1","","1","0","40 01:10.246","","0","75 05:39.868","4","0","0","0","67301","1","0","0","N","1","0","0","2","67301","1","","1.0","","9","N","N","N","1","","0","0","0","1","3","","1825","2","1","0","0","0","0","0","2","0","1","1","0","0","7","07","","N","","","","","","","","","",""
"2020022504","0220","1","0","0","0","0","0","0","0","0","4","0","","67","3","2020","2","39.990968","-75.131924","0220","6","0","0","0","0","0","0","0","0","","0","0","0","2","3","0","","1","0","39 59:27.484","","0","75 07:54.928","0","0","0","0","67301","0","0","0","N","0","0","0","2","67301","0","","1.0","","1","N","N","N","0","","0","0","1","0","0","","218","2","0","0","0","0","0","0","2","0","2","0","0","0","3","03","","N","","","","","","","","","",""
"2020060542","1350","1","0","0","0","0","0","0","0","0","7","0","","67","7","2020","3","39.969647","-75.261739","1337","6","0","0","0","0","0","0","0","0","","1","0","0","13","1","1","N","0","2","39 58:10.730","6","0","75 15:42.260","1","0","0","0","67301","0","0","0","N","0","0","0","2","67301","0","2","4.0","200.0","1","N","N","N","0","0","1","0","0","0","0","Y","1310","1","1","0","0","0","0","0","2","0","1","0","0","0","3","","","N","","","","","","","","","",""
"2020059449","1503","0","0","0","0","0","0","0","0","0","1","0","","67","7","2020","7","39.94601","-75.189446","1442","6","0","0","0","0","0","0","0","0","","0","0","0","13","1","1","N","0","0","39 56:45.637","","0","75 11:22.007","4","0","0","0","67301","0","0","0","N","0","0","0","2","68K01","1","","1.0","","9","N","N","N","1","","0","0","1","0","0","","1357","2","1","0","0","0","0","0","2","0","2","0","0","0","7","","","N","","","","","","","","","",""
"2020024360","1909","1","0","0","0","0","0","0","0","0","4","0","","67","3","2020","5","39.984721","-75.12028","1902","6","0","0","0","0","0","0","1","0","","0","0","0","18","3","1","N","2","0","39 59:04.996","","0","75 07:13.008","3","0","0","0","67301","0","0","0","N","0","0","0","2","67301","0","","1.0","","1","N","N","N","0","","1","0","1","0","0","","1855","2","1","0","0","0","0","0","2","0","2","0","0","0","3","03","","N","","","","","","","","","",""
"2020048726","1801","0","0","0","0","0","0","0","0","0","4","0","","67","5","2020","7","39.96787","-75.180152","1800","6","0","0","0","0","0","1","0","0","","0","0","0","17","1","1","","3","0","39 58:04.333","","0","75 10:48.546","8","0","0","1","67301","0","0","0","N","0","0","0","3","67301","0","","1.0","","1","N","N","N","0","","0","0","1","0","0","","1750","2","1","0","0","0","1","0","2","0","2","0","0","0","3","03","","N","","","","","","","","","",""
"2020033722","1645","1","0","0","0","0","0","0","0","0","7","0","","67","3","2020","1","39.904669","-75.150229","1630","6","0","0","0","0","0","0","0","0","","0","0","0","16","1","1","N","0","0","39 54:16.810","","0","75 09:00.825","3","0","0","0","67301","0","0","0","N","0","0","0","1","68K01","0","","4.0","","1","N","N","N","0","","1","0","0","9","2","","1627","1","1","0","0","0","0","0","2","0","1","0","0","0","3","03","","N","","","","","","","","","",""
"2020059881","1543","3","0","0","0","0","0","0","0","0","2","0","","67","7","2020","2","39.994035","-75.199194","1543","6","0","0","0","0","1","1","0","0","","0","0","0","15","1","2","N","0","1","39 59:38.526","3","0","75 11:57.099","3","0","0","0","67301","0","0","0","N","0","0","0","5","68K01","0","","1.0","1545.0","1","N","N","N","1","","2","0","1","0","0","N","1543","5","2","0","0","0","0","1","2","0","5","0","0","0","3","03","","N","","","","","","","","","",""
"2020018672","1533","2","0","1","0","0","0","0","0","0","4","0","","67","2","2020","3","40.059854","-75.173438","1523","6","0","0","0","0","0","0","0","0","","0","0","0","15","1","3","","1","2","40 03:35.475","7","0","75 10:24.377","2","0","0","0","67301","0","0","0","N","0","0","0","4","67301","0","","1.0","1928.0","1","N","N","N","0","","1","1","0","3","2","Y","1520","2","3","0","0","0","1","0","2","0","2","0","0","0","3","03","","N","","","","","","","","","",""
"2020029477","2016","1","0","0","0","0","0","0","0","0","7","0","","67","3","2020","1","39.98497","-75.0945","2005","6","0","0","0","0","0","0","0","0","","0","0","0","20","3","0","N","0","1","39 59:05.893","1","3","75 05:40.201","0","0","0","0","67301","0","0","0","N","0","0","0","2","68K01","0","","4.0","2100.0","1","N","N","N","0","","0","0","0","0","0","N","2004","1","0","0","0","0","0","0","2","0","1","0","0","0","3","","","N","","","","","","","","","",""
"2020058075","1556","0","0","0","0","0","0","1","0","0","8","1","","67","6","2020","6","39.953555","-75.173176","1546","6","0","0","0","0","0","0","0","0","","0","0","0","15","1","1","N","1","0","39 57:12.798","","0","75 10:23.433","8","0","0","0","67301","1","0","0","N","1","0","0","2","67508","0","","1.0","","1","N","N","Y","0","","0","0","0","3","2","N","1546","2","1","0","0","0","1","0","2","0","1","1","0","0","3","03","","N","","","","","","","","","",""
"2020046600","1244","3","0","0","0","0","0","0","0","0","4","0","","67","6","2020","6","40.067197","-75.155232","1244","6","0","0","0","0","0","1","0","0","","0","0","0","12","1","1","","1","0","40 04:01.909","","0","75 09:18.835","8","0","0","0","67301","0","0","0","N","0","0","0","2","67301","0","","1.0","","1","N","N","N","0","","0","0","0","9","3","","1244","3","1","0","0","0","1","0","2","0","3","0","0","0","3","03","","N","","","","","","","","","",""
"2020025746","0800","1","0","0","0","0","0","0","0","0","4","0","","67","3","2020","2","40.061913","-75.163162","0755","6","0","0","0","0","1","1","0","0","","0","0","0","7","1","1","","1","0","40 03:42.886","","0","75 09:47.382","3","0","0","0","67301","0","0","0","N","0","0","0","2","67301","0","","1.0","","1","N","N","N","0","","1","0","0","3","2","","730","2","1","0","0","0","0","0","2","1","2","0","0","0","3","","","N","","","","","","","","","",""
"2020025554","1655","1","0","0","0","0","0","0","0","0","4","0","","67","3","2020","2","40.033684","-75.145797","1649","6","0","0","0","0","0","0","0","0","","0","0","0","16","1","1","","1","1","40 02:01.264","3","0","75 08:44.868","4","0","0","0","67301","0","0","0","N","0","0","0","3","67301","1","","1.0","1830.0","1","N","N","N","0","","0","0","1","3","2","N","1648","2","1","0","0","0","0","0","2","0","2","0","0","0","3","03","","N","","","","","","","","","",""
"2020058942","1503","2","0","0","0","0","0","0","0","0","1","0","","67","7","2020","7","40.027126","-75.025228","1455","6","0","0","0","0","0","2","0","0","","0","0","0","14","1","0","N","0","1","40 01:37.652","1","0","75 01:30.822","0","0","0","0","67301","0","0","0","N","0","0","0","3","68K01","0","","1.0","1600.0","1","N","N","N","0","","0","0","1","0","0","N","1442","3","0","0","0","0","0","0","2","0","3","0","0","0","3","03","","N","","","","","","","","","",""
"2020017656","0036","1","0","0","0","0","0","0","0","0","7","0","","67","2","2020","7","40.001585","-75.152798","0036","6","0","0","0","0","0","0","0","0","","0","0","0","0","3","0","","1","0","40 00:05.705","","0","75 09:10.074","0","0","0","0","67301","0","0","0","N","0","0","0","1","67301","0","","3.0","","1","N","N","N","0","","0","0","0","3","2","","33","1","0","1","0","0","0","0","2","0","1","0","0","0","3","03","","N","","","","","","","","","",""
"2020020308","1902","2","0","0","0","0","0","0","0","0","4","0","","67","2","2020","6","40.063013","-75.055012","1900","6","0","0","0","0","0","0","0","1","","0","0","0","18","3","2","","1","0","40 03:46.848","","0","75 03:18.044","3","0","0","0","67301","0","0","0","N","0","0","0","4","67301","1","","1.0","","1","N","N","N","0","","1","0","0","3","3","","1855","2","2","0","0","0","0","0","2","0","2","0","0","0","3","03","","N","","","","","","","","","",""
"2020023792","2025","1","0","0","0","0","0","0","0","0","6","0","","67","3","2020","5","39.960665","-75.187209","2021","6","0","0","0","0","0","0","1","0","","0","0","0","20","3","1","N","0","2","39 57:38.395","1","0","75 11:13.954","8","0","0","0","67301","0","0","0","N","0","0","0","3","67507","0","","6.0","2100.0","1","N","N","Y","0","","0","0","1","3","8","Y","2015","3","1","0","0","0","1","0","2","1","3","0","0","0","3","03","","N","","","","","","","","","",""
"2020025451","0959","2","0","0","0","0","0","0","0","0","4","0","","67","3","2020","5","39.962851","-75.222263","0959","6","0","0","0","0","0","0","1","0","","0","0","0","9","1","1","","1","2","39 57:46.263","2","0","75 13:20.146","8","0","0","0","67301","0","0","0","N","0","0","0","2","67301","0","","1.0","1005.0","1","N","N","N","0","","0","0","0","3","3","Y","938","2","1","0","0","0","1","1","2","0","2","0","0","0","3","03","","N","","","","","","","","","",""
"2020025688","0730","1","0","0","0","0","0","0","0","0","1","0","","67","3","2020","3","39.977032","-75.199115","0729","6","0","0","0","0","0","0","0","0","","0","0","0","7","1","0","N","0","0","39 58:37.314","","0","75 11:56.814","0","0","0","0","67301","0","0","0","N","0","0","0","5","68K01","0","","1.0","","1","N","N","N","0","","0","0","1","0","0","","729","2","0","0","0","0","0","0","2","0","2","0","0","0","3","03","","N","","","","","","","","","",""
"2020060551","1230","0","0","0","0","0","0","0","0","0","8","1","","67","7","2020","3","39.985794","-75.111547","1155","6","0","0","0","0","0","0","0","0","","1","1","0","11","1","0","N","1","2","39 59:08.858","7","0","75 06:41.568","1","0","0","0","67301","1","1","0","N","1","1","0","2","67301","0","2","1.0","1330.0","1","N","N","N","0","0","0","0","0","3","2","Y","1155","2","0","0","0","0","0","0","2","0","1","1","1","0","3","03","","N","","","","","","","","","",""
"2020025311","1708","2","0","0","0","0","0","0","0","0","5","0","","67","3","2020","1","39.932197","-75.183119","1707","6","0","0","0","0","0","0","0","0","","0","0","0","17","1","0","N","0","2","39 55:55.910","2","0","75 10:59.230","0","0","0","0","67301","0","0","0","N","0","0","0","1","67301","0","","1.0","1836.0","1","N","N","N","0","","0","0","0","0","0","N","1706","2","0","0","0","0","0","0","2","0","2","0","0","0","3","","","N","","","","","","","","","",""
"2020028895","1823","1","0","0","0","0","0","0","0","0","4","0","","67","3","2020","3","39.948019","-75.240411","1823","6","0","0","0","0","0","1","0","0","","0","0","0","18","1","0","N","0","0","39 56:52.870","","0","75 14:25.480","0","0","0","0","67301","0","0","0","N","0","0","0","2","67301","0","","1.0","","1","N","N","N","1","","0","0","0","9","9","","1823","2","0","0","0","0","0","0","2","0","2","0","0","0","3","03","","N","","","","","","","","","",""
"2020016617","1205","1","0","0","0","0","0","0","0","0","5","0","","67","2","2020","2","39.945194","-75.232836","1157","6","0","0","0","0","0","0","0","0","","0","0","0","11","1","0","N","0","0","39 56:42.700","","0","75 13:58.210","9","0","0","0","67301","0","0","0","N","0","0","0","1","67301","0","","6.0","","9","N","N","N","0","","0","0","2","0","0","","1145","3","0","0","0","0","0","1","2","0","3","0","0","0","7","07","","N","","","","","","","","","",""
"2020016850","1122","2","0","0","0","0","0","0","0","0","4","0","","67","2","2020","5","40.009272","-75.122186","1118","6","0","0","0","0","0","1","0","0","","0","0","0","11","1","0","N","0","0","40 00:33.378","","7","75 07:19.871","0","0","0","0","67301","0","0","0","N","0","0","0","1","67301","0","","1.0","","9","N","N","N","0","","0","0","0","0","0","","1118","2","0","1","0","0","0","0","2","0","2","0","0","0","7","04","","N","","","","","","","","","",""
"2020029293","1635","1","0","0","0","0","0","0","0","0","7","0","","67","2","2020","1","39.945634","-75.142585","1628","6","0","0","0","1","0","0","0","0","","0","0","0","16","1","2","N","0","1","39 56:44.284","2","0","75 08:33.307","4","0","0","0","67301","0","0","0","N","0","0","0","2","68K01","2","","4.0","30.0","1","N","N","N","0","","0","0","0","0","0","N","1626","1","2","0","0","0","0","0","2","0","1","0","0","0","3","","","N","","","","","","","","","",""
"2020019976","1247","2","0","0","0","0","0","0","0","0","4","0","","67","2","2020","7","40.085335","-75.210409","1240","6","0","1","0","0","0","0","1","0","","0","0","0","12","1","1","","3","0","40 05:07.207","","0","75 12:37.474","8","0","0","0","67301","0","0","0","N","0","0","0","2","67301","0","","1.0","","99","N","N","N","0","","0","0","0","9","2","","1240","2","1","0","0","0","1","0","2","0","2","0","0","0","3","03","","N","","","","","","","","","",""
"2020060978","1314","0","0","0","0","0","0","0","0","0","8","0","","67","7","2020","6","40.064269","-75.152661","1313","6","0","0","0","0","0","0","0","0","","0","0","0","13","1","1","N","0","0","40 03:51.370","","0","75 09:09.580","3","0","0","0","67301","1","0","0","N","1","0","0","2","67301","0","","1.0","","9","N","N","N","0","","1","0","1","0","0","","1311","2","1","0","0","0","0","0","2","0","1","1","0","0","4","07","","N","","","","","","","","","",""
"2020006822","0820","1","0","0","0","0","0","0","0","0","1","0","","67","1","2020","6","40.049062","-75.096116","0814","6","0","0","0","0","0","2","0","0","","0","0","0","8","1","1","N","0","1","40 02:56.623","1","0","75 05:46.018","3","0","0","0","67301","0","0","0","N","0","0","0","3","67301","0","","1.0","840.0","1","N","N","N","0","","1","0","2","0","0","N","808","3","1","0","0","0","0","0","2","0","3","0","0","0","4","","","N","","","","","","","","","",""
"2020052084","2320","1","0","0","0","0","0","0","0","0","5","1","","67","6","2020","4","39.888355","-75.217167","2313","6","0","0","0","0","0","1","0","0","","0","1","0","23","3","0","N","0","0","39 53:18.077","","0","75 13:01.800","0","0","0","0","67301","0","0","0","N","0","0","0","2","68K01","0","","1.0","","1","N","N","N","0","","0","0","0","0","0","","2311","2","0","0","0","0","0","0","2","0","2","0","0","0","3","03","","N","","","","","","","","","",""
"2020052054","1821","1","0","0","0","0","0","0","0","0","1","0","","67","6","2020","5","39.95851","-75.166859","1813","6","0","0","0","0","0","0","0","1","","0","0","0","17","1","0","N","0","0","39 57:30.635","","0","75 10:00.692","0","0","0","0","67301","0","0","0","N","0","0","0","2","68K01","0","","1.0","","1","N","N","N","0","","0","0","1","0","0","","1746","2","0","0","0","0","0","0","2","0","2","0","0","0","3","03","","N","","","","","","","","","",""
"2020025277","1839","2","0","0","0","0","0","0","0","0","1","0","","67","3","2020","2","40.05195","-75.179628","1839","6","0","0","0","0","0","1","0","0","","0","0","0","18","1","3","","1","0","40 03:07.021","","0","75 10:46.660","3","0","0","0","67301","0","0","0","N","0","0","0","4","67301","0","","1.0","","1","N","N","N","0","","3","0","0","2","3","","1839","2","3","0","0","0","0","0","2","0","2","0","0","0","3","","","N","","","","","","","","","",""
"2020023669","1852","0","0","0","0","0","0","0","0","0","7","0","","67","3","2020","3","39.9067","-75.183391","1851","6","0","0","0","0","0","0","0","0","","0","0","0","18","3","2","","2","0","39 54:24.119","","0","75 11:00.207","8","0","0","0","67301","0","0","0","N","0","0","0","2","67301","0","","2.0","","9","N","N","N","0","","0","0","0","3","2","","1851","1","2","0","0","0","2","0","2","1","1","0","0","0","5","","","N","","","","","","","","","",""
"2020019226","0951","1","0","0","0","0","0","0","0","0","4","0","","67","2","2020","3","39.965289","-75.201546","0949","6","0","0","0","0","0","1","0","0","","0","0","0","9","1","1","","1","0","39 57:55.040","","0","75 12:05.565","8","0","0","0","67301","0","0","0","N","0","0","0","2","67301","0","","1.0","","1","N","N","N","0","","0","0","1","2","3","","948","2","1","0","0","0","1","0","2","0","2","0","0","0","3","03","","N","","","","","","","","","",""
"2020059206","0905","1","0","0","0","0","0","0","0","0","1","1","","67","7","2020","6","39.905344","-75.194607","0856","6","0","0","0","0","0","1","0","0","","0","1","0","7","1","1","N","0","0","39 54:19.238","","0","75 11:40.584","3","0","0","0","67301","0","0","0","N","0","0","0","4","67301","0","","1.0","","9","N","N","N","0","","1","0","0","0","0","","745","2","1","1","0","0","0","0","2","0","2","0","0","0","7","04","","N","","","","","","","","","",""
"2020018182","1909","2","0","0","0","0","0","0","0","0","5","0","","67","2","2020","2","40.027654","-75.171808","1904","6","0","0","0","0","1","0","0","0","","0","0","0","19","3","2","N","0","0","40 01:39.556","","0","75 10:18.510","3","0","0","0","67301","0","0","0","N","0","0","0","2","67301","0","","6.0","","1","N","N","N","0","","2","0","1","0","0","","1900","3","2","0","0","0","0","0","2","0","3","0","0","0","3","03","","N","","","","","","","","","",""
"2020023147","1520","2","0","0","0","0","0","0","0","0","4","0","","67","3","2020","3","40.007552","-75.086033","1411","6","0","0","0","0","0","0","0","0","","0","0","0","13","1","1","N","0","1","40 00:27.187","2","0","75 05:09.718","8","0","0","0","67301","0","0","0","N","0","0","0","2","67301","0","","1.0","1520.0","9","N","N","N","0","","0","0","0","0","0","N","1358","2","1","0","0","0","1","1","2","0","2","0","0","0","7","03","","N","","","","","","","","","",""
"2020058769","1653","1","0","0","0","0","0","0","0","0","7","0","","67","7","2020","6","39.990242","-75.165158","1635","6","0","0","0","0","0","0","0","0","","0","0","0","16","1","0","N","0","0","39 59:24.870","","0","75 09:54.570","0","0","0","0","67301","0","0","0","N","0","0","0","0","67301","0","","5.0","","9","N","N","N","0","","0","0","0","0","0","","1604","1","0","0","0","0","0","0","2","0","1","0","0","0","7","04","","N","","","","","","","","","",""
"2020058959","1554","2","0","0","0","0","0","0","0","0","1","0","","67","7","2020","5","40.002663","-75.194454","1545","6","0","0","0","1","0","0","0","0","","0","0","0","14","1","1","N","0","0","40 00:09.586","","0","75 11:40.035","8","0","0","0","67301","0","0","0","N","0","0","0","2","68K01","0","","3.0","","1","N","N","N","0","","0","0","0","0","0","","1455","2","1","0","0","0","1","0","2","0","2","0","0","0","3","","","N","","","","","","","","","",""
"2020067610","2300","1","0","0","0","0","0","0","0","0","1","0","","67","8","2020","2","39.956305","-75.141517","2300","6","0","0","0","0","1","1","0","0","","0","0","0","23","3","1","N","0","1","39 57:22.697","2","0","75 08:29.462","3","0","0","0","67301","0","0","0","N","0","0","0","3","68K01","0","","1.0","30.0","1","N","N","Y","0","","1","0","1","3","1","N","2300","2","1","0","0","0","0","0","2","0","2","0","0","0","3","03","","N","","","","","","","","","",""