"CRN","ARRIVAL_TM","AUTOMOBILE_COUNT","BELTED_DEATH_COUNT","BELTED_SUSP_SERIOUS_INJ_COUNT","BICYCLE_COUNT","BICYCLE_DEATH_COUNT","BICYCLE_SUSP_SERIOUS_INJ_COUNT","BUS_COUNT","CHLDPAS_DEATH_COUNT","CHLDPAS_SUSP_SERIOUS_INJ_COUNT","COLLISION_TYPE","COMM_VEH_COUNT","CONS_ZONE_SPD_LIM","COUNTY","CRASH_MONTH","CRASH_YEAR","DAY_OF_WEEK","DEC_LATITUDE","DEC_LONGITUDE","DISPATCH_TM","DISTRICT","DRIVER_COUNT_16YR","DRIVER_COUNT_17YR","DRIVER_COUNT_18YR","DRIVER_COUNT_19YR","DRIVER_COUNT_20YR","DRIVER_COUNT_50_64YR","DRIVER_COUNT_65_74YR","DRIVER_COUNT_75PLUS","EST_HRS_CLOSED","FATAL_COUNT","HEAVY_TRUCK_COUNT","HORSE_BUGGY_COUNT","HOUR_OF_DAY","ILLUMINATION","INJURY_COUNT","INTERSECTION_RELATED","INTERSECT_TYPE","LANE_CLOSED","LATITUDE","LN_CLOSE_DIR","LOCATION_TYPE","LONGITUDE","MAX_SEVERITY_LEVEL","MCYCLE_DEATH_COUNT","MCYCLE_SUSP_SERIOUS_INJ_COUNT","MOTORCYCLE_COUNT","MUNICIPALITY","NONMOTR_COUNT","NONMOTR_DEATH_COUNT","NONMOTR_SUSP_SERIOUS_INJ_COUNT","NTFY_HIWY_MAINT","PED_COUNT","PED_DEATH_COUNT","PED_SUSP_SERIOUS_INJ_COUNT","PERSON_COUNT","POLICE_AGCY","POSSIBLE_INJ_COUNT","RDWY_SURF_TYPE_CD","RELATION_TO_ROAD","ROADWAY_CLEARED","ROAD_CONDITION","SCH_BUS_IND","SCH_ZONE_IND","SECONDARY_CRASH","SMALL_TRUCK_COUNT","SPEC_JURIS_CD","SUSP_MINOR_INJ_COUNT","SUSP_SERIOUS_INJ_COUNT","SUV_COUNT","TCD_FUNC_CD","TCD_TYPE","TFC_DETOUR_IND","TIME_OF_DAY","TOTAL_UNITS","TOT_INJ_COUNT","UNBELTED_OCC_COUNT","UNB_DEATH_COUNT","UNB_SUSP_SERIOUS_INJ_COUNT","UNK_INJ_DEG_COUNT","UNK_INJ_PER_COUNT","URBAN_RURAL","VAN_COUNT","VEHICLE_COUNT","VULNERABLE_ROAD_USER_COUNT","VULNERABLE_ROAD_USER_DEATH_COUNT","VULNERABLE_ROAD_USER_SER_INJ_COUNT","WEATHER1","WEATHER2","WORKERS_PRES","WORK_ZONE_IND","WORK_ZONE_LOC","WORK_ZONE_TYPE","WZ_CLOSE_DETOUR","WZ_FLAGGER","WZ_LAW_OFFCR_IND","WZ_LN_CLOSURE","WZ_MOVING","WZ_OTHER","WZ_SHLDER_MDN","WZ_WORKERS_INJ_KILLED"
"2020025863","1538","2","0","0","0","0","0","0","0","0","1","0","","67","3","2020","5","39.993309","-75.186024","1533","6","0","0","0","0","0","1","1","0","","0","0","0","15","1","2","","1","0","39 59:35.912","","0","75 11:09.686","3","0","0","0","67301","0","0","0","N","0","0","0","4","67301","0","","1.0","","1","N","N","N","0","","2","0","0","3","3","","1532","2","2","2","0","0","0","0","2","0","2","0","0","0","3","03","","N","","","","","","","","","",""
"2020064004","1615","1","0","0","0","0","0","0","0","0","5","1","","67","7","2020","6","39.996145","-75.082669","1605","6","0","0","0","0","0","0","0","0","","0","1","0","16","1","1","N","0","1","39 59:46.123","1","0","75 04:57.608","8","0","0","0","67301","0","0","0","N","0","0","0","2","68K01","0","","1.0","1700.0","9","N","N","N","0","","0","0","0","0","0","Y","1603","2","1","0","0","0","1","0","2","0","2","0","0","0","7","","","N","","","","","","","","","",""
"2020025895","2017","1","0","0","0","0","0","0","0","0","4","0","","67","3","2020","4","39.966575","-75.239816","2016","6","0","0","0","1","0","0","0","0","","0","0","0","20","3","2","","1","0","39 57:59.670","","0","75 14:23.337","3","0","0","0","67301","0","0","0","N","0","0","0","2","67301","1","","1.0","","1","N","N","N","0","","1","0","1","2","2","","2010","2","2","0","0","0","0","0","2","0","2","0","0","0","3","03","","N","","","","","","","","","",""
"2020018878","1647","1","0","0","0","0","0","0","0","0","1","0","","67","2","2020","4","39.956753","-75.198386","1647","6","0","0","0","0","0","0","0","0","","0","0","0","16","1","1","N","0","0","39 57:24.312","","0","75 11:54.191","8","0","0","0","67301","0","0","0","N","0","0","0","2","67504","0","","1.0","","2","N","N","N","1","","0","0","0","3","2","","1635","2","1","0","0","0","1","0","2","0","2","0","0","0","3","03","","N","","","","","","","","","",""
"2020060873","1130","1","0","0","0","0","0","0","0","0","4","0","","67","7","2020","5","40.061508","-75.147981","1126","6","0","0","0","0","0","0","0","0","","0","0","0","11","1","1","N","0","0","40 03:41.430","","0","75 08:52.730","3","0","0","0","67301","0","0","0","N","0","0","0","1","67301","0","","2.0","","1","N","N","N","0","","1","0","1","0","0","","1123","2","1","0","0","0","0","0","2","0","2","0","0","0","3","","","N","","","","","","","","","",""
"2020024977","1250","2","0","0","0","0","0","0","0","0","4","0","","67","3","2020","3","39.97741","-75.159132","1245","6","0","0","0","2","0","0","0","0","","0","0","0","12","1","0","N","1","0","39 58:38.677","","0","75 09:32.876","9","0","0","0","67301","0","0","0","N","0","0","0","2","67505","0","","1.0","","9","N","N","N","0","","0","0","0","3","3","","1230","2","0","0","0","0","0","1","2","0","2","0","0","0","7","03","","N","","","","","","","","","",""
"2020024463","1910","0","0","1","0","0","0","0","0","0","1","0","","67","3","2020","6","39.925313","-75.176932","1905","6","0","0","0","0","0","1","0","0","","0","0","0","19","3","2","N","0","0","39 55:31.127","","0","75 10:36.954","2","0","0","0","67301","0","0","0","N","0","0","0","4","67301","0","","1.0","","9","N","N","N","0","","1","1","1","0","0","","1903","2","2","0","0","0","0","0","2","0","2","0","0","0","7","","","N","","","","","","","","","",""
"2020017815","1747","0","0","0","0","0","0","0","0","0","7","0","","67","2","2020","1","40.071277","-75.049258","1743","6","0","0","0","0","0","0","0","0","","0","0","0","17","3","0","N","0","0","40 04:16.596","","0","75 02:57.328","0","0","0","0","67301","0","0","0","N","0","0","0","1","67301","0","","3.0","","1","N","N","N","1","","0","0","0","0","0","","1741","1","0","0","0","0","0","0","2","0","1","0","0","0","3","03","","N","","","","","","","","","",""
"2020059150","0203","1","0","0","0","0","0","0","0","0","4","0","","67","7","2020","1","39.927421","-75.231712","0153","6","0","0","0","0","0","0","0","0","","0","0","0","1","3","1","N","1","0","39 55:38.715","","0","75 13:54.163","8","0","0","0","67301","0","0","0","N","0","0","0","3","67508","0","","1.0","","1","N","N","N","0","","0","0","0","3","2","N","153","2","1","0","0","0","1","0","2","0","2","0","0","0","3","","","N","","","","","","","","","",""
"2020063744","1940","0","0","0","0","0","0","0","0","0","8","0","","67","8","2020","7","39.967494","-75.229083","1934","6","0","0","0","0","0","0","0","0","","0","0","0","18","1","1","N","0","0","39 58:02.980","","0","75 13:44.700","4","0","0","0","67301","1","0","0","N","1","0","0","1","67301","1","","1.0","","1","N","N","N","0","","0","0","0","0","0","","1855","2","1","0","0","0","0","0","2","0","1","1","0","0","3","03","","N","","","","","","","","","",""
"2020065126","0039","1","0","0","0","0","0","0","0","0","4","0","","67","7","2020","7","40.021739","-75.139756","0022","6","0","0","0","0","0","0","0","0","","1","0","0","22","3","0","","1","0","40 01:18.260","","0","75 08:23.123","1","1","0","1","67301","0","0","0","N","0","0","0","2","67301","0","2","1.0","","1","N","N","N","0","0","0","0","0","3","2","","2259","2","0","0","0","0","0","0","2","0","2","0","0","0","3","03","","N","","","","","","","","","",""
"2020063862","1309","1","0","0","0","0","0","0","0","0","7","0","","67","8","2020","1","40.016741","-75.083858","1309","6","0","0","0","0","0","1","0","0","","0","0","0","13","1","1","","3","0","40 01:00.267","","0","75 05:01.888","4","0","0","0","67301","0","0","0","N","0","0","0","1","67301","1","","2.0","","1","N","N","N","0","","0","0","0","3","2","","1309","1","1","0","0","0","0","0","2","0","1","0","0","0","3","","","N","","","","","","","","","",""
"2020023311","2215","2","0","0","0","0","0","0","0","0","6","0","","67","2","2020","6","39.948733","-75.178831","2215","6","0","0","0","0","0","1","0","0","","0","0","0","22","3","1","N","0","0","39 56:55.440","","0","75 10:43.790","3","0","0","0","67301","0","0","0","N","0","0","0","1","67301","0","","6.0","","1","N","N","N","0","","1","0","0","0","0","","2215","2","1","0","0","0","0","0","2","0","2","0","0","0","3","03","","N","","","","","","","","","",""
"2020026636","1440","1","0","0","0","0","0","0","0","0","5","0","","67","3","2020","1","39.985939","-75.168867","1431","6","0","0","0","0","0","0","0","0","","0","0","0","13","1","0","N","0","0","39 59:09.380","","0","75 10:07.920","0","0","0","0","67301","0","0","0","N","0","0","0","1","67301","0","","6.0","","1","N","N","N","0","","0","0","0","0","0","","1358","2","0","0","0","0","0","0","2","0","2","0","0","0","3","03","","N","","","","","","","","","",""
"2020026219","2114","1","0","0","0","0","0","0","0","0","4","0","","67","3","2020","3","40.033656","-75.063639","2113","6","0","0","0","0","0","0","0","0","","0","0","0","21","3","0","","5","0","40 02:01.162","","0","75 03:49.102","0","0","0","0","67301","0","0","0","N","0","0","0","2","67301","0","","1.0","","1","N","N","N","0","","0","0","1","9","2","","2113","2","0","0","0","0","0","0","2","0","2","0","0","0","4","04","","N","","","","","","","","","",""
"2020023313","0812","1","0","0","0","0","0","0","0","0","4","0","","67","3","2020","4","39.991043","-75.168557","0756","6","0","0","0","0","0","1","0","0","","0","0","0","6","1","0","","1","0","39 59:27.754","","0","75 10:06.805","9","0","0","0","67301","0","0","0","N","0","0","0","2","67301","0","","1.0","","1","N","N","N","0","","0","0","0","3","2","","659","2","0","0","0","0","0","2","2","1","2","0","0","0","3","03","","N","","","","","","","","","",""
"2020026679","0157","1","0","0","0","0","0","0","0","0","4","0","","67","3","2020","1","40.027544","-75.146423","0154","6","0","0","0","0","0","0","0","0","","0","0","0","1","3","0","","1","0","40 01:39.158","","0","75 08:47.122","9","0","0","0","67301","0","0","0","N","0","0","0","3","67301","0","","1.0","","9","N","N","N","1","","0","0","1","3","2","","153","3","0","0","0","0","0","1","2","0","3","0","0","0","7","07","","N","","","","","","","","","",""
"2020058807","0607","1","0","0","0","0","0","0","0","0","1","0","","67","7","2020","5","39.972605","-75.193588","0556","6","0","0","0","0","0","1","0","0","","0","0","0","5","1","1","N","0","1","39 58:21.377","4","0","75 11:36.915","8","0","0","0","67301","0","0","0","N","0","0","0","2","68K01","0","","1.0","612.0","1","N","N","N","0","","0","0","1","0","0","N","555","2","1","0","0","0","1","0","2","0","2","0","0","0","3","","","N","","","","","","","","","",""
"2020024257","0925","1","0","0","0","0","0","0","0","0","4","0","","67","3","2020","7","40.024675","-75.17056","0920","6","0","0","0","0","0","1","0","0","","0","0","0","8","1","0","","1","0","40 01:28.829","","0","75 10:14.015","0","0","0","0","67301","0","0","0","N","0","0","0","3","67301","0","","1.0","","1","N","N","N","0","","0","0","1","3","3","","855","2","0","0","0","0","0","0","2","0","2","0","0","0","3","","","N","","","","","","","","","",""
"2020024415","2345","1","0","0","0","0","0","0","0","0","8","0","","67","3","2020","5","40.045265","-75.125618","2340","6","0","0","0","0","0","0","0","0","","0","0","0","19","3","1","","1","0","40 02:42.955","","0","75 07:32.224","2","0","0","0","67301","1","0","1","N","1","0","1","2","67301","0","","1.0","","1","N","N","N","0","","0","1","0","3","2","","1915","2","1","0","0","0","0","0","2","0","1","1","0","1","3","03","","N","","","","","","","","","",""
"2020023673","0723","3","0","0","0","0","0","0","0","0","5","0","","67","3","2020","4","39.925474","-75.244542","0721","6","0","0","0","0","0","0","0","0","","0","0","0","7","1","0","N","0","1","39 55:31.705","2","0","75 14:40.351","0","0","0","0","67301","0","0","0","N","0","0","0","1","67301","0","","6.0","30.0","1","N","N","N","0","","0","0","1","0","0","N","719","4","0","0","0","0","0","0","2","0","4","0","0","0","3","03","","N","","","","","","","","","",""
"2020025448","2020","1","0","0","0","0","0","0","0","0","4","0","","67","3","2020","2","39.916732","-75.17306","2015","6","0","0","0","0","0","0","0","0","","0","0","0","20","3","1","","1","0","39 55:00.236","","0","75 10:23.017","3","0","0","0","67301","0","0","0","N","0","0","0","2","67301","0","","1.0","","1","N","N","N","0","","1","0","2","3","2","","2000","3","1","0","0","0","0","0","2","0","3","0","0","0","3","03","","N","","","","","","","","","",""
"2020018671","2045","1","0","0","1","0","0","0","0","0","8","0","","67","2","2020","1","39.943837","-75.237835","2036","6","0","0","0","0","0","0","0","0","","0","0","0","20","3","1","","1","0","39 56:37.812","","0","75 14:16.207","8","0","0","0","67301","1","0","0","N","0","0","0","2","67301","0","","1.0","","1","N","N","N","0","","0","0","0","0","0","","2034","2","1","1","0","0","1","0","2","0","1","1","0","0","3","03","","N","","","","","","","","","",""
"2020017912","0030","1","0","0","0","0","0","0","0","0","8","0","","67","2","2020","1","40.041979","-75.074918","0020","6","0","0","0","0","0","0","0","0","","0","0","0","22","3","1","N","0","0","40 02:31.123","","0","75 04:29.704","8","0","0","0","67301","1","0","0","N","1","0","0","2","67301","0","","1.0","","1","N","N","N","0","","0","0","0","9","9","","2250","2","1","0","0","0","1","1","2","0","1","1","0","0","3","03","","N","","","","","","","","","",""
"2020019865","2135","1","0","0","0","0","0","0","0","0","1","0","","67","2","2020","7","40.056199","-75.155542","2129","6","0","0","0","0","0","0","0","0","","0","0","0","20","3","1","","1","0","40 03:22.316","","0","75 09:19.951","3","0","0","0","67301","0","0","0","N","0","0","0","4","67301","0","","1.0","","1","N","N","N","0","","1","0","0","0","0","","2047","2","1","0","0","0","0","0","2","0","2","0","0","0","3","03","","N","","","","","","","","","",""
"2020063661","0848","3","0","0","0","0","0","0","0","0","5","0","","67","8","2020","1","39.907508","-75.183225","0838","6","0","0","0","0","0","0","0","0","","0","0","0","8","1","0","N","0","0","39 54:27.030","","0","75 10:59.610","0","0","0","0","67301","0","0","0","N","0","0","0","1","67301","0","","6.0","","1","N","N","N","0","","0","0","0","0","0","","836","3","0","0","0","0","0","0","2","0","3","0","0","0","3","","","N","","","","","","","","","",""
"2020060194","0159","1","0","0","0","0","0","0","0","0","7","1","","67","7","2020","6","40.033828","-75.019734","0150","6","0","0","0","0","0","0","0","0","","0","1","0","1","3","1","N","0","1","40 02:01.779","1","0","75 01:11.041","3","0","0","0","67301","0","0","0","N","0","0","0","2","68K01","0","","4.0","600.0","9","N","N","Y","0","","1","0","0","0","0","N","147","2","1","0","0","0","0","0","2","0","2","0","0","0","7","01","","N","","","","","","","","","",""
"2020023890","0700","1","0","0","0","0","0","0","0","0","0","0","","67","3","2020","6","39.91925","-75.189639","0655","6","0","0","0","0","0","0","0","0","","0","0","0","6","1","0","N","0","1","39 55:09.300","4","3","75 11:22.700","0","0","0","0","67301","0","0","0","N","0","0","0","1","67501","0","","2.0","748.0","1","N","N","N","0","","0","0","0","0","0","N","655","1","0","0","0","0","0","0","2","0","1","0","0","0","4","","","N","","","","","","","","","",""
"2020028377","1448","0","0","0","0","0","0","0","0","0","4","1","","67","3","2020","6","39.989302","-75.131252","1448","6","0","0","0","0","0","0","0","0","","0","1","0","14","1","0","","1","0","39 59:21.487","","0","75 07:52.507","0","0","0","0","67301","0","0","0","N","0","0","0","2","67301","0","","1.0","","1","N","N","N","1","","0","0","0","3","2","","1448","2","0","0","0","0","0","0","2","0","2","0","0","0","3","","","N","","","","","","","","","",""
"2020057212","1646","0","0","0","0","0","0","0","0","0","1","0","","67","6","2020","2","39.957816","-75.16143","1630","6","0","1","0","0","0","1","0","0","","0","0","0","16","1","0","N","0","1","39 57:28.137","4","0","75 09:41.147","0","0","0","0","67301","0","0","0","N","0","0","0","6","68K01","0","","1.0","1650.0","1","N","N","N","1","","0","0","1","0","0","N","1627","4","0","0","0","0","0","0","2","2","4","0","0","0","3","","","N","","","","","","","","","",""
"2020018015","1943","1","0","0","0","0","0","0","0","0","5","0","","67","2","2020","6","39.962858","-75.202348","1943","6","0","0","0","0","0","0","0","0","","0","0","0","19","3","5","N","1","2","39 57:46.289","6","0","75 12:08.453","2","0","0","0","67301","0","0","0","N","0","0","0","7","67301","2","","1.0","2338.0","1","N","N","N","0","","0","1","1","3","2","Y","1938","3","5","1","0","0","2","1","2","1","3","0","0","0","3","03","","N","","","","","","","","","",""
"2020063969","1846","1","0","0","0","0","0","0","0","0","4","0","","67","8","2020","1","40.012311","-75.150574","1843","6","0","0","0","0","0","0","0","0","","0","0","0","18","1","2","","1","0","40 00:44.321","","0","75 09:02.067","3","0","0","0","67301","0","0","0","N","0","0","0","2","67301","0","","1.0","","1","N","N","Y","0","","2","0","1","3","2","","1840","2","2","0","0","0","0","0","2","0","2","0","0","0","3","","","N","","","","","","","","","",""
"2020065276","1700","2","0","0","0","0","0","0","0","0","1","0","","67","8","2020","3","40.023885","-75.131731","1655","6","0","0","0","0","0","1","0","0","","0","0","0","16","1","1","N","0","0","40 01:25.985","","0","75 07:54.232","8","0","0","0","67301","0","0","0","N","0","0","0","3","67301","0","","1.0","","1","N","N","N","0","","0","0","1","3","2","","1650","3","1","0","0","0","1","0","2","0","3","0","0","0","3","03","","N","","","","","","","","","",""
"2020056802","0830","0","0","0","0","0","0","0","0","0","5","1","","67","7","2020","5","39.984649","-75.236722","0817","6","0","0","0","0","0","0","0","0","","0","1","0","7","1","1","N","0","0","39 59:04.737","","0","75 14:12.200","3","0","0","1","67301","0","0","0","N","0","0","0","1","67301","0","","6.0","","1","N","N","N","0","","1","0","0","0","0","","745","2","1","0","0","0","0","0","2","0","2","0","0","0","3","03","","N","","","","","","","","","",""
"2020024779","1152","0","0","0","0","0","0","0","0","0","4","0","","67","3","2020","1","39.933508","-75.240138","1149","6","0","0","0","0","0","1","0","0","","0","0","0","3","3","0","N","0","0","39 56:00.630","","0","75 14:24.496","0","0","0","0","67301","0","0","0","N","0","0","0","2","67301","0","","1.0","","99","N","N","N","0","","0","0","1","0","0","","300","2","0","0","0","0","0","0","2","0","2","0","0","0","3","","","N","","","","","","","","","",""
"2020027803","2328","2","0","0","0","0","0","0","0","0","5","0","45","67","3","2020","6","39.975038","-75.116508","2305","6","0","0","0","0","0","0","0","0","","0","0","0","22","3","0","N","0","2","39 58:30.137","1","0","75 06:59.427","9","0","0","0","67301","0","0","0","N","0","0","0","4","68K01","0","","1.0","30.0","9","N","N","N","0","","0","0","1","0","0","N","2215","4","0","0","0","0","0","1","2","0","4","0","0","0","7","","N","Y","4","1","","","N","","","","Y","N"
"2020025553","1612","1","0","0","0","0","0","0","0","0","8","0","","67","3","2020","4","39.97404","-75.165452","1608","6","0","0","0","0","0","0","0","0","","0","0","0","16","1","1","","1","0","39 58:26.545","","0","75 09:55.626","3","0","0","0","67301","1","0","0","N","1","0","0","2","67301","0","","1.0","","1","N","Y","N","0","","1","0","0","3","3","","1607","2","1","0","0","0","0","0","2","0","1","1","0","0","4","","","N","","","","","","","","","",""
"2020067017","1448","1","0","0","0","0","0","0","0","0","2","0","","67","8","2020","7","39.976833","-75.208947","1423","6","0","0","0","0","0","0","0","0","","0","0","0","14","1","1","N","0","0","39 58:36.600","","0","75 12:32.210","8","0","0","1","67301","0","0","0","N","0","0","0","5","67301","0","","1.0","","1","N","N","N","0","","0","0","0","0","0","","1410","2","1","0","0","0","1","0","2","0","2","0","0","0","4","04","","N","","","","","","","","","",""
"2020022288","0547","3","0","0","0","0","0","0","0","0","5","0","","67","3","2020","1","39.961429","-75.191168","0546","6","0","0","0","0","0","0","0","0","","0","0","0","5","3","0","N","0","2","39 57:41.144","6","0","75 11:28.205","0","0","0","0","67301","0","0","0","N","0","0","0","1","67507","0","","6.0","700.0","1","N","N","Y","0","","0","0","2","0","0","Y","540","5","0","1","0","0","0","0","2","0","5","0","0","0","3","03","","N","","","","","","","","","",""
"2020018262","2035","2","0","0","0","0","0","0","0","0","4","0","","67","2","2020","2","40.074464","-75.03495","2031","6","0","0","0","0","0","0","0","0","","0","0","0","20","4","3","","1","0","40 04:28.071","","0","75 02:05.821","3","0","0","0","67301","0","0","0","N","0","0","0","5","67301","0","","1.0","","1","N","N","N","0","","3","0","0","9","9","","2030","2","3","5","0","0","0","0","2","0","2","0","0","0","3","03","","N","","","","","","","","","",""
"2020019527","1654","1","0","0","0","0","0","0","0","0","4","0","","67","2","2020","6","40.00468","-75.152126","1653","6","0","0","0","0","0","0","0","0","","0","0","0","16","1","0","N","1","0","40 00:16.847","","0","75 09:07.652","0","0","0","0","67301","0","0","0","N","0","0","0","4","67505","0","","1.0","","1","N","N","N","0","","0","0","1","3","2","","1652","2","0","0","0","0","0","0","2","0","2","0","0","0","3","03","","N","","","","","","","","","",""
"2020024413","1230","1","0","0","0","0","0","0","0","0","4","0","","67","3","2020","7","40.032077","-75.081228","1218","6","0","0","0","0","0","0","0","0","","0","0","0","12","1","1","","1","0","40 01:55.477","","0","75 04:52.420","4","0","0","0","67301","0","0","0","N","0","0","0","4","67301","1","","1.0","","1","N","N","N","0","","0","0","2","3","3","","1215","3","1","0","0","0","0","0","2","0","3","0","0","0","3","03","","N","","","","","","","","","",""
"2020026961","0815","1","0","0","0","0","0","0","0","0","6","0","","67","3","2020","5","39.97166","-75.190035","0808","6","0","0","0","0","0","0","1","0","","0","0","0","8","1","3","N","0","1","39 58:17.976","5","0","75 11:24.125","2","0","0","0","67301","0","0","0","N","0","0","0","3","67301","0","","1.0","1143.0","1","N","N","N","0","","1","2","1","3","1","Y","800","2","3","0","0","0","0","0","2","0","2","0","0","0","3","03","","N","","","","","","","","","",""
"2020022795","1116","2","0","0","0","0","0","0","0","0","4","0","","67","3","2020","2","40.04727","-75.167746","1102","6","0","0","0","0","0","0","0","0","","0","0","0","9","1","2","","1","0","40 02:50.173","","0","75 10:03.884","3","0","0","0","67301","0","0","0","N","0","0","0","4","67301","0","","1.0","","1","N","N","N","0","","2","0","0","3","2","","909","2","2","1","0","0","0","0","2","0","2","0","0","0","3","03","","N","","","","","","","","","",""
"2020003777","2017","2","0","0","0","0","0","0","0","0","5","0","","67","1","2020","6","40.010745","-75.162793","2016","6","0","0","0","0","0","0","0","0","","0","0","0","20","3","0","N","0","0","40 00:38.682","","0","75 09:46.053","0","0","0","0","67301","0","0","0","N","0","0","0","3","67301","0","","1.0","","1","N","N","N","0","","0","0","0","0","0","","2014","2","0","0","0","0","0","0","2","0","2","0","0","0","3","03","","N","","","","","","","","","",""
"2020051230","1515","0","0","0","0","0","0","0","0","0","1","1","","67","6","2020","5","39.966292","-75.187096","1515","6","0","0","0","0","0","2","0","0","","0","1","0","15","1","1","N","0","0","39 57:58.650","","0","75 11:13.546","3","0","0","1","67301","0","0","0","N","0","0","0","2","68K01","0","","1.0","","1","N","Y","N","0","","1","0","0","0","0","","1507","2","1","0","0","0","0","0","2","0","2","0","0","0","3","03","","N","","","","","","","","","",""
"2020066781","1315","0","0","0","0","0","0","0","0","0","8","2","","67","8","2020","5","39.991687","-75.127092","1300","6","0","0","0","0","0","0","0","0","","0","2","0","13","1","1","N","0","0","39 59:30.073","","0","75 07:37.531","2","0","0","0","67301","1","0","1","N","1","0","1","2","67301","0","","1.0","","1","N","N","N","0","","0","1","0","0","0","","1300","3","1","0","0","0","0","0","2","0","2","1","0","1","3","03","","N","","","","","","","","","",""
"2020066365","1850","2","0","0","0","0","0","0","0","0","5","0","","67","8","2020","7","39.926491","-75.186022","1843","6","0","0","0","0","0","0","0","0","","0","0","0","18","4","1","N","1","0","39 55:35.367","","0","75 11:09.679","4","0","0","0","67301","0","0","0","N","0","0","0","2","67301","1","","1.0","","1","N","N","N","0","","0","0","0","0","0","","1830","2","1","2","0","0","0","0","2","0","2","0","0","0","3","03","","N","","","","","","","","","",""
"2020026855","1015","2","0","0","0","0","0","0","0","0","1","0","","67","3","2020","7","39.991444","-75.084969","1000","6","0","0","0","0","0","1","0","0","","0","0","0","9","1","0","","2","0","39 59:29.199","","0","75 05:05.889","9","0","0","0","67301","0","0","0","N","0","0","0","2","67301","0","","1.0","","1","N","N","N","0","","0","0","0","0","0","","940","2","0","0","0","0","0","1","2","0","2","0","0","0","3","","","N","","","","","","","","","",""
"2020026493","1610","0","0","0","0","0","0","0","0","0","4","0","","67","3","2020","7","39.970153","-75.145021","1557","6","0","0","0","0","0","0","0","0","","0","0","0","15","1","0","","1","0","39 58:12.552","","0","75 08:42.076","0","0","0","0","67301","0","0","0","N","0","0","0","2","67301","0","","1.0","","1","N","N","N","0","","0","0","1","3","2","","1546","2","0","0","0","0","0","0","2","1","2","0","0","0","3","03","","N","","","","","","","","","",""
"2020025634","1218","1","0","0","0","0","0","0","0","0","4","0","","67","3","2020","2","39.997352","-75.089528","1218","6","0","0","0","0","0","1","0","0","","0","0","0","11","1","1","","1","0","39 59:50.466","","0","75 05:22.299","8","0","0","0","67301","0","0","0","N","0","0","0","2","67301","0","","1.0","","99","N","N","N","0","","0","0","1","9","2","","1110","2","1","0","0","0","1","0","2","0","2","0","0","0","99","","","N","","","","","","","","","",""
"2020026179","0024","2","0","0","0","0","0","0","0","0","4","0","","67","3","2020","4","39.957511","-75.217339","0015","6","0","0","1","0","0","0","0","0","","0","0","0","23","3","0","","1","1","39 57:27.041","3","0","75 13:02.421","0","0","0","0","67301","0","0","0","N","0","0","0","3","67301","0","","1.0","120.0","1","N","N","N","0","","0","0","0","3","2","N","2330","2","0","1","0","0","0","0","2","0","2","0","0","0","3","","","N","","","","","","","","","",""
"2020066343","1800","1","0","0","0","0","0","0","0","0","1","0","","67","8","2020","1","39.958201","-75.164433","1747","6","0","0","0","0","0","0","0","0","","0","0","0","17","1","1","N","0","0","39 57:29.524","","0","75 09:51.959","8","0","0","0","67301","0","0","0","N","0","0","0","2","68K01","0","","1.0","","1","N","N","N","0","","0","0","1","0","0","","1747","2","1","0","0","0","1","0","2","0","2","0","0","0","3","03","","N","","","","","","","","","",""
"2020065122","0735","0","0","0","0","0","0","0","0","0","8","0","","67","8","2020","4","39.9482","-75.16443","0728","6","0","0","0","0","0","0","0","0","","0","0","0","6","1","1","","1","0","39 56:53.519","","0","75 09:51.947","4","0","0","0","67301","1","0","0","N","0","0","0","1","67301","1","","1.0","","1","N","N","N","0","","0","0","0","9","2","","630","2","1","0","0","0","0","0","2","0","1","1","0","0","3","","","N","","","","","","","","","",""
"2020024891","0603","1","0","0","0","0","0","0","0","0","5","0","","67","3","2020","1","40.045865","-75.060478","0601","6","0","0","0","0","0","0","0","0","","0","0","0","5","3","0","N","0","1","40 02:45.113","1","0","75 03:37.722","9","0","0","0","67301","0","0","0","N","0","0","0","1","67301","0","","6.0","745.0","1","N","N","N","0","","0","0","1","0","0","N","559","3","0","0","0","0","0","1","2","1","3","0","0","0","3","","","N","","","","","","","","","",""
"2020050785","0800","1","0","0","0","0","0","0","0","0","1","0","","67","6","2020","2","40.034008","-75.074324","0746","6","0","0","0","0","0","1","0","0","","0","0","0","7","1","0","N","0","0","40 02:02.429","","0","75 04:27.568","0","0","0","0","67301","0","0","0","N","0","0","0","3","67301","0","","1.0","","1","N","N","N","0","","0","0","1","9","2","","739","2","0","0","0","0","0","0","2","0","2","0","0","0","3","03","","N","","","","","","","","","",""
"2020059461","2145","0","0","0","0","0","0","0","0","0","1","0","","67","7","2020","1","39.959346","-75.17359","2137","6","0","0","0","0","0","0","0","0","","0","0","0","21","3","7","N","0","1","39 57:33.646","4","0","75 10:24.923","8","0","0","0","67301","0","0","0","N","0","0","0","9","68K01","0","","1.0","2230.0","1","N","N","N","0","","0","0","3","0","0","N","2136","4","7","0","0","0","7","0","2","1","4","0","0","0","3","03","","N","","","","","","","","","",""