"CRN","ARRIVAL_TM","AUTOMOBILE_COUNT","BELTED_DEATH_COUNT","BELTED_SUSP_SERIOUS_INJ_COUNT","BICYCLE_COUNT","BICYCLE_DEATH_COUNT","BICYCLE_SUSP_SERIOUS_INJ_COUNT","BUS_COUNT","CHLDPAS_DEATH_COUNT","CHLDPAS_SUSP_SERIOUS_INJ_COUNT","COLLISION_TYPE","COMM_VEH_COUNT","CONS_ZONE_SPD_LIM","COUNTY","CRASH_MONTH","CRASH_YEAR","DAY_OF_WEEK","DEC_LATITUDE","DEC_LONGITUDE","DISPATCH_TM","DISTRICT","DRIVER_COUNT_16YR","DRIVER_COUNT_17YR","DRIVER_COUNT_18YR","DRIVER_COUNT_19YR","DRIVER_COUNT_20YR","DRIVER_COUNT_50_64YR","DRIVER_COUNT_65_74YR","DRIVER_COUNT_75PLUS","EST_HRS_CLOSED","FATAL_COUNT","HEAVY_TRUCK_COUNT","HORSE_BUGGY_COUNT","HOUR_OF_DAY","ILLUMINATION","INJURY_COUNT","INTERSECTION_RELATED","INTERSECT_TYPE","LANE_CLOSED","LATITUDE","LN_CLOSE_DIR","LOCATION_TYPE","LONGITUDE","MAX_SEVERITY_LEVEL","MCYCLE_DEATH_COUNT","MCYCLE_SUSP_SERIOUS_INJ_COUNT","MOTORCYCLE_COUNT","MUNICIPALITY","NONMOTR_COUNT","NONMOTR_DEATH_COUNT","NONMOTR_SUSP_SERIOUS_INJ_COUNT","NTFY_HIWY_MAINT","PED_COUNT","PED_DEATH_COUNT","PED_SUSP_SERIOUS_INJ_COUNT","PERSON_COUNT","POLICE_AGCY","POSSIBLE_INJ_COUNT","RDWY_SURF_TYPE_CD","RELATION_TO_ROAD","ROADWAY_CLEARED","ROAD_CONDITION","SCH_BUS_IND","SCH_ZONE_IND","SECONDARY_CRASH","SMALL_TRUCK_COUNT","SPEC_JURIS_CD","SUSP_MINOR_INJ_COUNT","SUSP_SERIOUS_INJ_COUNT","SUV_COUNT","TCD_FUNC_CD","TCD_TYPE","TFC_DETOUR_IND","TIME_OF_DAY","TOTAL_UNITS","TOT_INJ_COUNT","UNBELTED_OCC_COUNT","UNB_DEATH_COUNT","UNB_SUSP_SERIOUS_INJ_COUNT","UNK_INJ_DEG_COUNT","UNK_INJ_PER_COUNT","URBAN_RURAL","VAN_COUNT","VEHICLE_COUNT","VULNERABLE_ROAD_USER_COUNT","VULNERABLE_ROAD_USER_DEATH_COUNT","VULNERABLE_ROAD_USER_SER_INJ_COUNT","WEATHER1","WEATHER2","WORKERS_PRES","WORK_ZONE_IND","WORK_ZONE_LOC","WORK_ZONE_TYPE","WZ_CLOSE_DETOUR","WZ_FLAGGER","WZ_LAW_OFFCR_IND","WZ_LN_CLOSURE","WZ_MOVING","WZ_OTHER","WZ_SHLDER_MDN","WZ_WORKERS_INJ_KILLED"
"2020018664","1855","0","0","0","0","0","0","0","0","0","8","0","","67","2","2020","3","39.945152","-75.142029","1823","6","0","0","0","0","0","0","0","0","","0","0","0","18","3","1","","1","0","39 56:42.548","","0","75 08:31.305","8","0","0","0","67301","1","0","0","N","1","0","0","2","67301","0","","1.0","","1","N","N","N","0","","0","0","1","3","2","","1805","2","1","0","0","0","1","0","2","0","1","1","0","0","3","03","","N","","","","","","","","","",""
"2020058955","1049","0","0","0","0","0","0","0","0","0","1","2","","67","7","2020","3","39.95679","-75.154064","0953","6","0","0","0","0","0","1","0","0","","0","2","0","9","1","0","N","0","2","39 57:24.444","3","0","75 09:14.631","0","0","0","0","67301","0","0","0","N","0","0","0","2","68K01","0","","1.0","100.0","1","N","N","N","0","","0","0","0","0","0","Y","945","2","0","0","0","0","0","0","2","0","2","0","0","0","3","03","","N","","","","","","","","","",""
"2020020465","1549","1","0","0","0","0","0","0","0","0","7","0","","67","2","2020","6","39.959035","-75.247488","1539","6","0","0","0","0","0","0","0","0","","0","0","0","15","1","1","N","0","0","39 57:32.526","","0","75 14:50.958","3","0","0","0","67301","0","0","0","N","0","0","0","1","67301","0","","5.0","","1","N","N","N","0","","1","0","0","0","0","","1537","1","1","0","0","0","0","0","2","0","1","0","0","0","3","","","N","","","","","","","","","",""
"2020021258","1606","1","0","0","0","0","0","0","0","0","8","0","","67","2","2020","6","40.034144","-75.22915","1605","6","0","0","0","0","0","0","0","0","","0","0","0","15","1","1","N","0","0","40 02:02.920","","0","75 13:44.940","3","0","0","0","67301","1","0","0","N","1","0","0","2","67301","0","","1.0","","1","N","N","N","0","","1","0","0","0","0","","1530","2","1","1","0","0","0","0","2","0","1","1","0","0","3","03","","N","","","","","","","","","",""
"2020017714","1246","2","0","0","0","0","0","0","0","0","4","0","","67","2","2020","7","40.050494","-75.155453","1238","6","0","0","0","0","0","0","0","0","","0","0","0","12","1","0","","1","0","40 03:01.778","","0","75 09:19.630","9","0","0","0","67301","0","0","0","N","0","0","0","2","67301","0","","1.0","","1","N","N","N","0","","0","0","0","3","3","","1211","2","0","0","0","0","0","1","2","0","2","0","0","0","3","","","N","","","","","","","","","",""
"2020027605","1841","1","0","0","0","0","0","0","0","0","1","0","","67","2","2020","6","39.98528","-75.208184","1835","6","0","0","0","0","0","1","0","0","","0","0","0","18","3","0","N","0","1","39 59:07.008","4","0","75 12:29.462","0","0","0","0","67301","0","0","0","N","0","0","0","2","68K01","0","","1.0","1850.0","1","N","N","N","0","","0","0","1","0","0","N","1833","2","0","0","0","0","0","0","2","0","2","0","0","0","3","","","N","","","","","","","","","",""
"2020060869","1124","0","0","0","0","0","0","0","0","0","2","0","","67","7","2020","6","40.10257","-75.02886","1119","6","0","0","0","0","0","1","0","0","","0","0","0","11","1","2","","1","0","40 06:09.252","","0","75 01:43.896","3","0","0","0","67301","0","0","0","N","0","0","0","2","67301","0","","1.0","","9","N","N","N","1","","1","0","1","9","2","","1106","2","2","0","0","0","1","0","2","0","2","0","0","0","7","07","","N","","","","","","","","","",""
"2020027987","2115","0","0","0","0","0","0","0","0","0","8","0","","67","3","2020","5","40.016016","-75.134969","2107","6","0","0","0","0","0","0","0","0","","0","0","0","19","3","1","N","0","0","40 00:57.659","","0","75 08:05.890","8","0","0","0","67301","1","0","0","N","1","0","0","2","67301","0","","1.0","","9","N","N","N","0","","0","0","1","3","2","","1915","2","1","0","0","0","1","0","2","0","1","1","0","0","7","","","N","","","","","","","","","",""
"2020058808","1029","1","0","0","0","0","0","0","0","0","1","0","","67","7","2020","5","39.973427","-75.193991","1027","6","0","0","0","0","0","0","0","0","","0","0","0","10","1","1","N","0","1","39 58:24.337","3","0","75 11:38.366","3","0","0","0","67301","0","0","0","N","0","0","0","4","68K01","0","","1.0","1030.0","1","N","N","N","0","","1","0","2","0","0","N","1027","4","1","0","0","0","0","0","2","1","4","0","0","0","3","03","","N","","","","","","","","","",""
"2020024957","2115","1","0","0","0","0","0","0","0","0","4","0","","67","3","2020","2","39.983906","-75.186354","2110","6","0","0","0","0","0","1","0","0","","0","0","0","21","3","0","","1","0","39 59:02.061","","0","75 11:10.874","9","0","0","0","67301","0","0","0","N","0","0","0","2","67301","0","","1.0","","1","N","N","N","0","","0","0","0","3","2","","2100","2","0","0","0","0","0","1","2","0","2","0","0","0","3","03","","N","","","","","","","","","",""
"2020024609","0205","1","0","0","0","0","0","0","0","0","1","0","","67","3","2020","2","40.040499","-75.058879","0204","6","0","0","0","0","0","1","0","0","","0","0","0","2","3","2","","1","2","40 02:25.798","2","0","75 03:31.964","4","0","0","0","67301","0","0","0","N","0","0","0","3","67301","1","","1.0","315.0","1","N","N","N","0","","0","0","1","2","2","N","202","2","2","1","0","0","1","1","2","0","2","0","0","0","3","03","","N","","","","","","","","","",""
"2020019050","1535","1","0","0","0","0","0","0","0","0","1","0","","67","2","2020","4","40.054819","-75.010443","1529","6","0","0","0","0","0","0","1","0","","0","0","0","15","1","0","N","0","1","40 03:17.349","4","0","75 00:37.595","0","0","0","0","67301","0","0","0","N","0","0","0","3","67301","0","","1.0","1720.0","1","N","N","N","1","","0","0","0","0","0","N","1525","2","0","0","0","0","0","0","2","0","2","0","0","0","3","","","N","","","","","","","","","",""
"2020017859","1845","2","0","0","0","0","0","0","0","0","1","0","","67","2","2020","7","40.022353","-75.139606","1845","6","0","0","0","0","0","0","0","0","","0","0","0","18","3","1","Y","0","0","40 01:20.470","","0","75 08:22.580","3","0","0","0","67301","0","0","0","N","0","0","0","2","67301","0","","1.0","","1","N","N","N","0","","1","0","0","3","1","","1845","2","1","0","0","0","0","0","2","0","2","0","0","0","3","03","","N","","","","","","","","","",""
"2020058980","2230","1","0","0","0","0","0","0","0","0","7","0","","67","7","2020","6","39.983583","-75.097801","2214","6","0","0","0","0","0","0","0","0","","0","0","0","22","3","2","N","0","0","39 59:00.898","","0","75 05:52.084","8","0","0","0","67301","0","0","0","N","0","0","0","2","68K01","0","","4.0","","9","N","N","N","0","","0","0","0","0","0","","2201","1","2","0","0","0","2","0","2","0","1","0","0","0","7","03","","N","","","","","","","","","",""
"2020019584","2030","1","0","0","1","0","0","0","0","0","8","0","","67","2","2020","6","39.986286","-75.156264","2030","6","0","0","0","0","0","0","0","0","","0","0","0","20","3","1","","1","0","39 59:10.631","","0","75 09:22.550","3","0","0","0","67301","1","0","0","N","0","0","0","2","67505","0","","1.0","","1","N","N","N","0","","1","0","0","3","2","","2030","2","1","0","0","0","0","0","2","0","1","1","0","0","3","03","","N","","","","","","","","","",""
"2020051907","1100","1","0","0","0","0","0","1","0","0","4","1","","67","6","2020","4","39.966051","-75.205556","1050","6","0","0","0","0","0","0","0","0","","0","0","0","10","1","1","","1","0","39 57:57.785","","0","75 12:20.003","4","0","0","0","67301","0","0","0","N","0","0","0","2","67508","1","","1.0","","1","N","N","N","0","","0","0","0","9","3","N","1050","2","1","1","0","0","0","0","2","0","2","0","0","0","2","","","N","","","","","","","","","",""
"2020060520","1913","1","0","0","0","0","0","0","0","0","7","0","","67","7","2020","6","39.892192","-75.256058","1852","6","0","0","0","0","0","0","0","0","","0","0","0","18","1","1","N","0","0","39 53:31.890","","0","75 15:21.810","3","0","0","0","67301","0","0","0","N","0","0","0","1","67301","0","","9.0","","1","N","N","N","0","","1","0","0","9","9","","1815","1","1","1","0","0","0","0","2","0","1","0","0","0","3","03","","N","","","","","","","","","",""
"2020060513","1024","2","0","0","0","0","0","0","0","0","4","0","","67","7","2020","5","40.095433","-75.016122","1022","6","0","0","0","0","0","0","0","0","","0","0","0","10","1","2","N","0","0","40 05:43.560","","6","75 00:58.040","3","0","0","0","67301","0","0","0","N","0","0","0","2","67301","0","","1.0","","1","N","N","N","0","","1","0","0","0","0","","1020","2","2","1","0","0","1","0","2","0","2","0","0","0","3","03","","N","","","","","","","","","",""
"2020031448","0125","1","0","0","0","0","0","0","0","0","4","1","","67","4","2020","1","39.987686","-75.142515","0121","6","0","0","0","0","0","0","0","0","","0","1","0","1","3","0","","1","0","39 59:15.669","","0","75 08:33.053","0","0","0","0","67301","0","0","0","N","0","0","0","2","67301","0","","1.0","","1","N","N","N","0","","0","0","0","3","3","","121","3","0","0","0","0","0","0","2","0","3","0","0","0","3","03","","N","","","","","","","","","",""
"2020032682","0845","0","0","0","0","0","0","1","0","0","4","1","","67","3","2020","7","40.027881","-75.060153","0841","6","0","0","0","0","0","0","0","0","","0","0","0","8","1","1","","1","0","40 01:40.371","","99","75 03:36.552","4","0","0","0","67301","0","0","0","N","0","0","0","3","67508","1","","1.0","","1","N","N","N","0","","0","0","0","3","2","N","840","2","1","0","0","0","0","0","2","1","2","0","0","0","3","03","","N","","","","","","","","","",""
"2020024131","1923","1","0","0","0","0","0","0","0","0","8","0","","67","3","2020","6","40.036582","-75.040634","1920","6","0","0","0","0","0","0","0","0","","0","0","0","19","3","1","N","0","0","40 02:11.696","","0","75 02:26.284","8","0","0","0","67301","1","0","0","N","1","0","0","2","67301","0","","1.0","","9","N","N","N","0","","0","0","0","0","0","","1916","2","1","0","0","0","1","0","2","0","1","1","0","0","7","","","N","","","","","","","","","",""
"2020024871","1629","1","0","0","0","0","0","0","0","0","4","0","","67","3","2020","2","40.063063","-75.086585","1621","6","0","0","0","0","0","1","0","1","","0","0","0","16","1","0","","1","0","40 03:47.028","","0","75 05:11.707","0","0","0","0","67301","0","0","0","N","0","0","0","2","67301","0","","1.0","","1","N","N","N","0","","0","0","1","3","2","","1619","2","0","0","0","0","0","0","2","0","2","0","0","0","3","03","","N","","","","","","","","","",""
"2020026555","1312","7","0","0","0","0","0","0","0","0","5","0","","67","3","2020","7","40.022233","-75.117053","1312","6","0","0","0","0","0","0","0","0","","0","0","0","13","1","0","N","0","0","40 01:20.040","","0","75 07:01.390","0","0","0","0","67301","0","0","0","N","0","0","0","1","67301","0","","6.0","","1","N","N","N","0","","0","0","1","0","0","","1310","9","0","0","0","0","0","0","2","1","9","0","0","0","3","03","","N","","","","","","","","","",""
"2020019599","1410","1","0","0","0","0","0","0","0","0","5","0","","67","2","2020","1","40.056485","-75.046402","1403","6","0","0","0","0","0","0","0","0","","0","0","0","14","1","0","","1","1","40 03:23.345","1","0","75 02:47.046","0","0","0","0","67301","0","0","0","N","0","0","0","2","67301","0","","1.0","45.0","1","N","N","N","0","","0","0","1","3","2","N","1402","2","0","2","0","0","0","0","2","0","2","0","0","0","3","","","N","","","","","","","","","",""
"2020024124","2351","2","0","0","0","0","0","0","0","0","4","0","","67","3","2020","6","39.945919","-75.240041","2351","6","0","0","0","0","0","0","0","0","","0","0","0","22","3","1","","1","0","39 56:45.307","","0","75 14:24.149","4","0","0","0","67301","0","0","0","N","0","0","0","3","67301","1","","1.0","","9","N","N","N","0","","0","0","0","9","2","","2239","3","1","0","0","0","0","0","2","0","3","0","0","0","7","","","N","","","","","","","","","",""
"2020024464","1137","1","0","0","1","0","0","0","0","0","8","0","","67","3","2020","7","39.920635","-75.153823","1133","6","0","0","0","0","0","0","0","0","","0","0","0","11","1","1","","1","0","39 55:14.286","","0","75 09:13.762","4","0","0","0","67301","1","0","0","N","0","0","0","2","67301","1","","1.0","","1","N","N","N","0","","0","0","0","3","3","","1131","2","1","0","0","0","0","0","2","0","1","1","0","0","3","","","N","","","","","","","","","",""
"2020018178","1810","1","0","0","0","0","0","0","0","0","5","0","","67","2","2020","2","40.099422","-75.039083","1802","6","0","0","0","0","0","0","0","1","","0","0","0","16","1","0","N","0","0","40 05:57.920","","0","75 02:20.700","0","0","0","0","67301","0","0","0","N","0","0","0","1","67301","0","","6.0","","1","N","N","N","0","","0","0","0","0","0","","1632","2","0","0","0","0","0","0","2","1","2","0","0","0","3","03","","N","","","","","","","","","",""
"2020026262","2332","0","0","0","0","0","0","0","0","0","2","0","","67","3","2020","1","40.010225","-75.166047","2332","6","0","0","0","0","0","1","0","0","","0","0","0","22","3","1","N","0","0","40 00:36.809","","0","75 09:57.770","3","0","0","0","67301","0","0","0","N","0","0","0","2","67301","0","","1.0","","1","N","N","N","0","","1","0","1","0","0","","2256","2","1","0","0","0","0","0","2","1","2","0","0","0","3","","","N","","","","","","","","","",""
"2020027394","1432","0","0","0","0","0","0","0","0","0","4","0","","67","3","2020","7","39.988303","-75.253969","1432","6","0","1","0","0","0","0","0","0","","0","0","0","14","1","0","","1","0","39 59:17.890","","0","75 15:14.288","9","0","0","0","67301","0","0","0","N","0","0","0","3","67301","0","","1.0","","1","N","N","N","0","","0","0","1","3","2","","1400","2","0","1","0","0","0","1","2","1","2","0","0","0","3","","","N","","","","","","","","","",""
"2020067334","2336","1","0","0","0","0","0","0","0","0","7","0","","67","8","2020","4","40.035094","-75.175475","2330","6","0","0","0","0","0","0","0","0","","0","0","0","22","3","1","N","0","0","40 02:06.340","","0","75 10:31.710","8","0","0","0","67301","0","0","0","N","0","0","0","1","67301","0","","4.0","","1","N","N","N","0","","0","0","0","0","0","","2230","1","1","0","0","0","1","0","2","0","1","0","0","0","3","03","","N","","","","","","","","","",""
"2020026726","0200","2","0","0","0","0","0","0","0","0","2","0","","67","3","2020","5","39.929501","-75.243384","0200","6","0","0","0","0","0","0","0","0","","0","0","0","2","3","3","N","0","2","39 55:46.205","5","0","75 14:36.181","3","0","0","0","67301","0","0","0","N","0","0","0","3","67301","0","","1.0","500.0","1","N","N","N","0","","3","0","0","0","0","Y","200","2","3","0","0","0","0","0","2","0","2","0","0","0","3","03","","N","","","","","","","","","",""
"2020026856","1053","1","0","0","0","0","0","0","0","0","4","0","","67","3","2020","7","39.987213","-75.098251","1052","6","0","0","0","0","0","0","0","0","","0","0","0","10","1","0","","1","0","39 59:13.966","","0","75 05:53.703","0","0","0","0","67301","0","0","0","N","0","0","0","2","67301","0","","1.0","","1","N","N","N","0","","0","0","1","3","3","","1030","2","0","0","0","0","0","0","2","0","2","0","0","0","3","","","N","","","","","","","","","",""
"2020064023","0649","1","0","0","0","0","0","0","0","0","1","0","","67","7","2020","6","39.930076","-75.198104","0638","6","0","0","0","0","0","0","0","0","","0","0","0","6","1","1","N","0","0","39 55:48.272","","0","75 11:53.173","8","0","0","0","67301","0","0","0","N","0","0","0","3","68K01","0","","1.0","","9","N","N","N","0","","0","0","2","0","0","","635","3","1","1","0","0","1","0","2","0","3","0","0","0","7","","","N","","","","","","","","","",""
"2020066103","","0","0","0","0","0","0","0","0","0","5","0","","67","1","2020","6","39.894612","-75.236717","","6","0","0","0","0","0","0","0","0","","0","0","0","22","3","2","","1","0","39 53:40.603","","0","75 14:12.181","2","0","0","0","67301","0","0","0","N","0","0","0","3","00000","0","","1.0","","1","N","N","N","0","","1","1","0","9","2","","2220","2","2","0","0","0","0","0","2","0","2","0","0","0","3","","","N","","","","","","","","","",""
"2020024190","1734","1","0","0","0","0","0","0","0","0","8","0","","67","3","2020","2","40.035865","-75.139921","1408","6","0","0","0","0","0","0","0","0","","0","0","0","14","1","1","N","0","0","40 02:09.115","","0","75 08:23.716","3","0","0","0","67301","1","0","0","N","1","0","0","2","67301","0","","1.0","","1","N","N","N","0","","1","0","0","9","3","","1400","2","1","0","0","0","0","0","2","0","1","1","0","0","3","03","","N","","","","","","","","","",""
"2020024956","1550","2","0","0","0","0","0","0","0","0","1","0","","67","3","2020","2","39.986343","-75.180236","1547","6","0","0","0","0","0","0","1","0","","0","0","0","15","1","3","N","1","2","39 59:10.834","7","0","75 10:48.850","3","0","0","0","67301","1","0","0","N","1","0","0","4","67301","2","","1.0","1730.0","1","N","N","N","0","","1","0","0","3","2","Y","1540","4","3","1","0","0","0","0","2","1","3","1","0","0","3","03","","N","","","","","","","","","",""
"2020018174","0832","2","0","0","0","0","0","0","0","0","4","0","","67","2","2020","2","40.050625","-75.091638","0828","6","0","0","0","0","0","0","0","0","","0","0","0","8","1","1","","5","0","40 03:02.250","","0","75 05:29.896","4","0","0","0","67301","0","0","0","N","0","0","0","3","67301","1","","1.0","","1","N","N","N","0","","0","0","0","3","2","","821","2","1","0","0","0","0","0","2","0","2","0","0","0","3","","","N","","","","","","","","","",""
"2020023974","2120","1","0","0","0","0","0","0","0","0","4","0","","67","3","2020","5","39.899129","-75.17484","2120","6","0","0","0","0","0","0","0","0","","0","0","0","21","3","1","","2","0","39 53:56.864","","6","75 10:29.424","4","0","0","0","67301","0","0","0","N","0","0","0","2","67301","1","","1.0","","1","N","N","N","0","","0","0","1","3","2","","2117","2","1","0","0","0","0","0","2","0","2","0","0","0","3","","","N","","","","","","","","","",""
"2020063348","1557","0","0","0","0","0","0","0","0","0","5","1","","67","7","2020","5","39.994486","-75.113544","1557","6","0","0","0","0","0","0","0","0","","0","1","0","15","1","1","N","0","2","39 59:40.150","2","0","75 06:48.760","8","0","0","0","67301","0","0","0","N","0","0","0","2","67301","0","","6.0","1618.0","1","N","N","N","0","","0","0","1","0","0","Y","1535","2","1","0","0","0","1","0","2","0","2","0","0","0","3","03","","N","","","","","","","","","",""
"2020025316","0145","2","0","0","0","0","0","0","0","0","4","0","","67","3","2020","1","40.024577","-75.123187","0133","6","0","0","0","0","0","0","0","0","","0","0","0","1","3","5","","1","1","40 01:28.477","1","0","75 07:23.473","3","0","0","0","67301","0","0","0","N","0","0","0","6","67301","0","","1.0","100.0","1","N","N","N","0","","5","0","0","3","2","Y","133","2","5","0","0","0","0","0","2","0","2","0","0","0","3","","","N","","","","","","","","","",""
"2020023140","0024","1","0","0","0","0","0","0","0","0","7","0","","67","2","2020","1","39.913083","-75.243294","0017","6","0","0","0","0","0","0","0","0","","0","0","0","22","3","1","","1","0","39 54:47.100","","0","75 14:35.859","4","0","0","0","67301","0","0","0","N","0","0","0","1","67301","1","","3.0","","1","N","N","N","0","","0","0","0","3","2","","2227","1","1","0","0","0","0","0","2","0","1","0","0","0","3","03","","N","","","","","","","","","",""
"2020063861","1020","1","0","0","0","0","0","0","0","0","8","0","","67","8","2020","7","40.065936","-75.079119","1010","6","0","0","0","0","0","0","0","0","","0","0","0","10","1","1","N","0","0","40 03:57.370","","7","75 04:44.830","8","0","0","0","67301","1","0","0","N","1","0","0","2","67301","0","","1.0","","1","N","N","N","0","","0","0","0","0","0","","1009","2","1","0","0","0","1","1","2","0","1","1","0","0","3","03","","N","","","","","","","","","",""
"2020017822","1711","0","0","0","0","0","0","0","0","0","4","0","","67","2","2020","7","40.008907","-75.169088","1710","6","0","0","0","0","0","1","0","0","","0","0","0","17","1","1","","2","1","40 00:32.064","4","0","75 10:08.718","3","0","0","0","67301","0","0","0","N","0","0","0","2","67301","0","","1.0","1740.0","1","N","N","N","1","","1","0","1","0","0","N","1704","2","1","0","0","0","0","0","2","0","2","0","0","0","3","","","N","","","","","","","","","",""
"2020033124","0850","1","0","0","0","0","0","0","0","0","1","0","","67","1","2020","2","39.908721","-75.241999","0840","6","0","0","0","1","0","0","0","0","","0","0","0","8","1","1","Y","0","0","39 54:31.396","","0","75 14:31.198","4","0","0","0","67301","0","0","0","N","0","0","0","2","67301","1","","1.0","","1","N","N","N","0","","0","0","1","3","2","","815","2","1","0","0","0","0","0","2","0","2","0","0","0","3","04","","N","","","","","","","","","",""
"2020005987","0700","2","0","0","0","0","0","0","0","0","4","0","","67","1","2020","5","40.022789","-75.159023","0652","6","0","0","0","0","0","1","0","0","","0","0","0","6","5","1","","5","0","40 01:22.042","","0","75 09:32.483","8","0","0","0","67301","0","0","0","N","0","0","0","2","67301","0","","1.0","","9","N","N","N","0","","0","0","0","3","2","","650","2","1","2","0","0","1","0","2","0","2","0","0","0","3","03","","N","","","","","","","","","",""
"2020003527","1120","0","0","0","0","0","0","0","0","0","4","0","","67","1","2020","6","39.956586","-75.152414","1117","6","0","0","0","0","0","1","0","0","","0","0","0","11","1","0","","1","0","39 57:23.709","","0","75 09:08.690","0","0","0","0","67301","0","0","0","N","0","0","0","5","67301","0","","1.0","","1","N","N","N","0","","0","0","2","3","2","","1116","3","0","0","0","0","0","0","2","1","3","0","0","0","3","03","","N","","","","","","","","","",""
"2020019831","1210","1","0","0","0","0","0","0","0","0","7","0","","67","2","2020","7","40.006963","-75.146246","1207","6","0","0","0","0","0","0","0","0","","0","0","0","11","1","0","","1","0","40 00:25.066","","0","75 08:46.485","9","0","0","0","67301","0","0","0","N","0","0","0","1","67301","0","","5.0","","1","N","N","N","0","","0","0","0","0","0","","1158","1","0","0","0","0","0","1","2","0","1","0","0","0","3","03","","N","","","","","","","","","",""
"2020065338","2215","0","0","0","0","0","0","0","0","0","8","0","","67","7","2020","3","39.996854","-75.116526","2215","6","0","0","0","0","0","0","0","0","","1","0","0","22","3","0","N","0","2","39 59:48.675","7","0","75 06:59.494","1","0","0","0","67301","1","1","0","N","1","1","0","2","67301","0","2","1.0","1140.0","1","N","N","N","0","0","0","0","1","0","0","N","2215","2","0","0","0","0","0","0","2","0","1","1","1","0","3","03","","N","","","","","","","","","",""
"2020025866","1617","2","0","0","0","0","0","0","0","0","2","0","","67","3","2020","3","40.007164","-75.156711","1612","6","0","0","0","0","0","0","0","0","","0","0","0","12","1","0","N","0","0","40 00:25.790","","0","75 09:24.160","0","0","0","0","67301","0","0","0","N","0","0","0","1","67301","0","","6.0","","1","N","N","N","0","","0","0","0","0","0","","1247","3","0","0","0","0","0","0","2","1","3","0","0","0","3","03","","N","","","","","","","","","",""
"2020067044","1150","2","0","0","0","0","0","0","0","0","4","0","","67","8","2020","4","40.046444","-74.995408","1134","6","0","0","0","0","0","0","0","1","","0","0","0","11","1","0","N","0","0","40 02:47.200","","0","74 59:43.470","0","0","0","0","67301","0","0","0","N","0","0","0","3","67301","0","","1.0","","9","N","N","Y","0","","0","0","0","0","0","","1100","2","0","0","0","0","0","0","2","0","2","0","0","0","7","07","","N","","","","","","","","","",""
"2020021304","1951","3","0","0","0","0","0","0","0","0","4","0","","67","2","2020","7","39.972632","-75.217776","1950","6","0","0","0","0","0","0","0","0","","0","0","0","19","3","3","","3","0","39 58:21.476","","0","75 13:03.992","2","0","0","0","67301","0","0","0","N","0","0","0","5","67301","1","","1.0","","1","N","N","N","0","","1","1","0","3","2","","1949","3","3","1","0","1","0","0","2","0","3","0","0","0","3","","","N","","","","","","","","","",""
"2020019851","1515","1","0","0","0","0","0","0","0","0","1","0","","67","2","2020","7","40.027524","-75.110611","1505","6","0","1","0","0","0","0","0","0","","0","0","0","14","1","0","Y","0","1","40 01:39.087","1","0","75 06:38.200","0","0","0","0","67301","0","0","0","N","0","0","0","2","67301","0","","1.0","1630.0","1","N","N","N","0","","0","0","1","3","2","N","1455","2","0","0","0","0","0","0","2","0","2","0","0","0","3","","","N","","","","","","","","","",""
"2020029657","2007","1","0","0","0","0","0","0","0","0","5","0","","67","3","2020","2","39.965072","-75.185437","2000","6","0","0","0","0","0","0","0","0","","0","0","0","19","3","0","N","0","0","39 57:54.259","","0","75 11:07.574","9","0","0","0","67301","0","0","0","N","0","0","0","2","68K01","0","","1.0","","1","N","N","N","0","","0","0","0","0","0","","1959","2","0","0","0","0","0","1","2","0","2","0","0","0","3","","","N","","","","","","","","","",""
"2020024610","0305","2","0","0","0","0","0","0","0","0","5","0","","67","3","2020","1","40.070946","-75.071912","0301","6","0","0","0","0","0","0","0","0","","0","0","0","3","3","1","N","0","1","40 04:15.407","3","0","75 04:18.883","3","0","0","0","67301","0","0","0","N","0","0","0","1","67301","0","","6.0","500.0","1","N","N","N","0","","1","0","0","0","0","N","300","2","1","0","0","0","0","0","2","0","2","0","0","0","3","03","","N","","","","","","","","","",""
"2020018181","1853","0","0","0","0","0","0","0","0","0","4","0","","67","2","2020","1","40.00006","-75.15313","1846","6","0","0","0","0","0","0","0","0","","0","0","0","18","3","1","N","0","2","40 00:00.217","1","7","75 09:11.267","8","0","0","1","67301","0","0","0","N","0","0","0","2","67301","0","","1.0","1925.0","1","N","N","N","1","","0","0","0","3","2","Y","1845","2","1","0","0","0","1","0","2","0","2","0","0","0","3","","","N","","","","","","","","","",""
"2020053994","1646","0","0","0","0","0","0","0","0","0","4","1","","67","7","2020","5","39.909385","-75.161144","1646","6","0","0","0","0","0","0","1","0","","0","1","0","15","1","1","","1","0","39 54:33.787","","0","75 09:40.120","3","0","0","0","67301","0","0","0","N","0","0","0","2","67301","0","","1.0","","1","N","N","N","0","","1","0","1","3","2","","1537","2","1","0","0","0","0","0","2","0","2","0","0","0","3","03","","N","","","","","","","","","",""
"2020019052","2139","2","0","0","0","0","0","0","0","0","1","0","","67","2","2020","4","40.059926","-75.018391","2139","6","0","0","0","0","0","1","0","0","","0","0","0","21","3","0","","1","1","40 03:35.733","6","0","75 01:06.209","0","0","0","0","67301","0","0","0","N","0","0","0","2","67301","0","","1.0","43.0","1","N","N","N","0","","0","0","2","9","2","Y","2103","4","0","0","0","0","0","0","2","0","4","0","0","0","3","03","","N","","","","","","","","","",""