"CRN","ARRIVAL_TM","AUTOMOBILE_COUNT","BELTED_DEATH_COUNT","BELTED_SUSP_SERIOUS_INJ_COUNT","BICYCLE_COUNT","BICYCLE_DEATH_COUNT","BICYCLE_SUSP_SERIOUS_INJ_COUNT","BUS_COUNT","CHLDPAS_DEATH_COUNT","CHLDPAS_SUSP_SERIOUS_INJ_COUNT","COLLISION_TYPE","COMM_VEH_COUNT","CONS_ZONE_SPD_LIM","COUNTY","CRASH_MONTH","CRASH_YEAR","DAY_OF_WEEK","DEC_LATITUDE","DEC_LONGITUDE","DISPATCH_TM","DISTRICT","DRIVER_COUNT_16YR","DRIVER_COUNT_17YR","DRIVER_COUNT_18YR","DRIVER_COUNT_19YR","DRIVER_COUNT_20YR","DRIVER_COUNT_50_64YR","DRIVER_COUNT_65_74YR","DRIVER_COUNT_75PLUS","EST_HRS_CLOSED","FATAL_COUNT","HEAVY_TRUCK_COUNT","HORSE_BUGGY_COUNT","HOUR_OF_DAY","ILLUMINATION","INJURY_COUNT","INTERSECTION_RELATED","INTERSECT_TYPE","LANE_CLOSED","LATITUDE","LN_CLOSE_DIR","LOCATION_TYPE","LONGITUDE","MAX_SEVERITY_LEVEL","MCYCLE_DEATH_COUNT","MCYCLE_SUSP_SERIOUS_INJ_COUNT","MOTORCYCLE_COUNT","MUNICIPALITY","NONMOTR_COUNT","NONMOTR_DEATH_COUNT","NONMOTR_SUSP_SERIOUS_INJ_COUNT","NTFY_HIWY_MAINT","PED_COUNT","PED_DEATH_COUNT","PED_SUSP_SERIOUS_INJ_COUNT","PERSON_COUNT","POLICE_AGCY","POSSIBLE_INJ_COUNT","RDWY_SURF_TYPE_CD","RELATION_TO_ROAD","ROADWAY_CLEARED","ROAD_CONDITION","SCH_BUS_IND","SCH_ZONE_IND","SECONDARY_CRASH","SMALL_TRUCK_COUNT","SPEC_JURIS_CD","SUSP_MINOR_INJ_COUNT","SUSP_SERIOUS_INJ_COUNT","SUV_COUNT","TCD_FUNC_CD","TCD_TYPE","TFC_DETOUR_IND","TIME_OF_DAY","TOTAL_UNITS","TOT_INJ_COUNT","UNBELTED_OCC_COUNT","UNB_DEATH_COUNT","UNB_SUSP_SERIOUS_INJ_COUNT","UNK_INJ_DEG_COUNT","UNK_INJ_PER_COUNT","URBAN_RURAL","VAN_COUNT","VEHICLE_COUNT","VULNERABLE_ROAD_USER_COUNT","VULNERABLE_ROAD_USER_DEATH_COUNT","VULNERABLE_ROAD_USER_SER_INJ_COUNT","WEATHER1","WEATHER2","WORKERS_PRES","WORK_ZONE_IND","WORK_ZONE_LOC","WORK_ZONE_TYPE","WZ_CLOSE_DETOUR","WZ_FLAGGER","WZ_LAW_OFFCR_IND","WZ_LN_CLOSURE","WZ_MOVING","WZ_OTHER","WZ_SHLDER_MDN","WZ_WORKERS_INJ_KILLED"
"2020025550","0622","0","0","0","0","0","0","0","0","0","5","0","","67","3","2020","3","40.042633","-75.055889","0618","6","0","0","0","0","0","0","1","0","","0","0","0","6","3","1","N","0","0","40 02:33.480","","6","75 03:21.201","3","0","0","0","67301","0","0","0","N","0","0","0","2","67301","0","","1.0","","1","N","N","N","0","","1","0","1","0","0","","610","2","1","0","0","0","0","0","2","1","2","0","0","0","3","03","","N","","","","","","","","","",""
"2020012433","0808","0","0","0","0","0","0","0","0","0","4","0","","67","1","2020","5","40.051621","-75.236314","0805","6","0","0","0","0","0","1","0","0","","0","0","0","8","3","2","N","0","0","40 03:05.836","","7","75 14:10.731","8","0","0","1","67301","0","0","0","N","0","0","0","2","67301","0","","1.0","","1","N","N","N","0","","0","0","1","0","0","","803","2","2","0","0","0","2","0","2","0","2","0","0","0","3","03","","N","","","","","","","","","",""
"2020004007","0049","2","0","0","0","0","0","0","0","0","5","0","","67","1","2020","7","39.969583","-75.202617","0037","6","0","0","0","0","0","0","0","0","","0","0","0","0","3","1","N","0","0","39 58:10.500","","0","75 12:09.420","4","0","0","0","67301","0","0","0","N","0","0","0","1","67301","1","","6.0","","1","N","N","N","0","","0","0","0","0","0","","31","2","1","0","0","0","0","0","2","0","2","0","0","0","3","03","","N","","","","","","","","","",""
"2020024129","1241","2","0","0","0","0","0","0","0","0","4","0","","67","3","2020","6","40.039548","-75.045812","1232","6","0","0","0","0","0","1","0","0","","0","0","0","12","1","1","","1","0","40 02:22.372","","0","75 02:44.922","4","0","0","0","67301","0","0","0","N","0","0","0","2","67301","1","","1.0","","9","N","N","N","0","","0","0","0","3","2","","1225","2","1","0","0","0","0","0","2","0","2","0","0","0","7","04","","N","","","","","","","","","",""
"2020058610","0838","2","0","0","0","0","0","0","0","0","1","1","","67","7","2020","2","39.897689","-75.211681","0821","6","0","0","0","0","0","0","0","0","","0","1","0","7","1","0","N","0","0","39 53:51.679","","3","75 12:42.051","0","0","0","0","67301","0","0","0","N","0","0","0","3","67301","0","","1.0","","1","N","N","N","0","","0","0","0","0","0","","712","3","0","0","0","0","0","0","2","0","3","0","0","0","3","","","N","","","","","","","","","",""
"2020059444","1450","1","0","0","0","0","0","0","0","0","4","0","","67","7","2020","6","40.035916","-75.016913","1450","6","0","0","0","0","0","1","0","0","","0","0","0","14","1","0","N","0","0","40 02:09.299","","0","75 01:00.886","0","0","0","0","67301","0","0","0","N","0","0","0","4","68K01","0","","3.0","","9","N","N","N","0","","0","0","0","0","0","","1450","3","0","0","0","0","0","0","2","2","3","0","0","0","7","","","N","","","","","","","","","",""
"2020020309","0445","1","0","0","0","0","0","0","0","0","4","0","","67","2","2020","2","40.034746","-75.130874","0436","6","0","0","0","0","0","0","0","0","","0","0","0","4","3","0","","1","1","40 02:05.085","6","0","75 07:51.146","0","0","0","0","67301","0","0","0","N","0","0","0","3","67301","0","","1.0","635.0","1","N","N","N","0","","0","0","0","3","2","Y","425","2","0","1","0","0","0","0","2","1","2","0","0","0","3","03","","N","","","","","","","","","",""
"2020060683","1450","0","0","0","0","0","0","0","0","0","8","1","","67","7","2020","5","40.002586","-75.123794","1439","6","0","0","0","0","0","1","0","0","","0","1","0","14","1","1","N","0","2","40 00:09.310","7","0","75 07:25.660","3","0","0","0","67301","1","0","0","N","1","0","0","2","67301","0","","1.0","30.0","1","N","N","N","0","","1","0","0","0","0","Y","1438","2","1","0","0","0","0","0","2","0","1","1","0","0","3","","","N","","","","","","","","","",""
"2020017914","0255","2","0","0","0","0","0","0","0","0","6","0","","67","2","2020","1","39.987226","-75.248926","0250","6","0","0","0","0","0","0","0","0","","0","0","0","2","3","0","N","0","0","39 59:14.013","","0","75 14:56.133","0","0","0","0","67301","0","0","0","N","0","0","0","1","67301","0","","6.0","","1","N","N","N","0","","0","0","2","0","0","","249","4","0","1","0","0","0","0","2","0","4","0","0","0","3","","","N","","","","","","","","","",""
"2020026220","0012","0","0","0","0","0","0","0","0","0","4","0","","67","3","2020","6","40.021128","-75.139919","0012","6","0","0","0","0","0","0","0","0","","0","0","0","0","3","0","","1","0","40 01:16.062","","0","75 08:23.710","0","0","0","0","67301","0","0","0","N","0","0","0","4","67301","0","","1.0","","1","N","N","N","0","","0","0","2","3","2","","6","2","0","0","0","0","0","0","2","0","2","0","0","0","3","03","","N","","","","","","","","","",""
"2020024095","1640","1","0","0","0","0","0","0","0","0","1","0","","67","3","2020","6","40.108824","-74.997883","1600","6","0","0","0","0","0","0","0","0","","0","0","0","13","1","1","N","0","0","40 06:31.768","","0","74 59:52.377","8","0","0","0","67301","0","0","0","N","0","0","0","2","67301","0","","1.0","","9","N","N","N","0","","0","0","1","3","4","","1340","2","1","0","0","0","1","0","2","0","2","0","0","0","7","07","","N","","","","","","","","","",""
"2020023494","2230","2","0","0","0","0","0","0","0","0","4","0","","67","3","2020","3","40.028662","-75.20553","2222","6","0","0","0","0","0","0","0","0","","0","0","0","22","3","0","","1","1","40 01:43.183","3","0","75 12:19.909","0","0","0","0","67301","0","0","0","N","0","0","0","3","67301","0","","1.0","1130.0","9","N","N","N","0","","0","0","0","2","2","N","2217","2","0","0","0","0","0","0","2","0","2","0","0","0","7","07","","N","","","","","","","","","",""
"2020024676","1800","0","0","0","0","0","0","0","0","0","8","0","","67","3","2020","7","39.990933","-75.130882","1800","6","0","0","0","0","0","0","0","0","","0","0","0","17","1","1","N","0","0","39 59:27.360","","0","75 07:51.174","3","0","0","0","67301","1","0","0","N","1","0","0","2","67301","0","","1.0","","1","N","N","N","0","","1","0","0","9","9","","1730","2","1","0","0","0","0","0","2","0","1","1","0","0","3","","","N","","","","","","","","","",""
"2020026036","2030","1","0","0","1","0","0","0","0","0","8","0","","67","3","2020","4","40.001039","-75.105158","2025","6","0","0","0","0","0","0","0","0","","0","0","0","20","3","1","N","0","0","40 00:03.740","","0","75 06:18.570","3","0","0","0","67301","1","0","0","N","0","0","0","2","67301","0","","1.0","","1","N","N","N","0","","1","0","0","0","0","","2020","2","1","0","0","0","0","0","2","0","1","1","0","0","3","03","","N","","","","","","","","","",""
"2020059374","1840","0","0","0","0","0","0","0","0","0","4","0","","67","7","2020","4","40.038821","-75.008456","1830","6","0","0","0","0","0","0","1","0","","0","0","0","18","1","0","N","0","0","40 02:19.757","","0","75 00:30.440","0","0","0","0","67301","0","0","0","N","0","0","0","3","68K01","0","","1.0","","9","N","N","N","2","","0","0","1","0","0","","1827","3","0","0","0","0","0","0","2","0","3","0","0","0","7","07","","N","","","","","","","","","",""
"2020019218","1548","2","0","0","0","0","0","0","0","0","4","0","","67","2","2020","4","40.045545","-75.095155","1543","6","0","0","0","0","0","0","0","1","","0","0","0","15","1","1","","1","0","40 02:43.962","","0","75 05:42.558","3","0","0","0","67301","0","0","0","N","0","0","0","3","67301","0","","1.0","","1","N","N","N","0","","1","0","0","9","8","","1524","2","1","0","0","0","0","0","2","0","2","0","0","0","3","03","","N","","","","","","","","","",""
"2020026635","0820","1","0","0","0","0","0","0","0","0","2","0","","67","3","2020","1","39.971633","-75.159473","0814","6","0","0","0","0","0","0","0","1","","0","0","0","8","1","1","N","0","0","39 58:17.877","","0","75 09:34.102","4","0","0","0","67301","0","0","0","N","0","0","0","2","67301","1","","1.0","","1","N","N","N","0","","0","0","0","0","0","","813","2","1","0","0","0","0","0","2","0","2","0","0","0","4","04","","N","","","","","","","","","",""
"2020022866","2049","0","0","0","0","0","0","0","0","0","8","0","","67","3","2020","2","39.994795","-75.15932","2048","6","0","0","0","0","0","0","0","0","","0","0","0","20","3","1","","1","0","39 59:41.261","","0","75 09:33.552","3","0","0","0","67301","1","0","0","N","0","0","0","2","67301","0","","1.0","","1","N","N","N","0","","1","0","1","3","2","","2047","2","1","0","0","0","0","0","2","0","1","1","0","0","3","03","","N","","","","","","","","","",""
"2020026553","0010","1","0","0","0","0","0","0","0","0","1","0","","67","3","2020","7","39.956314","-75.239905","0008","6","0","0","0","0","0","1","0","0","","0","0","0","22","3","1","","1","0","39 57:22.730","","0","75 14:23.657","4","0","0","0","67301","0","0","0","N","0","0","0","2","67301","1","","1.0","","1","N","N","N","0","","0","0","1","3","2","","2255","2","1","0","0","0","0","0","2","0","2","0","0","0","3","","","N","","","","","","","","","",""
"2020066267","1632","2","0","0","0","0","0","0","0","0","1","0","","67","7","2020","6","39.959394","-75.173974","1614","6","0","0","0","0","0","0","0","0","","0","0","0","16","1","0","N","0","1","39 57:33.818","4","0","75 10:26.306","0","0","0","0","67301","0","0","0","N","0","0","0","3","68K01","0","","1.0","15.0","1","N","N","Y","1","","0","0","0","0","0","N","1612","3","0","0","0","0","0","0","2","0","3","0","0","0","3","03","","N","","","","","","","","","",""
"2020028058","2048","1","0","0","0","0","0","0","0","0","7","0","","67","3","2020","1","39.959831","-75.178449","2040","6","0","0","0","0","0","0","0","0","","0","0","0","20","3","0","N","7","1","39 57:35.391","3","2","75 10:42.417","0","0","0","0","67301","0","0","0","Y","0","0","0","1","68K01","0","","7.0","30.0","1","N","N","N","0","","0","0","0","0","0","N","2037","1","0","1","0","0","0","0","2","0","1","0","0","0","3","03","","N","","","","","","","","","",""
"2020023308","1048","0","0","0","0","0","0","0","0","0","4","0","","67","3","2020","2","39.95768","-75.162367","1045","6","0","0","0","0","0","1","0","0","","0","0","0","10","1","1","","5","0","39 57:27.649","","2","75 09:44.521","3","0","0","0","67301","0","0","0","N","0","0","0","3","67301","0","","1.0","","1","N","N","N","0","","1","0","1","3","2","","1040","2","1","0","0","0","0","0","2","1","2","0","0","0","3","03","","N","","","","","","","","","",""
"2020067405","2040","0","0","0","0","0","0","0","0","0","4","0","","67","8","2020","5","39.990128","-75.161342","2036","6","0","0","0","0","0","1","0","0","","0","0","0","20","4","1","N","0","0","39 59:24.460","","99","75 09:40.830","3","0","0","1","67301","0","0","0","N","0","0","0","2","67301","0","","1.0","","1","N","N","N","0","","1","0","1","0","0","","2016","2","1","0","0","0","0","0","2","0","2","0","0","0","3","03","","N","","","","","","","","","",""
"2020024256","1618","1","0","0","0","0","0","0","0","0","8","0","","67","3","2020","6","","-75.023028","1615","6","0","0","0","0","0","0","1","0","","0","0","0","16","1","1","N","0","1","40 4:59.800","5","7","75 01:22.900","3","0","0","0","67301","1","0","0","N","1","0","0","2","67301","0","","1.0","1634.0","9","N","N","N","0","","1","0","0","0","0","N","1610","2","1","1","0","0","0","0","1","0","1","1","0","0","7","07","","N","","","","","","","","","",""
"2020066771","1405","0","0","0","0","0","0","0","0","0","1","1","","67","8","2020","6","40.031072","-75.035876","1345","6","0","0","0","0","0","1","0","0","","0","1","0","13","1","0","N","0","1","40 01:51.858","6","0","75 02:09.152","0","0","0","0","67301","0","0","0","N","0","0","0","2","67301","0","","1.0","1455.0","1","N","N","N","0","","0","0","1","0","0","N","1344","2","0","0","0","0","0","0","2","0","2","0","0","0","4","04","","N","","","","","","","","","",""
"2020025894","0156","2","0","0","0","0","0","0","0","0","5","0","","67","3","2020","5","39.971814","-75.209386","0154","6","0","0","0","0","0","0","0","0","","0","0","0","1","3","0","N","0","0","39 58:18.530","","0","75 12:33.790","0","0","0","0","67301","0","0","0","N","0","0","0","1","67301","0","","6.0","","1","N","N","N","1","","0","0","0","0","0","","103","3","0","0","0","0","0","0","2","0","3","0","0","0","3","03","","N","","","","","","","","","",""
"2020027392","1400","1","0","0","0","0","0","0","0","0","4","0","","67","3","2020","6","39.998004","-75.233208","1352","6","0","0","0","0","0","0","0","0","","0","0","0","13","1","3","","1","0","39 59:52.816","","0","75 13:59.550","3","0","0","0","67301","0","0","0","N","0","0","0","4","67301","1","","1.0","","1","N","N","N","0","","2","0","2","3","3","","1352","3","3","0","0","0","0","0","2","0","3","0","0","0","3","03","","N","","","","","","","","","",""
"2020063608","0225","1","0","0","0","0","0","0","0","0","5","0","","67","7","2020","6","39.942004","-75.143003","0214","6","0","0","0","1","0","0","0","0","","0","0","0","2","3","1","N","0","0","39 56:31.213","","0","75 08:34.809","3","0","0","0","67301","0","0","0","N","0","0","0","2","68K01","0","","1.0","","9","N","N","N","0","","1","0","0","0","0","","212","2","1","0","0","0","0","1","2","0","2","0","0","0","7","","","N","","","","","","","","","",""
"2020067400","2245","1","0","0","0","0","0","0","0","0","4","0","","67","8","2020","5","40.034491","-75.08222","2241","6","0","0","0","0","0","0","0","0","","1","0","0","22","3","0","N","1","2","40 02:04.167","7","0","75 04:55.991","1","1","0","1","67301","0","0","0","N","0","0","0","4","67301","0","2","1.0","200.0","1","N","N","N","0","0","0","0","0","3","2","N","2226","2","0","0","0","0","0","0","2","0","2","0","0","0","3","03","","N","","","","","","","","","",""
"2020025862","2248","2","0","0","0","0","0","0","0","0","4","0","","67","3","2020","3","39.951423","-75.247045","2245","6","0","0","0","0","0","0","1","0","","0","0","0","22","3","0","","1","0","39 57:05.122","","0","75 14:49.361","9","0","0","0","67301","0","0","0","N","0","0","0","3","67301","0","","1.0","","1","N","N","N","0","","0","0","0","3","3","","2240","3","0","0","0","0","0","1","2","1","3","0","0","0","3","03","","N","","","","","","","","","",""
"2020018260","1816","2","0","0","0","0","0","0","0","0","4","0","","67","2","2020","1","40.111198","-75.024348","1815","6","0","0","0","0","0","1","0","0","","0","0","0","18","3","4","","1","0","40 06:40.311","","0","75 01:27.652","3","0","0","0","67301","2","0","0","N","2","0","0","4","67301","0","","1.0","","1","N","N","N","0","","4","0","0","3","2","","1813","4","4","0","0","0","0","0","2","0","2","2","0","0","3","03","","N","","","","","","","","","",""
"2020019827","1045","0","0","0","0","0","0","0","0","0","8","0","","67","2","2020","4","39.953837","-75.175075","1043","6","0","0","0","0","0","0","0","0","","0","0","0","10","1","1","","1","0","39 57:13.814","","0","75 10:30.270","3","0","0","0","67301","1","0","0","N","1","0","0","2","67301","0","","1.0","","1","N","N","N","0","","1","0","1","9","5","","1042","2","1","0","0","0","0","0","2","0","1","1","0","0","3","03","","N","","","","","","","","","",""
"2020024348","2353","0","0","0","0","0","0","0","0","0","7","0","","67","3","2020","6","40.016942","-75.151525","2349","6","0","0","0","0","0","0","0","0","","0","0","0","23","3","1","N","0","0","40 01:00.990","","0","75 09:05.491","3","0","0","0","67301","0","0","0","N","0","0","0","3","67301","0","","5.0","","9","N","N","N","0","","1","0","2","3","2","","2334","2","1","0","0","0","0","1","2","0","2","0","0","0","7","04","","N","","","","","","","","","",""
"2020028444","0549","1","0","0","0","0","0","0","0","0","7","0","","67","3","2020","7","39.977068","-75.198566","0543","6","0","0","0","0","0","0","0","0","","0","0","0","5","3","1","N","0","0","39 58:37.445","","0","75 11:54.837","3","0","0","0","67301","0","0","0","N","0","0","0","1","68K01","0","","3.0","","1","N","N","N","0","","1","0","0","0","0","","525","1","1","1","0","0","0","0","2","0","1","0","0","0","3","03","","N","","","","","","","","","",""
"2020025630","1020","1","0","0","0","0","0","0","0","0","3","0","","67","3","2020","3","39.963049","-75.161192","1014","6","0","0","0","0","0","1","0","0","","0","0","0","10","1","1","","1","0","39 57:46.975","","0","75 09:40.291","3","0","0","0","67301","0","0","0","N","0","0","0","2","67301","0","","1.0","","1","N","N","N","0","","1","0","1","3","1","","1000","2","1","0","0","0","0","0","2","0","2","0","0","0","3","03","","N","","","","","","","","","",""
"2020055699","0658","1","0","0","0","0","0","1","0","0","4","1","","67","6","2020","2","40.034782","-75.117531","0653","6","0","0","0","0","0","0","1","0","","0","0","0","6","1","1","N","1","0","40 02:05.216","","0","75 07:03.111","4","0","0","0","67301","0","0","0","N","0","0","0","3","67508","1","","1.0","","1","","","N","0","","0","0","0","0","0","N","650","2","1","0","0","0","0","0","2","0","2","0","0","0","3","03","","N","","","","","","","","","",""
"2020022863","2120","2","0","0","0","0","0","0","0","0","1","0","","67","2","2020","1","40.014143","-75.103481","2116","6","0","0","0","1","0","0","0","0","","0","0","0","20","3","0","","1","0","40 00:50.914","","0","75 06:12.531","0","0","0","0","67301","0","0","0","N","0","0","0","3","67301","0","","1.0","","1","N","N","N","0","","0","0","1","3","2","","2009","3","0","0","0","0","0","0","2","0","3","0","0","0","3","03","","N","","","","","","","","","",""
"2020060355","1447","1","0","0","1","0","0","0","0","0","8","0","","67","7","2020","4","39.950299","-75.191739","1443","6","0","0","0","0","0","0","0","0","","0","0","0","14","1","1","N","2","0","39 57:01.078","","0","75 11:30.262","4","0","0","0","67301","1","0","0","N","0","0","0","2","67504","1","","1.0","","1","N","N","N","0","","0","0","0","3","2","","1443","2","1","1","0","0","0","0","2","0","1","1","0","0","3","03","","N","","","","","","","","","",""
"2020011524","1853","2","0","0","0","0","0","0","0","0","1","0","","67","1","2020","2","39.963491","-75.169388","1848","6","0","0","0","0","0","1","0","0","","0","0","0","18","3","1","","1","0","39 57:48.569","","0","75 10:09.796","3","0","0","0","67301","0","0","0","N","0","0","0","5","67301","0","","1.0","","1","N","N","N","0","","1","0","0","3","1","","1845","2","1","0","0","0","0","0","2","0","2","0","0","0","3","03","","N","","","","","","","","","",""
"2020007832","1130","1","0","0","0","0","0","0","0","0","6","0","","67","1","2020","7","40.016561","-75.048925","1130","6","0","0","0","0","0","1","0","0","","0","0","0","11","1","1","N","0","0","40 00:59.620","","0","75 02:56.130","4","0","0","0","67301","0","0","0","N","0","0","0","3","67301","1","","1.0","","7","N","N","N","0","","0","0","0","0","0","","1100","2","1","1","0","0","0","0","2","1","2","0","0","0","10","","","N","","","","","","","","","",""
"2020019862","1932","2","0","0","0","0","0","0","0","0","4","0","","67","2","2020","7","40.042809","-75.06315","1930","6","0","0","0","0","0","0","1","0","","0","0","0","19","3","0","","1","1","40 02:34.113","1","0","75 03:47.339","0","0","0","0","67301","0","0","0","N","0","0","0","2","67301","0","","1.0","2045.0","1","N","N","N","0","","0","0","0","3","2","Y","1925","2","0","0","0","0","0","0","2","0","2","0","0","0","3","03","","N","","","","","","","","","",""
"2020023226","2008","0","0","0","0","0","0","0","0","0","8","0","","67","3","2020","3","40.006779","-75.156711","2004","6","0","0","0","0","0","0","0","0","","0","0","0","20","3","1","","1","0","40 00:24.404","","0","75 09:24.159","3","0","0","0","67301","1","0","0","N","1","0","0","2","67301","0","","1.0","","9","N","N","N","0","","1","0","0","3","3","","2003","2","1","0","0","0","0","0","2","0","1","1","0","0","7","","","N","","","","","","","","","",""
"2020024188","2123","0","0","0","0","0","0","0","0","0","4","0","","67","3","2020","6","40.010125","-75.121436","2123","6","0","0","0","0","0","0","0","0","","0","0","0","21","3","0","","1","0","40 00:36.450","","0","75 07:17.168","0","0","0","0","67301","0","0","0","N","0","0","0","2","67301","0","","1.0","","9","N","N","N","1","","0","0","1","3","2","","2114","2","0","0","0","0","0","0","2","0","2","0","0","0","7","","","N","","","","","","","","","",""
"2020026180","0039","0","0","0","0","0","0","0","0","0","8","0","","67","3","2020","6","39.98627","-75.156147","0039","6","0","0","0","0","0","0","0","0","","0","0","0","0","3","1","","1","1","39 59:10.572","5","0","75 09:22.129","3","0","0","0","67301","1","0","0","N","1","0","0","2","67301","0","","1.0","115.0","9","N","N","N","0","","1","0","1","3","2","N","37","2","1","0","0","0","0","0","2","0","1","1","0","0","4","04","","N","","","","","","","","","",""
"2020014482","0416","3","0","0","0","0","0","0","0","0","6","0","","67","1","2020","1","39.964239","-75.218253","0414","6","0","0","0","0","0","0","0","0","","0","0","0","4","3","0","N","0","0","39 57:51.260","","0","75 13:05.710","0","0","0","0","67301","0","0","0","N","0","0","0","1","67301","0","","6.0","","1","N","N","N","0","","0","0","1","0","0","","400","4","0","1","0","0","0","0","2","0","4","0","0","0","3","03","","N","","","","","","","","","",""
"2020024665","0739","1","0","0","0","0","0","0","0","0","5","1","","67","3","2020","2","40.064606","-75.145267","0734","6","0","0","0","0","0","0","0","0","","0","1","0","7","1","1","N","0","0","40 03:52.580","","0","75 08:42.960","3","0","0","0","67301","0","0","0","N","0","0","0","1","67301","0","","6.0","","1","N","N","N","0","","1","0","1","0","0","","734","3","1","1","0","0","0","0","2","0","3","0","0","0","3","","","N","","","","","","","","","",""
"2020013108","1950","2","0","0","0","0","0","0","0","0","1","0","","67","1","2020","3","39.975868","-75.158544","1945","6","0","0","0","0","1","0","0","0","","0","0","0","18","3","1","","1","0","39 58:33.125","","0","75 09:30.760","4","0","0","0","67301","0","0","0","N","0","0","0","2","67301","1","","1.0","","1","N","N","N","0","","0","0","0","3","2","","1844","2","1","0","0","0","0","0","2","0","2","0","0","0","3","","","N","","","","","","","","","",""
"2020059480","0653","1","0","0","0","0","0","0","0","0","5","0","","67","7","2020","5","39.960941","-75.182106","0652","6","0","0","0","0","0","0","0","0","","0","0","0","6","1","0","N","0","1","39 57:39.387","3","0","75 10:55.582","0","0","0","0","67301","0","0","0","N","0","0","0","2","68K01","0","","1.0","800.0","1","N","N","N","1","","0","0","0","0","0","N","651","2","0","0","0","0","0","0","2","0","2","0","0","0","3","","","N","","","","","","","","","",""
"2020007101","1704","2","0","0","0","0","0","0","0","0","6","0","","67","1","2020","7","40.051475","-75.176561","1702","6","0","0","0","0","0","1","0","0","","0","0","0","16","3","0","N","0","0","40 03:05.310","","0","75 10:35.620","0","0","0","0","67301","0","0","0","N","0","0","0","3","67301","0","","1.0","","6","N","N","N","0","","0","0","1","9","9","","1659","3","0","0","0","0","0","0","2","0","3","0","0","0","9","10","","N","","","","","","","","","",""
"2020006832","1549","1","0","0","0","0","0","0","0","0","5","0","","67","1","2020","7","40.047248","-75.142834","1549","6","0","0","0","0","0","0","0","1","","0","0","0","15","1","1","N","0","0","40 02:50.091","","0","75 08:34.201","3","0","0","0","67301","0","0","0","N","0","0","0","1","67301","0","","6.0","","6","N","N","N","0","","1","0","0","0","0","","1514","2","1","0","0","0","0","0","2","0","2","0","0","0","10","06","","N","","","","","","","","","",""
"2020020462","1520","0","0","0","0","0","0","0","0","0","8","0","","67","2","2020","6","40.065301","-75.090355","1515","6","0","0","0","0","0","0","0","0","","0","0","0","15","1","1","","1","0","40 03:55.083","","6","75 05:25.277","8","0","0","0","67301","1","0","0","N","1","0","0","2","67301","0","","1.0","","1","N","N","N","0","","0","0","1","3","2","","1510","2","1","1","0","0","1","1","2","0","1","1","0","0","3","","","N","","","","","","","","","",""
"2020065189","1231","1","0","0","0","0","0","0","0","0","5","1","","67","8","2020","3","39.886336","-75.24278","1220","6","0","0","0","0","0","1","0","0","","0","1","0","12","1","0","N","0","0","39 53:10.808","","0","75 14:34.009","0","0","0","0","67301","0","0","0","N","0","0","0","2","68K01","0","","1.0","","9","N","N","N","0","","0","0","0","0","0","","1215","2","0","0","0","0","0","0","2","0","2","0","0","0","7","08","","N","","","","","","","","","",""
"2020063162","0928","1","0","0","0","0","0","0","0","0","1","0","","67","7","2020","2","39.959012","-75.170938","0928","6","0","0","0","0","0","1","0","0","","0","0","0","9","1","1","N","0","1","39 57:32.443","4","0","75 10:15.376","8","0","0","0","67301","0","0","0","N","0","0","0","5","68K01","0","","1.0","930.0","1","N","N","N","1","","0","0","1","0","0","N","908","3","1","0","0","0","1","0","2","0","3","0","0","0","3","03","","N","","","","","","","","","",""
"2020009262","0630","1","0","0","0","0","0","0","0","0","4","0","","67","1","2020","1","39.921334","-75.231561","0621","6","0","0","0","0","0","0","0","0","","0","0","0","6","3","0","","1","0","39 55:16.804","","0","75 13:53.620","9","0","0","0","67301","0","0","0","N","0","0","0","3","67301","0","","1.0","","9","N","N","N","0","","0","0","2","3","2","","617","3","0","0","0","0","0","2","2","0","3","0","0","0","7","07","","N","","","","","","","","","",""
"2020006086","1608","1","0","0","0","0","0","0","0","0","8","0","","67","1","2020","6","39.960466","-75.139412","1601","6","0","0","0","0","0","0","0","1","","0","0","0","15","1","1","N","0","0","39 57:37.677","","0","75 08:21.883","8","0","0","0","67301","1","0","0","N","1","0","0","2","67301","0","","1.0","","1","N","N","N","0","","0","0","0","3","2","","1545","2","1","0","0","0","1","0","2","0","1","1","0","0","3","03","","N","","","","","","","","","",""
"2020004927","1349","1","0","0","0","0","0","0","0","0","1","0","","67","1","2020","1","39.955714","-75.155814","1345","6","0","0","0","0","0","1","0","0","","0","0","0","13","1","2","N","0","0","39 57:20.570","","0","75 09:20.930","3","0","0","0","67301","0","0","0","N","0","0","0","3","67301","0","","1.0","","1","N","N","N","0","","2","0","1","0","0","","1340","2","2","0","0","0","0","0","2","0","2","0","0","0","3","03","","N","","","","","","","","","",""
"2020059484","1313","1","0","0","0","0","0","0","0","0","5","0","","67","7","2020","6","39.945947","-75.189542","1252","6","0","0","0","0","1","0","0","0","","0","0","0","12","1","0","N","0","2","39 56:45.408","4","0","75 11:22.350","9","0","0","0","67301","0","0","0","N","0","0","0","11","68K01","0","","1.0","1318.0","1","N","N","N","0","","0","0","3","0","0","N","1251","5","0","0","0","0","0","1","2","0","5","0","0","0","3","","","N","","","","","","","","","",""
"2020053458","2005","1","0","0","0","0","0","0","0","0","1","0","","67","7","2020","3","39.990642","-75.132033","1953","6","0","0","0","0","0","0","0","0","","0","0","0","19","3","0","N","0","2","39 59:26.310","1","0","75 07:55.320","9","0","0","0","67301","0","0","0","N","0","0","0","1","67301","0","","1.0","2129.0","1","N","N","N","0","","0","0","1","0","0","Y","1953","2","0","1","0","0","0","1","2","0","2","0","0","0","3","03","","N","","","","","","","","","",""