"CRN","ARRIVAL_TM","AUTOMOBILE_COUNT","BELTED_DEATH_COUNT","BELTED_SUSP_SERIOUS_INJ_COUNT","BICYCLE_COUNT","BICYCLE_DEATH_COUNT","BICYCLE_SUSP_SERIOUS_INJ_COUNT","BUS_COUNT","CHLDPAS_DEATH_COUNT","CHLDPAS_SUSP_SERIOUS_INJ_COUNT","COLLISION_TYPE","COMM_VEH_COUNT","CONS_ZONE_SPD_LIM","COUNTY","CRASH_MONTH","CRASH_YEAR","DAY_OF_WEEK","DEC_LATITUDE","DEC_LONGITUDE","DISPATCH_TM","DISTRICT","DRIVER_COUNT_16YR","DRIVER_COUNT_17YR","DRIVER_COUNT_18YR","DRIVER_COUNT_19YR","DRIVER_COUNT_20YR","DRIVER_COUNT_50_64YR","DRIVER_COUNT_65_74YR","DRIVER_COUNT_75PLUS","EST_HRS_CLOSED","FATAL_COUNT","HEAVY_TRUCK_COUNT","HORSE_BUGGY_COUNT","HOUR_OF_DAY","ILLUMINATION","INJURY_COUNT","INTERSECTION_RELATED","INTERSECT_TYPE","LANE_CLOSED","LATITUDE","LN_CLOSE_DIR","LOCATION_TYPE","LONGITUDE","MAX_SEVERITY_LEVEL","MCYCLE_DEATH_COUNT","MCYCLE_SUSP_SERIOUS_INJ_COUNT","MOTORCYCLE_COUNT","MUNICIPALITY","NONMOTR_COUNT","NONMOTR_DEATH_COUNT","NONMOTR_SUSP_SERIOUS_INJ_COUNT","NTFY_HIWY_MAINT","PED_COUNT","PED_DEATH_COUNT","PED_SUSP_SERIOUS_INJ_COUNT","PERSON_COUNT","POLICE_AGCY","POSSIBLE_INJ_COUNT","RDWY_SURF_TYPE_CD","RELATION_TO_ROAD","ROADWAY_CLEARED","ROAD_CONDITION","SCH_BUS_IND","SCH_ZONE_IND","SECONDARY_CRASH","SMALL_TRUCK_COUNT","SPEC_JURIS_CD","SUSP_MINOR_INJ_COUNT","SUSP_SERIOUS_INJ_COUNT","SUV_COUNT","TCD_FUNC_CD","TCD_TYPE","TFC_DETOUR_IND","TIME_OF_DAY","TOTAL_UNITS","TOT_INJ_COUNT","UNBELTED_OCC_COUNT","UNB_DEATH_COUNT","UNB_SUSP_SERIOUS_INJ_COUNT","UNK_INJ_DEG_COUNT","UNK_INJ_PER_COUNT","URBAN_RURAL","VAN_COUNT","VEHICLE_COUNT","VULNERABLE_ROAD_USER_COUNT","VULNERABLE_ROAD_USER_DEATH_COUNT","VULNERABLE_ROAD_USER_SER_INJ_COUNT","WEATHER1","WEATHER2","WORKERS_PRES","WORK_ZONE_IND","WORK_ZONE_LOC","WORK_ZONE_TYPE","WZ_CLOSE_DETOUR","WZ_FLAGGER","WZ_LAW_OFFCR_IND","WZ_LN_CLOSURE","WZ_MOVING","WZ_OTHER","WZ_SHLDER_MDN","WZ_WORKERS_INJ_KILLED"
"2020026352","2122","0","0","0","0","0","0","0","0","0","4","0","","67","3","2020","6","39.993949","-75.154587","2118","6","0","0","0","0","0","0","0","0","","0","0","0","21","3","0","","1","0","39 59:38.216","","0","75 09:16.512","0","0","0","1","67301","0","0","0","N","0","0","0","2","67301","0","","1.0","","1","N","N","N","0","","0","0","1","3","2","","2118","2","0","0","0","0","0","0","2","0","2","0","0","0","3","03","","N","","","","","","","","","",""
"2020067336","1812","0","0","0","0","0","0","0","0","0","8","0","","67","8","2020","5","39.968928","-75.250581","1808","6","0","0","0","0","0","0","0","0","","0","0","0","18","1","1","N","0","1","39 58:08.140","2","0","75 15:02.090","2","0","0","0","67301","1","0","1","N","1","0","1","2","67301","0","","1.0","2003.0","1","N","N","N","0","","0","1","1","0","0","Y","1800","2","1","0","0","0","0","0","2","0","1","1","0","1","3","","","N","","","","","","","","","",""
"2020013132","1215","3","0","0","0","0","0","0","0","0","4","0","","67","1","2020","6","40.040196","-75.099346","1208","6","0","0","1","0","0","1","0","0","","0","0","0","12","1","3","","2","1","40 02:24.705","3","0","75 05:57.645","3","0","0","0","67301","0","0","0","N","0","0","0","5","67301","0","","1.0","150.0","1","N","N","N","0","","3","0","0","0","0","N","1205","3","3","3","0","0","0","0","2","0","3","0","0","0","3","","","N","","","","","","","","","",""
"2020012667","1902","0","0","0","1","0","0","0","0","0","8","0","","67","1","2020","6","39.939611","-75.144348","1900","6","0","0","0","0","0","1","0","0","","0","0","0","18","4","1","N","1","0","39 56:22.600","","0","75 08:39.653","3","0","0","0","67301","1","0","0","N","0","0","0","2","67301","0","","1.0","","1","N","N","N","0","","1","0","1","3","3","","1815","2","1","0","0","0","0","0","2","0","1","1","0","0","3","04","","N","","","","","","","","","",""
"2020053537","0417","0","0","0","0","0","0","0","0","0","7","0","","67","6","2020","3","39.959784","-75.178079","0411","6","0","0","0","0","0","0","0","0","","0","0","0","4","3","0","N","0","1","39 57:35.222","3","0","75 10:41.085","0","0","0","0","67301","0","0","0","N","0","0","0","1","68K01","0","","3.0","30.0","1","N","N","N","1","","0","0","0","0","0","N","410","1","0","0","0","0","0","0","2","0","1","0","0","0","3","","","N","","","","","","","","","",""
"2020026737","1730","1","0","0","0","0","0","0","0","0","4","0","","67","3","2020","6","40.04564","-75.128489","1729","6","0","0","0","0","0","0","0","0","","0","0","0","17","3","3","","1","0","40 02:44.303","","0","75 07:42.560","3","0","0","0","67301","0","0","0","N","0","0","0","3","67301","0","","1.0","","1","N","N","N","0","","3","0","1","3","2","","1725","2","3","0","0","0","0","0","2","0","2","0","0","0","3","","","N","","","","","","","","","",""
"2020067022","1653","1","0","0","0","0","0","0","0","0","8","0","","67","8","2020","1","39.985431","-75.149333","1646","6","0","0","0","0","0","0","0","0","","0","0","0","13","1","1","N","0","0","39 59:07.550","","0","75 08:57.600","3","0","0","0","67301","1","0","0","N","1","0","0","2","67301","0","","6.0","","1","N","N","N","0","","1","0","0","0","0","","1329","2","1","0","0","0","0","1","2","0","1","1","0","0","3","03","","N","","","","","","","","","",""
"2020026558","0932","1","0","0","0","0","0","0","0","0","4","0","","67","3","2020","6","40.00161","-75.128583","0932","6","0","0","0","0","0","0","0","0","","0","0","0","8","1","0","","1","1","40 00:05.796","3","0","75 07:42.898","0","0","0","0","67301","0","0","0","N","0","0","0","2","67301","0","","1.0","20.0","9","N","N","N","0","","0","0","1","3","2","Y","815","2","0","0","0","0","0","0","2","0","2","0","0","0","7","07","","N","","","","","","","","","",""
"2020025748","1735","1","0","0","0","0","0","0","0","0","1","0","","67","3","2020","3","40.004314","-75.128004","1730","6","0","0","0","0","0","0","0","0","","0","0","0","16","1","1","","1","0","40 00:15.530","","0","75 07:40.814","3","0","0","0","67301","0","0","0","N","0","0","0","2","67301","0","","1.0","","1","N","N","N","1","","1","0","0","3","2","","1604","2","1","0","0","0","0","0","2","0","2","0","0","0","3","03","","N","","","","","","","","","",""
"2020066459","1348","0","0","0","0","0","0","0","0","0","8","0","","67","8","2020","2","40.026132","-75.121859","1345","6","0","0","0","0","0","0","0","0","","0","0","0","13","1","1","","5","0","40 01:34.076","","0","75 07:18.694","2","0","0","0","67301","1","0","1","N","1","0","1","1","67301","0","","1.0","","1","N","N","N","0","","0","1","0","3","2","","1332","2","1","0","0","0","0","0","2","0","1","1","0","1","3","","","N","","","","","","","","","",""
"2020025309","2032","0","0","0","0","0","0","0","0","0","5","0","","67","3","2020","1","40.094504","-74.968315","2029","6","0","0","0","1","0","0","0","0","","0","0","0","20","3","1","N","0","0","40 05:40.214","","0","74 58:05.933","3","0","0","1","67301","0","0","0","N","0","0","0","1","67301","0","","6.0","","1","N","N","N","0","","1","0","1","0","0","","2020","2","1","0","0","0","0","0","2","0","2","0","0","0","3","03","","N","","","","","","","","","",""
"2020024780","1400","2","0","0","0","0","0","0","0","0","1","0","","67","3","2020","1","39.903781","-75.240032","1357","6","0","0","0","0","0","1","0","0","","0","0","0","13","1","2","N","0","1","39 54:13.611","1","0","75 14:24.116","4","0","0","0","67301","0","0","0","N","0","0","0","5","67301","2","","1.0","30.0","1","N","N","N","1","","0","0","1","3","2","N","1357","4","2","0","0","0","0","0","2","0","4","0","0","0","3","","","N","","","","","","","","","",""
"2020028374","1243","0","0","0","0","0","0","0","0","0","1","1","","67","3","2020","5","40.061611","-75.051861","1232","6","0","0","0","0","0","0","0","0","","0","1","0","12","1","2","N","0","1","40 03:41.798","2","0","75 03:06.698","8","0","0","0","67301","0","0","0","N","0","0","0","2","67301","0","","1.0","1334.0","1","N","N","N","0","","0","0","1","0","0","N","1230","2","2","0","0","0","2","0","2","0","2","0","0","0","4","04","","N","","","","","","","","","",""
"2020066770","1013","1","0","0","0","0","0","0","0","0","4","1","","67","8","2020","2","40.010571","-75.061531","1010","6","0","0","0","0","0","0","0","0","","0","1","0","10","1","0","N","0","0","40 00:38.054","","7","75 03:41.512","0","0","0","0","67301","0","0","0","N","0","0","0","2","67301","0","","1.0","","1","N","N","N","0","","0","0","0","0","0","","1004","2","0","2","0","0","0","0","2","0","2","0","0","0","3","98","","N","","","","","","","","","",""
"2020066880","0950","0","0","0","0","0","0","0","0","0","8","1","","67","8","2020","3","39.952981","-75.16842","0940","6","0","0","0","0","0","1","0","0","","0","1","0","9","1","1","","1","0","39 57:10.730","","0","75 10:06.313","3","0","0","0","67301","1","0","0","N","1","0","0","2","67301","0","","1.0","","1","N","N","N","0","","1","0","0","3","2","","930","2","1","0","0","0","0","0","2","0","1","1","0","0","3","03","","N","","","","","","","","","",""
"2020066301","1346","2","0","0","0","0","0","0","0","0","1","0","","67","8","2020","7","40.014993","-75.054565","1328","6","0","0","0","0","0","1","0","0","","0","0","0","13","1","2","N","0","0","40 00:53.975","","0","75 03:16.435","3","0","0","0","67301","0","0","0","N","0","0","0","5","68K01","1","","1.0","","1","N","N","N","0","","1","0","1","0","0","","1325","3","2","0","0","0","0","0","2","0","3","0","0","0","3","","","N","","","","","","","","","",""
"2020065343","0549","1","0","0","0","0","0","0","0","0","8","0","","67","7","2020","2","40.009257","-75.151239","0549","6","0","0","0","0","0","1","0","0","","1","0","0","5","5","0","N","1","2","40 00:33.325","7","0","75 09:04.460","1","0","0","0","67301","1","1","0","N","1","1","0","2","67301","0","2","1.0","735.0","1","N","N","N","0","0","0","0","0","3","2","Y","548","2","0","0","0","0","0","0","2","0","1","1","1","0","3","03","","N","","","","","","","","","",""
"2020024675","1009","2","0","0","0","0","0","0","0","0","4","0","","67","3","2020","7","40.006878","-75.108316","1000","6","0","0","0","0","0","1","0","1","","0","0","0","9","1","0","","1","0","40 00:24.761","","0","75 06:29.939","0","0","0","0","67301","0","0","0","N","0","0","0","2","67301","0","","1.0","","1","N","N","N","0","","0","0","0","0","0","","948","3","0","0","0","0","0","0","2","1","3","0","0","0","3","03","","N","","","","","","","","","",""
"2020026422","1735","2","0","0","0","0","0","0","0","0","5","0","","67","3","2020","7","39.9299","-75.163419","1733","6","0","0","0","0","0","0","1","0","","0","0","0","17","1","0","N","0","0","39 55:47.640","","0","75 09:48.310","0","0","0","0","67301","0","0","0","N","0","0","0","1","67301","0","","6.0","","1","N","N","N","0","","0","0","1","0","0","","1700","3","0","0","0","0","0","0","2","0","3","0","0","0","3","03","","N","","","","","","","","","",""
"2020029446","0710","1","0","0","1","0","0","0","0","0","8","0","","67","3","2020","6","39.957134","-75.169743","0710","6","0","0","0","0","0","0","0","0","","0","0","0","7","3","1","N","0","0","39 57:25.684","","0","75 10:11.076","8","0","0","0","67301","1","0","0","N","0","0","0","2","67301","0","","1.0","","9","N","N","N","0","","0","0","0","3","2","","700","2","1","0","0","0","1","0","2","0","1","1","0","0","7","","","N","","","","","","","","","",""
"2020022865","0840","3","0","0","0","0","0","0","0","0","4","0","","67","3","2020","2","40.008415","-75.096481","0720","6","0","0","0","0","0","0","0","0","","0","0","0","7","1","2","","1","0","40 00:30.293","","0","75 05:47.331","3","0","0","0","67301","0","0","0","N","0","0","0","4","67301","0","","1.0","","1","N","N","N","0","","2","0","0","3","2","","720","3","2","0","0","0","0","1","2","0","3","0","0","0","3","03","","N","","","","","","","","","",""
"2020025307","1948","0","0","0","0","0","0","0","0","0","8","0","","67","3","2020","3","39.953622","-75.142942","1948","6","0","0","0","0","0","0","0","0","","0","0","0","8","1","1","N","0","0","39 57:13.040","","0","75 08:34.590","4","0","0","0","67301","1","0","0","N","1","0","0","2","67301","1","","1.0","","1","N","N","N","0","","0","0","1","3","2","","830","2","1","0","0","0","0","0","2","0","1","1","0","0","4","","","N","","","","","","","","","",""
"2020029479","0923","1","0","0","0","0","0","0","0","0","1","0","","67","3","2020","4","39.978634","-75.202975","0921","6","0","0","0","0","0","0","0","0","","0","0","0","9","1","1","N","0","0","39 58:43.084","","0","75 12:10.709","4","0","0","0","67301","0","0","0","N","0","0","0","3","68K01","1","","1.0","","1","N","N","N","0","","0","0","1","0","0","","918","2","1","0","0","0","0","0","2","0","2","0","0","0","3","","","N","","","","","","","","","",""
"2020065770","1808","1","0","0","0","0","0","1","0","0","4","1","","67","8","2020","5","39.987779","-75.167648","1806","6","0","0","0","0","0","0","0","0","","0","0","0","18","1","1","","1","0","39 59:16.004","","0","75 10:03.532","3","0","0","0","67301","0","0","0","N","0","0","0","3","67301","0","","1.0","","9","N","N","N","0","","1","0","0","3","2","","1800","2","1","0","0","0","0","0","2","0","2","0","0","0","7","04","","N","","","","","","","","","",""
"2020026221","1315","0","0","0","0","0","0","0","0","0","8","0","","67","3","2020","6","39.977212","-75.123928","1312","6","0","0","0","0","0","1","0","0","","0","0","0","13","1","1","","1","0","39 58:37.963","","0","75 07:26.140","3","0","0","0","67301","1","0","0","N","1","0","0","2","67301","0","","1.0","","1","N","N","N","0","","1","0","1","3","3","","1305","2","1","0","0","0","0","0","2","0","1","1","0","0","3","","","N","","","","","","","","","",""
"2020026674","0022","1","0","0","0","0","0","0","0","0","7","0","","67","3","2020","1","40.088803","-75.045186","0020","6","0","0","0","0","0","0","0","0","","0","0","0","0","3","0","N","0","0","40 05:19.690","","0","75 02:42.670","0","0","0","0","67301","0","0","0","N","0","0","0","1","67301","0","","4.0","","9","N","N","N","0","","0","0","0","0","0","","15","1","0","0","0","0","0","0","2","0","1","0","0","0","7","","","N","","","","","","","","","",""
"2020027114","2335","1","0","0","0","0","0","0","0","0","0","0","","67","3","2020","5","39.998536","-75.195564","2306","6","0","0","0","1","0","0","0","0","","0","0","0","23","3","1","N","0","1","39 59:54.731","4","0","75 11:44.031","3","0","0","0","67301","0","0","0","N","0","0","0","5","68K01","0","","1.0","0.0","1","N","N","N","0","","1","0","1","0","0","N","2305","2","1","0","0","0","0","0","2","0","2","0","0","0","3","","","N","","","","","","","","","",""
"2020024959","1340","0","0","0","0","0","0","0","0","0","5","1","","67","3","2020","2","40.051192","-75.127258","1330","6","0","0","0","0","0","0","0","0","","0","1","0","13","1","0","N","0","0","40 03:04.290","","0","75 07:38.130","0","0","0","0","67301","0","0","0","N","0","0","0","2","67301","0","","1.0","","1","N","N","N","0","","0","0","1","0","0","","1316","2","0","0","0","0","0","0","2","0","2","0","0","0","3","","","N","","","","","","","","","",""
"2020064042","1429","3","0","0","0","0","0","0","0","0","1","0","","67","8","2020","1","39.958896","-75.169959","1426","6","0","0","0","0","0","0","1","0","","0","0","0","14","1","1","N","0","2","39 57:32.026","4","0","75 10:11.853","4","0","0","0","67301","0","0","0","N","0","0","0","4","68K01","1","","1.0","100.0","1","N","N","N","0","","0","0","0","0","0","N","1423","3","1","0","0","0","0","0","2","0","3","0","0","0","3","","","N","","","","","","","","","",""
"2020028439","0521","1","0","0","0","0","0","0","0","0","7","0","","67","3","2020","6","39.984259","-75.208189","0516","6","0","0","0","0","0","0","0","0","","0","0","0","5","3","0","N","0","0","39 59:03.331","","0","75 12:29.481","0","0","0","0","67301","0","0","0","N","0","0","0","1","68K01","0","","3.0","","9","N","N","N","0","","0","0","0","0","0","","509","1","0","0","0","0","0","0","2","0","1","0","0","0","7","03","","N","","","","","","","","","",""
"2020029469","0519","1","0","0","0","0","0","0","0","0","7","0","","67","3","2020","2","39.951399","-75.182655","0507","6","0","0","0","0","0","0","0","0","","0","0","0","5","3","0","N","7","0","39 57:05.035","","2","75 10:57.558","9","0","0","0","67301","0","0","0","N","0","0","0","1","68K01","0","","3.0","","1","N","N","N","0","","0","0","0","0","0","","507","1","0","0","0","0","0","1","2","0","1","0","0","0","3","","","N","","","","","","","","","",""
"2020066271","1901","3","0","0","0","0","0","0","0","0","5","0","","67","7","2020","1","39.95998","-75.178628","1901","6","0","0","0","0","0","0","0","0","","0","0","0","18","1","0","N","0","2","39 57:35.928","4","0","75 10:43.061","9","0","0","0","67301","0","0","0","N","0","0","0","5","68K01","0","","1.0","2025.0","1","N","N","N","0","","0","0","0","0","0","N","1843","3","0","0","0","0","0","2","2","0","3","0","0","0","3","","","N","","","","","","","","","",""
"2020064964","0130","2","0","0","0","0","0","0","0","0","4","0","","67","8","2020","3","40.017178","-75.081326","0130","6","0","0","0","0","0","0","0","0","","0","0","0","21","3","2","","1","9","40 01:01.842","","0","75 04:52.774","3","0","0","0","67301","0","0","0","N","0","0","0","3","67301","0","","1.0","","1","N","N","N","0","","2","0","0","3","3","","2100","2","2","0","0","0","0","0","2","0","2","0","0","0","3","03","","N","","","","","","","","","",""
"2020025896","1030","0","0","0","0","0","0","0","0","0","4","0","","67","3","2020","5","39.979529","-75.240907","1030","6","0","0","0","0","0","0","0","0","","0","0","0","9","1","0","","1","0","39 58:46.304","","0","75 14:27.265","9","0","0","0","67301","0","0","0","N","0","0","0","3","67301","0","","1.0","","1","N","N","N","0","","0","0","3","3","3","","900","3","0","0","0","0","0","1","2","0","3","0","0","0","3","03","","N","","","","","","","","","",""
"2020026522","0446","1","0","0","0","0","0","0","0","0","1","0","","67","3","2020","6","39.985802","-75.215608","0444","6","0","0","0","0","0","0","0","0","","0","0","0","4","3","1","","1","0","39 59:08.888","","0","75 12:56.190","8","0","0","0","67301","0","0","0","N","0","0","0","2","68K01","0","","1.0","","9","N","N","N","0","","0","0","1","3","2","","443","2","1","0","0","0","1","0","2","0","2","0","0","0","7","","","N","","","","","","","","","",""
"2020026424","1130","1","0","0","0","0","0","0","0","0","1","0","","67","3","2020","6","39.971464","-75.15951","1130","6","0","0","0","0","0","0","0","0","","0","0","0","13","1","1","","1","0","39 58:17.270","","0","75 09:34.235","3","0","0","0","67301","0","0","0","N","0","0","0","2","67301","0","","1.0","","1","N","N","N","0","","1","0","1","3","2","","1307","2","1","1","0","0","0","1","2","0","2","0","0","0","3","03","","N","","","","","","","","","",""
"2020063046","2210","1","0","0","0","0","0","1","0","0","2","1","","67","8","2020","2","39.995198","-75.1856","2200","6","0","0","0","0","0","0","0","0","","0","0","0","22","3","2","N","0","0","39 59:42.711","","0","75 11:08.159","3","0","0","0","67301","0","0","0","N","0","0","0","2","67508","0","","1.0","","1","N","N","Y","0","","2","0","0","0","0","N","2200","2","2","0","0","0","0","0","2","0","2","0","0","0","3","03","","N","","","","","","","","","",""
"2020066874","0745","1","0","0","0","0","0","0","0","0","7","0","","67","8","2020","1","40.01728","-75.211421","0743","6","0","0","0","0","0","0","0","0","","0","0","0","7","1","0","N","0","0","40 01:02.207","","0","75 12:41.115","0","0","0","0","67301","0","0","0","N","0","0","0","1","67301","0","","4.0","","9","N","N","N","0","","0","0","0","0","0","","741","1","0","0","0","0","0","0","2","0","1","0","0","0","7","07","","N","","","","","","","","","",""
"2020027044","1715","1","0","0","0","0","0","0","0","0","4","0","","67","3","2020","1","40.026543","-75.138689","0715","6","0","0","0","0","0","0","0","0","","0","0","0","23","3","4","","1","0","40 01:35.554","","0","75 08:19.280","8","0","0","0","67301","0","0","0","N","0","0","0","5","67301","0","","1.0","","1","N","N","N","0","","0","0","0","3","2","","2300","2","4","0","0","0","4","0","2","0","2","0","0","0","3","03","","N","","","","","","","","","",""
"2020023146","1250","1","0","0","0","0","0","0","0","0","4","0","","67","3","2020","3","40.045221","-75.032597","1238","6","0","0","0","0","0","0","0","0","","0","0","0","12","1","1","","2","0","40 02:42.795","","0","75 01:57.349","3","0","0","0","67301","0","0","0","N","0","0","0","2","67301","0","","1.0","","1","N","N","N","1","","1","0","0","3","3","","1220","2","1","2","0","0","0","0","2","0","2","0","0","0","3","03","","N","","","","","","","","","",""
"2020023976","1410","1","0","0","0","0","0","0","0","0","6","0","","67","3","2020","3","40.036189","-75.155609","1410","6","0","0","0","0","0","0","0","0","","0","0","0","23","3","1","","3","0","40 02:10.280","","0","75 09:20.192","8","0","0","0","67301","0","0","0","N","0","0","0","2","67301","0","","1.0","","99","N","N","N","0","","0","0","1","0","0","","2300","2","1","0","0","0","1","1","2","0","2","0","0","0","3","98","","N","","","","","","","","","",""
"2020026556","1420","2","0","0","0","0","0","0","0","0","4","0","","67","3","2020","2","40.017411","-75.140759","1420","6","0","0","0","0","0","0","0","0","","0","0","0","14","1","5","","2","0","40 01:02.679","","0","75 08:26.732","3","0","0","0","67301","0","0","0","N","0","0","0","6","67301","0","","1.0","","1","N","N","N","0","","5","0","0","3","3","","1410","2","5","0","0","0","0","0","2","0","2","0","0","0","3","","","N","","","","","","","","","",""
"2020025367","0418","1","0","0","0","0","0","0","0","0","5","0","","67","3","2020","1","40.040378","-75.234642","0417","6","0","0","0","0","0","0","0","0","","0","0","0","4","3","1","N","0","0","40 02:25.360","","0","75 14:04.710","4","0","0","0","67301","0","0","0","N","0","0","0","1","67301","1","","6.0","","1","N","N","N","1","","0","0","0","0","0","","415","2","1","0","0","0","0","0","2","0","2","0","0","0","3","03","","N","","","","","","","","","",""
"2020019871","1912","1","0","0","0","0","0","0","0","0","4","0","","67","2","2020","7","39.977789","-75.176374","1908","6","0","0","0","0","0","0","0","0","","0","0","0","18","3","2","","1","0","39 58:40.040","","0","75 10:34.946","3","0","0","0","67301","0","0","0","N","0","0","0","3","67301","0","","1.0","","1","N","N","N","0","","2","0","1","3","3","","1856","2","2","0","0","0","0","1","2","0","2","0","0","0","3","","","N","","","","","","","","","",""
"2020009382","0743","0","0","0","0","0","0","0","0","0","4","0","","67","1","2020","6","39.922561","-75.235417","0741","6","0","0","0","0","0","0","0","0","","0","0","0","7","1","0","N","0","0","39 55:21.220","","0","75 14:07.500","0","0","0","0","67301","0","0","0","N","0","0","0","2","67301","0","","1.0","","1","N","N","N","0","","0","0","1","0","0","","730","2","0","0","0","0","0","0","2","1","2","0","0","0","3","03","","N","","","","","","","","","",""
"2020019826","1805","1","0","0","0","0","0","0","0","0","4","0","","67","2","2020","7","39.914008","-75.149937","1759","6","0","0","1","0","0","0","0","0","","0","0","0","17","3","0","","1","0","39 54:50.430","","0","75 08:59.773","0","0","0","0","67301","0","0","0","N","0","0","0","3","67301","0","","1.0","","1","N","N","N","1","","0","0","0","3","2","","1750","2","0","0","0","0","0","0","2","0","2","0","0","0","3","03","","N","","","","","","","","","",""
"2020052685","2331","1","0","0","0","0","0","0","0","0","1","0","","67","7","2020","1","39.974051","-75.204508","2329","6","0","0","0","0","0","0","0","0","","0","0","0","23","3","1","N","0","0","39 58:26.585","","0","75 12:16.227","4","0","0","0","67301","0","0","0","N","0","0","0","1","67301","1","","1.0","","1","N","N","N","1","","0","0","0","3","2","","2327","2","1","0","0","0","0","0","2","0","2","0","0","0","3","","","N","","","","","","","","","",""
"2020025801","1712","1","0","0","0","0","0","0","0","0","4","0","","67","3","2020","5","40.00468","-75.152126","9999","6","0","0","0","0","0","0","0","0","","0","0","0","99","1","0","N","1","1","40 00:16.847","3","0","75 09:07.652","0","0","0","0","67301","0","0","0","N","0","0","0","2","67505","0","","1.0","9999.0","1","N","N","Y","0","","0","0","1","3","2","N","9999","2","0","0","0","0","0","0","2","0","2","0","0","0","3","03","","N","","","","","","","","","",""
"2020026491","2215","2","0","0","0","0","0","0","0","0","5","0","","67","3","2020","7","40.012384","-75.073976","2213","6","0","0","0","0","0","1","0","0","","0","0","0","22","3","1","N","0","0","40 00:44.582","","0","75 04:26.312","3","0","0","0","67301","0","0","0","N","0","0","0","1","67301","0","","6.0","","1","N","N","N","0","","1","0","0","0","0","","2213","3","1","0","0","0","0","0","2","1","3","0","0","0","3","","","N","","","","","","","","","",""
"2020026041","0550","1","0","0","0","0","0","0","0","0","7","0","","67","3","2020","6","40.005691","-75.177293","0550","6","0","0","0","0","0","1","0","0","","0","0","0","5","3","1","N","0","0","40 00:20.486","","0","75 10:38.254","8","0","0","0","67301","0","0","0","N","0","0","0","1","67301","0","","5.0","","9","N","N","N","0","","0","0","0","0","0","","550","1","1","0","0","0","1","0","2","0","1","0","0","0","7","07","","N","","","","","","","","","",""
"2020064882","1923","2","0","0","0","0","0","0","0","0","1","0","","67","8","2020","6","39.958471","-75.166532","1915","6","0","0","0","0","0","0","0","0","","0","0","0","19","1","0","N","0","0","39 57:30.494","","0","75 09:59.515","0","0","0","0","67301","0","0","0","N","0","0","0","2","68K01","0","","1.0","","9","N","N","N","0","","0","0","0","0","0","","1912","3","0","0","0","0","0","0","2","0","3","0","0","0","7","","","N","","","","","","","","","",""
"2020025315","0017","1","0","0","0","0","0","0","0","0","4","0","","67","3","2020","1","40.008176","-75.142761","0017","6","0","0","0","0","0","0","0","0","","0","1","0","0","3","0","","1","0","40 00:29.432","","0","75 08:33.941","0","0","0","0","67301","0","0","0","N","0","0","0","4","67301","0","","1.0","","1","N","N","N","0","","0","0","0","3","2","","17","2","0","0","0","0","0","0","2","0","2","0","0","0","3","03","","N","","","","","","","","","",""
"2020064060","1428","1","0","0","0","0","0","0","0","0","1","0","","67","8","2020","3","39.942785","-75.193294","1418","6","0","0","0","0","0","2","0","0","","0","0","0","14","1","1","N","0","2","39 56:34.025","3","0","75 11:35.859","3","0","0","0","67301","0","0","0","N","0","0","0","2","68K01","0","","1.0","15.0","9","N","N","N","0","","1","0","1","0","0","N","1413","2","1","0","0","0","0","0","2","0","2","0","0","0","3","","","N","","","","","","","","","",""
"2020067601","0245","0","0","0","0","0","0","0","0","0","4","0","","67","8","2020","7","39.974017","-75.194013","0234","6","0","0","0","0","0","0","0","0","","0","0","0","2","3","3","N","0","1","39 58:26.462","4","0","75 11:38.445","3","0","0","0","67301","0","0","0","N","0","0","0","3","68K01","0","","1.0","340.0","1","N","N","N","0","","3","0","2","0","0","N","233","2","3","0","0","0","0","0","2","0","2","0","0","0","3","","","N","","","","","","","","","",""
"2020028376","1012","2","0","0","0","0","0","0","0","0","5","0","","67","3","2020","1","40.0164","-75.139286","1009","6","0","0","0","0","0","0","0","0","","0","0","0","10","1","0","N","0","0","40 00:59.040","","0","75 08:21.430","0","0","0","0","67301","0","0","0","N","0","0","0","3","67301","0","","6.0","","1","N","N","N","0","","0","0","1","0","0","","1008","3","0","1","0","0","0","0","2","0","3","0","0","0","3","03","","N","","","","","","","","","",""
"2020023884","1840","0","0","0","1","0","0","0","0","0","8","0","","67","3","2020","5","39.989359","-75.15547","1830","6","0","0","0","0","0","1","0","0","","0","0","0","18","3","1","N","0","0","39 59:21.692","","7","75 09:19.691","4","0","0","0","67301","1","0","0","N","0","0","0","2","67301","1","","4.0","","1","N","N","N","0","","0","0","0","9","2","","1830","2","1","0","0","0","0","0","2","1","1","1","0","0","3","","","N","","","","","","","","","",""
"2020052090","0901","3","0","0","0","0","0","0","0","0","1","0","","67","6","2020","7","39.958498","-75.166761","0901","6","0","0","0","0","0","1","0","0","","0","0","0","9","1","0","N","0","0","39 57:30.592","","0","75 10:00.339","0","0","0","0","67301","0","0","0","N","0","0","0","3","68K01","0","","1.0","","9","N","N","N","0","","0","0","0","0","0","","901","3","0","0","0","0","0","0","2","0","3","0","0","0","4","","","N","","","","","","","","","",""