"CRN","ARRIVAL_TM","AUTOMOBILE_COUNT","BELTED_DEATH_COUNT","BELTED_SUSP_SERIOUS_INJ_COUNT","BICYCLE_COUNT","BICYCLE_DEATH_COUNT","BICYCLE_SUSP_SERIOUS_INJ_COUNT","BUS_COUNT","CHLDPAS_DEATH_COUNT","CHLDPAS_SUSP_SERIOUS_INJ_COUNT","COLLISION_TYPE","COMM_VEH_COUNT","CONS_ZONE_SPD_LIM","COUNTY","CRASH_MONTH","CRASH_YEAR","DAY_OF_WEEK","DEC_LATITUDE","DEC_LONGITUDE","DISPATCH_TM","DISTRICT","DRIVER_COUNT_16YR","DRIVER_COUNT_17YR","DRIVER_COUNT_18YR","DRIVER_COUNT_19YR","DRIVER_COUNT_20YR","DRIVER_COUNT_50_64YR","DRIVER_COUNT_65_74YR","DRIVER_COUNT_75PLUS","EST_HRS_CLOSED","FATAL_COUNT","HEAVY_TRUCK_COUNT","HORSE_BUGGY_COUNT","HOUR_OF_DAY","ILLUMINATION","INJURY_COUNT","INTERSECTION_RELATED","INTERSECT_TYPE","LANE_CLOSED","LATITUDE","LN_CLOSE_DIR","LOCATION_TYPE","LONGITUDE","MAX_SEVERITY_LEVEL","MCYCLE_DEATH_COUNT","MCYCLE_SUSP_SERIOUS_INJ_COUNT","MOTORCYCLE_COUNT","MUNICIPALITY","NONMOTR_COUNT","NONMOTR_DEATH_COUNT","NONMOTR_SUSP_SERIOUS_INJ_COUNT","NTFY_HIWY_MAINT","PED_COUNT","PED_DEATH_COUNT","PED_SUSP_SERIOUS_INJ_COUNT","PERSON_COUNT","POLICE_AGCY","POSSIBLE_INJ_COUNT","RDWY_SURF_TYPE_CD","RELATION_TO_ROAD","ROADWAY_CLEARED","ROAD_CONDITION","SCH_BUS_IND","SCH_ZONE_IND","SECONDARY_CRASH","SMALL_TRUCK_COUNT","SPEC_JURIS_CD","SUSP_MINOR_INJ_COUNT","SUSP_SERIOUS_INJ_COUNT","SUV_COUNT","TCD_FUNC_CD","TCD_TYPE","TFC_DETOUR_IND","TIME_OF_DAY","TOTAL_UNITS","TOT_INJ_COUNT","UNBELTED_OCC_COUNT","UNB_DEATH_COUNT","UNB_SUSP_SERIOUS_INJ_COUNT","UNK_INJ_DEG_COUNT","UNK_INJ_PER_COUNT","URBAN_RURAL","VAN_COUNT","VEHICLE_COUNT","VULNERABLE_ROAD_USER_COUNT","VULNERABLE_ROAD_USER_DEATH_COUNT","VULNERABLE_ROAD_USER_SER_INJ_COUNT","WEATHER1","WEATHER2","WORKERS_PRES","WORK_ZONE_IND","WORK_ZONE_LOC","WORK_ZONE_TYPE","WZ_CLOSE_DETOUR","WZ_FLAGGER","WZ_LAW_OFFCR_IND","WZ_LN_CLOSURE","WZ_MOVING","WZ_OTHER","WZ_SHLDER_MDN","WZ_WORKERS_INJ_KILLED"
"2020005985","1830","0","0","0","0","0","0","0","0","0","8","0","","67","1","2020","3","40.031099","-75.177779","1830","6","0","0","0","0","0","0","0","1","","0","0","0","17","3","1","","1","0","40 01:51.956","","99","75 10:40.006","3","0","0","0","67301","1","0","0","N","1","0","0","2","67301","0","","1.0","","9","N","N","N","0","","1","0","1","9","2","","1745","2","1","1","0","0","0","0","2","0","1","1","0","0","7","","","N","","","","","","","","","",""
"2020051850","1700","1","0","0","0","0","0","0","0","0","4","0","","67","7","2020","4","40.017619","-75.172315","1657","6","0","0","0","0","0","0","0","0","","0","0","0","16","1","1","","7","0","40 01:03.429","","2","75 10:20.334","3","0","0","0","67301","0","0","0","N","0","0","0","2","67301","0","","1.0","","1","N","N","N","0","","1","0","1","0","0","","1644","2","1","0","0","0","0","0","2","0","2","0","0","0","3","03","","N","","","","","","","","","",""
"2020005408","1020","1","0","0","0","0","0","0","0","0","5","0","","67","1","2020","4","39.947289","-75.157656","1015","6","0","0","0","0","0","0","0","0","","0","0","0","10","1","0","N","0","2","39 56:50.240","2","0","75 09:27.560","0","0","0","0","67301","0","0","0","N","0","0","0","1","67301","0","","6.0","1120.0","1","N","N","N","0","","0","0","0","0","0","Y","1000","2","0","0","0","0","0","0","2","1","2","0","0","0","3","03","","N","","","","","","","","","",""
"2020026557","1100","1","0","0","0","0","0","0","0","0","1","0","","67","3","2020","3","40.025151","-75.124856","1100","6","0","0","0","0","0","0","0","0","","0","0","0","19","3","1","Y","0","0","40 01:30.544","","0","75 07:29.481","3","0","0","0","67301","0","0","0","N","0","0","0","3","67301","0","","1.0","","99","N","N","Y","0","","1","0","0","0","0","","1940","3","1","0","0","0","0","0","2","0","3","0","0","0","99","98","","N","","","","","","","","","",""
"2020067309","1240","2","0","0","0","0","0","0","0","0","1","1","","67","8","2020","5","40.074316","-75.034824","1232","6","0","0","0","0","0","0","0","0","","0","1","0","12","1","0","","1","1","40 04:27.539","7","0","75 02:05.367","0","0","0","0","67301","0","0","0","N","0","0","0","3","67301","0","","1.0","1325.0","1","N","N","N","0","","0","0","0","3","2","Y","1225","3","0","0","0","0","0","0","2","0","3","0","0","0","3","03","","N","","","","","","","","","",""
"2020019874","1202","1","0","0","0","0","0","0","0","0","4","0","","67","2","2020","4","40.010821","-75.126649","1201","6","0","0","0","0","0","0","0","0","","0","0","0","12","1","1","","1","0","40 00:38.955","","0","75 07:35.936","3","0","0","0","67301","0","0","0","N","0","0","0","2","67301","0","","1.0","","1","N","N","N","0","","1","0","1","9","9","","1200","2","1","1","0","0","0","0","2","0","2","0","0","0","3","03","","N","","","","","","","","","",""
"2020003773","1054","2","0","0","0","0","0","0","0","0","4","0","","67","1","2020","6","39.995222","-75.188333","1054","6","0","0","0","0","0","0","0","0","","0","0","0","10","1","2","","2","0","39 59:42.800","","0","75 11:18.000","3","0","0","0","67301","0","0","0","N","0","0","0","3","67301","0","","1.0","","1","N","N","N","0","","1","0","0","3","3","","1054","3","2","0","0","0","1","1","2","0","3","0","0","0","3","03","","N","","","","","","","","","",""
"2020027680","1604","1","0","0","0","0","0","0","0","0","8","0","","67","3","2020","7","40.058751","-75.050583","1558","6","0","0","0","0","0","0","0","0","","0","0","0","15","1","1","","1","0","40 03:31.504","","0","75 03:02.099","8","0","0","0","67301","1","0","0","N","1","0","0","3","67301","0","","1.0","","1","N","N","N","0","","0","0","0","0","0","","1555","2","1","0","0","0","1","0","2","0","1","1","0","0","3","03","","N","","","","","","","","","",""
"2020023812","1152","2","0","0","0","0","0","0","0","0","1","0","","67","3","2020","4","39.953772","-75.161092","1149","6","0","0","0","0","0","1","0","0","","0","0","0","10","8","0","Y","0","0","39 57:13.580","","0","75 09:39.930","0","0","0","0","67301","0","0","0","N","0","0","0","3","67301","0","","1.0","","1","N","N","N","0","","0","0","1","3","2","","1046","3","0","0","0","0","0","0","2","0","3","0","0","0","3","03","","N","","","","","","","","","",""
"2020015761","1814","2","0","0","0","0","0","0","0","0","4","0","","67","1","2020","6","40.006004","-75.091851","1810","6","0","0","0","0","0","1","0","0","","0","0","0","18","3","1","","5","0","40 00:21.613","","0","75 05:30.664","3","0","0","0","67301","0","0","0","N","0","0","0","2","67301","0","","1.0","","1","N","N","N","0","","1","0","0","3","2","","1804","2","1","1","0","0","0","0","2","0","2","0","0","0","3","","","N","","","","","","","","","",""
"2020012140","0035","0","0","0","0","0","0","0","0","0","4","0","","67","1","2020","3","39.967495","-75.231958","0026","6","0","0","0","0","0","0","0","0","","0","0","0","23","3","1","","5","0","39 58:02.983","","0","75 13:55.048","8","0","0","0","67301","0","0","0","N","0","0","0","4","67301","0","","1.0","","1","N","N","N","0","","0","0","0","3","2","","2345","2","1","0","0","0","1","0","2","1","2","0","0","0","3","03","","N","","","","","","","","","",""
"2020025635","2353","0","0","0","0","0","0","0","0","0","7","0","","67","3","2020","3","39.971281","-75.121302","2353","6","0","0","0","0","0","1","0","0","","0","0","0","22","3","1","","1","0","39 58:16.610","","2","75 07:16.686","8","0","0","1","67301","0","0","0","N","0","0","0","1","67301","0","","5.0","","1","N","N","N","0","","0","0","0","3","2","","2210","1","1","0","0","0","1","0","2","0","1","0","0","0","3","03","","N","","","","","","","","","",""
"2020026426","2315","1","0","0","0","0","0","0","0","0","5","0","","67","3","2020","6","40.005603","-75.165388","2314","6","0","0","0","0","0","1","0","0","","0","0","0","23","2","3","N","2","0","40 00:20.170","","0","75 09:55.396","4","0","0","0","67301","0","0","0","N","0","0","0","3","67301","3","","1.0","","1","N","N","N","0","","0","0","1","9","9","","2310","2","3","0","0","0","0","0","2","0","2","0","0","0","3","03","","N","","","","","","","","","",""
"2020064003","1130","0","0","0","0","0","0","0","0","0","1","2","","67","7","2020","6","39.946413","-75.142421","1119","6","0","0","0","0","0","0","0","0","","0","2","0","11","1","0","N","0","2","39 56:47.085","2","0","75 08:32.717","0","0","0","0","67301","0","0","0","N","0","0","0","2","68K01","0","","3.0","200.0","9","N","N","N","0","","0","0","0","0","0","N","1118","2","0","0","0","0","0","0","2","0","2","0","0","0","3","","","N","","","","","","","","","",""
"2020023975","0120","2","0","0","0","0","0","0","0","0","1","0","","67","3","2020","3","39.951232","-75.179417","0054","6","0","0","0","0","0","0","0","0","","0","0","0","0","3","1","N","0","0","39 57:04.436","","0","75 10:45.900","3","0","0","0","67301","0","0","0","N","0","0","0","3","67301","0","","1.0","","9","N","N","N","0","","1","0","0","9","2","","9","2","1","0","0","0","0","0","2","0","2","0","0","0","7","","","N","","","","","","","","","",""
"2020025867","1725","2","0","0","0","0","0","0","0","0","4","0","","67","3","2020","4","39.997272","-75.173765","1722","6","0","0","0","0","0","0","0","0","","0","0","0","17","1","2","","1","2","39 59:50.179","2","0","75 10:25.553","3","0","0","0","67301","0","0","0","N","0","0","0","3","67301","0","","1.0","1845.0","1","N","N","N","0","","2","0","0","3","3","Y","1702","2","2","0","0","0","0","0","2","0","2","0","0","0","4","07","","N","","","","","","","","","",""
"2020023977","1115","0","0","0","0","0","0","0","0","0","4","0","","67","3","2020","6","40.040363","-75.124174","1040","6","0","0","0","0","0","1","0","0","","0","0","0","10","1","1","","1","1","40 02:25.306","6","0","75 07:27.026","4","0","0","0","67301","0","0","0","N","0","0","0","4","67301","1","","1.0","1115.0","1","N","N","N","0","","0","0","1","3","2","N","1009","2","1","0","0","0","0","0","2","1","2","0","0","0","3","07","","N","","","","","","","","","",""
"2020026960","0733","0","0","0","0","0","0","0","0","0","8","0","","67","3","2020","5","39.956647","-75.165993","0724","6","0","0","0","0","0","1","0","0","","0","0","0","7","5","1","","1","0","39 57:23.929","","0","75 09:57.574","3","0","0","0","67301","1","0","0","N","1","0","0","2","67301","0","","1.0","","1","N","N","N","0","","1","0","1","3","2","","723","2","1","0","0","0","0","0","2","0","1","1","0","0","3","","","N","","","","","","","","","",""
"2020026728","1403","3","0","0","0","0","0","0","0","0","4","0","","67","3","2020","7","39.938889","-75.229764","1402","6","0","0","0","0","0","0","0","0","","0","0","0","14","1","4","","1","0","39 56:20.000","","0","75 13:47.150","3","0","0","0","67301","0","0","0","N","0","0","0","4","67301","0","","1.0","","1","N","N","N","0","","4","0","0","3","3","","1400","3","4","0","0","0","0","0","2","0","3","0","0","0","3","03","","N","","","","","","","","","",""
"2020010310","1739","1","0","0","0","0","0","0","0","0","4","0","","67","1","2020","6","39.969199","-75.228382","1736","6","0","0","0","0","0","0","1","0","","0","0","0","17","3","2","","1","0","39 58:09.116","","0","75 13:42.175","8","0","0","0","67301","0","0","0","N","0","0","0","6","67301","0","","1.0","","1","N","N","N","0","","0","0","1","3","3","","1735","2","2","0","0","0","2","1","2","0","2","0","0","0","3","03","","N","","","","","","","","","",""
"2020060553","1648","1","0","0","0","0","0","0","0","0","7","0","","67","7","2020","4","39.992447","-75.081136","1636","6","0","0","0","0","0","0","0","0","","0","0","0","13","1","2","N","0","1","39 59:32.810","3","0","75 04:52.090","3","0","0","0","67301","0","0","0","N","0","0","0","2","67301","0","","5.0","1735.0","1","N","N","N","0","","2","0","0","0","0","N","1353","1","2","0","0","0","0","0","2","0","1","0","0","0","3","03","","N","","","","","","","","","",""
"2020026351","0830","1","0","0","0","0","0","0","0","0","1","0","","67","3","2020","6","39.956202","-75.239043","0825","6","0","0","0","0","0","0","0","0","","0","0","0","8","1","1","N","0","0","39 57:22.326","","7","75 14:20.554","8","0","0","0","67301","0","0","0","N","0","0","0","2","67301","0","","1.0","","9","N","Y","N","0","","0","0","0","0","0","","820","2","1","0","0","0","1","1","2","0","2","0","0","0","7","04","","N","","","","","","","","","",""
"2020023217","0319","2","0","0","0","0","0","0","0","0","5","0","","67","3","2020","4","39.995528","-75.118658","0319","6","0","0","0","0","0","0","0","0","","0","0","0","3","3","0","N","0","2","39 59:43.900","3","0","75 07:07.170","0","0","0","0","67301","0","0","0","N","0","0","0","1","67301","0","","6.0","415.0","9","N","N","N","0","","0","0","1","0","0","Y","308","3","0","0","0","0","0","0","2","0","3","0","0","0","7","","","N","","","","","","","","","",""
"2020012708","0308","1","0","0","0","0","0","0","0","0","4","0","","67","2","2020","1","39.981952","-75.239038","0302","6","0","0","0","0","0","0","0","0","","0","0","0","0","3","1","","1","0","39 58:55.028","","0","75 14:20.537","8","0","0","0","67301","0","0","0","N","0","0","0","2","67301","0","","1.0","","9","N","N","N","0","","0","0","1","3","2","","13","2","1","0","0","0","1","0","2","0","2","0","0","0","3","03","","N","","","","","","","","","",""
"2020052829","1640","1","0","0","0","0","0","0","0","0","1","0","","67","6","2020","7","39.951207","-75.182891","1612","6","0","0","0","0","0","0","0","0","","0","0","0","16","1","0","N","0","1","39 57:04.346","4","1","75 10:58.409","0","0","0","0","67301","0","0","0","N","0","0","0","2","68K01","0","","1.0","25.0","1","N","N","N","0","","0","0","1","0","0","N","1607","2","0","0","0","0","0","0","2","0","2","0","0","0","3","03","","N","","","","","","","","","",""
"2020003867","1856","2","0","0","0","0","0","0","0","0","4","0","","67","1","2020","6","39.913083","-75.243294","1856","6","0","0","1","0","0","1","0","0","","0","0","0","18","3","0","","1","0","39 54:47.100","","0","75 14:35.859","0","0","0","0","67301","0","0","0","N","0","0","0","2","67301","0","","1.0","","1","N","N","N","0","","0","0","0","3","2","","1844","2","0","0","0","0","0","0","2","0","2","0","0","0","3","03","","N","","","","","","","","","",""
"2020036342","0345","2","0","0","0","0","0","0","0","0","4","0","","67","1","2020","4","40.025022","-75.125744","0341","6","0","0","0","0","0","0","0","0","","0","0","0","3","3","2","","1","0","40 01:30.078","","0","75 07:32.678","3","0","0","0","67301","0","0","0","N","0","0","0","2","67301","0","","1.0","","1","N","N","N","0","","2","0","0","2","2","","341","2","2","0","0","0","0","0","2","0","2","0","0","0","3","03","","N","","","","","","","","","",""
"2020047950","1950","0","0","0","1","0","0","1","0","0","8","1","","67","6","2020","7","39.949198","-75.150529","1943","6","0","0","0","0","0","0","0","0","","0","0","0","19","1","1","Y","0","0","39 56:57.113","","0","75 09:01.904","4","0","0","0","67301","1","0","0","N","0","0","0","2","67508","1","","1.0","","1","N","N","N","0","","0","0","0","0","0","N","1943","2","1","0","0","0","0","0","2","0","1","1","0","0","3","","","N","","","","","","","","","",""
"2020005199","0047","1","0","0","0","0","0","0","0","0","4","0","","67","1","2020","4","40.00741","-75.078059","0037","6","0","0","0","0","0","0","0","0","","0","0","0","0","3","2","","1","2","40 00:26.675","7","0","75 04:41.014","3","0","0","0","67301","0","0","0","N","0","0","0","4","67301","0","","1.0","230.0","9","N","N","N","0","","2","0","0","3","2","Y","37","2","2","0","0","0","0","1","2","1","2","0","0","0","3","","","N","","","","","","","","","",""
"2020065328","2116","0","0","0","0","0","0","0","0","0","7","0","","67","7","2020","5","39.920955","-75.246628","2116","6","0","1","0","0","0","0","0","0","","2","0","0","21","3","3","N","0","2","39 55:15.439","5","0","75 14:47.862","1","0","0","0","67301","0","0","0","N","0","0","0","5","67301","0","2","5.0","2120.0","1","N","N","N","0","0","0","3","1","0","0","N","2108","1","3","4","2","2","0","0","2","0","1","0","0","0","3","03","","N","","","","","","","","","",""
"2020065183","2004","1","0","0","0","0","0","0","0","0","1","0","","67","7","2020","6","39.957671","-75.160342","1955","6","0","0","0","0","0","2","0","0","","0","0","0","19","1","1","N","0","2","39 57:27.616","4","0","75 09:37.232","3","0","0","0","67301","0","0","0","N","0","0","0","4","68K01","0","","1.0","10.0","1","N","N","N","0","","1","0","2","0","0","N","1952","3","1","0","0","0","0","0","2","0","3","0","0","0","3","","","N","","","","","","","","","",""
"2020026494","1923","1","0","0","0","0","0","0","0","0","4","0","","67","3","2020","7","39.969246","-75.133394","1917","6","0","0","0","0","0","0","0","0","","0","0","0","19","3","0","Y","0","0","39 58:09.286","","0","75 08:00.217","0","0","0","0","67301","0","0","0","N","0","0","0","2","67301","0","","1.0","","1","N","N","N","0","","0","0","1","3","3","","1910","2","0","0","0","0","0","0","2","0","2","0","0","0","3","03","","N","","","","","","","","","",""
"2020060502","0311","3","0","0","0","0","0","0","0","0","4","1","","67","7","2020","2","39.923631","-75.193322","0311","6","0","0","0","0","0","0","0","0","","0","1","0","2","3","0","N","0","0","39 55:25.070","","0","75 11:35.960","0","0","0","0","67301","0","0","0","N","0","0","0","1","67301","0","","1.0","","1","N","N","N","0","","0","0","0","3","8","","247","4","0","0","0","0","0","0","2","0","4","0","0","0","3","","","N","","","","","","","","","",""
"2020026369","1700","0","0","0","1","0","0","0","0","0","8","0","","67","3","2020","7","39.951563","-75.19907","1657","6","0","0","0","0","0","0","0","0","","0","0","0","16","1","1","Y","0","0","39 57:05.625","","0","75 11:56.652","8","0","0","0","67301","1","0","0","N","0","0","0","3","67504","0","","1.0","","1","N","N","N","0","","0","0","1","0","0","","1655","2","1","0","0","0","1","0","2","0","1","1","0","0","3","03","","N","","","","","","","","","",""
"2020022446","2346","1","0","0","0","0","0","0","0","0","5","0","","67","3","2020","2","40.033908","-75.074273","2339","6","0","0","0","0","0","0","1","0","","0","0","0","23","3","0","","1","0","40 02:02.069","","0","75 04:27.384","9","0","0","0","67301","0","0","0","N","0","0","0","2","67301","0","","1.0","","1","N","N","N","0","","0","0","0","3","2","","2339","2","0","0","0","0","0","1","2","0","2","0","0","0","3","03","","N","","","","","","","","","",""
"2020062814","0843","1","0","0","0","0","0","0","0","0","4","2","","67","8","2020","5","40.028966","-75.106116","0834","6","0","0","0","0","0","1","0","0","","0","2","0","8","1","9","N","0","2","40 01:44.277","2","0","75 06:22.016","3","0","0","0","67301","0","0","0","N","0","0","0","11","67301","6","","1.0","1155.0","9","N","N","N","0","","3","0","0","3","2","Y","833","5","9","0","0","0","0","0","2","2","5","0","0","0","7","07","","N","","","","","","","","","",""
"2020009175","2050","1","0","0","0","0","0","0","0","0","8","0","","67","1","2020","2","39.955578","-75.233984","2046","6","0","0","0","0","0","0","0","0","","0","0","0","20","3","1","","1","2","39 57:20.080","6","0","75 14:02.342","8","0","0","0","67301","1","0","0","N","1","0","0","2","67301","0","","1.0","2050.0","1","N","N","N","0","","0","0","0","3","2","Y","2042","2","1","1","0","0","1","0","2","0","1","1","0","0","3","03","","N","","","","","","","","","",""
"2020008755","1751","1","0","0","0","0","0","0","0","0","4","0","","67","1","2020","4","40.010905","-75.103181","1746","6","0","0","0","0","0","0","0","1","","0","0","0","17","3","1","","2","0","40 00:39.257","","0","75 06:11.451","3","0","0","1","67301","0","0","0","N","0","0","0","2","67301","0","","1.0","","1","N","N","N","0","","1","0","0","0","0","","1743","2","1","0","0","0","0","0","2","0","2","0","0","0","3","03","","N","","","","","","","","","",""
"2020028272","1700","2","0","0","0","0","0","0","0","0","4","0","","67","3","2020","1","40.010723","-75.162622","1659","6","0","0","0","0","0","0","0","0","","0","0","0","16","1","2","","1","0","40 00:38.603","","0","75 09:45.439","3","0","0","0","67301","0","0","0","N","0","0","0","3","67301","0","","1.0","","1","N","N","N","0","","2","0","0","0","0","","1625","2","2","0","0","0","0","0","2","0","2","0","0","0","3","","","N","","","","","","","","","",""
"2020025314","1140","1","0","0","0","0","0","0","0","0","4","0","","67","3","2020","7","40.00853","-75.210732","1129","6","0","0","0","0","0","1","0","0","","0","0","0","10","1","0","","1","0","40 00:30.708","","0","75 12:38.635","0","0","0","0","67301","0","0","0","N","0","0","0","2","67301","0","","1.0","","1","N","N","N","0","","0","0","0","0","0","","1058","2","0","0","0","0","0","0","2","1","2","0","0","0","3","03","","N","","","","","","","","","",""
"2020023218","1945","2","0","0","0","0","0","0","0","0","4","0","","67","3","2020","3","39.979155","-75.137469","1942","6","0","0","0","0","0","0","0","0","","0","0","0","19","3","1","","1","0","39 58:44.957","","0","75 08:14.888","3","0","0","0","67301","0","0","0","N","0","0","0","3","67301","0","","1.0","","9","N","N","N","0","","1","0","0","3","2","","1941","2","1","0","0","0","0","0","2","0","2","0","0","0","4","03","","N","","","","","","","","","",""
"2020024412","1622","0","0","0","0","0","0","0","0","0","5","0","","67","3","2020","7","40.034525","-75.16585","1614","6","0","0","0","0","0","1","0","0","","0","0","0","15","1","0","N","0","0","40 02:04.290","","0","75 09:57.060","0","0","0","0","67301","0","0","0","N","0","0","0","1","67301","0","","6.0","","1","N","N","N","2","","0","0","0","0","0","","1545","2","0","0","0","0","0","0","2","0","2","0","0","0","3","03","","N","","","","","","","","","",""
"2020022414","1713","1","0","0","0","0","0","0","0","0","8","0","","67","3","2020","1","40.022351","-75.078135","1652","6","0","0","0","0","0","0","0","0","","0","0","0","16","1","1","","1","0","40 01:20.463","","0","75 04:41.285","3","0","0","0","67301","1","0","0","N","0","0","0","2","67301","0","","1.0","","1","N","N","N","0","","1","0","0","3","2","","1650","2","1","0","0","0","0","0","2","0","1","1","0","0","3","03","","N","","","","","","","","","",""
"2020026732","1240","2","0","0","0","0","0","0","0","0","1","0","","67","3","2020","7","40.034135","-75.027402","1223","6","0","0","0","0","0","0","0","0","","0","0","0","12","1","1","","1","0","40 02:02.885","","0","75 01:38.648","3","0","0","0","67301","0","0","0","N","0","0","0","2","67301","0","","1.0","","1","N","N","N","0","","1","0","0","3","2","","1208","2","1","0","0","0","0","1","2","0","2","0","0","0","3","03","","N","","","","","","","","","",""
"2020024465","1411","1","0","0","0","0","0","0","0","0","1","0","","67","3","2020","2","39.960217","-75.23923","1400","6","0","0","1","0","0","0","0","0","","0","0","0","13","1","2","N","0","1","39 57:36.780","3","0","75 14:21.228","4","0","0","0","67301","0","0","0","N","0","0","0","3","67301","2","","1.0","1428.0","1","N","N","N","0","","0","0","0","3","2","N","1340","2","2","0","0","0","0","1","2","1","2","0","0","0","3","03","","N","","","","","","","","","",""
"2020026040","1015","1","0","0","1","0","0","0","0","0","8","0","","67","3","2020","4","40.002618","-75.160847","1013","6","0","0","0","0","0","0","0","0","","0","0","0","9","1","1","","2","0","40 00:09.425","","0","75 09:39.049","3","0","0","0","67301","1","0","0","N","0","0","0","2","67301","0","","1.0","","1","N","N","N","0","","1","0","0","0","0","","955","2","1","0","0","0","0","0","2","0","1","1","0","0","3","03","","N","","","","","","","","","",""
"2020056926","2136","1","0","0","0","0","0","0","0","0","1","0","","67","7","2020","4","39.953312","-75.162885","2132","6","0","0","0","0","0","0","0","0","","0","0","0","21","3","1","Y","0","0","39 57:11.924","","0","75 09:46.385","8","0","0","0","67301","0","0","0","N","0","0","0","2","67301","0","","1.0","","1","N","N","N","1","","0","0","0","3","2","","2117","2","1","0","0","0","1","1","2","0","2","0","0","0","3","03","","N","","","","","","","","","",""
"2020025450","0835","0","0","0","0","0","0","0","0","0","8","0","","67","3","2020","2","39.955722","-75.158661","0822","6","0","0","0","0","0","1","0","0","","0","0","0","8","1","1","N","0","0","39 57:20.600","","0","75 09:31.180","8","0","0","0","67301","1","0","0","N","1","0","0","2","67301","0","","1.0","","1","N","N","N","0","","0","0","1","0","0","","818","2","1","0","0","0","1","0","2","0","1","1","0","0","3","98","","N","","","","","","","","","",""
"2020026175","0315","1","0","0","0","0","0","0","0","0","7","0","","67","3","2020","6","40.047488","-75.091868","0310","6","0","0","0","0","0","0","0","0","","0","0","0","3","3","1","","1","0","40 02:50.956","","0","75 05:30.725","8","0","0","0","67301","0","0","0","N","0","0","0","1","67301","0","","4.0","","9","N","N","N","0","","0","0","0","3","2","","305","1","1","1","0","0","1","0","2","0","1","0","0","0","5","04","","N","","","","","","","","","",""
"2020023675","0800","1","0","0","0","0","0","0","0","0","1","0","","67","3","2020","5","40.044417","-75.128758","0800","6","0","0","0","0","0","0","0","0","","0","0","0","8","1","1","N","0","0","40 02:39.900","","0","75 07:43.530","3","0","0","0","67301","0","0","0","N","0","0","0","7","67301","0","","1.0","","1","N","N","N","0","","1","0","1","3","2","","800","2","1","0","0","0","0","0","2","0","2","0","0","0","3","03","","N","","","","","","","","","",""
"2020024363","0235","2","0","0","0","0","0","0","0","0","5","0","","67","3","2020","7","40.045844","-75.150297","0235","6","0","0","0","0","0","0","0","0","","0","0","0","2","3","0","N","0","0","40 02:45.040","","0","75 09:01.070","0","0","0","0","67301","0","0","0","N","0","0","0","2","67301","0","","6.0","","9","N","N","N","0","","0","0","0","3","2","","235","2","0","0","0","0","0","0","2","0","2","0","0","0","3","03","","N","","","","","","","","","",""
"2020065854","0933","2","0","0","0","0","0","0","0","0","2","0","","67","8","2020","7","39.954726","-75.240255","0929","6","0","0","0","0","0","1","0","0","","0","0","0","9","1","0","","1","1","39 57:17.013","2","0","75 14:24.917","0","0","0","0","67301","0","0","0","N","0","0","0","2","67301","0","","1.0","1033.0","1","N","N","N","0","","0","0","0","3","3","N","923","2","0","1","0","0","0","0","2","0","2","0","0","0","3","03","","N","","","","","","","","","",""
"2020024777","1732","0","0","0","0","0","0","0","0","0","8","0","","67","3","2020","7","40.062854","-75.046136","1727","6","0","0","0","0","0","0","0","0","","0","0","0","17","1","1","N","0","0","40 03:46.276","","0","75 02:46.088","4","0","0","0","67301","1","0","0","N","1","0","0","2","67301","1","","1.0","","1","N","N","N","0","","0","0","0","0","0","","1727","2","1","0","0","0","0","0","2","1","1","1","0","0","3","","","N","","","","","","","","","",""
"2020025627","0500","1","0","0","0","0","0","0","0","0","5","0","","67","3","2020","4","40.045517","-75.223211","0501","6","0","0","0","0","0","0","0","0","","0","0","0","5","1","1","N","0","0","40 02:43.860","","0","75 13:23.560","8","0","0","0","67301","0","0","0","N","0","0","0","1","67301","0","","6.0","","1","N","N","N","0","","0","0","1","0","0","","500","2","1","1","0","0","1","0","2","0","2","0","0","0","3","","","N","","","","","","","","","",""
"2020064857","1239","1","0","0","0","0","0","0","0","0","1","0","","67","8","2020","1","39.978599","-75.202921","1239","6","0","0","0","0","0","0","0","0","","0","0","0","12","1","5","N","0","0","39 58:42.956","","0","75 12:10.514","3","0","0","0","67301","0","0","0","N","0","0","0","6","68K01","2","","1.0","","1","N","N","N","1","","3","0","1","0","0","","1239","3","5","0","0","0","0","0","2","0","3","0","0","0","3","","","N","","","","","","","","","",""
"2020027529","1923","2","0","0","0","0","0","0","0","0","4","0","","67","3","2020","6","39.970586","-75.150867","1918","6","0","0","0","2","0","0","0","0","","0","0","0","19","3","0","","1","0","39 58:14.108","","0","75 09:03.120","0","0","0","0","67301","0","0","0","N","0","0","0","2","67301","0","","1.0","","9","N","N","N","0","","0","0","0","0","0","","1915","2","0","0","0","0","0","0","2","0","2","0","0","0","7","07","","N","","","","","","","","","",""
"2020051991","1839","2","0","0","0","0","0","0","0","0","4","0","","67","6","2020","3","39.992497","-75.130546","1830","6","0","0","0","0","0","1","0","0","","0","0","0","18","1","1","","1","0","39 59:32.989","","0","75 07:49.965","8","0","0","0","67301","0","0","0","N","0","0","0","3","67301","0","","1.0","","1","N","N","N","0","","0","0","1","0","0","","1818","3","1","1","0","0","1","2","2","0","3","0","0","0","3","03","","N","","","","","","","","","",""