"CRN","ARRIVAL_TM","AUTOMOBILE_COUNT","BELTED_DEATH_COUNT","BELTED_SUSP_SERIOUS_INJ_COUNT","BICYCLE_COUNT","BICYCLE_DEATH_COUNT","BICYCLE_SUSP_SERIOUS_INJ_COUNT","BUS_COUNT","CHLDPAS_DEATH_COUNT","CHLDPAS_SUSP_SERIOUS_INJ_COUNT","COLLISION_TYPE","COMM_VEH_COUNT","CONS_ZONE_SPD_LIM","COUNTY","CRASH_MONTH","CRASH_YEAR","DAY_OF_WEEK","DEC_LATITUDE","DEC_LONGITUDE","DISPATCH_TM","DISTRICT","DRIVER_COUNT_16YR","DRIVER_COUNT_17YR","DRIVER_COUNT_18YR","DRIVER_COUNT_19YR","DRIVER_COUNT_20YR","DRIVER_COUNT_50_64YR","DRIVER_COUNT_65_74YR","DRIVER_COUNT_75PLUS","EST_HRS_CLOSED","FATAL_COUNT","HEAVY_TRUCK_COUNT","HORSE_BUGGY_COUNT","HOUR_OF_DAY","ILLUMINATION","INJURY_COUNT","INTERSECTION_RELATED","INTERSECT_TYPE","LANE_CLOSED","LATITUDE","LN_CLOSE_DIR","LOCATION_TYPE","LONGITUDE","MAX_SEVERITY_LEVEL","MCYCLE_DEATH_COUNT","MCYCLE_SUSP_SERIOUS_INJ_COUNT","MOTORCYCLE_COUNT","MUNICIPALITY","NONMOTR_COUNT","NONMOTR_DEATH_COUNT","NONMOTR_SUSP_SERIOUS_INJ_COUNT","NTFY_HIWY_MAINT","PED_COUNT","PED_DEATH_COUNT","PED_SUSP_SERIOUS_INJ_COUNT","PERSON_COUNT","POLICE_AGCY","POSSIBLE_INJ_COUNT","RDWY_SURF_TYPE_CD","RELATION_TO_ROAD","ROADWAY_CLEARED","ROAD_CONDITION","SCH_BUS_IND","SCH_ZONE_IND","SECONDARY_CRASH","SMALL_TRUCK_COUNT","SPEC_JURIS_CD","SUSP_MINOR_INJ_COUNT","SUSP_SERIOUS_INJ_COUNT","SUV_COUNT","TCD_FUNC_CD","TCD_TYPE","TFC_DETOUR_IND","TIME_OF_DAY","TOTAL_UNITS","TOT_INJ_COUNT","UNBELTED_OCC_COUNT","UNB_DEATH_COUNT","UNB_SUSP_SERIOUS_INJ_COUNT","UNK_INJ_DEG_COUNT","UNK_INJ_PER_COUNT","URBAN_RURAL","VAN_COUNT","VEHICLE_COUNT","VULNERABLE_ROAD_USER_COUNT","VULNERABLE_ROAD_USER_DEATH_COUNT","VULNERABLE_ROAD_USER_SER_INJ_COUNT","WEATHER1","WEATHER2","WORKERS_PRES","WORK_ZONE_IND","WORK_ZONE_LOC","WORK_ZONE_TYPE","WZ_CLOSE_DETOUR","WZ_FLAGGER","WZ_LAW_OFFCR_IND","WZ_LN_CLOSURE","WZ_MOVING","WZ_OTHER","WZ_SHLDER_MDN","WZ_WORKERS_INJ_KILLED"
"2020024894","2105","0","0","0","0","0","0","0","0","0","7","0","","67","3","2020","2","40.064221","-74.983934","2102","6","0","0","0","0","0","0","0","1","","0","0","0","21","3","0","N","0","2","40 03:51.195","2","0","74 59:02.163","0","0","0","0","67301","0","0","0","N","0","0","0","1","67301","0","","4.0","2200.0","1","N","N","N","0","","0","0","1","0","0","N","2101","1","0","0","0","0","0","0","2","0","1","0","0","0","3","03","","N","","","","","","","","","",""
"2020025365","0934","2","0","0","0","0","0","0","0","0","4","0","","67","3","2020","6","40.062467","-75.234219","0933","6","0","0","0","0","0","0","0","0","","0","0","0","8","1","0","N","0","0","40 03:44.880","","7","75 14:03.190","0","0","0","0","67301","0","0","0","N","0","0","0","2","67301","0","","1.0","","1","N","N","N","0","","0","0","0","9","9","","838","2","0","0","0","0","0","0","2","0","2","0","0","0","3","03","","N","","","","","","","","","",""
"2020025617","0637","0","0","0","0","0","0","0","0","0","1","0","","67","3","2020","5","39.909","-75.151028","0631","6","0","0","0","0","0","0","0","0","","0","0","0","6","3","0","N","0","1","39 54:32.400","4","3","75 09:03.700","0","0","0","0","67301","0","0","0","N","0","0","0","2","67501","0","","1.0","730.0","1","N","N","N","1","","0","0","0","3","8","N","631","2","0","0","0","0","0","0","2","1","2","0","0","0","3","","","N","","","","","","","","","",""
"2020026560","1634","1","0","0","0","0","0","0","0","0","5","0","","67","3","2020","7","39.998933","-75.13252","1630","6","0","0","0","0","0","0","0","0","","0","0","0","16","1","1","N","0","0","39 59:56.157","","0","75 07:57.071","2","0","0","0","67301","0","0","0","N","0","0","0","1","67301","0","","6.0","","1","N","N","N","0","","0","1","2","0","0","","1625","3","1","1","0","1","0","0","2","0","3","0","0","0","3","03","","N","","","","","","","","","",""
"2020026681","0540","1","0","0","0","0","0","0","0","0","6","0","","67","3","2020","1","40.022964","-75.136909","0532","6","0","0","0","0","0","0","0","0","","0","0","0","5","3","0","N","0","2","40 01:22.672","3","0","75 08:12.871","0","0","0","0","67301","0","0","0","N","0","0","0","2","67301","0","","1.0","615.0","1","N","N","N","0","","0","0","1","3","2","Y","530","2","0","0","0","0","0","0","2","0","2","0","0","0","3","03","","N","","","","","","","","","",""
"2020009517","0458","1","0","0","0","0","0","0","0","0","5","0","","67","1","2020","6","40.049906","-75.15315","0457","6","0","0","0","0","0","0","0","0","","0","0","0","4","3","0","N","0","0","40 02:59.660","","0","75 09:11.340","0","0","0","0","67301","0","0","0","N","0","0","0","2","67301","0","","6.0","","1","N","N","N","0","","0","0","1","0","0","","451","3","0","0","0","0","0","0","2","1","3","0","0","0","3","03","","N","","","","","","","","","",""
"2020067311","1723","1","0","0","0","0","0","0","0","0","4","0","","67","8","2020","5","39.996842","-75.116434","1723","6","0","0","0","0","0","0","0","0","","0","0","0","17","1","1","","2","0","39 59:48.632","","0","75 06:59.164","3","0","0","0","67301","0","0","0","N","0","0","0","2","67301","0","","1.0","","1","N","N","N","0","","1","0","1","3","3","","1723","2","1","1","0","0","0","0","2","0","2","0","0","0","3","03","","N","","","","","","","","","",""
"2020063960","0430","2","0","0","0","0","0","0","0","0","4","0","","67","8","2020","5","39.995014","-75.106293","0430","6","0","0","0","0","0","0","0","0","","0","0","0","4","3","0","N","0","1","39 59:42.052","1","0","75 06:22.656","9","0","0","0","67301","0","0","0","N","0","0","0","1","67301","0","","1.0","620.0","1","N","N","N","0","","0","0","1","0","0","Y","430","3","0","0","0","0","0","1","2","0","3","0","0","0","3","03","","N","","","","","","","","","",""
"2020032253","1610","0","0","0","0","0","0","0","0","0","8","0","","67","4","2020","6","40.00221","-75.1577","1555","6","0","0","0","0","0","0","0","0","","0","0","0","18","1","1","","1","0","40 00:07.957","","0","75 09:27.721","8","0","0","0","67301","1","0","0","N","1","0","0","2","67301","0","","1.0","","1","N","N","N","0","","0","0","1","3","2","","1800","2","1","0","0","0","1","0","2","0","1","1","0","0","3","03","","N","","","","","","","","","",""
"2020053573","1220","0","0","0","0","0","0","0","0","0","1","1","45","67","7","2020","3","40.018239","-75.048069","1204","6","0","0","0","0","0","0","0","0","","0","1","0","12","1","1","N","0","0","40 01:05.659","","0","75 02:53.047","3","0","0","0","67301","0","0","0","N","0","0","0","2","68K01","0","","1.0","","1","N","N","N","0","","1","0","1","0","0","","1202","2","1","0","0","0","0","0","2","0","2","0","0","0","3","","N","Y","4","1","","","N","Y","","Y","","N"
"2020012903","0932","1","0","0","0","0","0","0","0","0","4","0","","67","1","2020","5","40.031347","-75.056048","0920","6","0","0","0","0","0","0","0","0","","0","0","0","9","1","1","","1","0","40 01:52.849","","0","75 03:21.772","4","0","0","0","67301","0","0","0","N","0","0","0","3","67301","1","","1.0","","1","N","N","N","0","","0","0","1","3","3","","920","2","1","0","0","0","0","0","2","0","2","0","0","0","3","","","N","","","","","","","","","",""
"2020025057","0940","2","0","0","0","0","0","0","0","0","4","0","","67","3","2020","3","39.975578","-75.191855","0917","6","0","0","0","0","0","0","0","0","","0","0","0","8","1","0","","2","0","39 58:32.079","","0","75 11:30.679","0","0","0","0","67301","0","0","0","N","0","0","0","2","67301","0","","1.0","","1","N","N","N","0","","0","0","0","0","0","","845","2","0","0","0","0","0","0","2","0","2","0","0","0","4","04","","N","","","","","","","","","",""
"2020065744","0125","1","0","0","0","0","0","0","0","0","2","0","","67","8","2020","1","39.946827","-75.198395","0123","6","0","0","0","0","0","0","0","0","","0","0","0","1","3","2","N","0","0","39 56:48.576","","0","75 11:54.222","8","0","0","0","67301","0","0","0","Y","0","0","0","2","67504","0","","4.0","","1","N","N","N","0","","0","0","0","0","0","N","115","1","2","2","0","0","2","0","2","0","1","0","0","0","3","03","","N","","","","","","","","","",""
"2020026637","2111","1","0","0","0","0","0","0","0","0","1","0","","67","3","2020","7","40.014367","-75.153038","2110","6","0","0","0","0","0","0","0","0","","0","0","0","21","3","2","","1","2","40 00:51.722","2","0","75 09:10.938","3","0","0","0","67301","0","0","0","N","0","0","0","3","67301","0","","1.0","2135.0","1","N","N","N","0","","2","0","0","3","2","N","2104","2","2","1","0","0","0","1","2","0","2","0","0","0","3","","","N","","","","","","","","","",""
"2020023883","1720","3","0","0","0","0","0","0","0","0","2","0","","67","3","2020","2","39.966319","-75.145944","1718","6","0","0","0","0","0","0","0","0","","0","0","0","17","1","1","N","0","0","39 57:58.750","","0","75 08:45.400","8","0","0","0","67301","0","0","0","N","0","0","0","2","67301","0","","1.0","","1","N","N","N","0","","0","0","0","0","0","","1710","3","1","0","0","0","1","1","2","0","3","0","0","0","3","03","","N","","","","","","","","","",""
"2020065756","0752","1","0","0","0","0","0","0","0","0","4","0","","67","8","2020","5","40.057794","-75.008743","0739","6","0","0","0","0","0","0","0","0","","0","0","0","7","1","2","","1","0","40 03:28.059","","0","75 00:31.473","8","0","0","0","67301","0","0","0","N","0","0","0","3","67301","0","","1.0","","1","N","N","N","0","","0","0","0","3","2","","738","2","2","0","0","0","2","0","2","1","2","0","0","0","4","04","","N","","","","","","","","","",""
"2020005265","0100","2","0","0","0","0","0","0","0","0","1","0","","67","1","2020","4","40.005943","-75.101776","1250","6","0","0","0","0","1","0","0","0","","0","0","0","0","3","0","N","0","0","40 00:21.394","","0","75 06:06.395","0","0","0","0","67301","0","0","0","N","0","0","0","2","67301","0","","1.0","","9","N","N","N","0","","0","0","0","0","0","","45","2","0","2","0","0","0","0","2","0","2","0","0","0","7","98","","N","","","","","","","","","",""
"2020009794","2216","1","0","0","0","0","0","0","0","0","7","0","","67","1","2020","7","39.989029","-75.074535","2214","6","0","0","0","0","0","1","0","0","","0","0","0","22","3","1","N","0","1","39 59:20.503","4","3","75 04:28.325","8","0","0","0","67301","0","0","0","N","0","0","0","1","67501","0","","2.0","2322.0","9","N","N","N","0","","0","0","0","3","8","Y","2214","1","1","0","0","0","1","0","2","0","1","0","0","0","3","03","","N","","","","","","","","","",""
"2020052423","1655","2","0","0","0","0","0","0","0","0","4","0","","67","7","2020","7","40.022344","-75.147886","1655","6","0","0","0","0","0","1","0","0","","0","0","0","16","1","0","N","0","0","40 01:20.440","","0","75 08:52.390","0","0","0","0","67301","0","0","0","N","0","0","0","2","67301","0","","1.0","","1","N","N","N","0","","0","0","0","0","0","","1630","2","0","0","0","0","0","0","2","0","2","0","0","0","3","","","N","","","","","","","","","",""
"2020008753","1917","2","0","0","0","0","0","0","0","0","5","0","","67","1","2020","4","40.045928","-75.158589","1917","6","0","0","0","1","0","0","0","0","","0","0","0","19","3","0","N","0","2","40 02:45.340","2","0","75 09:30.920","0","0","0","0","67301","0","0","0","N","0","0","0","1","67301","0","","1.0","100.0","1","N","N","N","0","","0","0","0","0","0","Y","1917","2","0","0","0","0","0","0","2","0","2","0","0","0","3","03","","N","","","","","","","","","",""
"2020066460","1628","2","0","0","0","0","0","0","0","0","5","1","","67","8","2020","2","40.021219","-75.158811","1623","6","0","0","0","0","0","0","0","0","","0","1","0","15","1","0","N","0","0","40 01:16.390","","0","75 09:31.720","9","0","0","0","67301","0","0","0","N","0","0","0","1","67301","0","","6.0","","1","N","N","N","0","","0","0","0","0","0","","1545","3","0","0","0","0","0","1","2","0","3","0","0","0","4","","","N","","","","","","","","","",""
"2020064932","0936","1","0","0","0","0","0","0","0","0","7","0","","67","8","2020","4","40.108472","-74.995962","0931","6","0","0","0","0","0","1","0","0","","0","0","0","9","1","1","N","0","1","40 06:30.498","1","0","74 59:45.464","3","0","0","0","67301","0","0","0","N","0","0","0","1","67301","0","","4.0","950.0","1","N","N","N","0","","1","0","0","0","0","N","929","1","1","0","0","0","0","0","2","0","1","0","0","0","3","03","","N","","","","","","","","","",""
"2020004494","0825","0","0","0","0","0","0","0","0","0","1","1","","67","1","2020","2","39.960173","-75.137197","0808","6","0","0","0","0","0","0","1","0","","0","1","0","8","1","1","","2","0","39 57:36.624","","0","75 08:13.909","8","0","0","0","67301","0","0","0","N","0","0","0","3","67301","0","","1.0","","1","N","N","N","0","","0","0","0","3","2","","805","2","1","0","0","0","1","0","2","1","2","0","0","0","3","03","","N","","","","","","","","","",""
"2020008275","1622","1","0","0","0","0","0","0","0","0","5","0","","67","1","2020","3","40.057056","-75.140732","1622","6","0","0","0","0","0","2","0","0","","0","0","0","14","1","2","N","0","0","40 03:25.402","","0","75 08:26.634","3","0","0","0","67301","0","0","0","N","0","0","0","4","67301","0","","1.0","","1","N","N","N","0","","2","0","0","0","0","","1404","2","2","0","0","0","0","1","2","1","2","0","0","0","3","03","","N","","","","","","","","","",""
"2020020437","0114","1","0","0","0","0","0","0","0","0","7","0","","67","1","2020","7","40.038194","-75.010863","0110","6","0","0","0","0","0","0","0","0","","0","0","0","1","3","0","N","0","2","40 02:17.500","2","0","75 00:39.107","0","0","0","0","67301","0","0","0","N","0","0","0","1","68K01","0","","4.0","200.0","1","N","N","N","0","","0","0","0","0","0","N","108","1","0","0","0","0","0","0","2","0","1","0","0","0","3","03","","N","","","","","","","","","",""
"2020012781","0901","0","0","0","0","0","0","0","0","0","4","0","","67","2","2020","1","40.020001","-75.152208","0851","6","0","0","0","0","0","0","1","0","","0","0","0","8","1","1","","1","1","40 01:12.005","7","2","75 09:07.947","3","0","0","0","67301","0","0","0","N","0","0","0","5","67301","0","","1.0","951.0","1","N","N","N","0","","1","0","2","3","3","Y","838","2","1","0","0","0","0","0","2","0","2","0","0","0","4","","","N","","","","","","","","","",""
"2020010109","1646","1","0","0","0","0","0","0","0","0","4","0","","67","1","2020","7","40.040691","-75.076248","1637","6","0","0","0","0","0","0","0","0","","0","0","0","16","1","1","","1","1","40 02:26.486","2","0","75 04:34.494","3","0","0","0","67301","0","0","0","N","0","0","0","2","67301","0","","1.0","1740.0","9","N","N","N","0","","1","0","0","3","2","Y","1637","2","1","0","0","0","0","0","2","1","2","0","0","0","3","03","","N","","","","","","","","","",""
"2020049009","1435","1","0","0","0","0","0","0","0","0","8","0","","67","6","2020","2","39.922203","-75.230327","1430","6","0","0","0","0","0","0","0","0","","0","0","0","14","1","1","","1","0","39 55:19.930","","0","75 13:49.176","8","0","0","0","67301","1","0","0","N","1","0","0","2","67301","0","","1.0","","1","N","N","N","0","","0","0","0","3","2","","1430","2","1","0","0","0","1","0","2","0","1","1","0","0","3","03","","N","","","","","","","","","",""
"2020011775","1215","0","0","0","0","0","0","0","0","0","4","0","","67","1","2020","3","39.922695","-75.156636","1210","6","0","0","0","0","0","1","0","0","","0","0","0","12","1","1","","1","0","39 55:21.702","","0","75 09:23.890","3","0","0","0","67301","0","0","0","N","0","0","0","3","67301","0","","1.0","","1","N","N","N","0","","1","0","2","3","2","","1200","2","1","0","0","0","0","1","2","0","2","0","0","0","3","03","","N","","","","","","","","","",""
"2020009822","0452","3","0","0","0","0","0","0","0","0","5","0","","67","1","2020","1","39.979694","-75.153444","0451","6","0","0","0","0","0","0","0","0","","0","0","0","4","3","0","N","0","2","39 58:46.900","3","0","75 09:12.400","0","0","0","0","67301","0","0","0","N","0","0","0","1","67505","0","","6.0","530.0","1","N","N","N","0","","0","0","2","3","3","Y","451","5","0","0","0","0","0","0","2","0","5","0","0","0","3","03","","N","","","","","","","","","",""
"2020003987","1919","1","0","0","0","0","0","0","0","0","7","0","","67","1","2020","6","39.909722","-75.154361","1919","6","0","0","0","1","0","0","0","0","","0","0","0","19","3","1","N","0","0","39 54:35.000","","5","75 09:15.700","3","0","0","0","67301","0","0","0","N","0","0","0","1","67501","0","","4.0","","1","N","N","N","0","","1","0","0","0","0","","1918","1","1","0","0","0","0","0","2","0","1","0","0","0","3","","","N","","","","","","","","","",""
"2020009862","0626","2","0","0","0","0","0","0","0","0","5","0","","67","1","2020","6","40.016597","-75.140942","0623","6","0","0","0","0","0","0","0","0","","0","0","0","6","3","0","N","0","1","40 00:59.750","1","0","75 08:27.390","0","0","0","0","67301","0","0","0","N","0","0","0","1","67301","0","","6.0","715.0","1","N","N","N","0","","0","0","1","0","0","N","621","4","0","0","0","0","0","0","2","1","4","0","0","0","3","03","","N","","","","","","","","","",""
"2020007027","0319","0","0","0","0","0","0","0","0","0","7","0","","67","1","2020","5","39.959951","-75.180465","0309","6","0","0","0","0","0","0","0","0","1","0","0","0","2","3","0","N","0","1","39 57:35.825","3","8","75 10:49.674","0","0","0","0","67301","0","0","0","N","0","0","0","1","68K01","0","","4.0","9999.0","9","N","N","N","0","","0","0","1","0","0","N","257","1","0","0","0","0","0","0","2","0","1","0","0","0","7","","","N","","","","","","","","","",""
"2020003863","1032","2","0","0","0","0","0","0","0","0","4","0","","67","1","2020","7","39.944113","-75.153515","1023","6","0","0","0","0","0","2","0","0","","0","0","0","10","1","1","","1","0","39 56:38.805","","0","75 09:12.654","3","0","0","0","67301","0","0","0","N","0","0","0","3","67301","0","","1.0","","1","N","N","N","0","","1","0","0","3","2","","1022","2","1","0","0","0","0","0","2","0","2","0","0","0","3","03","","N","","","","","","","","","",""
"2020004291","0023","0","0","0","0","0","0","0","0","0","7","0","","67","1","2020","2","40.089493","-74.974504","0018","6","0","0","0","0","1","0","0","0","","0","0","0","0","3","0","N","0","1","40 05:22.175","4","0","74 58:28.216","0","0","0","0","67301","0","0","0","N","0","0","0","1","67301","0","","4.0","1245.0","1","N","N","N","0","","0","0","0","0","0","N","18","1","0","0","0","0","0","0","2","1","1","0","0","0","3","03","","N","","","","","","","","","",""
"2020019740","1537","1","0","0","0","0","0","0","0","0","4","0","","67","2","2020","5","39.965615","-75.175768","1532","6","0","0","0","0","0","1","0","0","","0","0","0","14","1","1","","1","0","39 57:56.214","","0","75 10:32.764","3","0","0","0","67301","0","0","0","N","0","0","0","2","67301","0","","1.0","","1","N","N","N","0","","1","0","0","3","3","","1458","2","1","0","0","0","0","0","2","1","2","0","0","0","3","03","","N","","","","","","","","","",""
"2020049649","1230","0","0","0","0","0","0","0","0","0","4","1","","67","6","2020","3","39.992323","-75.109699","1221","6","0","0","0","0","0","1","0","0","","0","1","0","12","1","1","","2","0","39 59:32.361","","0","75 06:34.917","2","0","1","1","67301","0","0","0","N","0","0","0","2","67301","0","","1.0","","1","N","N","N","0","","0","1","0","0","0","","1214","2","1","0","0","0","0","0","2","0","2","0","0","0","3","03","","N","","","","","","","","","",""
"2020004344","1631","1","0","0","0","0","0","0","0","0","5","0","","67","1","2020","5","40.026153","-75.096871","1621","6","0","0","0","0","0","1","0","0","","0","0","0","16","1","1","N","1","0","40 01:34.149","","0","75 05:48.734","4","0","0","0","67301","0","0","0","N","0","0","0","2","67301","1","","1.0","","1","N","N","N","0","","0","0","1","0","0","","1615","2","1","0","0","0","0","0","2","0","2","0","0","0","3","03","","N","","","","","","","","","",""
"2020010035","1517","1","0","0","0","0","0","0","0","0","5","0","","67","1","2020","7","39.899165","-75.176218","1517","6","0","0","0","0","0","0","0","0","3","0","0","0","15","1","1","N","0","1","39 53:56.993","1","0","75 10:34.385","8","0","0","0","67301","0","0","0","N","0","0","0","2","68K01","0","","1.0","9999.0","7","N","N","N","0","","0","0","1","0","0","N","1517","2","1","0","0","0","1","1","2","0","2","0","0","0","10","","","N","","","","","","","","","",""
"2020015271","0945","2","0","0","0","0","0","0","0","0","4","0","","67","1","2020","6","39.922678","-75.191208","0929","6","0","0","0","0","1","0","0","0","","0","0","0","9","1","0","N","0","0","39 55:21.642","","0","75 11:28.347","0","0","0","0","67301","0","0","0","N","0","0","0","3","67301","0","","1.0","","1","N","N","N","0","","0","0","0","0","0","","929","2","0","0","0","0","0","0","2","0","2","0","0","0","3","","","N","","","","","","","","","",""
"2020005136","1954","1","0","0","0","0","0","0","0","0","8","0","","67","1","2020","3","39.979193","-75.161814","1953","6","0","0","0","0","0","0","0","0","","0","0","0","19","3","2","N","1","0","39 58:45.093","","0","75 09:42.531","4","0","0","0","67301","2","0","0","N","2","0","0","3","67505","1","","1.0","","9","N","N","N","0","","0","0","0","0","0","","1952","3","2","0","0","0","1","0","2","0","1","2","0","0","7","07","","N","","","","","","","","","",""
"2020036327","0807","6","0","0","0","0","0","0","0","0","4","0","","67","1","2020","7","39.923404","-75.17167","0803","6","0","0","0","0","0","0","0","0","","0","0","0","7","1","0","","1","0","39 55:24.254","","0","75 10:18.012","9","0","0","0","67301","0","0","0","N","0","0","0","2","67301","0","","1.0","","1","N","N","N","0","","0","0","3","3","3","","715","9","0","0","0","0","0","1","2","0","9","0","0","0","3","","","N","","","","","","","","","",""
"2020015760","1305","1","0","0","0","0","0","0","0","0","1","0","","67","1","2020","5","40.016905","-75.077252","1304","6","0","0","0","0","0","1","0","0","","0","0","0","13","1","1","","1","0","40 01:00.857","","0","75 04:38.107","3","0","0","0","67301","0","0","0","N","0","0","0","2","67301","0","","1.0","","1","N","N","N","0","","1","0","1","9","3","","1304","2","1","0","0","0","0","0","2","0","2","0","0","0","3","03","","N","","","","","","","","","",""
"2020051474","1650","1","0","0","0","0","0","0","0","0","4","0","","67","6","2020","7","40.039341","-75.184832","1644","6","0","0","0","0","0","1","0","0","","1","0","0","14","1","0","","1","0","40 02:21.627","","0","75 11:05.396","1","0","0","0","67301","0","0","0","N","0","0","0","2","67301","0","2","1.0","","1","N","N","N","0","0","0","0","1","9","2","","1434","2","0","0","0","0","0","0","2","0","2","0","0","0","3","03","","N","","","","","","","","","",""
"2020052148","2137","2","0","0","0","0","0","0","0","0","4","0","","67","7","2020","6","39.967403","-75.178634","2134","6","0","0","0","0","0","0","0","0","","0","0","0","21","3","0","","1","0","39 58:02.652","","0","75 10:43.082","0","0","0","0","67301","0","0","0","N","0","0","0","2","67301","0","","1.0","","1","N","N","N","0","","0","0","0","3","2","","2130","2","0","0","0","0","0","0","2","0","2","0","0","0","3","03","","N","","","","","","","","","",""
"2020027395","2150","0","0","0","0","0","0","0","0","0","4","0","","67","3","2020","7","39.970354","-75.235708","2140","6","0","0","0","0","0","0","0","0","","0","0","0","21","3","4","","1","0","39 58:13.274","","0","75 14:08.548","3","0","0","0","67301","0","0","0","N","0","0","0","6","67301","0","","1.0","","1","N","N","N","0","","4","0","3","3","2","","2132","4","4","1","0","0","0","0","2","0","4","0","0","0","7","03","","N","","","","","","","","","",""
"2020064019","1730","1","0","0","0","0","0","0","0","0","1","0","","67","7","2020","5","39.968805","-75.127413","1718","6","0","0","0","0","0","0","0","0","","0","0","0","17","1","0","N","0","1","39 58:07.697","1","0","75 07:38.688","0","0","0","0","67301","0","0","0","N","0","0","0","2","68K01","0","","1.0","1732.0","1","N","N","N","1","","0","0","0","0","0","N","1715","2","0","0","0","0","0","0","2","0","2","0","0","0","4","04","","N","","","","","","","","","",""
"2020063635","1055","0","0","0","0","0","0","0","0","0","1","0","","67","8","2020","7","39.898841","-75.170987","1050","6","0","0","0","0","0","0","0","0","","0","0","0","10","1","0","N","6","2","39 53:55.828","1","2","75 10:15.552","0","0","0","0","67301","0","0","0","N","0","0","0","3","68K01","0","","1.0","1100.0","1","N","N","N","0","","0","0","2","0","0","N","1044","2","0","1","0","0","0","0","2","0","2","0","0","0","3","","","N","","","","","","","","","",""
"2020066336","1800","2","0","0","0","0","0","0","0","0","1","0","","67","8","2020","7","39.979314","-75.204013","1751","6","0","1","0","0","0","0","0","0","","0","0","0","17","1","0","N","0","0","39 58:45.530","","0","75 12:14.447","0","0","0","0","67301","0","0","0","N","0","0","0","2","68K01","0","","2.0","","1","N","N","N","0","","0","0","0","0","0","","1749","2","0","0","0","0","0","0","2","0","2","0","0","0","3","","","N","","","","","","","","","",""
"2020026088","1720","1","0","0","0","0","0","0","0","0","4","0","","67","3","2020","6","39.978988","-75.160225","1717","6","0","0","0","0","0","1","0","0","","0","0","0","17","1","1","N","1","0","39 58:44.355","","0","75 09:36.809","4","0","0","0","67301","0","0","0","N","0","0","0","2","67505","1","","1.0","","1","N","N","N","0","","0","0","1","0","0","","1710","2","1","0","0","0","0","0","2","0","2","0","0","0","3","03","","N","","","","","","","","","",""
"2020026037","0859","1","0","0","0","0","0","0","0","0","5","0","","67","3","2020","2","40.013073","-75.16004","0857","6","0","0","0","0","0","0","0","0","","0","0","0","8","1","1","N","0","0","40 00:47.061","","0","75 09:36.144","4","0","0","0","67301","0","0","0","N","0","0","0","1","67301","1","","6.0","","1","N","N","N","0","","0","0","2","0","0","","850","3","1","0","0","0","0","0","2","0","3","0","0","0","3","03","","N","","","","","","","","","",""
"2020036302","2348","1","0","0","0","0","0","0","0","0","1","0","","67","5","2020","1","39.991058","-75.142458","2348","6","0","0","0","0","0","0","0","0","","0","0","0","23","6","0","N","0","0","39 59:27.810","","0","75 08:32.850","9","0","0","0","67301","0","0","0","N","0","0","0","1","67301","0","","1.0","","99","N","N","N","1","","0","0","0","9","9","","2330","2","0","0","0","0","0","1","2","0","2","0","0","0","3","","","N","","","","","","","","","",""
"2020076652","0113","1","0","0","0","0","0","0","0","0","4","1","","67","9","2020","6","39.98293","-75.098006","0109","6","0","0","0","0","0","0","0","0","","0","1","0","0","3","0","","2","0","39 58:58.549","","2","75 05:52.823","0","0","0","0","67301","0","0","0","N","0","0","0","2","67301","0","","1.0","","1","N","N","N","0","","0","0","0","3","3","","28","2","0","1","0","0","0","0","2","0","2","0","0","0","3","03","","N","","","","","","","","","",""
"2020012674","2010","1","0","0","0","0","0","0","0","0","5","0","","67","1","2020","4","40.021208","-75.116197","2005","6","0","0","0","0","0","0","0","0","","0","0","0","20","3","0","N","0","0","40 01:16.350","","0","75 06:58.310","0","0","0","0","67301","0","0","0","N","0","0","0","1","67301","0","","6.0","","1","N","N","N","0","","0","0","5","0","0","","2002","6","0","0","0","0","0","0","2","0","6","0","0","0","3","","","N","","","","","","","","","",""
"2020028399","1200","3","0","0","0","0","0","0","0","0","4","0","","67","3","2020","7","39.916116","-75.238978","1145","6","0","0","0","0","0","0","0","0","","0","0","0","11","1","2","","1","0","39 54:58.016","","0","75 14:20.319","4","0","0","0","67301","0","0","0","N","0","0","0","3","67301","2","","1.0","","1","N","N","N","0","","0","0","1","3","2","","1137","4","2","3","0","0","0","0","2","0","4","0","0","0","3","03","","N","","","","","","","","","",""
"2020024416","0025","3","0","0","0","0","0","0","0","0","5","0","","67","3","2020","7","40.025008","-75.178586","0021","6","0","0","0","0","0","0","0","0","","0","0","0","23","3","2","N","0","0","40 01:30.030","","0","75 10:42.910","3","0","0","0","67301","0","0","0","N","0","0","0","2","67301","0","","6.0","","1","N","N","N","0","","2","0","0","9","9","","2320","3","2","0","0","0","0","0","2","0","3","0","0","0","3","03","","N","","","","","","","","","",""
"2020026353","0514","1","0","0","0","0","0","0","0","0","7","0","","67","3","2020","7","39.983628","-75.197658","0514","6","0","0","0","0","0","0","0","0","","0","0","0","5","3","1","N","0","1","39 59:01.060","6","0","75 11:51.570","3","0","0","0","67301","0","0","0","N","0","0","0","1","67301","0","","4.0","641.0","1","N","N","N","0","","1","0","0","0","0","N","514","1","1","0","0","0","0","0","2","0","1","0","0","0","3","03","","N","","","","","","","","","",""