"CRN","ARRIVAL_TM","AUTOMOBILE_COUNT","BELTED_DEATH_COUNT","BELTED_SUSP_SERIOUS_INJ_COUNT","BICYCLE_COUNT","BICYCLE_DEATH_COUNT","BICYCLE_SUSP_SERIOUS_INJ_COUNT","BUS_COUNT","CHLDPAS_DEATH_COUNT","CHLDPAS_SUSP_SERIOUS_INJ_COUNT","COLLISION_TYPE","COMM_VEH_COUNT","CONS_ZONE_SPD_LIM","COUNTY","CRASH_MONTH","CRASH_YEAR","DAY_OF_WEEK","DEC_LATITUDE","DEC_LONGITUDE","DISPATCH_TM","DISTRICT","DRIVER_COUNT_16YR","DRIVER_COUNT_17YR","DRIVER_COUNT_18YR","DRIVER_COUNT_19YR","DRIVER_COUNT_20YR","DRIVER_COUNT_50_64YR","DRIVER_COUNT_65_74YR","DRIVER_COUNT_75PLUS","EST_HRS_CLOSED","FATAL_COUNT","HEAVY_TRUCK_COUNT","HORSE_BUGGY_COUNT","HOUR_OF_DAY","ILLUMINATION","INJURY_COUNT","INTERSECTION_RELATED","INTERSECT_TYPE","LANE_CLOSED","LATITUDE","LN_CLOSE_DIR","LOCATION_TYPE","LONGITUDE","MAX_SEVERITY_LEVEL","MCYCLE_DEATH_COUNT","MCYCLE_SUSP_SERIOUS_INJ_COUNT","MOTORCYCLE_COUNT","MUNICIPALITY","NONMOTR_COUNT","NONMOTR_DEATH_COUNT","NONMOTR_SUSP_SERIOUS_INJ_COUNT","NTFY_HIWY_MAINT","PED_COUNT","PED_DEATH_COUNT","PED_SUSP_SERIOUS_INJ_COUNT","PERSON_COUNT","POLICE_AGCY","POSSIBLE_INJ_COUNT","RDWY_SURF_TYPE_CD","RELATION_TO_ROAD","ROADWAY_CLEARED","ROAD_CONDITION","SCH_BUS_IND","SCH_ZONE_IND","SECONDARY_CRASH","SMALL_TRUCK_COUNT","SPEC_JURIS_CD","SUSP_MINOR_INJ_COUNT","SUSP_SERIOUS_INJ_COUNT","SUV_COUNT","TCD_FUNC_CD","TCD_TYPE","TFC_DETOUR_IND","TIME_OF_DAY","TOTAL_UNITS","TOT_INJ_COUNT","UNBELTED_OCC_COUNT","UNB_DEATH_COUNT","UNB_SUSP_SERIOUS_INJ_COUNT","UNK_INJ_DEG_COUNT","UNK_INJ_PER_COUNT","URBAN_RURAL","VAN_COUNT","VEHICLE_COUNT","VULNERABLE_ROAD_USER_COUNT","VULNERABLE_ROAD_USER_DEATH_COUNT","VULNERABLE_ROAD_USER_SER_INJ_COUNT","WEATHER1","WEATHER2","WORKERS_PRES","WORK_ZONE_IND","WORK_ZONE_LOC","WORK_ZONE_TYPE","WZ_CLOSE_DETOUR","WZ_FLAGGER","WZ_LAW_OFFCR_IND","WZ_LN_CLOSURE","WZ_MOVING","WZ_OTHER","WZ_SHLDER_MDN","WZ_WORKERS_INJ_KILLED"
"2020066328","1925","2","0","0","0","0","0","0","0","0","1","0","","67","8","2020","6","39.959487","-75.174728","1853","6","0","0","0","0","0","0","0","0","","0","0","0","18","1","0","N","0","2","39 57:34.154","4","0","75 10:29.022","0","0","0","0","67301","0","0","0","N","0","0","0","2","68K01","0","","1.0","1908.0","1","N","N","Y","0","","0","0","0","0","0","N","1853","2","0","0","0","0","0","0","2","0","2","0","0","0","3","03","","N","","","","","","","","","",""
"2020006866","2331","1","0","0","0","0","0","0","0","0","6","0","","67","1","2020","2","40.045964","-75.09969","2331","6","0","0","0","0","0","1","0","0","","0","0","0","23","3","2","N","0","0","40 02:45.470","","0","75 05:58.883","4","0","0","0","67301","0","0","0","N","0","0","0","2","67301","2","","6.0","","1","N","N","N","0","","0","0","1","0","0","","2315","2","2","0","0","0","0","0","2","0","2","0","0","0","3","03","","N","","","","","","","","","",""
"2020011410","1838","1","0","0","0","0","0","0","0","0","4","0","","67","1","2020","1","40.064133","-75.239558","1829","6","0","0","0","0","0","0","0","0","","0","0","0","18","1","0","","1","0","40 03:50.880","","0","75 14:22.409","0","0","0","0","67301","0","0","0","N","0","0","0","2","67301","0","","1.0","","1","N","N","N","0","","0","0","1","3","2","","1825","2","0","0","0","0","0","0","2","0","2","0","0","0","3","","","N","","","","","","","","","",""
"2020009776","0804","2","0","0","0","0","0","0","0","0","1","0","","67","1","2020","7","40.083528","-74.967695","0756","6","0","0","0","0","0","0","0","0","","0","0","0","7","3","1","N","0","0","40 05:00.702","","0","74 58:03.703","8","0","0","0","67301","0","0","0","N","0","0","0","1","67301","0","","1.0","","9","N","N","N","1","","0","0","0","0","0","","754","3","1","0","0","0","1","0","2","0","3","0","0","0","7","07","","N","","","","","","","","","",""
"2020003196","0737","1","0","0","0","0","0","0","0","0","8","0","","67","1","2020","4","39.939481","-75.179827","0730","6","0","0","0","0","0","0","0","0","","0","0","0","7","1","1","","1","0","39 56:22.133","","0","75 10:47.378","8","0","0","0","67301","1","0","0","N","1","0","0","2","67301","0","","1.0","","1","N","N","N","0","","0","0","0","3","2","","730","2","1","0","0","0","1","0","2","0","1","1","0","0","3","","","N","","","","","","","","","",""
"2020003997","2240","0","0","1","0","0","0","0","0","0","4","0","","67","1","2020","7","40.00468","-75.152126","2237","6","0","0","0","0","0","0","0","0","","0","0","0","22","3","1","N","1","0","40 00:16.847","","0","75 09:07.652","2","0","0","0","67301","0","0","0","Y","0","0","0","2","67505","0","","1.0","","1","N","N","N","0","","0","1","2","3","2","","2235","2","1","0","0","0","0","0","2","0","2","0","0","0","3","03","","N","","","","","","","","","",""
"2020014161","1610","2","0","0","0","0","0","0","0","0","5","0","","67","1","2020","5","39.995538","-75.19768","1602","6","0","0","0","1","0","2","0","0","","0","0","0","16","1","0","N","0","0","39 59:43.936","","0","75 11:51.649","0","0","0","0","67301","0","0","0","N","0","0","0","4","68K01","0","","1.0","","1","N","N","N","1","","0","0","1","0","0","","1601","4","0","0","0","0","0","0","2","0","4","0","0","0","98","","","N","","","","","","","","","",""
"2020028337","1521","1","0","0","0","0","0","0","0","0","1","0","","67","2","2020","6","39.979992","-75.105229","1435","6","0","0","0","1","0","1","0","0","","0","0","0","14","1","1","N","0","1","39 58:47.970","2","0","75 06:18.826","8","0","0","0","67301","0","0","0","N","0","0","0","3","68K01","0","","1.0","30.0","1","N","N","N","0","","0","0","2","0","0","N","1432","3","1","0","0","0","1","0","2","0","3","0","0","0","3","","","N","","","","","","","","","",""
"2020011715","0907","2","0","0","0","0","0","0","0","0","5","0","","67","1","2020","4","39.878276","-75.250376","0852","6","0","0","0","0","0","1","0","0","","0","0","0","8","1","0","N","0","0","39 52:41.792","","0","75 15:01.353","0","0","0","0","67301","0","0","0","N","0","0","0","2","68K01","0","","1.0","","1","N","N","N","0","","0","0","0","0","0","","849","2","0","0","0","0","0","0","2","0","2","0","0","0","3","03","","N","","","","","","","","","",""
"2020004928","1810","2","0","0","0","0","0","0","0","0","4","0","","67","1","2020","2","39.965087","-75.16075","1805","6","0","0","0","0","0","1","0","0","","0","0","0","18","3","2","","1","0","39 57:54.312","","0","75 09:38.700","3","0","0","0","67301","0","0","0","N","0","0","0","2","67301","1","","1.0","","1","N","N","N","0","","1","0","0","3","2","","1800","2","2","1","0","0","0","0","2","0","2","0","0","0","3","03","","N","","","","","","","","","",""
"2020013644","2115","1","0","0","0","0","0","0","0","0","7","0","","67","1","2020","5","40.013692","-75.156817","2105","6","0","0","0","0","0","1","0","0","","0","0","0","21","3","1","N","0","0","40 00:49.290","","0","75 09:24.540","3","0","0","0","67301","0","0","0","N","0","0","0","2","67301","0","","4.0","","1","N","N","N","0","","1","0","0","0","0","","2100","1","1","1","0","0","0","0","2","0","1","0","0","0","3","03","","N","","","","","","","","","",""
"2020006288","0821","1","0","0","0","0","0","0","0","0","4","0","","67","1","2020","4","40.022924","-75.163161","0820","6","0","0","0","0","0","0","0","1","","0","0","0","8","1","1","","1","0","40 01:22.525","","0","75 09:47.379","4","0","0","0","67301","0","0","0","N","0","0","0","3","67301","1","","1.0","","1","N","N","N","0","","0","0","1","3","3","","817","2","1","0","0","0","0","0","2","0","2","0","0","0","3","03","","N","","","","","","","","","",""
"2020012904","1247","2","0","0","0","0","0","0","0","0","4","0","","67","1","2020","5","40.00741","-75.078059","1241","6","0","0","0","0","0","1","0","0","","0","0","0","12","1","1","","1","2","40 00:26.675","2","0","75 04:41.014","8","0","0","0","67301","0","0","0","N","0","0","0","2","67301","0","","1.0","1425.0","1","N","N","N","0","","0","0","0","3","2","Y","1238","3","1","0","0","0","1","0","2","1","3","0","0","0","3","","","N","","","","","","","","","",""
"2020011262","2012","1","0","0","0","0","0","0","0","0","1","0","","67","1","2020","3","39.959347","-75.145317","2009","6","0","0","0","0","0","0","1","0","","0","0","0","17","1","1","N","0","0","39 57:33.650","","0","75 08:43.140","8","0","0","0","67301","0","0","0","N","0","0","0","2","67301","0","","1.0","","1","N","N","N","0","","0","0","0","0","0","","1730","2","1","0","0","0","1","0","2","1","2","0","0","0","3","03","","N","","","","","","","","","",""
"2020005984","1358","1","0","0","0","0","0","0","0","0","4","0","","67","1","2020","3","40.020659","-75.148756","1353","6","0","0","0","0","0","1","1","0","","0","0","0","13","1","3","","1","0","40 01:14.374","","0","75 08:55.521","8","0","0","0","67301","0","0","0","N","0","0","0","4","67301","0","","1.0","","9","N","N","N","0","","0","0","1","0","0","","1340","2","3","0","0","0","3","0","2","0","2","0","0","0","7","04","","N","","","","","","","","","",""
"2020017062","1131","0","0","0","0","0","0","0","0","0","4","0","","67","1","2020","3","39.88005","-75.242614","1128","6","0","0","0","0","1","0","0","0","","0","0","0","11","1","0","N","0","0","39 52:48.180","","0","75 14:33.410","0","0","0","0","67301","0","0","0","N","0","0","0","2","67301","0","","1.0","","1","N","N","N","0","","0","0","2","0","0","","1120","2","0","0","0","0","0","0","2","0","2","0","0","0","3","03","","N","","","","","","","","","",""
"2020011001","1049","2","0","0","0","0","0","0","0","0","4","0","","67","1","2020","3","39.976454","-75.189359","1049","6","0","0","0","0","0","0","0","0","","0","0","0","10","1","2","","3","0","39 58:35.233","","0","75 11:21.692","4","0","0","0","67301","0","0","0","N","0","0","0","2","67301","2","","1.0","","1","N","N","N","0","","0","0","0","9","9","","1049","2","2","0","0","0","0","0","2","0","2","0","0","0","3","03","","N","","","","","","","","","",""
"2020009957","0805","1","0","0","0","0","0","0","0","0","4","0","","67","1","2020","1","40.003243","-75.129353","0800","6","0","0","0","0","0","1","0","0","","0","0","0","7","1","2","","1","0","40 00:11.674","","0","75 07:45.670","3","0","0","0","67301","0","0","0","N","0","0","0","3","67301","0","","1.0","","1","N","N","N","0","","2","0","1","9","3","","750","2","2","0","0","0","0","0","2","0","2","0","0","0","3","04","","N","","","","","","","","","",""
"2020014831","0557","0","0","0","0","0","0","0","0","0","5","0","","67","2","2020","1","40.021681","-75.148425","0555","6","0","0","0","0","0","0","0","0","","0","0","0","4","3","0","N","0","1","40 01:18.052","1","0","75 08:54.331","0","0","0","0","67301","0","0","0","N","0","0","0","1","67301","0","","6.0","100.0","1","N","N","N","0","","0","0","2","0","0","N","455","2","0","1","0","0","0","0","2","0","2","0","0","0","3","","","N","","","","","","","","","",""
"2020022503","1929","2","0","0","0","0","0","0","0","0","4","0","","67","3","2020","1","40.044192","-75.162742","1928","6","0","0","0","0","0","0","0","0","","0","0","0","19","3","0","","1","1","40 02:39.090","2","0","75 09:45.870","0","0","0","0","67301","0","0","0","N","0","0","0","4","67301","0","","1.0","2020.0","1","N","N","N","0","","0","0","0","3","2","N","1927","2","0","0","0","0","0","0","2","0","2","0","0","0","3","03","","N","","","","","","","","","",""
"2020066114","1250","3","0","0","0","0","0","0","0","0","4","0","","67","8","2020","1","40.028241","-75.078483","1244","6","0","0","0","0","0","1","0","0","","0","0","0","12","1","1","","1","1","40 01:41.667","6","0","75 04:42.538","3","0","0","0","67301","0","0","0","N","0","0","0","2","67301","0","","1.0","1330.0","9","N","N","Y","0","","1","0","0","3","3","Y","1243","3","1","0","0","0","0","0","2","0","3","0","0","0","7","","","N","","","","","","","","","",""
"2020026734","1824","1","0","0","0","0","0","0","0","0","7","0","","67","3","2020","7","40.014286","-75.085908","1820","6","0","0","0","0","0","1","0","0","","0","0","0","17","4","1","N","0","0","40 00:51.429","","0","75 05:09.270","3","0","0","0","67301","0","0","0","N","0","0","0","1","67301","0","","5.0","","1","N","N","N","0","","1","0","0","0","0","","1758","1","1","1","0","0","0","0","2","0","1","0","0","0","3","03","","N","","","","","","","","","",""
"2020024870","2135","0","0","0","0","0","0","0","0","0","4","0","","67","3","2020","1","40.029911","-75.103076","2127","6","0","0","0","0","0","1","0","0","","0","0","0","21","3","0","","1","0","40 01:47.679","","0","75 06:11.073","0","0","0","0","67301","0","0","0","N","0","0","0","2","67301","0","","1.0","","1","N","N","N","0","","0","0","1","3","2","","2118","2","0","0","0","0","0","0","2","1","2","0","0","0","3","03","","N","","","","","","","","","",""
"2020065764","1734","1","0","0","0","0","0","0","0","0","1","1","","67","8","2020","3","39.883557","-75.251536","1726","6","0","0","0","0","0","1","0","0","","0","1","0","17","1","0","","2","0","39 53:00.806","","2","75 15:05.531","0","0","0","0","67301","0","0","0","N","0","0","0","2","67301","0","","1.0","","1","N","N","N","0","","0","0","0","3","2","","1720","2","0","0","0","0","0","0","2","0","2","0","0","0","3","03","","N","","","","","","","","","",""
"2020009177","0350","2","0","0","0","0","0","0","0","0","5","0","","67","1","2020","4","39.951528","-75.244967","0341","6","0","0","0","0","0","0","0","0","","0","0","0","3","3","0","N","0","0","39 57:05.500","","0","75 14:41.880","0","0","0","0","67301","0","0","0","N","0","0","0","1","67301","0","","6.0","","1","N","N","N","0","","0","0","0","0","0","","307","2","0","0","0","0","0","0","2","0","2","0","0","0","3","03","","N","","","","","","","","","",""
"2020032311","1534","1","0","0","0","0","0","0","0","0","4","0","","67","3","2020","4","39.949627","-75.141809","1502","6","0","0","0","0","0","1","0","0","","0","0","0","15","1","0","N","0","0","39 56:58.657","","0","75 08:30.513","0","0","0","0","67301","0","0","0","N","0","0","0","2","68K01","0","","1.0","","1","N","N","N","0","","0","0","1","0","0","","1501","2","0","0","0","0","0","0","2","0","2","0","0","0","3","","","N","","","","","","","","","",""
"2020028034","0642","0","0","0","0","0","0","0","0","0","0","0","","67","3","2020","1","39.979288","-75.203972","0637","6","0","0","0","0","0","0","0","0","","0","0","0","6","3","1","N","0","1","39 58:45.435","3","0","75 12:14.300","8","0","0","0","67301","0","0","0","N","0","0","0","1","68K01","0","","1.0","748.0","1","N","N","N","0","","0","0","1","0","0","N","636","1","1","0","0","0","1","0","2","0","1","0","0","0","3","","","N","","","","","","","","","",""
"2020023222","2218","2","0","0","0","0","0","0","0","0","4","0","","67","3","2020","2","40.055909","-75.127157","2204","6","0","0","0","1","0","0","0","0","","0","0","0","21","3","2","","1","2","40 03:21.274","3","0","75 07:37.766","8","0","0","0","67301","0","0","0","N","0","0","0","2","67301","0","","1.0","1200.0","1","N","N","N","0","","0","0","0","3","2","Y","2140","2","2","0","0","0","2","0","2","0","2","0","0","0","3","","","N","","","","","","","","","",""
"2020067333","0415","2","0","0","0","0","0","0","0","0","1","0","","67","8","2020","4","40.072528","-75.157919","0402","6","0","0","0","0","0","0","0","0","","0","0","0","3","3","1","N","0","0","40 04:21.100","","0","75 09:28.510","8","0","0","0","67301","0","0","0","N","0","0","0","1","67301","0","","6.0","","1","N","N","N","0","","0","0","0","0","0","","345","2","1","0","0","0","1","0","2","0","2","0","0","0","3","03","","N","","","","","","","","","",""
"2020024128","2024","1","0","0","0","0","0","0","0","0","4","0","","67","3","2020","5","40.031222","-75.021724","2022","6","0","0","0","0","0","0","0","1","","0","0","0","20","3","0","","2","1","40 01:52.399","2","0","75 01:18.206","0","0","0","0","67301","0","0","0","N","0","0","0","2","67301","0","","1.0","100.0","1","N","N","Y","0","","0","0","1","3","2","Y","2021","2","0","0","0","0","0","0","2","0","2","0","0","0","3","","","N","","","","","","","","","",""
"2020011102","1422","1","0","0","0","0","0","0","0","0","1","0","","67","1","2020","2","40.015367","-75.155082","1420","6","0","0","0","0","0","0","0","0","","0","0","0","14","1","1","Y","0","0","40 00:55.321","","0","75 09:18.295","3","0","0","0","67301","0","0","0","N","0","0","0","2","67301","0","","1.0","","1","N","N","N","0","","1","0","0","3","2","","1405","2","1","1","0","0","0","0","2","1","2","0","0","0","4","","","N","","","","","","","","","",""
"2020014381","1520","0","0","0","0","0","0","0","0","0","8","0","","67","1","2020","2","40.029292","-75.123658","1520","6","0","0","0","0","0","0","0","0","","0","0","0","15","1","1","N","0","0","40 01:45.450","","0","75 07:25.170","8","0","0","0","67301","1","0","0","N","1","0","0","2","67301","0","","1.0","","1","N","Y","N","0","","0","0","0","0","0","","1520","2","1","1","0","0","1","0","2","1","1","1","0","0","3","","","N","","","","","","","","","",""
"2020012264","0018","2","0","0","0","0","0","0","0","0","2","0","","67","2","2020","7","39.97121","-75.162852","0017","6","0","0","0","0","0","0","0","0","","0","0","0","0","3","0","","1","0","39 58:16.355","","0","75 09:46.267","0","0","0","0","67301","0","0","0","N","0","0","0","2","67301","0","","1.0","","1","N","N","N","0","","0","0","0","3","3","","12","2","0","0","0","0","0","0","2","0","2","0","0","0","3","03","","N","","","","","","","","","",""
"2020064069","1022","1","0","0","0","0","0","0","0","0","7","0","","67","8","2020","5","40.04309","-75.003307","1017","6","0","0","0","0","0","0","0","0","","0","0","0","10","1","0","N","0","0","40 02:35.124","","0","75 00:11.905","0","0","0","0","67301","0","0","0","Y","0","0","0","1","68K01","0","","3.0","","9","N","N","N","0","","0","0","0","0","0","","1014","1","0","0","0","0","0","0","2","0","1","0","0","0","7","07","","N","","","","","","","","","",""
"2020026525","0104","2","0","0","0","0","0","0","0","0","1","0","","67","3","2020","7","39.931339","-75.145829","0055","6","0","0","0","0","0","1","0","0","","0","0","0","0","3","1","N","0","2","39 55:52.821","2","0","75 08:44.985","3","0","0","0","67301","0","0","0","N","0","0","0","5","68K01","0","","1.0","35.0","1","N","N","N","0","","1","0","1","0","0","N","54","3","1","0","0","0","0","0","2","0","3","0","0","0","3","","","N","","","","","","","","","",""
"2020009264","0935","1","0","0","0","0","0","0","0","0","5","0","","67","1","2020","4","39.941233","-75.234758","0933","6","0","0","0","0","0","0","0","0","","0","0","0","6","5","0","N","0","0","39 56:28.440","","0","75 14:05.130","9","0","0","0","67301","0","0","0","N","0","0","0","1","67301","0","","6.0","","1","N","N","N","0","","0","0","2","0","0","","600","3","0","1","0","0","0","1","2","0","3","0","0","0","3","03","","N","","","","","","","","","",""
"2020063967","0235","1","0","0","0","0","0","0","0","0","2","1","","67","8","2020","4","40.012825","-75.205105","0230","6","0","0","0","0","0","1","0","0","","0","1","0","2","3","1","N","0","2","40 00:46.170","4","2","75 12:18.379","3","0","0","0","67301","0","0","0","N","0","0","0","2","67301","0","","1.0","200.0","9","N","N","N","0","","1","0","0","0","0","Y","200","2","1","0","0","0","0","0","2","0","2","0","0","0","3","04","","N","","","","","","","","","",""
"2020067585","1711","2","0","0","0","0","0","0","0","0","1","0","","67","8","2020","1","39.930752","-75.145733","1705","6","0","0","0","0","0","0","0","0","","0","0","0","17","1","3","N","0","1","39 55:50.706","1","3","75 08:44.638","3","0","0","0","67301","0","0","0","N","0","0","0","4","68K01","0","","1.0","1808.0","1","N","N","N","0","","1","0","0","0","0","N","1704","2","3","0","0","0","2","0","2","0","2","0","0","0","3","","","N","","","","","","","","","",""
"2020023138","0815","1","0","0","0","0","0","0","0","0","4","1","","67","3","2020","3","40.086857","-74.971971","0805","6","0","0","0","0","0","0","0","0","","0","1","0","7","1","2","","1","1","40 05:12.685","3","0","74 58:19.097","4","0","0","0","67301","0","0","0","N","0","0","0","4","67301","2","","1.0","1500.0","1","N","N","N","0","","0","0","0","2","2","Y","755","2","2","0","0","0","0","1","2","0","2","0","0","0","3","03","","N","","","","","","","","","",""
"2020025547","1810","1","0","0","0","0","0","0","0","0","8","0","","67","3","2020","4","39.949079","-75.162124","1810","6","0","0","0","0","0","0","0","0","","0","0","0","18","1","1","","1","0","39 56:56.686","","6","75 09:43.648","3","0","0","0","67301","1","0","0","N","1","0","0","2","67301","0","","1.0","","1","N","N","N","0","","1","0","0","3","2","","1810","2","1","0","0","0","0","0","2","0","1","1","0","0","4","04","","N","","","","","","","","","",""
"2020004732","2258","1","0","0","0","0","0","0","0","0","5","0","","67","1","2020","2","40.019586","-75.134181","2258","6","0","0","0","0","0","0","0","0","","0","0","0","20","3","0","N","0","0","40 01:10.510","","0","75 08:03.050","0","0","0","0","67301","0","0","0","N","0","0","0","1","67301","0","","6.0","","1","N","N","N","1","","0","0","1","0","0","","2000","3","0","0","0","0","0","0","2","0","3","0","0","0","3","","","N","","","","","","","","","",""
"2020017916","1152","1","0","0","0","0","0","0","0","0","4","0","","67","2","2020","7","40.013455","-75.135524","1131","6","0","0","0","1","0","0","0","0","","0","0","0","11","1","1","","2","0","40 00:48.437","","0","75 08:07.886","3","0","0","0","67301","0","0","0","N","0","0","0","2","67301","0","","1.0","","1","N","N","N","0","","1","0","1","0","0","","1123","2","1","1","0","0","0","0","2","0","2","0","0","0","3","","","N","","","","","","","","","",""
"2020026178","1740","1","0","0","0","0","0","0","0","0","1","0","","67","3","2020","6","39.936718","-75.234192","1735","6","0","0","0","0","0","0","0","0","","0","0","0","17","1","2","N","0","0","39 56:12.184","","0","75 14:03.090","3","0","0","0","67301","0","0","0","N","0","0","0","3","67301","0","","1.0","","1","N","N","N","0","","2","0","1","9","9","","1735","2","2","0","0","0","0","0","2","0","2","0","0","0","3","03","","N","","","","","","","","","",""
"2020029662","0316","1","0","0","0","0","0","0","0","0","7","0","","67","3","2020","1","40.035444","-75.017266","0312","6","0","0","0","0","1","0","0","0","","0","0","0","3","3","0","N","0","0","40 02:07.599","","0","75 01:02.156","0","0","0","0","67301","0","0","0","N","0","0","0","1","68K01","0","","4.0","","9","N","N","N","0","","0","0","0","0","0","","310","1","0","0","0","0","0","0","2","0","1","0","0","0","7","07","","N","","","","","","","","","",""
"2020031132","1944","0","0","0","0","0","0","0","0","0","7","0","","67","3","2020","7","40.00436","-75.194807","1935","6","0","0","0","0","0","0","0","0","","0","0","0","19","3","1","N","0","1","40 00:15.697","4","0","75 11:41.304","8","0","0","0","67301","0","0","0","N","0","0","0","1","68K01","0","","2.0","2017.0","1","N","N","N","0","","0","0","1","0","0","N","1934","1","1","0","0","0","1","0","2","0","1","0","0","0","3","03","","N","","","","","","","","","",""
"2020027871","1400","1","0","0","0","0","0","0","0","0","7","0","","67","3","2020","1","40.027194","-75.086394","1355","6","0","0","0","0","0","1","0","0","","0","0","0","13","1","0","N","0","0","40 01:37.900","","0","75 05:11.020","0","0","0","0","67301","0","0","0","N","0","0","0","1","67301","0","","4.0","","1","N","N","N","0","","0","0","0","0","0","","1350","1","0","0","0","0","0","0","2","0","1","0","0","0","3","03","","N","","","","","","","","","",""
"2020066353","0135","1","0","0","0","0","0","0","0","0","1","0","","67","7","2020","7","39.938918","-75.143379","0135","6","0","0","0","0","0","0","0","0","","0","0","0","1","3","1","N","0","0","39 56:20.105","","0","75 08:36.164","8","0","0","0","67301","0","0","0","N","0","0","0","1","68K01","0","","1.0","","1","N","N","N","0","","0","0","0","0","0","","110","2","1","0","0","0","1","0","2","0","2","0","0","0","3","03","","N","","","","","","","","","",""
"2020004693","0142","2","0","0","0","0","0","0","0","0","5","0","","67","1","2020","7","40.012085","-75.181826","0133","6","0","0","0","0","0","0","0","1","","0","0","0","1","3","0","N","0","0","40 00:43.507","","0","75 10:54.575","0","0","0","0","67301","0","0","0","N","0","0","0","1","67301","0","","1.0","","1","N","N","N","0","","0","0","0","2","8","","132","2","0","0","0","0","0","0","2","0","2","0","0","0","3","03","","N","","","","","","","","","",""
"2020034712","1948","2","0","0","0","0","0","0","0","0","5","0","","67","2","2020","7","39.946787","-75.188484","1936","6","0","0","0","0","0","1","0","0","","0","0","0","19","3","0","Y","0","2","39 56:48.432","4","2","75 11:18.544","0","0","0","0","67301","0","0","0","N","0","0","0","3","68K01","0","","1.0","2030.0","9","N","N","N","0","","0","0","1","0","0","N","1934","3","0","1","0","0","0","0","2","0","3","0","0","0","7","","","N","","","","","","","","","",""
"2020011774","1940","1","0","0","0","0","0","0","0","0","1","0","","67","1","2020","3","39.907405","-75.193645","1933","6","0","0","0","0","0","1","0","0","","0","0","0","19","2","1","N","0","0","39 54:26.658","","0","75 11:37.122","3","0","0","0","67301","0","0","0","N","0","0","0","4","67301","0","","1.0","","1","N","N","N","0","","1","0","1","0","0","","1920","2","1","0","0","0","0","0","2","0","2","0","0","0","3","03","","N","","","","","","","","","",""
"2020037336","1530","0","0","0","0","0","0","1","0","0","4","1","","67","3","2020","5","39.961565","-75.15179","9999","6","0","0","0","0","0","0","0","0","","0","0","0","15","1","1","","1","0","39 57:41.635","","0","75 09:06.445","3","0","0","0","67301","0","0","0","N","0","0","0","3","67508","0","","1.0","","1","N","N","N","1","","1","0","0","3","2","","1522","2","1","0","0","0","0","0","2","0","2","0","0","0","3","","","N","","","","","","","","","",""
"2020031131","1803","1","0","0","0","0","0","0","0","0","1","0","","67","3","2020","7","39.942166","-75.193805","1759","6","0","0","0","0","0","1","0","0","","0","0","0","17","1","1","N","0","1","39 56:31.797","4","0","75 11:37.697","8","0","0","0","67301","0","0","0","N","0","0","0","9","68K01","0","","1.0","1710.0","1","N","N","N","0","","0","0","2","0","0","N","1758","3","1","0","0","0","1","0","2","0","3","0","0","0","3","03","","N","","","","","","","","","",""
"2020024466","0850","0","0","0","0","0","0","0","0","0","4","0","","67","3","2020","1","40.020404","-75.152107","0835","6","0","0","0","0","0","0","0","1","","0","0","0","8","1","2","","1","0","40 01:13.453","","0","75 09:07.586","3","0","0","0","67301","0","0","0","N","0","0","0","2","67301","0","","1.0","","1","N","N","N","0","","2","0","2","3","2","","815","2","2","0","0","0","0","0","2","0","2","0","0","0","3","","","N","","","","","","","","","",""
"2020006826","1843","0","0","0","0","0","0","0","0","0","8","0","","67","1","2020","2","40.042424","-75.082666","1842","6","0","0","0","0","0","1","0","0","","0","0","0","18","3","1","","1","0","40 02:32.725","","0","75 04:57.598","3","0","0","0","67301","1","0","0","N","1","0","0","2","67301","0","","1.0","","1","N","N","N","0","","1","0","1","3","2","","1840","2","1","0","0","0","0","0","2","0","1","1","0","0","3","03","","N","","","","","","","","","",""
"2020086595","0648","2","0","0","0","0","0","0","0","0","7","0","","67","10","2020","7","40.002218","-75.152661","0645","6","0","0","0","0","0","0","0","0","","0","0","0","6","5","1","N","0","1","40 00:07.984","2","0","75 09:09.578","8","0","0","0","67301","0","0","0","N","0","0","0","1","67505","0","","2.0","720.0","1","N","N","Y","0","","0","0","0","0","0","N","640","2","1","0","0","0","1","0","2","0","2","0","0","0","3","98","","N","","","","","","","","","",""
"2020040494","1442","0","0","0","0","0","0","0","0","0","4","0","","67","5","2020","5","39.980329","-75.120713","1440","6","0","0","0","0","0","0","0","0","","0","0","0","14","1","1","","1","2","39 58:49.184","7","0","75 07:14.566","3","0","0","0","67301","0","0","0","N","0","0","0","3","67301","0","","1.0","1445.0","1","N","N","N","0","","1","0","2","3","3","Y","1439","2","1","0","0","0","0","0","2","0","2","0","0","0","3","","","N","","","","","","","","","",""
"2020012352","1120","0","0","0","0","0","0","0","0","0","8","0","","67","1","2020","3","39.999552","-75.112632","2255","6","0","0","0","0","0","0","0","0","","0","0","0","22","6","1","","1","0","39 59:58.387","","99","75 06:45.475","2","0","0","0","67301","1","0","1","N","1","0","1","2","67301","0","","1.0","","99","N","N","N","0","","0","1","0","3","3","","2250","2","1","0","0","0","0","0","2","0","1","1","0","1","99","98","","N","","","","","","","","","",""