"CRN","ARRIVAL_TM","AUTOMOBILE_COUNT","BELTED_DEATH_COUNT","BELTED_SUSP_SERIOUS_INJ_COUNT","BICYCLE_COUNT","BICYCLE_DEATH_COUNT","BICYCLE_SUSP_SERIOUS_INJ_COUNT","BUS_COUNT","CHLDPAS_DEATH_COUNT","CHLDPAS_SUSP_SERIOUS_INJ_COUNT","COLLISION_TYPE","COMM_VEH_COUNT","CONS_ZONE_SPD_LIM","COUNTY","CRASH_MONTH","CRASH_YEAR","DAY_OF_WEEK","DEC_LATITUDE","DEC_LONGITUDE","DISPATCH_TM","DISTRICT","DRIVER_COUNT_16YR","DRIVER_COUNT_17YR","DRIVER_COUNT_18YR","DRIVER_COUNT_19YR","DRIVER_COUNT_20YR","DRIVER_COUNT_50_64YR","DRIVER_COUNT_65_74YR","DRIVER_COUNT_75PLUS","EST_HRS_CLOSED","FATAL_COUNT","HEAVY_TRUCK_COUNT","HORSE_BUGGY_COUNT","HOUR_OF_DAY","ILLUMINATION","INJURY_COUNT","INTERSECTION_RELATED","INTERSECT_TYPE","LANE_CLOSED","LATITUDE","LN_CLOSE_DIR","LOCATION_TYPE","LONGITUDE","MAX_SEVERITY_LEVEL","MCYCLE_DEATH_COUNT","MCYCLE_SUSP_SERIOUS_INJ_COUNT","MOTORCYCLE_COUNT","MUNICIPALITY","NONMOTR_COUNT","NONMOTR_DEATH_COUNT","NONMOTR_SUSP_SERIOUS_INJ_COUNT","NTFY_HIWY_MAINT","PED_COUNT","PED_DEATH_COUNT","PED_SUSP_SERIOUS_INJ_COUNT","PERSON_COUNT","POLICE_AGCY","POSSIBLE_INJ_COUNT","RDWY_SURF_TYPE_CD","RELATION_TO_ROAD","ROADWAY_CLEARED","ROAD_CONDITION","SCH_BUS_IND","SCH_ZONE_IND","SECONDARY_CRASH","SMALL_TRUCK_COUNT","SPEC_JURIS_CD","SUSP_MINOR_INJ_COUNT","SUSP_SERIOUS_INJ_COUNT","SUV_COUNT","TCD_FUNC_CD","TCD_TYPE","TFC_DETOUR_IND","TIME_OF_DAY","TOTAL_UNITS","TOT_INJ_COUNT","UNBELTED_OCC_COUNT","UNB_DEATH_COUNT","UNB_SUSP_SERIOUS_INJ_COUNT","UNK_INJ_DEG_COUNT","UNK_INJ_PER_COUNT","URBAN_RURAL","VAN_COUNT","VEHICLE_COUNT","VULNERABLE_ROAD_USER_COUNT","VULNERABLE_ROAD_USER_DEATH_COUNT","VULNERABLE_ROAD_USER_SER_INJ_COUNT","WEATHER1","WEATHER2","WORKERS_PRES","WORK_ZONE_IND","WORK_ZONE_LOC","WORK_ZONE_TYPE","WZ_CLOSE_DETOUR","WZ_FLAGGER","WZ_LAW_OFFCR_IND","WZ_LN_CLOSURE","WZ_MOVING","WZ_OTHER","WZ_SHLDER_MDN","WZ_WORKERS_INJ_KILLED"
"2020011851","1117","1","0","2","0","0","0","0","0","0","4","0","","67","1","2020","5","40.01207","-75.112176","1116","6","0","0","0","0","0","1","0","0","","0","0","0","11","1","2","","1","2","40 00:43.452","6","0","75 06:43.833","2","0","0","0","67301","0","0","0","N","0","0","0","2","67301","0","","1.0","300.0","1","N","N","N","0","","0","2","1","3","2","Y","1115","2","2","0","0","0","0","0","2","0","2","0","0","0","3","03","","N","","","","","","","","","",""
"2020060184","2129","1","0","0","0","0","0","0","0","0","1","0","","67","7","2020","4","39.947869","-75.186646","2112","6","0","0","0","0","0","0","0","0","","0","0","0","21","3","0","N","0","0","39 56:52.330","","0","75 11:11.926","0","0","0","0","67301","0","0","0","N","0","0","0","2","68K01","0","","1.0","","9","N","N","N","0","","0","0","1","0","0","","2110","2","0","0","0","0","0","0","2","0","2","0","0","0","3","","","N","","","","","","","","","",""
"2020009948","2101","2","0","0","0","0","0","0","0","0","4","0","","67","1","2020","6","39.920386","-75.160315","2101","6","0","0","0","0","0","0","0","0","","0","0","0","20","3","0","","1","0","39 55:13.389","","0","75 09:37.133","0","0","0","0","67301","0","0","0","N","0","0","0","2","67301","0","","1.0","","1","N","N","Y","0","","0","0","2","3","3","","2055","4","0","0","0","0","0","0","2","0","4","0","0","0","3","03","","N","","","","","","","","","",""
"2020025313","1739","0","0","0","0","0","0","0","0","0","4","0","","67","3","2020","2","39.939171","-75.191658","1738","6","0","0","0","0","0","0","0","0","","0","0","0","17","1","1","","2","0","39 56:21.015","","0","75 11:29.968","3","0","0","1","67301","0","0","0","N","0","0","0","2","67301","0","","1.0","","1","N","N","N","0","","1","0","1","9","2","","1737","2","1","0","0","0","0","0","2","0","2","0","0","0","3","03","","N","","","","","","","","","",""
"2020010523","1737","1","0","0","0","0","0","0","0","0","1","0","","67","1","2020","2","40.100205","-75.043237","1734","6","0","0","0","0","0","1","0","0","","0","0","0","17","3","2","Y","0","0","40 06:00.738","","0","75 02:35.652","8","0","0","0","67301","0","0","0","N","0","0","0","3","67301","0","","1.0","","1","N","N","N","0","","0","0","1","0","0","","1732","3","2","0","0","0","2","0","2","1","3","0","0","0","4","","","N","","","","","","","","","",""
"2020023227","1320","0","0","0","0","0","0","0","0","0","7","0","","67","3","2020","2","39.87685","-75.248961","1320","6","0","0","0","1","0","0","0","0","","0","0","0","13","1","1","N","0","0","39 52:36.660","","0","75 14:56.260","2","0","0","0","67301","0","0","0","N","0","0","0","1","67301","0","","4.0","","1","N","N","N","0","","0","1","1","0","0","","1320","1","1","0","0","0","0","0","2","0","1","0","0","0","3","","","N","","","","","","","","","",""
"2020026261","2230","0","0","0","0","0","0","0","0","0","4","0","","67","3","2020","6","39.977336","-75.119354","2230","6","0","0","0","0","0","0","0","0","","0","0","0","16","1","2","N","0","0","39 58:38.409","","7","75 07:09.674","3","0","0","0","67301","0","0","0","N","0","0","0","3","67301","0","","1.0","","1","N","N","N","0","","2","0","2","0","0","","1620","2","2","0","0","0","0","0","2","0","2","0","0","0","3","03","","N","","","","","","","","","",""
"2020005260","0338","1","0","0","1","0","0","0","0","0","8","0","","67","1","2020","1","39.922897","-75.158205","0336","6","0","0","0","0","0","0","0","0","","0","0","0","3","3","1","","1","0","39 55:22.430","","0","75 09:29.537","3","0","0","0","67301","1","0","0","N","0","0","0","2","67301","0","","1.0","","9","N","N","N","0","","1","0","0","3","2","","334","2","1","0","0","0","0","0","2","0","1","1","0","0","7","","","N","","","","","","","","","",""
"2020010311","1815","1","0","0","0","0","0","0","0","0","4","0","","67","1","2020","5","40.029422","-75.124695","1815","6","0","0","0","0","0","0","0","0","","0","0","0","7","5","1","","1","0","40 01:45.919","","0","75 07:28.901","8","0","0","0","67301","0","0","0","N","0","0","0","2","67301","0","","1.0","","99","N","N","N","0","","0","0","1","3","2","","739","2","1","0","0","0","1","0","2","0","2","0","0","0","99","","","N","","","","","","","","","",""
"2020003980","1135","0","0","0","0","0","0","0","0","0","4","0","","67","1","2020","5","40.015978","-75.149776","1130","6","0","0","0","0","0","0","0","0","","0","0","0","11","1","1","","2","1","40 00:57.522","2","0","75 08:59.193","8","0","0","0","67301","0","0","0","N","0","0","0","2","67301","0","","1.0","1130.0","1","N","N","N","0","","0","0","1","0","0","N","1105","2","1","0","0","0","1","0","2","1","2","0","0","0","3","03","","N","","","","","","","","","",""
"2020004926","1256","1","0","0","0","0","0","0","0","0","4","0","","67","1","2020","6","40.031615","-75.207632","1253","6","0","0","0","0","0","1","0","0","","0","0","0","12","1","2","","1","0","40 01:53.814","","0","75 12:27.475","3","0","0","0","67301","0","0","0","N","0","0","0","3","67301","0","","1.0","","1","N","N","N","0","","1","0","1","3","2","","1250","2","2","0","0","0","1","0","2","0","2","0","0","0","3","03","","N","","","","","","","","","",""
"2020027393","1250","2","0","0","0","0","0","0","0","0","4","0","","67","3","2020","7","39.978916","-75.232258","1245","6","0","0","0","0","0","1","0","0","","0","0","0","12","1","1","","1","0","39 58:44.097","","0","75 13:56.128","3","0","0","0","67301","0","0","0","N","0","0","0","2","67301","0","","1.0","","1","N","N","N","0","","1","0","0","3","3","","1240","2","1","0","0","0","0","0","2","0","2","0","0","0","3","","","N","","","","","","","","","",""
"2020065120","0517","1","0","0","0","0","0","0","0","0","7","0","","67","8","2020","1","40.088739","-75.045086","0513","6","0","0","0","0","0","0","0","0","","0","0","0","5","3","0","N","0","0","40 05:19.460","","0","75 02:42.310","9","0","0","0","67301","0","0","0","N","0","0","0","1","67301","0","","2.0","","1","N","N","N","0","","0","0","0","3","3","","507","1","0","0","0","0","0","1","2","0","1","0","0","0","3","03","","N","","","","","","","","","",""
"2020052048","0032","1","0","0","0","0","0","0","0","0","7","0","","67","6","2020","5","39.884729","-75.243744","0015","6","0","0","0","0","0","0","0","0","","0","0","0","0","3","0","N","0","0","39 53:05.023","","0","75 14:37.480","0","0","0","0","67301","0","0","0","N","0","0","0","1","68K01","0","","4.0","","1","N","N","N","0","","0","0","0","0","0","","7","1","0","0","0","0","0","0","2","0","1","0","0","0","3","","","N","","","","","","","","","",""
"2020051472","1744","1","0","0","1","1","0","0","0","0","8","0","","67","6","2020","1","40.025595","-75.202433","1741","6","0","0","0","0","0","0","0","0","","1","0","0","17","1","0","N","2","0","40 01:32.143","","0","75 12:08.758","1","0","0","0","67301","1","1","0","N","0","0","0","3","67301","0","2","1.0","","1","N","N","N","0","0","0","0","0","0","0","","1740","2","0","0","0","0","0","0","2","0","1","1","1","0","3","","","N","","","","","","","","","",""
"2020058958","0341","0","0","0","0","0","0","0","0","0","98","0","45","67","7","2020","5","40.007927","-75.071708","0332","6","0","0","0","0","0","1","0","0","","0","0","0","3","3","0","N","0","0","40 00:28.536","","0","75 04:18.150","0","0","0","0","67301","0","0","0","N","0","0","0","1","68K01","0","","1.0","","1","N","N","N","0","","0","0","1","0","0","","330","1","0","0","0","0","0","0","2","0","1","0","0","0","3","","Y","Y","4","1","N","N","Y","N","N","N","Y","N"
"2020008746","1745","1","0","0","0","0","0","0","0","0","4","0","","67","1","2020","4","39.92691","-75.189411","1742","6","0","0","0","0","0","1","1","0","","0","0","0","17","3","2","","5","0","39 55:36.875","","0","75 11:21.878","4","0","0","0","67301","0","0","0","N","0","0","0","2","67301","1","","1.0","","1","N","N","N","1","","0","0","0","3","2","","1741","2","2","0","0","0","1","0","2","0","2","0","0","0","3","03","","N","","","","","","","","","",""
"2020005264","2218","1","0","0","0","0","0","0","0","0","4","0","","67","1","2020","3","40.001155","-75.097198","2155","6","0","0","1","0","0","1","0","0","","0","0","0","21","3","0","","2","0","40 00:04.157","","0","75 05:49.913","0","0","0","0","67301","0","0","0","N","0","0","0","2","67301","0","","1.0","","9","N","N","N","0","","0","0","1","3","3","","2154","2","0","0","0","0","0","0","2","0","2","0","0","0","7","","","N","","","","","","","","","",""
"2020050782","1527","1","0","0","0","0","0","0","0","0","7","0","","67","6","2020","6","40.021711","-75.044031","1525","6","0","0","0","0","0","0","0","0","","0","0","0","15","1","0","N","0","0","40 01:18.160","","0","75 02:38.510","0","0","0","0","67301","0","0","0","N","0","0","0","1","67301","0","","5.0","","1","N","N","N","0","","0","0","0","0","0","","1516","1","0","1","0","0","0","0","2","0","1","0","0","0","4","","","N","","","","","","","","","",""
"2020003528","0011","2","0","0","0","0","0","0","0","0","6","0","","67","1","2020","4","40.121683","-75.012189","0004","6","0","0","0","0","0","1","0","0","","0","0","0","23","3","2","N","0","0","40 07:18.060","","0","75 00:43.880","3","0","0","0","67301","0","0","0","N","0","0","0","2","67301","0","","1.0","","1","N","N","N","0","","1","0","0","0","0","","2355","2","2","1","0","0","1","0","2","0","2","0","0","0","3","","","N","","","","","","","","","",""
"2020008777","0200","0","0","0","0","0","0","0","0","0","7","0","","67","1","2020","4","39.99968","-75.138071","0142","6","0","0","0","0","0","0","0","0","","0","0","0","1","3","1","N","0","0","39 59:58.847","","0","75 08:17.055","8","0","0","0","67301","0","0","0","N","0","0","0","1","67301","0","","6.0","","1","N","N","N","0","","0","0","1","0","0","","139","1","1","0","0","0","1","0","2","0","1","0","0","0","3","03","","N","","","","","","","","","",""
"2020048597","2318","3","0","0","0","0","0","0","0","0","1","0","","67","6","2020","1","40.020494","-75.159427","2318","6","0","0","0","0","0","0","0","0","","0","0","0","23","3","0","N","0","2","40 01:13.777","2","0","75 09:33.937","0","0","0","0","67301","0","0","0","N","0","0","0","5","67301","0","","1.0","100.0","1","N","N","N","0","","0","0","0","0","0","Y","2308","3","0","0","0","0","0","0","2","0","3","0","0","0","3","03","","N","","","","","","","","","",""
"2020008273","1736","0","0","0","0","0","0","0","0","0","1","0","","67","1","2020","3","39.972763","-75.159225","1735","6","0","0","0","0","0","0","0","0","","0","0","0","17","3","0","N","0","1","39 58:21.946","2","0","75 09:33.211","9","0","0","0","67301","0","0","0","N","0","0","0","2","67301","0","","1.0","1755.0","1","N","N","N","1","","0","0","1","0","0","N","1735","2","0","0","0","0","0","1","2","0","2","0","0","0","3","03","","N","","","","","","","","","",""
"2020006082","0730","0","0","0","0","0","0","0","0","0","4","0","","67","1","2020","5","40.041948","-75.075038","0725","6","0","0","0","0","0","1","0","1","","0","0","0","7","1","3","","5","1","40 02:31.011","2","0","75 04:30.138","3","0","0","0","67301","0","0","0","N","0","0","0","3","67301","1","","1.0","100.0","9","N","N","N","1","","2","0","0","3","2","N","705","2","3","1","0","0","0","0","2","1","2","0","0","0","3","03","","N","","","","","","","","","",""
"2020009666","0150","2","0","0","0","0","0","0","0","0","6","0","","67","1","2020","7","40.016775","-75.152037","0149","6","0","0","0","0","0","0","0","0","","0","0","0","1","3","1","N","0","0","40 01:00.390","","0","75 09:07.332","3","0","0","0","67301","0","0","0","N","0","0","0","1","67301","0","","6.0","","1","N","N","N","0","","1","0","0","0","0","","148","3","1","0","0","0","0","0","2","1","3","0","0","0","3","03","","N","","","","","","","","","",""
"2020015154","2045","0","0","0","0","0","0","0","0","0","7","0","","67","2","2020","7","39.977758","-75.234281","2043","6","0","0","0","0","0","1","0","0","","0","0","0","20","3","0","N","0","0","39 58:39.930","","0","75 14:03.410","0","0","0","0","67301","0","0","0","N","0","0","0","1","67301","0","","4.0","","9","N","N","N","0","","0","0","1","0","0","","2038","1","0","0","0","0","0","0","2","0","1","0","0","0","7","","","N","","","","","","","","","",""
"2020052895","1420","1","0","0","0","0","0","0","0","0","2","0","","67","7","2020","2","39.946061","-75.198524","1414","6","0","0","0","0","0","2","0","0","","0","0","0","14","1","3","N","2","2","39 56:45.821","2","0","75 11:54.688","3","0","0","0","67301","0","0","0","N","0","0","0","3","67504","0","","1.0","1445.0","9","N","N","N","1","","3","0","1","0","0","N","1410","3","3","0","0","0","0","0","2","0","3","0","0","0","4","07","","N","","","","","","","","","",""
"2020012669","1538","2","0","0","0","0","0","0","0","0","4","0","","67","2","2020","1","40.048115","-75.013249","1530","6","0","0","0","0","0","1","0","0","","0","0","0","15","1","0","","2","0","40 02:53.214","","0","75 00:47.698","0","0","0","0","67301","0","0","0","N","0","0","0","2","67301","0","","1.0","","9","N","N","N","0","","0","0","0","3","2","","1529","2","0","0","0","0","0","0","2","0","2","0","0","0","4","","","N","","","","","","","","","",""
"2020018388","1720","0","0","0","0","0","0","0","0","0","4","0","","67","2","2020","2","39.920725","-75.141396","1710","6","0","0","0","0","0","0","0","1","","0","0","0","14","8","2","","1","0","39 55:14.610","","0","75 08:29.025","3","0","0","0","67301","0","0","0","N","0","0","0","2","67301","0","","1.0","","1","N","N","N","0","","2","0","1","3","1","","1430","2","2","1","0","0","0","0","2","1","2","0","0","0","3","03","","N","","","","","","","","","",""
"2020011413","1459","0","0","0","0","0","0","0","0","0","4","0","","67","1","2020","4","40.04032","-75.015428","1458","6","0","0","0","0","0","0","1","1","","0","0","0","14","1","2","","1","1","40 02:25.152","2","0","75 00:55.542","8","0","0","0","67301","0","0","0","N","0","0","0","3","67301","0","","1.0","1558.0","1","N","N","N","0","","0","0","2","3","2","Y","1454","2","2","0","0","0","2","1","2","0","2","0","0","0","3","03","","N","","","","","","","","","",""
"2020006828","1325","2","0","0","0","0","0","0","0","0","5","0","","67","1","2020","7","40.102163","-75.049891","1320","6","0","0","0","0","0","0","0","0","","0","0","0","12","1","0","N","0","0","40 06:07.785","","0","75 02:59.608","0","0","0","0","67301","0","0","0","N","0","0","0","2","67301","0","","1.0","","7","N","N","N","0","","0","0","0","0","0","","1241","2","0","0","0","0","0","0","2","0","2","0","0","0","10","","","N","","","","","","","","","",""
"2020012349","1300","0","0","0","0","0","0","0","0","0","8","0","","67","1","2020","4","39.951994","-75.167033","1255","6","0","0","0","0","0","0","0","0","","0","0","0","12","1","1","N","0","0","39 57:07.180","","7","75 10:01.320","3","0","0","0","67301","1","0","0","N","1","0","0","2","67301","0","","1.0","","1","N","N","N","0","","1","0","1","0","0","","1250","2","1","0","0","0","0","0","2","0","1","1","0","0","3","03","","N","","","","","","","","","",""
"2020005179","0100","1","0","0","0","0","0","0","0","0","4","0","","67","1","2020","4","39.976383","-75.162534","0059","6","0","0","0","0","0","0","0","0","","0","0","0","0","3","2","N","1","1","39 58:34.977","3","0","75 09:45.122","8","0","0","0","67301","0","0","0","N","0","0","0","4","67505","0","","1.0","150.0","9","N","N","N","0","","0","0","0","3","3","Y","55","2","2","0","0","0","2","0","2","1","2","0","0","0","3","03","","N","","","","","","","","","",""
"2020019742","1628","1","0","0","0","0","0","0","0","0","4","0","","67","2","2020","6","40.018922","-75.049504","1617","6","0","0","0","0","0","1","0","0","","0","0","0","14","1","1","","1","0","40 01:08.120","","0","75 02:58.216","3","0","0","0","67301","0","0","0","N","0","0","0","2","67301","0","","1.0","","1","N","N","N","0","","1","0","1","3","3","","1425","2","1","0","0","0","0","0","2","0","2","0","0","0","3","","","N","","","","","","","","","",""
"2020012348","1430","0","0","0","0","0","0","0","0","0","4","0","","67","1","2020","5","40.066128","-75.063046","1430","6","0","0","0","0","0","0","1","0","","0","0","0","14","1","1","","1","1","40 03:58.061","2","0","75 03:46.964","4","0","0","0","67301","0","0","0","N","0","0","0","2","67301","1","","1.0","1500.0","1","N","N","N","0","","0","0","2","3","2","Y","1429","2","1","0","0","0","0","0","2","0","2","0","0","0","3","03","","N","","","","","","","","","",""
"2020049116","1900","1","0","0","0","0","0","0","0","0","8","0","","67","6","2020","2","39.916829","-75.171324","1851","6","0","0","0","0","0","0","0","0","","0","0","0","16","1","1","","1","0","39 55:00.583","","0","75 10:16.768","3","0","0","0","67301","1","0","0","N","1","0","0","1","67301","0","","2.0","","1","N","N","N","0","","1","0","0","3","2","","1641","2","1","0","0","0","0","0","2","0","1","1","0","0","3","03","","N","","","","","","","","","",""
"2020008276","1900","0","0","0","0","0","0","0","0","0","2","0","","67","1","2020","7","40.024291","-75.195318","1900","6","0","0","0","0","0","0","0","0","","0","0","0","15","8","1","N","0","0","40 01:27.447","","0","75 11:43.144","3","0","0","0","67301","0","0","0","N","0","0","0","2","67301","0","","1.0","","7","N","N","N","0","","1","0","1","0","0","","1510","2","1","0","0","0","0","0","2","0","2","0","0","0","10","09","","N","","","","","","","","","",""
"2020051374","1411","1","0","0","0","0","0","0","0","0","8","0","","67","6","2020","1","40.022442","-75.156161","1409","6","0","0","0","0","0","1","0","0","","0","0","0","14","1","1","N","0","1","40 01:20.790","3","0","75 09:22.180","2","0","0","0","67301","1","0","1","N","1","0","1","2","67301","0","","1.0","1600.0","1","N","N","N","0","","0","1","0","0","0","N","1408","2","1","0","0","0","0","0","2","0","1","1","0","1","3","03","","N","","","","","","","","","",""
"2020011920","0106","1","0","0","0","0","0","0","0","0","7","0","","67","1","2020","5","40.04459","-75.002235","0103","6","0","0","0","0","0","0","0","0","","0","0","0","0","3","0","N","0","0","40 02:40.524","","0","75 00:08.045","0","0","0","0","67301","0","0","0","N","0","0","0","1","68K01","0","","4.0","","1","N","N","N","0","","0","0","0","0","0","","44","1","0","0","0","0","0","0","2","0","1","0","0","0","3","","","N","","","","","","","","","",""
"2020009852","1243","2","0","0","0","0","0","0","0","0","1","0","","67","1","2020","6","40.030041","-75.103207","1233","6","0","0","0","0","0","0","0","0","","0","0","0","12","1","2","","1","0","40 01:48.146","","0","75 06:11.546","4","0","0","0","67301","0","0","0","N","0","0","0","3","67301","2","","1.0","","1","N","N","N","0","","0","0","0","3","2","","1232","2","2","0","0","0","0","0","2","0","2","0","0","0","3","","","N","","","","","","","","","",""
"2020007507","1640","1","0","0","0","0","0","0","0","0","4","0","","67","1","2020","1","40.032566","-75.124186","1629","6","0","0","0","0","0","1","0","0","","0","0","0","16","1","2","","1","0","40 01:57.237","","0","75 07:27.069","3","0","0","0","67301","0","0","0","N","0","0","0","2","67301","0","","1.0","","1","N","N","N","0","","2","0","1","3","2","","1620","2","2","0","0","0","0","0","2","0","2","0","0","0","3","03","","N","","","","","","","","","",""
"2020075633","0955","0","0","0","0","0","0","0","0","0","1","0","","67","9","2020","2","39.998264","-75.171869","0950","6","0","0","0","0","0","0","0","0","","0","0","0","9","1","0","N","0","0","39 59:53.750","","0","75 10:18.730","0","0","0","0","67301","0","0","0","N","0","0","0","1","67301","0","","1.0","","1","N","N","N","2","","0","0","0","0","0","","940","2","0","0","0","0","0","0","2","0","2","0","0","0","3","","","N","","","","","","","","","",""
"2020018016","2315","1","0","0","0","0","0","0","0","0","1","0","","67","2","2020","7","39.99562","-75.167583","2307","6","0","0","0","0","0","2","0","0","","0","0","0","22","3","0","","1","0","39 59:44.232","","0","75 10:03.297","9","0","0","0","67301","0","0","0","N","0","0","0","3","67301","0","","1.0","","1","N","N","N","0","","0","0","1","3","2","","2227","2","0","0","0","0","0","1","2","0","2","0","0","0","3","03","","N","","","","","","","","","",""
"2020019630","0041","2","0","0","0","0","0","0","0","0","4","0","","67","2","2020","6","39.998856","-75.105193","0039","6","0","0","0","0","0","0","0","0","","0","0","0","22","3","0","","1","0","39 59:55.880","","0","75 06:18.695","0","0","0","0","67301","0","0","0","N","0","0","0","2","67301","0","","1.0","","1","N","N","N","0","","0","0","0","3","2","","2212","2","0","0","0","0","0","0","2","0","2","0","0","0","3","03","","N","","","","","","","","","",""
"2020007379","0044","1","0","0","0","0","0","0","0","0","4","0","","67","1","2020","7","39.978917","-75.135513","0044","6","0","0","0","0","0","0","0","0","","0","0","0","23","3","0","","1","0","39 58:44.101","","0","75 08:07.846","0","0","0","0","67301","0","0","0","N","0","0","0","2","67301","0","","1.0","","9","N","N","N","0","","0","0","1","3","3","","2303","2","0","2","0","0","0","0","2","0","2","0","0","0","7","06","","N","","","","","","","","","",""
"2020013106","2100","0","0","0","1","0","0","0","0","0","8","0","","67","1","2020","6","39.961643","-75.238583","2100","6","0","0","0","0","1","0","0","0","","0","0","0","20","3","1","N","0","0","39 57:41.916","","0","75 14:18.900","3","0","0","0","67301","1","0","0","N","0","0","0","2","67301","0","","1.0","","9","N","N","N","0","","1","0","1","3","1","","2052","2","1","0","0","0","0","0","2","0","1","1","0","0","7","98","","N","","","","","","","","","",""
"2020052504","1900","0","0","0","0","0","0","0","0","0","4","0","","67","7","2020","1","39.960281","-75.239755","1840","6","0","0","0","0","0","1","0","0","","0","0","0","18","1","0","N","0","0","39 57:37.012","","0","75 14:23.117","0","0","0","0","67301","0","0","0","N","0","0","0","2","67301","0","","1.0","","1","N","N","N","0","","0","0","2","0","0","","1830","2","0","0","0","0","0","0","2","0","2","0","0","0","3","","","N","","","","","","","","","",""
"2020011850","1905","0","0","0","0","0","0","0","0","0","4","0","","67","1","2020","5","39.960019","-75.195267","1856","6","0","0","0","0","0","0","0","0","","0","0","0","18","3","1","N","0","0","39 57:36.070","","0","75 11:42.960","4","0","0","0","67301","0","0","0","N","0","0","0","1","67301","1","","1.0","","1","N","N","N","0","","0","0","1","3","3","","1854","2","1","0","0","0","0","0","2","1","2","0","0","0","3","03","","N","","","","","","","","","",""
"2020009949","0040","0","0","0","0","0","0","0","0","0","6","0","","67","1","2020","7","40.035731","-75.217119","0040","6","0","0","0","0","0","0","0","0","","0","0","0","0","3","0","Y","0","0","40 02:08.630","","0","75 13:01.630","9","0","0","0","67301","0","0","0","N","0","0","0","2","67301","0","","1.0","","1","N","N","N","0","","0","0","1","0","0","","30","2","0","0","0","0","0","1","2","0","2","0","0","0","3","03","","N","","","","","","","","","",""
"2020006864","1833","2","0","0","0","0","0","0","0","0","1","0","","67","1","2020","7","40.036732","-75.064498","1833","6","0","0","0","0","0","0","1","0","","0","0","0","18","3","0","","1","0","40 02:12.235","","0","75 03:52.193","0","0","0","0","67301","0","0","0","N","0","0","0","2","67301","0","","1.0","","1","N","N","N","0","","0","0","0","3","2","","1810","2","0","2","0","0","0","0","2","0","2","0","0","0","4","04","","N","","","","","","","","","",""
"2020052601","0930","1","0","0","0","0","0","0","0","0","4","0","","67","7","2020","4","40.00982","-75.069209","0922","6","0","0","0","0","0","0","0","0","","0","0","0","9","1","1","N","0","0","40 00:35.351","","0","75 04:09.151","3","0","0","0","67301","0","0","0","N","0","0","0","2","67301","0","","1.0","","1","N","N","N","0","","1","0","1","3","2","","915","2","1","0","0","0","0","0","2","0","2","0","0","0","3","03","","N","","","","","","","","","",""
"2020012914","1958","1","0","0","0","0","0","0","0","0","4","0","","67","2","2020","1","39.990581","-75.18491","1958","6","0","0","0","0","0","0","0","0","","0","0","0","19","3","1","","1","0","39 59:26.091","","0","75 11:05.676","8","0","0","0","67301","0","0","0","N","0","0","0","2","67301","0","","1.0","","1","N","N","N","0","","0","0","0","3","2","","1930","2","1","0","0","0","1","0","2","0","2","0","0","0","3","03","","N","","","","","","","","","",""
"2020011978","0835","2","0","0","0","0","0","0","0","0","4","0","","67","1","2020","6","39.97374","-75.139257","0832","6","0","0","0","0","0","0","0","0","","0","0","0","8","1","0","","1","0","39 58:25.463","","0","75 08:21.325","0","0","0","0","67301","0","0","0","N","0","0","0","2","67301","0","","1.0","","1","N","N","N","0","","0","0","0","3","3","","830","2","0","0","0","0","0","0","2","0","2","0","0","0","3","03","","N","","","","","","","","","",""
"2020012915","2352","0","0","0","0","0","0","0","0","0","8","0","","67","2","2020","1","39.976785","-75.165685","2347","6","0","0","0","0","0","0","0","0","","0","0","0","22","3","1","N","1","0","39 58:36.426","","0","75 09:56.466","3","0","0","0","67301","1","0","0","N","1","0","0","2","67301","0","","1.0","","1","N","N","N","0","","1","0","1","0","0","","2230","2","1","0","0","0","0","0","2","0","1","1","0","0","3","03","","N","","","","","","","","","",""
"2020005837","2236","1","0","0","0","0","0","0","0","0","4","0","","67","1","2020","3","40.065531","-75.052509","2225","6","0","0","0","0","0","1","0","0","","0","0","0","22","3","2","","1","0","40 03:55.911","","0","75 03:09.031","3","0","0","0","67301","0","0","0","N","0","0","0","3","67301","0","","1.0","","1","N","N","N","0","","2","0","1","3","1","","2220","2","2","2","0","0","0","0","2","0","2","0","0","0","3","03","","N","","","","","","","","","",""
"2020050522","2219","1","0","0","0","0","0","0","0","0","7","0","","67","6","2020","7","39.959814","-75.17832","2218","6","0","0","0","0","1","0","0","0","","0","0","0","22","3","0","N","0","1","39 57:35.332","3","0","75 10:41.952","0","0","0","0","67301","0","0","0","N","0","0","0","2","68K01","0","","2.0","2250.0","1","N","N","N","0","","0","0","0","0","0","N","2206","1","0","0","0","0","0","0","2","0","1","0","0","0","3","","","N","","","","","","","","","",""
"2020052063","1706","1","0","0","0","0","0","0","0","0","7","0","","67","6","2020","7","40.045928","-75.001816","1704","6","0","0","0","0","0","0","0","0","","0","0","0","17","1","2","N","7","0","40 02:45.339","","2","75 00:06.539","2","0","0","0","67301","0","0","0","N","0","0","0","3","68K01","0","","4.0","","9","N","N","N","0","","1","1","0","0","0","","1703","1","2","1","0","1","0","0","2","0","1","0","0","0","7","","","N","","","","","","","","","",""