"CRN","ARRIVAL_TM","AUTOMOBILE_COUNT","BELTED_DEATH_COUNT","BELTED_SUSP_SERIOUS_INJ_COUNT","BICYCLE_COUNT","BICYCLE_DEATH_COUNT","BICYCLE_SUSP_SERIOUS_INJ_COUNT","BUS_COUNT","CHLDPAS_DEATH_COUNT","CHLDPAS_SUSP_SERIOUS_INJ_COUNT","COLLISION_TYPE","COMM_VEH_COUNT","CONS_ZONE_SPD_LIM","COUNTY","CRASH_MONTH","CRASH_YEAR","DAY_OF_WEEK","DEC_LATITUDE","DEC_LONGITUDE","DISPATCH_TM","DISTRICT","DRIVER_COUNT_16YR","DRIVER_COUNT_17YR","DRIVER_COUNT_18YR","DRIVER_COUNT_19YR","DRIVER_COUNT_20YR","DRIVER_COUNT_50_64YR","DRIVER_COUNT_65_74YR","DRIVER_COUNT_75PLUS","EST_HRS_CLOSED","FATAL_COUNT","HEAVY_TRUCK_COUNT","HORSE_BUGGY_COUNT","HOUR_OF_DAY","ILLUMINATION","INJURY_COUNT","INTERSECTION_RELATED","INTERSECT_TYPE","LANE_CLOSED","LATITUDE","LN_CLOSE_DIR","LOCATION_TYPE","LONGITUDE","MAX_SEVERITY_LEVEL","MCYCLE_DEATH_COUNT","MCYCLE_SUSP_SERIOUS_INJ_COUNT","MOTORCYCLE_COUNT","MUNICIPALITY","NONMOTR_COUNT","NONMOTR_DEATH_COUNT","NONMOTR_SUSP_SERIOUS_INJ_COUNT","NTFY_HIWY_MAINT","PED_COUNT","PED_DEATH_COUNT","PED_SUSP_SERIOUS_INJ_COUNT","PERSON_COUNT","POLICE_AGCY","POSSIBLE_INJ_COUNT","RDWY_SURF_TYPE_CD","RELATION_TO_ROAD","ROADWAY_CLEARED","ROAD_CONDITION","SCH_BUS_IND","SCH_ZONE_IND","SECONDARY_CRASH","SMALL_TRUCK_COUNT","SPEC_JURIS_CD","SUSP_MINOR_INJ_COUNT","SUSP_SERIOUS_INJ_COUNT","SUV_COUNT","TCD_FUNC_CD","TCD_TYPE","TFC_DETOUR_IND","TIME_OF_DAY","TOTAL_UNITS","TOT_INJ_COUNT","UNBELTED_OCC_COUNT","UNB_DEATH_COUNT","UNB_SUSP_SERIOUS_INJ_COUNT","UNK_INJ_DEG_COUNT","UNK_INJ_PER_COUNT","URBAN_RURAL","VAN_COUNT","VEHICLE_COUNT","VULNERABLE_ROAD_USER_COUNT","VULNERABLE_ROAD_USER_DEATH_COUNT","VULNERABLE_ROAD_USER_SER_INJ_COUNT","WEATHER1","WEATHER2","WORKERS_PRES","WORK_ZONE_IND","WORK_ZONE_LOC","WORK_ZONE_TYPE","WZ_CLOSE_DETOUR","WZ_FLAGGER","WZ_LAW_OFFCR_IND","WZ_LN_CLOSURE","WZ_MOVING","WZ_OTHER","WZ_SHLDER_MDN","WZ_WORKERS_INJ_KILLED"
"2020009174","1625","1","0","0","0","0","0","0","0","0","5","0","","67","1","2020","5","39.938369","-75.227428","1622","6","0","0","0","0","0","1","0","0","","0","0","0","16","1","0","N","0","0","39 56:18.130","","0","75 13:38.740","0","0","0","0","67301","0","0","0","N","0","0","0","2","67301","0","","6.0","","1","N","N","N","0","","0","0","1","0","0","","1622","2","0","0","0","0","0","0","2","0","2","0","0","0","3","03","","N","","","","","","","","","",""
"2020005368","1253","1","0","0","0","0","0","0","0","0","7","0","","67","1","2020","4","","-75.154639","1250","6","0","0","0","0","0","0","0","0","","0","0","0","12","1","0","N","0","1","39 54:33.50","3","3","75 09:16.700","0","0","0","0","67301","0","0","0","N","0","0","0","1","67501","0","","2.0","1306.0","1","N","N","N","0","","0","0","0","3","8","N","1253","1","0","0","0","0","0","0","1","0","1","0","0","0","3","03","","N","","","","","","","","","",""
"2020012670","1638","2","0","0","0","0","0","0","0","0","4","0","","67","2","2020","1","40.079683","-75.026687","1628","6","0","0","0","0","0","1","0","0","","0","0","0","16","1","1","N","0","2","40 04:46.857","3","0","75 01:36.072","3","0","0","0","67301","0","0","0","N","0","0","0","2","67301","0","","1.0","1705.0","9","N","N","N","0","","1","0","0","3","8","N","1627","2","1","0","0","0","0","0","2","0","2","0","0","0","7","07","","N","","","","","","","","","",""
"2020048595","0140","1","0","0","0","0","0","0","0","0","4","0","","67","6","2020","2","40.044915","-75.143343","0140","6","0","0","0","0","0","2","0","0","","0","0","0","1","3","5","N","0","2","40 02:41.693","1","7","75 08:36.034","2","0","0","0","67301","0","0","0","N","0","0","0","5","67301","3","","1.0","358.0","1","N","N","N","0","","0","1","1","0","0","Y","140","2","5","1","0","1","1","0","2","0","2","0","0","0","3","","","N","","","","","","","","","",""
"2020014224","2315","2","0","0","0","0","0","0","0","0","4","0","","67","2","2020","1","40.044137","-75.143513","2310","6","0","0","0","0","0","0","0","0","","0","0","0","22","3","1","N","0","0","40 02:38.893","","0","75 08:36.645","3","0","0","0","67301","0","0","0","N","0","0","0","2","67301","0","","1.0","","1","N","N","N","0","","1","0","0","9","9","","2200","2","1","1","0","0","0","0","2","0","2","0","0","0","3","98","","N","","","","","","","","","",""
"2020004691","2144","0","0","0","0","0","0","0","0","0","8","0","","67","1","2020","7","39.944703","-75.238864","2143","6","0","0","0","0","0","0","0","0","","0","0","0","21","3","1","N","0","1","39 56:40.931","2","0","75 14:19.910","3","0","0","0","67301","1","0","0","N","1","0","0","2","67301","0","","1.0","2240.0","1","N","N","N","0","","1","0","0","9","9","N","2140","2","1","0","0","0","0","0","2","0","1","1","0","0","3","","","N","","","","","","","","","",""
"2020005258","0748","1","0","0","1","0","0","0","0","0","8","0","","67","1","2020","3","39.961565","-75.15179","0732","6","0","0","0","0","0","0","0","0","","0","0","0","6","1","1","","1","0","39 57:41.635","","0","75 09:06.445","3","0","0","0","67301","1","0","0","N","0","0","0","2","67301","0","","1.0","","1","N","N","N","0","","1","0","0","3","2","","657","2","1","0","0","0","0","0","2","0","1","1","0","0","3","03","","N","","","","","","","","","",""
"2020008747","1815","1","0","0","0","0","0","0","0","0","5","0","","67","1","2020","3","39.899865","-75.174678","1806","6","0","0","0","0","0","2","0","0","","0","0","0","18","3","0","N","0","0","39 53:59.515","","6","75 10:28.839","0","0","0","0","67301","0","0","0","N","0","0","0","2","67301","0","","1.0","","1","N","N","Y","0","","0","0","0","9","3","","1800","2","0","0","0","0","0","0","2","1","2","0","0","0","3","03","","N","","","","","","","","","",""
"2020007374","2140","3","0","0","0","0","0","0","0","0","4","0","","67","1","2020","6","39.938466","-75.171588","2135","6","0","0","0","0","0","0","0","0","","0","0","0","21","3","3","","1","1","39 56:18.477","7","0","75 10:17.716","8","0","0","0","67301","0","0","0","N","0","0","0","3","67301","0","","1.0","2200.0","2","N","N","N","0","","0","0","2","3","2","N","2130","5","3","0","0","0","3","0","2","0","5","0","0","0","10","07","","N","","","","","","","","","",""
"2020019744","1748","0","0","0","0","0","0","0","0","0","4","0","","67","2","2020","4","40.005566","-75.103995","1747","6","0","0","0","0","0","0","0","0","","0","0","0","17","4","0","N","0","0","40 00:20.036","","7","75 06:14.381","0","0","0","0","67301","0","0","0","N","0","0","0","2","67301","0","","1.0","","1","N","N","N","1","","0","0","1","0","0","","1744","2","0","0","0","0","0","0","2","0","2","0","0","0","3","03","","N","","","","","","","","","",""
"2020005411","0919","1","0","0","0","0","0","0","0","0","8","0","","67","1","2020","4","39.963903","-75.193056","0913","6","0","0","0","0","0","0","0","0","","0","0","0","8","1","1","","1","0","39 57:50.050","","0","75 11:35.001","4","0","0","0","67301","1","0","0","N","1","0","0","2","67301","1","","1.0","","9","N","Y","N","0","","0","0","0","3","3","","855","2","1","0","0","0","0","0","2","0","1","1","0","0","3","03","","N","","","","","","","","","",""
"2020010027","0646","1","0","0","0","0","0","0","0","0","1","0","","67","1","2020","6","39.977544","-75.20098","0646","6","0","0","0","0","0","1","0","0","","0","0","0","6","3","0","N","0","1","39 58:39.160","3","0","75 12:03.529","0","0","0","0","67301","0","0","0","N","0","0","0","2","68K01","0","","1.0","30.0","1","N","N","N","1","","0","0","0","0","0","N","637","2","0","0","0","0","0","0","2","0","2","0","0","0","3","","","N","","","","","","","","","",""
"2020055973","1550","2","0","0","0","0","0","0","0","0","2","0","","67","7","2020","6","40.007315","-75.124195","1545","6","0","0","1","0","0","0","0","0","","0","0","0","15","1","1","N","0","0","40 00:26.334","","0","75 07:27.103","4","0","0","0","67301","0","0","0","N","0","0","0","4","67301","1","","1.0","","9","N","N","N","0","","0","0","0","0","0","","1520","2","1","0","0","0","0","0","2","0","2","0","0","0","7","07","","N","","","","","","","","","",""
"2020032078","1253","0","0","0","0","0","0","0","0","0","8","0","","67","1","2020","4","40.044562","-75.144627","1253","6","0","0","0","0","0","0","0","0","","0","0","0","12","1","1","","1","0","40 02:40.423","","0","75 08:40.657","3","0","0","0","67301","1","0","0","N","1","0","0","2","67301","0","","1.0","","1","N","N","N","0","","1","0","1","3","2","","1253","2","1","1","0","0","0","0","2","0","1","1","0","0","3","","","N","","","","","","","","","",""
"2020006276","1138","0","0","0","0","0","0","0","0","0","8","0","","67","1","2020","3","40.026943","-75.209429","1128","6","0","0","0","0","0","0","0","0","","0","0","0","7","1","1","","1","0","40 01:36.995","","0","75 12:33.945","8","0","0","0","67301","1","0","0","N","1","0","0","2","67301","0","","1.0","","1","N","N","N","0","","0","0","0","3","2","","750","2","1","0","0","0","1","0","2","0","1","1","0","0","3","03","","N","","","","","","","","","",""
"2020058914","0038","0","0","0","0","0","0","0","0","0","6","0","","67","7","2020","7","39.972134","-75.189957","0006","6","0","0","0","0","0","1","0","0","","0","0","0","23","3","1","N","0","9","39 58:19.682","","0","75 11:23.846","2","0","1","1","67301","0","0","0","N","0","0","0","2","67301","0","","1.0","","1","N","N","N","0","","0","1","1","0","0","U","2349","2","1","0","0","0","0","0","2","0","2","0","0","0","3","03","","N","","","","","","","","","",""
"2020006084","1222","1","0","0","0","0","0","0","0","0","1","1","","67","1","2020","5","40.033149","-75.106881","1214","6","0","0","0","0","0","0","0","0","","0","1","0","12","1","1","","1","0","40 01:59.336","","0","75 06:24.771","3","0","0","0","67301","0","0","0","N","0","0","0","2","67301","0","","1.0","","1","N","N","N","0","","1","0","0","3","2","","1205","2","1","0","0","0","0","0","2","0","2","0","0","0","3","03","","N","","","","","","","","","",""
"2020006957","0420","0","0","0","0","0","0","0","0","0","7","0","","67","1","2020","1","40.045561","-75.108878","0420","6","0","0","0","0","0","0","0","0","","0","0","0","4","3","0","N","0","0","40 02:44.020","","0","75 06:31.960","0","0","0","0","67301","0","0","0","N","0","0","0","1","67301","0","","4.0","","9","N","N","N","0","","0","0","1","0","0","","409","1","0","0","0","0","0","0","2","0","1","0","0","0","7","","","N","","","","","","","","","",""
"2020019870","1417","1","0","0","0","0","0","0","0","0","4","0","","67","2","2020","7","39.979193","-75.161814","1416","6","0","0","0","0","0","1","0","0","","0","0","0","14","1","0","","1","0","39 58:45.093","","0","75 09:42.531","9","0","0","0","67301","0","0","0","N","0","0","0","2","67301","0","","1.0","","1","N","N","N","0","","0","0","2","3","3","","1415","3","0","0","0","0","0","1","2","0","3","0","0","0","3","03","","N","","","","","","","","","",""
"2020015386","1824","0","0","0","0","0","0","0","0","0","8","0","","67","1","2020","3","40.013174","-75.070434","1818","6","0","0","0","0","0","1","0","0","","0","0","0","18","3","2","","1","1","40 00:47.428","6","0","75 04:13.563","3","0","0","0","67301","2","0","0","N","2","0","0","3","67301","1","","1.0","1900.0","9","N","N","N","0","","1","0","0","3","2","Y","1815","3","2","0","0","0","0","0","2","1","1","2","0","0","7","04","","N","","","","","","","","","",""
"2020017977","2305","1","0","0","0","0","0","0","0","0","7","0","","67","2","2020","7","40.006839","-75.199252","2303","6","0","0","1","0","0","0","0","0","","0","0","0","22","3","0","N","0","1","40 00:24.620","3","0","75 11:57.306","0","0","0","0","67301","0","0","0","N","0","0","0","4","68K01","0","","4.0","30.0","1","N","N","N","0","","0","0","0","0","0","N","2252","1","0","0","0","0","0","0","2","0","1","0","0","0","3","03","","N","","","","","","","","","",""
"2020007286","2000","1","0","0","0","0","0","0","0","0","8","0","","67","1","2020","7","39.981209","-75.188697","1957","6","0","0","0","0","0","0","0","0","","0","0","0","19","3","1","","1","0","39 58:52.351","","0","75 11:19.309","3","0","0","0","67301","1","0","0","N","1","0","0","2","67301","0","","1.0","","2","N","N","N","0","","1","0","0","3","2","","1955","2","1","0","0","0","0","0","2","0","1","1","0","0","6","02","","N","","","","","","","","","",""
"2020011430","1650","0","0","0","0","0","0","0","0","0","8","0","","67","1","2020","4","40.093464","-75.031375","1650","6","0","0","0","0","0","0","0","0","","0","0","0","16","1","1","","2","1","40 05:36.471","2","0","75 01:52.949","3","0","0","0","67301","1","0","0","N","1","0","0","2","67301","0","","1.0","1650.0","1","N","N","N","0","","1","0","1","9","2","N","1650","2","1","0","0","0","0","0","2","0","1","1","0","0","3","03","","N","","","","","","","","","",""
"2020004349","1600","0","0","0","0","0","0","0","0","0","8","0","","67","1","2020","6","39.967243","-75.12902","1558","6","0","0","0","0","0","1","0","0","","0","0","0","15","1","1","N","0","0","39 58:02.074","","0","75 07:44.473","2","0","0","0","67301","1","0","1","N","1","0","1","2","67301","0","","1.0","","1","N","N","N","0","","0","1","1","3","1","","1554","2","1","0","0","0","0","0","2","0","1","1","0","1","3","","","N","","","","","","","","","",""
"2020003680","1630","1","0","0","0","0","0","0","0","0","8","0","","67","1","2020","6","39.988839","-75.139477","1630","6","0","0","0","0","0","0","0","0","","0","0","0","15","1","1","N","1","0","39 59:19.820","","0","75 08:22.117","3","0","0","0","67301","1","0","0","N","0","0","0","2","67301","0","","1.0","","1","N","N","N","0","","1","0","0","3","3","","1515","2","1","0","0","0","0","0","2","0","1","1","0","0","3","","","N","","","","","","","","","",""
"2020006450","1430","1","0","0","0","0","0","0","0","0","7","0","","67","1","2020","6","39.971026","-75.190119","1420","6","0","0","0","0","0","0","0","0","","0","0","0","14","1","1","N","0","2","39 58:15.695","6","0","75 11:24.429","4","0","0","0","67301","0","0","0","N","0","0","0","2","67301","1","","4.0","1500.0","1","N","N","N","0","","0","0","0","0","0","Y","1420","1","1","0","0","0","0","1","2","0","1","0","0","0","3","03","","N","","","","","","","","","",""
"2020010525","2130","0","0","0","0","0","0","0","0","0","5","0","","67","1","2020","6","40.012194","-75.150492","2125","6","0","0","0","0","0","1","0","0","","0","0","0","21","3","0","N","0","0","40 00:43.897","","0","75 09:01.770","9","0","0","0","67301","0","0","0","N","0","0","0","2","67301","0","","1.0","","1","N","N","N","1","","0","0","0","3","2","","2115","2","0","1","0","0","0","1","2","1","2","0","0","0","3","","","N","","","","","","","","","",""
"2020005407","0956","1","0","0","0","0","0","0","0","0","4","0","","67","1","2020","3","39.938667","-75.156306","0950","6","0","0","0","0","0","0","0","0","","0","0","0","9","1","0","N","2","0","39 56:19.200","","0","75 09:22.700","0","0","0","0","67301","0","0","0","N","0","0","0","2","67301","0","","1.0","","1","N","N","N","0","","0","0","1","0","0","","930","2","0","1","0","0","0","0","2","0","2","0","0","0","3","03","","N","","","","","","","","","",""
"2020019123","1050","0","0","0","1","0","0","0","0","0","8","0","","67","2","2020","3","39.947713","-75.1511","1050","6","0","0","0","0","0","0","0","0","","0","0","0","9","1","1","","1","0","39 56:51.765","","0","75 09:03.961","3","0","0","0","67301","1","0","0","N","0","0","0","2","67301","0","","1.0","","1","N","N","N","0","","1","0","1","0","0","","930","2","1","0","0","0","0","0","2","0","1","1","0","0","3","","","N","","","","","","","","","",""
"2020005201","2310","2","0","0","0","0","0","0","0","0","1","0","","67","1","2020","7","39.958248","-75.223253","2310","6","0","0","0","0","0","0","0","0","","0","0","0","23","3","0","N","0","0","39 57:29.691","","0","75 13:23.712","0","0","0","0","67301","0","0","0","N","0","0","0","1","67301","0","","6.0","","99","N","N","N","0","","0","0","0","3","2","","2308","2","0","0","0","0","0","0","2","0","2","0","0","0","99","03","","N","","","","","","","","","",""
"2020051270","1012","1","0","0","0","0","0","0","0","0","2","0","","67","6","2020","3","40.036904","-75.079806","1011","6","0","0","0","0","0","0","1","0","","0","0","0","10","1","1","","1","0","40 02:12.854","","0","75 04:47.301","3","0","0","0","67301","0","0","0","N","0","0","0","2","67301","0","","1.0","","1","N","N","N","0","","1","0","1","3","2","","1010","2","1","0","0","0","0","0","2","0","2","0","0","0","3","03","","N","","","","","","","","","",""
"2020005545","1735","1","0","0","0","0","0","0","0","0","1","0","","67","1","2020","4","40.095499","-74.977593","1730","6","0","0","0","0","0","0","0","1","","0","0","0","17","3","1","N","0","1","40 05:43.797","2","0","74 58:39.336","8","0","0","0","67301","0","0","0","N","0","0","0","2","67301","0","","1.0","1745.0","1","N","N","N","0","","0","0","1","0","0","N","1720","2","1","0","0","0","1","0","2","0","2","0","0","0","3","03","","N","","","","","","","","","",""
"2020054003","1102","1","0","0","0","0","0","0","0","0","2","0","","67","7","2020","4","39.978904","-75.159573","1059","6","0","0","0","0","0","1","0","0","","0","0","0","10","1","1","","2","0","39 58:44.053","","0","75 09:34.464","3","0","0","0","67301","0","0","0","N","0","0","0","2","67301","0","","1.0","","1","N","N","N","0","","1","0","1","3","2","","1059","2","1","0","0","0","0","0","2","0","2","0","0","0","3","03","","N","","","","","","","","","",""
"2020015767","1250","2","0","0","0","0","0","0","0","0","4","0","","67","1","2020","6","40.008148","-75.072467","1241","6","0","0","0","0","0","0","1","0","","0","0","0","12","1","3","","1","0","40 00:29.331","","0","75 04:20.880","3","0","0","0","67301","0","0","0","N","0","0","0","5","67301","0","","1.0","","1","N","N","N","0","","3","0","1","3","2","","1240","3","3","0","0","0","0","0","2","0","3","0","0","0","3","03","","N","","","","","","","","","",""
"2020006284","1408","2","0","0","0","0","0","0","0","0","4","0","","67","1","2020","5","39.916981","-75.215894","1405","6","0","0","0","0","0","0","0","0","","0","0","0","14","1","0","","2","0","39 55:01.131","","0","75 12:57.219","0","0","0","0","67301","0","0","0","N","0","0","0","2","67301","0","","1.0","","1","N","N","N","0","","0","0","0","3","2","","1400","2","0","0","0","0","0","0","2","0","2","0","0","0","3","03","","N","","","","","","","","","",""
"2020048773","1251","1","0","0","0","0","0","0","0","0","5","1","","67","6","2020","2","40.040064","-75.1444","1248","6","0","0","0","0","0","0","0","0","","0","1","0","12","1","1","N","0","0","40 02:24.232","","0","75 08:39.841","3","0","0","0","67301","0","0","0","N","0","0","0","5","67301","0","","1.0","","1","N","N","N","0","","1","0","0","0","0","","1210","2","1","0","0","0","0","2","2","0","2","0","0","0","3","03","","N","","","","","","","","","",""
"2020014608","1609","0","0","0","0","0","0","0","0","0","1","0","","67","1","2020","3","39.957973","-75.163373","1557","6","0","0","0","0","0","1","0","0","","0","0","0","15","1","0","N","0","0","39 57:28.704","","0","75 09:48.141","0","0","0","0","67301","0","0","0","N","0","0","0","2","68K01","0","","1.0","","1","N","N","N","1","","0","0","1","0","0","","1551","2","0","1","0","0","0","0","2","0","2","0","0","0","3","03","","N","","","","","","","","","",""
"2020060578","1900","2","0","0","0","0","0","0","0","0","4","0","","67","7","2020","2","40.008394","-75.157358","1900","6","0","0","0","0","0","0","0","0","","0","0","0","17","1","0","N","0","0","40 00:30.220","","0","75 09:26.490","0","0","0","0","67301","0","0","0","N","0","0","0","1","67301","0","","6.0","","1","N","N","N","0","","0","0","0","0","0","","1752","2","0","0","0","0","0","0","2","0","2","0","0","0","3","03","","N","","","","","","","","","",""
"2020059487","1712","1","0","0","0","0","0","0","0","0","1","0","","67","7","2020","6","39.95832","-75.165372","1712","6","0","0","0","1","0","0","0","0","","0","0","0","17","1","0","N","0","0","39 57:29.951","","0","75 09:55.340","9","0","0","0","67301","0","0","0","N","0","0","0","2","68K01","0","","1.0","","1","N","N","N","0","","0","0","1","0","0","","1712","2","0","0","0","0","0","1","2","0","2","0","0","0","3","","","N","","","","","","","","","",""
"2020017709","0222","0","0","0","0","0","0","0","0","0","7","0","","67","2","2020","1","40.082038","-75.208631","0213","6","0","0","0","0","0","0","0","0","","0","0","0","2","3","0","N","0","1","40 04:55.336","6","0","75 12:31.070","0","0","0","0","67301","0","0","0","N","0","0","0","1","67301","0","","4.0","245.0","1","N","N","N","0","","0","0","1","0","0","N","213","1","0","0","0","0","0","0","2","0","1","0","0","0","3","03","","N","","","","","","","","","",""
"2020006449","1939","0","0","0","0","0","0","0","0","0","1","0","","67","1","2020","6","40.082221","-74.975805","1932","6","0","0","0","0","0","2","0","0","","0","0","0","19","3","1","N","0","0","40 04:55.997","","0","74 58:32.897","4","0","0","0","67301","0","0","0","N","0","0","0","5","67301","1","","1.0","","1","N","N","N","0","","0","0","1","0","0","","1930","2","1","1","0","0","0","0","2","1","2","0","0","0","3","03","","N","","","","","","","","","",""
"2020006282","0136","1","0","0","0","0","0","0","0","0","5","0","","67","1","2020","5","39.925901","-75.243983","0136","6","0","0","0","0","0","0","0","0","","0","0","0","1","3","0","N","0","1","39 55:33.245","3","0","75 14:38.339","0","0","0","0","67301","0","0","0","N","0","0","0","1","67301","0","","6.0","250.0","9","N","N","N","0","","0","0","1","0","0","N","126","2","0","0","0","0","0","0","2","0","2","0","0","0","7","07","","N","","","","","","","","","",""
"2020014793","1743","0","0","0","0","0","0","1","0","0","8","1","","67","1","2020","2","40.024052","-75.076845","1738","6","0","0","0","0","0","1","0","0","","0","0","0","17","3","2","","1","0","40 01:26.587","","0","75 04:36.643","3","0","0","0","67301","1","0","0","N","1","0","0","4","67301","0","","1.0","","1","Y","Y","N","0","","2","0","0","3","6","","1736","2","2","0","0","0","0","1","2","0","1","1","0","0","3","","","N","","","","","","","","","",""
"2020003532","0835","2","0","0","0","0","0","0","0","0","4","0","","67","1","2020","5","39.975315","-75.245493","0830","6","0","0","0","0","0","1","0","0","","0","0","0","8","1","0","","1","0","39 58:31.135","","0","75 14:43.775","0","0","0","0","67301","0","0","0","N","0","0","0","2","67301","0","","1.0","","1","N","N","N","0","","0","0","1","3","2","","811","3","0","0","0","0","0","0","2","0","3","0","0","0","3","03","","N","","","","","","","","","",""
"2020050337","1800","2","0","0","0","0","0","0","0","0","5","0","","67","6","2020","6","39.953461","-75.216919","1740","6","0","0","0","0","0","0","0","0","","0","1","0","17","1","1","N","0","1","39 57:12.460","4","0","75 13:00.910","4","0","0","0","67301","0","0","0","N","0","0","0","1","67301","1","","1.0","1900.0","1","N","N","N","0","","0","0","0","0","0","N","1730","3","1","0","0","0","0","0","2","0","3","0","0","0","3","03","","N","","","","","","","","","",""
"2020018812","0436","2","0","0","0","0","0","0","0","0","5","0","","67","2","2020","2","39.9483","-75.175283","0434","6","0","0","0","0","0","0","0","0","","0","0","0","4","3","0","N","0","0","39 56:53.880","","0","75 10:31.020","9","0","0","0","67301","0","0","0","N","0","0","0","2","67301","0","","6.0","","1","N","N","N","0","","0","0","1","0","0","","434","3","0","0","0","0","0","1","2","0","3","0","0","0","3","03","","N","","","","","","","","","",""
"2020019975","2356","0","0","0","0","0","0","0","0","0","5","0","","67","2","2020","7","39.944778","-75.147061","2342","6","0","0","0","0","0","0","0","0","","0","0","0","23","3","0","N","0","0","39 56:41.200","","0","75 08:49.420","0","0","0","0","67301","0","0","0","N","0","0","0","1","67301","0","","6.0","","1","N","N","N","0","","0","0","2","0","0","","2327","2","0","0","0","0","0","0","2","0","2","0","0","0","3","","","N","","","","","","","","","",""
"2020006283","1100","0","0","0","0","0","0","0","0","0","7","0","","67","1","2020","5","39.882283","-75.226514","1056","6","0","0","0","0","0","0","0","0","","0","0","0","8","1","1","N","0","0","39 52:56.220","","0","75 13:35.450","2","0","0","0","67301","0","0","0","N","0","0","0","1","67301","0","","4.0","","1","N","N","N","0","","0","1","1","0","0","","858","1","1","0","0","0","0","0","2","0","1","0","0","0","3","03","","N","","","","","","","","","",""
"2020011265","1640","2","0","0","0","0","0","0","0","0","4","0","","67","1","2020","6","40.071027","-75.037788","1628","6","0","0","0","0","0","0","2","0","","0","0","0","16","1","2","","1","2","40 04:15.698","1","0","75 02:16.038","3","0","0","0","67301","0","0","0","N","0","0","0","2","67301","1","","1.0","1705.0","1","N","N","N","0","","1","0","0","3","2","N","1625","2","2","0","0","0","0","0","2","0","2","0","0","0","3","03","","N","","","","","","","","","",""
"2020005409","0910","1","0","0","0","0","0","0","0","0","4","0","","67","1","2020","4","40.059276","-75.044578","0903","6","0","0","0","0","0","0","0","0","","0","0","0","9","1","1","","1","0","40 03:33.392","","0","75 02:40.479","4","0","0","0","67301","0","0","0","N","0","0","0","3","67301","1","","1.0","","1","N","N","N","0","","0","0","1","3","2","","900","2","1","0","0","0","0","0","2","0","2","0","0","0","3","03","","N","","","","","","","","","",""
"2020019868","1535","1","0","0","0","0","0","0","0","0","5","0","","67","2","2020","6","39.993841","-75.084659","1535","6","0","0","0","0","0","0","0","1","","0","0","0","15","1","0","N","0","0","39 59:37.828","","0","75 05:04.773","0","0","0","0","67301","0","0","0","N","0","0","0","5","67301","0","","1.0","","1","N","N","N","1","","0","0","0","0","0","","1530","2","0","0","0","0","0","0","2","0","2","0","0","0","3","03","","N","","","","","","","","","",""
"2020048711","1842","3","0","0","0","0","0","0","0","0","1","0","","67","6","2020","1","39.920346","-75.140852","1837","6","0","0","0","0","0","0","0","0","","0","0","0","18","1","5","N","0","2","39 55:13.244","1","0","75 08:27.067","3","0","0","0","67301","0","0","0","N","0","0","0","8","67301","2","","1.0","2000.0","1","N","N","N","0","","3","0","0","3","2","N","1821","3","5","0","0","0","0","0","2","0","3","0","0","0","3","","","N","","","","","","","","","",""
"2020012262","2100","0","0","0","0","0","0","0","0","0","5","0","","67","1","2020","6","39.961153","-75.149875","2053","6","0","0","0","0","0","0","0","0","","0","0","0","20","3","1","N","0","0","39 57:40.150","","0","75 08:59.550","3","0","0","0","67301","0","0","0","N","0","0","0","1","67301","0","","6.0","","9","N","N","N","2","","1","0","0","0","0","","2025","2","1","1","0","0","0","0","2","0","2","0","0","0","7","","","N","","","","","","","","","",""
"2020007376","1450","0","0","0","0","0","0","0","0","0","7","0","","67","1","2020","1","39.977806","-75.186069","1445","6","0","0","0","0","0","0","0","0","","0","0","0","14","1","0","Y","0","0","39 58:40.100","","0","75 11:09.850","9","0","0","0","67301","0","0","0","N","0","0","0","1","67301","0","","4.0","","1","N","N","N","0","","0","0","1","3","3","","1440","1","0","0","0","0","0","1","2","0","1","0","0","0","3","03","","N","","","","","","","","","",""
"2020013639","1655","2","0","0","0","0","0","0","0","0","5","0","","67","1","2020","6","39.956952","-75.225504","1650","6","0","0","0","0","0","0","0","0","","0","0","0","20","3","1","","1","0","39 57:25.028","","0","75 13:31.815","3","0","0","0","67301","0","0","0","N","0","0","0","3","67301","0","","1.0","","1","N","N","N","0","","1","0","0","3","2","","2030","2","1","0","0","0","0","0","2","0","2","0","0","0","3","","","N","","","","","","","","","",""
"2020010631","1720","1","0","0","0","0","0","0","0","0","4","0","","67","1","2020","3","39.965659","-75.210947","1715","6","0","0","0","0","0","0","0","0","","0","0","0","16","4","1","","1","0","39 57:56.372","","0","75 12:39.409","4","0","0","0","67301","0","0","0","N","0","0","0","5","67301","1","","1.0","","99","N","N","N","0","","0","0","3","9","3","","1653","4","1","0","0","0","0","2","2","0","4","0","0","0","3","03","","N","","","","","","","","","",""
"2020017915","0740","3","0","0","0","0","0","0","0","0","5","0","","67","2","2020","7","40.016528","-75.139906","0740","6","0","0","0","0","0","0","0","0","","0","0","0","6","5","0","N","0","0","40 00:59.500","","0","75 08:23.660","0","0","0","0","67301","0","0","0","N","0","0","0","1","67301","0","","6.0","","1","N","N","N","0","","0","0","3","0","0","","635","6","0","0","0","0","0","0","2","0","6","0","0","0","3","03","","N","","","","","","","","","",""