"CRN","ARRIVAL_TM","AUTOMOBILE_COUNT","BELTED_DEATH_COUNT","BELTED_SUSP_SERIOUS_INJ_COUNT","BICYCLE_COUNT","BICYCLE_DEATH_COUNT","BICYCLE_SUSP_SERIOUS_INJ_COUNT","BUS_COUNT","CHLDPAS_DEATH_COUNT","CHLDPAS_SUSP_SERIOUS_INJ_COUNT","COLLISION_TYPE","COMM_VEH_COUNT","CONS_ZONE_SPD_LIM","COUNTY","CRASH_MONTH","CRASH_YEAR","DAY_OF_WEEK","DEC_LATITUDE","DEC_LONGITUDE","DISPATCH_TM","DISTRICT","DRIVER_COUNT_16YR","DRIVER_COUNT_17YR","DRIVER_COUNT_18YR","DRIVER_COUNT_19YR","DRIVER_COUNT_20YR","DRIVER_COUNT_50_64YR","DRIVER_COUNT_65_74YR","DRIVER_COUNT_75PLUS","EST_HRS_CLOSED","FATAL_COUNT","HEAVY_TRUCK_COUNT","HORSE_BUGGY_COUNT","HOUR_OF_DAY","ILLUMINATION","INJURY_COUNT","INTERSECTION_RELATED","INTERSECT_TYPE","LANE_CLOSED","LATITUDE","LN_CLOSE_DIR","LOCATION_TYPE","LONGITUDE","MAX_SEVERITY_LEVEL","MCYCLE_DEATH_COUNT","MCYCLE_SUSP_SERIOUS_INJ_COUNT","MOTORCYCLE_COUNT","MUNICIPALITY","NONMOTR_COUNT","NONMOTR_DEATH_COUNT","NONMOTR_SUSP_SERIOUS_INJ_COUNT","NTFY_HIWY_MAINT","PED_COUNT","PED_DEATH_COUNT","PED_SUSP_SERIOUS_INJ_COUNT","PERSON_COUNT","POLICE_AGCY","POSSIBLE_INJ_COUNT","RDWY_SURF_TYPE_CD","RELATION_TO_ROAD","ROADWAY_CLEARED","ROAD_CONDITION","SCH_BUS_IND","SCH_ZONE_IND","SECONDARY_CRASH","SMALL_TRUCK_COUNT","SPEC_JURIS_CD","SUSP_MINOR_INJ_COUNT","SUSP_SERIOUS_INJ_COUNT","SUV_COUNT","TCD_FUNC_CD","TCD_TYPE","TFC_DETOUR_IND","TIME_OF_DAY","TOTAL_UNITS","TOT_INJ_COUNT","UNBELTED_OCC_COUNT","UNB_DEATH_COUNT","UNB_SUSP_SERIOUS_INJ_COUNT","UNK_INJ_DEG_COUNT","UNK_INJ_PER_COUNT","URBAN_RURAL","VAN_COUNT","VEHICLE_COUNT","VULNERABLE_ROAD_USER_COUNT","VULNERABLE_ROAD_USER_DEATH_COUNT","VULNERABLE_ROAD_USER_SER_INJ_COUNT","WEATHER1","WEATHER2","WORKERS_PRES","WORK_ZONE_IND","WORK_ZONE_LOC","WORK_ZONE_TYPE","WZ_CLOSE_DETOUR","WZ_FLAGGER","WZ_LAW_OFFCR_IND","WZ_LN_CLOSURE","WZ_MOVING","WZ_OTHER","WZ_SHLDER_MDN","WZ_WORKERS_INJ_KILLED"
"2020012260","0945","1","0","0","0","0","0","0","0","0","1","0","","67","1","2020","6","39.922972","-75.191749","0930","6","0","0","0","0","0","1","1","0","","0","0","0","9","1","0","N","0","0","39 55:22.698","","2","75 11:30.297","0","0","0","0","67301","0","0","0","N","0","0","0","2","67301","0","","1.0","","1","N","N","N","0","","0","0","1","0","0","","930","2","0","0","0","0","0","0","2","0","2","0","0","0","3","","","N","","","","","","","","","",""
"2020007837","1130","2","0","0","0","0","0","0","0","0","3","0","","67","1","2020","7","39.979008","-75.136289","1120","6","0","0","0","0","0","1","0","0","","0","0","0","11","1","0","N","0","0","39 58:44.430","","0","75 08:10.640","9","0","0","0","67301","0","0","0","N","0","0","0","2","67301","0","","1.0","","9","N","N","N","0","","0","0","0","0","0","","1110","2","0","1","0","0","0","1","2","0","2","0","0","0","4","98","","N","","","","","","","","","",""
"2020006511","2315","0","0","0","0","0","0","0","0","0","8","0","","67","1","2020","5","40.047488","-75.091868","2310","6","0","0","0","0","0","0","0","0","","0","0","0","22","3","1","","1","0","40 02:50.956","","0","75 05:30.725","3","0","0","0","67301","1","0","0","N","1","0","0","2","67301","0","","1.0","","1","N","N","N","0","","1","0","1","3","2","","2240","2","1","0","0","0","0","0","2","0","1","1","0","0","3","03","","N","","","","","","","","","",""
"2020036344","0912","1","0","0","0","0","0","0","0","0","4","0","","67","1","2020","5","39.969715","-75.140873","0910","6","0","0","0","0","0","0","0","0","","0","0","0","8","1","0","N","0","0","39 58:10.974","","0","75 08:27.143","9","0","0","0","67301","0","0","0","N","0","0","0","2","67301","0","","1.0","","1","N","N","N","0","","0","0","1","0","0","","858","2","0","0","0","0","0","1","2","0","2","0","0","0","3","03","","N","","","","","","","","","",""
"2020007289","1645","1","0","0","0","0","0","0","0","0","5","0","","67","1","2020","7","39.996845","-75.140492","1645","6","0","0","0","0","0","1","0","0","","0","0","0","16","4","2","N","2","0","39 59:48.642","","0","75 08:25.771","3","0","0","0","67301","0","0","0","N","0","0","0","2","67301","0","","1.0","","9","N","N","N","0","","2","0","1","0","0","","1623","2","2","1","0","0","0","0","2","0","2","0","0","0","7","09","","N","","","","","","","","","",""
"2020023145","1825","2","0","0","0","0","0","0","0","0","4","0","","67","2","2020","4","39.928983","-75.220683","1822","6","0","0","0","0","0","0","0","0","","0","0","0","13","1","1","N","0","0","39 55:44.337","","0","75 13:14.460","8","0","0","0","67301","0","0","0","N","0","0","0","4","67301","0","","1.0","","1","N","N","N","0","","0","0","0","3","2","","1300","2","1","0","0","0","1","0","2","0","2","0","0","0","3","03","","N","","","","","","","","","",""
"2020005769","0801","0","0","0","0","0","0","0","0","0","7","0","","67","1","2020","1","39.960006","-75.179795","0754","6","0","0","0","0","0","1","0","0","","0","0","0","7","1","0","N","0","1","39 57:36.023","3","3","75 10:47.262","0","0","0","0","67301","0","0","0","N","0","0","0","1","68K01","0","","2.0","822.0","9","N","N","N","1","","0","0","0","0","0","N","753","1","0","0","0","0","0","0","2","0","1","0","0","0","7","","","N","","","","","","","","","",""
"2020019665","1938","1","0","0","0","0","0","0","0","0","8","0","","67","2","2020","6","40.062588","-75.192864","1938","6","0","0","0","0","0","0","0","0","","0","0","0","19","3","1","","1","0","40 03:45.318","","0","75 11:34.309","4","0","0","0","67301","1","0","0","N","1","0","0","2","67301","1","","1.0","","1","N","N","N","0","","0","0","0","3","2","","1935","2","1","0","0","0","0","0","2","0","1","1","0","0","3","03","","N","","","","","","","","","",""
"2020010998","1650","2","0","0","0","0","0","0","0","0","4","0","","67","1","2020","3","40.040691","-75.076248","1645","6","0","0","0","0","0","1","0","0","","0","0","0","16","1","1","","1","1","40 02:26.486","3","0","75 04:34.494","4","0","0","0","67301","0","0","0","N","0","0","0","3","67301","1","","1.0","1700.0","1","N","N","N","0","","0","0","0","3","2","N","1640","2","1","0","0","0","0","0","2","0","2","0","0","0","3","03","","N","","","","","","","","","",""
"2020008383","0230","1","0","0","0","0","0","0","0","0","4","0","","67","1","2020","1","40.024164","-75.095536","0230","6","0","0","0","0","0","0","0","0","","0","0","0","1","3","0","","1","0","40 01:26.990","","0","75 05:43.929","9","0","0","0","67301","0","0","0","N","0","0","0","2","67301","0","","1.0","","2","N","N","N","0","","0","0","0","9","9","","100","2","0","0","0","0","0","1","2","1","2","0","0","0","6","07","","N","","","","","","","","","",""
"2020051677","1505","1","0","0","0","0","0","1","0","0","4","1","","67","7","2020","4","40.08721","-75.022121","1505","6","0","0","0","0","0","1","0","0","","0","0","0","15","1","1","","2","0","40 05:13.956","","0","75 01:19.634","3","0","0","0","67301","0","0","0","N","0","0","0","10","67301","0","","1.0","","1","N","N","N","0","","1","0","0","3","3","","1505","2","1","0","0","0","0","0","2","0","2","0","0","0","3","03","","N","","","","","","","","","",""
"2020053304","2300","1","0","0","0","0","0","0","0","0","4","0","","67","7","2020","3","40.02958","-75.103989","2140","6","0","0","0","0","0","1","0","0","","0","0","0","21","3","0","","2","0","40 01:46.488","","0","75 06:14.359","9","0","0","0","67301","0","0","0","N","0","0","0","2","67301","0","","1.0","","1","N","N","N","0","","0","0","1","3","2","","2140","2","0","0","0","0","0","1","2","0","2","0","0","0","3","03","","N","","","","","","","","","",""
"2020002911","1555","1","0","0","0","0","0","0","0","0","4","0","","67","1","2020","4","40.074464","-75.03495","1547","6","0","0","0","0","0","0","0","0","","0","0","0","15","1","1","","1","0","40 04:28.071","","0","75 02:05.821","3","0","0","0","67301","0","0","0","N","0","0","0","2","67301","0","","1.0","","1","N","N","N","0","","1","0","0","3","2","","1535","2","1","0","0","0","0","0","2","0","2","0","0","0","3","03","","N","","","","","","","","","",""
"2020052748","1838","0","0","0","0","0","0","0","0","0","1","0","","67","6","2020","4","39.89971","-75.162027","1825","6","0","0","0","0","0","1","0","0","","0","1","0","18","1","0","N","0","0","39 53:58.957","","0","75 09:43.298","9","0","0","0","67301","0","0","0","N","0","0","0","2","68K01","0","","1.0","","1","N","N","N","0","","0","0","0","0","0","","1804","2","0","0","0","0","0","1","2","0","2","0","0","0","3","03","","N","","","","","","","","","",""
"2020012263","1938","1","0","0","0","0","0","0","0","0","4","0","","67","1","2020","5","39.96788","-75.217817","1930","6","0","0","0","0","0","0","0","0","","0","0","0","19","3","2","","2","0","39 58:04.368","","0","75 13:04.141","4","0","0","0","67301","0","0","0","N","0","0","0","4","67301","1","","1.0","","1","N","N","N","0","","0","0","0","9","9","","1909","2","2","0","0","0","1","0","2","1","2","0","0","0","3","03","","N","","","","","","","","","",""
"2020008752","2355","2","0","1","0","0","0","0","0","0","1","0","","67","1","2020","4","39.897593","-75.211894","2353","6","0","0","0","0","0","0","0","0","","0","0","0","23","3","3","N","0","2","39 53:51.335","6","3","75 12:42.818","2","0","0","0","67301","0","0","0","N","0","0","0","3","67301","0","","1.0","200.0","1","N","N","N","0","","2","1","0","3","8","Y","2352","3","3","0","0","0","0","0","2","1","3","0","0","0","3","03","","N","","","","","","","","","",""
"2020007833","1300","3","0","0","0","0","0","0","0","0","5","0","","67","1","2020","7","40.030508","-75.052036","1245","6","0","0","0","0","0","0","0","0","","0","0","0","12","1","0","N","0","2","40 01:49.830","3","0","75 03:07.330","9","0","0","0","67301","0","0","0","N","0","0","0","1","67301","0","","6.0","1435.0","7","N","N","N","1","","0","0","1","0","0","Y","1220","5","0","0","0","0","0","1","2","0","5","0","0","0","10","","","N","","","","","","","","","",""
"2020012913","1648","1","0","0","0","0","0","0","0","0","5","0","","67","2","2020","1","40.014417","-75.065522","1642","6","0","0","0","0","0","1","0","0","","0","0","0","16","4","0","","2","0","40 00:51.901","","0","75 03:55.879","0","0","0","0","67301","0","0","0","N","0","0","0","1","67301","0","","4.0","","1","N","N","Y","0","","0","0","0","0","0","","1640","2","0","0","0","0","0","0","2","1","2","0","0","0","3","","","N","","","","","","","","","",""
"2020050751","2020","1","0","0","0","0","0","0","0","0","1","0","","67","6","2020","7","39.963935","-75.184328","2013","6","0","0","0","0","0","0","0","0","","0","0","0","20","4","2","N","0","1","39 57:50.166","3","0","75 11:03.580","4","0","0","0","67301","0","0","0","N","0","0","0","2","68K01","1","","1.0","20.0","1","N","N","N","1","","0","0","0","0","0","N","2004","2","2","0","0","0","1","0","2","0","2","0","0","0","3","","","N","","","","","","","","","",""
"2020052691","0951","1","0","0","0","0","0","0","0","0","5","0","","67","7","2020","2","40.039169","-75.144584","0951","6","0","0","0","0","0","0","0","0","","0","0","0","9","1","1","N","0","0","40 02:21.009","","0","75 08:40.503","8","0","0","0","67301","0","0","0","N","0","0","0","2","67301","0","","4.0","","1","N","N","N","1","","0","0","0","3","3","","951","2","1","0","0","0","1","0","2","0","2","0","0","0","3","","","N","","","","","","","","","",""
"2020012897","0032","2","0","0","0","0","0","0","0","0","4","0","","67","2","2020","1","39.894555","-75.229568","0019","6","0","0","0","0","1","0","0","0","","0","0","0","0","3","0","","2","1","39 53:40.398","3","0","75 13:46.445","0","0","0","0","67301","0","0","0","N","0","0","0","2","67301","0","","1.0","220.0","9","N","N","N","0","","0","0","0","3","2","N","6","2","0","0","0","0","0","0","2","0","2","0","0","0","7","","","N","","","","","","","","","",""
"2020004050","2001","1","0","0","0","0","0","0","0","0","8","0","","67","1","2020","6","40.054352","-75.193938","2001","6","0","0","0","0","0","0","1","0","","0","0","0","19","4","1","","1","0","40 03:15.666","","0","75 11:38.176","8","0","0","0","67301","1","0","0","N","1","0","0","2","67301","0","","1.0","","99","N","N","N","0","","0","0","0","3","2","","1906","2","1","0","0","0","1","0","2","0","1","1","0","0","3","","","N","","","","","","","","","",""
"2020003868","2202","3","0","0","0","0","0","0","0","0","4","0","","67","1","2020","6","39.921054","-75.239462","2200","6","0","0","0","0","0","0","0","0","","0","0","0","21","3","1","","2","0","39 55:15.794","","0","75 14:22.063","3","0","0","0","67301","0","0","0","N","0","0","0","1","67301","0","","1.0","","1","N","N","N","0","","1","0","0","0","0","","2155","3","1","0","0","0","0","0","2","0","3","0","0","0","3","98","","N","","","","","","","","","",""
"2020050518","0959","2","0","0","0","0","0","0","0","0","1","0","","67","6","2020","7","39.917726","-75.14784","0950","6","0","0","0","1","0","0","0","0","","0","0","0","9","1","3","N","0","2","39 55:03.815","2","0","75 08:52.225","8","0","0","0","67301","0","0","0","N","0","0","0","7","68K01","0","","1.0","100.0","1","N","N","N","0","","0","0","1","0","0","N","948","4","3","0","0","0","3","0","2","1","4","0","0","0","3","03","","N","","","","","","","","","",""
"2020010775","0935","1","0","0","0","0","0","0","0","0","7","0","","67","1","2020","2","39.972731","-75.261833","0925","6","0","0","0","0","0","0","0","0","","0","0","0","8","1","0","N","0","0","39 58:21.830","","0","75 15:42.600","0","0","0","0","67301","0","0","0","N","0","0","0","1","67301","0","","4.0","","1","N","N","N","0","","0","0","0","0","0","","856","1","0","0","0","0","0","0","2","0","1","0","0","0","3","03","","N","","","","","","","","","",""
"2020020208","1955","1","0","0","0","0","0","0","0","0","7","0","","67","1","2020","5","39.992056","-75.202154","1953","6","0","0","0","0","0","0","0","0","","0","0","0","19","3","1","N","0","0","39 59:31.400","","0","75 12:07.755","8","0","0","0","67301","0","0","0","N","0","0","0","1","68K01","0","","4.0","","1","N","N","N","0","","0","0","0","0","0","","1952","2","1","1","0","0","1","0","2","0","1","0","0","0","3","","","N","","","","","","","","","",""
"2020004356","1651","1","0","0","0","0","0","0","0","0","1","0","","67","1","2020","6","39.994383","-75.07905","1649","6","0","0","0","0","0","0","0","0","","0","0","0","16","1","0","","2","2","39 59:39.778","4","2","75 04:44.579","0","0","0","0","67301","0","0","0","N","0","0","0","3","67501","0","","1.0","1702.0","1","N","N","N","0","","0","0","1","3","2","Y","1649","2","0","0","0","0","0","0","2","0","2","0","0","0","3","04","","N","","","","","","","","","",""
"2020006085","1450","0","0","0","0","0","0","0","0","0","4","0","","67","1","2020","5","40.044356","-75.072627","1436","6","0","0","0","0","0","0","0","0","","0","0","0","14","1","1","","1","0","40 02:39.682","","0","75 04:21.458","3","0","0","0","67301","0","0","0","N","0","0","0","2","67301","0","","1.0","","1","N","N","N","1","","1","0","0","3","2","","1435","2","1","0","0","0","0","0","2","1","2","0","0","0","3","03","","N","","","","","","","","","",""
"2020052767","2152","1","0","0","0","0","0","0","0","0","1","0","","67","6","2020","7","40.015459","-75.053618","2152","6","0","0","0","0","0","1","0","0","","0","0","0","21","3","1","N","0","0","40 00:55.652","","0","75 03:13.023","3","0","0","0","67301","0","0","0","N","0","0","0","2","68K01","0","","1.0","","1","N","N","N","0","","1","0","1","0","0","","2148","2","1","0","0","0","0","0","2","0","2","0","0","0","3","03","","N","","","","","","","","","",""
"2020004348","1314","1","0","0","0","0","0","0","0","0","5","0","","67","1","2020","7","40.007869","-75.074569","1313","6","0","0","0","0","0","1","0","0","","0","0","0","13","1","0","N","0","1","40 00:28.327","2","0","75 04:28.448","0","0","0","0","67301","0","0","0","N","0","0","0","2","67301","0","","1.0","1323.0","1","N","N","N","0","","0","0","0","0","0","N","1312","2","0","0","0","0","0","0","2","1","2","0","0","0","3","03","","N","","","","","","","","","",""
"2020012382","0915","1","0","0","0","0","0","0","0","0","1","0","","67","1","2020","6","39.984131","-75.235344","0850","6","0","0","0","0","0","1","0","1","","0","0","0","7","1","0","N","0","0","39 59:02.870","","0","75 14:07.240","0","0","0","0","67301","0","0","0","N","0","0","0","4","67301","0","","1.0","","1","N","N","N","0","","0","0","3","0","0","","730","4","0","3","0","0","0","0","2","0","4","0","0","0","3","03","","N","","","","","","","","","",""
"2020014345","1700","0","0","0","1","0","0","0","0","0","8","0","","67","1","2020","5","39.953789","-75.174696","1700","6","0","0","0","0","0","0","0","0","","0","0","0","17","1","1","N","0","0","39 57:13.639","","0","75 10:28.904","8","0","0","0","67301","1","0","0","N","0","0","0","2","67301","0","","1.0","","1","N","N","N","0","","0","0","1","0","0","","1700","2","1","0","0","0","1","0","2","0","1","1","0","0","3","03","","N","","","","","","","","","",""
"2020013285","1051","1","0","0","0","0","0","0","0","0","1","0","45","67","1","2020","5","39.982987","-75.099111","1035","6","0","0","0","0","0","0","0","0","","0","0","0","10","1","1","N","0","2","39 58:58.752","2","0","75 05:56.798","3","0","0","0","67301","0","0","0","N","0","0","0","3","68K01","0","","1.0","1053.0","1","N","N","N","0","","1","0","2","0","0","N","1033","3","1","0","0","0","0","0","2","0","3","0","0","0","3","03","N","Y","4","1","","","N","","","","Y","N"
"2020008775","2022","0","0","0","0","0","0","0","0","0","8","0","","67","1","2020","1","40.039151","-75.110002","2019","6","0","0","0","0","0","0","0","0","","0","0","0","20","3","1","","1","1","40 02:20.942","1","0","75 06:36.006","3","0","0","0","67301","1","0","0","N","1","0","0","2","67301","0","","1.0","2035.0","1","N","N","N","0","","1","0","1","3","1","N","2015","2","1","0","0","0","0","0","2","0","1","1","0","0","3","03","","N","","","","","","","","","",""
"2020003421","0724","1","0","0","0","0","0","0","0","0","4","0","","67","1","2020","5","39.959684","-75.247408","0722","6","0","0","0","0","0","0","0","0","","0","0","0","7","3","0","","1","0","39 57:34.864","","0","75 14:50.667","0","0","0","0","67301","0","0","0","N","0","0","0","2","67301","0","","1.0","","1","N","N","N","0","","0","0","1","3","2","","716","2","0","0","0","0","0","0","2","0","2","0","0","0","3","03","","N","","","","","","","","","",""
"2020009664","1543","1","0","0","0","0","0","0","0","0","8","0","","67","1","2020","3","39.953047","-75.166789","1543","6","0","0","0","0","0","0","0","0","","0","0","0","15","1","1","N","0","0","39 57:10.970","","0","75 10:00.440","3","0","0","0","67301","1","0","0","N","1","0","0","2","67301","0","","1.0","","1","N","N","N","0","","1","0","0","0","0","","1543","2","1","0","0","0","0","0","2","0","1","1","0","0","3","03","","N","","","","","","","","","",""
"2020007834","1355","1","0","0","0","0","0","0","0","0","4","0","","67","1","2020","1","40.017373","-75.0749","1348","6","0","0","0","0","0","1","0","0","","0","0","0","13","1","1","","1","0","40 01:02.542","","0","75 04:29.640","3","0","0","0","67301","0","0","0","N","0","0","0","2","67301","0","","1.0","","1","N","N","N","0","","1","0","1","0","0","","1335","2","1","0","0","0","0","0","2","0","2","0","0","0","3","03","","N","","","","","","","","","",""
"2020005982","2100","1","0","0","0","0","0","0","0","0","4","0","","67","1","2020","3","39.904061","-75.240291","2100","6","0","0","0","0","0","0","0","0","","0","0","0","17","3","1","","1","0","39 54:14.619","","0","75 14:25.049","3","0","0","0","67301","0","0","0","N","0","0","0","3","67301","0","","1.0","","1","N","N","N","0","","1","0","1","3","2","","1720","2","1","0","0","0","0","0","2","0","2","0","0","0","3","","","N","","","","","","","","","",""
"2020052357","0207","1","0","0","0","0","0","0","0","0","4","0","","67","7","2020","1","40.029697","-75.109783","0204","6","0","0","0","0","1","0","0","0","","0","1","0","1","3","1","N","0","2","40 01:46.910","6","0","75 06:35.220","3","0","0","0","67301","0","0","0","N","0","0","0","1","67301","0","","1.0","400.0","1","N","N","N","0","","1","0","0","0","0","U","153","2","1","0","0","0","0","0","2","0","2","0","0","0","3","03","","N","","","","","","","","","",""
"2020003422","1745","2","0","0","0","0","0","0","0","0","4","0","","67","1","2020","5","39.953744","-75.240475","1745","6","0","0","0","0","0","1","0","0","","0","0","0","16","1","1","","1","0","39 57:13.478","","0","75 14:25.709","8","0","0","0","67301","0","0","0","N","0","0","0","3","67301","0","","1.0","","1","N","N","N","0","","0","0","0","9","9","","1656","2","1","0","0","0","1","0","2","0","2","0","0","0","3","03","","N","","","","","","","","","",""
"2020012443","0936","1","0","0","0","0","0","0","0","0","4","0","","67","2","2020","7","40.037331","-75.125066","0936","6","0","0","0","0","0","0","0","0","","0","0","0","9","1","1","","1","0","40 02:14.391","","0","75 07:30.237","3","0","0","0","67301","0","0","0","N","0","0","0","2","67301","0","","1.0","","9","N","N","N","0","","1","0","1","3","3","","930","2","1","0","0","0","0","0","2","0","2","0","0","0","4","","","N","","","","","","","","","",""
"2020003870","1735","0","0","0","0","0","0","0","0","0","5","0","","67","1","2020","6","40.039756","-75.150717","1735","6","0","0","0","0","0","1","0","0","","0","0","0","15","1","0","N","0","0","40 02:23.120","","0","75 09:02.580","0","0","0","0","67301","0","0","0","N","0","0","0","2","67301","0","","1.0","","1","N","N","N","1","","0","0","1","9","9","","1515","2","0","0","0","0","0","0","2","0","2","0","0","0","3","","","N","","","","","","","","","",""
"2020056698","0040","1","0","0","0","0","0","0","0","0","7","0","35","67","7","2020","7","39.911833","-75.168417","0038","6","0","0","0","0","0","0","0","0","","0","0","0","0","3","0","N","0","0","39 54:42.600","","0","75 10:06.300","0","0","0","0","67301","0","0","0","N","0","0","0","1","67501","0","","5.0","","1","N","Y","N","0","","0","0","0","3","8","","35","1","0","0","0","0","0","0","2","0","1","0","0","0","3","03","N","Y","4","1","Y","","N","Y","","","Y","N"
"2020059225","1405","3","0","0","0","0","0","0","0","0","5","0","","67","7","2020","1","39.981158","-75.103167","1328","6","0","0","0","0","0","0","0","0","","0","0","0","13","1","1","N","0","1","39 58:52.168","2","0","75 06:11.400","3","0","0","1","67301","0","0","0","N","0","0","0","3","68K01","0","","1.0","1405.0","1","N","N","N","0","","1","0","0","0","0","N","1325","4","1","0","0","0","0","0","2","0","4","0","0","0","3","","","N","","","","","","","","","",""
"2020023552","1520","1","0","0","0","0","0","0","0","0","5","0","","67","3","2020","2","40.038114","-75.06825","1515","6","0","0","0","0","0","0","1","0","","0","0","0","14","1","1","N","0","1","40 02:17.210","4","0","75 04:05.700","3","0","0","0","67301","0","0","0","N","0","0","0","3","67301","0","","1.0","1544.0","1","N","Y","N","0","","1","0","0","3","2","N","1440","3","1","0","0","0","0","0","2","2","3","0","0","0","3","03","","N","","","","","","","","","",""
"2020064880","1850","1","0","0","0","0","0","0","0","0","1","0","","67","8","2020","6","39.993426","-75.084681","1832","6","0","0","0","0","0","0","0","0","","0","0","0","18","1","1","N","0","1","39 59:36.335","1","0","75 05:04.853","8","0","0","0","67301","0","0","0","N","0","0","0","3","68K01","0","","1.0","1850.0","1","N","N","N","0","","0","0","1","0","0","N","1829","3","1","0","0","0","1","0","2","1","3","0","0","0","4","04","","N","","","","","","","","","",""
"2020021490","2018","1","0","0","0","0","0","0","0","0","4","0","","67","2","2020","1","40.040711","-75.158406","2015","6","0","0","0","0","0","1","0","0","","0","0","0","20","3","1","","2","0","40 02:26.559","","0","75 09:30.261","8","0","0","0","67301","0","0","0","N","0","0","0","2","67301","0","","1.0","","1","N","N","N","0","","0","0","1","3","3","","2005","2","1","0","0","0","1","0","2","0","2","0","0","0","3","03","","N","","","","","","","","","",""
"2020048740","1842","0","0","0","0","0","0","0","0","0","4","0","","67","6","2020","4","40.02676","-75.046109","1830","6","0","0","0","0","0","0","0","0","","0","0","0","18","1","1","","1","2","40 01:36.336","6","0","75 02:45.992","3","0","0","1","67301","0","0","0","N","0","0","0","2","67301","0","","1.0","35.0","1","N","N","N","0","","1","0","1","9","3","N","1828","2","1","0","0","0","0","0","2","0","2","0","0","0","3","03","","N","","","","","","","","","",""
"2020009495","1137","2","0","0","0","0","0","1","0","0","1","1","","67","1","2020","6","39.986972","-75.109289","1135","6","0","0","0","0","0","1","0","0","","0","0","0","11","1","1","Y","0","2","39 59:13.098","5","0","75 06:33.442","3","0","0","0","67301","0","0","0","N","0","0","0","10","67301","0","","1.0","1230.0","1","N","N","N","0","","1","0","0","0","0","Y","1130","3","1","1","0","0","0","0","2","0","3","0","0","0","3","03","","N","","","","","","","","","",""
"2020005983","1630","1","0","0","1","0","0","0","0","0","8","0","","67","1","2020","5","39.942603","-75.172305","1630","6","0","0","0","0","0","0","0","0","","0","0","0","13","1","1","","1","0","39 56:33.370","","0","75 10:20.298","8","0","0","0","67301","1","0","0","N","0","0","0","2","67301","0","","1.0","","1","N","N","N","0","","0","0","0","9","9","","1340","2","1","0","0","0","1","0","2","0","1","1","0","0","3","","","N","","","","","","","","","",""
"2020052830","1718","0","0","0","0","0","0","0","0","0","1","0","","67","6","2020","7","39.959092","-75.171632","1707","6","0","0","0","0","0","0","1","0","","0","0","0","17","1","0","N","0","1","39 57:32.730","4","0","75 10:17.874","0","0","0","0","67301","0","0","0","N","0","0","0","6","68K01","0","","1.0","1725.0","1","N","N","N","0","","0","0","3","0","0","N","1706","3","0","0","0","0","0","0","2","0","3","0","0","0","3","","","N","","","","","","","","","",""
"2020044503","1009","2","0","0","0","0","0","0","0","0","4","0","","67","6","2020","7","39.922867","-75.226314","1009","6","0","0","0","1","0","0","0","0","","0","0","0","10","1","0","","1","0","39 55:22.321","","0","75 13:34.730","0","0","0","0","67301","0","0","0","N","0","0","0","2","67301","0","","1.0","","1","N","N","Y","0","","0","0","1","3","2","","1009","3","0","2","0","0","0","0","2","0","3","0","0","0","3","03","","N","","","","","","","","","",""
"2020050584","1750","0","0","0","0","0","0","0","0","0","4","0","","67","6","2020","4","39.991073","-75.131961","1747","6","0","0","0","0","0","0","0","0","","0","0","0","17","1","1","","1","0","39 59:27.862","","0","75 07:55.061","2","0","1","1","67301","0","0","0","N","0","0","0","2","67301","0","","1.0","","1","N","N","N","0","","0","1","1","0","0","","1747","2","1","1","0","0","0","0","2","0","2","0","0","0","3","03","","N","","","","","","","","","",""
"2020048753","0943","1","0","0","0","0","0","0","0","0","4","0","","67","6","2020","2","39.991969","-75.237521","0942","6","0","0","0","0","0","1","0","0","","0","0","0","9","1","2","","1","0","39 59:31.088","","0","75 14:15.075","8","0","0","0","67301","1","0","0","N","1","0","0","4","67301","0","","1.0","","1","N","N","N","0","","0","0","1","3","2","","940","3","2","2","0","0","2","0","2","0","2","1","0","0","3","03","","N","","","","","","","","","",""
"2020004005","2000","0","0","0","0","0","0","0","0","0","1","0","","67","1","2020","6","40.017233","-75.048733","2000","6","0","0","0","0","0","0","0","0","","0","0","0","20","3","2","Y","0","0","40 01:02.038","","0","75 02:55.439","3","0","0","0","67301","0","0","0","N","0","0","0","3","67301","0","","1.0","","99","N","N","N","0","","2","0","1","3","2","","2000","2","2","0","0","0","0","0","2","0","2","0","0","0","3","","","N","","","","","","","","","",""
"2020012671","1540","1","0","0","0","0","0","0","0","0","4","0","","67","1","2020","6","39.955613","-75.214587","1536","6","0","0","0","0","0","1","0","0","","0","0","0","15","1","2","","1","2","39 57:20.206","4","0","75 12:52.512","3","0","0","0","67301","0","0","0","N","0","0","0","3","67301","1","","1.0","1606.0","1","N","N","N","0","","1","0","1","3","2","Y","1536","2","2","0","0","0","0","0","2","0","2","0","0","0","3","03","","N","","","","","","","","","",""
"2020003525","1356","1","0","0","0","0","0","0","0","0","8","0","","67","1","2020","4","39.926214","-75.17422","1355","6","0","0","0","0","0","0","0","1","","0","0","0","13","1","1","","1","0","39 55:34.370","","0","75 10:27.191","2","0","0","0","67301","1","0","1","N","1","0","1","2","67301","0","","1.0","","1","N","N","N","0","","0","1","0","3","3","","1350","2","1","0","0","0","0","0","2","0","1","1","0","1","3","03","","N","","","","","","","","","",""
"2020006824","1941","1","0","0","0","0","0","0","0","0","1","0","","67","1","2020","7","40.057447","-75.071258","1931","6","0","0","1","0","0","1","0","0","","0","0","0","19","3","1","N","0","0","40 03:26.810","","0","75 04:16.530","8","0","0","0","67301","0","0","0","N","0","0","0","3","67301","0","","1.0","","1","N","N","N","0","","0","0","1","0","0","","1920","2","1","1","0","0","1","0","2","0","2","0","0","0","3","","","N","","","","","","","","","",""