"CRN","ARRIVAL_TM","AUTOMOBILE_COUNT","BELTED_DEATH_COUNT","BELTED_SUSP_SERIOUS_INJ_COUNT","BICYCLE_COUNT","BICYCLE_DEATH_COUNT","BICYCLE_SUSP_SERIOUS_INJ_COUNT","BUS_COUNT","CHLDPAS_DEATH_COUNT","CHLDPAS_SUSP_SERIOUS_INJ_COUNT","COLLISION_TYPE","COMM_VEH_COUNT","CONS_ZONE_SPD_LIM","COUNTY","CRASH_MONTH","CRASH_YEAR","DAY_OF_WEEK","DEC_LATITUDE","DEC_LONGITUDE","DISPATCH_TM","DISTRICT","DRIVER_COUNT_16YR","DRIVER_COUNT_17YR","DRIVER_COUNT_18YR","DRIVER_COUNT_19YR","DRIVER_COUNT_20YR","DRIVER_COUNT_50_64YR","DRIVER_COUNT_65_74YR","DRIVER_COUNT_75PLUS","EST_HRS_CLOSED","FATAL_COUNT","HEAVY_TRUCK_COUNT","HORSE_BUGGY_COUNT","HOUR_OF_DAY","ILLUMINATION","INJURY_COUNT","INTERSECTION_RELATED","INTERSECT_TYPE","LANE_CLOSED","LATITUDE","LN_CLOSE_DIR","LOCATION_TYPE","LONGITUDE","MAX_SEVERITY_LEVEL","MCYCLE_DEATH_COUNT","MCYCLE_SUSP_SERIOUS_INJ_COUNT","MOTORCYCLE_COUNT","MUNICIPALITY","NONMOTR_COUNT","NONMOTR_DEATH_COUNT","NONMOTR_SUSP_SERIOUS_INJ_COUNT","NTFY_HIWY_MAINT","PED_COUNT","PED_DEATH_COUNT","PED_SUSP_SERIOUS_INJ_COUNT","PERSON_COUNT","POLICE_AGCY","POSSIBLE_INJ_COUNT","RDWY_SURF_TYPE_CD","RELATION_TO_ROAD","ROADWAY_CLEARED","ROAD_CONDITION","SCH_BUS_IND","SCH_ZONE_IND","SECONDARY_CRASH","SMALL_TRUCK_COUNT","SPEC_JURIS_CD","SUSP_MINOR_INJ_COUNT","SUSP_SERIOUS_INJ_COUNT","SUV_COUNT","TCD_FUNC_CD","TCD_TYPE","TFC_DETOUR_IND","TIME_OF_DAY","TOTAL_UNITS","TOT_INJ_COUNT","UNBELTED_OCC_COUNT","UNB_DEATH_COUNT","UNB_SUSP_SERIOUS_INJ_COUNT","UNK_INJ_DEG_COUNT","UNK_INJ_PER_COUNT","URBAN_RURAL","VAN_COUNT","VEHICLE_COUNT","VULNERABLE_ROAD_USER_COUNT","VULNERABLE_ROAD_USER_DEATH_COUNT","VULNERABLE_ROAD_USER_SER_INJ_COUNT","WEATHER1","WEATHER2","WORKERS_PRES","WORK_ZONE_IND","WORK_ZONE_LOC","WORK_ZONE_TYPE","WZ_CLOSE_DETOUR","WZ_FLAGGER","WZ_LAW_OFFCR_IND","WZ_LN_CLOSURE","WZ_MOVING","WZ_OTHER","WZ_SHLDER_MDN","WZ_WORKERS_INJ_KILLED"
"2020051678","1625","0","0","0","0","0","0","0","0","0","1","0","","67","7","2020","4","40.072269","-75.162511","1621","6","0","0","0","1","0","0","0","0","","0","0","0","15","1","0","N","0","0","40 04:20.170","","0","75 09:45.040","0","0","0","0","67301","0","0","0","N","0","0","0","1","67301","0","","6.0","","1","N","N","N","0","","0","0","2","3","3","","1530","2","0","0","0","0","0","0","2","0","2","0","0","0","3","03","","N","","","","","","","","","",""
"2020012139","1159","1","0","0","0","0","0","0","0","0","4","0","","67","1","2020","5","39.980239","-75.24647","1157","6","0","0","0","0","0","0","1","0","","0","0","0","11","1","3","N","0","2","39 58:48.860","5","0","75 14:47.293","4","0","0","0","67301","0","0","0","N","0","0","0","3","67301","3","","1.0","1210.0","1","N","N","N","0","","0","0","1","0","0","Y","1132","2","3","0","0","0","0","0","2","0","2","0","0","0","3","03","","N","","","","","","","","","",""
"2020013647","0250","1","0","0","0","0","0","0","0","0","5","0","","67","2","2020","1","40.010599","-75.184372","0248","6","0","0","0","0","0","0","0","0","","0","0","0","2","3","0","N","0","1","40 00:38.156","1","0","75 11:03.738","0","0","0","0","67301","0","0","0","N","0","0","0","2","67301","0","","1.0","428.0","1","N","N","N","0","","0","0","0","0","0","N","244","2","0","0","0","0","0","0","2","0","2","0","0","0","3","03","","N","","","","","","","","","",""
"2020033881","2335","1","0","0","0","0","0","0","0","0","1","0","","67","1","2020","6","39.945989","-75.163464","2334","6","0","0","0","0","0","1","0","0","","0","0","0","23","3","0","N","0","0","39 56:45.560","","0","75 09:48.470","0","0","0","0","67301","0","0","0","N","0","0","0","2","67301","0","","1.0","","1","N","N","N","0","","0","0","1","0","0","","2324","2","0","1","0","0","0","0","2","0","2","0","0","0","3","03","","N","","","","","","","","","",""
"2020053455","1612","2","0","0","0","0","0","0","0","0","2","0","","67","7","2020","2","40.031222","-75.021724","1612","6","0","0","0","1","0","0","0","0","","0","0","0","16","1","1","","2","1","40 01:52.399","2","0","75 01:18.206","4","0","0","0","67301","0","0","0","N","0","0","0","3","67301","1","","1.0","1710.0","9","N","N","N","0","","0","0","0","3","2","N","1612","2","1","0","0","0","0","0","2","0","2","0","0","0","7","","","N","","","","","","","","","",""
"2020015756","0949","3","0","0","0","0","0","0","0","0","1","0","","67","1","2020","6","40.03183","-75.063773","0949","6","0","0","0","0","0","0","0","1","","0","0","0","9","1","1","N","0","1","40 01:54.589","4","0","75 03:49.582","3","0","0","0","67301","0","0","0","N","0","0","0","3","67301","0","","1.0","30.0","1","N","N","N","0","","1","0","0","0","0","N","949","3","1","0","0","0","0","0","2","0","3","0","0","0","3","03","","N","","","","","","","","","",""
"2020044208","1102","0","0","0","1","0","0","0","0","0","8","0","","67","6","2020","1","39.957277","-75.191181","1102","6","0","0","0","0","0","0","0","0","","0","0","0","11","1","1","","3","0","39 57:26.198","","0","75 11:28.250","8","0","0","0","67301","1","0","0","N","0","0","0","2","67507","0","","1.0","","1","N","N","N","1","","0","0","0","3","2","","1100","2","1","0","0","0","1","0","2","0","1","1","0","0","3","03","","N","","","","","","","","","",""
"2020012896","0010","0","0","0","0","0","0","0","0","0","8","0","","67","2","2020","1","39.930019","-75.219214","0004","6","0","0","0","0","0","0","0","0","","0","0","0","0","3","1","","1","0","39 55:48.070","","0","75 13:09.172","3","0","0","0","67301","1","0","0","N","1","0","0","2","67301","0","","1.0","","9","N","N","N","0","","1","0","0","3","3","","3","2","1","0","0","0","0","0","2","0","1","1","0","0","3","03","","N","","","","","","","","","",""
"2020051133","1043","0","0","0","0","0","0","0","0","0","8","0","","67","6","2020","6","40.05494","-75.053943","1040","6","0","0","0","0","0","0","0","0","","1","0","0","10","1","0","N","1","0","40 03:17.783","","0","75 03:14.193","1","0","0","0","67301","1","1","0","N","1","1","0","2","67301","0","2","9.0","","1","N","N","N","0","0","0","0","0","3","2","","1040","2","0","0","0","0","0","1","2","0","1","1","1","0","3","03","","N","","","","","","","","","",""
"2020098360","0831","0","0","0","0","0","0","0","0","0","8","0","","67","11","2020","3","39.984311","-75.235828","0831","6","0","0","0","0","0","0","0","0","","1","0","0","8","1","0","N","0","2","39 59:03.520","6","0","75 14:08.980","1","0","0","0","67301","1","1","0","N","1","1","0","2","67301","0","2","1.0","1030.0","1","N","N","N","0","0","0","0","1","0","0","Y","830","2","0","0","0","0","0","1","2","0","1","1","1","0","3","","","N","","","","","","","","","",""
"2020018263","1656","0","0","0","0","0","0","0","0","0","1","0","","67","2","2020","2","40.005929","-75.09407","1652","6","0","0","0","0","0","1","0","0","","0","0","0","16","1","1","Y","0","0","40 00:21.345","","0","75 05:38.652","3","0","0","0","67301","0","0","0","N","0","0","0","4","67301","0","","1.0","","1","N","N","N","1","","1","0","2","3","2","","1652","4","1","0","0","0","0","0","2","1","4","0","0","0","3","03","","N","","","","","","","","","",""
"2020048774","0825","1","0","0","0","0","0","0","0","0","5","0","","67","6","2020","2","40.01652","-75.175103","0816","6","0","0","0","0","0","0","0","0","","0","0","0","7","1","0","N","0","0","40 00:59.471","","0","75 10:30.370","9","0","0","0","67301","0","0","0","N","0","0","0","2","67301","0","","1.0","","1","N","N","N","1","","0","0","0","0","0","","755","2","0","0","0","0","0","1","2","0","2","0","0","0","3","","","N","","","","","","","","","",""
"2020012183","1150","1","0","0","0","0","0","0","0","0","4","0","","67","1","2020","7","39.967289","-75.136685","1147","6","0","0","0","0","0","0","1","0","","0","0","0","11","1","1","","1","0","39 58:02.240","","0","75 08:12.065","3","0","0","0","67301","0","0","0","N","0","0","0","2","67301","0","","1.0","","9","N","N","N","0","","1","0","0","0","0","","1141","2","1","0","0","0","0","0","2","1","2","0","0","0","7","07","","N","","","","","","","","","",""
"2020024717","1129","1","0","0","0","0","0","0","0","0","1","0","","67","2","2020","7","39.959852","-75.177635","1119","6","0","0","0","0","0","0","0","0","","0","0","0","11","1","0","N","0","1","39 57:35.468","4","0","75 10:39.486","0","0","0","0","67301","0","0","0","N","0","0","0","3","68K01","0","","1.0","1132.0","1","N","N","N","0","","0","0","1","3","8","N","1119","2","0","0","0","0","0","0","2","0","2","0","0","0","4","","","N","","","","","","","","","",""
"2020003004","2020","1","0","0","0","0","0","0","0","0","4","0","","67","1","2020","4","40.013391","-75.184124","2015","6","0","0","0","0","0","0","0","0","","0","0","0","20","3","2","","2","0","40 00:48.207","","0","75 11:02.845","3","0","0","0","67301","0","0","0","N","0","0","0","3","67301","0","","1.0","","1","N","N","N","0","","2","0","1","0","0","","2000","2","2","0","0","0","0","0","2","0","2","0","0","0","3","03","","N","","","","","","","","","",""
"2020006829","1600","0","0","0","1","0","0","0","0","0","8","0","","67","1","2020","7","39.949784","-75.207141","1600","6","0","0","0","0","0","0","0","0","","0","0","0","23","3","1","","1","0","39 56:59.221","","0","75 12:25.709","3","0","0","0","67301","1","0","0","N","0","0","0","2","67301","0","","1.0","","1","N","N","N","0","","1","0","1","3","2","","2310","2","1","0","0","0","0","1","2","0","1","1","0","0","3","03","","N","","","","","","","","","",""
"2020019659","1608","1","0","0","0","0","0","0","0","0","1","0","","67","2","2020","5","39.915124","-75.137798","1554","6","0","0","0","0","0","1","0","0","","0","0","0","2","3","2","N","0","1","39 54:54.445","2","0","75 08:16.072","3","0","0","0","67301","0","0","0","N","0","0","0","3","67301","0","","1.0","1730.0","1","N","N","N","0","","2","0","0","3","2","N","247","2","2","0","0","0","0","0","2","1","2","0","0","0","3","03","","N","","","","","","","","","",""
"2020003000","2205","1","0","0","0","0","0","0","0","0","4","0","","67","1","2020","4","39.9751","-75.173703","2200","6","0","0","0","0","0","0","0","0","","0","0","0","21","3","2","","1","0","39 58:30.361","","0","75 10:25.331","4","0","0","0","67301","0","0","0","N","0","0","0","3","67301","2","","1.0","","1","N","N","N","0","","0","0","0","3","3","","2105","2","2","0","0","0","0","1","2","1","2","0","0","0","3","03","","N","","","","","","","","","",""
"2020009207","0645","1","0","0","0","0","0","0","0","0","4","0","","67","1","2020","5","40.025551","-75.130912","0638","6","0","0","0","0","0","1","0","0","","0","0","0","6","3","1","","1","0","40 01:31.983","","0","75 07:51.283","3","0","0","0","67301","0","0","0","N","0","0","0","2","67301","0","","1.0","","1","N","N","N","0","","1","0","1","3","3","","636","2","1","0","0","0","0","0","2","0","2","0","0","0","3","98","","N","","","","","","","","","",""
"2020009263","1400","1","0","0","0","0","0","0","0","0","1","1","","67","1","2020","1","39.882416","-75.252741","1346","6","0","0","0","0","0","1","0","0","","0","1","0","13","1","2","N","0","0","39 52:56.699","","0","75 15:09.866","3","0","0","0","67301","0","0","0","N","0","0","0","4","67301","0","","1.0","","1","N","N","N","0","","2","0","0","0","0","","1318","2","2","4","0","0","0","0","2","0","2","0","0","0","3","03","","N","","","","","","","","","",""
"2020012350","2057","1","0","0","0","0","0","0","0","0","4","0","","67","1","2020","6","39.962581","-75.213044","2053","6","0","0","0","0","0","0","0","0","","0","0","0","20","3","2","","1","0","39 57:45.290","","0","75 12:46.959","3","0","0","0","67301","0","0","0","N","0","0","0","3","67301","0","","1.0","","9","N","N","N","0","","2","0","1","9","2","","2051","2","2","0","0","0","0","0","2","0","2","0","0","0","7","","","N","","","","","","","","","",""
"2020009261","0438","3","0","0","0","0","0","0","0","0","5","0","","67","1","2020","1","39.935192","-75.220681","0438","6","0","0","0","0","0","0","0","0","","0","0","0","4","3","0","N","0","0","39 56:06.690","","0","75 13:14.450","0","0","0","0","67301","0","0","0","N","0","0","0","1","67301","0","","6.0","","9","N","N","N","0","","0","0","0","9","9","","438","3","0","0","0","0","0","0","2","0","3","0","0","0","7","","","N","","","","","","","","","",""
"2020053496","0058","1","0","0","0","0","0","0","0","0","7","0","","67","5","2020","6","39.956562","-75.15133","0058","6","0","0","0","0","0","0","0","0","","0","0","0","0","3","0","Y","2","1","39 57:23.624","1","1","75 09:04.788","0","0","0","0","67301","0","0","0","N","0","0","0","1","68K01","0","","4.0","58.0","1","N","N","N","0","","0","0","0","3","2","N","58","1","0","1","0","0","0","0","2","0","1","0","0","0","3","","","N","","","","","","","","","",""
"2020005410","1810","2","0","0","0","0","0","0","0","0","4","0","","67","1","2020","3","40.042323","-75.025601","1756","6","0","0","0","0","0","1","0","0","","0","0","0","17","3","0","","1","0","40 02:32.362","","0","75 01:32.162","0","0","0","0","67301","0","0","0","N","0","0","0","3","67301","0","","1.0","","9","N","N","N","0","","0","0","0","3","2","","1755","2","0","0","0","0","0","0","2","0","2","0","0","0","7","07","","N","","","","","","","","","",""
"2020011637","1946","2","0","0","0","0","0","0","0","0","4","0","","67","1","2020","3","39.95872","-75.162257","1946","6","0","0","0","0","0","0","0","0","","0","0","0","19","3","0","","1","0","39 57:31.392","","0","75 09:44.125","0","0","0","0","67301","0","0","0","N","0","0","0","3","67301","0","","1.0","","1","N","N","N","0","","0","0","0","0","0","","1946","2","0","0","0","0","0","0","2","0","2","0","0","0","3","03","","N","","","","","","","","","",""
"2020008463","2236","2","0","0","0","0","0","0","0","0","1","0","","67","1","2020","7","40.007879","-75.071487","2203","6","0","0","0","0","1","0","0","0","","0","0","0","22","3","0","N","0","0","40 00:28.363","","0","75 04:17.354","0","0","0","0","67301","0","0","0","N","0","0","0","4","68K01","0","","1.0","","9","N","N","N","0","","0","0","0","0","0","","2203","2","0","0","0","0","0","0","2","0","2","0","0","0","7","09","","N","","","","","","","","","",""
"2020007378","1320","1","0","0","0","0","0","0","0","0","8","0","","67","1","2020","3","39.978627","-75.133487","1305","6","0","0","0","0","0","0","0","0","","0","0","0","19","3","1","","2","0","39 58:43.057","","0","75 08:00.553","3","0","0","0","67301","1","0","0","N","1","0","0","2","67301","0","","1.0","","99","N","N","N","0","","1","0","0","2","2","","1930","2","1","0","0","0","0","0","2","0","1","1","0","0","3","","","N","","","","","","","","","",""
"2020052261","0705","1","0","0","0","0","0","0","0","0","4","0","","67","6","2020","2","40.009088","-75.189339","0700","6","0","0","0","0","0","1","0","0","","0","0","0","6","1","1","N","0","0","40 00:32.715","","0","75 11:21.620","3","0","0","0","67301","0","0","0","N","0","0","0","2","67301","0","","1.0","","1","N","N","N","1","","1","0","0","0","0","","659","2","1","0","0","0","0","0","2","0","2","0","0","0","3","03","","N","","","","","","","","","",""
"2020002999","0954","1","0","0","0","0","0","0","0","0","6","0","","67","1","2020","4","39.917814","-75.217577","0921","6","0","0","0","0","0","0","1","0","","0","0","0","9","1","2","N","0","0","39 55:04.129","","0","75 13:03.276","3","0","0","0","67301","0","0","0","N","0","0","0","2","67301","0","","1.0","","1","N","N","N","1","","2","0","1","9","9","","910","3","2","0","0","0","0","0","2","0","3","0","0","0","3","","","N","","","","","","","","","",""
"2020005200","1935","1","0","0","0","0","0","0","0","0","8","0","","67","1","2020","3","39.938656","-75.173175","1930","6","0","0","0","0","0","0","0","0","","0","0","0","17","1","1","","1","0","39 56:19.161","","0","75 10:23.429","4","0","0","0","67301","1","0","0","N","1","0","0","2","67301","1","","1.0","","9","N","N","N","0","","0","0","0","3","2","","1745","2","1","0","0","0","0","0","2","0","1","1","0","0","3","03","","N","","","","","","","","","",""
"2020050517","0148","2","0","0","0","0","0","0","0","0","1","0","","67","6","2020","7","39.958232","-75.164679","0148","6","0","0","0","1","1","0","0","0","","0","0","0","1","3","0","N","0","0","39 57:29.636","","0","75 09:52.846","0","0","0","0","67301","0","0","0","N","0","0","0","2","68K01","0","","1.0","","1","N","N","N","0","","0","0","0","0","0","","148","2","0","0","0","0","0","0","2","0","2","0","0","0","3","","","N","","","","","","","","","",""
"2020033442","1316","2","0","0","0","0","0","0","0","0","4","0","","67","1","2020","5","40.054643","-75.124996","1310","6","0","0","0","0","0","0","0","0","","0","0","0","13","1","1","","1","0","40 03:16.716","","0","75 07:29.987","3","0","0","0","67301","0","0","0","N","0","0","0","4","67301","0","","1.0","","1","N","N","N","0","","1","0","0","3","2","","1310","2","1","0","0","0","0","0","2","0","2","0","0","0","3","03","","N","","","","","","","","","",""
"2020011003","1923","0","0","0","0","0","0","0","0","0","2","0","","67","1","2020","3","39.974944","-75.118531","1920","6","0","0","0","0","0","0","0","0","","0","0","0","19","3","0","N","0","0","39 58:29.800","","0","75 07:06.710","0","0","0","0","67301","0","0","0","N","0","0","0","1","67301","0","","6.0","","1","N","N","N","0","","0","0","2","0","0","","1915","2","0","0","0","0","0","0","2","0","2","0","0","0","3","","","N","","","","","","","","","",""
"2020052254","1105","1","0","0","0","0","0","0","0","0","8","0","","67","7","2020","5","39.942987","-75.160214","1100","6","0","0","0","0","0","0","0","0","","0","0","0","10","1","1","","1","0","39 56:34.753","","0","75 09:36.770","4","0","0","0","67301","1","0","0","N","1","0","0","2","67301","1","","1.0","","1","N","N","N","0","","0","0","0","3","2","","1045","2","1","0","0","0","0","0","2","0","1","1","0","0","3","03","","N","","","","","","","","","",""
"2020051298","0310","2","0","0","0","0","0","0","0","0","6","0","","67","6","2020","5","40.032111","-75.232089","0310","6","0","0","0","0","0","0","0","0","","0","0","0","3","3","0","N","0","0","40 01:55.600","","0","75 13:55.520","0","0","0","0","67301","0","0","0","N","0","0","0","0","67301","0","","1.0","","1","N","N","N","0","","0","0","0","0","0","","309","2","0","0","0","0","0","0","2","0","2","0","0","0","3","03","","N","","","","","","","","","",""
"2020018675","2100","1","0","0","0","0","0","0","0","0","4","0","","67","2","2020","3","39.975156","-75.188114","2045","6","0","0","0","0","0","1","0","0","","0","0","0","20","3","1","","1","2","39 58:30.561","3","0","75 11:17.209","4","0","0","0","67301","0","0","0","N","0","0","0","2","67301","1","","1.0","2136.0","1","N","N","N","1","","0","0","0","3","2","N","2030","2","1","1","0","0","0","0","2","0","2","0","0","0","3","03","","N","","","","","","","","","",""
"2020053515","1610","1","0","0","0","0","0","0","0","0","4","0","","67","6","2020","3","39.992773","-75.217626","1610","6","0","0","0","0","0","1","0","0","","0","0","0","16","1","2","Y","0","1","39 59:33.984","4","0","75 13:03.453","8","0","0","0","67301","0","0","0","N","0","0","0","2","68K01","0","","1.0","100.0","1","N","N","N","0","","0","0","1","0","0","Y","1609","2","2","0","0","0","2","0","2","0","2","0","0","0","3","03","","N","","","","","","","","","",""
"2020009494","1929","1","0","0","0","0","0","0","0","0","4","0","","67","1","2020","6","40.065219","-75.1681","1918","6","0","0","0","0","0","1","0","0","","0","0","0","17","3","1","","1","0","40 03:54.789","","0","75 10:05.159","2","0","0","0","67301","0","0","0","N","0","0","0","2","67301","0","","1.0","","1","N","N","N","0","","0","1","0","3","2","","1756","2","1","0","0","0","0","1","2","0","2","0","0","0","3","03","","N","","","","","","","","","",""
"2020054270","1420","0","0","0","0","0","0","0","0","0","7","1","","67","6","2020","6","40.005276","-75.195512","1401","6","0","0","0","0","0","1","0","0","","0","0","0","13","1","0","","3","0","40 00:18.992","","2","75 11:43.844","0","0","0","0","67301","0","0","0","N","0","0","0","1","67301","0","","4.0","","1","N","N","N","1","","0","0","0","0","0","","1337","1","0","1","0","0","0","0","2","0","1","0","0","0","3","","","N","","","","","","","","","",""
"2020010997","0742","0","0","0","0","0","0","0","0","0","8","0","","67","1","2020","3","40.068939","-75.086681","0721","6","0","0","0","0","0","0","0","0","","0","0","0","6","1","1","N","0","0","40 04:08.180","","0","75 05:12.050","3","0","0","0","67301","1","0","0","N","1","0","0","2","67301","0","","1.0","","1","N","N","N","0","","1","0","0","9","9","","646","2","1","0","0","0","0","0","2","0","1","1","0","0","3","03","","N","","","","","","","","","",""
"2020009779","1306","0","0","0","0","0","0","0","0","0","4","0","","67","1","2020","7","40.046807","-75.137538","1306","6","0","0","0","0","1","1","0","0","","0","0","0","13","1","0","","1","0","40 02:48.506","","0","75 08:15.137","9","0","0","0","67301","0","0","0","N","0","0","0","3","67301","0","","1.0","","9","N","N","N","0","","0","0","1","3","2","","1300","2","0","0","0","0","0","2","2","1","2","0","0","0","7","","","N","","","","","","","","","",""
"2020009861","2110","1","0","0","0","0","0","0","0","0","8","0","","67","1","2020","2","40.021763","-75.126053","2102","6","0","0","0","0","0","0","0","0","","0","0","0","14","1","1","","1","0","40 01:18.346","","0","75 07:33.790","3","0","0","0","67301","1","0","0","N","1","0","0","2","67301","0","","1.0","","1","N","N","N","0","","1","0","0","9","2","","1455","2","1","0","0","0","0","1","2","0","1","1","0","0","3","03","","N","","","","","","","","","",""
"2020016754","1312","0","0","0","0","0","0","0","0","0","7","0","","67","1","2020","7","39.880073","-75.253085","1308","6","0","0","0","0","0","0","0","0","","0","0","0","13","1","1","N","0","0","39 52:48.262","","0","75 15:11.106","3","0","0","0","67301","0","0","0","N","0","0","0","1","67301","0","","2.0","","9","N","N","N","0","","1","0","1","0","0","","1308","1","1","0","0","0","0","0","2","0","1","0","0","0","7","","","N","","","","","","","","","",""
"2020003720","2325","2","0","0","0","0","0","0","0","0","4","0","","67","1","2020","5","39.998509","-75.129281","2323","6","1","0","0","0","0","0","0","0","","0","0","0","23","3","0","","2","0","39 59:54.633","","0","75 07:45.412","0","0","0","0","67301","0","0","0","N","0","0","0","2","67301","0","","1.0","","1","N","N","Y","0","","0","0","0","3","2","","2307","2","0","0","0","0","0","0","2","0","2","0","0","0","3","03","","N","","","","","","","","","",""
"2020041306","1445","1","0","0","0","0","0","1","0","0","6","1","","67","4","2020","2","40.044949","-75.163971","1430","6","0","0","1","0","0","0","0","0","","0","0","0","14","1","8","N","0","0","40 02:41.815","","0","75 09:50.294","4","0","0","0","67301","0","0","0","N","0","0","0","10","67508","8","","1.0","","1","N","N","N","0","","0","0","0","0","0","N","1430","2","8","0","0","0","0","0","2","0","2","0","0","0","3","","","N","","","","","","","","","",""
"2020050029","0807","2","0","0","0","0","0","0","0","0","1","0","","67","6","2020","5","39.998511","-75.149347","0805","6","0","0","0","0","0","0","0","0","","0","0","0","8","8","0","N","0","0","39 59:54.640","","0","75 08:57.650","0","0","0","0","67301","0","0","0","N","0","0","0","0","67301","0","","2.0","","1","N","N","N","0","","0","0","0","0","0","","800","2","0","0","0","0","0","0","2","0","2","0","0","0","3","03","","N","","","","","","","","","",""
"2020013301","0142","1","0","0","0","0","0","0","0","0","7","0","","67","2","2020","1","40.038461","-75.010127","0132","6","0","0","0","0","0","0","0","0","","0","0","0","1","3","0","N","0","0","40 02:18.461","","0","75 00:36.458","0","0","0","0","67301","0","0","0","N","0","0","0","1","68K01","0","","3.0","","8","N","N","N","0","","0","0","0","0","0","","129","1","0","0","0","0","0","0","2","0","1","0","0","0","3","03","","N","","","","","","","","","",""
"2020007099","2045","0","0","0","0","0","0","0","0","0","1","0","","67","1","2020","6","39.939565","-75.220281","2045","6","0","0","0","0","0","1","0","0","","0","0","0","10","1","1","","1","0","39 56:22.435","","0","75 13:13.013","8","0","0","0","67301","0","0","0","N","0","0","0","2","67301","0","","1.0","","1","N","N","N","0","","0","0","2","9","2","","1012","2","1","0","0","0","1","0","2","0","2","0","0","0","3","","","N","","","","","","","","","",""
"2020011530","1719","1","0","0","0","0","0","0","0","0","7","0","","67","1","2020","3","39.929394","-75.232853","1719","6","0","0","0","0","0","0","0","0","","0","0","0","16","1","0","","11","0","39 55:45.820","","0","75 13:58.270","9","0","0","0","67301","0","0","0","N","0","0","0","1","67301","0","","5.0","","99","N","N","N","0","","0","0","0","9","9","","1600","1","0","0","0","0","0","1","2","0","1","0","0","0","99","03","","N","","","","","","","","","",""
"2020052049","0909","1","0","0","0","0","0","0","0","0","4","0","","67","6","2020","5","40.00859","-75.069627","0906","6","0","0","0","0","0","0","0","0","","0","0","0","9","1","0","N","0","1","40 00:30.925","1","0","75 04:10.657","0","0","0","0","67301","0","0","0","N","0","0","0","2","68K01","0","","1.0","933.0","9","N","N","N","0","","0","0","1","0","0","N","905","2","0","1","0","0","0","0","2","0","2","0","0","0","98","","","N","","","","","","","","","",""
"2020012374","2304","1","0","0","0","0","0","0","0","0","7","0","","67","1","2020","3","39.912417","-75.173917","2300","6","0","0","0","0","0","0","0","0","","0","0","0","23","3","0","N","7","0","39 54:44.700","","8","75 10:26.100","0","0","0","0","67301","0","0","0","N","0","0","0","1","67501","0","","7.0","","1","N","N","N","0","","0","0","0","3","1","","2300","1","0","0","0","0","0","0","2","0","1","0","0","0","3","","","N","","","","","","","","","",""
"2020060196","0247","1","0","0","0","0","0","0","0","0","0","0","","67","7","2020","6","39.982935","-75.208068","0237","6","0","0","0","0","1","0","0","0","","0","0","0","2","3","0","N","0","1","39 58:58.567","3","0","75 12:29.043","0","0","0","0","67301","0","0","0","N","0","0","0","1","68K01","0","","4.0","45.0","9","N","N","N","0","","0","0","0","0","0","Y","236","1","0","0","0","0","0","0","2","0","1","0","0","0","7","","","N","","","","","","","","","",""
"2020014379","1714","2","0","0","0","0","0","0","0","0","1","0","","67","1","2020","5","40.021982","-75.139257","1706","6","0","0","0","0","0","0","0","1","","0","0","0","16","4","1","N","0","0","40 01:19.135","","0","75 08:21.324","3","0","0","0","67301","0","0","0","N","0","0","0","2","67301","0","","1.0","","1","N","N","N","0","","1","0","0","9","9","","1614","2","1","1","0","0","0","0","2","0","2","0","0","0","3","03","","N","","","","","","","","","",""
"2020004116","2035","1","0","0","0","0","0","0","0","0","4","0","","67","1","2020","5","39.958","-75.221263","2035","6","0","0","0","0","0","0","0","0","","0","0","0","20","3","1","","1","0","39 57:28.799","","0","75 13:16.548","3","0","0","0","67301","0","0","0","N","0","0","0","2","67301","0","","1.0","","1","N","N","N","0","","1","0","1","3","2","","2035","2","1","0","0","0","0","0","2","0","2","0","0","0","3","03","","N","","","","","","","","","",""
"2020012182","0340","1","0","0","0","0","0","0","0","0","5","0","","67","1","2020","2","39.998497","-75.148094","0332","6","0","0","0","0","0","0","0","0","","0","0","0","3","3","0","N","0","0","39 59:54.590","","0","75 08:53.140","0","0","0","0","67301","0","0","0","N","0","0","0","1","67301","0","","6.0","","1","N","N","N","0","","0","0","0","3","3","","330","2","0","0","0","0","0","0","2","1","2","0","0","0","3","03","","N","","","","","","","","","",""
"2020068084","1402","0","0","0","0","0","0","0","0","0","0","0","","67","8","2020","6","39.889813","-75.24036","1356","6","0","0","0","0","1","0","0","0","","0","0","0","13","1","1","N","0","0","39 53:23.328","","0","75 14:25.297","8","0","0","0","67301","0","0","0","N","0","0","0","1","68K01","0","","4.0","","1","N","N","N","0","","0","0","1","0","0","","1355","1","1","1","0","0","1","0","2","0","1","0","0","0","3","","","N","","","","","","","","","",""
"2020030282","1305","1","0","0","0","0","0","0","0","0","4","0","","67","3","2020","1","39.963282","-75.238456","1300","6","0","0","0","0","0","1","0","0","","0","0","0","12","1","1","","1","0","39 57:47.815","","0","75 14:18.441","3","0","0","0","67301","0","0","0","N","0","0","0","2","67301","0","","1.0","","1","N","N","N","0","","1","0","1","3","2","","1259","2","1","0","0","0","0","1","2","0","2","0","0","0","4","04","","N","","","","","","","","","",""