"CRN","ARRIVAL_TM","AUTOMOBILE_COUNT","BELTED_DEATH_COUNT","BELTED_SUSP_SERIOUS_INJ_COUNT","BICYCLE_COUNT","BICYCLE_DEATH_COUNT","BICYCLE_SUSP_SERIOUS_INJ_COUNT","BUS_COUNT","CHLDPAS_DEATH_COUNT","CHLDPAS_SUSP_SERIOUS_INJ_COUNT","COLLISION_TYPE","COMM_VEH_COUNT","CONS_ZONE_SPD_LIM","COUNTY","CRASH_MONTH","CRASH_YEAR","DAY_OF_WEEK","DEC_LATITUDE","DEC_LONGITUDE","DISPATCH_TM","DISTRICT","DRIVER_COUNT_16YR","DRIVER_COUNT_17YR","DRIVER_COUNT_18YR","DRIVER_COUNT_19YR","DRIVER_COUNT_20YR","DRIVER_COUNT_50_64YR","DRIVER_COUNT_65_74YR","DRIVER_COUNT_75PLUS","EST_HRS_CLOSED","FATAL_COUNT","HEAVY_TRUCK_COUNT","HORSE_BUGGY_COUNT","HOUR_OF_DAY","ILLUMINATION","INJURY_COUNT","INTERSECTION_RELATED","INTERSECT_TYPE","LANE_CLOSED","LATITUDE","LN_CLOSE_DIR","LOCATION_TYPE","LONGITUDE","MAX_SEVERITY_LEVEL","MCYCLE_DEATH_COUNT","MCYCLE_SUSP_SERIOUS_INJ_COUNT","MOTORCYCLE_COUNT","MUNICIPALITY","NONMOTR_COUNT","NONMOTR_DEATH_COUNT","NONMOTR_SUSP_SERIOUS_INJ_COUNT","NTFY_HIWY_MAINT","PED_COUNT","PED_DEATH_COUNT","PED_SUSP_SERIOUS_INJ_COUNT","PERSON_COUNT","POLICE_AGCY","POSSIBLE_INJ_COUNT","RDWY_SURF_TYPE_CD","RELATION_TO_ROAD","ROADWAY_CLEARED","ROAD_CONDITION","SCH_BUS_IND","SCH_ZONE_IND","SECONDARY_CRASH","SMALL_TRUCK_COUNT","SPEC_JURIS_CD","SUSP_MINOR_INJ_COUNT","SUSP_SERIOUS_INJ_COUNT","SUV_COUNT","TCD_FUNC_CD","TCD_TYPE","TFC_DETOUR_IND","TIME_OF_DAY","TOTAL_UNITS","TOT_INJ_COUNT","UNBELTED_OCC_COUNT","UNB_DEATH_COUNT","UNB_SUSP_SERIOUS_INJ_COUNT","UNK_INJ_DEG_COUNT","UNK_INJ_PER_COUNT","URBAN_RURAL","VAN_COUNT","VEHICLE_COUNT","VULNERABLE_ROAD_USER_COUNT","VULNERABLE_ROAD_USER_DEATH_COUNT","VULNERABLE_ROAD_USER_SER_INJ_COUNT","WEATHER1","WEATHER2","WORKERS_PRES","WORK_ZONE_IND","WORK_ZONE_LOC","WORK_ZONE_TYPE","WZ_CLOSE_DETOUR","WZ_FLAGGER","WZ_LAW_OFFCR_IND","WZ_LN_CLOSURE","WZ_MOVING","WZ_OTHER","WZ_SHLDER_MDN","WZ_WORKERS_INJ_KILLED"
"2020029834","2126","3","0","0","0","0","0","0","0","0","4","0","","67","3","2020","6","39.954837","-75.227984","2126","6","0","0","0","0","1","0","1","0","","0","0","0","21","3","0","","1","0","39 57:17.413","","0","75 13:40.742","0","0","0","0","67301","0","0","0","N","0","0","0","4","67301","0","","1.0","","1","N","N","N","0","","0","0","1","3","2","","2126","4","0","0","0","0","0","0","2","0","4","0","0","0","3","","","N","","","","","","","","","",""
"2020069262","1133","1","0","0","0","0","0","0","0","0","8","0","","67","8","2020","3","40.046738","-75.142945","1133","6","0","0","0","0","0","0","0","0","","0","0","0","17","1","2","N","0","0","40 02:48.258","","0","75 08:34.602","2","0","0","0","67301","2","0","1","N","2","0","1","3","67301","0","","1.0","","1","N","N","N","0","","1","1","0","0","0","","1700","3","2","0","0","0","0","1","2","0","1","2","0","1","3","03","","N","","","","","","","","","",""
"2020014604","1541","0","0","0","0","0","0","0","0","0","7","0","","67","1","2020","7","40.031045","-75.021736","1531","6","0","0","0","0","1","0","0","0","","0","0","0","15","1","3","N","0","1","40 01:51.761","2","3","75 01:18.249","3","0","0","0","67301","0","0","0","N","0","0","0","4","68K01","0","","4.0","1725.0","6","N","N","N","1","","3","0","2","0","0","N","1530","3","3","0","0","0","0","0","2","0","3","0","0","0","10","07","","N","","","","","","","","","",""
"2020019220","1045","3","0","0","0","0","0","0","0","0","5","0","","67","1","2020","6","40.018379","-75.211284","1045","6","0","0","0","0","0","0","0","0","","0","0","0","10","8","0","N","0","0","40 01:06.163","","0","75 12:40.621","0","0","0","0","67301","0","0","0","N","0","0","0","1","67301","0","","6.0","","1","N","N","N","0","","0","0","0","0","0","","1030","3","0","1","0","0","0","0","2","0","3","0","0","0","3","03","","N","","","","","","","","","",""
"2020050699","0712","0","0","0","0","0","0","0","0","0","1","1","","67","6","2020","4","40.003421","-75.152524","0650","6","0","0","0","0","0","1","0","0","","0","1","0","6","1","0","Y","0","0","40 00:12.317","","0","75 09:09.086","0","0","0","0","67301","0","0","0","N","0","0","0","2","67301","0","","1.0","","1","N","N","N","0","","0","0","1","3","2","","644","2","0","0","0","0","0","0","2","0","2","0","0","0","3","04","","N","","","","","","","","","",""
"2020003957","2051","1","0","0","0","0","0","0","0","0","4","0","","67","1","2020","7","40.006168","-75.151802","2050","6","0","0","0","0","0","2","0","0","","0","0","0","20","3","0","N","1","0","40 00:22.203","","0","75 09:06.487","0","0","0","0","67301","0","0","0","N","0","0","0","2","67505","0","","1.0","","1","N","N","Y","0","","0","0","1","3","2","","2047","2","0","0","0","0","0","0","2","0","2","0","0","0","3","03","","N","","","","","","","","","",""
"2020006867","1243","2","0","0","0","0","0","0","0","0","1","0","","67","1","2020","6","40.030041","-75.103207","1233","6","0","0","0","0","0","0","0","0","","0","0","0","12","1","1","","1","0","40 01:48.146","","0","75 06:11.546","3","0","0","0","67301","0","0","0","N","0","0","0","3","67301","0","","1.0","","1","N","N","N","0","","1","0","0","3","2","","1232","2","1","0","0","0","0","0","2","0","2","0","0","0","3","","","N","","","","","","","","","",""
"2020009575","2015","2","0","0","0","0","0","0","0","0","4","0","","67","1","2020","2","39.98932","-75.107054","2012","6","0","0","0","1","0","0","0","0","","0","0","0","19","3","1","","2","0","39 59:21.551","","0","75 06:25.393","3","0","0","0","67301","0","0","0","N","0","0","0","2","67301","0","","1.0","","1","N","N","N","0","","1","0","0","9","2","","1926","2","1","0","0","0","0","0","2","0","2","0","0","0","3","","","N","","","","","","","","","",""
"2020003530","1420","1","0","0","0","0","0","0","0","0","4","0","","67","1","2020","5","39.955578","-75.233984","1332","6","0","0","0","0","0","1","1","0","","0","0","0","13","1","1","","1","0","39 57:20.080","","0","75 14:02.342","3","0","0","0","67301","0","0","0","N","0","0","0","2","67301","0","","1.0","","1","N","N","N","0","","1","0","1","3","2","","1330","2","1","0","0","0","0","0","2","0","2","0","0","0","3","03","","N","","","","","","","","","",""
"2020013023","0401","1","0","0","0","0","0","0","0","0","7","0","","67","2","2020","7","39.98239","-75.207641","0354","6","0","0","0","0","0","0","0","0","","0","0","0","3","3","1","N","0","2","39 58:56.604","4","0","75 12:27.506","3","0","0","0","67301","0","0","0","N","0","0","0","1","68K01","0","","2.0","430.0","1","N","N","Y","0","","1","0","0","0","0","N","354","1","1","0","0","0","0","0","2","0","1","0","0","0","5","","","N","","","","","","","","","",""
"2020007284","1746","2","0","0","0","0","0","0","0","0","1","0","","67","1","2020","5","40.106837","-74.995326","1744","6","0","0","0","0","0","1","0","0","","0","0","0","17","3","0","N","0","2","40 06:24.614","4","0","74 59:43.174","0","0","0","0","67301","0","0","0","N","0","0","0","5","67301","0","","1.0","2000.0","1","N","N","N","0","","0","0","3","0","0","Y","1741","5","0","0","0","0","0","0","2","0","5","0","0","0","3","03","","N","","","","","","","","","",""
"2020015768","1356","0","0","0","0","0","0","0","0","0","7","0","","67","1","2020","6","40.004332","-75.07741","1356","6","0","0","0","0","0","0","0","0","","0","0","0","13","1","0","","1","0","40 00:15.595","","0","75 04:38.676","9","0","0","0","67301","0","0","0","N","0","0","0","1","67301","0","","4.0","","1","N","N","N","0","","0","0","1","3","2","","1356","1","0","0","0","0","0","1","2","0","1","0","0","0","3","","","N","","","","","","","","","",""
"2020011267","0910","2","0","0","0","0","0","0","0","0","4","0","","67","1","2020","3","40.002476","-75.09413","0905","6","0","0","0","1","0","0","0","0","","0","0","0","8","1","1","","2","0","40 00:08.913","","0","75 05:38.867","3","0","0","0","67301","0","0","0","N","0","0","0","2","67301","0","","1.0","","1","N","N","N","0","","1","0","0","9","3","","838","2","1","0","0","0","0","0","2","0","2","0","0","0","3","03","","N","","","","","","","","","",""
"2020008297","0435","0","0","0","0","0","0","0","0","0","7","0","","67","1","2020","7","40.018858","-75.102858","0426","6","0","0","0","0","0","0","0","0","","0","0","0","4","3","0","N","0","0","40 01:07.890","","0","75 06:10.290","0","0","0","0","67301","0","0","0","N","0","0","0","1","67301","0","","5.0","","1","N","N","N","0","","0","0","1","0","0","","425","1","0","0","0","0","0","0","2","0","1","0","0","0","3","03","","N","","","","","","","","","",""
"2020013638","1325","1","0","0","0","0","0","0","0","0","6","0","","67","2","2020","1","40.006457","-75.191445","1315","6","0","0","0","0","0","1","1","0","","0","0","0","12","8","3","N","0","0","40 00:23.246","","1","75 11:29.201","8","0","0","0","67301","0","0","0","N","0","0","0","3","67301","0","","1.0","","9","N","N","N","0","","0","0","2","0","0","","1252","3","3","0","0","0","3","0","2","0","3","0","0","0","7","04","","N","","","","","","","","","",""
"2020051475","1538","2","0","0","0","0","0","0","0","0","4","0","","67","6","2020","2","39.962479","-75.244704","1529","6","0","0","0","0","0","0","1","0","","0","0","0","15","1","1","","1","9","39 57:44.923","","0","75 14:40.936","3","0","0","0","67301","0","0","0","N","0","0","0","1","67301","0","","1.0","","1","N","N","N","0","","1","0","0","3","2","U","1505","2","1","0","0","0","0","0","2","0","2","0","0","0","3","03","","N","","","","","","","","","",""
"2020054020","1954","2","0","0","0","0","0","0","0","0","4","0","","67","7","2020","4","40.007942","-75.172302","1952","6","0","0","0","0","0","0","0","0","","0","0","0","19","4","0","","1","0","40 00:28.592","","0","75 10:20.286","0","0","0","0","67301","0","0","0","N","0","0","0","2","67301","0","","1.0","","1","N","N","N","0","","0","0","0","3","2","","1945","2","0","0","0","0","0","0","2","0","2","0","0","0","3","03","","N","","","","","","","","","",""
"2020098825","","1","0","0","0","0","0","0","0","0","4","0","","67","1","2020","4","39.957453","-75.243728","","6","0","0","0","0","0","0","0","0","","0","0","0","3","3","3","","1","0","39 57:26.830","","0","75 14:37.420","8","0","0","0","67301","0","0","0","N","0","0","0","4","00000","0","","1.0","","1","","","N","0","","0","0","0","0","0","","309","2","3","0","0","0","3","0","2","0","2","0","0","0","3","","","N","","","","","","","","","",""
"2020024099","1142","1","0","0","0","0","0","0","0","0","1","0","","67","3","2020","6","40.094541","-75.015043","1131","6","0","0","0","0","0","1","0","0","","0","0","0","11","1","1","","2","0","40 05:40.347","","0","75 00:54.154","8","0","0","0","67301","0","0","0","N","0","0","0","3","67301","0","","1.0","","9","N","N","N","0","","0","0","1","3","2","","1125","2","1","0","0","0","1","0","2","0","2","0","0","0","7","07","","N","","","","","","","","","",""
"2020007315","2200","2","0","0","0","0","0","0","0","0","1","0","","67","1","2020","1","40.007441","-75.125171","2200","6","0","0","0","0","0","1","0","0","","0","0","0","21","3","2","","2","0","40 00:26.789","","0","75 07:30.615","4","0","0","0","67301","0","0","0","N","0","0","0","4","67301","2","","1.0","","1","N","N","N","0","","0","0","0","9","2","","2130","2","2","0","0","0","0","2","2","0","2","0","0","0","3","03","","N","","","","","","","","","",""
"2020003533","1043","0","0","0","0","0","0","0","0","0","8","0","","67","1","2020","5","39.972124","-75.251464","1040","6","0","0","0","0","0","0","0","0","","0","0","0","7","1","1","","1","0","39 58:19.645","","0","75 15:05.269","3","0","0","0","67301","1","0","0","N","1","0","0","2","67301","0","","1.0","","1","N","N","N","1","","1","0","0","3","2","","725","2","1","0","0","0","0","0","2","0","1","1","0","0","3","","","N","","","","","","","","","",""
"2020004046","1045","0","0","0","0","0","0","0","0","0","4","0","","67","1","2020","7","39.899725","-75.174708","1036","6","0","0","0","0","1","1","0","0","","0","0","0","10","1","1","","3","0","39 53:59.011","","2","75 10:28.950","3","0","0","0","67301","0","0","0","N","0","0","0","2","67301","0","","1.0","","1","N","N","N","0","","1","0","1","3","2","","1015","2","1","0","0","0","0","0","2","1","2","0","0","0","3","03","","N","","","","","","","","","",""
"2020021145","1723","0","0","0","0","0","0","0","0","0","1","0","","67","1","2020","6","39.978166","-75.110662","1710","6","0","0","0","0","0","0","1","0","","0","0","0","17","1","0","N","0","0","39 58:41.396","","0","75 06:38.383","0","0","0","0","67301","0","0","0","N","0","0","0","5","68K01","0","","1.0","","1","N","N","N","0","","0","0","0","0","0","","1706","2","0","0","0","0","0","0","2","1","2","0","0","0","3","","","N","","","","","","","","","",""
"2020003775","1423","2","0","0","0","0","0","0","0","0","6","0","15","67","1","2020","6","40.005699","-75.100373","1421","6","0","0","0","0","0","1","0","0","","0","0","0","14","1","2","N","0","0","40 00:20.517","","0","75 06:01.343","8","0","0","0","67301","0","0","0","N","0","0","0","2","67301","0","","1.0","","1","N","N","N","0","","0","0","1","0","0","","1415","3","2","0","0","0","2","0","2","0","3","0","0","0","3","03","Y","Y","8","3","N","N","N","N","N","N","Y","N"
"2020006281","1140","1","0","0","0","0","0","0","0","0","4","0","","67","1","2020","2","39.923927","-75.222089","1129","6","0","0","0","0","0","1","0","0","","0","0","0","11","1","1","","1","0","39 55:26.137","","0","75 13:19.522","3","0","0","0","67301","0","0","0","N","0","0","0","2","67301","0","","1.0","","1","N","N","N","1","","1","0","0","3","2","","1124","2","1","0","0","0","0","0","2","0","2","0","0","0","4","","","N","","","","","","","","","",""
"2020009855","2358","0","0","0","0","0","0","0","0","0","8","0","","67","1","2020","7","39.964259","-75.146447","2356","6","0","0","0","0","0","0","0","0","","0","0","0","23","3","1","","1","0","39 57:51.332","","0","75 08:47.209","4","0","0","0","67301","1","0","0","N","1","0","0","2","67301","1","","1.0","","1","N","N","N","0","","0","0","1","3","3","","2351","2","1","0","0","0","0","0","2","0","1","1","0","0","3","03","","N","","","","","","","","","",""
"2020048750","2015","1","0","0","0","0","0","0","0","0","8","0","","67","6","2020","1","39.948831","-75.226186","2013","6","0","0","0","0","0","0","0","0","","0","0","0","20","4","1","N","0","0","39 56:55.790","","0","75 13:34.270","3","0","0","0","67301","1","0","0","N","1","0","0","2","67301","0","","1.0","","1","N","N","N","0","","1","0","0","0","0","","2005","2","1","0","0","0","0","0","2","0","1","1","0","0","3","03","","N","","","","","","","","","",""
"2020052889","0658","0","0","0","0","0","0","0","0","0","7","0","","67","7","2020","2","40.034547","-75.110283","0648","6","0","0","0","0","0","0","0","0","","0","0","0","6","1","1","N","0","0","40 02:04.370","","0","75 06:37.020","3","0","0","0","67301","0","0","0","N","0","0","0","1","67301","0","","5.0","","1","N","N","N","0","","1","0","1","0","0","","648","1","1","0","0","0","0","0","2","0","1","0","0","0","3","","","N","","","","","","","","","",""
"2020012583","1452","0","0","0","0","0","0","0","0","0","1","0","","67","1","2020","4","39.968065","-75.129656","1443","6","0","0","0","0","0","1","0","0","","0","0","0","14","1","0","N","0","2","39 58:05.033","1","0","75 07:46.761","0","0","0","0","67301","0","0","0","N","0","0","0","2","68K01","0","","1.0","1453.0","1","N","N","N","1","","0","0","1","0","0","N","1438","2","0","0","0","0","0","0","2","0","2","0","0","0","3","","","N","","","","","","","","","",""
"2020012351","1948","1","0","0","0","0","0","0","0","0","8","0","","67","1","2020","6","39.946054","-75.216496","1947","6","0","0","0","1","0","0","0","0","","0","0","0","19","3","2","","1","0","39 56:45.794","","0","75 12:59.385","3","0","0","0","67301","2","0","0","N","2","0","0","3","67301","0","","1.0","","9","N","N","N","0","","2","0","0","3","3","","1935","3","2","0","0","0","0","0","2","0","1","2","0","0","7","07","","N","","","","","","","","","",""
"2020014222","2115","0","0","0","0","0","0","0","0","0","6","0","","67","1","2020","6","40.028033","-75.138362","2110","6","0","0","1","0","0","0","0","0","","0","0","0","21","3","3","","1","0","40 01:40.918","","0","75 08:18.103","3","0","0","0","67301","0","0","0","N","0","0","0","3","67301","0","","5.0","","9","N","N","N","1","","3","0","1","3","2","","2102","3","3","0","0","0","0","0","2","1","3","0","0","0","7","05","","N","","","","","","","","","",""
"2020004729","1215","0","0","0","0","0","0","0","0","0","7","0","","67","1","2020","3","40.079678","-75.029924","1205","6","0","0","0","0","0","0","0","0","","0","0","0","0","3","0","N","0","0","40 04:46.842","","0","75 01:47.728","0","0","0","0","67301","0","0","0","N","0","0","0","1","67301","0","","3.0","","1","N","N","N","0","","0","0","1","0","0","","1","1","0","0","0","0","0","0","2","0","1","0","0","0","3","03","","N","","","","","","","","","",""
"2020007826","0858","1","0","0","0","0","0","0","0","0","4","0","","67","1","2020","4","40.011529","-75.069799","0848","6","0","0","0","0","0","1","0","0","","0","0","0","8","1","1","","1","0","40 00:41.506","","0","75 04:11.278","3","0","0","0","67301","0","0","0","N","0","0","0","2","67301","0","","1.0","","1","N","N","N","0","","1","0","0","3","2","","843","2","1","0","0","0","0","0","2","1","2","0","0","0","3","03","","N","","","","","","","","","",""
"2020012265","1458","3","0","0","0","0","0","0","0","0","1","0","","67","1","2020","5","39.97036","-75.12399","1422","6","0","0","1","0","0","0","0","0","","0","0","0","14","1","0","N","0","0","39 58:13.296","","0","75 07:26.365","0","0","0","0","67301","0","0","0","N","0","0","0","3","67301","0","","1.0","","1","N","N","N","0","","0","0","0","0","0","","1415","3","0","0","0","0","0","0","2","0","3","0","0","0","3","","","N","","","","","","","","","",""
"2020006448","1429","1","0","0","0","0","0","0","0","0","4","0","","67","1","2020","1","40.091549","-74.965606","1421","6","1","0","0","0","0","0","0","0","","0","0","0","14","1","4","","2","1","40 05:29.578","1","0","74 57:56.181","3","0","0","0","67301","0","0","0","N","0","0","0","4","67301","2","","1.0","1630.0","1","N","N","N","0","","2","0","1","3","2","N","1416","2","4","0","0","0","0","0","2","0","2","0","0","0","3","03","","N","","","","","","","","","",""
"2020012529","0727","1","0","0","0","0","0","0","0","0","8","0","","67","2","2020","7","39.959725","-75.235189","0727","6","0","0","0","0","0","0","0","0","","0","0","0","7","3","1","","1","0","39 57:35.009","","0","75 14:06.680","3","0","0","0","67301","1","0","0","N","1","0","0","2","67301","0","","1.0","","9","N","N","N","0","","1","0","0","3","2","","725","2","1","1","0","0","0","0","2","0","1","1","0","0","7","","","N","","","","","","","","","",""
"2020012180","0341","2","0","0","0","0","0","0","0","0","6","0","","67","2","2020","7","40.041351","-75.191716","0335","6","0","0","0","0","0","1","0","0","","0","0","0","3","3","0","N","2","0","40 02:28.863","","0","75 11:30.177","0","0","0","0","67301","0","0","0","N","0","0","0","1","67301","0","","1.0","","9","N","N","N","0","","0","0","1","3","3","","324","3","0","1","0","0","0","0","2","0","3","0","0","0","7","05","","N","","","","","","","","","",""
"2020009851","1622","2","0","0","0","0","0","0","0","0","4","0","","67","1","2020","4","40.048018","-75.09282","1622","6","0","0","0","0","0","0","0","0","","0","0","0","15","1","0","","1","0","40 02:52.866","","0","75 05:34.153","0","0","0","0","67301","0","0","0","N","0","0","0","2","67301","0","","1.0","","1","N","N","N","0","","0","0","0","0","0","","1553","2","0","2","0","0","0","0","2","0","2","0","0","0","3","03","","N","","","","","","","","","",""
"2020010111","0215","2","0","0","0","0","0","0","0","0","5","0","","67","1","2020","1","39.968692","-75.230917","0209","6","0","0","0","0","0","0","0","0","","0","0","0","2","3","0","N","0","0","39 58:07.290","","0","75 13:51.300","0","0","0","0","67301","0","0","0","N","0","0","0","1","67301","0","","6.0","","1","N","N","N","0","","0","0","1","0","0","","207","3","0","0","0","0","0","0","2","0","3","0","0","0","3","03","","N","","","","","","","","","",""
"2020059438","1116","0","0","0","0","0","0","0","0","0","1","0","","67","7","2020","3","39.958455","-75.167416","1105","6","0","0","0","0","0","0","1","1","","0","0","0","11","1","1","N","0","1","39 57:30.438","3","0","75 10:02.696","4","0","0","0","67301","0","0","0","N","0","0","0","6","68K01","1","","1.0","1120.0","1","N","N","Y","1","","0","0","3","0","0","N","1105","4","1","0","0","0","0","0","2","0","4","0","0","0","3","03","","N","","","","","","","","","",""
"2020097425","1243","1","0","0","0","0","0","0","0","0","5","0","","67","10","2020","6","39.946961","-75.142034","1227","6","0","0","0","0","0","1","0","0","","0","0","0","12","1","0","N","0","1","39 56:49.059","1","0","75 08:31.321","0","0","0","0","67301","0","0","0","N","0","0","0","2","68K01","0","","1.0","1320.0","9","N","N","N","1","","0","0","0","0","0","N","1212","2","0","0","0","0","0","0","2","0","2","0","0","0","7","07","","N","","","","","","","","","",""
"2020012908","1457","1","0","0","0","0","0","0","0","0","7","0","","67","1","2020","4","40.051958","-75.050733","1453","6","0","0","0","0","0","0","0","0","","0","0","0","14","1","3","N","0","2","40 03:07.050","1","0","75 03:02.637","2","0","0","0","67301","0","0","0","N","0","0","0","6","67301","2","","5.0","1630.0","1","N","N","N","0","","0","1","1","0","0","N","1443","3","3","0","0","0","0","0","2","1","3","0","0","0","3","03","","N","","","","","","","","","",""
"2020050026","0035","0","0","0","0","0","0","0","0","0","7","0","","67","6","2020","2","39.891478","-75.226186","0030","6","0","0","0","0","0","0","0","0","","1","0","0","0","3","0","N","0","0","39 53:29.321","","0","75 13:34.268","1","1","0","1","67301","0","0","0","N","0","0","0","1","67301","0","2","4.0","","1","N","N","N","0","0","0","0","0","0","0","","14","1","0","0","0","0","0","0","2","0","1","0","0","0","3","03","","N","","","","","","","","","",""
"2020006961","1200","2","0","0","0","0","0","0","0","0","5","0","","67","1","2020","4","40.002797","-75.132433","1130","6","0","0","0","0","0","0","0","0","","0","0","0","18","6","0","N","0","0","40 00:10.070","","0","75 07:56.760","0","0","0","0","67301","0","0","0","N","0","0","0","1","67301","0","","6.0","","99","N","N","N","0","","0","0","0","0","0","","1800","3","0","0","0","0","0","0","2","0","3","0","0","0","3","","","N","","","","","","","","","",""
"2020005262","0145","2","0","0","0","0","0","0","0","0","2","0","","67","1","2020","4","39.987261","-75.185647","0138","6","0","0","0","0","0","0","0","0","","0","0","0","1","3","1","N","0","2","39 59:14.140","4","0","75 11:08.330","3","0","0","0","67301","0","0","0","N","0","0","0","2","67301","0","","6.0","312.0","9","N","N","N","0","","1","0","0","0","0","Y","135","2","1","0","0","0","0","0","2","0","2","0","0","0","7","","","N","","","","","","","","","",""
"2020013977","1241","1","0","0","0","0","0","0","0","0","4","0","","67","2","2020","7","39.998746","-75.109336","1240","6","0","0","0","0","0","0","0","0","","0","0","0","11","8","2","","2","0","39 59:55.485","","0","75 06:33.609","3","0","0","0","67301","0","0","0","N","0","0","0","3","67301","0","","1.0","","9","N","N","N","0","","2","0","1","9","3","","1146","2","2","0","0","0","0","0","2","0","2","0","0","0","7","","","N","","","","","","","","","",""
"2020054278","1330","2","0","0","0","0","0","0","0","0","2","0","","67","7","2020","1","39.981203","-75.227817","1326","6","0","0","0","0","0","0","1","0","","0","0","0","12","1","0","N","0","0","39 58:52.330","","0","75 13:40.140","0","0","0","0","67301","0","0","0","N","0","0","0","2","67301","0","","1.0","","1","N","N","N","0","","0","0","0","0","0","","1239","2","0","0","0","0","0","0","2","0","2","0","0","0","3","03","","N","","","","","","","","","",""
"2020048633","0703","1","0","0","0","0","0","0","0","0","1","0","","67","6","2020","2","39.968479","-75.129226","0630","6","0","0","0","0","0","0","0","0","","0","0","0","6","1","1","N","0","0","39 58:06.524","","0","75 07:45.214","3","0","0","0","67301","0","0","0","N","0","0","0","2","68K01","0","","1.0","","1","N","N","N","1","","1","0","0","0","0","","622","2","1","0","0","0","0","0","2","0","2","0","0","0","3","","","N","","","","","","","","","",""
"2020012258","1030","0","0","0","0","0","0","0","0","0","8","0","","67","1","2020","6","39.927289","-75.182478","1025","6","0","0","0","0","0","1","0","0","","0","0","0","21","3","1","","1","0","39 55:38.240","","0","75 10:56.920","2","0","0","0","67301","1","0","1","N","1","0","1","2","67301","0","","1.0","","1","N","N","N","0","","0","1","1","9","2","","2145","2","1","0","0","0","0","0","2","0","1","1","0","1","3","","","N","","","","","","","","","",""
"2020011778","1340","1","0","0","0","0","0","0","0","0","1","0","","67","1","2020","1","40.045048","-75.183087","1330","6","0","0","0","0","0","0","0","0","","0","0","0","12","1","0","","2","2","40 02:42.172","6","0","75 10:59.113","0","0","0","0","67301","0","0","0","N","0","0","0","1","67301","0","","9.0","1712.0","1","N","N","N","0","","0","0","1","0","0","Y","1250","2","0","0","0","0","0","0","2","0","2","0","0","0","3","03","","N","","","","","","","","","",""
"2020009667","0244","2","0","0","0","0","0","0","0","0","6","0","","67","1","2020","7","40.021964","-75.176378","0237","6","0","0","0","0","0","0","0","0","","0","0","0","2","3","0","N","0","2","40 01:19.070","6","0","75 10:34.960","0","0","0","0","67301","0","0","0","N","0","0","0","1","67301","0","","6.0","325.0","1","N","N","N","0","","0","0","2","0","0","Y","211","4","0","0","0","0","0","0","2","0","4","0","0","0","3","03","","N","","","","","","","","","",""
"2020003526","0811","2","0","0","0","0","0","0","0","0","4","0","","67","1","2020","6","39.954315","-75.139727","0746","6","0","0","0","0","0","1","0","0","","0","0","0","7","1","1","","2","0","39 57:15.535","","2","75 08:23.018","3","0","0","0","67301","0","0","0","N","0","0","0","2","67301","0","","1.0","","1","N","N","N","0","","1","0","0","0","0","","740","2","1","2","0","0","0","0","2","0","2","0","0","0","3","03","","N","","","","","","","","","",""
"2020009860","1959","0","0","0","0","0","0","0","0","0","1","0","","67","1","2020","7","40.071726","-75.154084","1959","6","0","0","0","0","0","0","0","0","","0","0","0","18","3","1","","1","0","40 04:18.214","","0","75 09:14.704","3","0","0","0","67301","0","0","0","N","0","0","0","2","67301","0","","1.0","","1","N","N","N","0","","1","0","2","3","2","","1805","2","1","0","0","0","0","1","2","0","2","0","0","0","3","03","","N","","","","","","","","","",""
"2020009952","1318","0","0","0","0","0","0","0","0","0","4","0","","67","1","2020","1","39.96301","-75.158413","1318","6","0","0","0","0","0","0","1","0","","0","0","0","13","1","0","","1","1","39 57:46.836","1","0","75 09:30.286","0","0","0","0","67301","0","0","0","N","0","0","0","2","67301","0","","1.0","1400.0","1","N","N","N","0","","0","0","2","3","3","Y","1318","2","0","2","0","0","0","0","2","0","2","0","0","0","3","03","","N","","","","","","","","","",""
"2020022539","1349","1","0","0","0","0","0","0","0","0","1","0","","67","1","2020","5","39.981292","-75.102314","1341","6","0","0","0","0","0","0","0","1","","0","0","0","13","1","0","N","0","0","39 58:52.652","","0","75 06:08.332","0","0","0","0","67301","0","0","0","N","0","0","0","2","68K01","0","","1.0","","1","N","N","N","0","","0","0","0","0","0","","1340","2","0","0","0","0","0","0","2","1","2","0","0","0","3","03","","N","","","","","","","","","",""
"2020012629","0828","1","0","0","0","0","0","0","0","0","7","0","","67","1","2020","1","40.039468","-75.007536","0821","6","0","0","0","0","0","0","0","1","","0","0","0","8","1","0","N","0","0","40 02:22.083","","0","75 00:27.129","0","0","0","0","67301","0","0","0","N","0","0","0","1","68K01","0","","2.0","","9","N","N","N","0","","0","0","0","0","0","","820","1","0","0","0","0","0","0","2","0","1","0","0","0","3","03","","N","","","","","","","","","",""
"2020012104","1650","3","0","0","0","0","0","0","0","0","4","0","","67","1","2020","4","40.040711","-75.158406","1647","6","0","0","0","0","1","0","0","0","","0","0","0","16","1","0","","2","1","40 02:26.559","6","0","75 09:30.261","0","0","0","0","67301","0","0","0","N","0","0","0","3","67301","0","","1.0","1802.0","1","N","N","N","0","","0","0","0","0","0","Y","1640","3","0","0","0","0","0","0","2","0","3","0","0","0","3","","","N","","","","","","","","","",""