"CRN","ARRIVAL_TM","AUTOMOBILE_COUNT","BELTED_DEATH_COUNT","BELTED_SUSP_SERIOUS_INJ_COUNT","BICYCLE_COUNT","BICYCLE_DEATH_COUNT","BICYCLE_SUSP_SERIOUS_INJ_COUNT","BUS_COUNT","CHLDPAS_DEATH_COUNT","CHLDPAS_SUSP_SERIOUS_INJ_COUNT","COLLISION_TYPE","COMM_VEH_COUNT","CONS_ZONE_SPD_LIM","COUNTY","CRASH_MONTH","CRASH_YEAR","DAY_OF_WEEK","DEC_LATITUDE","DEC_LONGITUDE","DISPATCH_TM","DISTRICT","DRIVER_COUNT_16YR","DRIVER_COUNT_17YR","DRIVER_COUNT_18YR","DRIVER_COUNT_19YR","DRIVER_COUNT_20YR","DRIVER_COUNT_50_64YR","DRIVER_COUNT_65_74YR","DRIVER_COUNT_75PLUS","EST_HRS_CLOSED","FATAL_COUNT","HEAVY_TRUCK_COUNT","HORSE_BUGGY_COUNT","HOUR_OF_DAY","ILLUMINATION","INJURY_COUNT","INTERSECTION_RELATED","INTERSECT_TYPE","LANE_CLOSED","LATITUDE","LN_CLOSE_DIR","LOCATION_TYPE","LONGITUDE","MAX_SEVERITY_LEVEL","MCYCLE_DEATH_COUNT","MCYCLE_SUSP_SERIOUS_INJ_COUNT","MOTORCYCLE_COUNT","MUNICIPALITY","NONMOTR_COUNT","NONMOTR_DEATH_COUNT","NONMOTR_SUSP_SERIOUS_INJ_COUNT","NTFY_HIWY_MAINT","PED_COUNT","PED_DEATH_COUNT","PED_SUSP_SERIOUS_INJ_COUNT","PERSON_COUNT","POLICE_AGCY","POSSIBLE_INJ_COUNT","RDWY_SURF_TYPE_CD","RELATION_TO_ROAD","ROADWAY_CLEARED","ROAD_CONDITION","SCH_BUS_IND","SCH_ZONE_IND","SECONDARY_CRASH","SMALL_TRUCK_COUNT","SPEC_JURIS_CD","SUSP_MINOR_INJ_COUNT","SUSP_SERIOUS_INJ_COUNT","SUV_COUNT","TCD_FUNC_CD","TCD_TYPE","TFC_DETOUR_IND","TIME_OF_DAY","TOTAL_UNITS","TOT_INJ_COUNT","UNBELTED_OCC_COUNT","UNB_DEATH_COUNT","UNB_SUSP_SERIOUS_INJ_COUNT","UNK_INJ_DEG_COUNT","UNK_INJ_PER_COUNT","URBAN_RURAL","VAN_COUNT","VEHICLE_COUNT","VULNERABLE_ROAD_USER_COUNT","VULNERABLE_ROAD_USER_DEATH_COUNT","VULNERABLE_ROAD_USER_SER_INJ_COUNT","WEATHER1","WEATHER2","WORKERS_PRES","WORK_ZONE_IND","WORK_ZONE_LOC","WORK_ZONE_TYPE","WZ_CLOSE_DETOUR","WZ_FLAGGER","WZ_LAW_OFFCR_IND","WZ_LN_CLOSURE","WZ_MOVING","WZ_OTHER","WZ_SHLDER_MDN","WZ_WORKERS_INJ_KILLED"
"2020011799","0649","0","0","0","0","0","0","0","0","0","8","0","","67","1","2020","5","40.104445","-75.034352","0646","6","0","0","0","0","0","1","0","0","","0","0","0","6","1","1","","2","0","40 06:16.002","","0","75 02:03.666","3","0","0","0","67301","1","0","0","N","1","0","0","2","67301","0","","1.0","","1","N","N","N","0","","1","0","1","0","0","","643","2","1","0","0","0","0","0","2","0","1","1","0","0","3","","","N","","","","","","","","","",""
"2020053208","1531","1","0","0","0","0","0","0","0","0","0","0","","67","6","2020","3","39.886237","-75.213952","1524","6","0","0","0","0","0","0","0","0","","0","0","0","15","1","0","N","0","2","39 53:10.452","1","0","75 12:50.227","0","0","0","0","67301","0","0","0","N","0","0","0","2","68K01","0","","2.0","10.0","1","N","N","N","1","","0","0","0","0","0","N","1524","2","0","0","0","0","0","0","2","0","2","0","0","0","3","","","N","","","","","","","","","",""
"2020005655","1345","0","0","0","1","0","0","0","0","0","4","0","","67","1","2020","3","39.955255","-75.199148","1320","6","0","0","0","0","0","0","0","0","","0","0","0","9","1","1","N","0","0","39 57:18.918","","7","75 11:56.933","3","0","0","0","67301","1","0","0","N","0","0","0","2","67301","0","","1.0","","1","N","N","N","0","","1","0","1","0","0","","940","2","1","0","0","0","0","0","2","0","1","1","0","0","4","04","","N","","","","","","","","","",""
"2020009178","2129","3","0","0","0","0","0","0","0","0","1","0","","67","1","2020","4","39.959197","-75.230943","2129","6","0","0","0","0","0","0","0","0","","0","0","0","21","3","2","N","0","0","39 57:33.108","","0","75 13:51.393","3","0","0","0","67301","0","0","0","N","0","0","0","3","67301","1","","6.0","","1","N","N","N","0","","1","0","1","9","9","","2128","4","2","0","0","0","0","0","2","0","4","0","0","0","3","03","","N","","","","","","","","","",""
"2020050507","0139","0","0","0","0","0","0","0","0","0","5","1","45","67","6","2020","4","40.004028","-75.076954","0133","6","0","0","0","0","0","0","0","0","","0","1","0","1","3","0","N","0","2","40 00:14.500","2","0","75 04:37.036","0","0","0","0","67301","0","0","0","N","0","0","0","1","68K01","0","","1.0","30.0","1","N","N","N","1","","0","0","0","0","0","N","130","2","0","0","0","0","0","0","2","0","2","0","0","0","3","03","Y","Y","4","1","N","N","N","Y","N","N","Y","N"
"2020006962","1936","0","0","0","0","0","0","0","0","0","8","0","","67","1","2020","1","40.023986","-75.159578","1934","6","0","0","0","0","0","0","0","0","","0","0","0","19","3","1","","1","0","40 01:26.350","","0","75 09:34.481","3","0","0","0","67301","1","0","0","N","1","0","0","2","67301","0","","1.0","","1","N","N","N","0","","1","0","0","3","2","","1927","2","1","0","0","0","0","1","2","0","1","1","0","0","3","","","N","","","","","","","","","",""
"2020007824","0030","1","0","0","0","0","0","0","0","0","4","0","","67","1","2020","1","39.941257","-75.161428","0023","6","0","0","0","0","0","0","0","0","","0","0","0","22","3","0","","1","2","39 56:28.524","4","0","75 09:41.142","0","0","0","0","67301","0","0","0","N","0","0","0","3","67301","0","","1.0","200.0","1","N","N","N","0","","0","0","1","3","3","Y","2246","2","0","0","0","0","0","0","2","0","2","0","0","0","3","03","","N","","","","","","","","","",""
"2020009576","0242","2","0","0","0","0","0","0","0","0","4","0","","67","1","2020","7","40.005575","-75.103749","0242","6","0","0","0","1","0","0","0","0","","0","0","0","2","3","1","N","0","1","40 00:20.069","3","0","75 06:13.495","4","0","0","0","67301","0","0","0","N","0","0","0","2","67301","1","","1.0","100.0","1","N","N","Y","0","","0","0","0","0","0","N","242","2","1","0","0","0","0","1","2","0","2","0","0","0","3","03","","N","","","","","","","","","",""
"2020012259","0724","2","0","0","0","0","0","0","0","0","1","0","","67","1","2020","4","39.902908","-75.200045","0650","6","0","0","0","0","0","1","0","0","","0","0","0","6","1","0","N","0","0","39 54:10.470","","3","75 12:00.163","9","0","0","0","67301","0","0","0","N","0","0","0","3","67301","0","","1.0","","1","N","N","N","0","","0","0","0","0","0","","640","3","0","0","0","0","0","1","2","1","3","0","0","0","3","03","","N","","","","","","","","","",""
"2020010110","2200","1","0","0","0","0","0","0","0","0","5","0","","67","1","2020","4","40.060591","-75.177578","1900","6","0","0","0","0","0","1","0","0","","0","0","0","19","3","0","","1","0","40 03:38.128","","0","75 10:39.282","9","0","0","0","67301","0","0","0","N","0","0","0","2","67301","0","","1.0","","1","N","N","N","0","","0","0","1","2","3","","1900","2","0","0","0","0","0","1","2","0","2","0","0","0","3","03","","N","","","","","","","","","",""
"2020009516","1231","1","0","0","0","0","0","0","0","0","4","0","","67","1","2020","6","39.986756","-75.208514","1210","6","0","0","0","0","0","1","0","0","","0","0","0","10","8","0","","2","0","39 59:12.320","","2","75 12:30.650","9","0","0","0","67301","0","0","0","N","0","0","0","2","67301","0","","1.0","","1","N","N","N","0","","0","0","1","0","0","","1058","2","0","0","0","0","0","1","2","0","2","0","0","0","3","03","","N","","","","","","","","","",""
"2020011636","0435","2","0","0","0","0","0","0","0","0","5","0","","67","1","2020","7","39.950432","-75.148164","0432","6","0","0","0","0","0","0","0","0","","0","0","0","4","3","0","N","0","1","39 57:01.556","3","0","75 08:53.390","0","0","0","0","67301","0","0","0","N","0","0","0","1","67301","0","","6.0","552.0","1","N","N","N","0","","0","0","0","0","0","Y","431","2","0","0","0","0","0","0","2","0","2","0","0","0","3","","","N","","","","","","","","","",""
"2020047143","1403","1","0","0","0","0","0","0","0","0","1","0","","67","6","2020","7","39.967716","-75.189552","1343","6","0","0","0","0","0","0","0","0","","0","0","0","13","1","2","N","0","0","39 58:03.779","","0","75 11:22.387","8","0","0","0","67301","0","0","0","N","0","0","0","3","68K01","0","","1.0","","1","N","N","Y","0","","0","0","1","0","0","","1335","2","2","0","0","0","2","0","2","0","2","0","0","0","3","","","N","","","","","","","","","",""
"2020092020","1048","1","0","0","0","0","0","0","0","0","5","0","","67","10","2020","6","39.945571","-75.142599","1045","6","0","0","0","0","0","0","0","0","","0","0","0","10","1","1","N","0","2","39 56:44.054","2","0","75 08:33.356","3","0","0","0","67301","0","0","0","N","0","0","0","3","68K01","0","","1.0","1158.0","9","N","N","N","0","","1","0","0","0","0","N","1045","2","1","1","0","0","0","2","2","0","2","0","0","0","7","","","N","","","","","","","","","",""
"2020008274","0805","0","0","0","0","0","0","0","0","0","4","0","","67","1","2020","2","40.014556","-75.131722","0803","6","0","0","0","0","0","0","0","0","","0","0","0","6","5","0","N","0","0","40 00:52.400","","7","75 07:54.200","0","0","0","0","67301","0","0","0","N","0","0","0","2","67301","0","","1.0","","2","N","N","N","0","","0","0","1","0","0","","653","2","0","0","0","0","0","0","2","0","2","0","0","0","3","","","N","","","","","","","","","",""
"2020006833","1644","0","0","0","0","0","0","0","0","0","7","0","","67","1","2020","7","40.064106","-75.140689","1644","6","0","0","1","0","0","0","0","0","","0","0","0","15","1","1","N","0","0","40 03:50.780","","0","75 08:26.480","3","0","0","0","67301","0","0","0","N","0","0","0","1","67301","0","","4.0","","6","N","N","N","0","","1","0","0","0","0","","1550","1","1","0","0","0","0","0","2","1","1","0","0","0","10","06","","N","","","","","","","","","",""
"2020005756","1035","0","0","0","0","0","0","0","0","0","1","0","","67","1","2020","5","39.959879","-75.177839","1025","6","0","0","0","0","0","0","0","0","","0","0","0","10","1","0","N","0","0","39 57:35.563","","0","75 10:40.221","0","0","0","0","67301","0","0","0","N","0","0","0","2","68K01","0","","1.0","","1","N","N","N","1","","0","0","1","0","0","","1023","2","0","0","0","0","0","0","2","0","2","0","0","0","3","","","N","","","","","","","","","",""
"2020013642","1145","0","0","0","0","0","0","0","0","0","8","0","","67","1","2020","7","40.025028","-75.167007","1145","6","0","0","0","0","0","0","0","0","","0","0","0","11","1","1","N","0","0","40 01:30.100","","0","75 10:01.224","8","0","0","0","67301","1","0","0","N","1","0","0","2","67301","0","","1.0","","9","N","N","N","0","","0","0","1","0","0","","1144","2","1","1","0","0","1","0","2","0","1","1","0","0","7","04","","N","","","","","","","","","",""
"2020054364","2352","1","0","0","0","0","0","0","0","0","5","0","","67","7","2020","6","40.036581","-75.156283","2342","6","0","0","0","0","0","0","0","0","","0","0","0","23","3","1","N","0","1","40 02:11.690","1","0","75 09:22.620","4","0","0","0","67301","0","0","0","N","0","0","0","3","67301","1","","1.0","310.0","9","N","N","N","0","","0","0","1","0","0","N","2340","2","1","0","0","0","0","0","2","0","2","0","0","0","4","","","N","","","","","","","","","",""
"2020009206","1945","0","0","0","0","0","0","0","0","0","8","0","","67","1","2020","4","40.039076","-75.144733","1945","6","0","0","0","0","0","1","0","0","","0","0","0","19","3","1","","1","0","40 02:20.672","","0","75 08:41.040","3","0","0","0","67301","1","0","0","N","1","0","0","2","67301","0","","1.0","","1","N","N","N","0","","1","0","1","3","2","","1940","2","1","0","0","0","0","0","2","0","1","1","0","0","3","","","N","","","","","","","","","",""
"2020009208","0249","1","0","0","0","0","0","0","0","0","5","0","","67","1","2020","5","40.026","-75.146417","0249","6","0","0","0","0","0","0","0","0","","0","0","0","22","3","2","N","0","0","40 01:33.600","","0","75 08:47.100","3","0","0","0","67301","0","0","0","N","0","0","0","3","67301","0","","6.0","","1","N","N","N","0","","2","0","0","9","9","","2230","2","2","0","0","0","0","0","2","1","2","0","0","0","3","03","","N","","","","","","","","","",""
"2020027391","1806","3","0","0","0","0","0","0","0","0","6","0","","67","3","2020","2","39.977419","-75.238828","1802","6","0","0","0","0","0","0","0","0","","0","0","0","18","1","1","N","0","1","39 58:38.710","1","0","75 14:19.780","3","0","0","0","67301","0","0","0","N","0","0","0","8","67301","0","","1.0","1925.0","1","N","N","N","0","","1","0","0","0","0","N","1801","3","1","2","0","0","0","0","2","0","3","0","0","0","3","03","","N","","","","","","","","","",""
"2020046032","2345","1","0","0","0","0","0","0","0","0","4","0","","67","6","2020","6","40.041908","-75.123964","2335","6","0","0","0","0","0","0","0","0","","0","0","0","23","3","1","","1","1","40 02:30.868","3","0","75 07:26.270","4","0","0","0","67301","0","0","0","N","0","0","0","2","67301","1","","1.0","16.0","1","N","N","N","1","","0","0","1","3","2","N","2317","3","1","0","0","0","0","0","2","0","3","0","0","0","3","03","","N","","","","","","","","","",""
"2020053551","2221","2","0","0","0","0","0","0","0","0","1","0","","67","7","2020","6","40.006739","-75.073576","2221","6","0","0","0","0","0","0","0","0","","0","0","0","22","3","0","N","0","0","40 00:24.260","","0","75 04:24.872","0","0","0","0","67301","0","0","0","N","0","0","0","4","68K01","0","","1.0","","1","N","N","N","0","","0","0","0","0","0","","2207","2","0","1","0","0","0","0","2","0","2","0","0","0","3","","","N","","","","","","","","","",""
"2020009577","1000","1","0","0","1","0","0","0","0","0","8","0","","67","1","2020","5","39.99696","-75.129612","1000","6","0","0","0","0","0","0","0","1","","0","0","0","9","1","1","","1","0","39 59:49.055","","0","75 07:46.603","8","0","0","0","67301","1","0","0","N","0","0","0","2","67301","0","","1.0","","1","N","N","N","0","","0","0","0","3","3","","955","2","1","0","0","0","1","0","2","0","1","1","0","0","3","03","","N","","","","","","","","","",""
"2020054305","1654","1","0","0","0","0","0","0","0","0","6","0","","67","7","2020","6","40.090625","-75.063956","1652","6","0","0","0","0","0","0","0","0","","0","0","0","16","1","0","N","0","2","40 05:26.250","6","0","75 03:50.240","0","0","0","0","67301","0","0","0","N","0","0","0","2","67301","0","","1.0","1910.0","9","N","N","N","0","","0","0","1","0","0","Y","1650","2","0","0","0","0","0","0","2","0","2","0","0","0","7","07","","N","","","","","","","","","",""
"2020054010","0538","0","0","0","0","0","0","0","0","0","5","0","","67","7","2020","5","39.99505","-75.112105","0538","6","0","0","0","0","0","0","0","0","","0","0","0","5","5","0","N","0","0","39 59:42.179","","0","75 06:43.577","9","0","0","0","67301","0","0","0","N","0","0","0","2","67301","0","","1.0","","1","N","N","N","0","","0","0","2","0","0","","538","2","0","2","0","0","0","1","2","0","2","0","0","0","3","03","","N","","","","","","","","","",""
"2020056801","2010","0","0","0","0","0","0","0","0","0","1","0","","67","7","2020","5","40.003791","-75.220907","2006","6","0","0","0","0","0","0","1","0","","0","0","0","19","1","1","Y","0","0","40 00:13.647","","0","75 13:15.266","3","0","0","0","67301","0","0","0","N","0","0","0","3","67301","0","","1.0","","1","N","N","N","0","","1","0","2","3","2","","1900","2","1","0","0","0","0","0","2","0","2","0","0","0","3","","","N","","","","","","","","","",""
"2020004731","1257","1","0","0","0","0","0","0","0","0","4","0","","67","1","2020","7","40.036763","-75.175616","1256","6","0","0","0","0","0","0","0","0","","0","0","0","12","1","1","","2","1","40 02:12.346","2","0","75 10:32.216","4","0","0","0","67301","0","0","0","N","0","0","0","2","67301","1","","1.0","120.0","1","N","N","N","1","","0","0","0","3","3","Y","1256","2","1","0","0","0","0","0","2","0","2","0","0","0","3","03","","N","","","","","","","","","",""
"2020011800","2340","2","0","0","0","0","0","0","0","0","3","0","","67","1","2020","4","40.037269","-75.179008","2335","6","0","0","0","0","0","0","0","0","","0","0","0","14","8","2","N","0","0","40 02:14.170","","0","75 10:44.430","3","0","0","0","67301","0","0","0","N","0","0","0","3","67301","0","","1.0","","99","N","N","N","0","","2","0","0","0","0","","1400","2","2","0","0","0","0","1","2","0","2","0","0","0","99","03","","N","","","","","","","","","",""
"2020011532","2248","1","0","0","0","0","0","0","0","0","4","0","","67","1","2020","3","40.067954","-75.157378","2248","6","0","0","0","0","0","1","0","0","","0","0","0","22","3","1","","2","0","40 04:04.634","","0","75 09:26.560","3","0","0","0","67301","0","0","0","N","0","0","0","2","67301","0","","1.0","","1","N","N","N","0","","1","0","1","3","3","","2240","2","1","1","0","0","0","0","2","0","2","0","0","0","3","","","N","","","","","","","","","",""
"2020011000","1218","0","0","0","0","0","0","0","0","0","4","0","","67","1","2020","2","39.991873","-75.174911","1216","6","0","0","0","0","0","0","0","0","","0","0","0","12","1","1","","1","2","39 59:30.742","4","0","75 10:29.679","2","0","0","0","67301","0","0","0","N","0","0","0","2","67301","0","","1.0","1346.0","1","N","N","N","1","","0","1","0","3","2","Y","1210","2","1","0","0","0","0","0","2","0","2","0","0","0","3","03","","N","","","","","","","","","",""
"2020004347","0950","1","0","0","0","0","0","0","0","0","4","0","","67","1","2020","7","40.045674","-75.031529","0945","6","0","0","0","0","0","0","1","1","","0","0","0","9","1","2","","1","0","40 02:44.428","","0","75 01:53.506","3","0","0","0","67301","0","0","0","N","0","0","0","4","67301","0","","1.0","","9","N","N","N","0","","2","0","2","9","2","","905","3","2","0","0","0","0","0","2","0","3","0","0","0","3","","","N","","","","","","","","","",""
"2020006865","0945","1","0","0","0","0","0","0","0","0","1","0","","67","1","2020","2","40.052554","-75.055714","0939","6","0","0","0","0","0","1","1","0","","0","0","0","9","1","2","N","0","0","40 03:09.193","","0","75 03:20.572","8","0","0","0","67301","0","0","0","N","0","0","0","3","67301","0","","1.0","","1","N","N","N","0","","0","0","1","9","9","","938","2","2","0","0","0","2","1","2","0","2","0","0","0","3","","","N","","","","","","","","","",""
"2020010546","0229","2","0","0","0","0","0","0","0","0","5","0","","67","1","2020","1","39.988286","-75.135261","0229","6","0","0","0","0","0","0","0","0","","0","0","0","20","3","0","N","0","0","39 59:17.830","","0","75 08:06.940","0","0","0","0","67301","0","0","0","N","0","0","0","1","67301","0","","6.0","","4","N","N","N","0","","0","0","0","0","0","","2000","2","0","0","0","0","0","0","2","0","2","0","0","0","3","03","","N","","","","","","","","","",""
"2020048024","1755","1","0","0","0","0","0","0","0","0","2","0","","67","6","2020","6","40.009848","-75.150988","1752","6","0","0","0","0","0","1","0","0","","0","0","0","17","1","0","N","1","1","40 00:35.451","1","0","75 09:03.558","0","0","0","0","67301","0","0","0","N","0","0","0","1","67505","0","","1.0","1800.0","1","N","N","N","0","","0","0","1","2","2","N","1752","2","0","0","0","0","0","0","2","0","2","0","0","0","3","03","","N","","","","","","","","","",""
"2020009951","1200","0","0","0","0","0","0","0","0","0","4","0","","67","1","2020","1","39.95768","-75.162367","1148","6","0","0","0","0","0","0","0","0","","0","0","0","11","1","0","","5","0","39 57:27.649","","2","75 09:44.521","0","0","0","0","67301","0","0","0","N","0","0","0","2","67301","0","","1.0","","1","N","N","N","1","","0","0","1","3","2","","1140","2","0","0","0","0","0","0","2","0","2","0","0","0","4","","","N","","","","","","","","","",""
"2020052046","1646","1","0","0","0","0","0","0","0","0","1","0","","67","6","2020","4","39.898731","-75.170403","1630","6","0","0","0","0","0","0","0","1","","0","0","0","16","1","2","N","0","1","39 53:55.432","1","0","75 10:13.451","3","0","0","0","67301","0","0","0","N","0","0","0","3","68K01","1","","1.0","1735.0","1","N","N","N","0","","1","0","2","0","0","N","1628","3","2","0","0","0","0","0","2","0","3","0","0","0","4","04","","N","","","","","","","","","",""
"2020011434","0042","1","0","0","0","0","0","0","0","0","5","0","","67","1","2020","7","40.027683","-75.120564","0032","6","0","0","0","0","0","1","0","0","","0","0","0","23","3","0","N","0","0","40 01:39.657","","0","75 07:14.032","0","0","0","0","67301","0","0","0","N","0","0","0","1","67301","0","","6.0","","1","N","N","Y","1","","0","0","0","3","3","","2335","2","0","0","0","0","0","0","2","0","2","0","0","0","3","03","","N","","","","","","","","","",""
"2020012441","0055","2","0","0","0","0","0","0","0","0","4","0","","67","2","2020","7","40.024148","-75.133202","0054","6","0","0","0","0","0","0","0","0","","0","0","0","0","3","6","","1","0","40 01:26.931","","0","75 07:59.528","3","0","0","0","67301","0","0","0","N","0","0","0","6","67301","0","","1.0","","9","N","N","N","0","","6","0","0","3","2","","54","2","6","0","0","0","0","0","2","0","2","0","0","0","98","","","N","","","","","","","","","",""
"2020009572","0729","1","0","0","0","0","0","0","0","0","8","0","","67","1","2020","7","39.945152","-75.142029","0729","6","0","0","0","0","0","1","0","0","","0","0","0","7","3","1","","2","0","39 56:42.548","","0","75 08:31.305","3","0","0","0","67301","1","0","0","N","1","0","0","2","67301","0","","1.0","","9","N","N","N","0","","1","0","0","3","2","","712","2","1","0","0","0","0","0","2","0","1","1","0","0","7","","","N","","","","","","","","","",""
"2020006407","0857","1","0","0","0","0","0","0","0","0","4","0","","67","1","2020","4","39.962903","-75.164657","0852","6","0","0","0","0","0","1","0","0","","0","0","0","8","1","2","","1","2","39 57:46.450","4","0","75 09:52.765","8","0","0","0","67301","0","0","0","N","0","0","0","2","67301","0","","1.0","1030.0","1","N","N","N","0","","0","0","1","3","2","Y","850","2","2","0","0","0","2","0","2","0","2","0","0","0","3","03","","N","","","","","","","","","",""
"2020011848","2350","2","0","0","0","0","0","0","0","0","6","0","","67","1","2020","5","40.039664","-75.103928","2337","6","0","0","0","0","0","0","0","0","","0","0","0","23","3","0","N","0","0","40 02:22.790","","0","75 06:14.140","0","0","0","0","67301","0","0","0","N","0","0","0","1","67301","0","","6.0","","1","N","N","N","0","","0","0","2","0","0","","2300","4","0","0","0","0","0","0","2","0","4","0","0","0","3","03","","N","","","","","","","","","",""
"2020007505","0830","2","0","0","0","0","0","0","0","0","4","0","","67","1","2020","2","39.90788","-75.154276","0821","6","0","0","0","0","0","0","0","0","","0","0","0","7","1","1","N","0","0","39 54:28.367","","0","75 09:15.392","3","0","0","0","67301","0","0","0","N","0","0","0","2","67301","0","","1.0","","1","N","N","N","0","","1","0","0","9","9","","745","2","1","2","0","0","0","0","2","0","2","0","0","0","3","03","","N","","","","","","","","","",""
"2020053200","1854","1","0","0","0","0","0","0","0","0","1","0","","67","6","2020","1","39.952758","-75.140986","1820","6","0","0","0","0","0","0","0","0","","0","0","0","17","1","1","N","0","0","39 57:09.929","","0","75 08:27.548","3","0","0","0","67301","0","0","0","N","0","0","0","3","68K01","0","","1.0","","1","N","N","N","0","","1","0","1","0","0","","1758","2","1","0","0","0","0","0","2","0","2","0","0","0","3","","","N","","","","","","","","","",""
"2020012677","1615","1","0","0","0","0","0","0","0","0","4","0","","67","2","2020","7","40.009322","-75.139326","1600","6","0","0","1","0","0","0","0","0","","0","0","0","15","1","1","","1","0","40 00:33.559","","0","75 08:21.573","3","0","0","0","67301","0","0","0","N","0","0","0","3","67301","0","","1.0","","1","N","N","N","1","","1","0","0","3","3","","1546","2","1","0","0","0","0","0","2","0","2","0","0","0","4","04","","N","","","","","","","","","",""
"2020048632","0703","1","0","0","0","0","0","0","0","0","1","0","","67","6","2020","2","39.968405","-75.129476","0630","6","0","0","0","0","0","0","0","0","","0","0","0","6","1","0","N","0","0","39 58:06.259","","0","75 07:46.115","0","0","0","0","67301","0","0","0","N","0","0","0","4","68K01","0","","1.0","","1","N","N","N","0","","0","0","1","0","0","","622","3","0","0","0","0","0","0","2","1","3","0","0","0","3","03","","N","","","","","","","","","",""
"2020013022","0201","1","0","0","0","0","0","0","0","0","7","0","","67","2","2020","7","40.036859","-75.01456","0201","6","0","0","0","0","0","0","0","0","","0","0","0","1","3","0","N","0","1","40 02:12.693","2","0","75 00:52.416","0","0","0","0","67301","0","0","0","N","0","0","0","1","68K01","0","","4.0","100.0","1","N","N","N","0","","0","0","0","0","0","N","156","1","0","0","0","0","0","0","2","0","1","0","0","0","5","","","N","","","","","","","","","",""
"2020004495","0500","1","0","0","0","0","0","0","0","0","5","0","","67","1","2020","6","39.991599","-75.091853","0446","6","0","0","0","0","0","1","0","0","","0","0","0","4","6","0","N","0","0","39 59:29.755","","0","75 05:30.672","0","0","0","0","67301","0","0","0","N","0","0","0","2","67301","0","","1.0","","1","N","N","N","1","","0","0","0","9","9","","445","2","0","2","0","0","0","0","2","0","2","0","0","0","3","03","","N","","","","","","","","","",""
"2020008750","1545","0","0","0","0","0","0","0","0","0","7","0","","67","1","2020","3","39.907318","-75.241593","1543","6","0","0","0","0","0","0","0","1","","0","0","0","15","1","1","","2","1","39 54:26.344","4","0","75 14:29.734","3","0","0","0","67301","0","0","0","N","0","0","0","1","67301","0","","4.0","300.0","1","N","N","N","0","","1","0","0","0","0","Y","1528","1","1","0","0","0","0","0","2","1","1","0","0","0","3","03","","N","","","","","","","","","",""
"2020003978","0920","2","0","0","0","0","0","0","0","0","5","0","","67","1","2020","7","39.988111","-75.1828","0910","6","0","0","0","0","0","0","0","0","","0","0","0","4","3","0","N","0","0","39 59:17.200","","0","75 10:58.080","0","0","0","0","67301","0","0","0","N","0","0","0","1","67301","0","","6.0","","99","N","N","N","0","","0","0","0","3","2","","400","3","0","0","0","0","0","0","2","0","3","0","0","0","99","03","","N","","","","","","","","","",""
"2020009778","1918","1","0","0","0","0","0","0","0","0","8","0","","67","1","2020","7","40.011545","-75.108042","1918","6","0","0","0","0","0","0","0","0","","0","0","0","15","1","1","","1","0","40 00:41.562","","0","75 06:28.950","4","0","0","0","67301","1","0","0","N","1","0","0","2","67301","1","","1.0","","99","N","N","N","0","","0","0","0","3","2","","1505","2","1","0","0","0","0","1","2","0","1","1","0","0","4","","","N","","","","","","","","","",""
"2020004692","2355","4","0","0","0","0","0","0","0","0","4","0","","67","1","2020","6","40.013973","-75.157949","2353","6","0","0","0","0","0","1","0","0","","0","0","0","23","3","2","","1","0","40 00:50.303","","0","75 09:28.618","4","0","0","0","67301","0","0","0","N","0","0","0","2","67301","2","","1.0","","1","N","N","Y","0","","0","0","0","0","0","","2353","4","2","0","0","0","0","0","2","0","4","0","0","0","3","03","","N","","","","","","","","","",""
"2020008849","0849","1","0","0","1","0","0","0","0","0","8","0","","67","1","2020","6","40.041908","-75.123964","0849","6","0","0","0","0","0","1","0","0","","0","0","0","7","1","1","","1","0","40 02:30.868","","0","75 07:26.270","4","0","0","0","67301","1","0","0","N","0","0","0","2","67301","1","","1.0","","1","N","N","N","0","","0","0","0","9","9","","750","2","1","0","0","0","0","0","2","0","1","1","0","0","3","03","","N","","","","","","","","","",""
"2020012105","1910","0","0","0","0","0","0","0","0","0","4","0","","67","1","2020","5","40.048963","-75.135114","1900","6","0","0","0","0","0","1","0","0","","0","0","0","17","4","1","","1","0","40 02:56.266","","99","75 08:06.410","3","0","0","0","67301","0","0","0","N","0","0","0","2","67301","0","","1.0","","99","N","N","N","0","","1","0","1","3","3","","1730","2","1","0","0","0","0","0","2","0","2","0","0","0","3","98","","N","","","","","","","","","",""
"2020050502","0700","1","0","0","0","0","0","0","0","0","1","0","45","67","5","2020","7","39.961861","-75.182824","0638","6","0","0","0","0","0","1","0","0","","0","0","0","6","1","1","N","0","2","39 57:42.701","3","0","75 10:58.166","3","0","0","0","67301","0","0","0","N","0","0","0","2","68K01","0","","1.0","740.0","1","N","N","N","0","","1","0","1","3","8","Y","634","2","1","1","0","0","0","0","2","0","2","0","0","0","3","","Y","Y","2","2","Y","N","Y","Y","N","N","Y","N"
"2020050266","1524","1","0","0","0","0","0","0","0","0","4","0","","67","6","2020","6","39.947248","-75.238514","1519","6","0","0","0","0","0","0","0","0","","0","0","0","14","1","1","","1","0","39 56:50.092","","0","75 14:18.650","3","0","0","0","67301","0","0","0","N","0","0","0","1","67301","0","","1.0","","1","N","N","N","0","","1","0","1","3","3","","1457","2","1","0","0","0","0","0","2","0","2","0","0","0","3","03","","N","","","","","","","","","",""