"CRN","ARRIVAL_TM","AUTOMOBILE_COUNT","BELTED_DEATH_COUNT","BELTED_SUSP_SERIOUS_INJ_COUNT","BICYCLE_COUNT","BICYCLE_DEATH_COUNT","BICYCLE_SUSP_SERIOUS_INJ_COUNT","BUS_COUNT","CHLDPAS_DEATH_COUNT","CHLDPAS_SUSP_SERIOUS_INJ_COUNT","COLLISION_TYPE","COMM_VEH_COUNT","CONS_ZONE_SPD_LIM","COUNTY","CRASH_MONTH","CRASH_YEAR","DAY_OF_WEEK","DEC_LATITUDE","DEC_LONGITUDE","DISPATCH_TM","DISTRICT","DRIVER_COUNT_16YR","DRIVER_COUNT_17YR","DRIVER_COUNT_18YR","DRIVER_COUNT_19YR","DRIVER_COUNT_20YR","DRIVER_COUNT_50_64YR","DRIVER_COUNT_65_74YR","DRIVER_COUNT_75PLUS","EST_HRS_CLOSED","FATAL_COUNT","HEAVY_TRUCK_COUNT","HORSE_BUGGY_COUNT","HOUR_OF_DAY","ILLUMINATION","INJURY_COUNT","INTERSECTION_RELATED","INTERSECT_TYPE","LANE_CLOSED","LATITUDE","LN_CLOSE_DIR","LOCATION_TYPE","LONGITUDE","MAX_SEVERITY_LEVEL","MCYCLE_DEATH_COUNT","MCYCLE_SUSP_SERIOUS_INJ_COUNT","MOTORCYCLE_COUNT","MUNICIPALITY","NONMOTR_COUNT","NONMOTR_DEATH_COUNT","NONMOTR_SUSP_SERIOUS_INJ_COUNT","NTFY_HIWY_MAINT","PED_COUNT","PED_DEATH_COUNT","PED_SUSP_SERIOUS_INJ_COUNT","PERSON_COUNT","POLICE_AGCY","POSSIBLE_INJ_COUNT","RDWY_SURF_TYPE_CD","RELATION_TO_ROAD","ROADWAY_CLEARED","ROAD_CONDITION","SCH_BUS_IND","SCH_ZONE_IND","SECONDARY_CRASH","SMALL_TRUCK_COUNT","SPEC_JURIS_CD","SUSP_MINOR_INJ_COUNT","SUSP_SERIOUS_INJ_COUNT","SUV_COUNT","TCD_FUNC_CD","TCD_TYPE","TFC_DETOUR_IND","TIME_OF_DAY","TOTAL_UNITS","TOT_INJ_COUNT","UNBELTED_OCC_COUNT","UNB_DEATH_COUNT","UNB_SUSP_SERIOUS_INJ_COUNT","UNK_INJ_DEG_COUNT","UNK_INJ_PER_COUNT","URBAN_RURAL","VAN_COUNT","VEHICLE_COUNT","VULNERABLE_ROAD_USER_COUNT","VULNERABLE_ROAD_USER_DEATH_COUNT","VULNERABLE_ROAD_USER_SER_INJ_COUNT","WEATHER1","WEATHER2","WORKERS_PRES","WORK_ZONE_IND","WORK_ZONE_LOC","WORK_ZONE_TYPE","WZ_CLOSE_DETOUR","WZ_FLAGGER","WZ_LAW_OFFCR_IND","WZ_LN_CLOSURE","WZ_MOVING","WZ_OTHER","WZ_SHLDER_MDN","WZ_WORKERS_INJ_KILLED"
"2020007285","0448","2","0","0","0","0","0","0","0","0","5","0","","67","1","2020","6","39.944431","-75.197904","0444","6","0","0","0","0","0","1","1","0","","0","0","0","4","3","2","N","0","0","39 56:39.953","","6","75 11:52.455","3","0","0","0","67301","0","0","0","N","0","0","0","3","67301","0","","1.0","","1","N","N","N","0","","1","0","1","9","9","","436","3","2","0","0","0","1","0","2","0","3","0","0","0","3","","","N","","","","","","","","","",""
"2020012895","1901","1","0","0","0","0","0","0","0","0","5","0","","67","1","2020","6","39.921103","-75.242044","1901","6","0","0","0","0","0","0","0","0","","0","0","0","19","3","0","N","0","1","39 55:15.970","1","0","75 14:31.360","0","0","0","0","67301","0","0","0","N","0","0","0","1","67301","0","","1.0","1940.0","9","N","N","Y","0","","0","0","2","0","0","N","1900","3","0","0","0","0","0","0","2","0","3","0","0","0","7","07","","N","","","","","","","","","",""
"2020068439","1552","1","0","0","0","0","0","0","0","0","1","1","","67","8","2020","2","39.947556","-75.191306","1550","6","0","0","0","0","0","0","0","0","","0","1","0","15","1","0","N","2","0","39 56:51.200","","0","75 11:28.700","0","0","0","0","67301","0","0","0","N","0","0","0","2","67504","0","","1.0","","1","N","N","N","0","","0","0","0","3","2","","1548","2","0","1","0","0","0","0","2","0","2","0","0","0","3","","","N","","","","","","","","","",""
"2020012440","0220","2","0","0","0","0","0","0","0","0","5","0","","67","1","2020","6","39.989417","-75.140786","0215","6","0","0","0","0","0","0","0","0","","0","0","0","2","3","0","N","0","2","39 59:21.900","1","0","75 08:26.830","0","0","0","0","67301","0","0","0","N","0","0","0","1","67301","0","","1.0","400.0","1","N","N","N","0","","0","0","1","3","2","N","211","3","0","0","0","0","0","0","2","0","3","0","0","0","3","","","N","","","","","","","","","",""
"2020008848","1305","2","0","0","0","0","0","0","0","0","4","0","","67","1","2020","4","39.987006","-75.122382","1257","6","0","0","0","0","0","0","0","0","","0","0","0","12","1","0","","5","0","39 59:13.221","","0","75 07:20.575","0","0","0","0","67301","0","0","0","N","0","0","0","2","67301","0","","1.0","","1","N","N","N","0","","0","0","0","3","2","","1230","2","0","2","0","0","0","0","2","0","2","0","0","0","3","03","","N","","","","","","","","","",""
"2020019745","1105","1","0","0","0","0","0","0","0","0","4","0","","67","2","2020","6","39.990944","-75.101578","1104","6","0","0","0","0","0","0","0","0","","0","0","0","11","1","2","","1","0","39 59:27.397","","0","75 06:05.681","3","0","0","0","67301","0","0","0","N","0","0","0","3","67301","0","","1.0","","1","N","N","N","1","","2","0","0","3","2","","1102","2","2","0","0","0","0","0","2","0","2","0","0","0","3","","","N","","","","","","","","","",""
"2020009570","1745","1","0","0","0","0","0","0","0","0","8","0","","67","1","2020","3","39.965087","-75.16075","1740","6","0","0","0","0","0","0","0","0","","0","0","0","17","3","1","","1","0","39 57:54.312","","0","75 09:38.700","3","0","0","0","67301","1","0","0","N","1","0","0","2","67301","0","","1.0","","9","N","N","N","0","","1","0","0","9","2","","1700","2","1","1","0","0","0","0","2","0","1","1","0","0","7","07","","N","","","","","","","","","",""
"2020012141","0229","0","0","0","0","0","0","0","0","0","8","0","","67","1","2020","5","39.971235","-75.157272","0229","6","0","0","0","0","0","0","0","0","","0","0","0","17","3","1","","1","0","39 58:16.445","","0","75 09:26.179","3","0","0","0","67301","1","0","0","N","1","0","0","2","67301","0","","1.0","","1","N","N","N","0","","1","0","0","3","2","","1730","2","1","0","0","0","0","0","2","0","1","1","0","0","3","03","","N","","","","","","","","","",""
"2020014382","1335","2","0","0","0","0","0","0","0","0","1","0","","67","1","2020","3","40.03694","-75.145084","1330","6","0","0","0","0","0","1","0","0","","0","0","0","13","1","1","","2","0","40 02:12.984","","0","75 08:42.301","3","0","0","0","67301","0","0","0","N","0","0","0","2","67301","0","","1.0","","1","N","N","N","0","","1","0","0","3","2","","1325","2","1","0","0","0","0","0","2","0","2","0","0","0","3","","","N","","","","","","","","","",""
"2020009176","2005","0","0","0","1","0","0","0","0","0","8","0","","67","1","2020","3","39.952989","-75.234525","2002","6","0","0","0","0","0","0","0","0","","0","0","0","19","3","1","","1","0","39 57:10.760","","0","75 14:04.290","3","0","0","0","67301","1","0","0","N","0","0","0","2","67301","0","","1.0","","1","N","N","N","0","","1","0","1","3","3","","1957","2","1","0","0","0","0","0","2","0","1","1","0","0","3","","","N","","","","","","","","","",""
"2020007831","1315","1","0","0","0","0","0","0","0","0","4","0","","67","1","2020","6","40.017391","-75.067375","1308","6","0","0","0","0","0","1","0","1","","0","0","0","13","1","2","","2","0","40 01:02.607","","0","75 04:02.550","3","0","0","0","67301","0","0","0","N","0","0","0","4","67301","0","","1.0","","1","N","N","N","0","","2","0","1","3","3","","1308","2","2","0","0","0","0","0","2","0","2","0","0","0","3","03","","N","","","","","","","","","",""
"2020014216","1530","2","0","0","0","0","0","0","0","0","4","0","","67","2","2020","1","40.114961","-75.026414","1515","6","0","0","0","0","0","0","2","0","","0","0","0","15","1","0","N","0","0","40 06:53.860","","7","75 01:35.090","0","0","0","0","67301","0","0","0","N","0","0","0","3","67301","0","","1.0","","9","N","N","N","0","","0","0","1","0","0","","1500","3","0","0","0","0","0","0","2","0","3","0","0","0","7","","","N","","","","","","","","","",""
"2020007506","2000","1","0","0","0","0","0","0","0","0","6","0","","67","1","2020","7","40.028506","-75.152219","2000","6","0","0","0","0","0","0","0","0","","0","0","0","15","8","1","N","0","0","40 01:42.620","","0","75 09:07.990","3","0","0","0","67301","0","0","0","N","0","0","0","2","67301","0","","1.0","","7","N","N","N","0","","1","0","0","9","9","","1530","2","1","0","0","0","0","0","2","0","2","0","0","0","10","10","","N","","","","","","","","","",""
"2020006452","2336","1","0","0","0","0","0","0","0","0","4","0","","67","1","2020","6","40.035658","-75.056953","2336","6","0","1","0","0","0","1","0","0","","0","0","0","22","3","1","","1","0","40 02:08.368","","0","75 03:25.030","4","0","0","0","67301","0","0","0","N","0","0","0","4","67301","1","","1.0","","1","N","N","N","0","","0","0","1","3","3","","2246","2","1","0","0","0","0","0","2","0","2","0","0","0","3","03","","N","","","","","","","","","",""
"2020017306","1556","0","0","0","0","0","0","0","0","0","7","0","","67","1","2020","7","39.987042","-75.090524","1556","6","0","0","0","0","0","0","0","0","","0","0","0","15","1","0","N","0","1","39 59:13.352","1","0","75 05:25.888","9","0","0","0","67301","0","0","0","N","0","0","0","1","68K01","0","","4.0","1645.0","9","N","N","N","0","","0","0","1","0","0","Y","1549","1","0","0","0","0","0","1","2","0","1","0","0","0","9","","","N","","","","","","","","","",""
"2020054360","1317","2","0","0","0","0","0","0","0","0","1","0","","67","7","2020","6","40.029287","-75.204066","1305","6","0","0","0","1","0","1","0","0","","0","0","0","13","1","1","Y","0","0","40 01:45.433","","0","75 12:14.637","3","0","0","0","67301","0","0","0","N","0","0","0","3","67301","0","","1.0","","9","N","N","N","0","","1","0","1","3","2","","1303","3","1","0","0","0","0","0","2","0","3","0","0","0","7","","","N","","","","","","","","","",""
"2020089493","2314","0","0","0","0","0","0","0","0","0","0","0","","67","10","2020","2","39.984902","-75.094631","2314","6","0","0","0","0","0","0","0","0","","0","0","0","22","3","0","N","0","1","39 59:05.648","1","0","75 05:40.670","0","0","0","0","67301","0","0","0","N","0","0","0","1","68K01","0","","1.0","30.0","9","N","N","N","1","","0","0","0","0","0","N","2257","1","0","0","0","0","0","0","2","0","1","0","0","0","7","07","","N","","","","","","","","","",""
"2020052813","1710","0","0","0","0","0","0","0","0","0","5","0","","67","7","2020","7","39.989489","-75.181008","1705","6","0","0","0","0","1","0","0","0","","0","0","0","17","1","0","N","0","0","39 59:22.160","","0","75 10:51.630","9","0","0","0","67301","0","0","0","N","0","0","0","2","67301","0","","1.0","","1","N","N","N","0","","0","0","2","0","0","","1700","2","0","0","0","0","0","1","2","0","2","0","0","0","3","03","","N","","","","","","","","","",""
"2020005544","0614","1","0","0","0","0","0","0","0","0","4","0","","67","1","2020","3","40.06149","-75.083805","0610","6","0","0","0","0","0","0","0","0","","0","0","0","6","1","0","","1","0","40 03:41.363","","0","75 05:01.699","0","0","0","0","67301","0","0","0","N","0","0","0","2","67301","0","","1.0","","1","N","N","N","0","","0","0","1","3","2","","610","2","0","0","0","0","0","0","2","0","2","0","0","0","3","","","N","","","","","","","","","",""
"2020007828","0850","0","0","0","0","0","0","0","0","0","7","0","","67","1","2020","5","40.004297","-75.067201","0843","6","0","0","0","0","0","0","0","0","","0","0","0","8","1","0","","2","0","40 00:15.469","","0","75 04:01.925","0","0","0","0","67301","0","0","0","N","0","0","0","1","67301","0","","4.0","","1","N","N","N","0","","0","0","1","0","0","","843","1","0","0","0","0","0","0","2","0","1","0","0","0","3","03","","N","","","","","","","","","",""
"2020007509","0657","1","0","0","0","0","0","0","0","0","4","0","","67","1","2020","7","40.017409","-75.172132","0655","6","0","0","0","0","0","1","0","0","","0","0","0","6","5","1","N","2","0","40 01:02.671","","0","75 10:19.675","3","0","0","0","67301","0","0","0","N","0","0","0","2","67301","0","","1.0","","1","N","N","N","1","","1","0","0","3","3","","640","2","1","0","0","0","0","0","2","0","2","0","0","0","3","03","","N","","","","","","","","","",""
"2020003977","0427","2","0","0","0","0","0","0","0","0","6","0","","67","1","2020","7","40.131517","-75.013291","0421","6","0","0","0","0","0","1","0","0","","0","0","0","4","3","0","N","0","0","40 07:53.461","","0","75 00:47.847","0","0","0","0","67301","0","0","0","N","0","0","0","1","67301","0","","6.0","","1","N","N","N","0","","0","0","1","0","0","","410","3","0","0","0","0","0","0","2","0","3","0","0","0","3","","","N","","","","","","","","","",""
"2020010063","1106","0","0","0","0","0","0","0","0","0","4","0","","67","1","2020","2","40.023946","-75.143348","1103","6","0","0","0","0","0","1","0","0","","0","0","0","10","1","2","","1","0","40 01:26.205","","0","75 08:36.052","3","0","0","0","67301","0","0","0","N","0","0","0","4","67301","1","","1.0","","1","N","N","N","0","","1","0","1","3","3","","1031","2","2","0","0","0","0","2","2","1","2","0","0","0","3","","","N","","","","","","","","","",""
"2020005263","1545","1","0","0","0","0","0","0","0","0","4","0","","67","1","2020","2","39.988367","-75.11736","1545","6","0","0","0","0","0","0","0","0","","0","0","0","14","1","0","","1","0","39 59:18.121","","0","75 07:02.495","0","0","0","0","67301","0","0","0","N","0","0","0","2","67301","0","","1.0","","1","N","N","N","0","","0","0","1","9","3","","1430","2","0","0","0","0","0","0","2","0","2","0","0","0","4","","","N","","","","","","","","","",""
"2020013021","0055","0","0","0","0","0","0","0","0","0","1","0","","67","2","2020","7","39.898726","-75.170529","0020","6","0","0","0","0","0","0","0","0","","0","0","0","0","3","1","N","0","0","39 53:55.412","","0","75 10:13.906","3","0","0","0","67301","0","0","0","N","0","0","0","2","68K01","0","","1.0","","1","N","N","N","0","","1","0","2","0","0","","19","2","1","0","0","0","0","0","2","0","2","0","0","0","3","03","","N","","","","","","","","","",""
"2020012138","1133","1","0","0","0","0","0","0","0","0","6","0","","67","1","2020","4","39.979531","-75.219567","1125","6","0","0","0","0","0","0","1","0","","0","0","0","10","1","1","N","0","0","39 58:46.310","","0","75 13:10.440","3","0","0","0","67301","0","0","0","N","0","0","0","2","67301","0","","1.0","","1","N","N","N","0","","1","0","1","0","0","","1036","2","1","0","0","0","0","0","2","0","2","0","0","0","3","","","N","","","","","","","","","",""
"2020009571","1545","1","0","0","0","0","0","0","0","0","4","0","","67","1","2020","6","39.959696","-75.155849","1536","6","0","0","0","0","0","1","0","0","","0","0","0","15","1","1","","1","1","39 57:34.905","6","0","75 09:21.056","8","0","0","0","67301","0","0","0","N","0","0","0","2","67301","0","","1.0","1600.0","1","N","N","N","0","","0","0","1","3","3","Y","1534","2","1","0","0","0","1","0","2","0","2","0","0","0","4","","","N","","","","","","","","","",""
"2020007835","0732","0","0","0","0","0","0","0","0","0","5","1","","67","1","2020","2","40.036122","-75.051408","0729","6","0","0","0","0","0","0","0","0","","0","1","0","7","1","0","N","0","0","40 02:10.040","","0","75 03:05.070","0","0","0","0","67301","0","0","0","N","0","0","0","1","67301","0","","6.0","","1","N","N","N","0","","0","0","1","3","2","","727","3","0","0","0","0","0","0","2","1","3","0","0","0","3","","","N","","","","","","","","","",""
"2020012911","1340","0","0","0","1","0","0","0","0","0","8","0","","67","2","2020","7","40.03951","-75.03345","1300","6","0","0","0","0","0","0","0","0","","0","0","0","12","1","1","","1","0","40 02:22.235","","0","75 02:00.419","3","0","0","0","67301","1","0","0","N","0","0","0","3","67301","0","","1.0","","1","N","N","N","0","","1","0","0","9","2","","1220","2","1","0","0","0","0","1","2","0","1","1","0","0","4","04","","N","","","","","","","","","",""
"2020011921","0852","2","0","0","0","0","0","0","0","0","1","0","","67","1","2020","5","39.925067","-75.193268","0834","6","0","0","0","0","0","0","0","0","","0","0","0","8","1","1","N","0","0","39 55:30.241","","0","75 11:35.766","4","0","0","0","67301","0","0","0","N","0","0","0","2","68K01","1","","1.0","","1","N","N","N","0","","0","0","0","0","0","","834","2","1","0","0","0","0","0","2","0","2","0","0","0","3","","","N","","","","","","","","","",""
"2020012347","1734","0","0","0","0","0","0","0","0","0","8","0","","67","1","2020","6","39.952128","-75.161449","1730","6","0","0","0","0","0","0","0","0","","0","0","0","17","3","1","","1","0","39 57:07.661","","0","75 09:41.216","3","0","0","0","67301","1","0","0","N","1","0","0","2","67301","0","","1.0","","1","N","N","N","0","","1","0","1","3","2","","1730","2","1","1","0","0","0","0","2","0","1","1","0","0","3","03","","N","","","","","","","","","",""
"2020048744","2107","0","0","0","0","0","0","0","0","0","8","0","","67","6","2020","1","40.021023","-75.039294","2054","6","0","0","0","0","0","0","0","0","","0","0","0","20","3","1","N","0","0","40 01:15.683","","0","75 02:21.458","3","0","0","0","67301","1","0","0","N","1","0","0","1","67301","0","","1.0","","1","N","N","N","0","","1","0","0","0","0","","2050","2","1","0","0","0","0","0","2","0","1","1","0","0","3","","","N","","","","","","","","","",""
"2020052786","2355","1","0","0","0","0","0","0","0","0","5","0","","67","6","2020","6","39.977853","-75.201327","2343","6","0","0","0","0","0","0","0","0","","0","0","0","23","3","0","N","0","0","39 58:40.269","","0","75 12:04.778","9","0","0","0","67301","0","0","0","N","0","0","0","2","68K01","0","","1.0","","1","N","N","N","0","","0","0","0","0","0","","2342","2","0","0","0","0","0","1","2","0","2","0","0","0","3","03","","N","","","","","","","","","",""
"2020006286","1130","2","0","0","0","0","0","0","0","0","4","0","","67","1","2020","5","39.970928","-75.139242","1130","6","0","0","0","0","0","0","1","0","","0","0","0","11","1","0","","1","0","39 58:15.340","","0","75 08:21.271","0","0","0","0","67301","0","0","0","N","0","0","0","2","67301","0","","1.0","","1","N","N","N","0","","0","0","0","9","2","","1120","2","0","0","0","0","0","0","2","0","2","0","0","0","3","03","","N","","","","","","","","","",""
"2020048527","1635","1","0","0","0","0","0","0","0","0","4","0","","67","6","2020","7","39.946088","-75.176762","1629","6","0","0","0","0","0","2","0","0","","0","0","0","16","1","0","","1","0","39 56:45.916","","0","75 10:36.344","0","0","0","0","67301","0","0","0","N","0","0","0","2","67301","0","","1.0","","9","N","N","N","0","","0","0","1","3","2","","1615","2","0","0","0","0","0","0","2","0","2","0","0","0","7","07","","N","","","","","","","","","",""
"2020045705","1640","2","0","0","0","0","0","0","0","0","4","0","","67","6","2020","5","39.978167","-75.247374","1640","6","0","0","0","0","0","1","0","0","","0","0","0","16","1","4","","2","0","39 58:41.401","","0","75 14:50.546","3","0","0","0","67301","0","0","0","N","0","0","0","6","67301","0","","1.0","","1","N","N","N","0","","4","0","0","3","3","","1630","2","4","0","0","0","0","0","2","0","2","0","0","0","3","","","N","","","","","","","","","",""
"2020014825","1941","1","0","0","0","0","0","0","0","0","4","0","","67","2","2020","6","39.983748","-75.234315","1939","6","0","0","0","0","0","1","0","0","","0","0","0","17","3","3","","3","2","39 59:01.492","6","0","75 14:03.533","3","0","0","0","67301","0","0","0","N","0","0","0","3","67301","0","","1.0","140.0","1","N","N","N","0","","3","0","1","3","3","Y","1730","2","3","0","0","0","0","0","2","0","2","0","0","0","3","","","N","","","","","","","","","",""
"2020005841","1245","0","0","0","0","0","0","0","0","0","8","0","","67","1","2020","5","39.981439","-75.127629","1242","6","0","0","0","0","0","0","0","0","","0","0","0","12","1","2","","5","0","39 58:53.180","","0","75 07:39.465","3","0","0","0","67301","2","0","0","N","2","0","0","3","67301","0","","1.0","","1","N","N","N","1","","2","0","0","3","2","","1235","3","2","1","0","0","0","0","2","0","1","2","0","0","3","03","","N","","","","","","","","","",""
"2020008754","0945","4","0","0","0","0","0","0","0","0","5","0","","67","1","2020","4","39.989143","-75.165727","0939","6","0","0","0","0","0","0","0","0","","0","0","0","9","1","1","N","0","2","39 59:20.916","3","0","75 09:56.618","3","0","0","0","67301","0","0","0","N","0","0","0","2","67301","0","","1.0","1130.0","1","N","N","N","0","","1","0","1","0","0","N","934","5","1","0","0","0","0","0","2","0","5","0","0","0","3","03","","N","","","","","","","","","",""
"2020084160","0435","0","0","0","0","0","0","0","0","0","8","0","","67","10","2020","5","39.994431","-75.116044","0430","6","0","0","0","0","0","0","0","0","","0","0","0","4","5","1","N","0","0","39 59:39.950","","0","75 06:57.760","8","0","0","0","67301","1","0","0","N","1","0","0","1","67301","0","","9.0","","1","N","N","N","0","","0","0","0","0","0","","425","2","1","0","0","0","1","0","2","0","1","1","0","0","3","03","","N","","","","","","","","","",""
"2020059453","1619","0","0","0","0","0","0","0","0","0","5","0","","67","7","2020","7","39.959858","-75.177677","1604","6","0","0","0","1","0","0","0","0","","0","0","0","16","1","0","N","0","0","39 57:35.488","","0","75 10:39.638","0","0","0","0","67301","0","0","0","N","0","0","0","7","68K01","0","","1.0","","1","N","N","N","1","","0","0","2","0","0","","1602","3","0","0","0","0","0","0","2","0","3","0","0","0","3","","","N","","","","","","","","","",""
"2020058950","1557","0","0","0","0","0","0","0","0","0","7","0","","67","7","2020","1","40.039741","-75.006555","1554","6","0","0","0","0","0","0","0","0","","0","0","0","15","1","1","N","0","1","40 02:23.066","1","0","75 00:23.598","8","0","0","1","67301","0","0","0","N","0","0","0","1","68K01","0","","2.0","1640.0","1","N","N","Y","0","","0","0","0","0","0","N","1554","1","1","0","0","0","1","0","2","0","1","0","0","0","3","03","","N","","","","","","","","","",""
"2020056746","0053","1","0","0","0","0","0","0","0","0","8","0","","67","7","2020","6","40.039586","-75.027382","0048","6","0","0","0","0","0","0","0","0","","0","0","0","0","3","1","N","0","0","40 02:22.511","","0","75 01:38.574","8","0","0","0","67301","1","0","0","N","1","0","0","2","67301","0","","1.0","","1","N","N","N","0","","0","0","0","0","0","","18","2","1","0","0","0","1","0","2","0","1","1","0","0","3","","","N","","","","","","","","","",""
"2020054005","1730","1","0","0","0","0","0","0","0","0","4","0","","67","7","2020","4","39.97531","-75.165182","1724","6","0","0","0","0","0","0","0","0","","0","0","0","17","1","1","","1","2","39 58:31.117","1","0","75 09:54.656","3","0","0","0","67301","0","0","0","N","0","0","0","3","67301","0","","1.0","1810.0","1","N","N","N","0","","1","0","2","3","2","Y","1724","3","1","0","0","0","0","0","2","0","3","0","0","0","4","","","N","","","","","","","","","",""
"2020053993","0945","1","0","0","0","0","0","0","0","0","7","0","","67","7","2020","5","40.05458","-75.071875","0944","6","0","0","0","0","0","0","0","0","","0","0","0","9","1","1","N","0","0","40 03:16.487","","0","75 04:18.750","3","0","0","0","67301","0","0","0","N","0","0","0","1","67301","0","","5.0","","1","N","N","N","0","","1","0","1","0","0","","942","3","1","0","0","0","0","0","2","0","2","0","0","0","3","","","N","","","","","","","","","",""
"2020097685","1332","1","0","0","0","0","0","0","0","0","1","0","","67","11","2020","7","39.948923","-75.249636","1327","6","0","0","0","0","0","0","0","0","","0","0","0","13","1","1","N","0","1","39 56:56.121","5","0","75 14:58.688","8","0","0","0","67301","0","0","0","N","0","0","0","1","67301","0","","6.0","1406.0","1","N","N","N","0","","0","0","0","0","0","Y","1320","2","1","0","0","0","1","0","2","0","2","0","0","0","3","03","","N","","","","","","","","","",""
"2020009381","1732","2","0","0","0","0","0","0","0","0","4","0","","67","1","2020","3","39.931109","-75.232293","1730","6","0","0","2","0","0","0","0","0","","0","0","0","17","3","1","","1","0","39 55:51.993","","0","75 13:56.255","3","0","0","0","67301","0","0","0","N","0","0","0","2","67301","0","","1.0","","1","N","N","N","0","","1","0","0","3","2","","1730","2","1","0","0","0","0","0","2","0","2","0","0","0","3","","","N","","","","","","","","","",""
"2020007375","0001","2","0","0","0","0","0","0","0","0","5","0","","67","1","2020","7","39.941892","-75.169228","2358","6","0","0","0","0","0","0","0","0","","0","0","0","23","3","0","N","0","1","39 56:30.810","1","0","75 10:09.220","0","0","0","0","67301","0","0","0","N","0","0","0","1","67301","0","","6.0","1.0","9","N","N","N","1","","0","0","0","0","0","N","2323","3","0","0","0","0","0","0","2","0","3","0","0","0","4","03","","N","","","","","","","","","",""
"2020010059","1610","0","0","0","0","0","0","0","0","0","7","0","","67","1","2020","1","39.989348","-75.167307","1610","6","0","0","0","0","0","0","0","0","","0","0","0","16","1","1","","1","0","39 59:21.653","","0","75 10:02.305","3","0","0","0","67301","0","0","0","N","0","0","0","1","67301","0","","4.0","","1","N","N","N","0","","1","0","1","3","2","","1610","1","1","0","0","0","0","0","2","0","1","0","0","0","3","04","","N","","","","","","","","","",""
"2020052817","1917","2","0","0","0","0","0","0","0","0","4","0","","67","7","2020","1","40.020679","-75.148752","1917","6","0","0","0","0","0","0","0","0","","0","0","0","14","1","0","N","0","0","40 01:14.443","","0","75 08:55.506","0","0","0","0","67301","0","0","0","N","0","0","0","1","67301","0","","1.0","","99","N","N","N","0","","0","0","0","0","0","","1400","2","0","0","0","0","0","0","2","0","2","0","0","0","99","","","N","","","","","","","","","",""
"2020012380","1333","1","0","0","0","0","0","0","0","0","3","0","","67","1","2020","6","39.98638","-75.247984","1326","6","0","0","0","0","0","0","0","0","","0","0","0","13","1","0","N","0","0","39 59:10.967","","0","75 14:52.744","0","0","0","0","67301","0","0","0","N","0","0","0","1","67301","0","","6.0","","1","N","N","N","1","","0","0","0","0","0","","1315","2","0","0","0","0","0","0","2","0","2","0","0","0","3","","","N","","","","","","","","","",""
"2020003721","0336","2","0","0","0","0","0","0","0","0","5","0","","67","1","2020","6","40.021531","-75.115325","0327","6","0","0","0","0","0","0","0","0","","0","0","0","3","3","0","N","0","0","40 01:17.510","","0","75 06:55.170","0","0","0","0","67301","0","0","0","N","0","0","0","1","67301","0","","6.0","","1","N","N","N","0","","0","0","1","0","0","","307","3","0","0","0","0","0","0","2","0","3","0","0","0","3","03","","N","","","","","","","","","",""
"2020012439","1152","0","0","1","0","0","0","0","0","0","1","0","","67","2","2020","7","39.959523","-75.246206","1151","6","0","0","0","0","0","0","1","0","","0","0","0","11","1","1","N","0","0","39 57:34.283","","0","75 14:46.341","2","0","0","0","67301","0","0","0","N","0","0","0","2","67301","0","","1.0","","9","N","N","N","0","","0","1","2","0","0","","1147","2","1","0","0","0","0","0","2","0","2","0","0","0","4","","","N","","","","","","","","","",""
"2020054275","1930","1","0","0","0","0","0","0","0","0","2","0","","67","7","2020","5","39.983733","-75.224972","1930","6","0","0","0","0","0","0","0","0","","0","0","0","15","1","1","N","0","0","39 59:01.440","","0","75 13:29.900","3","0","0","0","67301","0","0","0","N","0","0","0","2","67301","0","","1.0","","1","N","N","N","0","","1","0","1","0","0","","1515","2","1","0","0","0","0","1","2","0","2","0","0","0","3","03","","N","","","","","","","","","",""
"2020053206","1956","1","0","0","0","0","0","0","0","0","5","0","","67","6","2020","2","39.970258","-75.192892","1952","6","0","0","0","0","0","0","0","0","","0","0","0","19","1","0","N","0","2","39 58:12.928","3","0","75 11:34.412","9","0","0","0","67301","0","0","0","N","0","0","0","2","68K01","0","","1.0","100.0","1","N","N","N","1","","0","0","0","0","0","N","1951","2","0","0","0","0","0","1","2","0","2","0","0","0","3","","","N","","","","","","","","","",""
"2020010038","0856","1","0","0","0","0","0","0","0","0","7","0","","67","1","2020","1","39.959733","-75.177677","0844","6","0","0","0","0","0","0","0","0","","0","0","0","8","1","1","N","0","2","39 57:35.039","3","0","75 10:39.637","3","0","0","0","67301","0","0","0","N","0","0","0","2","68K01","0","","4.0","30.0","9","N","N","N","0","","1","0","0","0","0","N","842","1","1","0","0","0","0","0","2","0","1","0","0","0","3","03","","N","","","","","","","","","",""
"2020009863","1800","2","0","0","0","0","0","0","0","0","4","0","","67","1","2020","6","40.010726","-75.15081","1800","6","0","0","0","0","0","0","0","0","","0","0","0","16","1","0","","1","0","40 00:38.613","","0","75 09:02.915","0","0","0","0","67301","0","0","0","N","0","0","0","2","67301","0","","1.0","","1","N","N","N","0","","0","0","0","3","2","","1600","2","0","0","0","0","0","0","2","0","2","0","0","0","3","03","","N","","","","","","","","","",""