"CRN","ARRIVAL_TM","AUTOMOBILE_COUNT","BELTED_DEATH_COUNT","BELTED_SUSP_SERIOUS_INJ_COUNT","BICYCLE_COUNT","BICYCLE_DEATH_COUNT","BICYCLE_SUSP_SERIOUS_INJ_COUNT","BUS_COUNT","CHLDPAS_DEATH_COUNT","CHLDPAS_SUSP_SERIOUS_INJ_COUNT","COLLISION_TYPE","COMM_VEH_COUNT","CONS_ZONE_SPD_LIM","COUNTY","CRASH_MONTH","CRASH_YEAR","DAY_OF_WEEK","DEC_LATITUDE","DEC_LONGITUDE","DISPATCH_TM","DISTRICT","DRIVER_COUNT_16YR","DRIVER_COUNT_17YR","DRIVER_COUNT_18YR","DRIVER_COUNT_19YR","DRIVER_COUNT_20YR","DRIVER_COUNT_50_64YR","DRIVER_COUNT_65_74YR","DRIVER_COUNT_75PLUS","EST_HRS_CLOSED","FATAL_COUNT","HEAVY_TRUCK_COUNT","HORSE_BUGGY_COUNT","HOUR_OF_DAY","ILLUMINATION","INJURY_COUNT","INTERSECTION_RELATED","INTERSECT_TYPE","LANE_CLOSED","LATITUDE","LN_CLOSE_DIR","LOCATION_TYPE","LONGITUDE","MAX_SEVERITY_LEVEL","MCYCLE_DEATH_COUNT","MCYCLE_SUSP_SERIOUS_INJ_COUNT","MOTORCYCLE_COUNT","MUNICIPALITY","NONMOTR_COUNT","NONMOTR_DEATH_COUNT","NONMOTR_SUSP_SERIOUS_INJ_COUNT","NTFY_HIWY_MAINT","PED_COUNT","PED_DEATH_COUNT","PED_SUSP_SERIOUS_INJ_COUNT","PERSON_COUNT","POLICE_AGCY","POSSIBLE_INJ_COUNT","RDWY_SURF_TYPE_CD","RELATION_TO_ROAD","ROADWAY_CLEARED","ROAD_CONDITION","SCH_BUS_IND","SCH_ZONE_IND","SECONDARY_CRASH","SMALL_TRUCK_COUNT","SPEC_JURIS_CD","SUSP_MINOR_INJ_COUNT","SUSP_SERIOUS_INJ_COUNT","SUV_COUNT","TCD_FUNC_CD","TCD_TYPE","TFC_DETOUR_IND","TIME_OF_DAY","TOTAL_UNITS","TOT_INJ_COUNT","UNBELTED_OCC_COUNT","UNB_DEATH_COUNT","UNB_SUSP_SERIOUS_INJ_COUNT","UNK_INJ_DEG_COUNT","UNK_INJ_PER_COUNT","URBAN_RURAL","VAN_COUNT","VEHICLE_COUNT","VULNERABLE_ROAD_USER_COUNT","VULNERABLE_ROAD_USER_DEATH_COUNT","VULNERABLE_ROAD_USER_SER_INJ_COUNT","WEATHER1","WEATHER2","WORKERS_PRES","WORK_ZONE_IND","WORK_ZONE_LOC","WORK_ZONE_TYPE","WZ_CLOSE_DETOUR","WZ_FLAGGER","WZ_LAW_OFFCR_IND","WZ_LN_CLOSURE","WZ_MOVING","WZ_OTHER","WZ_SHLDER_MDN","WZ_WORKERS_INJ_KILLED"
"2020014380","0730","0","0","0","0","0","0","0","0","0","8","0","","67","1","2020","4","40.023401","-75.151471","0723","6","0","0","0","0","0","0","0","0","","0","0","0","6","3","1","","1","0","40 01:24.245","","0","75 09:05.296","8","0","0","0","67301","1","0","0","N","1","0","0","2","67301","0","","1.0","","1","N","N","N","0","","0","0","1","2","3","","620","2","1","0","0","0","1","0","2","0","1","1","0","0","3","","","N","","","","","","","","","",""
"2020009010","1853","0","0","0","0","0","0","0","0","0","8","0","","67","1","2020","7","40.040779","-75.157011","1853","6","0","0","0","0","0","0","0","0","","0","0","0","18","3","1","","3","0","40 02:26.806","","0","75 09:25.238","3","0","0","0","67301","1","0","0","N","1","0","0","2","67301","0","","1.0","","2","N","N","N","0","","1","0","1","9","2","","1850","2","1","0","0","0","0","0","2","0","1","1","0","0","6","06","","N","","","","","","","","","",""
"2020054269","1350","0","0","0","0","0","0","0","0","0","8","0","","67","6","2020","5","39.990717","-75.221603","1321","6","0","0","0","0","0","0","0","0","","0","0","0","13","1","1","N","0","0","39 59:26.580","","0","75 13:17.770","3","0","0","0","67301","1","0","0","N","1","0","0","1","67301","0","","1.0","","1","N","N","N","0","","1","0","0","9","2","","1300","2","1","0","0","0","0","0","2","0","1","1","0","0","3","","","N","","","","","","","","","",""
"2020020963","2000","1","0","0","0","0","0","0","0","0","1","0","","67","1","2020","5","40.001562","-75.194956","1937","6","0","0","0","0","0","0","0","0","","0","0","0","19","3","0","N","0","0","40 00:05.623","","0","75 11:41.840","0","0","0","0","67301","0","0","0","N","0","0","0","2","68K01","0","","1.0","","1","N","N","N","0","","0","0","1","0","0","","1935","2","0","0","0","0","0","0","2","0","2","0","0","0","3","","","N","","","","","","","","","",""
"2020015759","0926","1","0","0","0","0","0","0","0","0","5","0","","67","1","2020","7","40.031302","-75.084467","0925","6","0","0","0","0","0","1","0","0","","0","0","0","22","3","1","N","0","0","40 01:52.686","","0","75 05:04.080","3","0","0","0","67301","0","0","0","N","0","0","0","6","67301","0","","1.0","","6","N","N","N","0","","1","0","0","0","0","","2235","2","1","0","0","0","0","0","2","0","2","0","0","0","10","","","N","","","","","","","","","",""
"2020011777","1845","2","0","0","0","0","0","0","0","0","4","0","","67","1","2020","5","40.118881","-75.017968","1841","6","0","0","0","0","0","0","0","0","","0","0","0","18","3","2","","1","0","40 07:07.973","","0","75 01:04.686","4","0","0","0","67301","0","0","0","N","0","0","0","2","67301","2","","1.0","","1","N","N","N","0","","0","0","0","3","2","","1838","2","2","0","0","0","0","0","2","0","2","0","0","0","3","03","","N","","","","","","","","","",""
"2020047138","0527","1","0","0","0","0","0","0","0","0","7","0","","67","6","2020","7","39.980812","-75.206314","0527","6","0","0","0","0","0","0","0","0","","0","0","0","5","5","0","N","0","0","39 58:50.922","","0","75 12:22.732","0","0","0","0","67301","0","0","0","N","0","0","0","1","68K01","0","","2.0","","9","N","N","N","0","","0","0","0","0","0","","521","1","0","0","0","0","0","0","2","0","1","0","0","0","98","","","N","","","","","","","","","",""
"2020038048","1850","1","0","0","0","0","0","0","0","0","4","0","","67","5","2020","2","40.018922","-75.049504","1847","6","0","0","0","0","0","0","0","0","","0","0","0","18","1","2","","1","0","40 01:08.120","","0","75 02:58.216","8","0","0","0","67301","0","0","0","N","0","0","0","2","67301","0","","1.0","","1","N","N","N","0","","0","0","1","9","3","","1845","2","2","1","0","0","2","0","2","0","2","0","0","0","3","03","","N","","","","","","","","","",""
"2020077984","0106","1","0","0","0","0","0","0","0","0","1","0","","67","9","2020","2","40.007942","-75.201575","0101","6","0","0","0","0","0","0","0","0","","0","0","0","1","3","0","N","0","0","40 00:28.591","","0","75 12:05.670","9","0","0","0","67301","0","0","0","N","0","0","0","3","68K01","0","","1.0","","1","N","N","N","0","","0","0","0","0","0","","100","2","0","0","0","0","0","1","2","0","2","0","0","0","3","","","N","","","","","","","","","",""
"2020033289","2039","1","0","0","0","0","0","0","0","0","1","0","","67","4","2020","5","39.939786","-75.214134","2037","6","0","0","0","0","0","0","0","0","","0","0","0","20","3","2","N","0","0","39 56:23.230","","0","75 12:50.883","3","0","0","0","67301","2","0","0","N","2","0","0","3","67301","0","","1.0","","1","N","N","Y","1","","2","0","1","0","0","","2035","5","2","0","0","0","0","0","2","0","3","2","0","0","3","03","","N","","","","","","","","","",""
"2020056892","1528","1","0","0","0","0","0","0","0","0","7","0","","67","7","2020","2","39.960088","-75.180386","1528","6","0","0","1","0","0","0","0","0","","0","0","0","15","1","0","N","0","1","39 57:36.316","3","3","75 10:49.391","0","0","0","0","67301","0","0","0","N","0","0","0","1","68K01","0","","4.0","1615.0","9","N","N","N","0","","0","0","0","0","0","Y","1528","1","0","0","0","0","0","0","2","0","1","0","0","0","7","","","N","","","","","","","","","",""
"2020098492","0943","1","0","0","0","0","0","0","0","0","4","0","","67","11","2020","2","39.970153","-75.145021","0941","6","0","0","0","0","0","0","0","0","","0","0","0","9","1","0","","1","0","39 58:12.552","","0","75 08:42.076","0","0","0","0","67301","0","0","0","N","0","0","0","2","67301","0","","1.0","","1","N","N","N","0","","0","0","1","3","2","","940","2","0","1","0","0","0","0","2","0","2","0","0","0","3","03","","N","","","","","","","","","",""
"2020052082","1842","0","0","0","0","0","0","0","0","0","1","0","","67","6","2020","4","39.957121","-75.156209","1836","6","0","0","0","0","0","0","0","0","","0","0","0","18","1","2","N","0","1","39 57:25.637","4","0","75 09:22.351","3","0","0","0","67301","0","0","0","N","0","0","0","4","68K01","0","","1.0","15.0","1","N","N","N","0","","2","0","2","0","0","N","1835","2","2","0","0","0","0","0","2","0","2","0","0","0","3","","","N","","","","","","","","","",""
"2020054013","1530","1","0","0","0","0","0","0","0","0","4","0","","67","7","2020","1","40.022355","-75.11796","1527","6","0","0","1","0","0","0","0","0","","0","0","0","13","1","1","","1","0","40 01:20.478","","0","75 07:04.655","3","0","0","0","67301","0","0","0","N","0","0","0","2","67301","0","","1.0","","1","N","N","N","0","","1","0","0","3","2","","1335","2","1","0","0","0","0","1","2","1","2","0","0","0","3","03","","N","","","","","","","","","",""
"2020054449","2210","1","0","0","0","0","0","0","0","0","1","0","","67","7","2020","3","39.921379","-75.19176","2204","6","0","0","0","0","0","0","1","0","","0","0","0","22","3","1","Y","0","1","39 55:16.964","3","0","75 11:30.337","3","0","0","0","67301","0","0","0","N","0","0","0","3","67301","0","","1.0","2315.0","1","N","N","N","0","","1","0","1","3","2","N","2203","2","1","0","0","0","0","0","2","0","2","0","0","0","3","","","N","","","","","","","","","",""
"2020016055","0228","2","0","0","0","0","0","0","0","0","1","0","","67","2","2020","3","40.006803","-75.082752","0225","6","0","0","0","0","0","1","0","0","","0","0","0","2","3","1","","1","0","40 00:24.490","","0","75 04:57.907","3","0","0","0","67301","0","0","0","N","0","0","0","3","67301","0","","1.0","","9","N","Y","N","0","","1","0","1","3","2","","220","3","1","1","0","0","0","0","2","0","3","0","0","0","7","05","","N","","","","","","","","","",""
"2020015811","1718","1","0","0","0","0","0","0","0","0","5","0","","67","2","2020","2","39.979733","-75.115801","1715","6","0","0","1","0","0","0","0","0","","0","0","0","15","1","0","N","0","0","39 58:47.040","","0","75 06:56.885","0","0","0","0","67301","0","0","0","N","0","0","0","2","67301","0","","6.0","","9","N","N","N","0","","0","0","0","0","0","","1556","2","0","0","0","0","0","0","2","1","2","0","0","0","7","","","N","","","","","","","","","",""
"2020010545","0330","1","0","0","0","0","0","0","0","0","3","0","","67","1","2020","7","39.958553","-75.232169","0330","6","0","0","0","0","0","0","0","0","","0","0","0","3","3","0","N","0","0","39 57:30.790","","0","75 13:55.810","0","0","0","0","67301","0","0","0","N","0","0","0","1","67301","0","","6.0","","1","N","N","Y","1","","0","0","1","0","0","","330","3","0","0","0","0","0","0","2","0","3","0","0","0","3","03","","N","","","","","","","","","",""
"2020006827","2019","2","0","0","0","0","0","0","0","0","4","0","","67","1","2020","6","40.033998","-75.074369","2014","6","0","0","0","0","0","1","0","0","","0","0","0","20","3","2","","1","1","40 02:02.392","2","0","75 04:27.730","4","0","0","0","67301","0","0","0","N","0","0","0","4","67301","2","","1.0","2200.0","1","N","N","N","0","","0","0","0","3","2","N","2000","2","2","0","0","0","0","0","2","0","2","0","0","0","3","03","","N","","","","","","","","","",""
"2020030499","1407","2","0","0","0","0","0","0","0","0","4","0","","67","3","2020","1","40.032128","-75.067698","1400","6","0","0","0","0","0","0","0","0","","0","0","0","13","1","0","","1","0","40 01:55.659","","0","75 04:03.711","0","0","0","0","67301","0","0","0","N","0","0","0","2","67301","0","","1.0","","1","N","N","N","0","","0","0","0","0","0","","1345","2","0","2","0","0","0","0","2","0","2","0","0","0","3","98","","N","","","","","","","","","",""
"2020005519","0812","1","0","0","0","0","0","0","0","0","1","0","","67","1","2020","2","40.04555","-75.00173","0812","6","0","0","0","0","0","0","0","0","","0","0","0","8","1","0","N","0","0","40 02:43.979","","0","75 00:06.228","0","0","0","0","67301","0","0","0","N","0","0","0","2","68K01","0","","1.0","","1","N","N","N","0","","0","0","1","0","0","","812","2","0","0","0","0","0","0","2","0","2","0","0","0","3","","","N","","","","","","","","","",""
"2020006410","1540","0","0","0","0","0","0","0","0","0","1","0","","67","1","2020","6","39.939491","-75.220387","1533","6","0","0","0","0","0","0","0","0","","0","0","0","10","8","1","N","0","0","39 56:22.168","","99","75 13:13.392","8","0","0","0","67301","0","0","0","N","0","0","0","3","67301","0","","1.0","","99","N","N","N","0","","0","0","2","9","9","","1015","2","1","0","0","0","1","0","2","0","2","0","0","0","99","98","","N","","","","","","","","","",""
"2020015763","1320","2","0","0","0","0","0","0","0","0","4","0","","67","1","2020","3","40.019228","-75.044921","1300","6","0","0","0","0","0","0","0","0","","0","0","0","12","1","1","","1","0","40 01:09.219","","0","75 02:41.715","3","0","0","0","67301","0","0","0","N","0","0","0","2","67301","0","","1.0","","1","N","N","N","0","","1","0","0","3","2","","1253","2","1","0","0","0","0","0","2","0","2","0","0","0","3","","","N","","","","","","","","","",""
"2020009950","0940","0","0","0","0","0","0","0","0","0","7","0","","67","1","2020","5","39.951797","-75.143331","0940","6","0","0","0","0","0","0","0","0","","0","0","0","9","1","0","N","0","0","39 57:06.470","","0","75 08:35.990","9","0","0","0","67301","0","0","0","N","0","0","0","1","67301","0","","4.0","","1","N","N","N","1","","0","0","0","3","2","","936","1","0","1","0","0","0","1","2","0","1","0","0","0","3","03","","N","","","","","","","","","",""
"2020007288","1746","0","0","0","0","0","0","0","0","0","8","0","","67","1","2020","4","39.992692","-75.144488","1740","6","0","0","0","0","0","0","0","0","","0","0","0","17","3","1","N","2","0","39 59:33.692","","0","75 08:40.155","3","0","0","0","67301","1","0","0","N","1","0","0","2","67301","0","","1.0","","1","N","N","N","0","","1","0","0","0","0","","1720","2","1","0","0","0","0","0","2","0","1","1","0","0","3","03","","N","","","","","","","","","",""
"2020009492","1650","3","0","0","0","0","0","0","0","0","4","0","","67","1","2020","4","39.955601","-75.172767","1645","6","0","0","0","0","0","1","0","0","","0","0","0","16","1","0","","1","0","39 57:20.163","","0","75 10:21.961","0","0","0","0","67301","0","0","0","N","0","0","0","2","67301","0","","1.0","","1","N","N","N","0","","0","0","2","3","2","","1640","5","0","0","0","0","0","0","2","0","5","0","0","0","3","03","","N","","","","","","","","","",""
"2020051371","1200","0","0","0","0","0","0","0","0","0","4","1","","67","6","2020","3","39.995922","-75.234392","1200","6","0","0","0","0","0","2","0","0","","0","1","0","11","1","0","N","0","0","39 59:45.320","","7","75 14:03.810","0","0","0","0","67301","0","0","0","N","0","0","0","5","67301","0","","1.0","","1","N","N","N","0","","0","0","1","0","0","","1110","2","0","0","0","0","0","0","2","0","2","0","0","0","3","03","","N","","","","","","","","","",""
"2020006446","2226","2","0","0","0","0","0","0","0","0","4","0","","67","1","2020","6","40.042228","-75.058522","2220","6","0","0","0","0","0","0","0","0","","0","0","0","22","3","1","","2","2","40 02:32.020","6","0","75 03:30.679","3","0","0","0","67301","0","0","0","N","0","0","0","2","67301","0","","1.0","14.0","1","N","N","N","0","","1","0","0","3","3","N","2218","2","1","0","0","0","0","0","2","0","2","0","0","0","3","","","N","","","","","","","","","",""
"2020005412","0047","2","0","0","0","0","0","0","0","0","4","0","","67","1","2020","3","40.022303","-75.162025","0043","6","0","0","0","0","0","0","0","0","","0","0","0","0","3","0","","1","0","40 01:20.289","","0","75 09:43.290","0","0","0","0","67301","0","0","0","N","0","0","0","2","67301","0","","1.0","","1","N","N","N","0","","0","0","0","3","2","","40","2","0","0","0","0","0","0","2","0","2","0","0","0","3","03","","N","","","","","","","","","",""
"2020011979","0833","1","0","0","0","0","0","0","0","0","4","0","","67","1","2020","2","40.047334","-75.141653","0830","6","0","0","0","0","0","1","0","0","","0","0","0","7","1","0","","2","0","40 02:50.401","","0","75 08:29.952","0","0","0","0","67301","0","0","0","N","0","0","0","2","67301","0","","1.0","","1","N","N","N","0","","0","0","1","3","2","","753","2","0","0","0","0","0","0","2","0","2","0","0","0","3","04","","N","","","","","","","","","",""
"2020006825","1907","1","0","0","0","0","0","0","0","0","4","0","","67","1","2020","1","40.048028","-75.092838","1839","6","0","0","0","0","1","0","0","0","","0","0","0","18","3","2","","1","0","40 02:52.901","","0","75 05:34.215","4","0","0","0","67301","0","0","0","N","0","0","0","3","67301","1","","1.0","","1","N","N","N","0","","0","0","1","3","3","","1824","2","2","0","0","0","1","0","2","0","2","0","0","0","3","","","N","","","","","","","","","",""
"2020014563","2056","0","0","0","0","0","0","0","0","0","7","0","","67","2","2020","7","40.039623","-75.007232","2050","6","0","0","0","0","0","0","0","0","","0","0","0","20","3","0","N","0","0","40 02:22.644","","0","75 00:26.035","0","0","0","0","67301","0","0","0","N","0","0","0","2","68K01","0","","4.0","","9","N","N","N","1","","0","0","0","0","0","","2049","1","0","0","0","0","0","0","2","0","1","0","0","0","7","07","","N","","","","","","","","","",""
"2020011529","0310","1","0","0","0","0","0","0","0","0","7","0","","67","1","2020","3","39.938594","-75.234513","0309","6","0","0","0","0","0","0","0","0","","0","0","0","0","3","1","N","0","0","39 56:18.937","","0","75 14:04.248","3","0","0","0","67301","0","0","0","N","0","0","0","1","67301","0","","2.0","","1","N","N","N","0","","1","0","0","0","0","","57","1","1","0","0","0","0","0","2","0","1","0","0","0","3","","","N","","","","","","","","","",""
"2020003182","1500","1","0","0","0","0","0","0","0","0","7","0","","67","1","2020","5","39.957667","-75.189472","1457","6","0","0","0","0","0","0","0","0","","0","0","0","14","1","0","N","0","0","39 57:27.600","","0","75 11:22.100","0","0","0","0","67301","0","0","0","N","0","0","0","1","67507","0","","4.0","","1","N","N","N","0","","0","0","0","0","0","","1456","1","0","0","0","0","0","0","2","0","1","0","0","0","3","03","","Y","","","","","","","","","",""
"2020005160","1750","1","0","0","0","0","0","0","0","0","4","0","","67","1","2020","3","39.96301","-75.158413","1745","6","0","0","0","0","0","0","0","0","","0","0","0","17","3","1","","1","1","39 57:46.836","1","0","75 09:30.286","3","0","0","0","67301","0","0","0","N","0","0","0","3","67301","0","","1.0","1845.0","9","N","N","N","0","","1","0","1","3","3","N","1745","2","1","0","0","0","0","0","2","0","2","0","0","0","7","","","N","","","","","","","","","",""
"2020007827","1456","3","0","0","0","0","0","0","0","0","4","0","","67","1","2020","4","40.032921","-75.029754","1444","6","0","0","0","0","0","0","0","0","","0","0","0","14","1","3","","1","1","40 01:58.515","2","0","75 01:47.113","3","0","0","0","67301","0","0","0","N","0","0","0","3","67301","0","","1.0","1545.0","1","N","N","N","0","","3","0","0","0","0","N","1443","3","3","0","0","0","0","0","2","0","3","0","0","0","3","","","N","","","","","","","","","",""
"2020023245","0454","1","0","0","0","0","0","0","0","0","7","0","","67","2","2020","7","39.93053","-75.198571","0426","6","0","0","0","0","0","0","0","0","","0","0","0","4","3","0","N","0","0","39 55:49.909","","0","75 11:54.856","9","0","0","0","67301","0","0","0","N","0","0","0","1","68K01","0","","2.0","","1","N","N","N","0","","0","0","0","0","0","","426","1","0","0","0","0","0","1","2","0","1","0","0","0","3","","","N","","","","","","","","","",""
"2020009955","1000","2","0","0","0","0","0","0","0","0","4","0","","67","1","2020","7","39.990326","-75.16297","0953","6","0","0","0","0","0","0","0","0","","0","0","0","9","1","1","","1","2","39 59:25.173","1","0","75 09:46.691","8","0","0","0","67301","0","0","0","N","0","0","0","2","67301","0","","1.0","1100.0","9","N","N","N","0","","0","0","0","0","0","Y","930","2","1","0","0","0","1","0","2","0","2","0","0","0","7","","","N","","","","","","","","","",""
"2020030516","0548","0","0","0","0","0","0","0","0","0","4","0","","67","1","2020","4","40.027194","-75.151242","0536","6","0","0","0","0","0","1","0","0","","0","0","0","5","3","0","","1","0","40 01:37.898","","0","75 09:04.471","0","0","0","0","67301","0","0","0","N","0","0","0","2","67301","0","","1.0","","1","N","N","N","0","","0","0","2","3","2","","534","2","0","0","0","0","0","0","2","0","2","0","0","0","3","03","","N","","","","","","","","","",""
"2020004458","0035","1","0","0","0","0","0","0","0","0","1","0","","67","1","2020","7","40.039822","-75.006862","0035","6","0","0","0","0","0","0","0","0","","0","0","0","0","3","5","N","0","0","40 02:23.360","","0","75 00:24.704","8","0","0","0","67301","0","0","0","N","0","0","0","5","68K01","0","","1.0","","1","N","N","N","0","","0","0","0","0","0","","3","2","5","0","0","0","5","0","2","1","2","0","0","0","3","03","","N","","","","","","","","","",""
"2020051271","1342","0","0","0","0","0","0","0","0","0","8","0","","67","6","2020","7","39.921137","-75.170451","1341","6","0","0","0","0","0","0","0","0","","0","0","0","13","1","1","N","0","0","39 55:16.092","","0","75 10:13.625","3","0","0","0","67301","1","0","0","N","1","0","0","1","67301","0","","1.0","","1","N","N","N","0","","1","0","0","0","0","","1332","2","1","0","0","0","0","0","2","0","1","1","0","0","3","03","","N","","","","","","","","","",""
"2020012780","0844","1","0","0","0","0","0","0","0","0","7","0","","67","2","2020","1","40.0371","-75.149147","0843","6","0","0","0","0","0","0","0","0","","0","0","0","8","1","0","N","0","0","40 02:13.560","","7","75 08:56.930","0","0","0","0","67301","0","0","0","N","0","0","0","1","67301","0","","4.0","","1","N","N","N","0","","0","0","0","3","2","","830","1","0","0","0","0","0","0","2","0","1","0","0","0","3","03","","N","","","","","","","","","",""
"2020004929","2125","0","0","0","0","0","0","0","0","0","8","0","","67","1","2020","7","40.038844","-75.171625","2125","6","0","0","0","0","0","1","0","0","","0","0","0","21","3","1","","1","0","40 02:19.838","","0","75 10:17.850","3","0","0","0","67301","1","0","0","N","1","0","0","2","67301","0","","1.0","","1","N","N","N","0","","1","0","1","3","2","","2120","2","1","1","0","0","0","0","2","0","1","1","0","0","3","","","N","","","","","","","","","",""
"2020008380","1055","1","0","0","0","0","0","0","0","0","4","0","","67","1","2020","2","39.926333","-75.155854","1052","6","0","0","0","0","0","1","0","0","","0","0","0","10","1","0","","1","0","39 55:34.798","","0","75 09:21.074","0","0","0","0","67301","0","0","0","N","0","0","0","2","67301","0","","1.0","","1","N","N","N","0","","0","0","1","3","3","","1050","2","0","2","0","0","0","0","2","0","2","0","0","0","3","03","","N","","","","","","","","","",""
"2020005406","0945","0","0","0","0","0","0","0","0","0","5","0","","67","1","2020","3","39.922699","-75.169977","0942","6","0","0","0","0","0","0","1","0","","0","0","0","9","1","0","N","0","0","39 55:21.715","","0","75 10:11.917","0","0","0","0","67301","0","0","0","N","0","0","0","2","67301","0","","1.0","","1","N","N","N","1","","0","0","1","0","0","","940","2","0","0","0","0","0","0","2","0","2","0","0","0","3","03","","N","","","","","","","","","",""
"2020050529","2136","1","0","0","0","0","0","0","0","0","7","0","","67","6","2020","2","39.94835","-75.186402","2134","6","0","0","0","0","0","0","0","0","","0","0","0","21","3","1","N","1","1","39 56:54.059","3","0","75 11:11.048","8","0","0","0","67301","0","0","0","N","0","0","0","1","68K01","0","","4.0","2228.0","1","N","N","N","0","","0","0","0","0","0","N","2133","1","1","0","0","0","1","0","2","0","1","0","0","0","3","03","","N","","","","","","","","","",""
"2020051026","2357","1","0","0","0","0","0","0","0","0","2","0","","67","6","2020","2","40.057886","-75.152553","2350","6","0","1","0","0","0","0","0","0","","0","0","0","23","3","0","N","0","0","40 03:28.390","","0","75 09:09.190","0","0","0","0","67301","0","0","0","N","0","0","0","1","67301","0","","6.0","","1","N","N","N","0","","0","0","2","0","0","","2320","3","0","0","0","0","0","0","2","0","3","0","0","0","3","","","N","","","","","","","","","",""
"2020013952","2043","1","0","0","0","0","0","0","0","0","4","0","","67","2","2020","7","40.012972","-75.119192","2043","6","0","0","0","0","0","0","0","0","","0","0","0","21","3","2","N","0","0","40 00:46.700","","7","75 07:09.090","3","0","0","0","67301","0","0","0","N","0","0","0","5","67301","0","","1.0","","9","N","N","N","0","","2","0","0","3","2","","2130","2","2","1","0","0","0","1","2","1","2","0","0","0","7","07","","N","","","","","","","","","",""
"2020052548","1853","0","0","0","0","0","0","0","0","0","7","0","","67","7","2020","1","40.032899","-75.13977","1850","6","0","0","0","0","0","0","0","0","","0","0","0","18","1","3","","2","0","40 01:58.436","","0","75 08:23.171","3","0","0","0","67301","0","0","0","N","0","0","0","3","67301","0","","4.0","","1","N","N","N","0","","3","0","0","0","0","","1848","1","3","2","0","0","0","0","2","1","1","0","0","0","3","03","","N","","","","","","","","","",""
"2020070467","1959","2","0","0","0","0","0","0","0","0","4","0","","67","7","2020","2","40.005033","-75.080361","1951","6","0","0","0","0","0","0","0","0","","0","0","0","18","1","1","","1","0","40 00:18.118","","0","75 04:49.299","3","0","0","0","67301","0","0","0","N","0","0","0","2","67301","0","","1.0","","9","N","N","N","0","","1","0","0","3","3","","1837","2","1","0","0","0","0","0","2","0","2","0","0","0","7","07","","N","","","","","","","","","",""
"2020004117","1356","0","0","0","0","0","0","0","0","0","8","0","","67","1","2020","6","39.956769","-75.211376","1356","6","0","0","0","0","0","0","0","0","","0","0","0","2","3","1","","1","0","39 57:24.369","","0","75 12:40.953","4","0","0","0","67301","1","0","0","N","1","0","0","2","67301","1","","1.0","","1","N","N","N","0","","0","0","0","9","2","","219","2","1","0","0","0","0","0","2","1","1","1","0","0","3","03","","N","","","","","","","","","",""
"2020050176","1305","2","0","0","0","0","0","0","0","0","1","0","","67","6","2020","6","40.006286","-75.151893","1300","6","0","0","1","0","0","0","0","0","","0","0","0","12","1","0","N","0","0","40 00:22.630","","0","75 09:06.815","0","0","0","0","67301","0","0","0","N","0","0","0","2","67505","0","","1.0","","1","N","N","N","0","","0","0","0","0","0","","1250","2","0","0","0","0","0","0","2","0","2","0","0","0","3","03","","N","","","","","","","","","",""
"2020048728","1555","0","0","0","0","0","0","0","0","0","8","1","","67","5","2020","3","39.962903","-75.164657","1548","6","0","0","0","0","0","0","0","0","","0","1","0","15","1","1","","1","0","39 57:46.450","","0","75 09:52.765","3","0","0","0","67301","1","0","0","N","1","0","0","2","67301","0","","1.0","","1","N","N","N","0","","1","0","0","3","2","","1540","2","1","1","0","0","0","0","2","0","1","1","0","0","3","03","","N","","","","","","","","","",""
"2020008272","1625","1","0","0","0","0","0","0","0","0","4","0","","67","1","2020","2","39.993949","-75.154587","1622","6","0","0","0","0","0","0","0","0","","0","0","0","16","1","1","","1","2","39 59:38.216","4","0","75 09:16.512","3","0","0","0","67301","0","0","0","N","0","0","0","3","67301","0","","1.0","1813.0","1","N","N","N","0","","1","0","1","3","2","Y","1620","2","1","0","0","0","0","0","2","0","2","0","0","0","3","03","","N","","","","","","","","","",""
"2020006956","1858","1","0","0","0","0","0","0","0","0","4","0","","67","1","2020","6","40.050854","-75.086028","1855","6","0","0","0","0","0","1","0","0","","0","0","0","18","3","1","","5","0","40 03:03.076","","0","75 05:09.699","3","0","0","0","67301","0","0","0","N","0","0","0","3","67301","0","","1.0","","1","N","N","N","1","","1","0","0","3","3","","1854","2","1","0","0","0","0","0","2","0","2","0","0","0","3","","","N","","","","","","","","","",""
"2020050505","1313","1","0","0","0","0","0","0","0","0","1","0","","67","6","2020","1","40.031195","-75.021422","1313","6","0","0","0","0","0","0","0","0","","0","0","0","13","1","1","N","0","2","40 01:52.302","1","0","75 01:17.120","3","0","0","0","67301","0","0","0","N","0","0","0","7","68K01","0","","1.0","1320.0","1","N","N","N","2","","1","0","0","3","8","N","1310","3","1","0","0","0","0","0","2","0","3","0","0","0","3","03","","N","","","","","","","","","",""
"2020016256","1755","1","0","0","0","0","0","0","0","0","7","0","","67","1","2020","3","39.874694","-75.254028","1740","6","0","0","0","0","0","0","0","0","","0","0","0","17","3","0","N","0","0","39 52:28.900","","0","75 15:14.500","0","0","0","0","67301","0","0","0","N","0","0","0","1","67301","0","","4.0","","9","N","N","N","0","","0","0","0","0","0","","1720","1","0","0","0","0","0","0","2","0","1","0","0","0","7","","","N","","","","","","","","","",""