"CRN","ARRIVAL_TM","AUTOMOBILE_COUNT","BELTED_DEATH_COUNT","BELTED_SUSP_SERIOUS_INJ_COUNT","BICYCLE_COUNT","BICYCLE_DEATH_COUNT","BICYCLE_SUSP_SERIOUS_INJ_COUNT","BUS_COUNT","CHLDPAS_DEATH_COUNT","CHLDPAS_SUSP_SERIOUS_INJ_COUNT","COLLISION_TYPE","COMM_VEH_COUNT","CONS_ZONE_SPD_LIM","COUNTY","CRASH_MONTH","CRASH_YEAR","DAY_OF_WEEK","DEC_LATITUDE","DEC_LONGITUDE","DISPATCH_TM","DISTRICT","DRIVER_COUNT_16YR","DRIVER_COUNT_17YR","DRIVER_COUNT_18YR","DRIVER_COUNT_19YR","DRIVER_COUNT_20YR","DRIVER_COUNT_50_64YR","DRIVER_COUNT_65_74YR","DRIVER_COUNT_75PLUS","EST_HRS_CLOSED","FATAL_COUNT","HEAVY_TRUCK_COUNT","HORSE_BUGGY_COUNT","HOUR_OF_DAY","ILLUMINATION","INJURY_COUNT","INTERSECTION_RELATED","INTERSECT_TYPE","LANE_CLOSED","LATITUDE","LN_CLOSE_DIR","LOCATION_TYPE","LONGITUDE","MAX_SEVERITY_LEVEL","MCYCLE_DEATH_COUNT","MCYCLE_SUSP_SERIOUS_INJ_COUNT","MOTORCYCLE_COUNT","MUNICIPALITY","NONMOTR_COUNT","NONMOTR_DEATH_COUNT","NONMOTR_SUSP_SERIOUS_INJ_COUNT","NTFY_HIWY_MAINT","PED_COUNT","PED_DEATH_COUNT","PED_SUSP_SERIOUS_INJ_COUNT","PERSON_COUNT","POLICE_AGCY","POSSIBLE_INJ_COUNT","RDWY_SURF_TYPE_CD","RELATION_TO_ROAD","ROADWAY_CLEARED","ROAD_CONDITION","SCH_BUS_IND","SCH_ZONE_IND","SECONDARY_CRASH","SMALL_TRUCK_COUNT","SPEC_JURIS_CD","SUSP_MINOR_INJ_COUNT","SUSP_SERIOUS_INJ_COUNT","SUV_COUNT","TCD_FUNC_CD","TCD_TYPE","TFC_DETOUR_IND","TIME_OF_DAY","TOTAL_UNITS","TOT_INJ_COUNT","UNBELTED_OCC_COUNT","UNB_DEATH_COUNT","UNB_SUSP_SERIOUS_INJ_COUNT","UNK_INJ_DEG_COUNT","UNK_INJ_PER_COUNT","URBAN_RURAL","VAN_COUNT","VEHICLE_COUNT","VULNERABLE_ROAD_USER_COUNT","VULNERABLE_ROAD_USER_DEATH_COUNT","VULNERABLE_ROAD_USER_SER_INJ_COUNT","WEATHER1","WEATHER2","WORKERS_PRES","WORK_ZONE_IND","WORK_ZONE_LOC","WORK_ZONE_TYPE","WZ_CLOSE_DETOUR","WZ_FLAGGER","WZ_LAW_OFFCR_IND","WZ_LN_CLOSURE","WZ_MOVING","WZ_OTHER","WZ_SHLDER_MDN","WZ_WORKERS_INJ_KILLED"
"2020015755","1030","2","0","0","0","0","0","0","0","0","4","0","","67","1","2020","5","40.011339","-75.077053","1023","6","0","0","0","0","0","0","0","0","","0","0","0","10","1","1","","1","0","40 00:40.819","","0","75 04:37.389","3","0","0","0","67301","0","0","0","N","0","0","0","6","67301","0","","1.0","","1","N","N","N","0","","1","0","0","3","2","","1020","2","1","0","0","0","0","0","2","0","2","0","0","0","3","03","","N","","","","","","","","","",""
"2020050787","0125","2","0","0","0","0","0","0","0","0","4","0","","67","6","2020","1","39.984639","-75.167814","0117","6","0","0","0","0","0","0","0","0","","0","0","0","1","3","0","N","0","2","39 59:04.700","4","0","75 10:04.130","0","0","0","0","67301","0","0","0","N","0","0","0","0","67301","0","","1.0","300.0","1","N","N","N","0","","0","0","1","0","0","Y","100","3","0","0","0","0","0","0","2","0","3","0","0","0","3","","","N","","","","","","","","","",""
"2020013136","2220","1","0","0","0","0","0","0","0","0","4","0","","67","1","2020","5","40.018988","-75.093359","2220","6","0","0","0","0","0","1","0","0","","0","0","0","18","3","0","","1","0","40 01:08.356","","0","75 05:36.092","0","0","0","0","67301","0","0","0","N","0","0","0","2","67301","0","","1.0","","1","N","N","N","0","","0","0","1","3","3","","1840","2","0","0","0","0","0","0","2","0","2","0","0","0","3","03","","N","","","","","","","","","",""
"2020009663","0918","1","0","0","0","0","0","0","0","0","4","0","","67","1","2020","7","39.92685","-75.169077","0916","6","0","0","0","0","0","0","0","1","","0","0","0","9","1","1","","1","0","39 55:36.660","","0","75 10:08.677","3","0","0","0","67301","0","0","0","N","0","0","0","3","67301","0","","1.0","","9","N","N","N","0","","1","0","1","3","2","","900","2","1","0","0","0","0","0","2","0","2","0","0","0","7","04","","N","","","","","","","","","",""
"2020058200","1215","1","0","0","0","0","0","0","0","0","2","0","","67","7","2020","4","39.911708","-75.172371","1211","6","0","0","0","0","1","1","0","0","","0","0","0","12","1","1","","1","0","39 54:42.148","","0","75 10:20.534","3","0","0","0","67301","0","0","0","N","0","0","0","3","67301","0","","1.0","","1","N","N","N","1","","1","0","0","3","2","","1205","2","1","1","0","0","0","0","2","0","2","0","0","0","3","03","","N","","","","","","","","","",""
"2020064135","1945","0","0","0","0","0","0","0","0","0","8","0","","67","8","2020","7","39.967381","-75.229064","1940","6","0","0","0","0","0","0","0","0","","0","0","0","18","1","1","N","0","0","39 58:02.570","","0","75 13:44.630","8","0","0","0","67301","1","0","0","N","1","0","0","1","67301","0","","1.0","","1","N","N","N","0","","0","0","0","0","0","","1855","2","1","0","0","0","1","0","2","0","1","1","0","0","3","03","","N","","","","","","","","","",""
"2020018668","1115","1","0","0","0","0","0","0","0","0","1","0","","67","2","2020","6","39.903685","-75.240003","1109","6","0","0","0","0","0","0","0","1","","0","0","0","23","3","3","N","0","0","39 54:13.265","","0","75 14:24.010","8","0","0","0","67301","0","0","0","N","0","0","0","3","67301","0","","1.0","","1","N","N","N","0","","0","0","1","9","9","","2330","2","3","1","0","0","3","0","2","0","2","0","0","0","3","03","","N","","","","","","","","","",""
"2020063581","0340","1","0","0","0","0","0","0","0","0","8","0","","67","8","2020","1","40.101966","-75.006096","0340","6","0","0","0","0","0","0","0","0","","0","0","0","3","3","1","","1","0","40 06:07.078","","0","75 00:21.945","8","0","0","0","67301","1","0","0","N","1","0","0","2","67301","0","","1.0","","1","N","N","N","0","","0","0","0","3","2","","335","2","1","0","0","0","1","1","2","0","1","1","0","0","3","03","","N","","","","","","","","","",""
"2020052258","2105","0","0","0","0","0","0","0","0","0","8","0","","67","7","2020","4","39.998589","-75.142525","2100","6","0","0","0","0","0","0","0","0","","0","0","0","19","1","1","N","0","9","39 59:54.920","","0","75 08:33.090","2","0","0","0","67301","1","0","1","N","1","0","1","1","67301","0","","1.0","","1","N","N","N","0","","0","1","0","0","0","U","1900","2","1","0","0","0","0","0","2","0","1","1","0","1","3","","","N","","","","","","","","","",""
"2020003716","1538","0","0","0","0","0","0","0","0","0","5","0","","67","1","2020","4","40.059556","-75.238016","1533","6","0","0","0","0","0","0","1","0","","0","0","0","15","1","1","N","0","2","40 03:34.400","5","0","75 14:16.857","8","0","0","0","67301","0","0","0","N","0","0","0","1","67301","0","","6.0","430.0","1","N","N","N","0","","0","0","2","0","0","Y","1525","2","1","0","0","0","1","0","2","0","2","0","0","0","3","03","","N","","","","","","","","","",""
"2020053406","1940","0","0","0","0","0","0","0","0","0","0","0","","67","7","2020","1","39.901765","-75.151642","1936","6","0","0","0","0","0","0","0","0","","0","0","0","19","1","1","N","0","0","39 54:06.355","","3","75 09:05.910","8","0","0","1","67301","0","0","0","N","0","0","0","1","68K01","0","","4.0","","1","N","N","N","0","","0","0","0","0","0","","1936","1","1","0","0","0","1","0","2","0","1","0","0","0","3","03","","N","","","","","","","","","",""
"2020054451","1343","1","0","0","0","0","0","0","0","0","6","0","","67","7","2020","6","40.084278","-75.227675","1333","6","0","0","0","0","1","0","0","0","","0","0","0","13","1","3","N","0","2","40 05:03.400","5","0","75 13:39.630","3","0","0","0","67301","0","0","0","N","0","0","0","3","67301","0","","1.0","1600.0","9","N","N","N","0","","3","0","1","0","0","Y","1314","2","3","1","0","0","0","0","2","0","2","0","0","0","7","04","","N","","","","","","","","","",""
"2020054197","1538","2","0","0","0","0","0","0","0","0","1","0","","67","5","2020","3","39.929307","-75.197283","1518","6","0","0","0","0","0","0","0","0","","0","0","0","15","1","0","N","0","1","39 55:45.505","4","0","75 11:50.220","0","0","0","0","67301","0","0","0","N","0","0","0","3","68K01","0","","1.0","1545.0","1","N","N","N","0","","0","0","0","0","0","N","1515","2","0","0","0","0","0","0","2","0","2","0","0","0","3","","","N","","","","","","","","","",""
"2020003979","1956","1","0","0","0","0","0","0","0","0","4","0","","67","1","2020","6","40.03145","-75.154773","1955","6","0","0","0","0","0","0","0","0","","0","0","0","17","3","2","","1","0","40 01:53.219","","0","75 09:17.182","8","0","0","0","67301","0","0","0","N","0","0","0","4","67301","0","","1.0","","99","N","N","N","0","","0","0","0","3","2","","1730","2","2","0","0","0","2","2","2","1","2","0","0","0","3","03","","N","","","","","","","","","",""
"2020013133","1625","0","0","0","0","0","0","0","0","0","4","0","","67","1","2020","5","40.030772","-75.104303","1616","6","0","0","0","0","0","0","0","0","","0","0","0","16","1","2","N","0","1","40 01:50.778","3","7","75 06:15.489","3","0","0","0","67301","0","0","0","N","0","0","0","3","67301","0","","1.0","600.0","1","N","N","N","0","","2","0","2","0","0","N","1615","2","2","0","0","0","0","0","2","0","2","0","0","0","3","","","N","","","","","","","","","",""
"2020048724","0820","1","0","0","0","0","0","0","0","0","5","0","","67","6","2020","2","40.106283","-74.999153","0813","6","0","0","0","0","0","0","0","1","","0","0","0","8","1","1","N","0","0","40 06:22.619","","0","74 59:56.952","8","0","0","0","67301","0","0","0","N","0","0","0","3","67301","0","","1.0","","1","N","N","N","0","","0","0","1","0","0","","810","2","1","0","0","0","1","0","2","0","2","0","0","0","3","03","","N","","","","","","","","","",""
"2020050956","2325","0","0","0","0","0","0","0","0","0","4","0","","67","6","2020","6","39.939885","-75.18313","2323","6","0","0","0","0","1","1","0","0","","0","0","0","23","3","1","","1","0","39 56:23.585","","0","75 10:59.267","3","0","0","1","67301","0","0","0","N","0","0","0","2","67301","0","","1.0","","1","N","N","N","0","","1","0","1","3","2","","2300","2","1","0","0","0","0","0","2","0","2","0","0","0","3","","","N","","","","","","","","","",""
"2020092310","1058","1","0","0","0","0","0","0","0","0","4","1","","67","10","2020","6","39.921081","-75.194502","1048","6","0","0","0","0","0","0","0","0","","0","1","0","10","1","1","N","0","0","39 55:15.892","","0","75 11:40.208","3","0","0","0","67301","0","0","0","N","0","0","0","3","67301","0","","1.0","","9","N","N","N","0","","1","0","0","0","0","","1017","3","1","2","0","0","0","1","2","0","3","0","0","0","7","","","N","","","","","","","","","",""
"2020008270","2120","0","0","0","0","0","0","0","0","0","8","0","","67","1","2020","7","40.06431","-75.153541","2107","6","0","0","0","0","0","0","0","0","","0","0","0","18","6","1","","1","0","40 03:51.516","","0","75 09:12.747","3","0","0","0","67301","1","0","0","N","1","0","0","2","67301","0","","1.0","","7","N","N","N","0","","1","0","0","3","2","","1830","2","1","0","0","0","0","0","2","0","1","1","0","0","10","06","","N","","","","","","","","","",""
"2020053398","1453","0","0","0","0","0","0","0","0","0","1","0","","67","7","2020","5","39.965676","-75.186352","1444","6","0","0","0","0","0","1","0","0","","0","0","0","14","1","1","N","0","0","39 57:56.434","","0","75 11:10.868","8","0","0","0","67301","0","0","0","N","0","0","0","2","68K01","0","","1.0","","1","N","N","N","0","","0","0","2","0","0","","1441","2","1","0","0","0","1","0","2","0","2","0","0","0","3","","","N","","","","","","","","","",""
"2020005161","1215","1","0","0","0","0","0","0","0","0","7","0","","67","1","2020","2","40.059969","-75.190879","1209","6","0","0","0","0","0","0","0","0","","0","0","0","11","1","1","","1","0","40 03:35.888","","0","75 11:27.166","3","0","0","0","67301","0","0","0","N","0","0","0","1","67301","0","","4.0","","1","N","N","N","0","","1","0","0","0","0","","1150","1","1","0","0","0","0","0","2","0","1","0","0","0","3","03","","N","","","","","","","","","",""
"2020012434","1630","1","0","0","0","0","0","0","0","0","1","0","","67","2","2020","7","40.059276","-75.044578","1630","6","0","0","0","0","0","0","0","0","","0","0","0","9","1","2","","1","0","40 03:33.392","","0","75 02:40.479","4","0","0","0","67301","0","0","0","N","0","0","0","3","67301","2","","1.0","","1","N","N","N","0","","0","0","1","9","2","","945","2","2","0","0","0","0","1","2","0","2","0","0","0","3","03","","N","","","","","","","","","",""
"2020003866","1350","1","0","0","0","0","0","0","0","0","0","0","","67","1","2020","5","39.900442","-75.234369","1350","6","0","0","0","0","0","0","0","0","","0","0","0","21","6","1","N","0","0","39 54:01.590","","0","75 14:03.730","8","0","0","0","67301","0","0","0","N","0","0","0","1","67301","0","","5.0","","1","N","N","N","0","","0","0","0","0","0","","2130","1","1","0","0","0","1","0","2","0","1","0","0","0","3","03","","N","","","","","","","","","",""
"2020052080","1057","0","0","0","0","0","0","0","0","0","1","2","","67","6","2020","4","39.94538","-75.190392","1039","6","0","0","0","0","0","1","0","0","","0","2","0","10","1","0","N","6","0","39 56:43.369","","2","75 11:25.410","0","0","0","0","67301","0","0","0","N","0","0","0","2","68K01","0","","1.0","","1","N","N","N","0","","0","0","0","3","4","","1035","2","0","0","0","0","0","0","2","0","2","0","0","0","3","03","","N","","","","","","","","","",""
"2020052893","0105","1","0","0","0","0","0","0","0","0","7","0","","67","7","2020","1","40.020132","-75.112934","0101","6","0","0","0","0","0","0","0","0","","0","0","0","1","3","4","","2","0","40 01:12.475","","0","75 06:46.562","3","0","0","0","67301","0","0","0","N","0","0","0","4","67301","0","","4.0","","1","N","N","N","0","","4","0","0","0","0","","100","1","4","0","0","0","0","0","2","0","1","0","0","0","3","","","N","","","","","","","","","",""
"2020012710","0550","2","0","0","0","0","0","0","0","0","4","0","","67","2","2020","1","40.003847","-75.139665","0548","6","0","0","0","0","0","1","0","0","","0","0","0","5","3","0","","1","0","40 00:13.849","","99","75 08:22.793","0","0","0","0","67301","0","0","0","N","0","0","0","2","67301","0","","1.0","","9","N","N","N","0","","0","0","0","3","2","","548","2","0","0","0","0","0","0","2","0","2","0","0","0","3","","","N","","","","","","","","","",""
"2020098002","1718","0","0","0","0","0","0","0","0","0","8","0","","67","11","2020","7","39.915514","-75.161471","1715","6","0","0","0","0","0","0","0","0","","1","0","0","15","1","0","","1","2","39 54:55.851","6","0","75 09:41.295","1","0","0","0","67301","1","1","0","N","1","1","0","2","67301","0","2","1.0","1910.0","1","N","N","N","0","0","0","0","0","3","2","Y","1510","2","0","0","0","0","0","1","2","0","1","1","1","0","3","03","","N","","","","","","","","","",""
"2020098491","0558","0","0","0","0","0","0","0","0","0","8","0","","67","11","2020","3","40.052194","-75.073486","0557","6","0","0","0","0","0","0","0","0","","1","0","0","5","5","0","N","0","0","40 03:07.900","","0","75 04:24.550","1","0","0","0","67301","1","1","0","N","1","1","0","2","67301","0","2","1.0","","1","N","N","N","0","0","0","0","0","0","0","","555","2","0","0","0","0","0","1","2","0","1","1","1","0","3","03","","N","","","","","","","","","",""
"2020039855","1601","2","0","0","0","0","0","0","0","0","7","0","","67","5","2020","7","39.890115","-75.220007","1540","6","0","0","0","0","0","0","0","0","","0","0","0","15","1","1","","7","1","39 53:24.415","2","2","75 13:12.026","8","0","0","0","67301","0","0","0","N","0","0","0","2","68K01","0","","4.0","100.0","1","N","N","N","0","","0","0","0","0","0","N","1536","2","1","0","0","0","1","0","2","0","2","0","0","0","3","","","N","","","","","","","","","",""
"2020050027","0924","1","0","0","0","0","0","1","0","0","5","1","","67","6","2020","5","40.05979","-75.165897","0917","6","0","0","0","0","0","0","0","0","","0","0","0","9","1","0","N","0","0","40 03:35.245","","0","75 09:57.229","0","0","0","0","67301","0","0","0","N","0","0","0","2","67301","0","","1.0","","1","N","N","N","0","","0","0","0","0","0","","915","2","0","0","0","0","0","0","2","0","2","0","0","0","3","03","","N","","","","","","","","","",""
"2020094367","2035","2","0","0","0","0","0","0","0","0","5","0","","67","10","2020","2","39.959074","-75.172439","2025","6","0","0","0","0","0","0","0","0","","0","0","0","20","3","1","N","0","2","39 57:32.666","3","0","75 10:20.781","8","0","0","0","67301","0","0","0","N","0","0","0","3","68K01","0","","3.0","100.0","9","N","N","N","0","","0","0","0","0","0","N","2022","2","1","0","0","0","1","0","2","0","2","0","0","0","3","","","N","","","","","","","","","",""
"2020053299","0410","1","0","0","0","0","0","0","0","0","7","0","","67","7","2020","4","40.004417","-75.15025","0407","6","0","0","0","0","0","0","0","0","","0","0","0","4","3","0","N","0","0","40 00:15.900","","0","75 09:00.900","0","0","0","0","67301","0","0","0","N","0","0","0","1","67505","0","","4.0","","1","N","N","N","0","","0","0","0","0","0","","403","1","0","0","0","0","0","0","2","0","1","0","0","0","3","03","","N","","","","","","","","","",""
"2020004009","2355","1","0","0","0","0","0","0","0","0","8","0","","67","1","2020","4","40.029908","-75.14601","2343","6","0","0","0","0","0","0","0","0","","0","0","0","21","3","1","","1","0","40 01:47.668","","0","75 08:45.635","3","0","0","0","67301","1","0","0","N","1","0","0","2","67301","0","","1.0","","98","N","N","N","0","","1","0","0","3","2","","2159","2","1","0","0","0","0","0","2","0","1","1","0","0","3","","","N","","","","","","","","","",""
"2020054455","2130","0","0","0","0","0","0","0","0","0","8","0","","67","7","2020","6","40.022505","-75.093771","2126","6","0","0","0","0","0","0","0","0","","0","0","0","20","6","1","","1","0","40 01:21.017","","0","75 05:37.575","3","0","0","0","67301","1","0","0","N","1","0","0","2","67301","0","","1.0","","9","N","N","N","0","","1","0","0","9","9","","2000","2","1","0","0","0","0","1","2","1","1","1","0","0","7","","","N","","","","","","","","","",""
"2020054545","1424","2","0","0","0","0","0","0","0","0","1","0","","67","7","2020","6","39.892293","-75.222634","1420","6","0","0","0","0","0","1","1","0","","0","0","0","13","1","0","N","0","0","39 53:32.256","","2","75 13:21.484","0","0","0","0","67301","0","0","0","N","0","0","0","2","67301","0","","1.0","","9","N","N","N","0","","0","0","0","0","0","","1350","2","0","0","0","0","0","0","2","0","2","0","0","0","4","07","","N","","","","","","","","","",""
"2020096891","","0","0","0","0","0","0","0","0","0","1","0","","67","1","2020","7","39.982312","-75.264353","","6","0","0","0","0","0","1","0","0","","0","0","0","11","1","1","","2","0","39 58:56.323","","0","75 15:51.671","8","0","0","0","67301","0","0","0","N","0","0","0","2","00000","0","","1.0","","1","","","N","0","","0","0","1","3","2","","1146","2","1","0","0","0","1","0","2","1","2","0","0","0","3","","","N","","","","","","","","","",""
"2020013950","2000","0","0","0","0","0","0","0","0","0","8","0","","67","1","2020","5","40.010125","-75.121436","1917","6","0","0","0","0","0","0","0","0","","0","0","0","18","3","1","","1","0","40 00:36.450","","0","75 07:17.168","2","0","0","0","67301","1","0","1","N","1","0","1","2","67301","0","","1.0","","1","N","N","N","0","","0","1","0","3","2","","1830","2","1","0","0","0","0","0","2","0","1","1","0","1","3","03","","N","","","","","","","","","",""
"2020050079","0440","1","0","0","0","0","0","0","0","0","1","1","","67","6","2020","1","39.969635","-75.192472","0428","6","0","0","0","0","0","1","0","0","","0","1","0","4","3","1","N","0","0","39 58:10.685","","0","75 11:32.900","3","0","0","0","67301","0","0","0","Y","0","0","0","1","68K01","0","","4.0","","1","N","N","N","0","","1","0","0","0","0","","427","2","1","0","0","0","0","0","2","0","2","0","0","0","3","","","N","","","","","","","","","",""
"2020053997","1900","1","0","0","0","0","0","0","0","0","4","0","","67","7","2020","5","40.064523","-75.160639","1900","6","0","0","0","0","0","0","0","0","","0","0","0","19","1","2","","1","0","40 03:52.283","","0","75 09:38.302","3","0","0","0","67301","0","0","0","N","0","0","0","2","67301","0","","1.0","","1","N","N","N","0","","2","0","1","2","2","","1900","2","2","0","0","0","0","0","2","0","2","0","0","0","3","","","N","","","","","","","","","",""
"2020054136","0900","2","0","0","0","0","0","0","0","0","1","0","","67","7","2020","2","39.981903","-75.265277","0856","6","0","1","0","0","0","2","0","0","","0","0","0","8","1","0","Y","0","0","39 58:54.850","","0","75 15:54.996","9","0","0","0","67301","0","0","0","N","0","0","0","4","67301","0","","1.0","","1","N","N","N","0","","0","0","2","3","2","","828","4","0","0","0","0","0","3","2","0","4","0","0","0","3","03","","N","","","","","","","","","",""
"2020053410","1204","0","0","0","0","0","0","0","0","0","1","0","","67","7","2020","2","39.968127","-75.129432","1203","6","0","0","0","0","0","0","0","0","","0","0","0","11","1","0","N","0","1","39 58:05.257","1","0","75 07:45.955","0","0","0","0","67301","0","0","0","N","0","0","0","4","68K01","0","","1.0","1245.0","1","N","N","N","0","","0","0","3","0","0","N","1153","3","0","0","0","0","0","0","2","0","3","0","0","0","3","","","N","","","","","","","","","",""
"2020011431","0019","1","0","0","0","0","0","0","0","0","1","0","","67","1","2020","7","40.024758","-75.149545","0017","6","0","0","0","0","0","0","0","0","","0","0","0","0","3","2","","5","0","40 01:29.128","","0","75 08:58.361","4","0","0","0","67301","0","0","0","N","0","0","0","3","67301","2","","1.0","","1","N","N","N","0","","0","0","0","3","2","","6","2","2","0","0","0","0","0","2","1","2","0","0","0","3","03","","N","","","","","","","","","",""
"2020052816","1830","0","0","0","0","0","0","0","0","0","8","0","","67","7","2020","7","40.000256","-75.155058","1817","6","0","0","0","0","0","0","0","0","","0","0","0","17","1","1","N","0","1","40 00:00.920","4","0","75 09:18.210","3","0","0","0","67301","1","0","0","N","0","0","0","1","67301","0","","1.0","1915.0","1","N","N","N","0","","1","0","0","0","0","Y","1722","2","1","0","0","0","0","0","2","0","1","1","0","0","3","03","","N","","","","","","","","","",""
"2020049753","1341","1","0","0","0","0","0","0","0","0","5","0","","67","6","2020","5","40.008022","-75.191724","1341","6","0","0","0","0","0","0","0","0","","0","0","0","20","3","0","N","0","0","40 00:28.879","","0","75 11:30.205","9","0","0","0","67301","0","0","0","N","0","0","0","2","67301","0","","1.0","","1","N","N","N","0","","0","0","0","0","0","","2045","2","0","0","0","0","0","1","2","0","2","0","0","0","3","","","N","","","","","","","","","",""
"2020006870","0830","1","0","0","0","0","0","0","0","0","1","0","","67","1","2020","3","40.020398","-75.140103","0820","6","0","0","0","0","0","1","0","0","","0","0","0","20","3","1","","1","0","40 01:13.432","","0","75 08:24.370","8","0","0","0","67301","0","0","0","N","0","0","0","2","67301","0","","1.0","","1","N","N","N","0","","0","0","1","3","2","","2000","2","1","0","0","0","1","0","2","0","2","0","0","0","3","03","","N","","","","","","","","","",""
"2020006959","1245","0","0","0","0","0","0","0","0","0","7","0","","67","1","2020","7","40.116304","-74.982999","1240","6","0","0","0","0","0","0","0","0","","0","0","0","12","1","1","N","0","0","40 06:58.694","","0","74 58:58.795","3","0","0","0","67301","0","0","0","N","0","0","0","1","67301","0","","4.0","","7","N","N","N","1","","1","0","0","0","0","","1239","1","1","0","0","0","0","0","2","0","1","0","0","0","10","04","","N","","","","","","","","","",""
"2020011980","1215","2","0","0","0","0","0","0","0","0","4","0","","67","1","2020","4","40.031874","-75.131503","1213","6","0","1","0","0","0","1","0","0","","0","0","0","12","1","1","","1","0","40 01:54.746","","0","75 07:53.410","3","0","0","0","67301","0","0","0","N","0","0","0","3","67301","0","","1.0","","1","N","N","N","0","","1","0","1","3","2","","1210","3","1","0","0","0","0","1","2","0","3","0","0","0","3","03","","N","","","","","","","","","",""
"2020007746","0058","0","0","0","0","0","0","0","0","0","7","0","","67","1","2020","3","39.985522","-75.120987","0028","6","0","0","0","0","0","0","0","0","","0","0","0","0","3","1","N","0","0","39 59:07.880","","0","75 07:15.554","3","0","0","0","67301","0","0","0","N","0","0","0","1","67301","0","","5.0","","1","N","N","N","0","","1","0","0","0","0","","20","1","1","0","0","0","0","0","2","1","1","0","0","0","3","03","","N","","","","","","","","","",""
"2020008662","2009","2","0","0","0","0","0","0","0","0","1","0","","67","1","2020","1","39.960043","-75.179172","1956","6","0","0","0","0","0","0","0","0","","0","0","0","19","3","1","N","0","1","39 57:36.155","4","0","75 10:45.018","8","0","0","0","67301","0","0","0","N","0","0","0","3","68K01","0","","1.0","2020.0","1","N","N","N","0","","0","0","0","0","0","N","1953","2","1","1","0","0","1","0","2","0","2","0","0","0","3","03","","N","","","","","","","","","",""
"2020055294","1750","0","0","0","0","0","0","0","0","0","5","0","","67","7","2020","6","40.106315","-74.994956","1750","6","0","0","0","0","0","0","0","0","","0","0","0","17","1","0","","6","1","40 06:22.733","3","2","74 59:41.841","0","0","0","0","67301","0","0","0","N","0","0","0","3","67301","0","","7.0","1930.0","9","N","N","N","0","","0","0","2","3","4","N","1713","2","0","0","0","0","0","0","2","0","2","0","0","0","7","04","","N","","","","","","","","","",""
"2020097428","0408","0","0","0","0","0","0","0","0","0","0","0","","67","10","2020","7","39.982594","-75.207754","0408","6","0","0","0","0","0","0","0","0","","0","0","0","4","3","0","N","0","0","39 58:57.340","","0","75 12:27.916","0","0","0","0","67301","0","0","0","N","0","0","0","2","68K01","0","","1.0","","1","N","N","N","0","","0","0","1","0","0","","408","1","0","0","0","0","0","0","2","0","1","0","0","0","3","","","N","","","","","","","","","",""
"2020031709","1906","2","0","0","0","0","0","0","0","0","4","0","","67","3","2020","1","39.973555","-75.208895","1904","6","0","0","0","0","0","0","0","0","","0","0","0","19","4","0","","2","0","39 58:24.799","","0","75 12:32.023","9","0","0","0","67301","0","0","0","N","0","0","0","3","67301","0","","1.0","","1","N","N","N","0","","0","0","0","3","2","","1900","2","0","0","0","0","0","1","2","0","2","0","0","0","3","03","","N","","","","","","","","","",""
"2020068235","2220","1","0","0","0","0","0","0","0","0","7","0","","67","8","2020","3","39.925339","-75.146594","2217","6","0","0","0","0","0","0","0","0","","0","0","0","21","3","0","N","0","0","39 55:31.220","","0","75 08:47.740","0","0","0","0","67301","0","0","0","N","0","0","0","1","67301","0","","4.0","","1","N","N","N","0","","0","0","0","0","0","","2141","1","0","0","0","0","0","0","2","0","1","0","0","0","3","03","","N","","","","","","","","","",""
"2020028101","0758","4","0","0","0","0","0","0","0","0","5","0","","67","3","2020","6","39.988344","-75.184633","0752","6","0","0","0","0","0","0","0","0","","0","0","0","7","1","2","N","0","0","39 59:18.040","","0","75 11:04.680","4","0","0","0","67301","0","0","0","N","0","0","0","4","67301","1","","6.0","","9","N","N","N","0","","0","0","0","0","0","","750","4","2","1","0","0","1","2","2","0","4","0","0","0","5","04","","N","","","","","","","","","",""
"2020053405","2128","0","0","0","0","0","0","0","0","0","1","0","","67","7","2020","7","40.007292","-75.200496","2122","6","0","0","1","0","0","0","0","0","","0","0","0","21","3","0","N","0","0","40 00:26.251","","0","75 12:01.784","0","0","0","0","67301","0","0","0","N","0","0","0","2","68K01","0","","1.0","","1","N","N","N","0","","0","0","2","0","0","","2120","2","0","0","0","0","0","0","2","0","2","0","0","0","3","","","N","","","","","","","","","",""
"2020006960","1054","1","0","0","0","0","0","0","0","0","4","0","","67","1","2020","4","40.034318","-75.191902","1052","6","0","0","0","0","0","1","0","0","","0","0","0","9","1","0","N","2","0","40 02:03.546","","0","75 11:30.847","9","0","0","0","67301","0","0","0","N","0","0","0","2","67301","0","","1.0","","1","N","N","N","1","","0","0","0","0","0","","945","2","0","0","0","0","0","1","2","0","2","0","0","0","3","","","N","","","","","","","","","",""
"2020009854","2030","1","0","0","0","0","0","0","0","0","8","0","","67","1","2020","7","39.923095","-75.159735","2024","6","0","0","0","0","0","1","0","0","","0","0","0","20","3","2","","1","0","39 55:23.141","","0","75 09:35.045","3","0","0","0","67301","2","0","0","N","2","0","0","3","67301","0","","1.0","","1","N","N","N","0","","2","0","0","3","2","","2017","3","2","0","0","0","0","0","2","0","1","2","0","0","3","03","","N","","","","","","","","","",""
"2020052956","0219","2","0","0","0","0","0","0","0","0","4","0","","67","7","2020","1","39.94716","-75.237809","0216","6","0","0","0","0","0","0","0","0","","0","0","0","2","3","3","","1","0","39 56:49.776","","0","75 14:16.112","3","0","0","0","67301","0","0","0","N","0","0","0","3","67301","0","","1.0","","1","N","N","N","0","","2","0","0","3","3","","214","2","3","0","0","0","1","0","2","0","2","0","0","0","3","03","","N","","","","","","","","","",""