"CRN","ARRIVAL_TM","AUTOMOBILE_COUNT","BELTED_DEATH_COUNT","BELTED_SUSP_SERIOUS_INJ_COUNT","BICYCLE_COUNT","BICYCLE_DEATH_COUNT","BICYCLE_SUSP_SERIOUS_INJ_COUNT","BUS_COUNT","CHLDPAS_DEATH_COUNT","CHLDPAS_SUSP_SERIOUS_INJ_COUNT","COLLISION_TYPE","COMM_VEH_COUNT","CONS_ZONE_SPD_LIM","COUNTY","CRASH_MONTH","CRASH_YEAR","DAY_OF_WEEK","DEC_LATITUDE","DEC_LONGITUDE","DISPATCH_TM","DISTRICT","DRIVER_COUNT_16YR","DRIVER_COUNT_17YR","DRIVER_COUNT_18YR","DRIVER_COUNT_19YR","DRIVER_COUNT_20YR","DRIVER_COUNT_50_64YR","DRIVER_COUNT_65_74YR","DRIVER_COUNT_75PLUS","EST_HRS_CLOSED","FATAL_COUNT","HEAVY_TRUCK_COUNT","HORSE_BUGGY_COUNT","HOUR_OF_DAY","ILLUMINATION","INJURY_COUNT","INTERSECTION_RELATED","INTERSECT_TYPE","LANE_CLOSED","LATITUDE","LN_CLOSE_DIR","LOCATION_TYPE","LONGITUDE","MAX_SEVERITY_LEVEL","MCYCLE_DEATH_COUNT","MCYCLE_SUSP_SERIOUS_INJ_COUNT","MOTORCYCLE_COUNT","MUNICIPALITY","NONMOTR_COUNT","NONMOTR_DEATH_COUNT","NONMOTR_SUSP_SERIOUS_INJ_COUNT","NTFY_HIWY_MAINT","PED_COUNT","PED_DEATH_COUNT","PED_SUSP_SERIOUS_INJ_COUNT","PERSON_COUNT","POLICE_AGCY","POSSIBLE_INJ_COUNT","RDWY_SURF_TYPE_CD","RELATION_TO_ROAD","ROADWAY_CLEARED","ROAD_CONDITION","SCH_BUS_IND","SCH_ZONE_IND","SECONDARY_CRASH","SMALL_TRUCK_COUNT","SPEC_JURIS_CD","SUSP_MINOR_INJ_COUNT","SUSP_SERIOUS_INJ_COUNT","SUV_COUNT","TCD_FUNC_CD","TCD_TYPE","TFC_DETOUR_IND","TIME_OF_DAY","TOTAL_UNITS","TOT_INJ_COUNT","UNBELTED_OCC_COUNT","UNB_DEATH_COUNT","UNB_SUSP_SERIOUS_INJ_COUNT","UNK_INJ_DEG_COUNT","UNK_INJ_PER_COUNT","URBAN_RURAL","VAN_COUNT","VEHICLE_COUNT","VULNERABLE_ROAD_USER_COUNT","VULNERABLE_ROAD_USER_DEATH_COUNT","VULNERABLE_ROAD_USER_SER_INJ_COUNT","WEATHER1","WEATHER2","WORKERS_PRES","WORK_ZONE_IND","WORK_ZONE_LOC","WORK_ZONE_TYPE","WZ_CLOSE_DETOUR","WZ_FLAGGER","WZ_LAW_OFFCR_IND","WZ_LN_CLOSURE","WZ_MOVING","WZ_OTHER","WZ_SHLDER_MDN","WZ_WORKERS_INJ_KILLED"
"2020097916","1035","1","0","0","0","0","0","0","0","0","4","0","","67","11","2020","6","40.009948","-75.108374","1032","6","0","0","0","0","0","0","0","2","","0","0","0","10","1","0","","1","0","40 00:35.812","","0","75 06:30.148","0","0","0","0","67301","0","0","0","N","0","0","0","2","67301","0","","1.0","","9","N","N","N","0","","0","0","1","3","3","","1030","2","0","2","0","0","0","0","2","0","2","0","0","0","7","04","","N","","","","","","","","","",""
"2020055964","1856","1","0","0","0","0","0","0","0","0","7","0","","67","7","2020","7","39.941783","-75.237675","1855","6","0","0","0","0","0","0","0","0","","0","0","0","18","1","0","N","0","0","39 56:30.420","","0","75 14:15.630","0","0","0","0","67301","0","0","0","N","0","0","0","1","67301","0","","6.0","","1","N","N","N","0","","0","0","0","0","0","","1850","1","0","0","0","0","0","0","2","0","1","0","0","0","3","03","","N","","","","","","","","","",""
"2020085041","1926","1","0","0","0","0","0","0","0","0","7","0","","67","10","2020","2","39.968081","-75.202059","1926","6","0","0","0","0","0","0","0","0","","0","0","0","19","3","1","","1","0","39 58:05.093","","0","75 12:07.413","8","0","0","0","67301","0","0","0","N","0","0","0","1","67301","0","","5.0","","9","N","N","N","0","","0","0","0","0","0","","1926","1","1","0","0","0","1","0","2","0","1","0","0","0","7","07","","N","","","","","","","","","",""
"2020013134","1254","1","0","0","0","0","0","0","0","0","4","0","","67","1","2020","6","40.06126","-75.056664","1251","6","0","0","0","0","0","0","0","1","","0","0","0","12","1","1","N","0","1","40 03:40.535","1","0","75 03:23.991","3","0","0","0","67301","0","0","0","N","0","0","0","2","67301","0","","1.0","1423.0","1","N","N","N","0","","1","0","0","0","0","Y","1245","2","1","2","0","0","0","0","2","1","2","0","0","0","3","","","N","","","","","","","","","",""
"2020050525","0648","1","0","0","0","0","0","0","0","0","5","0","","67","6","2020","1","39.932078","-75.199908","0644","6","0","0","0","0","0","0","0","0","","0","0","0","6","1","0","N","0","1","39 55:55.481","4","0","75 11:59.669","0","0","0","0","67301","0","0","0","N","0","0","0","1","68K01","0","","5.0","800.0","1","N","N","N","0","","0","0","0","0","0","N","637","2","0","0","0","0","0","0","2","0","2","0","0","0","3","03","","N","","","","","","","","","",""
"2020011849","0945","1","0","0","0","0","0","0","0","0","4","0","","67","1","2020","4","39.966949","-75.208456","0945","6","0","0","0","0","0","1","0","0","","0","0","0","9","1","2","","5","0","39 58:01.017","","0","75 12:30.442","4","0","0","0","67301","0","0","0","N","0","0","0","2","67301","2","","1.0","","1","N","N","N","0","","0","0","1","3","3","","940","2","2","0","0","0","0","0","2","0","2","0","0","0","3","03","","N","","","","","","","","","",""
"2020052841","2228","1","0","0","0","0","0","0","0","0","98","0","","67","6","2020","3","39.961446","-75.182061","2221","6","0","0","0","0","0","1","0","0","","0","0","0","22","3","0","N","0","0","39 57:41.206","","0","75 10:55.420","0","0","0","0","67301","0","0","0","N","0","0","0","1","68K01","0","","1.0","","1","N","N","N","0","","0","0","0","0","0","","2212","1","0","0","0","0","0","0","2","0","1","0","0","0","3","","","N","","","","","","","","","",""
"2020023973","1115","1","0","0","0","0","0","0","0","0","5","0","","67","3","2020","5","39.942029","-75.165797","1103","6","0","0","0","0","0","0","1","0","","0","0","0","11","1","1","N","0","1","39 56:31.303","1","0","75 09:56.869","3","0","0","0","67301","0","0","0","N","0","0","0","1","67301","0","","5.0","1400.0","1","N","N","N","0","","1","0","1","0","0","N","1100","2","1","1","0","0","0","0","2","0","2","0","0","0","3","03","","N","","","","","","","","","",""
"2020033117","1938","3","0","0","0","0","0","0","0","0","4","0","","67","3","2020","2","39.916811","-75.160548","1938","6","0","0","0","0","1","0","0","0","","0","0","0","19","3","3","","1","0","39 55:00.519","","0","75 09:37.972","3","0","0","0","67301","0","0","0","N","0","0","0","3","67301","0","","1.0","","1","N","N","N","0","","2","0","2","3","3","","1938","5","3","2","0","0","1","0","2","0","5","0","0","0","3","03","","N","","","","","","","","","",""
"2020050427","1829","1","0","0","0","0","0","0","0","0","1","0","","67","6","2020","7","40.05163","-74.989071","1829","6","0","0","0","0","0","1","0","0","","0","0","0","18","1","1","N","0","0","40 03:05.867","","0","74 59:20.655","8","0","0","0","67301","0","0","0","Y","0","0","0","4","68K01","0","","1.0","","1","N","N","N","1","","0","0","0","0","0","","1829","2","1","1","0","0","1","0","2","0","2","0","0","0","3","","","N","","","","","","","","","",""
"2020049849","2120","1","0","0","0","0","0","0","0","0","4","0","","67","6","2020","4","39.9593","-75.225008","2118","6","0","0","0","0","0","0","0","0","","0","0","0","21","3","1","N","0","0","39 57:33.481","","0","75 13:30.028","2","0","1","1","67301","0","0","0","N","0","0","0","2","67301","0","","1.0","","1","N","N","N","0","","0","1","0","0","0","","2116","2","1","0","0","0","0","0","2","0","2","0","0","0","3","03","","N","","","","","","","","","",""
"2020028146","1845","2","0","0","0","0","0","0","0","0","4","0","","67","3","2020","6","39.955694","-75.190454","1845","6","0","0","0","0","0","0","0","0","","0","0","0","18","1","2","N","0","0","39 57:20.497","","0","75 11:25.635","3","0","0","0","67301","0","0","0","N","0","0","0","4","67507","0","","1.0","","1","N","N","N","0","","2","0","0","0","0","","1835","2","2","0","0","0","0","0","2","0","2","0","0","0","3","03","","N","","","","","","","","","",""
"2020092345","0425","1","0","0","0","0","0","0","0","0","2","0","","67","10","2020","7","40.041305","-75.028533","0418","6","0","0","0","0","1","0","0","0","","0","0","0","4","3","0","N","0","0","40 02:28.697","","0","75 01:42.720","0","0","0","0","67301","0","0","0","N","0","0","0","1","67301","0","","1.0","","1","N","N","N","0","","0","0","1","0","0","","415","2","0","0","0","0","0","0","2","0","2","0","0","0","3","03","","N","","","","","","","","","",""
"2020096993","2300","0","0","0","0","0","0","0","0","0","7","0","","67","10","2020","3","40.001536","-75.104258","2209","6","0","0","0","0","0","1","0","0","","1","0","0","20","3","0","N","5","0","40 00:05.531","","0","75 06:15.328","1","0","0","0","67301","0","0","0","N","0","0","0","1","67301","0","2","3.0","","1","N","N","N","0","0","0","0","1","3","2","","2025","1","0","0","0","0","0","0","2","0","1","0","0","0","3","03","","N","","","","","","","","","",""
"2020097398","1510","1","0","0","0","0","0","0","0","0","2","0","","67","10","2020","6","39.958654","-75.169071","1459","6","0","0","0","0","0","0","0","0","","0","0","0","14","1","0","N","0","1","39 57:31.153","3","0","75 10:08.656","0","0","0","0","67301","0","0","0","N","0","0","0","2","68K01","0","","1.0","1510.0","9","N","N","N","0","","0","0","1","0","0","N","1454","2","0","0","0","0","0","0","2","0","2","0","0","0","7","07","","N","","","","","","","","","",""
"2020048721","0830","2","0","0","0","0","0","0","0","0","4","0","","67","6","2020","1","39.958023","-75.148822","0830","6","0","0","0","0","0","0","0","0","","0","0","0","2","3","3","","1","9","39 57:28.881","","0","75 08:55.758","3","0","0","0","67301","0","0","0","N","0","0","0","6","67301","0","","1.0","","1","N","N","N","0","","2","0","0","3","2","","240","2","3","0","0","0","1","3","2","0","2","0","0","0","3","03","","N","","","","","","","","","",""
"2020052891","2337","0","0","0","0","0","0","0","0","0","0","0","","67","7","2020","2","39.996175","-75.201903","2325","6","0","0","0","0","0","0","0","0","","1","0","0","22","3","1","N","0","1","39 59:46.230","3","0","75 12:06.850","1","0","0","0","67301","0","0","0","N","0","0","0","2","67301","0","2","2.0","2345.0","9","N","N","N","0","0","1","0","1","0","0","Y","2250","1","1","0","0","0","0","0","2","0","1","0","0","0","3","03","","N","","","","","","","","","",""
"2020009953","1743","1","0","0","0","0","0","0","0","0","4","0","","67","1","2020","7","39.922622","-75.241308","1742","6","0","0","0","0","0","0","0","0","","0","0","0","17","3","1","","5","0","39 55:21.439","","0","75 14:28.708","3","0","0","0","67301","0","0","0","N","0","0","0","2","67301","0","","1.0","","9","N","N","N","0","","1","0","1","3","3","","1722","2","1","0","0","0","0","0","2","0","2","0","0","0","3","03","","N","","","","","","","","","",""
"2020053105","1300","1","0","0","0","0","0","0","0","0","5","0","","67","7","2020","1","39.929503","-75.242225","1300","6","0","0","0","0","0","0","0","0","","0","0","0","19","3","1","N","0","0","39 55:46.210","","0","75 14:32.010","8","0","0","0","67301","0","0","0","N","0","0","0","2","67301","0","","1.0","","1","N","N","N","1","","0","0","0","0","0","","1930","2","1","0","0","0","1","0","2","0","2","0","0","0","3","03","","N","","","","","","","","","",""
"2020005656","0250","1","0","0","0","0","0","0","0","0","4","0","","67","1","2020","1","40.023824","-75.123859","0242","6","0","0","0","0","0","0","1","0","","0","0","0","2","3","1","","5","1","40 01:25.766","1","0","75 07:25.892","3","0","0","0","67301","0","0","0","N","0","0","0","2","67301","0","","1.0","400.0","9","N","N","N","0","","1","0","1","3","2","N","240","2","1","0","0","0","0","0","2","0","2","0","0","0","7","","","N","","","","","","","","","",""
"2020091313","1442","1","0","0","0","0","0","0","0","0","1","0","","67","10","2020","2","40.021631","-75.177026","1439","6","0","0","0","0","0","0","0","0","","0","0","0","14","1","2","N","0","0","40 01:17.871","","0","75 10:37.294","8","0","0","0","67301","0","0","0","N","0","0","0","3","67301","0","","1.0","","9","N","N","N","0","","0","0","1","0","0","","1435","2","2","0","0","0","2","0","2","0","2","0","0","0","4","04","","N","","","","","","","","","",""
"2020052256","1614","1","0","0","0","0","0","1","0","0","2","1","","67","7","2020","6","39.996738","-75.115623","1614","6","0","0","0","0","0","0","0","0","","0","0","0","16","1","2","N","0","0","39 59:48.256","","0","75 06:56.241","4","0","0","0","67301","0","0","0","N","0","0","0","6","67301","2","","1.0","","1","N","N","N","0","","0","0","0","3","2","","1614","2","2","1","0","0","0","0","2","0","2","0","0","0","3","03","","N","","","","","","","","","",""
"2020003869","1210","1","0","0","0","0","0","0","0","0","5","0","","67","1","2020","7","40.063636","-75.145902","1209","6","0","0","0","0","0","0","0","0","","0","0","0","0","3","0","","2","0","40 03:49.089","","0","75 08:45.247","0","0","0","0","67301","0","0","0","N","0","0","0","1","67301","0","","1.0","","1","N","N","N","0","","0","0","1","0","0","","0","2","0","0","0","0","0","0","2","0","2","0","0","0","3","03","","N","","","","","","","","","",""
"2020016749","0630","0","0","0","0","0","0","0","0","0","8","0","","67","2","2020","7","39.991458","-75.122594","0630","6","0","0","0","0","0","0","0","0","","0","0","0","6","1","1","N","0","0","39 59:29.250","","0","75 07:21.340","8","0","0","0","67301","1","0","0","N","1","0","0","2","67301","0","","1.0","","1","N","N","N","1","","0","0","0","3","2","","630","2","1","0","0","0","1","0","2","0","1","1","0","0","3","03","","N","","","","","","","","","",""
"2020027500","0142","1","0","0","0","0","0","0","0","0","7","0","","67","1","2020","1","39.957886","-75.164757","0133","6","0","0","0","0","0","0","0","0","","0","0","0","1","3","0","N","0","2","39 57:28.390","3","2","75 09:53.125","9","0","0","0","67301","0","0","0","N","0","0","0","1","68K01","0","","2.0","20.0","9","N","N","N","0","","0","0","0","0","0","Y","131","1","0","0","0","0","0","1","2","0","1","0","0","0","3","","","N","","","","","","","","","",""
"2020052503","0040","2","0","0","0","0","0","0","0","0","4","0","","67","7","2020","1","39.950219","-75.224898","0030","6","0","0","0","0","0","0","0","0","","0","0","0","0","3","1","","1","0","39 57:00.788","","0","75 13:29.632","4","0","0","0","67301","0","0","0","N","0","0","0","4","67301","1","","1.0","","1","N","N","N","0","","0","0","0","3","3","","23","2","1","0","0","0","0","0","2","0","2","0","0","0","3","03","","N","","","","","","","","","",""
"2020053995","1915","2","0","0","0","0","0","0","0","0","4","0","","67","7","2020","4","39.944939","-75.148423","1913","6","0","1","0","0","0","0","0","0","","0","0","0","19","1","0","","1","0","39 56:41.782","","0","75 08:54.322","0","0","0","0","67301","0","0","0","N","0","0","0","2","67301","0","","1.0","","1","N","N","N","0","","0","0","0","3","2","","1910","2","0","0","0","0","0","0","2","0","2","0","0","0","3","","","N","","","","","","","","","",""
"2020098806","1711","1","0","0","0","0","0","0","0","0","2","0","","67","11","2020","2","39.962336","-75.161346","1705","6","0","0","0","0","0","0","0","1","","0","0","0","17","4","2","","1","0","39 57:44.409","","0","75 09:40.847","3","0","0","0","67301","0","0","0","N","0","0","0","6","67301","0","","1.0","","1","N","N","N","0","","2","0","1","3","2","","1700","2","2","0","0","0","0","0","2","0","2","0","0","0","3","04","","N","","","","","","","","","",""
"2020097403","1952","1","0","0","0","0","0","0","0","0","1","0","","67","10","2020","6","39.978467","-75.202716","1947","6","0","0","0","1","1","0","0","0","","0","0","0","19","3","0","N","0","0","39 58:42.481","","0","75 12:09.778","9","0","0","0","67301","0","0","0","N","0","0","0","6","68K01","0","","1.0","","1","N","N","N","0","","0","0","2","0","0","","1945","3","0","0","0","0","0","1","2","0","3","0","0","0","3","","","N","","","","","","","","","",""
"2020011412","1951","1","0","0","0","0","0","0","0","0","4","0","","67","1","2020","2","40.052316","-75.007986","1950","6","0","0","0","0","0","0","0","1","","0","0","0","19","3","2","","1","0","40 03:08.339","","0","75 00:28.750","2","0","0","0","67301","0","0","0","N","0","0","0","7","67301","0","","1.0","","1","N","N","N","0","","1","1","1","3","2","","1945","3","2","1","0","1","0","0","2","1","3","0","0","0","3","03","","N","","","","","","","","","",""
"2020048707","1818","0","0","0","0","0","0","0","0","0","8","0","","67","6","2020","6","39.937603","-75.164627","1818","6","0","0","0","0","1","0","0","0","","0","0","0","18","1","1","","1","0","39 56:15.369","","0","75 09:52.657","3","0","0","0","67301","1","0","0","N","1","0","0","2","67301","0","","1.0","","1","N","N","N","0","","1","0","1","3","2","","1817","2","1","0","0","0","0","0","2","0","1","1","0","0","3","03","","N","","","","","","","","","",""
"2020058948","0853","1","0","0","0","0","0","0","0","0","7","0","45","67","7","2020","1","40.01384","-75.056845","0845","6","0","0","0","0","0","0","0","0","","0","0","0","8","1","0","N","0","1","40 00:49.824","2","0","75 03:24.643","0","0","0","0","67301","0","0","0","N","0","0","0","2","68K01","0","","4.0","1022.0","1","N","N","N","0","","0","0","0","0","0","N","844","1","0","1","0","0","0","0","2","0","1","0","0","0","3","03","N","Y","8","1","","","N","Y","","","","N"
"2020052665","1420","0","0","0","1","0","0","0","0","0","8","0","","67","7","2020","2","39.955803","-75.191303","1415","6","0","0","0","0","0","0","0","0","","0","0","0","14","1","1","N","0","0","39 57:20.890","","0","75 11:28.692","8","0","0","0","67301","1","0","0","N","0","0","0","2","67507","0","","1.0","","9","","","N","0","","0","0","0","0","0","","1410","2","1","0","0","0","1","0","2","0","1","1","0","0","7","","","N","","","","","","","","","",""
"2020062683","2056","1","0","0","0","0","0","0","0","0","4","0","","67","7","2020","2","39.946058","-75.239341","2055","6","0","0","0","0","0","1","0","0","","0","0","0","20","3","2","","3","0","39 56:45.808","","0","75 14:21.628","3","0","0","0","67301","0","0","0","N","0","0","0","4","67301","0","","1.0","","9","N","N","N","1","","2","0","1","3","3","","2043","3","2","1","0","0","0","0","2","0","3","0","0","0","7","","","N","","","","","","","","","",""
"2020044891","0715","1","0","0","0","0","0","0","0","0","5","0","","67","5","2020","6","39.943525","-75.246681","0705","6","0","0","0","0","0","1","0","0","","0","0","0","7","1","1","N","0","0","39 56:36.689","","6","75 14:48.050","3","0","0","0","67301","0","0","0","N","0","0","0","2","67508","0","","1.0","","1","N","N","N","0","","1","0","0","0","0","","705","2","1","0","0","0","0","0","2","0","2","0","0","0","3","","","N","","","","","","","","","",""
"2020013107","0300","1","0","0","0","0","0","0","0","0","4","0","","67","2","2020","1","39.947876","-75.213894","0259","6","0","0","0","0","0","0","0","0","","0","0","0","2","3","0","","1","0","39 56:52.353","","99","75 12:50.018","0","0","0","0","67301","0","0","0","N","0","0","0","2","67301","0","","1.0","","9","N","N","N","0","","0","0","1","9","3","","215","2","0","2","0","0","0","0","2","0","2","0","0","0","3","","","N","","","","","","","","","",""
"2020006958","1408","1","0","0","0","0","0","0","0","0","4","0","","67","1","2020","6","40.066769","-75.234816","1358","6","0","0","0","0","0","0","1","1","","0","0","0","13","1","1","","1","0","40 04:00.368","","0","75 14:05.337","3","0","0","0","67301","0","0","0","N","0","0","0","2","67301","0","","1.0","","1","N","N","N","0","","1","0","1","3","3","","1357","2","1","0","0","0","0","0","2","0","2","0","0","0","3","03","","N","","","","","","","","","",""
"2020011266","1102","1","0","0","0","0","0","0","0","0","7","0","","67","1","2020","3","39.913546","-75.221594","1047","6","0","0","0","0","0","0","0","0","","0","0","0","7","1","0","N","0","0","39 54:48.764","","0","75 13:17.739","0","0","0","0","67301","0","0","0","N","0","0","0","1","67301","0","","5.0","","1","N","N","N","0","","0","0","0","3","2","","716","1","0","0","0","0","0","0","2","0","1","0","0","0","4","","","N","","","","","","","","","",""
"2020052957","2002","0","0","0","0","0","0","0","0","0","1","0","","67","7","2020","1","39.951811","-75.216458","1959","6","0","0","0","0","0","0","0","0","","0","0","0","19","4","0","N","0","0","39 57:06.520","","0","75 12:59.250","0","0","0","0","67301","0","0","0","N","0","0","0","1","67301","0","","6.0","","1","N","N","N","0","","0","0","2","0","0","","1943","2","0","0","0","0","0","0","2","0","2","0","0","0","3","03","","N","","","","","","","","","",""
"2020023845","0245","1","0","0","0","0","0","0","0","0","8","0","","67","3","2020","5","40.02758","-75.147134","0237","6","0","0","0","0","0","0","0","0","","0","0","0","2","3","1","","1","1","40 01:39.287","1","0","75 08:49.681","2","0","0","0","67301","1","0","1","N","1","0","1","2","67301","0","","1.0","531.0","1","N","N","N","0","","0","1","0","3","2","N","227","2","1","0","0","0","0","0","2","0","1","1","0","1","3","","","N","","","","","","","","","",""
"2020004690","0414","1","0","0","0","0","0","0","0","0","4","0","","67","1","2020","7","40.040499","-75.058879","0412","6","0","0","0","0","0","0","0","0","","0","0","0","4","3","1","","1","2","40 02:25.798","2","0","75 03:31.964","8","0","0","0","67301","0","0","0","N","0","0","0","2","67301","0","","1.0","600.0","1","N","N","N","0","","0","0","1","3","2","Y","410","2","1","0","0","0","1","0","2","0","2","0","0","0","4","04","","N","","","","","","","","","",""
"2020014376","0921","1","0","0","0","0","0","0","0","0","5","0","","67","1","2020","1","40.033279","-75.077002","0912","6","0","0","0","0","0","1","0","1","","0","0","0","9","1","0","N","0","0","40 01:59.803","","6","75 04:37.207","0","0","0","0","67301","0","0","0","N","0","0","0","2","67301","0","","1.0","","9","N","N","N","0","","0","0","1","0","0","","903","2","0","0","0","0","0","0","2","0","2","0","0","0","3","03","","N","","","","","","","","","",""
"2020054263","2023","1","0","0","0","0","0","0","0","0","4","0","","67","7","2020","4","40.028481","-75.057852","2022","6","0","0","0","0","0","1","0","0","","0","0","0","20","1","1","","1","1","40 01:42.531","2","0","75 03:28.266","4","0","0","0","67301","0","0","0","N","0","0","0","2","67301","1","","1.0","30.0","1","N","N","N","0","","0","0","0","3","2","N","2021","2","1","2","0","0","0","0","2","1","2","0","0","0","3","03","","N","","","","","","","","","",""
"2020053302","1015","1","0","0","0","0","0","0","0","0","4","0","","67","7","2020","3","40.077992","-75.023685","1003","6","0","0","0","0","0","1","1","0","","0","0","0","9","1","1","","2","0","40 04:40.772","","0","75 01:25.266","3","0","0","0","67301","0","0","0","N","0","0","0","3","67301","0","","1.0","","1","N","N","N","0","","1","0","1","3","2","","950","2","1","0","0","0","0","0","2","0","2","0","0","0","3","03","","N","","","","","","","","","",""
"2020097592","1305","1","0","0","0","0","0","0","0","0","4","0","","67","11","2020","6","39.994003","-75.155022","1302","6","0","0","0","0","0","0","0","0","","0","0","0","13","1","0","N","0","0","39 59:38.412","","0","75 09:18.080","9","0","0","0","67301","0","0","0","N","0","0","0","6","67301","0","","1.0","","1","N","N","N","0","","0","0","1","0","0","","1302","2","0","0","0","0","0","4","2","0","2","0","0","0","3","","","N","","","","","","","","","",""
"2020099207","","1","0","0","0","0","0","0","0","0","5","0","","67","1","2020","7","39.946725","-75.188761","","6","0","0","0","0","0","0","1","0","","0","0","0","8","1","1","N","0","0","39 56:48.209","","0","75 11:19.541","8","0","0","0","67301","0","0","0","N","0","0","0","3","00000","0","","1.0","","1","","","N","0","","0","0","1","0","0","","800","3","1","0","0","0","1","0","2","0","3","0","0","0","3","","","N","","","","","","","","","",""
"2020052360","0317","2","0","0","0","0","0","0","0","0","1","0","","67","7","2020","1","40.005156","-75.196391","0300","6","0","0","0","0","0","0","0","0","","0","0","0","2","3","0","","7","0","40 00:18.562","","2","75 11:47.007","0","0","0","0","67301","0","0","0","N","0","0","0","2","67301","0","","1.0","","1","N","N","N","0","","0","0","0","0","0","","251","2","0","0","0","0","0","0","2","0","2","0","0","0","3","","","N","","","","","","","","","",""
"2020053201","1825","1","0","0","0","0","0","0","0","0","1","0","","67","6","2020","1","39.960102","-75.179698","1815","6","0","0","0","0","0","0","1","0","","0","0","0","18","1","1","N","0","1","39 57:36.368","4","0","75 10:46.912","8","0","0","0","67301","0","0","0","N","0","0","0","3","68K01","0","","1.0","1900.0","1","N","N","N","1","","0","0","1","0","0","N","1814","3","1","0","0","0","1","0","2","0","3","0","0","0","3","","","N","","","","","","","","","",""
"2020052041","1758","1","0","0","0","0","0","0","0","0","1","0","","67","6","2020","2","39.976027","-75.114614","1721","6","0","0","0","0","0","0","0","0","","0","0","0","16","1","0","N","0","0","39 58:33.697","","0","75 06:52.612","0","0","0","0","67301","0","0","0","N","0","0","0","2","68K01","0","","1.0","","1","N","N","N","0","","0","0","1","0","0","","1654","2","0","0","0","0","0","0","2","0","2","0","0","0","3","","","N","","","","","","","","","",""
"2020015766","0811","1","0","0","0","0","0","0","0","0","4","0","","67","1","2020","6","40.029898","-75.087801","0730","6","0","0","0","0","0","0","0","0","","0","0","0","7","1","1","","1","0","40 01:47.633","","0","75 05:16.085","3","0","0","0","67301","0","0","0","N","0","0","0","2","67301","0","","1.0","","1","N","N","N","0","","1","0","1","3","1","","725","2","1","0","0","0","0","0","2","0","2","0","0","0","4","","","N","","","","","","","","","",""
"2020050262","0435","0","0","0","0","0","0","0","0","0","5","1","","67","6","2020","5","39.915021","-75.221305","0431","6","0","0","0","0","0","0","0","0","","0","1","0","4","3","3","N","0","0","39 54:54.077","","0","75 13:16.697","4","0","0","0","67301","0","0","0","N","0","0","0","3","67301","3","","6.0","","1","N","N","N","0","","0","0","1","0","0","","431","3","3","1","0","0","0","0","2","1","3","0","0","0","3","03","","N","","","","","","","","","",""
"2020020343","0038","2","0","0","0","0","0","0","0","0","5","0","","67","1","2020","2","39.971586","-75.123008","0029","6","0","0","0","0","0","0","1","0","2","0","0","0","0","2","0","N","0","2","39 58:17.711","1","0","75 07:22.828","9","0","0","0","67301","0","0","0","N","0","0","0","3","68K01","0","","1.0","9999.0","1","N","N","N","0","","0","0","0","0","0","N","28","3","0","0","0","0","0","1","2","0","3","0","0","0","3","","","N","","","","","","","","","",""
"2020012900","1045","3","0","0","0","0","0","0","0","0","1","0","","67","1","2020","3","40.029001","-75.058696","1040","6","0","0","0","1","0","0","0","0","","0","0","0","10","1","3","N","0","1","40 01:44.403","3","0","75 03:31.305","3","0","0","0","67301","0","0","0","N","0","0","0","3","67301","0","","6.0","1200.0","1","N","N","N","0","","3","0","0","0","0","N","1040","4","3","0","0","0","0","0","2","1","4","0","0","0","3","","","N","","","","","","","","","",""
"2020012049","0606","3","0","0","0","0","0","0","0","0","1","0","","67","1","2020","7","39.960482","-75.181294","0552","6","0","0","0","0","0","0","0","0","","0","0","0","5","3","1","N","0","2","39 57:37.735","4","1","75 10:52.658","3","0","0","0","67301","0","0","0","N","0","0","0","1","68K01","0","","1.0","130.0","9","N","N","N","1","","1","0","0","0","0","Y","552","4","1","0","0","0","0","0","2","0","4","0","0","0","7","","","N","","","","","","","","","",""
"2020014565","0429","1","0","0","0","0","0","0","0","0","7","0","45","67","2","2020","1","39.984379","-75.09567","0420","6","0","0","0","0","0","0","0","0","","0","0","0","4","3","0","N","0","1","39 59:03.763","2","0","75 05:44.413","0","0","0","0","67301","0","0","0","N","0","0","0","3","68K01","0","","3.0","440.0","9","N","N","N","0","","0","0","0","0","0","N","420","1","0","0","0","0","0","0","2","0","1","0","0","0","3","03","N","Y","4","1","","","N","","","","Y","N"
"2020054898","1632","2","0","0","0","0","0","0","0","0","4","0","","67","7","2020","1","40.068417","-75.240288","1630","6","0","0","0","0","0","0","0","0","","0","0","0","16","1","1","","1","0","40 04:06.301","","0","75 14:25.036","8","0","0","0","67301","0","0","0","N","0","0","0","5","67301","0","","1.0","","1","N","N","N","0","","0","0","0","3","2","","1613","2","1","0","0","0","1","1","2","0","2","0","0","0","3","03","","N","","","","","","","","","",""
"2020005838","2020","0","0","0","0","0","0","0","0","0","8","0","","67","1","2020","4","39.973833","-75.206444","2014","6","0","0","0","0","0","0","0","0","","0","0","0","19","3","1","","1","0","39 58:25.797","","0","75 12:23.198","3","0","0","0","67301","1","0","0","N","1","0","0","2","67301","0","","1.0","","1","N","N","N","0","","1","0","0","3","2","","1930","2","1","0","0","0","0","0","2","0","1","1","0","0","3","03","","N","","","","","","","","","",""