"CRN","ARRIVAL_TM","AUTOMOBILE_COUNT","BELTED_DEATH_COUNT","BELTED_SUSP_SERIOUS_INJ_COUNT","BICYCLE_COUNT","BICYCLE_DEATH_COUNT","BICYCLE_SUSP_SERIOUS_INJ_COUNT","BUS_COUNT","CHLDPAS_DEATH_COUNT","CHLDPAS_SUSP_SERIOUS_INJ_COUNT","COLLISION_TYPE","COMM_VEH_COUNT","CONS_ZONE_SPD_LIM","COUNTY","CRASH_MONTH","CRASH_YEAR","DAY_OF_WEEK","DEC_LATITUDE","DEC_LONGITUDE","DISPATCH_TM","DISTRICT","DRIVER_COUNT_16YR","DRIVER_COUNT_17YR","DRIVER_COUNT_18YR","DRIVER_COUNT_19YR","DRIVER_COUNT_20YR","DRIVER_COUNT_50_64YR","DRIVER_COUNT_65_74YR","DRIVER_COUNT_75PLUS","EST_HRS_CLOSED","FATAL_COUNT","HEAVY_TRUCK_COUNT","HORSE_BUGGY_COUNT","HOUR_OF_DAY","ILLUMINATION","INJURY_COUNT","INTERSECTION_RELATED","INTERSECT_TYPE","LANE_CLOSED","LATITUDE","LN_CLOSE_DIR","LOCATION_TYPE","LONGITUDE","MAX_SEVERITY_LEVEL","MCYCLE_DEATH_COUNT","MCYCLE_SUSP_SERIOUS_INJ_COUNT","MOTORCYCLE_COUNT","MUNICIPALITY","NONMOTR_COUNT","NONMOTR_DEATH_COUNT","NONMOTR_SUSP_SERIOUS_INJ_COUNT","NTFY_HIWY_MAINT","PED_COUNT","PED_DEATH_COUNT","PED_SUSP_SERIOUS_INJ_COUNT","PERSON_COUNT","POLICE_AGCY","POSSIBLE_INJ_COUNT","RDWY_SURF_TYPE_CD","RELATION_TO_ROAD","ROADWAY_CLEARED","ROAD_CONDITION","SCH_BUS_IND","SCH_ZONE_IND","SECONDARY_CRASH","SMALL_TRUCK_COUNT","SPEC_JURIS_CD","SUSP_MINOR_INJ_COUNT","SUSP_SERIOUS_INJ_COUNT","SUV_COUNT","TCD_FUNC_CD","TCD_TYPE","TFC_DETOUR_IND","TIME_OF_DAY","TOTAL_UNITS","TOT_INJ_COUNT","UNBELTED_OCC_COUNT","UNB_DEATH_COUNT","UNB_SUSP_SERIOUS_INJ_COUNT","UNK_INJ_DEG_COUNT","UNK_INJ_PER_COUNT","URBAN_RURAL","VAN_COUNT","VEHICLE_COUNT","VULNERABLE_ROAD_USER_COUNT","VULNERABLE_ROAD_USER_DEATH_COUNT","VULNERABLE_ROAD_USER_SER_INJ_COUNT","WEATHER1","WEATHER2","WORKERS_PRES","WORK_ZONE_IND","WORK_ZONE_LOC","WORK_ZONE_TYPE","WZ_CLOSE_DETOUR","WZ_FLAGGER","WZ_LAW_OFFCR_IND","WZ_LN_CLOSURE","WZ_MOVING","WZ_OTHER","WZ_SHLDER_MDN","WZ_WORKERS_INJ_KILLED"
"2020053654","0607","1","0","0","0","0","0","0","0","0","5","0","","67","7","2020","5","39.984028","-75.159639","0607","6","0","0","0","0","1","0","0","0","","0","0","0","6","1","1","N","0","2","39 59:02.500","3","0","75 09:34.700","8","0","0","0","67301","0","0","0","N","0","0","0","1","67505","0","","6.0","706.0","1","N","N","N","0","","0","0","1","0","0","Y","607","2","1","1","0","0","1","0","2","0","2","0","0","0","3","03","","N","","","","","","","","","",""
"2020008776","2150","1","0","1","0","0","0","0","0","0","4","0","","67","1","2020","7","40.049351","-75.067912","2145","6","0","0","0","1","0","0","0","0","","0","0","0","21","3","1","","1","0","40 02:57.663","","0","75 04:04.482","2","0","0","0","67301","0","0","0","N","0","0","0","5","67301","0","","1.0","","1","N","N","N","0","","0","1","1","3","2","","2100","2","1","0","0","0","0","0","2","0","2","0","0","0","3","03","","N","","","","","","","","","",""
"2020007316","0040","1","0","0","0","0","0","0","0","0","8","0","","67","1","2020","7","39.964778","-75.132478","0035","6","0","0","0","0","0","1","0","0","","0","0","0","22","3","1","N","0","0","39 57:53.200","","7","75 07:56.920","3","0","0","0","67301","1","0","0","N","1","0","0","2","67301","0","","1.0","","9","N","N","N","0","","1","0","0","3","3","","2230","2","1","0","0","0","0","0","2","0","1","1","0","0","3","03","","N","","","","","","","","","",""
"2020058967","1255","1","0","0","0","0","0","0","0","0","7","0","","67","7","2020","6","40.03299","-75.020472","1255","6","0","0","0","0","0","0","0","0","","0","0","0","12","1","1","N","0","2","40 01:58.764","1","0","75 01:13.699","8","0","0","0","67301","0","0","0","N","0","0","0","1","68K01","0","","4.0","100.0","9","N","N","N","0","","0","0","0","0","0","Y","1232","1","1","1","0","0","1","0","2","0","1","0","0","0","7","07","","N","","","","","","","","","",""
"2020099757","1712","2","0","0","0","0","0","0","0","0","1","0","","67","10","2020","7","39.935122","-75.199806","1655","6","0","0","0","0","0","1","0","0","","0","0","0","16","1","1","N","0","1","39 56:06.440","4","0","75 11:59.301","3","0","0","0","67301","0","0","0","N","0","0","0","2","68K01","0","","1.0","1740.0","1","N","N","N","0","","1","0","0","3","8","N","1650","2","1","0","0","0","0","0","2","0","2","0","0","0","3","","","N","","","","","","","","","",""
"2020054781","1139","0","0","0","0","0","0","0","0","0","4","0","","67","7","2020","5","40.02744","-75.062499","1137","6","0","0","0","0","0","0","0","0","","0","0","0","11","1","5","","1","0","40 01:38.783","","0","75 03:44.998","3","0","0","0","67301","0","0","0","N","0","0","0","5","67301","0","","1.0","","1","N","N","N","0","","5","0","1","3","2","","1132","2","5","0","0","0","0","0","2","1","2","0","0","0","3","","","N","","","","","","","","","",""
"2020097739","1400","2","0","0","0","0","0","0","0","0","1","0","","67","11","2020","5","39.985245","-75.093973","1345","6","0","0","0","0","0","0","0","0","","0","0","0","13","1","0","N","0","2","39 59:06.883","1","0","75 05:38.301","0","0","0","0","67301","0","0","0","N","0","0","0","2","68K01","0","","1.0","1410.0","1","N","N","Y","0","","0","0","0","0","0","N","1339","2","0","0","0","0","0","0","2","0","2","0","0","0","3","03","","N","","","","","","","","","",""
"2020058972","1405","1","0","0","0","0","0","0","0","0","7","0","","67","7","2020","6","39.959012","-75.170938","1405","6","0","0","0","0","0","0","0","0","","0","0","0","14","1","0","N","0","2","39 57:32.443","4","0","75 10:15.376","0","0","0","0","67301","0","0","0","N","0","0","0","2","68K01","0","","4.0","30.0","9","N","N","N","0","","0","0","0","0","0","Y","1405","2","0","1","0","0","0","0","2","1","2","0","0","0","7","07","","N","","","","","","","","","",""
"2020054131","2200","2","0","0","0","0","0","0","0","0","1","0","","67","7","2020","2","39.919972","-75.200741","2200","6","0","0","0","0","1","0","0","0","","0","0","0","22","3","0","N","0","2","39 55:11.898","3","3","75 12:02.668","0","0","0","0","67301","0","0","0","N","0","0","0","4","67301","0","","1.0","2203.0","9","N","N","Y","0","","0","0","0","0","0","Y","2200","2","0","4","0","0","0","0","2","0","2","0","0","0","7","07","","N","","","","","","","","","",""
"2020060632","1218","2","0","0","0","0","0","0","0","0","1","1","","67","7","2020","4","39.956934","-75.153424","1211","6","0","0","0","0","0","0","0","0","","0","1","0","12","1","2","N","0","1","39 57:24.964","4","0","75 09:12.327","8","0","0","0","67301","0","0","0","N","0","0","0","4","68K01","0","","1.0","1305.0","1","N","N","N","0","","0","0","0","0","0","N","1209","3","2","0","0","0","2","0","2","0","3","0","0","0","3","03","","N","","","","","","","","","",""
"2020098252","1619","1","0","0","0","0","0","0","0","0","4","0","","67","11","2020","2","40.024713","-75.085448","1614","6","0","0","0","0","0","0","1","0","","0","0","0","15","1","0","","1","0","40 01:28.968","","0","75 05:07.611","0","0","0","0","67301","0","0","0","N","0","0","0","2","67301","0","","1.0","","1","N","N","N","1","","0","0","1","3","3","","1553","3","0","0","0","0","0","0","2","0","3","0","0","0","3","03","","N","","","","","","","","","",""
"2020097742","1201","1","0","0","0","0","0","0","0","0","1","0","","67","11","2020","6","39.994732","-75.083715","1157","6","0","0","1","0","0","0","0","0","","0","0","0","11","1","0","N","0","2","39 59:41.036","1","0","75 05:01.373","0","0","0","0","67301","0","0","0","N","0","0","0","3","68K01","0","","1.0","10.0","1","N","N","N","0","","0","0","2","0","0","N","1152","3","0","0","0","0","0","0","2","0","3","0","0","0","3","03","","N","","","","","","","","","",""
"2020023842","1646","1","0","0","0","0","0","0","0","0","4","0","","67","3","2020","1","39.95872","-75.162257","1646","6","0","0","0","0","0","1","0","0","","0","0","0","16","1","0","","1","0","39 57:31.392","","0","75 09:44.125","0","0","0","0","67301","0","0","0","N","0","0","0","2","67301","0","","1.0","","1","N","N","N","0","","0","0","1","0","0","","1646","2","0","0","0","0","0","0","2","0","2","0","0","0","3","03","","N","","","","","","","","","",""
"2020043703","2225","4","0","0","0","0","0","0","0","0","5","0","","67","6","2020","4","39.999317","-75.129094","2225","6","0","0","0","0","0","0","0","0","","0","0","0","22","3","0","N","0","0","39 59:57.540","","0","75 07:44.740","9","0","0","0","67301","0","0","0","N","0","0","0","1","67301","0","","6.0","","1","N","N","N","0","","0","0","0","0","0","","2225","4","0","0","0","0","0","1","2","0","4","0","0","0","3","03","","N","","","","","","","","","",""
"2020052826","0706","1","0","0","0","0","0","0","0","0","0","0","","67","6","2020","7","39.884328","-75.245313","0656","6","0","0","0","0","1","0","0","0","","0","0","0","6","1","0","N","0","0","39 53:03.582","","2","75 14:43.126","0","0","0","0","67301","0","0","0","N","0","0","0","1","68K01","0","","2.0","","1","N","N","N","0","","0","0","0","0","0","","653","1","0","0","0","0","0","0","2","0","1","0","0","0","3","","","N","","","","","","","","","",""
"2020049119","0230","0","0","0","0","0","0","0","0","0","4","0","","67","6","2020","2","40.029898","-75.087801","0216","6","0","0","0","0","0","0","0","0","","0","0","0","1","3","0","","1","1","40 01:47.633","3","0","75 05:16.085","0","0","0","0","67301","0","0","0","N","0","0","0","3","67301","0","","1.0","300.0","1","N","N","N","0","","0","0","2","3","2","N","157","2","0","0","0","0","0","0","2","0","2","0","0","0","3","03","","N","","","","","","","","","",""
"2020092495","1449","2","0","0","0","0","0","0","0","0","4","0","","67","10","2020","4","40.028939","-75.056796","1448","6","0","0","0","0","0","0","0","1","","0","0","0","14","1","1","N","0","2","40 01:44.181","2","0","75 03:24.465","3","0","0","0","67301","0","0","0","N","0","0","0","2","67301","0","","1.0","1513.0","9","N","N","N","0","","1","0","0","0","0","N","1428","2","1","0","0","0","0","0","2","0","2","0","0","0","7","","","N","","","","","","","","","",""
"2020050342","2021","0","0","0","0","0","0","0","0","0","4","0","","67","6","2020","6","40.025972","-75.166944","2017","6","0","0","0","0","0","0","0","0","","0","0","0","20","1","2","","2","2","40 01:33.500","2","0","75 10:01.000","3","0","0","0","67301","0","0","0","N","0","0","0","5","67301","0","","1.0","2132.0","1","N","Y","N","1","","2","0","1","0","0","Y","2015","2","2","0","0","0","0","0","2","0","2","0","0","0","3","","","N","","","","","","","","","",""
"2020099203","","0","0","0","0","0","0","0","0","0","1","0","","67","1","2020","6","40.085406","-75.037359","","6","0","0","0","0","0","0","0","0","","0","0","0","16","1","1","","1","0","40 05:07.463","","0","75 02:14.492","8","0","0","0","67301","0","0","0","N","0","0","0","2","00000","0","","1.0","","1","","","N","0","","0","0","1","3","2","","1630","2","1","0","0","0","1","0","2","1","2","0","0","0","3","","","N","","","","","","","","","",""
"2020054259","1745","1","0","0","0","0","0","0","0","0","4","0","","67","7","2020","6","40.046784","-75.070288","1740","6","0","0","0","1","0","2","0","0","","0","0","0","17","1","2","","1","2","40 02:48.424","5","0","75 04:13.037","3","0","0","0","67301","0","0","0","N","0","0","0","4","67301","0","","1.0","30.0","9","N","N","N","1","","2","0","2","3","2","N","1735","4","2","0","0","0","0","2","2","0","4","0","0","0","7","04","","N","","","","","","","","","",""
"2020058951","1557","0","0","0","0","0","0","0","0","0","1","0","","67","7","2020","1","40.039802","-75.006448","1554","6","0","0","0","0","0","0","1","0","","0","0","0","15","1","2","N","0","1","40 02:23.288","1","0","75 00:23.213","8","0","0","2","67301","0","0","0","N","0","0","0","3","68K01","0","","1.0","1640.0","1","N","N","Y","0","","0","0","1","0","0","N","1554","3","2","0","0","0","2","0","2","0","3","0","0","0","3","03","","N","","","","","","","","","",""
"2020053452","1427","0","0","0","0","0","0","0","0","0","7","0","","67","7","2020","3","40.031922","-75.162919","1426","6","0","0","0","0","0","0","0","0","","0","0","0","14","1","0","","1","1","40 01:54.919","3","0","75 09:46.508","0","0","0","0","67301","0","0","0","N","0","0","0","1","67301","0","","4.0","1635.0","1","N","N","N","0","","0","0","0","3","3","N","1423","1","0","0","0","0","0","0","2","1","1","0","0","0","3","03","","N","","","","","","","","","",""
"2020058954","2210","1","0","0","0","0","0","0","0","0","7","0","","67","7","2020","2","39.960605","-75.181735","2205","6","0","0","0","0","0","0","0","0","","0","0","0","22","3","0","N","0","2","39 57:38.178","3","0","75 10:54.246","0","0","0","0","67301","0","0","0","N","0","0","0","1","68K01","0","","4.0","2205.0","9","N","N","N","0","","0","0","0","0","0","N","2200","1","0","0","0","0","0","0","2","0","1","0","0","0","3","","","N","","","","","","","","","",""
"2020053609","1525","1","0","0","0","0","0","0","0","0","7","0","","67","7","2020","4","40.007865","-75.172261","1525","6","0","0","0","0","0","1","0","0","","0","0","0","14","1","1","","1","0","40 00:28.314","","0","75 10:20.141","3","0","0","0","67301","0","0","0","N","0","0","0","1","67301","0","","4.0","","1","N","N","N","0","","1","0","0","2","2","","1445","2","1","0","0","0","0","0","2","0","1","0","0","0","3","03","","N","","","","","","","","","",""
"2020052814","1736","2","0","0","0","0","0","0","0","0","4","0","","67","7","2020","2","40.058005","-75.139066","1736","6","0","0","0","0","0","0","0","0","","0","0","0","16","1","1","","1","0","40 03:28.818","","0","75 08:20.636","4","0","0","0","67301","0","0","0","N","0","0","0","2","67301","1","","1.0","","99","N","N","N","0","","0","0","0","3","2","","1615","2","1","0","0","0","0","0","2","0","2","0","0","0","3","","","N","","","","","","","","","",""
"2020097918","0230","1","0","0","0","0","0","0","0","0","2","0","","67","11","2020","7","39.989467","-75.103644","0230","6","0","0","0","0","0","0","0","0","","0","0","0","2","3","0","N","0","0","39 59:22.080","","0","75 06:13.120","0","0","0","0","67301","0","0","0","N","0","0","0","1","67301","0","","1.0","","1","N","N","N","0","","0","0","1","0","0","","228","2","0","1","0","0","0","0","2","0","2","0","0","0","3","03","","N","","","","","","","","","",""
"2020096949","","1","0","0","0","0","0","0","0","0","4","0","","67","1","2020","5","40.00022","-75.142163","","6","0","0","0","0","0","0","0","0","","0","0","0","99","1","2","","1","0","40 00:00.791","","0","75 08:31.785","4","0","0","0","67301","0","0","0","N","0","0","0","3","00000","1","","1.0","","1","","","N","0","","0","0","0","3","3","","9999","2","2","0","0","0","1","0","2","0","2","0","0","0","3","","","N","","","","","","","","","",""
"2020046367","0100","1","0","0","0","0","0","0","0","0","4","0","","67","6","2020","1","39.973833","-75.206444","0057","6","0","0","1","0","0","0","0","0","","0","0","0","0","3","0","","1","0","39 58:25.797","","0","75 12:23.198","9","0","0","0","67301","0","0","0","N","0","0","0","2","67301","0","","1.0","","1","N","N","N","1","","0","0","0","3","2","","1","2","0","0","0","0","0","1","2","0","2","0","0","0","3","03","","N","","","","","","","","","",""
"2020050185","1322","0","0","0","0","0","0","0","0","0","4","0","","67","6","2020","6","40.03951","-75.03345","1320","6","0","0","0","0","0","0","0","0","","0","0","0","13","1","1","","1","1","40 02:22.235","2","0","75 02:00.419","8","0","0","1","67301","0","0","0","N","0","0","0","2","67301","0","","1.0","1345.0","1","N","N","N","0","","0","0","1","3","2","N","1319","2","1","0","0","0","1","0","2","0","2","0","0","0","3","","","N","","","","","","","","","",""
"2020049312","1205","6","0","0","0","0","0","0","0","0","5","0","","67","6","2020","3","39.995378","-75.148783","1205","6","0","0","0","0","0","1","0","0","","0","0","0","12","1","3","N","0","0","39 59:43.360","","0","75 08:55.620","3","0","0","0","67301","0","0","0","N","0","0","0","3","67301","0","","6.0","","1","N","N","N","0","","3","0","0","0","0","","1200","6","3","0","0","0","0","0","2","0","6","0","0","0","3","","","N","","","","","","","","","",""
"2020053279","2345","3","0","0","0","0","0","0","0","0","5","0","","67","7","2020","3","39.949776","-75.207498","2340","6","0","0","0","0","0","0","0","0","","0","0","0","23","3","0","N","0","1","39 56:59.193","4","0","75 12:26.993","0","0","0","0","67301","0","0","0","N","0","0","0","1","67504","0","","6.0","20.0","1","N","N","N","0","","0","0","1","0","0","N","2338","4","0","0","0","0","0","0","2","0","4","0","0","0","3","03","","N","","","","","","","","","",""
"2020052690","1646","0","0","0","0","0","0","0","0","0","4","0","","67","7","2020","1","39.971811","-75.125954","1645","6","0","0","0","0","0","1","0","0","","0","0","0","16","1","0","","1","0","39 58:18.518","","0","75 07:33.433","0","0","0","0","67301","0","0","0","N","0","0","0","7","67301","0","","1.0","","1","N","N","N","0","","0","0","1","3","2","","1640","2","0","0","0","0","0","0","2","1","2","0","0","0","3","03","","N","","","","","","","","","",""
"2020058957","0118","0","0","0","0","0","0","0","0","0","8","0","","67","7","2020","5","39.957829","-75.141292","0108","6","0","0","0","0","0","1","0","0","","0","0","0","1","3","2","N","0","0","39 57:28.183","","0","75 08:28.652","2","0","1","1","67301","1","0","1","N","1","0","1","2","68K01","0","","1.0","","1","N","N","N","0","","0","2","0","0","0","","107","2","2","0","0","0","0","0","2","0","1","1","0","1","3","","","N","","","","","","","","","",""
"2020057754","1340","0","0","0","0","0","0","0","0","0","8","0","","67","7","2020","5","39.995453","-75.1415","1334","6","0","0","0","0","0","0","0","0","","0","0","0","12","1","1","","1","0","39 59:43.630","","0","75 08:29.400","3","0","0","0","67301","1","0","0","N","0","0","0","2","67301","0","","1.0","","1","N","N","N","0","","1","0","0","3","2","","1240","2","1","0","0","0","0","0","2","0","1","1","0","0","3","03","","N","","","","","","","","","",""
"2020054822","0159","1","0","0","0","0","0","0","0","0","7","0","","67","7","2020","4","40.006886","-75.130988","0159","6","0","0","0","0","0","0","0","0","","0","0","0","1","3","1","N","0","0","40 00:24.789","","0","75 07:51.557","2","0","0","0","67301","0","0","0","N","0","0","0","1","67301","0","","4.0","","1","N","N","N","0","","0","1","0","0","0","","159","1","1","0","0","0","0","0","2","0","1","0","0","0","3","03","","N","","","","","","","","","",""
"2020059873","1431","1","0","0","0","0","0","0","0","0","5","0","","67","7","2020","6","40.037771","-75.012031","1425","6","0","0","0","0","0","0","1","0","","0","0","0","14","1","0","N","0","2","40 02:15.974","2","0","75 00:43.310","0","0","0","0","67301","0","0","0","N","0","0","0","3","68K01","0","","1.0","30.0","9","N","N","N","0","","0","0","2","0","0","N","1422","3","0","0","0","0","0","0","2","0","3","0","0","0","7","","","N","","","","","","","","","",""
"2020098358","0928","2","0","0","0","0","0","0","0","0","6","0","","67","11","2020","3","40.037417","-75.038946","0925","6","0","0","0","0","0","1","1","0","","1","0","0","9","1","0","N","0","0","40 02:14.702","","0","75 02:20.204","1","0","0","0","67301","0","0","0","N","0","0","0","4","67301","0","2","1.0","","1","N","N","Y","0","0","0","0","3","0","0","","924","5","0","0","0","0","0","0","2","0","5","0","0","0","3","03","","N","","","","","","","","","",""
"2020054783","0415","0","0","0","0","0","0","0","0","0","7","0","","67","7","2020","6","40.018768","-75.092968","0353","6","0","0","0","0","0","0","0","0","","0","0","0","3","3","0","N","0","0","40 01:07.566","","0","75 05:34.686","9","0","0","0","67301","0","0","0","N","0","0","0","1","67301","0","","6.0","","1","N","N","N","0","","0","0","1","0","0","","351","1","0","1","0","0","0","1","2","0","1","0","0","0","3","","","N","","","","","","","","","",""
"2020055963","1743","1","0","0","0","0","0","0","0","0","3","0","","67","7","2020","5","39.899548","-75.245709","1736","6","0","0","0","0","1","0","0","0","","0","0","0","14","1","1","","1","0","39 53:58.372","","0","75 14:44.552","2","0","0","0","67301","0","0","0","N","0","0","0","2","67301","0","","1.0","","1","N","N","N","0","","0","1","1","9","3","","1400","2","1","0","0","0","0","0","2","0","2","0","0","0","3","03","","N","","","","","","","","","",""
"2020058962","1029","0","0","0","0","0","0","0","0","0","7","0","","67","7","2020","6","39.88685","-75.205559","1014","6","0","0","0","0","0","0","0","0","","0","0","0","10","1","1","N","0","2","39 53:12.659","2","0","75 12:20.013","8","0","0","0","67301","0","0","0","N","0","0","0","1","68K01","0","","4.0","100.0","9","N","N","N","0","","0","0","1","0","0","Y","1013","1","1","1","0","0","1","0","2","0","1","0","0","0","7","07","","N","","","","","","","","","",""
"2020103832","1424","1","0","0","0","0","0","0","0","0","5","1","45","67","11","2020","5","39.942536","-75.19354","1411","6","0","0","0","0","0","1","0","0","","0","1","0","14","1","1","N","6","0","39 56:33.129","","0","75 11:36.744","3","0","0","0","67301","0","0","0","N","0","0","0","3","68K01","0","","1.0","","1","N","N","N","0","","1","0","0","0","0","","1409","2","1","0","0","0","0","0","2","0","2","0","0","0","3","","Y","Y","4","1","N","N","N","Y","N","N","N","N"
"2020056804","1330","1","0","0","0","0","0","0","0","0","4","0","","67","7","2020","6","39.991883","-75.233669","1320","6","0","0","0","0","1","1","0","0","","0","0","0","11","1","1","","1","0","39 59:30.778","","0","75 14:01.208","3","0","0","0","67301","0","0","0","N","0","0","0","2","67301","0","","1.0","","1","N","N","N","0","","1","0","1","3","2","","1150","2","1","0","0","0","0","0","2","0","2","0","0","0","3","","","N","","","","","","","","","",""
"2020054459","0000","2","0","0","0","0","0","0","0","0","1","0","","67","7","2020","3","40.015611","-75.176633","2345","6","0","0","0","0","0","0","0","0","","0","0","0","23","3","1","N","0","0","40 00:56.198","","0","75 10:35.880","8","0","0","0","67301","0","0","0","N","0","0","0","2","67301","0","","1.0","","1","N","N","N","0","","0","0","0","0","0","","2330","2","1","0","0","0","1","1","2","0","2","0","0","0","3","03","","N","","","","","","","","","",""
"2020098927","1200","1","0","0","0","0","0","0","0","0","7","0","","67","11","2020","3","39.89251","-75.222555","1150","6","0","0","0","0","0","1","0","0","","0","0","0","11","1","1","","1","0","39 53:33.035","","0","75 13:21.198","8","0","0","0","67301","0","0","0","N","0","0","0","1","67301","0","","5.0","","1","N","N","N","0","","0","0","0","0","0","","1147","1","1","0","0","0","1","0","2","0","1","0","0","0","3","","","N","","","","","","","","","",""
"2020097437","0133","1","0","0","0","0","0","0","0","0","7","0","","67","11","2020","1","39.891307","-75.237704","0120","6","0","0","0","0","0","0","0","0","","0","0","0","1","3","0","N","0","0","39 53:28.704","","0","75 14:15.736","0","0","0","0","67301","0","0","0","Y","0","0","0","1","68K01","0","","4.0","","1","N","N","N","0","","0","0","0","0","0","","119","1","0","0","0","0","0","0","2","0","1","0","0","0","3","","","N","","","","","","","","","",""
"2020097439","0139","1","0","0","0","0","0","0","0","0","5","0","","67","11","2020","1","39.934565","-75.199966","0139","6","0","0","0","0","0","0","1","0","","0","0","0","1","3","1","N","0","2","39 56:04.434","3","0","75 11:59.877","8","0","0","0","67301","0","0","0","N","0","0","0","4","68K01","0","","1.0","130.0","1","N","N","N","0","","0","0","1","0","0","Y","136","2","1","0","0","0","1","0","2","0","2","0","0","0","3","03","","N","","","","","","","","","",""
"2020053271","1400","2","0","0","0","0","0","0","0","0","3","0","","67","7","2020","3","39.982602","-75.140363","1400","6","0","0","0","0","0","0","0","1","","0","0","0","10","1","1","","1","0","39 58:57.367","","0","75 08:25.306","3","0","0","0","67301","0","0","0","N","0","0","0","2","67301","0","","1.0","","1","N","N","N","0","","1","0","0","3","3","","1000","2","1","0","0","0","0","0","2","0","2","0","0","0","3","03","","N","","","","","","","","","",""
"2020053305","0326","2","0","0","0","0","0","0","0","0","5","0","","67","7","2020","2","39.974789","-75.253758","0324","6","0","0","0","0","0","0","0","0","","0","0","0","3","3","1","N","0","0","39 58:29.240","","0","75 15:13.530","8","0","0","0","67301","0","0","0","N","0","0","0","1","67301","0","","6.0","","1","N","N","N","0","","0","0","2","0","0","","320","4","1","0","0","0","1","0","2","0","4","0","0","0","3","03","","N","","","","","","","","","",""
"2020053267","2138","2","0","0","0","0","0","0","0","0","4","0","","67","7","2020","1","39.912771","-75.160404","2135","6","0","0","0","0","0","0","0","0","","0","0","0","20","3","1","","1","0","39 54:45.975","","0","75 09:37.454","3","0","0","0","67301","0","0","0","N","0","0","0","2","67301","0","","1.0","","1","N","N","N","0","","1","0","0","3","2","","2016","2","1","0","0","0","0","0","2","0","2","0","0","0","3","03","","N","","","","","","","","","",""
"2020053607","1431","2","0","0","0","0","0","0","0","0","4","0","","67","7","2020","3","39.966328","-75.216667","1429","6","0","0","0","0","0","0","0","0","","0","0","0","14","1","2","","1","1","39 57:58.780","6","0","75 13:00.001","3","0","0","0","67301","0","0","0","N","0","0","0","4","67301","0","","1.0","1503.0","1","N","N","N","0","","2","0","0","3","2","N","1411","2","2","0","0","0","0","0","2","0","2","0","0","0","3","03","","N","","","","","","","","","",""
"2020055004","2128","6","0","0","0","0","0","0","0","0","4","0","","67","7","2020","3","39.956479","-75.221584","2126","6","0","0","0","0","0","0","0","0","","0","0","0","21","3","2","","1","0","39 57:23.323","","0","75 13:17.703","3","0","0","0","67301","0","0","0","N","0","0","0","2","67301","0","","1.0","","1","N","N","N","0","","2","0","1","3","2","","2125","8","2","0","0","0","0","0","2","1","8","0","0","0","3","03","","N","","","","","","","","","",""
"2020097594","2021","3","0","0","0","0","0","0","0","0","5","0","","67","11","2020","7","40.035814","-75.130644","2018","6","0","0","0","0","0","1","0","0","","0","0","0","20","3","0","N","0","0","40 02:08.930","","0","75 07:50.320","9","0","0","0","67301","0","0","0","N","0","0","0","3","67301","0","","1.0","","1","N","N","N","0","","0","0","0","0","0","","2017","3","0","1","0","0","0","1","2","0","3","0","0","0","3","","","N","","","","","","","","","",""
"2020097431","1445","2","0","0","0","0","0","0","0","0","1","0","55","67","10","2020","7","40.012997","-75.05807","1445","6","0","0","0","0","0","0","0","0","","0","0","0","14","1","0","N","0","1","40 00:46.790","1","0","75 03:29.051","9","0","0","0","67301","0","0","0","N","0","0","0","2","68K01","0","","1.0","1445.0","1","N","N","N","0","","0","0","0","0","0","N","1445","2","0","0","0","0","0","1","2","0","2","0","0","0","3","03","Y","Y","4","1","N","N","N","N","N","N","Y","N"
"2020097237","0635","1","0","0","0","0","0","1","0","0","1","1","","67","10","2020","2","39.914383","-75.152781","0635","6","0","0","0","0","0","1","0","0","","0","0","0","6","6","1","Y","0","0","39 54:51.780","","0","75 09:10.011","8","0","0","0","67301","0","0","0","Y","0","0","0","2","67508","0","","1.0","","1","N","N","Y","0","","0","0","0","0","0","","635","2","1","0","0","0","1","0","2","0","2","0","0","0","99","03","","N","","","","","","","","","",""
"2020055178","0415","1","0","0","0","0","0","0","0","0","1","0","","67","7","2020","6","39.963277","-75.161142","0410","6","0","0","0","0","0","0","0","0","","0","0","0","4","3","0","N","0","1","39 57:47.798","1","0","75 09:40.112","0","0","0","0","67301","0","0","0","N","0","0","0","1","67301","0","","6.0","100.0","1","N","N","N","0","","0","0","1","0","0","N","409","2","0","0","0","0","0","0","2","0","2","0","0","0","3","03","","N","","","","","","","","","",""
"2020052810","1625","0","0","0","0","0","0","0","0","0","7","0","","67","7","2020","2","40.044813","-75.087047","1615","6","0","0","0","0","0","1","0","0","","0","0","0","16","1","1","N","0","0","40 02:41.328","","0","75 05:13.370","3","0","0","0","67301","0","0","0","N","0","0","0","1","67301","0","","4.0","","9","N","N","N","0","","1","0","0","0","0","","1612","1","1","1","0","0","0","0","2","1","1","0","0","0","4","","","N","","","","","","","","","",""
"2020097719","1615","3","0","0","0","0","0","0","0","0","1","0","","67","10","2020","6","39.982272","-75.100246","1611","6","0","1","0","0","0","0","0","0","","0","0","0","16","1","5","N","6","1","39 58:56.179","2","2","75 06:00.884","8","0","0","0","67301","0","0","0","N","0","0","0","7","68K01","0","","1.0","1708.0","1","N","N","N","1","","0","0","1","3","2","N","1610","5","5","0","0","0","5","0","2","0","5","0","0","0","3","","","N","","","","","","","","","",""