"CRN","ARRIVAL_TM","AUTOMOBILE_COUNT","BELTED_DEATH_COUNT","BELTED_SUSP_SERIOUS_INJ_COUNT","BICYCLE_COUNT","BICYCLE_DEATH_COUNT","BICYCLE_SUSP_SERIOUS_INJ_COUNT","BUS_COUNT","CHLDPAS_DEATH_COUNT","CHLDPAS_SUSP_SERIOUS_INJ_COUNT","COLLISION_TYPE","COMM_VEH_COUNT","CONS_ZONE_SPD_LIM","COUNTY","CRASH_MONTH","CRASH_YEAR","DAY_OF_WEEK","DEC_LATITUDE","DEC_LONGITUDE","DISPATCH_TM","DISTRICT","DRIVER_COUNT_16YR","DRIVER_COUNT_17YR","DRIVER_COUNT_18YR","DRIVER_COUNT_19YR","DRIVER_COUNT_20YR","DRIVER_COUNT_50_64YR","DRIVER_COUNT_65_74YR","DRIVER_COUNT_75PLUS","EST_HRS_CLOSED","FATAL_COUNT","HEAVY_TRUCK_COUNT","HORSE_BUGGY_COUNT","HOUR_OF_DAY","ILLUMINATION","INJURY_COUNT","INTERSECTION_RELATED","INTERSECT_TYPE","LANE_CLOSED","LATITUDE","LN_CLOSE_DIR","LOCATION_TYPE","LONGITUDE","MAX_SEVERITY_LEVEL","MCYCLE_DEATH_COUNT","MCYCLE_SUSP_SERIOUS_INJ_COUNT","MOTORCYCLE_COUNT","MUNICIPALITY","NONMOTR_COUNT","NONMOTR_DEATH_COUNT","NONMOTR_SUSP_SERIOUS_INJ_COUNT","NTFY_HIWY_MAINT","PED_COUNT","PED_DEATH_COUNT","PED_SUSP_SERIOUS_INJ_COUNT","PERSON_COUNT","POLICE_AGCY","POSSIBLE_INJ_COUNT","RDWY_SURF_TYPE_CD","RELATION_TO_ROAD","ROADWAY_CLEARED","ROAD_CONDITION","SCH_BUS_IND","SCH_ZONE_IND","SECONDARY_CRASH","SMALL_TRUCK_COUNT","SPEC_JURIS_CD","SUSP_MINOR_INJ_COUNT","SUSP_SERIOUS_INJ_COUNT","SUV_COUNT","TCD_FUNC_CD","TCD_TYPE","TFC_DETOUR_IND","TIME_OF_DAY","TOTAL_UNITS","TOT_INJ_COUNT","UNBELTED_OCC_COUNT","UNB_DEATH_COUNT","UNB_SUSP_SERIOUS_INJ_COUNT","UNK_INJ_DEG_COUNT","UNK_INJ_PER_COUNT","URBAN_RURAL","VAN_COUNT","VEHICLE_COUNT","VULNERABLE_ROAD_USER_COUNT","VULNERABLE_ROAD_USER_DEATH_COUNT","VULNERABLE_ROAD_USER_SER_INJ_COUNT","WEATHER1","WEATHER2","WORKERS_PRES","WORK_ZONE_IND","WORK_ZONE_LOC","WORK_ZONE_TYPE","WZ_CLOSE_DETOUR","WZ_FLAGGER","WZ_LAW_OFFCR_IND","WZ_LN_CLOSURE","WZ_MOVING","WZ_OTHER","WZ_SHLDER_MDN","WZ_WORKERS_INJ_KILLED"
"2020097801","1600","1","0","0","0","0","0","0","0","0","8","0","","67","11","2020","7","40.06339","-75.152561","1553","6","0","0","0","0","0","0","0","0","","0","0","0","15","1","1","","2","0","40 03:48.204","","0","75 09:09.219","8","0","0","0","67301","1","0","0","N","1","0","0","2","67301","0","","1.0","","1","N","N","N","0","","0","0","0","0","0","","1513","2","1","0","0","0","1","1","2","0","1","1","0","0","3","03","","N","","","","","","","","","",""
"2020059434","1717","1","0","0","0","0","0","0","0","0","7","0","","67","7","2020","2","39.931014","-75.199198","1708","6","0","0","0","0","0","0","0","0","","0","0","0","17","1","0","N","0","0","39 55:51.652","","6","75 11:57.112","9","0","0","0","67301","0","0","0","Y","0","0","0","1","68K01","0","","4.0","","9","N","N","N","0","","0","0","0","0","0","","1706","1","0","0","0","0","0","1","2","0","1","0","0","0","7","04","","N","","","","","","","","","",""
"2020058977","1706","1","0","0","0","0","0","0","0","0","7","0","","67","7","2020","6","39.887178","-75.204883","1702","6","0","0","0","0","0","0","0","0","","0","0","0","16","1","1","N","0","0","39 53:13.841","","0","75 12:17.578","3","0","0","0","67301","0","0","0","N","0","0","0","1","68K01","0","","4.0","","1","N","N","N","0","","1","0","0","0","0","","1659","1","1","0","0","0","0","0","2","0","1","0","0","0","7","04","","N","","","","","","","","","",""
"2020053818","1740","1","0","0","0","0","0","0","0","0","8","0","","67","7","2020","5","40.003919","-75.149187","1732","6","0","0","0","0","0","0","0","0","","0","0","0","17","1","1","","1","0","40 00:14.108","","0","75 08:57.073","3","0","0","0","67301","1","0","0","N","1","0","0","2","67505","0","","1.0","","1","N","N","N","0","","1","0","0","3","2","","1730","2","1","1","0","0","0","0","2","0","1","1","0","0","3","03","","N","","","","","","","","","",""
"2020055879","0528","1","0","0","0","0","0","0","0","0","4","0","","67","7","2020","6","40.030668","-75.061662","0526","6","0","0","0","0","0","0","0","0","","0","0","0","5","1","2","","1","2","40 01:50.404","5","0","75 03:41.983","3","0","0","0","67301","0","0","0","N","0","0","0","2","67301","0","","1.0","100.0","1","N","N","N","0","","2","0","1","3","2","N","520","2","2","0","0","0","0","0","2","0","2","0","0","0","3","03","","N","","","","","","","","","",""
"2020060562","1535","3","0","0","0","0","0","0","0","0","5","0","","67","7","2020","1","39.998819","-75.131655","1533","6","0","0","0","0","0","0","0","0","","0","0","0","15","1","0","N","0","0","39 59:55.750","","0","75 07:53.958","0","0","0","0","67301","0","0","0","N","0","0","0","3","67301","0","","1.0","","1","N","N","N","0","","0","0","0","0","0","","1533","3","0","0","0","0","0","0","2","0","3","0","0","0","3","","","N","","","","","","","","","",""
"2020097797","2333","0","0","0","0","0","0","0","0","0","8","0","","67","11","2020","7","40.051167","-75.054106","2325","6","0","0","0","0","0","0","0","0","","0","0","0","23","3","1","N","0","0","40 03:04.200","","0","75 03:14.780","4","0","0","0","67301","1","0","0","N","1","0","0","1","67301","1","","1.0","","1","N","N","N","0","","0","0","0","0","0","","2304","2","1","0","0","0","0","0","2","0","1","1","0","0","3","","","N","","","","","","","","","",""
"2020048947","1844","0","0","0","0","0","0","0","0","0","8","0","","67","6","2020","2","40.044086","-75.128829","1844","6","0","0","0","0","0","1","0","0","","0","0","0","18","1","1","","1","0","40 02:38.709","","0","75 07:43.784","3","0","0","0","67301","1","0","0","N","1","0","0","2","67301","0","","1.0","","1","N","N","N","0","","1","0","1","3","2","","1821","2","1","0","0","0","0","0","2","0","1","1","0","0","3","","","N","","","","","","","","","",""
"2020085495","","1","0","0","0","0","0","0","0","0","5","0","","67","7","2020","7","40.030572","-75.103892","","6","0","0","0","0","0","0","0","0","","0","0","0","16","1","1","","1","0","40 01:50.059","","0","75 06:14.011","8","0","0","0","67301","0","0","0","N","0","0","0","2","00000","0","","1.0","","1","","","N","1","","0","0","0","3","3","","1630","2","1","0","0","0","1","0","2","0","2","0","0","0","3","","","N","","","","","","","","","",""
"2020098493","0500","0","0","0","0","0","0","0","0","0","8","0","","67","11","2020","5","40.02657","-75.150791","0441","6","0","0","0","0","0","0","0","0","","1","0","0","4","3","0","N","5","0","40 01:35.652","","0","75 09:02.847","1","0","0","0","67301","1","1","0","N","1","1","0","2","67301","0","2","1.0","","9","N","N","N","0","0","0","0","1","3","2","","440","2","0","0","0","0","0","1","2","0","1","1","1","0","7","","","N","","","","","","","","","",""
"2020053108","0742","4","0","0","0","0","0","0","0","0","4","0","","67","7","2020","3","39.988376","-75.1098","0729","6","0","0","0","0","0","0","1","0","","0","0","0","7","1","1","","1","0","39 59:18.153","","0","75 06:35.280","8","0","0","0","67301","0","0","0","N","0","0","0","2","67301","0","","1.0","","1","N","N","N","0","","0","0","2","3","2","","700","6","1","0","0","0","1","0","2","0","6","0","0","0","3","03","","N","","","","","","","","","",""
"2020098928","1345","2","0","0","0","0","0","0","0","0","4","1","","67","11","2020","3","39.923927","-75.222089","1339","6","0","0","0","0","0","1","0","0","","0","1","0","13","1","2","","1","0","39 55:26.137","","0","75 13:19.522","3","0","0","0","67301","0","0","0","N","0","0","0","4","67301","0","","1.0","","1","N","N","N","0","","2","0","0","3","2","","1330","3","2","2","0","0","0","0","2","0","3","0","0","0","3","03","","N","","","","","","","","","",""
"2020054130","2037","1","0","0","0","0","0","0","0","0","5","0","","67","7","2020","2","39.920001","-75.200582","2037","6","0","0","0","0","0","0","0","0","","0","0","0","20","3","3","N","0","0","39 55:12.005","","3","75 12:02.094","3","0","0","0","67301","0","0","0","N","0","0","0","3","67301","0","","1.0","","9","N","N","N","1","","3","0","0","0","0","","2037","2","3","0","0","0","0","0","2","0","2","0","0","0","7","07","","N","","","","","","","","","",""
"2020036329","0550","0","0","0","0","0","0","0","0","0","5","0","","67","3","2020","6","40.043212","-75.227469","0548","6","0","0","0","0","0","0","0","0","","0","0","0","5","3","0","","2","2","40 02:35.563","7","0","75 13:38.889","0","0","0","0","67301","0","0","0","N","0","0","0","1","67301","0","","2.0","45.0","1","N","N","N","0","","0","0","1","0","0","Y","545","2","0","0","0","0","0","0","2","1","2","0","0","0","3","03","","N","","","","","","","","","",""
"2020054000","0655","1","0","0","1","0","0","0","0","0","4","0","","67","7","2020","5","39.956314","-75.239905","0655","6","0","0","0","1","0","0","0","0","","0","0","0","6","1","1","","1","0","39 57:22.730","","0","75 14:23.657","8","0","0","0","67301","1","0","0","N","0","0","0","3","67301","0","","1.0","","1","N","N","N","0","","0","0","0","3","2","","655","2","1","0","0","0","1","0","2","0","1","1","0","0","3","","","N","","","","","","","","","",""
"2020052146","0335","0","0","0","0","0","0","0","0","0","7","0","","67","7","2020","7","39.977139","-75.158123","0334","6","0","0","0","0","0","0","0","0","","0","0","0","3","3","1","Y","0","0","39 58:37.700","","0","75 09:29.241","3","0","0","0","67301","0","0","0","N","0","0","0","1","67505","0","","4.0","","1","N","N","N","0","","1","0","1","0","0","","328","1","1","1","0","0","0","0","2","0","1","0","0","0","3","","","N","","","","","","","","","",""
"2020053457","0153","3","0","0","0","0","0","0","0","0","5","0","","67","7","2020","4","39.959072","-75.242556","0152","6","0","1","0","0","0","0","0","0","","0","0","0","1","3","1","N","0","0","39 57:32.660","","0","75 14:33.202","3","0","0","0","67301","0","0","0","N","0","0","0","1","67301","0","","6.0","","1","N","N","N","0","","1","0","0","0","0","","126","3","1","0","0","0","0","0","2","0","3","0","0","0","3","","","N","","","","","","","","","",""
"2020054533","1914","0","0","0","0","0","0","0","0","0","7","0","","67","7","2020","6","39.956201","-75.148674","1914","6","0","0","0","0","0","0","0","0","","0","0","0","19","1","1","N","0","0","39 57:22.322","","2","75 08:55.227","3","0","0","0","67301","0","0","0","N","0","0","0","10","67501","0","","4.0","","9","N","N","N","0","","1","0","0","0","0","","1914","1","1","0","0","0","0","0","2","1","1","0","0","0","7","03","","N","","","","","","","","","",""
"2020053111","0616","1","0","0","0","0","0","0","0","0","7","0","","67","7","2020","1","40.022658","-75.197864","0532","6","0","0","0","0","0","0","0","0","","0","0","0","5","5","0","N","0","0","40 01:21.570","","0","75 11:52.310","9","0","0","0","67301","0","0","0","N","0","0","0","1","67301","0","","4.0","","1","N","N","N","0","","0","0","0","0","0","","516","1","0","0","0","0","0","1","2","0","1","0","0","0","3","03","","N","","","","","","","","","",""
"2020053110","0000","2","0","0","0","0","0","0","0","0","5","0","","67","7","2020","2","39.983528","-75.136556","0026","6","0","0","0","0","0","0","0","0","","0","0","0","23","3","0","N","0","0","39 59:00.700","","0","75 08:11.600","0","0","0","0","67301","0","0","0","N","0","0","0","1","67301","0","","6.0","","1","N","N","N","0","","0","0","0","0","0","","2310","3","0","0","0","0","0","0","2","1","3","0","0","0","3","","","N","","","","","","","","","",""
"2020092260","2355","1","0","0","0","0","0","1","0","0","4","1","","67","10","2020","2","40.014768","-75.085466","2350","6","0","0","0","0","0","0","0","0","","0","0","0","23","3","1","","1","0","40 00:53.164","","1","75 05:07.676","4","0","0","0","67301","0","0","0","N","0","0","0","2","67508","1","","1.0","","1","N","N","Y","0","","0","0","0","3","2","","2350","2","1","0","0","0","0","0","2","0","2","0","0","0","3","03","","N","","","","","","","","","",""
"2020049853","1854","2","0","0","0","0","0","0","0","0","4","0","","67","6","2020","5","39.976533","-75.178291","1854","6","0","0","0","0","0","0","0","0","","0","0","0","18","1","1","","1","0","39 58:35.518","","0","75 10:41.847","3","0","0","0","67301","0","0","0","N","0","0","0","2","67301","0","","1.0","","1","N","N","N","0","","1","0","0","3","3","","1854","2","1","1","0","0","0","0","2","0","2","0","0","0","3","03","","N","","","","","","","","","",""
"2020054363","0135","1","0","0","0","0","0","0","0","0","6","0","","67","7","2020","2","40.04405","-75.158267","0133","6","0","0","0","0","0","0","0","0","","0","0","0","1","3","0","N","0","2","40 02:38.580","5","0","75 09:29.760","0","0","0","0","67301","0","0","0","N","0","0","0","1","67301","0","","6.0","158.0","1","N","N","N","0","","0","0","1","0","0","Y","132","4","0","0","0","0","0","0","2","2","4","0","0","0","3","","","N","","","","","","","","","",""
"2020098930","0851","2","0","0","0","0","0","0","0","0","4","0","","67","11","2020","2","40.025106","-75.065822","0845","6","0","0","0","0","0","0","0","0","","0","0","0","8","1","0","N","0","0","40 01:30.380","","0","75 03:56.960","9","0","0","0","67301","0","0","0","N","0","0","0","1","67301","0","","1.0","","1","N","N","N","0","","0","0","0","0","0","","827","2","0","0","0","0","0","1","2","0","2","0","0","0","3","03","","N","","","","","","","","","",""
"2020097914","0252","2","0","0","0","0","0","0","0","0","4","0","","67","10","2020","7","39.977298","-75.158241","0246","6","0","0","0","0","0","0","0","0","","1","0","0","2","3","2","N","1","2","39 58:38.272","2","0","75 09:29.666","1","0","0","0","67301","0","0","0","N","0","0","0","3","67301","0","2","1.0","614.0","1","N","N","N","0","0","0","2","0","3","2","Y","244","2","2","0","0","0","0","0","2","0","2","0","0","0","3","","","N","","","","","","","","","",""
"2020055152","1439","2","0","0","0","0","0","0","0","0","4","0","","67","7","2020","3","40.00901","-75.11283","1439","6","0","0","0","0","0","0","0","1","","0","0","0","14","1","4","","1","0","40 00:32.435","","0","75 06:46.188","4","0","0","0","67301","0","0","0","N","0","0","0","4","67301","4","","1.0","","1","N","N","N","0","","0","0","0","3","2","","1438","2","4","0","0","0","0","0","2","0","2","0","0","0","3","03","","N","","","","","","","","","",""
"2020054002","2220","2","0","0","0","0","0","0","0","0","5","0","","67","7","2020","2","39.986994","-75.186239","2206","6","0","0","0","0","0","0","0","0","","0","0","0","22","3","0","N","0","0","39 59:13.180","","0","75 11:10.460","0","0","0","0","67301","0","0","0","N","0","0","0","2","67301","0","","6.0","","1","N","N","N","0","","0","0","1","0","0","","2205","3","0","1","0","0","0","0","2","0","3","0","0","0","3","03","","N","","","","","","","","","",""
"2020052680","2107","1","0","0","0","0","0","0","0","0","6","0","","67","7","2020","1","40.049481","-75.06769","2105","6","1","0","0","0","0","0","0","0","","0","0","0","21","4","1","N","0","0","40 02:58.130","","0","75 04:03.685","3","0","0","1","67301","0","0","0","N","0","0","0","3","67301","0","","1.0","","1","N","N","N","0","","1","0","0","0","0","","2100","2","1","1","0","0","0","0","2","0","2","0","0","0","3","03","","N","","","","","","","","","",""
"2020074579","0830","2","0","0","0","0","0","0","0","0","5","0","","67","8","2020","6","39.973339","-75.201544","0830","6","0","0","0","0","0","0","0","0","","0","0","0","2","2","0","N","0","0","39 58:24.020","","0","75 12:05.560","0","0","0","0","67301","0","0","0","N","0","0","0","0","67301","0","","6.0","","1","N","N","N","0","","0","0","0","0","0","","200","2","0","0","0","0","0","0","2","0","2","0","0","0","3","03","","N","","","","","","","","","",""
"2020058983","0141","1","0","0","0","0","0","0","0","0","7","0","","67","7","2020","7","40.012299","-75.205188","0125","6","0","0","0","0","1","0","0","0","","0","0","0","1","3","0","N","0","1","40 00:44.277","2","3","75 12:18.677","0","0","0","0","67301","0","0","0","N","0","0","0","2","68K01","0","","4.0","100.0","1","N","N","N","0","","0","0","0","0","0","N","122","1","0","0","0","0","0","0","2","0","1","0","0","0","3","","","N","","","","","","","","","",""
"2020097406","1148","0","0","0","0","0","0","0","0","0","7","1","45","67","10","2020","1","40.013603","-75.057297","1140","6","0","0","0","0","0","0","0","0","","0","1","0","11","1","0","N","0","1","40 00:48.971","2","0","75 03:26.270","9","0","0","0","67301","0","0","0","Y","0","0","0","1","68K01","0","","4.0","1553.0","1","N","N","N","0","","0","0","0","0","0","N","1139","1","0","0","0","0","0","1","2","0","1","0","0","0","3","","N","Y","4","1","","","N","","","","Y","N"
"2020065409","1756","1","0","0","0","0","0","0","0","0","7","0","","67","7","2020","6","39.892844","-75.234319","1747","6","0","0","0","0","0","0","0","0","","0","0","0","15","1","0","N","0","0","39 53:34.239","","0","75 14:03.548","0","0","0","0","67301","0","0","0","N","0","0","0","1","68K02","0","","2.0","","9","N","N","N","0","","0","0","0","0","0","","1534","1","0","0","0","0","0","0","2","0","1","0","0","0","7","","","N","","","","","","","","","",""
"2020055153","1100","1","0","0","0","0","0","0","0","0","7","0","","67","7","2020","3","39.876428","-75.251392","1058","6","0","0","0","0","0","0","0","0","","0","0","0","10","1","0","N","0","0","39 52:35.140","","0","75 15:05.010","0","0","0","0","67301","0","0","0","N","0","0","0","1","67301","0","","5.0","","1","N","N","N","0","","0","0","0","0","0","","1055","1","0","1","0","0","0","0","2","0","1","0","0","0","3","03","","N","","","","","","","","","",""
"2020052131","0255","0","0","0","0","0","0","0","0","0","4","0","","67","6","2020","6","40.027579","-75.147244","0252","6","0","0","0","0","0","0","0","0","","0","0","0","2","3","0","","1","0","40 01:39.286","","0","75 08:50.079","9","0","0","0","67301","0","0","0","N","0","0","0","2","67301","0","","1.0","","1","N","N","N","0","","0","0","0","3","2","","247","2","0","0","0","0","0","2","2","1","2","0","0","0","3","03","","N","","","","","","","","","",""
"2020046155","2020","1","0","0","0","0","0","0","0","0","7","0","","67","6","2020","5","40.010483","-75.160772","2020","6","0","0","0","0","0","0","0","0","","0","0","0","20","4","1","N","1","0","40 00:37.740","","0","75 09:38.779","3","0","0","0","67301","0","0","0","N","0","0","0","1","67301","0","","4.0","","1","N","N","N","0","","1","0","0","0","0","","2015","1","1","1","0","0","0","0","2","0","1","0","0","0","3","03","","N","","","","","","","","","",""
"2020050783","1740","1","0","0","0","0","0","0","0","0","4","0","","67","6","2020","6","40.011998","-75.069977","1735","6","0","0","0","0","0","0","1","0","","0","0","0","17","1","1","","1","0","40 00:43.192","","0","75 04:11.917","3","0","0","0","67301","0","0","0","N","0","0","0","2","67301","0","","1.0","","1","N","N","N","0","","1","0","1","3","3","","1729","2","1","0","0","0","0","0","2","0","2","0","0","0","3","03","","N","","","","","","","","","",""
"2020088902","1315","2","0","0","0","0","0","0","0","0","5","0","","67","6","2020","4","40.051786","-75.185331","1315","6","0","0","0","0","0","0","0","0","","0","0","0","15","1","2","N","0","0","40 03:06.430","","0","75 11:07.192","8","0","0","0","67301","0","0","0","N","0","0","0","3","67301","0","","1.0","","1","N","N","N","0","","0","0","0","0","0","","1520","2","2","0","0","0","2","1","2","0","2","0","0","0","3","03","","N","","","","","","","","","",""
"2020049751","1208","1","0","0","0","0","0","0","0","0","4","0","","67","6","2020","3","39.999644","-75.190489","1207","6","0","0","0","0","0","0","0","0","","0","0","0","19","1","0","","2","0","39 59:58.717","","0","75 11:25.759","9","0","0","0","67301","0","0","0","N","0","0","0","2","67301","0","","1.0","","1","N","N","N","0","","0","0","0","3","2","","1900","2","0","0","0","0","0","2","2","0","2","0","0","0","3","03","","N","","","","","","","","","",""
"2020058985","1525","1","0","0","0","0","0","0","0","0","7","0","","67","7","2020","7","39.881098","-75.24577","1439","6","0","0","0","0","0","0","0","0","","0","0","0","14","1","0","N","0","0","39 52:51.952","","8","75 14:44.773","0","0","0","0","67301","0","0","0","N","0","0","0","1","68K01","0","","4.0","","1","N","N","N","0","","0","0","0","0","0","","1421","1","0","0","0","0","0","0","2","0","1","0","0","0","3","","","N","","","","","","","","","",""
"2020098006","1925","1","0","0","0","0","0","0","0","0","7","0","","67","10","2020","3","39.975511","-75.229536","1923","6","0","0","0","0","0","0","0","0","","1","0","0","19","4","0","","1","0","39 58:31.839","","0","75 13:46.329","1","0","0","0","67301","0","0","0","N","0","0","0","1","67301","0","2","4.0","","1","N","N","N","0","0","0","0","0","3","3","","1922","1","0","1","1","0","0","0","2","0","1","0","0","0","3","03","","N","","","","","","","","","",""
"2020054017","0310","1","0","0","0","0","0","0","0","0","4","0","","67","7","2020","3","40.026695","-75.117257","0310","6","0","0","0","0","0","0","0","0","","0","0","0","0","3","1","","1","0","40 01:36.101","","0","75 07:02.125","8","0","0","0","67301","0","0","0","N","0","0","0","2","67301","0","","1.0","","1","N","N","N","0","","0","0","0","3","2","","38","2","1","0","0","0","1","0","2","0","2","0","0","0","4","04","","N","","","","","","","","","",""
"2020085476","1650","0","0","0","0","0","0","1","0","0","8","1","","67","10","2020","6","39.945417","-75.153222","1625","6","0","0","0","0","0","0","0","0","","0","0","0","14","1","1","N","0","0","39 56:43.500","","0","75 09:11.600","3","0","0","0","67301","1","0","0","N","1","0","0","2","67301","0","","1.0","","1","N","N","N","0","","1","0","0","0","0","","1435","2","1","0","0","0","0","0","2","0","1","1","0","0","3","","","N","","","","","","","","","",""
"2020034598","2149","1","0","0","0","0","0","0","0","0","7","0","","67","4","2020","2","39.904061","-75.240291","2136","6","0","0","0","0","0","0","0","0","","0","0","0","21","3","0","","1","0","39 54:14.619","","0","75 14:25.049","0","0","0","0","67301","0","0","0","N","0","0","0","1","67301","0","","4.0","","1","N","N","N","0","","0","0","0","3","2","","2134","1","0","0","0","0","0","0","2","0","1","0","0","0","3","03","","N","","","","","","","","","",""
"2020055974","1537","2","0","0","0","0","0","0","0","0","6","0","","67","7","2020","6","40.0045","-75.1294","1537","6","0","0","0","0","0","0","0","0","","0","0","0","15","1","0","N","0","0","40 00:16.200","","0","75 07:45.840","0","0","0","0","67301","0","0","0","N","0","0","0","3","67301","0","","1.0","","9","N","N","N","0","","0","0","1","0","0","","1525","3","0","0","0","0","0","0","2","0","3","0","0","0","7","07","","N","","","","","","","","","",""
"2020052340","0100","2","0","0","0","0","0","0","0","0","6","0","","67","7","2020","1","39.971131","-75.234317","0051","6","0","0","0","0","0","0","0","0","","0","0","0","0","3","0","N","0","0","39 58:16.070","","0","75 14:03.540","0","0","0","0","67301","0","0","0","N","0","0","0","2","67301","0","","1.0","","1","N","N","N","0","","0","0","0","0","0","","50","2","0","2","0","0","0","0","2","0","2","0","0","0","3","","","N","","","","","","","","","",""
"2020054707","1821","2","0","0","0","0","0","0","0","0","4","0","","67","7","2020","6","39.96678","-75.210701","1821","6","0","0","0","0","0","1","0","0","","0","0","0","13","1","2","","2","0","39 58:00.407","","0","75 12:38.523","8","0","0","0","67301","0","0","0","N","0","0","0","2","67301","0","","1.0","","9","N","N","N","0","","0","0","0","3","3","","1330","2","2","0","0","0","2","0","2","0","2","0","0","0","7","","","N","","","","","","","","","",""
"2020054450","1252","0","0","0","0","0","0","0","0","0","4","0","","67","7","2020","6","39.980347","-75.197709","1248","6","0","0","0","0","1","0","0","0","","0","0","0","12","1","1","N","0","0","39 58:49.249","","0","75 11:51.751","3","0","0","0","67301","0","0","0","N","0","0","0","2","67301","0","","1.0","","1","N","N","N","0","","1","0","2","0","0","","1244","2","1","0","0","0","0","0","2","0","2","0","0","0","3","","","N","","","","","","","","","",""
"2020054281","2120","1","0","0","0","0","0","0","0","0","1","0","","67","7","2020","2","40.022752","-75.137674","2110","6","0","1","0","0","0","0","0","0","","0","0","0","20","3","3","N","0","0","40 01:21.906","","0","75 08:15.626","2","0","0","0","67301","0","0","0","N","0","0","0","3","67301","0","","1.0","","9","N","N","N","0","","1","2","1","0","0","","2051","2","3","1","0","1","0","0","2","0","2","0","0","0","7","","","N","","","","","","","","","",""
"2020097733","1407","0","0","0","0","0","0","0","0","0","5","1","","67","11","2020","4","39.956985","-75.180432","1352","6","0","0","0","0","0","0","0","0","","0","1","0","13","1","1","N","0","1","39 57:25.145","3","0","75 10:49.555","8","0","0","0","67301","0","0","0","N","0","0","0","2","68K01","0","","1.0","1440.0","1","N","N","N","0","","0","0","1","0","0","N","1351","2","1","1","0","0","1","0","2","0","2","0","0","0","3","","","N","","","","","","","","","",""
"2020099147","2300","2","0","0","0","0","0","0","0","0","4","0","","67","11","2020","4","40.03139","-75.084857","2230","6","0","0","1","0","0","0","0","0","","0","0","0","20","3","1","","1","9","40 01:53.003","","0","75 05:05.484","4","0","0","0","67301","0","0","0","N","0","0","0","1","67301","1","","1.0","","1","N","N","N","0","","0","0","0","3","2","U","2030","2","1","0","0","0","0","0","2","0","2","0","0","0","3","03","","N","","","","","","","","","",""
"2020052130","1459","2","0","0","0","0","0","0","0","0","5","0","","67","6","2020","1","39.99395","-75.134322","1457","6","0","0","0","0","0","0","0","0","","0","0","0","14","1","1","N","0","0","39 59:38.220","","0","75 08:03.560","3","0","0","0","67301","0","0","0","N","0","0","0","1","67301","0","","6.0","","1","N","N","N","0","","1","0","1","0","0","","1456","3","1","1","0","0","0","0","2","0","3","0","0","0","3","03","","N","","","","","","","","","",""
"2020049932","1915","0","0","0","0","0","0","0","0","0","4","0","","67","6","2020","5","39.940165","-75.142361","1850","6","0","0","0","0","0","2","0","0","","0","0","0","18","1","1","N","0","0","39 56:24.595","","7","75 08:32.498","8","0","0","0","67301","0","0","0","N","0","0","0","2","67301","0","","1.0","","1","N","N","N","0","","0","0","2","0","0","","1849","2","1","0","0","0","1","1","2","0","2","0","0","0","3","03","","N","","","","","","","","","",""
"2020051918","1727","1","0","0","1","0","0","0","0","0","8","0","","67","6","2020","6","39.945","-75.230139","1724","6","0","0","0","0","0","0","1","0","","0","0","0","17","1","1","","2","0","39 56:42.000","","0","75 13:48.500","3","0","0","0","67301","1","0","0","N","0","0","0","2","67301","0","","1.0","","1","N","N","N","0","","1","0","0","0","0","","1723","2","1","1","0","0","0","0","2","0","1","1","0","0","3","03","","N","","","","","","","","","",""
"2020048593","1636","0","0","0","0","0","0","0","0","0","4","0","","67","6","2020","3","40.053112","-75.13777","1634","6","0","0","0","0","0","0","0","0","","0","0","0","15","1","1","","1","0","40 03:11.203","","0","75 08:15.971","8","0","0","0","67301","0","0","0","N","0","0","0","3","67301","0","","1.0","","1","N","N","N","0","","0","0","3","3","2","","1500","3","1","0","0","0","1","0","2","0","3","0","0","0","3","03","","N","","","","","","","","","",""
"2020049428","0851","1","0","0","0","0","0","0","0","0","4","0","","67","6","2020","4","40.027933","-75.059763","0848","6","0","0","0","0","0","0","0","0","","0","0","0","8","1","1","N","0","0","40 01:40.557","","7","75 03:35.148","3","0","0","1","67301","0","0","0","N","0","0","0","2","67301","0","","4.0","","1","N","N","N","0","","1","0","0","0","0","","845","2","1","0","0","0","0","0","2","0","2","0","0","0","3","03","","N","","","","","","","","","",""
"2020057386","0046","2","0","0","0","0","0","0","0","0","8","0","","67","7","2020","1","39.947508","-75.240561","0044","6","0","0","0","0","0","0","0","0","","0","0","0","0","3","1","N","0","0","39 56:51.030","","0","75 14:26.020","8","0","0","0","67301","1","0","0","N","1","0","0","2","67301","0","","1.0","","1","N","N","N","0","","0","0","0","0","0","","44","3","1","0","0","0","1","0","2","0","2","1","0","0","3","03","","N","","","","","","","","","",""
"2020094356","2211","1","0","0","0","0","0","0","0","0","98","0","","67","10","2020","1","39.976363","-75.113977","2139","6","0","0","0","0","0","1","0","0","","0","0","0","21","3","0","N","0","0","39 58:34.906","","0","75 06:50.317","0","0","0","0","67301","0","0","0","N","0","0","0","1","68K01","0","","2.0","","9","N","N","N","0","","0","0","0","0","0","","2128","1","0","0","0","0","0","0","2","0","1","0","0","0","7","","","N","","","","","","","","","",""