"CRN","ARRIVAL_TM","AUTOMOBILE_COUNT","BELTED_DEATH_COUNT","BELTED_SUSP_SERIOUS_INJ_COUNT","BICYCLE_COUNT","BICYCLE_DEATH_COUNT","BICYCLE_SUSP_SERIOUS_INJ_COUNT","BUS_COUNT","CHLDPAS_DEATH_COUNT","CHLDPAS_SUSP_SERIOUS_INJ_COUNT","COLLISION_TYPE","COMM_VEH_COUNT","CONS_ZONE_SPD_LIM","COUNTY","CRASH_MONTH","CRASH_YEAR","DAY_OF_WEEK","DEC_LATITUDE","DEC_LONGITUDE","DISPATCH_TM","DISTRICT","DRIVER_COUNT_16YR","DRIVER_COUNT_17YR","DRIVER_COUNT_18YR","DRIVER_COUNT_19YR","DRIVER_COUNT_20YR","DRIVER_COUNT_50_64YR","DRIVER_COUNT_65_74YR","DRIVER_COUNT_75PLUS","EST_HRS_CLOSED","FATAL_COUNT","HEAVY_TRUCK_COUNT","HORSE_BUGGY_COUNT","HOUR_OF_DAY","ILLUMINATION","INJURY_COUNT","INTERSECTION_RELATED","INTERSECT_TYPE","LANE_CLOSED","LATITUDE","LN_CLOSE_DIR","LOCATION_TYPE","LONGITUDE","MAX_SEVERITY_LEVEL","MCYCLE_DEATH_COUNT","MCYCLE_SUSP_SERIOUS_INJ_COUNT","MOTORCYCLE_COUNT","MUNICIPALITY","NONMOTR_COUNT","NONMOTR_DEATH_COUNT","NONMOTR_SUSP_SERIOUS_INJ_COUNT","NTFY_HIWY_MAINT","PED_COUNT","PED_DEATH_COUNT","PED_SUSP_SERIOUS_INJ_COUNT","PERSON_COUNT","POLICE_AGCY","POSSIBLE_INJ_COUNT","RDWY_SURF_TYPE_CD","RELATION_TO_ROAD","ROADWAY_CLEARED","ROAD_CONDITION","SCH_BUS_IND","SCH_ZONE_IND","SECONDARY_CRASH","SMALL_TRUCK_COUNT","SPEC_JURIS_CD","SUSP_MINOR_INJ_COUNT","SUSP_SERIOUS_INJ_COUNT","SUV_COUNT","TCD_FUNC_CD","TCD_TYPE","TFC_DETOUR_IND","TIME_OF_DAY","TOTAL_UNITS","TOT_INJ_COUNT","UNBELTED_OCC_COUNT","UNB_DEATH_COUNT","UNB_SUSP_SERIOUS_INJ_COUNT","UNK_INJ_DEG_COUNT","UNK_INJ_PER_COUNT","URBAN_RURAL","VAN_COUNT","VEHICLE_COUNT","VULNERABLE_ROAD_USER_COUNT","VULNERABLE_ROAD_USER_DEATH_COUNT","VULNERABLE_ROAD_USER_SER_INJ_COUNT","WEATHER1","WEATHER2","WORKERS_PRES","WORK_ZONE_IND","WORK_ZONE_LOC","WORK_ZONE_TYPE","WZ_CLOSE_DETOUR","WZ_FLAGGER","WZ_LAW_OFFCR_IND","WZ_LN_CLOSURE","WZ_MOVING","WZ_OTHER","WZ_SHLDER_MDN","WZ_WORKERS_INJ_KILLED"
"2020049935","1230","1","0","0","0","0","0","0","0","0","4","0","","67","6","2020","5","40.03968","-75.032767","2227","6","0","0","0","0","0","0","1","0","","0","0","0","12","1","1","N","0","0","40 02:22.847","","0","75 01:57.961","3","0","0","1","67301","0","0","0","N","0","0","0","3","67301","0","","1.0","","1","N","N","N","0","","1","0","0","0","0","","1222","2","1","0","0","0","0","0","2","0","2","0","0","0","3","","","N","","","","","","","","","",""
"2020097911","1812","0","0","0","0","0","0","0","0","0","7","0","","67","10","2020","4","40.045278","-75.066028","1804","6","0","0","0","0","0","0","0","0","","1","0","0","18","2","0","N","0","0","40 02:43.000","","0","75 03:57.700","1","1","0","1","67301","0","0","0","N","0","0","0","1","67301","0","1","5.0","","1","N","N","N","0","0","0","0","0","0","0","","1803","1","0","0","0","0","0","0","2","0","1","0","0","0","3","","","N","","","","","","","","","",""
"2020058975","1558","1","0","0","0","0","0","0","0","0","7","0","","67","7","2020","6","39.88678","-75.205727","1558","6","0","0","0","0","0","0","0","0","","0","0","0","15","1","1","N","0","0","39 53:12.407","","0","75 12:20.616","3","0","0","0","67301","0","0","0","N","0","0","0","1","68K01","0","","4.0","","9","N","N","N","0","","1","0","0","0","0","","1557","1","1","0","0","0","0","0","2","0","1","0","0","0","7","04","","N","","","","","","","","","",""
"2020099601","2318","0","0","0","0","0","0","0","0","0","5","1","45","67","11","2020","2","40.012346","-75.059616","2315","6","0","0","0","0","0","0","0","0","","0","1","0","23","3","0","N","0","1","40 00:44.446","2","0","75 03:34.617","0","0","0","0","67301","0","0","0","N","0","0","0","2","68K01","0","","1.0","30.0","1","N","N","N","0","","0","0","1","0","0","N","2309","2","0","0","0","0","0","0","2","0","2","0","0","0","3","","N","Y","1","1","","","N","Y","","","","N"
"2020002549","1720","1","0","0","0","0","0","0","0","0","7","0","","67","1","2020","1","39.908861","-75.150861","1715","6","0","0","0","0","0","0","0","0","","0","0","0","17","3","0","N","0","1","39 54:31.900","3","3","75 09:03.100","0","0","0","0","67301","0","0","0","N","0","0","0","1","67501","0","","1.0","1745.0","1","N","N","N","0","","0","0","0","3","8","N","1715","1","0","0","0","0","0","0","2","0","1","0","0","0","3","","","N","","","","","","","","","",""
"2020054004","1352","1","0","0","0","0","0","0","0","0","1","0","","67","7","2020","4","39.986568","-75.156202","1348","6","0","0","0","0","0","0","0","0","","0","0","0","13","1","0","Y","0","0","39 59:11.643","","0","75 09:22.328","0","0","0","0","67301","0","0","0","N","0","0","0","2","67301","0","","1.0","","1","N","N","N","1","","0","0","0","3","2","","1348","2","0","0","0","0","0","0","2","0","2","0","0","0","3","03","","N","","","","","","","","","",""
"2020098831","9999","1","0","0","0","0","0","0","0","0","2","0","","67","1","2020","2","40.002128","-75.157051","9999","6","0","0","0","0","0","0","0","0","","0","0","0","16","6","1","N","0","0","40 00:07.659","","7","75 09:25.383","8","0","0","0","67301","0","0","0","N","0","0","0","2","00000","0","","1.0","","1","","","N","0","","0","0","0","0","0","","1630","2","1","0","0","0","1","0","2","0","2","0","0","0","3","","","N","","","","","","","","","",""
"2020059494","1823","2","0","0","0","0","0","0","0","0","1","0","45","67","7","2020","7","40.021066","-75.042054","1821","6","0","0","0","0","0","0","2","0","","0","0","0","18","1","2","N","0","1","40 01:15.837","2","3","75 02:31.395","3","0","0","0","67301","0","0","0","N","0","0","0","4","68K01","0","","1.0","20.0","1","N","N","N","0","","2","0","1","0","0","N","1812","3","2","0","0","0","0","0","2","0","3","0","0","0","3","","N","Y","2","1","","","N","Y","","","Y","N"
"2020056663","1855","0","0","0","0","0","0","0","0","0","8","0","","67","7","2020","6","39.955847","-75.221714","1850","6","0","0","0","0","0","0","0","0","","0","0","0","18","1","1","","1","0","39 57:21.049","","0","75 13:18.170","3","0","0","0","67301","1","0","0","N","1","0","0","2","67301","0","","1.0","","1","N","N","N","0","","1","0","1","3","3","","1850","2","1","0","0","0","0","0","2","0","1","1","0","0","3","03","","N","","","","","","","","","",""
"2020048338","1053","1","0","0","0","0","0","0","0","0","4","0","","67","6","2020","5","39.907194","-75.187667","1050","6","0","0","0","0","0","1","0","0","","0","0","0","10","1","1","N","0","1","39 54:25.900","6","7","75 11:15.600","3","0","0","0","67301","0","0","0","N","0","0","0","2","67301","0","","1.0","1125.0","9","N","N","N","0","","1","0","1","3","3","N","1045","2","1","0","0","0","0","0","2","0","2","0","0","0","7","","","N","","","","","","","","","",""
"2020098719","1602","2","0","0","0","0","0","0","0","0","4","0","","67","11","2020","2","40.014649","-75.178448","1601","6","0","0","0","1","0","0","0","0","","0","0","0","16","1","2","","1","0","40 00:52.738","","0","75 10:42.411","3","0","0","0","67301","0","0","0","N","0","0","0","5","67301","0","","1.0","","1","N","N","N","0","","2","0","0","3","2","","1600","2","2","0","0","0","0","0","2","0","2","0","0","0","3","03","","N","","","","","","","","","",""
"2020049886","0058","2","0","0","0","0","0","0","0","0","4","0","","67","6","2020","5","39.989465","-75.110756","0052","6","0","0","0","0","0","0","0","0","","0","0","0","22","3","0","","1","0","39 59:22.074","","0","75 06:38.721","0","0","0","0","67301","0","0","0","N","0","0","0","1","67301","0","","1.0","","1","N","N","N","0","","0","0","0","3","3","","2218","2","0","0","0","0","0","0","2","0","2","0","0","0","3","03","","N","","","","","","","","","",""
"2020049310","2357","1","0","0","0","0","0","0","0","0","4","0","","67","6","2020","2","40.004551","-75.132065","2352","6","0","0","0","0","0","0","0","0","","0","0","0","23","3","1","","1","0","40 00:16.383","","0","75 07:55.433","3","0","0","0","67301","0","0","0","N","0","0","0","2","67301","0","","1.0","","1","N","N","N","0","","1","0","1","2","2","","2347","2","1","0","0","0","0","0","2","0","2","0","0","0","3","03","","N","","","","","","","","","",""
"2020092503","1331","1","0","0","0","0","0","0","0","0","1","1","","67","10","2020","6","40.012984","-75.119382","1327","6","0","0","0","0","0","1","0","0","","0","1","0","12","1","1","","1","0","40 00:46.743","","0","75 07:09.776","3","0","0","0","67301","0","0","0","N","0","0","0","4","67301","0","","1.0","","9","N","N","N","0","","1","0","1","3","2","","1243","3","1","0","0","0","0","0","2","0","3","0","0","0","4","","","N","","","","","","","","","",""
"2020092930","1000","0","0","0","0","0","0","1","0","0","4","1","","67","10","2020","6","40.000989","-75.148165","0956","6","0","0","0","0","0","1","0","0","","0","0","0","9","1","1","N","1","0","40 00:03.560","","0","75 08:53.394","8","0","0","0","67301","0","0","0","N","0","0","0","2","67508","0","","1.0","","1","N","N","Y","0","","0","0","0","3","2","","956","2","1","0","0","0","1","0","2","1","2","0","0","0","3","03","","N","","","","","","","","","",""
"2020059447","1823","2","0","0","0","0","0","0","0","0","5","0","","67","7","2020","6","39.94526","-75.142664","1823","6","0","0","1","0","1","1","0","0","","0","0","0","18","1","7","N","0","1","39 56:42.936","2","0","75 08:33.591","4","0","0","0","67301","0","0","0","N","0","0","0","7","68K01","7","","1.0","30.0","9","N","N","N","0","","0","0","3","0","0","N","1823","5","7","0","0","0","0","0","2","0","5","0","0","0","7","","","N","","","","","","","","","",""
"2020047982","0830","1","0","0","0","0","0","0","0","0","4","0","","67","6","2020","5","39.923139","-75.238897","0827","6","0","0","0","0","0","0","0","0","","0","0","0","8","1","2","N","0","0","39 55:23.300","","0","75 14:20.030","2","0","0","0","67301","0","0","0","N","0","0","0","3","67301","1","","1.0","","1","N","N","N","0","","0","1","1","0","0","","826","2","2","2","0","1","0","0","2","0","2","0","0","0","4","03","","N","","","","","","","","","",""
"2020050265","0850","1","0","0","0","0","0","0","0","0","4","0","","67","6","2020","6","39.902499","-75.224775","0840","6","0","0","0","0","0","0","0","0","","0","0","0","7","1","0","","5","0","39 54:08.998","","0","75 13:29.191","0","0","0","0","67301","0","0","0","N","0","0","0","2","67301","0","","1.0","","1","N","N","N","0","","0","0","1","3","2","","758","2","0","0","0","0","0","0","2","0","2","0","0","0","3","03","","N","","","","","","","","","",""
"2020099345","1140","0","0","0","0","0","0","0","0","0","4","0","","67","11","2020","4","40.016535","-75.187783","1133","6","0","0","0","0","0","0","0","0","","0","0","0","11","1","1","N","0","2","40 00:59.526","5","0","75 11:16.019","3","0","0","0","67301","0","0","0","N","0","0","0","2","67301","0","","1.0","300.0","1","N","N","N","0","","1","0","2","0","0","Y","1125","2","1","0","0","0","0","0","2","0","2","0","0","0","3","03","","N","","","","","","","","","",""
"2020098744","0030","1","0","0","0","0","0","0","0","0","4","0","","67","11","2020","7","39.945184","-75.217746","0030","6","0","0","0","0","1","0","0","0","","0","0","0","0","3","0","","1","1","39 56:42.662","5","0","75 13:03.885","0","0","0","0","67301","0","0","0","N","0","0","0","3","67301","0","","1.0","140.0","1","N","N","N","0","","0","0","1","3","2","Y","30","2","0","0","0","0","0","0","2","0","2","0","0","0","3","03","","N","","","","","","","","","",""
"2020054019","0612","3","0","0","0","0","0","0","0","0","5","0","","67","7","2020","3","40.026736","-75.170129","0610","6","0","0","0","0","0","0","0","0","","0","0","0","6","1","1","N","0","1","40 01:36.249","1","0","75 10:12.465","3","0","0","0","67301","0","0","0","N","0","0","0","1","67301","0","","6.0","730.0","1","N","N","N","1","","1","0","0","0","0","Y","609","4","1","0","0","0","0","0","2","0","4","0","0","0","3","03","","N","","","","","","","","","",""
"2020052501","0325","1","0","0","0","0","0","0","0","0","5","0","","67","7","2020","1","40.022867","-75.075428","0303","6","0","0","0","0","0","0","0","0","","0","0","0","3","3","0","N","0","0","40 01:22.320","","0","75 04:31.540","0","0","0","0","67301","0","0","0","N","0","0","0","1","67301","0","","6.0","","1","N","N","N","1","","0","0","2","0","0","","303","4","0","0","0","0","0","0","2","0","4","0","0","0","3","","","N","","","","","","","","","",""
"2020054279","1757","0","0","0","0","0","0","0","0","0","1","0","","67","7","2020","5","39.974778","-75.221549","1751","6","0","0","0","0","0","1","0","0","","0","0","0","17","1","1","","3","0","39 58:29.201","","0","75 13:17.575","3","0","0","0","67301","0","0","0","N","0","0","0","6","67301","0","","1.0","","1","N","N","N","0","","1","0","1","3","3","","1747","2","1","0","0","0","0","0","2","1","2","0","0","0","3","03","","N","","","","","","","","","",""
"2020089530","0025","3","0","0","0","0","0","0","0","0","1","0","","67","10","2020","5","40.029293","-75.022696","0005","6","0","0","0","0","0","1","0","0","","0","0","0","0","3","3","N","0","2","40 01:45.454","2","0","75 01:21.707","3","0","0","0","67301","0","0","0","N","0","0","0","3","68K01","0","","1.0","100.0","1","N","N","N","0","","3","0","0","0","0","N","3","3","3","0","0","0","0","0","2","0","3","0","0","0","3","","","N","","","","","","","","","",""
"2020050340","2124","2","0","0","0","0","0","0","0","0","4","0","","67","6","2020","6","40.02712","-75.123139","2059","6","0","0","0","0","0","1","0","0","","0","0","0","20","3","2","","1","0","40 01:37.632","","0","75 07:23.300","3","0","0","0","67301","0","0","0","N","0","0","0","3","67301","0","","1.0","","1","N","N","N","0","","2","0","0","3","3","","2029","2","2","3","0","0","0","0","2","0","2","0","0","0","3","03","","N","","","","","","","","","",""
"2020097740","0753","0","0","0","0","0","0","0","0","0","7","1","45","67","11","2020","6","40.011411","-75.060886","0753","6","0","0","0","0","0","0","0","0","","0","1","0","7","1","1","N","0","2","40 00:41.078","1","0","75 03:39.191","3","0","0","0","67301","0","0","0","Y","0","0","0","1","68K01","0","","2.0","500.0","1","N","N","N","0","","1","0","0","3","2","N","749","1","1","0","0","0","0","0","2","0","1","0","0","0","3","","Y","Y","4","1","N","N","N","N","N","N","Y","N"
"2020099268","2258","2","0","0","0","0","0","0","0","0","6","0","","67","10","2020","7","39.977025","-75.19908","2254","6","0","0","0","0","0","0","0","0","","0","0","0","22","3","6","N","0","2","39 58:37.290","3","0","75 11:56.689","3","0","0","0","67301","0","0","0","N","0","0","0","8","68K01","2","","1.0","2330.0","1","N","N","N","0","","4","0","0","0","0","N","2253","2","6","3","0","0","0","0","2","0","2","0","0","0","3","","","N","","","","","","","","","",""
"2020054262","1639","1","0","0","0","0","0","0","0","0","1","0","","67","7","2020","4","40.031082","-75.036001","1635","6","0","0","0","0","0","0","1","0","","0","0","0","16","1","3","Y","0","1","40 01:51.894","3","0","75 02:09.605","3","0","0","0","67301","0","0","0","N","0","0","0","8","67301","0","","1.0","1800.0","1","N","N","N","0","","3","0","2","3","2","N","1624","3","3","0","0","0","0","1","2","0","3","0","0","0","3","03","","N","","","","","","","","","",""
"2020098810","0430","0","0","0","0","0","0","0","0","0","1","1","","67","11","2020","7","39.982294","-75.133286","0421","6","0","0","0","0","0","0","0","0","","0","1","0","4","3","0","N","0","0","39 58:56.260","","0","75 07:59.830","9","0","0","0","67301","0","0","0","N","0","0","0","1","67301","0","","6.0","","1","N","N","N","0","","0","0","2","0","0","","400","3","0","0","0","0","0","1","2","0","3","0","0","0","3","03","","N","","","","","","","","","",""
"2020097738","1325","0","0","0","0","0","0","0","0","0","7","1","35","67","11","2020","5","40.011171","-75.061315","1248","6","0","0","0","0","0","0","0","0","","0","1","0","12","1","0","N","0","2","40 00:40.217","1","0","75 03:40.734","0","0","0","0","67301","0","0","0","N","0","0","0","1","68K01","0","","4.0","200.0","1","N","N","N","0","","0","0","0","0","0","N","1244","1","0","0","0","0","0","0","2","0","1","0","0","0","3","","Y","Y","4","1","N","N","N","Y","N","N","N","N"
"2020054452","2132","1","0","0","0","0","0","0","0","0","4","0","","67","7","2020","6","40.086041","-75.211941","2111","6","0","0","0","0","0","0","0","0","","0","0","0","21","3","0","","1","0","40 05:09.747","","0","75 12:42.989","0","0","0","0","67301","0","0","0","N","0","0","0","3","67301","0","","1.0","","9","N","N","N","0","","0","0","1","3","2","","2108","2","0","0","0","0","0","0","2","0","2","0","0","0","7","07","","N","","","","","","","","","",""
"2020051231","1556","1","0","0","0","0","0","0","0","0","1","0","","67","6","2020","5","39.958213","-75.164526","1550","6","0","0","0","0","0","1","1","0","","0","0","0","15","1","1","N","0","0","39 57:29.567","","0","75 09:52.293","4","0","0","0","67301","0","0","0","N","0","0","0","2","68K01","1","","1.0","","1","N","N","N","0","","0","0","0","0","0","","1544","2","1","0","0","0","0","0","2","1","2","0","0","0","3","03","","N","","","","","","","","","",""
"2020097723","1138","0","0","0","0","0","0","0","0","0","1","0","","67","11","2020","1","39.943125","-75.142807","1128","6","0","0","0","0","0","1","0","0","","0","0","0","11","1","0","N","0","0","39 56:35.250","","0","75 08:34.105","9","0","0","0","67301","0","0","0","N","0","0","0","2","68K01","0","","1.0","","9","N","N","N","0","","0","0","1","0","0","","1125","2","0","0","0","0","0","1","2","0","2","0","0","0","7","03","","N","","","","","","","","","",""
"2020058986","1438","1","0","0","0","0","0","0","0","0","7","0","","67","7","2020","7","39.922872","-75.191918","1438","6","0","0","0","0","0","0","0","0","","0","0","0","14","1","2","N","0","1","39 55:22.339","3","0","75 11:30.903","4","0","0","0","67301","0","0","0","Y","0","0","0","2","68K01","1","","4.0","30.0","9","N","N","N","0","","0","0","0","0","0","N","1432","1","2","0","0","0","1","0","2","0","1","0","0","0","7","","","N","","","","","","","","","",""
"2020053306","0439","1","0","0","0","0","0","0","0","0","4","0","","67","7","2020","2","40.024636","-75.123675","0427","6","0","0","0","0","0","1","0","0","","0","0","0","4","3","0","","1","0","40 01:28.689","","0","75 07:25.230","0","0","0","0","67301","0","0","0","N","0","0","0","3","67301","0","","1.0","","1","N","N","N","0","","0","0","0","3","2","","427","2","0","0","0","0","0","0","2","1","2","0","0","0","3","03","","N","","","","","","","","","",""
"2020049008","1930","0","0","0","0","0","0","0","0","0","8","0","","67","6","2020","2","40.109273","-75.025555","1918","6","0","0","0","0","0","0","0","0","","0","0","0","16","1","1","","2","0","40 06:33.384","","0","75 01:31.999","4","0","0","0","67301","1","0","0","N","1","0","0","2","67301","1","","1.0","","1","N","N","N","0","","0","0","0","3","3","","1616","2","1","0","0","0","0","0","2","1","1","1","0","0","3","03","","N","","","","","","","","","",""
"2020050788","1725","2","0","0","0","0","0","0","0","0","4","0","","67","6","2020","1","39.986714","-75.172015","1704","6","0","0","0","0","0","0","0","0","","0","0","0","14","1","1","","1","0","39 59:12.170","","0","75 10:19.254","3","0","0","0","67301","0","0","0","N","0","0","0","4","67301","0","","1.0","","1","N","N","N","0","","1","0","0","3","3","","1400","2","1","0","0","0","0","0","2","0","2","0","0","0","3","03","","N","","","","","","","","","",""
"2020097734","0849","0","0","0","0","0","0","0","0","0","1","0","","67","11","2020","5","39.983846","-75.097217","0837","6","0","0","0","0","0","0","0","0","","0","0","0","8","1","1","N","0","2","39 59:01.846","2","0","75 05:49.981","8","0","0","0","67301","0","0","0","N","0","0","0","5","68K01","0","","3.0","30.0","1","N","N","N","0","","0","0","1","0","0","N","834","2","1","0","0","0","1","0","2","1","2","0","0","0","3","","","N","","","","","","","","","",""
"2020097402","1950","2","0","0","0","0","0","0","0","0","1","0","45","67","10","2020","4","39.942947","-75.193039","1950","6","0","0","0","0","0","0","0","0","","0","0","0","19","3","2","N","0","0","39 56:34.609","","0","75 11:34.942","3","0","0","0","67301","0","0","0","N","0","0","0","3","68K01","0","","1.0","","1","N","N","N","0","","2","0","0","0","0","","1948","2","2","1","0","0","0","0","2","0","2","0","0","0","3","","Y","Y","2","1","N","N","Y","Y","N","N","N","N"
"2020053307","0415","2","0","0","0","0","0","0","0","0","5","0","","67","7","2020","1","40.024497","-75.147918","0412","6","0","0","0","0","0","1","0","0","","0","0","0","4","3","3","","1","0","40 01:28.189","","0","75 08:52.503","3","0","0","0","67301","0","0","0","N","0","0","0","3","67301","1","","1.0","","1","N","N","N","0","","2","0","1","3","2","","409","3","3","3","0","0","0","0","2","0","3","0","0","0","3","03","","N","","","","","","","","","",""
"2020049010","1703","1","0","0","0","0","0","0","0","0","1","0","","67","6","2020","2","39.913083","-75.243294","1701","6","0","0","0","0","0","0","0","0","","0","0","0","16","1","1","","5","0","39 54:47.100","","0","75 14:35.859","3","0","0","0","67301","0","0","0","N","0","0","0","3","67301","0","","1.0","","1","N","N","N","0","","1","0","1","3","2","","1659","3","1","0","0","0","0","0","2","0","3","0","0","0","3","03","","N","","","","","","","","","",""
"2020045499","0645","5","0","0","0","0","0","0","0","0","5","0","","67","6","2020","4","40.000083","-75.165722","0645","6","0","0","0","0","0","0","0","0","","0","0","0","6","1","1","N","0","1","40 00:00.300","3","0","75 09:56.600","4","0","0","0","67301","0","0","0","N","0","0","0","1","67301","1","","6.0","740.0","1","N","N","Y","0","","0","0","2","0","0","N","630","7","1","1","0","0","0","0","2","0","7","0","0","0","3","03","","N","","","","","","","","","",""
"2020098746","1103","2","0","0","0","0","0","0","0","0","5","0","","67","11","2020","2","40.033123","-75.145919","1100","6","0","0","0","0","0","0","0","0","","0","0","0","10","1","0","N","0","0","40 01:59.244","","0","75 08:45.310","0","0","0","0","67301","0","0","0","N","0","0","0","1","67301","0","","1.0","","1","N","N","N","0","","0","0","0","0","0","","1059","2","0","0","0","0","0","0","2","0","2","0","0","0","3","03","","N","","","","","","","","","",""
"2020053998","2204","1","0","0","0","0","0","0","0","0","4","0","","67","7","2020","4","39.951474","-75.226644","2204","6","0","0","0","0","0","0","0","0","","0","0","0","21","3","1","","2","0","39 57:05.307","","0","75 13:35.919","3","0","0","1","67301","0","0","0","N","0","0","0","2","67301","0","","1.0","","1","N","N","N","0","","1","0","0","0","0","","2147","2","1","0","0","0","0","0","2","0","2","0","0","0","3","","","N","","","","","","","","","",""
"2020097737","1213","1","0","0","0","0","0","0","0","0","1","0","","67","11","2020","5","39.993791","-75.199486","1204","6","0","0","0","0","0","1","0","0","","0","0","0","11","1","2","N","0","2","39 59:37.649","3","0","75 11:58.149","3","0","0","0","67301","0","0","0","N","0","0","0","4","68K01","1","","1.0","100.0","1","N","N","N","1","","1","0","2","0","0","N","1151","4","2","0","0","0","0","0","2","0","4","0","0","0","3","","","N","","","","","","","","","",""
"2020031954","1251","0","0","0","0","0","0","0","0","0","2","0","","67","3","2020","7","39.985628","-75.21316","1245","6","0","0","0","0","0","0","0","0","","0","0","0","12","1","4","","1","0","39 59:08.260","","0","75 12:47.375","8","0","0","0","67301","0","0","0","N","0","0","0","4","67301","0","","1.0","","9","N","N","N","0","","0","0","2","0","0","","1241","2","4","0","0","0","4","0","2","0","2","0","0","0","7","07","","N","","","","","","","","","",""
"2020028671","1659","2","0","0","0","0","0","0","0","0","4","0","","67","3","2020","1","39.983183","-75.144946","1655","6","0","0","0","0","0","1","0","0","","0","0","0","16","1","0","N","1","0","39 58:59.458","","0","75 08:41.805","9","0","0","0","67301","0","0","0","N","0","0","0","3","67301","0","","1.0","","1","N","N","N","0","","0","0","0","3","3","","1648","2","0","0","0","0","0","2","2","0","2","0","0","0","4","03","","N","","","","","","","","","",""
"2020052831","2343","1","0","0","0","0","0","0","0","0","7","0","","67","6","2020","7","39.960022","-75.179906","2343","6","0","0","0","0","0","0","0","0","","0","0","0","23","3","0","N","0","2","39 57:36.078","3","3","75 10:47.662","9","0","0","0","67301","0","0","0","N","0","0","0","1","68K01","0","","4.0","30.0","1","N","N","N","0","","0","0","0","0","0","N","2343","1","0","0","0","0","0","1","2","0","1","0","0","0","3","03","","N","","","","","","","","","",""
"2020049836","2041","1","0","0","0","0","0","0","0","0","4","0","","67","6","2020","5","39.951755","-75.203075","2039","6","0","0","0","0","0","0","0","0","","0","0","0","20","4","2","N","1","0","39 57:06.317","","0","75 12:11.069","4","0","0","0","67301","0","0","0","N","0","0","0","6","67504","2","","1.0","","1","N","N","N","0","","0","0","1","3","2","","2039","2","2","1","0","0","0","0","2","0","2","0","0","0","3","03","","N","","","","","","","","","",""
"2020094035","2007","3","0","0","0","0","0","0","0","0","1","0","50","67","10","2020","2","39.941903","-75.194062","2007","6","0","0","0","0","0","0","0","0","","0","0","0","20","3","1","N","0","0","39 56:30.852","","0","75 11:38.623","3","0","0","0","67301","0","0","0","N","0","0","0","4","68K01","0","","1.0","","9","N","N","N","0","","1","0","1","0","0","","2007","4","1","0","0","0","0","0","2","0","4","0","0","0","7","","Y","Y","2","1","N","N","Y","Y","N","N","N","N"
"2020093304","2046","1","0","0","0","0","0","0","0","0","8","0","","67","11","2020","3","40.012236","-75.143431","2041","6","0","0","0","0","0","0","0","0","","0","0","0","20","3","2","N","0","1","40 00:44.050","5","0","75 08:36.350","2","0","0","0","67301","1","0","1","N","1","0","1","2","67301","0","","1.0","2154.0","1","N","N","N","0","","1","1","0","0","0","N","2041","2","2","1","0","0","0","0","2","0","1","1","0","1","3","","","N","","","","","","","","","",""
"2020089747","1500","0","0","0","0","0","0","0","0","0","4","0","","67","7","2020","4","40.01435","-75.17811","","6","0","0","0","0","0","1","0","0","","0","0","0","15","1","1","","1","0","40 00:51.660","","0","75 10:41.196","8","0","0","0","67301","0","0","0","N","0","0","0","2","00000","0","","1.0","","1","","","N","0","","0","0","1","3","2","","1500","2","1","0","0","0","1","0","2","1","2","0","0","0","3","","","N","","","","","","","","","",""
"2020092027","0846","0","0","0","0","0","0","0","0","0","5","0","","67","10","2020","7","39.970859","-75.124096","0842","6","0","0","0","0","0","0","0","0","","0","0","0","8","1","0","N","0","1","39 58:15.092","1","0","75 07:26.747","0","0","0","0","67301","0","0","0","N","0","0","0","1","68K01","0","","4.0","915.0","1","N","N","N","1","","0","0","0","0","0","N","842","1","0","0","0","0","0","0","2","0","1","0","0","0","3","","","N","","","","","","","","","",""
"2020094025","1923","0","0","0","0","0","0","0","0","0","7","1","","67","10","2020","7","40.026958","-75.025528","1917","6","0","0","0","0","0","1","0","0","","0","1","0","19","3","1","N","0","2","40 01:37.049","1","0","75 01:31.901","3","0","0","0","67301","0","0","0","N","0","0","0","2","68K01","0","","2.0","100.0","1","N","N","N","0","","1","0","0","0","0","N","1915","1","1","0","0","0","0","0","2","0","1","0","0","0","3","","","N","","","","","","","","","",""
"2020054265","1621","4","0","0","0","0","0","0","0","0","7","0","","67","7","2020","6","40.019333","-75.088806","1614","6","0","0","0","0","0","0","0","0","","0","0","0","16","1","0","N","0","0","40 01:09.600","","0","75 05:19.700","0","0","0","0","67301","0","0","0","N","0","0","0","1","67301","0","","4.0","","9","N","N","N","0","","0","0","0","0","0","","1614","4","0","0","0","0","0","0","2","0","4","0","0","0","7","","","N","","","","","","","","","",""
"2020054544","1748","1","0","0","0","0","0","0","0","0","4","0","","67","7","2020","6","40.037504","-75.210401","1740","6","0","0","0","0","0","0","0","0","","0","0","0","17","2","0","","2","0","40 02:15.016","","0","75 12:37.445","0","0","0","0","67301","0","0","0","N","0","0","0","2","67301","0","","1.0","","9","N","N","N","0","","0","0","1","3","2","","1728","2","0","0","0","0","0","0","2","0","2","0","0","0","7","04","","N","","","","","","","","","",""
"2020054135","0110","0","0","0","0","0","0","0","0","0","5","0","","67","7","2020","5","39.895519","-75.23716","0103","6","0","0","0","0","0","1","0","0","","0","0","0","22","3","1","","3","0","39 53:43.870","","0","75 14:13.776","3","0","0","0","67301","0","0","0","N","0","0","0","2","67301","0","","1.0","","1","N","N","N","0","","1","0","1","0","0","","2247","2","1","0","0","0","0","0","2","0","2","0","0","0","3","03","","N","","","","","","","","","",""