"CRN","ARRIVAL_TM","AUTOMOBILE_COUNT","BELTED_DEATH_COUNT","BELTED_SUSP_SERIOUS_INJ_COUNT","BICYCLE_COUNT","BICYCLE_DEATH_COUNT","BICYCLE_SUSP_SERIOUS_INJ_COUNT","BUS_COUNT","CHLDPAS_DEATH_COUNT","CHLDPAS_SUSP_SERIOUS_INJ_COUNT","COLLISION_TYPE","COMM_VEH_COUNT","CONS_ZONE_SPD_LIM","COUNTY","CRASH_MONTH","CRASH_YEAR","DAY_OF_WEEK","DEC_LATITUDE","DEC_LONGITUDE","DISPATCH_TM","DISTRICT","DRIVER_COUNT_16YR","DRIVER_COUNT_17YR","DRIVER_COUNT_18YR","DRIVER_COUNT_19YR","DRIVER_COUNT_20YR","DRIVER_COUNT_50_64YR","DRIVER_COUNT_65_74YR","DRIVER_COUNT_75PLUS","EST_HRS_CLOSED","FATAL_COUNT","HEAVY_TRUCK_COUNT","HORSE_BUGGY_COUNT","HOUR_OF_DAY","ILLUMINATION","INJURY_COUNT","INTERSECTION_RELATED","INTERSECT_TYPE","LANE_CLOSED","LATITUDE","LN_CLOSE_DIR","LOCATION_TYPE","LONGITUDE","MAX_SEVERITY_LEVEL","MCYCLE_DEATH_COUNT","MCYCLE_SUSP_SERIOUS_INJ_COUNT","MOTORCYCLE_COUNT","MUNICIPALITY","NONMOTR_COUNT","NONMOTR_DEATH_COUNT","NONMOTR_SUSP_SERIOUS_INJ_COUNT","NTFY_HIWY_MAINT","PED_COUNT","PED_DEATH_COUNT","PED_SUSP_SERIOUS_INJ_COUNT","PERSON_COUNT","POLICE_AGCY","POSSIBLE_INJ_COUNT","RDWY_SURF_TYPE_CD","RELATION_TO_ROAD","ROADWAY_CLEARED","ROAD_CONDITION","SCH_BUS_IND","SCH_ZONE_IND","SECONDARY_CRASH","SMALL_TRUCK_COUNT","SPEC_JURIS_CD","SUSP_MINOR_INJ_COUNT","SUSP_SERIOUS_INJ_COUNT","SUV_COUNT","TCD_FUNC_CD","TCD_TYPE","TFC_DETOUR_IND","TIME_OF_DAY","TOTAL_UNITS","TOT_INJ_COUNT","UNBELTED_OCC_COUNT","UNB_DEATH_COUNT","UNB_SUSP_SERIOUS_INJ_COUNT","UNK_INJ_DEG_COUNT","UNK_INJ_PER_COUNT","URBAN_RURAL","VAN_COUNT","VEHICLE_COUNT","VULNERABLE_ROAD_USER_COUNT","VULNERABLE_ROAD_USER_DEATH_COUNT","VULNERABLE_ROAD_USER_SER_INJ_COUNT","WEATHER1","WEATHER2","WORKERS_PRES","WORK_ZONE_IND","WORK_ZONE_LOC","WORK_ZONE_TYPE","WZ_CLOSE_DETOUR","WZ_FLAGGER","WZ_LAW_OFFCR_IND","WZ_LN_CLOSURE","WZ_MOVING","WZ_OTHER","WZ_SHLDER_MDN","WZ_WORKERS_INJ_KILLED"
"2020059252","1540","0","0","0","0","0","0","0","0","0","1","0","","67","7","2020","3","39.977124","-75.198908","1534","6","0","0","0","0","0","0","0","0","","0","0","0","15","1","0","N","0","0","39 58:37.648","","0","75 11:56.070","9","0","0","0","67301","0","0","0","N","0","0","0","4","68K01","0","","1.0","","1","N","N","N","0","","0","0","2","0","0","","1528","4","0","0","0","0","0","2","2","0","4","0","0","0","3","","","N","","","","","","","","","",""
"2020052088","1910","1","0","0","0","0","0","0","0","0","1","0","45","67","6","2020","5","39.96478","-75.185307","1910","6","0","0","0","0","0","0","1","0","","0","0","0","18","1","0","N","0","0","39 57:53.207","","0","75 11:07.106","0","0","0","0","67301","0","0","0","N","0","0","0","3","68K01","0","","1.0","","1","N","N","N","0","","0","0","2","0","0","","1855","3","0","0","0","0","0","0","2","0","3","0","0","0","3","03","Y","Y","4","2","N","N","Y","Y","N","N","Y","N"
"2020044543","0030","3","0","0","0","0","0","0","0","0","6","0","","67","6","2020","7","40.012586","-75.136411","0030","6","0","0","0","0","0","0","0","0","","0","0","0","0","3","0","N","0","0","40 00:45.310","","0","75 08:11.080","0","0","0","0","67301","0","0","0","N","0","0","0","2","67301","0","","6.0","","9","N","N","N","0","","0","0","1","0","0","","29","7","0","0","0","0","0","0","2","3","7","0","0","0","7","04","","N","","","","","","","","","",""
"2020091635","1025","3","0","0","0","0","0","0","0","0","5","2","","67","10","2020","6","39.939368","-75.143255","1023","6","0","0","0","0","0","0","0","0","","0","2","0","10","1","1","N","0","1","39 56:21.725","1","0","75 08:35.718","3","0","0","0","67301","0","0","0","N","0","0","0","6","68K01","0","","2.0","1130.0","1","N","N","N","0","","1","0","0","0","0","N","1021","5","1","0","0","0","0","0","2","0","5","0","0","0","4","","","N","","","","","","","","","",""
"2020049933","0745","0","0","0","0","0","0","0","0","0","7","0","","67","6","2020","5","40.081377","-74.966257","0739","6","0","0","0","1","0","0","0","0","","0","0","0","7","1","2","N","0","1","40 04:52.958","3","0","74 57:58.526","3","0","0","0","67301","0","0","0","N","0","0","0","2","67301","0","","3.0","200.0","1","N","N","N","0","","2","0","1","0","0","N","738","1","2","2","0","0","0","0","2","0","1","0","0","0","3","","","N","","","","","","","","","",""
"2020027682","1117","1","0","0","0","0","0","0","0","0","4","0","","67","3","2020","4","40.074609","-75.035074","1115","6","0","0","0","0","0","0","1","1","","0","0","0","11","1","2","","1","0","40 04:28.594","","0","75 02:06.267","3","0","0","0","67301","0","0","0","N","0","0","0","3","67301","0","","1.0","","1","N","N","N","0","","2","0","2","3","2","","1110","3","2","0","0","0","0","0","2","0","3","0","0","0","3","03","","N","","","","","","","","","",""
"2020032326","2118","1","0","0","0","0","0","0","0","0","7","0","","67","3","2020","2","39.901793","-75.151609","2111","6","0","0","0","0","0","0","0","0","","0","0","0","21","3","0","N","0","0","39 54:06.456","","0","75 09:05.794","0","0","0","0","67301","0","0","0","N","0","0","0","1","68K01","0","","2.0","","9","N","N","N","0","","0","0","0","0","0","","2108","1","0","0","0","0","0","0","2","0","1","0","0","0","3","","","N","","","","","","","","","",""
"2020019219","0928","3","0","0","0","0","0","0","0","0","4","0","","67","2","2020","5","40.058008","-75.059594","0921","6","0","0","0","0","0","0","1","0","","0","0","0","9","1","4","","1","0","40 03:28.830","","0","75 03:34.539","3","0","0","0","67301","0","0","0","N","0","0","0","7","67301","2","","1.0","","1","N","N","N","0","","2","0","1","3","2","","921","4","4","0","0","0","0","0","2","0","4","0","0","0","3","","","N","","","","","","","","","",""
"2020060552","1640","0","0","0","0","0","0","0","0","0","8","0","","67","7","2020","4","39.995174","-75.115786","1630","6","0","0","0","0","0","0","0","0","","0","0","0","16","1","1","","5","9","39 59:42.626","","0","75 06:56.828","3","0","0","0","67301","1","0","0","N","1","0","0","2","67301","0","","1.0","","1","N","N","N","0","","1","0","0","3","2","","1625","2","1","0","0","0","0","1","2","0","1","1","0","0","3","03","","N","","","","","","","","","",""
"2020015153","1045","1","0","0","0","0","0","0","0","0","4","0","","67","2","2020","7","39.954457","-75.214902","1011","6","0","0","0","0","0","0","1","0","","0","0","0","10","1","0","","1","0","39 57:16.045","","0","75 12:53.647","0","0","0","0","67301","0","0","0","N","0","0","0","2","67301","0","","1.0","","1","N","N","N","0","","0","0","1","3","3","","1002","2","0","2","0","0","0","0","2","0","2","0","0","0","3","03","","N","","","","","","","","","",""
"2020020411","2301","2","0","0","0","0","0","0","0","0","1","0","45","67","2","2020","6","39.981176","-75.102544","2247","6","0","0","0","0","0","1","0","0","","0","0","0","22","3","0","N","0","2","39 58:52.234","1","0","75 06:09.158","0","0","0","0","67301","0","0","0","N","0","0","0","2","68K01","0","","4.0","15.0","1","N","N","N","0","","0","0","0","0","0","N","2246","2","0","0","0","0","0","0","2","0","2","0","0","0","3","03","N","Y","4","1","","","N","","","Y","","N"
"2020058347","1747","1","0","0","0","0","0","0","0","0","5","0","","67","7","2020","5","40.100553","-74.988194","1743","6","0","0","0","0","0","1","0","0","","0","0","0","17","1","2","N","0","1","40 06:01.989","3","0","74 59:17.499","3","0","0","1","67301","0","0","0","N","0","0","0","4","67301","0","","1.0","1811.0","1","N","N","N","0","","2","0","1","0","0","N","1741","3","2","0","0","0","0","0","2","0","3","0","0","0","4","","","N","","","","","","","","","",""
"2020057133","1655","0","0","0","0","0","0","0","0","0","4","0","","67","7","2020","1","39.975156","-75.188114","1645","6","0","0","0","0","0","0","0","0","","0","0","0","16","1","1","","1","0","39 58:30.561","","0","75 11:17.209","3","0","0","0","67301","0","0","0","N","0","0","0","2","67301","0","","1.0","","1","N","N","N","0","","1","0","1","3","2","","1615","2","1","0","0","0","0","0","2","0","2","0","0","0","3","","","N","","","","","","","","","",""
"2020054709","1312","1","0","0","0","0","0","0","0","0","4","0","","67","6","2020","4","39.939146","-75.185266","1308","6","0","0","0","0","0","0","0","0","","0","0","0","12","1","0","","1","0","39 56:20.925","","1","75 11:06.959","0","0","0","0","67301","0","0","0","N","0","0","0","2","67301","0","","1.0","","1","N","N","N","0","","0","0","0","3","3","","1245","2","0","0","0","0","0","0","2","1","2","0","0","0","3","","","N","","","","","","","","","",""
"2020049645","0153","2","0","0","0","0","0","0","0","0","5","0","","67","6","2020","4","39.945725","-75.242036","0153","6","0","0","0","0","0","0","0","0","","0","0","0","1","3","0","N","0","0","39 56:44.610","","0","75 14:31.330","0","0","0","0","67301","0","0","0","N","0","0","0","2","67301","0","","1.0","","1","N","N","N","0","","0","0","0","0","0","","130","3","0","0","0","0","0","0","2","0","3","0","0","0","3","03","","N","","","","","","","","","",""
"2020088990","0700","1","0","0","0","0","0","1","0","0","1","1","","67","10","2020","4","40.085836","-75.037089","0650","6","0","0","0","0","0","1","0","0","","0","0","0","6","3","1","N","0","1","40 05:09.010","2","0","75 02:13.520","3","0","0","0","67301","0","0","0","N","0","0","0","3","67301","0","","1.0","830.0","9","Y","N","N","0","","1","0","1","0","0","N","621","3","1","0","0","0","0","0","2","0","3","0","0","0","5","04","","N","","","","","","","","","",""
"2020048735","0043","1","0","0","0","0","0","0","0","0","1","0","","67","6","2020","2","39.921215","-75.246598","0038","6","0","0","0","0","0","0","0","0","","0","0","0","0","3","1","N","0","2","39 55:16.374","7","0","75 14:47.753","3","0","0","0","67301","0","0","0","N","0","0","0","1","67301","0","","6.0","152.0","1","N","N","N","0","","1","0","0","0","0","Y","38","2","1","0","0","0","0","0","2","1","2","0","0","0","3","03","","N","","","","","","","","","",""
"2020050334","1515","2","0","0","0","0","0","0","0","0","1","0","","67","6","2020","7","39.923485","-75.231847","1515","6","0","0","0","0","0","0","0","0","","0","0","0","14","1","1","Y","0","0","39 55:24.545","","0","75 13:54.648","8","0","0","0","67301","0","0","0","N","0","0","0","2","67301","0","","1.0","","1","N","N","N","0","","0","0","0","3","2","","1401","2","1","0","0","0","1","0","2","0","2","0","0","0","3","03","","N","","","","","","","","","",""
"2020050025","2230","2","0","0","0","0","0","0","0","0","7","0","","67","6","2020","4","40.062319","-75.042591","2228","6","0","0","0","0","0","0","0","0","","0","0","0","22","3","2","Y","0","0","40 03:44.348","","0","75 02:33.329","3","0","0","0","67301","0","0","0","N","0","0","0","3","67301","0","","4.0","","1","N","N","N","0","","2","0","0","3","2","","2209","2","2","0","0","0","0","0","2","0","2","0","0","0","3","03","","N","","","","","","","","","",""
"2020044499","1028","2","0","0","0","0","0","0","0","0","5","0","","67","6","2020","6","39.938937","-75.234923","1027","6","0","0","0","0","0","0","0","1","","0","0","0","10","1","1","N","0","1","39 56:20.172","1","0","75 14:05.723","3","0","0","0","67301","0","0","0","N","0","0","0","1","67301","0","","6.0","1154.0","1","N","N","N","0","","1","0","0","0","0","Y","1016","2","1","0","0","0","0","0","2","0","2","0","0","0","3","03","","N","","","","","","","","","",""
"2020052132","0443","1","0","0","0","0","0","0","0","0","5","0","","67","6","2020","7","40.03979","-75.15503","0439","6","0","0","0","0","1","1","0","0","","0","0","0","4","3","0","N","0","0","40 02:23.243","","0","75 09:18.109","0","0","0","0","67301","0","0","0","N","0","0","0","4","67301","0","","1.0","","1","N","N","N","0","","0","0","0","0","0","","435","2","0","0","0","0","0","0","2","1","2","0","0","0","3","","","N","","","","","","","","","",""
"2020048731","1014","1","0","0","0","0","0","0","0","0","4","0","","67","6","2020","1","39.933396","-75.223238","1014","6","0","0","0","0","0","0","1","0","","0","0","0","10","1","0","","1","0","39 56:00.225","","0","75 13:23.656","0","0","0","0","67301","0","0","0","N","0","0","0","2","67301","0","","1.0","","1","N","N","N","1","","0","0","0","3","2","","1011","2","0","2","0","0","0","0","2","0","2","0","0","0","3","03","","N","","","","","","","","","",""
"2020048583","0115","2","0","0","0","0","0","0","0","0","4","0","","67","6","2020","1","40.033296","-75.037693","0111","6","0","0","0","1","0","0","0","0","","0","0","0","1","3","1","","1","0","40 01:59.865","","0","75 02:15.694","3","0","0","0","67301","0","0","0","N","0","0","0","2","67301","0","","1.0","","1","N","N","N","0","","1","0","0","3","2","","100","2","1","2","0","0","0","0","2","0","2","0","0","0","3","03","","N","","","","","","","","","",""
"2020093289","1451","0","0","0","0","0","0","0","0","0","7","1","35","67","11","2020","1","39.912528","-75.174222","1451","6","0","0","0","0","0","0","0","0","","0","1","0","14","1","0","N","0","0","39 54:45.100","","3","75 10:27.200","0","0","0","0","67301","0","0","0","N","0","0","0","1","67501","0","","2.0","","1","N","N","N","1","","0","0","0","0","0","","1451","2","0","0","0","0","0","0","2","0","2","0","0","0","3","","N","Y","4","1","","","N","","","","Y","N"
"2020054016","0145","2","0","0","0","0","0","0","0","0","5","0","","67","7","2020","6","39.989494","-75.12605","0140","6","0","0","0","0","0","1","0","0","","0","0","0","1","3","0","N","0","0","39 59:22.180","","1","75 07:33.780","0","0","0","0","67301","0","0","0","N","0","0","0","1","67301","0","","6.0","","1","N","N","N","0","","0","0","0","0","0","","130","2","0","0","0","0","0","0","2","0","2","0","0","0","3","03","","N","","","","","","","","","",""
"2020060175","1513","0","0","0","0","0","0","0","0","0","7","0","","67","7","2020","3","39.945308","-75.142654","1513","6","0","0","0","0","0","0","0","0","","0","0","0","15","1","0","N","0","1","39 56:43.109","2","0","75 08:33.555","0","0","0","0","67301","0","0","0","N","0","0","0","1","68K01","0","","4.0","1600.0","1","N","N","N","0","","0","0","1","0","0","N","1513","1","0","0","0","0","0","0","2","0","1","0","0","0","3","","","N","","","","","","","","","",""
"2020054271","1700","1","0","0","0","0","0","0","0","0","8","0","","67","6","2020","1","40.000287","-75.228329","1700","6","0","0","0","0","0","0","0","0","","0","0","0","16","1","1","","2","0","40 00:01.033","","0","75 13:41.984","8","0","0","0","67301","1","0","0","N","1","0","0","2","67301","0","","1.0","","1","N","N","N","0","","0","0","0","3","3","","1630","2","1","0","0","0","1","0","2","0","1","1","0","0","3","","","N","","","","","","","","","",""
"2020103668","0156","1","0","0","0","0","0","0","0","0","1","0","","67","11","2020","5","39.982775","-75.20784","0155","6","0","0","0","0","0","0","0","0","","0","0","0","1","3","1","N","0","0","39 58:57.991","","0","75 12:28.224","3","0","0","0","67301","0","0","0","N","0","0","0","3","68K01","0","","1.0","","9","N","N","N","0","","1","0","0","0","0","","151","2","1","1","0","0","0","1","2","0","2","0","0","0","7","","","N","","","","","","","","","",""
"2020056798","0048","1","0","0","0","0","0","0","0","0","4","0","","67","7","2020","5","39.947708","-75.198621","0042","6","0","0","0","0","0","0","1","0","","0","0","0","0","3","3","","2","2","39 56:51.748","7","0","75 11:55.037","8","0","0","0","67301","0","0","0","N","0","0","0","3","67301","0","","1.0","445.0","1","N","N","N","0","","0","0","2","3","2","Y","40","3","3","0","0","0","3","0","2","0","3","0","0","0","3","03","","N","","","","","","","","","",""
"2020057678","2256","1","0","0","0","0","0","0","0","0","4","0","","67","7","2020","1","39.955372","-75.155889","2253","6","0","0","0","0","0","0","0","0","","0","0","0","22","3","0","","1","0","39 57:19.340","","0","75 09:21.200","0","0","0","0","67301","0","0","0","N","0","0","0","3","67301","0","","1.0","","1","N","N","N","0","","0","0","1","3","2","","2249","2","0","0","0","0","0","0","2","0","2","0","0","0","3","03","","N","","","","","","","","","",""
"2020061611","0955","0","0","0","0","0","0","1","0","0","8","1","","67","7","2020","6","40.0455","-75.164866","0945","6","0","0","0","0","0","0","0","0","","0","0","0","9","1","1","N","1","0","40 02:43.799","","0","75 09:53.518","3","0","0","0","67301","1","0","0","N","1","0","0","2","67508","0","","1.0","","9","N","N","Y","0","","1","0","0","3","2","","945","2","1","0","0","0","0","0","2","0","1","1","0","0","7","07","","N","","","","","","","","","",""
"2020052067","1606","3","0","0","0","0","0","0","0","0","1","0","","67","6","2020","2","39.977267","-75.112313","1559","6","0","0","0","1","0","0","0","0","","0","0","0","15","1","2","N","0","2","39 58:38.160","1","0","75 06:44.328","3","0","0","0","67301","0","0","0","N","0","0","0","9","68K01","0","","1.0","45.0","1","N","N","N","0","","2","0","2","0","0","N","1554","5","2","1","0","0","0","0","2","0","5","0","0","0","3","","","N","","","","","","","","","",""
"2020092504","1015","1","0","0","0","0","0","0","0","0","4","0","","67","11","2020","2","39.98665","-75.146442","1015","6","0","0","0","0","0","0","0","0","","0","1","0","10","1","0","","1","0","39 59:11.940","","0","75 08:47.191","0","0","0","0","67301","0","0","0","N","0","0","0","2","67301","0","","1.0","","1","N","N","N","0","","0","0","0","3","3","","1012","2","0","0","0","0","0","0","2","0","2","0","0","0","3","03","","N","","","","","","","","","",""
"2020091249","2113","2","0","0","0","0","0","0","0","0","5","0","","67","10","2020","2","39.994594","-75.198582","2113","6","0","0","0","0","0","0","0","0","","0","0","0","21","3","1","N","0","2","39 59:40.538","3","0","75 11:54.895","4","0","0","0","67301","0","0","0","N","0","0","0","2","68K01","1","","1.0","2130.0","1","N","N","N","0","","0","0","0","0","0","N","2113","2","1","1","0","0","0","0","2","0","2","0","0","0","3","","","N","","","","","","","","","",""
"2020103082","0122","0","0","0","0","0","0","0","0","0","7","0","","67","11","2020","6","40.007085","-75.199183","0105","6","0","0","0","0","0","0","0","0","","0","0","0","1","3","0","N","0","0","40 00:25.506","","0","75 11:57.057","9","0","0","0","67301","0","0","0","N","0","0","0","1","68K01","0","","1.0","","9","N","N","N","0","","0","0","1","0","0","","104","1","0","0","0","0","0","1","2","0","1","0","0","0","7","","","N","","","","","","","","","",""
"2020103244","0724","1","0","0","0","0","0","0","0","0","1","0","","67","10","2020","2","39.957108","-75.152105","0717","6","0","0","0","0","0","0","0","0","","0","0","0","7","5","0","N","0","1","39 57:25.589","3","0","75 09:07.579","0","0","0","0","67301","0","0","0","N","0","0","0","2","68K01","0","","1.0","737.0","9","N","N","N","0","","0","0","1","0","0","N","715","2","0","0","0","0","0","0","2","0","2","0","0","0","7","","","N","","","","","","","","","",""
"2020054268","1302","1","0","0","0","0","0","0","0","0","4","0","","67","6","2020","5","39.983587","-75.247126","1253","6","0","0","0","0","0","0","0","0","","0","0","0","12","1","5","","1","0","39 59:00.913","","0","75 14:49.652","3","0","0","0","67301","0","0","0","N","0","0","0","6","67301","0","","1.0","","1","N","N","N","0","","5","0","0","3","2","","1228","2","5","0","0","0","0","0","2","0","2","0","0","0","4","03","","N","","","","","","","","","",""
"2020048733","2143","1","0","0","0","0","0","0","0","0","8","0","","67","6","2020","1","39.923927","-75.222089","2141","6","0","0","0","0","0","0","0","0","","0","0","0","21","3","1","","1","0","39 55:26.137","","0","75 13:19.522","3","0","0","0","67301","1","0","0","N","1","0","0","2","67301","0","","1.0","","1","N","N","N","0","","1","0","0","3","2","","2141","2","1","0","0","0","0","0","2","0","1","1","0","0","3","03","","N","","","","","","","","","",""
"2020049783","1749","0","0","0","0","0","0","0","0","0","8","0","","67","6","2020","5","39.952507","-75.189615","1747","6","0","0","0","0","0","0","0","0","","0","0","0","17","1","1","N","0","0","39 57:09.026","","0","75 11:22.615","3","0","0","1","67301","1","0","0","N","1","0","0","2","67504","0","","1.0","","1","N","N","N","0","","1","0","0","0","0","","1747","2","1","0","0","0","0","1","2","0","1","1","0","0","3","","","N","","","","","","","","","",""
"2020093433","1013","1","0","0","0","0","0","0","0","0","1","0","","67","11","2020","3","40.05671","-75.04689","1008","6","0","0","0","0","0","1","0","0","","0","0","0","9","1","1","Y","0","0","40 03:24.155","","0","75 02:48.805","3","0","0","0","67301","0","0","0","N","0","0","0","2","67301","0","","1.0","","1","N","N","N","0","","1","0","1","3","2","","918","2","1","0","0","0","0","0","2","0","2","0","0","0","3","","","N","","","","","","","","","",""
"2020052075","1642","0","0","0","0","0","0","0","0","0","7","0","45","67","6","2020","3","39.977756","-75.111431","1626","6","0","0","0","0","0","0","0","0","","0","0","0","16","1","0","N","0","1","39 58:39.920","1","0","75 06:41.153","0","0","0","0","67301","0","0","0","N","0","0","0","1","68K01","0","","3.0","1700.0","1","N","N","N","0","","0","0","0","0","0","N","1625","1","0","0","0","0","0","0","2","1","1","0","0","0","3","","N","Y","4","1","","","N","","","Y","","N"
"2020045177","1443","0","0","0","0","0","0","0","0","0","4","0","","67","6","2020","3","40.084622","-75.024876","1435","6","0","0","0","0","0","1","0","0","","0","0","0","14","1","1","","2","1","40 05:04.640","1","0","75 01:29.553","3","0","0","0","67301","0","0","0","N","0","0","0","5","67301","0","","1.0","1609.0","1","N","N","N","0","","1","0","2","3","2","N","1425","2","1","0","0","0","0","0","2","0","2","0","0","0","3","03","","N","","","","","","","","","",""
"2020049120","1127","1","0","0","0","0","0","0","0","0","5","0","","67","6","2020","3","39.972324","-75.176398","1129","6","0","0","0","0","0","0","0","0","","0","0","0","11","1","0","","1","0","39 58:20.366","","0","75 10:35.032","9","0","0","0","67301","0","0","0","N","0","0","0","1","67301","0","","1.0","","1","N","N","N","0","","0","0","1","0","0","","1124","2","0","0","0","0","0","1","2","0","2","0","0","0","3","03","","N","","","","","","","","","",""
"2020060255","1817","0","0","0","0","0","0","0","0","0","5","0","","67","6","2020","3","39.880545","-75.24685","1753","6","0","0","0","0","0","0","0","0","","0","0","0","17","1","0","N","0","0","39 52:49.962","","0","75 14:48.661","0","0","0","0","67301","0","0","0","N","0","0","0","2","68K01","0","","1.0","","1","N","N","N","0","","0","0","1","0","0","","1749","2","0","0","0","0","0","0","2","0","2","0","0","0","3","03","","N","","","","","","","","","",""
"2020049560","2044","1","0","0","0","0","0","0","0","0","5","0","","67","6","2020","2","40.020986","-75.133883","2036","6","0","0","0","0","0","0","0","0","","0","0","0","19","1","1","N","0","0","40 01:15.550","","0","75 08:01.980","2","0","1","1","67301","0","0","0","N","0","0","0","2","67301","0","","1.0","","1","N","N","N","0","","0","1","0","0","0","","1925","2","1","0","0","0","0","0","2","0","2","0","0","0","3","03","","N","","","","","","","","","",""
"2020092384","1508","0","0","0","0","0","0","0","0","0","1","0","","67","10","2020","7","40.011833","-75.16258","1506","6","0","0","0","0","0","0","0","0","","0","0","0","15","1","0","N","0","0","40 00:42.597","","0","75 09:45.289","9","0","0","0","67301","0","0","0","N","0","0","0","2","67301","0","","1.0","","1","N","N","N","0","","0","0","2","0","0","","1500","2","0","0","0","0","0","2","2","0","2","0","0","0","3","","","N","","","","","","","","","",""
"2020087797","1120","1","0","0","0","0","0","0","0","0","7","0","","67","10","2020","6","40.025972","-75.122942","1117","6","0","0","0","0","0","0","0","0","","1","0","0","10","1","0","N","0","0","40 01:33.499","","0","75 07:22.590","1","0","0","0","67301","0","0","0","N","0","0","0","1","67301","0","2","5.0","","9","N","N","N","0","0","0","0","0","3","2","","1040","1","0","0","0","0","0","0","2","0","1","0","0","0","7","","","N","","","","","","","","","",""
"2020066207","1552","1","0","0","0","0","0","0","0","0","8","0","","67","6","2020","4","40.018078","-75.130364","1552","6","0","0","0","0","1","0","0","0","","0","0","0","15","1","1","N","0","0","40 01:05.080","","0","75 07:49.310","3","0","0","0","67301","1","0","0","N","1","0","0","2","67301","0","","1.0","","1","N","N","N","0","","1","0","0","0","0","","1545","2","1","0","0","0","0","0","2","0","1","1","0","0","4","04","","N","","","","","","","","","",""
"2020048219","1815","1","0","0","0","0","0","0","0","0","4","0","","67","6","2020","5","39.9475","-75.245806","1811","6","0","0","0","0","0","0","1","0","","0","0","0","18","1","3","N","0","0","39 56:51.000","","0","75 14:44.900","3","0","0","0","67301","0","0","0","N","0","0","0","3","67301","0","","1.0","","1","N","N","N","0","","3","0","1","0","0","","1807","2","3","0","0","0","0","0","2","0","2","0","0","0","3","03","","N","","","","","","","","","",""
"2020049646","0549","2","0","0","0","0","0","0","0","0","4","0","","67","6","2020","4","39.958928","-75.24139","0542","6","0","0","0","0","0","0","0","0","","0","0","0","5","5","1","","1","0","39 57:32.141","","0","75 14:29.004","8","0","0","0","67301","0","0","0","N","0","0","0","2","67301","0","","1.0","","1","N","N","N","0","","0","0","0","3","2","","542","2","1","0","0","0","1","0","2","0","2","0","0","0","3","03","","N","","","","","","","","","",""
"2020044809","2253","2","0","0","0","0","0","0","0","0","5","0","","67","6","2020","2","40.003453","-75.130914","2251","6","0","0","0","0","0","0","0","0","","0","0","0","22","3","0","N","0","0","40 00:12.430","","0","75 07:51.290","0","0","0","0","67301","0","0","0","N","0","0","0","1","67301","0","","6.0","","1","N","N","N","0","","0","0","1","0","0","","2250","3","0","0","0","0","0","0","2","0","3","0","0","0","3","03","","N","","","","","","","","","",""
"2020091767","1000","1","0","0","0","0","0","0","0","0","8","0","","67","10","2020","7","39.977297","-75.158231","0955","6","0","0","0","0","0","0","1","0","","0","0","0","9","1","1","","1","0","39 58:38.270","","0","75 09:29.632","8","0","0","0","67301","1","0","0","N","1","0","0","3","67505","0","","1.0","","1","N","N","N","0","","0","0","0","3","2","N","950","2","1","0","0","0","1","0","2","0","1","1","0","0","3","03","","N","","","","","","","","","",""
"2020048722","0324","0","0","0","0","0","0","0","0","0","7","0","","67","6","2020","1","39.945069","-75.149378","0324","6","0","0","0","0","0","0","0","0","","0","0","0","3","3","0","N","0","0","39 56:42.250","","0","75 08:57.760","0","0","0","0","67301","0","0","0","N","0","0","0","1","67301","0","","4.0","","1","N","N","N","0","","0","0","1","0","0","","324","1","0","0","0","0","0","0","2","0","1","0","0","0","3","03","","N","","","","","","","","","",""
"2020092344","0040","2","0","0","0","0","0","0","0","0","1","0","","67","10","2020","7","40.028097","-75.062103","0040","6","1","0","0","0","0","0","0","0","","0","0","0","0","2","1","N","0","0","40 01:41.150","","7","75 03:43.570","8","0","0","0","67301","0","0","0","N","0","0","0","2","67301","0","","5.0","","1","N","N","N","0","","0","0","0","0","0","","30","2","1","2","0","0","1","0","2","0","2","0","0","0","3","","","N","","","","","","","","","",""
"2020050538","2238","1","0","0","0","0","0","0","0","0","1","0","","67","6","2020","1","39.941989","-75.143318","2226","6","0","0","0","0","0","0","0","0","","0","0","0","21","3","1","N","0","0","39 56:31.160","","0","75 08:35.943","8","0","0","0","67301","0","0","0","N","0","0","0","2","68K01","0","","1.0","","1","N","N","N","0","","0","0","0","0","0","","2155","2","1","0","0","0","1","1","2","0","2","0","0","0","3","","","N","","","","","","","","","",""
"2020050348","1923","0","0","0","0","0","0","0","0","0","7","0","35","67","6","2020","7","39.911167","-75.161778","1923","6","0","0","0","0","0","0","1","0","","0","0","0","18","1","0","","7","0","39 54:40.200","","8","75 09:42.400","0","0","0","0","67301","0","0","0","N","0","0","0","1","67501","0","","7.0","","1","N","N","N","1","","0","0","0","0","0","","1830","1","0","0","0","0","0","0","2","0","1","0","0","0","3","03","N","Y","4","1","","","N","Y","","","","N"
"2020048590","1702","2","0","0","0","0","0","0","0","0","4","0","","67","6","2020","1","39.984302","-75.127617","1700","6","0","1","0","0","0","0","0","0","","0","0","0","16","1","0","","1","0","39 59:03.487","","0","75 07:39.421","0","0","0","0","67301","0","0","0","N","0","0","0","4","67301","0","","1.0","","1","N","N","N","0","","0","0","0","3","3","","1600","2","0","0","0","0","0","0","2","0","2","0","0","0","3","03","","N","","","","","","","","","",""