"CRN","ARRIVAL_TM","AUTOMOBILE_COUNT","BELTED_DEATH_COUNT","BELTED_SUSP_SERIOUS_INJ_COUNT","BICYCLE_COUNT","BICYCLE_DEATH_COUNT","BICYCLE_SUSP_SERIOUS_INJ_COUNT","BUS_COUNT","CHLDPAS_DEATH_COUNT","CHLDPAS_SUSP_SERIOUS_INJ_COUNT","COLLISION_TYPE","COMM_VEH_COUNT","CONS_ZONE_SPD_LIM","COUNTY","CRASH_MONTH","CRASH_YEAR","DAY_OF_WEEK","DEC_LATITUDE","DEC_LONGITUDE","DISPATCH_TM","DISTRICT","DRIVER_COUNT_16YR","DRIVER_COUNT_17YR","DRIVER_COUNT_18YR","DRIVER_COUNT_19YR","DRIVER_COUNT_20YR","DRIVER_COUNT_50_64YR","DRIVER_COUNT_65_74YR","DRIVER_COUNT_75PLUS","EST_HRS_CLOSED","FATAL_COUNT","HEAVY_TRUCK_COUNT","HORSE_BUGGY_COUNT","HOUR_OF_DAY","ILLUMINATION","INJURY_COUNT","INTERSECTION_RELATED","INTERSECT_TYPE","LANE_CLOSED","LATITUDE","LN_CLOSE_DIR","LOCATION_TYPE","LONGITUDE","MAX_SEVERITY_LEVEL","MCYCLE_DEATH_COUNT","MCYCLE_SUSP_SERIOUS_INJ_COUNT","MOTORCYCLE_COUNT","MUNICIPALITY","NONMOTR_COUNT","NONMOTR_DEATH_COUNT","NONMOTR_SUSP_SERIOUS_INJ_COUNT","NTFY_HIWY_MAINT","PED_COUNT","PED_DEATH_COUNT","PED_SUSP_SERIOUS_INJ_COUNT","PERSON_COUNT","POLICE_AGCY","POSSIBLE_INJ_COUNT","RDWY_SURF_TYPE_CD","RELATION_TO_ROAD","ROADWAY_CLEARED","ROAD_CONDITION","SCH_BUS_IND","SCH_ZONE_IND","SECONDARY_CRASH","SMALL_TRUCK_COUNT","SPEC_JURIS_CD","SUSP_MINOR_INJ_COUNT","SUSP_SERIOUS_INJ_COUNT","SUV_COUNT","TCD_FUNC_CD","TCD_TYPE","TFC_DETOUR_IND","TIME_OF_DAY","TOTAL_UNITS","TOT_INJ_COUNT","UNBELTED_OCC_COUNT","UNB_DEATH_COUNT","UNB_SUSP_SERIOUS_INJ_COUNT","UNK_INJ_DEG_COUNT","UNK_INJ_PER_COUNT","URBAN_RURAL","VAN_COUNT","VEHICLE_COUNT","VULNERABLE_ROAD_USER_COUNT","VULNERABLE_ROAD_USER_DEATH_COUNT","VULNERABLE_ROAD_USER_SER_INJ_COUNT","WEATHER1","WEATHER2","WORKERS_PRES","WORK_ZONE_IND","WORK_ZONE_LOC","WORK_ZONE_TYPE","WZ_CLOSE_DETOUR","WZ_FLAGGER","WZ_LAW_OFFCR_IND","WZ_LN_CLOSURE","WZ_MOVING","WZ_OTHER","WZ_SHLDER_MDN","WZ_WORKERS_INJ_KILLED"
"2020091800","1738","1","0","0","0","0","0","0","0","0","1","0","","67","10","2020","6","39.926162","-75.146755","1725","6","0","0","0","0","0","1","0","0","","0","0","0","17","1","2","N","0","2","39 55:34.183","1","0","75 08:48.317","4","0","0","0","67301","0","0","0","N","0","0","0","3","68K01","2","","3.0","100.0","1","N","N","N","0","","0","0","1","0","0","N","1723","2","2","0","0","0","0","0","2","0","2","0","0","0","3","","","N","","","","","","","","","",""
"2020059495","2319","0","0","0","0","0","0","0","0","0","0","0","","67","7","2020","7","39.891654","-75.237578","2310","6","0","0","0","0","0","0","0","0","","0","0","0","23","3","1","N","0","1","39 53:29.953","2","0","75 14:15.281","8","0","0","1","67301","0","0","0","N","0","0","0","1","68K01","0","","1.0","30.0","1","N","N","N","0","","0","0","0","0","0","N","2302","1","1","0","0","0","1","0","2","0","1","0","0","0","3","","","N","","","","","","","","","",""
"2020049500","1718","2","0","0","0","0","0","0","0","0","1","0","","67","6","2020","4","39.959556","-75.197722","1718","6","0","0","0","0","0","0","0","0","","0","0","0","17","1","2","N","0","0","39 57:34.400","","7","75 11:51.800","3","0","0","0","67301","0","0","0","N","0","0","0","3","67504","0","","1.0","","1","N","N","N","0","","2","0","0","0","0","","1718","2","2","0","0","0","0","1","2","0","2","0","0","0","3","03","","N","","","","","","","","","",""
"2020048529","0528","1","0","0","0","0","0","0","0","0","7","0","","67","6","2020","1","39.973237","-75.212226","0528","6","0","0","0","0","0","0","0","0","","0","0","0","5","3","0","","1","0","39 58:23.653","","0","75 12:44.012","9","0","0","0","67301","0","0","0","N","0","0","0","1","67301","0","","3.0","","1","N","N","N","0","","0","0","0","3","2","","500","1","0","0","0","0","0","1","2","0","1","0","0","0","3","","","N","","","","","","","","","",""
"2020048706","2030","1","0","0","0","0","0","0","0","0","4","0","","67","6","2020","1","40.042809","-75.06315","2027","6","0","0","0","0","0","0","0","0","","0","0","0","20","1","1","","1","0","40 02:34.113","","0","75 03:47.339","3","0","0","0","67301","0","0","0","N","0","0","0","5","67301","0","","1.0","","1","N","N","N","0","","1","0","1","3","2","","2024","2","1","0","0","0","0","0","2","0","2","0","0","0","3","03","","N","","","","","","","","","",""
"2020090993","","0","0","0","0","0","0","0","0","0","4","0","","67","7","2020","7","40.029087","-75.230392","","6","0","0","0","0","0","0","0","0","","0","0","0","14","1","1","","3","0","40 01:44.713","","0","75 13:49.411","4","0","0","1","67301","0","0","0","N","0","0","0","2","00000","1","","1.0","","1","","","N","0","","0","0","1","3","2","","1400","2","1","0","0","0","0","0","2","0","2","0","0","0","3","","","N","","","","","","","","","",""
"2020053450","2205","0","0","0","0","0","0","0","0","0","4","0","","67","6","2020","1","39.936693","-75.224362","2159","6","0","0","0","0","0","0","0","0","","0","0","0","21","3","1","","1","0","39 56:12.095","","0","75 13:27.703","8","0","0","0","67301","0","0","0","N","0","0","0","3","67301","0","","1.0","","1","N","N","N","0","","0","0","0","3","2","","2153","2","1","0","0","0","1","2","2","1","2","0","0","0","3","","","N","","","","","","","","","",""
"2020086807","1010","0","0","0","0","0","0","0","0","0","7","1","","67","10","2020","7","40.000073","-75.189141","0945","6","0","0","0","0","0","0","0","0","","0","1","0","8","1","0","N","0","0","40 00:00.261","","1","75 11:20.908","0","0","0","0","67301","0","0","0","N","0","0","0","1","67301","0","","5.0","","1","N","N","N","0","","0","0","0","3","8","","830","1","0","0","0","0","0","0","2","0","1","0","0","0","3","03","","N","","","","","","","","","",""
"2020044707","1855","1","0","0","0","0","0","0","0","0","4","0","","67","6","2020","7","40.028549","-75.057919","1850","6","0","0","0","0","0","0","0","0","","0","0","0","18","1","1","","1","0","40 01:42.775","","0","75 03:28.507","8","0","0","0","67301","0","0","0","N","0","0","0","4","67301","0","","1.0","","1","N","N","N","0","","0","0","1","3","2","","1849","2","1","0","0","0","1","0","2","0","2","0","0","0","3","03","","N","","","","","","","","","",""
"2020086896","0342","2","0","0","0","0","0","0","0","0","2","0","","67","10","2020","1","39.974751","-75.199064","0342","6","0","0","0","0","1","0","0","0","","0","0","0","3","2","2","","2","0","39 58:29.102","","0","75 11:56.632","8","0","0","0","67301","0","0","0","N","0","0","0","3","67301","0","","1.0","","1","N","N","N","0","","0","0","0","3","2","","342","2","2","0","0","0","2","0","2","0","2","0","0","0","3","","","N","","","","","","","","","",""
"2020093507","0109","0","0","0","0","0","0","0","0","0","2","0","","67","10","2020","6","39.926779","-75.194968","0056","6","0","0","0","0","0","0","0","0","","0","0","0","0","3","1","N","0","2","39 55:36.403","3","0","75 11:41.883","4","0","0","0","67301","0","0","0","N","0","0","0","2","68K01","1","","1.0","130.0","1","N","N","N","0","","0","0","1","0","0","N","56","2","1","0","0","0","0","0","2","0","2","0","0","0","3","","","N","","","","","","","","","",""
"2020052785","2121","1","0","0","0","0","0","0","0","0","7","0","","67","6","2020","6","40.033369","-75.020517","2059","6","0","0","0","0","0","0","0","0","","0","0","0","20","2","0","N","0","1","40 02:00.127","2","0","75 01:13.862","9","0","0","0","67301","0","0","0","N","0","0","0","1","68K01","0","","2.0","2145.0","1","N","N","Y","0","","0","0","0","0","0","N","2053","1","0","0","0","0","0","1","2","0","1","0","0","0","3","03","","N","","","","","","","","","",""
"2020058205","2115","1","0","0","0","0","0","0","0","0","4","0","","67","7","2020","2","39.989011","-75.140874","2115","6","0","0","0","0","0","0","0","0","","0","0","0","20","4","3","","1","0","39 59:20.439","","0","75 08:27.146","3","0","0","0","67301","0","0","0","N","0","0","0","4","67301","0","","1.0","","1","N","N","N","0","","3","0","0","3","2","","2007","2","3","0","0","0","0","0","2","0","2","0","0","0","3","","","N","","","","","","","","","",""
"2020045305","1800","2","0","0","0","0","0","0","0","0","4","0","","67","6","2020","4","39.977974","-75.152589","1758","6","0","0","0","0","1","1","0","0","","0","0","0","17","1","1","N","1","1","39 58:40.705","4","0","75 09:09.321","3","0","0","0","67301","0","0","0","N","0","0","0","2","67505","0","","1.0","1805.0","1","N","N","N","0","","1","0","0","3","2","N","1756","2","1","0","0","0","0","0","2","0","2","0","0","0","3","03","","N","","","","","","","","","",""
"2020093595","0758","1","0","0","0","0","0","0","0","0","7","0","","67","11","2020","3","39.876658","-75.255168","0750","6","0","0","0","0","0","0","0","0","","0","0","0","7","1","1","N","0","0","39 52:35.968","","0","75 15:18.604","4","0","0","0","67301","0","0","0","N","0","0","0","1","68K01","1","","4.0","","1","N","N","N","0","","0","0","0","0","0","","749","1","1","1","0","0","0","0","2","0","1","0","0","0","3","","","N","","","","","","","","","",""
"2020090787","1751","1","0","0","0","0","0","0","0","0","1","0","","67","10","2020","6","39.970348","-75.12401","1751","6","0","0","0","0","0","1","0","0","","0","0","0","17","1","1","N","0","1","39 58:13.253","1","0","75 07:26.435","8","0","0","0","67301","0","0","0","N","0","0","0","2","68K01","0","","1.0","1830.0","9","N","N","N","1","","0","0","0","3","2","N","1751","2","1","0","0","0","1","0","2","0","2","0","0","0","4","04","","N","","","","","","","","","",""
"2020049936","1220","1","0","0","0","0","0","0","0","0","4","0","","67","6","2020","5","40.023962","-75.035372","1215","6","0","0","0","0","0","0","1","1","","0","0","0","12","1","3","","5","1","40 01:26.262","3","2","75 02:07.339","3","0","0","0","67301","0","0","0","N","0","0","0","3","67301","0","","1.0","1308.0","1","N","N","N","0","","3","0","1","3","2","N","1209","2","3","0","0","0","0","0","2","0","2","0","0","0","3","03","","N","","","","","","","","","",""
"2020098013","0538","1","0","0","0","0","0","0","0","0","7","0","","67","11","2020","5","40.007865","-75.172261","0533","6","0","0","0","0","0","0","0","0","","0","0","0","5","3","1","","1","0","40 00:28.314","","0","75 10:20.141","3","0","0","0","67301","0","0","0","N","0","0","0","1","67301","0","","5.0","","9","N","N","N","0","","1","0","0","0","0","","520","1","1","0","0","0","0","0","2","0","1","0","0","0","7","","","N","","","","","","","","","",""
"2020052962","2126","2","0","0","0","0","0","0","0","0","4","0","","67","7","2020","2","40.038972","-75.150035","2126","6","0","0","0","0","0","1","0","0","","0","0","0","17","1","2","","1","0","40 02:20.299","","0","75 09:00.127","3","0","0","0","67301","0","0","0","N","0","0","0","5","67301","0","","1.0","","99","N","N","N","0","","2","0","0","3","2","","1700","3","2","0","0","0","0","0","2","0","3","0","0","0","99","","","N","","","","","","","","","",""
"2020092319","1209","2","0","0","0","0","0","0","0","0","4","0","","67","10","2020","7","39.96089","-75.143382","1209","6","0","0","0","0","0","0","0","0","","0","0","0","12","1","0","","2","0","39 57:39.204","","0","75 08:36.176","0","0","0","0","67301","0","0","0","N","0","0","0","2","67301","0","","1.0","","1","N","N","N","0","","0","0","0","1","2","","1200","2","0","0","0","0","0","0","2","0","2","0","0","0","3","","","N","","","","","","","","","",""
"2020103129","1826","1","0","0","0","0","0","0","0","0","7","0","","67","11","2020","7","40.0208","-75.042787","1823","6","0","0","0","0","0","0","0","0","","0","0","0","17","3","1","N","0","0","40 01:14.881","","0","75 02:34.034","8","0","0","0","67301","0","0","0","Y","0","0","0","1","68K01","0","","4.0","","1","N","N","N","0","","0","0","0","3","8","","1712","1","1","0","0","0","1","0","2","0","1","0","0","0","3","","","N","","","","","","","","","",""
"2020103306","1334","1","0","0","0","0","0","0","0","0","1","0","","67","11","2020","3","39.957403","-75.158328","1321","6","0","0","0","0","0","1","0","0","","0","0","0","13","1","0","N","0","1","39 57:26.652","3","0","75 09:29.981","0","0","0","0","67301","0","0","0","N","0","0","0","3","68K01","0","","1.0","1430.0","1","N","N","N","1","","0","0","1","0","0","N","1319","3","0","1","0","0","0","0","2","0","3","0","0","0","3","","","N","","","","","","","","","",""
"2020094387","1841","0","0","0","0","0","0","0","0","0","98","0","","67","10","2020","5","40.040801","-75.005384","1823","6","0","0","0","0","0","0","0","0","","0","0","0","18","3","0","N","0","1","40 02:26.883","2","0","75 00:19.382","0","0","0","0","67301","0","0","0","N","0","0","0","2","68K01","0","","2.0","1920.0","9","N","N","N","1","","0","0","0","0","0","N","1822","1","0","0","0","0","0","0","2","0","1","0","0","0","7","","","N","","","","","","","","","",""
"2020056649","2330","4","0","1","0","0","0","0","0","0","4","0","","67","7","2020","5","39.924565","-75.233127","2330","6","0","0","0","0","0","0","0","0","","0","0","0","23","3","2","","1","0","39 55:28.434","","0","75 13:59.258","2","0","0","0","67301","0","0","0","N","0","0","0","2","67301","0","","1.0","","1","N","N","N","0","","1","1","1","3","2","","2330","6","2","1","0","0","0","0","2","1","6","0","0","0","3","03","","N","","","","","","","","","",""
"2020056806","1220","3","0","0","0","0","0","0","0","0","4","0","","67","7","2020","6","39.981284","-75.142059","1217","6","0","0","0","0","0","1","0","0","","0","0","0","12","1","1","","2","0","39 58:52.622","","0","75 08:31.412","8","0","0","0","67301","0","0","0","N","0","0","0","2","67301","0","","1.0","","1","N","N","N","0","","0","0","1","3","3","","1205","5","1","0","0","0","1","0","2","0","5","0","0","0","3","","","N","","","","","","","","","",""
"2020060179","0045","1","0","0","0","0","0","0","0","0","7","0","","67","7","2020","4","39.902309","-75.151284","0030","6","0","0","0","0","0","1","0","0","","0","0","0","0","3","0","N","0","1","39 54:08.312","2","0","75 09:04.623","0","0","0","0","67301","0","0","0","N","0","0","0","1","68K01","0","","4.0","30.0","1","N","N","N","0","","0","0","0","0","0","N","30","1","0","0","0","0","0","0","2","0","1","0","0","0","7","","","N","","","","","","","","","",""
"2020057849","1614","1","0","0","0","0","0","0","0","0","1","0","","67","7","2020","2","40.047148","-75.004764","1556","6","0","0","0","0","0","0","0","0","","0","0","0","15","1","0","","1","0","40 02:49.732","","0","75 00:17.150","0","0","0","0","67301","0","0","0","N","0","0","0","5","67301","0","","1.0","","1","N","N","N","0","","0","0","1","3","2","","1523","2","0","0","0","0","0","0","2","0","2","0","0","0","3","03","","N","","","","","","","","","",""
"2020056932","1726","1","0","0","1","0","0","0","0","0","8","0","","67","7","2020","7","39.968841","-75.136192","1724","6","0","0","0","0","0","0","0","0","","0","0","0","17","1","1","","1","0","39 58:07.829","","1","75 08:10.292","8","0","0","0","67301","1","0","0","N","0","0","0","2","67301","0","","1.0","","1","N","N","N","0","","0","0","0","3","2","","1716","2","1","1","0","0","1","0","2","0","1","1","0","0","3","03","","N","","","","","","","","","",""
"2020049643","1729","1","0","0","0","0","0","0","0","0","8","0","","67","6","2020","3","39.972478","-75.212059","1721","6","0","0","0","0","0","0","0","0","","0","0","0","15","1","1","","3","0","39 58:20.921","","0","75 12:43.411","8","0","0","0","67301","1","0","0","N","1","0","0","2","67301","0","","1.0","","1","N","N","N","0","","0","0","0","0","0","","1507","2","1","0","0","0","1","0","2","0","1","1","0","0","3","03","","N","","","","","","","","","",""
"2020067313","1733","0","0","0","0","0","0","0","0","0","8","0","","67","6","2020","7","40.040779","-75.139631","1733","6","0","0","0","0","0","0","0","0","","0","0","0","21","6","1","","2","0","40 02:26.804","","0","75 08:22.671","3","0","0","0","67301","1","0","0","N","1","0","0","2","67301","0","","1.0","","1","N","N","N","0","","1","0","0","0","0","","2100","2","1","0","0","0","0","0","2","0","1","1","0","0","3","","","N","","","","","","","","","",""
"2020044531","2214","1","0","0","0","0","0","0","0","0","4","0","","67","6","2020","6","39.992391","-75.165066","2147","6","0","0","0","0","0","0","0","0","","0","0","0","21","3","1","","2","0","39 59:32.607","","0","75 09:54.237","4","0","0","0","67301","0","0","0","N","0","0","0","2","67301","1","","1.0","","9","N","N","N","0","","0","0","1","0","0","","2140","2","1","0","0","0","0","0","2","0","2","0","0","0","7","04","","N","","","","","","","","","",""
"2020092112","1608","1","0","1","0","0","0","0","0","0","98","0","","67","11","2020","1","39.983215","-75.156936","1608","6","0","0","0","0","0","0","0","0","","0","0","0","16","4","1","","1","0","39 58:59.573","","0","75 09:24.969","2","0","0","0","67301","0","0","0","N","0","0","0","1","67505","0","","5.0","","9","N","N","N","0","","0","1","0","3","2","","1606","1","1","0","0","0","0","0","2","0","1","0","0","0","7","04","","N","","","","","","","","","",""
"2020093925","1130","1","0","0","0","0","0","0","0","0","2","0","","67","11","2020","1","39.917183","-75.246303","1130","6","0","0","0","0","0","0","0","0","","0","0","0","11","1","1","","1","0","39 55:01.859","","0","75 14:46.691","4","0","0","0","67301","0","0","0","N","0","0","0","4","67301","1","","1.0","","9","N","N","Y","1","","0","0","1","3","2","","1130","3","1","0","0","0","0","0","2","0","3","0","0","0","7","07","","N","","","","","","","","","",""
"2020092505","1908","1","0","0","0","0","0","0","0","0","8","0","","67","10","2020","7","40.031384","-75.152356","1908","6","0","0","0","0","0","0","0","0","","0","0","0","19","3","1","","1","0","40 01:52.983","","0","75 09:08.481","3","0","0","0","67301","1","0","0","N","0","0","0","2","67301","0","","1.0","","1","N","Y","N","0","","1","0","0","3","2","","1905","2","1","1","0","0","0","0","2","0","1","1","0","0","3","03","","N","","","","","","","","","",""
"2020022436","0135","1","0","0","1","0","0","0","0","0","8","0","","67","3","2020","2","39.949456","-75.209818","0133","6","0","0","0","0","0","0","0","0","","0","0","0","1","3","1","N","0","0","39 56:58.041","","0","75 12:35.346","3","0","0","0","67301","1","0","0","N","0","0","0","2","67504","0","","1.0","","1","N","N","N","0","","1","0","0","0","0","","130","2","1","0","0","0","0","1","2","0","1","1","0","0","3","03","","N","","","","","","","","","",""
"2020023813","0840","1","0","0","0","0","0","0","0","0","4","0","","67","3","2020","5","39.989555","-75.168904","0837","6","0","0","0","0","0","0","1","0","","0","0","0","8","1","1","","1","0","39 59:22.398","","0","75 10:08.055","4","0","0","0","67301","0","0","0","N","0","0","0","6","67301","1","","1.0","","1","N","N","N","0","","0","0","1","3","2","","835","2","1","0","0","0","0","0","2","0","2","0","0","0","3","03","","N","","","","","","","","","",""
"2020058615","2330","2","0","0","0","0","0","0","0","0","5","0","","67","7","2020","5","40.078898","-74.998351","2325","6","0","0","0","0","0","1","0","0","","0","0","0","23","3","0","N","0","0","40 04:44.032","","0","74 59:54.062","0","0","0","0","67301","0","0","0","N","0","0","0","3","67301","0","","6.0","","1","N","N","N","1","","0","0","0","0","0","","2320","3","0","1","0","0","0","0","2","0","3","0","0","0","3","03","","N","","","","","","","","","",""
"2020056666","0850","0","0","0","0","0","0","0","0","0","4","0","","67","7","2020","7","39.971038","-75.155724","0845","6","0","0","0","0","0","0","0","0","","0","0","0","8","1","0","","1","0","39 58:15.737","","0","75 09:20.607","9","0","0","1","67301","0","0","0","N","0","0","0","2","67301","0","","1.0","","1","N","N","N","0","","0","0","0","3","2","","843","2","0","0","0","0","0","1","2","0","2","0","0","0","3","03","","N","","","","","","","","","",""
"2020055239","0856","1","0","0","0","0","0","0","0","0","5","0","","67","7","2020","3","39.998767","-75.175111","0855","6","0","0","0","0","0","0","0","0","","0","0","0","7","1","1","N","0","0","39 59:55.560","","0","75 10:30.400","3","0","0","0","67301","0","0","0","N","0","0","0","2","67301","0","","6.0","","1","N","N","N","1","","1","0","0","0","0","","715","2","1","0","0","0","0","0","2","0","2","0","0","0","3","03","","N","","","","","","","","","",""
"2020094376","1738","0","0","0","0","0","0","0","0","0","1","1","","67","10","2020","3","39.986349","-75.092229","1726","6","0","0","0","0","0","1","0","0","","0","1","0","17","1","0","N","0","2","39 59:10.858","2","0","75 05:32.023","0","0","0","0","67301","0","0","0","N","0","0","0","4","68K01","0","","3.0","100.0","1","N","N","N","0","","0","0","2","0","0","N","1725","3","0","0","0","0","0","0","2","0","3","0","0","0","3","","","N","","","","","","","","","",""
"2020048584","1826","1","0","0","0","0","0","0","0","0","4","0","","67","6","2020","1","39.985946","-75.161254","1821","6","0","0","0","0","1","0","0","0","","0","0","0","18","1","0","","1","0","39 59:09.405","","0","75 09:40.514","0","0","0","0","67301","0","0","0","N","0","0","0","5","67301","0","","1.0","","1","N","N","Y","1","","0","0","1","3","3","","1818","3","0","2","0","0","0","0","2","0","3","0","0","0","3","03","","N","","","","","","","","","",""
"2020056797","1220","0","0","0","0","0","0","0","0","0","0","0","","67","7","2020","7","40.02744","-75.062499","1219","6","0","0","0","0","0","0","0","0","","0","0","0","12","1","1","","1","2","40 01:38.783","2","0","75 03:44.998","2","0","1","1","67301","0","0","0","N","0","0","0","1","67301","0","","1.0","1500.0","1","N","N","N","0","","0","1","0","3","2","N","1218","1","1","0","0","0","0","0","2","0","1","0","0","0","3","","","N","","","","","","","","","",""
"2020103342","1716","0","0","0","0","0","0","0","0","0","1","0","","67","11","2020","1","40.009649","-75.064751","1716","6","0","0","0","0","0","1","0","0","","0","0","0","17","3","0","N","0","1","40 00:34.735","1","0","75 03:53.102","0","0","0","0","67301","0","0","0","N","0","0","0","2","68K01","0","","1.0","1735.0","1","N","N","N","0","","0","0","2","0","0","N","1702","2","0","0","0","0","0","0","2","0","2","0","0","0","3","","","N","","","","","","","","","",""
"2020049562","1711","2","0","0","0","0","0","0","0","0","1","0","","67","6","2020","3","39.99366","-75.152398","1703","6","0","0","0","0","0","0","0","0","","0","0","0","16","1","1","","1","1","39 59:37.177","4","0","75 09:08.634","4","0","0","0","67301","0","0","0","N","0","0","0","2","67301","1","","1.0","1730.0","1","N","N","N","0","","0","0","0","3","2","N","1632","2","1","0","0","0","0","1","2","0","2","0","0","0","3","03","","N","","","","","","","","","",""
"2020049750","1938","1","0","0","0","0","0","0","0","0","4","0","","67","6","2020","4","40.005394","-75.109358","1938","6","0","0","0","0","0","0","0","0","","0","0","0","18","4","0","","1","0","40 00:19.420","","0","75 06:33.689","0","0","0","0","67301","0","0","0","N","0","0","0","2","67301","0","","1.0","","1","N","N","N","0","","0","0","1","3","2","","1828","2","0","0","0","0","0","0","2","0","2","0","0","0","3","","","N","","","","","","","","","",""
"2020092715","2133","4","0","0","0","0","0","0","0","0","5","0","","67","10","2020","1","40.031275","-75.029953","2129","6","0","0","0","0","0","0","0","0","","0","0","0","21","3","1","N","0","0","40 01:52.590","","0","75 01:47.830","4","0","0","0","67301","0","0","0","N","0","0","0","1","67301","1","","6.0","","1","N","N","N","0","","0","0","0","0","0","","2124","4","1","0","0","0","0","0","2","0","4","0","0","0","3","03","","N","","","","","","","","","",""
"2020050402","1927","2","0","0","0","0","0","0","0","0","5","0","","67","6","2020","7","39.94865","-75.153108","1925","6","0","0","0","0","0","0","0","0","","0","0","0","19","4","0","N","0","0","39 56:55.140","","0","75 09:11.190","0","0","0","0","67301","0","0","0","N","0","0","0","3","67301","0","","1.0","","1","N","N","N","0","","0","0","1","0","0","","1922","3","0","0","0","0","0","0","2","0","3","0","0","0","3","03","","N","","","","","","","","","",""
"2020056652","0159","2","0","0","0","0","0","0","0","0","4","0","","67","7","2020","7","39.942136","-75.222104","0149","6","0","0","0","0","0","0","0","0","","0","0","0","0","3","1","","1","0","39 56:31.689","","0","75 13:19.574","8","0","0","0","67301","0","0","0","N","0","0","0","2","67301","0","","1.0","","1","N","N","N","0","","0","0","0","3","3","","55","2","1","0","0","0","1","0","2","0","2","0","0","0","3","03","","N","","","","","","","","","",""
"2020094373","0720","1","0","0","0","0","0","0","0","0","1","0","","67","10","2020","3","39.991409","-75.08634","0720","6","0","0","0","0","0","0","1","0","","0","0","0","7","1","1","N","0","0","39 59:29.071","","0","75 05:10.824","3","0","0","0","67301","0","0","0","N","0","0","0","4","68K01","0","","1.0","","9","N","N","N","0","","1","0","2","0","0","","720","3","1","0","0","0","0","0","2","0","3","0","0","0","7","","","N","","","","","","","","","",""
"2020052682","1100","3","0","0","0","0","0","0","0","0","4","0","","67","6","2020","1","39.943372","-75.232331","1052","6","0","0","0","0","0","1","0","0","","0","0","0","10","1","1","","1","1","39 56:36.138","4","0","75 13:56.392","3","0","0","0","67301","0","0","0","N","0","0","0","3","67301","0","","1.0","1109.0","1","N","N","N","0","","1","0","0","3","2","N","1040","3","1","0","0","0","0","0","2","0","3","0","0","0","3","03","","N","","","","","","","","","",""
"2020091799","1214","1","0","0","0","0","0","0","0","0","1","0","","67","10","2020","6","40.009173","-75.204673","1214","6","0","0","0","0","0","0","0","0","","0","0","0","11","1","1","N","0","0","40 00:33.023","","0","75 12:16.821","8","0","0","0","67301","0","0","0","N","0","0","0","2","68K01","0","","1.0","","1","N","N","N","0","","0","0","1","0","0","","1149","2","1","0","0","0","1","0","2","0","2","0","0","0","3","03","","N","","","","","","","","","",""
"2020048074","1820","2","0","0","0","0","0","0","0","0","4","0","","67","6","2020","5","39.956998","-75.157166","1817","6","0","0","1","0","0","0","0","0","","0","0","0","18","1","0","","1","0","39 57:25.194","","3","75 09:25.796","0","0","0","0","67301","0","0","0","N","0","0","0","4","67301","0","","1.0","","1","N","N","Y","0","","0","0","1","3","2","","1810","3","0","2","0","0","0","0","2","0","3","0","0","0","3","03","","N","","","","","","","","","",""
"2020092325","1038","2","0","0","0","0","0","0","0","0","4","0","","67","10","2020","6","40.069425","-75.039463","1030","6","1","0","0","0","0","0","0","0","","0","0","0","10","1","0","N","0","2","40 04:09.931","1","0","75 02:22.068","0","0","0","0","67301","0","0","0","N","0","0","0","2","67301","0","","1.0","100.0","9","N","N","N","0","","0","0","0","3","8","N","1029","2","0","0","0","0","0","0","2","0","2","0","0","0","7","07","","N","","","","","","","","","",""
"2020047147","0153","0","0","0","0","0","0","0","0","0","1","0","","67","6","2020","1","39.957524","-75.18035","0153","6","0","0","0","0","0","0","0","0","","0","0","0","1","3","0","N","0","2","39 57:27.087","3","0","75 10:49.260","0","0","0","0","67301","0","0","0","N","0","0","0","4","68K01","0","","1.0","258.0","1","N","N","N","0","","0","0","2","0","0","Y","147","2","0","2","0","0","0","0","2","0","2","0","0","0","3","","","N","","","","","","","","","",""
"2020057761","1110","1","0","0","0","0","0","0","0","0","1","0","","67","7","2020","2","40.007887","-75.1405","1100","6","0","0","0","0","0","0","1","0","","0","0","0","10","1","1","","5","0","40 00:28.393","","0","75 08:25.800","3","0","0","0","67301","0","0","0","N","0","0","0","3","67301","0","","1.0","","1","N","N","N","0","","1","0","1","3","2","","1045","3","1","0","0","0","0","0","2","0","3","0","0","0","3","03","","N","","","","","","","","","",""
"2020056212","1542","2","0","0","0","0","0","0","0","0","1","0","","67","7","2020","5","40.071887","-75.084423","1539","6","0","0","0","0","0","0","0","0","","0","0","0","14","1","2","Y","0","0","40 04:18.793","","0","75 05:03.921","3","0","0","0","67301","0","0","0","N","0","0","0","5","67301","0","","1.0","","1","N","N","N","0","","2","0","1","0","0","","1407","3","2","0","0","0","0","0","2","0","3","0","0","0","3","","","N","","","","","","","","","",""
"2020097804","1808","2","0","0","0","0","0","0","0","0","4","0","","67","11","2020","1","39.993783","-75.162047","1806","6","0","0","0","1","0","1","0","0","","0","0","0","18","3","2","N","0","0","39 59:37.620","","0","75 09:43.370","3","0","0","0","67301","0","0","0","N","0","0","0","5","67301","0","","1.0","","1","N","N","N","1","","2","0","0","0","0","","1805","3","2","0","0","0","0","0","2","0","3","0","0","0","4","04","","N","","","","","","","","","",""