"CRN","ARRIVAL_TM","AUTOMOBILE_COUNT","BELTED_DEATH_COUNT","BELTED_SUSP_SERIOUS_INJ_COUNT","BICYCLE_COUNT","BICYCLE_DEATH_COUNT","BICYCLE_SUSP_SERIOUS_INJ_COUNT","BUS_COUNT","CHLDPAS_DEATH_COUNT","CHLDPAS_SUSP_SERIOUS_INJ_COUNT","COLLISION_TYPE","COMM_VEH_COUNT","CONS_ZONE_SPD_LIM","COUNTY","CRASH_MONTH","CRASH_YEAR","DAY_OF_WEEK","DEC_LATITUDE","DEC_LONGITUDE","DISPATCH_TM","DISTRICT","DRIVER_COUNT_16YR","DRIVER_COUNT_17YR","DRIVER_COUNT_18YR","DRIVER_COUNT_19YR","DRIVER_COUNT_20YR","DRIVER_COUNT_50_64YR","DRIVER_COUNT_65_74YR","DRIVER_COUNT_75PLUS","EST_HRS_CLOSED","FATAL_COUNT","HEAVY_TRUCK_COUNT","HORSE_BUGGY_COUNT","HOUR_OF_DAY","ILLUMINATION","INJURY_COUNT","INTERSECTION_RELATED","INTERSECT_TYPE","LANE_CLOSED","LATITUDE","LN_CLOSE_DIR","LOCATION_TYPE","LONGITUDE","MAX_SEVERITY_LEVEL","MCYCLE_DEATH_COUNT","MCYCLE_SUSP_SERIOUS_INJ_COUNT","MOTORCYCLE_COUNT","MUNICIPALITY","NONMOTR_COUNT","NONMOTR_DEATH_COUNT","NONMOTR_SUSP_SERIOUS_INJ_COUNT","NTFY_HIWY_MAINT","PED_COUNT","PED_DEATH_COUNT","PED_SUSP_SERIOUS_INJ_COUNT","PERSON_COUNT","POLICE_AGCY","POSSIBLE_INJ_COUNT","RDWY_SURF_TYPE_CD","RELATION_TO_ROAD","ROADWAY_CLEARED","ROAD_CONDITION","SCH_BUS_IND","SCH_ZONE_IND","SECONDARY_CRASH","SMALL_TRUCK_COUNT","SPEC_JURIS_CD","SUSP_MINOR_INJ_COUNT","SUSP_SERIOUS_INJ_COUNT","SUV_COUNT","TCD_FUNC_CD","TCD_TYPE","TFC_DETOUR_IND","TIME_OF_DAY","TOTAL_UNITS","TOT_INJ_COUNT","UNBELTED_OCC_COUNT","UNB_DEATH_COUNT","UNB_SUSP_SERIOUS_INJ_COUNT","UNK_INJ_DEG_COUNT","UNK_INJ_PER_COUNT","URBAN_RURAL","VAN_COUNT","VEHICLE_COUNT","VULNERABLE_ROAD_USER_COUNT","VULNERABLE_ROAD_USER_DEATH_COUNT","VULNERABLE_ROAD_USER_SER_INJ_COUNT","WEATHER1","WEATHER2","WORKERS_PRES","WORK_ZONE_IND","WORK_ZONE_LOC","WORK_ZONE_TYPE","WZ_CLOSE_DETOUR","WZ_FLAGGER","WZ_LAW_OFFCR_IND","WZ_LN_CLOSURE","WZ_MOVING","WZ_OTHER","WZ_SHLDER_MDN","WZ_WORKERS_INJ_KILLED"
"2020056929","1719","1","0","0","0","0","0","0","0","0","5","0","","67","7","2020","6","40.059213","-75.16571","1717","6","0","0","0","0","0","0","0","0","","0","0","0","17","1","1","N","0","0","40 03:33.167","","0","75 09:56.557","3","0","0","0","67301","0","0","0","N","0","0","0","3","67301","0","","6.0","","1","N","N","N","0","","1","0","2","0","0","","1715","3","1","0","0","0","0","2","2","0","3","0","0","0","3","","","N","","","","","","","","","",""
"2020103317","0543","1","0","0","0","0","0","0","0","0","1","0","","67","11","2020","5","39.969946","-75.125451","0520","6","0","0","0","0","0","0","0","0","","0","0","0","5","3","1","N","6","0","39 58:11.804","","0","75 07:31.625","4","0","0","0","67301","0","0","0","N","0","0","0","3","68K01","1","","1.0","","9","N","N","N","0","","0","0","1","0","0","","506","2","1","0","0","0","0","1","2","0","2","0","0","0","7","","","N","","","","","","","","","",""
"2020058616","0948","0","0","0","0","0","0","0","0","0","4","0","","67","7","2020","7","40.071537","-75.165423","0947","6","0","0","0","0","0","1","0","0","","0","0","0","9","1","1","","1","0","40 04:17.533","","0","75 09:55.522","4","0","0","0","67301","0","0","0","N","0","0","0","2","67301","1","","1.0","","1","N","N","N","0","","0","0","2","3","3","","945","2","1","0","0","0","0","0","2","0","2","0","0","0","3","03","","N","","","","","","","","","",""
"2020094014","1231","0","0","0","0","0","0","0","0","0","1","0","","67","10","2020","6","39.958793","-75.169126","1220","6","0","0","0","0","0","1","0","0","","0","0","0","12","1","0","N","0","0","39 57:31.654","","0","75 10:08.853","0","0","0","0","67301","0","0","0","N","0","0","0","4","68K01","0","","1.0","","9","N","N","N","0","","0","0","3","0","0","","1216","3","0","0","0","0","0","0","2","0","3","0","0","0","7","","","N","","","","","","","","","",""
"2020048729","1200","0","0","0","0","0","0","0","0","0","7","0","","67","6","2020","5","39.965113","-75.178928","1154","6","0","0","0","0","0","0","0","0","","0","0","0","11","1","0","N","0","0","39 57:54.406","","0","75 10:44.141","0","0","0","0","67301","0","0","0","N","0","0","0","1","67301","0","","4.0","","9","N","N","N","1","","0","0","0","3","2","","1145","1","0","0","0","0","0","0","2","0","1","0","0","0","7","07","","N","","","","","","","","","",""
"2020093672","0845","1","0","0","0","0","0","0","0","0","1","1","","67","11","2020","4","39.920658","-75.197597","0839","6","0","1","0","0","0","1","0","0","","0","1","0","8","3","1","N","0","0","39 55:14.368","","3","75 11:51.350","3","0","0","0","67301","0","0","0","N","0","0","0","2","67301","0","","1.0","","1","N","N","N","0","","1","0","0","0","0","","830","2","1","0","0","0","0","0","2","0","2","0","0","0","3","03","","N","","","","","","","","","",""
"2020048596","1140","1","0","0","0","0","0","0","0","0","2","0","","67","6","2020","1","40.012762","-75.206082","1131","6","0","0","0","0","0","0","0","0","","0","0","0","11","1","1","","3","0","40 00:45.943","","2","75 12:21.894","8","0","0","0","67301","0","0","0","N","0","0","0","3","67301","0","","1.0","","1","N","N","N","0","","0","0","1","0","0","","1125","2","1","0","0","0","1","2","2","0","2","0","0","0","3","","","N","","","","","","","","","",""
"2020092324","0842","0","0","0","0","0","0","0","0","0","8","0","","67","10","2020","6","40.040775","-75.015983","0838","6","0","0","0","0","0","0","0","0","","0","0","0","8","1","1","N","0","0","40 02:26.790","","0","75 00:57.540","4","0","0","0","67301","1","0","0","N","1","0","0","2","67301","1","","4.0","","9","N","N","N","1","","0","0","0","0","0","","838","2","1","0","0","0","0","0","2","0","1","1","0","0","7","04","","N","","","","","","","","","",""
"2020045271","1300","1","0","0","0","0","0","0","0","0","4","0","","67","6","2020","4","40.027194","-75.151242","1300","6","0","0","0","0","0","0","0","0","","0","0","0","12","1","1","","1","0","40 01:37.898","","0","75 09:04.471","8","0","0","0","67301","0","0","0","N","0","0","0","3","67301","0","","1.0","","1","N","N","N","0","","0","0","1","3","2","","1226","2","1","0","0","0","1","0","2","0","2","0","0","0","3","","","N","","","","","","","","","",""
"2020044917","1622","0","0","0","0","0","0","0","0","0","4","0","","67","6","2020","2","40.094773","-75.015326","1616","6","0","0","0","0","0","0","0","0","","0","0","0","16","1","3","","1","0","40 05:41.184","","0","75 00:55.174","4","0","0","0","67301","0","0","0","N","0","0","0","5","67301","3","","1.0","","1","N","N","N","1","","0","0","1","3","2","","1616","2","3","0","0","0","0","0","2","0","2","0","0","0","3","03","","N","","","","","","","","","",""
"2020087009","2355","2","0","0","0","0","0","0","0","0","4","0","","67","10","2020","5","39.999625","-75.190584","2338","6","0","0","0","0","0","0","0","0","","0","0","0","23","3","0","","2","0","39 59:58.649","","0","75 11:26.101","0","0","0","0","67301","0","0","0","N","0","0","0","3","67301","0","","1.0","","1","N","N","N","0","","0","0","1","3","2","","2334","3","0","0","0","0","0","0","2","0","3","0","0","0","3","03","","N","","","","","","","","","",""
"2020092496","1617","0","0","0","0","0","0","0","0","0","8","0","","67","10","2020","5","40.020284","-75.080378","1613","6","0","0","0","0","0","0","0","0","","0","0","0","16","1","1","","1","0","40 01:13.023","","0","75 04:49.359","3","0","0","0","67301","1","0","0","N","1","0","0","1","67301","0","","1.0","","9","N","N","N","0","","1","0","1","3","2","","1607","2","1","0","0","0","0","0","2","0","1","1","0","0","7","07","","N","","","","","","","","","",""
"2020056351","1832","0","0","0","1","0","0","0","0","0","8","0","","67","7","2020","5","39.980276","-75.214197","1828","6","0","0","0","0","0","0","0","0","","0","0","0","18","1","1","","1","0","39 58:48.993","","0","75 12:51.108","3","0","0","0","67301","1","0","0","N","0","0","0","2","67301","0","","1.0","","1","N","N","N","0","","1","0","0","3","2","","1823","2","1","0","0","0","0","0","2","0","1","1","0","0","3","03","","N","","","","","","","","","",""
"2020054899","1510","0","0","0","0","0","0","0","0","0","4","0","","67","7","2020","7","40.057244","-75.034185","1456","6","0","0","0","0","0","0","0","0","","0","0","0","14","1","0","","1","0","40 03:26.078","","0","75 02:03.066","0","0","0","0","67301","0","0","0","N","0","0","0","4","67301","0","","1.0","","1","N","N","N","0","","0","0","0","2","2","","1430","2","0","0","0","0","0","0","2","2","2","0","0","0","3","","","N","","","","","","","","","",""
"2020098333","0840","1","0","0","0","0","0","1","0","0","4","1","","67","10","2020","6","40.044297","-75.054111","0832","6","0","0","0","0","0","0","0","0","","0","0","0","8","3","2","","1","0","40 02:39.468","","0","75 03:14.798","4","0","0","0","67301","0","0","0","N","0","0","0","4","67508","2","","1.0","","1","N","N","Y","0","","0","0","0","0","0","N","832","2","2","0","0","0","0","0","2","0","2","0","0","0","3","03","","N","","","","","","","","","",""
"2020093186","2045","1","0","0","0","0","0","1","0","0","5","1","","67","11","2020","3","39.949607","-75.199671","2036","6","0","0","0","0","0","0","0","0","","0","0","0","20","3","0","","3","0","39 56:58.586","","0","75 11:58.815","0","0","0","0","67301","0","0","0","N","0","0","0","3","67504","0","","1.0","","1","N","N","N","0","","0","0","0","3","2","","2030","2","0","0","0","0","0","0","2","0","2","0","0","0","3","03","","N","","","","","","","","","",""
"2020050541","1836","1","0","0","0","0","0","0","0","0","7","0","","67","6","2020","3","39.970361","-75.124722","1836","6","0","0","0","0","0","0","0","0","","0","0","0","18","1","0","","7","1","39 58:13.300","1","2","75 07:29.000","0","0","0","0","67301","0","0","0","Y","0","0","0","2","68K01","0","","7.0","1846.0","1","N","N","N","0","","0","0","0","0","0","N","1832","1","0","0","0","0","0","0","2","0","1","0","0","0","3","","","N","","","","","","","","","",""
"2020092357","1311","1","0","0","0","0","0","0","0","0","4","0","","67","11","2020","1","39.972673","-75.259642","1306","6","0","0","0","0","0","0","1","0","","0","0","0","11","1","0","","2","1","39 58:21.623","6","0","75 15:34.710","0","0","0","0","67301","0","0","0","N","0","0","0","1","67301","0","","1.0","1340.0","9","N","N","N","0","","0","0","1","3","2","N","1140","2","0","0","0","0","0","0","2","0","2","0","0","0","7","07","","N","","","","","","","","","",""
"2020048760","0900","1","0","0","0","0","0","0","0","0","5","0","","67","6","2020","2","39.98375","-75.166581","0839","6","0","0","0","0","0","0","0","0","","0","0","0","8","1","0","N","0","0","39 59:01.500","","0","75 09:59.690","0","0","0","0","67301","0","0","0","N","0","0","0","1","67301","0","","6.0","","1","N","N","N","0","","0","0","1","0","0","","800","3","0","0","0","0","0","0","2","0","3","0","0","0","3","03","","N","","","","","","","","","",""
"2020050519","1531","0","0","0","0","0","0","0","0","0","0","0","","67","6","2020","7","40.007741","-75.20102","1524","6","0","0","0","0","0","0","0","0","","0","0","0","15","1","4","N","0","1","40 00:27.867","4","0","75 12:03.671","3","0","0","0","67301","0","0","0","N","0","0","0","4","68K01","0","","1.0","1612.0","1","N","N","N","0","","4","0","1","0","0","N","1521","1","4","0","0","0","0","0","2","0","1","0","0","0","3","03","","N","","","","","","","","","",""
"2020051025","1744","1","0","0","0","0","0","0","0","0","4","0","","67","6","2020","6","39.955969","-75.160612","1738","6","0","0","0","0","0","1","0","0","","0","0","0","17","3","0","","1","0","39 57:21.490","","1","75 09:38.204","0","0","0","0","67301","0","0","0","N","0","0","0","3","67301","0","","1.0","","1","N","N","N","0","","0","0","1","3","2","","1735","2","0","0","0","0","0","0","2","0","2","0","0","0","3","03","","N","","","","","","","","","",""
"2020048763","2320","3","0","0","0","0","0","0","0","0","4","0","","67","6","2020","6","40.002576","-75.099728","2315","6","0","0","0","0","0","0","0","0","","0","0","0","22","3","0","","5","0","40 00:09.273","","0","75 05:59.019","0","0","0","0","67301","0","0","0","N","0","0","0","2","67301","0","","1.0","","1","N","N","N","0","","0","0","0","3","2","","2221","3","0","0","0","0","0","0","2","0","3","0","0","0","3","","","N","","","","","","","","","",""
"2020049647","1810","3","0","0","0","0","0","0","0","0","4","0","","67","6","2020","4","39.990525","-75.164532","1800","6","0","0","0","0","0","0","0","0","","0","0","0","18","1","1","","1","0","39 59:25.890","","0","75 09:52.315","3","0","0","0","67301","0","0","0","N","0","0","0","3","67301","0","","1.0","","1","N","N","N","0","","1","0","1","3","3","","1800","4","1","0","0","0","0","0","2","0","4","0","0","0","3","03","","N","","","","","","","","","",""
"2020060675","1650","1","0","0","0","0","0","0","0","0","5","0","","67","7","2020","6","40.030052","-75.055372","1650","6","0","0","0","0","0","0","0","0","","0","0","0","16","1","1","","2","0","40 01:48.188","","0","75 03:19.338","3","0","0","0","67301","0","0","0","N","0","0","0","2","67301","0","","1.0","","1","N","N","N","0","","1","0","1","0","0","","1650","3","1","2","0","0","0","0","2","1","3","0","0","0","4","03","","N","","","","","","","","","",""
"2020050135","0212","0","0","0","0","0","0","0","0","0","7","0","","67","6","2020","6","40.084561","-75.002633","0210","6","0","0","0","0","0","0","0","0","","0","0","0","1","3","1","","11","0","40 05:04.419","","0","75 00:09.478","4","0","0","0","67301","0","0","0","N","0","0","0","1","67301","1","","4.0","","1","N","N","N","0","","0","0","1","2","3","","158","1","1","0","0","0","0","0","2","0","1","0","0","0","3","03","","N","","","","","","","","","",""
"2020050335","1622","0","0","0","0","0","0","0","0","0","4","0","","67","6","2020","6","40.072187","-75.178969","1619","6","0","0","0","0","0","0","0","0","","0","0","0","15","1","0","","2","0","40 04:19.873","","0","75 10:44.287","0","0","0","0","67301","0","0","0","N","0","0","0","2","67301","0","","1.0","","1","N","N","N","0","","0","0","2","3","3","","1558","2","0","0","0","0","0","0","2","0","2","0","0","0","3","03","","N","","","","","","","","","",""
"2020048772","0033","1","0","0","0","0","0","0","0","0","2","0","","67","6","2020","2","40.017517","-75.147167","0033","6","0","0","1","0","0","0","0","0","","0","0","0","0","3","2","N","0","0","40 01:03.060","","0","75 08:49.800","3","0","0","0","67301","0","0","0","N","0","0","0","3","67301","0","","1.0","","1","N","N","N","0","","2","0","0","0","0","","29","2","2","0","0","0","0","0","2","1","2","0","0","0","3","03","","N","","","","","","","","","",""
"2020050258","1326","2","0","0","0","0","0","0","0","0","4","0","","67","6","2020","3","39.939964","-75.231048","1326","6","0","0","0","0","0","0","0","0","","0","0","0","13","1","1","","1","0","39 56:23.870","","0","75 13:51.772","3","0","0","0","67301","0","0","0","N","0","0","0","3","67301","0","","1.0","","1","N","N","N","0","","1","0","0","3","3","","1326","2","1","2","0","0","0","0","2","0","2","0","0","0","3","03","","N","","","","","","","","","",""
"2020084066","1236","2","0","0","0","0","0","0","0","0","2","0","","67","9","2020","3","40.031353","-75.085194","1234","6","0","0","0","0","0","0","0","0","","0","0","0","12","1","1","","1","0","40 01:52.872","","0","75 05:06.700","3","0","0","0","67301","0","0","0","N","0","0","0","2","67301","0","","1.0","","1","N","N","N","0","","1","0","0","3","2","","1230","2","1","0","0","0","0","0","2","0","2","0","0","0","3","98","","N","","","","","","","","","",""
"2020089453","0751","0","0","0","0","0","0","0","0","0","5","1","","67","10","2020","5","39.954208","-75.14642","0722","6","0","0","0","0","0","1","0","0","","0","0","0","6","3","0","","1","1","39 57:15.149","2","0","75 08:47.111","0","0","0","0","67301","0","0","0","N","0","0","0","2","67301","0","","1.0","900.0","1","N","N","N","1","","0","0","1","3","2","N","654","2","0","0","0","0","0","0","2","0","2","0","0","0","4","","","N","","","","","","","","","",""
"2020060982","1845","0","0","0","0","0","0","0","0","0","7","0","","67","7","2020","6","40.003012","-75.116078","1835","6","0","0","0","0","0","0","0","0","","0","0","0","16","1","0","","11","0","40 00:10.843","","0","75 06:57.880","9","0","0","0","67301","0","0","0","N","0","0","0","1","67301","0","","5.0","","1","N","N","N","0","","0","0","1","0","0","","1606","1","0","0","0","0","0","1","2","0","1","0","0","0","3","03","","N","","","","","","","","","",""
"2020058766","0035","1","0","0","0","0","0","0","0","0","5","0","","67","7","2020","5","39.956267","-75.201197","0027","6","0","0","0","0","0","0","0","0","","0","0","0","23","3","0","N","0","0","39 57:22.560","","0","75 12:04.310","0","0","0","0","67301","0","0","0","N","0","0","0","1","67301","0","","6.0","","1","N","N","N","1","","0","0","1","0","0","","2300","3","0","0","0","0","0","0","2","0","3","0","0","0","3","03","","N","","","","","","","","","",""
"2020048339","0150","3","0","0","0","0","0","0","0","0","1","0","","67","6","2020","1","40.04055","-75.187692","0144","6","0","0","0","0","0","0","0","0","","0","0","0","1","3","0","N","0","0","40 02:25.980","","0","75 11:15.690","0","0","0","0","67301","0","0","0","N","0","0","0","1","67301","0","","6.0","","9","N","N","N","0","","0","0","0","0","0","","128","3","0","0","0","0","0","0","2","0","3","0","0","0","5","07","","N","","","","","","","","","",""
"2020093431","1349","0","0","0","0","0","0","0","0","0","1","0","","67","11","2020","2","40.084951","-75.037949","1349","6","0","0","0","0","0","1","0","0","","0","0","0","13","1","2","N","0","0","40 05:05.823","","0","75 02:16.616","3","0","0","0","67301","0","0","0","N","0","0","0","3","67301","0","","1.0","","1","N","N","N","1","","2","0","1","3","2","","1340","2","2","0","0","0","0","0","2","0","2","0","0","0","3","","","N","","","","","","","","","",""
"2020048730","2230","1","0","0","0","0","0","0","0","0","1","0","","67","6","2020","1","39.948736","-75.172619","2230","6","0","0","0","0","0","0","0","0","","0","0","0","22","3","1","","2","0","39 56:55.450","","0","75 10:21.430","3","0","0","0","67301","0","0","0","N","0","0","0","3","67301","0","","1.0","","1","N","N","N","0","","1","0","1","3","3","","2215","2","1","0","0","0","0","0","2","0","2","0","0","0","3","03","","N","","","","","","","","","",""
"2020050338","1829","1","0","0","0","0","0","0","0","0","4","0","","67","6","2020","7","39.952435","-75.242751","1828","6","0","0","0","0","0","0","1","0","","0","0","0","18","1","2","","1","0","39 57:08.765","","0","75 14:33.903","3","0","0","0","67301","0","0","0","N","0","0","0","3","67301","0","","1.0","","1","N","N","N","0","","2","0","1","3","2","","1813","2","2","0","0","0","0","0","2","0","2","0","0","0","3","03","","N","","","","","","","","","",""
"2020051369","1610","1","0","0","0","0","0","0","0","0","8","0","","67","6","2020","6","40.000167","-75.223083","1610","6","0","0","0","0","0","0","0","0","","0","0","0","13","1","1","","3","0","40 00:00.600","","0","75 13:23.100","8","0","0","0","67301","1","0","0","N","1","0","0","2","67301","0","","1.0","","1","N","N","N","0","","0","0","0","9","9","","1310","2","1","0","0","0","1","1","2","0","1","1","0","0","3","03","","N","","","","","","","","","",""
"2020049852","1825","1","0","0","0","0","0","0","0","0","8","0","","67","6","2020","5","39.971697","-75.224539","1815","6","0","0","0","0","0","0","0","0","","0","0","0","18","1","1","N","0","0","39 58:18.110","","0","75 13:28.340","3","0","0","0","67301","1","0","0","N","1","0","0","2","67301","0","","1.0","","1","N","N","N","0","","1","0","0","0","0","","1810","2","1","1","0","0","0","0","2","0","1","1","0","0","3","03","","N","","","","","","","","","",""
"2020093193","1804","2","0","0","0","0","0","0","0","0","4","0","","67","11","2020","3","39.985046","-75.178492","1803","6","0","0","0","0","0","0","0","1","","0","0","0","17","3","2","N","0","0","39 59:06.166","","0","75 10:42.570","8","0","0","0","67301","0","0","0","N","0","0","0","3","67301","0","","6.0","","1","N","N","N","1","","0","0","0","0","0","","1759","3","2","1","0","0","2","1","2","0","3","0","0","0","3","","","N","","","","","","","","","",""
"2020046300","0146","3","0","0","0","0","0","0","0","0","5","0","","67","6","2020","1","39.996796","-75.176676","0146","6","0","0","0","0","0","0","0","0","","0","0","0","1","3","1","N","0","0","39 59:48.467","","0","75 10:36.034","3","0","0","0","67301","0","0","0","N","0","0","0","2","67301","0","","1.0","","1","N","N","N","0","","1","0","0","0","0","","126","3","1","1","0","0","0","0","2","0","3","0","0","0","3","03","","N","","","","","","","","","",""
"2020103818","1458","0","0","0","0","0","0","0","0","0","1","0","","67","11","2020","1","39.891255","-75.199195","1449","6","0","0","0","0","0","0","0","0","","0","0","0","14","1","1","N","0","0","39 53:28.517","","0","75 11:57.103","3","0","0","0","67301","0","0","0","N","0","0","0","2","68K01","0","","1.0","","1","N","N","N","1","","1","0","1","0","0","","1430","2","1","0","0","0","0","0","2","0","2","0","0","0","4","","","N","","","","","","","","","",""
"2020104070","1944","0","0","0","0","0","0","0","0","0","1","0","","67","11","2020","1","39.959447","-75.174404","1934","6","0","1","0","0","0","1","0","0","","0","0","0","19","3","0","N","0","2","39 57:34.010","4","0","75 10:27.854","0","0","0","0","67301","0","0","0","N","0","0","0","3","68K01","0","","1.0","45.0","1","N","N","N","0","","0","0","2","0","0","N","1932","3","0","0","0","0","0","0","2","1","3","0","0","0","3","03","","N","","","","","","","","","",""
"2020057743","1146","1","0","0","0","0","0","0","0","0","4","0","","67","7","2020","2","40.036324","-75.069822","1139","6","0","0","0","0","1","0","0","0","","0","0","0","11","1","3","N","0","0","40 02:10.767","","7","75 04:11.359","3","0","0","0","67301","0","0","0","N","0","0","0","3","67301","0","","1.0","","1","N","N","N","0","","3","0","1","0","0","","1122","2","3","0","0","0","0","0","2","0","2","0","0","0","3","03","","N","","","","","","","","","",""
"2020048301","1730","0","0","0","0","0","0","0","0","0","8","0","","67","6","2020","6","40.009204","-75.150818","1659","6","0","0","0","0","0","0","0","0","","0","0","0","12","1","1","","1","0","40 00:33.133","","0","75 09:02.943","3","0","0","0","67301","1","0","0","N","1","0","0","2","67301","0","","1.0","","1","N","N","N","0","","1","0","1","3","2","","1245","2","1","0","0","0","0","1","2","0","1","1","0","0","3","03","","N","","","","","","","","","",""
"2020050339","1721","3","0","0","0","0","0","0","0","0","4","0","","67","6","2020","6","39.981053","-75.163931","1721","6","0","0","0","0","0","0","0","0","","0","0","0","17","1","0","","1","2","39 58:51.790","1","0","75 09:50.150","0","0","0","0","67301","0","0","0","N","0","0","0","2","67301","0","","1.0","1800.0","1","N","N","N","0","","0","0","0","3","3","Y","1720","3","0","1","0","0","0","0","2","0","3","0","0","0","3","03","","N","","","","","","","","","",""
"2020087335","1907","0","0","0","0","0","0","0","0","0","1","0","","67","10","2020","3","40.094961","-74.981268","1903","6","0","0","0","0","0","1","0","0","","1","0","0","19","3","1","N","0","2","40 05:41.860","6","0","74 58:52.563","1","1","0","1","67301","0","0","0","N","0","0","0","6","67301","0","2","1.0","1908.0","1","N","N","N","0","0","1","0","3","0","0","Y","1902","4","1","0","0","0","0","0","2","0","4","0","0","0","3","03","","N","","","","","","","","","",""
"2020048585","1838","1","0","0","0","0","0","0","0","0","5","0","","67","6","2020","1","39.984911","-75.170153","1834","6","0","0","0","0","0","1","0","0","","0","0","0","18","1","0","N","0","1","39 59:05.680","4","0","75 10:12.550","0","0","0","0","67301","0","0","0","N","0","0","0","1","67301","0","","6.0","1937.0","1","N","N","N","1","","0","0","1","0","0","N","1830","3","0","0","0","0","0","0","2","0","3","0","0","0","3","","","N","","","","","","","","","",""
"2020092359","1830","2","0","0","0","0","0","0","0","0","4","0","","67","10","2020","5","39.981314","-75.180322","1828","6","0","0","0","0","0","0","0","0","","0","0","0","18","3","0","N","0","0","39 58:52.730","","0","75 10:49.160","0","0","0","0","67301","0","0","0","N","0","0","0","0","67301","0","","1.0","","9","N","N","N","0","","0","0","1","0","0","","1826","3","0","0","0","0","0","0","2","0","3","0","0","0","7","","","N","","","","","","","","","",""
"2020058964","1033","1","0","0","0","0","0","0","0","0","7","0","","67","7","2020","6","39.889983","-75.219791","1033","6","0","0","0","1","0","0","0","0","","0","0","0","10","1","0","N","0","2","39 53:23.939","2","0","75 13:11.247","0","0","0","0","67301","0","0","0","N","0","0","0","1","68K01","0","","4.0","1130.0","9","N","N","N","0","","0","0","0","0","0","N","1033","1","0","1","0","0","0","0","2","0","1","0","0","0","7","","","N","","","","","","","","","",""
"2020093918","1200","1","0","0","0","0","0","0","0","0","7","0","","67","11","2020","5","40.130995","-75.013844","1151","6","0","0","0","0","0","0","0","1","","0","0","0","11","1","0","N","0","1","40 07:51.583","3","0","75 00:49.839","9","0","0","0","67301","0","0","0","N","0","0","0","1","67301","0","","5.0","1250.0","1","N","N","N","0","","0","0","0","0","0","N","1150","1","0","0","0","0","0","1","2","0","1","0","0","0","3","03","","N","","","","","","","","","",""
"2020089089","1506","1","0","0","0","0","0","0","0","0","6","0","","67","10","2020","3","39.976535","-75.11441","1414","6","0","0","0","0","0","0","0","0","","0","0","0","14","1","2","N","0","0","39 58:35.527","","0","75 06:51.877","8","0","0","0","67301","0","0","0","N","0","0","0","4","68K01","0","","1.0","","1","N","N","N","0","","0","0","1","0","0","","1404","2","2","0","0","0","2","0","2","0","2","0","0","0","3","03","","N","","","","","","","","","",""
"2020050401","0238","1","0","0","0","0","0","0","0","0","5","0","","67","6","2020","1","40.055194","-75.048472","0238","6","0","0","0","0","0","0","0","0","","0","0","0","2","3","1","N","0","0","40 03:18.700","","6","75 02:54.500","3","0","0","0","67301","0","0","0","N","0","0","0","2","67301","0","","1.0","","1","N","N","N","0","","1","0","1","0","0","","238","2","1","0","0","0","0","0","2","0","2","0","0","0","3","03","","N","","","","","","","","","",""
"2020056654","0753","1","0","0","0","0","0","0","0","0","4","0","","67","7","2020","6","40.033228","-75.054291","0751","6","0","0","0","0","0","0","0","0","","0","0","0","7","1","0","","1","0","40 01:59.620","","0","75 03:15.447","0","0","0","0","67301","0","0","0","N","0","0","0","2","67301","0","","1.0","","1","N","N","N","0","","0","0","0","3","3","","747","2","0","0","0","0","0","0","2","1","2","0","0","0","3","03","","N","","","","","","","","","",""
"2020057850","0218","2","0","0","0","0","0","0","0","0","4","0","","67","7","2020","4","39.938782","-75.226843","0216","6","0","0","0","0","0","0","0","0","","0","0","0","2","3","3","","1","0","39 56:19.615","","0","75 13:36.634","3","0","0","0","67301","0","0","0","N","0","0","0","5","67301","0","","1.0","","1","N","N","N","0","","3","0","1","3","2","","210","3","3","0","0","0","0","0","2","0","3","0","0","0","3","03","","N","","","","","","","","","",""
"2020057132","2059","1","0","0","0","0","0","0","0","0","8","0","","67","7","2020","7","39.990647","-75.159178","2054","6","0","0","0","0","0","0","0","0","","0","0","0","20","1","1","N","0","2","39 59:26.330","2","0","75 09:33.040","2","0","0","0","67301","1","0","1","N","1","0","1","2","67301","0","","1.0","100.0","1","N","N","N","0","","0","1","0","0","0","Y","2047","2","1","0","0","0","0","0","2","0","1","1","0","1","3","03","","N","","","","","","","","","",""
"2020102153","1404","1","0","0","0","0","0","0","0","0","5","1","","67","10","2020","6","40.032336","-75.020916","1321","6","0","0","1","0","0","0","0","0","","0","1","0","13","1","0","N","0","2","40 01:56.409","1","0","75 01:15.298","0","0","0","0","67301","0","0","0","N","0","0","0","1","68K01","0","","1.0","30.0","1","N","N","N","0","","0","0","0","0","0","N","1320","2","0","0","0","0","0","0","2","0","2","0","0","0","3","03","","N","","","","","","","","","",""
"2020103950","0336","1","0","0","0","0","0","0","0","0","7","0","","67","11","2020","2","39.985578","-75.146669","0335","6","0","0","0","0","0","0","0","0","","0","0","0","3","3","0","N","0","0","39 59:08.080","","0","75 08:48.010","9","0","0","0","67301","0","0","0","N","0","0","0","1","67301","0","","5.0","","1","N","N","N","0","","0","0","0","0","0","","335","1","0","0","0","0","0","1","2","0","1","0","0","0","3","03","","N","","","","","","","","","",""