"CRN","ARRIVAL_TM","AUTOMOBILE_COUNT","BELTED_DEATH_COUNT","BELTED_SUSP_SERIOUS_INJ_COUNT","BICYCLE_COUNT","BICYCLE_DEATH_COUNT","BICYCLE_SUSP_SERIOUS_INJ_COUNT","BUS_COUNT","CHLDPAS_DEATH_COUNT","CHLDPAS_SUSP_SERIOUS_INJ_COUNT","COLLISION_TYPE","COMM_VEH_COUNT","CONS_ZONE_SPD_LIM","COUNTY","CRASH_MONTH","CRASH_YEAR","DAY_OF_WEEK","DEC_LATITUDE","DEC_LONGITUDE","DISPATCH_TM","DISTRICT","DRIVER_COUNT_16YR","DRIVER_COUNT_17YR","DRIVER_COUNT_18YR","DRIVER_COUNT_19YR","DRIVER_COUNT_20YR","DRIVER_COUNT_50_64YR","DRIVER_COUNT_65_74YR","DRIVER_COUNT_75PLUS","EST_HRS_CLOSED","FATAL_COUNT","HEAVY_TRUCK_COUNT","HORSE_BUGGY_COUNT","HOUR_OF_DAY","ILLUMINATION","INJURY_COUNT","INTERSECTION_RELATED","INTERSECT_TYPE","LANE_CLOSED","LATITUDE","LN_CLOSE_DIR","LOCATION_TYPE","LONGITUDE","MAX_SEVERITY_LEVEL","MCYCLE_DEATH_COUNT","MCYCLE_SUSP_SERIOUS_INJ_COUNT","MOTORCYCLE_COUNT","MUNICIPALITY","NONMOTR_COUNT","NONMOTR_DEATH_COUNT","NONMOTR_SUSP_SERIOUS_INJ_COUNT","NTFY_HIWY_MAINT","PED_COUNT","PED_DEATH_COUNT","PED_SUSP_SERIOUS_INJ_COUNT","PERSON_COUNT","POLICE_AGCY","POSSIBLE_INJ_COUNT","RDWY_SURF_TYPE_CD","RELATION_TO_ROAD","ROADWAY_CLEARED","ROAD_CONDITION","SCH_BUS_IND","SCH_ZONE_IND","SECONDARY_CRASH","SMALL_TRUCK_COUNT","SPEC_JURIS_CD","SUSP_MINOR_INJ_COUNT","SUSP_SERIOUS_INJ_COUNT","SUV_COUNT","TCD_FUNC_CD","TCD_TYPE","TFC_DETOUR_IND","TIME_OF_DAY","TOTAL_UNITS","TOT_INJ_COUNT","UNBELTED_OCC_COUNT","UNB_DEATH_COUNT","UNB_SUSP_SERIOUS_INJ_COUNT","UNK_INJ_DEG_COUNT","UNK_INJ_PER_COUNT","URBAN_RURAL","VAN_COUNT","VEHICLE_COUNT","VULNERABLE_ROAD_USER_COUNT","VULNERABLE_ROAD_USER_DEATH_COUNT","VULNERABLE_ROAD_USER_SER_INJ_COUNT","WEATHER1","WEATHER2","WORKERS_PRES","WORK_ZONE_IND","WORK_ZONE_LOC","WORK_ZONE_TYPE","WZ_CLOSE_DETOUR","WZ_FLAGGER","WZ_LAW_OFFCR_IND","WZ_LN_CLOSURE","WZ_MOVING","WZ_OTHER","WZ_SHLDER_MDN","WZ_WORKERS_INJ_KILLED"
"2020063175","0652","0","0","0","0","0","0","0","0","0","7","0","","67","7","2020","6","39.986006","-75.208215","0652","6","0","0","0","0","0","0","1","0","","0","0","0","6","1","1","N","0","1","39 59:09.620","3","0","75 12:29.575","3","0","0","0","67301","0","0","0","N","0","0","0","1","68K01","0","","4.0","707.0","9","N","N","N","0","","1","0","1","0","0","N","650","1","1","0","0","0","0","0","2","0","1","0","0","0","7","","","N","","","","","","","","","",""
"2020056792","1341","1","0","0","0","0","0","0","0","0","5","0","","67","7","2020","5","40.061819","-75.235183","1335","6","0","0","0","1","0","0","0","0","","0","0","0","13","1","0","N","0","0","40 03:42.550","","0","75 14:06.660","0","0","0","0","67301","0","0","0","N","0","0","0","1","67301","0","","6.0","","1","N","N","N","0","","0","0","1","0","0","","1330","2","0","0","0","0","0","0","2","0","2","0","0","0","3","03","","N","","","","","","","","","",""
"2020092366","2045","1","0","0","0","0","0","0","0","0","8","0","","67","10","2020","4","39.992777","-75.145958","2045","6","0","0","0","0","0","0","1","0","","0","0","0","20","3","1","N","0","0","39 59:33.997","","0","75 08:45.447","8","0","0","0","67301","1","0","0","N","1","0","0","2","67301","0","","1.0","","1","N","N","N","0","","0","0","0","0","0","","2044","2","1","0","0","0","1","0","2","0","1","1","0","0","3","03","","N","","","","","","","","","",""
"2020094372","0709","0","0","0","0","0","0","0","0","0","1","1","","67","10","2020","3","39.991891","-75.086031","0709","6","0","0","0","0","0","1","0","0","","0","1","0","7","2","0","N","0","0","39 59:30.807","","0","75 05:09.713","0","0","0","0","67301","0","0","0","N","0","0","0","4","68K01","0","","1.0","","1","N","N","N","0","","0","0","3","0","0","","709","4","0","0","0","0","0","0","2","0","4","0","0","0","3","03","","N","","","","","","","","","",""
"2020064073","2232","1","0","0","0","0","0","0","0","0","7","0","","67","8","2020","5","39.963891","-75.184291","2225","6","0","0","0","0","0","0","0","0","","0","0","0","22","3","0","N","0","0","39 57:50.006","","0","75 11:03.446","9","0","0","0","67301","0","0","0","N","0","0","0","2","68K01","0","","2.0","","1","N","N","N","0","","0","0","0","0","0","","2221","1","0","0","0","0","0","1","2","0","1","0","0","0","3","03","","N","","","","","","","","","",""
"2020089767","","1","0","0","0","0","0","0","0","0","1","0","","67","7","2020","6","39.988618","-75.106144","","6","0","0","0","0","0","0","0","0","","0","0","0","16","1","3","Y","0","0","39 59:19.023","","0","75 06:22.117","4","0","0","0","67301","0","0","0","N","0","0","0","4","00000","3","","1.0","","1","","","N","0","","0","0","1","3","2","","1625","2","3","0","0","0","0","0","2","0","2","0","0","0","3","","","N","","","","","","","","","",""
"2020093992","1608","0","0","0","0","0","0","0","0","0","1","0","","67","9","2020","6","39.957807","-75.140755","1601","6","0","0","0","0","0","1","0","0","","0","0","0","15","1","1","N","0","0","39 57:28.104","","0","75 08:26.717","3","0","0","0","67301","0","0","0","N","0","0","0","2","68K01","0","","1.0","","1","N","N","N","0","","1","0","2","0","0","","1553","2","1","0","0","0","0","0","2","0","2","0","0","0","3","","","N","","","","","","","","","",""
"2020050403","1043","0","0","0","0","0","0","0","0","0","8","0","","67","6","2020","7","40.078653","-75.037153","1032","6","0","0","0","0","0","0","0","0","","0","0","0","10","1","1","N","0","0","40 04:43.150","","0","75 02:13.750","3","0","0","0","67301","1","0","0","N","1","0","0","2","67301","0","","1.0","","1","N","N","N","0","","1","0","1","0","0","","1025","2","1","0","0","0","0","0","2","0","1","1","0","0","3","03","","N","","","","","","","","","",""
"2020050789","1745","0","0","0","0","0","0","0","0","0","1","0","","67","6","2020","7","39.999222","-75.109917","1741","6","0","0","0","0","0","0","0","0","","0","0","0","17","1","2","N","0","0","39 59:57.200","","0","75 06:35.700","3","0","0","0","67301","0","0","0","N","0","0","0","4","67301","0","","1.0","","1","N","N","N","0","","2","0","2","0","0","","1735","2","2","0","0","0","0","0","2","0","2","0","0","0","3","03","","N","","","","","","","","","",""
"2020058509","1620","1","0","0","0","0","0","0","0","0","5","0","","67","7","2020","4","40.004514","-75.098833","1616","6","0","0","0","0","0","0","0","0","","0","0","0","15","1","0","N","0","0","40 00:16.250","","1","75 05:55.800","0","0","0","0","67301","0","0","0","N","0","0","0","1","67301","0","","6.0","","1","N","N","N","1","","0","0","1","0","0","","1526","3","0","0","0","0","0","0","2","0","3","0","0","0","3","03","","N","","","","","","","","","",""
"2020109312","0818","0","0","0","0","0","0","0","0","0","0","1","","67","12","2020","5","39.889696","-75.219843","0807","6","0","0","0","0","0","0","0","0","","0","1","0","8","1","1","N","0","1","39 53:22.905","1","0","75 13:11.433","3","0","0","0","67301","0","0","0","N","0","0","0","1","68K01","0","","1.0","948.0","1","N","N","N","0","","1","0","0","0","0","N","806","1","1","0","0","0","0","0","2","0","1","0","0","0","3","","","N","","","","","","","","","",""
"2020059025","2210","1","0","0","0","0","0","0","0","0","5","0","","67","7","2020","5","40.043526","-75.148675","2210","6","0","0","0","0","0","0","0","0","","0","0","0","22","3","1","","1","0","40 02:36.693","","0","75 08:55.229","4","0","0","0","67301","0","0","0","N","0","0","0","2","67301","1","","1.0","","1","N","N","Y","0","","0","0","2","3","3","","2210","3","1","1","0","0","0","0","2","0","3","0","0","0","3","03","","N","","","","","","","","","",""
"2020063518","1035","1","0","0","0","0","0","0","0","0","1","0","","67","7","2020","6","39.965911","-75.231856","1033","6","0","0","0","0","0","0","0","0","","0","0","0","10","1","1","N","0","0","39 57:57.280","","0","75 13:54.680","3","0","0","0","67301","0","0","0","N","0","0","0","2","67301","0","","1.0","","8","N","N","N","0","","1","0","0","0","0","","1032","2","1","0","0","0","0","0","2","1","2","0","0","0","7","04","","N","","","","","","","","","",""
"2020058399","2240","1","0","0","0","0","0","0","0","0","4","0","","67","7","2020","2","39.997645","-75.158704","2227","6","0","0","0","0","0","0","1","0","","0","0","0","22","3","0","","2","0","39 59:51.522","","0","75 09:31.334","0","0","0","0","67301","0","0","0","N","0","0","0","2","67508","0","","1.0","","1","N","N","Y","0","","0","0","0","3","3","","2227","2","0","1","0","0","0","0","2","1","2","0","0","0","3","03","","N","","","","","","","","","",""
"2020103181","1546","1","0","0","0","0","0","0","0","0","4","0","","67","11","2020","1","39.897624","-75.252377","1534","6","0","1","0","0","0","0","0","0","","0","0","0","15","1","0","","1","0","39 53:51.445","","0","75 15:08.556","0","0","0","0","67301","0","0","0","N","0","0","0","3","67301","0","","1.0","","1","N","N","N","0","","0","0","1","3","2","","1524","2","0","0","0","0","0","0","2","0","2","0","0","0","3","","","N","","","","","","","","","",""
"2020102384","1919","1","0","0","0","0","0","0","0","0","1","0","","67","11","2020","4","40.051945","-74.988544","1910","6","0","0","0","0","0","0","0","0","","0","0","0","19","3","0","N","0","0","40 03:07.003","","0","74 59:18.757","0","0","0","0","67301","0","0","0","N","0","0","0","1","68K01","0","","1.0","","1","N","N","N","0","","0","0","1","0","0","","1907","2","0","0","0","0","0","0","2","0","2","0","0","0","3","03","","N","","","","","","","","","",""
"2020103820","2133","1","0","0","0","0","0","0","0","0","7","0","","67","11","2020","1","39.957135","-75.157007","2131","6","0","0","0","0","0","0","0","0","","0","0","0","21","3","0","N","0","2","39 57:25.685","3","0","75 09:25.226","0","0","0","0","67301","0","0","0","N","0","0","0","1","68K01","0","","3.0","100.0","9","N","N","Y","0","","0","0","0","0","0","N","2116","1","0","0","0","0","0","0","2","0","1","0","0","0","7","","","N","","","","","","","","","",""
"2020104579","1449","1","0","0","0","0","0","0","0","0","1","0","","67","11","2020","1","39.970364","-75.192953","1440","6","0","0","0","0","0","1","0","0","","0","0","0","14","1","2","N","0","0","39 58:13.310","","0","75 11:34.629","8","0","0","0","67301","0","0","0","N","0","0","0","2","68K01","0","","1.0","","9","N","N","N","0","","0","0","0","0","0","","1432","2","2","1","0","0","2","0","2","1","2","0","0","0","7","04","","N","","","","","","","","","",""
"2020056749","1145","3","0","0","0","0","0","0","0","0","5","0","","67","7","2020","7","40.021533","-75.163136","1139","6","0","0","0","0","0","1","0","0","","0","0","0","11","1","1","N","0","1","40 01:17.520","4","0","75 09:47.290","8","0","0","0","67301","0","0","0","N","0","0","0","3","67301","0","","1.0","100.0","1","N","N","N","0","","0","0","1","0","0","N","1104","4","1","0","0","0","1","0","2","0","4","0","0","0","3","","","N","","","","","","","","","",""
"2020059287","1905","0","0","0","0","0","0","0","0","0","0","0","","67","7","2020","7","39.92685","-75.169077","1900","6","0","0","0","0","0","0","0","0","","0","0","0","16","1","1","","1","0","39 55:36.660","","0","75 10:08.677","3","0","0","1","67301","0","0","0","N","0","0","0","1","67301","0","","1.0","","1","N","N","N","0","","1","0","0","3","2","","1624","1","1","0","0","0","0","0","2","0","1","0","0","0","3","03","","N","","","","","","","","","",""
"2020058755","2200","2","0","0","0","0","0","0","0","0","4","0","","67","7","2020","5","39.980221","-75.157591","2200","6","0","0","1","0","1","0","0","0","","0","0","0","22","3","1","","1","0","39 58:48.797","","0","75 09:27.327","4","0","0","0","67301","0","0","0","Y","0","0","0","3","67505","1","","1.0","","1","N","N","N","0","","0","0","0","3","2","","2200","2","1","0","0","0","0","0","2","0","2","0","0","0","3","03","","N","","","","","","","","","",""
"2020103296","1622","1","0","0","0","0","0","0","0","0","1","0","","67","11","2020","2","39.958471","-75.167551","1618","6","0","0","0","0","0","1","2","0","","0","0","0","16","1","0","N","0","2","39 57:30.496","3","0","75 10:03.184","0","0","0","0","67301","0","0","0","N","0","0","0","3","68K01","0","","1.0","1625.0","1","N","N","N","1","","0","0","1","0","0","N","1618","3","0","0","0","0","0","0","2","0","3","0","0","0","3","03","","N","","","","","","","","","",""
"2020102587","0420","1","0","0","0","0","0","0","0","0","7","0","","67","11","2020","1","40.057977","-75.052698","0412","6","0","0","0","0","0","0","0","0","","0","0","0","4","3","0","","1","0","40 03:28.718","","0","75 03:09.712","9","0","0","0","67301","0","0","0","N","0","0","0","1","67301","0","","5.0","","1","N","N","N","0","","0","0","0","3","2","","411","1","0","0","0","0","0","1","2","0","1","0","0","0","3","03","","N","","","","","","","","","",""
"2020064212","1530","1","0","0","0","0","0","0","0","0","7","0","35","67","8","2020","5","39.91225","-75.171833","1530","6","0","0","0","0","0","0","0","0","","0","0","0","15","1","0","N","0","0","39 54:44.100","","3","75 10:18.600","0","0","0","0","67301","0","0","0","N","0","0","0","1","67501","0","","1.0","","1","N","N","N","0","","0","0","0","3","8","","1530","1","0","0","0","0","0","0","2","0","1","0","0","0","3","03","U","Y","4","1","Y","","N","Y","","","Y","N"
"2020053269","0055","1","0","0","0","0","0","0","0","0","7","0","","67","7","2020","3","40.020443","-75.05387","0053","6","0","0","0","0","0","0","0","0","","0","0","0","0","3","0","N","0","1","40 01:13.593","7","0","75 03:13.932","9","0","0","0","67301","0","0","0","N","0","0","0","1","67301","0","","4.0","30.0","9","N","N","N","0","","0","0","0","0","0","N","53","1","0","0","0","0","0","1","2","0","1","0","0","0","3","03","","N","","","","","","","","","",""
"2020091803","2020","2","0","0","0","0","0","0","0","0","1","0","","67","10","2020","6","39.959191","-75.172476","2020","6","0","0","1","0","0","0","0","0","","0","0","0","20","3","1","N","0","1","39 57:33.088","4","0","75 10:20.915","3","0","0","0","67301","0","0","0","N","0","0","0","4","68K01","0","","1.0","2030.0","1","N","N","N","0","","1","0","0","0","0","N","2020","3","1","0","0","0","0","1","2","0","3","0","0","0","3","03","","N","","","","","","","","","",""
"2020060549","1840","0","0","0","0","0","0","0","0","0","6","0","","67","7","2020","7","40.013256","-75.108686","1830","6","0","0","0","0","0","0","0","0","","0","0","0","18","3","1","","1","0","40 00:47.721","","0","75 06:31.269","2","0","1","1","67301","0","0","0","N","0","0","0","2","67301","0","","1.0","","1","N","N","N","0","","0","1","0","0","0","","1820","2","1","0","0","0","0","0","2","1","2","0","0","0","3","03","","N","","","","","","","","","",""
"2020059482","1237","1","0","0","0","0","0","0","0","0","1","0","","67","7","2020","6","39.959449","-75.174418","1227","6","0","0","0","0","0","0","0","0","","0","0","0","12","1","1","N","0","0","39 57:34.016","","0","75 10:27.905","4","0","0","0","67301","0","0","0","N","0","0","0","3","68K01","1","","1.0","","1","N","N","N","1","","0","0","1","0","0","","1220","3","1","0","0","0","0","0","2","0","3","0","0","0","3","","","N","","","","","","","","","",""
"2020056851","0110","2","0","0","0","0","0","0","0","0","5","0","","67","7","2020","6","39.916754","-75.161125","0106","6","0","0","0","0","0","0","0","0","","0","0","0","0","3","0","N","0","2","39 55:00.316","2","0","75 09:40.049","0","0","0","0","67301","0","0","0","N","0","0","0","1","67301","0","","6.0","220.0","1","N","N","N","2","","0","0","1","0","0","Y","6","5","0","0","0","0","0","0","2","0","5","0","0","0","3","03","","N","","","","","","","","","",""
"2020102868","2335","1","0","0","0","0","0","0","0","0","7","0","","67","11","2020","1","40.017218","-75.173747","2333","6","0","0","0","0","0","0","0","0","","0","0","0","23","2","0","N","0","0","40 01:01.983","","0","75 10:25.488","0","0","0","0","67301","0","0","0","N","0","0","0","1","67301","0","","4.0","","1","N","N","N","0","","0","0","0","3","8","","2305","1","0","0","0","0","0","0","2","0","1","0","0","0","3","03","","N","","","","","","","","","",""
"2020056650","1437","2","0","0","0","0","0","0","0","0","1","0","","67","7","2020","6","39.935031","-75.222406","1437","6","0","0","0","0","0","0","0","0","","0","0","0","14","1","0","N","0","2","39 56:06.110","5","0","75 13:20.660","0","0","0","0","67301","0","0","0","N","0","0","0","1","67301","0","","6.0","1439.0","1","N","N","N","0","","0","0","1","0","0","Y","1437","3","0","1","0","0","0","0","2","0","3","0","0","0","3","03","","N","","","","","","","","","",""
"2020058204","1213","4","0","0","0","0","0","0","0","0","4","0","","67","7","2020","4","39.976533","-75.178291","1210","6","0","0","0","0","0","0","0","0","","0","0","0","11","1","3","","1","0","39 58:35.518","","0","75 10:41.847","8","0","0","0","67301","0","0","0","N","0","0","0","5","67301","0","","1.0","","1","N","N","N","0","","0","0","2","3","3","","1139","6","3","0","0","0","3","2","2","0","6","0","0","0","3","03","","N","","","","","","","","","",""
"2020056852","1015","2","0","0","0","0","0","0","0","0","5","0","","67","7","2020","1","40.005806","-75.185568","1010","6","0","0","0","0","0","0","0","0","","0","0","0","10","1","1","N","0","0","40 00:20.902","","0","75 11:08.043","4","0","0","0","67301","0","0","0","N","0","0","0","1","67301","1","","6.0","","1","N","N","N","0","","0","0","0","0","0","","1000","2","1","0","0","0","0","0","2","0","2","0","0","0","3","03","","N","","","","","","","","","",""
"2020055594","0035","3","0","0","0","0","0","0","0","0","6","0","","67","7","2020","4","40.012526","-75.140106","0030","6","0","0","0","0","0","0","0","0","","0","0","0","0","3","0","","1","0","40 00:45.093","","0","75 08:24.381","9","0","0","0","67301","0","0","0","N","0","0","0","3","67301","0","","1.0","","1","N","N","N","0","","0","0","1","3","3","","10","4","0","0","0","0","0","2","2","0","4","0","0","0","3","03","","N","","","","","","","","","",""
"2020057013","1052","0","0","0","0","0","0","0","0","0","8","0","","67","7","2020","1","40.079111","-75.225972","1051","6","0","0","0","0","0","0","0","0","","0","0","0","10","1","1","N","0","0","40 04:44.800","","0","75 13:33.500","3","0","0","0","67301","1","0","0","N","1","0","0","2","67301","0","","1.0","","1","N","N","N","1","","1","0","0","3","3","","1050","2","1","0","0","0","0","0","2","0","1","1","0","0","3","03","","N","","","","","","","","","",""
"2020056643","1050","1","0","0","0","0","0","0","0","0","4","0","","67","7","2020","5","40.033531","-75.085331","1045","6","0","0","0","0","0","0","0","0","","0","0","0","10","1","2","","1","1","40 02:00.711","7","0","75 05:07.191","3","0","0","0","67301","0","0","0","N","0","0","0","3","67301","1","","1.0","1100.0","1","N","N","N","0","","1","0","0","3","2","N","1040","2","2","0","0","0","0","0","2","1","2","0","0","0","3","03","","N","","","","","","","","","",""
"2020089670","2038","2","0","0","0","0","0","0","0","0","1","0","","67","10","2020","7","40.056794","-75.031097","2032","6","0","0","0","0","0","2","0","0","","1","0","0","20","3","1","N","2","0","40 03:24.460","","0","75 01:51.950","1","0","0","0","67301","0","0","0","N","0","0","0","4","67301","0","2","1.0","","1","N","N","N","0","0","0","0","1","3","2","","2030","3","1","0","0","0","1","0","2","0","3","0","0","0","3","03","","N","","","","","","","","","",""
"2020089164","1538","0","0","0","0","0","0","0","0","0","8","0","","67","10","2020","6","39.988753","-75.133386","1525","6","0","0","0","0","0","0","0","0","","0","0","0","14","1","1","N","0","0","39 59:19.510","","0","75 08:00.190","8","0","0","0","67301","1","0","0","N","1","0","0","2","67301","0","","1.0","","1","N","N","N","0","","0","0","0","0","0","","1430","2","1","0","0","0","1","0","2","0","1","1","0","0","3","03","","N","","","","","","","","","",""
"2020099931","1249","0","0","0","0","0","0","0","0","0","4","0","","67","11","2020","5","40.043155","-75.16721","1113","6","0","0","0","0","0","0","0","1","","0","0","0","10","1","2","","1","0","40 02:35.358","","0","75 10:01.956","3","0","0","0","67301","0","0","0","N","0","0","0","4","67301","0","","1.0","","1","N","N","N","0","","2","0","1","2","2","","1030","2","2","0","0","0","0","2","2","1","2","0","0","0","3","03","","N","","","","","","","","","",""
"2020093307","1555","1","0","0","0","0","0","1","0","0","5","1","","67","10","2020","1","40.050112","-75.064063","1545","6","0","0","0","0","0","0","0","0","","0","0","0","15","1","1","N","1","0","40 03:00.403","","0","75 03:50.627","8","0","0","0","67301","0","0","0","N","0","0","0","2","67508","0","","1.0","","1","N","N","Y","0","","0","0","0","3","2","","1545","2","1","0","0","0","1","0","2","0","2","0","0","0","3","03","","N","","","","","","","","","",""
"2020054787","1730","1","0","0","0","0","0","0","0","0","7","0","","67","7","2020","1","40.038994","-75.148557","1728","6","0","0","0","0","0","1","0","0","","0","0","0","16","1","1","","2","0","40 02:20.379","","0","75 08:54.805","8","0","0","0","67301","0","0","0","N","0","0","0","1","67301","0","","4.0","","1","N","N","N","0","","0","0","0","3","3","","1654","1","1","0","0","0","1","0","2","0","1","0","0","0","3","03","","N","","","","","","","","","",""
"2020058007","0307","1","0","0","0","0","0","0","0","0","7","0","","67","7","2020","4","40.027588","-75.087103","0303","6","0","0","0","0","0","0","0","0","","0","0","0","2","3","0","","1","0","40 01:39.316","","0","75 05:13.570","9","0","0","0","67301","0","0","0","N","0","0","0","1","67301","0","","5.0","","1","N","N","N","0","","0","0","0","3","3","","245","1","0","0","0","0","0","1","2","0","1","0","0","0","3","","","N","","","","","","","","","",""
"2020103330","1910","1","0","0","0","0","0","0","0","0","5","0","","67","11","2020","6","39.898841","-75.170987","1904","6","0","0","0","0","0","0","0","0","","0","0","0","18","3","0","N","6","0","39 53:55.828","","2","75 10:15.552","9","0","0","0","67301","0","0","0","N","0","0","0","2","68K01","0","","1.0","","1","N","N","N","1","","0","0","0","3","3","","1858","2","0","0","0","0","0","1","2","0","2","0","0","0","3","03","","N","","","","","","","","","",""
"2020057680","2000","0","0","0","0","0","0","0","0","0","7","0","","67","7","2020","3","40.051915","-75.185401","2000","6","0","0","0","0","0","0","0","0","","0","0","0","20","1","0","N","0","0","40 03:06.894","","0","75 11:07.445","0","0","0","0","67301","0","0","0","N","0","0","0","1","67301","0","","5.0","","1","N","N","N","0","","0","0","1","3","2","","2000","1","0","0","0","0","0","0","2","0","1","0","0","0","3","03","","N","","","","","","","","","",""
"2020062700","1641","2","0","0","0","0","0","0","0","0","6","0","","67","8","2020","4","39.974133","-75.204317","1629","6","0","0","0","0","0","0","0","0","","0","0","0","16","1","0","","1","1","39 58:26.878","6","0","75 12:15.541","0","0","0","0","67301","0","0","0","N","0","0","0","2","67301","0","","1.0","1709.0","1","N","N","N","0","","0","0","0","3","2","N","1627","2","0","0","0","0","0","0","2","0","2","0","0","0","3","03","","N","","","","","","","","","",""
"2020058511","2155","1","0","0","0","0","0","0","0","0","6","0","","67","7","2020","1","40.010444","-75.099669","2150","6","0","0","0","0","1","1","0","0","","0","0","0","21","4","1","N","0","0","40 00:37.600","","0","75 05:58.810","3","0","0","0","67301","0","0","0","N","0","0","0","4","67301","0","","1.0","","1","N","N","Y","0","","1","0","2","0","0","","2150","3","1","0","0","0","0","0","2","0","3","0","0","0","3","03","","N","","","","","","","","","",""
"2020087165","","1","0","0","0","0","0","0","0","0","5","0","","67","7","2020","7","40.031066","-75.104539","","6","0","0","0","0","0","0","0","0","","0","0","0","16","1","1","N","0","0","40 01:51.838","","0","75 06:16.339","3","0","0","0","67301","0","0","0","N","0","0","0","2","00000","0","","1.0","","1","","","N","1","","1","0","0","0","0","","1630","2","1","0","0","0","0","0","2","0","2","0","0","0","3","","","N","","","","","","","","","",""
"2020057760","1815","2","0","0","0","0","0","0","0","0","4","0","","67","7","2020","1","40.00128","-75.126054","1757","6","0","0","0","0","0","1","0","0","","0","0","0","15","1","1","","1","0","40 00:04.608","","0","75 07:33.794","3","0","0","0","67301","0","0","0","N","0","0","0","3","67301","0","","1.0","","99","N","N","N","0","","1","0","0","3","3","","1530","2","1","0","0","0","0","2","2","0","2","0","0","0","3","","","N","","","","","","","","","",""
"2020056667","0835","2","0","0","0","0","0","0","0","0","5","0","","67","7","2020","7","39.985774","-75.162893","0831","6","0","0","0","0","0","1","0","0","","0","0","0","8","1","0","N","0","0","39 59:08.787","","0","75 09:46.415","0","0","0","0","67301","0","0","0","N","0","0","0","1","67301","0","","6.0","","1","N","N","N","0","","0","0","2","0","0","","825","4","0","0","0","0","0","0","2","0","4","0","0","0","3","03","","N","","","","","","","","","",""
"2020104447","1645","1","0","0","0","0","0","0","0","0","1","0","","67","11","2020","6","40.052527","-74.987686","1636","6","0","0","0","0","0","0","0","0","","0","0","0","16","3","1","N","0","0","40 03:09.096","","0","74 59:15.668","3","0","0","0","67301","0","0","0","N","0","0","0","2","68K01","0","","1.0","","1","N","N","N","0","","1","0","0","0","0","","1634","2","1","0","0","0","0","1","2","0","2","0","0","0","3","03","","N","","","","","","","","","",""
"2020058423","1024","2","0","0","0","0","0","0","0","0","1","0","","67","7","2020","5","40.034739","-75.033022","1021","6","0","0","0","0","0","0","0","0","","0","0","0","10","1","0","N","0","0","40 02:05.060","","0","75 01:58.880","0","0","0","0","67301","0","0","0","N","0","0","0","2","67301","0","","1.0","","1","N","N","N","0","","0","0","0","0","0","","1021","2","0","0","0","0","0","0","2","0","2","0","0","0","4","","","N","","","","","","","","","",""
"2020059368","0051","2","0","0","0","0","0","0","0","0","1","0","","67","7","2020","4","39.969622","-75.1923","0051","6","0","0","0","0","0","0","0","0","","0","0","0","0","3","1","N","0","1","39 58:10.639","4","0","75 11:32.281","3","0","0","0","67301","0","0","0","N","0","0","0","2","68K01","0","","1.0","25.0","1","N","N","N","0","","1","0","0","0","0","N","39","2","1","0","0","0","0","0","2","0","2","0","0","0","3","03","","N","","","","","","","","","",""
"2020103329","1842","1","0","0","0","0","0","0","0","0","1","0","","67","11","2020","6","39.959807","-75.177279","1836","6","0","0","0","0","0","0","0","0","","0","0","0","18","3","2","N","0","0","39 57:35.304","","0","75 10:38.206","3","0","0","0","67301","0","0","0","N","0","0","0","3","68K01","0","","1.0","","1","N","N","N","0","","2","0","0","0","0","","1831","2","2","0","0","0","0","1","2","0","2","0","0","0","3","","","N","","","","","","","","","",""
"2020063517","1735","1","0","0","0","0","0","0","0","0","4","0","","67","7","2020","1","39.970899","-75.230669","1731","6","0","0","0","0","1","0","0","0","","0","0","0","17","1","4","","1","0","39 58:15.236","","0","75 13:50.408","3","0","0","0","67301","0","0","0","N","0","0","0","5","67301","2","","1.0","","1","N","N","N","0","","2","0","1","3","2","","1730","2","4","0","0","0","0","0","2","0","2","0","0","0","3","03","","N","","","","","","","","","",""
"2020057757","2016","1","0","0","0","0","0","0","0","0","4","0","","67","7","2020","5","39.995994","-75.13388","2016","6","0","0","0","0","0","0","0","0","","0","0","0","20","1","0","","1","0","39 59:45.578","","0","75 08:01.967","0","0","0","0","67301","0","0","0","N","0","0","0","2","67301","0","","1.0","","1","N","N","Y","0","","0","0","1","3","2","","2016","2","0","0","0","0","0","0","2","0","2","0","0","0","3","03","","N","","","","","","","","","",""
"2020056661","1750","2","0","0","0","0","0","0","0","0","5","0","","67","7","2020","6","39.96243","-75.246768","1748","6","0","0","0","0","0","0","0","0","","0","0","0","17","1","0","N","0","0","39 57:44.747","","0","75 14:48.365","9","0","0","0","67301","0","0","0","N","0","0","0","3","67301","0","","1.0","","1","N","N","N","0","","0","0","0","0","0","","1743","3","0","0","0","0","0","1","2","0","3","0","0","0","3","03","","N","","","","","","","","","",""
"2020063179","1520","1","0","0","0","0","0","0","0","0","1","0","","67","7","2020","6","39.958676","-75.168198","1520","6","0","0","0","0","0","0","1","0","","0","0","0","15","1","0","N","0","1","39 57:31.235","4","0","75 10:05.514","0","0","0","0","67301","0","0","0","N","0","0","0","2","68K01","0","","1.0","1550.0","9","N","N","N","0","","0","0","1","0","0","Y","1520","2","0","0","0","0","0","0","2","0","2","0","0","0","7","","","N","","","","","","","","","",""
"2020057752","0915","1","0","0","0","0","0","0","0","0","4","0","","67","7","2020","3","40.038119","-75.054634","0904","6","0","0","0","0","0","0","0","0","","0","0","0","9","1","0","","1","0","40 02:17.228","","0","75 03:16.682","0","0","0","0","67301","0","0","0","N","0","0","0","2","67301","0","","1.0","","1","N","N","N","1","","0","0","0","3","2","","902","2","0","0","0","0","0","0","2","0","2","0","0","0","3","","","N","","","","","","","","","",""