"CRN","ARRIVAL_TM","AUTOMOBILE_COUNT","BELTED_DEATH_COUNT","BELTED_SUSP_SERIOUS_INJ_COUNT","BICYCLE_COUNT","BICYCLE_DEATH_COUNT","BICYCLE_SUSP_SERIOUS_INJ_COUNT","BUS_COUNT","CHLDPAS_DEATH_COUNT","CHLDPAS_SUSP_SERIOUS_INJ_COUNT","COLLISION_TYPE","COMM_VEH_COUNT","CONS_ZONE_SPD_LIM","COUNTY","CRASH_MONTH","CRASH_YEAR","DAY_OF_WEEK","DEC_LATITUDE","DEC_LONGITUDE","DISPATCH_TM","DISTRICT","DRIVER_COUNT_16YR","DRIVER_COUNT_17YR","DRIVER_COUNT_18YR","DRIVER_COUNT_19YR","DRIVER_COUNT_20YR","DRIVER_COUNT_50_64YR","DRIVER_COUNT_65_74YR","DRIVER_COUNT_75PLUS","EST_HRS_CLOSED","FATAL_COUNT","HEAVY_TRUCK_COUNT","HORSE_BUGGY_COUNT","HOUR_OF_DAY","ILLUMINATION","INJURY_COUNT","INTERSECTION_RELATED","INTERSECT_TYPE","LANE_CLOSED","LATITUDE","LN_CLOSE_DIR","LOCATION_TYPE","LONGITUDE","MAX_SEVERITY_LEVEL","MCYCLE_DEATH_COUNT","MCYCLE_SUSP_SERIOUS_INJ_COUNT","MOTORCYCLE_COUNT","MUNICIPALITY","NONMOTR_COUNT","NONMOTR_DEATH_COUNT","NONMOTR_SUSP_SERIOUS_INJ_COUNT","NTFY_HIWY_MAINT","PED_COUNT","PED_DEATH_COUNT","PED_SUSP_SERIOUS_INJ_COUNT","PERSON_COUNT","POLICE_AGCY","POSSIBLE_INJ_COUNT","RDWY_SURF_TYPE_CD","RELATION_TO_ROAD","ROADWAY_CLEARED","ROAD_CONDITION","SCH_BUS_IND","SCH_ZONE_IND","SECONDARY_CRASH","SMALL_TRUCK_COUNT","SPEC_JURIS_CD","SUSP_MINOR_INJ_COUNT","SUSP_SERIOUS_INJ_COUNT","SUV_COUNT","TCD_FUNC_CD","TCD_TYPE","TFC_DETOUR_IND","TIME_OF_DAY","TOTAL_UNITS","TOT_INJ_COUNT","UNBELTED_OCC_COUNT","UNB_DEATH_COUNT","UNB_SUSP_SERIOUS_INJ_COUNT","UNK_INJ_DEG_COUNT","UNK_INJ_PER_COUNT","URBAN_RURAL","VAN_COUNT","VEHICLE_COUNT","VULNERABLE_ROAD_USER_COUNT","VULNERABLE_ROAD_USER_DEATH_COUNT","VULNERABLE_ROAD_USER_SER_INJ_COUNT","WEATHER1","WEATHER2","WORKERS_PRES","WORK_ZONE_IND","WORK_ZONE_LOC","WORK_ZONE_TYPE","WZ_CLOSE_DETOUR","WZ_FLAGGER","WZ_LAW_OFFCR_IND","WZ_LN_CLOSURE","WZ_MOVING","WZ_OTHER","WZ_SHLDER_MDN","WZ_WORKERS_INJ_KILLED"
"2020103084","0503","1","0","0","0","0","0","0","0","0","1","0","","67","11","2020","6","40.031612","-75.021503","0503","6","0","0","0","0","0","0","0","0","","0","0","0","4","3","1","N","0","1","40 01:53.803","2","0","75 01:17.410","4","0","0","0","67301","0","0","0","N","0","0","0","2","68K01","1","","1.0","520.0","9","N","N","Y","1","","0","0","0","0","0","N","447","2","1","0","0","0","0","0","2","0","2","0","0","0","7","","","N","","","","","","","","","",""
"2020102508","1927","0","0","0","0","0","0","0","0","0","7","0","","67","11","2020","1","39.962661","-75.149594","1927","6","0","0","0","0","0","0","0","0","","0","0","0","19","3","0","N","0","0","39 57:45.580","","0","75 08:58.540","0","0","0","0","67301","0","0","0","N","0","0","0","0","67301","0","","5.0","","1","N","N","N","0","","0","0","1","0","0","","1920","1","0","0","0","0","0","0","2","0","1","0","0","0","3","03","","N","","","","","","","","","",""
"2020048917","1716","1","0","0","0","0","0","0","0","0","4","0","","67","6","2020","2","40.043906","-75.078573","1712","6","0","0","0","0","1","1","0","0","","0","0","0","17","1","2","","1","0","40 02:38.062","","0","75 04:42.861","3","0","0","0","67301","0","0","0","N","0","0","0","3","67301","0","","1.0","","1","N","N","N","1","","2","0","0","3","3","","1703","2","2","0","0","0","0","0","2","0","2","0","0","0","3","","","N","","","","","","","","","",""
"2020059358","0756","1","0","0","0","0","0","0","0","0","1","0","","67","7","2020","3","39.996889","-75.082444","0718","6","0","0","0","0","0","0","0","0","","0","0","0","7","1","0","","6","0","39 59:48.800","","2","75 04:56.800","0","0","0","0","67301","0","0","0","N","0","0","0","3","68K01","0","","7.0","","1","N","N","N","0","","0","0","0","0","0","","710","2","0","0","0","0","0","0","2","1","2","0","0","0","3","03","","N","","","","","","","","","",""
"2020057854","0409","0","0","0","0","0","0","0","0","0","8","0","","67","7","2020","3","39.995873","-75.154172","0403","6","0","0","0","0","0","0","0","0","","0","0","0","22","3","1","N","0","0","39 59:45.143","","0","75 09:15.020","3","0","0","0","67301","1","0","0","N","1","0","0","2","67301","0","","1.0","","1","N","N","N","0","","1","0","0","0","0","","2229","2","1","0","0","0","0","0","2","0","1","1","0","0","3","03","","N","","","","","","","","","",""
"2020059382","1011","0","0","0","0","0","0","0","0","0","7","0","","67","7","2020","5","39.887434","-75.204445","1003","6","0","0","0","0","0","0","1","0","","0","0","0","10","1","0","N","0","1","39 53:14.763","2","0","75 12:16.003","0","0","0","0","67301","0","0","0","N","0","0","0","1","68K01","0","","4.0","45.0","9","N","N","N","1","","0","0","0","0","0","N","1001","1","0","0","0","0","0","0","2","0","1","0","0","0","7","","","N","","","","","","","","","",""
"2020058319","1916","1","0","0","0","0","0","0","0","0","4","0","","67","7","2020","2","39.929937","-75.183607","1915","6","0","0","0","0","0","0","0","0","","0","0","0","19","1","0","","1","2","39 55:47.773","4","0","75 11:00.985","0","0","0","0","67301","0","0","0","N","0","0","0","1","67301","0","","1.0","1940.0","1","N","N","N","0","","0","0","2","3","3","N","1911","3","0","1","0","0","0","0","2","0","3","0","0","0","3","03","","N","","","","","","","","","",""
"2020058612","1802","2","0","0","0","0","0","0","0","0","4","0","","67","7","2020","5","40.044526","-75.230033","1801","6","0","0","0","0","0","1","0","0","","0","0","0","18","1","0","N","0","1","40 02:40.292","1","0","75 13:48.119","0","0","0","0","67301","0","0","0","N","0","0","0","2","67301","0","","1.0","605.0","1","N","N","N","0","","0","0","0","0","0","N","1800","2","0","0","0","0","0","0","2","0","2","0","0","0","3","","","N","","","","","","","","","",""
"2020056293","1135","1","0","0","0","0","0","0","0","0","5","0","","67","7","2020","6","39.972783","-75.159081","1130","6","0","0","0","0","0","0","0","0","","0","0","0","11","1","0","N","0","1","39 58:22.019","1","0","75 09:32.692","0","0","0","0","67301","0","0","0","N","0","0","0","2","67505","0","","1.0","59.0","1","N","N","N","0","","0","0","1","0","0","N","1125","2","0","0","0","0","0","0","2","0","2","0","0","0","3","03","","N","","","","","","","","","",""
"2020056925","1608","0","0","0","1","0","0","0","0","0","8","0","","67","7","2020","7","40.039603","-75.063189","1558","6","0","0","0","0","0","1","0","0","","0","0","0","15","1","1","N","0","1","40 02:22.570","2","0","75 03:47.480","8","0","0","0","67301","1","0","0","N","0","0","0","2","67301","0","","1.0","1436.0","1","N","N","N","0","","0","0","1","0","0","N","1553","2","1","0","0","0","1","0","2","0","1","1","0","0","3","03","","N","","","","","","","","","",""
"2020057746","1500","0","0","0","0","0","0","0","0","0","7","0","","67","7","2020","7","39.932353","-75.218997","1423","6","0","0","0","0","0","0","0","0","","0","0","0","14","1","2","N","0","1","39 55:56.470","6","1","75 13:08.390","4","0","0","0","67301","0","0","0","N","0","0","0","2","67301","2","","4.0","1600.0","1","N","N","N","0","","0","0","1","0","0","N","1420","2","2","0","0","0","0","0","2","0","1","0","0","0","3","03","","N","","","","","","","","","",""
"2020058086","1220","0","0","0","0","0","0","0","0","0","4","0","","67","7","2020","4","39.948933","-75.239447","1217","6","0","0","0","0","0","0","0","0","","0","0","0","12","1","1","","1","0","39 56:56.158","","0","75 14:22.009","3","0","0","0","67301","0","0","0","N","0","0","0","2","67301","0","","1.0","","1","N","N","N","0","","1","0","2","3","3","","1207","2","1","0","0","0","0","1","2","0","2","0","0","0","3","","","N","","","","","","","","","",""
"2020057654","2028","1","0","0","0","0","0","0","0","0","4","0","","67","7","2020","7","40.063974","-75.059602","2025","6","0","0","0","0","0","0","0","0","","0","0","0","20","1","1","","1","0","40 03:50.306","","0","75 03:34.568","8","0","0","1","67301","0","0","0","N","0","0","0","2","67301","0","","1.0","","1","N","N","N","0","","0","0","0","3","3","","2025","2","1","1","0","0","1","0","2","0","2","0","0","0","3","03","","N","","","","","","","","","",""
"2020056658","0249","5","0","0","0","0","0","0","0","0","5","0","","67","7","2020","7","39.963748","-75.224339","0239","6","0","0","0","0","0","0","0","0","","0","0","0","2","3","0","N","0","1","39 57:49.492","1","0","75 13:27.622","0","0","0","0","67301","0","0","0","N","0","0","0","1","67301","0","","6.0","30.0","1","N","N","N","0","","0","0","2","0","0","N","223","7","0","0","0","0","0","0","2","0","7","0","0","0","3","03","","N","","","","","","","","","",""
"2020103259","1315","2","0","0","0","0","0","0","0","0","1","0","","67","10","2020","4","39.956794","-75.153716","1308","6","0","0","0","0","0","0","0","0","","0","0","0","13","1","0","N","0","0","39 57:24.459","","0","75 09:13.376","0","0","0","0","67301","0","0","0","N","0","0","0","2","68K01","0","","1.0","","1","N","N","N","0","","0","0","0","0","0","","1304","2","0","0","0","0","0","0","2","0","2","0","0","0","3","","","N","","","","","","","","","",""
"2020059492","0733","0","0","0","0","0","0","0","0","0","1","0","45","67","7","2020","7","39.961078","-75.182309","0733","6","0","0","0","0","0","0","0","0","","0","0","0","7","1","0","N","0","0","39 57:39.882","","0","75 10:56.312","0","0","0","0","67301","0","0","0","N","0","0","0","4","68K01","0","","1.0","","1","N","N","N","2","","0","0","0","0","0","","732","2","0","0","0","0","0","0","2","0","2","0","0","0","3","","N","Y","4","2","Y","","N","","","","","N"
"2020104448","1021","1","0","0","0","0","0","0","0","0","98","0","","67","11","2020","7","39.998364","-75.19585","1009","6","0","0","0","0","0","0","0","1","","0","0","0","10","1","0","N","0","0","39 59:54.109","","0","75 11:45.059","0","0","0","0","67301","0","0","0","N","0","0","0","1","68K01","0","","1.0","","1","N","N","N","0","","0","0","0","0","0","","1006","1","0","0","0","0","0","0","2","0","1","0","0","0","3","","","N","","","","","","","","","",""
"2020060517","1735","0","0","0","0","0","0","0","0","0","4","0","","67","7","2020","4","39.928117","-75.219415","1730","6","0","0","0","0","0","1","0","0","","0","0","0","16","1","1","","1","0","39 55:41.222","","0","75 13:09.894","4","0","0","0","67301","0","0","0","N","0","0","0","5","67301","1","","1.0","","1","N","N","N","0","","0","0","2","3","2","","1651","2","1","0","0","0","0","0","2","0","2","0","0","0","3","03","","N","","","","","","","","","",""
"2020063265","1355","1","0","0","0","0","0","0","0","0","7","0","","67","7","2020","6","39.926173","-75.194408","1343","6","0","0","0","0","0","0","1","0","","0","0","0","13","1","1","N","0","2","39 55:34.222","3","0","75 11:39.870","8","0","0","0","67301","0","0","0","N","0","0","0","1","68K01","0","","4.0","1430.0","1","N","N","N","0","","0","0","0","0","0","N","1343","1","1","0","0","0","1","0","2","0","1","0","0","0","3","","","N","","","","","","","","","",""
"2020102215","0125","1","0","0","0","0","0","0","0","0","6","0","","67","11","2020","7","40.050613","-75.177455","0114","6","0","0","0","0","0","0","0","0","","0","0","0","0","3","1","","1","0","40 03:02.208","","0","75 10:38.837","8","0","0","0","67301","0","0","0","N","0","0","0","3","67301","0","","1.0","","1","N","N","N","0","","0","0","0","3","2","","50","2","1","0","0","0","1","2","2","0","2","0","0","0","3","03","","N","","","","","","","","","",""
"2020102387","1406","1","0","0","0","0","0","0","0","0","1","0","","67","11","2020","5","39.973456","-75.119565","1406","6","0","0","0","0","0","0","0","0","","0","0","0","13","1","4","N","0","1","39 58:24.443","1","0","75 07:10.433","8","0","0","0","67301","0","0","0","N","0","0","0","4","68K01","0","","1.0","1430.0","1","N","N","N","0","","0","0","1","0","0","N","1348","2","4","0","0","0","4","0","2","0","2","0","0","0","3","03","","N","","","","","","","","","",""
"2020103009","2202","1","0","0","0","0","0","0","0","0","5","0","","67","11","2020","7","39.957066","-75.154527","2202","6","0","0","0","0","0","0","0","0","","0","0","0","21","3","1","N","0","0","39 57:25.437","","0","75 09:16.296","8","0","0","0","67301","0","0","0","N","0","0","0","3","67301","0","","1.0","","1","N","N","N","0","","0","0","1","0","0","","2155","2","1","0","0","0","1","0","2","0","2","0","0","0","3","03","","N","","","","","","","","","",""
"2020050404","0120","0","0","0","0","0","0","0","0","0","4","0","","67","6","2020","7","39.966748","-75.211089","0117","6","0","0","0","0","0","0","1","0","","0","0","0","1","3","0","","1","0","39 58:00.292","","0","75 12:39.920","0","0","0","0","67301","0","0","0","N","0","0","0","2","67301","0","","1.0","","1","N","N","N","0","","0","0","2","1","2","","106","2","0","0","0","0","0","0","2","0","2","0","0","0","3","","","N","","","","","","","","","",""
"2020103021","2225","1","0","0","0","0","0","0","0","0","2","0","","67","11","2020","1","40.005931","-75.113497","2224","6","0","0","0","0","0","0","0","0","","0","1","0","22","3","2","","2","0","40 00:21.351","","0","75 06:48.588","3","0","0","0","67301","0","0","0","N","0","0","0","2","67301","0","","1.0","","9","N","N","N","0","","2","0","1","3","3","","2217","3","2","0","0","0","0","0","2","0","3","0","0","0","7","","","N","","","","","","","","","",""
"2020103948","0030","0","0","0","0","0","0","0","0","0","8","0","","67","11","2020","7","40.021723","-75.125668","0026","6","0","0","0","0","0","0","0","0","","0","0","0","19","3","1","","1","0","40 01:18.202","","0","75 07:32.404","8","0","0","0","67301","1","0","0","N","1","0","0","1","67301","0","","9.0","","1","N","N","N","0","","0","0","0","3","2","","1900","2","1","0","0","0","1","0","2","0","1","1","0","0","3","03","","N","","","","","","","","","",""
"2020091351","0024","1","0","0","0","0","0","0","0","0","5","1","","67","10","2020","2","40.02425","-75.156889","0023","6","0","0","0","0","0","0","0","0","","0","1","0","0","3","0","N","0","0","40 01:27.300","","0","75 09:24.800","0","0","0","0","67301","0","0","0","N","0","0","0","1","67301","0","","6.0","","9","N","N","N","0","","0","0","0","0","0","","15","2","0","0","0","0","0","0","2","0","2","0","0","0","7","04","","N","","","","","","","","","",""
"2020103333","0044","1","0","0","0","0","0","0","0","0","5","0","45","67","11","2020","7","40.034251","-75.019671","0044","6","0","0","0","0","0","0","0","0","","0","0","0","0","3","0","N","0","1","40 02:03.305","2","0","75 01:10.815","0","0","0","0","67301","0","0","0","N","0","0","0","2","68K01","0","","1.0","115.0","1","N","N","N","0","","0","0","1","0","0","N","28","2","0","0","0","0","0","0","2","0","2","0","0","0","3","","Y","Y","2","1","N","N","Y","Y","N","N","Y","N"
"2020103523","1710","2","0","0","0","0","0","0","0","0","4","0","","67","12","2020","3","39.951233","-75.245506","1706","6","0","0","0","0","0","0","0","0","","0","0","0","16","4","2","N","0","0","39 57:04.440","","0","75 14:43.820","4","0","0","0","67301","0","0","0","N","0","0","0","3","67301","2","","1.0","","1","N","N","N","0","","0","0","0","0","0","","1659","3","2","0","0","0","0","1","2","0","3","0","0","0","3","","","N","","","","","","","","","",""
"2020059198","1047","0","0","0","0","0","0","0","0","0","0","0","","67","7","2020","5","39.909111","-75.151667","1046","6","0","0","0","0","0","1","0","0","","0","0","0","10","1","0","N","0","1","39 54:32.800","4","3","75 09:06.000","0","0","0","0","67301","0","0","0","N","0","0","0","3","67501","0","","1.0","1155.0","1","N","N","N","0","","0","0","1","3","8","N","1044","1","0","0","0","0","0","0","2","0","1","0","0","0","3","03","","N","","","","","","","","","",""
"2020049012","1835","0","0","0","0","0","0","0","0","0","8","0","","67","6","2020","2","39.983856","-75.125906","1829","6","0","0","0","0","0","0","0","0","","0","0","0","18","1","1","N","0","0","39 59:01.880","","0","75 07:33.260","3","0","0","0","67301","1","0","0","N","0","0","0","2","67301","0","","1.0","","1","N","N","N","0","","1","0","0","0","0","","1811","2","1","0","0","0","0","0","2","0","1","1","0","0","3","03","","N","","","","","","","","","",""
"2020050259","1644","1","0","0","0","0","0","0","0","0","7","0","","67","6","2020","4","39.892269","-75.242281","1644","6","0","0","0","0","0","0","0","0","","0","0","0","16","1","1","","2","0","39 53:32.170","","0","75 14:32.210","3","0","0","0","67301","0","0","0","N","0","0","0","1","67301","0","","4.0","","1","N","N","N","0","","1","0","0","3","2","","1634","1","1","0","0","0","0","0","2","0","1","0","0","0","3","03","","N","","","","","","","","","",""
"2020104060","0740","1","0","0","0","0","0","1","0","0","1","1","","67","11","2020","1","39.943837","-75.237832","0730","6","0","0","0","0","0","0","0","0","","0","0","0","7","2","1","","1","0","39 56:37.813","","0","75 14:16.195","4","0","0","0","67301","0","0","0","N","0","0","0","2","67508","1","","1.0","","9","N","N","Y","0","","0","0","0","3","2","","730","2","1","0","0","0","0","0","2","0","2","0","0","0","7","07","","N","","","","","","","","","",""
"2020056791","2349","0","0","0","0","0","0","0","0","0","7","0","","67","7","2020","7","40.067861","-75.073111","2341","6","0","0","0","0","0","0","0","0","","0","0","0","23","3","0","N","0","0","40 04:04.300","","0","75 04:23.200","0","0","0","0","67301","0","0","0","N","0","0","0","1","67301","0","","5.0","","1","N","N","N","0","","0","0","1","0","0","","2340","1","0","0","0","0","0","0","2","0","1","0","0","0","3","","","N","","","","","","","","","",""
"2020057744","0022","1","0","0","0","0","0","0","0","0","5","0","","67","7","2020","4","39.943131","-75.152936","0022","6","0","0","0","0","0","0","0","0","","0","0","0","0","3","0","N","0","0","39 56:35.270","","0","75 09:10.570","0","0","0","0","67301","0","0","0","N","0","0","0","1","67301","0","","6.0","","1","N","N","N","0","","0","0","3","0","0","","19","4","0","1","0","0","0","0","2","0","4","0","0","0","3","03","","N","","","","","","","","","",""
"2020076688","1527","1","0","0","0","0","0","0","0","0","7","0","","67","7","2020","3","39.945343","-75.142647","1527","6","0","0","0","0","0","0","0","0","","0","0","0","15","1","1","N","0","0","39 56:43.235","","0","75 08:33.528","8","0","0","0","67301","0","0","0","N","0","0","0","1","68K01","0","","2.0","","1","N","N","N","0","","0","0","0","0","0","","1527","1","1","0","0","0","1","0","2","0","1","0","0","0","3","","","N","","","","","","","","","",""
"2020057682","2315","1","0","0","0","0","0","0","0","0","5","0","","67","7","2020","2","40.047951","-75.113109","2315","6","0","0","0","1","0","0","0","0","","0","0","0","21","3","0","N","0","0","40 02:52.623","","0","75 06:47.192","9","0","0","0","67301","0","0","0","N","0","0","0","2","67301","0","","1.0","","1","N","N","N","0","","0","0","1","0","0","","2155","2","0","0","0","0","0","1","2","0","2","0","0","0","3","03","","N","","","","","","","","","",""
"2020059288","1520","0","0","0","0","0","0","0","0","0","3","0","","67","7","2020","1","39.921508","-75.17037","1515","6","0","0","0","0","0","1","0","0","","0","0","0","15","1","1","N","0","1","39 55:17.429","2","7","75 10:13.332","4","0","0","0","67301","0","0","0","N","0","0","0","5","67301","1","","1.0","1600.0","1","N","N","N","0","","0","0","0","0","0","N","1515","2","1","1","0","0","0","0","2","2","2","0","0","0","3","03","","N","","","","","","","","","",""
"2020058201","0714","2","0","0","0","0","0","0","0","0","4","0","","67","7","2020","5","39.954583","-75.172983","0710","6","0","0","0","0","0","0","0","0","","0","0","0","6","5","1","","1","0","39 57:16.499","","0","75 10:22.738","3","0","0","0","67301","0","0","0","N","0","0","0","3","67301","0","","1.0","","1","N","N","N","0","","1","0","0","3","2","","610","2","1","0","0","0","0","0","2","0","2","0","0","0","4","03","","N","","","","","","","","","",""
"2020058398","0428","0","0","0","0","0","0","0","0","0","5","0","","67","7","2020","6","39.983387","-75.15813","0428","6","0","0","0","0","0","0","0","0","","0","0","0","4","3","2","N","0","2","39 59:00.194","4","0","75 09:29.267","8","0","0","0","67301","0","0","0","N","0","0","0","2","67505","0","","6.0","700.0","9","N","N","N","1","","0","0","1","0","0","Y","425","2","2","0","0","0","2","0","2","0","2","0","0","0","7","","","N","","","","","","","","","",""
"2020098012","0117","0","0","0","0","0","0","0","0","0","1","0","","67","11","2020","6","40.022983","-75.197458","0116","6","0","0","0","0","0","0","0","0","","0","0","0","1","3","0","N","0","0","40 01:22.740","","0","75 11:50.850","0","0","0","0","67301","0","0","0","N","0","0","0","2","67301","0","","1.0","","1","N","N","N","0","","0","0","2","0","0","","115","2","0","2","0","0","0","0","2","0","2","0","0","0","3","","","N","","","","","","","","","",""
"2020104392","0310","0","0","0","0","0","0","0","0","0","6","0","","67","12","2020","6","39.92255","-75.230738","0259","6","0","0","0","0","0","0","0","0","","0","0","0","2","3","0","N","0","0","39 55:21.180","","0","75 13:50.658","0","0","0","0","67301","0","0","0","N","0","0","0","1","67301","0","","1.0","","1","N","N","N","0","","0","0","4","0","0","","250","4","0","0","0","0","0","0","2","0","4","0","0","0","3","03","","N","","","","","","","","","",""
"2020100448","1010","1","0","0","0","0","0","0","0","0","8","0","","67","11","2020","1","40.078924","-75.025338","1009","6","0","0","0","0","0","1","0","0","","0","0","0","10","1","1","","2","0","40 04:44.128","","0","75 01:31.218","3","0","0","0","67301","1","0","0","N","1","0","0","2","67301","0","","1.0","","1","N","N","N","0","","1","0","0","3","2","","1008","2","1","0","0","0","0","0","2","0","1","1","0","0","4","04","","N","","","","","","","","","",""
"2020058620","1600","1","0","0","0","0","0","0","0","0","4","0","","67","7","2020","4","40.054071","-75.155528","1600","6","0","0","0","0","0","0","0","0","","0","0","0","9","1","2","","1","0","40 03:14.655","","0","75 09:19.899","3","0","0","0","67301","0","0","0","N","0","0","0","3","67301","1","","1.0","","1","N","N","N","0","","1","0","1","3","3","","900","2","2","0","0","0","0","1","2","0","2","0","0","0","3","","","N","","","","","","","","","",""
"2020058348","2118","1","0","0","0","0","0","0","0","0","5","0","","67","7","2020","5","39.939497","-75.199858","2113","6","0","0","0","0","0","0","0","0","","0","0","0","21","3","0","N","0","0","39 56:22.190","","0","75 11:59.490","0","0","0","0","67301","0","0","0","N","0","0","0","1","67301","0","","6.0","","1","N","N","N","0","","0","0","0","0","0","","2113","2","0","0","0","0","0","0","2","0","2","0","0","0","3","03","","N","","","","","","","","","",""
"2020103182","1536","1","0","0","0","0","0","0","0","0","7","0","","67","11","2020","2","40.028949","-75.089525","1531","6","0","0","0","0","0","0","0","0","","1","0","0","15","1","1","N","1","2","40 01:44.217","6","0","75 05:22.290","1","0","0","0","67301","0","0","0","N","0","0","0","2","67301","0","2","3.0","1752.0","1","N","N","N","0","0","0","1","0","3","2","Y","1519","1","1","1","1","0","0","0","2","0","1","0","0","0","3","03","","N","","","","","","","","","",""
"2020102373","1744","0","0","0","0","0","0","0","0","0","5","1","","67","10","2020","6","40.042916","-75.003421","1739","6","0","0","0","0","0","1","0","0","","0","1","0","17","1","0","N","0","0","40 02:34.497","","0","75 00:12.315","0","0","0","0","67301","0","0","0","N","0","0","0","2","68K01","0","","1.0","","9","N","N","N","1","","0","0","0","0","0","","1737","2","0","0","0","0","0","0","2","0","2","0","0","0","7","03","","N","","","","","","","","","",""
"2020057751","2147","2","0","0","0","0","0","0","0","0","5","0","","67","7","2020","2","39.942635","-75.218728","2144","6","0","0","0","0","0","0","0","0","","0","0","0","21","3","2","N","0","2","39 56:33.487","7","0","75 13:07.422","3","0","0","0","67301","0","0","0","N","0","0","0","2","67301","0","","6.0","200.0","1","N","N","N","1","","1","0","0","0","0","Y","2143","3","2","0","0","0","1","0","2","0","3","0","0","0","3","98","","N","","","","","","","","","",""
"2020062821","0043","2","0","0","0","0","0","0","0","0","5","0","","67","8","2020","4","39.920706","-75.230817","0042","6","0","0","0","0","0","0","0","0","","0","0","0","23","3","0","N","0","0","39 55:14.540","","0","75 13:50.940","0","0","0","0","67301","0","0","0","N","0","0","0","1","67301","0","","6.0","","1","N","N","N","0","","0","0","1","0","0","","2349","3","0","0","0","0","0","0","2","0","3","0","0","0","3","","","N","","","","","","","","","",""
"2020078245","0704","1","0","0","0","0","0","0","0","0","1","0","","67","9","2020","4","39.983494","-75.097998","0646","6","0","0","0","0","0","1","0","0","","0","0","0","6","1","1","N","0","1","39 59:00.577","2","0","75 05:52.791","4","0","0","0","67301","0","0","0","N","0","0","0","2","68K01","1","","1.0","30.0","1","N","N","N","0","","0","0","1","0","0","N","645","2","1","0","0","0","0","0","2","0","2","0","0","0","3","","","N","","","","","","","","","",""
"2020010996","0135","1","0","0","0","0","0","0","0","0","7","0","","67","1","2020","2","40.036815","-75.069206","0130","6","0","1","0","0","0","0","0","0","","0","0","0","23","3","1","Y","0","0","40 02:12.533","","0","75 04:09.142","3","0","0","0","67301","0","0","0","N","0","0","0","1","67301","0","","5.0","","1","N","N","N","0","","1","0","0","0","0","","2340","1","1","0","0","0","0","0","2","0","1","0","0","0","3","03","","N","","","","","","","","","",""
"2020056664","0055","1","0","0","0","0","0","0","0","0","4","0","","67","7","2020","6","39.980865","-75.198942","0033","6","0","0","0","0","1","0","0","0","","0","0","0","23","3","2","N","0","0","39 58:51.115","","0","75 11:56.192","3","0","0","0","67301","0","0","0","N","0","0","0","3","67301","0","","1.0","","1","N","N","N","0","","2","0","1","0","0","","2359","2","2","0","0","0","0","0","2","0","2","0","0","0","3","03","","N","","","","","","","","","",""
"2020104026","0705","1","0","0","0","0","0","0","0","0","1","0","","67","12","2020","4","40.070681","-75.037225","0655","6","0","0","0","0","0","0","0","1","","0","0","0","6","3","0","N","0","0","40 04:14.450","","0","75 02:14.010","0","0","0","0","67301","0","0","0","N","0","0","0","1","67301","0","","4.0","","1","N","N","N","1","","0","0","0","0","0","","608","2","0","0","0","0","0","0","2","0","2","0","0","0","4","04","","N","","","","","","","","","",""
"2020103741","0402","1","0","0","0","0","0","0","0","0","4","0","","67","11","2020","1","40.012814","-75.160458","0400","6","0","0","0","0","0","0","0","0","","0","0","0","3","3","1","N","0","2","40 00:46.129","6","7","75 09:37.648","3","0","0","0","67301","0","0","0","N","0","0","0","2","67301","0","","1.0","500.0","1","N","N","N","0","","1","0","2","0","0","Y","359","3","1","0","0","0","0","0","2","0","3","0","0","0","3","03","","N","","","","","","","","","",""
"2020104036","2130","2","0","0","0","0","0","0","0","0","1","0","","67","12","2020","4","40.007865","-75.172261","2124","6","0","0","0","0","0","0","0","0","","0","0","0","20","3","0","","1","0","40 00:28.314","","0","75 10:20.141","0","0","0","0","67301","0","0","0","N","0","0","0","1","67301","0","","1.0","","1","N","N","N","0","","0","0","0","3","2","","2056","2","0","0","0","0","0","0","2","0","2","0","0","0","3","03","","N","","","","","","","","","",""
"2020059118","2130","0","0","0","0","0","0","0","0","0","7","0","","67","7","2020","3","40.104141","-74.992151","2121","6","0","0","0","0","0","0","0","0","","0","0","0","20","1","1","N","0","0","40 06:14.908","","0","74 59:31.744","3","0","0","0","67301","0","0","0","N","0","0","0","1","67301","0","","4.0","","1","N","N","N","0","","1","0","1","0","0","","2015","1","1","1","0","0","0","0","2","0","1","0","0","0","3","03","","N","","","","","","","","","",""
"2020058085","0200","2","0","0","0","0","0","0","0","0","5","0","","67","7","2020","5","40.060075","-75.150283","0200","6","0","0","0","0","0","0","0","0","","0","0","0","2","3","0","N","0","0","40 03:36.270","","0","75 09:01.020","0","0","0","0","67301","0","0","0","N","0","0","0","2","67301","0","","6.0","","1","N","N","N","0","","0","0","1","0","0","","200","3","0","0","0","0","0","0","2","0","3","0","0","0","3","03","","N","","","","","","","","","",""
"2020103826","2101","2","0","0","0","0","0","0","0","0","4","0","","67","11","2020","2","39.977621","-75.201153","2059","6","0","0","0","0","0","1","0","0","","0","0","0","20","3","0","N","0","0","39 58:39.435","","0","75 12:04.151","0","0","0","0","67301","0","0","0","N","0","0","0","2","68K01","0","","1.0","","1","N","N","N","0","","0","0","0","0","0","","2055","2","0","0","0","0","0","0","2","0","2","0","0","0","3","","","N","","","","","","","","","",""