"CRN","ARRIVAL_TM","AUTOMOBILE_COUNT","BELTED_DEATH_COUNT","BELTED_SUSP_SERIOUS_INJ_COUNT","BICYCLE_COUNT","BICYCLE_DEATH_COUNT","BICYCLE_SUSP_SERIOUS_INJ_COUNT","BUS_COUNT","CHLDPAS_DEATH_COUNT","CHLDPAS_SUSP_SERIOUS_INJ_COUNT","COLLISION_TYPE","COMM_VEH_COUNT","CONS_ZONE_SPD_LIM","COUNTY","CRASH_MONTH","CRASH_YEAR","DAY_OF_WEEK","DEC_LATITUDE","DEC_LONGITUDE","DISPATCH_TM","DISTRICT","DRIVER_COUNT_16YR","DRIVER_COUNT_17YR","DRIVER_COUNT_18YR","DRIVER_COUNT_19YR","DRIVER_COUNT_20YR","DRIVER_COUNT_50_64YR","DRIVER_COUNT_65_74YR","DRIVER_COUNT_75PLUS","EST_HRS_CLOSED","FATAL_COUNT","HEAVY_TRUCK_COUNT","HORSE_BUGGY_COUNT","HOUR_OF_DAY","ILLUMINATION","INJURY_COUNT","INTERSECTION_RELATED","INTERSECT_TYPE","LANE_CLOSED","LATITUDE","LN_CLOSE_DIR","LOCATION_TYPE","LONGITUDE","MAX_SEVERITY_LEVEL","MCYCLE_DEATH_COUNT","MCYCLE_SUSP_SERIOUS_INJ_COUNT","MOTORCYCLE_COUNT","MUNICIPALITY","NONMOTR_COUNT","NONMOTR_DEATH_COUNT","NONMOTR_SUSP_SERIOUS_INJ_COUNT","NTFY_HIWY_MAINT","PED_COUNT","PED_DEATH_COUNT","PED_SUSP_SERIOUS_INJ_COUNT","PERSON_COUNT","POLICE_AGCY","POSSIBLE_INJ_COUNT","RDWY_SURF_TYPE_CD","RELATION_TO_ROAD","ROADWAY_CLEARED","ROAD_CONDITION","SCH_BUS_IND","SCH_ZONE_IND","SECONDARY_CRASH","SMALL_TRUCK_COUNT","SPEC_JURIS_CD","SUSP_MINOR_INJ_COUNT","SUSP_SERIOUS_INJ_COUNT","SUV_COUNT","TCD_FUNC_CD","TCD_TYPE","TFC_DETOUR_IND","TIME_OF_DAY","TOTAL_UNITS","TOT_INJ_COUNT","UNBELTED_OCC_COUNT","UNB_DEATH_COUNT","UNB_SUSP_SERIOUS_INJ_COUNT","UNK_INJ_DEG_COUNT","UNK_INJ_PER_COUNT","URBAN_RURAL","VAN_COUNT","VEHICLE_COUNT","VULNERABLE_ROAD_USER_COUNT","VULNERABLE_ROAD_USER_DEATH_COUNT","VULNERABLE_ROAD_USER_SER_INJ_COUNT","WEATHER1","WEATHER2","WORKERS_PRES","WORK_ZONE_IND","WORK_ZONE_LOC","WORK_ZONE_TYPE","WZ_CLOSE_DETOUR","WZ_FLAGGER","WZ_LAW_OFFCR_IND","WZ_LN_CLOSURE","WZ_MOVING","WZ_OTHER","WZ_SHLDER_MDN","WZ_WORKERS_INJ_KILLED"
"2020058040","0652","1","0","0","0","0","0","0","0","0","1","0","","67","7","2020","5","39.956685","-75.198133","0652","6","0","0","0","0","1","1","0","0","","0","0","0","6","1","2","","1","0","39 57:24.066","","0","75 11:53.278","8","0","0","0","67301","0","0","0","N","0","0","0","2","67504","0","","1.0","","1","N","N","N","0","","0","0","1","2","1","N","652","2","2","0","0","0","2","0","2","0","2","0","0","0","3","03","","N","","","","","","","","","",""
"2020057473","0343","1","0","0","0","0","0","0","0","0","6","0","","67","7","2020","3","40.049717","-75.147719","0327","6","0","0","0","0","0","0","0","0","","0","0","0","2","3","1","N","0","0","40 02:58.980","","0","75 08:51.790","3","0","0","0","67301","0","0","0","N","0","0","0","1","67301","0","","6.0","","1","N","N","N","0","","1","0","1","0","0","","238","2","1","1","0","0","0","0","2","0","2","0","0","0","3","","","N","","","","","","","","","",""
"2020103603","1106","1","0","0","0","0","0","0","0","0","1","1","","67","11","2020","3","40.006236","-75.115854","1101","6","0","0","0","0","0","0","0","0","","3","1","0","11","1","1","N","0","0","40 00:22.449","","0","75 06:57.073","1","0","0","0","67301","0","0","0","N","0","0","0","5","67301","0","2","6.0","","1","N","N","N","0","0","0","1","0","0","0","","1100","2","1","0","0","0","0","0","2","0","2","0","0","0","3","03","","N","","","","","","","","","",""
"2020056653","0346","2","0","0","0","0","0","0","0","0","4","0","","67","7","2020","6","40.020383","-75.080287","0332","6","0","0","0","0","0","0","0","0","","0","0","0","2","3","0","N","0","0","40 01:13.377","","0","75 04:49.032","0","0","0","0","67301","0","0","0","N","0","0","0","2","67301","0","","1.0","","1","N","N","N","0","","0","0","0","0","0","","235","2","0","0","0","0","0","0","2","0","2","0","0","0","3","","","N","","","","","","","","","",""
"2020058087","0016","3","0","0","0","0","0","0","0","0","5","0","","67","7","2020","5","39.956748","-75.211203","0015","6","0","0","0","0","0","0","0","0","","0","0","0","0","3","0","N","0","0","39 57:24.291","","0","75 12:40.331","9","0","0","0","67301","0","0","0","N","0","0","0","1","67301","0","","6.0","","1","N","N","N","0","","0","0","0","0","0","","7","3","0","0","0","0","0","1","2","0","3","0","0","0","3","","","N","","","","","","","","","",""
"2020103319","1931","0","0","0","0","0","0","0","0","0","7","0","","67","11","2020","5","39.959908","-75.179063","1914","6","0","0","0","0","0","0","0","0","","0","0","0","19","3","0","N","0","1","39 57:35.670","3","0","75 10:44.628","0","0","0","0","67301","0","0","0","N","0","0","0","1","68K01","0","","2.0","2015.0","9","N","N","N","0","","0","0","0","0","0","N","1908","1","0","1","0","0","0","0","2","1","1","0","0","0","7","07","","N","","","","","","","","","",""
"2020103252","2154","1","0","0","0","0","0","0","0","0","1","1","","67","10","2020","2","39.892762","-75.197145","2142","6","0","0","0","0","0","0","0","0","","0","1","0","20","3","1","N","0","1","39 53:33.943","2","3","75 11:49.721","4","0","0","0","67301","0","0","0","N","0","0","0","3","68K01","1","","1.0","2142.0","1","N","N","N","0","","0","0","0","0","0","N","2025","2","1","0","0","0","0","0","2","0","2","0","0","0","3","","","N","","","","","","","","","",""
"2020055915","0647","1","0","0","0","0","0","0","0","0","7","0","","67","7","2020","5","39.944815","-75.198163","0644","6","0","0","0","0","0","0","0","0","","0","0","0","6","1","1","N","0","0","39 56:41.335","","1","75 11:53.386","4","0","0","0","67301","0","0","0","N","0","0","0","1","67504","1","","4.0","","1","N","N","N","0","","0","0","0","0","0","","642","1","1","0","0","0","0","0","2","0","1","0","0","0","98","98","","N","","","","","","","","","",""
"2020059376","2257","2","0","0","0","0","0","0","0","0","5","0","","67","7","2020","4","39.947005","-75.142024","2236","6","0","0","0","0","0","2","0","0","","0","0","0","21","3","0","N","0","0","39 56:49.219","","0","75 08:31.287","0","0","0","0","67301","0","0","0","N","0","0","0","3","68K01","0","","1.0","","1","N","N","N","0","","0","0","0","0","0","","2137","2","0","0","0","0","0","0","2","0","2","0","0","0","3","","","N","","","","","","","","","",""
"2020050263","1325","1","0","0","0","0","0","0","0","0","4","0","","67","6","2020","5","39.911326","-75.242828","1317","6","0","0","0","0","0","1","0","0","","0","0","0","13","1","0","","5","0","39 54:40.772","","0","75 14:34.179","0","0","0","0","67301","0","0","0","N","0","0","0","4","67301","0","","1.0","","1","N","N","N","0","","0","0","1","3","2","","1317","2","0","0","0","0","0","0","2","0","2","0","0","0","3","03","","N","","","","","","","","","",""
"2020088711","0001","3","0","0","0","0","0","0","0","0","1","0","","67","10","2020","2","39.97174","-75.193335","2348","6","0","0","0","0","0","1","0","0","","0","0","0","23","3","1","N","0","1","39 58:18.263","4","0","75 11:36.007","8","0","0","0","67301","0","0","0","N","0","0","0","2","68K01","0","","1.0","15.0","9","N","N","N","0","","0","0","0","0","0","N","2347","3","1","0","0","0","1","0","2","0","3","0","0","0","3","","","N","","","","","","","","","",""
"2020048752","1847","2","0","0","0","0","0","0","0","0","4","0","","67","6","2020","1","39.985302","-75.234715","1843","6","0","0","0","0","0","0","0","0","","0","0","0","18","1","0","","1","0","39 59:07.087","","0","75 14:04.974","0","0","0","0","67301","0","0","0","N","0","0","0","3","67301","0","","1.0","","1","N","N","N","0","","0","0","1","3","3","","1838","3","0","0","0","0","0","0","2","0","3","0","0","0","3","03","","N","","","","","","","","","",""
"2020066772","1727","3","0","0","0","0","0","0","0","0","4","0","","67","8","2020","7","40.030215","-75.043745","1725","6","0","0","1","0","0","1","0","0","","0","0","0","17","1","3","","1","2","40 01:48.773","7","0","75 02:37.481","8","0","0","0","67301","0","0","0","N","0","0","0","4","67301","0","","1.0","45.0","1","N","N","N","0","","0","0","0","3","2","Y","1722","3","3","3","0","0","3","0","2","0","3","0","0","0","3","","","N","","","","","","","","","",""
"2020107975","2132","3","0","0","0","0","0","0","0","0","1","0","","67","12","2020","6","39.956929","-75.180446","2132","6","0","0","0","0","0","0","0","0","","0","0","0","21","3","2","N","0","1","39 57:24.946","3","1","75 10:49.606","3","0","0","0","67301","0","0","0","N","0","0","0","4","68K01","0","","1.0","2210.0","1","N","N","N","0","","2","0","0","0","0","N","2109","3","2","2","0","0","0","0","2","0","3","0","0","0","3","03","","N","","","","","","","","","",""
"2020108333","0828","0","0","0","0","0","0","0","0","0","5","2","","67","11","2020","2","40.005276","-75.195512","0828","6","0","0","0","0","0","0","0","0","","0","2","0","8","1","0","N","7","2","40 00:18.992","4","0","75 11:43.844","0","0","0","0","67301","0","0","0","N","0","0","0","3","68K01","0","","1.0","1009.0","1","N","N","N","0","","0","0","0","0","0","Y","827","2","0","0","0","0","0","0","2","0","2","0","0","0","3","","","N","","","","","","","","","",""
"2020076692","0703","1","0","0","0","0","0","0","0","0","7","0","","67","8","2020","3","40.034111","-75.019424","0642","6","0","0","0","0","0","1","0","0","","0","0","0","6","1","0","N","0","1","40 02:02.800","1","0","75 01:09.927","0","0","0","0","67301","0","0","0","N","0","0","0","2","68K01","0","","2.0","725.0","9","N","N","N","0","","0","0","1","0","0","N","639","2","0","0","0","0","0","0","2","0","2","0","0","0","7","07","","N","","","","","","","","","",""
"2020058208","1456","2","0","0","0","0","0","0","0","0","1","0","","67","7","2020","4","40.023139","-75.150472","1345","6","0","0","0","0","0","0","0","0","","0","0","0","13","1","1","N","0","0","40 01:23.300","","0","75 09:01.700","3","0","0","0","67301","0","0","0","N","0","0","0","3","67301","0","","1.0","","1","N","N","N","0","","1","0","0","0","0","","1302","2","1","0","0","0","0","0","2","0","2","0","0","0","3","03","","N","","","","","","","","","",""
"2020057469","1530","1","0","0","0","0","0","0","0","0","1","0","","67","7","2020","7","40.045609","-75.056416","1525","6","0","0","0","0","0","0","0","0","","0","0","0","15","1","0","","2","0","40 02:44.193","","0","75 03:23.098","9","0","0","0","67301","0","0","0","N","0","0","0","2","67301","0","","1.0","","1","N","N","N","0","","0","0","1","3","2","","1520","2","0","0","0","0","0","1","2","0","2","0","0","0","3","03","","N","","","","","","","","","",""
"2020102365","1730","1","0","0","0","0","0","0","0","0","7","0","","67","11","2020","7","39.959294","-75.238053","1730","6","0","0","0","0","0","0","0","0","","0","0","0","17","3","0","N","0","0","39 57:33.460","","0","75 14:16.990","0","0","0","0","67301","0","0","0","N","0","0","0","0","67301","0","","5.0","","1","N","N","N","0","","0","0","0","0","0","","1725","1","0","0","0","0","0","0","2","0","1","0","0","0","3","03","","N","","","","","","","","","",""
"2020057750","1210","2","0","0","0","0","0","0","0","0","5","0","","67","7","2020","2","39.944842","-75.23155","1204","6","0","0","0","0","0","0","0","0","","0","0","0","12","1","0","N","0","1","39 56:41.430","3","0","75 13:53.580","0","0","0","0","67301","0","0","0","N","0","0","0","3","67301","0","","1.0","100.0","1","N","N","N","0","","0","0","0","0","0","N","1200","2","0","0","0","0","0","0","2","0","2","0","0","0","3","03","","N","","","","","","","","","",""
"2020058421","2005","2","0","0","0","0","0","0","0","0","4","0","","67","7","2020","5","40.063523","-75.169834","1958","6","0","0","0","0","0","0","0","0","","0","0","0","18","1","0","N","1","0","40 03:48.682","","0","75 10:11.404","0","0","0","0","67301","0","0","0","N","0","0","0","2","67301","0","","1.0","","1","N","N","N","0","","0","0","0","3","2","","1845","2","0","1","0","0","0","0","2","0","2","0","0","0","3","04","","N","","","","","","","","","",""
"2020095770","0928","1","0","0","1","0","0","0","0","0","8","0","","67","11","2020","2","39.937906","-75.183569","0928","6","0","0","0","0","0","0","0","0","","0","0","0","9","1","1","N","0","0","39 56:16.460","","0","75 11:00.850","8","0","0","0","67301","1","0","0","N","0","0","0","2","67301","0","","1.0","","1","N","N","N","0","","0","0","0","0","0","","928","2","1","0","0","0","1","0","2","0","1","1","0","0","3","03","","N","","","","","","","","","",""
"2020108348","1130","1","0","0","0","0","0","0","0","0","2","0","","67","11","2020","5","39.972335","-75.193509","1125","6","0","0","0","0","0","0","0","0","","0","0","0","11","1","1","N","0","1","39 58:20.407","4","0","75 11:36.634","3","0","0","0","67301","0","0","0","N","0","0","0","2","68K01","0","","4.0","1155.0","1","N","N","N","0","","1","0","0","0","0","N","1122","1","1","0","0","0","0","1","2","0","1","0","0","0","3","03","","N","","","","","","","","","",""
"2020107490","2110","2","0","0","0","0","0","0","0","0","1","0","","67","12","2020","4","40.010053","-75.093069","2110","6","0","0","0","0","0","0","0","0","","0","0","0","21","3","1","N","0","0","40 00:36.190","","0","75 05:35.050","4","0","0","0","67301","0","0","0","N","0","0","0","2","67301","1","","2.0","","1","N","N","N","0","","0","0","0","0","0","","2110","2","1","0","0","0","0","1","2","0","2","0","0","0","3","03","","N","","","","","","","","","",""
"2020058619","1719","1","0","0","0","0","0","0","0","0","4","0","","67","7","2020","5","39.950707","-75.22886","1717","6","0","0","0","0","0","0","0","0","","0","0","0","17","1","0","","1","0","39 57:02.545","","0","75 13:43.896","0","0","0","0","67301","0","0","0","N","0","0","0","3","67301","0","","1.0","","1","N","N","N","0","","0","0","1","0","0","","1716","2","0","0","0","0","0","0","2","0","2","0","0","0","3","","","N","","","","","","","","","",""
"2020103345","2030","1","0","0","0","0","0","0","0","0","4","0","","67","11","2020","1","39.997751","-75.195958","2026","6","0","0","0","0","0","0","0","0","","0","0","0","20","3","0","N","0","2","39 59:51.902","4","0","75 11:45.448","0","0","0","0","67301","0","0","0","N","0","0","0","4","68K01","0","","4.0","10.0","9","N","N","N","0","","0","0","1","0","0","N","2025","2","0","0","0","0","0","0","2","0","2","0","0","0","7","","","N","","","","","","","","","",""
"2020056659","1000","0","0","0","0","0","0","0","0","0","8","0","","67","7","2020","6","39.949684","-75.227017","1000","6","0","0","0","0","0","1","0","0","","0","0","0","10","1","1","","1","0","39 56:58.862","","0","75 13:37.260","3","0","0","0","67301","1","0","0","N","0","0","0","2","67301","0","","1.0","","1","N","N","N","1","","1","0","0","3","3","","1000","2","1","0","0","0","0","0","2","0","1","1","0","0","4","","","N","","","","","","","","","",""
"2020056726","2116","1","0","0","0","0","0","0","0","0","1","0","","67","7","2020","7","39.981721","-75.157139","2116","6","0","0","1","0","0","0","0","0","","0","0","0","21","3","0","N","0","0","39 58:54.196","","0","75 09:25.700","0","0","0","0","67301","0","0","0","N","0","0","0","2","67505","0","","1.0","","1","N","N","N","1","","0","0","0","3","2","","2116","2","0","0","0","0","0","0","2","0","2","0","0","0","3","03","","N","","","","","","","","","",""
"2020103143","1003","1","0","0","0","0","0","0","0","0","7","0","","67","11","2020","2","39.893296","-75.231456","0946","6","0","0","0","0","0","0","0","0","","0","0","0","9","1","0","N","0","0","39 53:35.865","","0","75 13:53.241","0","0","0","0","67301","0","0","0","N","0","0","0","1","68K01","0","","4.0","","9","N","N","N","0","","0","0","0","0","0","","942","1","0","0","0","0","0","0","2","0","1","0","0","0","7","07","","N","","","","","","","","","",""
"2020058009","0036","1","0","0","0","0","0","0","0","0","2","0","","67","7","2020","2","39.965108","-75.240525","0032","6","0","0","0","0","0","0","0","0","","0","0","0","20","3","0","N","0","0","39 57:54.390","","0","75 14:25.890","0","0","0","0","67301","0","0","0","N","0","0","0","2","67301","0","","2.0","","1","N","N","N","1","","0","0","0","0","0","","2059","2","0","0","0","0","0","0","2","0","2","0","0","0","3","03","","N","","","","","","","","","",""
"2020058849","2308","0","0","0","0","0","0","0","0","0","5","0","","67","7","2020","5","40.006291","-75.11628","2308","6","0","0","0","0","0","1","0","0","","0","0","0","23","3","0","N","0","0","40 00:22.647","","0","75 06:58.607","9","0","0","0","67301","0","0","0","N","0","0","0","1","67301","0","","6.0","","1","N","N","N","0","","0","0","2","0","0","","2300","3","0","0","0","0","0","1","2","1","3","0","0","0","3","","","N","","","","","","","","","",""
"2020056800","0915","1","0","0","0","0","0","0","0","0","5","0","","67","7","2020","7","39.953319","-75.228308","0913","6","0","0","0","0","0","0","0","0","","0","0","0","9","1","1","N","0","0","39 57:11.950","","0","75 13:41.910","3","0","0","0","67301","0","0","0","N","0","0","0","1","67301","0","","6.0","","1","N","N","N","1","","1","0","0","0","0","","910","2","1","1","0","0","0","0","2","0","2","0","0","0","3","03","","N","","","","","","","","","",""
"2020063516","1710","1","0","0","0","0","0","0","0","0","5","0","","67","7","2020","7","39.986714","-75.231742","1705","6","0","0","0","0","1","0","0","0","","0","0","0","16","1","0","N","0","0","39 59:12.170","","0","75 13:54.270","0","0","0","0","67301","0","0","0","N","0","0","0","1","67301","0","","6.0","","1","N","N","N","0","","0","0","0","0","0","","1633","2","0","0","0","0","0","0","2","1","2","0","0","0","3","03","","N","","","","","","","","","",""
"2020056215","1019","2","0","0","0","0","0","0","0","0","4","0","","67","7","2020","5","40.027194","-75.151242","1019","6","0","0","0","0","0","1","0","0","","0","0","0","10","1","1","","1","0","40 01:37.898","","0","75 09:04.471","8","0","0","0","67301","0","0","0","N","0","0","0","3","67301","0","","1.0","","1","N","N","N","0","","0","0","1","3","2","","1018","3","1","1","0","0","1","0","2","0","3","0","0","0","3","03","","N","","","","","","","","","",""
"2020061878","1735","0","0","0","0","0","0","0","0","0","8","0","","67","7","2020","6","40.03889","-75.143921","1734","6","0","0","0","0","0","0","1","0","","0","0","0","17","1","1","N","0","0","40 02:20.005","","0","75 08:38.115","3","0","0","1","67301","1","0","0","N","1","0","0","3","67301","0","","4.0","","1","N","N","N","0","","1","0","1","0","0","","1730","3","1","1","0","0","0","0","2","0","2","1","0","0","3","03","","N","","","","","","","","","",""
"2020096867","1025","1","0","0","0","0","0","0","0","0","1","0","","67","11","2020","6","39.955857","-75.204053","1023","6","0","0","0","0","0","1","0","0","","0","0","0","10","1","1","N","0","0","39 57:21.084","","0","75 12:14.590","3","0","0","0","67301","0","0","0","N","0","0","0","2","67504","0","","1.0","","9","N","N","N","0","","1","0","1","0","0","","1023","2","1","0","0","0","0","1","2","0","2","0","0","0","4","07","","N","","","","","","","","","",""
"2020059023","2335","2","0","0","0","0","0","0","0","0","1","0","","67","7","2020","5","40.006283","-75.193957","2235","6","0","0","0","0","0","1","0","0","","0","0","0","21","3","0","N","0","2","40 00:22.618","3","8","75 11:38.245","0","0","0","0","67301","0","0","0","N","0","0","0","3","67301","0","","1.0","2300.0","1","N","N","N","0","","0","0","0","0","0","N","2150","2","0","0","0","0","0","0","2","0","2","0","0","0","3","03","","N","","","","","","","","","",""
"2020059022","1434","0","0","0","0","0","0","0","0","0","1","0","","67","7","2020","4","39.960456","-75.213569","1434","6","0","0","1","0","0","0","0","0","","0","0","0","14","1","2","N","0","0","39 57:37.640","","0","75 12:48.850","3","0","0","0","67301","0","0","0","N","0","0","0","3","67301","0","","1.0","","1","N","N","N","0","","2","0","1","0","0","","1410","2","2","0","0","0","0","0","2","1","2","0","0","0","3","","","N","","","","","","","","","",""
"2020059289","1647","0","0","0","1","0","0","0","0","0","8","0","","67","7","2020","2","39.927317","-75.192589","1645","6","0","0","0","0","0","1","0","0","","0","0","0","16","1","1","","1","0","39 55:38.342","","0","75 11:33.319","3","0","0","0","67301","1","0","0","N","0","0","0","2","67301","0","","1.0","","1","N","N","N","0","","1","0","0","3","3","","1645","2","1","0","0","0","0","0","2","1","1","1","0","0","3","03","","N","","","","","","","","","",""
"2020103920","0235","1","0","0","0","0","0","0","0","0","1","0","","67","11","2020","1","40.032136","-75.178519","0225","6","0","0","0","0","0","0","0","0","","0","0","0","1","3","0","N","0","0","40 01:55.690","","0","75 10:42.670","9","0","0","0","67301","0","0","0","N","0","0","0","1","67301","0","","6.0","","1","N","N","N","0","","0","0","1","0","0","","150","2","0","0","0","0","0","1","2","0","2","0","0","0","3","03","","N","","","","","","","","","",""
"2020103288","0020","0","0","0","0","0","0","0","0","0","5","1","","67","11","2020","7","39.895452","-75.193148","0016","6","0","0","0","0","0","0","1","0","","0","1","0","0","3","0","N","0","0","39 53:43.627","","3","75 11:35.333","9","0","0","0","67301","0","0","0","N","0","0","0","2","68K01","0","","1.0","","1","N","N","N","0","","0","0","1","0","0","","11","2","0","0","0","0","0","1","2","0","2","0","0","0","3","03","","N","","","","","","","","","",""
"2020057847","1910","0","0","0","1","0","0","0","0","0","8","0","","67","7","2020","3","39.918338","-75.162396","1908","6","0","0","0","0","0","0","0","0","","0","0","0","19","1","1","","1","0","39 55:06.016","","0","75 09:44.625","3","0","0","0","67301","1","0","0","N","0","0","0","2","67301","0","","1.0","","1","N","N","N","0","","1","0","1","3","3","","1901","2","1","0","0","0","0","0","2","0","1","1","0","0","3","03","","N","","","","","","","","","",""
"2020103831","2017","2","0","0","0","0","0","0","0","0","1","0","","67","11","2020","4","39.977309","-75.199754","2006","6","0","0","0","0","0","0","0","0","","0","0","0","19","3","1","N","0","1","39 58:38.314","4","0","75 11:59.113","4","0","0","0","67301","0","0","0","N","0","0","0","3","68K01","1","","1.0","30.0","1","N","N","N","0","","0","0","0","0","0","N","1956","2","1","0","0","0","0","0","2","0","2","0","0","0","3","","","N","","","","","","","","","",""
"2020101023","1555","0","0","0","0","0","0","1","0","0","1","1","","67","11","2020","4","40.022789","-75.159023","1530","6","0","0","0","0","0","1","0","0","","0","0","0","15","1","3","","5","0","40 01:22.042","","0","75 09:32.483","8","0","0","0","67301","0","0","0","N","0","0","0","5","67508","0","","1.0","","1","N","N","Y","1","","0","0","0","3","3","","1530","2","3","0","0","0","3","0","2","0","2","0","0","0","3","03","","N","","","","","","","","","",""
"2020056957","0650","1","0","0","0","0","0","0","0","0","5","0","","67","7","2020","1","40.013472","-75.123067","0650","6","0","0","0","0","0","0","0","0","","0","0","0","6","1","1","N","0","0","40 00:48.500","","7","75 07:23.040","4","0","0","0","67301","0","0","0","N","0","0","0","3","67301","1","","1.0","","1","N","N","Y","0","","0","0","2","3","2","","640","3","1","0","0","0","0","0","2","0","3","0","0","0","3","","","N","","","","","","","","","",""
"2020100248","2133","1","0","0","0","0","0","0","0","0","4","1","","67","11","2020","6","40.114035","-74.987614","2122","6","0","0","0","0","0","0","0","0","","0","1","0","21","3","0","","1","1","40 06:50.525","3","0","74 59:15.412","0","0","0","0","67301","0","0","0","N","0","0","0","2","67301","0","","1.0","2144.0","1","N","N","N","0","","0","0","0","3","2","N","2118","2","0","0","0","0","0","0","2","0","2","0","0","0","3","03","","N","","","","","","","","","",""
"2020099669","0935","2","0","0","0","0","0","0","0","0","4","0","","67","11","2020","4","40.040931","-75.187327","0920","6","0","0","0","0","0","0","0","0","","0","0","0","9","1","0","","1","0","40 02:27.350","","0","75 11:14.378","0","0","0","0","67301","0","0","0","N","0","0","0","2","67301","0","","1.0","","1","N","N","N","0","","0","0","0","1","2","","915","2","0","0","0","0","0","0","2","0","2","0","0","0","3","03","","N","","","","","","","","","",""
"2020055851","1658","2","0","0","0","0","0","0","0","0","5","0","","67","7","2020","3","39.996966","-75.177988","1655","6","0","0","0","0","0","0","0","0","","0","0","0","16","1","1","","2","0","39 59:49.078","","0","75 10:40.755","3","0","0","0","67301","0","0","0","N","0","0","0","2","67301","0","","1.0","","1","N","N","N","0","","1","0","0","0","0","","1645","2","1","0","0","0","0","0","2","0","2","0","0","0","3","03","","N","","","","","","","","","",""
"2020056675","0127","0","0","0","0","0","0","0","0","0","8","0","","67","7","2020","7","40.048104","-75.150918","0127","6","0","0","0","0","0","0","0","0","","0","0","0","0","6","1","","1","0","40 02:53.174","","0","75 09:03.304","4","0","0","0","67301","1","0","0","N","1","0","0","3","67301","1","","1.0","","99","N","N","N","0","","0","0","1","9","9","","20","2","1","0","0","0","0","0","2","0","1","1","0","0","3","03","","N","","","","","","","","","",""
"2020103276","1307","0","0","0","0","0","0","0","0","0","1","0","","67","10","2020","6","39.982799","-75.099525","1255","6","0","0","0","0","0","0","0","0","","0","1","0","12","1","0","N","0","1","39 58:58.078","2","0","75 05:58.291","0","0","0","0","67301","0","0","0","N","0","0","0","2","68K01","0","","1.0","1354.0","9","N","N","N","0","","0","0","1","0","0","N","1252","2","0","0","0","0","0","0","2","0","2","0","0","0","3","","","N","","","","","","","","","",""
"2020101461","2200","1","0","0","0","0","0","0","0","0","7","0","","67","11","2020","3","40.059","-75.243278","2156","6","0","0","0","0","0","0","0","0","","1","0","0","21","3","1","N","0","0","40 03:32.400","","0","75 14:35.800","1","0","0","0","67301","0","0","0","N","0","0","0","2","67301","0","2","4.0","","1","N","N","N","0","0","1","0","0","0","0","","2130","1","1","0","0","0","0","0","2","0","1","0","0","0","3","03","","N","","","","","","","","","",""
"2020081934","1040","0","0","0","1","0","1","0","0","0","8","0","","67","7","2020","3","40.000432","-75.143168","1033","6","0","0","0","0","0","0","0","0","","0","0","0","10","1","1","N","0","0","40 00:01.554","","0","75 08:35.403","2","0","0","0","67301","1","0","1","N","0","0","0","2","67301","0","","1.0","","1","N","N","N","0","","0","1","0","0","0","","1026","2","1","0","0","0","0","0","2","0","1","1","0","1","3","03","","N","","","","","","","","","",""
"2020104034","1650","2","0","0","0","0","0","0","0","0","5","0","","67","12","2020","4","40.010704","-75.184111","1646","6","0","0","0","0","0","1","0","0","","0","0","0","15","1","0","N","0","0","40 00:38.534","","0","75 11:02.801","9","0","0","0","67301","0","0","0","N","0","0","0","2","67301","0","","1.0","","1","N","N","N","0","","0","0","0","0","0","","1516","2","0","0","0","0","0","1","2","0","2","0","0","0","3","03","","N","","","","","","","","","",""
"2020058089","0615","1","0","0","0","0","0","0","0","0","7","0","","67","7","2020","4","39.97823","-75.171398","0602","6","0","0","0","0","0","0","0","0","","0","0","0","6","1","1","","1","0","39 58:41.628","","0","75 10:17.032","3","0","0","0","67301","0","0","0","N","0","0","0","2","67301","0","","4.0","","1","N","N","N","0","","1","0","0","0","0","","600","1","1","0","0","0","0","0","2","0","1","0","0","0","3","03","","N","","","","","","","","","",""
"2020056660","1708","2","0","0","0","0","0","0","0","0","4","0","","67","7","2020","6","39.955832","-75.235997","1707","6","1","0","0","0","0","1","0","0","","0","0","0","17","1","0","N","1","0","39 57:20.995","","0","75 14:09.589","0","0","0","0","67301","0","0","0","N","0","0","0","4","67301","0","","1.0","","1","N","N","N","0","","0","0","1","3","2","","1700","5","0","1","0","0","0","0","2","2","5","0","0","0","3","","","N","","","","","","","","","",""
"2020098019","1010","0","0","0","0","0","0","0","0","0","7","0","","67","4","2020","4","39.88235","-75.240906","1000","6","0","0","0","0","0","0","0","0","","0","0","0","10","1","0","N","0","0","39 52:56.460","","0","75 14:27.260","0","0","0","0","67301","0","0","0","N","0","0","0","1","67301","0","","4.0","","1","N","N","N","0","","0","0","1","0","0","","1000","1","0","0","0","0","0","0","2","0","1","0","0","0","3","03","","N","","","","","","","","","",""
"2020103310","1843","0","0","0","0","0","0","0","0","0","5","1","","67","11","2020","3","39.966821","-75.187634","1836","6","0","0","0","0","0","0","0","0","","0","1","0","18","3","1","N","0","1","39 58:00.554","4","0","75 11:15.483","3","0","0","0","67301","0","0","0","N","0","0","0","1","68K01","0","","1.0","1930.0","1","N","N","N","0","","1","0","0","0","0","Y","1832","2","1","0","0","0","0","0","2","0","2","0","0","0","3","","","N","","","","","","","","","",""