"CRN","ARRIVAL_TM","AUTOMOBILE_COUNT","BELTED_DEATH_COUNT","BELTED_SUSP_SERIOUS_INJ_COUNT","BICYCLE_COUNT","BICYCLE_DEATH_COUNT","BICYCLE_SUSP_SERIOUS_INJ_COUNT","BUS_COUNT","CHLDPAS_DEATH_COUNT","CHLDPAS_SUSP_SERIOUS_INJ_COUNT","COLLISION_TYPE","COMM_VEH_COUNT","CONS_ZONE_SPD_LIM","COUNTY","CRASH_MONTH","CRASH_YEAR","DAY_OF_WEEK","DEC_LATITUDE","DEC_LONGITUDE","DISPATCH_TM","DISTRICT","DRIVER_COUNT_16YR","DRIVER_COUNT_17YR","DRIVER_COUNT_18YR","DRIVER_COUNT_19YR","DRIVER_COUNT_20YR","DRIVER_COUNT_50_64YR","DRIVER_COUNT_65_74YR","DRIVER_COUNT_75PLUS","EST_HRS_CLOSED","FATAL_COUNT","HEAVY_TRUCK_COUNT","HORSE_BUGGY_COUNT","HOUR_OF_DAY","ILLUMINATION","INJURY_COUNT","INTERSECTION_RELATED","INTERSECT_TYPE","LANE_CLOSED","LATITUDE","LN_CLOSE_DIR","LOCATION_TYPE","LONGITUDE","MAX_SEVERITY_LEVEL","MCYCLE_DEATH_COUNT","MCYCLE_SUSP_SERIOUS_INJ_COUNT","MOTORCYCLE_COUNT","MUNICIPALITY","NONMOTR_COUNT","NONMOTR_DEATH_COUNT","NONMOTR_SUSP_SERIOUS_INJ_COUNT","NTFY_HIWY_MAINT","PED_COUNT","PED_DEATH_COUNT","PED_SUSP_SERIOUS_INJ_COUNT","PERSON_COUNT","POLICE_AGCY","POSSIBLE_INJ_COUNT","RDWY_SURF_TYPE_CD","RELATION_TO_ROAD","ROADWAY_CLEARED","ROAD_CONDITION","SCH_BUS_IND","SCH_ZONE_IND","SECONDARY_CRASH","SMALL_TRUCK_COUNT","SPEC_JURIS_CD","SUSP_MINOR_INJ_COUNT","SUSP_SERIOUS_INJ_COUNT","SUV_COUNT","TCD_FUNC_CD","TCD_TYPE","TFC_DETOUR_IND","TIME_OF_DAY","TOTAL_UNITS","TOT_INJ_COUNT","UNBELTED_OCC_COUNT","UNB_DEATH_COUNT","UNB_SUSP_SERIOUS_INJ_COUNT","UNK_INJ_DEG_COUNT","UNK_INJ_PER_COUNT","URBAN_RURAL","VAN_COUNT","VEHICLE_COUNT","VULNERABLE_ROAD_USER_COUNT","VULNERABLE_ROAD_USER_DEATH_COUNT","VULNERABLE_ROAD_USER_SER_INJ_COUNT","WEATHER1","WEATHER2","WORKERS_PRES","WORK_ZONE_IND","WORK_ZONE_LOC","WORK_ZONE_TYPE","WZ_CLOSE_DETOUR","WZ_FLAGGER","WZ_LAW_OFFCR_IND","WZ_LN_CLOSURE","WZ_MOVING","WZ_OTHER","WZ_SHLDER_MDN","WZ_WORKERS_INJ_KILLED"
"2020064153","0306","2","0","0","0","0","0","0","0","0","5","0","","67","8","2020","5","39.945594","-75.153583","0305","6","0","0","0","0","0","0","0","0","","0","0","0","3","3","0","N","0","1","39 56:44.140","4","0","75 09:12.900","0","0","0","0","67301","0","0","0","N","0","0","0","1","67301","0","","6.0","100.0","1","N","N","N","0","","0","0","0","0","0","N","303","2","0","0","0","0","0","0","2","0","2","0","0","0","3","03","","N","","","","","","","","","",""
"2020074586","1855","2","0","0","0","0","0","0","0","0","1","0","","67","9","2020","5","39.981209","-75.188697","1854","6","0","0","0","0","0","1","0","0","","0","0","0","18","1","2","","2","2","39 58:52.351","1","0","75 11:19.309","3","0","0","0","67301","0","0","0","N","0","0","0","2","67301","0","","1.0","100.0","9","N","N","N","0","","2","0","0","0","0","Y","1851","2","2","0","0","0","0","0","2","0","2","0","0","0","4","04","","N","","","","","","","","","",""
"2020056931","1550","1","0","0","0","0","0","0","0","0","6","0","","67","7","2020","7","40.000236","-75.142286","1545","6","0","0","0","0","0","0","0","0","","0","0","0","15","1","1","N","0","0","40 00:00.851","","0","75 08:32.231","3","0","0","0","67301","0","0","0","N","0","0","0","2","67301","0","","1.0","","1","N","N","N","0","","1","0","1","0","0","","1530","2","1","0","0","0","0","0","2","0","2","0","0","0","3","03","","N","","","","","","","","","",""
"2020057015","1816","0","0","0","0","0","0","0","0","0","8","0","","67","7","2020","1","40.043453","-75.175314","1810","6","0","0","0","0","0","0","0","0","","0","0","0","18","1","1","N","0","0","40 02:36.430","","0","75 10:31.130","8","0","0","0","67301","1","0","0","N","1","0","0","2","67301","0","","1.0","","1","N","N","N","0","","0","0","1","0","0","","1800","2","1","0","0","0","1","0","2","0","1","1","0","0","3","","","N","","","","","","","","","",""
"2020060791","2028","1","0","0","0","0","0","0","0","0","6","0","","67","7","2020","6","39.971663","-75.189959","2023","6","0","0","0","0","0","0","0","0","","0","0","0","20","1","6","N","0","2","39 58:17.986","6","0","75 11:23.851","3","0","0","0","67301","0","0","0","N","0","0","0","6","67301","0","","1.0","2200.0","1","N","N","N","0","","6","0","1","0","0","Y","2020","2","6","0","0","0","0","0","2","0","2","0","0","0","3","","","N","","","","","","","","","",""
"2020057470","2312","1","0","0","0","0","0","0","0","0","6","0","","67","7","2020","2","40.116822","-75.029003","2309","6","0","0","0","0","0","0","0","0","","0","0","0","22","3","0","N","0","0","40 07:00.560","","0","75 01:44.410","0","0","0","0","67301","0","0","0","N","0","0","0","1","67301","0","","6.0","","1","N","N","N","0","","0","0","1","0","0","","2206","2","0","0","0","0","0","0","2","0","2","0","0","0","3","03","","N","","","","","","","","","",""
"2020057130","1122","1","0","0","0","0","0","0","0","0","5","0","90","67","7","2020","2","39.986852","-75.215908","1120","6","0","0","0","0","0","1","1","0","","0","0","0","11","1","0","N","0","1","39 59:12.668","1","0","75 12:57.268","0","0","0","0","67301","0","0","0","N","0","0","0","2","67301","0","","1.0","100.0","1","N","N","N","0","","0","0","0","0","0","N","1110","2","0","0","0","0","0","0","2","1","2","0","0","0","3","","Y","Y","5","2","N","N","N","Y","Y","N","Y","N"
"2020057382","2340","1","0","0","0","0","0","0","0","0","4","0","","67","7","2020","1","39.903272","-75.157086","2339","6","0","0","1","0","0","0","0","0","","0","0","0","23","3","1","N","0","2","39 54:11.780","6","0","75 09:25.510","2","0","1","1","67301","0","0","0","N","0","0","0","2","67301","0","","1.0","200.0","1","N","N","N","0","","0","1","0","0","0","Y","2330","2","1","1","0","0","0","0","2","0","2","0","0","0","3","03","","N","","","","","","","","","",""
"2020058088","0035","4","0","0","0","0","0","0","0","0","4","0","","67","7","2020","3","39.970746","-75.248188","0033","6","0","0","0","0","0","0","0","0","","0","0","0","22","3","1","","1","1","39 58:14.685","4","0","75 14:53.476","3","0","0","0","67301","0","0","0","N","0","0","0","2","67301","0","","1.0","140.0","1","N","N","N","0","","1","0","1","3","3","Y","2231","6","1","0","0","0","0","0","2","1","6","0","0","0","3","","","N","","","","","","","","","",""
"2020056646","1715","1","0","0","0","0","0","0","0","0","4","0","","67","7","2020","6","40.119778","-75.015917","1715","6","0","0","0","0","0","0","0","0","","0","0","0","17","1","0","N","0","0","40 07:11.200","","7","75 00:57.300","0","0","0","0","67301","0","0","0","N","0","0","0","2","67301","0","","1.0","","1","N","N","N","0","","0","0","1","0","0","","1710","2","0","1","0","0","0","0","2","0","2","0","0","0","3","03","","N","","","","","","","","","",""
"2020103600","0633","1","0","0","0","0","0","0","0","0","1","0","","67","11","2020","2","39.98581","-75.156247","0627","6","0","0","0","0","0","0","0","0","","0","0","0","6","3","1","N","0","0","39 59:08.915","","0","75 09:22.490","3","0","0","0","67301","0","0","0","N","0","0","0","2","67301","0","","6.0","","9","N","N","N","0","","1","0","1","3","2","","620","2","1","0","0","0","0","0","2","0","2","0","0","0","7","","","N","","","","","","","","","",""
"2020057679","1838","1","0","0","1","0","0","0","0","0","8","0","","67","7","2020","7","39.964369","-75.176368","1834","6","0","0","0","0","0","0","0","0","","0","0","0","18","1","1","","5","0","39 57:51.728","","0","75 10:34.926","3","0","0","0","67301","1","0","0","N","0","0","0","2","67301","0","","1.0","","1","N","N","N","0","","1","0","0","3","2","","1830","2","1","1","0","0","0","0","2","0","1","1","0","0","3","03","","N","","","","","","","","","",""
"2020087616","","1","0","0","0","0","0","0","0","0","1","0","","67","8","2020","7","39.980834","-75.103889","","6","0","0","0","0","0","0","0","0","","0","0","0","22","3","1","N","0","0","39 58:51.003","","0","75 06:13.999","8","0","0","0","67301","0","0","0","N","0","0","0","5","00000","0","","1.0","","1","","","N","0","","0","0","2","0","0","","2215","3","1","0","0","0","1","0","2","0","3","0","0","0","3","","","N","","","","","","","","","",""
"2020064933","2108","2","0","0","0","0","0","0","0","0","4","0","","67","8","2020","3","39.958","-75.221263","2108","6","0","0","0","0","0","0","0","0","","0","0","0","21","3","0","","1","0","39 57:28.799","","0","75 13:16.548","0","0","0","0","67301","0","0","0","N","0","0","0","6","67301","0","","1.0","","1","N","N","N","0","","0","0","0","3","2","","2108","2","0","0","0","0","0","0","2","0","2","0","0","0","3","03","","N","","","","","","","","","",""
"2020107234","2247","1","0","0","0","0","0","0","0","0","2","0","","67","12","2020","6","40.024768","-75.091554","2246","6","0","0","0","0","0","0","0","0","","0","0","0","22","3","0","","1","0","40 01:29.164","","0","75 05:29.593","0","0","0","0","67301","0","0","0","N","0","0","0","1","67301","0","","1.0","","1","N","N","N","0","","0","0","1","3","3","","2245","2","0","0","0","0","0","0","2","0","2","0","0","0","3","03","","N","","","","","","","","","",""
"2020083262","1019","3","0","0","0","0","0","0","0","0","1","0","","67","9","2020","3","39.940706","-75.143528","1008","6","0","0","0","0","0","0","0","0","","0","0","0","10","1","1","N","6","1","39 56:26.540","2","0","75 08:36.700","4","0","0","0","67301","0","0","0","N","0","0","0","4","68K01","1","","1.0","30.0","1","N","N","N","0","","0","0","1","0","0","N","1006","4","1","0","0","0","0","0","2","0","4","0","0","0","3","","","N","","","","","","","","","",""
"2020036563","1430","0","0","0","0","0","0","0","0","0","4","0","","67","5","2020","1","39.912963","-75.172107","1426","6","0","0","0","0","0","0","0","0","","0","0","0","14","1","0","","1","0","39 54:46.666","","6","75 10:19.586","9","0","0","0","67301","0","0","0","N","0","0","0","4","67301","0","","1.0","","1","N","N","N","0","","0","0","2","3","2","","1422","2","0","0","0","0","0","1","2","0","2","0","0","0","3","03","","N","","","","","","","","","",""
"2020056074","1625","3","0","0","0","0","0","0","0","0","5","0","","67","7","2020","2","39.987072","-75.123653","1620","6","0","0","0","0","0","0","0","0","","0","0","0","16","1","0","N","0","0","39 59:13.460","","0","75 07:25.150","0","0","0","0","67301","0","0","0","N","0","0","0","1","67301","0","","6.0","","1","N","N","N","0","","0","0","0","0","0","","1600","4","0","0","0","0","0","0","2","1","4","0","0","0","3","03","","N","","","","","","","","","",""
"2020055876","0623","0","0","0","1","0","0","0","0","0","8","0","","67","7","2020","4","39.921773","-75.190419","0622","6","0","0","0","0","0","1","0","0","","0","0","0","6","1","1","","5","0","39 55:18.383","","2","75 11:25.508","3","0","0","0","67301","1","0","0","N","0","0","0","2","67301","0","","1.0","","1","N","N","N","0","","1","0","1","3","2","","615","2","1","0","0","0","0","0","2","0","1","1","0","0","3","03","","N","","","","","","","","","",""
"2020057134","0942","1","0","0","0","0","0","0","0","0","4","0","","67","7","2020","7","40.024334","-75.132348","0940","6","0","0","0","0","0","1","0","0","","0","0","0","18","1","4","","2","0","40 01:27.602","","0","75 07:56.452","3","0","0","0","67301","0","0","0","N","0","0","0","5","67301","0","","1.0","","1","N","N","N","0","","4","0","1","3","3","","1830","2","4","1","0","0","0","1","2","0","2","0","0","0","3","","","N","","","","","","","","","",""
"2020061350","1800","1","0","0","0","0","0","0","0","0","4","0","","67","7","2020","6","39.993251","-75.149254","1752","6","0","0","0","0","0","1","0","0","","0","0","0","15","1","2","","1","0","39 59:35.703","","0","75 08:57.313","3","0","0","0","67301","0","0","0","N","0","0","0","2","67301","0","","1.0","","9","N","N","N","0","","2","0","1","3","3","","1530","2","2","0","0","0","0","0","2","0","2","0","0","0","7","07","","N","","","","","","","","","",""
"2020103014","1746","1","0","0","0","0","0","0","0","0","4","0","","67","11","2020","2","40.008621","-75.068836","1743","6","0","0","0","0","0","0","0","0","","0","0","0","17","3","4","","1","1","40 00:31.034","5","0","75 04:07.810","3","0","0","0","67301","0","0","0","N","0","0","0","5","67301","2","","1.0","2000.0","9","N","N","N","0","","2","0","1","3","2","N","1735","2","4","4","0","0","0","0","2","0","2","0","0","0","7","07","","N","","","","","","","","","",""
"2020103822","2208","3","0","0","0","0","0","0","0","0","4","0","","67","11","2020","1","39.957085","-75.156636","2208","6","0","0","0","1","0","0","0","0","","0","0","0","22","3","0","N","0","2","39 57:25.506","3","0","75 09:23.888","0","0","0","0","67301","0","0","0","N","0","0","0","4","68K01","0","","3.0","100.0","9","N","N","N","0","","0","0","0","0","0","N","2208","3","0","0","0","0","0","0","2","0","3","0","0","0","7","","","N","","","","","","","","","",""
"2020109634","1907","0","0","0","0","0","0","0","0","0","5","1","","67","12","2020","4","39.905692","-75.149821","1853","6","0","0","0","0","0","0","0","0","","0","1","0","18","3","0","N","0","0","39 54:20.492","","0","75 08:59.355","0","0","0","0","67301","0","0","0","N","0","0","0","2","68K01","0","","1.0","","9","N","N","N","0","","0","0","1","0","0","","1847","2","0","0","0","0","0","0","2","0","2","0","0","0","10","10","","N","","","","","","","","","",""
"2020057851","1334","0","0","0","0","0","0","0","0","0","5","0","","67","7","2020","4","39.917741","-75.211366","1334","6","0","0","0","0","0","0","0","0","","0","0","0","13","1","0","N","0","0","39 55:03.867","","0","75 12:40.916","0","0","0","0","67301","0","0","0","N","0","0","0","3","67301","0","","1.0","","1","N","N","N","0","","0","0","2","0","0","","1300","2","0","0","0","0","0","0","2","0","2","0","0","0","3","03","","N","","","","","","","","","",""
"2020060707","0002","1","0","0","0","0","0","0","0","0","7","0","","67","7","2020","7","39.899079","-75.168155","0001","6","0","0","0","1","0","0","0","0","","0","0","0","23","3","1","N","0","0","39 53:56.684","","0","75 10:05.358","3","0","0","0","67301","0","0","0","N","0","0","0","1","68K01","0","","2.0","","1","N","N","N","0","","1","0","0","0","0","","2347","1","1","0","0","0","0","0","2","0","1","0","0","0","3","03","","N","","","","","","","","","",""
"2020058206","1940","1","0","0","0","0","0","0","0","0","1","0","","67","7","2020","4","39.986504","-75.133396","1935","6","0","0","0","0","0","0","0","0","","0","0","0","18","1","0","","1","0","39 59:11.414","","0","75 08:00.225","9","0","0","0","67301","0","0","0","N","0","0","0","2","67301","0","","1.0","","9","Y","N","N","0","","0","0","0","0","0","","1824","2","0","0","0","0","0","1","2","1","2","0","0","0","7","07","","N","","","","","","","","","",""
"2020018175","1825","3","0","0","0","0","0","0","0","0","4","0","","67","2","2020","2","40.063063","-75.086585","1820","6","0","0","0","0","0","1","0","0","","0","0","0","18","3","0","","2","0","40 03:47.028","","0","75 05:11.707","0","0","0","0","67301","0","0","0","N","0","0","0","3","67301","0","","1.0","","1","N","N","N","0","","0","0","0","3","2","","1820","3","0","0","0","0","0","0","2","0","3","0","0","0","3","03","","N","","","","","","","","","",""
"2020019830","0829","2","0","0","0","0","0","0","0","0","1","0","","67","2","2020","7","39.957112","-75.231552","0828","6","0","0","0","0","0","0","0","0","","0","0","0","8","1","1","","1","0","39 57:25.603","","0","75 13:53.587","3","0","0","0","67301","0","0","0","N","0","0","0","2","67301","0","","1.0","","1","N","N","N","0","","1","0","1","3","3","","825","4","1","0","0","0","0","0","2","0","4","0","0","0","3","03","","N","","","","","","","","","",""
"2020025368","1623","0","0","0","0","0","0","0","0","0","6","0","","67","3","2020","2","40.037951","-75.222436","1613","6","0","0","0","0","0","1","1","0","","0","0","0","15","1","2","N","0","1","40 02:16.622","2","0","75 13:20.770","3","0","0","0","67301","0","0","0","N","0","0","0","2","67301","0","","1.0","1610.0","1","N","N","N","0","","2","0","2","3","2","N","1558","2","2","0","0","0","0","0","2","0","2","0","0","0","3","","","N","","","","","","","","","",""
"2020018205","1625","0","0","0","0","0","0","0","0","0","4","0","","67","2","2020","2","39.934222","-75.197524","1621","6","0","0","0","0","0","0","1","0","","0","0","0","15","1","1","","1","0","39 56:03.198","","0","75 11:51.085","3","0","0","0","67301","0","0","0","N","0","0","0","2","67301","0","","1.0","","1","N","N","N","0","","1","0","1","3","3","","1519","2","1","0","0","0","0","0","2","0","2","0","0","0","3","03","","N","","","","","","","","","",""
"2020099848","1613","2","0","0","0","0","0","0","0","0","4","0","","67","10","2020","1","40.040483","-75.069058","1550","6","0","0","0","0","0","0","0","0","","0","0","0","15","1","2","Y","0","2","40 02:25.740","6","0","75 04:08.610","8","0","0","0","67301","0","0","0","N","0","0","0","4","67301","0","","1.0","1727.0","1","N","N","N","0","","0","0","0","3","3","N","1543","2","2","0","0","0","2","0","2","0","2","0","0","0","4","","","N","","","","","","","","","",""
"2020063865","1800","2","0","0","0","0","0","0","0","0","4","0","","67","8","2020","6","40.008375","-75.144322","1800","6","0","0","1","0","0","0","0","0","","0","0","0","18","1","2","","1","0","40 00:30.149","","0","75 08:39.559","3","0","0","0","67301","0","0","0","N","0","0","0","3","67301","0","","1.0","","1","N","N","N","0","","2","0","0","3","2","","1800","2","2","2","0","0","0","0","2","0","2","0","0","0","3","","","N","","","","","","","","","",""
"2020100491","0700","1","0","0","0","0","0","0","0","0","7","0","","67","11","2020","3","39.913028","-75.14831","0631","6","0","0","0","0","0","0","0","0","","0","0","0","6","5","1","N","0","1","39 54:46.900","1","0","75 08:53.915","3","0","0","0","67301","0","0","0","N","0","0","0","1","68K01","0","","4.0","700.0","1","N","N","N","0","","1","0","0","0","0","N","631","1","1","0","0","0","0","0","2","0","1","0","0","0","3","","","N","","","","","","","","","",""
"2020056656","1230","1","0","0","0","0","0","0","0","0","2","0","","67","7","2020","3","39.973237","-75.212226","1214","6","0","0","0","0","0","0","0","0","","0","0","0","12","8","0","","1","0","39 58:23.653","","0","75 12:44.012","9","0","0","1","67301","0","0","0","N","0","0","0","2","67301","0","","1.0","","1","N","N","N","0","","0","0","0","3","2","","1213","2","0","0","0","0","0","1","2","0","2","0","0","0","3","03","","N","","","","","","","","","",""
"2020103796","2314","2","0","0","0","0","0","0","0","0","1","0","","67","10","2020","5","39.886534","-75.206391","2258","6","0","0","0","0","0","0","0","0","","0","0","0","22","3","1","N","0","1","39 53:11.524","2","0","75 12:23.007","3","0","0","0","67301","0","0","0","N","0","0","0","2","68K01","0","","1.0","2345.0","9","N","N","N","0","","1","0","0","0","0","N","2248","2","1","0","0","0","0","0","2","0","2","0","0","0","7","","","N","","","","","","","","","",""
"2020062964","1204","1","0","0","0","0","0","0","0","0","4","0","","67","8","2020","5","40.070213","-75.180464","1200","6","0","0","0","0","0","0","0","0","","0","0","0","23","3","1","","1","0","40 04:12.768","","0","75 10:49.670","4","0","0","0","67301","0","0","0","N","0","0","0","4","67301","1","","1.0","","1","N","N","N","0","","0","0","1","3","2","","2346","2","1","0","0","0","0","0","2","0","2","0","0","0","3","03","","N","","","","","","","","","",""
"2020058349","1554","0","0","0","0","0","0","0","0","0","8","1","","67","7","2020","5","40.027579","-75.147244","1538","6","0","0","0","0","0","0","0","0","","0","1","0","14","1","1","","1","0","40 01:39.286","","0","75 08:50.079","8","0","0","0","67301","1","0","0","N","1","0","0","2","67301","0","","1.0","","99","N","N","N","0","","0","0","0","3","2","","1415","2","1","0","0","0","1","1","2","0","1","1","0","0","99","","","N","","","","","","","","","",""
"2020056647","1830","1","0","0","1","0","0","0","0","0","8","0","","67","7","2020","5","39.918431","-75.209256","1822","6","0","0","0","0","0","0","0","0","","0","0","0","18","4","1","N","0","0","39 55:06.350","","0","75 12:33.320","4","0","0","0","67301","1","0","0","N","0","0","0","2","67301","1","","1.0","","1","N","N","N","0","","0","0","0","0","0","","1822","2","1","1","0","0","0","0","2","0","1","1","0","0","3","03","","N","","","","","","","","","",""
"2020103524","0152","2","0","0","0","0","0","0","0","0","4","0","","67","11","2020","1","39.972289","-75.239569","0151","6","0","0","0","0","0","0","0","0","","0","0","0","1","3","1","N","0","0","39 58:20.240","","0","75 14:22.450","3","0","0","0","67301","0","0","0","N","0","0","0","2","67301","0","","1.0","","1","N","N","N","0","","1","0","0","0","0","","147","2","1","1","0","0","0","1","2","0","2","0","0","0","3","03","","N","","","","","","","","","",""
"2020057658","2146","0","0","0","0","0","0","0","0","0","7","0","35","67","7","2020","3","39.912583","-75.174444","2145","6","0","0","0","0","0","1","0","0","","0","0","0","21","3","0","N","0","2","39 54:45.300","3","3","75 10:28.000","0","0","0","0","67301","0","0","0","N","0","0","0","1","67501","0","","2.0","2214.0","1","N","N","N","0","","0","0","1","3","8","N","2145","1","0","0","0","0","0","0","2","0","1","0","0","0","3","03","N","Y","4","1","Y","","N","Y","","","Y","N"
"2020057389","0506","4","0","0","0","0","0","0","0","0","5","0","","67","7","2020","6","40.0309","-75.131717","0500","6","0","0","0","0","0","0","0","0","","0","0","0","5","3","0","N","0","0","40 01:51.240","","0","75 07:54.180","0","0","0","0","67301","0","0","0","N","0","0","0","1","67301","0","","6.0","","1","N","N","N","0","","0","0","1","0","0","","500","6","0","1","0","0","0","0","2","0","5","0","0","0","3","","","N","","","","","","","","","",""
"2020110203","0658","1","0","0","0","0","0","0","0","0","1","1","","67","12","2020","4","39.967458","-75.132678","0645","6","0","0","0","0","0","0","0","0","","0","1","0","6","2","1","N","0","1","39 58:02.850","2","0","75 07:57.640","3","0","0","0","67301","0","0","0","N","0","0","0","4","68K01","0","","1.0","715.0","1","N","N","N","1","","1","0","0","0","0","N","644","4","1","0","0","0","0","0","2","1","4","0","0","0","3","03","","N","","","","","","","","","",""
"2020075151","0444","2","0","0","0","0","0","0","0","0","1","0","","67","8","2020","1","39.974802","-75.194416","0439","6","0","1","0","0","0","0","0","0","","0","0","0","4","3","1","N","0","2","39 58:29.287","3","0","75 11:39.897","3","0","0","0","67301","0","0","0","N","0","0","0","2","68K01","0","","1.0","30.0","1","N","N","N","0","","1","0","0","0","0","Y","439","2","1","0","0","0","0","0","2","0","2","0","0","0","3","03","","N","","","","","","","","","",""
"2020063587","1657","0","0","0","0","0","0","0","0","0","8","0","","67","8","2020","4","40.001403","-75.127072","1657","6","0","0","0","0","0","0","0","0","","0","0","0","16","1","1","N","0","0","40 00:05.050","","0","75 07:37.460","3","0","0","0","67301","1","0","0","N","1","0","0","2","67301","0","","1.0","","1","N","N","N","0","","1","0","1","0","0","","1657","2","1","1","0","0","0","0","2","0","1","1","0","0","3","03","","N","","","","","","","","","",""
"2020092820","0440","1","0","0","0","0","0","0","0","0","4","0","","67","8","2020","7","39.975219","-75.222493","0432","6","0","0","0","0","0","0","0","0","","0","0","0","3","2","0","","2","0","39 58:30.789","","0","75 13:20.973","9","0","0","1","67301","0","0","0","N","0","0","0","2","67301","0","","1.0","","1","N","N","N","0","","0","0","0","0","0","","340","2","0","0","0","0","0","1","2","0","2","0","0","0","3","","","N","","","","","","","","","",""
"2020061099","1929","1","0","0","0","0","0","0","0","0","5","0","","67","7","2020","6","39.979087","-75.160996","1929","6","0","0","0","0","0","0","0","0","","0","0","0","19","1","0","N","0","1","39 58:44.714","4","0","75 09:39.587","0","0","0","0","67301","0","0","0","N","0","0","0","4","67301","0","","6.0","2030.0","1","N","N","N","0","","0","0","1","0","0","N","1915","2","0","0","0","0","0","0","2","0","2","0","0","0","3","","","N","","","","","","","","","",""
"2020108350","2215","2","0","0","0","0","0","0","0","0","5","0","","67","11","2020","7","40.033231","-75.020629","2211","6","0","1","0","0","0","0","0","0","","0","0","0","22","3","2","N","0","2","40 01:59.632","2","0","75 01:14.263","3","0","0","0","67301","0","0","0","N","0","0","0","3","68K01","0","","1.0","2240.0","1","N","N","N","0","","2","0","1","0","0","N","2204","3","2","1","0","0","0","0","2","0","3","0","0","0","3","","","N","","","","","","","","","",""
"2020062121","1310","2","0","0","0","0","0","0","0","0","1","0","","67","8","2020","3","40.058898","-75.138522","1305","6","0","0","0","0","0","0","0","0","","0","0","0","12","1","4","N","0","0","40 03:32.031","","0","75 08:18.679","3","0","0","0","67301","0","0","0","N","0","0","0","4","67301","0","","1.0","","9","N","N","N","0","","4","0","0","0","0","","1253","2","4","0","0","0","0","0","2","0","2","0","0","0","7","07","","N","","","","","","","","","",""
"2020103824","1132","1","0","0","0","0","0","0","0","0","5","1","","67","11","2020","2","39.975432","-75.115746","1130","6","0","0","0","0","0","1","0","0","","0","1","0","11","1","1","N","0","0","39 58:31.554","","0","75 06:56.687","8","0","0","0","67301","0","0","0","N","0","0","0","2","68K01","0","","1.0","","1","N","N","N","0","","0","0","0","0","0","","1128","2","1","0","0","0","1","0","2","0","2","0","0","0","3","","","N","","","","","","","","","",""
"2020056671","1825","1","0","0","0","0","0","0","0","0","1","0","","67","7","2020","3","40.017528","-75.125208","1820","6","0","0","0","0","0","0","0","0","","0","0","0","18","1","1","N","0","0","40 01:03.100","","0","75 07:30.750","3","0","0","0","67301","0","0","0","N","0","0","0","2","67301","0","","1.0","","1","N","N","N","0","","1","0","1","0","0","","1815","2","1","0","0","0","0","0","2","0","2","0","0","0","3","03","","N","","","","","","","","","",""
"2020097741","1029","0","0","0","0","0","0","0","0","0","0","1","","67","11","2020","6","39.912857","-75.148354","1027","6","0","0","0","0","0","0","0","0","","0","1","0","10","1","1","N","6","1","39 54:46.285","1","2","75 08:54.074","3","0","0","0","67301","0","0","0","N","0","0","0","1","68K01","0","","1.0","1535.0","1","N","N","N","0","","1","0","0","0","0","N","1027","1","1","0","0","0","0","0","2","0","1","0","0","0","3","","","N","","","","","","","","","",""
"2020055005","0818","0","0","0","0","0","0","0","0","0","7","0","","67","7","2020","2","39.958742","-75.223144","0813","6","0","0","0","0","0","0","0","0","","0","0","0","8","1","1","","2","0","39 57:31.471","","0","75 13:23.318","3","0","0","0","67301","0","0","0","N","0","0","0","1","67301","0","","5.0","","1","N","N","N","0","","1","0","1","3","3","","813","1","1","0","0","0","0","0","2","0","1","0","0","0","3","03","","N","","","","","","","","","",""
"2020092494","1824","1","0","0","0","0","0","0","0","0","5","0","","67","10","2020","5","40.016728","-75.089147","1814","6","0","0","0","0","0","0","0","0","","0","0","0","18","3","0","N","0","0","40 01:00.220","","0","75 05:20.930","0","0","0","0","67301","0","0","0","N","0","0","0","1","67301","0","","1.0","","1","N","N","N","0","","0","0","1","0","0","","1804","2","0","0","0","0","0","0","2","0","2","0","0","0","3","03","","N","","","","","","","","","",""
"2020111280","2206","0","0","0","0","0","0","0","0","0","8","0","","67","12","2020","7","40.093335","-74.962074","2204","6","0","0","0","0","0","0","0","0","","1","0","0","22","3","0","N","2","0","40 05:36.005","","0","74 57:43.465","1","0","0","0","67301","1","1","0","N","1","1","0","2","67301","0","2","1.0","","1","N","N","N","0","0","0","0","0","2","2","","2204","2","0","0","0","0","0","1","2","0","1","1","1","0","3","03","","N","","","","","","","","","",""
"2020084496","1735","0","0","0","0","0","0","0","0","0","8","0","","67","10","2020","6","39.936689","-75.215992","1732","6","0","0","0","0","0","0","0","0","","0","0","0","17","1","1","N","0","0","39 56:12.080","","7","75 12:57.570","8","0","0","0","67301","1","0","0","N","0","0","0","2","67301","0","","1.0","","1","N","N","N","0","","0","0","0","0","0","","1730","2","1","1","0","0","1","0","2","1","1","1","0","0","3","03","","N","","","","","","","","","",""
"2020097413","1027","1","0","0","0","0","0","0","0","0","7","1","55","67","10","2020","5","40.034873","-75.018334","1027","6","0","0","0","0","1","0","0","0","","0","1","0","10","1","0","N","0","1","40 02:05.541","5","3","75 01:06.004","0","0","0","0","67301","0","0","0","Y","0","0","0","3","68K01","0","","3.0","1737.0","9","N","N","N","0","","0","0","0","0","0","N","1026","2","0","0","0","0","0","0","2","0","2","0","0","0","7","07","N","Y","2","1","","","N","","","","Y","N"