"CRN","ARRIVAL_TM","AUTOMOBILE_COUNT","BELTED_DEATH_COUNT","BELTED_SUSP_SERIOUS_INJ_COUNT","BICYCLE_COUNT","BICYCLE_DEATH_COUNT","BICYCLE_SUSP_SERIOUS_INJ_COUNT","BUS_COUNT","CHLDPAS_DEATH_COUNT","CHLDPAS_SUSP_SERIOUS_INJ_COUNT","COLLISION_TYPE","COMM_VEH_COUNT","CONS_ZONE_SPD_LIM","COUNTY","CRASH_MONTH","CRASH_YEAR","DAY_OF_WEEK","DEC_LATITUDE","DEC_LONGITUDE","DISPATCH_TM","DISTRICT","DRIVER_COUNT_16YR","DRIVER_COUNT_17YR","DRIVER_COUNT_18YR","DRIVER_COUNT_19YR","DRIVER_COUNT_20YR","DRIVER_COUNT_50_64YR","DRIVER_COUNT_65_74YR","DRIVER_COUNT_75PLUS","EST_HRS_CLOSED","FATAL_COUNT","HEAVY_TRUCK_COUNT","HORSE_BUGGY_COUNT","HOUR_OF_DAY","ILLUMINATION","INJURY_COUNT","INTERSECTION_RELATED","INTERSECT_TYPE","LANE_CLOSED","LATITUDE","LN_CLOSE_DIR","LOCATION_TYPE","LONGITUDE","MAX_SEVERITY_LEVEL","MCYCLE_DEATH_COUNT","MCYCLE_SUSP_SERIOUS_INJ_COUNT","MOTORCYCLE_COUNT","MUNICIPALITY","NONMOTR_COUNT","NONMOTR_DEATH_COUNT","NONMOTR_SUSP_SERIOUS_INJ_COUNT","NTFY_HIWY_MAINT","PED_COUNT","PED_DEATH_COUNT","PED_SUSP_SERIOUS_INJ_COUNT","PERSON_COUNT","POLICE_AGCY","POSSIBLE_INJ_COUNT","RDWY_SURF_TYPE_CD","RELATION_TO_ROAD","ROADWAY_CLEARED","ROAD_CONDITION","SCH_BUS_IND","SCH_ZONE_IND","SECONDARY_CRASH","SMALL_TRUCK_COUNT","SPEC_JURIS_CD","SUSP_MINOR_INJ_COUNT","SUSP_SERIOUS_INJ_COUNT","SUV_COUNT","TCD_FUNC_CD","TCD_TYPE","TFC_DETOUR_IND","TIME_OF_DAY","TOTAL_UNITS","TOT_INJ_COUNT","UNBELTED_OCC_COUNT","UNB_DEATH_COUNT","UNB_SUSP_SERIOUS_INJ_COUNT","UNK_INJ_DEG_COUNT","UNK_INJ_PER_COUNT","URBAN_RURAL","VAN_COUNT","VEHICLE_COUNT","VULNERABLE_ROAD_USER_COUNT","VULNERABLE_ROAD_USER_DEATH_COUNT","VULNERABLE_ROAD_USER_SER_INJ_COUNT","WEATHER1","WEATHER2","WORKERS_PRES","WORK_ZONE_IND","WORK_ZONE_LOC","WORK_ZONE_TYPE","WZ_CLOSE_DETOUR","WZ_FLAGGER","WZ_LAW_OFFCR_IND","WZ_LN_CLOSURE","WZ_MOVING","WZ_OTHER","WZ_SHLDER_MDN","WZ_WORKERS_INJ_KILLED"
"2020056182","1926","1","0","0","0","0","0","0","0","0","4","0","","67","7","2020","4","40.008977","-75.149042","1926","6","0","0","0","1","0","0","0","0","","0","0","0","19","1","3","","1","0","40 00:32.318","","0","75 08:56.552","3","0","0","0","67301","0","0","0","N","0","0","0","4","67301","0","","1.0","","1","N","N","N","0","","3","0","1","3","3","","1900","2","3","0","0","0","0","0","2","0","2","0","0","0","3","03","","N","","","","","","","","","",""
"2020108031","0205","0","0","0","0","0","0","0","0","0","5","1","","67","1","2020","3","39.903569","-75.238292","0159","6","0","0","0","0","0","0","0","0","","0","1","0","1","3","0","N","0","1","39 54:12.850","2","0","75 14:17.850","0","0","0","0","67301","0","0","0","N","0","0","0","2","67301","0","","6.0","321.0","1","N","N","N","0","","0","0","1","0","0","N","159","2","0","0","0","0","0","0","2","0","2","0","0","0","3","03","","N","","","","","","","","","",""
"2020063434","2216","2","0","0","0","0","0","0","0","0","4","0","","67","8","2020","3","40.024147","-75.119821","2214","6","0","0","0","0","0","0","0","0","","0","0","0","21","3","0","","1","1","40 01:26.929","2","0","75 07:11.355","0","0","0","0","67301","0","0","0","N","0","0","0","2","67301","0","","1.0","2300.0","1","N","N","N","0","","0","0","0","3","3","N","2140","3","0","0","0","0","0","0","2","1","3","0","0","0","3","03","","N","","","","","","","","","",""
"2020061089","0958","2","0","0","0","0","0","0","0","0","4","0","","67","8","2020","7","39.960841","-75.190994","0957","6","0","0","0","0","0","0","0","1","","0","0","0","9","1","2","","1","2","39 57:39.027","2","0","75 11:27.578","8","0","0","0","67301","0","0","0","N","0","0","0","2","67507","0","","1.0","1048.0","1","N","N","N","0","","0","0","0","3","3","Y","955","2","2","0","0","0","2","0","2","0","2","0","0","0","3","03","","N","","","","","","","","","",""
"2020109371","1051","0","0","0","0","0","0","0","0","0","1","1","","67","12","2020","5","39.893124","-75.196653","1047","6","0","0","0","0","0","0","0","0","","0","1","0","10","1","0","N","0","0","39 53:35.245","","0","75 11:47.949","0","0","0","0","67301","0","0","0","N","0","0","0","2","68K01","0","","1.0","","1","N","N","N","0","","0","0","0","0","0","","1046","2","0","0","0","0","0","0","2","1","2","0","0","0","3","","","N","","","","","","","","","",""
"2020048582","1126","1","0","0","0","0","0","0","0","0","1","0","","67","6","2020","1","40.093975","-75.015588","1115","6","0","0","0","0","0","0","0","0","","0","0","0","11","1","1","Y","0","0","40 05:38.311","","0","75 00:56.118","8","0","0","0","67301","0","0","0","N","0","0","0","5","67301","0","","1.0","","1","N","N","N","0","","0","0","1","3","2","","1110","2","1","0","0","0","1","0","2","0","2","0","0","0","3","03","","N","","","","","","","","","",""
"2020110085","1610","1","0","0","0","0","0","1","0","0","1","1","","67","10","2020","3","40.056814","-75.047008","1600","6","0","0","0","0","0","0","0","0","","0","0","0","16","1","3","","1","0","40 03:24.532","","0","75 02:49.228","4","0","0","0","67301","0","0","0","N","0","0","0","3","67508","1","","1.0","","1","N","N","Y","0","","0","0","0","3","2","","1600","2","3","0","0","0","2","0","2","0","2","0","0","0","3","03","","N","","","","","","","","","",""
"2020059352","1816","1","0","0","0","0","0","0","0","0","7","0","","67","7","2020","2","39.981811","-75.101716","1800","6","0","0","0","0","1","0","0","0","","0","0","0","17","1","0","N","0","1","39 58:54.519","2","0","75 06:06.178","0","0","0","0","67301","0","0","0","N","0","0","0","1","68K01","0","","4.0","1900.0","1","N","N","N","0","","0","0","0","0","0","N","1759","1","0","0","0","0","0","0","2","0","1","0","0","0","3","03","","N","","","","","","","","","",""
"2020103005","1150","3","0","0","0","0","0","0","0","0","1","0","","67","11","2020","1","40.039923","-75.213596","1148","6","0","0","0","0","0","0","0","0","","0","0","0","11","1","4","N","0","9","40 02:23.724","","0","75 12:48.945","8","0","0","0","67301","0","0","0","N","0","0","0","4","67301","0","","1.0","","1","N","N","N","0","","0","0","0","0","0","U","1145","3","4","0","0","0","4","0","2","0","3","0","0","0","3","","","N","","","","","","","","","",""
"2020056795","1415","0","0","0","0","0","0","0","0","0","8","0","05","67","7","2020","6","40.048802","-75.235418","1411","6","0","0","0","0","0","1","0","0","","0","0","0","14","1","1","","1","0","40 02:55.688","","0","75 14:07.506","8","0","0","1","67301","1","0","0","N","1","0","0","3","67301","0","","1.0","","1","N","N","Y","0","","0","0","1","3","7","","1400","3","1","0","0","0","1","1","2","0","2","1","0","0","3","","Y","Y","8","1","","Y","U","","","","","N"
"2020100947","0920","1","0","0","0","0","0","0","0","0","7","0","","67","11","2020","6","39.945936","-75.142522","0907","6","0","0","0","0","0","0","1","0","","0","0","0","9","1","0","N","0","0","39 56:45.368","","1","75 08:33.079","0","0","0","0","67301","0","0","0","N","0","0","0","1","68K01","0","","4.0","","9","N","N","N","0","","0","0","0","0","0","","903","1","0","0","0","0","0","0","2","0","1","0","0","0","7","","","N","","","","","","","","","",""
"2020060545","0457","1","0","0","0","0","0","0","0","0","1","0","","67","7","2020","2","39.985566","-75.156301","0456","6","1","0","0","1","0","0","0","0","","0","0","0","4","3","7","N","0","2","39 59:08.038","5","0","75 09:22.682","2","0","0","0","67301","1","0","1","N","1","0","1","8","67301","0","","1.0","745.0","1","N","N","N","0","","6","1","1","0","0","Y","455","3","7","3","0","0","0","0","2","0","2","1","0","1","3","","","N","","","","","","","","","",""
"2020093300","2228","3","0","0","0","0","0","0","0","0","5","0","","67","10","2020","7","40.000142","-75.126917","2225","6","0","0","0","0","0","0","0","0","","0","0","0","22","3","0","N","0","0","40 00:00.510","","0","75 07:36.900","9","0","0","0","67301","0","0","0","N","0","0","0","1","67301","0","","1.0","","1","N","N","N","0","","0","0","1","0","0","","2220","4","0","0","0","0","0","1","2","0","4","0","0","0","3","","","N","","","","","","","","","",""
"2020063117","1159","1","0","0","0","0","0","0","0","0","4","0","","67","8","2020","6","40.031615","-75.207632","1152","6","0","0","0","0","0","0","1","1","","0","0","0","11","1","2","","1","0","40 01:53.814","","0","75 12:27.475","3","0","0","0","67301","0","0","0","N","0","0","0","3","67301","0","","1.0","","1","N","N","N","0","","2","0","1","3","2","","1150","2","2","0","0","0","0","0","2","0","2","0","0","0","4","","","N","","","","","","","","","",""
"2020097735","1117","1","0","0","0","0","0","0","0","0","4","0","","67","11","2020","5","39.958843","-75.170587","1112","6","0","0","0","0","0","1","0","0","","0","0","0","11","1","1","N","0","2","39 57:31.834","3","0","75 10:14.112","3","0","0","0","67301","0","0","0","N","0","0","0","2","68K01","0","","1.0","30.0","1","N","N","N","1","","1","0","0","0","0","N","1112","2","1","0","0","0","0","0","2","0","2","0","0","0","3","","","N","","","","","","","","","",""
"2020103814","1007","1","0","0","0","0","0","0","0","0","5","0","","67","11","2020","6","40.012051","-75.060155","1007","6","0","0","0","0","0","0","0","0","","0","0","0","10","1","0","N","0","0","40 00:43.382","","0","75 03:36.557","9","0","0","0","67301","0","0","0","N","0","0","0","2","68K01","0","","1.0","","9","N","N","N","0","","0","0","0","0","0","","1007","2","0","0","0","0","0","1","2","0","2","0","0","0","7","","","N","","","","","","","","","",""
"2020103321","1954","1","0","0","0","0","0","0","0","0","6","1","","67","11","2020","5","40.023604","-75.031508","1950","6","0","0","0","0","0","0","0","0","","0","1","0","19","3","0","N","0","2","40 01:24.976","1","2","75 01:53.429","0","0","0","0","67301","0","0","0","N","0","0","0","2","68K01","0","","1.0","100.0","9","N","N","N","0","","0","0","0","3","2","N","1946","2","0","0","0","0","0","0","2","0","2","0","0","0","7","","","N","","","","","","","","","",""
"2020058418","1845","1","0","0","0","0","0","0","0","0","8","0","","67","7","2020","4","39.954194","-75.169784","1826","6","0","0","0","0","0","0","0","0","","0","0","0","17","4","1","","1","0","39 57:15.100","","0","75 10:11.224","3","0","0","0","67301","1","0","0","N","1","0","0","2","67301","0","","1.0","","9","N","N","N","0","","1","0","0","3","2","","1725","2","1","1","0","0","0","1","2","0","1","1","0","0","7","04","","N","","","","","","","","","",""
"2020054824","2332","2","0","0","0","0","0","0","0","0","5","0","","67","7","2020","1","40.051633","-75.141983","2330","6","0","0","0","0","0","0","0","0","","0","0","0","22","3","1","N","0","0","40 03:05.879","","0","75 08:31.139","3","0","0","0","67301","0","0","0","N","0","0","0","2","67301","0","","1.0","","99","N","N","N","0","","1","0","1","0","0","","2254","4","1","0","0","0","0","0","2","1","4","0","0","0","7","98","","N","","","","","","","","","",""
"2020055728","0419","2","0","0","0","0","0","0","0","0","5","0","","67","7","2020","4","39.982159","-75.181814","0418","6","0","0","0","0","0","0","0","0","","0","0","0","4","3","0","N","0","0","39 58:55.773","","0","75 10:54.530","0","0","0","0","67301","0","0","0","N","0","0","0","1","67301","0","","6.0","","1","N","N","N","0","","0","0","0","0","0","","417","2","0","0","0","0","0","0","2","0","2","0","0","0","3","","","N","","","","","","","","","",""
"2020057387","0845","3","0","0","0","0","0","0","0","0","5","0","","67","7","2020","2","39.953483","-75.234011","0831","6","0","0","0","0","0","0","0","0","","0","0","0","8","1","0","N","0","0","39 57:12.540","","0","75 14:02.440","9","0","0","0","67301","0","0","0","N","0","0","0","1","67301","0","","6.0","","1","N","N","N","0","","0","0","0","0","0","","820","5","0","0","0","0","0","1","2","1","5","0","0","0","3","03","","N","","","","","","","","","",""
"2020063430","1942","2","0","0","0","0","0","0","0","0","4","0","","67","8","2020","5","39.991192","-75.157696","1940","6","0","0","0","0","0","1","0","0","","0","0","0","19","4","1","","1","2","39 59:28.291","4","0","75 09:27.705","8","0","0","0","67301","0","0","0","N","0","0","0","2","67301","0","","1.0","2102.0","1","N","N","N","0","","0","0","0","3","3","Y","1925","2","1","1","0","0","1","0","2","0","2","0","0","0","3","03","","N","","","","","","","","","",""
"2020101148","1405","1","0","0","0","0","0","0","0","0","1","0","","67","11","2020","5","39.985234","-75.093993","1350","6","0","0","0","0","0","1","0","0","","0","0","0","13","1","0","N","0","2","39 59:06.844","1","0","75 05:38.376","0","0","0","0","67301","0","0","0","N","0","0","0","2","68K01","0","","1.0","1430.0","1","N","N","N","0","","0","0","1","0","0","N","1345","2","0","0","0","0","0","0","2","0","2","0","0","0","3","03","","N","","","","","","","","","",""
"2020058317","0700","1","0","0","0","0","0","0","0","0","4","0","","67","7","2020","4","40.094644","-75.015196","0658","6","0","0","0","0","0","0","0","0","","0","0","0","6","1","0","","1","0","40 05:40.718","","0","75 00:54.707","0","0","0","0","67301","0","0","0","N","0","0","0","2","67301","0","","1.0","","1","N","N","N","0","","0","0","1","3","2","","655","2","0","0","0","0","0","0","2","0","2","0","0","0","3","","","N","","","","","","","","","",""
"2020053196","0107","1","0","0","0","0","0","0","0","0","7","0","","67","6","2020","1","39.924968","-75.147248","0101","6","0","0","0","0","1","0","0","0","","0","0","0","1","3","1","N","0","2","39 55:29.883","2","0","75 08:50.092","3","0","0","0","67301","0","0","0","N","0","0","0","1","68K01","0","","4.0","140.0","1","N","N","N","0","","1","0","0","0","0","N","100","1","1","0","0","0","0","0","2","0","1","0","0","0","3","03","","N","","","","","","","","","",""
"2020059509","0005","2","0","0","0","0","0","0","0","0","5","0","","67","7","2020","3","40.054208","-75.024864","0001","6","0","0","0","0","0","0","0","0","","0","0","0","0","3","1","N","0","2","40 03:15.150","1","0","75 01:29.510","4","0","0","0","67301","0","0","0","N","0","0","0","1","67301","1","","6.0","130.0","1","N","N","N","0","","0","0","1","0","0","Y","1","3","1","0","0","0","0","0","2","0","3","0","0","0","3","03","","N","","","","","","","","","",""
"2020059147","0055","2","0","0","0","0","0","0","0","0","4","0","","67","7","2020","1","40.022906","-75.148275","0048","6","0","0","0","0","0","2","0","0","","0","0","0","0","3","0","","5","1","40 01:22.460","2","0","75 08:53.790","0","0","0","0","67301","0","0","0","N","0","0","0","2","67301","0","","1.0","200.0","1","N","N","N","0","","0","0","0","3","2","N","40","2","0","0","0","0","0","0","2","0","2","0","0","0","3","","","N","","","","","","","","","",""
"2020100313","0952","1","0","0","0","0","0","0","0","0","1","1","","67","11","2020","5","39.95852","-75.166946","0939","6","0","0","0","0","0","0","0","0","","0","1","0","9","1","1","N","0","1","39 57:30.672","4","0","75 10:01.006","4","0","0","0","67301","0","0","0","N","0","0","0","4","68K01","1","","1.0","1035.0","1","N","N","N","0","","0","0","1","3","8","N","932","3","1","0","0","0","0","0","2","0","3","0","0","0","3","","","N","","","","","","","","","",""
"2020055847","1744","1","0","0","0","0","0","0","0","0","4","0","","67","7","2020","4","40.029855","-75.104304","1744","6","0","0","0","0","0","0","0","0","","0","0","0","17","1","1","","1","1","40 01:47.478","3","0","75 06:15.493","3","0","0","0","67301","0","0","0","N","0","0","0","2","67301","0","","1.0","30.0","1","N","N","N","0","","1","0","0","3","2","Y","1742","2","1","0","0","0","0","0","2","0","2","0","0","0","3","","","N","","","","","","","","","",""
"2020057747","0836","1","0","0","0","0","0","0","0","0","7","0","","67","7","2020","1","39.878524","-75.256723","0920","6","0","0","0","0","0","0","0","0","","0","0","0","7","1","1","N","0","1","39 52:42.688","3","99","75 15:24.202","8","0","0","0","67301","0","0","0","N","0","0","0","1","67301","0","","4.0","1105.0","1","N","N","N","0","","0","0","0","0","0","N","710","1","1","0","0","0","1","0","2","0","1","0","0","0","3","03","","N","","","","","","","","","",""
"2020100867","1845","1","0","0","0","0","0","1","0","0","1","1","","67","11","2020","5","40.004095","-75.172281","1835","6","0","0","0","0","0","0","0","0","","0","0","0","18","3","1","","1","0","40 00:14.741","","0","75 10:20.212","8","0","0","0","67301","0","0","0","N","0","0","0","3","67508","0","","1.0","","1","N","N","Y","0","","0","0","0","2","2","N","1835","2","1","0","0","0","1","0","2","0","2","0","0","0","3","03","","N","","","","","","","","","",""
"2020054602","1735","1","0","0","0","0","0","0","0","0","2","0","","67","7","2020","6","40.006775","-75.199989","1714","6","0","0","0","0","0","1","0","0","","0","0","0","16","1","1","N","0","0","40 00:24.390","","0","75 11:59.960","4","0","0","0","67301","0","0","0","N","0","0","0","2","67301","1","","1.0","","9","N","N","N","1","","0","0","0","0","0","","1613","2","1","0","0","0","0","1","2","0","2","0","0","0","7","04","","N","","","","","","","","","",""
"2020063347","0020","1","0","0","0","0","0","0","0","0","4","0","","67","8","2020","6","39.959215","-75.231094","2355","6","0","0","0","0","0","1","0","0","","0","0","0","23","3","4","","1","0","39 57:33.175","","0","75 13:51.938","4","0","0","0","67301","0","0","0","N","0","0","0","4","67301","3","","1.0","","1","N","N","N","0","","0","0","1","3","2","","2355","2","4","1","0","0","1","0","2","0","2","0","0","0","3","03","","N","","","","","","","","","",""
"2020104687","1105","1","0","0","0","0","0","0","0","0","8","0","","67","12","2020","6","40.066381","-75.092244","1100","6","0","0","0","0","0","0","0","0","","0","0","0","10","1","1","N","0","1","40 03:58.970","4","0","75 05:32.080","8","0","0","0","67301","1","0","0","N","1","0","0","2","67301","0","","1.0","1159.0","9","N","N","N","0","","0","0","0","0","0","N","1047","2","1","0","0","0","1","1","2","0","1","1","0","0","7","04","","N","","","","","","","","","",""
"2020033504","0612","1","0","0","0","0","0","0","0","0","5","0","","67","1","2020","6","40.068283","-75.029787","0604","6","0","0","0","0","0","0","0","0","","0","0","0","6","3","0","N","0","1","40 04:05.818","4","0","75 01:47.233","0","0","0","0","67301","0","0","0","N","0","0","0","1","67301","0","","6.0","713.0","1","N","N","N","1","","0","0","1","0","0","N","600","3","0","0","0","0","0","0","2","0","3","0","0","0","3","03","","N","","","","","","","","","",""
"2020026039","0245","1","0","0","0","0","0","0","0","0","8","0","","67","3","2020","3","40.010057","-75.157482","0244","6","0","0","0","0","0","1","0","0","","0","0","0","2","3","1","N","0","1","40 00:36.204","3","0","75 09:26.934","3","0","0","0","67301","1","0","0","N","1","0","0","2","67301","0","","1.0","215.0","1","N","N","N","0","","1","0","0","0","0","N","240","2","1","0","0","0","0","0","2","0","1","1","0","0","3","03","","N","","","","","","","","","",""
"2020100253","1245","2","0","0","0","0","0","0","0","0","2","0","","67","11","2020","1","40.016129","-75.149636","1243","6","0","0","0","0","0","0","0","0","","0","0","0","18","3","1","","2","0","40 00:58.063","","0","75 08:58.689","3","0","0","0","67301","0","0","0","N","0","0","0","2","67301","0","","1.0","","1","N","N","N","0","","1","0","0","3","3","","1800","2","1","2","0","0","0","0","2","0","2","0","0","0","3","03","","N","","","","","","","","","",""
"2020057014","0030","2","0","0","0","0","0","0","0","0","4","0","","67","7","2020","4","40.080459","-75.172601","2214","6","0","0","0","0","0","0","0","0","","0","0","0","22","3","0","","1","0","40 04:49.654","","0","75 10:21.365","9","0","0","0","67301","0","0","0","N","0","0","0","2","67301","0","","1.0","","1","N","N","N","0","","0","0","0","3","2","","2214","2","0","0","0","0","0","1","2","0","2","0","0","0","3","03","","N","","","","","","","","","",""
"2020057294","1700","1","0","0","0","0","0","0","0","0","5","0","","67","7","2020","2","40.059331","-75.188172","1641","6","0","0","0","0","1","0","0","0","","0","0","0","15","1","0","N","0","0","40 03:33.590","","0","75 11:17.420","0","0","0","0","67301","0","0","0","N","0","0","0","1","67301","0","","6.0","","1","N","N","N","1","","0","0","0","0","0","","1535","2","0","0","0","0","0","0","2","0","2","0","0","0","3","","","N","","","","","","","","","",""
"2020065341","2150","2","0","0","0","0","0","0","0","0","2","0","","67","7","2020","3","40.005516","-75.105344","2150","6","0","0","0","0","0","1","0","0","","0","0","0","21","3","1","","1","1","40 00:19.857","3","0","75 06:19.237","3","0","0","0","67301","0","0","0","N","0","0","0","2","67301","0","","1.0","1200.0","1","N","N","N","0","","1","0","0","3","2","Y","2120","2","1","1","0","0","0","0","2","0","2","0","0","0","3","","","N","","","","","","","","","",""
"2020103012","2050","0","0","0","0","0","0","0","0","0","8","0","","67","11","2020","1","40.022261","-75.076358","2041","6","0","0","0","0","0","0","0","0","","0","0","0","19","3","1","N","0","0","40 01:20.140","","0","75 04:34.890","4","0","0","0","67301","1","0","0","N","1","0","0","1","67301","1","","1.0","","1","N","N","N","0","","0","0","0","0","0","","1915","2","1","0","0","0","0","0","2","0","1","1","0","0","3","03","","N","","","","","","","","","",""
"2020054546","1410","7","0","0","0","0","0","0","0","0","5","0","","67","7","2020","6","39.974661","-75.130861","1407","6","0","0","0","0","0","0","0","0","","0","0","0","14","1","0","N","0","0","39 58:28.780","","0","75 07:51.100","9","0","0","0","67301","0","0","0","N","0","0","0","1","67301","0","","6.0","","9","N","N","N","1","","0","0","2","0","0","","1407","10","0","0","0","0","0","1","2","0","10","0","0","0","7","07","","N","","","","","","","","","",""
"2020110835","","1","0","0","0","0","0","0","0","0","1","0","","67","1","2020","5","39.984508","-75.17875","","6","0","0","0","0","0","0","0","0","","0","0","0","22","3","2","","2","0","39 59:04.228","","0","75 10:43.500","8","0","0","0","67301","0","0","0","N","0","0","0","2","00000","0","","1.0","","1","","","N","0","","0","0","0","0","0","","2250","2","2","0","0","0","2","0","2","0","2","0","0","0","3","","","N","","","","","","","","","",""
"2020064966","0654","3","0","0","0","0","0","0","0","0","4","0","","67","7","2020","1","39.979428","-75.225323","0654","6","0","0","0","0","0","2","0","1","","0","0","0","6","1","0","","1","0","39 58:45.940","","0","75 13:31.164","9","0","0","0","67301","0","0","0","N","0","0","0","4","67301","0","","1.0","","1","N","N","N","0","","0","0","0","3","2","","654","4","0","0","0","0","0","1","2","1","4","0","0","0","3","03","","N","","","","","","","","","",""
"2020057292","1912","1","0","0","0","0","0","0","0","0","8","0","","67","7","2020","1","39.955789","-75.159189","1912","6","0","0","0","0","0","0","0","0","","0","0","0","15","1","1","N","0","0","39 57:20.840","","0","75 09:33.080","3","0","0","0","67301","1","0","0","N","1","0","0","2","67301","0","","1.0","","1","N","N","N","0","","1","0","0","0","0","","1530","2","1","0","0","0","0","0","2","0","1","1","0","0","3","03","","N","","","","","","","","","",""
"2020100364","1750","3","0","0","0","0","0","0","0","0","4","0","","67","11","2020","7","39.956404","-75.208445","1750","6","0","0","0","0","0","0","0","0","","0","0","0","17","2","1","","2","9","39 57:23.054","","1","75 12:30.403","8","0","0","0","67301","0","0","0","N","0","0","0","2","67301","0","","1.0","","1","N","N","N","0","","0","0","0","3","2","U","1741","3","1","0","0","0","1","0","2","0","3","0","0","0","3","","","N","","","","","","","","","",""
"2020057385","1430","1","0","0","0","0","0","0","0","0","4","0","","67","7","2020","2","40.003376","-75.065813","1423","6","0","0","0","0","0","0","0","0","","0","0","0","14","1","0","","2","2","40 00:12.155","3","0","75 03:56.927","9","0","0","0","67301","0","0","0","N","0","0","0","2","67301","0","","1.0","1505.0","1","N","N","N","0","","0","0","1","3","3","N","1400","2","0","0","0","0","0","2","2","0","2","0","0","0","3","03","","N","","","","","","","","","",""
"2020048705","1940","0","0","0","0","0","0","0","0","0","0","0","","67","6","2020","1","39.915014","-75.177538","1936","6","0","0","0","0","0","1","0","0","","0","0","0","19","1","1","","1","0","39 54:54.049","","0","75 10:39.138","2","0","1","1","67301","0","0","0","N","0","0","0","1","67301","0","","1.0","","1","N","N","N","0","","0","1","0","3","2","","1936","1","1","0","0","0","0","0","2","0","1","0","0","0","3","03","","N","","","","","","","","","",""
"2020059451","1502","1","0","0","0","0","0","0","0","0","7","0","","67","7","2020","7","39.902442","-75.151164","1443","6","0","0","0","0","0","0","0","0","","0","0","0","14","1","1","N","0","1","39 54:08.791","2","0","75 09:04.190","8","0","0","0","67301","0","0","0","N","0","0","0","1","68K01","0","","3.0","30.0","1","N","N","N","0","","0","0","0","0","0","N","1421","1","1","1","0","0","1","0","2","0","1","0","0","0","3","03","","N","","","","","","","","","",""
"2020058969","1355","0","0","0","0","0","0","0","0","0","5","0","","67","7","2020","6","39.878898","-75.249157","1338","6","0","0","0","0","0","0","0","0","","0","0","0","13","1","0","N","0","0","39 52:44.032","","0","75 14:56.964","0","0","0","0","67301","0","0","0","N","0","0","0","3","68K01","0","","1.0","","9","N","N","N","0","","0","0","2","0","0","","1336","2","0","0","0","0","0","0","2","0","2","0","0","0","7","07","","N","","","","","","","","","",""
"2020034061","0729","1","0","0","0","0","0","0","0","0","1","0","","67","4","2020","2","40.031985","-75.021103","0729","6","0","0","0","0","0","0","0","0","","0","0","0","7","1","0","N","0","1","40 01:55.145","1","0","75 01:15.971","0","0","0","0","67301","0","0","0","N","0","0","0","2","68K01","0","","1.0","744.0","9","N","N","N","0","","0","0","0","0","0","N","704","2","0","0","0","0","0","0","2","0","2","0","0","0","7","07","","N","","","","","","","","","",""
"2020012676","0815","0","0","0","0","0","0","0","0","0","7","0","","67","1","2020","6","40.023463","-75.133737","0803","6","0","0","0","0","0","0","0","0","","0","0","0","7","3","1","N","0","0","40 01:24.466","","0","75 08:01.453","3","0","0","0","67301","0","0","0","N","0","0","0","1","67301","0","","4.0","","9","N","N","N","0","","1","0","1","9","2","","743","1","1","0","0","0","0","0","2","0","1","0","0","0","7","07","","N","","","","","","","","","",""
"2020063116","1135","0","0","0","0","0","0","0","0","0","4","0","","67","8","2020","6","40.036639","-75.103333","1127","6","0","0","0","0","0","1","0","0","","0","0","0","11","1","1","N","0","0","40 02:11.900","","7","75 06:12.000","3","0","0","1","67301","0","0","0","N","0","0","0","2","67301","0","","1.0","","1","N","N","N","0","","1","0","1","0","0","","1120","2","1","0","0","0","0","0","2","0","2","0","0","0","4","","","N","","","","","","","","","",""
"2020050112","2140","1","0","0","1","0","0","0","0","0","8","0","","67","6","2020","6","39.952559","-75.19005","2135","6","0","0","0","0","0","0","0","0","","0","0","0","21","3","1","N","1","0","39 57:09.214","","0","75 11:24.181","8","0","0","0","67301","1","0","0","N","0","0","0","2","67504","0","","1.0","","1","N","N","N","0","","0","0","0","3","2","","2130","2","1","0","0","0","1","0","2","0","1","1","0","0","3","03","","N","","","","","","","","","",""
"2020103738","1300","0","0","0","0","0","0","0","0","0","5","1","","67","12","2020","4","39.908041","-75.154634","1300","6","0","0","0","0","0","0","0","0","","0","1","0","7","1","0","","3","0","39 54:28.947","","2","75 09:16.681","0","0","0","0","67301","0","0","0","N","0","0","0","2","67301","0","","1.0","","1","N","N","N","0","","0","0","1","0","0","","709","2","0","2","0","0","0","0","2","0","2","0","0","0","3","","","N","","","","","","","","","",""
"2020102835","1920","1","0","0","0","0","0","0","0","0","6","1","","67","11","2020","2","40.007185","-75.151581","1919","6","1","0","0","0","0","1","0","0","","0","1","0","19","3","0","N","0","0","40 00:25.865","","0","75 09:05.691","0","0","0","0","67301","0","0","0","N","0","0","0","2","67505","0","","1.0","","9","N","N","N","0","","0","0","0","0","0","","1915","2","0","0","0","0","0","0","2","0","2","0","0","0","4","04","","N","","","","","","","","","",""
"2020100249","1928","1","0","0","0","0","0","0","0","0","1","0","","67","11","2020","7","40.055388","-75.00387","1916","6","0","0","0","0","0","1","0","0","","0","0","0","19","3","4","N","0","0","40 03:19.396","","0","75 00:13.932","3","0","0","0","67301","0","0","0","N","0","0","0","5","67301","0","","1.0","","1","N","N","N","0","","4","0","1","0","0","","1905","2","4","0","0","0","0","0","2","0","2","0","0","0","3","03","","N","","","","","","","","","",""