"CRN","ARRIVAL_TM","AUTOMOBILE_COUNT","BELTED_DEATH_COUNT","BELTED_SUSP_SERIOUS_INJ_COUNT","BICYCLE_COUNT","BICYCLE_DEATH_COUNT","BICYCLE_SUSP_SERIOUS_INJ_COUNT","BUS_COUNT","CHLDPAS_DEATH_COUNT","CHLDPAS_SUSP_SERIOUS_INJ_COUNT","COLLISION_TYPE","COMM_VEH_COUNT","CONS_ZONE_SPD_LIM","COUNTY","CRASH_MONTH","CRASH_YEAR","DAY_OF_WEEK","DEC_LATITUDE","DEC_LONGITUDE","DISPATCH_TM","DISTRICT","DRIVER_COUNT_16YR","DRIVER_COUNT_17YR","DRIVER_COUNT_18YR","DRIVER_COUNT_19YR","DRIVER_COUNT_20YR","DRIVER_COUNT_50_64YR","DRIVER_COUNT_65_74YR","DRIVER_COUNT_75PLUS","EST_HRS_CLOSED","FATAL_COUNT","HEAVY_TRUCK_COUNT","HORSE_BUGGY_COUNT","HOUR_OF_DAY","ILLUMINATION","INJURY_COUNT","INTERSECTION_RELATED","INTERSECT_TYPE","LANE_CLOSED","LATITUDE","LN_CLOSE_DIR","LOCATION_TYPE","LONGITUDE","MAX_SEVERITY_LEVEL","MCYCLE_DEATH_COUNT","MCYCLE_SUSP_SERIOUS_INJ_COUNT","MOTORCYCLE_COUNT","MUNICIPALITY","NONMOTR_COUNT","NONMOTR_DEATH_COUNT","NONMOTR_SUSP_SERIOUS_INJ_COUNT","NTFY_HIWY_MAINT","PED_COUNT","PED_DEATH_COUNT","PED_SUSP_SERIOUS_INJ_COUNT","PERSON_COUNT","POLICE_AGCY","POSSIBLE_INJ_COUNT","RDWY_SURF_TYPE_CD","RELATION_TO_ROAD","ROADWAY_CLEARED","ROAD_CONDITION","SCH_BUS_IND","SCH_ZONE_IND","SECONDARY_CRASH","SMALL_TRUCK_COUNT","SPEC_JURIS_CD","SUSP_MINOR_INJ_COUNT","SUSP_SERIOUS_INJ_COUNT","SUV_COUNT","TCD_FUNC_CD","TCD_TYPE","TFC_DETOUR_IND","TIME_OF_DAY","TOTAL_UNITS","TOT_INJ_COUNT","UNBELTED_OCC_COUNT","UNB_DEATH_COUNT","UNB_SUSP_SERIOUS_INJ_COUNT","UNK_INJ_DEG_COUNT","UNK_INJ_PER_COUNT","URBAN_RURAL","VAN_COUNT","VEHICLE_COUNT","VULNERABLE_ROAD_USER_COUNT","VULNERABLE_ROAD_USER_DEATH_COUNT","VULNERABLE_ROAD_USER_SER_INJ_COUNT","WEATHER1","WEATHER2","WORKERS_PRES","WORK_ZONE_IND","WORK_ZONE_LOC","WORK_ZONE_TYPE","WZ_CLOSE_DETOUR","WZ_FLAGGER","WZ_LAW_OFFCR_IND","WZ_LN_CLOSURE","WZ_MOVING","WZ_OTHER","WZ_SHLDER_MDN","WZ_WORKERS_INJ_KILLED"
"2020054708","1358","0","0","0","0","0","0","0","0","0","4","0","","67","7","2020","7","39.996758","-75.200233","1346","6","0","0","0","0","0","2","0","0","","0","0","0","13","1","2","","3","0","39 59:48.330","","0","75 12:00.840","3","0","0","0","67301","0","0","0","N","0","0","0","2","67301","0","","1.0","","1","N","N","N","0","","2","0","2","0","0","","1330","2","2","0","0","0","0","0","2","0","2","0","0","0","3","03","","N","","","","","","","","","",""
"2020102419","1300","1","0","0","0","0","0","0","0","0","5","1","","67","11","2020","4","40.038789","-75.191645","1300","6","0","0","0","0","1","0","0","0","","0","1","0","13","1","1","N","0","0","40 02:19.639","","0","75 11:29.923","4","0","0","0","67301","0","0","0","N","0","0","0","2","67301","1","","1.0","","1","N","N","N","0","","0","0","0","0","0","","1330","2","1","0","0","0","0","0","2","0","2","0","0","0","3","03","","N","","","","","","","","","",""
"2020056648","2206","0","0","0","0","0","0","0","0","0","5","0","","67","7","2020","5","39.942239","-75.223467","2203","6","0","0","0","0","0","0","0","0","","0","0","0","21","3","1","N","0","0","39 56:32.060","","0","75 13:24.480","3","0","0","0","67301","0","0","0","N","0","0","0","3","67301","0","","6.0","","1","N","N","Y","0","","1","0","1","0","0","","2158","3","1","0","0","0","0","0","2","0","3","0","0","0","3","03","","N","","","","","","","","","",""
"2020057758","1320","1","0","0","0","0","0","0","0","0","7","0","","67","7","2020","6","40.019389","-75.12825","1317","6","0","0","0","0","0","0","0","0","","0","0","0","13","1","1","N","0","0","40 01:09.800","","0","75 07:41.700","3","0","0","0","67301","0","0","0","N","0","0","0","1","67301","0","","4.0","","1","N","N","N","0","","1","0","0","0","0","","1304","1","1","0","0","0","0","0","2","0","1","0","0","0","4","","","N","","","","","","","","","",""
"2020058424","0115","2","0","0","0","0","0","0","0","0","99","0","","67","7","2020","5","39.994076","-75.161264","0040","6","0","0","0","0","0","0","0","0","","0","0","0","23","3","0","N","0","1","39 59:38.673","4","0","75 09:40.549","0","0","0","0","67301","0","0","0","N","0","0","0","2","67301","0","","1.0","200.0","9","N","N","N","0","","0","0","1","0","0","Y","2330","3","0","0","0","0","0","0","2","0","3","0","0","0","7","","","N","","","","","","","","","",""
"2020057748","0136","0","0","0","0","0","0","0","0","0","4","0","","67","7","2020","2","39.921726","-75.232033","0130","6","0","0","0","0","0","0","0","0","","0","0","0","1","3","1","","2","0","39 55:18.213","","0","75 13:55.318","2","0","1","1","67301","0","0","0","N","0","0","0","2","67301","0","","1.0","","1","N","N","N","0","","0","1","1","3","3","","127","2","1","1","0","0","0","0","2","0","2","0","0","0","3","03","","N","","","","","","","","","",""
"2020056669","0531","2","0","0","0","0","0","0","0","0","4","0","","67","7","2020","6","40.011545","-75.108042","0530","6","0","0","0","0","0","0","0","0","","0","0","0","5","1","1","","1","0","40 00:41.562","","0","75 06:28.950","4","0","0","0","67301","0","0","0","N","0","0","0","3","67301","1","","1.0","","1","N","N","N","0","","0","0","0","3","2","","525","2","1","0","0","0","0","0","2","0","2","0","0","0","3","03","","N","","","","","","","","","",""
"2020093218","1323","1","0","0","0","0","0","0","0","0","4","0","","67","11","2020","3","40.068896","-75.181758","1313","6","0","0","0","0","0","0","0","1","","0","0","0","12","1","3","","1","0","40 04:08.025","","0","75 10:54.330","8","0","0","0","67301","0","0","0","N","0","0","0","6","67301","0","","1.0","","1","N","N","N","0","","0","0","1","3","2","","1239","2","3","0","0","0","3","0","2","0","2","0","0","0","3","03","","N","","","","","","","","","",""
"2020053525","1828","2","0","0","0","0","0","0","0","0","5","0","","67","6","2020","6","39.978999","-75.109553","1817","6","0","0","0","0","0","0","0","0","","0","0","0","18","1","1","N","0","1","39 58:44.397","2","0","75 06:34.389","3","0","0","0","67301","0","0","0","N","0","0","0","2","68K01","0","","1.0","1918.0","1","N","N","N","0","","1","0","0","0","0","N","1816","2","1","1","0","0","0","0","2","0","2","0","0","0","3","","","N","","","","","","","","","",""
"2020049311","0153","2","0","0","0","0","0","0","0","0","6","0","","67","6","2020","3","40.003739","-75.139939","0150","6","0","0","0","0","0","0","0","0","","0","0","0","1","3","0","N","0","0","40 00:13.460","","0","75 08:23.780","0","0","0","0","67301","0","0","0","N","0","0","0","1","67301","0","","6.0","","1","N","N","N","0","","0","0","1","0","0","","119","3","0","0","0","0","0","0","2","0","3","0","0","0","3","03","","N","","","","","","","","","",""
"2020049639","0024","0","0","0","0","0","0","0","0","0","8","0","","67","6","2020","2","39.907444","-75.153722","0024","6","0","0","0","0","0","0","0","0","","0","0","0","0","3","1","N","0","0","39 54:26.800","","0","75 09:13.400","2","0","0","0","67301","1","0","1","N","1","0","1","2","67301","0","","1.0","","1","N","N","N","1","","0","1","0","0","0","","24","2","1","0","0","0","0","0","2","0","1","1","0","1","3","03","","N","","","","","","","","","",""
"2020049748","0530","2","0","0","0","0","0","0","0","0","4","0","","67","6","2020","5","39.990961","-75.167868","0421","6","0","0","0","1","0","0","0","0","","0","0","0","4","3","3","","5","0","39 59:27.459","","0","75 10:04.324","3","0","0","0","67301","0","0","0","N","0","0","0","3","67301","0","","1.0","","1","N","N","N","0","","2","0","0","3","2","","400","2","3","0","0","0","1","0","2","0","2","0","0","0","3","03","","N","","","","","","","","","",""
"2020091801","1942","1","0","0","0","0","0","0","0","0","1","0","","67","10","2020","6","39.985874","-75.09314","1937","6","0","0","0","0","0","0","0","0","","0","0","0","19","3","3","N","0","2","39 59:09.148","2","0","75 05:35.305","4","0","0","0","67301","0","0","0","N","0","0","0","4","68K01","3","","3.0","100.0","1","N","N","N","0","","0","0","1","0","0","N","1935","2","3","0","0","0","0","0","2","0","2","0","0","0","3","","","N","","","","","","","","","",""
"2020056353","0235","0","0","0","0","0","0","0","0","0","4","0","","67","7","2020","6","39.958219","-75.211044","0233","6","0","0","0","0","0","0","0","0","","0","0","0","2","3","0","","2","1","39 57:29.590","3","0","75 12:39.759","0","0","0","0","67301","0","0","0","N","0","0","0","2","67301","0","","1.0","245.0","1","N","N","N","0","","0","0","2","3","2","N","208","2","0","0","0","0","0","0","2","0","2","0","0","0","3","03","","N","","","","","","","","","",""
"2020055003","1846","1","0","0","0","0","0","0","0","0","1","0","","67","7","2020","1","40.052236","-75.175821","1846","6","0","0","0","0","0","0","1","0","","0","0","0","18","1","1","","1","0","40 03:08.049","","0","75 10:32.957","4","0","0","1","67301","0","0","0","N","0","0","0","2","67301","1","","1.0","","1","N","N","N","0","","0","0","0","3","2","","1846","3","1","0","0","0","0","0","2","1","3","0","0","0","3","03","","N","","","","","","","","","",""
"2020048587","1421","0","0","0","0","0","0","0","0","0","0","0","","67","6","2020","1","39.991831","-75.145319","1421","6","0","0","0","0","0","0","0","0","","0","0","0","14","1","1","N","0","0","39 59:30.590","","0","75 08:43.150","8","0","0","0","67301","0","0","0","N","0","0","0","1","67301","0","","6.0","","1","N","N","N","0","","0","0","2","0","0","","1421","2","1","1","0","0","1","0","2","0","2","0","0","0","3","","","N","","","","","","","","","",""
"2020054896","2025","1","0","0","0","0","0","0","0","0","4","0","","67","7","2020","7","39.919769","-75.18826","2020","6","0","0","0","0","0","0","0","0","","0","0","0","20","4","1","","2","0","39 55:11.168","","7","75 11:17.735","8","0","0","0","67301","0","0","0","N","0","0","0","2","67301","0","","1.0","","99","N","N","N","0","","0","0","1","3","2","","2000","2","1","0","0","0","1","0","2","0","2","0","0","0","3","","","N","","","","","","","","","",""
"2020110202","1231","0","0","0","0","0","0","0","0","0","7","1","","67","12","2020","3","39.891989","-75.198068","1225","6","0","0","0","0","0","0","0","0","","0","1","0","12","1","0","N","0","2","39 53:31.160","1","3","75 11:53.046","0","0","0","0","67301","0","0","0","N","0","0","0","1","68K01","0","","4.0","30.0","1","N","N","N","0","","0","0","0","0","0","N","1222","1","0","1","0","0","0","0","2","0","1","0","0","0","3","","","N","","","","","","","","","",""
"2020101464","2145","0","0","0","0","0","0","0","0","0","8","0","","67","11","2020","1","40.008986","-75.090686","2140","6","0","0","0","0","0","0","0","0","","0","0","0","20","3","1","N","0","0","40 00:32.350","","0","75 05:26.470","3","0","0","0","67301","1","0","0","N","1","0","0","1","67301","0","","1.0","","1","N","N","N","0","","1","0","0","0","0","","2000","2","1","0","0","0","0","0","2","0","1","1","0","0","4","","","N","","","","","","","","","",""
"2020054706","0745","2","0","0","0","0","0","0","0","0","4","0","","67","7","2020","1","40.020212","-75.073859","0741","6","0","0","0","0","0","0","0","0","","0","0","0","7","1","1","","2","0","40 01:12.762","","0","75 04:25.893","4","0","0","0","67301","0","0","0","N","0","0","0","4","67301","1","","1.0","","1","N","N","N","0","","0","0","0","3","3","","735","2","1","0","0","0","0","0","2","0","2","0","0","0","3","","","N","","","","","","","","","",""
"2020094031","0735","1","0","0","0","0","0","0","0","0","1","0","","67","10","2020","2","40.035609","-75.016912","0712","6","0","0","0","0","0","0","0","0","","0","0","0","6","5","0","N","0","0","40 02:08.193","","0","75 01:00.884","0","0","0","0","67301","0","0","0","N","0","0","0","2","68K01","0","","1.0","","9","N","N","N","0","","0","0","1","0","0","","647","2","0","0","0","0","0","0","2","0","2","0","0","0","7","04","","N","","","","","","","","","",""
"2020097440","0155","2","0","0","0","0","0","0","0","0","1","0","","67","11","2020","1","40.004036","-75.195448","0151","6","0","0","0","0","0","0","0","0","","0","0","0","1","3","1","N","0","0","40 00:14.529","","0","75 11:43.613","4","0","0","0","67301","0","0","0","N","0","0","0","3","68K01","1","","1.0","","1","N","N","N","0","","0","0","0","0","0","","150","2","1","0","0","0","0","0","2","0","2","0","0","0","3","","","N","","","","","","","","","",""
"2020050264","1720","0","0","0","0","0","0","0","0","0","4","0","","67","6","2020","5","39.91832","-75.208884","1715","6","0","0","0","0","0","0","1","1","","0","0","0","16","1","3","","2","0","39 55:05.953","","0","75 12:31.983","3","0","0","0","67301","0","0","0","N","0","0","0","4","67301","0","","1.0","","1","N","N","N","0","","3","0","2","9","9","","1629","2","3","0","0","0","0","0","2","0","2","0","0","0","3","03","","N","","","","","","","","","",""
"2020101208","2309","1","0","0","0","0","0","0","0","0","5","1","55","67","11","2020","5","39.987545","-75.207669","2308","6","0","0","0","0","0","0","0","0","","0","1","0","22","3","1","N","0","0","39 59:15.162","","0","75 12:27.609","4","0","0","0","67301","0","0","0","N","0","0","0","3","68K01","1","","1.0","","1","N","N","N","0","","0","0","0","3","8","","2257","2","1","0","0","0","0","0","2","0","2","0","0","0","3","","N","Y","3","2","","","N","Y","","","Y","N"
"2020093486","1840","1","0","0","0","0","0","0","0","0","1","0","","67","9","2020","2","39.966904","-75.18802","1830","6","0","0","0","0","0","0","0","0","","0","0","0","18","1","1","N","0","2","39 58:00.856","3","0","75 11:16.871","8","0","0","0","67301","0","0","0","N","0","0","0","2","68K01","0","","1.0","1830.0","1","N","N","N","0","","0","0","1","0","0","N","1829","2","1","0","0","0","1","0","2","0","2","0","0","0","3","03","","N","","","","","","","","","",""
"2020055235","1239","0","0","0","0","0","0","0","0","0","5","0","","67","7","2020","2","40.020424","-75.095093","1232","6","0","0","0","0","0","0","0","0","","0","0","0","12","1","0","N","0","0","40 01:13.528","","0","75 05:42.334","0","0","0","0","67301","0","0","0","N","0","0","0","1","67301","0","","6.0","","1","N","N","N","0","","0","0","1","0","0","","1227","2","0","0","0","0","0","0","2","1","2","0","0","0","3","","","N","","","","","","","","","",""
"2020100361","1743","0","0","0","0","0","0","0","0","0","0","0","","67","11","2020","6","40.015428","-75.056269","1730","6","0","0","0","0","0","0","0","0","","0","0","0","16","1","1","N","0","0","40 00:55.540","","0","75 03:22.570","2","0","1","1","67301","0","0","0","N","0","0","0","1","67301","0","","1.0","","1","N","N","N","0","","0","1","0","0","0","","1640","1","1","0","0","0","0","0","2","0","1","0","0","0","3","03","","N","","","","","","","","","",""
"2020054804","0153","1","0","0","0","0","0","0","0","0","4","0","","67","7","2020","2","39.983637","-75.160147","0149","6","0","0","0","0","0","0","0","0","","0","0","0","1","3","0","","1","0","39 59:01.093","","0","75 09:36.529","9","0","0","0","67301","0","0","0","Y","0","0","0","5","67505","0","","1.0","","9","N","N","N","0","","0","0","1","3","2","","139","2","0","0","0","0","0","5","2","0","2","0","0","0","3","03","","Y","","","","","","","","","",""
"2020056279","0152","0","0","0","0","0","0","0","0","0","8","0","","67","7","2020","4","40.00221","-75.1577","0152","6","0","0","0","0","0","0","0","0","","0","0","0","23","3","1","","1","0","40 00:07.957","","0","75 09:27.721","2","0","0","0","67301","1","0","1","N","1","0","1","2","67301","0","","1.0","","1","N","N","N","0","","0","1","0","3","2","","2305","2","1","0","0","0","0","0","2","0","1","1","0","1","3","03","","N","","","","","","","","","",""
"2020054361","0045","2","0","0","0","0","0","0","0","0","7","0","","67","7","2020","7","40.035627","-75.039692","0044","6","0","0","0","0","0","0","0","0","","0","0","0","0","3","0","N","0","0","40 02:08.256","","0","75 02:22.892","0","0","0","0","67301","0","0","0","N","0","0","0","1","67301","0","","4.0","","1","N","N","N","0","","0","0","0","0","0","","44","2","0","0","0","0","0","0","2","0","2","0","0","0","3","03","","N","","","","","","","","","",""
"2020054818","2254","2","0","0","0","0","0","0","0","0","4","0","","67","7","2020","7","39.950557","-75.148904","2252","6","0","0","0","1","0","0","0","0","","0","0","0","22","3","0","","1","0","39 57:02.004","","0","75 08:56.055","0","0","0","0","67301","0","0","0","N","0","0","0","4","67301","0","","1.0","","1","N","N","N","0","","0","0","0","3","2","","2215","2","0","0","0","0","0","0","2","0","2","0","0","0","3","03","","N","","","","","","","","","",""
"2020057755","2028","2","0","0","0","0","0","0","0","0","4","0","","67","7","2020","7","39.998137","-75.138861","2027","6","0","0","0","0","0","0","0","0","","0","0","0","20","1","2","","1","0","39 59:53.293","","0","75 08:19.899","4","0","0","0","67301","0","0","0","N","0","0","0","7","67301","1","","1.0","","1","N","N","N","0","","0","0","0","3","2","","2025","2","2","3","0","0","1","3","2","0","2","0","0","0","3","03","","N","","","","","","","","","",""
"2020063433","1735","0","0","0","0","0","0","0","0","0","7","0","","67","8","2020","6","40.00713","-75.094069","1711","6","0","0","0","0","0","0","0","0","","0","0","0","17","1","0","","1","0","40 00:25.667","","1","75 05:38.650","0","0","0","0","67301","0","0","0","N","0","0","0","1","67301","0","","4.0","","1","N","N","N","0","","0","0","1","3","2","","1710","1","0","1","0","0","0","0","2","0","1","0","0","0","3","04","","N","","","","","","","","","",""
"2020063418","0117","1","0","0","0","0","0","0","0","0","4","0","","67","8","2020","7","39.894693","-75.229477","0115","6","0","0","0","0","0","0","0","0","","0","0","0","1","3","3","","3","1","39 53:40.896","3","0","75 13:46.117","3","0","0","0","67301","0","0","0","N","0","0","0","3","67301","0","","1.0","238.0","9","N","N","N","0","","3","0","1","3","2","N","114","2","3","0","0","0","0","0","2","0","2","0","0","0","98","","","N","","","","","","","","","",""
"2020052499","1636","1","0","0","0","0","0","0","0","0","4","0","","67","7","2020","1","40.049321","-75.183952","1635","6","0","0","0","0","0","1","0","0","","0","0","0","16","1","0","","3","0","40 02:57.555","","0","75 11:02.227","0","0","0","0","67301","0","0","0","N","0","0","0","2","67301","0","","1.0","","1","N","N","N","0","","0","0","1","3","3","","1630","2","0","0","0","0","0","0","2","0","2","0","0","0","3","03","","N","","","","","","","","","",""
"2020056349","1000","0","0","0","0","0","0","0","0","0","4","0","","67","7","2020","4","40.071317","-75.03825","0956","6","0","0","0","0","0","1","0","0","","0","0","0","9","1","1","","1","1","40 04:16.742","2","0","75 02:17.701","3","0","0","0","67301","0","0","0","N","0","0","0","2","67301","0","","1.0","1020.0","1","N","N","N","0","","1","0","2","3","2","N","950","2","1","0","0","0","0","0","2","0","2","0","0","0","3","","","N","","","","","","","","","",""
"2020093926","2025","1","0","0","0","0","0","0","0","0","4","0","","67","11","2020","4","39.939674","-75.222944","2023","6","0","0","0","0","0","0","0","0","","0","1","0","20","3","1","","1","0","39 56:22.826","","0","75 13:22.598","3","0","0","0","67301","0","0","0","N","0","0","0","4","67301","0","","1.0","","1","N","N","N","0","","1","0","1","3","2","","2022","3","1","0","0","0","0","0","2","0","3","0","0","0","3","03","","N","","","","","","","","","",""
"2020092377","2034","1","0","0","0","0","0","0","0","0","7","0","","67","10","2020","7","40.027078","-75.114784","2014","6","0","0","0","0","0","0","0","0","","0","0","0","18","3","0","N","0","1","40 01:37.480","2","0","75 06:53.224","0","0","0","0","67301","0","0","0","N","0","0","0","0","67301","0","","5.0","2136.0","1","N","N","N","0","","0","0","0","0","0","N","1847","1","0","0","0","0","0","0","2","0","1","0","0","0","3","","","N","","","","","","","","","",""
"2020107233","1545","1","0","0","0","0","0","0","0","0","4","0","","67","12","2020","6","40.024765","-75.045521","1538","6","0","0","0","0","0","0","0","0","","0","0","0","15","1","1","N","0","0","40 01:29.154","","7","75 02:43.875","8","0","0","1","67301","0","0","0","N","0","0","0","2","67301","0","","1.0","","1","N","N","N","0","","0","0","0","0","0","","1535","2","1","0","0","0","1","0","2","0","2","0","0","0","3","03","","N","","","","","","","","","",""
"2020055148","1258","3","0","0","0","0","0","0","0","0","1","0","","67","7","2020","2","39.952333","-75.218389","1251","6","0","0","0","0","0","0","0","0","","0","0","0","12","1","1","N","0","0","39 57:08.400","","0","75 13:06.200","8","0","0","0","67301","0","0","0","N","0","0","0","4","67301","0","","6.0","","1","N","N","N","0","","0","0","0","0","0","","1245","3","1","0","0","0","1","2","2","0","3","0","0","0","3","03","","N","","","","","","","","","",""
"2020054901","1630","1","0","0","0","0","0","0","0","0","8","0","","67","7","2020","1","39.956722","-75.228414","1621","6","0","0","0","0","0","0","0","0","","0","0","0","16","1","1","N","0","0","39 57:24.200","","0","75 13:42.290","2","0","0","0","67301","1","0","1","N","1","0","1","2","67301","0","","1.0","","1","N","N","N","0","","0","1","0","0","0","","1610","2","1","0","0","0","0","0","2","0","1","1","0","1","3","03","","N","","","","","","","","","",""
"2020064527","1619","0","0","0","0","0","0","0","0","0","1","0","","67","8","2020","7","40.032122","-75.085303","1559","6","0","0","0","0","0","0","0","0","","0","0","0","15","1","3","","2","0","40 01:55.640","","0","75 05:07.090","3","0","0","0","67301","0","0","0","N","0","0","0","4","67301","0","","1.0","","1","N","N","N","0","","3","0","2","3","3","","1530","2","3","0","0","0","0","1","2","0","2","0","0","0","3","03","","N","","","","","","","","","",""
"2020100032","1801","1","0","0","0","0","0","0","0","0","1","0","","67","11","2020","7","39.958428","-75.167186","1801","6","0","0","0","0","1","0","0","0","","0","0","0","18","3","2","N","0","0","39 57:30.339","","0","75 10:01.868","4","0","0","0","67301","0","0","0","N","0","0","0","7","68K01","2","","1.0","","1","N","N","N","0","","0","0","2","3","8","","1801","3","2","0","0","0","0","0","2","0","3","0","0","0","3","","","N","","","","","","","","","",""
"2020055967","1530","1","0","0","0","0","0","0","0","0","4","0","","67","7","2020","4","39.893366","-75.252026","1530","6","0","0","0","0","0","0","0","0","","0","0","0","14","1","0","","1","0","39 53:36.117","","0","75 15:07.293","0","0","0","0","67301","0","0","0","N","0","0","0","3","67301","0","","1.0","","1","N","N","N","0","","0","0","1","3","3","","1430","2","0","0","0","0","0","0","2","0","2","0","0","0","4","","","N","","","","","","","","","",""
"2020055507","1635","1","0","0","0","0","0","0","0","0","4","0","","67","7","2020","3","39.970449","-75.150872","1630","6","0","0","0","0","0","0","0","0","","0","0","0","15","1","1","","1","0","39 58:13.617","","1","75 09:03.138","3","0","0","0","67301","0","0","0","N","0","0","0","2","67301","0","","1.0","","1","N","N","N","0","","1","0","1","3","3","","1555","2","1","0","0","0","0","0","2","0","2","0","0","0","3","03","","N","","","","","","","","","",""
"2020056352","0519","2","0","0","0","0","0","0","0","0","5","0","","67","7","2020","3","39.953139","-75.240111","0516","6","0","0","0","1","0","0","0","0","","0","0","0","5","1","0","N","0","2","39 57:11.300","2","0","75 14:24.400","0","0","0","0","67301","0","0","0","N","0","0","0","1","67301","0","","6.0","612.0","1","N","N","N","0","","0","0","0","0","0","Y","512","2","0","0","0","0","0","0","2","0","2","0","0","0","3","03","","N","","","","","","","","","",""
"2020089806","","0","0","0","0","0","0","0","0","0","1","0","","67","7","2020","2","40.111149","-75.024266","","6","0","0","0","0","0","0","0","0","","0","0","0","11","1","1","","1","0","40 06:40.135","","0","75 01:27.358","8","0","0","0","67301","0","0","0","N","0","0","0","2","00000","0","","1.0","","1","","","N","0","","0","0","1","3","2","","1150","2","1","0","0","0","1","0","2","1","2","0","0","0","3","","","N","","","","","","","","","",""
"2020058508","0303","1","0","0","0","0","0","0","0","0","5","0","","67","7","2020","4","39.99505","-75.126864","0303","6","0","0","0","0","0","0","0","0","","0","0","0","0","3","0","N","0","0","39 59:42.180","","0","75 07:36.710","0","0","0","0","67301","0","0","0","N","0","0","0","1","67301","0","","6.0","","1","N","N","N","0","","0","0","1","0","0","","38","2","0","1","0","0","0","0","2","0","2","0","0","0","3","03","","N","","","","","","","","","",""
"2020055504","0830","1","0","0","0","0","0","0","0","0","4","0","","67","7","2020","1","39.998137","-75.138861","0826","6","0","0","0","0","0","1","0","0","","0","0","0","8","1","1","","1","0","39 59:53.293","","0","75 08:19.899","2","0","1","1","67301","0","0","0","N","0","0","0","2","67301","0","","1.0","","1","N","N","N","0","","0","1","0","3","2","","826","2","1","1","0","0","0","0","2","0","2","0","0","0","3","03","","N","","","","","","","","","",""
"2020063420","2220","3","0","0","0","0","0","0","0","0","4","0","","67","7","2020","2","39.970354","-75.235708","2218","6","0","0","0","0","0","0","0","0","","0","0","0","22","3","0","","1","0","39 58:13.274","","0","75 14:08.548","0","0","0","0","67301","0","0","0","N","0","0","0","3","67301","0","","1.0","","1","N","N","N","0","","0","0","0","3","2","","2207","3","0","0","0","0","0","0","2","0","3","0","0","0","3","03","","N","","","","","","","","","",""
"2020064076","1016","3","0","0","0","0","0","0","0","0","0","0","45","67","8","2020","6","39.971565","-75.123041","1001","6","0","0","0","0","0","1","0","0","","0","0","0","9","1","0","N","0","1","39 58:17.634","1","0","75 07:22.946","0","0","0","0","67301","0","0","0","N","0","0","0","5","68K01","0","","1.0","1040.0","1","N","N","N","0","","0","0","1","0","0","N","958","4","0","0","0","0","0","0","2","0","4","0","0","0","4","","N","Y","4","1","","","N","","","","Y","N"
"2020054703","1642","1","0","0","0","0","0","0","0","0","5","0","","67","7","2020","7","39.964484","-75.179476","1640","6","0","0","0","0","0","2","0","0","","0","0","0","16","1","1","N","0","0","39 57:52.143","","0","75 10:46.112","3","0","0","1","67301","0","0","0","N","0","0","0","2","67301","0","","1.0","","1","N","N","N","0","","1","0","0","0","0","","1635","2","1","0","0","0","0","0","2","0","2","0","0","0","3","03","","N","","","","","","","","","",""
"2020055498","1632","2","0","0","0","0","0","0","0","0","4","0","","67","7","2020","2","39.902861","-75.241167","1623","6","0","0","0","0","0","0","0","0","","0","0","0","16","1","2","","2","0","39 54:10.300","","7","75 14:28.200","3","0","0","0","67301","0","0","0","N","0","0","0","3","67301","0","","1.0","","1","N","N","N","0","","2","0","0","0","0","","1622","2","2","1","0","0","0","0","2","0","2","0","0","0","3","03","","N","","","","","","","","","",""
"2020058952","1612","1","0","0","0","0","0","0","0","0","1","0","","67","7","2020","2","39.970573","-75.192906","1601","6","0","0","0","0","0","0","0","0","","0","0","0","15","1","1","N","0","0","39 58:14.063","","0","75 11:34.460","4","0","0","0","67301","0","0","0","N","0","0","0","2","68K01","1","","1.0","","9","N","N","N","0","","0","0","1","0","0","","1559","2","1","0","0","0","0","0","2","0","2","0","0","0","7","","","N","","","","","","","","","",""
"2020054784","0649","2","0","0","0","0","0","0","0","0","1","0","","67","7","2020","1","39.984949","-75.158241","0649","6","0","0","0","0","0","0","0","0","","0","0","0","6","5","0","","1","1","39 59:05.816","3","0","75 09:29.666","0","0","0","0","67301","0","0","0","N","0","0","0","5","67301","0","","1.0","830.0","1","N","N","N","0","","0","0","1","3","2","N","627","3","0","0","0","0","0","0","2","0","3","0","0","0","3","","","N","","","","","","","","","",""
"2020054779","2055","1","0","0","0","0","0","0","0","0","5","0","","67","7","2020","7","39.91255","-75.228806","2050","6","0","0","0","0","0","0","0","0","","0","0","0","20","3","1","N","0","0","39 54:45.180","","6","75 13:43.700","3","0","0","0","67301","0","0","0","N","0","0","0","2","67301","0","","1.0","","1","N","N","N","0","","1","0","0","0","0","","2050","2","1","0","0","0","0","0","2","0","2","0","0","0","3","03","","N","","","","","","","","","",""
"2020055541","0400","1","0","0","0","0","0","0","0","0","2","0","","67","7","2020","2","39.963833","-75.233389","0400","6","0","0","0","0","0","0","1","0","","0","0","0","3","3","1","N","0","0","39 57:49.800","","0","75 14:00.200","4","0","0","0","67301","0","0","0","N","0","0","0","1","67301","1","","6.0","","1","N","N","N","1","","0","0","0","0","0","","359","2","1","1","0","0","0","0","2","0","2","0","0","0","3","03","","N","","","","","","","","","",""