"CRN","ARRIVAL_TM","AUTOMOBILE_COUNT","BELTED_DEATH_COUNT","BELTED_SUSP_SERIOUS_INJ_COUNT","BICYCLE_COUNT","BICYCLE_DEATH_COUNT","BICYCLE_SUSP_SERIOUS_INJ_COUNT","BUS_COUNT","CHLDPAS_DEATH_COUNT","CHLDPAS_SUSP_SERIOUS_INJ_COUNT","COLLISION_TYPE","COMM_VEH_COUNT","CONS_ZONE_SPD_LIM","COUNTY","CRASH_MONTH","CRASH_YEAR","DAY_OF_WEEK","DEC_LATITUDE","DEC_LONGITUDE","DISPATCH_TM","DISTRICT","DRIVER_COUNT_16YR","DRIVER_COUNT_17YR","DRIVER_COUNT_18YR","DRIVER_COUNT_19YR","DRIVER_COUNT_20YR","DRIVER_COUNT_50_64YR","DRIVER_COUNT_65_74YR","DRIVER_COUNT_75PLUS","EST_HRS_CLOSED","FATAL_COUNT","HEAVY_TRUCK_COUNT","HORSE_BUGGY_COUNT","HOUR_OF_DAY","ILLUMINATION","INJURY_COUNT","INTERSECTION_RELATED","INTERSECT_TYPE","LANE_CLOSED","LATITUDE","LN_CLOSE_DIR","LOCATION_TYPE","LONGITUDE","MAX_SEVERITY_LEVEL","MCYCLE_DEATH_COUNT","MCYCLE_SUSP_SERIOUS_INJ_COUNT","MOTORCYCLE_COUNT","MUNICIPALITY","NONMOTR_COUNT","NONMOTR_DEATH_COUNT","NONMOTR_SUSP_SERIOUS_INJ_COUNT","NTFY_HIWY_MAINT","PED_COUNT","PED_DEATH_COUNT","PED_SUSP_SERIOUS_INJ_COUNT","PERSON_COUNT","POLICE_AGCY","POSSIBLE_INJ_COUNT","RDWY_SURF_TYPE_CD","RELATION_TO_ROAD","ROADWAY_CLEARED","ROAD_CONDITION","SCH_BUS_IND","SCH_ZONE_IND","SECONDARY_CRASH","SMALL_TRUCK_COUNT","SPEC_JURIS_CD","SUSP_MINOR_INJ_COUNT","SUSP_SERIOUS_INJ_COUNT","SUV_COUNT","TCD_FUNC_CD","TCD_TYPE","TFC_DETOUR_IND","TIME_OF_DAY","TOTAL_UNITS","TOT_INJ_COUNT","UNBELTED_OCC_COUNT","UNB_DEATH_COUNT","UNB_SUSP_SERIOUS_INJ_COUNT","UNK_INJ_DEG_COUNT","UNK_INJ_PER_COUNT","URBAN_RURAL","VAN_COUNT","VEHICLE_COUNT","VULNERABLE_ROAD_USER_COUNT","VULNERABLE_ROAD_USER_DEATH_COUNT","VULNERABLE_ROAD_USER_SER_INJ_COUNT","WEATHER1","WEATHER2","WORKERS_PRES","WORK_ZONE_IND","WORK_ZONE_LOC","WORK_ZONE_TYPE","WZ_CLOSE_DETOUR","WZ_FLAGGER","WZ_LAW_OFFCR_IND","WZ_LN_CLOSURE","WZ_MOVING","WZ_OTHER","WZ_SHLDER_MDN","WZ_WORKERS_INJ_KILLED"
"2020052545","2258","1","0","0","0","0","0","0","0","0","4","0","","67","7","2020","1","39.952757","-75.158106","2256","6","0","0","0","0","1","0","0","0","","0","0","0","22","3","0","","1","0","39 57:09.926","","0","75 09:29.183","0","0","0","0","67301","0","0","0","N","0","0","0","2","67301","0","","1.0","","1","N","N","N","0","","0","0","1","2","2","","2210","2","0","2","0","0","0","0","2","0","2","0","0","0","3","03","","N","","","","","","","","","",""
"2020100255","0921","3","0","0","0","0","0","0","0","0","4","0","","67","11","2020","7","39.997575","-75.151536","0913","6","0","0","0","0","0","0","0","0","","0","0","0","9","1","1","N","0","0","39 59:51.270","","0","75 09:05.530","3","0","0","0","67301","0","0","0","N","0","0","0","1","67301","0","","1.0","","1","N","N","Y","0","","1","0","0","0","0","","911","3","1","1","0","0","0","0","2","0","3","0","0","0","3","03","","N","","","","","","","","","",""
"2020101165","0855","1","0","0","0","0","0","0","0","0","7","0","","67","11","2020","1","40.003513","-75.077401","0855","6","0","0","0","0","0","0","0","0","","0","0","0","8","1","0","N","6","1","40 00:12.647","2","2","75 04:38.645","9","0","0","0","67301","0","0","0","N","0","0","0","1","68K01","0","","2.0","50.0","1","N","N","N","0","","0","0","0","0","0","N","800","1","0","0","0","0","0","1","2","0","1","0","0","0","3","","","N","","","","","","","","","",""
"2020055147","0535","2","0","0","0","0","0","0","0","0","1","0","","67","7","2020","1","39.957234","-75.227693","0530","6","0","0","0","0","0","0","0","0","","0","0","0","5","5","0","N","0","0","39 57:26.043","","0","75 13:39.695","0","0","0","0","67301","0","0","0","N","0","0","0","2","67301","0","","6.0","","1","N","N","N","0","","0","0","1","0","0","","515","3","0","0","0","0","0","0","2","0","3","0","0","0","3","03","","N","","","","","","","","","",""
"2020063301","0715","2","0","0","0","0","0","0","0","0","4","0","","67","8","2020","5","39.99484","-75.148902","0710","6","0","0","0","0","0","0","0","0","","0","0","0","7","8","0","","1","0","39 59:41.424","","0","75 08:56.047","0","0","0","0","67301","0","0","0","N","0","0","0","2","67301","0","","1.0","","9","N","N","N","0","","0","0","0","3","3","","700","2","0","0","0","0","0","0","2","0","2","0","0","0","7","","","N","","","","","","","","","",""
"2020097587","0120","2","0","0","0","0","0","0","0","0","2","0","","67","11","2020","7","39.936652","-75.234226","0117","6","0","0","0","0","0","0","0","0","","0","0","0","0","3","1","N","0","0","39 56:11.946","","0","75 14:03.215","3","0","0","0","67301","0","0","0","N","0","0","0","2","67301","0","","3.0","","1","N","N","N","0","","1","0","0","0","0","","26","2","1","0","0","0","0","1","2","0","2","0","0","0","3","03","","N","","","","","","","","","",""
"2020055006","1405","2","0","0","0","0","0","0","0","0","4","0","","67","7","2020","5","39.974678","-75.16532","1355","6","0","0","0","0","0","0","0","0","","0","0","0","13","1","1","","2","0","39 58:28.839","","0","75 09:55.153","4","0","0","0","67301","0","0","0","N","0","0","0","2","67301","1","","1.0","","1","N","N","N","0","","0","0","0","3","3","","1350","2","1","0","0","0","0","0","2","0","2","0","0","0","3","03","","N","","","","","","","","","",""
"2020053996","1546","1","0","0","0","0","0","0","0","0","4","0","","67","7","2020","5","40.09473","-74.968733","1536","6","0","0","0","1","0","0","0","0","","0","0","0","15","1","2","","1","0","40 05:41.027","","0","74 58:07.439","3","0","0","0","67301","0","0","0","N","0","0","0","2","67301","0","","1.0","","1","N","N","N","0","","2","0","1","3","2","","1515","2","2","0","0","0","0","0","2","0","2","0","0","0","3","03","","N","","","","","","","","","",""
"2020100164","1545","1","0","0","0","0","0","0","0","0","5","0","","67","11","2020","5","39.974281","-75.237614","1540","6","0","0","0","0","0","0","0","0","","0","0","0","15","1","0","N","0","0","39 58:27.410","","0","75 14:15.410","0","0","0","0","67301","0","0","0","N","0","0","0","1","67301","0","","6.0","","1","N","N","N","1","","0","0","0","0","0","","1506","2","0","0","0","0","0","0","2","0","2","0","0","0","3","","","N","","","","","","","","","",""
"2020063630","0639","0","0","0","0","0","0","0","0","0","7","0","","67","8","2020","6","40.039348","-75.007272","0639","6","0","0","0","0","0","0","0","0","","0","0","0","5","1","0","N","0","0","40 02:21.652","","0","75 00:26.178","0","0","0","0","67301","0","0","0","N","0","0","0","1","68K01","0","","4.0","","9","N","N","N","0","","0","0","0","0","0","","559","1","0","0","0","0","0","0","2","1","1","0","0","0","7","","","N","","","","","","","","","",""
"2020063666","1708","1","0","0","0","0","0","0","0","0","8","0","","67","8","2020","6","39.997843","-75.110972","1708","6","0","0","0","0","0","0","0","0","","0","0","0","19","4","1","","5","0","39 59:52.234","","1","75 06:39.499","3","0","0","0","67301","1","0","0","N","1","0","0","2","67301","0","","1.0","","1","N","N","N","0","","1","0","0","3","2","","1930","2","1","0","0","0","0","0","2","0","1","1","0","0","3","03","","N","","","","","","","","","",""
"2020052681","1357","0","0","0","0","0","0","0","0","0","0","0","","67","7","2020","2","40.114188","-75.005095","1352","6","0","0","0","0","0","0","0","0","","0","0","0","13","1","0","N","0","0","40 06:51.076","","0","75 00:18.343","0","0","0","0","67301","0","0","0","N","0","0","0","1","67301","0","","5.0","","9","N","N","N","0","","0","0","1","0","0","","1350","2","0","0","0","0","0","0","2","0","1","0","0","0","7","","","N","","","","","","","","","",""
"2020063283","1132","2","0","0","0","0","0","0","0","0","1","0","","67","8","2020","5","40.093678","-74.967496","1112","6","0","0","0","0","0","1","0","0","","0","0","0","10","1","2","Y","0","0","40 05:37.240","","0","74 58:02.986","3","0","0","0","67301","0","0","0","N","0","0","0","2","67301","1","","1.0","","1","N","N","N","0","","1","0","0","0","0","","1050","2","2","0","0","0","0","0","2","0","2","0","0","0","3","03","","N","","","","","","","","","",""
"2020053346","0805","1","0","0","0","0","0","0","0","0","1","0","","67","7","2020","4","39.947252","-75.198479","0800","6","0","0","0","0","0","1","0","0","","0","0","0","8","1","1","N","0","2","39 56:50.107","1","0","75 11:54.524","4","0","0","0","67301","0","0","0","N","0","0","0","3","67504","1","","1.0","810.0","1","N","N","N","0","","0","0","1","0","0","N","800","3","1","0","0","0","0","1","2","1","3","0","0","0","3","03","","N","","","","","","","","","",""
"2020097917","1158","2","0","0","0","0","0","0","0","0","4","0","","67","11","2020","5","39.985598","-75.103771","1158","6","0","0","0","0","0","1","0","0","","0","0","0","18","3","0","N","0","9","39 59:08.152","","0","75 06:13.576","9","0","0","0","67301","0","0","0","N","0","0","0","1","67301","0","","1.0","","99","N","N","N","0","","0","0","0","0","0","U","1815","2","0","0","0","0","0","1","2","0","2","0","0","0","4","04","","N","","","","","","","","","",""
"2020055146","1909","0","0","0","0","0","0","0","0","0","7","0","","67","7","2020","1","39.915556","-75.22575","1909","6","0","0","0","0","0","0","0","0","","0","0","0","19","4","1","N","0","1","39 54:56.000","3","0","75 13:32.700","2","0","1","1","67301","0","0","0","N","0","0","0","1","67301","0","","4.0","30.0","1","N","N","N","0","","0","1","0","0","0","Y","1903","1","1","0","0","0","0","0","2","0","1","0","0","0","3","03","","N","","","","","","","","","",""
"2020058982","2235","0","0","0","0","0","0","0","0","0","7","0","","67","7","2020","6","40.040101","-75.006389","2224","6","0","0","0","0","0","0","0","0","","0","0","0","22","3","0","N","0","0","40 02:24.365","","0","75 00:23.001","0","0","0","0","67301","0","0","0","N","0","0","0","1","68K01","0","","4.0","","1","N","N","N","0","","0","0","1","0","0","","2221","1","0","0","0","0","0","0","2","0","1","0","0","0","7","","","N","","","","","","","","","",""
"2020055877","0505","1","0","0","0","0","0","0","0","0","5","0","","67","7","2020","7","39.967844","-75.147017","0500","6","0","0","0","0","0","0","0","0","","0","0","0","4","3","0","N","0","0","39 58:04.240","","0","75 08:49.260","0","0","0","0","67301","0","0","0","N","0","0","0","1","67301","0","","6.0","","1","N","N","N","0","","0","0","2","0","0","","458","3","0","0","0","0","0","0","2","0","3","0","0","0","3","03","","N","","","","","","","","","",""
"2020104138","1510","2","0","0","0","0","0","1","0","0","5","1","","67","11","2020","6","39.977997","-75.270288","1500","6","0","0","0","0","0","0","0","1","","0","0","0","15","1","1","N","1","1","39 58:40.789","7","0","75 16:13.036","8","0","0","0","67301","0","0","0","N","0","0","0","4","67508","0","","1.0","9999.0","1","N","N","Y","0","","0","0","0","3","3","N","1500","3","1","0","0","0","1","0","2","0","3","0","0","0","3","03","","N","","","","","","","","","",""
"2020107586","1520","1","0","0","0","0","0","0","0","0","5","0","","67","12","2020","1","40.099142","-75.019228","1511","6","0","0","0","0","0","0","0","0","","0","0","0","15","1","1","N","0","1","40 05:56.910","1","0","75 01:09.220","8","0","0","1","67301","0","0","0","N","0","0","0","1","67301","0","","1.0","1530.0","1","N","N","N","1","","0","0","0","0","0","N","1505","3","1","0","0","0","1","0","2","0","3","0","0","0","3","03","","N","","","","","","","","","",""
"2020059515","1227","1","0","0","0","0","0","0","0","0","6","0","","67","7","2020","3","39.982371","-75.264442","1217","6","0","0","0","0","0","0","0","0","","0","0","0","12","1","1","","2","1","39 58:56.534","3","0","75 15:51.992","3","0","0","0","67301","0","0","0","N","0","0","0","3","67301","0","","1.0","200.0","1","N","N","N","0","","1","0","2","3","2","N","1210","3","1","0","0","0","0","0","2","0","3","0","0","0","3","03","","N","","","","","","","","","",""
"2020055970","1225","1","0","0","0","0","0","0","0","0","8","0","","67","7","2020","4","40.022857","-75.077499","1214","6","0","0","0","0","0","0","0","0","","0","0","0","12","1","1","","2","0","40 01:22.284","","0","75 04:38.996","3","0","0","0","67301","1","0","0","N","1","0","0","2","67301","0","","1.0","","1","N","N","N","0","","1","0","0","0","0","","1214","2","1","0","0","0","0","0","2","0","1","1","0","0","3","","","N","","","","","","","","","",""
"2020057388","0630","0","0","1","0","0","0","0","0","0","4","0","","67","7","2020","2","39.97823","-75.273543","0630","6","0","0","0","0","0","1","0","0","","0","0","0","6","1","3","","2","0","39 58:41.627","","0","75 16:24.753","2","0","0","0","67301","0","0","0","N","0","0","0","3","67301","1","","1.0","","1","N","N","N","0","","0","1","2","3","2","","630","2","3","0","0","0","1","0","2","0","2","0","0","0","3","03","","N","","","","","","","","","",""
"2020063248","0643","0","0","0","0","0","0","0","0","0","7","0","","67","8","2020","6","39.950926","-75.141571","0643","6","0","0","0","0","0","0","0","0","","0","0","0","6","5","0","N","0","0","39 57:03.335","","0","75 08:29.654","0","0","0","0","67301","0","0","0","N","0","0","0","1","68K01","0","","4.0","","9","N","N","N","0","","0","0","1","0","0","","643","1","0","0","0","0","0","0","2","0","1","0","0","0","7","","","N","","","","","","","","","",""
"2020108394","1921","1","0","0","0","0","0","0","0","0","1","0","","67","12","2020","2","39.969354","-75.126343","1913","6","0","0","0","0","0","2","0","0","","0","0","0","19","3","1","N","0","1","39 58:09.673","1","0","75 07:34.836","3","0","0","0","67301","0","0","0","N","0","0","0","4","68K01","0","","1.0","1921.0","1","N","N","N","0","","1","0","1","0","0","N","1911","2","1","0","0","0","0","0","2","0","2","0","0","0","3","03","","N","","","","","","","","","",""
"2020104884","2117","0","0","0","0","0","0","0","0","0","8","0","","67","12","2020","6","39.971667","-75.161071","2112","6","0","0","0","0","0","0","0","0","","0","0","0","21","3","1","","1","0","39 58:18.002","","0","75 09:39.855","8","0","0","0","67301","1","0","0","N","1","0","0","2","67301","0","","1.0","","9","N","N","N","0","","0","0","0","3","2","","2112","2","1","0","0","0","1","1","2","0","1","1","0","0","7","07","","N","","","","","","","","","",""
"2020099877","2336","2","0","0","0","0","0","0","0","0","6","0","","67","11","2020","5","39.999227","-75.147381","2327","6","0","0","0","0","0","0","0","0","","0","0","0","23","3","1","","1","0","39 59:57.217","","0","75 08:50.570","3","0","0","0","67301","0","0","0","N","0","0","0","2","67301","0","","1.0","","1","N","N","N","0","","1","0","0","9","2","","2305","2","1","0","0","0","0","0","2","0","2","0","0","0","3","03","","N","","","","","","","","","",""
"2020054604","2002","2","0","0","0","0","0","0","0","0","5","0","","67","7","2020","7","39.959027","-75.229562","2000","6","0","0","0","0","0","0","0","0","","0","0","0","19","4","0","N","0","0","39 57:32.496","","0","75 13:46.422","0","0","0","0","67301","0","0","0","N","0","0","0","1","67301","0","","6.0","","1","N","N","N","0","","0","0","0","0","0","","1958","2","0","0","0","0","0","0","2","0","2","0","0","0","3","03","","N","","","","","","","","","",""
"2020098893","","1","0","0","0","0","0","0","0","0","4","0","","67","1","2020","6","40.001318","-75.215301","","6","0","0","0","0","0","1","0","0","","0","0","0","14","1","1","","5","0","40 00:04.744","","0","75 12:55.083","3","0","0","0","67301","0","0","0","N","0","0","0","2","00000","0","","1.0","","1","","","N","0","","1","0","0","3","4","","1430","2","1","0","0","0","0","0","2","0","2","0","0","0","3","","","N","","","","","","","","","",""
"2020057321","0445","3","0","0","0","0","0","0","0","0","6","0","","67","7","2020","2","40.028244","-75.084817","0438","6","0","0","0","0","0","0","0","0","","0","0","0","3","3","1","","1","0","40 01:41.678","","0","75 05:05.341","3","0","0","0","67301","0","0","0","N","0","0","0","2","67301","0","","1.0","","1","N","N","N","0","","1","0","0","3","2","","334","3","1","0","0","0","0","0","2","0","3","0","0","0","3","","","N","","","","","","","","","",""
"2020100890","0327","2","0","0","0","0","0","0","0","0","6","0","","67","11","2020","7","39.972789","-75.134119","0325","6","0","0","0","0","0","0","0","0","","0","0","0","3","3","0","N","0","0","39 58:22.041","","0","75 08:02.828","0","0","0","0","67301","0","0","0","N","0","0","0","1","67301","0","","1.0","","1","N","N","N","0","","0","0","0","0","0","","320","2","0","0","0","0","0","0","2","0","2","0","0","0","3","03","","N","","","","","","","","","",""
"2020063584","0135","2","0","0","0","0","0","0","0","0","4","0","","67","8","2020","1","39.958928","-75.24139","0124","6","0","0","0","0","0","0","0","0","","0","0","0","1","3","0","","1","0","39 57:32.141","","0","75 14:29.004","0","0","0","0","67301","0","0","0","N","0","0","0","2","67301","0","","1.0","","1","N","N","N","0","","0","0","0","3","1","","120","2","0","1","0","0","0","0","2","0","2","0","0","0","3","03","","N","","","","","","","","","",""
"2020097438","0128","1","0","0","0","0","0","0","0","0","1","0","40","67","11","2020","1","39.942553","-75.193425","0128","6","0","0","0","0","0","0","0","0","","0","0","0","1","3","1","N","0","0","39 56:33.191","","0","75 11:36.331","3","0","0","0","67301","0","0","0","N","0","0","0","3","68K01","0","","1.0","","1","N","N","N","1","","1","0","0","0","0","","126","2","1","0","0","0","0","0","2","0","2","0","0","0","3","03","Y","Y","4","2","N","N","Y","Y","N","N","N","N"
"2020096892","","1","0","0","0","0","0","0","0","0","1","0","","67","1","2020","6","39.958469","-75.213025","","6","0","0","0","0","0","0","0","0","","0","0","0","16","1","1","","2","0","39 57:30.489","","0","75 12:46.891","8","0","0","0","67301","0","0","0","N","0","0","0","2","00000","0","","1.0","","1","","","N","0","","0","0","1","3","2","","1630","2","1","0","0","0","1","0","2","0","2","0","0","0","3","","","N","","","","","","","","","",""
"2020063864","1650","2","0","0","0","0","0","0","0","0","1","0","","67","8","2020","1","40.008779","-75.138565","1641","6","0","0","0","0","0","0","0","0","","0","0","0","16","1","1","","1","0","40 00:31.604","","0","75 08:18.833","3","0","0","0","67301","0","0","0","N","0","0","0","4","67301","0","","1.0","","1","N","N","N","0","","1","0","1","3","2","","1634","3","1","4","0","0","0","0","2","0","3","0","0","0","3","03","","N","","","","","","","","","",""
"2020077914","0301","2","0","0","0","0","0","0","0","0","4","0","","67","7","2020","5","39.990878","-75.11483","0301","6","0","0","0","0","0","1","0","0","","0","0","0","3","3","1","","2","0","39 59:27.161","","0","75 06:53.387","3","0","0","0","67301","0","0","0","N","0","0","0","3","67301","0","","1.0","","1","N","N","N","0","","1","0","0","3","2","","300","2","1","0","0","0","0","0","2","0","2","0","0","0","3","03","","N","","","","","","","","","",""
"2020062941","1823","1","0","0","0","0","0","0","0","0","4","0","","67","8","2020","4","40.062448","-75.042717","1811","6","0","0","0","1","0","1","0","0","","0","0","0","17","1","0","","2","1","40 03:44.813","6","0","75 02:33.782","0","0","0","0","67301","0","0","0","N","0","0","0","3","67301","0","","1.0","100.0","1","N","N","N","0","","0","0","1","3","2","N","1759","2","0","0","0","0","0","0","2","0","2","0","0","0","3","","","N","","","","","","","","","",""
"2020062292","1108","0","0","0","0","0","0","0","0","0","7","0","","67","8","2020","3","40.066386","-75.196728","1055","6","0","0","0","0","0","0","0","0","","0","0","0","9","1","1","N","0","0","40 03:58.990","","0","75 11:48.220","3","0","0","0","67301","0","0","0","N","0","0","0","1","67301","0","","4.0","","8","N","N","N","0","","1","0","1","0","0","","956","1","1","0","0","0","0","0","2","0","1","0","0","0","7","04","","N","","","","","","","","","",""
"2020054365","0422","1","0","0","0","0","0","0","0","0","1","0","","67","7","2020","7","39.998522","-75.153593","0415","6","0","0","0","0","0","0","0","0","","0","0","0","4","3","1","","2","0","39 59:54.678","","0","75 09:12.936","4","0","0","0","67301","0","0","0","N","0","0","0","2","67301","1","","1.0","","9","N","N","N","0","","0","0","0","3","2","","415","2","1","0","0","0","0","0","2","0","2","0","0","0","3","03","","N","","","","","","","","","",""
"2020055295","1655","1","0","0","0","0","0","0","0","0","1","0","","67","7","2020","2","39.994058","-75.119058","1655","6","0","0","0","0","0","0","0","0","","0","0","0","16","1","1","N","0","0","39 59:38.610","","0","75 07:08.610","4","0","0","1","67301","0","0","0","N","0","0","0","2","67301","1","","1.0","","1","N","N","N","0","","0","0","0","0","0","","1655","2","1","0","0","0","0","0","2","0","2","0","0","0","3","04","","N","","","","","","","","","",""
"2020063665","2155","1","0","0","0","0","0","0","0","0","4","0","","67","8","2020","7","39.9435","-75.235244","2150","6","0","0","0","0","0","0","0","1","","0","0","0","21","3","4","","1","0","39 56:36.600","","0","75 14:06.878","3","0","0","0","67301","0","0","0","N","0","0","0","4","67301","0","","1.0","","1","N","N","N","0","","4","0","1","3","3","","2145","2","4","0","0","0","0","0","2","0","2","0","0","0","3","03","","N","","","","","","","","","",""
"2020057762","0527","2","0","0","0","0","0","0","0","0","6","0","","67","7","2020","2","40.053994","-75.152786","0522","6","0","0","0","0","0","1","0","0","","0","0","0","5","5","0","N","0","0","40 03:14.380","","0","75 09:10.030","0","0","0","0","67301","0","0","0","N","0","0","0","1","67301","0","","6.0","","9","N","N","N","0","","0","0","0","0","0","","520","2","0","0","0","0","0","0","2","0","2","0","0","0","3","03","","N","","","","","","","","","",""
"2020063038","1921","2","0","0","0","0","0","0","0","0","6","0","","67","8","2020","5","39.976133","-75.122406","1921","6","0","0","0","0","0","1","0","0","","0","0","0","18","1","0","N","0","0","39 58:34.080","","0","75 07:20.660","0","0","0","0","67301","0","0","0","N","0","0","0","2","67301","0","","1.0","","1","N","N","N","0","","0","0","0","0","0","","1800","2","0","0","0","0","0","0","2","0","2","0","0","0","3","","","N","","","","","","","","","",""
"2020108702","0825","0","0","0","0","0","0","0","0","0","4","0","","67","12","2020","4","40.092731","-74.959342","0822","6","0","0","0","0","0","0","1","0","","0","0","0","7","1","0","N","0","0","40 05:33.830","","7","74 57:33.630","0","0","0","0","67301","0","0","0","N","0","0","0","1","67301","0","","1.0","","1","N","N","N","0","","0","0","2","0","0","","750","2","0","0","0","0","0","0","2","0","2","0","0","0","3","03","","N","","","","","","","","","",""
"2020107818","0840","0","0","0","0","0","0","0","0","0","7","0","","67","12","2020","2","39.976802","-75.131802","0839","6","0","0","0","0","0","0","0","0","","0","0","0","8","1","1","","1","0","39 58:36.486","","0","75 07:54.487","8","0","0","0","67301","0","0","0","N","0","0","0","1","67301","0","","9.0","","9","N","N","N","0","","0","0","1","0","0","","838","1","1","0","0","0","1","0","2","0","1","0","0","0","7","","","N","","","","","","","","","",""
"2020056180","1625","1","0","0","0","0","0","0","0","0","1","0","","67","7","2020","4","40.045674","-75.031529","1620","6","0","0","0","0","0","1","0","0","","0","0","0","16","1","0","","1","0","40 02:44.428","","0","75 01:53.506","0","0","0","0","67301","0","0","0","N","0","0","0","5","67301","0","","1.0","","1","N","N","N","0","","0","0","2","3","2","","1600","4","0","0","0","0","0","0","2","1","4","0","0","0","3","03","","N","","","","","","","","","",""
"2020100256","1910","1","0","0","0","0","0","0","0","0","99","0","","67","11","2020","3","40.015964","-75.142189","1908","6","0","0","0","0","0","0","0","0","","0","0","0","19","3","1","N","0","0","40 00:57.470","","0","75 08:31.880","2","0","0","0","67301","0","0","0","N","0","0","0","1","67301","0","","4.0","","1","N","N","N","0","","0","1","0","0","0","","1908","1","1","0","0","0","0","0","2","0","1","0","0","0","3","03","","N","","","","","","","","","",""
"2020055499","2214","4","0","0","0","0","0","0","0","0","4","0","","67","7","2020","2","39.958177","-75.229104","2212","6","0","0","0","0","0","1","0","0","","0","0","0","22","3","0","","1","0","39 57:29.437","","0","75 13:44.774","9","0","0","0","67301","0","0","0","N","0","0","0","2","67301","0","","1.0","","1","N","N","N","0","","0","0","0","3","3","","2211","4","0","0","0","0","0","1","2","0","4","0","0","0","3","03","","N","","","","","","","","","",""
"2020054785","1832","2","0","0","0","0","0","0","0","0","4","0","","67","7","2020","1","39.991899","-75.16319","1832","6","0","0","0","0","0","0","0","0","","0","0","0","18","1","0","","1","0","39 59:30.836","","0","75 09:47.484","0","0","0","0","67301","0","0","0","N","0","0","0","3","67301","0","","1.0","","1","N","N","N","0","","0","0","0","3","3","","1832","2","0","0","0","0","0","0","2","0","2","0","0","0","3","03","","N","","","","","","","","","",""
"2020061294","2344","0","0","0","0","0","0","0","0","0","6","0","","67","7","2020","6","40.015303","-75.137158","2344","6","0","0","0","0","0","0","0","0","","0","0","0","23","3","1","","1","0","40 00:55.090","","0","75 08:13.768","3","0","0","0","67301","0","0","0","N","0","0","0","2","67301","0","","1.0","","1","N","N","N","0","","1","0","0","3","2","","2344","2","1","0","0","0","0","0","2","2","2","0","0","0","3","","","N","","","","","","","","","",""
"2020061255","2129","1","0","0","0","0","0","0","0","0","3","0","","67","7","2020","6","39.931501","-75.151425","2121","6","0","0","0","0","0","1","0","0","","0","0","0","21","3","0","","2","0","39 55:53.403","","0","75 09:05.130","0","0","0","0","67301","0","0","0","N","0","0","0","2","67301","0","","1.0","","1","N","N","N","0","","0","0","1","0","0","","2110","2","0","0","0","0","0","0","2","0","2","0","0","0","3","","","N","","","","","","","","","",""
"2020055497","1555","1","0","0","0","0","0","0","0","0","5","0","","67","7","2020","3","40.044072","-75.09936","1555","6","0","0","0","0","0","0","0","0","","0","0","0","15","1","1","N","1","0","40 02:38.659","","0","75 05:57.696","3","0","0","0","67301","0","0","0","N","0","0","0","2","67301","0","","1.0","","1","N","N","N","0","","1","0","1","3","3","","1535","3","1","0","0","0","0","0","2","0","2","0","0","0","3","","","N","","","","","","","","","",""
"2020055975","0805","1","0","0","0","0","0","0","0","0","8","0","","67","7","2020","3","40.007181","-75.147912","0759","6","0","0","0","0","0","0","0","0","","0","0","0","7","1","1","","1","0","40 00:25.851","","0","75 08:52.483","3","0","0","0","67301","1","0","0","N","1","0","0","2","67301","0","","1.0","","1","N","N","N","0","","1","0","0","3","3","","750","2","1","0","0","0","0","0","2","0","1","1","0","0","3","03","","N","","","","","","","","","",""
"2020061261","1232","1","0","0","0","0","0","0","0","0","4","0","","67","8","2020","7","40.066952","-75.158297","1227","6","0","0","0","0","0","0","0","0","","0","0","0","11","1","0","","5","0","40 04:01.027","","0","75 09:29.868","9","0","0","0","67301","0","0","0","N","0","0","0","2","67301","0","","1.0","","1","N","N","N","0","","0","0","1","3","2","","1153","2","0","0","0","0","0","1","2","0","2","0","0","0","3","03","","N","","","","","","","","","",""
"2020111414","1904","1","0","0","0","0","0","0","0","0","4","0","","67","12","2020","7","40.008796","-75.147623","1904","6","0","0","0","0","0","0","0","0","","1","0","0","19","3","2","N","1","2","40 00:31.666","7","0","75 08:51.441","1","0","0","0","67301","0","0","0","N","0","0","0","3","67301","0","2","1.0","200.0","1","N","N","N","0","0","1","1","0","3","2","Y","1902","2","2","1","0","0","0","0","2","0","2","0","0","0","3","03","","N","","","","","","","","","",""
"2020061351","0135","1","0","0","0","0","0","0","0","0","5","0","","67","8","2020","1","40.022789","-75.159023","0132","6","0","0","0","0","0","1","0","0","","0","0","0","1","3","1","","5","0","40 01:22.042","","0","75 09:32.483","4","0","0","0","67301","0","0","0","N","0","0","0","3","67301","1","","1.0","","1","N","N","N","0","","0","0","1","3","2","","128","2","1","0","0","0","0","0","2","0","2","0","0","0","3","03","","N","","","","","","","","","",""
"2020063958","1855","2","0","0","0","0","0","0","0","0","4","0","","67","8","2020","6","39.948517","-75.20568","1743","6","0","0","0","0","0","0","0","0","","0","0","0","17","1","0","","1","1","39 56:54.661","2","0","75 12:20.448","0","0","0","0","67301","0","0","0","N","0","0","0","2","67301","0","","1.0","1850.0","1","N","N","N","0","","0","0","0","3","3","Y","1735","2","0","0","0","0","0","0","2","0","2","0","0","0","4","04","","N","","","","","","","","","",""