"CRN","ARRIVAL_TM","AUTOMOBILE_COUNT","BELTED_DEATH_COUNT","BELTED_SUSP_SERIOUS_INJ_COUNT","BICYCLE_COUNT","BICYCLE_DEATH_COUNT","BICYCLE_SUSP_SERIOUS_INJ_COUNT","BUS_COUNT","CHLDPAS_DEATH_COUNT","CHLDPAS_SUSP_SERIOUS_INJ_COUNT","COLLISION_TYPE","COMM_VEH_COUNT","CONS_ZONE_SPD_LIM","COUNTY","CRASH_MONTH","CRASH_YEAR","DAY_OF_WEEK","DEC_LATITUDE","DEC_LONGITUDE","DISPATCH_TM","DISTRICT","DRIVER_COUNT_16YR","DRIVER_COUNT_17YR","DRIVER_COUNT_18YR","DRIVER_COUNT_19YR","DRIVER_COUNT_20YR","DRIVER_COUNT_50_64YR","DRIVER_COUNT_65_74YR","DRIVER_COUNT_75PLUS","EST_HRS_CLOSED","FATAL_COUNT","HEAVY_TRUCK_COUNT","HORSE_BUGGY_COUNT","HOUR_OF_DAY","ILLUMINATION","INJURY_COUNT","INTERSECTION_RELATED","INTERSECT_TYPE","LANE_CLOSED","LATITUDE","LN_CLOSE_DIR","LOCATION_TYPE","LONGITUDE","MAX_SEVERITY_LEVEL","MCYCLE_DEATH_COUNT","MCYCLE_SUSP_SERIOUS_INJ_COUNT","MOTORCYCLE_COUNT","MUNICIPALITY","NONMOTR_COUNT","NONMOTR_DEATH_COUNT","NONMOTR_SUSP_SERIOUS_INJ_COUNT","NTFY_HIWY_MAINT","PED_COUNT","PED_DEATH_COUNT","PED_SUSP_SERIOUS_INJ_COUNT","PERSON_COUNT","POLICE_AGCY","POSSIBLE_INJ_COUNT","RDWY_SURF_TYPE_CD","RELATION_TO_ROAD","ROADWAY_CLEARED","ROAD_CONDITION","SCH_BUS_IND","SCH_ZONE_IND","SECONDARY_CRASH","SMALL_TRUCK_COUNT","SPEC_JURIS_CD","SUSP_MINOR_INJ_COUNT","SUSP_SERIOUS_INJ_COUNT","SUV_COUNT","TCD_FUNC_CD","TCD_TYPE","TFC_DETOUR_IND","TIME_OF_DAY","TOTAL_UNITS","TOT_INJ_COUNT","UNBELTED_OCC_COUNT","UNB_DEATH_COUNT","UNB_SUSP_SERIOUS_INJ_COUNT","UNK_INJ_DEG_COUNT","UNK_INJ_PER_COUNT","URBAN_RURAL","VAN_COUNT","VEHICLE_COUNT","VULNERABLE_ROAD_USER_COUNT","VULNERABLE_ROAD_USER_DEATH_COUNT","VULNERABLE_ROAD_USER_SER_INJ_COUNT","WEATHER1","WEATHER2","WORKERS_PRES","WORK_ZONE_IND","WORK_ZONE_LOC","WORK_ZONE_TYPE","WZ_CLOSE_DETOUR","WZ_FLAGGER","WZ_LAW_OFFCR_IND","WZ_LN_CLOSURE","WZ_MOVING","WZ_OTHER","WZ_SHLDER_MDN","WZ_WORKERS_INJ_KILLED"
"2020107819","0040","0","0","0","0","0","0","0","0","0","5","0","","67","12","2020","4","39.999692","-75.174419","0035","6","0","0","0","0","0","0","1","0","","0","0","0","22","3","1","N","0","2","39 59:58.890","4","0","75 10:27.910","8","0","0","0","67301","0","0","0","N","0","0","0","1","67301","0","","2.0","400.0","1","N","N","N","0","","0","0","2","0","0","Y","2222","3","1","0","0","0","1","0","2","1","3","0","0","0","3","03","","N","","","","","","","","","",""
"2020108032","2050","1","0","0","0","0","0","0","0","0","1","0","","67","12","2020","3","40.001084","-75.215384","2045","6","0","0","0","0","0","1","0","0","","0","0","0","20","3","1","","1","0","40 00:03.902","","0","75 12:55.382","3","0","0","0","67301","0","0","0","N","0","0","0","2","67301","0","","1.0","","1","N","N","N","0","","1","0","1","3","2","","2040","2","1","0","0","0","0","0","2","0","2","0","0","0","3","","","N","","","","","","","","","",""
"2020062030","0021","2","0","0","0","0","0","0","0","0","1","0","55","67","8","2020","7","39.978425","-75.110793","0013","6","0","0","0","0","0","1","0","0","","0","0","0","0","3","1","N","0","1","39 58:42.331","2","0","75 06:38.855","3","0","0","0","67301","0","0","0","N","0","0","0","3","68K01","0","","1.0","45.0","1","N","N","N","0","","1","0","0","0","0","N","7","2","1","0","0","0","0","0","2","0","2","0","0","0","3","","N","Y","4","1","","","N","","","Y","","N"
"2020055234","0149","1","0","0","0","0","0","0","0","0","1","0","","67","7","2020","2","40.069972","-75.157165","0149","6","0","0","0","0","0","0","0","0","","0","0","0","1","3","0","","1","0","40 04:11.899","","0","75 09:25.794","0","0","0","0","67301","0","0","0","N","0","0","0","2","67301","0","","1.0","","9","N","N","N","0","","0","0","1","0","0","","145","2","0","0","0","0","0","0","2","0","2","0","0","0","3","03","","N","","","","","","","","","",""
"2020100889","0221","1","0","0","0","0","0","0","0","0","1","0","","67","11","2020","1","39.971172","-75.159431","0220","6","0","0","0","0","0","0","0","0","","0","0","0","2","3","1","N","0","0","39 58:16.218","","0","75 09:33.950","8","0","0","0","67301","0","0","0","N","0","0","0","1","67301","0","","2.0","","1","N","N","N","0","","0","0","1","0","0","","219","2","1","0","0","0","1","0","2","0","2","0","0","0","3","03","","N","","","","","","","","","",""
"2020061347","2347","1","0","0","0","0","0","0","0","0","4","0","","67","7","2020","6","39.983209","-75.156937","2346","6","0","0","0","0","0","0","0","0","","0","0","0","23","3","1","","1","0","39 58:59.553","","0","75 09:24.974","2","0","1","1","67301","0","0","0","N","0","0","0","2","67301","0","","1.0","","1","N","N","N","0","","0","1","0","3","2","","2345","2","1","0","0","0","0","0","2","0","2","0","0","0","3","03","","N","","","","","","","","","",""
"2020062829","1330","0","0","0","0","0","0","0","0","0","8","0","","67","8","2020","4","40.03054","-75.118198","1330","6","0","0","0","0","0","0","0","0","","0","0","0","5","1","1","","1","0","40 01:49.943","","0","75 07:05.511","3","0","0","0","67301","1","0","0","N","1","0","0","2","67301","0","","1.0","","1","N","N","N","0","","1","0","0","3","2","","500","2","1","0","0","0","0","0","2","1","1","1","0","0","3","03","","N","","","","","","","","","",""
"2020062865","0238","1","0","0","0","0","0","0","0","0","7","0","35","67","8","2020","2","39.912444","-75.173472","0238","6","0","0","0","0","0","0","0","0","","0","0","0","2","3","0","N","0","0","39 54:44.800","","3","75 10:24.500","0","0","0","0","67301","0","0","0","N","0","0","0","1","67501","0","","4.0","","1","N","N","N","0","","0","0","0","0","0","","238","1","0","0","0","0","0","0","2","0","1","0","0","0","3","","N","Y","4","1","","","N","Y","","","","N"
"2020056276","1330","2","0","0","0","0","0","0","0","0","4","0","","67","7","2020","4","39.927142","-75.181427","1325","6","0","0","0","0","0","0","0","0","","0","0","0","13","1","0","","1","0","39 55:37.711","","0","75 10:53.137","0","0","0","0","67301","0","0","0","N","0","0","0","2","67301","0","","1.0","","1","N","N","N","0","","0","0","0","3","3","","1322","3","0","0","0","0","0","0","2","1","3","0","0","0","3","","","N","","","","","","","","","",""
"2020059468","2335","1","0","0","0","0","0","0","0","0","7","0","","67","7","2020","2","39.994878","-75.081834","2323","6","0","0","0","0","0","0","0","0","","0","0","0","23","3","1","N","0","0","39 59:41.561","","8","75 04:54.601","3","0","0","0","67301","0","0","0","N","0","0","0","1","68K01","0","","4.0","","1","N","N","N","0","","1","0","0","0","0","","2319","1","1","0","0","0","0","0","2","0","1","0","0","0","3","","","N","","","","","","","","","",""
"2020104685","1950","2","0","0","0","0","0","0","0","0","1","0","","67","12","2020","4","40.029122","-75.089918","1947","6","0","0","0","0","0","0","0","0","","0","0","0","19","3","1","","5","1","40 01:44.838","2","6","75 05:23.706","8","0","0","0","67301","0","0","0","N","0","0","0","2","67301","0","","1.0","20.0","1","N","N","N","0","","0","0","0","3","2","N","1945","2","1","0","0","0","1","0","2","0","2","0","0","0","3","03","","N","","","","","","","","","",""
"2020063667","1823","1","0","0","0","0","0","0","0","0","8","0","","67","8","2020","7","39.993114","-75.118431","1748","6","0","0","0","0","0","0","0","0","","0","0","0","17","1","1","N","0","0","39 59:35.210","","0","75 07:06.350","8","0","0","0","67301","1","0","0","N","1","0","0","2","67301","0","","1.0","","99","N","N","N","0","","0","0","0","0","0","","1724","2","1","0","0","0","1","0","2","0","1","1","0","0","3","03","","N","","","","","","","","","",""
"2020045266","1135","2","0","0","0","0","0","0","0","0","4","0","","67","6","2020","3","39.940369","-75.236609","1135","6","0","0","0","0","0","0","1","0","","0","0","0","11","1","1","","1","0","39 56:25.327","","0","75 14:11.791","3","0","0","0","67301","0","0","0","N","0","0","0","4","67301","0","","1.0","","1","N","N","N","0","","1","0","0","3","2","","1131","2","1","0","0","0","0","0","2","0","2","0","0","0","3","03","","N","","","","","","","","","",""
"2020050516","0048","1","0","0","0","0","0","0","0","0","7","0","","67","6","2020","7","39.905413","-75.150082","0043","6","0","0","0","0","0","0","0","0","","0","0","0","0","3","0","N","0","1","39 54:19.485","2","0","75 09:00.296","0","0","0","0","67301","0","0","0","N","0","0","0","1","68K01","0","","5.0","30.0","1","N","N","N","0","","0","0","0","0","0","N","36","1","0","0","0","0","0","0","2","0","1","0","0","0","3","","","N","","","","","","","","","",""
"2020039959","1926","0","0","0","0","0","0","0","0","0","8","0","","67","5","2020","7","39.916829","-75.171324","1915","6","0","0","0","0","0","0","0","0","","0","0","0","19","1","1","","1","0","39 55:00.583","","0","75 10:16.768","3","0","0","0","67301","1","0","0","N","1","0","0","2","67301","0","","1.0","","1","N","N","N","0","","1","0","0","3","2","","1910","2","1","0","0","0","0","0","2","0","1","1","0","0","3","","","N","","","","","","","","","",""
"2020056348","1341","1","0","0","0","0","0","0","0","0","4","0","","67","7","2020","1","40.118217","-75.033125","1336","6","0","0","0","0","0","1","0","0","","0","0","0","13","1","1","N","0","0","40 07:05.580","","7","75 01:59.250","3","0","0","1","67301","0","0","0","N","0","0","0","2","67301","0","","1.0","","1","N","N","N","0","","1","0","0","0","0","","1305","2","1","0","0","0","0","0","2","0","2","0","0","0","3","","","N","","","","","","","","","",""
"2020101463","2220","1","0","0","0","0","0","0","0","0","8","0","","67","11","2020","6","40.013373","-75.070494","2220","6","0","0","0","0","0","0","0","0","","0","0","0","22","3","1","N","0","1","40 00:48.142","3","0","75 04:13.778","8","0","0","0","67301","1","0","0","N","1","0","0","2","67301","0","","1.0","2230.0","1","N","N","N","0","","0","0","0","0","0","Y","2215","2","1","0","0","0","1","0","2","0","1","1","0","0","3","03","","N","","","","","","","","","",""
"2020065333","1805","0","0","0","0","0","0","0","0","0","7","0","","67","8","2020","7","39.982069","-75.23938","1755","6","0","0","0","0","0","0","0","0","","0","0","0","17","1","0","N","0","0","39 58:55.449","","0","75 14:21.768","0","0","0","0","67301","0","0","0","N","0","0","0","1","67301","0","","4.0","","1","N","N","Y","1","","0","0","1","0","0","","1705","4","0","0","0","0","0","0","2","0","4","0","0","0","3","03","","N","","","","","","","","","",""
"2020060793","0234","2","0","0","0","0","0","0","0","0","6","0","","67","7","2020","6","40.011278","-75.105778","0234","6","0","0","0","0","0","0","0","0","","0","0","0","0","3","1","N","0","1","40 00:40.600","4","0","75 06:20.800","8","0","0","0","67301","0","0","0","N","0","0","0","1","67301","0","","6.0","100.0","9","N","N","N","0","","0","0","1","0","0","N","0","3","1","0","0","0","1","0","2","0","3","0","0","0","7","07","","N","","","","","","","","","",""
"2020099985","1410","1","0","0","0","0","0","0","0","0","6","1","","67","11","2020","6","39.943353","-75.196592","1402","6","0","0","0","0","0","1","0","1","","0","1","0","13","1","1","N","0","2","39 56:36.072","5","3","75 11:47.731","3","0","0","0","67301","0","0","0","N","0","0","0","3","67301","0","","1.0","1530.0","1","N","N","N","0","","1","0","1","0","0","Y","1342","3","1","0","0","0","0","0","2","0","3","0","0","0","3","03","","N","","","","","","","","","",""
"2020060981","1415","1","0","0","0","0","0","0","0","0","8","0","","67","7","2020","6","39.986424","-75.157158","1411","6","0","0","0","0","0","0","0","0","","0","0","0","14","1","1","","2","0","39 59:11.127","","0","75 09:25.768","8","0","0","0","67301","1","0","0","N","0","0","0","2","67301","0","","1.0","","1","N","N","N","0","","0","0","0","3","3","","1407","2","1","0","0","0","1","0","2","0","1","1","0","0","4","04","","N","","","","","","","","","",""
"2020019610","0015","0","0","0","0","0","0","0","0","0","7","0","","67","2","2020","6","39.956331","-75.186714","0010","6","0","0","0","0","0","0","0","0","","0","0","0","23","3","0","N","0","0","39 57:22.792","","0","75 11:12.169","0","0","0","0","67301","0","0","0","N","0","0","0","1","67507","0","","4.0","","1","N","N","N","0","","0","0","1","0","0","","2359","1","0","0","0","0","0","0","2","0","1","0","0","0","3","","","N","","","","","","","","","",""
"2020054902","2213","1","0","0","1","0","1","0","0","0","8","0","","67","7","2020","7","39.989968","-75.11716","2213","6","0","0","0","0","0","0","0","0","","0","0","0","22","3","1","","1","0","39 59:23.885","","0","75 07:01.777","2","0","0","0","67301","1","0","1","N","0","0","0","2","67301","0","","1.0","","1","N","N","N","0","","0","1","0","0","0","","2210","2","1","1","0","0","0","0","2","0","1","1","0","1","3","","","N","","","","","","","","","",""
"2020059478","1758","0","0","0","0","0","0","0","0","0","0","0","","67","7","2020","4","39.931006","-75.199026","1746","6","0","0","0","0","0","0","0","0","","0","0","0","17","1","1","N","0","1","39 55:51.622","4","0","75 11:56.495","8","0","0","1","67301","0","0","0","N","0","0","0","1","68K01","0","","1.0","1758.0","1","N","N","N","0","","0","0","0","0","0","N","1745","1","1","0","0","0","1","0","2","0","1","0","0","0","3","","","N","","","","","","","","","",""
"2020100494","2204","1","0","0","0","0","0","0","0","0","1","0","99","67","11","2020","4","39.947692","-75.18691","2204","6","0","0","0","0","0","0","0","0","","0","0","0","22","3","1","N","0","2","39 56:51.691","4","0","75 11:12.875","8","0","0","0","67301","0","0","0","N","0","0","0","2","68K01","0","","1.0","1045.0","1","N","N","N","0","","0","0","0","3","8","Y","2204","2","1","0","0","0","1","1","2","0","2","0","0","0","3","","Y","Y","4","1","N","N","Y","Y","N","N","N","N"
"2020055848","0810","0","0","0","0","0","0","0","0","0","4","0","","67","7","2020","4","39.958063","-75.165675","0807","6","0","0","0","0","0","0","0","0","","0","0","0","7","1","2","","1","0","39 57:29.026","","0","75 09:56.430","4","0","0","0","67301","0","0","0","N","0","0","0","2","67301","2","","1.0","","1","N","N","N","0","","0","0","1","3","2","","755","2","2","0","0","0","0","0","2","1","2","0","0","0","3","03","","N","","","","","","","","","",""
"2020055965","1626","0","0","0","0","0","0","0","0","0","8","0","","67","7","2020","1","39.936383","-75.218989","1624","6","0","0","0","0","0","0","0","0","","0","0","0","16","1","1","","1","0","39 56:10.978","","0","75 13:08.360","4","0","0","0","67301","1","0","0","N","1","0","0","2","67301","1","","1.0","","1","N","N","N","1","","0","0","0","3","2","","1621","2","1","0","0","0","0","0","2","0","1","1","0","0","3","","","N","","","","","","","","","",""
"2020055540","1228","1","0","0","1","0","0","0","0","0","8","0","","67","7","2020","3","39.933549","-75.192282","1227","6","0","0","0","0","0","0","0","0","","0","0","0","12","1","1","","2","0","39 56:00.776","","0","75 11:32.215","3","0","0","0","67301","1","0","0","N","0","0","0","2","67301","0","","1.0","","1","N","N","N","0","","1","0","0","0","0","","1224","2","1","0","0","0","0","0","2","0","1","1","0","0","3","03","","N","","","","","","","","","",""
"2020061337","1140","3","0","0","0","0","0","0","0","0","4","0","","67","7","2020","6","40.054316","-75.071415","1139","6","0","0","0","0","0","2","0","0","","0","0","0","11","1","2","","1","0","40 03:15.539","","0","75 04:17.095","3","0","0","0","67301","0","0","0","N","0","0","0","2","67301","0","","1.0","","9","N","Y","N","0","","2","0","0","3","2","","1139","3","2","0","0","0","0","0","2","0","3","0","0","0","7","","","N","","","","","","","","","",""
"2020107226","1105","2","0","0","0","0","0","0","0","0","4","0","","67","12","2020","7","39.922691","-75.156637","1100","6","0","0","0","0","0","0","0","0","","0","0","0","10","1","0","","1","0","39 55:21.687","","0","75 09:23.893","9","0","0","0","67301","0","0","0","N","0","0","0","3","67301","0","","1.0","","1","N","N","N","0","","0","0","0","3","2","","1040","2","0","0","0","0","0","1","2","0","2","0","0","0","3","03","","N","","","","","","","","","",""
"2020055179","0100","0","0","0","1","0","0","0","0","0","8","0","","67","7","2020","2","39.939256","-75.233589","0056","6","0","0","0","0","0","0","0","0","","0","0","0","0","3","1","N","0","0","39 56:21.320","","0","75 14:00.920","3","0","0","0","67301","1","0","0","N","0","0","0","2","67301","0","","1.0","","9","N","N","N","0","","1","0","0","0","0","","50","2","1","0","0","0","0","0","2","0","1","1","0","0","7","","","N","","","","","","","","","",""
"2020048341","0135","1","0","0","0","0","0","0","0","0","4","0","","67","6","2020","1","39.974778","-75.199056","0135","6","0","0","0","0","0","0","0","0","","0","0","0","1","3","3","","3","0","39 58:29.200","","2","75 11:56.600","4","0","0","0","67301","0","0","0","N","0","0","0","3","67301","3","","1.0","","1","N","N","N","0","","0","0","1","0","0","","135","2","3","0","0","0","0","0","2","0","2","0","0","0","3","","","N","","","","","","","","","",""
"2020070601","0145","2","0","0","0","0","0","0","0","0","5","0","","67","7","2020","7","39.992802","-75.110121","0135","6","0","0","0","0","0","0","0","0","","0","0","0","1","3","0","N","0","0","39 59:34.086","","0","75 06:36.436","0","0","0","0","67301","0","0","0","N","0","0","0","2","67301","0","","1.0","","1","N","N","N","0","","0","0","0","0","0","","129","2","0","0","0","0","0","0","2","0","2","0","0","0","4","03","","N","","","","","","","","","",""
"2020055838","2140","1","0","0","0","0","0","0","0","0","4","0","","67","7","2020","4","39.983209","-75.156937","2130","6","0","0","0","0","0","0","0","0","","0","0","0","21","3","1","","1","0","39 58:59.553","","0","75 09:24.974","2","0","1","1","67301","0","0","0","N","0","0","0","2","67505","0","","1.0","","1","N","N","N","0","","0","1","0","3","2","","2125","2","1","0","0","0","0","0","2","0","2","0","0","0","3","03","","N","","","","","","","","","",""
"2020100086","1540","0","0","0","0","0","0","0","0","0","8","0","","67","11","2020","6","40.028953","-75.15255","1530","6","0","0","0","0","0","0","0","0","","0","0","0","21","3","1","N","0","0","40 01:44.230","","0","75 09:09.180","3","0","0","0","67301","1","0","0","N","1","0","0","1","67301","0","","1.0","","1","N","N","N","0","","1","0","0","0","0","","2105","2","1","0","0","0","0","0","2","0","1","1","0","0","3","03","","N","","","","","","","","","",""
"2020064879","1837","0","0","0","0","0","0","0","0","0","1","0","","67","8","2020","6","40.009463","-75.205324","1825","6","0","0","0","0","0","1","0","0","","0","0","0","18","1","0","N","0","0","40 00:34.067","","0","75 12:19.168","0","0","0","0","67301","0","0","0","N","0","0","0","3","68K01","0","","1.0","","9","N","N","N","0","","0","0","2","0","0","","1823","3","0","0","0","0","0","0","2","0","3","0","0","0","7","07","","N","","","","","","","","","",""
"2020062940","2122","0","0","0","0","0","0","0","0","0","7","0","","67","8","2020","3","40.078114","-75.043428","2114","6","0","0","0","0","0","0","0","0","","0","0","0","21","2","1","N","0","1","40 04:41.212","2","0","75 02:36.339","8","0","0","0","67301","0","0","0","N","0","0","0","1","67301","0","","1.0","2315.0","1","N","N","N","0","","0","0","1","0","0","N","2110","1","1","0","0","0","1","0","2","0","1","0","0","0","3","03","","N","","","","","","","","","",""
"2020054541","1955","1","0","0","0","0","0","0","0","0","5","0","","67","7","2020","7","39.987111","-75.0715","1954","6","0","0","0","0","0","0","0","0","","0","0","0","19","1","2","N","0","1","39 59:13.600","3","3","75 04:17.400","3","0","0","0","67301","0","0","0","N","0","0","0","5","67501","0","","1.0","2028.0","1","N","N","N","0","","1","0","1","0","0","N","1954","2","2","0","0","0","1","0","2","0","2","0","0","0","3","03","","N","","","","","","","","","",""
"2020063428","0638","2","0","0","0","0","0","0","0","0","4","0","","67","8","2020","5","39.981186","-75.177296","0637","6","0","0","0","0","1","0","0","0","","0","0","0","6","1","0","","1","0","39 58:52.269","","0","75 10:38.265","0","0","0","0","67301","0","0","0","N","0","0","0","2","67301","0","","1.0","","1","N","N","N","0","","0","0","0","3","2","","630","2","0","0","0","0","0","0","2","0","2","0","0","0","3","03","","N","","","","","","","","","",""
"2020108338","2045","1","0","0","0","0","0","0","0","0","5","1","","67","11","2020","4","39.961936","-75.182724","2037","6","0","0","0","0","0","1","0","0","","0","1","0","20","1","0","N","0","1","39 57:42.968","4","0","75 10:57.806","9","0","0","0","67301","0","0","0","N","0","0","0","2","68K01","0","","1.0","2100.0","1","N","N","N","0","","0","0","0","0","0","N","2037","2","0","1","0","0","0","1","2","0","2","0","0","0","3","","","N","","","","","","","","","",""
"2020060792","0333","1","0","0","0","0","0","0","0","0","7","0","","67","7","2020","6","39.958776","-75.164694","0332","6","0","0","0","0","0","0","0","0","","0","0","0","3","3","1","N","0","0","39 57:31.592","","2","75 09:52.899","8","0","0","0","67301","0","0","0","N","0","0","0","2","67301","0","","4.0","","9","N","N","N","0","","0","0","0","0","0","","331","1","1","2","0","0","1","0","2","0","1","0","0","0","7","07","","N","","","","","","","","","",""
"2020056668","2040","1","0","0","0","0","0","0","0","0","4","0","","67","7","2020","4","39.997926","-75.111988","2035","6","0","0","0","0","0","0","0","0","","0","0","0","20","3","1","","2","0","39 59:52.533","","0","75 06:43.156","8","0","0","1","67301","0","0","0","N","0","0","0","2","67301","0","","1.0","","1","N","N","N","0","","0","0","0","0","0","","2030","2","1","0","0","0","1","0","2","0","2","0","0","0","3","03","","N","","","","","","","","","",""
"2020062947","1945","1","0","0","0","0","0","0","0","0","4","0","","67","8","2020","5","40.051992","-75.129109","1938","6","0","0","0","1","0","0","0","0","","0","0","0","19","1","0","","1","0","40 03:07.171","","0","75 07:44.792","0","0","0","0","67301","0","0","0","N","0","0","0","3","67301","0","","1.0","","1","N","N","N","0","","0","0","1","3","3","","1906","2","0","0","0","0","0","0","2","0","2","0","0","0","3","","","N","","","","","","","","","",""
"2020063522","1333","3","0","0","0","0","0","0","0","0","4","0","","67","8","2020","4","40.000473","-75.119614","1331","6","0","0","0","0","0","1","0","0","","0","0","0","13","1","0","","1","2","40 00:01.702","3","0","75 07:10.610","0","0","0","0","67301","0","0","0","N","0","0","0","2","67301","0","","1.0","1400.0","1","N","N","Y","0","","0","0","0","3","3","N","1330","3","0","0","0","0","0","0","2","0","3","0","0","0","3","03","","N","","","","","","","","","",""
"2020063905","1116","1","0","0","0","0","0","0","0","0","7","0","","67","8","2020","3","39.887188","-75.204864","1116","6","0","0","0","0","0","0","0","0","","0","0","0","11","1","1","N","0","1","39 53:13.877","2","3","75 12:17.512","8","0","0","0","67301","0","0","0","N","0","0","0","1","68K01","0","","2.0","1117.0","9","N","N","N","0","","0","0","0","0","0","N","1116","1","1","0","0","0","1","0","2","0","1","0","0","0","7","08","","N","","","","","","","","","",""
"2020061552","0319","0","0","0","0","0","0","0","0","0","7","0","","67","8","2020","1","39.96024","-75.196806","0315","6","0","0","0","0","0","0","0","0","","0","0","0","3","3","0","","1","0","39 57:36.863","","0","75 11:48.503","0","0","0","0","67301","0","0","0","N","0","0","0","1","67301","0","","4.0","","1","N","N","N","0","","0","0","1","3","2","","300","1","0","0","0","0","0","0","2","0","1","0","0","0","3","","","N","","","","","","","","","",""
"2020063586","0059","2","0","0","0","0","0","0","0","0","4","0","","67","8","2020","4","40.012123","-75.137131","0057","6","0","0","0","0","1","0","0","0","","0","0","0","0","3","2","","1","2","40 00:43.642","6","0","75 08:13.671","2","0","0","0","67301","0","0","0","N","0","0","0","4","67301","0","","1.0","300.0","9","N","N","N","0","","0","2","1","3","3","Y","50","3","2","4","0","2","0","0","2","0","3","0","0","0","3","03","","N","","","","","","","","","",""
"2020073071","2339","2","0","0","0","0","0","0","0","0","1","0","","67","9","2020","2","40.037027","-75.112719","2327","6","0","0","0","1","0","0","0","0","","0","0","0","23","3","3","N","0","1","40 02:13.298","1","0","75 06:45.787","3","0","0","0","67301","0","0","0","N","0","0","0","3","67301","1","","1.0","40.0","1","N","N","N","0","","2","0","0","0","0","N","2322","2","3","0","0","0","0","0","2","0","2","0","0","0","3","","","N","","","","","","","","","",""
"2020054820","1534","1","0","0","0","0","0","0","0","0","7","0","","67","7","2020","1","39.932231","-75.199817","1534","6","0","0","0","0","0","0","0","0","","0","0","0","14","1","0","N","0","0","39 55:56.030","","0","75 11:59.340","0","0","0","0","67301","0","0","0","N","0","0","0","1","67301","0","","4.0","","1","N","N","N","0","","0","0","0","0","0","","1451","1","0","0","0","0","0","0","2","0","1","0","0","0","3","03","","N","","","","","","","","","",""
"2020054903","2000","2","0","0","0","0","0","0","0","0","5","0","","67","7","2020","7","40.0265","-75.173847","1954","6","0","0","0","0","0","1","0","0","","0","0","0","18","1","0","N","0","2","40 01:35.400","2","0","75 10:25.850","9","0","0","0","67301","0","0","0","N","0","0","0","1","67301","0","","6.0","2130.0","1","N","N","N","0","","0","0","1","0","0","N","1839","3","0","0","0","0","0","1","2","0","3","0","0","0","3","","","N","","","","","","","","","",""
"2020101154","1853","1","0","0","0","0","0","0","0","0","1","0","","67","11","2020","6","40.003413","-75.195163","1853","6","0","0","0","0","0","1","0","0","","0","0","0","18","3","1","N","0","0","40 00:12.287","","0","75 11:42.587","4","0","0","0","67301","0","0","0","N","0","0","0","2","68K01","1","","1.0","","1","N","N","N","0","","0","0","1","0","0","","1820","2","1","0","0","0","0","1","2","0","2","0","0","0","3","","","N","","","","","","","","","",""
"2020049752","2240","1","0","0","0","0","0","0","0","0","4","0","","67","6","2020","4","40.021001","-75.16392","2240","6","0","0","0","0","0","0","0","0","","0","0","0","22","3","0","","1","0","40 01:15.603","","0","75 09:50.111","0","0","0","0","67301","0","0","0","N","0","0","0","2","67301","0","","1.0","","1","N","N","N","0","","0","0","0","3","3","","2240","2","0","0","0","0","0","0","2","0","2","0","0","0","3","03","","N","","","","","","","","","",""
"2020056642","1953","0","0","0","0","0","0","0","0","0","8","0","","67","7","2020","3","40.042292","-75.068847","1953","6","0","0","0","0","0","0","0","0","","0","0","0","18","1","1","","1","0","40 02:32.251","","0","75 04:07.849","2","0","0","0","67301","1","0","1","N","1","0","1","2","67301","0","","1.0","","1","N","N","N","0","","0","1","0","3","3","","1800","2","1","0","0","0","0","0","2","0","1","1","0","1","3","03","","N","","","","","","","","","",""
"2020048526","1930","1","0","0","0","0","0","0","0","0","4","0","","67","6","2020","1","40.064271","-75.053695","1927","6","0","0","0","0","0","0","0","0","","0","0","0","19","1","0","","1","0","40 03:51.377","","0","75 03:13.303","0","0","0","0","67301","0","0","0","N","0","0","0","3","67301","0","","1.0","","9","N","N","N","0","","0","0","1","3","2","","1920","2","0","0","0","0","0","0","2","0","2","0","0","0","3","03","","N","","","","","","","","","",""
"2020063743","1648","0","0","0","0","0","0","0","0","0","7","0","","67","8","2020","7","39.968086","-75.23015","1648","6","0","0","0","0","0","0","0","0","","0","0","0","16","1","0","N","0","0","39 58:05.110","","0","75 13:48.540","0","0","0","0","67301","0","0","0","N","0","0","0","1","67301","0","","4.0","","1","N","N","N","0","","0","0","1","0","0","","1645","1","0","0","0","0","0","0","2","0","1","0","0","0","3","03","","N","","","","","","","","","",""
"2020061336","2335","0","0","0","1","0","0","0","0","0","8","0","","67","8","2020","7","39.927289","-75.182478","2335","6","0","0","0","0","0","0","0","0","","0","0","0","23","3","1","","1","0","39 55:38.240","","0","75 10:56.920","8","0","0","0","67301","1","0","0","N","0","0","0","2","67301","0","","1.0","","1","N","N","N","0","","0","0","0","3","3","","2324","2","1","0","0","0","1","0","2","0","1","1","0","0","3","03","","N","","","","","","","","","",""
"2020061553","0145","1","0","0","0","0","0","0","0","0","5","0","","67","7","2020","6","39.993197","-75.119439","0126","6","0","0","0","0","0","0","0","0","","0","0","0","0","3","1","N","0","0","39 59:35.510","","1","75 07:09.980","4","0","0","0","67301","0","0","0","N","0","0","0","3","67301","1","","6.0","","9","N","N","N","1","","0","0","1","0","0","","51","3","1","0","0","0","0","0","2","0","3","0","0","0","7","","","N","","","","","","","","","",""