"CRN","ARRIVAL_TM","AUTOMOBILE_COUNT","BELTED_DEATH_COUNT","BELTED_SUSP_SERIOUS_INJ_COUNT","BICYCLE_COUNT","BICYCLE_DEATH_COUNT","BICYCLE_SUSP_SERIOUS_INJ_COUNT","BUS_COUNT","CHLDPAS_DEATH_COUNT","CHLDPAS_SUSP_SERIOUS_INJ_COUNT","COLLISION_TYPE","COMM_VEH_COUNT","CONS_ZONE_SPD_LIM","COUNTY","CRASH_MONTH","CRASH_YEAR","DAY_OF_WEEK","DEC_LATITUDE","DEC_LONGITUDE","DISPATCH_TM","DISTRICT","DRIVER_COUNT_16YR","DRIVER_COUNT_17YR","DRIVER_COUNT_18YR","DRIVER_COUNT_19YR","DRIVER_COUNT_20YR","DRIVER_COUNT_50_64YR","DRIVER_COUNT_65_74YR","DRIVER_COUNT_75PLUS","EST_HRS_CLOSED","FATAL_COUNT","HEAVY_TRUCK_COUNT","HORSE_BUGGY_COUNT","HOUR_OF_DAY","ILLUMINATION","INJURY_COUNT","INTERSECTION_RELATED","INTERSECT_TYPE","LANE_CLOSED","LATITUDE","LN_CLOSE_DIR","LOCATION_TYPE","LONGITUDE","MAX_SEVERITY_LEVEL","MCYCLE_DEATH_COUNT","MCYCLE_SUSP_SERIOUS_INJ_COUNT","MOTORCYCLE_COUNT","MUNICIPALITY","NONMOTR_COUNT","NONMOTR_DEATH_COUNT","NONMOTR_SUSP_SERIOUS_INJ_COUNT","NTFY_HIWY_MAINT","PED_COUNT","PED_DEATH_COUNT","PED_SUSP_SERIOUS_INJ_COUNT","PERSON_COUNT","POLICE_AGCY","POSSIBLE_INJ_COUNT","RDWY_SURF_TYPE_CD","RELATION_TO_ROAD","ROADWAY_CLEARED","ROAD_CONDITION","SCH_BUS_IND","SCH_ZONE_IND","SECONDARY_CRASH","SMALL_TRUCK_COUNT","SPEC_JURIS_CD","SUSP_MINOR_INJ_COUNT","SUSP_SERIOUS_INJ_COUNT","SUV_COUNT","TCD_FUNC_CD","TCD_TYPE","TFC_DETOUR_IND","TIME_OF_DAY","TOTAL_UNITS","TOT_INJ_COUNT","UNBELTED_OCC_COUNT","UNB_DEATH_COUNT","UNB_SUSP_SERIOUS_INJ_COUNT","UNK_INJ_DEG_COUNT","UNK_INJ_PER_COUNT","URBAN_RURAL","VAN_COUNT","VEHICLE_COUNT","VULNERABLE_ROAD_USER_COUNT","VULNERABLE_ROAD_USER_DEATH_COUNT","VULNERABLE_ROAD_USER_SER_INJ_COUNT","WEATHER1","WEATHER2","WORKERS_PRES","WORK_ZONE_IND","WORK_ZONE_LOC","WORK_ZONE_TYPE","WZ_CLOSE_DETOUR","WZ_FLAGGER","WZ_LAW_OFFCR_IND","WZ_LN_CLOSURE","WZ_MOVING","WZ_OTHER","WZ_SHLDER_MDN","WZ_WORKERS_INJ_KILLED"
"2020062699","0444","1","0","0","0","0","0","0","0","0","7","0","","67","8","2020","3","39.969741","-75.223119","0444","6","0","0","0","0","0","0","0","0","","0","0","0","4","3","0","","2","0","39 58:11.067","","0","75 13:23.228","9","0","0","0","67301","0","0","0","N","0","0","0","1","67301","0","","4.0","","9","N","N","N","0","","0","0","0","0","0","","442","1","0","0","0","0","0","1","2","0","1","0","0","0","7","","","N","","","","","","","","","",""
"2020062715","1628","0","0","0","0","0","0","0","0","0","7","0","","67","8","2020","4","40.027194","-75.151242","1619","6","1","0","0","0","0","0","0","0","","0","0","0","15","1","1","","1","0","40 01:37.898","","0","75 09:04.471","8","0","0","0","67301","0","0","0","N","0","0","0","1","67301","0","","4.0","","1","N","N","N","1","","0","0","0","3","2","","1531","1","1","0","0","0","1","0","2","0","1","0","0","0","3","03","","N","","","","","","","","","",""
"2020055150","1740","2","0","0","0","0","0","0","0","0","4","0","","67","7","2020","7","39.981602","-75.251065","1738","6","0","0","0","0","0","0","0","0","","0","0","0","17","1","1","","1","0","39 58:53.767","","0","75 15:03.834","3","0","0","0","67301","0","0","0","N","0","0","0","2","67301","0","","1.0","","1","N","N","N","0","","1","0","0","3","2","","1730","2","1","0","0","0","0","0","2","0","2","0","0","0","3","03","","N","","","","","","","","","",""
"2020065849","2155","1","0","0","0","0","0","0","0","0","4","0","","67","8","2020","7","39.966132","-75.218504","2154","6","0","0","0","1","0","1","0","0","","0","0","0","21","3","1","","1","0","39 57:58.075","","0","75 13:06.614","3","0","0","0","67301","0","0","0","N","0","0","0","3","67301","0","","1.0","","1","N","N","N","0","","1","0","1","3","3","","2154","2","1","0","0","0","0","0","2","0","2","0","0","0","3","03","","N","","","","","","","","","",""
"2020057380","1910","2","0","0","0","0","0","0","0","0","5","0","","67","7","2020","3","40.013963","-75.086205","1859","6","0","0","0","0","0","1","0","0","","0","0","0","18","1","1","N","0","0","40 00:50.268","","0","75 05:10.337","8","0","0","0","67301","0","0","0","N","0","0","0","3","67508","0","","1.0","","1","N","N","N","0","","0","0","0","0","0","","1803","2","1","0","0","0","1","0","2","0","2","0","0","0","3","03","","N","","","","","","","","","",""
"2020062695","1250","1","0","0","0","0","0","0","0","0","4","0","","67","8","2020","4","40.014963","-75.064477","1249","6","0","0","0","0","0","0","0","0","","0","0","0","12","8","1","","1","0","40 00:53.866","","0","75 03:52.117","4","0","0","0","67301","0","0","0","N","0","0","0","2","67301","1","","1.0","","1","N","N","N","1","","0","0","0","3","3","","1247","2","1","1","0","0","0","0","2","0","2","0","0","0","3","03","","N","","","","","","","","","",""
"2020061515","2024","2","0","0","0","0","0","0","0","0","4","0","","67","8","2020","1","40.052978","-75.136681","2024","6","0","0","0","1","0","0","0","0","","0","0","0","18","1","0","","1","0","40 03:10.720","","0","75 08:12.051","0","0","0","0","67301","0","0","0","N","0","0","0","2","67301","0","","1.0","","99","N","N","N","0","","0","0","0","3","2","","1845","2","0","0","0","0","0","0","2","0","2","0","0","0","99","","","N","","","","","","","","","",""
"2020065760","1527","1","0","1","0","0","0","0","0","0","4","0","","67","8","2020","7","39.929199","-75.241801","1518","6","0","0","0","0","0","1","0","0","","0","0","0","15","1","1","","2","0","39 55:45.116","","0","75 14:30.482","2","0","0","0","67301","0","0","0","N","0","0","0","2","67301","0","","1.0","","1","N","N","Y","0","","0","1","1","3","3","","1515","3","1","0","0","0","0","0","2","1","3","0","0","0","3","03","","N","","","","","","","","","",""
"2020053524","1647","2","0","0","0","0","0","0","0","0","1","0","","67","6","2020","6","39.998072","-75.081503","1642","6","0","0","0","0","0","0","0","0","","0","0","0","16","1","0","N","0","1","39 59:53.060","2","0","75 04:53.411","0","0","0","0","67301","0","0","0","N","0","0","0","2","68K01","0","","1.0","1735.0","1","N","N","Y","0","","0","0","0","0","0","N","1642","2","0","0","0","0","0","0","2","0","2","0","0","0","3","","","N","","","","","","","","","",""
"2020050187","0510","1","0","0","0","0","0","0","0","0","8","0","","67","6","2020","6","40.003165","-75.152455","0505","6","0","0","0","0","0","0","0","0","","0","0","0","5","5","1","","5","0","40 00:11.393","","0","75 09:08.837","3","0","0","0","67301","1","0","0","N","1","0","0","2","67301","0","","1.0","","1","N","N","N","0","","1","0","0","3","2","","500","2","1","0","0","0","0","0","2","0","1","1","0","0","3","03","","N","","","","","","","","","",""
"2020063431","0418","3","0","0","0","0","0","0","0","0","5","0","","67","8","2020","6","39.984717","-75.159911","0414","6","0","0","0","0","0","0","0","0","","0","0","0","4","3","0","N","0","2","39 59:04.980","1","0","75 09:35.680","0","0","0","0","67301","0","0","0","N","0","0","0","1","67301","0","","6.0","600.0","9","N","N","N","0","","0","0","2","0","0","Y","405","7","0","0","0","0","0","0","2","2","7","0","0","0","7","","","N","","","","","","","","","",""
"2020049283","1532","2","0","0","0","0","0","0","0","0","4","0","","67","6","2020","3","39.960444","-75.241079","1532","6","0","0","0","0","0","0","0","0","","0","0","0","15","1","2","","1","2","39 57:37.599","3","0","75 14:27.885","8","0","0","0","67301","0","0","0","N","0","0","0","3","67301","0","","1.0","1820.0","1","N","N","Y","0","","0","0","0","3","2","Y","1531","2","2","0","0","0","2","1","2","0","2","0","0","0","3","03","","N","","","","","","","","","",""
"2020061341","2008","1","0","0","0","0","0","0","0","0","5","0","","67","7","2020","6","40.077531","-75.175875","2004","6","0","0","0","0","0","0","0","0","","0","0","0","20","4","0","N","0","0","40 04:39.110","","0","75 10:33.150","0","0","0","0","67301","0","0","0","N","0","0","0","1","67301","0","","6.0","","1","N","N","N","0","","0","0","1","0","0","","2003","2","0","0","0","0","0","0","2","0","2","0","0","0","3","","","N","","","","","","","","","",""
"2020063036","1920","2","0","0","0","0","0","0","0","0","4","0","","67","8","2020","4","39.991768","-75.138127","1909","6","0","0","0","1","0","1","0","0","","0","0","0","18","1","3","N","0","0","39 59:30.365","","7","75 08:17.256","3","0","0","0","67301","0","0","0","N","0","0","0","5","67301","0","","1.0","","1","N","N","N","0","","1","0","0","0","0","","1850","2","3","3","0","0","2","0","2","0","2","0","0","0","3","03","","N","","","","","","","","","",""
"2020108261","1711","0","0","0","0","0","0","0","0","0","4","0","","67","12","2020","1","39.950946","-75.239007","1709","6","0","0","0","0","0","0","0","0","","0","0","0","16","3","2","","1","0","39 57:03.407","","0","75 14:20.425","3","0","0","0","67301","0","0","0","N","0","0","0","2","67301","0","","1.0","","1","N","N","N","0","","2","0","3","0","0","","1653","3","2","0","0","0","0","0","2","0","3","0","0","0","4","","","N","","","","","","","","","",""
"2020061876","1730","1","0","0","0","0","0","0","0","0","4","0","","67","8","2020","2","39.959958","-75.237124","1728","6","0","0","0","0","0","1","0","0","","0","0","0","17","1","0","","1","0","39 57:35.847","","0","75 14:13.645","0","0","0","0","67301","0","0","0","N","0","0","0","2","67301","0","","1.0","","1","N","N","N","1","","0","0","0","3","2","","1726","2","0","0","0","0","0","0","2","0","2","0","0","0","3","03","","N","","","","","","","","","",""
"2020110385","0705","1","0","0","0","0","0","0","0","0","4","1","","67","12","2020","6","40.010232","-75.098089","0641","6","0","0","0","0","0","0","0","0","","0","1","0","6","3","1","","1","1","40 00:36.834","2","0","75 05:53.119","3","0","0","0","67301","0","0","0","N","0","0","0","2","67301","0","","1.0","800.0","6","N","N","N","0","","1","0","0","3","2","Y","625","2","1","0","0","0","0","0","2","0","2","0","0","0","3","98","","N","","","","","","","","","",""
"2020108344","2144","1","0","0","0","0","0","0","0","0","1","0","","67","11","2020","1","39.966741","-75.135029","2137","6","0","0","0","0","0","0","0","0","","0","0","0","21","2","1","N","0","1","39 58:00.267","2","0","75 08:06.103","4","0","0","0","67301","0","0","0","N","0","0","0","3","68K01","1","","1.0","2241.0","9","N","N","Y","0","","0","0","1","0","0","N","2132","2","1","1","0","0","0","0","2","0","2","0","0","0","7","","","N","","","","","","","","","",""
"2020108264","1440","1","0","0","0","0","0","0","0","0","8","0","","67","12","2020","1","39.980525","-75.178233","1431","6","0","0","0","0","0","0","0","0","","0","0","0","14","1","1","N","0","0","39 58:49.890","","0","75 10:41.640","4","0","0","0","67301","1","0","0","N","1","0","0","2","67301","1","","1.0","","1","N","N","N","0","","0","0","0","0","0","","1415","2","1","0","0","0","0","1","2","0","1","1","0","0","3","03","","N","","","","","","","","","",""
"2020062680","2114","1","0","0","0","0","0","0","0","0","8","0","","67","8","2020","3","40.090018","-74.984257","2107","6","0","1","0","0","0","0","0","0","","0","0","0","20","3","1","","1","0","40 05:24.064","","0","74 59:03.324","8","0","0","0","67301","1","0","0","N","0","0","0","2","67301","0","","1.0","","1","N","N","N","0","","0","0","0","3","2","","2055","2","1","0","0","0","1","0","2","0","1","1","0","0","3","03","","N","","","","","","","","","",""
"2020062120","2055","1","0","0","0","0","0","0","0","0","4","0","","67","8","2020","1","40.024614","-75.033924","2050","6","0","0","0","0","0","0","0","0","","0","0","0","20","3","1","","2","2","40 01:28.610","7","0","75 02:02.126","2","0","1","1","67301","0","0","0","N","0","0","0","3","67301","0","","1.0","2230.0","1","N","N","N","0","","0","1","0","3","3","Y","2048","2","1","2","0","0","0","0","2","0","2","0","0","0","3","03","","N","","","","","","","","","",""
"2020064201","1817","1","0","0","0","0","0","0","0","0","4","0","","67","8","2020","1","40.037331","-75.125066","1808","6","0","0","0","0","0","0","0","0","","0","0","0","18","1","1","","1","0","40 02:14.391","","0","75 07:30.237","3","0","0","0","67301","0","0","0","N","0","0","0","2","67301","0","","1.0","","1","N","N","N","0","","1","0","1","3","3","","1805","2","1","0","0","0","0","0","2","0","2","0","0","0","3","","","N","","","","","","","","","",""
"2020061339","0115","2","0","0","0","0","0","0","0","0","4","0","","67","8","2020","7","39.920633","-75.170429","0108","6","0","0","0","0","0","0","0","0","","0","0","0","1","3","2","","1","0","39 55:14.279","","0","75 10:13.546","3","0","0","0","67301","0","0","0","N","0","0","0","4","67301","0","","1.0","","1","N","N","N","0","","2","0","1","3","2","","108","3","2","0","0","0","0","0","2","0","3","0","0","0","3","03","","N","","","","","","","","","",""
"2020061252","2101","0","0","0","0","0","0","0","0","0","0","0","","67","8","2020","7","39.909806","-75.154333","2100","6","0","0","0","0","0","0","0","0","","0","0","0","21","3","1","N","0","0","39 54:35.300","","5","75 09:15.600","3","0","0","1","67301","0","0","0","N","0","0","0","1","67501","0","","1.0","","1","N","N","N","0","","1","0","0","0","0","","2100","1","1","0","0","0","0","0","2","0","1","0","0","0","3","03","","N","","","","","","","","","",""
"2020062119","2023","2","0","0","0","0","0","0","0","0","3","0","","67","8","2020","1","40.029901","-75.034983","2017","6","0","0","0","0","0","0","0","0","","0","0","0","20","1","0","Y","0","0","40 01:47.645","","7","75 02:05.937","0","0","0","0","67301","0","0","0","N","0","0","0","2","67301","0","","1.0","","1","N","N","N","0","","0","0","0","0","0","","2015","2","0","0","0","0","0","0","2","0","2","0","0","0","3","03","","N","","","","","","","","","",""
"2020061263","0449","2","0","0","0","0","0","0","0","0","4","0","","67","7","2020","6","40.014511","-75.131075","0445","6","0","0","0","0","0","1","0","0","","0","0","0","4","3","1","","5","0","40 00:52.240","","0","75 07:51.870","2","0","0","0","67301","0","0","0","N","0","0","0","2","67301","0","","1.0","","9","N","Y","N","0","","0","1","0","3","2","","440","2","1","0","0","0","0","0","2","0","2","0","0","0","7","07","","N","","","","","","","","","",""
"2020062688","0054","0","0","0","0","0","0","0","0","0","7","0","","67","8","2020","2","39.895708","-75.241753","0054","6","0","0","0","0","0","0","0","0","","0","0","0","0","3","2","N","0","0","39 53:44.550","","0","75 14:30.310","3","0","0","0","67301","0","0","0","N","0","0","0","2","67301","0","","5.0","","1","N","N","N","0","","2","0","0","0","0","","44","1","2","0","0","0","0","0","2","1","1","0","0","0","3","","","N","","","","","","","","","",""
"2020064873","0646","0","0","0","0","0","0","0","0","0","7","0","","67","8","2020","6","39.938624","-75.143491","0646","6","0","0","0","0","0","1","0","0","","0","0","0","6","5","0","N","0","0","39 56:19.048","","0","75 08:36.569","0","0","0","0","67301","0","0","0","N","0","0","0","1","68K01","0","","2.0","","9","N","N","N","1","","0","0","0","0","0","","646","1","0","0","0","0","0","0","2","0","1","0","0","0","7","","","N","","","","","","","","","",""
"2020061507","2052","1","0","0","0","0","0","0","0","0","7","0","35","67","8","2020","1","39.912444","-75.173361","2052","6","0","0","0","0","0","0","0","0","","0","0","0","20","3","0","N","0","1","39 54:44.800","3","3","75 10:24.100","0","0","0","0","67301","0","0","0","N","0","0","0","2","67501","0","","4.0","2100.0","1","N","N","N","0","","0","0","0","0","0","N","2052","1","0","0","0","0","0","0","2","0","1","0","0","0","3","","N","Y","4","1","","","N","Y","","","","N"
"2020060794","0050","1","0","0","0","0","0","0","0","0","4","0","","67","7","2020","6","40.006779","-75.156711","0050","6","0","0","0","0","0","0","0","0","","0","0","0","0","3","1","","1","0","40 00:24.404","","0","75 09:24.159","4","0","0","0","67301","0","0","0","N","0","0","0","2","67301","1","","1.0","","9","N","N","N","0","","0","0","0","3","3","","11","2","1","0","0","0","0","0","2","0","2","0","0","0","7","","","N","","","","","","","","","",""
"2020065334","2138","1","0","0","0","0","0","0","0","0","5","0","","67","8","2020","1","39.972619","-75.239631","2138","6","0","0","0","0","0","0","0","0","","0","0","0","20","3","1","N","0","0","39 58:21.430","","0","75 14:22.670","3","0","0","0","67301","0","0","0","N","0","0","0","1","67301","0","","6.0","","1","N","N","N","0","","1","0","2","0","0","","2051","3","1","0","0","0","0","0","2","0","3","0","0","0","3","","","N","","","","","","","","","",""
"2020059458","0402","1","0","0","0","0","0","0","0","0","6","0","","67","7","2020","1","40.023753","-75.031151","0357","6","0","0","0","0","0","0","0","0","","0","0","0","3","3","0","N","0","0","40 01:25.511","","2","75 01:52.143","0","0","0","0","67301","0","0","0","N","0","0","0","4","68K01","0","","1.0","","1","N","N","N","0","","0","0","1","0","0","","356","2","0","0","0","0","0","0","2","0","2","0","0","0","3","","","N","","","","","","","","","",""
"2020104160","1915","1","0","0","0","0","0","0","0","0","4","0","","67","8","2020","5","39.971671","-75.237747","1915","6","0","0","0","0","0","1","0","0","","0","0","0","18","1","1","","1","0","39 58:18.015","","0","75 14:15.889","3","0","0","0","67301","0","0","0","N","0","0","0","2","67301","0","","1.0","","1","N","N","N","0","","1","0","1","3","3","","1850","2","1","0","0","0","0","0","2","0","2","0","0","0","3","03","","N","","","","","","","","","",""
"2020061904","0115","2","0","0","0","0","0","0","0","0","2","0","","67","8","2020","1","40.011234","-75.142107","0110","6","0","0","0","0","0","1","0","0","","0","0","0","1","3","2","","1","1","40 00:40.442","5","0","75 08:31.585","4","0","0","0","67301","0","0","0","N","0","0","0","3","67301","2","","1.0","200.0","1","N","N","N","0","","0","0","1","3","2","Y","110","3","2","0","0","0","0","0","2","0","3","0","0","0","3","03","","N","","","","","","","","","",""
"2020065121","1802","0","0","0","0","0","0","0","0","0","1","0","","67","8","2020","7","39.962374","-75.161469","1755","6","0","0","0","0","1","0","0","0","","0","0","0","17","1","2","","1","0","39 57:44.547","","0","75 09:41.289","2","0","1","1","67301","0","0","0","N","0","0","0","4","67301","1","","1.0","","1","N","N","N","0","","0","1","1","3","2","","1730","2","2","2","0","0","0","0","2","0","2","0","0","0","3","03","","N","","","","","","","","","",""
"2020062710","2122","1","0","0","0","0","0","0","0","0","8","0","","67","8","2020","1","39.998684","-75.147135","2122","6","0","0","0","0","0","0","0","0","","0","0","0","21","3","1","N","2","0","39 59:55.264","","0","75 08:49.685","8","0","0","0","67301","1","0","0","N","1","0","0","2","67301","0","","1.0","","9","N","N","N","0","","0","0","0","0","0","","2122","2","1","0","0","0","1","0","2","0","1","1","0","0","3","03","","N","","","","","","","","","",""
"2020062674","2055","1","0","0","0","0","0","0","0","0","5","0","","67","8","2020","4","40.070894","-75.085244","2050","6","0","0","0","0","0","0","0","0","","0","0","0","20","3","0","N","0","1","40 04:15.220","1","0","75 05:06.880","0","0","0","0","67301","0","0","0","N","0","0","0","1","67301","0","","6.0","100.0","1","N","N","N","0","","0","0","1","0","0","N","2050","3","0","0","0","0","0","0","2","0","2","0","0","0","3","03","","N","","","","","","","","","",""
"2020109358","0905","0","0","0","0","0","0","0","0","0","5","1","","67","12","2020","4","39.988528","-75.20707","0904","6","0","0","0","0","0","0","0","0","","0","1","0","9","1","1","N","0","2","39 59:18.702","3","0","75 12:25.451","8","0","0","1","67301","0","0","0","N","0","0","0","2","68K01","0","","1.0","959.0","1","N","N","N","0","","0","0","0","0","0","N","903","2","1","0","0","0","1","0","2","0","2","0","0","0","3","","","N","","","","","","","","","",""
"2020108409","1358","0","0","0","0","0","0","0","0","0","1","1","","67","12","2020","5","39.970491","-75.12464","1344","6","0","0","0","0","0","0","0","0","","0","1","0","13","1","1","N","0","1","39 58:13.767","1","0","75 07:28.704","3","0","0","0","67301","0","0","0","N","0","0","0","4","68K01","0","","1.0","1420.0","1","N","N","N","0","","1","0","2","0","0","N","1336","3","1","0","0","0","0","0","2","0","3","0","0","0","3","03","","N","","","","","","","","","",""
"2020058752","1520","0","0","0","0","0","0","0","0","0","7","0","99","67","7","2020","7","","","1518","6","0","0","0","0","0","1","0","0","","0","0","0","15","1","0","N","0","1","","3","3","","0","0","0","0","67301","0","0","0","N","0","0","0","1","67501","0","","1.0","1538.0","1","N","N","N","0","","0","0","1","0","0","N","1518","1","0","0","0","0","0","0","1","0","1","0","0","0","3","03","U","Y","4","1","","","U","Y","","","","N"
"2020103295","1009","1","0","0","0","0","0","0","0","0","1","0","","67","11","2020","2","39.958445","-75.167334","1009","6","0","0","0","0","0","1","0","0","","0","0","0","10","1","1","N","0","1","39 57:30.403","4","0","75 10:02.403","8","0","0","0","67301","0","0","0","N","0","0","0","4","68K01","0","","1.0","1100.0","1","N","N","N","1","","0","0","0","0","0","N","1004","2","1","0","0","0","1","0","2","0","2","0","0","0","3","","","N","","","","","","","","","",""
"2020054454","0905","2","0","0","0","0","0","0","0","0","4","0","","67","7","2020","7","40.031099","-75.177779","0905","6","0","0","0","0","0","1","0","0","","0","0","0","9","1","0","","2","0","40 01:51.956","","7","75 10:40.006","0","0","0","0","67301","0","0","0","N","0","0","0","2","67301","0","","1.0","","1","N","N","N","0","","0","0","0","3","2","","900","2","0","0","0","0","0","0","2","0","2","0","0","0","3","03","","N","","","","","","","","","",""
"2020108944","0104","1","0","0","0","0","0","0","0","0","7","0","","67","12","2020","4","40.010202","-75.150916","0104","6","0","0","0","0","0","0","1","0","","0","0","0","0","3","1","N","0","1","40 00:36.727","5","0","75 09:03.298","3","0","0","0","67301","0","0","0","N","0","0","0","1","67301","0","","5.0","110.0","1","N","N","N","0","","1","0","0","0","0","N","50","1","1","0","0","0","0","0","2","0","1","0","0","0","3","","","N","","","","","","","","","",""
"2020063662","0040","1","0","0","0","0","0","0","0","0","4","0","","67","8","2020","3","39.917183","-75.246303","0028","6","0","0","0","0","0","0","0","0","","0","0","0","0","3","1","","1","0","39 55:01.859","","0","75 14:46.691","8","0","0","0","67301","0","0","0","N","0","0","0","2","67301","0","","1.0","","9","N","N","N","0","","0","0","0","3","2","","25","2","1","0","0","0","1","0","2","1","2","0","0","0","7","04","","N","","","","","","","","","",""
"2020062819","0355","1","0","0","0","0","0","0","0","0","5","0","","67","8","2020","5","40.092264","-75.023592","0351","6","0","0","0","0","0","0","0","0","","0","0","0","3","3","0","N","0","0","40 05:32.150","","0","75 01:24.930","0","0","0","0","67301","0","0","0","N","0","0","0","1","67301","0","","6.0","","1","N","N","N","1","","0","0","0","0","0","","345","2","0","0","0","0","0","0","2","0","2","0","0","0","3","","","N","","","","","","","","","",""
"2020061416","1136","0","0","0","0","0","0","0","0","0","5","0","","67","8","2020","7","40.030817","-75.112012","1136","6","0","0","0","0","0","1","0","0","","0","0","0","23","3","1","","1","0","40 01:50.941","","0","75 06:43.243","8","0","0","0","67301","0","0","0","N","0","0","0","2","67301","0","","1.0","","1","N","N","N","0","","0","0","2","3","2","","2300","2","1","0","0","0","1","0","2","0","2","0","0","0","3","03","","N","","","","","","","","","",""
"2020107320","1645","1","0","0","0","0","0","0","0","0","5","1","","67","12","2020","5","39.966514","-75.246007","1644","6","0","0","0","0","0","0","0","0","","0","1","0","15","1","1","N","0","0","39 57:59.450","","0","75 14:45.625","3","0","0","0","67301","0","0","0","N","0","0","0","3","67301","0","","1.0","","1","N","N","N","0","","1","0","2","0","0","","1530","4","1","1","0","0","0","0","2","0","4","0","0","0","3","03","","N","","","","","","","","","",""
"2020061264","1824","1","0","0","1","0","0","0","0","0","8","0","","67","8","2020","7","40.021235","-75.126146","1816","6","0","0","0","0","1","0","0","0","","0","0","0","17","1","1","","1","0","40 01:16.445","","0","75 07:34.125","8","0","0","0","67301","1","0","0","N","0","0","0","2","67301","0","","1.0","","1","N","N","N","0","","0","0","0","0","0","","1739","2","1","0","0","0","1","0","2","0","1","1","0","0","3","03","","N","","","","","","","","","",""
"2020106967","2004","0","0","0","0","0","0","0","0","0","7","0","","67","11","2020","6","40.063166","-74.985778","1958","6","0","0","0","0","0","1","0","0","","1","0","0","19","3","0","N","0","0","40 03:47.398","","0","74 59:08.800","1","0","0","0","67301","0","0","0","N","0","0","0","1","67301","0","2","2.0","","1","N","N","N","1","0","0","0","0","0","0","","1956","1","0","1","1","0","0","0","2","0","1","0","0","0","3","03","","N","","","","","","","","","",""
"2020062718","0115","1","0","0","0","0","0","0","0","0","4","0","","67","8","2020","4","40.014632","-75.156674","0115","6","0","0","0","0","1","0","0","0","","0","0","0","1","3","2","","1","0","40 00:52.674","","0","75 09:24.026","3","0","0","0","67301","0","0","0","N","0","0","0","5","67301","0","","1.0","","9","N","Y","N","0","","2","0","1","3","2","","115","2","2","1","0","0","0","0","2","0","2","0","0","0","7","07","","N","","","","","","","","","",""
"2020067575","1912","1","0","0","0","0","0","0","0","0","1","0","","67","8","2020","2","39.959401","-75.17403","1912","6","0","0","0","0","0","0","0","0","","0","0","0","19","1","0","N","0","1","39 57:33.843","4","0","75 10:26.509","0","0","0","0","67301","0","0","0","N","0","0","0","2","68K01","0","","1.0","1920.0","1","N","N","N","0","","0","0","0","0","0","N","1912","2","0","0","0","0","0","0","2","1","2","0","0","0","3","","","N","","","","","","","","","",""
"2020063585","0519","0","0","0","0","0","0","0","0","0","8","0","","67","8","2020","3","39.978288","-75.273591","0515","6","0","0","0","0","0","0","0","0","","0","0","0","5","3","1","","2","0","39 58:41.836","","0","75 16:24.927","8","0","0","0","67301","1","0","0","N","1","0","0","2","67301","0","","1.0","","9","N","N","N","0","","0","0","0","3","2","","500","2","1","0","0","0","1","0","2","1","1","1","0","0","7","07","","N","","","","","","","","","",""
"2020061627","0225","1","0","0","1","0","0","0","0","0","8","0","","67","8","2020","1","39.973833","-75.130017","0219","6","0","0","0","0","0","0","0","0","","0","0","0","2","3","1","","1","0","39 58:25.798","","0","75 07:48.060","3","0","0","0","67301","1","0","0","N","0","0","0","2","67301","0","","1.0","","1","N","N","N","0","","1","0","0","3","3","","200","2","1","1","0","0","0","0","2","0","1","1","0","0","3","03","","N","","","","","","","","","",""
"2020064034","1156","0","0","0","0","0","0","0","0","0","1","0","","67","8","2020","7","40.008707","-75.069234","1148","6","0","0","0","0","0","1","0","0","","0","0","0","11","1","2","N","0","1","40 00:31.344","1","0","75 04:09.244","4","0","0","0","67301","0","0","0","N","0","0","0","5","68K01","2","","1.0","1259.0","1","N","N","N","0","","0","0","3","0","0","N","1142","3","2","0","0","0","0","0","2","0","3","0","0","0","3","","","N","","","","","","","","","",""
"2020064041","1242","2","0","0","0","0","0","0","0","0","5","0","","67","8","2020","1","39.946922","-75.142314","1232","6","0","0","0","0","0","0","1","0","","0","0","0","12","1","1","N","0","2","39 56:48.918","2","0","75 08:32.331","3","0","0","0","67301","0","0","0","N","0","0","0","2","68K01","0","","1.0","100.0","1","N","N","N","0","","1","0","0","0","0","N","1231","2","1","0","0","0","0","0","2","0","2","0","0","0","3","03","","N","","","","","","","","","",""
"2020062360","0103","1","0","0","0","0","0","0","0","0","5","0","","67","8","2020","4","39.987271","-75.187363","0102","6","0","0","0","0","0","0","0","0","","0","0","0","1","3","0","N","0","1","39 59:14.175","1","0","75 11:14.506","0","0","0","0","67301","0","0","0","N","0","0","0","1","67301","0","","6.0","200.0","1","N","N","N","0","","0","0","1","0","0","N","101","3","0","0","0","0","0","0","2","0","3","0","0","0","3","03","","N","","","","","","","","","",""
"2020109308","0011","1","0","0","0","0","0","0","0","0","1","0","","67","12","2020","3","39.967487","-75.132582","2356","6","0","0","0","0","0","0","0","0","","0","0","0","23","3","0","N","0","0","39 58:02.952","","0","75 07:57.294","0","0","0","0","67301","0","0","0","N","0","0","0","1","68K01","0","","1.0","","1","N","N","N","0","","0","0","0","0","0","","2324","2","0","0","0","0","0","0","2","0","2","0","0","0","3","","","N","","","","","","","","","",""