"CRN","ARRIVAL_TM","AUTOMOBILE_COUNT","BELTED_DEATH_COUNT","BELTED_SUSP_SERIOUS_INJ_COUNT","BICYCLE_COUNT","BICYCLE_DEATH_COUNT","BICYCLE_SUSP_SERIOUS_INJ_COUNT","BUS_COUNT","CHLDPAS_DEATH_COUNT","CHLDPAS_SUSP_SERIOUS_INJ_COUNT","COLLISION_TYPE","COMM_VEH_COUNT","CONS_ZONE_SPD_LIM","COUNTY","CRASH_MONTH","CRASH_YEAR","DAY_OF_WEEK","DEC_LATITUDE","DEC_LONGITUDE","DISPATCH_TM","DISTRICT","DRIVER_COUNT_16YR","DRIVER_COUNT_17YR","DRIVER_COUNT_18YR","DRIVER_COUNT_19YR","DRIVER_COUNT_20YR","DRIVER_COUNT_50_64YR","DRIVER_COUNT_65_74YR","DRIVER_COUNT_75PLUS","EST_HRS_CLOSED","FATAL_COUNT","HEAVY_TRUCK_COUNT","HORSE_BUGGY_COUNT","HOUR_OF_DAY","ILLUMINATION","INJURY_COUNT","INTERSECTION_RELATED","INTERSECT_TYPE","LANE_CLOSED","LATITUDE","LN_CLOSE_DIR","LOCATION_TYPE","LONGITUDE","MAX_SEVERITY_LEVEL","MCYCLE_DEATH_COUNT","MCYCLE_SUSP_SERIOUS_INJ_COUNT","MOTORCYCLE_COUNT","MUNICIPALITY","NONMOTR_COUNT","NONMOTR_DEATH_COUNT","NONMOTR_SUSP_SERIOUS_INJ_COUNT","NTFY_HIWY_MAINT","PED_COUNT","PED_DEATH_COUNT","PED_SUSP_SERIOUS_INJ_COUNT","PERSON_COUNT","POLICE_AGCY","POSSIBLE_INJ_COUNT","RDWY_SURF_TYPE_CD","RELATION_TO_ROAD","ROADWAY_CLEARED","ROAD_CONDITION","SCH_BUS_IND","SCH_ZONE_IND","SECONDARY_CRASH","SMALL_TRUCK_COUNT","SPEC_JURIS_CD","SUSP_MINOR_INJ_COUNT","SUSP_SERIOUS_INJ_COUNT","SUV_COUNT","TCD_FUNC_CD","TCD_TYPE","TFC_DETOUR_IND","TIME_OF_DAY","TOTAL_UNITS","TOT_INJ_COUNT","UNBELTED_OCC_COUNT","UNB_DEATH_COUNT","UNB_SUSP_SERIOUS_INJ_COUNT","UNK_INJ_DEG_COUNT","UNK_INJ_PER_COUNT","URBAN_RURAL","VAN_COUNT","VEHICLE_COUNT","VULNERABLE_ROAD_USER_COUNT","VULNERABLE_ROAD_USER_DEATH_COUNT","VULNERABLE_ROAD_USER_SER_INJ_COUNT","WEATHER1","WEATHER2","WORKERS_PRES","WORK_ZONE_IND","WORK_ZONE_LOC","WORK_ZONE_TYPE","WZ_CLOSE_DETOUR","WZ_FLAGGER","WZ_LAW_OFFCR_IND","WZ_LN_CLOSURE","WZ_MOVING","WZ_OTHER","WZ_SHLDER_MDN","WZ_WORKERS_INJ_KILLED"
"2020108503","0025","1","0","0","0","0","0","0","0","0","5","1","","67","12","2020","7","39.996864","-75.131661","0023","6","0","0","0","0","0","0","0","0","","0","1","0","23","3","0","N","0","1","39 59:48.710","2","0","75 07:53.980","0","0","0","0","67301","0","0","0","N","0","0","0","1","67301","0","","6.0","138.0","9","N","N","N","1","","0","0","1","0","0","Y","2330","5","0","0","0","0","0","0","2","1","5","0","0","0","7","","","N","","","","","","","","","",""
"2020067525","1130","2","0","0","0","0","0","0","0","0","4","0","","67","8","2020","7","39.943712","-75.177263","1127","6","0","0","0","0","0","0","0","1","","0","0","0","11","1","0","","1","0","39 56:37.363","","0","75 10:38.147","0","0","0","0","67301","0","0","0","N","0","0","0","2","67301","0","","1.0","","1","N","N","N","0","","0","0","0","3","3","","1126","2","0","0","0","0","0","0","2","0","2","0","0","0","3","03","","N","","","","","","","","","",""
"2020108939","1242","0","0","0","0","0","0","0","0","0","7","0","","67","12","2020","4","40.050739","-75.191306","1233","6","0","0","0","0","0","0","0","0","","0","1","0","12","1","0","N","0","2","40 03:02.660","6","3","75 11:28.700","0","0","0","0","67301","0","0","0","N","0","0","0","1","67301","0","","5.0","1400.0","7","N","N","N","0","","0","0","0","0","0","Y","1215","1","0","0","0","0","0","0","2","0","1","0","0","0","10","10","","N","","","","","","","","","",""
"2020061624","1640","3","0","0","0","0","0","0","0","0","4","0","","67","8","2020","1","39.971403","-75.164433","1636","6","0","0","0","0","0","0","0","0","","0","0","0","16","1","1","","1","0","39 58:17.050","","0","75 09:51.958","8","0","0","0","67301","0","0","0","N","0","0","0","3","67301","0","","1.0","","1","N","N","N","0","","0","0","0","3","3","","1633","3","1","0","0","0","1","0","2","0","3","0","0","0","3","03","","N","","","","","","","","","",""
"2020108148","0315","0","0","0","1","1","0","0","0","0","8","0","","67","12","2020","6","40.054478","-75.085875","0309","6","0","0","0","0","0","1","0","0","","1","0","0","2","3","0","N","1","0","40 03:16.120","","0","75 05:09.150","1","0","0","0","67301","1","1","0","N","0","0","0","2","67301","0","2","1.0","","1","N","N","N","0","0","0","0","1","3","2","","256","2","0","1","0","0","0","0","2","0","1","1","1","0","3","03","","N","","","","","","","","","",""
"2020061340","1036","1","0","0","0","0","0","0","0","0","5","0","","67","7","2020","6","40.028395","-75.205354","1031","6","0","0","0","0","0","1","0","0","","0","0","0","10","1","1","N","0","0","40 01:42.222","","0","75 12:19.273","3","0","0","0","67301","0","0","0","N","0","0","0","2","67301","0","","1.0","","9","N","N","N","0","","1","0","1","0","0","","1027","2","1","0","0","0","0","0","2","0","2","0","0","0","7","07","","N","","","","","","","","","",""
"2020107815","1855","1","0","0","0","0","0","0","0","0","4","1","","67","12","2020","1","40.104143","-75.016542","1838","6","0","0","0","0","0","1","0","0","","0","1","0","18","3","0","","2","0","40 06:14.914","","0","75 00:59.551","0","0","0","0","67301","0","0","0","N","0","0","0","2","67301","0","","1.0","","1","N","N","Y","0","","0","0","1","3","3","","1835","3","0","0","0","0","0","0","2","0","3","0","0","0","3","","","N","","","","","","","","","",""
"2020108267","1916","2","0","0","0","0","0","0","0","0","5","0","","67","12","2020","5","39.995758","-75.123619","1909","6","0","0","0","0","0","0","0","0","","0","0","0","19","3","1","N","0","0","39 59:44.730","","0","75 07:25.030","8","0","0","0","67301","0","0","0","N","0","0","0","1","67301","0","","1.0","","1","N","N","N","0","","0","0","3","0","0","","1909","5","1","0","0","0","1","0","2","0","5","0","0","0","3","03","","N","","","","","","","","","",""
"2020065332","1745","3","0","0","0","0","0","0","0","0","5","0","","67","8","2020","7","40.001992","-75.203617","1730","6","0","0","0","0","0","0","0","1","","0","0","0","16","1","0","N","0","0","40 00:07.170","","0","75 12:13.020","0","0","0","0","67301","0","0","0","N","0","0","0","2","67301","0","","1.0","","1","N","N","N","0","","0","0","1","0","0","","1630","4","0","0","0","0","0","0","2","0","4","0","0","0","3","03","","N","","","","","","","","","",""
"2020061097","0330","0","0","0","0","0","0","0","0","0","6","0","","67","8","2020","7","40.056864","-75.157456","0322","6","0","0","0","0","0","0","0","1","","0","0","0","2","3","1","N","0","0","40 03:24.710","","0","75 09:26.840","3","0","0","0","67301","0","0","0","N","0","0","0","1","67301","0","","6.0","","1","N","N","N","0","","1","0","2","0","0","","225","2","1","0","0","0","0","0","2","0","2","0","0","0","3","","","N","","","","","","","","","",""
"2020062711","2125","1","0","0","0","0","0","0","0","0","4","0","","67","8","2020","2","40.007208","-75.141947","2120","6","0","0","0","0","0","1","0","0","","0","0","0","21","3","1","","3","0","40 00:25.948","","0","75 08:31.009","3","0","0","0","67301","0","0","0","N","0","0","0","3","67301","0","","1.0","","1","N","N","N","0","","1","0","1","0","0","","2120","2","1","0","0","0","0","0","2","0","2","0","0","0","3","03","","N","","","","","","","","","",""
"2020108363","2019","0","0","0","0","0","0","0","0","0","5","1","","67","11","2020","2","40.005276","-75.195512","2016","6","0","0","0","0","0","0","1","0","","0","1","0","20","3","0","","7","2","40 00:18.992","4","2","75 11:43.844","0","0","0","0","67301","0","0","0","N","0","0","0","2","68K01","0","","1.0","1600.0","1","N","N","N","0","","0","0","0","0","0","Y","2011","2","0","0","0","0","0","0","2","1","2","0","0","0","3","","","N","","","","","","","","","",""
"2020062714","0025","2","0","0","0","0","0","0","0","0","6","0","","67","8","2020","3","40.046833","-75.137739","0019","6","0","0","1","0","0","0","0","0","","0","0","0","21","3","1","N","0","0","40 02:48.599","","0","75 08:15.859","3","0","0","0","67301","0","0","0","N","0","0","0","2","67301","0","","1.0","","1","N","N","N","0","","1","0","0","0","0","","2115","2","1","0","0","0","0","1","2","0","2","0","0","0","3","03","","N","","","","","","","","","",""
"2020109627","1708","1","0","0","0","0","0","0","0","0","4","0","","67","12","2020","4","39.989063","-75.089618","1708","6","0","0","0","0","0","2","0","0","","0","0","0","17","3","1","N","1","0","39 59:20.625","","0","75 05:22.623","8","0","0","0","67301","0","0","0","N","0","0","0","3","68K01","0","","1.0","","7","N","N","N","0","","0","0","2","3","2","","1708","3","1","0","0","0","1","0","2","0","3","0","0","0","10","10","","N","","","","","","","","","",""
"2020062541","0932","1","0","0","0","0","0","0","0","0","7","0","","67","8","2020","3","39.982447","-75.207675","0938","6","0","0","0","0","0","0","0","0","","0","0","0","9","1","0","N","0","0","39 58:56.810","","0","75 12:27.631","0","0","0","0","67301","0","0","0","N","0","0","0","1","68K01","0","","2.0","","9","N","N","N","0","","0","0","0","0","0","","922","1","0","1","0","0","0","0","2","0","1","0","0","0","7","","","N","","","","","","","","","",""
"2020062263","1753","1","0","0","0","0","0","0","0","0","4","0","","67","8","2020","3","39.979105","-75.161134","1745","6","0","0","0","0","0","0","0","0","","0","0","0","17","1","2","","1","1","39 58:44.778","1","0","75 09:40.084","8","0","0","0","67301","0","0","0","N","0","0","0","3","67505","0","","1.0","1805.0","1","N","N","N","0","","0","0","1","3","2","N","1743","2","2","0","0","0","2","0","2","0","2","0","0","0","3","03","","N","","","","","","","","","",""
"2020108561","2051","2","0","0","0","0","0","0","0","0","5","0","","67","12","2020","6","39.967206","-75.167728","2049","6","0","0","0","0","0","0","0","0","","0","0","0","20","3","0","N","0","0","39 58:01.940","","0","75 10:03.820","0","0","0","0","67301","0","0","0","N","0","0","0","1","67301","0","","1.0","","1","N","N","N","0","","0","0","1","3","2","","2032","4","0","0","0","0","0","0","2","0","4","0","0","0","3","03","","N","","","","","","","","","",""
"2020101830","2212","2","0","0","0","0","0","0","0","0","4","0","","67","11","2020","5","39.985595","-75.150912","2210","6","0","0","0","0","0","1","0","0","","0","0","0","22","3","1","","1","2","39 59:08.141","1","0","75 09:03.283","4","0","0","0","67301","0","0","0","N","0","0","0","2","67505","1","","1.0","2326.0","1","N","N","Y","0","","0","0","0","3","2","Y","2208","2","1","0","0","0","0","1","2","0","2","0","0","0","3","03","","N","","","","","","","","","",""
"2020102361","1705","1","0","0","0","0","0","0","0","0","8","0","","67","11","2020","6","40.028949","-75.089525","1657","6","0","0","0","0","0","0","0","0","","0","0","0","16","4","1","","1","0","40 01:44.217","","0","75 05:22.290","8","0","0","0","67301","1","0","0","N","1","0","0","2","67301","0","","1.0","","1","N","N","N","0","","0","0","0","3","2","","1600","2","1","0","0","0","1","0","2","0","1","1","0","0","3","03","","N","","","","","","","","","",""
"2020066204","1346","1","0","0","0","0","0","0","0","0","7","0","","67","8","2020","1","40.062692","-75.155425","1343","6","0","0","0","0","0","0","0","0","","0","0","0","13","1","0","N","0","0","40 03:45.690","","0","75 09:19.530","9","0","0","0","67301","0","0","0","N","0","0","0","1","67301","0","","5.0","","1","N","N","N","0","","0","0","0","0","0","","1326","1","0","1","0","0","0","1","2","0","1","0","0","0","3","03","","N","","","","","","","","","",""
"2020063515","0010","1","0","0","0","0","0","0","0","0","5","0","","67","8","2020","6","40.036272","-75.034936","0007","6","0","0","0","0","0","0","0","0","","0","0","0","0","3","0","N","0","0","40 02:10.580","","0","75 02:05.770","0","0","0","0","67301","0","0","0","N","0","0","0","1","67301","0","","6.0","","1","N","N","N","0","","0","0","0","0","0","","7","2","0","0","0","0","0","0","2","1","2","0","0","0","3","03","","N","","","","","","","","","",""
"2020107204","1210","2","0","0","0","0","0","0","0","0","2","0","","67","12","2020","7","40.003173","-75.152453","1208","6","0","0","0","0","0","1","0","0","","0","0","0","12","1","4","N","0","2","40 00:11.422","1","0","75 09:08.831","8","0","0","0","67301","0","0","0","N","0","0","0","5","67505","0","","1.0","100.0","1","N","N","N","0","","0","0","1","0","0","Y","1207","3","4","0","0","0","4","0","2","0","3","0","0","0","3","03","","N","","","","","","","","","",""
"2020063298","2311","2","0","0","0","0","0","0","0","0","4","0","","67","8","2020","2","40.0145","-75.130639","2311","6","0","0","0","0","0","0","0","0","","0","0","0","23","3","2","N","0","0","40 00:52.200","","7","75 07:50.300","3","0","0","0","67301","0","0","0","N","0","0","0","3","67301","0","","1.0","","1","N","N","N","0","","2","0","0","0","0","","2311","2","2","0","0","0","0","0","2","0","2","0","0","0","3","03","","N","","","","","","","","","",""
"2020108332","0633","1","0","0","0","0","0","0","0","0","1","0","","67","11","2020","1","39.944279","-75.191814","0633","6","0","0","0","0","0","0","0","0","","0","0","0","6","5","1","N","0","2","39 56:39.406","3","0","75 11:30.529","3","0","0","0","67301","0","0","0","N","0","0","0","3","68K01","0","","1.0","30.0","1","N","N","N","0","","1","0","1","0","0","N","633","3","1","0","0","0","0","0","2","1","3","0","0","0","3","03","","N","","","","","","","","","",""
"2020064037","1818","3","0","0","0","0","0","0","0","0","1","0","","67","8","2020","7","39.976738","-75.197537","1812","6","0","0","0","0","0","0","0","0","","0","0","0","18","1","1","N","0","0","39 58:36.256","","0","75 11:51.134","3","0","0","0","67301","0","0","0","N","0","0","0","4","68K01","0","","1.0","","1","N","N","N","0","","1","0","0","0","0","","1808","3","1","0","0","0","0","1","2","0","3","0","0","0","3","","","N","","","","","","","","","",""
"2020065337","2340","0","0","0","0","0","0","0","0","0","8","0","","67","8","2020","2","39.990983","-75.179895","2340","6","0","0","0","0","0","0","0","0","","0","0","0","23","3","1","","1","0","39 59:27.539","","0","75 10:47.621","2","0","0","0","67301","1","0","1","N","1","0","1","2","67301","0","","1.0","","1","N","N","N","0","","0","1","0","3","2","","2312","2","1","0","0","0","0","0","2","0","1","1","0","1","3","","","N","","","","","","","","","",""
"2020063345","2146","2","0","0","0","0","0","0","0","0","5","0","","67","8","2020","2","39.960111","-75.238371","2144","6","0","0","0","0","1","0","0","0","","0","0","0","21","2","1","N","0","0","39 57:36.399","","0","75 14:18.134","3","0","0","0","67301","0","0","0","N","0","0","0","4","67301","0","","1.0","","1","N","N","N","0","","1","0","0","0","0","","2141","2","1","0","0","0","0","0","2","0","2","0","0","0","3","03","","N","","","","","","","","","",""
"2020111652","2015","1","0","0","0","0","0","0","0","0","4","0","","67","12","2020","4","40.002839","-75.183886","2010","6","0","0","0","0","0","1","0","0","","0","0","0","20","3","0","N","0","1","40 00:10.221","3","0","75 11:01.988","9","0","0","0","67301","0","0","0","N","0","0","0","2","67301","0","","1.0","2049.0","1","N","N","N","0","","0","0","0","0","0","N","2005","2","0","0","0","0","0","1","2","0","2","0","0","0","3","03","","N","","","","","","","","","",""
"2020064530","1315","1","0","0","0","0","0","0","0","0","4","0","","67","8","2020","4","40.039008","-75.056253","1309","6","0","0","0","0","0","0","0","0","","0","0","0","13","1","1","","1","1","40 02:20.428","3","0","75 03:22.510","3","0","0","0","67301","0","0","0","N","0","0","0","2","67301","0","","1.0","1355.0","1","N","N","N","0","","1","0","0","3","2","Y","1309","2","1","0","0","0","0","0","2","1","2","0","0","0","3","","","N","","","","","","","","","",""
"2020067196","0853","1","0","0","0","0","0","0","0","0","6","0","","67","8","2020","1","39.968014","-75.211258","0852","6","0","0","0","0","0","0","0","0","","0","0","0","8","1","1","N","0","2","39 58:04.850","5","0","75 12:40.530","3","0","0","0","67301","0","0","0","N","0","0","0","1","67301","0","","6.0","953.0","1","N","N","Y","1","","1","0","1","0","0","Y","845","3","1","0","0","0","0","0","2","0","3","0","0","0","3","04","","N","","","","","","","","","",""
"2020110921","2025","2","0","0","0","0","0","0","0","0","1","2","45","67","12","2020","1","39.991638","-75.085911","2015","6","0","0","0","0","0","0","0","0","","0","2","0","20","3","2","N","0","1","39 59:29.897","1","0","75 05:09.281","8","0","0","0","67301","0","0","0","N","0","0","0","6","68K01","0","","1.0","2200.0","1","N","N","N","0","","0","0","0","3","8","N","2010","4","2","0","0","0","2","0","2","0","4","0","0","0","3","","Y","Y","2","1","N","N","Y","Y","Y","N","Y","N"
"2020062721","1255","2","0","0","0","0","0","0","0","0","5","0","","67","8","2020","4","40.013045","-75.159957","1248","6","0","0","0","0","0","0","0","0","","0","0","0","12","1","0","N","0","0","40 00:46.962","","0","75 09:35.844","9","0","0","0","67301","0","0","0","N","0","0","0","1","67301","0","","6.0","","1","N","N","N","0","","0","0","1","0","0","","1230","3","0","0","0","0","0","1","2","0","3","0","0","0","3","03","","N","","","","","","","","","",""
"2020064066","0020","1","0","0","0","0","0","0","0","0","7","0","","67","8","2020","5","40.033098","-75.020731","0019","6","0","0","0","1","0","0","0","0","","0","0","0","0","3","2","N","0","1","40 01:59.154","2","0","75 01:14.632","3","0","0","0","67301","0","0","0","N","0","0","0","2","68K01","0","","4.0","30.0","1","N","N","N","0","","1","0","0","0","0","N","18","1","2","0","0","0","1","0","2","0","1","0","0","0","3","","","N","","","","","","","","","",""
"2020062701","1930","1","0","0","0","0","0","0","0","0","7","0","","67","8","2020","3","39.955058","-75.229782","1928","6","0","0","0","0","0","0","0","0","","0","0","0","19","1","0","","1","0","39 57:18.208","","0","75 13:47.215","0","0","0","0","67301","0","0","0","N","0","0","0","1","67301","0","","4.0","","1","N","N","N","0","","0","0","0","3","2","","1928","1","0","0","0","0","0","0","2","0","1","0","0","0","3","03","","N","","","","","","","","","",""
"2020062942","1914","1","0","0","0","0","0","0","0","0","1","0","","67","8","2020","3","40.094343","-74.979061","1907","6","0","0","0","1","0","0","0","0","","0","0","0","18","1","1","N","0","0","40 05:39.635","","0","74 58:44.618","8","0","0","0","67301","0","0","0","N","0","0","0","3","67301","0","","6.0","","1","N","N","N","0","","0","0","0","0","0","","1850","3","1","0","0","0","1","0","2","2","3","0","0","0","3","03","","N","","","","","","","","","",""
"2020061092","0250","1","0","0","0","0","0","0","0","0","5","0","","67","8","2020","7","40.030443","-75.103726","0250","6","0","0","0","0","0","0","0","0","","0","0","0","1","3","0","N","0","0","40 01:49.595","","0","75 06:13.413","0","0","0","0","67301","0","0","0","N","0","0","0","2","67301","0","","1.0","","1","N","N","N","0","","0","0","1","0","0","","153","2","0","0","0","0","0","0","2","0","2","0","0","0","3","","","N","","","","","","","","","",""
"2020064758","1539","1","0","0","1","0","0","0","0","0","8","0","","67","8","2020","4","40.043134","-75.073804","1539","6","0","0","0","0","0","1","0","0","","0","0","0","15","1","1","","1","2","40 02:35.284","7","0","75 04:25.695","4","0","0","0","67301","1","0","0","N","0","0","0","2","67301","1","","1.0","1540.0","1","N","N","N","0","","0","0","0","3","2","Y","1538","2","1","0","0","0","0","0","2","0","1","1","0","0","3","03","","N","","","","","","","","","",""
"2020108565","0311","2","0","0","0","0","0","0","0","0","5","0","","67","12","2020","4","40.024022","-75.131079","0309","6","0","0","0","0","0","0","0","0","","0","0","0","3","3","0","N","0","0","40 01:26.479","","0","75 07:51.884","0","0","0","0","67301","0","0","0","N","0","0","0","1","67301","0","","6.0","","1","N","N","N","0","","0","0","0","0","0","","300","2","0","0","0","0","0","0","2","0","2","0","0","0","3","","","N","","","","","","","","","",""
"2020101169","1820","2","0","0","0","0","0","0","0","0","4","0","","67","11","2020","1","39.992783","-75.200884","1813","6","0","0","0","0","0","0","0","0","","0","0","0","18","3","0","N","0","0","39 59:34.018","","0","75 12:03.183","0","0","0","0","67301","0","0","0","N","0","0","0","3","68K01","0","","1.0","","1","N","N","N","0","","0","0","1","0","0","","1812","3","0","0","0","0","0","0","2","0","3","0","0","0","3","","","N","","","","","","","","","",""
"2020017150","0805","1","0","0","0","0","0","0","0","0","4","0","","67","2","2020","2","40.001613","-75.11641","0800","6","0","0","0","0","0","0","0","0","","0","0","0","7","1","1","","1","0","40 00:05.806","","0","75 06:59.075","3","0","0","0","67301","0","0","0","N","0","0","0","2","67301","0","","1.0","","8","N","N","Y","0","","1","0","0","3","2","","727","2","1","0","0","0","0","0","2","0","2","0","0","0","7","07","","N","","","","","","","","","",""
"2020054266","0400","1","0","0","0","0","0","0","0","0","7","0","","67","7","2020","5","40.025425","-75.056589","0319","6","0","0","0","0","0","0","0","0","","0","0","0","3","2","0","N","0","0","40 01:31.530","","0","75 03:23.720","0","0","0","0","67301","0","0","0","N","0","0","0","1","67301","0","","4.0","","1","N","N","N","0","","0","0","0","0","0","","301","1","0","0","0","0","0","0","2","0","1","0","0","0","3","03","","N","","","","","","","","","",""
"2020054601","1638","2","0","0","0","0","0","0","0","0","1","0","","67","7","2020","6","40.028097","-75.099965","1637","6","0","0","0","0","0","1","0","0","","0","0","0","16","1","0","N","0","0","40 01:41.148","","0","75 05:59.875","0","0","0","0","67301","0","0","0","N","0","0","0","3","67301","0","","1.0","","9","N","N","N","1","","0","0","0","0","0","","1635","3","0","0","0","0","0","0","2","0","3","0","0","0","7","04","","N","","","","","","","","","",""
"2020032416","0125","1","0","0","0","0","0","0","0","0","7","0","","67","4","2020","2","40.002383","-75.152625","0122","6","0","0","0","0","0","0","0","0","","0","0","0","1","3","0","Y","0","0","40 00:08.578","","0","75 09:09.449","0","0","0","0","67301","0","0","0","N","0","0","0","1","67505","0","","5.0","","9","N","N","N","0","","0","0","0","0","0","","122","1","0","0","0","0","0","0","2","0","1","0","0","0","7","07","","N","","","","","","","","","",""
"2020063907","1212","1","0","0","0","0","0","0","0","0","7","0","","67","8","2020","3","39.995945","-75.082816","1212","6","0","0","0","1","0","0","0","0","","0","0","0","12","1","1","N","0","2","39 59:45.401","1","0","75 04:58.138","8","0","0","0","67301","0","0","0","N","0","0","0","2","68K01","0","","4.0","1241.0","9","N","N","N","0","","0","0","0","0","0","N","1209","1","1","1","0","0","1","0","2","0","1","0","0","0","7","04","","N","","","","","","","","","",""
"2020106519","","1","0","0","0","0","0","0","0","0","1","0","","67","1","2020","6","39.985643","-75.093211","","6","0","0","0","0","0","0","0","0","","0","0","0","19","1","2","N","0","0","39 59:08.313","","0","75 05:35.558","8","0","0","0","67301","0","0","0","N","0","0","0","3","00000","0","","1.0","","1","","","N","0","","0","0","1","0","0","","1930","2","2","0","0","0","2","0","2","0","2","0","0","0","3","","","N","","","","","","","","","",""
"2020061096","0028","1","0","0","0","0","0","0","0","0","4","0","","67","8","2020","7","40.039159","-75.191725","0021","6","0","0","0","0","0","0","0","0","","0","0","0","0","3","2","","1","0","40 02:20.972","","0","75 11:30.209","2","0","0","0","67301","0","0","0","N","0","0","0","2","67301","0","","1.0","","1","N","N","N","0","","0","2","1","3","2","","18","2","2","0","0","0","0","0","2","0","2","0","0","0","3","","","N","","","","","","","","","",""
"2020109349","1510","2","0","0","0","0","0","0","0","0","5","0","","67","12","2020","3","39.926296","-75.194358","1459","6","0","0","0","0","0","1","0","0","","0","0","0","14","1","4","N","0","2","39 55:34.665","4","0","75 11:39.690","3","0","0","0","67301","0","0","0","N","0","0","0","4","68K01","1","","1.0","30.0","1","N","N","N","0","","3","0","0","0","0","N","1458","2","4","0","0","0","0","0","2","0","2","0","0","0","3","","","N","","","","","","","","","",""
"2020062686","0106","0","0","0","0","0","0","0","0","0","4","0","","67","8","2020","1","39.913061","-75.221733","0106","6","0","0","0","0","0","0","0","0","","0","0","0","1","3","2","N","0","2","39 54:47.021","6","6","75 13:18.237","2","0","1","1","67301","0","0","0","N","0","0","0","3","67301","0","","1.0","200.0","1","N","N","N","0","","1","1","1","0","0","N","106","2","2","0","0","0","0","0","2","0","2","0","0","0","3","03","","N","","","","","","","","","",""
"2020109334","1104","0","0","0","0","0","0","0","0","0","1","0","","67","12","2020","7","39.977063","-75.11268","1104","6","0","0","0","0","0","0","0","0","","0","0","0","10","1","0","N","0","1","39 58:37.427","1","0","75 06:45.649","0","0","0","0","67301","0","0","0","N","0","0","0","3","68K01","0","","1.0","1150.0","9","N","N","N","0","","0","0","2","0","0","N","1035","2","0","0","0","0","0","0","2","0","2","0","0","0","3","","","N","","","","","","","","","",""
"2020066308","0002","0","0","0","0","0","0","0","0","0","7","0","","67","8","2020","1","39.898789","-75.172756","2334","6","0","0","0","0","0","0","0","0","","0","0","0","23","3","1","N","0","0","39 53:55.642","","0","75 10:21.921","3","0","0","0","67301","0","0","0","N","0","0","0","2","68K01","0","","4.0","","1","N","N","N","0","","1","0","1","0","0","","2330","1","1","0","0","0","0","0","2","0","1","0","0","0","3","","","N","","","","","","","","","",""
"2020106184","0108","1","0","0","0","0","0","0","0","0","4","0","25","67","12","2020","4","40.007173","-75.189172","0106","6","0","0","0","0","0","0","0","0","","0","0","0","0","2","1","N","0","0","40 00:25.824","","0","75 11:21.018","3","0","0","0","67301","0","0","0","N","0","0","0","1","67301","0","","1.0","","1","N","N","N","0","","1","0","0","0","0","","39","2","1","0","0","0","0","0","2","0","2","0","0","0","3","03","N","Y","2","1","N","N","N","N","N","N","Y","N"
"2020060548","1350","1","0","0","0","0","0","0","0","0","1","0","","67","7","2020","3","39.977252","-75.189686","1345","6","0","0","0","0","0","0","0","0","","0","0","0","13","1","0","N","0","0","39 58:38.108","","3","75 11:22.870","9","0","0","0","67301","0","0","0","N","0","0","0","5","67301","0","","1.0","","1","N","N","N","0","","0","0","2","0","0","","1335","4","0","0","0","0","0","1","2","0","4","0","0","0","3","","","N","","","","","","","","","",""
"2020061551","0234","1","0","0","0","0","0","0","0","0","8","0","","67","8","2020","1","40.017233","-75.077875","0230","6","0","0","0","0","0","0","0","0","","0","0","0","2","3","1","N","0","0","40 01:02.040","","0","75 04:40.350","3","0","0","0","67301","1","0","0","N","1","0","0","2","67301","0","","1.0","","1","N","N","N","0","","1","0","0","0","0","","227","2","1","0","0","0","0","0","2","0","1","1","0","0","3","03","","N","","","","","","","","","",""
"2020109316","1539","3","0","0","0","0","0","0","0","0","1","0","","67","12","2020","5","39.958962","-75.170504","1537","6","0","0","0","0","0","0","0","0","","0","0","0","15","1","1","N","0","1","39 57:32.264","4","0","75 10:13.816","8","0","0","0","67301","0","0","0","N","0","0","0","6","68K01","0","","1.0","1620.0","1","N","N","N","0","","0","0","1","0","0","N","1537","4","1","0","0","0","1","0","2","0","4","0","0","0","3","","","N","","","","","","","","","",""
"2020110682","1258","1","0","0","0","0","0","0","0","0","7","0","","67","12","2020","2","40.023978","-75.160906","1255","6","0","0","0","0","0","0","0","0","","0","0","0","12","1","3","N","0","0","40 01:26.320","","0","75 09:39.260","8","0","0","0","67301","0","0","0","N","0","0","0","3","67301","0","","4.0","","2","N","N","N","0","","0","0","0","0","0","","1252","1","3","0","0","0","3","0","2","0","1","0","0","0","3","03","","N","","","","","","","","","",""
"2020059124","1447","2","0","0","0","0","0","0","0","0","4","0","","67","7","2020","1","40.052354","-75.131867","1447","6","0","0","0","0","1","0","0","0","","0","0","0","12","1","0","","1","0","40 03:08.474","","0","75 07:54.721","9","0","0","0","67301","0","0","0","N","0","0","0","2","67301","0","","1.0","","1","N","N","N","0","","0","0","0","3","3","","1200","2","0","0","0","0","0","1","2","0","2","0","0","0","3","","","N","","","","","","","","","",""
"2020108401","1708","2","0","0","0","0","0","0","0","0","1","0","","67","12","2020","3","39.928623","-75.196708","1705","6","0","0","0","0","0","0","0","0","","0","0","0","16","3","1","N","0","0","39 55:43.042","","0","75 11:48.148","3","0","0","0","67301","0","0","0","N","0","0","0","2","68K01","0","","1.0","","1","N","N","N","0","","1","0","0","0","0","","1655","2","1","0","0","0","0","0","2","0","2","0","0","0","3","","","N","","","","","","","","","",""