"CRN","ARRIVAL_TM","AUTOMOBILE_COUNT","BELTED_DEATH_COUNT","BELTED_SUSP_SERIOUS_INJ_COUNT","BICYCLE_COUNT","BICYCLE_DEATH_COUNT","BICYCLE_SUSP_SERIOUS_INJ_COUNT","BUS_COUNT","CHLDPAS_DEATH_COUNT","CHLDPAS_SUSP_SERIOUS_INJ_COUNT","COLLISION_TYPE","COMM_VEH_COUNT","CONS_ZONE_SPD_LIM","COUNTY","CRASH_MONTH","CRASH_YEAR","DAY_OF_WEEK","DEC_LATITUDE","DEC_LONGITUDE","DISPATCH_TM","DISTRICT","DRIVER_COUNT_16YR","DRIVER_COUNT_17YR","DRIVER_COUNT_18YR","DRIVER_COUNT_19YR","DRIVER_COUNT_20YR","DRIVER_COUNT_50_64YR","DRIVER_COUNT_65_74YR","DRIVER_COUNT_75PLUS","EST_HRS_CLOSED","FATAL_COUNT","HEAVY_TRUCK_COUNT","HORSE_BUGGY_COUNT","HOUR_OF_DAY","ILLUMINATION","INJURY_COUNT","INTERSECTION_RELATED","INTERSECT_TYPE","LANE_CLOSED","LATITUDE","LN_CLOSE_DIR","LOCATION_TYPE","LONGITUDE","MAX_SEVERITY_LEVEL","MCYCLE_DEATH_COUNT","MCYCLE_SUSP_SERIOUS_INJ_COUNT","MOTORCYCLE_COUNT","MUNICIPALITY","NONMOTR_COUNT","NONMOTR_DEATH_COUNT","NONMOTR_SUSP_SERIOUS_INJ_COUNT","NTFY_HIWY_MAINT","PED_COUNT","PED_DEATH_COUNT","PED_SUSP_SERIOUS_INJ_COUNT","PERSON_COUNT","POLICE_AGCY","POSSIBLE_INJ_COUNT","RDWY_SURF_TYPE_CD","RELATION_TO_ROAD","ROADWAY_CLEARED","ROAD_CONDITION","SCH_BUS_IND","SCH_ZONE_IND","SECONDARY_CRASH","SMALL_TRUCK_COUNT","SPEC_JURIS_CD","SUSP_MINOR_INJ_COUNT","SUSP_SERIOUS_INJ_COUNT","SUV_COUNT","TCD_FUNC_CD","TCD_TYPE","TFC_DETOUR_IND","TIME_OF_DAY","TOTAL_UNITS","TOT_INJ_COUNT","UNBELTED_OCC_COUNT","UNB_DEATH_COUNT","UNB_SUSP_SERIOUS_INJ_COUNT","UNK_INJ_DEG_COUNT","UNK_INJ_PER_COUNT","URBAN_RURAL","VAN_COUNT","VEHICLE_COUNT","VULNERABLE_ROAD_USER_COUNT","VULNERABLE_ROAD_USER_DEATH_COUNT","VULNERABLE_ROAD_USER_SER_INJ_COUNT","WEATHER1","WEATHER2","WORKERS_PRES","WORK_ZONE_IND","WORK_ZONE_LOC","WORK_ZONE_TYPE","WZ_CLOSE_DETOUR","WZ_FLAGGER","WZ_LAW_OFFCR_IND","WZ_LN_CLOSURE","WZ_MOVING","WZ_OTHER","WZ_SHLDER_MDN","WZ_WORKERS_INJ_KILLED"
"2020062944","0952","1","0","0","0","0","0","0","0","0","4","0","","67","8","2020","4","39.979105","-75.161134","0945","6","0","0","0","0","0","0","0","0","","0","0","0","9","1","1","","1","0","39 58:44.778","","0","75 09:40.084","3","0","0","0","67301","0","0","0","N","0","0","0","2","67301","0","","1.0","","1","N","N","N","0","","1","0","1","3","2","","930","2","1","0","0","0","0","0","2","0","2","0","0","0","3","03","","N","","","","","","","","","",""
"2020063425","1410","2","0","0","0","0","0","0","0","0","5","0","","67","8","2020","5","39.974598","-75.18379","1406","6","0","0","0","0","0","0","0","0","","0","0","0","14","1","0","N","0","0","39 58:28.554","","0","75 11:01.644","0","0","0","0","67301","0","0","0","N","0","0","0","1","67301","0","","6.0","","1","N","N","N","0","","0","0","2","0","0","","1406","4","0","0","0","0","0","0","2","0","4","0","0","0","3","03","","N","","","","","","","","","",""
"2020058916","1600","1","0","0","0","0","0","0","0","0","4","0","","67","7","2020","7","39.993079","-75.147887","1553","6","0","0","0","0","0","1","0","0","","0","0","0","15","1","0","","1","0","39 59:35.083","","0","75 08:52.393","0","0","0","0","67301","0","0","0","N","0","0","0","4","67301","0","","1.0","","1","N","N","N","0","","0","0","0","3","2","","1522","2","0","0","0","0","0","0","2","1","2","0","0","0","3","03","","N","","","","","","","","","",""
"2020111416","0232","1","0","0","0","0","0","0","0","0","7","0","","67","12","2020","2","40.023859","-75.131855","0224","6","0","0","0","0","0","0","0","0","","1","0","0","2","3","0","N","0","2","40 01:25.892","4","0","75 07:54.677","1","0","0","0","67301","0","0","0","N","0","0","0","1","67301","0","2","5.0","640.0","2","N","N","N","0","0","0","0","0","3","2","Y","217","1","0","0","0","0","0","0","2","0","1","0","0","0","3","","","N","","","","","","","","","",""
"2020061295","0020","1","0","0","0","0","0","0","0","0","2","0","","67","7","2020","6","40.014917","-75.12975","0015","6","0","0","0","0","0","0","0","0","","0","0","0","23","3","3","N","0","2","40 00:53.700","5","0","75 07:47.100","3","0","0","0","67301","0","0","0","N","0","0","0","3","67301","1","","1.0","200.0","1","N","N","N","0","","2","0","1","0","0","Y","2353","2","3","0","0","0","0","0","2","0","2","0","0","0","3","03","","N","","","","","","","","","",""
"2020110362","1032","0","0","0","0","0","0","0","0","0","8","0","","67","12","2020","7","40.030798","-75.226768","1032","6","0","0","0","0","0","0","0","0","","0","0","0","18","3","1","","1","9","40 01:50.872","","0","75 13:36.364","8","0","0","0","67301","1","0","0","N","1","0","0","1","67301","0","","1.0","","6","N","N","N","0","","0","0","0","3","3","","1800","2","1","0","0","0","1","0","2","0","1","1","0","0","10","10","","N","","","","","","","","","",""
"2020062294","0850","2","0","0","0","0","0","0","0","0","4","0","","67","8","2020","3","40.049904","-75.153153","0845","6","0","0","0","0","0","0","0","0","","0","0","0","8","1","2","","3","0","40 02:59.654","","0","75 09:11.350","3","0","0","0","67301","0","0","0","N","0","0","0","3","67301","0","","1.0","","9","N","N","Y","0","","2","0","0","3","3","","845","3","2","0","0","0","0","0","2","1","3","0","0","0","7","","","N","","","","","","","","","",""
"2020065278","1230","0","0","0","0","0","0","0","0","0","6","0","","67","8","2020","4","39.999744","-75.138521","1230","6","0","0","0","0","0","0","0","0","","0","0","0","15","1","1","","1","0","39 59:59.077","","0","75 08:18.677","3","0","0","1","67301","0","0","0","N","0","0","0","2","67301","0","","1.0","","99","N","N","N","0","","1","0","0","3","2","","1530","2","1","0","0","0","0","0","2","1","2","0","0","0","99","03","","N","","","","","","","","","",""
"2020061710","1137","2","0","0","0","0","0","0","0","0","2","0","","67","8","2020","2","39.975159","-75.188112","1137","6","0","0","0","0","0","0","0","0","","0","0","0","11","1","1","","1","0","39 58:30.573","","0","75 11:17.203","3","0","0","0","67301","0","0","0","N","0","0","0","2","67301","0","","1.0","","1","N","N","N","0","","1","0","0","3","2","","1135","2","1","0","0","0","0","1","2","0","2","0","0","0","3","03","","N","","","","","","","","","",""
"2020061181","0016","2","0","0","0","0","0","0","0","0","1","0","","67","8","2020","7","40.062588","-75.17079","0013","6","0","0","0","0","0","0","0","0","","0","0","0","0","3","0","","1","0","40 03:45.318","","0","75 10:14.844","0","0","0","0","67301","0","0","0","N","0","0","0","3","67301","0","","1.0","","1","N","N","N","0","","0","0","1","3","2","","13","3","0","2","0","0","0","0","2","0","3","0","0","0","3","03","","N","","","","","","","","","",""
"2020064529","1014","1","0","0","0","0","0","0","0","0","4","0","","67","8","2020","4","39.904045","-75.240114","1009","6","0","0","0","0","0","0","0","0","","0","0","0","10","1","1","","1","0","39 54:14.563","","0","75 14:24.409","8","0","0","1","67301","0","0","0","N","0","0","0","2","67301","0","","1.0","","1","N","N","N","0","","0","0","0","3","2","","1008","2","1","0","0","0","1","0","2","0","2","0","0","0","3","03","","N","","","","","","","","","",""
"2020101360","1258","1","0","0","0","0","0","0","0","0","1","0","","67","11","2020","3","39.914855","-75.234633","1258","6","0","0","0","0","0","1","0","0","","0","0","0","12","1","1","","1","1","39 54:53.479","4","0","75 14:04.677","3","0","0","0","67301","0","0","0","N","0","0","0","2","67301","0","","1.0","1400.0","1","N","N","N","0","","1","0","1","3","2","N","1258","2","1","0","0","0","0","0","2","0","2","0","0","0","3","03","","N","","","","","","","","","",""
"2020099934","0940","1","0","0","0","0","0","0","0","0","7","0","","67","11","2020","6","40.018842","-75.084281","0933","6","0","0","0","0","0","0","0","0","","0","0","0","9","1","1","N","0","0","40 01:07.830","","0","75 05:03.410","3","0","0","0","67301","0","0","0","N","0","0","0","2","67301","0","","5.0","","1","N","N","N","0","","1","0","0","0","0","","930","1","1","0","0","0","0","0","2","0","1","0","0","0","3","03","","N","","","","","","","","","",""
"2020105319","0105","2","0","0","0","0","0","0","0","0","1","0","","67","12","2020","7","39.925572","-75.234322","0055","6","0","0","0","1","0","0","0","0","","0","0","0","0","3","1","","1","0","39 55:32.060","","0","75 14:03.558","8","0","0","0","67301","0","0","0","N","0","0","0","2","67301","0","","1.0","","9","N","N","N","0","","0","0","0","3","2","","40","2","1","2","0","0","1","0","2","0","2","0","0","0","7","07","","N","","","","","","","","","",""
"2020062823","1135","2","0","0","0","0","0","0","0","0","1","0","","67","8","2020","5","39.892461","-75.222875","1130","6","0","0","0","0","0","1","0","0","","0","0","0","10","1","1","","1","0","39 53:32.860","","2","75 13:22.350","8","0","0","0","67301","0","0","0","N","0","0","0","3","67301","0","","1.0","","9","N","N","N","1","","0","0","0","3","2","","1030","3","1","0","0","0","1","0","2","0","3","0","0","0","4","","","N","","","","","","","","","",""
"2020063519","0938","1","0","0","0","0","0","0","0","0","1","0","","67","8","2020","3","39.971635","-75.243059","0938","6","0","0","0","0","0","0","0","0","","0","0","0","5","3","0","N","0","0","39 58:17.885","","0","75 14:35.013","0","0","0","0","67301","0","0","0","N","0","0","0","1","67301","0","","6.0","","9","N","N","N","1","","0","0","1","0","0","","500","3","0","0","0","0","0","0","2","0","3","0","0","0","7","04","","N","","","","","","","","","",""
"2020110404","0018","1","0","0","0","0","0","0","0","0","4","0","","67","12","2020","7","39.99999","-75.153145","0015","6","0","0","0","0","0","0","0","0","","0","1","0","0","3","0","","1","0","39 59:59.964","","0","75 09:11.322","0","0","0","0","67301","0","0","0","N","0","0","0","2","67301","0","","1.0","","6","N","N","N","0","","0","0","0","3","2","","5","2","0","1","0","0","0","0","2","0","2","0","0","0","10","03","","N","","","","","","","","","",""
"2020063417","1400","0","0","0","0","0","0","0","0","0","8","0","","67","8","2020","6","39.950969","-75.152003","1356","6","0","0","0","0","0","0","0","0","","0","0","0","13","1","1","","1","0","39 57:03.489","","0","75 09:07.210","4","0","0","0","67301","1","0","0","N","1","0","0","2","67301","1","","1.0","","1","N","N","N","1","","0","0","0","3","2","","1350","2","1","0","0","0","0","0","2","0","1","1","0","0","3","03","","N","","","","","","","","","",""
"2020111026","1709","0","0","0","0","0","0","0","0","0","8","0","","67","12","2020","3","39.984681","-75.156494","1706","6","0","0","0","0","0","0","0","0","","0","0","0","15","1","1","","1","0","39 59:04.850","","0","75 09:23.377","8","0","0","0","67301","1","0","0","N","1","0","0","2","67505","0","","1.0","","1","N","N","N","0","","0","0","1","3","2","","1544","2","1","0","0","0","1","0","2","0","1","1","0","0","3","03","","N","","","","","","","","","",""
"2020063780","0116","1","0","0","0","0","0","0","0","0","4","0","","67","8","2020","6","39.966585","-75.213525","0114","6","0","0","0","0","0","0","0","0","","0","0","0","22","3","1","","1","0","39 57:59.705","","0","75 12:48.690","3","0","0","0","67301","0","0","0","N","0","0","0","2","67301","0","","1.0","","9","N","N","N","0","","1","0","1","3","2","","2243","2","1","0","0","0","0","1","2","0","2","0","0","0","3","03","","N","","","","","","","","","",""
"2020110794","1740","2","0","0","0","0","0","0","0","0","1","0","","67","1","2020","4","39.966922","-75.160739","","6","0","0","0","0","0","0","0","0","","0","0","0","17","1","1","Y","0","0","39 58:00.920","","0","75 09:38.660","8","0","0","0","67301","0","0","0","N","0","0","0","2","00000","0","","1.0","","1","","","N","0","","0","0","0","3","2","","1740","2","1","0","0","0","1","0","2","0","2","0","0","0","3","","","N","","","","","","","","","",""
"2020060568","1010","2","0","0","0","0","0","0","0","0","5","0","","67","7","2020","4","39.991447","-75.134863","1000","6","0","0","0","0","0","0","0","0","","0","0","0","9","1","0","","1","1","39 59:29.210","4","0","75 08:05.506","0","0","0","0","67301","0","0","0","N","0","0","0","2","67301","0","","1.0","1033.0","1","N","N","N","0","","0","0","0","3","2","N","930","2","0","1","0","0","0","0","2","0","2","0","0","0","3","03","","N","","","","","","","","","",""
"2020052134","2146","2","0","2","0","0","0","0","0","0","4","0","","67","7","2020","5","40.012279","-75.161615","2145","6","0","0","0","0","0","1","0","0","","0","0","0","16","1","2","N","0","0","40 00:44.204","","0","75 09:41.813","2","0","0","0","67301","0","0","0","N","0","0","0","3","67301","0","","1.0","","1","N","N","N","0","","0","2","0","0","0","","1630","2","2","0","0","0","0","1","2","0","2","0","0","0","3","03","","N","","","","","","","","","",""
"2020097127","1840","0","0","0","0","0","0","0","0","0","8","0","","67","11","2020","5","39.909694","-75.162147","1832","6","0","0","0","0","0","0","0","0","","0","0","0","18","3","1","N","0","0","39 54:34.900","","0","75 09:43.730","8","0","0","0","67301","1","0","0","N","1","0","0","1","67301","0","","1.0","","9","N","N","N","0","","0","0","0","3","2","","1800","2","1","0","0","0","1","0","2","0","1","1","0","0","7","04","","N","","","","","","","","","",""
"2020052502","2045","1","0","0","0","0","0","0","0","0","5","0","","67","7","2020","4","39.974024","-75.204746","1955","6","0","0","0","0","0","0","0","0","","0","0","0","19","1","0","N","0","0","39 58:26.488","","0","75 12:17.084","0","0","0","0","67301","0","0","0","N","0","0","0","2","67301","0","","1.0","","1","N","N","N","1","","0","0","0","0","0","","1950","2","0","0","0","0","0","0","2","0","2","0","0","0","3","03","","N","","","","","","","","","",""
"2020058941","0751","1","0","0","0","0","0","0","0","0","7","0","","67","7","2020","7","39.977625","-75.201162","0747","6","0","0","0","0","0","0","0","0","","0","0","0","7","1","1","N","0","1","39 58:39.450","3","0","75 12:04.184","3","0","0","0","67301","0","0","0","N","0","0","0","1","68K01","0","","4.0","815.0","1","N","N","N","0","","1","0","0","0","0","N","744","1","1","1","0","0","0","0","2","0","1","0","0","0","3","03","","N","","","","","","","","","",""
"2020095974","0150","2","0","0","0","0","0","0","0","0","4","0","","67","11","2020","3","40.039152","-75.04512","0145","6","0","0","0","0","0","0","0","0","","0","0","0","1","3","0","N","0","1","40 02:20.947","4","0","75 02:42.433","9","0","0","0","67301","0","0","0","N","0","0","0","1","67301","0","","6.0","230.0","1","N","N","N","0","","0","0","0","0","0","N","144","2","0","0","0","0","0","1","2","0","2","0","0","0","3","","","N","","","","","","","","","",""
"2020109721","1529","0","0","0","0","0","0","0","0","0","5","0","","67","12","2020","2","39.932566","-75.200033","1516","6","0","0","0","0","0","2","0","0","","0","0","0","15","1","0","N","0","1","39 55:57.238","4","0","75 12:00.119","0","0","0","0","67301","0","0","0","N","0","0","0","2","68K01","0","","1.0","1535.0","1","N","N","N","2","","0","0","0","0","0","N","1514","2","0","0","0","0","0","0","2","0","2","0","0","0","3","03","","N","","","","","","","","","",""
"2020063903","0939","0","0","0","0","0","0","0","0","0","7","0","","67","8","2020","3","39.887097","-75.205032","0929","6","0","0","1","0","0","0","0","0","","0","0","0","9","1","0","N","0","2","39 53:13.548","2","0","75 12:18.116","0","0","0","0","67301","0","0","0","N","0","0","0","2","68K01","0","","4.0","1005.0","9","N","N","N","0","","0","0","1","0","0","N","927","1","0","0","0","0","0","0","2","0","1","0","0","0","7","04","","N","","","","","","","","","",""
"2020110360","1535","1","0","0","0","0","0","0","0","0","2","0","","67","12","2020","5","40.045516","-75.088316","1525","6","0","0","0","0","0","0","0","0","","0","0","0","15","1","1","","3","0","40 02:43.859","","0","75 05:17.937","3","0","0","0","67301","0","0","0","N","0","0","0","2","67301","0","","1.0","","2","N","N","N","1","","1","0","0","0","0","","1510","2","1","0","0","0","0","0","2","0","2","0","0","0","10","06","","N","","","","","","","","","",""
"2020062689","1251","3","0","0","0","0","0","0","0","0","4","0","","67","8","2020","2","39.93973","-75.225514","1251","6","0","0","0","0","0","0","0","0","","0","0","0","12","1","1","","1","0","39 56:23.027","","0","75 13:31.850","8","0","0","0","67301","0","0","0","N","0","0","0","4","67301","0","","1.0","","1","N","N","N","0","","0","0","1","3","2","","1240","4","1","0","0","0","1","2","2","0","4","0","0","0","3","03","","N","","","","","","","","","",""
"2020062681","0018","0","0","0","0","0","0","0","0","0","7","0","","67","8","2020","4","40.069172","-75.007253","0014","6","0","0","0","0","0","0","0","0","","0","0","0","0","3","1","","1","1","40 04:09.018","3","0","75 00:26.111","3","0","0","0","67301","0","0","0","N","0","0","0","2","67301","0","","4.0","30.0","9","N","N","N","1","","1","0","0","3","2","N","13","2","1","0","0","0","0","0","2","0","1","0","0","0","7","","","N","","","","","","","","","",""
"2020064891","1827","1","0","0","0","0","0","0","0","0","7","0","","67","8","2020","7","39.95791","-75.14036","1800","6","0","0","0","0","0","0","0","0","","0","0","0","17","1","3","N","0","1","39 57:28.475","3","8","75 08:25.296","3","0","0","0","67301","0","0","0","N","0","0","0","3","68K01","0","","4.0","1930.0","1","N","N","N","0","","3","0","0","0","0","N","1751","1","3","0","0","0","0","0","2","0","1","0","0","0","3","03","","N","","","","","","","","","",""
"2020062816","0903","0","0","0","0","0","0","0","0","0","7","0","","67","8","2020","4","39.955914","-75.154883","0900","6","0","0","0","0","0","1","0","0","","0","0","0","8","1","0","N","0","0","39 57:21.290","","7","75 09:17.580","0","0","0","0","67301","0","0","0","N","0","0","0","1","67301","0","","5.0","","1","N","N","N","0","","0","0","0","0","0","","857","1","0","1","0","0","0","0","2","1","1","0","0","0","3","03","","N","","","","","","","","","",""
"2020063034","2051","1","0","0","0","0","0","0","0","0","4","0","","67","8","2020","4","39.992278","-75.119963","2048","6","0","0","0","0","0","0","0","0","","0","0","0","20","3","1","","1","1","39 59:32.200","3","0","75 07:11.866","8","0","0","0","67301","0","0","0","N","0","0","0","3","67301","0","","1.0","30.0","1","N","N","N","1","","0","0","3","3","3","N","2048","5","1","0","0","0","1","2","2","0","5","0","0","0","3","03","","N","","","","","","","","","",""
"2020062122","0030","0","0","0","0","0","0","0","0","0","8","0","","67","8","2020","2","40.017303","-75.149488","0027","6","0","0","0","0","0","0","0","0","","0","0","0","23","3","1","N","0","0","40 01:02.290","","0","75 08:58.155","3","0","0","0","67301","1","0","0","N","1","0","0","2","67301","0","","1.0","","1","N","N","N","0","","1","0","0","0","0","","2300","2","1","0","0","0","0","0","2","0","1","1","0","0","3","03","","N","","","","","","","","","",""
"2020063302","0223","1","0","0","0","0","0","0","0","0","5","0","","67","8","2020","6","40.006361","-75.145717","0218","6","0","0","0","0","0","0","0","0","","0","0","0","2","3","1","N","0","2","40 00:22.900","2","0","75 08:44.580","2","0","0","2","67301","0","0","0","N","0","0","0","1","67301","0","","6.0","500.0","1","N","N","N","1","","0","1","1","0","0","N","216","6","1","0","0","0","0","0","2","0","5","0","0","0","4","04","","N","","","","","","","","","",""
"2020064968","2125","2","0","0","0","0","0","0","0","0","6","0","","67","8","2020","4","39.962167","-75.236667","2123","6","0","0","0","0","0","1","0","0","","0","0","0","21","3","0","N","0","0","39 57:43.800","","0","75 14:12.000","9","0","0","0","67301","0","0","0","N","0","0","0","2","67301","0","","1.0","","1","N","N","N","0","","0","0","0","0","0","","2117","3","0","0","0","0","0","1","2","1","3","0","0","0","3","03","","N","","","","","","","","","",""
"2020109379","1523","1","0","0","0","0","0","0","0","0","1","0","","67","12","2020","6","39.957637","-75.160086","1523","6","0","0","0","0","0","1","0","0","","0","0","0","15","1","1","N","0","1","39 57:27.493","3","1","75 09:36.311","3","0","0","0","67301","0","0","0","N","0","0","0","2","68K01","0","","1.0","5.0","1","N","N","Y","1","","1","0","0","0","0","N","1522","2","1","0","0","0","0","0","2","0","2","0","0","0","3","","","N","","","","","","","","","",""
"2020061626","0530","2","0","0","0","0","0","0","0","0","4","0","","67","8","2020","2","39.986924","-75.161045","0526","6","0","0","0","0","0","0","0","0","","0","0","0","5","3","0","","1","0","39 59:12.926","","0","75 09:39.762","9","0","0","0","67301","0","0","0","N","0","0","0","4","67301","0","","1.0","","1","N","N","N","0","","0","0","0","3","2","","500","2","0","3","0","0","0","4","2","0","2","0","0","0","3","03","","N","","","","","","","","","",""
"2020110804","","0","0","0","0","0","0","0","0","0","1","0","","67","1","2020","5","40.001308","-75.194642","","6","0","0","0","0","0","1","0","0","","0","0","0","15","1","1","N","0","0","40 00:04.710","","0","75 11:40.710","8","0","0","0","67301","0","0","0","N","0","0","0","2","00000","0","","1.0","","1","","","N","0","","0","0","2","0","0","","1530","2","1","0","0","0","1","0","2","0","2","0","0","0","3","","","N","","","","","","","","","",""
"2020064039","0202","1","0","0","0","0","0","0","0","0","7","0","","67","8","2020","1","39.984297","-75.208193","0202","6","0","0","0","0","0","0","0","0","","0","0","0","2","3","2","N","0","0","39 59:03.469","","0","75 12:29.494","3","0","0","0","67301","0","0","0","N","0","0","0","4","68K01","0","","4.0","","1","N","N","N","0","","2","0","0","0","0","","202","1","2","0","0","0","0","0","2","0","1","0","0","0","3","03","","N","","","","","","","","","",""
"2020060554","2323","4","0","0","0","0","0","0","0","0","4","0","","67","7","2020","7","39.985012","-75.106815","2323","6","0","0","0","0","0","0","0","0","","0","0","0","23","3","0","","1","2","39 59:06.043","2","0","75 06:24.534","0","0","0","0","67301","0","0","0","N","0","0","0","4","67301","0","","1.0","200.0","1","N","N","N","0","","0","0","2","3","2","N","2322","6","0","0","0","0","0","0","2","0","6","0","0","0","3","03","","N","","","","","","","","","",""
"2020064049","1935","1","0","0","0","0","0","0","0","0","7","0","","67","8","2020","2","40.033319","-75.020558","1920","6","0","1","0","0","0","0","0","0","","0","0","0","19","1","1","N","0","2","40 01:59.949","2","0","75 01:14.007","3","0","0","0","67301","0","0","0","N","0","0","0","1","68K01","0","","4.0","15.0","1","N","N","N","0","","1","0","0","0","0","N","1915","1","1","0","0","0","0","0","2","0","1","0","0","0","3","","","N","","","","","","","","","",""
"2020061707","1415","1","0","0","0","0","0","0","0","0","4","0","","67","7","2020","6","39.914034","-75.149331","1410","6","0","0","0","0","1","0","1","0","","0","0","0","14","1","2","N","0","0","39 54:50.521","","7","75 08:57.593","8","0","0","0","67301","0","0","0","N","0","0","0","3","67301","0","","1.0","","1","N","N","N","1","","0","0","0","0","0","","1405","2","2","0","0","0","2","0","2","0","2","0","0","0","3","03","","N","","","","","","","","","",""
"2020063614","0042","4","0","0","0","0","0","0","0","0","1","0","40","67","8","2020","1","39.973172","-75.120858","0037","6","0","0","0","1","0","0","0","0","","0","0","0","0","3","0","N","0","1","39 58:23.419","2","0","75 07:15.090","0","0","0","0","67301","0","0","0","N","0","0","0","6","68K01","0","","1.0","100.0","1","N","N","N","0","","0","0","0","0","0","N","34","4","0","0","0","0","0","0","2","0","4","0","0","0","3","","N","Y","4","1","","","N","Y","","Y","Y","N"
"2020061101","1150","1","0","0","0","0","0","0","0","0","7","0","","67","7","2020","6","39.876425","-75.249806","1136","6","0","0","0","0","1","0","0","0","","0","0","0","11","1","1","N","0","0","39 52:35.130","","0","75 14:59.300","3","0","0","0","67301","0","0","0","N","0","0","0","1","67301","0","","4.0","","9","N","N","N","0","","1","0","0","0","0","","1120","1","1","0","0","0","0","0","2","0","1","0","0","0","7","07","","N","","","","","","","","","",""
"2020061555","0025","0","0","0","0","0","0","0","0","0","7","0","","67","8","2020","1","40.004847","-75.136883","0025","6","0","0","0","0","0","0","0","0","","0","0","0","0","3","0","N","0","2","40 00:17.450","6","0","75 08:12.780","0","0","0","0","67301","0","0","0","N","0","0","0","1","67301","0","","6.0","100.0","1","N","N","N","0","","0","0","1","0","0","N","20","1","0","0","0","0","0","0","2","0","1","0","0","0","3","","","N","","","","","","","","","",""
"2020109322","0824","0","0","0","0","0","0","0","0","0","7","1","45","67","12","2020","6","40.011725","-75.060741","0811","6","0","0","0","0","0","0","0","0","","0","1","0","8","1","2","N","0","1","40 00:42.210","1","0","75 03:38.666","3","0","0","0","67301","0","0","0","Y","0","0","0","2","68K01","0","","4.0","1000.0","1","N","N","N","0","","2","0","0","0","0","N","809","1","2","0","0","0","0","0","2","0","1","0","0","0","3","","Y","Y","4","1","N","N","N","N","N","Y","N","N"
"2020108810","0245","1","0","0","0","0","0","0","0","0","7","0","","67","12","2020","7","40.042177","-75.003969","0242","6","0","0","0","0","0","0","0","0","","0","0","0","1","3","0","N","0","0","40 02:31.838","","0","75 00:14.288","0","0","0","0","67301","0","0","0","Y","0","0","0","1","68K01","0","","4.0","","9","N","N","N","0","","0","0","0","0","0","","145","1","0","0","0","0","0","0","2","0","1","0","0","0","7","07","","N","","","","","","","","","",""
"2020060508","0054","1","0","0","0","0","0","0","0","0","7","0","","67","7","2020","4","40.037861","-75.073028","0050","6","0","0","0","0","0","0","0","0","","0","0","0","0","3","1","N","0","0","40 02:16.300","","0","75 04:22.900","3","0","0","0","67301","0","0","0","N","0","0","0","1","67301","0","","4.0","","1","N","N","N","0","","1","0","0","0","0","","45","1","1","0","0","0","0","0","2","0","1","0","0","0","3","03","","N","","","","","","","","","",""
"2020108941","1054","2","0","0","0","0","0","0","0","0","4","0","","67","12","2020","3","39.953236","-75.215139","1054","6","0","0","0","0","0","0","0","0","","0","0","0","10","1","0","N","2","1","39 57:11.649","4","0","75 12:54.501","0","0","0","0","67301","0","0","0","N","0","0","0","4","67301","0","","1.0","1149.0","1","N","N","N","0","","0","0","0","0","0","N","1054","2","0","0","0","0","0","0","2","0","2","0","0","0","3","03","","N","","","","","","","","","",""
"2020063119","1834","1","0","0","0","0","0","0","0","0","1","0","","67","8","2020","4","40.035833","-75.059306","1827","6","0","0","0","0","0","0","0","0","","0","0","0","18","1","1","N","0","0","40 02:09.000","","0","75 03:33.500","3","0","0","0","67301","0","0","0","N","0","0","0","2","67301","0","","6.0","","1","N","N","N","1","","1","0","1","0","0","","1827","3","1","0","0","0","0","0","2","0","3","0","0","0","3","03","","N","","","","","","","","","",""
"2020060979","0229","1","0","0","0","0","0","0","0","0","5","0","","67","7","2020","5","39.964423","-75.204378","0201","6","0","0","0","0","0","0","0","0","","0","0","0","2","3","2","N","0","0","39 57:51.923","","0","75 12:15.760","3","0","0","0","67301","0","0","0","N","0","0","0","3","67301","0","","1.0","","1","N","N","N","0","","2","0","1","0","0","","200","2","2","0","0","0","0","0","2","0","2","0","0","0","3","","","N","","","","","","","","","",""
"2020060561","2007","0","0","0","0","0","0","0","0","0","5","0","","67","7","2020","4","39.986246","-75.11068","2005","6","0","0","0","0","0","0","0","0","","0","0","0","19","1","0","N","0","1","39 59:10.486","1","0","75 06:38.448","0","0","0","0","67301","0","0","0","N","0","0","0","1","67301","0","","6.0","2130.0","1","N","N","N","2","","0","0","2","0","0","N","1956","4","0","0","0","0","0","0","2","0","4","0","0","0","3","03","","N","","","","","","","","","",""
"2020074770","1912","2","0","0","0","0","0","0","0","0","1","0","","67","9","2020","7","39.960207","-75.190892","1910","6","0","0","0","0","0","1","0","0","","0","0","0","19","3","1","","1","0","39 57:36.745","","0","75 11:27.211","8","0","0","0","67301","0","0","0","N","0","0","0","5","67507","0","","1.0","","1","N","N","N","0","","0","0","0","3","2","","1905","2","1","0","0","0","1","0","2","0","2","0","0","0","3","03","","N","","","","","","","","","",""
"2020064759","1800","1","0","0","1","0","0","0","0","0","8","0","","67","8","2020","4","39.924369","-75.169611","1752","6","0","0","0","0","1","0","0","0","","0","0","0","17","1","1","","1","0","39 55:27.728","","0","75 10:10.600","4","0","0","0","67301","1","0","0","N","0","0","0","2","67301","1","","1.0","","1","N","N","N","0","","0","0","0","3","2","","1749","2","1","0","0","0","0","0","2","0","1","1","0","0","3","","","N","","","","","","","","","",""