"CRN","ARRIVAL_TM","AUTOMOBILE_COUNT","BELTED_DEATH_COUNT","BELTED_SUSP_SERIOUS_INJ_COUNT","BICYCLE_COUNT","BICYCLE_DEATH_COUNT","BICYCLE_SUSP_SERIOUS_INJ_COUNT","BUS_COUNT","CHLDPAS_DEATH_COUNT","CHLDPAS_SUSP_SERIOUS_INJ_COUNT","COLLISION_TYPE","COMM_VEH_COUNT","CONS_ZONE_SPD_LIM","COUNTY","CRASH_MONTH","CRASH_YEAR","DAY_OF_WEEK","DEC_LATITUDE","DEC_LONGITUDE","DISPATCH_TM","DISTRICT","DRIVER_COUNT_16YR","DRIVER_COUNT_17YR","DRIVER_COUNT_18YR","DRIVER_COUNT_19YR","DRIVER_COUNT_20YR","DRIVER_COUNT_50_64YR","DRIVER_COUNT_65_74YR","DRIVER_COUNT_75PLUS","EST_HRS_CLOSED","FATAL_COUNT","HEAVY_TRUCK_COUNT","HORSE_BUGGY_COUNT","HOUR_OF_DAY","ILLUMINATION","INJURY_COUNT","INTERSECTION_RELATED","INTERSECT_TYPE","LANE_CLOSED","LATITUDE","LN_CLOSE_DIR","LOCATION_TYPE","LONGITUDE","MAX_SEVERITY_LEVEL","MCYCLE_DEATH_COUNT","MCYCLE_SUSP_SERIOUS_INJ_COUNT","MOTORCYCLE_COUNT","MUNICIPALITY","NONMOTR_COUNT","NONMOTR_DEATH_COUNT","NONMOTR_SUSP_SERIOUS_INJ_COUNT","NTFY_HIWY_MAINT","PED_COUNT","PED_DEATH_COUNT","PED_SUSP_SERIOUS_INJ_COUNT","PERSON_COUNT","POLICE_AGCY","POSSIBLE_INJ_COUNT","RDWY_SURF_TYPE_CD","RELATION_TO_ROAD","ROADWAY_CLEARED","ROAD_CONDITION","SCH_BUS_IND","SCH_ZONE_IND","SECONDARY_CRASH","SMALL_TRUCK_COUNT","SPEC_JURIS_CD","SUSP_MINOR_INJ_COUNT","SUSP_SERIOUS_INJ_COUNT","SUV_COUNT","TCD_FUNC_CD","TCD_TYPE","TFC_DETOUR_IND","TIME_OF_DAY","TOTAL_UNITS","TOT_INJ_COUNT","UNBELTED_OCC_COUNT","UNB_DEATH_COUNT","UNB_SUSP_SERIOUS_INJ_COUNT","UNK_INJ_DEG_COUNT","UNK_INJ_PER_COUNT","URBAN_RURAL","VAN_COUNT","VEHICLE_COUNT","VULNERABLE_ROAD_USER_COUNT","VULNERABLE_ROAD_USER_DEATH_COUNT","VULNERABLE_ROAD_USER_SER_INJ_COUNT","WEATHER1","WEATHER2","WORKERS_PRES","WORK_ZONE_IND","WORK_ZONE_LOC","WORK_ZONE_TYPE","WZ_CLOSE_DETOUR","WZ_FLAGGER","WZ_LAW_OFFCR_IND","WZ_LN_CLOSURE","WZ_MOVING","WZ_OTHER","WZ_SHLDER_MDN","WZ_WORKERS_INJ_KILLED"
"2020110380","1555","2","0","0","0","0","0","0","0","0","2","0","","67","12","2020","4","39.986294","-75.230011","1530","6","0","0","0","0","0","0","0","0","","0","0","0","15","1","0","N","0","2","39 59:10.660","6","0","75 13:48.040","0","0","0","0","67301","0","0","0","N","0","0","0","2","67301","0","","1.0","1745.0","7","N","N","N","0","","0","0","0","0","0","Y","1522","2","0","0","0","0","0","0","2","0","2","0","0","0","10","10","","N","","","","","","","","","",""
"2020101808","1930","1","0","0","0","0","0","0","0","0","4","0","","67","11","2020","5","39.951249","-75.199138","1928","6","0","0","0","0","0","0","0","0","","0","0","0","19","3","0","N","2","0","39 57:04.496","","0","75 11:56.898","0","0","0","0","67301","0","0","0","N","0","0","0","2","67504","0","","1.0","","1","N","N","N","0","","0","0","1","3","2","","1928","2","0","0","0","0","0","0","2","0","2","0","0","0","3","03","","N","","","","","","","","","",""
"2020108550","1253","1","0","0","0","0","0","0","0","0","1","1","35","67","12","2020","1","39.909222","-75.153083","1252","6","0","0","0","0","0","0","0","0","","0","1","0","12","1","1","N","0","2","39 54:33.200","3","3","75 09:11.100","3","0","0","0","67301","0","0","0","N","0","0","0","3","67501","0","","1.0","1357.0","1","N","N","N","1","","1","0","0","3","1","N","1252","3","1","0","0","0","0","0","2","0","3","0","0","0","3","03","N","Y","8","1","","","N","Y","","","","N"
"2020111754","1330","2","0","0","0","0","0","0","0","0","2","0","","67","12","2020","5","40.063397","-75.200422","1322","6","0","0","0","0","0","0","0","0","","0","0","0","13","1","1","N","0","2","40 03:48.230","6","0","75 12:01.520","3","0","0","0","67301","0","0","0","N","0","0","0","4","67301","0","","1.0","1400.0","9","N","N","N","0","","1","0","0","9","9","Y","1300","2","1","0","0","0","0","0","2","0","2","0","0","0","7","07","","N","","","","","","","","","",""
"2020063424","2310","0","0","0","0","0","0","0","0","0","4","0","","67","8","2020","4","39.995464","-75.178917","2310","6","0","0","0","0","0","0","0","0","","0","0","0","22","3","3","","1","0","39 59:43.671","","0","75 10:44.100","3","0","0","0","67301","0","0","0","N","0","0","0","4","67301","0","","1.0","","1","N","N","N","0","","3","0","2","3","2","","2245","2","3","0","0","0","0","0","2","0","2","0","0","0","3","03","","N","","","","","","","","","",""
"2020061905","2221","2","0","0","0","0","0","0","0","0","1","0","","67","8","2020","1","40.014518","-75.131119","2221","6","0","0","0","0","0","0","0","0","","0","0","0","22","3","0","","5","0","40 00:52.264","","0","75 07:52.028","0","0","0","0","67301","0","0","0","N","0","0","0","4","67301","0","","1.0","","1","N","N","N","0","","0","0","0","3","2","","2221","3","0","0","0","0","0","0","2","1","3","0","0","0","3","03","","N","","","","","","","","","",""
"2020063349","1620","2","0","0","0","0","0","0","0","0","4","0","","67","8","2020","6","40.022961","-75.163233","1620","6","0","0","0","0","0","0","0","0","","0","0","0","16","1","1","","1","0","40 01:22.659","","0","75 09:47.638","3","0","0","0","67301","0","0","0","N","0","0","0","4","67301","0","","1.0","","1","N","N","N","0","","1","0","0","3","3","","1620","2","1","0","0","0","0","0","2","0","2","0","0","0","3","04","","N","","","","","","","","","",""
"2020105315","1039","0","0","0","0","0","0","0","0","0","8","0","","67","12","2020","3","40.048703","-75.235368","1033","6","0","0","0","0","0","0","0","0","","0","0","0","10","1","1","N","0","0","40 02:55.329","","0","75 14:07.326","3","0","0","0","67301","1","0","0","N","1","0","0","2","67301","0","","1.0","","1","N","N","N","0","","1","0","1","3","2","","1030","2","1","0","0","0","0","0","2","0","1","1","0","0","3","03","","N","","","","","","","","","",""
"2020060506","0834","0","0","0","0","0","0","0","0","0","1","0","","67","7","2020","3","40.036102","-75.087876","0827","6","0","0","0","0","0","0","0","0","","0","1","0","8","1","2","","1","2","40 02:09.968","2","0","75 05:16.352","3","0","0","0","67301","0","0","0","N","0","0","0","4","67301","0","","1.0","925.0","1","N","N","N","0","","2","0","1","3","2","Y","826","3","2","0","0","0","0","0","2","0","3","0","0","0","3","","","N","","","","","","","","","",""
"2020096399","2338","2","0","0","0","0","0","0","0","0","2","0","","67","11","2020","4","40.070181","-75.180496","2337","6","0","0","0","0","0","0","0","0","","0","0","0","23","3","1","","1","0","40 04:12.650","","0","75 10:49.787","8","0","0","0","67301","0","0","0","N","0","0","0","2","67301","0","","1.0","","8","N","N","N","0","","0","0","1","3","2","","2336","3","1","0","0","0","1","1","2","0","3","0","0","0","7","","","N","","","","","","","","","",""
"2020051873","0450","2","0","0","0","0","0","0","0","0","5","0","","67","7","2020","5","40.001282","-75.065697","0441","6","0","0","0","0","0","0","0","0","","0","0","0","4","3","0","N","0","0","40 00:04.615","","0","75 03:56.508","0","0","0","0","67301","0","0","0","N","0","0","0","1","67301","0","","6.0","","1","N","N","N","0","","0","0","0","0","0","","420","2","0","0","0","0","0","0","2","0","2","0","0","0","3","03","","N","","","","","","","","","",""
"2020062945","1930","1","0","0","0","0","0","0","0","0","1","0","","67","8","2020","4","39.986636","-75.187502","1924","6","0","0","0","0","0","0","0","0","","0","0","0","15","1","1","","2","0","39 59:11.889","","0","75 11:15.007","3","0","0","0","67301","0","0","0","N","0","0","0","2","67301","0","","1.0","","1","N","N","N","0","","1","0","1","3","2","","1529","2","1","0","0","0","0","0","2","0","2","0","0","0","3","03","","N","","","","","","","","","",""
"2020063619","0151","1","0","0","0","0","0","0","0","0","7","0","","67","8","2020","3","39.960151","-75.180129","0151","6","0","0","1","0","0","0","0","0","","0","0","0","1","3","0","N","0","0","39 57:36.544","","3","75 10:48.463","0","0","0","0","67301","0","0","0","N","0","0","0","1","68K01","0","","3.0","","9","N","N","N","0","","0","0","0","0","0","","151","1","0","0","0","0","0","0","2","0","1","0","0","0","7","","","N","","","","","","","","","",""
"2020062075","1242","1","0","0","0","0","0","0","0","0","4","0","","67","8","2020","3","39.979002","-75.160335","1241","6","0","0","0","0","0","0","0","0","","0","0","0","12","1","3","","1","1","39 58:44.406","1","0","75 09:37.206","8","0","0","0","67301","0","0","0","N","0","0","0","5","67505","0","","1.0","1400.0","9","N","N","Y","0","","0","0","1","3","3","Y","1239","2","3","0","0","0","3","0","2","0","2","0","0","0","8","07","","N","","","","","","","","","",""
"2020050333","1820","0","0","0","0","0","0","0","0","0","8","0","","67","6","2020","7","39.946554","-75.180526","1802","6","0","0","0","0","0","0","0","0","","0","0","0","18","1","1","","1","0","39 56:47.594","","0","75 10:49.893","8","0","0","0","67301","1","0","0","N","1","0","0","2","67301","0","","1.0","","1","N","N","N","1","","0","0","0","3","2","","1800","2","1","0","0","0","1","0","2","0","1","1","0","0","3","","","N","","","","","","","","","",""
"2020062693","1558","1","0","0","0","0","0","0","0","0","4","0","","67","8","2020","1","40.030567","-75.082639","1554","6","0","0","0","0","0","0","0","0","","0","0","0","15","1","0","","1","0","40 01:50.040","","0","75 04:57.502","9","0","0","0","67301","0","0","0","N","0","0","0","2","67301","0","","1.0","","1","N","N","N","0","","0","0","1","3","2","","1544","2","0","0","0","0","0","1","2","0","2","0","0","0","3","","","N","","","","","","","","","",""
"2020062822","0815","1","0","0","0","0","0","0","0","0","4","1","","67","8","2020","5","39.943107","-75.215286","0807","6","0","0","0","0","0","0","0","0","","0","1","0","7","1","0","","1","0","39 56:35.185","","0","75 12:55.029","0","0","0","0","67301","0","0","0","N","0","0","0","3","67301","0","","1.0","","9","N","N","N","0","","0","0","1","3","2","","746","3","0","0","0","0","0","0","2","0","3","0","0","0","7","","","N","","","","","","","","","",""
"2020109373","1750","1","0","0","0","0","0","0","0","0","1","0","","67","12","2020","5","39.988059","-75.08919","1655","6","0","0","0","0","1","0","0","0","","0","0","0","16","3","0","N","0","0","39 59:17.014","","0","75 05:21.084","0","0","0","0","67301","0","0","0","N","0","0","0","2","68K01","0","","1.0","","1","N","N","N","0","","0","0","1","0","0","","1649","2","0","1","0","0","0","0","2","0","2","0","0","0","3","","","N","","","","","","","","","",""
"2020062709","1943","4","0","0","0","0","0","0","0","0","4","0","","67","8","2020","1","39.999691","-75.120817","1925","6","0","0","0","0","0","0","0","0","","0","0","0","18","1","0","","2","1","39 59:58.887","1","0","75 07:14.941","0","0","0","0","67301","0","0","0","N","0","0","0","6","67301","0","","1.0","1807.0","1","N","N","Y","0","","0","0","0","3","3","Y","1807","5","0","3","0","0","0","0","2","0","5","0","0","0","3","","","N","","","","","","","","","",""
"2020060676","1515","1","0","0","0","0","0","0","0","0","4","0","","67","7","2020","2","39.963167","-75.218167","1512","6","0","0","0","0","0","0","1","0","","0","0","0","15","1","2","","3","1","39 57:47.400","6","0","75 13:05.400","3","0","0","0","67301","0","0","0","N","0","0","0","4","67301","0","","1.0","1800.0","1","N","N","N","0","","2","0","2","0","0","Y","1510","3","2","0","0","0","0","0","2","0","3","0","0","0","3","03","","N","","","","","","","","","",""
"2020061185","1333","0","0","0","0","0","0","0","0","0","8","0","","67","7","2020","5","40.032556","-75.050275","1327","6","0","0","0","0","0","1","0","0","","0","0","0","13","1","1","N","0","0","40 01:57.202","","7","75 03:00.991","3","0","0","0","67301","1","0","0","N","1","0","0","2","67301","0","","1.0","","1","N","N","N","0","","1","0","1","0","0","","1316","2","1","1","0","0","0","0","2","0","1","1","0","0","3","03","","N","","","","","","","","","",""
"2020060558","0821","0","0","0","0","0","0","0","0","0","7","0","","67","7","2020","3","39.992721","-75.110755","0821","6","0","0","0","0","0","1","0","0","","0","0","0","7","1","0","N","0","0","39 59:33.797","","0","75 06:38.719","0","0","0","0","67301","0","0","0","N","0","0","0","1","67301","0","","5.0","","1","N","N","N","0","","0","0","1","0","0","","700","1","0","0","0","0","0","0","2","0","1","0","0","0","3","","","N","","","","","","","","","",""
"2020061415","0141","2","0","0","0","0","0","0","0","0","5","0","","67","8","2020","1","40.022719","-75.148198","0139","6","0","0","0","1","0","0","0","0","","0","0","0","1","3","0","","5","0","40 01:21.790","","0","75 08:53.512","9","0","0","0","67301","0","0","0","N","0","0","0","5","67301","0","","1.0","","1","N","N","N","0","","0","0","0","3","2","","135","2","0","0","0","0","0","1","2","0","2","0","0","0","3","03","","N","","","","","","","","","",""
"2020064133","0340","1","0","0","0","0","0","0","0","0","1","0","","67","8","2020","5","40.029833","-75.087659","0334","6","0","0","0","0","0","1","0","0","","0","0","0","3","3","0","","1","2","40 01:47.398","3","0","75 05:15.572","0","0","0","0","67301","0","0","0","N","0","0","0","2","67301","0","","1.0","500.0","1","N","N","N","0","","0","0","0","3","2","N","334","2","0","0","0","0","0","0","2","1","2","0","0","0","3","03","","N","","","","","","","","","",""
"2020062682","1850","1","0","0","0","0","0","0","0","0","4","0","","67","8","2020","4","40.058748","-74.995671","1845","6","0","0","0","0","0","0","0","0","","0","0","0","18","1","1","","1","0","40 03:31.491","","0","74 59:44.414","8","0","0","0","67301","0","0","0","N","0","0","0","2","67301","0","","1.0","","1","N","N","N","0","","0","0","1","0","0","","1835","2","1","0","0","0","1","0","2","0","2","0","0","0","3","03","","N","","","","","","","","","",""
"2020063121","2348","1","0","0","0","0","0","0","0","0","4","0","","67","8","2020","5","40.000319","-75.10646","2247","6","0","0","0","0","0","0","0","0","","0","0","0","21","3","1","","5","0","40 00:01.147","","1","75 06:23.257","8","0","0","0","67301","0","0","0","N","0","0","0","4","67301","0","","1.0","","1","N","N","N","0","","0","0","0","3","2","","2115","2","1","0","0","0","1","0","2","1","2","0","0","0","3","","","N","","","","","","","","","",""
"2020063033","0030","1","0","0","0","0","0","0","0","0","7","0","","67","8","2020","5","39.968637","-75.233854","0025","6","0","0","0","0","0","0","0","0","","0","0","0","22","3","0","","1","0","39 58:07.093","","0","75 14:01.874","0","0","0","0","67301","0","0","0","N","0","0","0","1","67301","0","","4.0","","1","N","N","N","0","","0","0","0","3","2","","2257","2","0","1","0","0","0","0","2","0","1","0","0","0","3","03","","N","","","","","","","","","",""
"2020051576","1956","1","0","0","0","0","0","0","0","0","4","1","","67","7","2020","4","39.982107","-75.148438","1955","6","0","0","0","0","0","0","0","0","","0","1","0","19","1","0","","1","0","39 58:55.585","","0","75 08:54.376","0","0","0","0","67301","0","0","0","N","0","0","0","3","67505","0","","1.0","","1","N","N","N","0","","0","0","0","3","3","","1950","2","0","0","0","0","0","0","2","0","2","0","0","0","3","03","","N","","","","","","","","","",""
"2020061711","1019","3","0","0","0","0","0","0","0","0","1","0","","67","8","2020","1","40.000631","-75.132891","1015","6","0","0","0","0","0","1","0","0","","0","0","0","10","1","1","","1","0","40 00:02.271","","0","75 07:58.407","3","0","0","0","67301","0","0","0","N","0","0","0","2","67301","0","","1.0","","1","N","N","N","0","","1","0","1","3","2","","1000","6","1","1","0","0","0","0","2","2","6","0","0","0","3","04","","N","","","","","","","","","",""
"2020062691","0230","1","0","0","0","0","0","0","0","0","1","0","","67","8","2020","3","39.883694","-75.213144","0220","6","0","0","0","0","0","1","0","0","","0","0","0","2","3","0","N","0","0","39 53:01.300","","0","75 12:47.320","9","0","0","0","67301","0","0","0","N","0","0","0","2","67301","0","","1.0","","9","N","N","N","0","","0","0","1","0","0","","216","2","0","0","0","0","0","1","2","0","2","0","0","0","7","07","","N","","","","","","","","","",""
"2020060530","0020","1","0","0","0","0","0","0","0","0","1","0","","67","7","2020","6","40.027804","-75.098648","0015","6","0","1","0","0","0","0","0","0","","0","0","0","0","3","0","","1","0","40 01:40.095","","0","75 05:55.134","0","0","0","0","67301","0","0","0","N","0","0","0","3","67301","0","","1.0","","1","N","N","N","0","","0","0","2","3","2","","10","3","0","1","0","0","0","0","2","0","3","0","0","0","3","03","","N","","","","","","","","","",""
"2020060984","2134","2","0","0","0","0","0","0","0","0","4","0","","67","7","2020","5","40.00161","-75.128583","2130","6","0","0","0","0","0","0","0","0","","0","0","0","21","3","0","","1","1","40 00:05.796","3","0","75 07:42.898","0","0","0","0","67301","0","0","0","N","0","0","0","2","67301","0","","1.0","2200.0","1","N","N","Y","0","","0","0","1","3","2","Y","2130","3","0","0","0","0","0","0","2","0","3","0","0","0","3","03","","N","","","","","","","","","",""
"2020059208","2225","2","0","0","0","0","0","0","0","0","6","0","","67","7","2020","1","40.041587","-75.182546","2225","6","0","0","0","0","0","0","0","0","","0","0","0","22","3","0","N","0","0","40 02:29.714","","0","75 10:57.165","0","0","0","0","67301","0","0","0","N","0","0","0","1","67301","0","","6.0","","1","N","N","N","0","","0","0","2","0","0","","2224","4","0","1","0","0","0","0","2","0","4","0","0","0","3","03","","N","","","","","","","","","",""
"2020063893","0415","2","0","0","0","0","0","0","0","0","5","0","","67","7","2020","1","39.989647","-75.205896","0412","6","0","0","0","0","0","0","0","0","","0","0","0","4","3","0","N","0","0","39 59:22.728","","0","75 12:21.224","9","0","0","0","67301","0","0","0","N","0","0","0","1","68K01","0","","2.0","","1","N","N","N","0","","0","0","0","0","0","","410","2","0","0","0","0","0","1","2","0","2","0","0","0","3","","","N","","","","","","","","","",""
"2020060504","1537","0","0","0","0","0","0","0","0","0","1","0","","67","7","2020","7","40.046284","-75.057395","1530","6","0","0","0","0","0","0","0","0","","0","0","0","15","1","1","N","0","0","40 02:46.623","","0","75 03:26.622","8","0","0","0","67301","0","0","0","N","0","0","0","4","67301","0","","1.0","","1","N","N","N","0","","0","0","1","0","0","","1500","2","1","0","0","0","1","0","2","0","2","0","0","0","3","03","","N","","","","","","","","","",""
"2020058640","0338","1","0","0","0","0","0","0","0","0","5","0","","67","7","2020","6","39.991928","-75.235736","0325","6","0","0","0","0","0","0","0","0","","0","0","0","3","3","0","N","0","0","39 59:30.940","","0","75 14:08.650","0","0","0","0","67301","0","0","0","N","0","0","0","1","67301","0","","6.0","","9","N","N","N","0","","0","0","1","0","0","","308","2","0","0","0","0","0","0","2","0","2","0","0","0","7","04","","N","","","","","","","","","",""
"2020105371","0018","1","0","0","0","0","0","0","0","0","5","0","","67","12","2020","5","40.042873","-75.00317","0018","6","0","0","0","0","0","0","0","0","","0","0","0","0","3","0","N","0","0","40 02:34.343","","0","75 00:11.413","0","0","0","0","67301","0","0","0","N","0","0","0","2","68K01","0","","1.0","","1","N","N","N","1","","0","0","0","0","0","","17","2","0","0","0","0","0","0","2","0","2","0","0","0","3","","","N","","","","","","","","","",""
"2020060217","1827","1","0","0","0","0","0","0","0","0","5","0","","67","7","2020","7","40.017039","-75.050429","1801","6","0","0","0","0","0","0","0","0","","0","0","0","18","1","0","N","0","2","40 01:01.340","2","0","75 03:01.545","9","0","0","0","67301","0","0","0","N","0","0","0","2","68K01","0","","1.0","1830.0","1","N","N","N","0","","0","0","0","0","0","N","1800","2","0","0","0","0","0","1","2","0","2","0","0","0","3","","","N","","","","","","","","","",""
"2020060193","0128","1","0","0","0","0","0","0","0","0","7","0","","67","7","2020","6","39.983839","-75.208144","0128","6","0","0","0","0","1","0","0","0","","0","0","0","1","3","1","N","0","1","39 59:01.822","4","0","75 12:29.320","8","0","0","0","67301","0","0","0","N","0","0","0","1","68K01","0","","4.0","130.0","9","N","N","N","0","","0","0","0","0","0","N","127","1","1","0","0","0","1","0","2","0","1","0","0","0","7","","","N","","","","","","","","","",""
"2020061906","2222","3","0","0","0","0","0","0","0","0","1","0","","67","7","2020","6","40.007006","-75.193051","2212","6","0","0","0","0","0","0","0","0","","0","0","0","20","4","0","N","0","0","40 00:25.220","","3","75 11:34.983","0","0","0","0","67301","0","0","0","N","0","0","0","3","67301","0","","1.0","","1","N","N","N","0","","0","0","0","0","0","","2040","3","0","0","0","0","0","0","2","0","3","0","0","0","3","03","","N","","","","","","","","","",""
"2020105380","0150","1","0","0","0","0","0","0","0","0","1","0","","67","12","2020","7","39.949151","-75.141908","0150","6","0","0","0","0","0","0","0","0","","0","0","0","1","3","1","N","0","1","39 56:56.945","2","0","75 08:30.867","4","0","0","0","67301","0","0","0","N","0","0","0","5","68K01","1","","4.0","310.0","9","N","N","Y","0","","0","0","1","0","0","N","150","2","1","0","0","0","0","0","2","0","2","0","0","0","7","","","N","","","","","","","","","",""
"2020061256","0852","0","0","0","1","0","0","0","0","0","8","0","","67","7","2020","3","40.068294","-75.005484","0847","6","0","0","0","0","0","1","0","0","","0","0","0","8","1","1","N","0","0","40 04:05.857","","7","75 00:19.744","3","0","0","0","67301","1","0","0","N","0","0","0","2","67301","0","","1.0","","1","N","N","N","0","","1","0","1","0","0","","835","2","1","0","0","0","0","0","2","0","1","1","0","0","3","03","","N","","","","","","","","","",""
"2020060566","1610","1","0","0","0","0","0","0","0","0","1","0","","67","7","2020","2","40.024361","-75.123389","1610","6","0","0","0","0","0","0","0","0","","0","0","0","16","1","1","N","0","0","40 01:27.700","","0","75 07:24.200","3","0","0","0","67301","0","0","0","N","0","0","0","4","67301","0","","1.0","","1","N","N","N","0","","1","0","0","0","0","","1609","3","1","1","0","0","0","0","2","2","3","0","0","0","3","","","N","","","","","","","","","",""
"2020105526","2352","2","0","0","0","0","0","0","0","0","7","0","","67","11","2020","5","39.95898","-75.170659","2327","6","0","0","0","0","0","1","0","0","","0","0","0","23","3","0","N","0","0","39 57:32.328","","0","75 10:14.374","0","0","0","0","67301","0","0","0","Y","0","0","0","3","68K01","0","","4.0","","1","N","N","N","0","","0","0","1","0","0","","2324","3","0","0","0","0","0","0","2","0","3","0","0","0","3","","","N","","","","","","","","","",""
"2020060678","1957","2","0","0","0","0","0","0","0","0","5","0","","67","7","2020","2","39.957264","-75.247633","1956","6","0","0","0","0","0","0","0","0","","0","0","0","19","1","1","N","0","1","39 57:26.150","3","0","75 14:51.480","3","0","0","0","67301","0","0","0","N","0","0","0","1","67301","0","","6.0","2037.0","1","N","N","N","0","","1","0","0","0","0","N","1955","2","1","1","0","0","0","0","2","0","2","0","0","0","3","98","","N","","","","","","","","","",""
"2020103186","1724","1","0","0","0","0","0","0","0","0","2","0","","67","12","2020","3","40.004651","-75.152132","1723","6","0","0","0","0","0","0","0","0","","0","0","0","17","3","0","","1","0","40 00:16.745","","0","75 09:07.674","0","0","0","0","67301","0","0","0","N","0","0","0","2","67505","0","","1.0","","1","N","N","N","0","","0","0","1","3","2","","1720","2","0","0","0","0","0","0","2","0","2","0","0","0","3","","","N","","","","","","","","","",""
"2020101352","1957","0","0","0","0","0","0","0","0","0","8","0","","67","11","2020","2","40.045021","-75.060938","1942","6","0","0","0","0","0","0","0","0","","0","0","0","19","3","1","N","0","1","40 02:42.076","1","0","75 03:39.378","3","0","0","0","67301","1","0","0","N","1","0","0","2","67301","0","","1.0","2000.0","1","N","N","N","0","","1","0","1","0","0","N","1938","2","1","0","0","0","0","0","2","0","1","1","0","0","3","","","N","","","","","","","","","",""
"2020057131","0745","1","0","0","0","0","0","0","0","0","4","0","","67","7","2020","3","39.975836","-75.158419","0742","6","0","0","0","0","0","0","0","0","","0","0","0","7","1","2","","1","0","39 58:33.009","","0","75 09:30.309","4","0","0","0","67301","0","0","0","N","0","0","0","3","67301","1","","1.0","","1","N","N","N","0","","0","0","1","3","2","","741","2","2","0","0","0","1","0","2","0","2","0","0","0","3","03","","N","","","","","","","","","",""
"2020059464","0044","1","0","0","0","0","0","0","0","0","7","0","","67","7","2020","2","39.96009","-75.179585","0044","6","0","0","0","0","1","0","0","0","","0","0","0","0","3","0","N","0","1","39 57:36.323","4","3","75 10:46.505","0","0","0","0","67301","0","0","0","N","0","0","0","1","68K01","0","","4.0","115.0","9","N","N","N","0","","0","0","0","0","0","N","44","1","0","0","0","0","0","0","2","0","1","0","0","0","7","","","N","","","","","","","","","",""
"2020061708","0815","3","0","0","0","0","0","0","0","0","4","0","","67","8","2020","2","39.969999","-75.163109","0809","6","0","0","0","0","0","0","1","0","","0","0","0","7","1","2","","1","0","39 58:11.995","","0","75 09:47.193","3","0","0","1","67301","0","0","0","N","0","0","0","2","67301","0","","1.0","","1","N","N","N","0","","2","0","1","3","3","","750","5","2","0","0","0","0","0","2","0","5","0","0","0","3","03","","N","","","","","","","","","",""
"2020061972","1035","1","0","0","1","0","0","0","0","0","8","0","","67","7","2020","2","39.941797","-75.174104","1035","6","0","0","0","0","0","0","0","0","","0","0","0","19","1","1","","1","0","39 56:30.469","","0","75 10:26.774","3","0","0","0","67301","1","0","0","N","0","0","0","2","67301","0","","1.0","","99","N","N","N","0","","1","0","0","3","3","","1901","2","1","0","0","0","0","1","2","0","1","1","0","0","3","","","N","","","","","","","","","",""
"2020061628","0058","2","0","0","0","0","0","0","0","0","5","0","","67","7","2020","5","40.027194","-75.131789","0056","6","0","0","0","0","0","0","0","0","","0","0","0","23","3","1","N","0","2","40 01:37.900","3","0","75 07:54.440","2","0","0","0","67301","0","0","0","N","0","0","0","2","67301","0","","6.0","258.0","1","N","N","N","0","","0","1","0","0","0","Y","2307","2","1","0","0","0","0","0","2","0","2","0","0","0","3","03","","N","","","","","","","","","",""
"2020061516","2231","2","0","0","0","0","0","0","0","0","2","0","","67","7","2020","5","40.00096","-75.190502","2226","6","0","0","0","0","0","0","0","0","","0","0","0","22","3","2","N","0","2","40 00:03.456","5","0","75 11:25.808","2","0","0","0","67301","0","0","0","N","0","0","0","2","67301","0","","1.0","2355.0","99","N","N","N","0","","1","1","0","0","0","Y","2200","2","2","0","0","0","0","0","2","0","2","0","0","0","4","04","","N","","","","","","","","","",""
"2020061098","1640","1","0","0","0","0","0","0","0","0","1","0","","67","7","2020","5","39.987767","-75.153681","1632","6","0","0","0","0","0","0","0","0","","0","0","0","15","1","0","N","0","0","39 59:15.960","","0","75 09:13.250","0","0","0","0","67301","0","0","0","N","0","0","0","1","67301","0","","6.0","","1","N","N","N","0","","0","0","2","0","0","","1535","3","0","0","0","0","0","0","2","0","3","0","0","0","4","04","","N","","","","","","","","","",""
"2020061873","1828","0","0","0","0","0","0","0","0","0","8","0","","67","7","2020","6","39.923533","-75.180409","1813","6","0","0","0","0","0","0","0","0","","0","0","0","18","1","1","N","0","0","39 55:24.718","","0","75 10:49.471","3","0","0","0","67301","1","0","0","N","0","0","0","2","67301","0","","1.0","","1","N","N","N","0","","1","0","0","0","0","","1812","2","1","0","0","0","0","0","2","0","1","1","0","0","3","03","","N","","","","","","","","","",""
"2020060511","1904","1","0","0","0","0","0","0","0","0","1","0","","67","7","2020","7","39.957047","-75.151144","1904","6","0","0","0","0","0","0","0","0","","0","0","0","19","1","0","","5","1","39 57:25.370","4","2","75 09:04.120","9","0","0","0","67301","0","0","0","N","0","0","0","3","67301","0","","1.0","2030.0","1","N","N","N","1","","0","0","1","3","2","N","1900","3","0","0","0","0","0","1","2","0","3","0","0","0","3","04","","N","","","","","","","","","",""
"2020059021","2022","1","0","0","0","0","0","0","0","0","4","0","","67","7","2020","7","40.017884","-75.082595","2021","6","0","0","0","0","0","0","0","0","","0","0","0","20","4","1","","1","2","40 01:04.383","7","1","75 04:57.342","3","0","0","1","67301","0","0","0","N","0","0","0","2","67301","0","","1.0","200.0","1","N","N","N","0","","1","0","0","3","2","Y","2020","2","1","1","0","0","0","0","2","0","2","0","0","0","3","03","","N","","","","","","","","","",""
"2020095973","2115","1","0","0","0","0","0","0","0","0","3","0","","67","11","2020","7","40.012745","-75.078069","2115","6","0","0","0","0","0","0","0","0","","0","0","0","20","6","0","","1","9","40 00:45.881","","0","75 04:41.048","9","0","0","0","67301","0","0","0","N","0","0","0","1","67301","0","","1.0","","1","N","N","N","0","","0","0","0","3","3","","2000","2","0","0","0","0","0","1","2","0","2","0","0","0","3","","","N","","","","","","","","","",""