"CRN","ARRIVAL_TM","AUTOMOBILE_COUNT","BELTED_DEATH_COUNT","BELTED_SUSP_SERIOUS_INJ_COUNT","BICYCLE_COUNT","BICYCLE_DEATH_COUNT","BICYCLE_SUSP_SERIOUS_INJ_COUNT","BUS_COUNT","CHLDPAS_DEATH_COUNT","CHLDPAS_SUSP_SERIOUS_INJ_COUNT","COLLISION_TYPE","COMM_VEH_COUNT","CONS_ZONE_SPD_LIM","COUNTY","CRASH_MONTH","CRASH_YEAR","DAY_OF_WEEK","DEC_LATITUDE","DEC_LONGITUDE","DISPATCH_TM","DISTRICT","DRIVER_COUNT_16YR","DRIVER_COUNT_17YR","DRIVER_COUNT_18YR","DRIVER_COUNT_19YR","DRIVER_COUNT_20YR","DRIVER_COUNT_50_64YR","DRIVER_COUNT_65_74YR","DRIVER_COUNT_75PLUS","EST_HRS_CLOSED","FATAL_COUNT","HEAVY_TRUCK_COUNT","HORSE_BUGGY_COUNT","HOUR_OF_DAY","ILLUMINATION","INJURY_COUNT","INTERSECTION_RELATED","INTERSECT_TYPE","LANE_CLOSED","LATITUDE","LN_CLOSE_DIR","LOCATION_TYPE","LONGITUDE","MAX_SEVERITY_LEVEL","MCYCLE_DEATH_COUNT","MCYCLE_SUSP_SERIOUS_INJ_COUNT","MOTORCYCLE_COUNT","MUNICIPALITY","NONMOTR_COUNT","NONMOTR_DEATH_COUNT","NONMOTR_SUSP_SERIOUS_INJ_COUNT","NTFY_HIWY_MAINT","PED_COUNT","PED_DEATH_COUNT","PED_SUSP_SERIOUS_INJ_COUNT","PERSON_COUNT","POLICE_AGCY","POSSIBLE_INJ_COUNT","RDWY_SURF_TYPE_CD","RELATION_TO_ROAD","ROADWAY_CLEARED","ROAD_CONDITION","SCH_BUS_IND","SCH_ZONE_IND","SECONDARY_CRASH","SMALL_TRUCK_COUNT","SPEC_JURIS_CD","SUSP_MINOR_INJ_COUNT","SUSP_SERIOUS_INJ_COUNT","SUV_COUNT","TCD_FUNC_CD","TCD_TYPE","TFC_DETOUR_IND","TIME_OF_DAY","TOTAL_UNITS","TOT_INJ_COUNT","UNBELTED_OCC_COUNT","UNB_DEATH_COUNT","UNB_SUSP_SERIOUS_INJ_COUNT","UNK_INJ_DEG_COUNT","UNK_INJ_PER_COUNT","URBAN_RURAL","VAN_COUNT","VEHICLE_COUNT","VULNERABLE_ROAD_USER_COUNT","VULNERABLE_ROAD_USER_DEATH_COUNT","VULNERABLE_ROAD_USER_SER_INJ_COUNT","WEATHER1","WEATHER2","WORKERS_PRES","WORK_ZONE_IND","WORK_ZONE_LOC","WORK_ZONE_TYPE","WZ_CLOSE_DETOUR","WZ_FLAGGER","WZ_LAW_OFFCR_IND","WZ_LN_CLOSURE","WZ_MOVING","WZ_OTHER","WZ_SHLDER_MDN","WZ_WORKERS_INJ_KILLED"
"2020060516","2331","3","0","0","0","0","0","0","0","0","4","0","","67","7","2020","5","39.923784","-75.239701","2331","6","0","0","0","0","0","0","0","0","","0","0","0","23","3","2","","1","0","39 55:25.624","","0","75 14:22.925","3","0","0","0","67301","0","0","0","N","0","0","0","3","67301","0","","1.0","","1","N","N","N","0","","1","0","0","3","3","","2330","3","2","0","0","0","1","0","2","0","3","0","0","0","3","","","N","","","","","","","","","",""
"2020098016","0418","1","0","0","0","0","0","0","0","0","2","0","","67","11","2020","7","40.017376","-75.171961","0418","6","0","0","0","0","0","1","0","0","","0","0","0","4","2","1","N","0","0","40 01:02.555","","0","75 10:19.059","8","0","0","0","67301","0","0","0","N","0","0","0","3","67301","0","","1.0","","1","N","N","N","0","","0","0","0","0","0","","405","2","1","3","0","0","1","0","2","1","2","0","0","0","3","03","","N","","","","","","","","","",""
"2020063262","1334","3","0","0","0","0","0","0","0","0","1","0","","67","7","2020","2","39.986658","-75.091263","1325","6","0","0","0","0","0","0","0","0","","0","0","0","13","1","0","N","0","2","39 59:11.967","1","0","75 05:28.545","0","0","0","0","67301","0","0","0","N","0","0","0","3","68K01","0","","1.0","30.0","1","N","N","N","0","","0","0","0","0","0","N","1318","3","0","0","0","0","0","0","2","0","3","0","0","0","3","03","","N","","","","","","","","","",""
"2020060677","2335","0","0","0","0","0","0","0","0","0","4","0","","67","7","2020","3","39.966908","-75.19212","2330","6","0","0","0","0","0","0","0","0","","0","0","0","13","1","0","","1","0","39 58:00.868","","0","75 11:31.632","0","0","0","0","67301","0","0","0","N","0","0","0","2","67301","0","","1.0","","1","N","N","N","0","","0","0","0","3","2","","1300","2","0","0","0","0","0","0","2","1","2","0","0","0","3","03","","N","","","","","","","","","",""
"2020059026","0900","1","0","0","0","0","0","0","0","0","5","0","","67","7","2020","1","40.031711","-75.146229","0900","6","0","0","0","0","0","0","1","0","","0","0","0","8","1","0","N","0","0","40 01:54.160","","0","75 08:46.425","0","0","0","0","67301","0","0","0","N","0","0","0","2","67301","0","","6.0","","1","N","N","N","0","","0","0","2","0","0","","834","3","0","0","0","0","0","0","2","0","3","0","0","0","3","03","","N","","","","","","","","","",""
"2020061296","0305","1","0","0","0","0","0","0","0","0","7","0","","67","8","2020","7","40.003184","-75.141429","0305","6","0","0","0","1","0","0","0","0","","0","0","0","0","3","1","","1","0","40 00:11.462","","0","75 08:29.144","3","0","0","0","67301","0","0","0","N","0","0","0","1","67301","0","","4.0","","1","N","N","N","0","","1","0","0","0","0","","30","1","1","0","0","0","0","0","2","0","1","0","0","0","3","","","N","","","","","","","","","",""
"2020109622","1534","2","0","0","0","0","0","0","0","0","1","1","","67","12","2020","4","39.929261","-75.14629","1518","6","0","0","0","0","0","0","0","0","","0","1","0","15","1","0","N","0","1","39 55:45.341","2","0","75 08:46.643","0","0","0","0","67301","0","0","0","N","0","0","0","3","68K01","0","","1.0","1622.0","7","N","N","N","0","","0","0","0","0","0","N","1517","3","0","0","0","0","0","0","2","0","3","0","0","0","10","10","","N","","","","","","","","","",""
"2020105500","0833","1","0","0","0","0","0","0","0","0","1","1","","67","11","2020","7","39.959151","-75.173061","0827","6","0","0","0","0","0","1","0","0","","0","1","0","8","1","2","N","0","1","39 57:32.945","3","0","75 10:23.019","4","0","0","0","67301","0","0","0","N","0","0","0","2","68K01","1","","1.0","1000.0","1","N","N","N","0","","0","0","0","0","0","N","824","2","2","0","0","0","1","0","2","0","2","0","0","0","3","","","N","","","","","","","","","",""
"2020106635","1609","0","0","0","0","0","0","0","0","0","8","0","","67","12","2020","4","40.053186","-75.156686","1608","6","0","0","0","0","0","0","1","0","","0","0","0","15","1","1","","1","0","40 03:11.469","","0","75 09:24.070","3","0","0","0","67301","1","0","0","N","1","0","0","2","67301","0","","1.0","","1","N","N","N","0","","1","0","1","3","3","","1555","2","1","1","0","0","0","0","2","0","1","1","0","0","3","03","","N","","","","","","","","","",""
"2020060571","1930","1","0","0","0","0","0","0","0","0","4","0","","67","7","2020","3","39.964537","-75.134391","1926","6","0","0","0","0","0","0","0","0","","0","0","0","19","1","0","","1","0","39 57:52.333","","0","75 08:03.809","0","0","0","0","67301","0","0","0","N","0","0","0","3","67301","0","","1.0","","1","N","N","N","0","","0","0","1","3","2","","1924","2","0","0","0","0","0","0","2","0","2","0","0","0","3","","","N","","","","","","","","","",""
"2020063439","1806","1","0","0","0","0","0","0","0","0","1","0","","67","8","2020","6","40.024488","-75.180339","1804","6","0","1","1","0","0","1","1","0","","0","0","0","18","1","2","Y","0","2","40 01:28.157","5","0","75 10:49.220","3","0","0","0","67301","0","0","0","N","0","0","0","7","67301","0","","1.0","200.0","1","N","N","N","0","","1","0","3","3","2","Y","1800","5","2","0","0","0","1","1","2","0","5","0","0","0","4","","","N","","","","","","","","","",""
"2020102988","0200","2","0","0","0","0","0","0","0","0","1","0","","67","1","2020","7","40.036732","-75.064498","","6","0","0","0","0","0","0","1","0","","0","0","0","2","3","1","","1","0","40 02:12.235","","0","75 03:52.193","8","0","0","0","67301","0","0","0","N","0","0","0","2","00000","0","","1.0","","1","","","N","0","","0","0","0","3","2","","200","2","1","0","0","0","1","0","2","0","2","0","0","0","3","","","N","","","","","","","","","",""
"2020060231","1302","2","0","0","0","0","0","0","0","0","5","0","","67","7","2020","2","39.900433","-75.157188","1256","6","0","0","0","0","0","1","1","0","","0","0","0","12","1","0","N","0","1","39 54:01.560","2","3","75 09:25.877","0","0","0","0","67301","0","0","0","N","0","0","0","2","68K01","0","","1.0","1345.0","1","N","N","Y","0","","0","0","0","0","0","N","1255","2","0","0","0","0","0","0","2","0","2","0","0","0","3","03","","N","","","","","","","","","",""
"2020110806","","1","0","0","0","0","0","0","0","0","4","0","","67","1","2020","3","39.95762","-75.145687","","6","0","0","0","0","0","2","0","0","","0","0","0","18","1","1","","1","0","39 57:27.432","","0","75 08:44.473","8","0","0","0","67301","0","0","0","N","0","0","0","2","00000","0","","1.0","","1","","","N","0","","0","0","0","3","2","","1820","2","1","0","0","0","1","0","2","0","2","0","0","0","3","","","N","","","","","","","","","",""
"2020058767","0328","1","0","0","0","0","0","0","0","0","4","0","","67","7","2020","6","39.959686","-75.222938","0323","6","0","0","0","0","0","0","0","0","","0","0","0","3","3","2","","1","0","39 57:34.869","","0","75 13:22.576","8","0","0","0","67301","0","0","0","N","0","0","0","2","67301","0","","1.0","","9","N","N","N","0","","0","0","1","3","2","","316","2","2","0","0","0","2","0","2","0","2","0","0","0","7","","","N","","","","","","","","","",""
"2020060528","1646","0","0","0","0","0","0","0","0","0","4","0","","67","7","2020","4","39.919569","-75.24022","1646","6","0","0","0","0","0","1","0","0","","0","0","0","15","1","1","","1","0","39 55:10.448","","0","75 14:24.792","3","0","0","0","67301","0","0","0","N","0","0","0","2","67301","0","","1.0","","1","N","N","N","0","","1","0","2","3","2","","1550","2","1","0","0","0","0","0","2","0","2","0","0","0","3","03","","N","","","","","","","","","",""
"2020059510","2217","0","0","0","0","0","0","0","0","0","7","0","","67","7","2020","1","40.070005","-74.981491","2215","6","0","0","0","0","0","1","0","0","","0","0","0","22","3","1","N","0","0","40 04:12.019","","0","74 58:53.368","2","0","0","0","67301","0","0","0","N","0","0","0","1","67301","0","","4.0","","1","N","N","N","0","","0","1","1","0","0","","2215","1","1","0","0","0","0","0","2","0","1","0","0","0","3","03","","N","","","","","","","","","",""
"2020059513","2030","1","0","1","0","0","0","0","0","0","4","0","","67","7","2020","6","39.944896","-75.212701","2028","6","0","0","0","0","0","0","0","0","","0","0","0","20","1","2","","1","0","39 56:41.625","","0","75 12:45.723","2","0","0","0","67301","0","0","0","N","0","0","0","2","67301","0","","1.0","","1","N","N","N","0","","1","1","1","3","2","","2025","2","2","0","0","0","0","0","2","0","2","0","0","0","3","03","","N","","","","","","","","","",""
"2020062679","0702","0","0","0","1","0","0","0","0","0","4","0","","67","8","2020","2","40.039865","-75.0275","0656","6","0","0","0","0","0","1","0","0","","0","0","0","6","1","1","N","0","1","40 02:23.515","7","0","75 01:39.001","3","0","0","0","67301","1","0","0","N","0","0","0","2","67301","0","","1.0","804.0","1","N","N","N","0","","1","0","1","0","0","Y","654","2","1","1","0","0","0","0","2","0","1","1","0","0","3","03","","N","","","","","","","","","",""
"2020073608","0156","0","0","0","0","0","0","0","0","0","7","0","","67","8","2020","3","39.960151","-75.180129","0156","6","0","0","0","0","0","0","0","0","","0","0","0","1","3","0","N","0","1","39 57:36.544","4","3","75 10:48.463","0","0","0","0","67301","0","0","0","N","0","0","0","1","68K01","0","","4.0","210.0","9","N","N","Y","0","","0","0","1","0","0","N","156","1","0","0","0","0","0","0","2","0","1","0","0","0","7","07","","N","","","","","","","","","",""
"2020062113","1344","3","0","0","0","0","0","0","0","0","1","0","","67","8","2020","3","40.047227","-75.059023","1339","6","0","0","0","0","0","1","1","0","","0","0","0","13","1","1","Y","0","0","40 02:50.018","","0","75 03:32.484","3","0","0","0","67301","0","0","0","N","0","0","0","4","67301","0","","1.0","","9","N","N","N","0","","1","0","0","3","2","","1325","4","1","0","0","0","0","0","2","1","4","0","0","0","7","","","N","","","","","","","","","",""
"2020106640","1125","1","0","0","0","0","0","0","0","0","5","0","","67","7","2020","7","39.938083","-75.183533","1125","6","0","0","0","0","0","0","0","0","","0","0","0","10","1","0","N","0","0","39 56:17.100","","0","75 11:00.720","0","0","0","0","67301","0","0","0","N","0","0","0","1","67301","0","","6.0","","1","N","N","N","0","","0","0","1","0","0","","1054","2","0","0","0","0","0","0","2","0","2","0","0","0","3","03","","N","","","","","","","","","",""
"2020060518","0519","2","0","0","0","0","0","0","0","0","5","0","","67","7","2020","6","39.911917","-75.231028","0514","6","0","0","0","0","0","0","0","0","","0","0","0","5","1","1","","1","1","39 54:42.900","1","0","75 13:51.700","3","0","0","0","67301","0","0","0","N","0","0","0","3","67301","0","","1.0","620.0","9","N","N","N","0","","1","0","0","0","0","N","512","2","1","0","0","0","0","0","2","0","2","0","0","0","7","","","N","","","","","","","","","",""
"2020061000","0154","1","0","0","0","0","0","0","0","0","4","0","","67","8","2020","7","39.973809","-75.15349","0153","6","0","0","0","0","0","0","0","0","","0","0","0","1","3","3","","1","0","39 58:25.712","","0","75 09:12.563","4","0","0","0","67301","0","0","0","N","0","0","0","4","67505","2","","1.0","","1","N","N","N","0","","0","0","1","3","3","","150","2","3","0","0","0","1","1","2","0","2","0","0","0","3","03","","N","","","","","","","","","",""
"2020060521","1344","1","0","0","0","0","0","0","0","0","4","0","","67","7","2020","7","39.936842","-75.221159","1327","6","0","0","0","0","0","1","0","0","","0","0","0","13","1","1","","2","0","39 56:12.631","","0","75 13:16.172","3","0","0","0","67301","0","0","0","N","0","0","0","3","67301","0","","1.0","","1","N","N","N","0","","1","0","0","3","3","","1319","2","1","2","0","0","0","1","2","0","2","0","0","0","3","","","N","","","","","","","","","",""
"2020105976","0330","2","1","1","0","0","0","0","0","0","2","0","","67","11","2020","6","39.886408","-75.21325","0320","6","0","0","0","0","0","0","0","1","","1","0","0","3","3","1","N","0","2","39 53:11.070","2","0","75 12:47.701","1","0","0","0","67301","0","0","0","N","0","0","0","2","68K01","0","1","1.0","628.0","1","N","N","N","0","0","0","1","0","0","0","N","320","2","1","0","0","0","0","0","2","0","2","0","0","0","3","03","","N","","","","","","","","","",""
"2020060535","2355","0","0","0","0","0","0","0","0","0","7","0","","67","7","2020","3","40.016147","-75.088048","2352","6","0","0","0","0","0","0","0","0","","0","0","0","23","3","0","","1","0","40 00:58.129","","0","75 05:16.972","0","0","0","0","67301","0","0","0","N","0","0","0","1","67301","0","","5.0","","1","N","N","N","0","","0","0","1","3","3","","2320","1","0","0","0","0","0","0","2","0","1","0","0","0","3","03","","N","","","","","","","","","",""
"2020060576","0845","2","0","0","0","0","0","0","0","0","4","0","","67","7","2020","5","40.047036","-75.14288","0841","6","0","0","0","0","0","0","0","0","","0","0","0","8","1","1","N","0","0","40 02:49.330","","7","75 08:34.368","3","0","0","0","67301","0","0","0","N","0","0","0","2","67301","0","","1.0","","1","N","N","N","0","","1","0","0","0","0","","835","2","1","0","0","0","0","0","2","0","2","0","0","0","3","03","","N","","","","","","","","","",""
"2020110403","2340","1","0","0","0","0","0","0","0","0","1","0","","67","12","2020","6","40.015873","-75.153841","2330","6","0","0","0","0","0","1","0","0","","0","0","0","22","3","3","","1","0","40 00:57.144","","0","75 09:13.828","3","0","0","0","67301","0","0","0","N","0","0","0","3","67301","0","","1.0","","2","N","N","N","0","","3","0","1","0","0","","2200","2","3","0","0","0","0","0","2","0","2","0","0","0","10","09","","N","","","","","","","","","",""
"2020102654","1336","1","0","0","0","0","0","0","0","0","8","0","","67","11","2020","2","39.984525","-75.155336","1336","6","0","0","0","0","0","0","0","1","","0","0","0","13","1","1","","2","0","39 59:04.290","","0","75 09:19.208","8","0","0","0","67301","1","0","0","N","1","0","0","2","67505","0","","1.0","","1","N","N","N","0","","0","0","0","3","3","","1326","2","1","0","0","0","1","0","2","0","1","1","0","0","3","03","","N","","","","","","","","","",""
"2020106246","2300","2","0","0","0","0","0","0","0","0","5","0","","67","12","2020","1","40.006208","-75.074612","2237","6","0","0","0","0","0","0","0","0","","0","0","0","22","3","0","N","0","0","40 00:22.348","","0","75 04:28.603","0","0","0","0","67301","0","0","0","N","0","0","0","2","68K01","0","","4.0","","1","N","N","N","0","","0","0","0","0","0","","2217","2","0","0","0","0","0","0","2","0","2","0","0","0","3","03","","N","","","","","","","","","",""
"2020057474","1237","2","0","0","0","0","0","0","0","0","5","0","","67","7","2020","2","40.009524","-75.153328","1235","6","0","0","0","0","0","0","0","0","","0","0","0","12","1","1","N","0","2","40 00:34.285","6","0","75 09:11.982","8","0","0","0","67301","0","0","0","N","0","0","0","5","67301","0","","6.0","100.0","1","N","N","N","0","","0","0","2","0","0","Y","1233","4","1","0","0","0","1","0","2","0","4","0","0","0","3","03","","N","","","","","","","","","",""
"2020055968","0038","0","0","0","0","0","0","0","0","0","8","0","","67","7","2020","4","39.910358","-75.231367","0035","6","0","0","0","0","0","0","0","0","","0","0","0","23","3","1","N","0","0","39 54:37.290","","0","75 13:52.920","3","0","0","0","67301","1","0","0","N","1","0","0","2","67301","0","","1.0","","1","N","N","N","0","","1","0","0","0","0","","2328","2","1","0","0","0","0","0","2","0","1","1","0","0","3","03","","N","","","","","","","","","",""
"2020063588","2040","1","0","0","0","0","0","0","0","0","5","0","","67","8","2020","7","40.016597","-75.149534","2030","6","0","0","0","0","0","0","0","0","","0","0","0","19","3","0","N","0","0","40 00:59.749","","7","75 08:58.322","0","0","0","0","67301","0","0","0","N","0","0","0","4","67301","0","","1.0","","1","N","N","N","1","","0","0","0","0","0","","1950","3","0","0","0","0","0","0","2","1","3","0","0","0","3","03","","N","","","","","","","","","",""
"2020059122","1636","2","0","0","0","0","0","0","0","0","5","0","","67","7","2020","7","39.955378","-75.232325","1633","6","0","0","0","1","0","0","0","0","","0","0","0","16","1","0","N","0","0","39 57:19.360","","0","75 13:56.370","0","0","0","0","67301","0","0","0","N","0","0","0","1","67301","0","","6.0","","1","N","N","N","0","","0","0","1","0","0","","1632","4","0","1","0","0","0","0","2","1","4","0","0","0","3","03","","N","","","","","","","","","",""
"2020101680","2038","2","0","0","0","0","0","0","0","0","2","0","","67","11","2020","3","40.05355","-75.177957","2035","6","0","1","0","0","0","1","0","0","","0","0","0","20","3","1","","1","1","40 03:12.780","5","0","75 10:40.645","8","0","0","0","67301","0","0","0","N","0","0","0","2","67301","0","","1.0","2130.0","1","N","N","N","0","","0","0","0","3","2","N","2035","2","1","2","0","0","1","0","2","0","2","0","0","0","3","","","N","","","","","","","","","",""
"2020064028","1606","1","0","0","0","0","0","0","0","0","7","0","","67","7","2020","6","39.994173","-75.198788","1544","6","0","0","0","0","0","1","0","0","","0","0","0","15","1","1","N","0","1","39 59:39.021","4","0","75 11:55.637","4","0","0","0","67301","0","0","0","N","0","0","0","1","68K01","1","","4.0","30.0","1","N","N","N","0","","0","0","0","0","0","N","1540","1","1","0","0","0","0","0","2","0","1","0","0","0","3","","","N","","","","","","","","","",""
"2020105327","1432","1","0","0","0","0","0","0","0","0","5","1","","67","12","2020","1","39.995076","-75.163378","1432","6","0","0","0","0","0","0","0","0","","0","1","0","14","1","0","N","0","0","39 59:42.274","","0","75 09:48.159","0","0","0","0","67301","0","0","0","N","0","0","0","1","67301","0","","6.0","","1","N","N","N","0","","0","0","1","0","0","","1410","3","0","0","0","0","0","0","2","0","3","0","0","0","3","03","","N","","","","","","","","","",""
"2020059145","0615","1","0","0","0","0","0","0","0","0","5","0","","67","7","2020","1","39.948456","-75.164372","0615","6","0","0","0","0","0","0","0","0","","0","0","0","6","1","0","N","0","0","39 56:54.442","","0","75 09:51.740","0","0","0","0","67301","0","0","0","N","0","0","0","1","67301","0","","6.0","","1","N","N","N","0","","0","0","1","0","0","","615","3","0","0","0","0","0","0","2","1","3","0","0","0","3","03","","N","","","","","","","","","",""
"2020058913","0246","3","0","0","0","0","0","0","0","0","1","0","","67","7","2020","1","39.935078","-75.150633","0236","6","0","0","0","0","0","0","0","0","","0","0","0","2","3","0","N","0","1","39 56:06.280","2","0","75 09:02.280","0","0","0","0","67301","0","0","0","N","0","0","0","1","67301","0","","6.0","336.0","1","N","N","N","0","","0","0","0","0","0","Y","234","3","0","0","0","0","0","0","2","0","3","0","0","0","3","03","","N","","","","","","","","","",""
"2020058851","1400","1","0","0","0","0","0","0","0","0","4","0","","67","7","2020","7","40.005097","-75.155465","1350","6","0","0","0","0","0","0","0","0","","0","0","0","13","1","2","","1","2","40 00:18.349","1","0","75 09:19.673","2","0","0","0","67301","0","0","0","N","0","0","0","3","67301","0","","1.0","1520.0","1","N","N","N","0","","1","1","0","3","3","Y","1330","2","2","0","0","0","0","0","2","0","2","0","0","0","3","","","N","","","","","","","","","",""
"2020064888","1115","2","0","0","0","0","0","0","0","0","1","1","","67","8","2020","7","39.978164","-75.202234","1115","6","0","0","0","0","0","0","0","0","","0","1","0","11","1","0","N","0","2","39 58:41.391","3","0","75 12:08.041","9","0","0","0","67301","0","0","0","N","0","0","0","3","68K01","0","","1.0","1120.0","1","N","N","N","0","","0","0","0","0","0","N","1100","3","0","0","0","0","0","2","2","0","3","0","0","0","3","03","","N","","","","","","","","","",""
"2020060531","2318","0","0","0","0","0","0","0","0","0","7","0","","67","7","2020","7","40.056058","-75.047306","2313","6","0","0","0","0","0","1","0","0","","0","0","0","23","3","0","N","0","0","40 03:21.810","","0","75 02:50.300","0","0","0","0","67301","0","0","0","N","0","0","0","1","67301","0","","3.0","","1","N","N","N","1","","0","0","0","2","1","","2305","2","0","0","0","0","0","0","2","0","1","0","0","0","3","03","","N","","","","","","","","","",""
"2020060580","1745","2","0","0","0","0","0","0","0","0","1","0","","67","7","2020","3","40.024566","-75.16616","1745","6","0","0","0","0","0","0","1","0","","0","0","0","17","1","1","","2","0","40 01:28.437","","0","75 09:58.176","3","0","0","0","67301","0","0","0","N","0","0","0","3","67301","0","","1.0","","1","N","N","Y","0","","1","0","1","3","2","","1745","3","1","0","0","0","0","0","2","0","3","0","0","0","3","03","","N","","","","","","","","","",""
"2020060219","2258","0","0","0","0","0","0","0","0","0","7","0","","67","7","2020","7","39.969578","-75.125999","2250","6","0","0","0","0","0","0","0","0","","0","0","0","22","3","0","N","0","2","39 58:10.480","1","0","75 07:33.597","0","0","0","0","67301","0","0","0","N","0","0","0","1","68K01","0","","3.0","2257.0","1","N","N","N","0","","0","0","1","0","0","N","2242","1","0","0","0","0","0","0","2","0","1","0","0","0","3","","","N","","","","","","","","","",""
"2020105503","0817","1","0","0","0","0","0","0","0","0","1","0","","67","11","2020","1","39.957832","-75.162216","0814","6","0","0","0","0","0","1","0","0","","0","0","0","8","1","1","N","0","0","39 57:28.195","","0","75 09:43.977","3","0","0","0","67301","0","0","0","N","0","0","0","5","68K01","0","","1.0","","1","N","N","N","0","","1","0","1","0","0","","814","3","1","0","0","0","0","1","2","0","3","0","0","0","3","","","N","","","","","","","","","",""
"2020101826","1750","2","0","0","0","0","0","0","0","0","3","0","","67","11","2020","4","39.986098","-75.180958","1747","6","0","0","0","0","0","1","0","0","","0","0","0","17","3","1","N","0","0","39 59:09.954","","0","75 10:51.449","2","0","0","0","67301","0","0","0","N","0","0","0","2","67301","0","","6.0","","1","N","N","N","0","","0","1","0","0","0","","1740","2","1","1","0","0","0","0","2","0","2","0","0","0","3","03","","N","","","","","","","","","",""
"2020065435","0550","2","0","0","0","0","0","0","0","0","5","0","","67","8","2020","5","40.071742","-75.013447","0532","6","0","0","0","0","0","0","0","0","","0","0","0","5","1","1","N","0","1","40 04:18.270","2","0","75 00:48.410","8","0","0","0","67301","0","0","0","N","0","0","0","1","67301","0","","4.0","630.0","1","N","N","N","0","","0","0","0","0","0","N","530","2","1","1","0","0","1","0","2","0","2","0","0","0","3","03","","N","","","","","","","","","",""
"2020103299","1902","0","0","0","0","0","0","0","0","0","7","0","","67","11","2020","2","39.963215","-75.18391","1855","6","0","0","0","0","0","0","0","0","","0","0","0","18","3","0","N","0","0","39 57:47.575","","0","75 11:02.075","0","0","0","0","67301","0","0","0","N","0","0","0","1","68K01","0","","4.0","","1","N","N","N","0","","0","0","0","0","0","","1855","1","0","0","0","0","0","0","2","1","1","0","0","0","3","03","","N","","","","","","","","","",""
"2020064132","1930","1","0","0","0","0","0","0","0","0","5","0","","67","8","2020","7","39.920969","-75.163161","1922","6","0","0","0","0","0","0","0","0","","0","0","0","19","1","1","N","0","0","39 55:15.490","","0","75 09:47.380","3","0","0","1","67301","0","0","0","N","0","0","0","2","67301","0","","1.0","","1","N","N","N","0","","1","0","0","0","0","","1900","2","1","0","0","0","0","0","2","0","2","0","0","0","3","03","","N","","","","","","","","","",""
"2020058425","0140","1","0","0","0","0","0","0","0","0","8","0","","67","7","2020","6","39.994111","-75.16125","0140","6","0","0","0","0","0","0","0","0","","0","0","0","1","3","1","N","0","0","39 59:38.800","","0","75 09:40.500","4","0","0","0","67301","1","0","0","N","1","0","0","2","67301","1","","1.0","","9","N","N","N","0","","0","0","0","0","0","","138","2","1","0","0","0","0","0","2","0","1","1","0","0","7","07","","N","","","","","","","","","",""
"2020061345","2315","1","0","0","0","0","0","0","0","0","4","0","","67","8","2020","7","40.037823","-75.057406","2315","6","0","0","0","0","0","1","0","0","","0","0","0","23","3","0","","1","0","40 02:16.162","","0","75 03:26.661","0","0","0","0","67301","0","0","0","N","0","0","0","2","67301","0","","1.0","","1","N","N","N","0","","0","0","0","3","3","","2300","2","0","0","0","0","0","0","2","0","2","0","0","0","3","03","","N","","","","","","","","","",""
"2020060673","1508","1","0","0","0","0","0","0","0","0","4","0","","67","7","2020","5","39.912891","-75.231996","1508","6","0","0","0","1","0","0","0","0","","0","0","0","15","1","1","","1","0","39 54:46.407","","0","75 13:55.185","3","0","0","0","67301","0","0","0","N","0","0","0","2","67301","0","","1.0","","1","N","N","N","0","","1","0","1","3","3","","1500","2","1","1","0","0","0","0","2","0","2","0","0","0","3","03","","N","","","","","","","","","",""
"2020089751","","2","0","0","0","0","0","0","0","0","1","0","","67","8","2020","4","39.962374","-75.161469","","6","0","0","0","1","0","0","0","0","","0","0","0","11","1","1","","1","0","39 57:44.547","","0","75 09:41.289","4","0","0","0","67301","0","0","0","N","0","0","0","4","00000","1","","1.0","","1","","","N","0","","0","0","0","3","2","","1155","2","1","0","0","0","0","0","2","0","2","0","0","0","3","","","N","","","","","","","","","",""
"2020060674","1640","1","0","0","0","0","0","0","0","0","1","0","","67","7","2020","5","40.007671","-75.138834","1634","6","0","0","0","0","0","1","0","0","","0","0","0","16","1","3","","1","0","40 00:27.617","","0","75 08:19.804","4","0","0","0","67301","0","0","0","N","0","0","0","4","67301","1","","1.0","","1","N","N","N","0","","0","0","1","3","2","","1600","2","3","1","0","0","2","0","2","0","2","0","0","0","3","03","","N","","","","","","","","","",""
"2020063664","1819","1","0","0","1","0","0","0","0","0","8","0","","67","8","2020","7","39.943372","-75.232331","1817","6","0","0","0","0","0","0","0","0","","0","0","0","18","1","1","","1","2","39 56:36.138","2","0","75 13:56.392","3","0","0","0","67301","1","0","0","N","0","0","0","2","67301","0","","1.0","1840.0","1","N","N","N","0","","1","0","0","3","2","Y","1816","2","1","0","0","0","0","0","2","0","1","1","0","0","3","03","","N","","","","","","","","","",""
"2020059512","1846","2","0","0","0","0","0","0","0","0","6","0","","67","7","2020","1","40.038968","-75.197382","1841","6","0","0","0","0","0","0","0","0","","0","0","0","18","1","7","N","0","0","40 02:20.284","","0","75 11:50.574","3","0","0","0","67301","0","0","0","N","0","0","0","7","67301","3","","1.0","","1","N","N","N","0","","1","0","1","0","0","","1831","3","7","0","0","0","3","0","2","0","3","0","0","0","3","03","","N","","","","","","","","","",""