"CRN","ARRIVAL_TM","AUTOMOBILE_COUNT","BELTED_DEATH_COUNT","BELTED_SUSP_SERIOUS_INJ_COUNT","BICYCLE_COUNT","BICYCLE_DEATH_COUNT","BICYCLE_SUSP_SERIOUS_INJ_COUNT","BUS_COUNT","CHLDPAS_DEATH_COUNT","CHLDPAS_SUSP_SERIOUS_INJ_COUNT","COLLISION_TYPE","COMM_VEH_COUNT","CONS_ZONE_SPD_LIM","COUNTY","CRASH_MONTH","CRASH_YEAR","DAY_OF_WEEK","DEC_LATITUDE","DEC_LONGITUDE","DISPATCH_TM","DISTRICT","DRIVER_COUNT_16YR","DRIVER_COUNT_17YR","DRIVER_COUNT_18YR","DRIVER_COUNT_19YR","DRIVER_COUNT_20YR","DRIVER_COUNT_50_64YR","DRIVER_COUNT_65_74YR","DRIVER_COUNT_75PLUS","EST_HRS_CLOSED","FATAL_COUNT","HEAVY_TRUCK_COUNT","HORSE_BUGGY_COUNT","HOUR_OF_DAY","ILLUMINATION","INJURY_COUNT","INTERSECTION_RELATED","INTERSECT_TYPE","LANE_CLOSED","LATITUDE","LN_CLOSE_DIR","LOCATION_TYPE","LONGITUDE","MAX_SEVERITY_LEVEL","MCYCLE_DEATH_COUNT","MCYCLE_SUSP_SERIOUS_INJ_COUNT","MOTORCYCLE_COUNT","MUNICIPALITY","NONMOTR_COUNT","NONMOTR_DEATH_COUNT","NONMOTR_SUSP_SERIOUS_INJ_COUNT","NTFY_HIWY_MAINT","PED_COUNT","PED_DEATH_COUNT","PED_SUSP_SERIOUS_INJ_COUNT","PERSON_COUNT","POLICE_AGCY","POSSIBLE_INJ_COUNT","RDWY_SURF_TYPE_CD","RELATION_TO_ROAD","ROADWAY_CLEARED","ROAD_CONDITION","SCH_BUS_IND","SCH_ZONE_IND","SECONDARY_CRASH","SMALL_TRUCK_COUNT","SPEC_JURIS_CD","SUSP_MINOR_INJ_COUNT","SUSP_SERIOUS_INJ_COUNT","SUV_COUNT","TCD_FUNC_CD","TCD_TYPE","TFC_DETOUR_IND","TIME_OF_DAY","TOTAL_UNITS","TOT_INJ_COUNT","UNBELTED_OCC_COUNT","UNB_DEATH_COUNT","UNB_SUSP_SERIOUS_INJ_COUNT","UNK_INJ_DEG_COUNT","UNK_INJ_PER_COUNT","URBAN_RURAL","VAN_COUNT","VEHICLE_COUNT","VULNERABLE_ROAD_USER_COUNT","VULNERABLE_ROAD_USER_DEATH_COUNT","VULNERABLE_ROAD_USER_SER_INJ_COUNT","WEATHER1","WEATHER2","WORKERS_PRES","WORK_ZONE_IND","WORK_ZONE_LOC","WORK_ZONE_TYPE","WZ_CLOSE_DETOUR","WZ_FLAGGER","WZ_LAW_OFFCR_IND","WZ_LN_CLOSURE","WZ_MOVING","WZ_OTHER","WZ_SHLDER_MDN","WZ_WORKERS_INJ_KILLED"
"2020108563","0130","1","2","0","0","0","0","0","0","0","1","0","","67","12","2020","1","40.030115","-75.087172","0124","6","0","0","0","0","0","0","0","0","","2","0","0","1","3","0","N","0","2","40 01:48.413","1","0","75 05:13.818","1","0","0","0","67301","0","0","0","N","0","0","0","2","67301","0","2","1.0","530.0","1","N","N","N","0","0","0","0","1","0","0","N","120","2","0","0","0","0","0","0","2","0","2","0","0","0","4","04","","N","","","","","","","","","",""
"2020097134","1458","1","0","0","0","0","0","0","0","0","7","0","","67","11","2020","1","39.932864","-75.199853","1457","6","0","0","0","0","0","0","0","0","","0","0","0","14","1","0","N","0","0","39 55:58.310","","0","75 11:59.470","0","0","0","0","67301","0","0","0","N","0","0","0","1","67301","0","","1.0","","9","N","N","N","0","","0","0","0","0","0","","1455","1","0","0","0","0","0","0","2","0","1","0","0","0","7","04","","N","","","","","","","","","",""
"2020051874","2334","1","0","0","0","0","0","0","0","0","7","0","","67","7","2020","4","39.985444","-75.2115","2330","6","0","0","0","0","0","0","0","0","","0","0","0","23","2","1","N","0","0","39 59:07.600","","0","75 12:41.400","4","0","0","0","67301","0","0","0","N","0","0","0","1","67301","1","","4.0","","1","N","N","N","0","","0","0","0","0","0","","2319","2","1","0","0","0","0","0","2","0","1","0","0","0","3","","","N","","","","","","","","","",""
"2020060526","0516","1","0","0","0","0","0","0","0","0","7","0","","67","7","2020","3","39.944134","-75.228163","0512","6","0","0","0","0","0","0","0","0","","0","0","0","5","5","0","","1","0","39 56:38.882","","0","75 13:41.386","0","0","0","0","67301","0","0","0","N","0","0","0","1","67301","0","","5.0","","1","N","N","N","0","","0","0","0","0","0","","512","1","0","0","0","0","0","0","2","0","1","0","0","0","3","03","","N","","","","","","","","","",""
"2020104831","1425","0","0","0","0","0","0","0","0","0","1","0","","67","11","2020","4","39.956791","-75.154195","1425","6","0","0","0","0","0","1","0","0","","0","0","0","14","1","0","N","0","0","39 57:24.447","","0","75 09:15.101","0","0","0","0","67301","0","0","0","N","0","0","0","4","68K01","0","","3.0","","1","N","N","N","0","","0","0","1","0","0","","1425","2","0","0","0","0","0","0","2","1","2","0","0","0","3","","","N","","","","","","","","","",""
"2020105506","2213","1","0","0","0","0","0","0","0","0","5","1","","67","11","2020","1","39.899654","-75.163497","2200","6","0","0","0","0","0","1","0","0","","0","1","0","22","3","1","N","0","1","39 53:58.753","2","0","75 09:48.589","4","0","0","0","67301","0","0","0","N","0","0","0","2","68K01","1","","1.0","2300.0","9","N","N","Y","0","","0","0","0","0","0","N","2200","2","1","1","0","0","0","0","2","0","2","0","0","0","7","","","N","","","","","","","","","",""
"2020064848","1025","0","0","0","0","0","0","0","0","0","1","0","","67","7","2020","3","39.95815","-75.164029","1024","6","0","0","0","0","0","0","0","0","","0","0","0","10","1","0","N","0","1","39 57:29.341","4","0","75 09:50.505","0","0","0","0","67301","0","0","0","N","0","0","0","3","68K01","0","","1.0","1027.0","1","N","N","N","0","","0","0","2","0","0","N","1018","2","0","0","0","0","0","0","2","0","2","0","0","0","3","","","N","","","","","","","","","",""
"2020105507","2213","2","0","0","0","0","0","0","0","0","5","0","","67","11","2020","1","39.899647","-75.163549","2201","6","0","0","0","0","0","0","0","0","","0","0","0","22","3","1","N","0","1","39 53:58.730","2","0","75 09:48.776","8","0","0","0","67301","0","0","0","N","0","0","0","2","68K01","0","","1.0","2300.0","9","N","N","Y","0","","0","0","1","0","0","N","2201","3","1","0","0","0","1","0","2","0","3","0","0","0","7","","","N","","","","","","","","","",""
"2020106637","0803","0","0","0","0","0","0","0","0","0","8","0","","67","12","2020","4","40.007829","-75.085375","0800","6","0","0","0","0","0","0","0","0","","0","0","0","6","5","1","N","0","0","40 00:28.186","","0","75 05:07.351","3","0","0","0","67301","1","0","0","N","1","0","0","2","67301","0","","1.0","","1","N","N","N","0","","1","0","0","0","0","","645","2","1","0","0","0","0","0","2","0","1","1","0","0","99","","","N","","","","","","","","","",""
"2020106634","1440","1","0","0","0","0","0","0","0","0","7","0","","67","12","2020","4","40.06369","-75.200149","1435","6","0","0","0","0","1","0","0","0","","0","0","0","14","1","0","","2","0","40 03:49.284","","0","75 12:00.536","0","0","0","0","67301","0","0","0","N","0","0","0","1","67301","0","","5.0","","9","N","N","N","0","","0","0","0","0","0","","1429","1","0","0","0","0","0","0","2","0","1","0","0","0","7","07","","N","","","","","","","","","",""
"2020058700","1920","0","0","0","0","0","0","0","0","0","4","0","","67","7","2020","6","40.084718","-75.025056","1913","6","0","0","0","0","0","1","0","0","","0","0","0","19","1","2","","1","0","40 05:04.986","","0","75 01:30.200","3","0","0","0","67301","0","0","0","N","0","0","0","5","67301","0","","1.0","","1","N","N","N","0","","2","0","2","2","1","","1910","2","2","0","0","0","0","3","2","0","2","0","0","0","3","03","","N","","","","","","","","","",""
"2020060533","1646","1","0","0","0","0","0","0","0","0","4","0","","67","7","2020","3","40.013704","-75.073749","1645","6","0","0","0","0","0","0","0","0","","0","0","0","16","1","2","","1","0","40 00:49.334","","0","75 04:25.496","4","0","0","0","67301","0","0","0","N","0","0","0","3","67301","2","","1.0","","1","N","N","N","0","","0","0","0","3","3","","1640","2","2","0","0","0","0","0","2","0","2","0","0","0","3","","","N","","","","","","","","","",""
"2020058870","2329","1","0","0","0","0","0","0","0","0","4","0","","67","7","2020","7","40.100477","-75.029684","2312","6","0","0","0","0","0","0","0","0","","0","0","0","23","3","0","","2","0","40 06:01.717","","7","75 01:46.863","9","0","0","0","67301","0","0","0","N","0","0","0","3","67301","0","","1.0","","1","N","N","N","0","","0","0","1","3","2","","2305","2","0","1","0","0","0","1","2","0","2","0","0","0","3","03","","N","","","","","","","","","",""
"2020103033","1720","1","0","0","0","0","0","1","0","0","1","1","","67","11","2020","3","39.973776","-75.245295","1710","6","0","0","0","0","0","1","0","0","","0","0","0","17","3","0","","1","1","39 58:25.594","1","0","75 14:43.063","0","0","0","0","67301","0","0","0","N","0","0","0","2","67508","0","","1.0","9999.0","1","N","N","Y","0","","0","0","0","3","2","Y","1710","2","0","0","0","0","0","0","2","0","2","0","0","0","3","03","","N","","","","","","","","","",""
"2020060527","1107","1","0","0","0","0","0","0","0","0","7","0","","67","7","2020","4","39.925401","-75.244663","1104","6","0","0","0","0","0","0","0","0","","0","0","0","11","1","0","N","0","0","39 55:31.442","","0","75 14:40.785","9","0","0","0","67301","0","0","0","N","0","0","0","1","67301","0","","4.0","","1","N","N","N","0","","0","0","0","0","0","","1100","2","0","0","0","0","0","1","2","0","1","0","0","0","3","03","","N","","","","","","","","","",""
"2020059550","0000","1","0","0","0","0","0","0","0","0","4","0","","67","7","2020","7","40.000309","-75.083659","2354","6","0","0","0","1","0","0","0","0","","0","0","0","23","3","1","","2","0","40 00:01.112","","2","75 05:01.173","2","0","1","1","67301","0","0","0","N","0","0","0","3","67301","0","","1.0","","1","N","N","N","0","","0","1","0","3","2","","2345","2","1","0","0","0","0","0","2","0","2","0","0","0","3","03","","N","","","","","","","","","",""
"2020063895","2233","0","0","0","0","0","0","0","0","0","0","0","","67","7","2020","3","39.921307","-75.147812","2225","6","0","0","0","0","0","0","0","0","","0","0","0","22","3","1","N","0","0","39 55:16.706","","0","75 08:52.122","3","0","0","1","67301","0","0","0","N","0","0","0","1","68K01","0","","1.0","","1","N","N","N","0","","1","0","0","0","0","","2217","1","1","0","0","0","0","0","2","0","1","0","0","0","3","","","N","","","","","","","","","",""
"2020104765","1515","0","0","0","0","0","0","1","0","0","8","1","","67","11","2020","1","40.101813","-75.00632","1455","6","0","0","0","0","0","0","0","0","","0","0","0","14","1","2","N","0","0","40 06:06.526","","7","75 00:22.753","4","0","0","0","67301","1","0","0","N","1","0","0","2","67508","2","","1.0","","1","N","N","Y","0","","0","0","0","3","2","","1455","2","2","0","0","0","0","0","2","0","1","1","0","0","3","03","","N","","","","","","","","","",""
"2020060221","2352","2","0","0","0","0","0","0","0","0","1","0","","67","7","2020","7","39.929376","-75.146045","2346","6","0","0","1","1","0","0","0","0","","0","0","0","23","3","0","N","0","0","39 55:45.754","","0","75 08:45.761","0","0","0","0","67301","0","0","0","N","0","0","0","8","68K01","0","","1.0","","1","N","N","N","0","","0","0","1","0","0","","2319","3","0","0","0","0","0","0","2","0","3","0","0","0","3","03","","N","","","","","","","","","",""
"2020060540","1323","1","0","0","0","0","0","0","0","0","4","0","","67","7","2020","3","39.951191","-75.232791","1320","6","0","0","0","0","0","0","0","0","","0","0","0","13","1","1","","1","2","39 57:04.287","7","0","75 13:58.047","3","0","0","0","67301","0","0","0","N","0","0","0","2","67301","0","","1.0","1600.0","1","N","N","N","0","","1","0","1","3","2","Y","1320","2","1","0","0","0","0","0","2","0","2","0","0","0","4","03","","N","","","","","","","","","",""
"2020060983","2046","1","0","0","0","0","0","0","0","0","4","0","","67","7","2020","5","39.998137","-75.138861","2043","6","0","0","0","0","0","0","0","0","","0","0","0","20","3","2","","1","0","39 59:53.293","","0","75 08:19.899","3","0","0","0","67301","0","0","0","N","0","0","0","3","67301","0","","1.0","","1","N","N","N","0","","2","0","1","3","2","","2016","2","2","3","0","0","0","0","2","0","2","0","0","0","3","","","N","","","","","","","","","",""
"2020072347","0940","1","0","1","0","0","0","0","0","0","4","0","","67","7","2020","2","40.03","-75.104333","0935","6","0","0","0","0","0","2","0","0","","0","0","0","9","1","3","","1","2","40 01:48.000","2","0","75 06:15.600","2","0","0","0","67301","0","0","0","N","0","0","0","3","67301","0","","1.0","1228.0","1","N","N","N","0","","2","1","0","3","2","Y","922","2","3","0","0","0","0","0","2","1","2","0","0","0","3","","","N","","","","","","","","","",""
"2020060573","0555","2","0","0","0","0","0","0","0","0","4","0","","67","7","2020","2","40.03694","-75.145084","0552","6","0","0","0","0","0","1","0","0","","0","0","0","5","1","0","","2","0","40 02:12.984","","0","75 08:42.301","0","0","0","0","67301","0","0","0","N","0","0","0","3","67301","0","","1.0","","1","N","N","N","0","","0","0","1","3","2","","540","3","0","2","0","0","0","0","2","0","3","0","0","0","3","03","","N","","","","","","","","","",""
"2020106371","2212","0","0","0","0","0","0","0","0","0","1","0","","67","12","2020","3","40.018522","-75.047515","2143","6","0","1","0","0","0","1","0","0","","0","0","0","21","3","0","N","0","0","40 01:06.680","","0","75 02:51.053","0","0","0","0","67301","0","0","0","N","0","0","0","3","68K01","0","","1.0","","1","N","N","Y","0","","0","0","3","0","0","","2142","3","0","0","0","0","0","0","2","0","3","0","0","0","3","03","","N","","","","","","","","","",""
"2020062117","1855","1","0","0","0","0","0","0","0","0","4","0","","67","7","2020","6","40.011998","-75.069977","1849","6","0","0","0","0","0","0","0","0","","0","0","0","18","1","2","","1","0","40 00:43.192","","0","75 04:11.917","3","0","0","0","67301","0","0","0","N","0","0","0","4","67301","0","","1.0","","1","N","N","N","0","","2","0","0","3","3","","1848","2","2","0","0","0","0","0","2","0","2","0","0","0","3","03","","N","","","","","","","","","",""
"2020089395","1005","0","0","0","0","0","0","0","0","0","8","0","","67","9","2020","3","39.927238","-75.172381","1005","6","0","0","0","0","0","0","1","0","","0","0","0","10","1","1","","1","0","39 55:38.056","","0","75 10:20.571","8","0","0","0","67301","1","0","0","N","1","0","0","2","67301","0","","1.0","","1","N","N","N","0","","0","0","1","3","3","","1003","2","1","1","0","0","1","0","2","0","1","1","0","0","3","","","N","","","","","","","","","",""
"2020060206","1749","1","0","0","0","0","0","0","0","0","7","0","","67","7","2020","6","39.957738","-75.160847","1734","6","0","0","0","0","0","1","0","0","","0","0","0","17","1","0","N","0","2","39 57:27.857","1","0","75 09:39.048","0","0","0","0","67301","0","0","0","N","0","0","0","1","68K01","0","","4.0","1800.0","9","N","N","N","0","","0","0","0","0","0","N","1725","1","0","0","0","0","0","0","2","0","1","0","0","0","3","","","N","","","","","","","","","",""
"2020063422","1432","1","0","0","0","0","0","0","0","0","1","0","","67","7","2020","5","39.971386","-75.226089","1428","6","0","0","0","0","0","0","0","0","","0","0","0","13","1","1","Y","0","0","39 58:16.990","","0","75 13:33.920","3","0","0","0","67301","0","0","0","N","0","0","0","2","67301","0","","1.0","","1","N","N","N","0","","1","0","1","3","2","","1336","4","1","0","0","0","0","0","2","1","4","0","0","0","3","03","","N","","","","","","","","","",""
"2020062115","1935","1","0","0","0","0","0","0","0","0","4","0","","67","7","2020","4","40.006376","-75.089385","1930","6","0","0","0","0","0","0","0","0","","0","0","0","13","1","1","N","0","0","40 00:22.952","","7","75 05:21.787","4","0","0","1","67301","0","0","0","N","0","0","0","2","67301","1","","1.0","","1","N","N","N","0","","0","0","0","0","0","","1330","2","1","0","0","0","0","0","2","0","2","0","0","0","3","","","N","","","","","","","","","",""
"2020060537","1125","2","0","0","0","0","0","0","0","0","4","0","","67","7","2020","2","39.938207","-75.198582","1121","6","0","0","0","0","0","0","0","0","","0","0","0","11","1","0","","1","0","39 56:17.545","","0","75 11:54.896","0","0","0","0","67301","0","0","0","N","0","0","0","2","67301","0","","1.0","","1","N","N","N","0","","0","0","0","3","2","","1120","2","0","0","0","0","0","0","2","0","2","0","0","0","3","03","","N","","","","","","","","","",""
"2020106648","1345","0","0","0","0","0","0","0","0","0","8","0","","67","11","2020","2","40.037894","-75.123631","1332","6","0","0","0","0","0","0","0","0","","0","0","0","13","1","1","N","0","0","40 02:16.420","","99","75 07:25.070","8","0","0","0","67301","1","0","0","N","1","0","0","1","67301","0","","1.0","","1","N","N","N","0","","0","0","0","9","9","","1306","2","1","0","0","0","1","0","2","0","1","1","0","0","3","03","","N","","","","","","","","","",""
"2020060560","1732","2","0","0","0","0","0","0","0","0","4","0","","67","7","2020","4","39.995431","-75.105521","1728","6","0","0","0","0","0","1","0","0","","0","0","0","17","1","3","","1","2","39 59:43.551","2","0","75 06:19.875","3","0","0","0","67301","0","0","0","N","0","0","0","4","67301","1","","1.0","1900.0","1","N","N","Y","0","","2","0","0","3","2","Y","1726","3","3","0","0","0","0","0","2","1","3","0","0","0","3","03","","N","","","","","","","","","",""
"2020060509","1205","1","0","0","0","0","0","0","0","0","4","0","","67","7","2020","6","39.912516","-75.138099","1159","6","0","0","0","0","0","0","0","0","","0","0","0","11","1","1","","3","0","39 54:45.058","","0","75 08:17.157","4","0","0","0","67301","0","0","0","N","0","0","0","2","67301","1","","1.0","","1","N","N","N","0","","0","0","1","3","2","","1156","2","1","0","0","0","0","0","2","0","2","0","0","0","4","","","N","","","","","","","","","",""
"2020058768","0559","1","0","0","0","0","0","0","0","0","5","0","","67","7","2020","6","39.956063","-75.218221","0551","6","0","0","0","0","0","0","0","0","","0","0","0","5","1","0","N","0","0","39 57:21.825","","0","75 13:05.597","0","0","0","0","67301","0","0","0","N","0","0","0","1","67301","0","","6.0","","9","N","N","N","0","","0","0","2","0","0","","550","3","0","0","0","0","0","0","2","0","3","0","0","0","7","","","N","","","","","","","","","",""
"2020111411","1601","0","0","0","0","0","0","0","0","0","4","0","","67","12","2020","1","40.023585","-75.076354","1601","6","0","0","0","0","0","1","0","0","","1","0","0","16","1","1","N","0","0","40 01:24.905","","7","75 04:34.875","1","1","0","1","67301","0","0","0","N","0","0","0","2","67301","0","2","1.0","","1","N","N","N","0","0","0","0","1","3","3","","1600","2","1","0","0","0","1","0","2","0","2","0","0","0","3","03","","N","","","","","","","","","",""
"2020051747","1950","2","0","0","0","0","0","0","0","0","1","0","","67","6","2020","2","40.022783","-75.038031","1943","6","0","0","0","0","0","1","0","0","","0","0","0","19","1","1","N","0","0","40 01:22.020","","0","75 02:16.910","3","0","0","0","67301","0","0","0","N","0","0","0","2","67301","0","","1.0","","1","N","N","N","0","","1","0","0","0","0","","1921","2","1","0","0","0","0","0","2","0","2","0","0","0","3","03","","N","","","","","","","","","",""
"2020052547","1401","1","0","0","0","0","0","0","0","0","5","0","","67","7","2020","6","40.102","-74.981361","1400","6","0","0","0","1","0","0","0","0","","0","0","0","13","1","1","N","0","0","40 06:07.200","","0","74 58:52.900","3","0","0","0","67301","0","0","0","N","0","0","0","1","67301","0","","6.0","","1","N","N","N","0","","1","0","1","0","0","","1345","2","1","0","0","0","0","0","2","0","2","0","0","0","3","03","","N","","","","","","","","","",""
"2020048710","2300","3","0","0","0","0","0","0","0","0","4","0","","67","6","2020","7","39.924001","-75.166759","2254","6","0","0","0","0","0","0","1","0","","0","0","0","22","3","0","N","0","0","39 55:26.404","","0","75 10:00.331","0","0","0","0","67301","0","0","0","N","0","0","0","2","67301","0","","1.0","","1","N","N","Y","0","","0","0","1","0","0","","2249","4","0","0","0","0","0","0","2","0","4","0","0","0","3","03","","N","","","","","","","","","",""
"2020087001","1420","0","0","0","0","0","0","0","0","0","4","1","","67","10","2020","6","40.097083","-75.004761","1405","6","0","0","0","0","0","0","0","0","","0","1","0","14","1","0","N","0","1","40 05:49.500","5","7","75 00:17.140","0","0","0","0","67301","0","0","0","N","0","0","0","1","67301","0","","1.0","1445.0","9","N","N","N","0","","0","0","1","0","0","N","1405","2","0","0","0","0","0","0","2","0","2","0","0","0","7","07","","N","","","","","","","","","",""
"2020089783","1915","1","0","0","0","0","0","0","0","0","4","0","","67","10","2020","6","40.061294","-75.083506","1910","6","0","0","0","0","0","2","0","0","","0","0","0","19","3","1","","1","2","40 03:40.658","6","0","75 05:00.623","3","0","0","0","67301","0","0","0","N","0","0","0","3","67301","0","","1.0","100.0","1","N","N","N","1","","1","0","0","3","2","N","1907","2","1","0","0","0","0","0","2","0","2","0","0","0","3","03","","N","","","","","","","","","",""
"2020043973","2203","1","0","0","0","0","0","0","0","0","7","0","","67","6","2020","6","","","2203","6","0","0","0","0","0","0","0","0","","0","0","0","22","3","0","N","0","2","","4","2","","0","0","0","0","67301","0","0","0","N","0","0","0","1","67501","0","","2.0","2225.0","9","N","N","N","0","","0","0","0","0","0","Y","2203","1","0","0","0","0","0","0","1","0","1","0","0","0","7","","","N","","","","","","","","","",""
"2020059131","0110","0","0","0","0","0","0","0","0","0","7","0","","67","7","2020","1","39.903083","-75.116361","0110","6","0","0","0","0","0","0","0","0","","0","0","0","1","3","0","N","0","2","39 54:11.100","4","3","75 06:58.900","0","0","0","0","67301","0","0","0","N","0","0","0","1","67501","0","","4.0","120.0","1","N","N","N","0","","0","0","1","0","0","N","110","1","0","0","0","0","0","0","1","0","1","0","0","0","3","","","N","","","","","","","","","",""
"2020061265","0819","3","0","0","0","0","0","0","0","0","5","0","","67","7","2020","2","40.025236","-75.182806","0819","6","0","0","0","0","0","0","0","0","","0","0","0","6","1","0","N","0","2","40 01:30.850","7","0","75 10:58.100","0","0","0","0","67301","0","0","0","N","0","0","0","1","67301","0","","6.0","855.0","1","N","N","N","0","","0","0","0","0","0","Y","630","3","0","0","0","0","0","0","2","0","3","0","0","0","3","03","","N","","","","","","","","","",""
"2020104836","0957","1","0","0","0","0","0","0","0","0","5","1","","67","11","2020","6","39.976479","-75.195778","0953","6","0","0","0","0","0","1","0","0","","0","1","0","9","1","0","N","0","0","39 58:35.324","","0","75 11:44.801","0","0","0","0","67301","0","0","0","N","0","0","0","2","68K01","0","","1.0","","1","N","N","N","0","","0","0","0","0","0","","947","2","0","0","0","0","0","0","2","0","2","0","0","0","3","","","N","","","","","","","","","",""
"2020058846","1105","1","0","0","0","0","0","0","0","0","1","0","","67","7","2020","7","40.076588","-75.195274","1041","6","0","0","0","0","0","1","0","0","","0","0","0","10","1","1","N","0","0","40 04:35.718","","0","75 11:42.986","8","0","0","0","67301","0","0","0","N","0","0","0","2","67301","0","","1.0","","1","N","N","N","0","","0","0","0","0","0","","1000","2","1","0","0","0","1","1","2","1","2","0","0","0","3","03","","N","","","","","","","","","",""
"2020063032","0952","0","0","0","0","0","0","0","0","0","1","0","","67","7","2020","6","39.971834","-75.211924","0951","6","0","0","0","0","0","1","0","0","","0","0","0","9","1","4","Y","0","1","39 58:18.602","2","0","75 12:42.927","4","0","0","0","67301","0","0","0","N","0","0","0","5","67301","4","","1.0","100.0","9","N","N","N","1","","0","0","1","3","2","N","930","2","4","0","0","0","0","0","2","0","2","0","0","0","7","07","","N","","","","","","","","","",""
"2020060682","1450","0","0","0","0","0","0","0","0","0","4","0","","67","7","2020","5","39.971553","-75.160283","1445","6","0","0","0","0","0","0","1","0","","0","0","0","14","1","0","","1","2","39 58:17.590","1","0","75 09:37.018","9","0","0","0","67301","0","0","0","N","0","0","0","3","67301","0","","1.0","1630.0","1","N","N","N","1","","0","0","0","3","3","N","1444","2","0","0","0","0","0","1","2","0","2","0","0","0","3","","","N","","","","","","","","","",""
"2020060546","1853","0","0","0","0","0","0","0","0","0","8","0","","67","7","2020","6","39.991644","-75.176614","1851","6","0","0","0","0","0","0","0","0","","0","0","0","18","1","1","N","0","0","39 59:29.920","","0","75 10:35.810","2","0","0","0","67301","1","0","1","N","1","0","1","2","67301","0","","1.0","","1","N","N","N","0","","0","1","1","0","0","","1848","2","1","0","0","0","0","0","2","0","1","1","0","1","4","03","","N","","","","","","","","","",""
"2020104829","1133","2","0","0","0","0","0","0","0","0","1","0","","67","11","2020","2","39.993059","-75.085228","1133","6","0","0","0","0","0","0","0","0","","0","0","0","10","1","0","N","7","2","39 59:35.013","1","2","75 05:06.819","0","0","0","0","67301","0","0","0","N","0","0","0","2","68K01","0","","1.0","100.0","1","N","N","N","0","","0","0","0","0","0","N","1055","2","0","0","0","0","0","0","2","0","2","0","0","0","3","","","N","","","","","","","","","",""
"2020060870","1906","1","0","0","0","0","0","0","0","0","7","0","","67","7","2020","5","39.882031","-75.226981","1857","6","0","0","0","0","0","1","0","0","","0","0","0","18","1","1","N","0","0","39 52:55.310","","0","75 13:37.130","3","0","0","0","67301","0","0","0","N","0","0","0","1","67301","0","","4.0","","1","N","N","N","0","","1","0","0","0","0","","1837","1","1","0","0","0","0","0","2","0","1","0","0","0","3","03","","N","","","","","","","","","",""
"2020060555","0238","0","0","0","0","0","0","0","0","0","0","0","","67","7","2020","7","40.005543","-75.104619","0235","6","0","0","0","0","0","0","0","0","","0","0","0","1","3","1","N","0","0","40 00:19.953","","0","75 06:16.629","2","0","1","1","67301","0","0","0","N","0","0","0","1","67301","0","","1.0","","1","N","N","N","0","","0","1","0","0","0","","145","1","1","0","0","0","0","0","2","0","1","0","0","0","3","03","","N","","","","","","","","","",""
"2020060524","1330","2","0","0","0","0","0","0","0","0","1","0","","67","7","2020","2","39.9262","-75.242506","1320","6","0","1","0","0","0","0","0","0","","0","0","0","13","1","0","N","0","1","39 55:34.320","1","0","75 14:33.020","0","0","0","0","67301","0","0","0","N","0","0","0","1","67301","0","","6.0","30.0","1","N","N","Y","0","","0","0","0","0","0","Y","1316","2","0","0","0","0","0","0","2","0","2","0","0","0","3","03","","N","","","","","","","","","",""
"2020058639","1430","0","0","1","0","0","0","0","0","0","7","0","","67","7","2020","6","40.098619","-74.9948","1410","6","0","0","0","1","0","0","0","0","","0","0","0","14","1","1","N","0","0","40 05:55.030","","0","74 59:41.280","2","0","0","0","67301","0","0","0","N","0","0","0","1","67301","0","","5.0","","9","N","N","N","0","","0","1","1","0","0","","1409","1","1","0","0","0","0","0","2","0","1","0","0","0","7","07","","N","","","","","","","","","",""
"2020064892","1920","1","0","0","0","0","0","0","0","0","7","0","","67","8","2020","7","39.996127","-75.19699","1908","6","0","0","1","0","0","0","0","0","","0","0","0","19","1","1","N","0","1","39 59:46.058","4","0","75 11:49.165","8","0","0","0","67301","0","0","0","N","0","0","0","1","68K01","0","","4.0","30.0","1","N","N","N","0","","0","0","0","0","0","N","1908","1","1","1","0","0","1","0","2","0","1","0","0","0","3","","","N","","","","","","","","","",""
"2020060117","1507","0","0","0","0","0","0","0","0","0","4","0","","67","7","2020","4","39.974201","-75.156618","1504","6","0","0","0","0","0","0","0","0","","0","0","0","14","1","0","","1","0","39 58:27.123","","0","75 09:23.824","0","0","0","1","67301","0","0","0","N","0","0","0","2","67505","0","","1.0","","1","N","N","N","0","","0","0","1","3","2","","1455","2","0","1","0","0","0","0","2","0","2","0","0","0","3","03","","N","","","","","","","","","",""
"2020058617","1500","0","0","0","0","0","0","0","0","0","4","0","","67","7","2020","6","40.068876","-75.165834","1450","6","0","0","0","0","0","0","1","0","","0","0","0","13","1","1","","1","0","40 04:07.952","","0","75 09:57.001","4","0","0","0","67301","0","0","0","N","0","0","0","2","67301","1","","1.0","","9","N","N","N","0","","0","0","1","3","3","","1338","2","1","0","0","0","0","0","2","0","2","0","0","0","7","07","","N","","","","","","","","","",""
"2020106358","1844","3","0","0","0","0","0","0","0","0","1","0","","67","11","2020","1","39.97933","-75.108614","1824","6","0","0","0","0","0","0","0","0","","0","0","0","18","3","0","N","0","2","39 58:45.588","2","0","75 06:31.009","0","0","0","0","67301","0","0","0","N","0","0","0","3","68K01","0","","1.0","30.0","1","N","N","Y","0","","0","0","0","0","0","N","1822","3","0","0","0","0","0","0","2","0","3","0","0","0","3","03","","N","","","","","","","","","",""