"CRN","ARRIVAL_TM","AUTOMOBILE_COUNT","BELTED_DEATH_COUNT","BELTED_SUSP_SERIOUS_INJ_COUNT","BICYCLE_COUNT","BICYCLE_DEATH_COUNT","BICYCLE_SUSP_SERIOUS_INJ_COUNT","BUS_COUNT","CHLDPAS_DEATH_COUNT","CHLDPAS_SUSP_SERIOUS_INJ_COUNT","COLLISION_TYPE","COMM_VEH_COUNT","CONS_ZONE_SPD_LIM","COUNTY","CRASH_MONTH","CRASH_YEAR","DAY_OF_WEEK","DEC_LATITUDE","DEC_LONGITUDE","DISPATCH_TM","DISTRICT","DRIVER_COUNT_16YR","DRIVER_COUNT_17YR","DRIVER_COUNT_18YR","DRIVER_COUNT_19YR","DRIVER_COUNT_20YR","DRIVER_COUNT_50_64YR","DRIVER_COUNT_65_74YR","DRIVER_COUNT_75PLUS","EST_HRS_CLOSED","FATAL_COUNT","HEAVY_TRUCK_COUNT","HORSE_BUGGY_COUNT","HOUR_OF_DAY","ILLUMINATION","INJURY_COUNT","INTERSECTION_RELATED","INTERSECT_TYPE","LANE_CLOSED","LATITUDE","LN_CLOSE_DIR","LOCATION_TYPE","LONGITUDE","MAX_SEVERITY_LEVEL","MCYCLE_DEATH_COUNT","MCYCLE_SUSP_SERIOUS_INJ_COUNT","MOTORCYCLE_COUNT","MUNICIPALITY","NONMOTR_COUNT","NONMOTR_DEATH_COUNT","NONMOTR_SUSP_SERIOUS_INJ_COUNT","NTFY_HIWY_MAINT","PED_COUNT","PED_DEATH_COUNT","PED_SUSP_SERIOUS_INJ_COUNT","PERSON_COUNT","POLICE_AGCY","POSSIBLE_INJ_COUNT","RDWY_SURF_TYPE_CD","RELATION_TO_ROAD","ROADWAY_CLEARED","ROAD_CONDITION","SCH_BUS_IND","SCH_ZONE_IND","SECONDARY_CRASH","SMALL_TRUCK_COUNT","SPEC_JURIS_CD","SUSP_MINOR_INJ_COUNT","SUSP_SERIOUS_INJ_COUNT","SUV_COUNT","TCD_FUNC_CD","TCD_TYPE","TFC_DETOUR_IND","TIME_OF_DAY","TOTAL_UNITS","TOT_INJ_COUNT","UNBELTED_OCC_COUNT","UNB_DEATH_COUNT","UNB_SUSP_SERIOUS_INJ_COUNT","UNK_INJ_DEG_COUNT","UNK_INJ_PER_COUNT","URBAN_RURAL","VAN_COUNT","VEHICLE_COUNT","VULNERABLE_ROAD_USER_COUNT","VULNERABLE_ROAD_USER_DEATH_COUNT","VULNERABLE_ROAD_USER_SER_INJ_COUNT","WEATHER1","WEATHER2","WORKERS_PRES","WORK_ZONE_IND","WORK_ZONE_LOC","WORK_ZONE_TYPE","WZ_CLOSE_DETOUR","WZ_FLAGGER","WZ_LAW_OFFCR_IND","WZ_LN_CLOSURE","WZ_MOVING","WZ_OTHER","WZ_SHLDER_MDN","WZ_WORKERS_INJ_KILLED"
"2020060874","2148","2","0","0","0","0","0","0","0","0","4","0","","67","7","2020","5","39.977787","-75.151008","2148","6","0","0","0","0","1","0","0","0","","0","0","0","21","3","2","","1","0","39 58:40.032","","0","75 09:03.628","4","0","0","0","67301","0","0","0","N","0","0","0","4","67301","2","","1.0","","1","N","N","N","0","","0","0","0","3","2","","2145","2","2","0","0","0","0","1","2","0","2","0","0","0","3","03","","N","","","","","","","","","",""
"2020060684","1645","2","0","0","0","0","0","0","0","0","4","0","","67","7","2020","5","40.03593","-75.126522","1645","6","0","0","0","0","0","0","0","0","","0","0","0","10","1","0","","1","0","40 02:09.347","","0","75 07:35.479","9","0","0","0","67301","0","0","0","N","0","0","0","3","67301","0","","1.0","","1","N","N","N","0","","0","0","0","3","3","","1030","2","0","0","0","0","0","1","2","0","2","0","0","0","3","03","","N","","","","","","","","","",""
"2020059125","2302","1","0","0","0","0","0","0","0","0","7","0","","67","7","2020","7","39.955586","-75.148213","2302","6","0","0","0","0","0","0","0","0","","0","0","0","23","3","0","N","0","0","39 57:20.109","","2","75 08:53.565","0","0","0","0","67301","0","0","0","N","0","0","0","1","67501","0","","2.0","","1","N","N","N","0","","0","0","0","0","0","","2300","1","0","0","0","0","0","0","2","0","1","0","0","0","3","","","N","","","","","","","","","",""
"2020094478","2351","1","0","0","0","0","0","0","0","0","7","0","","67","11","2020","6","39.953473","-75.139763","2348","6","0","0","0","0","0","0","0","0","","0","0","0","23","3","1","","2","0","39 57:12.504","","2","75 08:23.145","3","0","0","0","67301","0","0","0","N","0","0","0","1","67301","0","","9.0","","1","N","N","N","0","","1","0","0","3","2","","2347","1","1","1","0","0","0","0","2","0","1","0","0","0","3","03","","N","","","","","","","","","",""
"2020052266","0257","1","0","0","0","0","0","0","0","0","8","0","","67","7","2020","6","40.003185","-75.152576","0257","6","0","0","0","0","0","0","0","0","","0","0","0","2","3","1","","5","1","40 00:11.467","2","0","75 09:09.273","3","0","0","0","67301","1","0","0","N","1","0","0","2","67301","0","","1.0","342.0","1","N","N","N","0","","1","0","0","3","2","N","240","2","1","0","0","0","0","0","2","0","1","1","0","0","3","","","N","","","","","","","","","",""
"2020110402","2103","1","0","0","0","0","0","0","0","0","7","0","","67","12","2020","6","40.019865","-75.160668","2101","6","0","0","0","0","0","0","0","0","","0","0","0","20","3","1","N","0","2","40 01:11.515","5","0","75 09:38.403","8","0","0","0","67301","0","0","0","N","0","0","0","1","67301","0","","2.0","2258.0","9","N","N","N","0","","0","0","0","0","0","Y","2048","1","1","0","0","0","1","0","2","0","1","0","0","0","98","","","N","","","","","","","","","",""
"2020060541","2152","2","0","0","0","0","0","0","0","0","0","0","","67","7","2020","3","39.956937","-75.22529","2151","6","0","0","0","0","0","0","0","0","","0","0","0","21","3","0","N","0","1","39 57:24.973","4","0","75 13:31.043","9","0","0","0","67301","0","0","0","N","0","0","0","4","67301","0","","1.0","2300.0","1","N","N","N","0","","0","0","1","0","0","Y","2143","3","0","4","0","0","0","4","2","0","3","0","0","0","3","03","","N","","","","","","","","","",""
"2020058613","1612","0","0","0","0","0","0","0","0","0","7","0","","67","7","2020","6","40.041402","-75.215976","1609","6","0","0","0","0","0","0","0","0","","0","0","0","16","1","2","N","0","2","40 02:29.046","2","0","75 12:57.512","3","0","0","0","67301","0","0","0","N","0","0","0","2","67301","0","","4.0","1732.0","9","N","N","N","0","","2","0","1","0","0","Y","1609","1","2","2","0","0","0","0","2","0","1","0","0","0","7","","","N","","","","","","","","","",""
"2020067571","1334","1","0","0","0","0","0","0","0","0","5","0","","67","7","2020","5","39.943522","-75.192461","1316","6","0","0","0","0","0","2","0","0","","0","0","0","13","1","0","N","0","1","39 56:36.680","2","3","75 11:32.859","0","0","0","0","67301","0","0","0","N","0","0","0","3","68K01","0","","1.0","1425.0","1","N","N","N","0","","0","0","2","0","0","N","1305","3","0","1","0","0","0","0","2","0","3","0","0","0","3","","","N","","","","","","","","","",""
"2020060198","0327","0","0","0","0","0","0","0","0","0","7","0","","67","7","2020","6","39.985266","-75.208185","0318","6","0","0","0","0","0","0","0","0","","0","0","0","3","3","0","N","0","2","39 59:06.959","4","0","75 12:29.467","0","0","0","0","67301","0","0","0","N","0","0","0","1","68K01","0","","3.0","330.0","9","N","N","N","0","","0","0","1","0","0","N","315","1","0","0","0","0","0","0","2","0","1","0","0","0","7","","","N","","","","","","","","","",""
"2020058915","1235","1","0","0","0","0","0","0","0","0","2","0","","67","7","2020","1","39.953994","-75.234313","1212","6","0","0","0","0","0","0","0","0","","0","0","0","0","3","1","","1","0","39 57:14.378","","0","75 14:03.526","3","0","0","0","67301","0","0","0","N","0","0","0","2","67301","0","","1.0","","1","N","N","N","0","","1","0","0","3","2","","1","2","1","0","0","0","0","0","2","0","2","0","0","0","3","03","","N","","","","","","","","","",""
"2020059149","1546","1","0","0","0","0","0","0","0","0","4","0","","67","7","2020","1","40.028328","-75.120033","1546","6","0","0","0","0","0","0","0","0","","0","0","0","15","1","0","","1","0","40 01:41.980","","0","75 07:12.120","9","0","0","0","67301","0","0","0","N","0","0","0","2","67301","0","","1.0","","1","N","N","N","0","","0","0","0","3","2","","1500","2","0","0","0","0","0","1","2","0","2","0","0","0","3","03","","N","","","","","","","","","",""
"2020104721","0000","0","0","0","0","0","0","0","0","0","1","1","","67","12","2020","6","40.052172","-75.157947","2357","6","0","0","0","0","0","0","0","0","","0","1","0","23","3","1","N","0","0","40 03:07.820","","0","75 09:28.610","3","0","0","0","67301","1","0","0","N","1","0","0","2","67301","0","","6.0","","9","N","N","N","1","","1","0","1","0","0","","2335","5","1","0","0","0","0","0","2","1","4","1","0","0","7","","","N","","","","","","","","","",""
"2020062677","1831","1","0","0","0","0","0","0","0","0","1","0","","67","7","2020","1","40.094022","-74.976042","1830","6","0","0","0","0","0","0","0","0","","0","0","0","18","1","2","N","0","0","40 05:38.480","","0","74 58:33.750","3","0","0","0","67301","0","0","0","N","0","0","0","2","67301","0","","6.0","","1","N","N","N","0","","2","0","0","0","0","","1830","2","2","0","0","0","0","0","2","1","2","0","0","0","3","03","","N","","","","","","","","","",""
"2020054817","0125","2","0","0","0","0","0","0","0","0","4","0","","67","7","2020","7","39.919429","-75.165378","0120","6","0","0","0","1","0","1","0","0","","0","0","0","23","3","0","","1","0","39 55:09.944","","6","75 09:55.360","0","0","0","0","67301","0","0","0","N","0","0","0","2","67301","0","","1.0","","1","N","N","N","0","","0","0","0","3","3","","2345","2","0","0","0","0","0","0","2","0","2","0","0","0","3","","","N","","","","","","","","","",""
"2020106182","1950","2","0","0","0","0","0","0","0","0","2","0","","67","12","2020","3","40.096456","-75.017392","1942","6","0","0","0","0","0","1","0","0","","0","0","0","19","3","1","N","0","0","40 05:47.240","","0","75 01:02.610","3","0","0","0","67301","0","0","0","N","0","0","0","2","67301","0","","3.0","","1","N","N","N","0","","1","0","0","0","0","","1940","2","1","0","0","0","0","0","2","0","2","0","0","0","3","03","","N","","","","","","","","","",""
"2020060525","1632","2","0","0","0","0","0","0","0","0","4","0","","67","7","2020","2","39.916035","-75.236038","1630","6","0","0","0","1","0","1","0","0","","0","0","0","15","1","1","","1","0","39 54:57.726","","0","75 14:09.736","4","0","0","0","67301","0","0","0","N","0","0","0","3","67301","1","","1.0","","1","N","N","N","0","","0","0","0","3","2","","1530","2","1","2","0","0","0","0","2","0","2","0","0","0","3","03","","N","","","","","","","","","",""
"2020066883","1649","2","0","0","0","0","0","0","0","0","4","0","","67","7","2020","2","39.932955","-75.167759","1644","6","0","0","0","0","0","0","1","0","","0","0","0","16","1","1","","1","2","39 55:58.639","4","0","75 10:03.934","2","0","1","1","67301","0","0","0","N","0","0","0","2","67301","0","","1.0","1830.0","1","N","N","N","0","","0","1","0","3","2","Y","1642","3","1","1","0","0","0","0","2","0","3","0","0","0","3","03","","N","","","","","","","","","",""
"2020063429","1855","2","0","0","0","0","0","0","0","0","0","0","","67","8","2020","5","39.991066","-75.180675","1855","6","0","0","0","0","0","0","0","0","","0","0","0","18","4","0","N","0","2","39 59:27.838","3","0","75 10:50.430","0","0","0","0","67301","0","0","0","N","0","0","0","1","67301","0","","1.0","1940.0","1","N","N","N","0","","0","0","0","0","0","Y","1845","2","0","0","0","0","0","0","2","0","2","0","0","0","3","03","","N","","","","","","","","","",""
"2020064022","0629","1","0","0","0","0","0","0","0","0","7","0","","67","7","2020","6","39.959935","-75.179275","0623","6","0","0","0","0","0","0","0","0","","0","0","0","6","5","0","N","0","1","39 57:35.766","3","3","75 10:45.391","0","0","0","0","67301","0","0","0","N","0","0","0","1","68K01","0","","2.0","700.0","9","N","N","N","0","","0","0","0","0","0","N","620","1","0","0","0","0","0","0","2","0","1","0","0","0","7","","","N","","","","","","","","","",""
"2020104776","2250","0","0","0","0","0","0","1","0","0","4","1","","67","11","2020","1","39.979851","-75.142873","2235","6","0","0","0","0","0","0","0","0","","0","0","0","22","3","5","","1","0","39 58:47.465","","0","75 08:34.342","4","0","0","0","67301","0","0","0","N","0","0","0","6","67508","5","","1.0","","1","N","N","Y","1","","0","0","0","3","2","","2235","2","5","0","0","0","0","0","2","0","2","0","0","0","3","03","","N","","","","","","","","","",""
"2020106190","0425","1","0","0","0","0","0","1","0","0","4","1","","67","11","2020","1","40.010893","-75.151413","0410","6","0","0","0","0","0","1","0","0","","0","0","0","4","3","4","","1","0","40 00:39.214","","0","75 09:05.086","4","0","0","0","67301","0","0","0","N","0","0","0","6","67508","4","","1.0","","1","N","N","Y","0","","0","0","0","3","2","","410","2","4","0","0","0","0","0","2","0","2","0","0","0","3","03","","N","","","","","","","","","",""
"2020058869","0300","1","0","0","0","0","0","0","0","0","5","0","","67","7","2020","1","39.978675","-75.157803","0259","6","0","0","0","0","0","0","0","0","","0","0","0","2","3","0","","1","0","39 58:43.230","","0","75 09:28.092","0","0","0","0","67301","0","0","0","N","0","0","0","3","67505","0","","1.0","","1","N","N","N","0","","0","0","1","3","2","","259","2","0","0","0","0","0","0","2","0","2","0","0","0","3","03","","N","","","","","","","","","",""
"2020056902","1526","0","0","0","0","0","0","0","0","0","1","0","","67","7","2020","6","40.010301","-75.207009","1436","6","0","0","0","0","0","1","0","0","","0","0","0","14","1","4","N","0","0","40 00:37.085","","0","75 12:25.233","3","0","0","0","67301","0","0","0","N","0","0","0","5","68K01","0","","1.0","","1","N","N","N","0","","4","0","2","0","0","","1434","2","4","0","0","0","0","0","2","0","2","0","0","0","3","","","N","","","","","","","","","",""
"2020109702","2310","0","0","0","0","0","0","0","0","0","7","1","35","67","12","2020","6","","","2309","6","0","0","0","0","0","0","0","0","","0","1","0","23","3","0","N","0","2","","3","3","","0","0","0","0","67301","0","0","0","N","0","0","0","1","67501","0","","4.0","115.0","9","N","N","N","0","","0","0","0","3","8","Y","2308","1","0","0","0","0","0","0","1","0","1","0","0","0","7","","N","Y","4","1","","","N","Y","","","","N"
"2020065192","1937","0","0","0","0","0","0","0","0","0","1","0","25","67","8","2020","4","39.943641","-75.192339","1937","6","0","0","0","0","0","0","0","0","","0","0","0","19","4","0","N","0","0","39 56:37.106","","1","75 11:32.421","0","0","0","0","67301","0","0","0","N","0","0","0","6","68K01","0","","1.0","","1","N","N","N","0","","0","0","3","0","0","","1937","3","0","0","0","0","0","0","2","0","3","0","0","0","3","03","Y","Y","4","1","N","N","Y","Y","N","N","N","N"
"2020061134","0011","0","0","0","0","0","0","0","0","0","7","0","","67","7","2020","5","40.037245","-75.013493","2346","6","0","0","0","0","0","0","0","0","","0","0","0","23","3","0","N","0","0","40 02:14.081","","0","75 00:48.574","0","0","0","0","67301","0","0","0","N","0","0","0","1","68K01","0","","2.0","","9","N","N","N","0","","0","0","1","0","0","","2342","1","0","0","0","0","0","0","2","0","1","0","0","0","7","","","N","","","","","","","","","",""
"2020058506","1334","0","0","0","0","0","0","0","0","0","4","0","","67","7","2020","6","40.069743","-75.183199","1310","6","0","0","0","0","0","1","0","0","","0","0","0","10","8","1","","2","0","40 04:11.074","","0","75 10:59.516","3","0","0","0","67301","0","0","0","N","0","0","0","2","67301","0","","1.0","","9","N","N","N","0","","1","0","1","0","0","","1020","2","1","0","0","0","0","1","2","1","2","0","0","0","7","07","","N","","","","","","","","","",""
"2020059514","0115","1","0","0","0","0","0","0","0","0","7","0","","67","7","2020","2","39.948373","-75.210386","0108","6","0","0","0","0","0","0","0","0","","0","0","0","0","3","0","N","0","0","39 56:54.141","","0","75 12:37.391","9","0","0","0","67301","0","0","0","N","0","0","0","3","67301","0","","4.0","","1","N","N","N","0","","0","0","0","0","0","","44","1","0","0","0","0","0","3","2","0","1","0","0","0","3","","","N","","","","","","","","","",""
"2020105494","1314","1","0","0","0","0","0","0","0","0","1","0","","67","11","2020","5","39.958446","-75.166325","1257","6","0","0","0","0","0","0","0","0","","0","0","0","12","1","0","N","0","0","39 57:30.404","","0","75 09:58.769","0","0","0","0","67301","0","0","0","N","0","0","0","4","68K01","0","","1.0","","1","N","N","N","0","","0","0","1","0","0","","1255","2","0","0","0","0","0","0","2","0","2","0","0","0","3","","","N","","","","","","","","","",""
"2020106643","1248","0","0","0","0","0","0","0","0","0","8","0","25","67","12","2020","3","39.961185","-75.24707","1247","6","0","0","0","0","0","1","0","0","","0","0","0","12","1","1","","1","0","39 57:40.266","","0","75 14:49.451","3","0","0","0","67301","1","0","0","N","1","0","0","2","67301","0","","1.0","","1","N","N","N","0","","1","0","1","1","2","","1233","2","1","0","0","0","0","0","2","0","1","1","0","0","3","03","Y","Y","4","2","N","N","N","N","N","Y","N","Y"
"2020059551","0005","0","0","0","0","0","0","0","0","0","4","0","","67","7","2020","1","40.03156","-75.06329","0003","6","0","0","0","0","0","0","0","0","","0","0","0","0","3","1","","5","0","40 01:53.617","","0","75 03:47.844","2","0","1","1","67301","0","0","0","N","0","0","0","2","67301","0","","1.0","","1","N","N","N","0","","0","1","1","3","2","","1","2","1","0","0","0","0","0","2","0","2","0","0","0","3","03","","N","","","","","","","","","",""
"2020060679","0022","3","0","0","0","0","0","0","0","0","5","0","","67","7","2020","2","39.952786","-75.238631","0021","6","0","0","0","0","0","0","0","0","","0","0","0","23","3","1","N","0","2","39 57:10.030","1","0","75 14:19.070","3","0","0","0","67301","0","0","0","N","0","0","0","1","67301","0","","6.0","120.0","1","N","N","N","0","","1","0","0","0","0","Y","2310","3","1","1","0","0","0","0","2","0","3","0","0","0","3","03","","N","","","","","","","","","",""
"2020060536","0040","1","0","0","0","0","0","0","0","0","4","0","","67","7","2020","3","40.01752","-75.065135","0037","6","0","0","0","0","0","1","0","0","","0","0","0","23","3","1","","1","0","40 01:03.072","","0","75 03:54.486","4","0","0","0","67301","0","0","0","N","0","0","0","2","67301","1","","1.0","","1","N","N","N","0","","0","0","1","3","2","","2336","2","1","0","0","0","0","0","2","0","2","0","0","0","3","03","","N","","","","","","","","","",""
"2020055501","1655","0","0","0","1","0","0","0","0","0","8","0","","67","7","2020","3","39.989555","-75.168904","1653","6","0","0","0","0","0","0","0","0","","0","0","0","16","1","1","","1","0","39 59:22.398","","0","75 10:08.055","8","0","0","0","67301","1","0","0","N","0","0","0","2","67301","0","","1.0","","1","N","N","N","0","","0","0","0","3","2","","1652","2","1","0","0","0","1","0","2","0","1","1","0","0","3","03","","N","","","","","","","","","",""
"2020097128","1330","1","0","0","0","0","0","0","0","0","1","0","","67","11","2020","4","40.118579","-75.007008","1327","6","0","0","0","0","0","1","0","0","","0","0","0","13","1","1","","3","1","40 07:06.886","2","0","75 00:25.227","8","0","0","0","67301","0","0","0","N","0","0","0","2","67301","0","","1.0","1430.0","9","N","N","N","0","","0","0","1","3","2","N","1324","2","1","0","0","0","1","0","2","0","2","0","0","0","7","","","N","","","","","","","","","",""
"2020060226","0027","0","0","0","0","0","0","0","0","0","7","0","","67","7","2020","2","39.900499","-75.155603","0022","6","0","0","0","0","0","0","0","0","","0","0","0","0","3","1","N","0","1","39 54:01.798","1","3","75 09:20.169","8","0","0","0","67301","0","0","0","N","0","0","0","1","68K01","0","","4.0","100.0","1","N","N","N","0","","0","0","1","0","0","N","15","1","1","0","0","0","1","0","2","0","1","0","0","0","3","","","N","","","","","","","","","",""
"2020058872","1936","1","0","0","0","0","0","0","0","0","4","0","","67","7","2020","6","40.047483","-75.142782","1936","6","0","0","0","0","0","0","0","0","","0","0","0","19","1","2","","1","0","40 02:50.940","","0","75 08:34.016","4","0","0","0","67301","0","0","0","N","0","0","0","5","67301","2","","1.0","","1","N","N","N","1","","0","0","0","0","0","","1902","2","2","0","0","0","0","0","2","0","2","0","0","0","3","03","","N","","","","","","","","","",""
"2020059518","2126","0","0","0","0","0","0","0","0","0","5","0","","67","7","2020","1","40.027414","-75.125098","2112","6","0","0","0","0","0","0","0","0","","0","0","0","20","3","0","","1","0","40 01:38.690","","0","75 07:30.352","0","0","0","0","67301","0","0","0","N","0","0","0","4","67301","0","","1.0","","1","N","N","N","0","","0","0","5","3","2","","2059","7","0","0","0","0","0","0","2","2","7","0","0","0","3","03","","N","","","","","","","","","",""
"2020060670","1240","0","0","0","0","0","0","0","0","0","4","0","","67","7","2020","5","40.054262","-75.063122","1233","6","0","0","0","0","0","1","0","0","","0","0","0","12","1","2","","1","1","40 03:15.344","4","0","75 03:47.239","8","0","0","0","67301","0","0","0","N","0","0","0","3","67301","0","","1.0","1318.0","1","N","N","N","0","","0","0","2","3","2","N","1230","2","2","0","0","0","2","0","2","0","2","0","0","0","3","03","","N","","","","","","","","","",""
"2020054001","1335","1","0","0","0","0","0","0","0","0","7","0","","67","6","2020","3","39.973072","-75.159018","1331","6","0","0","0","0","0","0","1","0","","0","0","0","13","1","0","N","0","0","39 58:23.060","","0","75 09:32.466","9","0","0","0","67301","0","0","0","N","0","0","0","1","67301","0","","3.0","","1","N","N","N","0","","0","0","0","3","2","","1330","1","0","0","0","0","0","1","2","0","1","0","0","0","3","03","","N","","","","","","","","","",""
"2020051749","1557","2","0","0","0","0","0","0","0","0","4","0","","67","7","2020","4","40.006922","-75.068388","1555","6","0","0","0","0","0","0","0","0","","0","0","0","15","1","0","","2","1","40 00:24.918","3","2","75 04:06.198","9","0","0","0","67301","0","0","0","N","0","0","0","5","67301","0","","1.0","1620.0","1","N","N","N","0","","0","0","0","0","0","N","1540","2","0","0","0","0","0","5","2","0","2","0","0","0","3","03","","N","","","","","","","","","",""
"2020055852","2222","1","0","0","0","0","0","0","0","0","8","0","","67","7","2020","3","40.013518","-75.158933","2221","6","0","0","0","0","0","0","0","0","","0","0","0","22","3","1","N","0","1","40 00:48.665","3","0","75 09:32.160","3","0","0","0","67301","1","0","0","N","1","0","0","2","67301","0","","1.0","10.0","1","N","N","N","0","","1","0","0","0","0","N","2215","2","1","1","0","0","0","0","2","0","1","1","0","0","3","03","","N","","","","","","","","","",""
"2020054273","1851","2","0","0","0","0","0","0","0","0","2","0","","67","6","2020","3","39.991272","-75.235636","1851","6","0","0","0","0","1","0","1","0","","0","0","0","18","1","1","N","0","0","39 59:28.580","","0","75 14:08.290","8","0","0","0","67301","0","0","0","N","0","0","0","4","67301","0","","1.0","","1","N","N","N","1","","0","0","0","0","0","","1850","4","1","0","0","0","1","3","2","1","4","0","0","0","3","03","","N","","","","","","","","","",""
"2020063200","1641","0","0","0","0","0","0","0","0","0","1","0","","67","7","2020","3","39.947687","-75.187509","1626","6","0","0","0","0","0","0","0","0","","0","0","0","16","1","0","N","0","0","39 56:51.674","","0","75 11:15.034","0","0","0","0","67301","0","0","0","N","0","0","0","2","68K01","0","","1.0","","1","N","N","N","0","","0","0","2","0","0","","1624","2","0","0","0","0","0","0","2","0","2","0","0","0","3","03","","N","","","","","","","","","",""
"2020052418","1836","1","0","0","1","0","0","0","0","0","8","0","","67","7","2020","6","39.944113","-75.153515","1834","6","0","0","0","0","0","0","0","0","","0","0","0","16","1","1","","1","0","39 56:38.805","","6","75 09:12.654","3","0","0","0","67301","1","0","0","N","0","0","0","2","67301","0","","1.0","","1","N","N","N","0","","1","0","0","3","2","","1616","2","1","1","0","0","0","0","2","0","1","1","0","0","3","03","","N","","","","","","","","","",""
"2020050897","2034","0","0","0","0","0","0","0","0","0","7","0","","67","6","2020","2","39.986286","-75.156264","2032","6","0","0","1","0","0","0","0","0","","0","0","0","20","4","1","","1","0","39 59:10.631","","0","75 09:22.550","3","0","0","0","67301","1","0","0","N","1","0","0","2","67505","0","","4.0","","1","N","N","N","0","","1","0","1","3","2","","2032","2","1","0","0","0","0","0","2","0","1","1","0","0","3","03","","N","","","","","","","","","",""
"2020051028","0520","1","0","0","0","0","0","0","0","0","7","0","","67","6","2020","1","39.98161","-75.144456","0515","6","0","0","0","0","0","0","0","0","","0","0","0","5","5","0","","1","0","39 58:53.796","","0","75 08:40.041","0","0","0","0","67301","0","0","0","N","0","0","0","1","67301","0","","5.0","","1","N","N","N","0","","0","0","0","3","2","","510","1","0","0","0","0","0","0","2","0","1","0","0","0","3","03","","N","","","","","","","","","",""
"2020051917","1235","1","0","0","0","0","0","0","0","0","4","0","","67","7","2020","5","40.041074","-75.064987","1215","6","0","0","0","0","0","0","0","0","","0","0","0","12","1","0","","2","2","40 02:27.866","1","0","75 03:53.953","0","0","0","0","67301","0","0","0","N","0","0","0","2","67301","0","","1.0","15.0","1","N","N","N","0","","0","0","0","0","0","N","1215","2","0","0","0","0","0","0","2","1","2","0","0","0","3","","","N","","","","","","","","","",""
"2020056793","1510","2","0","0","0","0","0","0","0","0","5","0","","67","7","2020","2","","","1505","6","0","0","0","0","0","0","0","0","","0","0","0","14","1","1","N","0","0","","","0","","8","0","0","0","67301","0","0","0","N","0","0","0","1","67301","0","","6.0","","1","N","N","N","0","","0","0","1","0","0","","1430","3","1","0","0","0","1","0","1","0","3","0","0","0","3","03","","N","","","","","","","","","",""
"2020048761","0519","2","0","0","0","0","0","0","0","0","1","0","","67","6","2020","6","40.004647","-75.093343","0519","6","0","0","0","0","0","0","0","0","","0","0","0","5","3","0","N","0","0","40 00:16.730","","0","75 05:36.036","0","0","0","0","67301","0","0","0","N","0","0","0","1","67301","0","","6.0","","1","N","N","N","0","","0","0","0","0","0","","519","2","0","0","0","0","0","0","2","0","2","0","0","0","3","03","","N","","","","","","","","","",""
"2020050700","1524","1","0","0","0","0","0","0","0","0","4","0","","67","6","2020","1","39.998196","-75.187643","1510","6","0","0","0","0","0","0","0","0","","0","0","0","14","1","2","","2","1","39 59:53.504","5","0","75 11:15.514","3","0","0","0","67301","0","0","0","N","0","0","0","2","67301","0","","1.0","1920.0","1","N","N","N","0","","2","0","1","3","2","Y","1455","2","2","0","0","0","0","0","2","0","2","0","0","0","3","03","","N","","","","","","","","","",""
"2020055966","1939","2","0","0","0","0","0","0","0","0","1","0","","67","7","2020","3","39.928475","-75.230214","1938","6","0","0","0","0","0","0","0","0","","0","0","0","19","1","1","Y","0","0","39 55:42.510","","0","75 13:48.770","3","0","0","0","67301","0","0","0","N","0","0","0","3","67301","0","","1.0","","1","N","N","N","0","","1","0","0","3","2","","1938","2","1","0","0","0","0","0","2","0","2","0","0","0","3","03","","N","","","","","","","","","",""
"2020050621","0445","2","0","0","0","0","0","0","0","0","5","0","","67","6","2020","1","39.975872","-75.252128","0435","6","0","0","0","0","0","0","0","0","","0","0","0","4","3","0","N","0","0","39 58:33.140","","0","75 15:07.660","0","0","0","0","67301","0","0","0","N","0","0","0","1","67301","0","","6.0","","1","N","N","N","0","","0","0","1","0","0","","418","4","0","0","0","0","0","0","2","1","4","0","0","0","3","03","","N","","","","","","","","","",""
"2020100476","0212","0","0","0","0","0","0","0","0","0","1","0","","67","10","2020","7","39.899163","-75.176682","0212","6","0","0","0","0","0","0","0","0","","0","0","0","2","3","0","N","0","0","39 53:56.988","","0","75 10:36.056","0","0","0","0","67301","0","0","0","N","0","0","0","3","68K01","0","","1.0","","1","N","N","N","0","","0","0","2","0","0","","212","2","0","0","0","0","0","0","2","0","2","0","0","0","3","","","N","","","","","","","","","",""
"2020055181","1810","2","0","0","0","0","0","0","0","0","1","0","","67","7","2020","1","39.939278","-75.196722","1810","6","0","0","0","0","0","0","0","0","","0","0","0","17","1","0","N","0","0","39 56:21.400","","1","75 11:48.200","0","0","0","0","67301","0","0","0","N","0","0","0","2","67301","0","","1.0","","1","N","N","N","0","","0","0","0","0","0","","1757","2","0","0","0","0","0","0","2","0","2","0","0","0","3","03","","N","","","","","","","","","",""
"2020060718","2305","1","0","0","0","0","0","0","0","0","1","0","","67","7","2020","5","40.03542","-75.069621","2255","6","0","0","0","0","0","0","0","0","","0","0","0","22","3","0","","1","0","40 02:07.511","","0","75 04:10.636","0","0","0","0","67301","0","0","0","N","0","0","0","4","67301","0","","1.0","","1","N","N","N","0","","0","0","1","3","2","","2250","3","0","0","0","0","0","0","2","1","3","0","0","0","3","03","","N","","","","","","","","","",""