"CRN","ARRIVAL_TM","AUTOMOBILE_COUNT","BELTED_DEATH_COUNT","BELTED_SUSP_SERIOUS_INJ_COUNT","BICYCLE_COUNT","BICYCLE_DEATH_COUNT","BICYCLE_SUSP_SERIOUS_INJ_COUNT","BUS_COUNT","CHLDPAS_DEATH_COUNT","CHLDPAS_SUSP_SERIOUS_INJ_COUNT","COLLISION_TYPE","COMM_VEH_COUNT","CONS_ZONE_SPD_LIM","COUNTY","CRASH_MONTH","CRASH_YEAR","DAY_OF_WEEK","DEC_LATITUDE","DEC_LONGITUDE","DISPATCH_TM","DISTRICT","DRIVER_COUNT_16YR","DRIVER_COUNT_17YR","DRIVER_COUNT_18YR","DRIVER_COUNT_19YR","DRIVER_COUNT_20YR","DRIVER_COUNT_50_64YR","DRIVER_COUNT_65_74YR","DRIVER_COUNT_75PLUS","EST_HRS_CLOSED","FATAL_COUNT","HEAVY_TRUCK_COUNT","HORSE_BUGGY_COUNT","HOUR_OF_DAY","ILLUMINATION","INJURY_COUNT","INTERSECTION_RELATED","INTERSECT_TYPE","LANE_CLOSED","LATITUDE","LN_CLOSE_DIR","LOCATION_TYPE","LONGITUDE","MAX_SEVERITY_LEVEL","MCYCLE_DEATH_COUNT","MCYCLE_SUSP_SERIOUS_INJ_COUNT","MOTORCYCLE_COUNT","MUNICIPALITY","NONMOTR_COUNT","NONMOTR_DEATH_COUNT","NONMOTR_SUSP_SERIOUS_INJ_COUNT","NTFY_HIWY_MAINT","PED_COUNT","PED_DEATH_COUNT","PED_SUSP_SERIOUS_INJ_COUNT","PERSON_COUNT","POLICE_AGCY","POSSIBLE_INJ_COUNT","RDWY_SURF_TYPE_CD","RELATION_TO_ROAD","ROADWAY_CLEARED","ROAD_CONDITION","SCH_BUS_IND","SCH_ZONE_IND","SECONDARY_CRASH","SMALL_TRUCK_COUNT","SPEC_JURIS_CD","SUSP_MINOR_INJ_COUNT","SUSP_SERIOUS_INJ_COUNT","SUV_COUNT","TCD_FUNC_CD","TCD_TYPE","TFC_DETOUR_IND","TIME_OF_DAY","TOTAL_UNITS","TOT_INJ_COUNT","UNBELTED_OCC_COUNT","UNB_DEATH_COUNT","UNB_SUSP_SERIOUS_INJ_COUNT","UNK_INJ_DEG_COUNT","UNK_INJ_PER_COUNT","URBAN_RURAL","VAN_COUNT","VEHICLE_COUNT","VULNERABLE_ROAD_USER_COUNT","VULNERABLE_ROAD_USER_DEATH_COUNT","VULNERABLE_ROAD_USER_SER_INJ_COUNT","WEATHER1","WEATHER2","WORKERS_PRES","WORK_ZONE_IND","WORK_ZONE_LOC","WORK_ZONE_TYPE","WZ_CLOSE_DETOUR","WZ_FLAGGER","WZ_LAW_OFFCR_IND","WZ_LN_CLOSURE","WZ_MOVING","WZ_OTHER","WZ_SHLDER_MDN","WZ_WORKERS_INJ_KILLED"
"2020063421","1530","1","0","0","0","0","0","0","0","0","3","0","","67","7","2020","3","39.96766","-75.230084","1525","6","0","0","0","1","0","0","0","0","","0","0","0","15","1","1","","1","0","39 58:03.576","","0","75 13:48.302","3","0","0","0","67301","0","0","0","N","0","0","0","2","67301","0","","1.0","","1","N","N","N","1","","1","0","1","3","3","","1520","3","1","2","0","0","0","0","2","0","3","0","0","0","3","03","","N","","","","","","","","","",""
"2020060569","1605","1","0","0","0","0","0","0","0","0","4","0","","67","7","2020","3","39.970344","-75.146551","1558","6","0","0","0","0","0","1","0","0","","0","0","0","15","1","2","","1","0","39 58:13.238","","0","75 08:47.584","8","0","0","0","67301","0","0","0","N","0","0","0","2","67301","0","","1.0","","1","N","N","N","0","","0","0","1","3","2","","1556","2","2","0","0","0","2","0","2","0","2","0","0","0","3","","","N","","","","","","","","","",""
"2020099863","2040","1","0","0","0","0","0","0","0","0","7","0","","67","11","2020","6","40.002009","-75.156126","2037","6","0","0","0","0","0","0","0","0","","0","0","0","20","3","0","N","1","0","40 00:07.234","","0","75 09:22.054","0","0","0","0","67301","0","0","0","N","0","0","0","1","67505","0","","5.0","","1","N","N","N","0","","0","0","0","0","0","","2037","1","0","0","0","0","0","0","2","0","1","0","0","0","3","03","","N","","","","","","","","","",""
"2020060203","1448","0","0","0","0","0","0","0","0","0","7","0","45","67","7","2020","6","39.976728","-75.114042","1420","6","0","0","0","0","0","0","0","0","","0","0","0","14","1","3","N","0","2","39 58:36.221","2","0","75 06:50.551","8","0","0","0","67301","0","0","0","N","0","0","0","5","68K01","0","","2.0","1455.0","9","N","N","N","0","","0","0","1","0","0","Y","1415","1","3","5","0","0","3","0","2","0","1","0","0","0","7","","N","Y","4","1","","","N","","","","Y","N"
"2020063583","1840","1","0","0","0","0","0","0","0","0","5","0","","67","8","2020","7","39.957932","-75.225298","1839","6","0","0","0","0","0","0","0","0","","0","0","0","13","1","0","N","0","0","39 57:28.554","","0","75 13:31.071","0","0","0","0","67301","0","0","0","N","0","0","0","2","67301","0","","1.0","","1","N","N","N","0","","0","0","1","0","0","","1339","2","0","0","0","0","0","0","2","0","2","0","0","0","3","03","","N","","","","","","","","","",""
"2020060003","1529","0","0","0","0","0","0","0","0","0","1","0","","67","7","2020","1","39.909028","-75.150972","1527","6","0","0","0","0","0","1","0","0","","0","0","0","15","1","1","N","0","1","39 54:32.500","4","3","75 09:03.500","8","0","0","0","67301","0","0","0","N","0","0","0","2","67501","0","","1.0","1618.0","1","N","N","N","0","","0","0","2","3","8","N","1523","2","1","0","0","0","1","0","2","0","2","0","0","0","3","03","","N","","","","","","","","","",""
"2020105324","1011","1","0","0","0","0","0","0","0","0","7","0","","67","12","2020","7","40.020116","-75.153181","1130","6","0","0","0","0","0","0","0","0","","0","0","0","2","3","0","N","0","0","40 01:12.418","","0","75 09:11.452","9","0","0","0","67301","0","0","0","N","0","0","0","1","67301","0","","4.0","","9","N","N","Y","0","","0","0","1","0","0","","230","2","0","0","0","0","0","1","2","0","2","0","0","0","7","04","","N","","","","","","","","","",""
"2020051477","2355","1","0","0","0","0","0","0","0","0","4","0","","67","6","2020","3","39.957013","-75.213331","2350","6","0","0","1","0","0","0","0","0","","0","0","0","23","3","1","","1","1","39 57:25.245","3","0","75 12:47.990","3","0","0","0","67301","0","0","0","N","0","0","0","3","67301","0","","1.0","100.0","1","N","N","N","0","","1","0","1","3","2","N","2340","2","1","0","0","0","0","1","2","0","2","0","0","0","3","03","","N","","","","","","","","","",""
"2020085067","","2","0","0","0","0","0","0","0","0","4","0","","67","8","2020","1","39.996795","-75.153968","","6","0","0","0","1","0","1","0","0","","0","0","0","1","3","0","","1","0","39 59:48.463","","0","75 09:14.286","0","0","0","0","67301","0","0","0","N","0","0","0","4","00000","0","","1.0","","1","N","N","N","0","","0","0","0","3","2","","140","2","0","0","0","0","0","0","2","0","2","0","0","0","3","","","N","","","","","","","","","",""
"2020050472","1416","1","0","0","0","0","0","0","0","0","1","0","","67","6","2020","1","40.053861","-75.1415","1416","6","0","0","0","0","1","2","0","0","","0","0","0","13","1","1","","1","0","40 03:13.900","","0","75 08:29.400","3","0","0","0","67301","0","0","0","N","0","0","0","5","67301","0","","1.0","","1","N","N","N","0","","1","0","2","3","2","","1348","3","1","4","0","0","0","1","2","0","3","0","0","0","3","03","","N","","","","","","","","","",""
"2020052689","1246","0","0","0","0","0","0","0","0","0","1","0","","67","7","2020","4","39.977608","-75.131338","1242","6","0","0","0","0","0","0","0","0","","0","0","0","12","1","1","","1","0","39 58:39.389","","0","75 07:52.816","3","0","0","0","67301","0","0","0","N","0","0","0","3","67301","0","","1.0","","1","N","N","N","0","","1","0","3","3","2","","1235","3","1","0","0","0","0","0","2","0","3","0","0","0","3","","","N","","","","","","","","","",""
"2020048716","1430","0","0","0","0","0","0","0","0","0","8","0","","67","6","2020","2","39.944711","-75.158224","1430","6","0","0","0","0","0","0","0","0","","0","0","0","14","1","1","","1","0","39 56:40.959","","0","75 09:29.607","4","0","0","0","67301","1","0","0","N","1","0","0","2","67301","1","","1.0","","1","N","N","N","0","","0","0","1","3","2","","1429","2","1","1","0","0","0","0","2","0","1","1","0","0","3","03","","N","","","","","","","","","",""
"2020046366","0052","2","0","0","0","0","0","0","0","0","1","0","","67","6","2020","7","39.986747","-75.207556","0052","6","0","0","0","0","0","0","0","0","","0","0","0","23","3","0","","1","0","39 59:12.288","","2","75 12:27.201","0","0","0","0","67301","0","0","0","N","0","0","0","3","67301","0","","1.0","","1","N","N","N","0","","0","0","0","3","2","","2345","2","0","0","0","0","0","0","2","0","2","0","0","0","3","03","","N","","","","","","","","","",""
"2020047985","0650","2","0","1","0","0","0","0","0","0","4","0","","67","6","2020","5","40.037267","-75.166611","0644","6","0","0","0","0","0","0","0","0","","0","0","0","6","1","1","N","0","0","40 02:14.160","","0","75 09:59.800","2","0","0","0","67301","0","0","0","N","0","0","0","2","67301","0","","1.0","","1","N","N","N","0","","0","1","0","0","0","","640","2","1","0","0","0","0","0","2","0","2","0","0","0","3","03","","N","","","","","","","","","",""
"2020059549","0522","2","0","0","0","0","0","0","0","0","5","0","","67","7","2020","2","40.060872","-75.184031","0519","6","0","0","0","0","0","0","0","0","","0","0","0","5","3","0","N","0","2","40 03:39.140","6","0","75 11:02.510","0","0","0","0","67301","0","0","0","N","0","0","0","1","67301","0","","6.0","621.0","1","N","N","N","0","","0","0","0","0","0","N","517","2","0","0","0","0","0","0","2","0","2","0","0","0","3","03","","N","","","","","","","","","",""
"2020051993","2302","1","0","0","0","0","0","0","0","0","8","0","","67","6","2020","3","39.991158","-75.123028","2302","6","0","0","0","0","0","0","0","0","","0","0","0","23","3","1","N","0","2","39 59:28.170","5","1","75 07:22.900","4","0","0","0","67301","1","0","0","N","1","0","0","2","67301","1","","1.0","2315.0","1","N","N","N","0","","0","0","0","0","0","N","2300","2","1","0","0","0","0","0","2","0","1","1","0","0","3","03","","N","","","","","","","","","",""
"2020059290","0830","1","0","0","0","0","0","0","0","0","4","0","","67","7","2020","6","39.905757","-75.193824","0830","6","0","0","0","0","0","0","0","0","","0","0","0","7","1","2","","1","0","39 54:20.725","","0","75 11:37.765","4","0","0","0","67301","0","0","0","N","0","0","0","2","67301","2","","1.0","","9","N","N","N","0","","0","0","1","3","2","","700","2","2","0","0","0","0","0","2","0","2","0","0","0","4","04","","N","","","","","","","","","",""
"2020105322","1920","1","0","0","0","0","0","0","0","0","7","0","","67","12","2020","1","40.036715","-75.187491","1904","6","0","0","0","0","0","1","0","0","","0","0","0","17","3","1","","2","0","40 02:12.175","","0","75 11:14.966","3","0","0","0","67301","0","0","0","N","0","0","0","1","67301","0","","2.0","","1","N","N","N","0","","1","0","0","3","2","","1743","1","1","0","0","0","0","0","2","0","1","0","0","0","3","","","N","","","","","","","","","",""
"2020061630","0128","2","0","0","0","0","0","1","0","0","6","1","","67","7","2020","3","40.021472","-75.125861","0118","6","0","0","0","0","0","0","0","0","","0","0","0","1","3","0","N","0","0","40 01:17.300","","0","75 07:33.100","0","0","0","0","67301","0","0","0","N","0","0","0","2","67508","0","","1.0","","1","N","N","Y","0","","0","0","0","0","0","","118","3","0","0","0","0","0","0","2","0","3","0","0","0","3","03","","N","","","","","","","","","",""
"2020060871","1401","2","0","0","0","0","0","0","0","0","4","0","","67","7","2020","2","40.046733","-75.166872","1400","6","0","0","0","0","0","0","0","0","","0","0","0","13","1","2","","2","0","40 02:48.240","","0","75 10:00.738","3","0","0","0","67301","0","0","0","N","0","0","0","2","67301","0","","1.0","","1","N","N","N","0","","2","0","0","0","0","","1330","2","2","0","0","0","0","0","2","0","2","0","0","0","3","03","","N","","","","","","","","","",""
"2020059298","2300","1","0","0","0","0","0","0","0","0","4","0","","67","7","2020","1","39.95199","-75.226537","2300","6","0","0","0","0","0","0","0","0","","0","0","0","23","3","0","","1","2","39 57:07.163","2","0","75 13:35.533","0","0","0","0","67301","0","0","0","N","0","0","0","2","67301","0","","1.0","2335.0","1","N","N","N","0","","0","0","1","3","2","N","2300","2","0","0","0","0","0","0","2","0","2","0","0","0","3","03","","N","","","","","","","","","",""
"2020096063","2346","2","0","0","0","0","0","0","0","0","2","0","","67","11","2020","2","39.998949","-75.132642","2346","6","0","0","0","0","0","0","0","0","","0","0","0","21","3","1","N","0","0","39 59:56.215","","0","75 07:57.512","4","0","0","0","67301","0","0","0","N","0","0","0","3","67301","1","","1.0","","1","N","N","N","0","","0","0","0","0","0","","2157","2","1","3","0","0","0","2","2","0","2","0","0","0","3","03","","N","","","","","","","","","",""
"2020060790","1206","1","0","0","0","0","0","0","0","0","8","0","","67","7","2020","4","39.953375","-75.171596","1200","6","0","0","0","0","0","0","0","0","","0","0","0","11","1","1","","1","0","39 57:12.151","","0","75 10:17.744","3","0","0","0","67301","1","0","0","N","1","0","0","2","67301","0","","1.0","","1","N","N","N","0","","1","0","0","3","2","","1150","2","1","0","0","0","0","1","2","0","1","1","0","0","3","03","","N","","","","","","","","","",""
"2020106653","0835","1","0","0","0","0","0","0","0","0","8","0","","67","12","2020","4","40.009733","-75.196091","0824","6","0","0","0","0","0","0","0","0","","0","0","0","8","1","1","N","0","0","40 00:35.039","","99","75 11:45.927","3","0","0","0","67301","1","0","0","N","1","0","0","2","67301","0","","1.0","","1","N","N","N","0","","1","0","0","0","0","","820","2","1","0","0","0","0","0","2","0","1","1","0","0","3","03","","N","","","","","","","","","",""
"2020059299","0915","2","0","0","0","0","0","0","0","0","4","0","","67","7","2020","2","39.953846","-75.220097","0912","6","0","0","0","0","0","2","0","0","","0","0","0","9","1","2","","1","0","39 57:13.845","","0","75 13:12.349","3","0","0","0","67301","0","0","0","N","0","0","0","2","67301","1","","1.0","","1","N","N","N","0","","1","0","0","3","2","","901","2","2","0","0","0","0","0","2","0","2","0","0","0","3","","","N","","","","","","","","","",""
"2020058637","0225","1","0","0","0","0","0","0","0","0","5","0","","67","7","2020","7","39.983189","-75.156819","0225","6","0","0","0","0","0","0","0","0","","0","0","0","2","3","0","N","1","0","39 58:59.480","","0","75 09:24.548","0","0","0","0","67301","0","0","0","N","0","0","0","3","67505","0","","1.0","","1","N","N","N","0","","0","0","2","3","2","","225","3","0","0","0","0","0","0","2","0","3","0","0","0","3","03","","N","","","","","","","","","",""
"2020055593","0728","2","0","0","0","0","0","0","0","0","4","0","","67","7","2020","3","40.013174","-75.070434","0724","6","0","0","0","0","0","1","0","0","","0","0","0","7","1","3","","1","2","40 00:47.428","5","0","75 04:13.562","3","0","0","0","67301","0","0","0","N","0","0","0","3","67301","0","","1.0","922.0","1","N","N","Y","1","","3","0","1","3","2","Y","722","5","3","0","0","0","0","0","2","1","5","0","0","0","3","","","N","","","","","","","","","",""
"2020060789","1450","2","0","0","0","0","0","0","0","0","4","0","","67","7","2020","5","40.047882","-75.065243","1450","6","0","1","0","0","0","1","0","0","","0","0","0","14","1","0","","1","1","40 02:52.375","3","0","75 03:54.874","0","0","0","0","67301","0","0","0","N","0","0","0","2","67301","0","","1.0","1530.0","1","N","N","N","0","","0","0","0","3","3","N","1442","2","0","0","0","0","0","0","2","0","2","0","0","0","3","03","","N","","","","","","","","","",""
"2020058814","1844","1","0","0","0","0","0","0","0","0","5","0","","67","7","2020","6","39.959322","-75.173393","1827","6","0","0","0","0","0","1","0","0","","0","0","0","18","1","1","N","0","0","39 57:33.558","","0","75 10:24.213","4","0","0","0","67301","0","0","0","N","0","0","0","3","68K01","1","","1.0","","1","N","N","N","1","","0","0","0","0","0","","1825","2","1","0","0","0","0","0","2","0","2","0","0","0","3","","","N","","","","","","","","","",""
"2020059296","1534","2","0","0","0","0","0","0","0","0","4","0","","67","7","2020","1","40.030679","-75.054819","1531","6","0","0","0","0","0","0","0","0","","0","0","0","15","1","1","","1","0","40 01:50.445","","0","75 03:17.347","3","0","0","0","67301","0","0","0","N","0","0","0","6","67301","0","","1.0","","1","N","N","N","0","","1","0","0","3","2","","1521","2","1","0","0","0","0","0","2","0","2","0","0","0","3","","","N","","","","","","","","","",""
"2020063416","1807","2","0","0","0","0","0","0","0","0","4","0","","67","8","2020","6","39.916354","-75.147095","1807","6","0","0","0","0","0","1","0","0","","0","0","0","18","1","0","","2","1","39 54:58.874","3","0","75 08:49.542","0","0","0","0","67301","0","0","0","N","0","0","0","3","67301","0","","1.0","1915.0","9","N","N","N","0","","0","0","0","3","3","N","1804","2","0","1","0","0","0","0","2","0","2","0","0","0","7","","","N","","","","","","","","","",""
"2020095299","0130","0","0","0","0","0","0","0","0","0","7","0","","67","11","2020","1","39.962858","-75.197292","0108","6","0","0","0","0","0","0","0","0","","0","0","0","23","6","1","","1","0","39 57:46.289","","0","75 11:50.252","8","0","0","0","67301","0","0","0","N","0","0","0","1","67301","0","","9.0","","99","N","N","N","1","","0","0","0","3","3","","2359","1","1","0","0","0","1","0","2","0","1","0","0","0","99","03","","N","","","","","","","","","",""
"2020046236","0915","1","0","0","0","0","0","0","0","0","4","0","","67","6","2020","7","40.073109","-75.163903","0900","6","0","0","0","0","0","0","0","0","","0","0","0","7","1","1","","1","0","40 04:23.192","","0","75 09:50.050","3","0","0","0","67301","0","0","0","N","0","0","0","2","67301","0","","1.0","","1","N","N","N","0","","1","0","1","3","3","","750","2","1","0","0","0","0","1","2","0","2","0","0","0","3","03","","N","","","","","","","","","",""
"2020048720","1400","1","0","0","0","0","0","0","0","0","8","0","","67","6","2020","5","39.949079","-75.162124","1356","6","0","0","0","0","0","0","0","0","","0","0","0","13","1","1","","1","0","39 56:56.686","","0","75 09:43.648","3","0","0","0","67301","1","0","0","N","1","0","0","2","67301","0","","1.0","","9","N","N","N","0","","1","0","0","3","2","","1356","2","1","0","0","0","0","0","2","0","1","1","0","0","7","","","N","","","","","","","","","",""
"2020106179","0355","1","0","0","0","0","0","1","0","0","4","1","","67","11","2020","1","39.985753","-75.164533","0345","6","0","0","0","0","0","0","0","0","","0","0","0","3","3","1","","1","2","39 59:08.710","7","0","75 09:52.318","8","0","0","0","67301","0","0","0","N","0","0","0","2","67508","0","","1.0","9999.0","1","N","N","Y","0","","0","0","0","3","2","Y","345","2","1","0","0","0","1","0","2","0","2","0","0","0","3","03","","N","","","","","","","","","",""
"2020060681","1835","1","0","0","0","0","0","0","0","0","5","0","","67","7","2020","4","39.945706","-75.240073","1833","6","0","0","0","0","0","0","0","0","","0","0","0","18","1","2","N","0","0","39 56:44.543","","0","75 14:24.264","3","0","0","0","67301","0","0","0","N","0","0","0","3","67301","0","","1.0","","1","N","N","N","0","","2","0","0","0","0","","1825","2","2","0","0","0","0","0","2","0","2","0","0","0","3","03","","N","","","","","","","","","",""
"2020104796","0806","1","0","0","0","0","0","0","0","0","1","1","","67","12","2020","6","40.006535","-75.118168","0804","6","0","0","0","0","0","0","0","0","","0","0","0","6","3","1","N","0","0","40 00:23.527","","0","75 07:05.405","4","0","0","0","67301","0","0","0","N","0","0","0","1","67301","1","","6.0","","1","N","N","N","0","","0","0","0","0","0","","606","2","1","1","0","0","0","0","2","0","2","0","0","0","3","03","","N","","","","","","","","","",""
"2020063207","2038","1","0","0","0","0","0","0","0","0","5","0","","67","7","2020","4","39.986603","-75.091366","2034","6","0","0","0","0","0","0","0","0","","0","0","0","20","3","1","N","0","2","39 59:11.772","1","0","75 05:28.919","3","0","0","0","67301","0","0","0","N","0","0","0","2","68K01","0","","1.0","2202.0","1","N","N","N","0","","1","0","1","0","0","Y","2033","2","1","0","0","0","0","1","2","0","2","0","0","0","3","","","N","","","","","","","","","",""
"2020105739","0730","4","0","0","0","0","0","0","0","0","5","0","","67","12","2020","1","40.073183","-75.162633","0721","6","0","0","0","0","0","1","0","0","","0","0","0","6","1","0","N","0","2","40 04:23.460","1","0","75 09:45.480","0","0","0","0","67301","0","0","0","N","0","0","0","1","67301","0","","6.0","926.0","1","N","N","N","0","","0","0","0","0","0","N","651","4","0","0","0","0","0","0","2","0","4","0","0","0","3","03","","N","","","","","","","","","",""
"2020096703","1153","1","0","0","0","0","0","0","0","0","5","0","","67","10","2020","3","39.991231","-75.086454","1147","6","0","0","0","0","0","0","0","0","","0","0","0","11","1","0","N","0","1","39 59:28.431","2","0","75 05:11.233","0","0","0","0","67301","0","0","0","N","0","0","0","2","68K01","0","","1.0","1155.0","1","N","N","N","0","","0","0","1","0","0","Y","1144","2","0","0","0","0","0","0","2","0","2","0","0","0","3","","","N","","","","","","","","","",""
"2020060200","1120","1","0","0","0","0","0","0","0","0","0","0","","67","7","2020","6","39.967328","-75.132231","1113","6","0","0","0","0","0","0","0","0","","0","0","0","11","1","2","N","0","1","39 58:02.382","1","0","75 07:56.033","3","0","0","0","67301","0","0","0","N","0","0","0","3","68K01","1","","4.0","1136.0","9","N","N","N","0","","1","0","0","0","0","N","1110","1","2","0","0","0","0","0","2","0","1","0","0","0","7","","","N","","","","","","","","","",""
"2020059123","1623","2","0","0","0","0","0","0","0","0","5","0","","67","7","2020","1","39.9982","-75.110331","1618","6","0","0","0","0","0","1","0","0","","0","0","0","13","1","0","N","0","0","39 59:53.520","","1","75 06:37.190","0","0","0","0","67301","0","0","0","N","0","0","0","1","67301","0","","6.0","","1","N","N","N","0","","0","0","0","0","0","","1349","2","0","0","0","0","0","0","2","0","2","0","0","0","3","03","","N","","","","","","","","","",""
"2020087655","","0","0","0","0","0","0","0","0","0","1","0","","67","8","2020","3","39.987379","-75.252086","","6","0","0","0","0","0","0","0","0","","0","0","0","20","3","3","Y","0","0","39 59:14.566","","0","75 15:07.508","8","0","0","0","67301","0","0","0","N","0","0","0","4","00000","0","","1.0","","1","","","N","0","","0","0","2","3","2","","2048","2","3","0","0","0","3","0","2","0","2","0","0","0","3","","","N","","","","","","","","","",""
"2020058770","1302","2","0","0","0","0","0","0","0","0","4","0","","67","7","2020","7","39.975462","-75.190909","1258","6","0","0","0","0","0","0","0","0","","0","0","0","12","1","2","","3","0","39 58:31.664","","0","75 11:27.272","3","0","0","0","67301","0","0","0","N","0","0","0","4","67301","0","","1.0","","1","N","N","N","0","","2","0","1","3","3","","1257","3","2","0","0","0","0","0","2","0","3","0","0","0","3","","","N","","","","","","","","","",""
"2020059534","1823","1","0","0","0","0","0","0","0","0","1","0","99","67","7","2020","2","","","1823","6","0","1","0","0","0","0","0","0","","0","0","0","18","1","0","N","0","2","","3","3","","0","0","0","0","67301","0","0","0","N","0","0","0","7","67501","0","","1.0","1855.0","1","N","N","N","0","","0","0","1","3","8","Y","1822","2","0","0","0","0","0","0","1","0","2","0","0","0","3","03","U","Y","4","1","","","U","Y","","","","N"
"2020059552","0657","2","0","1","0","0","0","0","0","0","1","0","","67","7","2020","1","40.034629","-75.071139","0654","6","0","0","0","0","1","0","0","0","","0","0","0","6","1","1","","1","0","40 02:04.664","","0","75 04:16.099","2","0","0","0","67301","0","0","0","N","0","0","0","3","67301","0","","1.0","","1","N","N","N","0","","0","1","1","3","2","","652","3","1","0","0","0","0","0","2","0","3","0","0","0","3","03","","N","","","","","","","","","",""
"2020044808","1945","1","0","0","0","0","0","0","0","0","1","0","","67","6","2020","2","40.06845","-75.148372","1938","6","0","0","0","0","0","1","0","0","","0","0","0","18","1","0","","1","0","40 04:06.419","","0","75 08:54.139","0","0","0","0","67301","0","0","0","N","0","0","0","2","67301","0","","1.0","","1","N","N","N","0","","0","0","0","3","2","","1820","2","0","0","0","0","0","0","2","1","2","0","0","0","3","03","","N","","","","","","","","","",""
"2020052679","1705","1","0","0","0","0","0","0","0","0","5","0","","67","7","2020","7","40.038068","-75.078685","1700","6","0","0","0","0","0","0","0","0","","0","0","0","16","1","1","N","0","1","40 02:17.043","2","6","75 04:43.266","2","0","1","1","67301","0","0","0","N","0","0","0","2","67301","0","","1.0","1830.0","1","N","N","N","0","","0","1","0","0","0","Y","1659","2","1","0","0","0","0","0","2","0","2","0","0","0","3","03","","N","","","","","","","","","",""
"2020058815","0904","0","0","0","0","0","0","0","0","0","7","0","45","67","7","2020","7","39.997373","-75.08201","0900","6","0","0","0","0","0","1","0","0","","0","0","0","8","1","0","N","0","1","39 59:50.541","2","0","75 04:55.236","0","0","0","0","67301","0","0","0","N","0","0","0","2","68K01","0","","1.0","930.0","1","N","N","N","0","","0","0","1","0","0","N","856","1","0","0","0","0","0","0","2","0","1","0","0","0","3","","N","Y","4","1","","","N","","","","Y","N"
"2020058803","1116","1","0","0","0","0","0","0","0","0","1","0","","67","6","2020","2","39.960068","-75.179394","1108","6","0","0","0","0","0","0","0","1","","0","0","0","11","1","1","N","0","1","39 57:36.245","4","3","75 10:45.819","3","0","0","0","67301","0","0","0","N","0","0","0","2","68K01","0","","1.0","1118.0","1","N","N","N","0","","1","0","1","0","0","N","1105","2","1","1","0","0","0","0","2","0","2","0","0","0","3","03","","N","","","","","","","","","",""
"2020050908","1725","1","0","0","0","0","0","0","0","0","4","0","","67","6","2020","2","40.070473","-75.155211","1725","6","0","0","0","0","0","0","0","0","","0","0","0","17","1","1","N","3","0","40 04:13.704","","0","75 09:18.759","4","0","0","0","67301","0","0","0","N","0","0","0","2","67301","1","","1.0","","1","N","N","N","0","","0","0","2","3","3","","1712","3","1","0","0","0","0","0","2","0","3","0","0","0","3","03","","N","","","","","","","","","",""
"2020051992","2102","1","0","0","1","0","0","0","0","0","8","0","","67","6","2020","3","39.996611","-75.11325","2051","6","0","0","0","0","0","0","0","0","","0","0","0","20","3","1","","5","0","39 59:47.800","","1","75 06:47.700","3","0","0","0","67301","1","0","0","N","0","0","0","2","67301","0","","1.0","","1","N","N","N","0","","1","0","0","3","2","","2050","2","1","0","0","0","0","0","2","0","1","1","0","0","3","03","","N","","","","","","","","","",""
"2020059024","1247","4","0","0","0","0","0","0","0","0","1","0","","67","7","2020","6","39.976708","-75.119652","1247","6","0","0","0","0","1","1","1","0","","0","0","0","12","1","3","N","0","0","39 58:36.150","","0","75 07:10.748","3","0","0","0","67301","0","0","0","N","0","0","0","9","67301","0","","1.0","","9","N","N","N","0","","3","0","1","0","0","","1244","6","3","0","0","0","0","0","2","1","6","0","0","0","4","07","","N","","","","","","","","","",""
"2020060522","1635","0","0","0","0","0","0","0","0","0","5","0","","67","7","2020","7","39.932572","-75.230216","1635","6","0","0","0","0","0","0","0","0","","0","0","0","16","1","1","","1","0","39 55:57.258","","0","75 13:48.778","3","0","0","1","67301","0","0","0","N","0","0","0","1","67301","0","","1.0","","1","N","N","N","0","","1","0","1","3","2","","1635","3","1","0","0","0","0","0","2","0","2","0","0","0","3","03","","N","","","","","","","","","",""
"2020061623","0845","2","0","0","0","0","0","0","0","0","4","0","","67","7","2020","5","39.928626","-75.144728","0830","6","0","0","0","0","0","0","1","0","","0","0","0","7","1","2","","2","0","39 55:43.055","","0","75 08:41.019","2","0","0","0","67301","0","0","0","N","0","0","0","2","67301","0","","1.0","","1","N","N","N","0","","0","2","0","0","0","","740","2","2","0","0","0","0","0","2","0","2","0","0","0","3","","","N","","","","","","","","","",""
"2020052128","1540","1","0","0","0","0","0","0","0","0","4","0","","67","7","2020","6","40.050026","-75.096431","1530","6","0","0","0","0","0","0","0","0","","0","0","0","14","1","0","","1","0","40 03:00.093","","0","75 05:47.151","0","0","0","0","67301","0","0","0","N","0","0","0","2","67301","0","","1.0","","1","N","N","Y","0","","0","0","1","3","3","","1420","2","0","0","0","0","0","0","2","0","2","0","0","0","3","03","","N","","","","","","","","","",""
"2020055237","0205","0","0","0","0","0","0","0","0","0","4","0","","67","7","2020","3","39.990508","-75.140546","0203","6","0","0","0","0","0","0","0","0","","0","0","0","2","3","1","","1","0","39 59:25.828","","0","75 08:25.965","8","0","0","1","67301","0","0","0","N","0","0","0","2","67301","0","","1.0","","1","N","N","N","0","","0","0","0","3","2","","200","2","1","0","0","0","1","0","2","1","2","0","0","0","3","03","","N","","","","","","","","","",""