"CRN","ARRIVAL_TM","AUTOMOBILE_COUNT","BELTED_DEATH_COUNT","BELTED_SUSP_SERIOUS_INJ_COUNT","BICYCLE_COUNT","BICYCLE_DEATH_COUNT","BICYCLE_SUSP_SERIOUS_INJ_COUNT","BUS_COUNT","CHLDPAS_DEATH_COUNT","CHLDPAS_SUSP_SERIOUS_INJ_COUNT","COLLISION_TYPE","COMM_VEH_COUNT","CONS_ZONE_SPD_LIM","COUNTY","CRASH_MONTH","CRASH_YEAR","DAY_OF_WEEK","DEC_LATITUDE","DEC_LONGITUDE","DISPATCH_TM","DISTRICT","DRIVER_COUNT_16YR","DRIVER_COUNT_17YR","DRIVER_COUNT_18YR","DRIVER_COUNT_19YR","DRIVER_COUNT_20YR","DRIVER_COUNT_50_64YR","DRIVER_COUNT_65_74YR","DRIVER_COUNT_75PLUS","EST_HRS_CLOSED","FATAL_COUNT","HEAVY_TRUCK_COUNT","HORSE_BUGGY_COUNT","HOUR_OF_DAY","ILLUMINATION","INJURY_COUNT","INTERSECTION_RELATED","INTERSECT_TYPE","LANE_CLOSED","LATITUDE","LN_CLOSE_DIR","LOCATION_TYPE","LONGITUDE","MAX_SEVERITY_LEVEL","MCYCLE_DEATH_COUNT","MCYCLE_SUSP_SERIOUS_INJ_COUNT","MOTORCYCLE_COUNT","MUNICIPALITY","NONMOTR_COUNT","NONMOTR_DEATH_COUNT","NONMOTR_SUSP_SERIOUS_INJ_COUNT","NTFY_HIWY_MAINT","PED_COUNT","PED_DEATH_COUNT","PED_SUSP_SERIOUS_INJ_COUNT","PERSON_COUNT","POLICE_AGCY","POSSIBLE_INJ_COUNT","RDWY_SURF_TYPE_CD","RELATION_TO_ROAD","ROADWAY_CLEARED","ROAD_CONDITION","SCH_BUS_IND","SCH_ZONE_IND","SECONDARY_CRASH","SMALL_TRUCK_COUNT","SPEC_JURIS_CD","SUSP_MINOR_INJ_COUNT","SUSP_SERIOUS_INJ_COUNT","SUV_COUNT","TCD_FUNC_CD","TCD_TYPE","TFC_DETOUR_IND","TIME_OF_DAY","TOTAL_UNITS","TOT_INJ_COUNT","UNBELTED_OCC_COUNT","UNB_DEATH_COUNT","UNB_SUSP_SERIOUS_INJ_COUNT","UNK_INJ_DEG_COUNT","UNK_INJ_PER_COUNT","URBAN_RURAL","VAN_COUNT","VEHICLE_COUNT","VULNERABLE_ROAD_USER_COUNT","VULNERABLE_ROAD_USER_DEATH_COUNT","VULNERABLE_ROAD_USER_SER_INJ_COUNT","WEATHER1","WEATHER2","WORKERS_PRES","WORK_ZONE_IND","WORK_ZONE_LOC","WORK_ZONE_TYPE","WZ_CLOSE_DETOUR","WZ_FLAGGER","WZ_LAW_OFFCR_IND","WZ_LN_CLOSURE","WZ_MOVING","WZ_OTHER","WZ_SHLDER_MDN","WZ_WORKERS_INJ_KILLED"
"2020105741","0936","0","0","0","0","0","0","0","0","0","8","0","","67","12","2020","2","40.038428","-75.036185","0928","6","0","0","0","0","0","0","0","0","","0","0","0","9","1","1","","1","0","40 02:18.342","","0","75 02:10.265","3","0","0","0","67301","1","0","0","N","1","0","0","1","67301","0","","1.0","","1","N","N","N","0","","1","0","0","3","2","","912","2","1","0","0","0","0","0","2","0","1","1","0","0","3","03","","N","","","","","","","","","",""
"2020058816","1142","2","0","0","0","0","0","0","0","0","5","0","","67","7","2020","7","39.942443","-75.142945","1127","6","0","0","0","0","0","0","0","0","","0","0","0","11","1","2","N","0","1","39 56:32.793","1","0","75 08:34.601","3","0","0","0","67301","0","0","0","N","0","0","0","4","68K01","0","","1.0","1250.0","1","N","N","N","0","","2","0","0","0","0","N","1126","2","2","0","0","0","0","0","2","0","2","0","0","0","3","","","N","","","","","","","","","",""
"2020105379","0117","0","0","0","0","0","0","0","0","0","1","0","","67","12","2020","7","39.949283","-75.14188","0117","6","0","0","0","0","0","0","0","0","","0","0","0","1","3","2","N","0","2","39 56:57.417","2","0","75 08:30.769","4","0","0","0","67301","0","0","0","N","0","0","0","2","68K01","2","","1.0","210.0","9","N","N","Y","0","","0","0","2","0","0","N","117","2","2","0","0","0","0","0","2","0","2","0","0","0","7","","","N","","","","","","","","","",""
"2020059018","1842","0","0","0","1","0","0","0","0","0","8","0","","67","7","2020","7","39.930545","-75.149757","1842","6","0","0","0","0","0","0","0","0","","0","0","0","18","1","1","","5","0","39 55:49.962","","0","75 08:59.125","3","0","0","0","67301","1","0","0","N","0","0","0","2","67301","0","","1.0","","1","N","N","N","0","","1","0","0","3","2","","1842","2","1","0","0","0","0","0","2","1","1","1","0","0","3","03","","N","","","","","","","","","",""
"2020104513","1236","0","0","0","0","0","0","0","0","0","4","0","","67","12","2020","5","39.970146","-75.237445","1235","6","0","0","0","0","0","1","0","0","","0","1","0","12","1","2","","1","0","39 58:12.525","","0","75 14:14.801","3","0","0","0","67301","0","0","0","N","0","0","0","3","67301","0","","1.0","","1","N","N","N","1","","2","0","0","3","2","","1233","2","2","1","0","0","0","0","2","0","2","0","0","0","3","03","","N","","","","","","","","","",""
"2020060539","1745","1","0","0","0","0","0","0","0","0","4","0","","67","7","2020","2","39.953763","-75.236423","1737","6","0","0","0","1","1","0","0","0","","0","0","0","17","1","1","","1","0","39 57:13.546","","0","75 14:11.122","3","0","0","0","67301","0","0","0","N","0","0","0","2","67301","0","","1.0","","1","N","N","N","0","","1","0","1","3","3","","1735","2","1","0","0","0","0","0","2","0","2","0","0","0","3","","","N","","","","","","","","","",""
"2020052201","0037","1","0","0","0","0","0","0","0","0","4","0","","67","7","2020","7","40.04902","-75.157977","0034","6","0","0","0","0","0","1","0","0","","0","0","0","0","3","3","","2","2","40 02:56.471","7","0","75 09:28.717","3","0","0","0","67301","0","0","0","N","0","0","0","4","67301","0","","1.0","130.0","1","N","N","N","0","","2","0","1","3","3","Y","10","2","3","2","0","0","1","1","2","0","2","0","0","0","3","03","","N","","","","","","","","","",""
"2020051473","1542","1","0","0","0","0","0","0","0","0","4","0","","67","6","2020","3","39.95901","-75.173959","1540","6","0","0","0","0","0","0","0","0","","0","0","0","14","1","0","","1","0","39 57:32.436","","0","75 10:26.254","0","0","0","0","67301","0","0","0","N","0","0","0","2","67301","0","","1.0","","1","N","N","N","0","","0","0","1","3","2","","1412","2","0","0","0","0","0","0","2","0","2","0","0","0","3","","","N","","","","","","","","","",""
"2020051135","1310","0","0","0","0","0","0","0","0","0","1","0","","67","6","2020","2","39.978975","-75.26827","1305","6","0","0","0","0","0","0","0","0","","0","0","0","13","1","0","","2","0","39 58:44.310","","0","75 16:05.772","0","0","0","0","67301","0","0","0","N","0","0","0","2","67301","0","","1.0","","1","N","N","N","0","","0","0","2","3","2","","1300","2","0","0","0","0","0","0","2","0","2","0","0","0","3","03","","N","","","","","","","","","",""
"2020096057","1434","0","0","0","0","0","0","0","0","0","1","0","","67","11","2020","2","39.926635","-75.235585","1422","6","0","0","0","0","0","1","0","0","","0","0","0","12","1","1","","1","0","39 55:35.885","","0","75 14:08.106","3","0","0","0","67301","0","0","0","N","0","0","0","1","67301","0","","1.0","","1","N","N","N","0","","1","0","2","3","2","","1241","2","1","0","0","0","0","0","2","0","2","0","0","0","3","","","N","","","","","","","","","",""
"2020052198","2300","0","0","0","0","0","0","0","0","0","4","1","","67","7","2020","6","40.020931","-75.139972","2300","6","0","0","0","0","0","0","0","0","","0","1","0","18","4","1","","1","0","40 01:15.350","","0","75 08:23.900","8","0","0","0","67301","0","0","0","N","0","0","0","2","67301","0","","1.0","","99","N","N","N","0","","0","0","1","3","2","","1850","2","1","0","0","0","1","1","2","0","2","0","0","0","4","04","","N","","","","","","","","","",""
"2020094825","0500","0","0","0","0","0","0","0","0","0","5","1","","67","11","2020","7","39.895999","-75.249329","0449","6","0","0","0","0","0","1","0","0","","0","1","0","4","3","0","N","0","0","39 53:45.595","","0","75 14:57.584","0","0","0","0","67301","0","0","0","N","0","0","0","2","67301","0","","1.0","","1","N","N","N","0","","0","0","1","0","0","","413","2","0","1","0","0","0","0","2","0","2","0","0","0","3","03","","N","","","","","","","","","",""
"2020052359","0213","1","0","0","0","0","0","0","0","0","1","0","","67","7","2020","4","39.967322","-75.2097","0208","6","0","0","0","0","0","0","0","0","","0","0","0","1","3","0","N","0","0","39 58:02.360","","0","75 12:34.920","9","0","0","0","67301","0","0","0","N","0","0","0","1","67301","0","","6.0","","1","N","N","N","0","","0","0","2","0","0","","144","3","0","0","0","0","0","1","2","0","3","0","0","0","3","","","N","","","","","","","","","",""
"2020061133","2312","1","0","0","0","0","0","0","0","0","7","0","","67","7","2020","5","39.983984","-75.208313","2253","6","0","0","0","0","0","0","0","0","","0","0","0","22","3","1","N","0","0","39 59:02.343","","0","75 12:29.925","4","0","0","0","67301","0","0","0","N","0","0","0","1","68K01","1","","4.0","","9","N","N","N","0","","0","0","0","0","0","","2253","1","1","1","0","0","0","0","2","0","1","0","0","0","7","","","N","","","","","","","","","",""
"2020060862","1215","2","0","0","0","0","0","0","0","0","4","0","","67","7","2020","6","40.00468","-75.152126","1210","6","0","0","0","0","0","0","0","0","","0","0","0","12","1","0","","1","0","40 00:16.847","","0","75 09:07.652","9","0","0","0","67301","0","0","0","N","0","0","0","6","67505","0","","1.0","","1","N","N","Y","0","","0","0","0","3","2","","1208","3","0","0","0","0","0","2","2","1","3","0","0","0","3","03","","N","","","","","","","","","",""
"2020060515","0145","1","0","0","0","0","0","0","0","0","5","0","","67","7","2020","4","39.948542","-75.177283","0136","6","0","0","0","0","0","0","0","0","","0","0","0","1","3","0","N","0","0","39 56:54.750","","0","75 10:38.220","0","0","0","0","67301","0","0","0","N","0","0","0","1","67301","0","","6.0","","1","N","N","N","0","","0","0","2","0","0","","135","3","0","0","0","0","0","0","2","0","3","0","0","0","3","03","","N","","","","","","","","","",""
"2020060523","1934","1","0","0","0","0","0","0","0","0","4","0","","67","7","2020","7","39.915932","-75.245269","1933","6","0","0","0","0","0","0","0","0","","0","0","0","19","4","1","","2","0","39 54:57.355","","0","75 14:42.969","3","0","0","1","67301","0","0","0","N","0","0","0","2","67301","0","","1.0","","1","N","N","Y","0","","1","0","0","0","0","","1925","2","1","0","0","0","0","0","2","0","2","0","0","0","3","03","","N","","","","","","","","","",""
"2020051373","2332","1","0","0","0","0","0","0","0","0","4","0","","67","6","2020","3","40.022833","-75.148284","2331","6","0","0","0","0","0","0","0","1","","0","0","0","23","3","4","","5","2","40 01:22.197","5","0","75 08:53.823","3","0","0","0","67301","0","0","0","N","0","0","0","5","67301","3","","1.0","58.0","1","N","N","N","0","","1","0","2","3","2","Y","2322","3","4","0","0","0","0","1","2","0","3","0","0","0","3","","","N","","","","","","","","","",""
"2020109214","1200","0","0","0","0","0","0","0","0","0","8","0","","67","12","2020","3","39.989772","-75.10391","1200","6","0","0","0","0","0","0","0","0","","0","0","0","18","3","1","","2","0","39 59:23.180","","0","75 06:14.076","3","0","0","0","67301","1","0","0","N","1","0","0","1","67301","0","","1.0","","99","N","N","N","1","","1","0","0","9","2","","1830","2","1","0","0","0","0","0","2","0","1","1","0","0","99","03","","N","","","","","","","","","",""
"2020052264","1338","1","0","0","0","0","0","0","0","0","7","0","","67","7","2020","4","40.017276","-75.173615","1331","6","0","0","0","0","0","0","0","0","","0","0","0","13","1","1","N","0","1","40 01:02.193","2","0","75 10:25.013","3","0","0","0","67301","0","0","0","N","0","0","0","1","67301","0","","3.0","1400.0","1","N","N","N","0","","1","0","0","0","0","N","1331","1","1","0","0","0","0","0","2","0","1","0","0","0","3","","","N","","","","","","","","","",""
"2020104882","1532","0","0","0","0","0","0","0","0","0","8","0","","67","12","2020","6","40.044501","-75.053894","1528","6","0","0","0","0","0","0","0","0","","0","0","0","15","1","1","N","0","0","40 02:40.202","","0","75 03:14.017","3","0","0","0","67301","1","0","0","N","1","0","0","1","67301","0","","2.0","","9","N","N","N","0","","1","0","1","0","0","","1508","2","1","0","0","0","0","0","2","0","1","1","0","0","7","07","","N","","","","","","","","","",""
"2020060547","2059","0","0","0","0","0","0","0","0","0","7","0","","67","7","2020","2","39.984169","-75.166492","2046","6","0","0","0","0","0","0","0","0","","0","0","0","20","3","1","N","0","0","39 59:03.010","","0","75 09:59.370","8","0","0","0","67301","0","0","0","N","0","0","0","1","67301","0","","4.0","","1","N","N","N","0","","0","0","1","0","0","","2045","1","1","1","0","0","1","0","2","0","1","0","0","0","3","03","","N","","","","","","","","","",""
"2020060538","0027","4","0","0","0","0","0","0","0","0","4","0","","67","7","2020","2","39.95551","-75.238056","0026","6","0","0","0","0","0","0","0","0","","0","0","0","0","3","0","","1","0","39 57:19.836","","0","75 14:17.001","0","0","0","0","67301","0","0","0","N","0","0","0","2","67301","0","","1.0","","1","N","N","N","0","","0","0","1","3","3","","26","5","0","1","0","0","0","0","2","0","5","0","0","0","3","03","","N","","","","","","","","","",""
"2020051134","1210","0","0","0","0","0","0","0","0","0","8","0","","67","6","2020","2","39.977683","-75.266236","1208","6","0","0","0","0","0","1","0","0","","0","0","0","12","1","1","N","0","0","39 58:39.660","","0","75 15:58.451","2","0","0","0","67301","1","0","1","N","1","0","1","2","67301","0","","1.0","","1","N","N","N","0","","0","1","1","0","0","","1206","2","1","0","0","0","0","0","2","0","1","1","0","1","3","03","","N","","","","","","","","","",""
"2020054280","1044","1","0","0","0","0","0","0","0","0","8","0","","67","7","2020","7","40.039047","-75.144609","1042","6","0","0","0","0","0","0","0","0","","0","0","0","10","1","1","","1","2","40 02:20.569","1","0","75 08:40.591","2","0","0","0","67301","1","0","1","N","1","0","1","2","67301","0","","1.0","1100.0","1","N","N","N","0","","0","1","0","3","2","N","1040","2","1","0","0","0","0","0","2","0","1","1","0","1","3","","","N","","","","","","","","","",""
"2020045267","2114","1","0","0","1","0","0","0","0","0","8","0","","67","6","2020","3","40.077344","-75.179208","2108","6","0","0","0","0","0","0","0","0","","0","0","0","20","3","1","N","0","0","40 04:38.440","","0","75 10:45.150","3","0","0","0","67301","1","0","0","N","0","0","0","2","67301","0","","1.0","","1","N","N","N","0","","1","0","0","0","0","","2046","2","1","1","0","0","0","0","2","0","1","1","0","0","3","03","","N","","","","","","","","","",""
"2020048078","1800","1","0","0","0","0","0","0","0","0","4","0","","67","6","2020","5","40.01889","-75.140438","1751","6","0","0","0","0","0","1","0","0","","0","0","0","17","1","1","","1","2","40 01:08.004","5","0","75 08:25.576","3","0","0","0","67301","0","0","0","N","0","0","0","3","67301","0","","1.0","2046.0","1","N","N","Y","0","","1","0","2","3","2","Y","1736","3","1","0","0","0","0","0","2","0","3","0","0","0","3","03","","N","","","","","","","","","",""
"2020044245","0256","1","0","0","0","0","0","0","0","0","7","0","","67","6","2020","7","39.981169","-75.206786","0256","6","0","0","0","1","0","0","0","0","","0","0","0","2","2","0","N","0","0","39 58:52.207","","0","75 12:24.430","0","0","0","0","67301","0","0","0","N","0","0","0","2","68K01","0","","2.0","","9","N","N","N","0","","0","0","0","0","0","","254","1","0","0","0","0","0","0","2","0","1","0","0","0","7","","","N","","","","","","","","","",""
"2020052961","1140","0","0","0","0","0","0","0","0","0","8","0","","67","6","2020","2","40.020554","-75.116263","1128","6","0","0","0","0","0","0","0","0","","0","0","0","11","1","1","","1","0","40 01:13.994","","0","75 06:58.546","3","0","0","0","67301","1","0","0","N","1","0","0","2","67301","0","","1.0","","1","N","N","N","0","","1","0","0","3","2","","1125","2","1","0","0","0","0","0","2","0","1","1","0","0","3","03","","N","","","","","","","","","",""
"2020050582","1540","0","0","0","0","0","0","0","0","0","8","0","","67","6","2020","1","40.118361","-75.016167","1531","6","0","0","0","0","0","0","0","0","","0","0","0","15","1","1","N","0","0","40 07:06.100","","7","75 00:58.200","3","0","0","0","67301","1","0","0","N","1","0","0","2","67301","0","","1.0","","1","N","N","N","0","","1","0","0","3","3","","1525","2","1","0","0","0","0","0","2","1","1","1","0","0","3","","","N","","","","","","","","","",""
"2020055149","1720","1","0","0","0","0","0","0","0","0","4","0","","67","7","2020","2","39.958684","-75.239414","1719","6","0","0","0","0","1","1","0","0","","0","0","0","17","1","3","","1","0","39 57:31.261","","0","75 14:21.889","3","0","0","0","67301","0","0","0","N","0","0","0","3","67301","0","","1.0","","1","N","N","N","0","","3","0","1","3","2","","1718","2","3","0","0","0","0","0","2","0","2","0","0","0","3","","","N","","","","","","","","","",""
"2020052197","2330","0","0","0","0","0","0","0","0","0","4","0","","67","7","2020","6","40.042437","-75.082689","2325","6","0","0","0","0","1","1","0","0","","0","0","0","23","3","2","","1","0","40 02:32.772","","0","75 04:57.681","3","0","0","0","67301","0","0","0","N","0","0","0","2","67301","0","","1.0","","1","N","N","N","0","","2","0","2","3","2","","2315","2","2","0","0","0","0","0","2","0","2","0","0","0","3","03","","N","","","","","","","","","",""
"2020088083","0957","1","0","0","0","0","0","0","0","0","7","0","","67","10","2020","3","40.012219","-75.147258","0952","6","0","0","0","0","1","0","0","0","","0","0","0","9","1","2","N","0","0","40 00:43.990","","3","75 08:50.130","3","0","0","0","67301","0","0","0","N","0","0","0","2","67301","0","","5.0","","9","N","N","N","0","","2","0","0","0","0","","949","1","2","2","0","0","0","0","2","0","1","0","0","0","7","04","","N","","","","","","","","","",""
"2020048298","0617","1","0","1","0","0","0","0","0","0","4","0","","67","6","2020","4","39.95844","-75.237444","0613","6","0","0","0","0","0","1","0","0","","0","0","0","6","1","5","","1","2","39 57:30.385","4","0","75 14:14.799","2","0","0","0","67301","0","0","0","N","0","0","0","5","67301","1","","1.0","750.0","1","N","N","N","0","","3","1","2","3","2","Y","606","3","5","0","0","0","0","0","2","0","3","0","0","0","3","03","","N","","","","","","","","","",""
"2020091424","1934","2","0","0","0","0","0","1","0","0","4","1","","67","10","2020","4","40.053112","-75.13777","1933","6","0","0","0","0","0","0","0","0","","0","0","0","19","3","3","","1","0","40 03:11.203","","0","75 08:15.971","3","0","0","0","67301","1","0","0","N","1","0","0","4","67301","0","","1.0","","1","N","N","N","0","","3","0","0","3","2","","1933","4","3","0","0","0","0","0","2","0","3","1","0","0","3","03","","N","","","","","","","","","",""
"2020087343","2214","1","0","0","0","0","0","0","0","0","8","0","","67","10","2020","4","40.014961","-75.134567","2212","6","0","0","0","0","0","0","0","0","","1","0","0","22","3","0","N","0","0","40 00:53.860","","0","75 08:04.440","1","0","0","0","67301","1","1","0","N","1","1","0","2","67301","0","1","1.0","","1","N","N","N","0","0","0","0","0","0","0","","2210","2","0","0","0","0","0","1","2","0","1","1","1","0","3","03","","N","","","","","","","","","",""
"2020054823","0421","4","0","0","0","0","0","0","0","0","5","0","","67","7","2020","7","40.007826","-75.140237","0420","6","0","0","0","0","0","0","0","0","","0","0","0","4","3","1","N","0","0","40 00:28.172","","0","75 08:24.852","3","0","0","0","67301","0","0","0","N","0","0","0","1","67301","0","","6.0","","1","N","N","N","1","","1","0","0","0","0","","415","5","1","0","0","0","0","0","2","0","5","0","0","0","3","03","","N","","","","","","","","","",""
"2020044504","1458","1","0","0","0","0","0","0","0","0","4","0","","67","6","2020","1","39.937097","-75.226661","1458","6","0","0","0","1","0","0","0","0","","0","0","0","14","1","0","","1","2","39 56:13.549","6","0","75 13:35.979","0","0","0","0","67301","0","0","0","N","0","0","0","2","67301","0","","1.0","1548.0","1","N","N","N","0","","0","0","1","0","0","Y","1453","2","0","0","0","0","0","0","2","0","2","0","0","0","3","03","","N","","","","","","","","","",""
"2020087333","1138","0","0","0","0","0","0","0","0","0","8","0","","67","10","2020","1","40.075449","-75.080162","1130","6","0","0","0","0","0","0","0","1","","0","0","0","11","1","1","","2","0","40 04:31.618","","0","75 04:48.583","3","0","0","0","67301","1","0","0","N","1","0","0","2","67301","0","","1.0","","1","N","N","N","0","","1","0","1","3","8","","1115","2","1","1","0","0","0","0","2","0","1","1","0","0","3","03","","N","","","","","","","","","",""
"2020089801","","2","0","0","0","0","0","0","0","0","4","0","","67","7","2020","6","39.911326","-75.242828","","6","0","0","0","0","0","1","0","0","","0","0","0","20","3","0","","5","0","39 54:40.772","","0","75 14:34.179","0","0","0","0","67301","0","0","0","N","0","0","0","2","00000","0","","1.0","","1","","","N","0","","0","0","0","3","2","","2030","2","0","0","0","0","0","0","2","0","2","0","0","0","3","","","N","","","","","","","","","",""
"2020058420","1939","2","0","0","0","0","0","0","0","0","1","0","","67","7","2020","5","39.894555","-75.229568","1933","6","0","0","0","0","0","0","0","0","","0","0","0","17","4","0","N","2","0","39 53:40.398","","0","75 13:46.445","9","0","0","0","67301","0","0","0","N","0","0","0","2","67301","0","","1.0","","1","N","N","N","0","","0","0","0","3","2","","1740","2","0","0","0","0","0","1","2","0","2","0","0","0","3","03","","N","","","","","","","","","",""
"2020051273","0841","1","0","0","0","0","0","0","0","0","4","0","","67","6","2020","2","40.027194","-75.151242","0841","6","0","0","0","0","0","0","0","0","","0","0","0","8","1","0","","1","0","40 01:37.898","","0","75 09:04.471","0","0","0","0","67301","0","0","0","N","0","0","0","2","67301","0","","1.0","","1","N","N","N","0","","0","0","1","3","2","","835","2","0","0","0","0","0","0","2","0","2","0","0","0","3","","","N","","","","","","","","","",""
"2020056367","0703","1","0","0","0","0","0","0","0","0","4","0","","67","7","2020","1","39.962266","-75.171262","0701","6","0","0","0","0","0","0","0","0","","0","0","0","7","1","2","","1","2","39 57:44.157","6","0","75 10:16.543","3","0","0","0","67301","0","0","0","N","0","0","0","2","39301","1","","1.0","730.0","1","N","N","N","0","","1","0","1","3","3","Y","700","2","2","0","0","0","0","0","2","0","2","0","0","0","3","04","","N","","","","","","","","","",""
"2020096059","1416","0","0","0","0","0","0","0","0","0","6","1","","67","11","2020","5","40.006486","-75.087864","1411","6","0","0","0","0","0","1","0","0","","0","1","0","13","1","0","Y","0","1","40 00:23.350","6","0","75 05:16.310","0","0","0","0","67301","0","0","0","N","0","0","0","5","67301","0","","1.0","1730.0","1","N","N","N","1","","0","0","2","3","2","Y","1344","5","0","5","0","0","0","0","2","1","5","0","0","0","3","03","","N","","","","","","","","","",""
"2020052866","0214","1","0","0","0","0","0","0","0","0","7","0","","67","7","2020","7","39.900482","-75.155746","0208","6","0","0","0","0","0","0","0","0","","0","0","0","2","3","2","N","0","1","39 54:01.734","1","3","75 09:20.686","8","0","0","0","67301","0","0","0","N","0","0","0","2","68K01","0","","4.0","237.0","1","N","N","N","0","","0","0","0","0","0","N","207","1","2","0","0","0","2","0","2","0","1","0","0","0","3","03","","N","","","","","","","","","",""
"2020051996","1624","1","0","0","0","0","0","0","0","0","7","0","","67","7","2020","5","40.005474","-75.106482","1624","6","0","0","0","0","0","0","0","0","","0","0","0","16","1","1","N","0","2","40 00:19.706","4","0","75 06:23.335","4","0","0","0","67301","0","0","0","N","0","0","0","1","67301","1","","4.0","1645.0","1","N","N","N","0","","0","0","0","0","0","Y","1600","1","1","1","0","0","0","0","2","0","1","0","0","0","3","03","","N","","","","","","","","","",""
"2020095934","1833","1","0","0","0","0","0","0","0","0","8","0","","67","11","2020","3","40.064472","-75.160688","1830","6","0","0","0","0","0","0","0","0","","0","0","0","18","3","1","","1","0","40 03:52.100","","0","75 09:38.478","3","0","0","0","67301","1","0","0","N","1","0","0","1","67301","0","","5.0","","1","N","N","N","0","","1","0","0","3","2","","1825","2","1","0","0","0","0","0","2","0","1","1","0","0","3","03","","N","","","","","","","","","",""
"2020053606","0940","0","0","0","0","0","0","0","0","0","4","0","","67","7","2020","6","40.057977","-75.052698","0935","6","0","0","0","0","0","0","1","0","","0","0","0","9","1","6","","1","1","40 03:28.718","5","0","75 03:09.712","3","0","0","0","67301","4","0","0","N","4","0","0","7","67301","0","","1.0","1200.0","1","N","N","N","0","","3","0","2","3","2","N","930","6","6","0","0","0","3","0","2","0","2","4","0","0","3","03","","N","","","","","","","","","",""
"2020064965","1130","0","0","0","0","0","0","0","0","0","8","0","","67","7","2020","4","39.960626","-75.22473","1121","6","0","0","0","0","0","1","0","0","","0","0","0","11","1","1","N","0","0","39 57:38.254","","0","75 13:29.029","4","0","0","0","67301","1","0","0","N","1","0","0","2","67301","1","","6.0","","1","N","N","N","1","","0","0","0","0","0","","1118","2","1","0","0","0","0","0","2","0","1","1","0","0","4","04","","N","","","","","","","","","",""
"2020052334","2142","1","0","0","0","0","0","0","0","0","8","0","","67","7","2020","7","39.963363","-75.187417","2140","6","0","0","0","0","0","0","0","0","","0","0","0","21","3","1","","1","0","39 57:48.108","","0","75 11:14.701","8","0","0","0","67301","1","0","0","N","0","0","0","2","67507","0","","1.0","","1","","","N","0","","0","0","0","3","2","","2130","2","1","0","0","0","1","0","2","0","1","1","0","0","3","","","N","","","","","","","","","",""
"2020051995","1425","1","0","0","0","0","0","0","0","0","4","0","","67","7","2020","5","39.993331","-75.100303","1423","6","0","0","0","0","0","1","0","0","","0","0","0","14","1","3","","1","0","39 59:35.991","","0","75 06:01.091","3","0","0","0","67301","0","0","0","N","0","0","0","4","67301","0","","1.0","","1","N","N","N","0","","3","0","1","3","3","","1410","2","3","1","0","0","0","0","2","0","2","0","0","0","3","03","","N","","","","","","","","","",""
"2020050961","0411","1","0","0","0","0","0","0","0","0","5","0","","67","6","2020","1","39.965539","-75.143714","0407","6","0","0","0","0","0","0","0","0","","0","0","0","4","3","0","N","0","2","39 57:55.940","3","0","75 08:37.370","0","0","0","0","67301","0","0","0","N","0","0","0","1","67301","0","","6.0","440.0","1","N","N","N","0","","0","0","2","0","0","Y","400","3","0","0","0","0","0","0","2","0","3","0","0","0","3","03","","N","","","","","","","","","",""
"2020099832","2004","1","0","0","0","0","0","0","0","0","7","0","","67","11","2020","6","40.00468","-75.152126","2003","6","0","0","0","0","0","0","0","1","","0","0","0","20","3","1","N","1","0","40 00:16.847","","0","75 09:07.652","3","0","0","0","67301","0","0","0","N","0","0","0","2","67505","0","","5.0","","1","N","N","N","0","","1","0","0","0","0","N","2003","1","1","0","0","0","0","0","2","0","1","0","0","0","3","02","","N","","","","","","","","","",""
"2020045046","0345","0","0","0","0","0","0","0","0","0","7","0","","67","6","2020","6","39.991977","-75.20197","0345","6","0","1","0","0","0","0","0","0","","0","0","0","3","3","0","N","0","1","39 59:31.118","4","0","75 12:07.091","0","0","0","0","67301","0","0","0","N","0","0","0","1","68K01","0","","2.0","430.0","9","N","N","N","0","","0","0","1","0","0","N","341","1","0","0","0","0","0","0","2","0","1","0","0","0","7","","","N","","","","","","","","","",""
"2020087789","0222","1","0","0","0","0","0","0","0","0","7","0","","67","10","2020","6","40.017918","-75.064558","0217","6","0","0","0","0","0","0","0","0","","1","0","0","2","3","1","N","0","2","40 01:04.505","5","0","75 03:52.410","1","0","0","0","67301","1","0","0","N","1","0","0","2","67301","0","2","4.0","505.0","1","N","N","N","0","0","1","0","0","0","0","Y","210","2","1","0","0","0","0","0","2","0","1","1","0","0","3","03","","N","","","","","","","","","",""
"2020086648","1320","0","0","0","0","0","0","0","0","0","1","0","","67","10","2020","6","40.00825","-75.202403","1304","6","0","0","0","0","0","0","0","1","","0","0","0","13","1","0","N","0","0","40 00:29.701","","0","75 12:08.649","0","0","0","0","67301","0","0","0","N","0","0","0","2","68K01","0","","1.0","","1","N","N","N","0","","0","0","2","0","0","","1301","2","0","0","0","0","0","0","2","0","2","0","0","0","3","","","N","","","","","","","","","",""
"2020094441","0115","1","0","0","0","0","0","0","0","0","5","0","","67","11","2020","1","39.950383","-75.228928","0105","6","0","0","0","0","0","0","0","0","","0","0","0","1","3","0","N","0","0","39 57:01.380","","0","75 13:44.140","0","0","0","0","67301","0","0","0","N","0","0","0","1","67301","0","","6.0","","1","N","N","N","0","","0","0","0","0","0","","100","2","0","1","0","0","0","0","2","1","2","0","0","0","3","03","","N","","","","","","","","","",""