"CRN","ARRIVAL_TM","AUTOMOBILE_COUNT","BELTED_DEATH_COUNT","BELTED_SUSP_SERIOUS_INJ_COUNT","BICYCLE_COUNT","BICYCLE_DEATH_COUNT","BICYCLE_SUSP_SERIOUS_INJ_COUNT","BUS_COUNT","CHLDPAS_DEATH_COUNT","CHLDPAS_SUSP_SERIOUS_INJ_COUNT","COLLISION_TYPE","COMM_VEH_COUNT","CONS_ZONE_SPD_LIM","COUNTY","CRASH_MONTH","CRASH_YEAR","DAY_OF_WEEK","DEC_LATITUDE","DEC_LONGITUDE","DISPATCH_TM","DISTRICT","DRIVER_COUNT_16YR","DRIVER_COUNT_17YR","DRIVER_COUNT_18YR","DRIVER_COUNT_19YR","DRIVER_COUNT_20YR","DRIVER_COUNT_50_64YR","DRIVER_COUNT_65_74YR","DRIVER_COUNT_75PLUS","EST_HRS_CLOSED","FATAL_COUNT","HEAVY_TRUCK_COUNT","HORSE_BUGGY_COUNT","HOUR_OF_DAY","ILLUMINATION","INJURY_COUNT","INTERSECTION_RELATED","INTERSECT_TYPE","LANE_CLOSED","LATITUDE","LN_CLOSE_DIR","LOCATION_TYPE","LONGITUDE","MAX_SEVERITY_LEVEL","MCYCLE_DEATH_COUNT","MCYCLE_SUSP_SERIOUS_INJ_COUNT","MOTORCYCLE_COUNT","MUNICIPALITY","NONMOTR_COUNT","NONMOTR_DEATH_COUNT","NONMOTR_SUSP_SERIOUS_INJ_COUNT","NTFY_HIWY_MAINT","PED_COUNT","PED_DEATH_COUNT","PED_SUSP_SERIOUS_INJ_COUNT","PERSON_COUNT","POLICE_AGCY","POSSIBLE_INJ_COUNT","RDWY_SURF_TYPE_CD","RELATION_TO_ROAD","ROADWAY_CLEARED","ROAD_CONDITION","SCH_BUS_IND","SCH_ZONE_IND","SECONDARY_CRASH","SMALL_TRUCK_COUNT","SPEC_JURIS_CD","SUSP_MINOR_INJ_COUNT","SUSP_SERIOUS_INJ_COUNT","SUV_COUNT","TCD_FUNC_CD","TCD_TYPE","TFC_DETOUR_IND","TIME_OF_DAY","TOTAL_UNITS","TOT_INJ_COUNT","UNBELTED_OCC_COUNT","UNB_DEATH_COUNT","UNB_SUSP_SERIOUS_INJ_COUNT","UNK_INJ_DEG_COUNT","UNK_INJ_PER_COUNT","URBAN_RURAL","VAN_COUNT","VEHICLE_COUNT","VULNERABLE_ROAD_USER_COUNT","VULNERABLE_ROAD_USER_DEATH_COUNT","VULNERABLE_ROAD_USER_SER_INJ_COUNT","WEATHER1","WEATHER2","WORKERS_PRES","WORK_ZONE_IND","WORK_ZONE_LOC","WORK_ZONE_TYPE","WZ_CLOSE_DETOUR","WZ_FLAGGER","WZ_LAW_OFFCR_IND","WZ_LN_CLOSURE","WZ_MOVING","WZ_OTHER","WZ_SHLDER_MDN","WZ_WORKERS_INJ_KILLED"
"2020089174","2347","1","0","0","0","0","0","0","0","0","1","0","","67","10","2020","6","39.955906","-75.191449","2344","6","0","0","0","0","0","0","0","0","","0","0","0","21","3","0","","1","0","39 57:21.261","","0","75 11:29.218","0","0","0","0","67301","0","0","0","N","0","0","0","3","67507","0","","1.0","","1","N","N","N","0","","0","0","1","3","2","","2149","2","0","0","0","0","0","0","2","0","2","0","0","0","3","","","N","","","","","","","","","",""
"2020051990","1532","2","0","0","0","0","0","0","0","0","8","0","","67","6","2020","2","39.996778","-75.112917","1532","6","0","0","0","0","0","1","0","0","","0","0","0","15","1","3","Y","0","0","39 59:48.400","","1","75 06:46.500","2","0","0","0","67301","2","0","2","N","2","0","2","7","67301","0","","1.0","","1","N","N","N","0","","1","2","2","3","2","","1532","6","3","0","0","0","0","0","2","0","4","2","0","2","3","","","N","","","","","","","","","",""
"2020052421","2240","2","0","0","0","0","0","0","0","0","4","0","","67","7","2020","7","39.983209","-75.156937","2240","6","0","0","0","0","0","0","0","0","","0","0","0","22","3","3","","1","2","39 58:59.553","2","0","75 09:24.974","3","0","0","0","67301","0","0","0","N","0","0","0","3","67301","0","","1.0","10.0","1","N","N","N","0","","3","0","0","3","2","Y","2240","2","3","0","0","0","0","0","2","0","2","0","0","0","3","","","N","","","","","","","","","",""
"2020096992","2015","2","0","0","0","0","0","0","0","0","5","0","","67","11","2020","5","39.973013","-75.159031","2015","6","0","0","0","0","0","0","0","0","","0","0","0","20","3","0","N","0","0","39 58:22.846","","0","75 09:32.512","0","0","0","0","67301","0","0","0","N","0","0","0","1","67301","0","","1.0","","9","N","N","N","0","","0","0","0","0","0","","2005","2","0","0","0","0","0","0","2","0","2","0","0","0","7","07","","N","","","","","","","","","",""
"2020053202","0756","0","0","0","0","0","0","0","0","0","5","0","","67","6","2020","2","39.956694","-75.143583","0750","6","0","0","0","0","0","0","1","0","","0","0","0","7","1","0","","3","2","39 57:24.100","2","2","75 08:36.900","0","0","0","0","67301","0","0","0","Y","0","0","0","2","68K01","0","","7.0","840.0","1","N","N","N","0","","0","0","2","0","0","Y","742","2","0","0","0","0","0","0","2","0","2","0","0","0","3","","","N","","","","","","","","","",""
"2020052604","2051","1","0","0","0","0","0","0","0","0","5","0","","67","7","2020","7","39.981883","-75.163756","2050","6","0","0","0","0","0","1","0","0","","0","0","0","20","3","0","N","0","2","39 58:54.780","1","0","75 09:49.520","0","0","0","0","67301","0","0","0","N","0","0","0","1","67301","0","","6.0","2210.0","1","N","N","N","0","","0","0","1","0","0","Y","2049","3","0","0","0","0","0","0","2","1","3","0","0","0","3","03","","N","","","","","","","","","",""
"2020094520","1926","0","0","0","1","0","0","0","0","0","8","1","","67","11","2020","6","39.952128","-75.161449","1925","6","0","0","0","0","0","1","0","0","","0","1","0","19","3","1","","1","1","39 57:07.661","7","0","75 09:41.216","4","0","0","0","67301","1","0","0","N","0","0","0","2","67301","1","","1.0","1235.0","1","N","N","N","0","","0","0","0","3","2","N","1925","2","1","0","0","0","0","0","2","0","1","1","0","0","3","03","","N","","","","","","","","","",""
"2020057209","1314","1","0","0","0","0","0","0","0","0","7","0","","67","6","2020","1","39.954566","-75.14099","1304","6","0","0","0","0","0","0","0","0","","0","0","0","13","1","0","N","0","0","39 57:16.439","","8","75 08:27.564","0","0","0","0","67301","0","0","0","N","0","0","0","1","68K01","0","","4.0","","1","N","N","N","0","","0","0","0","0","0","","1301","1","0","0","0","0","0","0","2","0","1","0","0","0","3","","","N","","","","","","","","","",""
"2020101960","0138","2","0","0","0","0","0","0","0","0","8","0","","67","11","2020","6","40.047853","-75.158053","0133","6","0","0","0","0","0","0","0","0","","0","0","0","1","3","2","N","0","2","40 02:52.270","7","0","75 09:28.990","2","0","0","0","67301","1","0","1","N","1","0","1","2","67301","0","","2.0","300.0","1","N","N","N","1","","1","1","0","0","0","Y","132","4","2","1","0","0","0","0","2","0","3","1","0","1","3","","","N","","","","","","","","","",""
"2020051927","1305","1","0","0","0","0","0","0","0","0","4","0","","67","7","2020","6","40.004704","-75.152241","1300","6","0","1","0","0","0","1","0","0","","0","0","0","12","1","1","N","1","0","40 00:16.936","","0","75 09:08.069","8","0","0","0","67301","0","0","0","N","0","0","0","2","67505","0","","1.0","","1","N","N","N","0","","0","0","1","3","2","","1258","2","1","1","0","0","1","0","2","0","2","0","0","0","3","04","","N","","","","","","","","","",""
"2020052262","0103","2","0","0","0","0","0","0","0","0","4","0","","67","6","2020","3","40.000412","-75.168177","0056","6","0","0","0","0","1","0","0","0","","0","0","0","0","3","1","","1","2","40 00:01.483","7","0","75 10:05.437","3","0","0","0","67301","0","0","0","N","0","0","0","2","67301","0","","1.0","134.0","1","N","N","N","0","","1","0","0","3","2","Y","50","2","1","0","0","0","0","0","2","0","2","0","0","0","3","","","N","","","","","","","","","",""
"2020095931","1844","1","0","0","0","0","0","0","0","0","7","0","","67","11","2020","2","39.928189","-75.180633","1842","6","0","0","0","0","0","0","0","0","","0","0","0","18","3","0","N","0","0","39 55:41.480","","0","75 10:50.280","0","0","0","0","67301","0","0","0","N","0","0","0","1","67301","0","","5.0","","1","N","N","N","0","","0","0","1","0","0","","1840","2","0","0","0","0","0","0","2","0","2","0","0","0","3","","","N","","","","","","","","","",""
"2020095831","0739","1","0","0","0","0","0","0","0","0","1","0","","67","10","2020","1","39.998694","-75.08104","0738","6","0","0","0","0","0","1","0","0","","0","0","0","7","1","0","N","0","0","39 59:55.298","","0","75 04:51.743","0","0","0","0","67301","0","0","0","N","0","0","0","2","68K01","0","","1.0","","1","N","N","N","0","","0","0","0","0","0","","735","2","0","0","0","0","0","0","2","1","2","0","0","0","3","","","N","","","","","","","","","",""
"2020095851","1801","2","0","0","0","0","0","0","0","0","1","0","","67","10","2020","7","40.036644","-75.015149","1742","6","0","0","0","1","0","0","0","0","","0","0","0","17","1","0","N","0","0","40 02:11.919","","0","75 00:54.537","0","0","0","0","67301","0","0","0","N","0","0","0","2","68K01","0","","1.0","","1","N","N","N","0","","0","0","0","0","0","","1741","2","0","0","0","0","0","0","2","0","2","0","0","0","3","03","","N","","","","","","","","","",""
"2020087598","","1","0","0","0","0","0","0","0","0","4","0","","67","8","2020","2","39.882056","-75.229825","","6","0","0","0","0","0","1","0","0","","0","0","0","18","1","1","N","0","0","39 52:55.400","","0","75 13:47.370","8","0","0","0","67301","0","0","0","N","0","0","0","2","00000","0","","1.0","","1","","","N","0","","0","0","0","0","0","","1810","2","1","0","0","0","1","0","2","0","2","0","0","0","3","","","N","","","","","","","","","",""
"2020053451","0157","0","0","0","0","0","0","0","0","0","0","0","","67","7","2020","7","39.919211","-75.210881","0157","6","0","0","0","0","0","0","0","0","","0","0","0","1","3","0","N","0","1","39 55:09.160","2","0","75 12:39.170","9","0","0","0","67301","0","0","0","N","0","0","0","1","67301","0","","1.0","204.0","1","N","N","N","0","","0","0","0","0","0","N","157","1","0","0","0","0","0","1","2","1","1","0","0","0","3","04","","N","","","","","","","","","",""
"2020044705","1315","0","0","0","0","0","0","0","0","0","4","0","","67","6","2020","2","40.094954","-75.015435","1306","6","0","1","0","0","0","0","0","0","","0","0","0","13","1","1","","1","1","40 05:41.833","2","0","75 00:55.566","8","0","0","0","67301","0","0","0","N","0","0","0","2","67301","0","","1.0","1445.0","1","N","N","Y","0","","0","0","2","3","2","N","1300","2","1","0","0","0","1","0","2","0","2","0","0","0","3","","","N","","","","","","","","","",""
"2020086898","0408","0","0","0","0","0","0","0","0","0","8","0","","67","10","2020","2","39.957439","-75.2019","0402","6","0","0","0","0","0","0","0","0","","0","0","0","1","3","1","N","0","0","39 57:26.780","","0","75 12:06.840","3","0","0","0","67301","1","0","0","N","1","0","0","2","67301","0","","1.0","","9","N","N","N","0","","1","0","1","0","0","","145","2","1","1","0","0","0","0","2","0","1","1","0","0","7","","","N","","","","","","","","","",""
"2020050336","1600","1","0","0","1","0","0","0","0","0","8","0","","67","6","2020","4","39.956321","-75.211461","1545","6","0","0","0","0","0","0","0","0","","0","0","0","12","1","1","","2","0","39 57:22.755","","0","75 12:41.259","8","0","0","0","67301","1","0","0","N","0","0","0","2","67301","0","","1.0","","1","N","N","N","0","","0","0","0","0","0","","1200","2","1","0","0","0","1","1","2","0","1","1","0","0","3","03","","N","","","","","","","","","",""
"2020087642","","1","0","0","0","0","0","0","0","0","1","0","","67","8","2020","4","39.978909","-75.118562","","6","0","0","0","0","0","0","0","0","","0","0","0","22","3","1","","5","0","39 58:44.072","","0","75 07:06.822","8","0","0","0","67301","0","0","0","N","0","0","0","4","00000","0","","1.0","","1","N","N","N","0","","0","0","1","3","2","","2215","2","1","0","0","0","1","0","2","0","2","0","0","0","3","","","N","","","","","","","","","",""
"2020087331","1700","2","0","0","0","0","0","0","0","0","7","0","","67","10","2020","4","39.921203","-75.175286","1700","6","0","0","0","0","0","0","0","1","","0","0","0","15","1","2","N","0","0","39 55:16.330","","0","75 10:31.030","3","0","0","0","67301","0","0","0","N","0","0","0","2","67301","0","","4.0","","1","N","N","N","0","","2","0","0","3","2","","1530","2","2","0","0","0","0","0","2","0","2","0","0","0","3","03","","N","","","","","","","","","",""
"2020100301","1644","2","0","0","0","0","0","0","0","0","5","0","","67","11","2020","2","39.985919","-75.093055","1639","6","0","0","0","1","0","0","0","0","","0","0","0","16","1","1","N","0","0","39 59:09.309","","0","75 05:34.997","3","0","0","0","67301","0","0","0","N","0","0","0","2","68K01","0","","1.0","","1","N","N","N","0","","1","0","0","3","8","","1636","2","1","0","0","0","0","0","2","0","2","0","0","0","3","03","","N","","","","","","","","","",""
"2020058809","1338","0","0","0","0","0","0","0","0","0","7","0","","67","7","2020","5","39.982433","-75.100336","1330","6","0","0","0","0","0","0","0","0","","0","0","0","13","1","0","N","0","2","39 58:56.758","2","0","75 06:01.211","0","0","0","0","67301","0","0","0","N","0","0","0","2","68K01","0","","4.0","15.0","1","N","N","N","1","","0","0","0","0","0","N","1328","1","0","0","0","0","0","0","2","0","1","0","0","0","3","","","N","","","","","","","","","",""
"2020055840","2145","2","0","0","0","0","0","0","0","0","4","0","","67","7","2020","4","40.005999","-75.151956","2143","6","0","0","0","0","0","1","0","0","","0","0","0","21","3","0","N","0","0","40 00:21.595","","0","75 09:07.043","0","0","0","0","67301","0","0","0","N","0","0","0","2","67505","0","","1.0","","1","N","N","N","0","","0","0","0","0","0","","2143","2","0","0","0","0","0","0","2","0","2","0","0","0","3","03","","N","","","","","","","","","",""
"2020096776","1440","1","0","0","0","0","0","0","0","0","4","0","","67","11","2020","4","39.935008","-75.235243","1440","6","0","0","0","0","0","1","0","0","","0","0","0","14","1","1","","1","2","39 56:06.028","3","0","75 14:06.874","3","0","0","0","67301","0","0","0","N","0","0","0","2","67301","0","","1.0","1443.0","9","N","N","N","0","","1","0","1","3","2","Y","1440","2","1","2","0","0","0","0","2","0","2","0","0","0","7","04","","N","","","","","","","","","",""
"2020053205","1850","2","0","0","0","0","0","0","0","0","1","0","","67","6","2020","2","39.958965","-75.170526","1847","6","0","0","0","0","0","1","0","0","","0","0","0","18","1","5","N","0","2","39 57:32.273","4","0","75 10:13.892","3","0","0","0","67301","0","0","0","N","0","0","0","6","68K01","3","","1.0","45.0","1","N","N","N","0","","2","0","0","0","0","N","1846","2","5","0","0","0","0","0","2","0","2","0","0","0","3","","","N","","","","","","","","","",""
"2020094833","1253","1","0","0","0","0","0","0","0","0","1","1","","67","11","2020","5","39.977031","-75.193395","1253","6","0","0","0","0","0","2","0","0","","0","1","0","12","1","0","N","0","0","39 58:37.310","","0","75 11:36.221","0","0","0","0","67301","0","0","0","N","0","0","0","4","67301","0","","1.0","","1","N","N","N","0","","0","0","0","0","0","","1249","3","0","0","0","0","0","0","2","1","3","0","0","0","3","03","","N","","","","","","","","","",""
"2020054128","1236","2","0","0","0","0","0","0","0","0","4","0","","67","7","2020","7","39.917522","-75.236976","1230","6","0","0","0","0","0","0","0","0","","0","0","0","12","1","3","N","0","0","39 55:03.080","","7","75 14:13.115","8","0","0","0","67301","0","0","0","N","0","0","0","3","67301","0","","1.0","","1","N","N","N","0","","0","0","0","0","0","","1213","3","3","0","0","0","3","0","2","1","3","0","0","0","3","03","","N","","","","","","","","","",""
"2020051347","1745","0","0","0","0","0","0","1","0","0","5","1","","67","6","2020","1","40.015306","-75.135139","1730","6","1","0","0","0","0","0","0","0","","0","0","0","17","1","3","N","0","2","40 00:55.100","1","0","75 08:06.500","8","0","0","1","67301","0","0","0","N","0","0","0","4","67508","0","","1.0","2030.0","1","N","N","N","0","","0","0","0","0","0","Y","1730","2","3","0","0","0","3","0","2","0","2","0","0","0","3","","","N","","","","","","","","","",""
"2020055370","2241","2","0","0","0","0","0","0","0","0","1","0","","67","7","2020","4","39.88175","-75.245611","2226","6","0","0","0","0","0","0","0","0","","0","0","0","22","3","3","","3","0","39 52:54.300","","0","75 14:44.200","3","0","0","0","67301","0","0","0","N","0","0","0","3","68K01","0","","1.0","","1","N","N","N","0","","3","0","0","0","0","","2208","2","3","0","0","0","0","0","2","0","2","0","0","0","3","03","","N","","","","","","","","","",""
"2020045495","2242","1","0","0","0","0","0","0","0","0","4","0","","67","6","2020","3","40.047169","-75.031772","2242","6","0","0","0","0","0","0","0","0","","0","0","0","22","3","0","N","0","0","40 02:49.809","","0","75 01:54.380","0","0","0","0","67301","0","0","0","N","0","0","0","2","67301","0","","1.0","","1","N","N","N","0","","0","0","1","0","0","","2232","2","0","1","0","0","0","0","2","0","2","0","0","0","3","03","","N","","","","","","","","","",""
"2020052060","1155","2","0","0","0","0","0","0","0","0","1","0","","67","6","2020","7","39.957011","-75.156082","1155","6","0","0","0","0","0","0","0","0","","0","0","0","11","1","0","N","0","1","39 57:25.240","3","0","75 09:21.895","0","0","0","0","67301","0","0","0","N","0","0","0","3","68K01","0","","1.0","1150.0","1","N","N","N","0","","0","0","1","0","0","N","1131","3","0","0","0","0","0","0","2","0","3","0","0","0","3","","","N","","","","","","","","","",""
"2020044501","1700","2","0","0","0","0","0","0","0","0","5","0","","67","6","2020","6","39.923567","-75.239428","1654","6","0","0","0","0","0","1","0","0","","0","0","0","16","1","0","N","0","0","39 55:24.840","","0","75 14:21.940","0","0","0","0","67301","0","0","0","N","0","0","0","1","67301","0","","6.0","","1","N","N","N","0","","0","0","0","0","0","","1650","3","0","0","0","0","0","0","2","1","3","0","0","0","3","03","","N","","","","","","","","","",""
"2020045703","1350","1","0","0","0","0","0","0","0","0","5","0","","67","6","2020","4","40.06255","-75.010058","1341","6","0","0","0","0","0","0","0","0","","0","0","0","13","1","1","N","0","0","40 03:45.180","","0","75 00:36.210","3","0","0","0","67301","0","0","0","N","0","0","0","1","67301","0","","6.0","","1","N","N","N","1","","1","0","1","0","0","","1341","3","1","1","0","0","0","0","2","0","3","0","0","0","3","03","","N","","","","","","","","","",""
"2020089457","0047","0","0","0","0","0","0","0","0","0","2","0","","67","10","2020","1","40.047212","-75.142841","0047","6","0","0","0","0","0","0","0","0","","0","0","0","0","3","0","N","0","0","40 02:49.964","","0","75 08:34.229","0","0","0","0","67301","0","0","0","N","0","0","0","0","67301","0","","4.0","","1","N","N","N","1","","0","0","1","0","0","","30","2","0","0","0","0","0","0","2","0","2","0","0","0","3","03","","N","","","","","","","","","",""
"2020090648","0930","2","0","0","0","0","0","0","0","0","4","0","","67","10","2020","3","39.99366","-75.152398","0920","6","0","0","0","0","0","0","1","0","","0","0","0","6","5","2","","1","0","39 59:37.177","","0","75 09:08.634","3","0","0","0","67301","0","0","0","N","0","0","0","3","67301","0","","1.0","","9","N","N","Y","0","","2","0","1","3","2","","654","3","2","0","0","0","0","0","2","0","3","0","0","0","3","03","","N","","","","","","","","","",""
"2020092314","0957","1","0","0","0","0","0","0","0","0","4","0","","67","10","2020","5","40.063438","-75.079544","0946","6","0","0","0","0","0","1","1","0","","0","0","0","9","1","1","","1","0","40 03:48.376","","0","75 04:46.358","3","0","0","0","67301","0","0","0","N","0","0","0","3","67301","0","","1.0","","9","N","N","N","0","","1","0","1","3","3","","912","2","1","0","0","0","0","0","2","0","2","0","0","0","7","","","N","","","","","","","","","",""
"2020112329","2215","2","0","0","0","0","0","0","0","0","4","0","","67","12","2020","4","39.917183","-75.246303","2206","6","0","0","0","0","0","0","0","0","","0","0","0","21","3","0","N","1","0","39 55:01.859","","0","75 14:46.691","9","0","0","0","67301","0","0","0","N","0","0","0","5","67301","0","","1.0","","1","N","N","N","0","","0","0","0","3","2","","2158","2","0","0","0","0","0","5","2","0","2","0","0","0","3","03","","N","","","","","","","","","",""
"2020095604","1945","1","0","0","0","0","0","0","0","0","1","0","","67","11","2020","6","39.999593","-75.107801","1945","6","0","0","0","0","0","0","0","0","","0","0","0","18","3","1","N","0","0","39 59:58.533","","0","75 06:28.082","2","0","1","1","67301","0","0","0","N","0","0","0","2","67301","0","","1.0","","1","N","N","N","0","","0","1","0","0","0","","1843","2","1","0","0","0","0","1","2","0","2","0","0","0","3","03","","N","","","","","","","","","",""
"2020096711","1139","2","0","0","0","0","0","0","0","0","5","0","","67","10","2020","5","40.013392","-75.057328","1132","6","0","0","0","0","0","0","0","0","","0","0","0","11","1","1","N","0","2","40 00:48.210","1","0","75 03:26.379","4","0","0","0","67301","0","0","0","N","0","0","0","2","68K01","1","","1.0","1144.0","9","N","N","N","0","","0","0","0","3","8","N","1131","2","1","0","0","0","0","0","2","0","2","0","0","0","7","","","N","","","","","","","","","",""
"2020059476","1512","4","0","0","0","0","0","0","0","0","1","0","45","67","7","2020","4","39.978128","-75.110734","1502","6","0","0","0","0","0","2","0","0","","0","0","0","15","1","0","N","0","2","39 58:41.262","1","0","75 06:38.642","0","0","0","0","67301","0","0","0","N","0","0","0","7","68K01","0","","1.0","30.0","1","N","N","N","0","","0","0","2","0","0","Y","1500","6","0","0","0","0","0","0","2","0","6","0","0","0","3","03","U","Y","4","1","","","N","","","Y","","N"
"2020052815","1645","1","0","0","0","0","0","0","0","0","8","0","","67","7","2020","7","39.99503","-75.163021","1632","6","0","0","0","0","0","0","0","0","","0","0","0","16","1","1","","5","0","39 59:42.107","","0","75 09:46.877","3","0","0","0","67301","1","0","0","N","1","0","0","2","67301","0","","1.0","","1","N","N","N","0","","1","0","0","3","2","","1629","2","1","0","0","0","0","1","2","0","1","1","0","0","3","","","N","","","","","","","","","",""
"2020051748","1846","1","0","0","0","0","0","0","0","0","8","0","","67","6","2020","3","40.022406","-75.044422","1840","6","0","0","0","0","0","0","0","0","","0","0","0","18","1","1","N","0","2","40 01:20.660","2","0","75 02:39.920","2","0","0","0","67301","1","0","1","N","1","0","1","3","67301","0","","1.0","1946.0","1","N","N","N","0","","0","1","0","0","0","N","1838","2","1","0","0","0","0","0","2","0","1","1","0","1","3","","","N","","","","","","","","","",""
"2020052605","1228","1","0","0","0","0","0","0","0","0","1","0","","67","7","2020","7","39.978691","-75.157926","1228","6","0","0","0","0","0","1","0","0","","0","0","0","19","1","1","","1","0","39 58:43.287","","0","75 09:28.532","3","0","0","0","67301","0","0","0","N","0","0","0","4","67301","0","","1.0","","1","N","N","N","0","","1","0","0","3","2","","1930","2","1","3","0","0","0","0","2","0","2","0","0","0","3","03","","N","","","","","","","","","",""
"2020052267","1910","0","0","0","0","0","0","0","0","0","5","0","","67","7","2020","6","40.016775","-75.175069","1908","6","0","0","0","0","0","1","0","0","","0","0","0","18","4","1","N","0","0","40 01:00.390","","0","75 10:30.250","8","0","0","1","67301","0","0","0","N","0","0","0","2","67301","0","","1.0","","1","N","N","N","0","","0","0","0","0","0","","1850","2","1","0","0","0","1","0","2","0","2","0","0","0","3","","","N","","","","","","","","","",""
"2020096712","1250","1","0","0","0","0","0","0","0","0","1","1","","67","10","2020","5","40.013394","-75.057322","1250","6","0","0","0","0","1","0","0","0","","0","1","0","12","1","0","N","0","1","40 00:48.220","1","0","75 03:26.359","0","0","0","0","67301","0","0","0","N","0","0","0","2","68K01","0","","1.0","1245.0","9","N","N","N","0","","0","0","0","3","8","N","1221","2","0","0","0","0","0","0","2","0","2","0","0","0","7","","","N","","","","","","","","","",""
"2020052505","1236","2","0","0","0","0","0","0","0","0","4","0","","67","7","2020","6","40.058432","-75.142176","1236","6","0","0","0","0","0","1","0","0","","0","0","0","12","1","3","","2","0","40 03:30.355","","0","75 08:31.833","3","0","0","0","67301","0","0","0","N","0","0","0","3","67301","0","","1.0","","1","N","N","N","0","","3","0","0","3","3","","1236","2","3","0","0","0","0","0","2","0","2","0","0","0","3","","","N","","","","","","","","","",""
"2020050697","1345","3","0","0","0","0","0","0","0","0","5","0","","67","6","2020","1","39.946263","-75.243576","1341","6","0","0","0","0","0","0","0","0","","0","0","0","13","1","0","N","0","0","39 56:46.546","","0","75 14:36.872","0","0","0","0","67301","0","0","0","N","0","0","0","3","67301","0","","6.0","","1","N","N","N","0","","0","0","0","0","0","","1325","4","0","0","0","0","0","0","2","0","3","0","0","0","3","03","","N","","","","","","","","","",""
"2020051863","2132","0","0","0","0","0","0","0","0","0","7","0","","67","7","2020","4","39.914972","-75.189861","2132","6","0","0","0","0","0","0","0","0","","0","0","0","21","3","0","N","0","0","39 54:53.900","","3","75 11:23.500","0","0","0","0","67301","0","0","0","N","0","0","0","1","67501","0","","4.0","","1","N","N","N","0","","0","0","1","0","0","","2125","1","0","0","0","0","0","0","2","0","1","0","0","0","3","","","N","","","","","","","","","",""
"2020065274","1422","0","0","0","0","0","0","0","0","0","3","0","","67","7","2020","6","39.970597","-75.214405","1418","6","0","0","0","0","0","0","0","0","","0","0","0","14","1","0","N","0","0","39 58:14.148","","0","75 12:51.859","0","0","0","0","67301","0","0","0","N","0","0","0","1","67301","0","","6.0","","1","N","N","N","0","","0","0","1","0","0","","1415","3","0","0","0","0","0","0","2","1","2","0","0","0","3","03","","N","","","","","","","","","",""
"2020096136","1106","1","0","0","0","0","0","0","0","0","5","0","","67","11","2020","1","39.976736","-75.197527","0106","6","0","0","0","1","0","0","0","0","","0","0","0","0","3","2","N","0","2","39 58:36.249","3","0","75 11:51.097","3","0","0","0","67301","0","0","0","N","0","0","0","2","68K01","0","","1.0","145.0","1","N","N","N","0","","2","0","1","0","0","N","59","2","2","0","0","0","0","0","2","0","2","0","0","0","3","03","","N","","","","","","","","","",""
"2020050568","1540","1","0","0","0","0","0","0","0","0","4","0","","67","6","2020","1","39.949028","-75.189861","1520","6","0","0","0","0","0","1","0","1","","0","0","0","15","1","0","N","0","0","39 56:56.500","","0","75 11:23.500","0","0","0","0","67301","0","0","0","N","0","0","0","2","67504","0","","1.0","","1","N","N","N","0","","0","0","1","0","0","","1500","2","0","0","0","0","0","0","2","0","2","0","0","0","99","98","","N","","","","","","","","","",""
"2020104723","0141","0","0","0","0","0","0","0","0","0","8","0","","67","12","2020","7","39.999125","-75.134008","0139","6","0","0","0","0","0","0","0","0","","1","0","0","1","3","0","N","0","0","39 59:56.851","","0","75 08:02.429","1","0","0","0","67301","1","1","0","N","1","1","0","2","67301","0","2","1.0","","9","N","N","N","0","0","0","0","0","0","0","","139","2","0","0","0","0","0","1","2","0","1","1","1","0","7","04","","N","","","","","","","","","",""
"2020061349","1214","2","0","0","0","0","0","0","0","0","4","0","","67","7","2020","5","40.011033","-75.104163","1214","6","0","0","0","0","0","0","0","0","","0","0","0","23","3","0","","1","0","40 00:39.717","","0","75 06:14.985","9","0","0","0","67301","0","0","0","N","0","0","0","3","67301","0","","1.0","","1","N","N","N","0","","0","0","0","3","2","","2347","2","0","0","0","0","0","2","2","0","2","0","0","0","3","03","","N","","","","","","","","","",""
"2020050957","1005","0","0","0","0","0","0","0","0","0","4","0","","67","6","2020","1","39.928803","-75.168779","0957","6","0","0","0","0","0","0","0","0","","0","0","0","9","1","1","N","0","0","39 55:43.690","","0","75 10:07.604","3","0","0","1","67301","0","0","0","N","0","0","0","2","67301","0","","1.0","","1","N","N","N","0","","1","0","1","0","0","","954","2","1","0","0","0","0","0","2","0","2","0","0","0","3","03","","N","","","","","","","","","",""
"2020052500","1246","2","0","0","0","0","0","0","0","0","4","0","","67","7","2020","7","40.011529","-75.069799","1245","6","0","0","0","0","0","0","0","0","","0","0","0","23","3","2","","1","0","40 00:41.506","","0","75 04:11.278","3","0","0","0","67301","0","0","0","N","0","0","0","4","67301","0","","1.0","","1","N","N","N","0","","2","0","0","3","2","","2353","2","2","0","0","0","0","0","2","0","2","0","0","0","3","","","N","","","","","","","","","",""
"2020051590","2221","0","0","0","0","0","0","0","0","0","4","0","","67","6","2020","2","39.97475","-75.19925","2219","6","0","0","0","0","0","0","0","0","","0","0","0","22","3","5","","1","0","39 58:29.100","","2","75 11:57.300","4","0","0","0","67301","0","0","0","N","0","0","0","5","67301","3","","1.0","","1","N","N","N","0","","0","0","2","3","2","","2210","2","5","0","0","0","2","0","2","0","2","0","0","0","3","","","N","","","","","","","","","",""