"CRN","ARRIVAL_TM","AUTOMOBILE_COUNT","BELTED_DEATH_COUNT","BELTED_SUSP_SERIOUS_INJ_COUNT","BICYCLE_COUNT","BICYCLE_DEATH_COUNT","BICYCLE_SUSP_SERIOUS_INJ_COUNT","BUS_COUNT","CHLDPAS_DEATH_COUNT","CHLDPAS_SUSP_SERIOUS_INJ_COUNT","COLLISION_TYPE","COMM_VEH_COUNT","CONS_ZONE_SPD_LIM","COUNTY","CRASH_MONTH","CRASH_YEAR","DAY_OF_WEEK","DEC_LATITUDE","DEC_LONGITUDE","DISPATCH_TM","DISTRICT","DRIVER_COUNT_16YR","DRIVER_COUNT_17YR","DRIVER_COUNT_18YR","DRIVER_COUNT_19YR","DRIVER_COUNT_20YR","DRIVER_COUNT_50_64YR","DRIVER_COUNT_65_74YR","DRIVER_COUNT_75PLUS","EST_HRS_CLOSED","FATAL_COUNT","HEAVY_TRUCK_COUNT","HORSE_BUGGY_COUNT","HOUR_OF_DAY","ILLUMINATION","INJURY_COUNT","INTERSECTION_RELATED","INTERSECT_TYPE","LANE_CLOSED","LATITUDE","LN_CLOSE_DIR","LOCATION_TYPE","LONGITUDE","MAX_SEVERITY_LEVEL","MCYCLE_DEATH_COUNT","MCYCLE_SUSP_SERIOUS_INJ_COUNT","MOTORCYCLE_COUNT","MUNICIPALITY","NONMOTR_COUNT","NONMOTR_DEATH_COUNT","NONMOTR_SUSP_SERIOUS_INJ_COUNT","NTFY_HIWY_MAINT","PED_COUNT","PED_DEATH_COUNT","PED_SUSP_SERIOUS_INJ_COUNT","PERSON_COUNT","POLICE_AGCY","POSSIBLE_INJ_COUNT","RDWY_SURF_TYPE_CD","RELATION_TO_ROAD","ROADWAY_CLEARED","ROAD_CONDITION","SCH_BUS_IND","SCH_ZONE_IND","SECONDARY_CRASH","SMALL_TRUCK_COUNT","SPEC_JURIS_CD","SUSP_MINOR_INJ_COUNT","SUSP_SERIOUS_INJ_COUNT","SUV_COUNT","TCD_FUNC_CD","TCD_TYPE","TFC_DETOUR_IND","TIME_OF_DAY","TOTAL_UNITS","TOT_INJ_COUNT","UNBELTED_OCC_COUNT","UNB_DEATH_COUNT","UNB_SUSP_SERIOUS_INJ_COUNT","UNK_INJ_DEG_COUNT","UNK_INJ_PER_COUNT","URBAN_RURAL","VAN_COUNT","VEHICLE_COUNT","VULNERABLE_ROAD_USER_COUNT","VULNERABLE_ROAD_USER_DEATH_COUNT","VULNERABLE_ROAD_USER_SER_INJ_COUNT","WEATHER1","WEATHER2","WORKERS_PRES","WORK_ZONE_IND","WORK_ZONE_LOC","WORK_ZONE_TYPE","WZ_CLOSE_DETOUR","WZ_FLAGGER","WZ_LAW_OFFCR_IND","WZ_LN_CLOSURE","WZ_MOVING","WZ_OTHER","WZ_SHLDER_MDN","WZ_WORKERS_INJ_KILLED"
"2020052147","0133","1","0","0","0","0","0","0","0","0","4","0","","67","7","2020","6","40.046514","-75.073039","0130","6","0","0","0","0","0","0","0","0","","0","0","0","1","3","1","","1","0","40 02:47.450","","0","75 04:22.940","3","0","0","0","67301","0","0","0","N","0","0","0","3","67301","0","","1.0","","1","N","N","N","0","","1","0","0","3","3","","130","2","1","0","0","0","0","0","2","0","2","0","0","0","3","","","N","","","","","","","","","",""
"2020052322","1755","1","0","0","0","0","0","0","0","0","1","0","","67","7","2020","7","40.0495","-75.160667","1754","6","0","0","0","0","0","1","0","0","","0","0","0","17","1","1","N","0","0","40 02:58.200","","0","75 09:38.400","3","0","0","0","67301","0","0","0","N","0","0","0","2","67301","0","","1.0","","1","N","N","N","0","","1","0","0","0","0","","1700","2","1","0","0","0","0","0","2","0","2","0","0","0","3","03","","N","","","","","","","","","",""
"2020051919","1647","1","0","0","0","0","0","0","0","0","4","0","","67","7","2020","5","40.079562","-75.200434","1645","6","0","0","0","0","0","0","0","0","","0","0","0","16","1","2","","1","0","40 04:46.424","","0","75 12:01.563","3","0","0","0","67301","0","0","0","N","0","0","0","5","67301","0","","1.0","","1","N","N","N","0","","2","0","1","3","2","","1633","2","2","0","0","0","0","1","2","0","2","0","0","0","3","03","","N","","","","","","","","","",""
"2020060575","0242","2","0","0","0","0","0","0","0","0","4","0","","67","7","2020","5","40.02415","-75.157097","0240","6","0","0","0","0","0","0","0","0","","0","0","0","2","3","0","","1","2","40 01:26.941","3","0","75 09:25.549","0","0","0","0","67301","0","0","0","N","0","0","0","2","67301","0","","1.0","325.0","1","N","N","N","0","","0","0","0","3","3","N","230","2","0","0","0","0","0","0","2","0","2","0","0","0","3","03","","N","","","","","","","","","",""
"2020063182","0742","0","0","0","0","0","0","0","0","0","7","0","","67","7","2020","7","39.889753","-75.240029","0723","6","0","0","0","0","0","0","1","0","","0","0","0","7","1","1","N","0","0","39 53:23.112","","0","75 14:24.103","3","0","0","0","67301","0","0","0","Y","0","0","0","1","68K01","0","","4.0","","1","N","N","N","0","","1","0","1","0","0","","720","1","1","0","0","0","0","0","2","0","1","0","0","0","3","","","N","","","","","","","","","",""
"2020052419","2351","2","0","0","0","0","0","0","0","0","5","0","","67","7","2020","7","40.070972","-75.157389","2350","6","0","0","0","0","0","0","0","0","","0","0","0","20","3","1","N","0","0","40 04:15.500","","0","75 09:26.600","3","0","0","0","67301","0","0","0","N","0","0","0","3","67301","0","","6.0","","1","N","N","N","0","","1","0","1","0","0","","2050","3","1","0","0","0","0","0","2","0","3","0","0","0","3","03","","N","","","","","","","","","",""
"2020097062","1125","1","0","0","0","0","0","0","0","0","1","0","","67","10","2020","7","39.958863","-75.169692","1119","6","0","0","0","0","0","0","0","0","","0","0","0","11","1","1","N","0","1","39 57:31.907","4","1","75 10:10.891","4","0","0","0","67301","0","0","0","N","0","0","0","3","68K01","1","","1.0","15.0","1","N","N","N","0","","0","0","1","0","0","N","1113","3","1","0","0","0","0","1","2","0","3","0","0","0","3","","","N","","","","","","","","","",""
"2020053539","1101","1","0","0","0","0","0","0","0","0","1","0","","67","6","2020","3","39.950438","-75.141656","1100","6","0","0","0","0","0","1","0","0","","0","0","0","10","1","0","N","0","1","39 57:01.577","2","0","75 08:29.963","0","0","0","0","67301","0","0","0","N","0","0","0","5","68K01","0","","1.0","1125.0","1","N","N","N","1","","0","0","2","0","0","N","1047","4","0","0","0","0","0","0","2","0","4","0","0","0","3","03","","N","","","","","","","","","",""
"2020050695","1933","0","0","0","0","0","0","0","0","0","7","0","","67","6","2020","1","40.060413","-75.084042","1926","6","0","0","0","0","0","0","0","0","","0","0","0","19","1","1","N","0","0","40 03:37.487","","0","75 05:02.552","3","0","0","0","67301","0","0","0","N","0","0","0","1","67301","0","","4.0","","1","N","N","N","0","","1","0","1","0","0","","1900","1","1","0","0","0","0","0","2","0","1","0","0","0","3","03","","N","","","","","","","","","",""
"2020052263","1053","1","0","0","0","0","0","0","0","0","4","0","","67","7","2020","4","40.00936","-75.168083","1053","6","0","0","0","0","0","0","0","0","","0","0","0","10","1","1","","3","1","40 00:33.697","4","0","75 10:05.099","8","0","0","0","67301","0","0","0","N","0","0","0","2","67301","0","","1.0","1120.0","1","N","N","N","0","","0","0","0","0","0","N","1050","2","1","0","0","0","1","0","2","1","2","0","0","0","3","03","","N","","","","","","","","","",""
"2020052892","0338","1","0","0","0","0","0","0","0","0","8","0","","67","7","2020","7","39.999302","-75.153294","0331","6","0","0","0","0","0","0","0","0","","0","0","0","3","3","1","","2","1","39 59:57.488","1","0","75 09:11.860","2","0","0","0","67301","1","0","1","N","1","0","1","2","67301","0","","1.0","445.0","1","N","N","N","0","","0","1","0","0","0","Y","310","2","1","0","0","0","0","0","2","0","1","1","0","1","3","98","","N","","","","","","","","","",""
"2020050784","1932","1","0","0","0","0","0","0","0","0","4","0","","67","6","2020","1","40.026503","-75.04216","1924","6","0","0","0","0","0","0","0","1","","0","0","0","19","1","0","","1","0","40 01:35.410","","0","75 02:31.777","0","0","0","0","67301","0","0","0","N","0","0","0","2","67301","0","","1.0","","1","N","N","N","1","","0","0","0","3","3","","1912","2","0","2","0","0","0","0","2","0","2","0","0","0","3","98","","N","","","","","","","","","",""
"2020085474","","2","0","0","0","0","0","0","0","0","4","0","","67","8","2020","2","39.923128","-75.231423","","6","0","0","0","0","0","0","0","0","","0","0","0","8","1","0","N","0","0","39 55:23.259","","0","75 13:53.122","0","0","0","0","67301","0","0","0","N","0","0","0","2","00000","0","","1.0","","1","","","N","0","","0","0","0","0","0","","830","2","0","0","0","0","0","0","2","0","2","0","0","0","3","","","N","","","","","","","","","",""
"2020050698","1520","1","0","0","0","0","0","0","0","0","8","0","","67","6","2020","1","39.990878","-75.11483","1514","6","0","0","0","0","0","0","0","0","","0","0","0","14","1","1","","2","0","39 59:27.161","","0","75 06:53.387","3","0","0","0","67301","1","0","0","N","1","0","0","2","67301","0","","1.0","","1","N","N","N","0","","1","0","0","3","2","","1400","2","1","0","0","0","0","0","2","0","1","1","0","0","3","03","","N","","","","","","","","","",""
"2020054272","1645","1","0","0","0","0","0","0","0","0","4","0","","67","6","2020","2","39.987682","-75.231093","1642","6","0","0","0","1","0","0","1","0","","0","0","0","16","1","0","","1","0","39 59:15.655","","0","75 13:51.934","0","0","0","0","67301","0","0","0","N","0","0","0","2","67301","0","","1.0","","1","N","N","N","1","","0","0","0","3","3","","1630","2","0","0","0","0","0","0","2","0","2","0","0","0","3","03","","N","","","","","","","","","",""
"2020056278","2200","1","0","0","0","0","0","0","0","0","4","0","","67","7","2020","1","39.98976","-75.117702","2200","6","0","0","0","0","0","0","1","0","","0","0","0","22","3","0","","1","0","39 59:23.135","","0","75 07:03.727","0","0","0","0","67301","0","0","0","N","0","0","0","2","67301","0","","1.0","","1","N","N","N","0","","0","0","1","3","2","","2200","2","0","1","0","0","0","0","2","0","2","0","0","0","3","03","","N","","","","","","","","","",""
"2020048749","2027","2","0","0","0","0","0","0","0","0","4","0","","67","6","2020","1","39.952184","-75.240772","2026","6","0","0","0","0","0","0","0","0","","0","0","0","19","1","1","","1","0","39 57:07.862","","0","75 14:26.779","3","0","0","0","67301","0","0","0","N","0","0","0","2","67301","0","","1.0","","1","N","N","N","0","","1","0","0","3","2","","1909","2","1","0","0","0","0","0","2","0","2","0","0","0","3","03","","N","","","","","","","","","",""
"2020089185","1814","2","0","0","0","0","0","0","0","0","4","0","","67","10","2020","5","40.04745","-75.158075","1800","6","0","0","0","0","0","1","0","0","","0","0","0","16","1","1","","2","9","40 02:50.819","","0","75 09:29.070","3","0","0","0","67301","0","0","0","N","0","0","0","3","67301","0","","1.0","","1","N","N","N","0","","1","0","0","3","2","","1600","2","1","0","0","0","0","1","2","0","2","0","0","0","3","03","","N","","","","","","","","","",""
"2020089007","1920","0","0","0","0","0","0","0","0","0","8","0","","67","10","2020","6","39.96666","-75.224877","1913","6","0","0","0","0","0","0","0","0","","1","0","0","19","4","0","N","1","9","39 57:59.976","","0","75 13:29.557","1","0","0","0","67301","1","1","0","N","0","0","0","2","67301","0","2","9.0","","1","N","N","N","0","0","0","0","0","3","2","","1910","2","0","0","0","0","0","1","2","0","1","1","1","0","3","","","N","","","","","","","","","",""
"2020087556","2338","2","0","0","0","0","0","0","0","0","2","0","","67","10","2020","7","40.015928","-75.129589","2335","6","0","0","0","0","0","0","0","0","","0","0","0","23","3","1","","3","0","40 00:57.340","","0","75 07:46.520","3","0","0","0","67301","0","0","0","N","0","0","0","2","67301","0","","1.0","","1","N","N","N","0","","1","0","0","3","2","","2335","2","1","0","0","0","0","0","2","0","2","0","0","0","3","03","","N","","","","","","","","","",""
"2020048755","1144","3","0","0","0","0","0","0","0","0","4","0","","67","6","2020","7","39.972953","-75.226117","1143","6","0","0","0","0","0","1","0","0","","0","0","0","11","1","1","","1","2","39 58:22.631","5","0","75 13:34.022","3","0","0","0","67301","0","0","0","N","0","0","0","2","67301","0","","1.0","1300.0","1","N","N","N","1","","1","0","0","3","2","Y","1142","4","1","0","0","0","0","0","2","0","4","0","0","0","3","03","","N","","","","","","","","","",""
"2020089848","1055","1","0","0","0","0","0","0","0","0","1","0","","67","10","2020","1","39.947088","-75.142279","1053","6","0","0","0","0","1","0","0","0","","0","0","0","10","1","4","N","0","0","39 56:49.518","","0","75 08:32.204","4","0","0","0","67301","0","0","0","N","0","0","0","4","68K01","4","","1.0","","1","N","N","N","0","","0","0","1","0","0","","1052","2","4","0","0","0","0","0","2","0","2","0","0","0","3","","","N","","","","","","","","","",""
"2020048072","1931","0","0","0","0","0","0","0","0","0","8","0","","67","6","2020","5","39.936089","-75.163332","1920","6","0","0","0","0","0","0","0","0","","0","0","0","18","1","1","","1","0","39 56:09.920","","6","75 09:47.995","3","0","0","0","67301","1","0","0","N","1","0","0","2","67301","0","","1.0","","1","N","N","N","0","","1","0","0","3","3","","1858","2","1","1","0","0","0","0","2","1","1","1","0","0","3","03","","N","","","","","","","","","",""
"2020047830","1407","2","0","0","0","0","0","0","0","0","1","0","","67","6","2020","5","39.959671","-75.247404","1406","6","0","0","1","0","0","0","0","0","","0","0","0","13","1","2","","2","0","39 57:34.816","","0","75 14:50.653","3","0","0","0","67301","0","0","0","N","0","0","0","2","67301","0","","1.0","","1","N","N","N","0","","2","0","0","3","1","","1331","2","2","0","0","0","0","0","2","0","2","0","0","0","3","","","N","","","","","","","","","",""
"2020047787","2343","1","0","0","0","0","0","0","0","0","7","0","45","67","6","2020","4","39.995694","-75.083284","2334","6","0","0","0","0","0","0","0","0","","0","0","0","23","3","1","N","0","0","39 59:44.500","","0","75 04:59.824","3","0","0","0","67301","0","0","0","N","0","0","0","1","68K01","0","","3.0","","1","N","N","N","0","","1","0","0","0","0","","2319","1","1","1","0","0","0","0","2","0","1","0","0","0","3","","Y","Y","8","2","N","N","N","N","Y","N","N","N"
"2020045216","2237","0","0","0","0","0","0","0","0","0","7","0","","67","6","2020","6","39.975589","-75.115447","2234","6","0","0","0","0","0","1","0","0","","0","0","0","22","2","1","N","0","2","39 58:32.119","1","0","75 06:55.608","8","0","0","0","67301","0","0","0","N","0","0","0","1","68K01","0","","2.0","2255.0","9","N","N","N","0","","0","0","0","0","0","N","2221","1","1","0","0","0","1","0","2","1","1","0","0","0","7","","","N","","","","","","","","","",""
"2020048756","0057","2","0","0","0","0","0","0","0","0","4","0","","67","6","2020","1","39.972115","-75.233642","0057","6","0","0","0","0","0","0","0","0","","0","0","0","23","3","2","","1","0","39 58:19.613","","0","75 14:01.111","3","0","0","0","67301","0","0","0","N","0","0","0","3","67301","0","","1.0","","1","N","N","N","0","","2","0","0","3","3","","2353","2","2","3","0","0","0","0","2","0","2","0","0","0","3","03","","N","","","","","","","","","",""
"2020087791","2115","0","0","0","0","0","0","0","0","0","8","0","","67","10","2020","5","39.971933","-75.248978","2110","6","0","0","0","0","0","0","0","0","","0","0","0","21","3","1","N","0","0","39 58:18.960","","0","75 14:56.320","3","0","0","0","67301","1","0","0","N","1","0","0","2","67301","0","","1.0","","1","N","N","N","1","","1","0","0","0","0","","2110","2","1","0","0","0","0","1","2","0","1","1","0","0","3","03","","N","","","","","","","","","",""
"2020050527","1520","1","0","0","0","0","0","0","0","0","7","0","","67","6","2020","1","39.966694","-75.187444","1520","6","0","0","0","1","0","0","0","0","","0","0","0","15","1","0","N","0","1","39 58:00.100","4","0","75 11:14.797","0","0","0","0","67301","0","0","0","N","0","0","0","1","68K01","0","","3.0","1525.0","1","N","N","N","0","","0","0","0","0","0","N","1520","1","0","1","0","0","0","0","2","0","1","0","0","0","3","03","","N","","","","","","","","","",""
"2020048715","1738","2","0","0","0","0","0","0","0","0","4","0","","67","6","2020","1","39.950005","-75.157075","1731","6","0","0","0","0","0","0","0","0","","0","0","0","17","1","1","","1","0","39 57:00.019","","0","75 09:25.469","2","0","0","0","67301","0","0","0","N","0","0","0","2","67301","0","","1.0","","1","N","N","N","0","","0","1","0","3","2","","1721","2","1","0","0","0","0","0","2","0","2","0","0","0","3","03","","N","","","","","","","","","",""
"2020047983","1100","2","0","0","0","0","0","0","0","0","4","0","","67","6","2020","5","39.935306","-75.226389","1057","6","0","0","0","0","0","1","0","0","","0","0","0","10","1","0","","1","0","39 56:07.100","","0","75 13:35.000","0","0","0","0","67301","0","0","0","N","0","0","0","2","67301","0","","1.0","","9","N","N","N","0","","0","0","0","3","3","","1055","2","0","0","0","0","0","0","2","0","2","0","0","0","7","04","","N","","","","","","","","","",""
"2020051372","0125","1","0","0","0","0","0","0","0","0","5","0","","67","6","2020","3","40.022522","-75.144817","0123","6","0","0","0","0","0","0","0","0","","0","0","0","22","3","0","N","0","0","40 01:21.080","","0","75 08:41.340","9","0","0","0","67301","0","0","0","N","0","0","0","2","67301","0","","6.0","","1","N","N","N","0","","0","0","1","0","0","","2250","2","0","0","0","0","0","1","2","0","2","0","0","0","3","","","N","","","","","","","","","",""
"2020052853","2357","1","0","0","0","0","0","0","0","0","1","0","","67","7","2020","5","39.962801","-75.183427","2357","6","0","0","0","0","0","0","0","0","","0","0","0","23","3","3","N","0","0","39 57:46.085","","0","75 11:00.336","3","0","0","0","67301","0","0","0","N","0","0","0","4","68K01","0","","1.0","","1","N","N","N","0","","3","0","1","0","0","","2345","2","3","0","0","0","0","0","2","0","2","0","0","0","3","03","","N","","","","","","","","","",""
"2020052135","2131","0","0","0","1","0","0","0","0","0","8","0","","67","7","2020","5","40.010483","-75.160772","2130","6","0","0","0","0","0","0","0","0","","0","0","0","21","3","1","","1","0","40 00:37.740","","0","75 09:38.779","8","0","0","0","67301","1","0","0","N","0","0","0","2","67301","0","","1.0","","1","N","N","N","0","","0","0","0","3","3","","2100","2","1","0","0","0","1","0","2","0","1","1","0","0","3","03","","N","","","","","","","","","",""
"2020050907","1628","1","0","0","0","0","0","0","0","0","1","0","","67","6","2020","1","39.918341","-75.182793","1618","6","0","0","0","0","0","1","1","0","","0","0","0","16","1","1","","2","0","39 55:06.027","","0","75 10:58.054","4","0","0","0","67301","0","0","0","N","0","0","0","3","67301","1","","1.0","","1","N","N","N","1","","0","0","1","3","2","","1616","3","1","1","0","0","0","0","2","0","3","0","0","0","3","","","N","","","","","","","","","",""
"2020054274","1629","3","0","0","0","0","0","0","0","0","4","0","","67","7","2020","5","39.968637","-75.233854","1628","6","0","0","0","0","0","0","0","0","","0","0","0","16","1","6","","1","0","39 58:07.093","","0","75 14:01.874","3","0","0","0","67301","0","0","0","N","0","0","0","7","67301","0","","1.0","","1","N","N","N","0","","5","0","0","3","2","","1628","3","6","0","0","0","1","1","2","0","3","0","0","0","3","03","","N","","","","","","","","","",""
"2020094479","2035","1","0","0","0","0","0","0","0","0","4","0","","67","11","2020","6","39.965831","-75.233904","2035","6","0","0","0","0","0","1","0","0","","0","0","0","20","3","0","","1","0","39 57:56.991","","0","75 14:02.054","0","0","0","0","67301","0","0","0","N","0","0","0","2","67301","0","","1.0","","1","N","N","N","0","","0","0","1","3","2","","2030","2","0","0","0","0","0","0","2","0","2","0","0","0","3","03","","N","","","","","","","","","",""
"2020050824","1740","0","0","0","0","0","0","0","0","0","8","0","","67","6","2020","2","39.95956","-75.19703","1737","6","0","0","0","0","0","0","1","0","","0","0","0","17","1","1","","1","1","39 57:34.415","4","0","75 11:49.307","2","0","0","0","67301","1","0","1","N","1","0","1","2","67504","0","","1.0","1800.0","1","","","Y","0","","0","1","1","3","2","N","1732","2","1","0","0","0","0","0","2","0","1","1","0","1","3","03","","N","","","","","","","","","",""
"2020045660","2115","1","0","0","0","0","0","0","0","0","5","0","","67","6","2020","6","40.036636","-75.014366","2108","6","0","0","0","0","0","0","0","0","","0","0","0","21","3","0","N","0","1","40 02:11.888","1","0","75 00:51.717","0","0","0","0","67301","0","0","0","N","0","0","0","2","68K01","0","","1.0","15.0","9","N","N","N","0","","0","0","1","0","0","N","2107","2","0","0","0","0","0","0","2","0","2","0","0","0","7","07","","N","","","","","","","","","",""
"2020087846","2020","1","0","0","0","0","0","0","0","0","1","0","","67","9","2020","4","39.963891","-75.184291","2007","6","0","0","0","0","0","0","0","0","","0","0","0","20","1","0","N","0","0","39 57:50.006","","0","75 11:03.446","0","0","0","0","67301","0","0","0","N","0","0","0","2","68K01","0","","1.0","","1","N","N","N","0","","0","0","1","0","0","","2001","2","0","0","0","0","0","0","2","0","2","0","0","0","3","03","","N","","","","","","","","","",""
"2020046297","1624","1","0","0","0","0","0","0","0","0","4","0","","67","6","2020","3","39.997997","-75.125411","1623","6","0","0","0","0","0","0","0","0","","0","0","0","16","3","0","","1","1","39 59:52.789","1","0","75 07:31.478","9","0","0","0","67301","0","0","0","N","0","0","0","7","67301","0","","1.0","1736.0","1","N","N","N","0","","0","0","1","3","2","Y","1620","2","0","0","0","0","0","6","2","0","2","0","0","0","3","03","","N","","","","","","","","","",""
"2020090775","0805","0","0","0","0","0","0","0","0","0","4","1","","67","10","2020","6","39.935874","-75.144768","0802","6","0","0","0","0","0","0","0","0","","0","1","0","8","1","0","N","0","0","39 56:09.148","","0","75 08:41.166","0","0","0","0","67301","0","0","0","N","0","0","0","2","68K01","0","","1.0","","9","N","N","N","1","","0","0","0","0","0","","801","2","0","1","0","0","0","0","2","0","2","0","0","0","7","","","N","","","","","","","","","",""
"2020081544","0149","3","0","0","0","0","0","0","0","0","6","0","","67","10","2020","6","40.054833","-75.180044","0149","6","0","0","0","0","0","0","0","0","","0","0","0","1","3","1","N","0","0","40 03:17.399","","0","75 10:48.160","2","0","0","0","67301","0","0","0","N","0","0","0","1","67301","0","","6.0","","9","N","N","N","0","","0","1","1","0","0","","149","4","1","0","0","0","0","0","2","0","4","0","0","0","7","07","","N","","","","","","","","","",""
"2020081735","2050","0","0","0","0","0","0","0","0","0","7","0","","67","10","2020","6","39.971359","-75.190115","2048","6","0","0","0","0","0","0","0","0","","0","0","0","20","3","1","N","0","2","39 58:16.892","5","0","75 11:24.415","3","0","0","0","67301","0","0","0","N","0","0","0","1","67301","0","","4.0","2136.0","1","N","N","N","0","","1","0","1","0","0","Y","2048","1","1","0","0","0","0","0","2","0","1","0","0","0","3","03","","N","","","","","","","","","",""
"2020089572","2005","2","0","0","0","0","0","0","0","0","4","0","","67","10","2020","7","39.957138","-75.214338","1958","6","0","0","0","1","0","0","0","0","","0","0","0","19","3","2","","1","0","39 57:25.696","","0","75 12:51.617","3","0","0","0","67301","0","0","0","N","0","0","0","4","67301","0","","1.0","","1","N","N","N","0","","2","0","0","3","2","","1953","2","2","0","0","0","0","0","2","0","2","0","0","0","3","03","","N","","","","","","","","","",""
"2020051994","1330","0","0","0","0","0","0","0","0","0","4","0","","67","7","2020","4","40.000319","-75.10646","1330","6","0","0","0","0","0","0","1","0","","0","0","0","17","1","1","","5","0","40 00:01.147","","1","75 06:23.257","4","0","0","0","67301","0","0","0","N","0","0","0","2","67301","1","","1.0","","1","N","N","N","0","","0","0","2","3","2","","1700","2","1","0","0","0","0","1","2","0","2","0","0","0","3","","","N","","","","","","","","","",""
"2020101164","0849","0","0","0","0","0","0","0","0","0","1","1","","67","11","2020","1","40.003513","-75.077401","0828","6","0","0","0","0","0","1","0","0","","0","1","0","8","1","2","N","6","1","40 00:12.647","2","0","75 04:38.645","4","0","0","0","67301","0","0","0","N","0","0","0","3","68K01","2","","1.0","30.0","1","N","N","Y","0","","0","0","1","0","0","N","826","2","2","0","0","0","0","0","2","0","2","0","0","0","3","","","N","","","","","","","","","",""
"2020096979","1035","2","0","0","0","0","0","0","0","0","4","0","","67","11","2020","3","39.90983","-75.186775","1030","6","0","0","0","0","0","0","0","0","","0","0","0","9","1","1","N","0","0","39 54:35.388","","0","75 11:12.391","3","0","0","0","67301","0","0","0","N","0","0","0","2","67301","0","","1.0","","1","N","N","N","0","","1","0","0","0","0","","901","2","1","0","0","0","0","0","2","0","2","0","0","0","3","03","","N","","","","","","","","","",""
"2020097063","1222","1","0","0","0","0","0","0","0","0","7","0","","67","10","2020","7","40.008896","-75.069036","1208","6","0","0","0","0","0","0","0","0","","0","0","0","12","1","1","N","0","1","40 00:32.026","2","0","75 04:08.530","4","0","0","0","67301","0","0","0","N","0","0","0","2","68K01","1","","4.0","1250.0","1","N","N","N","0","","0","0","0","0","0","N","1205","1","1","0","0","0","0","0","2","0","1","0","0","0","3","","","N","","","","","","","","","",""
"2020088000","0620","1","0","0","0","0","0","0","0","0","2","0","","67","10","2020","3","40.006922","-75.068388","0617","6","0","0","0","0","0","0","1","0","","0","0","0","6","3","1","N","2","0","40 00:24.918","","0","75 04:06.198","3","0","0","0","67301","0","0","0","N","0","0","0","2","67301","0","","1.0","","9","N","N","N","0","","1","0","1","0","0","","615","2","1","0","0","0","0","0","2","0","2","0","0","0","7","","","N","","","","","","","","","",""
"2020089265","0911","0","0","0","0","0","0","0","0","0","7","1","45","67","10","2020","4","40.011228","-75.061214","0859","6","0","0","0","0","0","0","0","0","","0","1","0","8","1","2","N","0","2","40 00:40.419","1","0","75 03:40.372","3","0","0","0","67301","0","0","0","N","0","0","0","2","68K01","1","","2.0","1110.0","1","N","N","N","0","","1","0","0","0","0","N","858","1","2","0","0","0","0","0","2","0","1","0","0","0","3","03","N","Y","4","1","","","N","Y","","","Y","N"
"2020054897","2007","2","0","0","0","0","0","0","0","0","7","0","","67","7","2020","7","39.921091","-75.173774","2004","6","0","0","0","0","0","1","0","0","","0","0","0","20","3","0","","1","0","39 55:15.927","","0","75 10:25.586","0","0","0","0","67301","0","0","0","N","0","0","0","1","67301","0","","4.0","","1","N","N","N","0","","0","0","0","3","2","","2001","2","0","0","0","0","0","0","2","0","2","0","0","0","3","03","","N","","","","","","","","","",""
"2020055505","1725","2","0","0","0","0","0","0","0","0","5","0","","67","7","2020","1","40.015951","-75.117379","1715","6","0","0","0","1","0","0","0","0","","0","0","0","17","1","0","","5","1","40 00:57.425","1","0","75 07:02.566","9","0","0","0","67301","0","0","0","N","0","0","0","2","67301","0","","1.0","1820.0","1","N","N","N","0","","0","0","0","0","0","N","1714","2","0","0","0","0","0","1","2","0","2","0","0","0","3","03","","N","","","","","","","","","",""
"2020051612","0616","2","0","0","0","0","0","0","0","0","4","0","","67","6","2020","3","40.044179","-75.053907","0614","6","0","0","0","0","0","0","0","0","","0","0","0","6","1","0","N","0","0","40 02:39.043","","7","75 03:14.064","0","0","0","0","67301","0","0","0","N","0","0","0","2","67301","0","","1.0","","1","N","N","N","0","","0","0","0","0","0","","603","2","0","0","0","0","0","0","2","0","2","0","0","0","3","03","","N","","","","","","","","","",""
"2020054276","1318","0","0","0","0","0","0","0","0","0","7","0","","67","7","2020","7","39.976506","-75.226754","1318","6","0","0","0","0","0","0","1","0","","0","0","0","11","1","0","N","0","0","39 58:35.421","","0","75 13:36.315","0","0","0","0","67301","0","0","0","N","0","0","0","1","67301","0","","5.0","","1","N","N","N","0","","0","0","1","0","0","","1130","1","0","0","0","0","0","0","2","0","1","0","0","0","3","03","","N","","","","","","","","","",""
"2020095850","1435","1","0","0","0","0","0","0","0","0","1","0","25","67","10","2020","7","39.946699","-75.188405","1420","6","0","0","0","0","0","0","0","0","","0","0","0","14","1","1","N","0","0","39 56:48.115","","0","75 11:18.257","4","0","0","0","67301","0","0","0","N","0","0","0","2","68K01","1","","1.0","","1","N","N","N","0","","0","0","1","0","0","","1419","2","1","0","0","0","0","0","2","0","2","0","0","0","3","03","Y","Y","2","1","N","N","N","Y","N","N","N","N"
"2020053535","2244","1","0","0","0","0","0","0","0","0","1","0","45","67","6","2020","2","40.020789","-75.042816","2244","6","0","0","0","0","0","0","0","0","","0","0","0","22","3","1","","6","0","40 01:14.842","","2","75 02:34.138","3","0","0","0","67301","0","0","0","N","0","0","0","2","68K01","0","","7.0","","9","N","N","N","1","","1","0","0","3","3","","2244","2","1","0","0","0","0","0","2","0","2","0","0","0","3","","N","Y","4","1","","","Y","Y","Y","","Y","N"