"CRN","ARRIVAL_TM","AUTOMOBILE_COUNT","BELTED_DEATH_COUNT","BELTED_SUSP_SERIOUS_INJ_COUNT","BICYCLE_COUNT","BICYCLE_DEATH_COUNT","BICYCLE_SUSP_SERIOUS_INJ_COUNT","BUS_COUNT","CHLDPAS_DEATH_COUNT","CHLDPAS_SUSP_SERIOUS_INJ_COUNT","COLLISION_TYPE","COMM_VEH_COUNT","CONS_ZONE_SPD_LIM","COUNTY","CRASH_MONTH","CRASH_YEAR","DAY_OF_WEEK","DEC_LATITUDE","DEC_LONGITUDE","DISPATCH_TM","DISTRICT","DRIVER_COUNT_16YR","DRIVER_COUNT_17YR","DRIVER_COUNT_18YR","DRIVER_COUNT_19YR","DRIVER_COUNT_20YR","DRIVER_COUNT_50_64YR","DRIVER_COUNT_65_74YR","DRIVER_COUNT_75PLUS","EST_HRS_CLOSED","FATAL_COUNT","HEAVY_TRUCK_COUNT","HORSE_BUGGY_COUNT","HOUR_OF_DAY","ILLUMINATION","INJURY_COUNT","INTERSECTION_RELATED","INTERSECT_TYPE","LANE_CLOSED","LATITUDE","LN_CLOSE_DIR","LOCATION_TYPE","LONGITUDE","MAX_SEVERITY_LEVEL","MCYCLE_DEATH_COUNT","MCYCLE_SUSP_SERIOUS_INJ_COUNT","MOTORCYCLE_COUNT","MUNICIPALITY","NONMOTR_COUNT","NONMOTR_DEATH_COUNT","NONMOTR_SUSP_SERIOUS_INJ_COUNT","NTFY_HIWY_MAINT","PED_COUNT","PED_DEATH_COUNT","PED_SUSP_SERIOUS_INJ_COUNT","PERSON_COUNT","POLICE_AGCY","POSSIBLE_INJ_COUNT","RDWY_SURF_TYPE_CD","RELATION_TO_ROAD","ROADWAY_CLEARED","ROAD_CONDITION","SCH_BUS_IND","SCH_ZONE_IND","SECONDARY_CRASH","SMALL_TRUCK_COUNT","SPEC_JURIS_CD","SUSP_MINOR_INJ_COUNT","SUSP_SERIOUS_INJ_COUNT","SUV_COUNT","TCD_FUNC_CD","TCD_TYPE","TFC_DETOUR_IND","TIME_OF_DAY","TOTAL_UNITS","TOT_INJ_COUNT","UNBELTED_OCC_COUNT","UNB_DEATH_COUNT","UNB_SUSP_SERIOUS_INJ_COUNT","UNK_INJ_DEG_COUNT","UNK_INJ_PER_COUNT","URBAN_RURAL","VAN_COUNT","VEHICLE_COUNT","VULNERABLE_ROAD_USER_COUNT","VULNERABLE_ROAD_USER_DEATH_COUNT","VULNERABLE_ROAD_USER_SER_INJ_COUNT","WEATHER1","WEATHER2","WORKERS_PRES","WORK_ZONE_IND","WORK_ZONE_LOC","WORK_ZONE_TYPE","WZ_CLOSE_DETOUR","WZ_FLAGGER","WZ_LAW_OFFCR_IND","WZ_LN_CLOSURE","WZ_MOVING","WZ_OTHER","WZ_SHLDER_MDN","WZ_WORKERS_INJ_KILLED"
"2020053453","1840","1","0","0","0","0","0","0","0","0","5","0","","67","7","2020","7","40.034825","-75.07078","1834","6","0","0","0","0","0","0","0","0","","0","0","0","18","1","0","N","0","1","40 02:05.371","1","0","75 04:14.809","0","0","0","0","67301","0","0","0","N","0","0","0","2","67301","0","","1.0","1928.0","1","N","N","N","0","","0","0","1","0","0","Y","1834","2","0","0","0","0","0","0","2","0","2","0","0","0","3","","","N","","","","","","","","","",""
"2020044710","1410","0","0","0","0","0","0","0","0","0","8","0","","67","6","2020","2","40.025704","-75.087181","1359","6","0","0","0","0","0","0","0","0","","0","0","0","13","1","1","","1","0","40 01:32.534","","0","75 05:13.851","4","0","0","1","67301","1","0","0","N","1","0","0","2","67301","1","","1.0","","1","N","N","N","0","","0","0","0","3","3","","1357","2","1","0","0","0","0","0","2","0","1","1","0","0","3","98","","N","","","","","","","","","",""
"2020047987","1855","2","0","0","0","0","0","0","0","0","5","0","","67","6","2020","5","40.04075","-75.1225","1851","6","0","0","0","0","0","0","0","0","","0","0","0","18","1","1","N","0","0","40 02:26.700","","0","75 07:21.000","3","0","0","1","67301","0","0","0","N","0","0","0","1","67301","0","","6.0","","1","N","N","Y","0","","1","0","0","0","0","","1845","3","1","0","0","0","0","0","2","0","3","0","0","0","3","","","N","","","","","","","","","",""
"2020045704","1145","2","0","0","0","0","0","0","0","0","1","0","","67","6","2020","5","39.953154","-75.248748","1142","6","0","0","0","0","0","0","0","0","","0","0","0","11","1","1","","2","0","39 57:11.353","","0","75 14:55.491","3","0","0","0","67301","0","0","0","N","0","0","0","2","67301","0","","1.0","","9","N","N","N","0","","1","0","0","3","2","","1141","2","1","0","0","0","0","0","2","0","2","0","0","0","7","07","","N","","","","","","","","","",""
"2020096054","0957","0","0","0","0","0","0","0","0","0","4","1","","67","11","2020","1","39.921042","-75.228921","0955","6","0","0","0","0","0","0","0","0","","0","1","0","9","1","0","","1","0","39 55:15.752","","0","75 13:44.116","0","0","0","0","67301","0","0","0","N","0","0","0","2","67301","0","","1.0","","1","N","N","N","0","","0","0","1","3","2","","945","2","0","0","0","0","0","0","2","0","2","0","0","0","3","03","","N","","","","","","","","","",""
"2020053454","1838","1","0","0","0","0","0","0","0","0","4","0","","67","7","2020","7","40.014229","-75.065897","1833","6","0","0","0","0","0","0","0","0","","0","0","0","18","1","1","","1","0","40 00:51.225","","0","75 03:57.229","3","0","0","0","67301","0","0","0","N","0","0","0","3","67301","0","","1.0","","1","N","N","N","0","","1","0","1","3","3","","1832","2","1","0","0","0","0","0","2","0","2","0","0","0","3","03","","N","","","","","","","","","",""
"2020070603","2348","2","0","0","0","0","0","0","0","0","4","0","","67","8","2020","4","39.991834","-75.118616","2347","6","0","0","0","0","0","0","0","0","","0","0","0","22","3","0","","1","0","39 59:30.602","","0","75 07:07.017","0","0","0","0","67301","0","0","0","N","0","0","0","2","67301","0","","1.0","","1","N","N","N","0","","0","0","1","3","3","","2234","3","0","0","0","0","0","0","2","0","3","0","0","0","3","03","","N","","","","","","","","","",""
"2020047387","1635","0","0","0","0","0","0","0","0","0","4","0","","67","6","2020","3","39.993966","-75.179244","1625","6","0","0","0","0","0","0","0","0","","0","0","0","16","1","1","","1","2","39 59:38.277","7","0","75 10:45.278","8","0","0","1","67301","0","0","0","N","0","0","0","4","67301","0","","1.0","1706.0","1","N","N","N","0","","0","0","1","3","3","N","1620","2","1","0","0","0","1","3","2","0","2","0","0","0","3","","","N","","","","","","","","","",""
"2020089845","2254","2","0","0","0","0","0","0","0","0","6","0","45","67","10","2020","7","40.013746","-75.057024","2228","6","0","0","0","0","0","1","0","0","","0","0","0","22","3","0","N","0","1","40 00:49.487","2","0","75 03:25.286","9","0","0","0","67301","0","0","0","N","0","0","0","12","68K01","0","","1.0","2340.0","1","N","N","N","0","","0","0","2","0","0","N","2207","4","0","0","0","0","0","1","2","0","4","0","0","0","3","03","N","Y","4","1","","","N","","","","Y","N"
"2020058802","0414","0","0","0","0","0","0","0","0","0","7","0","","67","6","2020","1","39.899662","-75.162421","0405","6","0","0","0","0","0","0","0","0","","0","0","0","4","3","1","N","0","1","39 53:58.783","1","0","75 09:44.716","3","0","0","0","67301","0","0","0","N","0","0","0","3","68K01","0","","3.0","500.0","1","N","N","N","0","","1","0","0","0","0","N","404","1","1","0","0","0","0","0","2","1","1","0","0","0","3","","","N","","","","","","","","","",""
"2020055236","0548","0","0","0","0","0","0","0","0","0","4","0","","67","7","2020","2","39.949481","-75.219015","0547","6","0","0","0","0","0","0","0","0","","0","0","0","5","1","0","","1","0","39 56:58.131","","0","75 13:08.454","0","0","0","0","67301","0","0","0","N","0","0","0","2","67301","0","","1.0","","1","N","N","N","0","","0","0","1","3","3","","530","2","0","0","0","0","0","0","2","1","2","0","0","0","3","03","","N","","","","","","","","","",""
"2020063252","1324","2","0","0","0","0","0","0","0","0","5","0","","67","6","2020","3","39.946407","-75.189176","1315","6","0","0","0","0","0","0","0","0","","0","0","0","13","1","1","N","0","1","39 56:47.065","3","0","75 11:21.034","4","0","0","0","67301","0","0","0","N","0","0","0","2","68K01","1","","1.0","1402.0","1","N","N","N","0","","0","0","0","0","0","N","1313","2","1","0","0","0","0","1","2","0","2","0","0","0","3","03","","N","","","","","","","","","",""
"2020093673","0120","0","0","0","0","0","0","0","0","0","98","0","","67","11","2020","5","40.035661","-75.113873","0115","6","0","0","0","0","0","0","0","0","","0","0","0","0","3","1","N","0","0","40 02:08.381","","0","75 06:49.941","2","0","1","1","67301","0","0","0","N","0","0","0","1","67301","0","","1.0","","1","N","N","N","0","","0","1","0","0","0","","58","1","1","0","0","0","0","0","2","0","1","0","0","0","3","06","","N","","","","","","","","","",""
"2020057756","1801","0","0","0","0","0","0","0","0","0","4","0","","67","7","2020","7","40.00468","-75.152126","1800","6","0","0","0","0","0","0","0","0","","0","0","0","17","1","1","","1","0","40 00:16.847","","0","75 09:07.652","2","0","0","0","67301","0","0","0","N","0","0","0","2","67301","0","","1.0","","1","N","N","N","1","","0","1","0","3","2","","1759","2","1","1","0","0","0","0","2","0","2","0","0","0","3","","","N","","","","","","","","","",""
"2020052688","1207","1","0","0","0","0","0","0","0","0","4","0","","67","7","2020","5","39.98507","-75.247378","1205","6","0","0","0","0","0","0","0","1","","0","0","0","12","1","1","","1","0","39 59:06.252","","0","75 14:50.560","4","0","0","0","67301","0","0","0","N","0","0","0","2","67301","1","","1.0","","1","N","N","N","0","","0","0","1","3","1","","1205","2","1","0","0","0","0","0","2","0","2","0","0","0","3","03","","N","","","","","","","","","",""
"2020047308","2125","1","0","0","0","0","0","0","0","0","1","0","","67","6","2020","3","39.960187","-75.238991","2123","6","0","0","0","0","0","0","0","0","","0","0","0","21","3","1","N","0","0","39 57:36.674","","0","75 14:20.366","3","0","0","0","67301","0","0","0","N","0","0","0","1","67301","0","","6.0","","1","N","N","N","0","","1","0","1","0","0","","2120","2","1","1","0","0","0","0","2","0","2","0","0","0","3","03","","N","","","","","","","","","",""
"2020044523","1100","2","0","0","0","0","0","0","0","0","6","0","","67","6","2020","6","39.97352","-75.209208","1100","6","0","0","0","0","0","0","0","0","","0","0","0","10","1","1","N","0","0","39 58:24.672","","0","75 12:33.148","8","0","0","0","67301","0","0","0","N","0","0","0","1","67301","0","","6.0","","99","N","N","N","0","","0","0","1","0","0","","1045","3","1","1","0","0","1","0","2","0","3","0","0","0","99","","","N","","","","","","","","","",""
"2020052150","0040","0","0","0","0","0","0","0","0","0","8","0","","67","7","2020","6","40.036436","-75.130508","0033","6","0","0","0","0","0","0","0","0","","0","0","0","21","3","1","","1","0","40 02:11.168","","0","75 07:49.828","2","0","0","1","67301","1","0","1","N","1","0","1","2","67301","0","","1.0","","1","N","N","N","0","","0","1","0","3","2","","2129","2","1","0","0","0","0","1","2","0","1","1","0","1","3","03","","N","","","","","","","","","",""
"2020051365","0119","2","0","0","0","0","0","0","0","0","1","0","","67","6","2020","3","40.051458","-75.157817","0107","6","0","0","0","0","0","0","0","0","","0","0","0","0","3","1","N","0","0","40 03:05.250","","0","75 09:28.140","4","0","0","0","67301","0","0","0","N","0","0","0","7","67301","1","","1.0","","1","N","N","N","0","","0","0","0","0","0","","57","2","1","0","0","0","0","0","2","0","2","0","0","0","3","03","","N","","","","","","","","","",""
"2020052958","1635","1","0","0","0","0","0","0","0","0","4","0","","67","6","2020","3","40.000852","-75.110325","1629","6","0","0","0","0","0","0","0","0","","0","0","0","15","1","1","","1","0","40 00:03.067","","0","75 06:37.169","3","0","0","0","67301","0","0","0","N","0","0","0","4","67301","0","","1.0","","1","N","N","N","0","","1","0","1","3","2","","1515","2","1","0","0","0","0","1","2","0","2","0","0","0","3","03","","N","","","","","","","","","",""
"2020054603","1956","3","0","0","0","0","0","0","0","0","4","0","","67","7","2020","7","39.957164","-75.24665","1953","6","0","0","0","0","1","0","0","0","","0","0","0","19","1","0","N","0","0","39 57:25.790","","0","75 14:47.940","0","0","0","0","67301","0","0","0","N","0","0","0","3","67301","0","","1.0","","1","N","N","N","0","","0","0","0","0","0","","1946","4","0","0","0","0","0","0","2","1","4","0","0","0","3","","","N","","","","","","","","","",""
"2020050024","2000","1","0","0","0","0","0","0","0","0","4","0","","67","6","2020","1","40.054132","-75.008501","1949","6","0","0","0","1","0","0","0","0","","0","0","0","19","4","1","N","0","1","40 03:14.876","1","7","75 00:30.604","8","0","0","0","67301","0","0","0","N","0","0","0","4","67301","0","","1.0","100.0","1","N","N","N","0","","0","0","1","0","0","N","1945","2","1","0","0","0","1","0","2","0","2","0","0","0","3","03","","N","","","","","","","","","",""
"2020094932","2100","1","0","0","0","0","0","0","0","0","0","0","","67","11","2020","2","39.952981","-75.238756","2059","6","0","0","0","0","0","0","0","0","","0","0","0","20","3","1","N","0","0","39 57:10.730","","0","75 14:19.520","8","0","0","0","67301","0","0","0","N","0","0","0","1","67301","0","","9.0","","1","N","N","N","0","","0","0","0","3","3","","2059","1","1","0","0","0","1","0","2","0","1","0","0","0","3","03","","N","","","","","","","","","",""
"2020090626","","1","0","0","0","0","0","0","0","0","4","0","","67","8","2020","1","39.938719","-75.224301","","6","0","0","0","0","0","1","0","0","","0","0","0","18","1","0","","1","0","39 56:19.388","","0","75 13:27.483","0","0","0","0","67301","0","0","0","N","0","0","0","2","00000","0","","1.0","","1","","","N","0","","0","0","1","3","2","","1830","2","0","0","0","0","0","0","2","0","2","0","0","0","3","","","N","","","","","","","","","",""
"2020096511","0451","0","0","0","0","0","0","0","0","0","5","1","","67","10","2020","2","39.982625","-75.207928","0444","6","0","0","0","0","0","1","0","0","","0","1","0","4","3","1","N","0","0","39 58:57.450","","0","75 12:28.539","4","0","0","0","67301","0","0","0","N","0","0","0","2","68K01","1","","1.0","","1","N","N","N","0","","0","0","1","0","0","","442","2","1","0","0","0","0","0","2","0","2","0","0","0","3","","","N","","","","","","","","","",""
"2020056076","1842","2","0","0","0","0","0","0","0","0","1","0","","67","7","2020","4","39.970133","-75.130414","1836","6","0","0","0","0","0","0","0","0","","0","0","0","17","1","0","","1","0","39 58:12.478","","0","75 07:49.489","0","0","0","0","67301","0","0","0","N","0","0","0","5","67301","0","","1.0","","1","N","N","Y","1","","0","0","0","3","2","","1755","3","0","0","0","0","0","0","2","0","3","0","0","0","3","03","","N","","","","","","","","","",""
"2020047805","1949","0","0","0","0","0","0","0","0","0","7","0","","67","6","2020","5","39.977472","-75.154306","1945","6","0","0","0","0","0","0","0","0","","0","0","0","19","4","0","N","0","0","39 58:38.900","","7","75 09:15.500","0","0","0","0","67301","0","0","0","N","0","0","0","1","67505","0","","5.0","","1","N","N","N","0","","0","0","1","0","0","","1944","1","0","0","0","0","0","0","2","0","1","0","0","0","3","03","","N","","","","","","","","","",""
"2020087798","1852","0","0","0","0","0","0","0","0","0","8","0","","67","10","2020","5","39.877842","-75.246319","1850","6","0","0","0","0","0","0","0","0","","0","0","0","18","3","1","N","0","0","39 52:40.230","","0","75 14:46.750","4","0","0","0","67301","1","0","0","N","1","0","0","1","67301","1","","1.0","","1","N","N","N","0","","0","0","0","9","9","","1845","2","1","0","0","0","0","0","2","0","1","1","0","0","3","03","","N","","","","","","","","","",""
"2020054704","1136","2","0","0","0","0","0","0","0","0","4","0","","67","7","2020","7","39.94147","-75.235053","1135","6","0","0","0","0","0","0","0","0","","0","0","0","11","1","1","","1","0","39 56:29.291","","0","75 14:06.191","3","0","0","0","67301","0","0","0","N","0","0","0","3","67301","0","","1.0","","1","N","N","N","0","","1","0","0","3","2","","1132","2","1","0","0","0","0","0","2","0","2","0","0","0","3","03","","N","","","","","","","","","",""
"2020096990","0959","0","0","0","0","0","0","0","0","0","7","0","","67","11","2020","1","39.977893","-75.228214","0955","6","0","0","0","0","0","0","0","0","","0","0","0","9","1","0","N","0","0","39 58:40.414","","0","75 13:41.569","9","0","0","0","67301","0","0","0","N","0","0","0","1","67301","0","","5.0","","1","N","N","N","0","","0","0","0","0","0","","950","1","0","0","0","0","0","1","2","0","1","0","0","0","3","03","","N","","","","","","","","","",""
"2020058811","0753","0","0","0","0","0","0","0","0","0","7","0","","67","7","2020","6","39.967661","-75.189415","0753","6","0","0","0","0","0","0","0","0","","0","0","0","7","1","0","N","0","1","39 58:03.579","4","0","75 11:21.895","0","0","0","0","67301","0","0","0","N","0","0","0","1","68K01","0","","4.0","30.0","1","N","N","N","1","","0","0","0","0","0","N","743","1","0","0","0","0","0","0","2","0","1","0","0","0","3","","","N","","","","","","","","","",""
"2020047466","2204","2","0","0","0","0","0","0","0","0","1","0","45","67","6","2020","3","39.997408","-75.081984","2204","6","0","0","0","0","0","0","0","0","","0","0","0","22","3","0","","6","0","39 59:50.669","","2","75 04:55.143","0","0","0","0","67301","0","0","0","N","0","0","0","3","68K01","0","","7.0","","1","N","N","N","0","","0","0","1","3","3","","2200","3","0","0","0","0","0","0","2","0","3","0","0","0","3","","Y","Y","4","1","N","N","Y","Y","N","N","Y","N"
"2020048337","1342","1","0","0","1","0","0","0","0","0","8","0","","67","6","2020","4","39.918134","-75.170977","1342","6","0","0","0","0","0","0","0","1","","0","0","0","13","1","1","","1","0","39 55:05.284","","0","75 10:15.516","3","0","0","0","67301","1","0","0","N","0","0","0","2","67301","0","","1.0","","1","N","N","N","0","","1","0","0","3","2","","1341","2","1","0","0","0","0","0","2","0","1","1","0","0","3","","","N","","","","","","","","","",""
"2020051321","1330","1","0","0","0","0","0","0","0","0","5","0","","67","6","2020","3","39.946861","-75.192361","1326","6","0","0","0","0","0","0","0","0","","0","0","0","13","1","2","N","0","0","39 56:48.700","","0","75 11:32.500","4","0","0","0","67301","0","0","0","N","0","0","0","5","67504","2","","1.0","","1","N","N","N","0","","0","0","0","0","0","","1320","2","2","0","0","0","0","1","2","1","2","0","0","0","3","03","","N","","","","","","","","","",""
"2020048766","1840","2","0","0","0","0","0","0","0","0","4","0","","67","6","2020","7","40.003833","-75.124153","1838","6","0","0","0","0","0","0","1","0","","0","0","0","18","1","1","","2","0","40 00:13.798","","0","75 07:26.950","3","0","0","0","67301","0","0","0","N","0","0","0","3","67301","0","","1.0","","9","N","N","N","0","","1","0","0","3","3","","1837","2","1","0","0","0","0","0","2","0","2","0","0","0","7","04","","N","","","","","","","","","",""
"2020047713","1428","0","0","0","0","0","0","0","0","0","8","0","","67","6","2020","3","40.011364","-75.15078","1424","6","0","0","0","0","0","0","0","0","","0","0","0","14","1","1","N","0","0","40 00:40.910","","0","75 09:02.809","8","0","0","0","67301","1","0","0","N","1","0","0","2","67301","0","","1.0","","1","N","N","N","1","","0","0","0","0","0","","1409","2","1","0","0","0","1","1","2","0","1","1","0","0","3","03","","N","","","","","","","","","",""
"2020087179","1555","1","0","0","0","0","0","0","0","0","1","0","","67","10","2020","1","40.045719","-75.160969","1550","6","0","0","0","0","0","1","0","0","","0","0","0","15","1","1","N","0","1","40 02:44.590","1","0","75 09:39.490","3","0","0","0","67301","0","0","0","N","0","0","0","2","67301","0","","6.0","1616.0","1","N","N","N","0","","1","0","1","3","3","Y","1530","2","1","1","0","0","0","0","2","0","2","0","0","0","3","03","","N","","","","","","","","","",""
"2020088996","0037","0","0","0","0","0","0","0","0","0","7","0","","67","10","2020","7","39.893156","-75.224753","0030","6","0","0","0","0","0","0","0","0","","0","0","0","23","3","2","N","0","0","39 53:35.360","","1","75 13:29.110","2","0","0","0","67301","0","0","0","N","0","0","0","3","67301","0","","4.0","","1","N","N","N","0","","0","2","1","0","0","","2355","1","2","0","0","0","0","0","2","0","1","0","0","0","3","03","","N","","","","","","","","","",""
"2020092339","1100","1","0","0","0","0","0","0","0","0","4","0","","67","10","2020","7","40.041834","-75.192133","1047","6","0","0","0","0","0","0","0","0","","0","0","0","10","1","0","","1","1","40 02:30.603","1","0","75 11:31.679","0","0","0","0","67301","0","0","0","N","0","0","0","5","67301","0","","1.0","1119.0","1","N","N","N","0","","0","0","1","3","2","Y","1045","2","0","0","0","0","0","0","2","0","2","0","0","0","3","03","","N","","","","","","","","","",""
"2020089454","1045","0","0","0","1","0","0","0","0","0","8","0","","67","10","2020","7","40.109653","-74.982328","1039","6","0","0","0","0","0","0","0","0","","0","0","0","10","1","1","N","0","1","40 06:34.750","2","0","74 58:56.380","8","0","0","0","67301","1","0","0","N","0","0","0","2","67301","0","","1.0","1232.0","1","N","N","N","0","","0","0","1","0","0","N","1035","2","1","0","0","0","1","0","2","0","1","1","0","0","3","03","","N","","","","","","","","","",""
"2020048736","2000","1","0","0","0","0","0","0","0","0","7","0","","67","6","2020","6","40.056878","-75.175102","2000","6","0","0","0","0","0","0","0","0","","0","0","0","20","4","0","N","0","0","40 03:24.759","","1","75 10:30.366","0","0","0","0","67301","0","0","0","N","0","0","0","1","67301","0","","4.0","","1","N","N","N","0","","0","0","0","0","0","","2000","2","0","0","0","0","0","0","2","0","1","0","0","0","3","","","N","","","","","","","","","",""
"2020044524","0137","1","0","0","0","0","0","0","0","0","5","0","","67","6","2020","1","39.937417","-75.184109","0133","6","0","0","0","0","0","0","0","0","","0","0","0","1","3","0","N","0","0","39 56:14.701","","0","75 11:02.794","9","0","0","0","67301","0","0","0","N","0","0","0","2","67301","0","","6.0","","1","N","N","N","0","","0","0","1","0","0","","133","2","0","0","0","0","0","1","2","0","2","0","0","0","3","03","","N","","","","","","","","","",""
"2020046479","1441","0","0","0","0","0","0","0","0","0","0","0","","67","6","2020","1","39.908389","-75.156278","1441","6","0","0","0","0","0","1","0","0","","0","0","0","14","1","1","N","0","0","39 54:30.200","","2","75 09:22.600","8","0","0","1","67301","0","0","0","N","0","0","0","1","67501","0","","1.0","","1","N","N","N","0","","0","0","0","0","0","","1441","1","1","0","0","0","1","0","2","0","1","0","0","0","3","03","","N","","","","","","","","","",""
"2020089968","0803","0","0","0","0","0","0","0","0","0","0","1","","67","10","2020","2","39.943416","-75.143044","0753","6","0","0","0","0","0","0","0","0","","0","1","0","7","1","1","N","0","1","39 56:36.298","2","0","75 08:34.959","3","0","0","0","67301","0","0","0","N","0","0","0","1","68K01","0","","1.0","950.0","9","N","N","N","0","","1","0","0","0","0","N","752","1","1","0","0","0","0","0","2","0","1","0","0","0","7","","","N","","","","","","","","","",""
"2020092962","1453","0","0","0","0","0","0","0","0","0","1","0","","67","10","2020","5","40.023101","-75.124014","1453","6","0","0","0","0","0","1","0","0","","0","0","0","12","1","1","","1","0","40 01:23.163","","0","75 07:26.450","8","0","0","0","67301","0","0","0","N","0","0","0","3","67301","0","","1.0","","9","N","N","N","1","","0","0","1","3","2","","1240","2","1","0","0","0","1","0","2","0","2","0","0","0","7","07","","N","","","","","","","","","",""
"2020103344","1748","2","0","0","0","0","0","0","0","0","4","0","","67","11","2020","1","39.957531","-75.159288","1740","6","0","0","0","0","0","0","0","0","","0","0","0","17","3","1","N","0","0","39 57:27.111","","0","75 09:33.437","8","0","0","0","67301","0","0","0","N","0","0","0","2","68K01","0","","1.0","","1","N","N","N","0","","0","0","0","0","0","","1734","2","1","0","0","0","1","0","2","0","2","0","0","0","3","03","","N","","","","","","","","","",""
"2020046981","0242","1","0","0","0","0","0","0","0","0","7","0","","67","6","2020","1","40.002089","-75.078284","0234","6","0","0","0","0","0","0","0","0","","0","0","0","2","3","0","N","0","2","40 00:07.519","1","0","75 04:41.824","0","0","0","0","67301","0","0","0","N","0","0","0","1","68K01","0","","2.0","300.0","1","N","N","N","0","","0","0","0","0","0","N","232","1","0","0","0","0","0","0","2","0","1","0","0","0","3","","","N","","","","","","","","","",""
"2020048414","1712","2","0","0","0","0","0","0","0","0","4","0","","67","6","2020","2","39.916561","-75.245776","1712","6","0","0","0","0","0","2","0","0","","0","0","0","17","1","0","","2","1","39 54:59.618","1","0","75 14:44.793","0","0","0","0","67301","0","0","0","N","0","0","0","2","67301","0","","1.0","1705.0","1","N","N","Y","0","","0","0","0","3","3","N","1705","2","0","0","0","0","0","0","2","0","2","0","0","0","3","03","","N","","","","","","","","","",""
"2020052321","1108","1","0","0","0","0","0","0","0","0","7","0","","67","7","2020","4","40.105811","-75.027441","1049","6","0","0","0","1","0","0","0","0","","0","0","0","10","1","1","N","0","0","40 06:20.919","","0","75 01:38.789","8","0","0","0","67301","0","0","0","N","0","0","0","1","67301","0","","4.0","","1","N","N","Y","0","","0","0","0","0","0","","1045","1","1","0","0","0","1","0","2","0","1","0","0","0","3","","","N","","","","","","","","","",""
"2020046434","1410","1","0","0","0","0","0","0","0","0","4","0","","67","6","2020","6","40.083197","-75.026003","1408","6","0","0","0","0","0","0","0","0","","0","0","0","14","1","2","N","0","1","40 04:59.509","1","7","75 01:33.611","3","0","0","0","67301","0","0","0","N","0","0","0","3","67301","0","","1.0","100.0","1","N","N","N","0","","2","0","1","3","2","Y","1402","2","2","0","0","0","0","0","2","0","2","0","0","0","3","","","N","","","","","","","","","",""
"2020046150","0820","1","0","0","0","0","0","0","0","0","2","0","","67","6","2020","7","39.940025","-75.220811","0816","6","0","0","0","0","0","0","0","0","","0","0","0","6","1","0","N","0","0","39 56:24.090","","0","75 13:14.920","9","0","0","0","67301","0","0","0","N","0","0","0","1","67301","0","","6.0","","1","N","N","N","0","","0","0","2","0","0","","645","4","0","0","0","0","0","1","2","1","4","0","0","0","3","03","","N","","","","","","","","","",""
"2020087186","1428","1","0","0","0","0","0","0","0","0","8","0","","67","10","2020","1","40.01194","-75.150655","1421","6","0","0","0","0","0","0","0","0","","0","0","0","14","1","1","N","0","1","40 00:42.983","2","0","75 09:02.358","8","0","0","0","67301","1","0","0","N","1","0","0","3","67301","0","","1.0","1617.0","1","N","N","N","0","","0","0","0","3","2","Y","1419","2","1","0","0","0","1","0","2","0","1","1","0","0","3","03","","N","","","","","","","","","",""
"2020091347","2056","1","0","0","0","0","0","0","0","0","5","0","","67","10","2020","4","40.080121","-75.029218","2055","6","0","0","1","0","0","1","0","0","","0","0","0","19","3","0","N","0","0","40 04:48.435","","0","75 01:45.184","0","0","0","0","67301","0","0","0","N","0","0","0","2","67301","0","","1.0","","1","N","N","N","0","","0","0","1","9","9","","1910","2","0","0","0","0","0","0","2","0","2","0","0","0","3","03","","N","","","","","","","","","",""
"2020047228","2113","1","0","0","0","0","0","0","0","0","4","0","","67","6","2020","6","39.977507","-75.15987","2113","6","0","0","0","0","0","0","0","0","","0","0","0","21","3","1","","1","0","39 58:39.025","","0","75 09:35.531","4","0","0","0","67301","0","0","0","N","0","0","0","6","67301","1","","1.0","","1","N","N","N","0","","0","0","1","3","2","","2100","2","1","1","0","0","0","4","2","0","2","0","0","0","3","03","","N","","","","","","","","","",""
"2020050530","2205","0","0","0","0","0","0","0","0","0","7","0","","67","6","2020","2","39.96142","-75.182524","2158","6","0","0","0","0","0","0","0","0","","0","0","0","21","3","0","N","0","0","39 57:41.111","","0","75 10:57.087","0","0","0","0","67301","0","0","0","N","0","0","0","1","68K01","0","","4.0","","1","N","N","N","0","","0","0","0","0","0","","2156","1","0","0","0","0","0","0","2","1","1","0","0","0","3","","","N","","","","","","","","","",""
"2020090792","0410","1","0","0","0","0","0","0","0","0","7","0","","67","10","2020","7","39.980964","-75.206529","0410","6","0","0","0","0","0","0","0","0","","0","0","0","4","3","1","N","0","0","39 58:51.471","","0","75 12:23.503","3","0","0","0","67301","0","0","0","N","0","0","0","1","68K01","0","","4.0","","9","N","N","N","0","","1","0","0","0","0","","410","1","1","0","0","0","0","0","2","0","1","0","0","0","4","","","N","","","","","","","","","",""
"2020054457","1049","1","0","0","1","0","1","0","0","0","8","0","","67","7","2020","7","39.933295","-75.190223","1048","6","0","0","0","0","0","0","1","0","","0","0","0","10","1","1","","1","0","39 55:59.862","","0","75 11:24.802","2","0","0","0","67301","1","0","1","N","0","0","0","2","67301","0","","1.0","","1","N","N","N","0","","0","1","0","3","3","","1048","2","1","0","0","0","0","0","2","0","1","1","0","1","4","04","","N","","","","","","","","","",""
"2020059849","0148","0","0","0","0","0","0","0","0","0","7","0","","67","6","2020","4","39.913891","-75.148087","0148","6","0","0","0","0","0","0","0","0","","0","0","0","1","3","0","N","0","0","39 54:50.006","","3","75 08:53.112","0","0","0","0","67301","0","0","0","N","0","0","0","1","68K01","0","","3.0","","1","N","N","N","1","","0","0","0","0","0","","147","1","0","1","0","0","0","0","2","0","1","0","0","0","3","","","N","","","","","","","","","",""