"CRN","ARRIVAL_TM","AUTOMOBILE_COUNT","BELTED_DEATH_COUNT","BELTED_SUSP_SERIOUS_INJ_COUNT","BICYCLE_COUNT","BICYCLE_DEATH_COUNT","BICYCLE_SUSP_SERIOUS_INJ_COUNT","BUS_COUNT","CHLDPAS_DEATH_COUNT","CHLDPAS_SUSP_SERIOUS_INJ_COUNT","COLLISION_TYPE","COMM_VEH_COUNT","CONS_ZONE_SPD_LIM","COUNTY","CRASH_MONTH","CRASH_YEAR","DAY_OF_WEEK","DEC_LATITUDE","DEC_LONGITUDE","DISPATCH_TM","DISTRICT","DRIVER_COUNT_16YR","DRIVER_COUNT_17YR","DRIVER_COUNT_18YR","DRIVER_COUNT_19YR","DRIVER_COUNT_20YR","DRIVER_COUNT_50_64YR","DRIVER_COUNT_65_74YR","DRIVER_COUNT_75PLUS","EST_HRS_CLOSED","FATAL_COUNT","HEAVY_TRUCK_COUNT","HORSE_BUGGY_COUNT","HOUR_OF_DAY","ILLUMINATION","INJURY_COUNT","INTERSECTION_RELATED","INTERSECT_TYPE","LANE_CLOSED","LATITUDE","LN_CLOSE_DIR","LOCATION_TYPE","LONGITUDE","MAX_SEVERITY_LEVEL","MCYCLE_DEATH_COUNT","MCYCLE_SUSP_SERIOUS_INJ_COUNT","MOTORCYCLE_COUNT","MUNICIPALITY","NONMOTR_COUNT","NONMOTR_DEATH_COUNT","NONMOTR_SUSP_SERIOUS_INJ_COUNT","NTFY_HIWY_MAINT","PED_COUNT","PED_DEATH_COUNT","PED_SUSP_SERIOUS_INJ_COUNT","PERSON_COUNT","POLICE_AGCY","POSSIBLE_INJ_COUNT","RDWY_SURF_TYPE_CD","RELATION_TO_ROAD","ROADWAY_CLEARED","ROAD_CONDITION","SCH_BUS_IND","SCH_ZONE_IND","SECONDARY_CRASH","SMALL_TRUCK_COUNT","SPEC_JURIS_CD","SUSP_MINOR_INJ_COUNT","SUSP_SERIOUS_INJ_COUNT","SUV_COUNT","TCD_FUNC_CD","TCD_TYPE","TFC_DETOUR_IND","TIME_OF_DAY","TOTAL_UNITS","TOT_INJ_COUNT","UNBELTED_OCC_COUNT","UNB_DEATH_COUNT","UNB_SUSP_SERIOUS_INJ_COUNT","UNK_INJ_DEG_COUNT","UNK_INJ_PER_COUNT","URBAN_RURAL","VAN_COUNT","VEHICLE_COUNT","VULNERABLE_ROAD_USER_COUNT","VULNERABLE_ROAD_USER_DEATH_COUNT","VULNERABLE_ROAD_USER_SER_INJ_COUNT","WEATHER1","WEATHER2","WORKERS_PRES","WORK_ZONE_IND","WORK_ZONE_LOC","WORK_ZONE_TYPE","WZ_CLOSE_DETOUR","WZ_FLAGGER","WZ_LAW_OFFCR_IND","WZ_LN_CLOSURE","WZ_MOVING","WZ_OTHER","WZ_SHLDER_MDN","WZ_WORKERS_INJ_KILLED"
"2020046936","1456","0","0","0","0","0","0","0","0","0","8","0","","67","6","2020","1","40.051889","-75.157778","1455","6","0","0","0","0","0","0","0","0","","0","0","0","17","1","1","","1","0","40 03:06.800","","0","75 09:28.000","8","0","0","0","67301","1","0","0","N","1","0","0","2","67301","0","","1.0","","1","N","N","N","0","","0","0","0","3","2","","1718","2","1","0","0","0","1","1","2","0","1","1","0","0","3","03","","N","","","","","","","","","",""
"2020048657","1801","1","0","0","0","0","0","0","0","0","7","0","","67","6","2020","7","40.04351","-75.003071","1801","6","0","0","0","1","0","0","0","0","","0","0","0","18","1","0","N","0","0","40 02:36.637","","3","75 00:11.055","0","0","0","0","67301","0","0","0","N","0","0","0","1","68K01","0","","2.0","","9","N","N","N","0","","0","0","0","0","0","","1801","1","0","0","0","0","0","0","2","0","1","0","0","0","7","07","","N","","","","","","","","","",""
"2020047161","1841","1","0","0","0","0","0","0","0","0","7","0","","67","6","2020","2","39.917334","-75.147532","1839","6","0","0","0","0","0","1","0","0","","0","0","0","18","1","1","N","0","2","39 55:02.401","1","0","75 08:51.114","4","0","0","0","67301","0","0","0","N","0","0","0","3","68K01","1","","2.0","20.0","1","N","N","N","0","","0","0","0","0","0","N","1838","2","1","0","0","0","0","0","2","1","2","0","0","0","3","03","","N","","","","","","","","","",""
"2020046527","1856","1","0","0","0","0","0","0","0","0","5","0","","67","6","2020","6","40.005396","-75.108605","1855","6","0","0","0","0","0","0","0","0","","0","0","0","18","1","1","N","0","0","40 00:19.424","","0","75 06:30.978","3","0","0","0","67301","0","0","0","N","0","0","0","2","67301","0","","1.0","","1","N","N","N","0","","1","0","0","0","0","","1841","2","1","0","0","0","0","0","2","1","2","0","0","0","3","03","","N","","","","","","","","","",""
"2020052055","0522","0","0","0","0","0","0","0","0","0","7","0","","67","6","2020","6","39.938546","-75.142863","0522","6","0","0","0","0","0","0","0","0","","0","0","0","5","3","1","N","0","0","39 56:18.766","","2","75 08:34.305","3","0","0","0","67301","0","0","0","N","0","0","0","1","68K01","0","","4.0","","1","N","N","N","0","","1","0","1","0","0","","522","1","1","0","0","0","0","0","2","0","1","0","0","0","3","","","N","","","","","","","","","",""
"2020048718","1114","1","0","0","0","0","0","0","0","0","4","0","","67","6","2020","3","39.958336","-75.152042","1112","6","0","0","1","0","0","0","0","0","","0","0","0","11","1","2","","1","0","39 57:30.009","","0","75 09:07.351","8","0","0","0","67301","0","0","0","N","0","0","0","4","67301","0","","1.0","","1","N","N","N","0","","0","0","1","3","2","","1112","2","2","0","0","0","2","0","2","0","2","0","0","0","3","03","","N","","","","","","","","","",""
"2020104029","1812","1","0","0","0","0","0","0","0","0","8","0","","67","12","2020","4","40.015521","-75.063389","1810","6","0","0","0","0","0","0","0","0","","0","0","0","18","3","1","","1","0","40 00:55.877","","0","75 03:48.199","3","0","0","0","67301","1","0","0","N","1","0","0","2","67301","0","","1.0","","1","N","N","N","0","","1","0","0","3","2","","1809","2","1","0","0","0","0","0","2","0","1","1","0","0","3","","","N","","","","","","","","","",""
"2020089160","0854","2","0","0","0","0","0","0","0","0","2","0","","67","10","2020","6","40.084643","-75.176431","0840","6","0","0","0","0","0","0","0","0","","0","0","0","8","1","3","","2","0","40 05:04.714","","0","75 10:35.150","4","0","0","0","67301","0","0","0","N","0","0","0","3","67301","2","","1.0","","9","N","N","N","0","","0","0","0","3","2","","827","2","3","0","0","0","1","0","2","0","2","0","0","0","4","07","","N","","","","","","","","","",""
"2020047858","1955","0","0","0","0","0","0","0","0","0","8","0","","67","6","2020","7","39.992706","-75.117533","1953","6","0","0","0","0","0","0","0","0","","0","0","0","19","1","1","N","0","2","39 59:33.740","3","0","75 07:03.120","8","0","0","0","67301","1","0","0","N","1","0","0","2","67301","0","","1.0","100.0","1","N","N","N","0","","0","0","1","0","0","Y","1939","2","1","0","0","0","1","1","2","0","1","1","0","0","3","03","","N","","","","","","","","","",""
"2020053270","1516","2","0","0","0","0","0","0","0","0","8","0","","67","6","2020","6","39.990717","-75.154019","1505","6","0","0","0","0","0","0","0","0","","0","0","0","14","1","1","","2","0","39 59:26.581","","0","75 09:14.468","3","0","0","0","67301","1","0","0","N","1","0","0","5","67301","0","","1.0","","1","N","N","N","0","","1","0","1","0","0","","1447","4","1","0","0","0","0","0","2","0","3","1","0","0","3","03","","N","","","","","","","","","",""
"2020053272","1121","1","0","0","0","0","0","0","0","0","7","0","","67","7","2020","6","39.878028","-75.24575","1119","6","0","0","0","0","0","0","0","0","","0","0","0","11","1","0","N","0","1","39 52:40.900","1","0","75 14:44.700","0","0","0","0","67301","0","0","0","N","0","0","0","1","67301","0","","4.0","100.0","1","N","N","N","0","","0","0","0","0","0","N","1119","1","0","0","0","0","0","0","2","0","1","0","0","0","3","03","","N","","","","","","","","","",""
"2020046780","0116","2","0","0","0","0","0","0","0","0","4","0","","67","6","2020","1","39.916035","-75.236038","0111","6","0","0","0","0","0","0","0","0","","0","0","0","1","3","1","","1","0","39 54:57.726","","0","75 14:09.736","4","0","0","0","67301","0","0","0","N","0","0","0","2","67301","1","","1.0","","1","N","N","N","0","","0","0","1","3","2","","100","3","1","0","0","0","0","0","2","0","3","0","0","0","3","03","","N","","","","","","","","","",""
"2020046778","1610","2","0","0","0","0","0","0","0","0","4","0","","67","6","2020","6","39.945302","-75.229585","1610","6","0","0","0","0","0","0","0","0","","0","0","0","16","1","2","","1","1","39 56:43.086","6","0","75 13:46.506","3","0","0","0","67301","0","0","0","N","0","0","0","3","67301","0","","1.0","45.0","1","N","N","N","0","","2","0","0","3","2","N","1608","2","2","3","0","0","0","0","2","0","2","0","0","0","3","03","","N","","","","","","","","","",""
"2020090535","0645","2","0","0","0","0","0","0","0","0","4","0","","67","6","2020","4","40.000488","-75.168748","0645","6","0","0","0","0","0","0","0","0","","0","0","0","6","1","0","","1","0","40 00:01.756","","0","75 10:07.492","0","0","0","0","67301","0","0","0","N","0","0","0","2","67301","0","","1.0","","1","N","N","N","0","","0","0","0","3","3","","630","2","0","1","0","0","0","0","2","0","2","0","0","0","3","","","N","","","","","","","","","",""
"2020047557","0055","1","0","0","0","0","0","0","0","0","4","0","","67","6","2020","4","39.935837","-75.180621","0050","6","0","0","0","0","0","0","0","0","","0","0","0","0","3","3","","1","0","39 56:09.013","","0","75 10:50.235","3","0","0","0","67301","0","0","0","N","0","0","0","4","67301","0","","1.0","","1","N","N","N","0","","3","0","2","3","2","","48","3","3","0","0","0","0","0","2","0","3","0","0","0","3","03","","N","","","","","","","","","",""
"2020091246","1450","0","0","0","0","0","0","0","0","0","1","0","","67","10","2020","2","40.007002","-75.073148","1439","6","0","0","0","0","0","0","0","0","","0","0","0","14","1","3","N","0","2","40 00:25.206","1","0","75 04:23.333","8","0","0","0","67301","0","0","0","N","0","0","0","4","68K01","0","","1.0","1620.0","1","N","N","N","2","","0","0","1","0","0","N","1435","3","3","0","0","0","3","0","2","0","3","0","0","0","3","","","N","","","","","","","","","",""
"2020089231","0512","2","0","0","0","0","0","0","0","0","6","0","","67","10","2020","7","40.004656","-75.176635","0512","6","0","0","0","0","0","0","0","0","","0","0","0","3","3","0","N","0","1","40 00:16.763","3","0","75 10:35.886","0","0","0","0","67301","0","0","0","N","0","0","0","0","67301","0","","6.0","100.0","1","N","N","N","0","","0","0","0","0","0","N","343","2","0","0","0","0","0","0","2","0","2","0","0","0","3","03","","N","","","","","","","","","",""
"2020045269","1519","1","0","0","0","0","0","0","0","0","4","0","","67","6","2020","2","40.002626","-75.124413","1518","6","0","0","0","0","0","0","0","0","","0","0","0","15","1","1","N","1","1","40 00:09.455","3","0","75 07:27.886","3","0","0","0","67301","0","0","0","N","0","0","0","1","67301","0","","1.0","1608.0","1","N","N","N","0","","1","0","0","3","2","N","1516","2","1","0","0","0","0","0","2","1","2","0","0","0","3","03","","N","","","","","","","","","",""
"2020045709","1450","2","0","0","0","0","0","0","0","0","4","0","","67","6","2020","4","40.029081","-75.146916","1450","6","0","0","0","0","0","0","0","0","","0","0","0","20","3","2","","1","0","40 01:44.692","","0","75 08:48.898","8","0","0","0","67301","0","0","0","N","0","0","0","3","67301","0","","1.0","","1","N","N","Y","0","","0","0","0","3","2","","2030","2","2","0","0","0","2","0","2","0","2","0","0","0","99","","","N","","","","","","","","","",""
"2020091244","1107","1","0","0","0","0","0","0","0","0","1","0","","67","10","2020","2","39.957856","-75.16173","1059","6","0","0","0","0","0","0","0","0","","0","0","0","10","1","1","N","0","0","39 57:28.280","","0","75 09:42.227","3","0","0","0","67301","0","0","0","N","0","0","0","4","68K01","0","","1.0","","1","N","N","N","0","","1","0","2","0","0","","1055","4","1","0","0","0","0","0","2","0","4","0","0","0","3","03","","N","","","","","","","","","",""
"2020045786","1410","1","0","0","0","0","0","0","0","0","4","0","","67","6","2020","5","39.993326","-75.154724","1404","6","0","0","0","0","0","1","0","0","","0","0","0","14","1","3","N","0","0","39 59:35.974","","7","75 09:17.008","8","0","0","0","67301","0","0","0","N","0","0","0","4","67301","0","","1.0","","8","N","N","N","0","","0","0","1","0","0","","1400","2","3","0","0","0","3","0","2","0","2","0","0","0","7","07","","N","","","","","","","","","",""
"2020048296","1825","1","0","0","0","0","0","0","0","0","4","0","","67","6","2020","7","40.058224","-75.163163","1825","6","0","0","0","0","0","0","1","0","","0","0","0","5","1","2","","1","0","40 03:29.608","","0","75 09:47.387","3","0","0","0","67301","0","0","0","N","0","0","0","5","67301","1","","1.0","","9","N","N","N","0","","1","0","1","3","3","","546","2","2","0","0","0","0","2","2","0","2","0","0","0","7","04","","N","","","","","","","","","",""
"2020048077","2310","2","0","0","0","0","0","0","0","0","5","0","","67","6","2020","5","39.980586","-75.197952","2302","6","0","0","1","0","0","0","0","0","","0","0","0","23","3","1","","2","0","39 58:50.109","","0","75 11:52.626","3","0","0","0","67301","0","0","0","N","0","0","0","3","67301","0","","1.0","","1","N","N","N","0","","1","0","0","0","0","","2300","2","1","0","0","0","0","0","2","0","2","0","0","0","3","03","","N","","","","","","","","","",""
"2020044536","1307","2","0","0","0","0","0","0","0","0","4","0","","67","6","2020","1","39.987021","-75.174392","1306","6","0","0","0","0","0","0","0","0","","0","0","0","13","1","0","","1","1","39 59:13.275","7","0","75 10:27.811","9","0","0","0","67301","0","0","0","N","0","0","0","6","67301","0","","1.0","1421.0","1","N","Y","N","0","","0","0","0","3","2","Y","1306","2","0","1","0","0","0","6","2","0","2","0","0","0","3","","","N","","","","","","","","","",""
"2020046933","0023","2","0","0","0","0","0","0","0","0","6","0","","67","6","2020","1","40.008403","-75.150569","0023","6","0","1","0","0","0","0","0","0","","0","0","0","21","3","1","N","0","0","40 00:30.250","","0","75 09:02.050","3","0","0","0","67301","0","0","0","N","0","0","0","2","67301","0","","1.0","","1","N","N","N","0","","1","0","0","0","0","","2147","2","1","0","0","0","0","0","2","0","2","0","0","0","3","03","","N","","","","","","","","","",""
"2020090410","2331","1","0","0","0","0","0","0","0","0","7","0","","67","10","2020","3","40.001585","-75.152798","2329","6","0","0","1","0","0","0","0","0","","0","0","0","23","3","1","","1","1","40 00:05.705","2","0","75 09:10.074","3","0","0","0","67301","0","0","0","N","0","0","0","2","67505","0","","5.0","25.0","1","N","N","N","0","","1","0","0","9","2","N","2329","1","1","0","0","0","0","0","2","0","1","0","0","0","3","03","","N","","","","","","","","","",""
"2020080639","0020","1","0","0","0","0","0","0","0","0","5","0","","67","9","2020","2","40.044444","-75.170667","0015","6","0","0","0","0","0","0","0","0","","0","0","0","23","3","0","N","0","0","40 02:40.000","","0","75 10:14.400","0","0","0","0","67301","0","0","0","N","0","0","0","2","67301","0","","6.0","","9","N","N","N","0","","0","0","1","0","0","","2355","2","0","0","0","0","0","0","2","0","2","0","0","0","7","","","N","","","","","","","","","",""
"2020088995","1840","3","0","0","0","0","0","0","0","0","4","0","","67","10","2020","6","39.938525","-75.231822","1835","6","0","0","0","0","0","0","0","0","","0","0","0","18","3","1","N","0","0","39 56:18.690","","0","75 13:54.560","3","0","0","0","67301","0","0","0","N","0","0","0","4","67301","0","","1.0","","9","N","N","N","0","","1","0","0","3","3","","1830","3","1","0","0","0","0","0","2","0","3","0","0","0","7","","","N","","","","","","","","","",""
"2020045785","1358","2","0","0","0","0","0","0","0","0","4","0","","67","6","2020","5","39.98754","-75.178369","1356","6","0","0","0","0","0","0","0","0","","0","0","0","13","1","1","","5","2","39 59:15.143","4","0","75 10:42.128","4","0","0","0","67301","0","0","0","N","0","0","0","3","67301","1","","1.0","1428.0","9","N","N","N","0","","0","0","0","3","2","N","1355","2","1","0","0","0","0","1","2","0","2","0","0","0","7","04","","N","","","","","","","","","",""
"2020047003","1430","2","0","0","0","0","0","0","0","0","7","0","","67","6","2020","5","39.887178","-75.204883","1406","6","0","0","0","0","0","0","1","0","","0","0","0","14","1","1","N","0","2","39 53:13.841","2","3","75 12:17.578","8","0","0","0","67301","0","0","0","N","0","0","0","3","68K01","0","","2.0","1440.0","9","N","N","N","0","","0","0","1","0","0","N","1406","3","1","0","0","0","1","0","2","0","3","0","0","0","7","07","","N","","","","","","","","","",""
"2020048769","1525","1","0","0","0","0","0","0","0","0","4","0","","67","6","2020","1","40.007639","-75.127327","1525","6","0","0","0","0","0","0","0","0","","0","0","0","15","1","1","","1","0","40 00:27.502","","0","75 07:38.377","3","0","0","1","67301","0","0","0","N","0","0","0","2","67301","0","","1.0","","1","N","N","N","0","","1","0","0","3","2","","1509","2","1","1","0","0","0","0","2","0","2","0","0","0","3","03","","N","","","","","","","","","",""
"2020044538","0945","1","0","0","0","0","0","0","0","0","8","0","","67","6","2020","6","39.994831","-75.115497","0940","6","0","0","0","0","0","0","0","0","","0","0","0","9","1","1","N","0","1","39 59:41.390","3","0","75 06:55.790","3","0","0","0","67301","1","0","0","N","1","0","0","2","67301","0","","1.0","1010.0","1","N","N","N","0","","1","0","0","0","0","N","940","2","1","0","0","0","0","0","2","0","1","1","0","0","3","03","","N","","","","","","","","","",""
"2020044509","1938","2","0","0","0","0","0","0","0","0","4","0","","67","6","2020","7","40.073806","-75.1588","1933","6","0","0","0","0","0","0","0","0","","0","0","0","18","1","1","N","0","0","40 04:25.700","","7","75 09:31.680","3","0","0","0","67301","0","0","0","N","0","0","0","4","67301","0","","1.0","","1","N","N","N","0","","1","0","0","0","0","","1809","2","1","0","0","0","0","0","2","0","2","0","0","0","3","03","","N","","","","","","","","","",""
"2020089881","0110","1","0","0","0","0","0","0","0","0","7","0","","67","10","2020","2","39.991367","-75.155027","0104","6","0","0","0","0","0","0","0","0","","0","0","0","1","2","1","N","0","1","39 59:28.922","2","0","75 09:18.098","3","0","0","0","67301","0","0","0","N","0","0","0","1","67301","0","","5.0","320.0","9","N","N","N","0","","1","0","0","0","0","Y","100","1","1","0","0","0","0","0","2","0","1","0","0","0","7","","","N","","","","","","","","","",""
"2020048739","1630","2","0","0","0","0","0","0","0","0","4","0","","67","6","2020","4","40.04262","-75.031803","1620","6","0","0","0","0","0","1","0","0","","0","0","0","16","1","1","","1","0","40 02:33.432","","0","75 01:54.490","8","0","0","0","67301","0","0","0","N","0","0","0","2","67301","0","","1.0","","1","N","N","Y","0","","0","0","0","3","3","","1610","2","1","0","0","0","1","1","2","0","2","0","0","0","3","03","","N","","","","","","","","","",""
"2020047915","1230","0","0","0","0","0","0","0","0","0","8","0","","67","6","2020","5","39.970551","-75.149708","1227","6","0","0","0","0","0","0","0","0","","0","0","0","12","1","2","N","0","0","39 58:13.985","","0","75 08:58.949","3","0","0","0","67301","1","0","0","N","1","0","0","2","67301","0","","4.0","","1","N","N","N","0","","2","0","0","0","0","","1227","2","2","1","0","0","0","0","2","1","1","1","0","0","3","03","","N","","","","","","","","","",""
"2020047828","2240","1","0","0","0","0","0","0","0","0","6","0","","67","6","2020","4","39.93449","-75.224524","2237","6","0","0","0","0","0","1","0","0","","0","0","0","22","3","1","","1","0","39 56:04.164","","0","75 13:28.286","3","0","0","0","67301","0","0","0","N","0","0","0","2","67301","0","","1.0","","1","N","N","N","0","","1","0","1","3","3","","2212","2","1","0","0","0","0","0","2","0","2","0","0","0","3","03","","N","","","","","","","","","",""
"2020091623","0655","1","0","0","0","0","0","0","0","0","1","0","","67","10","2020","3","40.008723","-75.204647","0644","6","0","0","0","0","0","1","0","0","","0","0","0","6","3","0","N","0","2","40 00:31.404","3","0","75 12:16.730","0","0","0","0","67301","0","0","0","N","0","0","0","2","68K01","0","","1.0","745.0","9","N","N","N","1","","0","0","0","0","0","N","644","2","0","0","0","0","0","0","2","0","2","0","0","0","7","","","N","","","","","","","","","",""
"2020058850","0215","2","0","0","0","0","0","0","0","0","4","0","","67","7","2020","7","40.015873","-75.153841","0208","6","0","0","0","0","0","0","0","0","","0","0","0","1","3","0","","1","0","40 00:57.144","","0","75 09:13.828","0","0","0","0","67301","0","0","0","N","0","0","0","2","67301","0","","1.0","","1","N","N","N","0","","0","0","0","3","2","","158","2","0","0","0","0","0","0","2","0","2","0","0","0","3","98","","N","","","","","","","","","",""
"2020064072","1600","1","0","0","0","0","0","0","0","0","1","0","45","67","8","2020","5","40.010555","-75.06245","1539","6","0","0","0","0","0","0","0","0","","0","0","0","15","1","1","N","0","0","40 00:37.999","","0","75 03:44.820","8","0","0","0","67301","0","0","0","N","0","0","0","4","68K01","0","","1.0","","1","N","N","N","0","","0","0","0","0","0","","1538","2","1","0","0","0","1","0","2","1","2","0","0","0","3","","N","Y","4","1","","","N","","","","Y","N"
"2020060872","1241","2","0","0","0","0","0","0","0","0","5","0","","67","7","2020","4","40.060675","-75.148353","1241","6","0","0","0","1","0","0","0","0","","0","0","0","11","1","1","N","0","0","40 03:38.430","","0","75 08:54.070","3","0","0","0","67301","0","0","0","N","0","0","0","2","67301","0","","6.0","","1","N","N","N","0","","1","0","0","0","0","","1145","3","1","0","0","0","0","0","2","1","3","0","0","0","3","03","","N","","","","","","","","","",""
"2020106374","1207","0","0","0","0","0","0","0","0","0","4","0","","67","12","2020","5","39.896985","-75.189221","1159","6","0","0","0","0","1","1","0","0","","0","0","0","11","1","0","N","0","1","39 53:49.146","1","3","75 11:21.196","9","0","0","0","67301","0","0","0","N","0","0","0","4","68K01","0","","1.0","1207.0","1","N","N","N","0","","0","0","2","0","0","N","1158","3","0","0","0","0","0","1","2","0","3","0","0","0","3","03","","N","","","","","","","","","",""
"2020047911","0930","2","0","0","0","0","0","0","0","0","5","0","","67","6","2020","5","39.989092","-75.108419","0842","6","0","0","0","0","0","0","0","0","","0","0","0","5","5","0","N","0","0","39 59:20.730","","0","75 06:30.310","0","0","0","0","67301","0","0","0","N","0","0","0","1","67301","0","","6.0","","1","N","N","N","0","","0","0","0","0","0","","540","4","0","0","0","0","0","0","2","0","4","0","0","0","3","","","N","","","","","","","","","",""
"2020087007","0818","2","0","0","0","0","0","0","0","0","6","1","","67","10","2020","1","40.036043","-75.121258","0802","6","0","0","0","0","0","0","0","0","","0","1","0","7","1","1","N","0","0","40 02:09.756","","0","75 07:16.530","8","0","0","0","67301","0","0","0","N","0","0","0","1","67301","0","","6.0","","1","N","N","N","0","","0","0","1","0","0","","720","4","1","0","0","0","1","0","2","0","4","0","0","0","3","03","","N","","","","","","","","","",""
"2020046016","1923","0","0","0","0","0","0","0","0","0","1","0","","67","6","2020","6","40.120777","-74.99646","1923","6","0","0","0","0","0","0","0","0","","0","0","0","19","1","0","","2","0","40 07:14.797","","0","74 59:47.255","0","0","0","0","67301","0","0","0","N","0","0","0","2","67301","0","","1.0","","1","N","N","N","0","","0","0","2","3","2","","1923","2","0","0","0","0","0","0","2","0","2","0","0","0","3","","","N","","","","","","","","","",""
"2020087649","1040","2","0","0","0","0","0","0","0","0","4","0","","67","10","2020","6","40.000293","-75.098149","1034","6","0","0","0","0","0","0","0","0","","1","0","0","7","1","0","N","0","0","40 00:01.056","","0","75 05:53.337","1","0","0","0","67301","0","0","0","N","0","0","0","1","67301","0","2","4.0","","1","N","N","N","0","0","0","0","0","3","2","","755","2","0","0","0","0","0","0","2","0","2","0","0","0","3","03","","N","","","","","","","","","",""
"2020090773","0257","2","0","0","0","0","0","0","0","0","5","0","","67","10","2020","6","40.024945","-75.029328","0254","6","0","0","0","0","0","0","0","0","","0","0","0","2","3","1","N","0","1","40 01:29.801","1","0","75 01:45.579","3","0","0","0","67301","0","0","0","N","0","0","0","2","68K01","0","","1.0","300.0","1","N","N","N","0","","1","0","0","0","0","N","253","2","1","0","0","0","0","1","2","0","2","0","0","0","3","","","N","","","","","","","","","",""
"2020047833","2045","0","0","0","0","0","0","0","0","0","8","0","","67","6","2020","4","40.041184","-75.115611","2045","6","0","0","0","0","0","0","0","0","","0","0","0","20","3","1","","3","0","40 02:28.262","","0","75 06:56.199","3","0","0","0","67301","1","0","0","N","1","0","0","2","67301","0","","1.0","","1","N","N","N","0","","1","0","1","3","2","","2044","2","1","0","0","0","0","0","2","0","1","1","0","0","3","03","","N","","","","","","","","","",""
"2020048768","0409","2","0","0","0","0","0","0","0","0","4","0","","67","6","2020","1","40.007671","-75.138834","0409","6","0","0","0","0","0","0","0","0","","0","0","0","4","3","0","","1","1","40 00:27.617","3","0","75 08:19.804","0","0","0","0","67301","0","0","0","N","0","0","0","3","67301","0","","1.0","610.0","1","N","N","N","0","","0","0","0","3","2","N","400","2","0","0","0","0","0","0","2","0","2","0","0","0","3","03","","N","","","","","","","","","",""
"2020053400","0519","0","0","0","0","0","0","0","0","0","7","0","","67","7","2020","6","39.941263","-75.194692","0514","6","0","0","0","0","0","0","0","0","","0","0","0","5","3","1","N","0","1","39 56:28.546","4","0","75 11:40.890","3","0","0","0","67301","0","0","0","N","0","0","0","1","68K01","0","","4.0","600.0","1","N","N","N","0","","1","0","0","0","0","N","509","1","1","0","0","0","0","0","2","1","1","0","0","0","3","03","","N","","","","","","","","","",""
"2020048771","2248","1","0","0","0","0","0","0","0","0","4","0","","67","6","2020","1","40.015808","-75.141118","2248","6","0","0","0","0","0","0","0","0","","0","0","0","22","3","0","","1","1","40 00:56.908","2","0","75 08:28.024","9","0","0","0","67301","0","0","0","N","0","0","0","2","67301","0","","1.0","10.0","1","N","N","N","0","","0","0","1","3","2","N","2240","2","0","0","0","0","0","1","2","0","2","0","0","0","3","","","N","","","","","","","","","",""
"2020052755","1734","1","0","0","0","0","0","0","0","0","1","0","","67","6","2020","4","39.977192","-75.199274","1734","6","0","0","0","0","0","0","0","0","","0","0","0","17","1","1","N","0","0","39 58:37.891","","0","75 11:57.385","8","0","0","0","67301","0","0","0","N","0","0","0","3","68K01","0","","1.0","","1","N","N","N","0","","0","0","1","0","0","","1725","2","1","0","0","0","1","0","2","0","2","0","0","0","3","","","N","","","","","","","","","",""
"2020048297","1801","0","0","0","0","0","0","0","0","0","1","0","","67","6","2020","7","39.939171","-75.191658","1801","6","0","0","0","0","0","0","0","0","","0","0","0","18","1","2","","2","0","39 56:21.015","","0","75 11:29.968","8","0","0","0","67301","0","0","0","N","0","0","0","3","67301","0","","1.0","","9","N","N","N","0","","0","0","2","3","2","","1800","2","2","0","0","0","2","1","2","0","2","0","0","0","4","","","N","","","","","","","","","",""
"2020048411","1539","0","0","0","0","0","0","0","0","0","7","0","","67","6","2020","7","40.118166","-75.018502","1533","6","0","0","0","0","0","0","0","0","","0","0","0","15","1","0","N","0","0","40 07:05.398","","0","75 01:06.606","0","0","0","0","67301","0","0","0","N","0","0","0","2","67301","0","","4.0","","1","N","N","N","1","","0","0","1","0","0","","1516","2","0","0","0","0","0","0","2","0","2","0","0","0","4","04","","N","","","","","","","","","",""
"2020050520","1604","1","0","0","0","0","0","0","0","0","1","0","45","67","6","2020","7","39.967342","-75.132186","1541","6","0","0","0","0","0","0","0","0","","0","0","0","15","1","0","N","0","1","39 58:02.430","1","0","75 07:55.868","0","0","0","0","67301","0","0","0","N","0","0","0","4","68K01","0","","1.0","20.0","1","N","N","N","0","","0","0","2","0","0","N","1528","3","0","0","0","0","0","0","2","0","3","0","0","0","3","","N","Y","4","1","","","N","","","","Y","N"
"2020046524","1520","1","0","0","1","0","0","0","0","0","8","0","","67","6","2020","1","40.012547","-75.087616","1515","6","0","0","0","0","0","0","0","0","","0","0","0","15","1","1","","1","0","40 00:45.170","","1","75 05:15.419","3","0","0","0","67301","1","0","0","N","0","0","0","2","67301","0","","1.0","","1","N","N","N","0","","1","0","0","3","2","","1514","2","1","0","0","0","0","0","2","0","1","1","0","0","3","","","N","","","","","","","","","",""
"2020044706","1221","1","0","0","0","0","0","0","0","0","4","0","","67","6","2020","2","40.066214","-75.167082","1219","6","0","0","0","0","1","1","0","0","","0","0","0","12","1","2","N","0","1","40 03:58.370","3","0","75 10:01.495","3","0","0","0","67301","0","0","0","N","0","0","0","2","67301","0","","1.0","1219.0","1","N","N","N","0","","1","0","1","0","0","N","1218","2","2","0","0","0","1","0","2","0","2","0","0","0","3","03","","N","","","","","","","","","",""