"CRN","ARRIVAL_TM","AUTOMOBILE_COUNT","BELTED_DEATH_COUNT","BELTED_SUSP_SERIOUS_INJ_COUNT","BICYCLE_COUNT","BICYCLE_DEATH_COUNT","BICYCLE_SUSP_SERIOUS_INJ_COUNT","BUS_COUNT","CHLDPAS_DEATH_COUNT","CHLDPAS_SUSP_SERIOUS_INJ_COUNT","COLLISION_TYPE","COMM_VEH_COUNT","CONS_ZONE_SPD_LIM","COUNTY","CRASH_MONTH","CRASH_YEAR","DAY_OF_WEEK","DEC_LATITUDE","DEC_LONGITUDE","DISPATCH_TM","DISTRICT","DRIVER_COUNT_16YR","DRIVER_COUNT_17YR","DRIVER_COUNT_18YR","DRIVER_COUNT_19YR","DRIVER_COUNT_20YR","DRIVER_COUNT_50_64YR","DRIVER_COUNT_65_74YR","DRIVER_COUNT_75PLUS","EST_HRS_CLOSED","FATAL_COUNT","HEAVY_TRUCK_COUNT","HORSE_BUGGY_COUNT","HOUR_OF_DAY","ILLUMINATION","INJURY_COUNT","INTERSECTION_RELATED","INTERSECT_TYPE","LANE_CLOSED","LATITUDE","LN_CLOSE_DIR","LOCATION_TYPE","LONGITUDE","MAX_SEVERITY_LEVEL","MCYCLE_DEATH_COUNT","MCYCLE_SUSP_SERIOUS_INJ_COUNT","MOTORCYCLE_COUNT","MUNICIPALITY","NONMOTR_COUNT","NONMOTR_DEATH_COUNT","NONMOTR_SUSP_SERIOUS_INJ_COUNT","NTFY_HIWY_MAINT","PED_COUNT","PED_DEATH_COUNT","PED_SUSP_SERIOUS_INJ_COUNT","PERSON_COUNT","POLICE_AGCY","POSSIBLE_INJ_COUNT","RDWY_SURF_TYPE_CD","RELATION_TO_ROAD","ROADWAY_CLEARED","ROAD_CONDITION","SCH_BUS_IND","SCH_ZONE_IND","SECONDARY_CRASH","SMALL_TRUCK_COUNT","SPEC_JURIS_CD","SUSP_MINOR_INJ_COUNT","SUSP_SERIOUS_INJ_COUNT","SUV_COUNT","TCD_FUNC_CD","TCD_TYPE","TFC_DETOUR_IND","TIME_OF_DAY","TOTAL_UNITS","TOT_INJ_COUNT","UNBELTED_OCC_COUNT","UNB_DEATH_COUNT","UNB_SUSP_SERIOUS_INJ_COUNT","UNK_INJ_DEG_COUNT","UNK_INJ_PER_COUNT","URBAN_RURAL","VAN_COUNT","VEHICLE_COUNT","VULNERABLE_ROAD_USER_COUNT","VULNERABLE_ROAD_USER_DEATH_COUNT","VULNERABLE_ROAD_USER_SER_INJ_COUNT","WEATHER1","WEATHER2","WORKERS_PRES","WORK_ZONE_IND","WORK_ZONE_LOC","WORK_ZONE_TYPE","WZ_CLOSE_DETOUR","WZ_FLAGGER","WZ_LAW_OFFCR_IND","WZ_LN_CLOSURE","WZ_MOVING","WZ_OTHER","WZ_SHLDER_MDN","WZ_WORKERS_INJ_KILLED"
"2020090641","0908","2","0","0","0","0","0","0","0","0","4","0","","67","10","2020","3","39.97279","-75.216328","0901","6","0","0","0","1","1","0","0","0","","0","0","0","7","1","2","","1","0","39 58:22.044","","0","75 12:58.781","4","0","0","0","67301","0","0","0","N","0","0","0","4","67301","2","","1.0","","9","N","Y","Y","1","","0","0","0","3","2","","740","3","2","0","0","0","0","1","2","0","3","0","0","0","7","04","","N","","","","","","","","","",""
"2020047162","1901","1","0","0","0","0","0","0","0","0","7","0","","67","6","2020","2","40.033586","-75.020337","1855","6","0","0","0","0","0","0","0","0","","0","0","0","18","1","0","N","0","1","40 02:00.911","2","0","75 01:13.212","0","0","0","0","67301","0","0","0","N","0","0","0","1","68K01","0","","2.0","1930.0","1","N","N","N","0","","0","0","0","0","0","N","1854","1","0","0","0","0","0","0","2","0","1","0","0","0","3","03","","N","","","","","","","","","",""
"2020046529","2035","1","0","0","0","0","0","0","0","0","5","0","","67","6","2020","1","39.974558","-75.135539","2032","6","0","0","0","0","0","0","0","0","","0","0","0","20","2","1","N","0","0","39 58:28.410","","0","75 08:07.940","8","0","0","0","67301","0","0","0","N","0","0","0","1","67301","0","","6.0","","1","N","N","N","0","","0","0","0","0","0","","2003","2","1","0","0","0","1","0","2","0","2","0","0","0","3","03","","N","","","","","","","","","",""
"2020047530","2127","1","0","0","0","0","0","0","0","0","5","0","","67","6","2020","2","40.05243","-75.055921","2113","6","0","0","0","0","0","0","0","0","","0","0","0","21","3","0","N","0","0","40 03:08.749","","0","75 03:21.316","0","0","0","0","67301","0","0","0","N","0","0","0","1","67301","0","","6.0","","1","N","N","N","1","","0","0","0","0","0","","2100","3","0","0","0","0","0","0","2","1","3","0","0","0","3","","","N","","","","","","","","","",""
"2020047463","1700","0","0","0","0","0","0","0","0","0","1","0","","67","6","2020","3","40.035104","-75.017929","1637","6","0","0","0","0","0","0","0","0","","0","0","0","16","1","1","N","0","0","40 02:06.375","","0","75 01:04.543","8","0","0","0","67301","0","0","0","N","0","0","0","2","68K01","0","","1.0","","1","N","N","N","1","","0","0","1","0","0","","1612","2","1","0","0","0","1","0","2","0","2","0","0","0","3","03","","N","","","","","","","","","",""
"2020045496","1229","1","0","0","0","0","0","0","0","0","4","0","","67","6","2020","4","39.92165","-75.242695","1224","6","0","0","0","0","0","1","0","0","","0","0","0","12","1","0","","1","0","39 55:17.939","","0","75 14:33.701","0","0","0","0","67301","0","0","0","N","0","0","0","2","67301","0","","1.0","","1","N","N","N","0","","0","0","1","3","2","","1208","2","0","0","0","0","0","0","2","0","2","0","0","0","3","03","","N","","","","","","","","","",""
"2020050533","1821","1","0","0","0","0","0","0","0","0","7","0","","67","6","2020","5","39.993393","-75.084706","1815","6","0","0","0","0","0","0","0","0","","0","0","0","17","1","0","N","0","2","39 59:36.215","1","0","75 05:04.941","0","0","0","0","67301","0","0","0","N","0","0","0","1","68K01","0","","4.0","15.0","1","N","N","N","0","","0","0","0","0","0","N","1723","1","0","0","0","0","0","0","2","0","1","0","0","0","3","03","","N","","","","","","","","","",""
"2020110395","0010","1","0","0","0","0","0","0","0","0","7","0","","67","12","2020","1","40.027097","-75.114636","0006","6","0","0","0","0","0","0","0","0","","0","0","0","0","3","1","N","0","0","40 01:37.549","","0","75 06:52.691","8","0","0","0","67301","0","0","0","N","0","0","0","1","67301","0","","2.0","","1","N","N","N","0","","0","0","0","0","0","","0","1","1","0","0","0","1","0","2","0","1","0","0","0","3","03","","N","","","","","","","","","",""
"2020089714","1927","0","0","0","0","0","0","0","0","0","4","0","","67","10","2020","1","40.037114","-75.139649","1924","6","0","0","0","0","0","0","0","0","","0","0","0","18","3","0","","1","0","40 02:13.610","","0","75 08:22.736","0","0","0","0","67301","0","0","0","N","0","0","0","2","67301","0","","1.0","","9","N","N","N","0","","0","0","1","3","2","","1820","2","0","0","0","0","0","0","2","0","2","0","0","0","7","","","N","","","","","","","","","",""
"2020080309","1611","1","0","0","0","0","0","0","0","0","8","0","","67","9","2020","2","40.118264","-75.035908","1601","6","0","0","0","0","0","0","0","0","","0","0","0","15","1","1","N","0","0","40 07:05.750","","0","75 02:09.270","3","0","0","0","67301","1","0","0","N","1","0","0","2","67301","0","","1.0","","1","N","N","N","0","","1","0","0","0","0","","1550","2","1","0","0","0","0","0","2","0","1","1","0","0","3","","","N","","","","","","","","","",""
"2020046030","1044","1","0","0","0","0","0","0","0","0","4","0","","67","6","2020","6","40.026838","-75.048825","1034","6","0","0","0","0","0","0","0","0","","0","0","0","10","1","1","","1","0","40 01:36.616","","0","75 02:55.770","8","0","0","0","67301","0","0","0","N","0","0","0","4","67301","0","","1.0","","1","N","N","N","0","","0","0","1","3","3","","1034","2","1","0","0","0","1","3","2","0","2","0","0","0","3","03","","N","","","","","","","","","",""
"2020089971","2053","1","0","0","0","0","0","0","0","0","7","0","","67","10","2020","2","39.982265","-75.207727","2053","6","0","0","0","0","1","0","0","0","","0","0","0","20","3","0","N","0","0","39 58:56.155","","0","75 12:27.818","0","0","0","0","67301","0","0","0","N","0","0","0","2","68K01","0","","5.0","","9","N","N","N","0","","0","0","0","0","0","","2048","1","0","2","0","0","0","0","2","0","1","0","0","0","7","07","","N","","","","","","","","","",""
"2020046930","1730","1","0","0","0","0","0","0","0","0","4","0","","67","6","2020","7","39.962374","-75.161469","1725","6","0","0","0","0","0","0","0","0","","0","0","0","17","1","0","","1","0","39 57:44.547","","0","75 09:41.289","0","0","0","0","67301","0","0","0","N","0","0","0","2","67301","0","","1.0","","1","N","N","N","0","","0","0","0","2","2","","1720","2","0","0","0","0","0","0","2","1","2","0","0","0","3","","","N","","","","","","","","","",""
"2020096983","1827","1","0","0","0","0","0","0","0","0","5","0","","67","9","2020","3","39.919278","-75.155722","1823","6","0","0","0","0","0","0","0","0","","0","0","0","18","1","1","N","0","2","39 55:09.400","1","0","75 09:20.600","3","0","0","0","67301","0","0","0","N","0","0","0","1","67301","0","","6.0","2000.0","9","N","N","N","0","","1","0","2","0","0","Y","1815","4","1","0","0","0","0","0","2","1","4","0","0","0","7","07","","N","","","","","","","","","",""
"2020103298","1843","2","0","0","0","0","0","0","0","0","1","0","","67","11","2020","2","40.007496","-75.07227","1843","6","0","0","0","0","0","0","0","0","","0","0","0","18","3","2","N","0","0","40 00:26.986","","0","75 04:20.171","4","0","0","0","67301","0","0","0","N","0","0","0","4","68K01","1","","1.0","","1","N","N","N","0","","0","0","0","0","0","","1827","2","2","0","0","0","1","0","2","0","2","0","0","0","3","","","N","","","","","","","","","",""
"2020083271","0424","1","0","0","0","0","0","0","0","0","7","0","","67","9","2020","4","39.984257","-75.208338","0421","6","0","0","0","0","0","0","0","0","","0","0","0","4","3","1","N","0","2","39 59:03.326","3","0","75 12:30.016","3","0","0","0","67301","0","0","0","N","0","0","0","1","68K01","0","","3.0","20.0","9","N","N","N","0","","1","0","0","0","0","N","420","1","1","0","0","0","0","0","2","0","1","0","0","0","7","07","","N","","","","","","","","","",""
"2020090132","0438","1","0","0","0","0","0","0","0","0","4","0","","67","10","2020","1","40.032973","-75.080248","0430","6","0","0","0","0","0","0","0","0","","0","0","0","4","3","2","","1","1","40 01:58.704","2","0","75 04:48.893","3","0","0","0","67301","0","0","0","N","0","0","0","2","67301","0","","1.0","500.0","1","N","N","N","0","","2","0","1","3","2","N","415","2","2","0","0","0","0","0","2","0","2","0","0","0","3","03","","N","","","","","","","","","",""
"2020092322","1134","2","0","0","0","0","0","0","0","0","1","0","","67","10","2020","6","40.099197","-75.020597","1126","6","0","0","1","0","0","0","0","0","","0","0","0","11","1","1","N","0","1","40 05:57.110","4","0","75 01:14.150","4","0","0","0","67301","0","0","0","N","0","0","0","2","67301","1","","1.0","1155.0","9","N","N","N","0","","0","0","0","0","0","N","1125","2","1","0","0","0","0","0","2","0","2","0","0","0","7","04","","N","","","","","","","","","",""
"2020059508","0512","1","0","0","0","0","0","0","0","0","4","0","","67","7","2020","1","39.924709","-75.181989","0501","6","0","0","1","0","0","0","0","0","","0","0","0","4","3","2","","1","0","39 55:28.952","","0","75 10:55.160","4","0","0","0","67301","0","0","0","N","0","0","0","2","67301","2","","1.0","","1","N","N","N","0","","0","0","1","3","3","","457","2","2","0","0","0","0","0","2","0","2","0","0","0","3","98","","N","","","","","","","","","",""
"2020097411","0431","1","0","0","0","0","0","0","0","0","7","0","","67","10","2020","5","39.960832","-75.181782","0431","6","0","0","0","0","1","0","0","0","","0","0","0","4","3","0","N","0","0","39 57:38.994","","0","75 10:54.415","0","0","0","0","67301","0","0","0","N","0","0","0","1","68K01","0","","3.0","","9","N","N","N","0","","0","0","0","0","0","","430","1","0","0","0","0","0","0","2","0","1","0","0","0","7","","","N","","","","","","","","","",""
"2020094371","0648","1","0","0","0","0","0","0","0","0","98","0","","67","10","2020","3","39.991954","-75.08599","0635","6","0","0","0","0","0","1","0","0","","0","0","0","6","1","0","N","0","0","39 59:31.033","","0","75 05:09.563","0","0","0","0","67301","0","0","0","N","0","0","0","1","68K01","0","","1.0","","1","N","N","N","0","","0","0","0","0","0","","607","1","0","0","0","0","0","0","2","0","1","0","0","0","3","03","","N","","","","","","","","","",""
"2020081072","1041","1","0","0","0","0","0","0","0","0","4","0","","67","10","2020","5","39.955075","-75.191623","1038","6","0","0","0","0","0","1","0","0","","0","0","0","10","1","0","","1","0","39 57:18.270","","0","75 11:29.842","0","0","0","0","67301","0","0","0","N","0","0","0","2","67507","0","","1.0","","1","","","N","1","","0","0","0","3","3","","1035","2","0","0","0","0","0","0","2","0","2","0","0","0","3","03","","N","","","","","","","","","",""
"2020046292","1233","1","0","0","1","0","1","0","0","0","8","0","","67","6","2020","7","40.036526","-75.022773","1230","6","0","0","0","0","0","0","0","0","","0","0","0","12","1","1","N","0","2","40 02:11.492","5","0","75 01:21.984","2","0","0","0","67301","1","0","1","N","0","0","0","2","67301","0","","1.0","100.0","1","N","N","N","0","","0","1","0","0","0","Y","1227","2","1","1","0","0","0","0","2","0","1","1","0","1","3","03","","N","","","","","","","","","",""
"2020089077","1752","1","0","0","0","0","0","0","0","0","1","0","","67","9","2020","4","39.957565","-75.14934","1725","6","0","0","0","0","0","0","0","0","","0","0","0","17","1","0","","3","0","39 57:27.234","","2","75 08:57.624","9","0","0","0","67301","0","0","0","N","0","0","0","2","68K01","0","","1.0","","1","N","N","N","0","","0","0","0","0","0","","1720","2","0","0","0","0","0","1","2","1","2","0","0","0","3","","","N","","","","","","","","","",""
"2020050512","1541","1","0","0","0","0","0","0","0","0","1","0","","67","6","2020","6","40.008755","-75.204763","1530","6","0","0","0","0","0","0","0","0","","0","0","0","15","1","0","N","0","0","40 00:31.519","","0","75 12:17.147","9","0","0","0","67301","0","0","0","N","0","0","0","2","68K01","0","","1.0","","1","N","N","N","0","","0","0","0","0","0","","1530","2","0","0","0","0","0","1","2","0","2","0","0","0","3","","","N","","","","","","","","","",""
"2020048075","1420","1","0","0","0","0","0","0","0","0","5","0","","67","6","2020","5","40.062857","-75.009432","1415","6","0","0","0","0","0","0","0","0","","0","0","0","14","1","0","N","0","1","40 03:46.285","1","0","75 00:33.954","0","0","0","0","67301","0","0","0","N","0","0","0","1","67301","0","","6.0","1515.0","1","N","N","N","0","","0","0","1","0","0","N","1415","2","0","0","0","0","0","0","2","0","2","0","0","0","3","03","","N","","","","","","","","","",""
"2020090739","1954","1","0","0","0","0","0","0","0","0","4","0","","67","10","2020","7","40.02609","-75.027094","1948","6","0","0","0","0","0","1","0","0","","0","0","0","19","6","3","N","0","1","40 01:33.925","1","0","75 01:37.540","3","0","0","0","67301","0","0","0","N","0","0","0","4","68K01","1","","1.0","2116.0","1","N","N","N","0","","2","0","2","0","0","N","1947","3","3","1","0","0","0","0","2","0","3","0","0","0","3","","","N","","","","","","","","","",""
"2020090742","2115","2","0","0","0","0","0","0","0","0","1","0","","67","10","2020","1","39.958734","-75.140683","2114","6","0","0","0","0","0","0","0","0","","0","0","0","21","3","1","N","3","1","39 57:31.441","4","2","75 08:26.459","3","0","0","0","67301","0","0","0","Y","0","0","0","3","68K01","0","","4.0","2130.0","9","N","N","N","0","","1","0","0","0","0","N","2114","2","1","0","0","0","0","1","2","0","2","0","0","0","7","","","N","","","","","","","","","",""
"2020091638","1846","2","0","0","0","0","0","0","0","0","1","0","","67","10","2020","6","39.985905","-75.092707","1845","6","0","0","0","0","1","0","0","0","","0","0","0","18","3","0","N","0","1","39 59:09.259","1","0","75 05:33.744","0","0","0","0","67301","0","0","0","N","0","0","0","3","68K01","0","","1.0","30.0","1","N","N","N","0","","0","0","1","0","0","N","1840","3","0","0","0","0","0","0","2","0","3","0","0","0","3","","","N","","","","","","","","","",""
"2020047472","1743","1","0","0","0","0","0","0","0","0","7","0","","67","6","2020","4","39.979892","-75.105519","1727","6","0","0","0","0","0","0","0","0","","0","0","0","17","1","1","N","0","1","39 58:47.610","1","0","75 06:19.870","4","0","0","0","67301","0","0","0","N","0","0","0","1","68K01","1","","4.0","1830.0","1","N","N","N","0","","0","0","0","3","8","N","1726","1","1","0","0","0","0","0","2","0","1","0","0","0","3","03","","N","","","","","","","","","",""
"2020046153","1234","0","0","0","0","0","0","0","0","0","5","0","","67","6","2020","2","39.980845","-75.221715","1231","6","0","1","0","0","0","0","0","0","","0","0","0","12","1","0","N","0","1","39 58:51.043","3","0","75 13:18.174","0","0","0","0","67301","0","0","0","N","0","0","0","1","67301","0","","6.0","1334.0","1","N","N","N","0","","0","0","1","0","0","N","1220","2","0","1","0","0","0","0","2","1","2","0","0","0","3","","","N","","","","","","","","","",""
"2020048747","1411","1","0","0","0","0","0","0","0","0","3","0","","67","6","2020","3","39.940083","-75.192528","1410","6","0","0","0","0","0","0","1","0","","0","0","0","14","1","1","N","0","0","39 56:24.300","","7","75 11:33.100","3","0","0","0","67301","0","0","0","N","0","0","0","2","67301","0","","1.0","","1","N","N","N","0","","1","0","1","0","0","","1409","2","1","0","0","0","0","0","2","0","2","0","0","0","3","03","","N","","","","","","","","","",""
"2020047304","0848","0","0","0","0","0","0","0","0","0","4","0","","67","6","2020","7","40.029898","-75.087801","0848","6","0","0","0","0","0","2","0","0","","0","0","0","8","1","2","","1","0","40 01:47.633","","0","75 05:16.085","8","0","0","0","67301","0","0","0","N","0","0","0","3","67301","0","","1.0","","1","N","N","N","1","","0","0","2","3","2","","848","3","2","0","0","0","2","0","2","0","3","0","0","0","3","03","","N","","","","","","","","","",""
"2020046433","1914","1","0","0","0","0","0","0","0","0","4","0","","67","6","2020","1","40.050071","-75.067219","1913","6","0","0","0","0","1","1","0","0","","0","0","0","19","1","3","N","0","0","40 03:00.254","","0","75 04:01.987","3","0","0","0","67301","0","0","0","N","0","0","0","3","67301","2","","1.0","","1","N","N","N","0","","1","0","1","0","0","","1912","2","3","0","0","0","0","0","2","0","2","0","0","0","3","03","","N","","","","","","","","","",""
"2020047907","0035","4","0","0","0","0","0","0","0","0","5","0","","67","6","2020","5","40.043958","-75.070006","0018","6","0","0","0","0","0","0","0","0","","0","0","0","23","3","0","N","0","1","40 02:38.250","1","0","75 04:12.020","0","0","0","0","67301","0","0","0","N","0","0","0","1","67301","0","","6.0","200.0","1","N","N","N","0","","0","0","1","0","0","N","2350","5","0","0","0","0","0","0","2","0","5","0","0","0","3","03","","N","","","","","","","","","",""
"2020048144","1005","1","0","0","0","0","0","0","0","0","4","0","","67","6","2020","5","39.958843","-75.20628","1004","6","0","0","0","0","0","1","0","0","","0","0","0","10","1","0","","1","0","39 57:31.834","","0","75 12:22.608","0","0","0","0","67301","0","0","0","N","0","0","0","2","67301","0","","1.0","","9","N","N","N","0","","0","0","1","3","2","","1000","2","0","0","0","0","0","0","2","0","2","0","0","0","7","07","","N","","","","","","","","","",""
"2020086900","0707","1","0","0","0","0","0","0","0","0","4","0","","67","10","2020","6","40.005478","-75.106361","0705","6","0","0","0","0","0","1","0","0","","0","0","0","6","3","1","N","0","0","40 00:19.722","","0","75 06:22.898","3","0","0","0","67301","0","0","0","N","0","0","0","3","67301","0","","2.0","","1","N","N","N","0","","1","0","1","0","0","","610","2","1","0","0","0","0","0","2","0","2","0","0","0","3","","","N","","","","","","","","","",""
"2020089846","2358","1","0","0","0","0","0","0","0","0","5","0","","67","10","2020","7","39.886897","-75.242442","2330","6","0","0","0","0","0","0","0","0","","0","0","0","23","3","1","N","0","0","39 53:12.829","","0","75 14:32.792","8","0","0","0","67301","0","0","0","N","0","0","0","2","68K01","0","","1.0","","1","N","N","N","0","","0","0","1","0","0","","2328","2","1","0","0","0","1","0","2","0","2","0","0","0","3","03","","N","","","","","","","","","",""
"2020047829","2035","3","0","0","0","0","0","0","0","0","5","0","","67","6","2020","5","40.062008","-75.161947","2030","6","0","0","0","0","0","0","0","0","","0","0","0","20","4","0","N","0","0","40 03:43.230","","0","75 09:43.010","0","0","0","0","67301","0","0","0","N","0","0","0","1","67301","0","","6.0","","1","N","N","N","0","","0","0","0","0","0","","2005","3","0","1","0","0","0","0","2","0","3","0","0","0","3","04","","N","","","","","","","","","",""
"2020048713","1050","2","0","0","0","0","0","0","0","0","1","0","","67","6","2020","7","40.053713","-75.231151","1045","6","0","0","0","0","0","2","0","0","","0","0","0","10","1","1","","1","2","40 03:13.366","2","0","75 13:52.143","3","0","0","0","67301","0","0","0","N","0","0","0","2","67301","0","","1.0","1100.0","1","N","N","N","0","","1","0","0","3","2","N","1000","2","1","1","0","0","0","0","2","0","2","0","0","0","3","03","","N","","","","","","","","","",""
"2020081100","1130","0","0","0","0","0","0","0","0","0","4","0","","67","9","2020","4","40.054938","-75.155154","1130","6","0","0","0","0","0","0","1","0","","0","0","0","18","4","0","","1","0","40 03:17.776","","0","75 09:18.554","9","0","0","0","67301","0","0","0","N","0","0","0","2","67301","0","","1.0","","1","N","N","N","0","","0","0","2","3","3","","1830","2","0","0","0","0","0","2","2","0","2","0","0","0","3","03","","N","","","","","","","","","",""
"2020045848","0300","0","0","0","0","0","0","0","0","0","1","0","","67","6","2020","5","40.036672","-75.173856","0251","6","0","0","0","0","0","0","0","0","","0","0","0","2","8","0","","2","1","40 02:12.019","4","0","75 10:25.881","0","0","0","0","67301","0","0","0","N","0","0","0","2","67301","0","","1.0","1530.0","99","N","N","N","1","","0","0","1","3","2","N","251","2","0","0","0","0","0","0","2","0","2","0","0","0","3","03","","N","","","","","","","","","",""
"2020086619","1053","1","0","0","0","0","0","0","0","0","4","0","","67","10","2020","6","39.95656","-75.241884","1052","6","0","0","0","0","0","1","0","0","","0","1","0","10","1","1","","1","0","39 57:23.616","","0","75 14:30.782","4","0","0","0","67301","0","0","0","N","0","0","0","4","67301","1","","1.0","","9","N","N","N","0","","0","0","0","3","2","","1052","2","1","1","0","0","0","0","2","0","2","0","0","0","7","04","","N","","","","","","","","","",""
"2020048295","1306","1","0","0","0","0","0","0","0","0","4","0","","67","6","2020","3","39.91832","-75.208884","1255","6","0","0","0","0","0","2","1","0","","0","0","0","12","1","0","","2","0","39 55:05.953","","0","75 12:31.983","0","0","0","0","67301","0","0","0","N","0","0","0","3","67301","0","","1.0","","1","N","N","N","1","","0","0","1","3","2","","1253","3","0","0","0","0","0","0","2","0","3","0","0","0","3","03","","N","","","","","","","","","",""
"2020081348","1044","3","0","0","0","0","0","0","0","0","5","0","","67","9","2020","4","40.037849","-75.042681","1043","6","0","0","1","0","0","0","0","0","","0","0","0","10","1","0","N","0","1","40 02:16.257","4","0","75 02:33.651","0","0","0","0","67301","0","0","0","N","0","0","0","2","67301","0","","1.0","1140.0","1","N","N","N","0","","0","0","1","0","0","N","1041","4","0","0","0","0","0","0","2","0","4","0","0","0","3","","","N","","","","","","","","","",""
"2020083292","0120","1","0","0","0","0","0","0","0","0","7","0","","67","10","2020","7","39.903998","-75.15038","0109","6","0","0","0","0","0","1","0","0","","0","0","0","1","3","1","N","0","2","39 54:14.391","2","0","75 09:01.368","3","0","0","0","67301","0","0","0","N","0","0","0","1","68K01","0","","3.0","200.0","1","N","N","N","0","","1","0","0","0","0","N","106","1","1","0","0","0","0","0","2","0","1","0","0","0","3","","","N","","","","","","","","","",""
"2020081347","1125","2","0","0","0","0","0","0","0","0","4","0","","67","9","2020","3","39.95825","-75.16725","1125","6","0","0","0","0","0","0","0","0","","0","0","0","11","1","3","","1","0","39 57:29.700","","3","75 10:02.100","4","0","0","0","67301","0","0","0","N","0","0","0","4","67301","2","","1.0","","1","N","N","N","0","","0","0","0","3","2","","1119","2","3","0","0","0","1","0","2","0","2","0","0","0","4","04","","N","","","","","","","","","",""
"2020090138","1353","0","0","0","1","0","0","0","0","0","8","0","","67","10","2020","7","40.022436","-75.05002","1349","6","0","0","1","0","0","0","0","0","","0","0","0","13","1","1","N","0","0","40 01:20.770","","7","75 03:00.073","3","0","0","0","67301","1","0","0","N","0","0","0","2","67301","0","","1.0","","1","N","N","N","0","","1","0","1","0","0","","1336","2","1","0","0","0","0","0","2","0","1","1","0","0","3","","","N","","","","","","","","","",""
"2020083565","1420","1","0","0","0","0","0","0","0","0","4","0","","67","10","2020","1","40.002789","-75.137842","1414","6","0","0","0","0","0","2","0","0","","0","0","0","14","1","1","","1","0","40 00:10.040","","0","75 08:16.231","3","0","0","0","67301","0","0","0","N","0","0","0","2","67301","0","","1.0","","1","N","N","N","1","","1","0","0","3","2","","1414","2","1","0","0","0","0","0","2","0","2","0","0","0","3","03","","N","","","","","","","","","",""
"2020094829","0921","0","0","0","0","0","0","0","0","0","8","0","","67","11","2020","7","40.013178","-75.070421","0911","6","0","0","0","0","0","0","0","0","","0","0","0","8","1","1","","1","0","40 00:47.439","","0","75 04:13.514","3","0","0","0","67301","1","0","0","N","1","0","0","2","67301","0","","1.0","","1","N","N","N","0","","1","0","0","9","9","","857","2","1","0","0","0","0","0","2","1","1","1","0","0","3","98","","N","","","","","","","","","",""
"2020108911","1407","1","0","0","0","0","0","0","0","0","1","0","","67","12","2020","3","40.007547","-75.125984","1406","6","0","0","0","0","0","0","0","0","","0","0","0","14","1","2","N","0","0","40 00:27.168","","0","75 07:33.543","3","0","0","0","67301","0","0","0","N","0","0","0","3","67301","0","","1.0","","1","N","N","N","0","","2","0","1","0","0","","1405","2","2","1","0","0","0","0","2","0","2","0","0","0","3","","","N","","","","","","","","","",""
"2020092501","1716","1","0","0","0","0","0","0","0","0","7","0","","67","11","2020","1","39.993061","-75.215013","1649","6","0","0","0","0","0","1","0","0","","0","0","0","16","3","1","","11","0","39 59:35.020","","0","75 12:54.048","3","0","0","0","67301","0","0","0","N","0","0","0","1","67301","0","","9.0","","8","N","N","N","0","","1","0","0","0","0","","1635","1","1","1","0","0","0","0","2","0","1","0","0","0","7","07","","N","","","","","","","","","",""
"2020096001","1418","2","0","0","0","0","0","0","0","0","2","0","","67","11","2020","3","40.001422","-75.151546","1415","6","0","0","0","0","0","0","0","0","","0","0","0","14","1","1","","1","0","40 00:05.120","","99","75 09:05.565","8","0","0","0","67301","0","0","0","N","0","0","0","2","67505","0","","1.0","","1","N","N","N","0","","0","0","1","2","3","N","1412","3","1","0","0","0","1","0","2","0","3","0","0","0","3","03","","N","","","","","","","","","",""
"2020097352","1845","0","0","0","0","0","0","0","0","0","8","0","","67","11","2020","4","39.95726","-75.215317","1825","6","0","0","0","0","0","0","0","0","","0","0","0","17","3","1","","2","0","39 57:26.135","","0","75 12:55.142","8","0","0","0","67301","1","0","0","N","1","0","0","2","67301","0","","1.0","","9","N","N","N","0","","0","0","0","3","2","","1736","2","1","0","0","0","1","0","2","0","1","1","0","0","7","07","","N","","","","","","","","","",""
"2020087339","0915","2","0","0","0","0","0","0","0","0","4","1","","67","10","2020","6","40.005516","-75.105336","0905","6","0","0","0","0","0","0","0","0","","0","1","0","9","1","0","","1","1","40 00:19.858","7","0","75 06:19.211","9","0","0","0","67301","0","0","0","N","0","0","0","2","67301","0","","1.0","1000.0","9","N","N","N","0","","0","0","0","3","2","N","900","3","0","0","0","0","0","1","2","0","3","0","0","0","7","07","","N","","","","","","","","","",""
"2020057189","0540","1","0","0","0","0","0","0","0","0","7","0","","67","6","2020","6","40.005309","-75.196582","0535","6","0","0","0","0","0","0","0","0","","0","0","0","5","1","0","N","0","1","40 00:19.112","3","0","75 11:47.695","9","0","0","0","67301","0","0","0","N","0","0","0","1","68K01","0","","4.0","605.0","1","N","N","N","0","","0","0","0","0","0","N","532","1","0","0","0","0","0","1","2","0","1","0","0","0","3","03","","N","","","","","","","","","",""
"2020048415","0405","1","0","0","0","0","0","0","0","0","4","0","","67","6","2020","7","39.923927","-75.222089","0334","6","0","0","0","0","0","1","0","0","","0","0","0","0","3","2","","1","0","39 55:26.137","","0","75 13:19.522","3","0","0","0","67301","0","0","0","N","0","0","0","3","67301","0","","1.0","","1","N","N","N","0","","2","0","1","3","2","","49","2","2","0","0","0","0","0","2","0","2","0","0","0","3","03","","N","","","","","","","","","",""