"CRN","ARRIVAL_TM","AUTOMOBILE_COUNT","BELTED_DEATH_COUNT","BELTED_SUSP_SERIOUS_INJ_COUNT","BICYCLE_COUNT","BICYCLE_DEATH_COUNT","BICYCLE_SUSP_SERIOUS_INJ_COUNT","BUS_COUNT","CHLDPAS_DEATH_COUNT","CHLDPAS_SUSP_SERIOUS_INJ_COUNT","COLLISION_TYPE","COMM_VEH_COUNT","CONS_ZONE_SPD_LIM","COUNTY","CRASH_MONTH","CRASH_YEAR","DAY_OF_WEEK","DEC_LATITUDE","DEC_LONGITUDE","DISPATCH_TM","DISTRICT","DRIVER_COUNT_16YR","DRIVER_COUNT_17YR","DRIVER_COUNT_18YR","DRIVER_COUNT_19YR","DRIVER_COUNT_20YR","DRIVER_COUNT_50_64YR","DRIVER_COUNT_65_74YR","DRIVER_COUNT_75PLUS","EST_HRS_CLOSED","FATAL_COUNT","HEAVY_TRUCK_COUNT","HORSE_BUGGY_COUNT","HOUR_OF_DAY","ILLUMINATION","INJURY_COUNT","INTERSECTION_RELATED","INTERSECT_TYPE","LANE_CLOSED","LATITUDE","LN_CLOSE_DIR","LOCATION_TYPE","LONGITUDE","MAX_SEVERITY_LEVEL","MCYCLE_DEATH_COUNT","MCYCLE_SUSP_SERIOUS_INJ_COUNT","MOTORCYCLE_COUNT","MUNICIPALITY","NONMOTR_COUNT","NONMOTR_DEATH_COUNT","NONMOTR_SUSP_SERIOUS_INJ_COUNT","NTFY_HIWY_MAINT","PED_COUNT","PED_DEATH_COUNT","PED_SUSP_SERIOUS_INJ_COUNT","PERSON_COUNT","POLICE_AGCY","POSSIBLE_INJ_COUNT","RDWY_SURF_TYPE_CD","RELATION_TO_ROAD","ROADWAY_CLEARED","ROAD_CONDITION","SCH_BUS_IND","SCH_ZONE_IND","SECONDARY_CRASH","SMALL_TRUCK_COUNT","SPEC_JURIS_CD","SUSP_MINOR_INJ_COUNT","SUSP_SERIOUS_INJ_COUNT","SUV_COUNT","TCD_FUNC_CD","TCD_TYPE","TFC_DETOUR_IND","TIME_OF_DAY","TOTAL_UNITS","TOT_INJ_COUNT","UNBELTED_OCC_COUNT","UNB_DEATH_COUNT","UNB_SUSP_SERIOUS_INJ_COUNT","UNK_INJ_DEG_COUNT","UNK_INJ_PER_COUNT","URBAN_RURAL","VAN_COUNT","VEHICLE_COUNT","VULNERABLE_ROAD_USER_COUNT","VULNERABLE_ROAD_USER_DEATH_COUNT","VULNERABLE_ROAD_USER_SER_INJ_COUNT","WEATHER1","WEATHER2","WORKERS_PRES","WORK_ZONE_IND","WORK_ZONE_LOC","WORK_ZONE_TYPE","WZ_CLOSE_DETOUR","WZ_FLAGGER","WZ_LAW_OFFCR_IND","WZ_LN_CLOSURE","WZ_MOVING","WZ_OTHER","WZ_SHLDER_MDN","WZ_WORKERS_INJ_KILLED"
"2020049641","1722","2","0","0","0","0","0","0","0","0","4","0","","67","6","2020","1","39.96795","-75.207834","1717","6","0","0","0","0","0","0","0","1","","0","0","0","16","1","0","","1","0","39 58:04.620","","0","75 12:28.202","0","0","0","0","67301","0","0","0","N","0","0","0","2","67301","0","","1.0","","1","N","N","N","0","","0","0","0","3","2","","1644","2","0","1","0","0","0","0","2","0","2","0","0","0","3","","","N","","","","","","","","","",""
"2020045273","1711","1","0","0","0","0","0","0","0","0","4","0","","67","6","2020","1","40.011639","-75.163137","1707","6","0","0","0","0","0","0","0","0","","0","0","0","17","1","1","N","0","2","40 00:41.900","3","0","75 09:47.293","3","0","0","0","67301","0","0","0","N","0","0","0","2","67301","0","","1.0","1750.0","1","N","N","N","0","","1","0","1","0","0","Y","1707","2","1","0","0","0","0","0","2","0","2","0","0","0","3","","","N","","","","","","","","","",""
"2020047535","0422","0","0","0","0","0","0","0","0","0","7","0","","67","6","2020","4","40.032528","-75.189781","0415","6","0","0","0","0","0","0","0","0","","0","0","0","4","3","2","N","1","0","40 01:57.099","","0","75 11:23.212","3","0","0","0","67301","0","0","0","N","0","0","0","2","67301","0","","5.0","","1","N","N","N","0","","2","0","1","3","2","","410","1","2","0","0","0","0","0","2","0","1","0","0","0","3","","","N","","","","","","","","","",""
"2020089268","2310","1","0","0","0","0","0","0","0","0","5","1","50","67","10","2020","4","39.899545","-75.163374","2310","6","0","0","1","0","0","0","0","0","","0","1","0","23","3","0","N","0","1","39 53:58.362","1","0","75 09:48.146","0","0","0","0","67301","0","0","0","N","0","0","0","3","68K01","0","","1.0","2325.0","1","N","N","N","0","","0","0","0","0","0","N","2307","2","0","0","0","0","0","0","2","0","2","0","0","0","3","","Y","Y","4","1","N","N","Y","Y","N","Y","N","N"
"2020091240","1510","1","0","0","0","0","0","0","0","0","1","0","","67","10","2020","1","39.998735","-75.080772","1510","6","0","0","0","1","0","1","1","0","","0","0","0","14","1","1","N","0","1","39 59:55.446","1","0","75 04:50.779","3","0","0","0","67301","0","0","0","N","0","0","0","3","68K01","0","","1.0","1515.0","1","N","N","N","0","","1","0","1","0","0","Y","1425","3","1","0","0","0","0","0","2","1","3","0","0","0","3","","","N","","","","","","","","","",""
"2020045730","0912","1","0","0","0","0","0","0","0","0","6","0","","67","6","2020","4","40.004239","-75.07734","0904","6","0","0","0","0","0","0","0","0","","0","0","0","9","1","1","","1","0","40 00:15.259","","0","75 04:38.425","8","0","0","0","67301","0","0","0","N","0","0","0","3","67301","0","","1.0","","1","N","N","N","0","","0","0","1","3","2","","901","3","1","0","0","0","1","0","2","0","2","0","0","0","3","03","","N","","","","","","","","","",""
"2020047914","0112","1","0","0","0","0","0","0","0","0","4","0","","67","6","2020","6","39.996769","-75.139869","0112","6","0","0","0","0","0","0","0","0","","0","0","0","0","3","0","","1","2","39 59:48.368","4","0","75 08:23.528","0","0","0","0","67301","0","0","0","N","0","0","0","2","67301","0","","1.0","237.0","1","N","N","N","0","","0","0","1","3","3","N","52","2","0","0","0","0","0","0","2","0","2","0","0","0","3","","","N","","","","","","","","","",""
"2020050506","0910","1","0","0","0","0","0","0","0","0","7","0","","67","6","2020","2","39.8991","-75.175346","0902","6","0","0","0","0","0","1","0","0","","0","0","0","9","1","1","N","0","0","39 53:56.761","","3","75 10:31.247","4","0","0","0","67301","0","0","0","N","0","0","0","2","68K01","1","","4.0","","1","N","N","N","0","","0","0","0","0","0","","900","1","1","0","0","0","0","0","2","0","1","0","0","0","3","","","N","","","","","","","","","",""
"2020048758","0418","0","0","0","0","0","0","0","0","0","5","0","","67","6","2020","6","39.985972","-75.172139","0418","6","0","0","0","0","0","0","0","0","","0","0","0","4","3","1","N","0","1","39 59:09.500","3","0","75 10:19.700","3","0","0","0","67301","0","0","0","N","0","0","0","2","67301","0","","1.0","430.0","9","N","N","N","0","","1","0","1","0","0","Y","400","2","1","0","0","0","0","0","2","0","2","0","0","0","3","03","","N","","","","","","","","","",""
"2020047531","2310","0","0","0","0","0","0","0","0","0","1","0","","67","6","2020","2","40.036102","-75.1135","2300","6","0","0","0","0","1","0","0","0","","0","0","0","21","3","0","N","0","0","40 02:09.967","","0","75 06:48.601","0","0","0","0","67301","0","0","0","N","0","0","0","2","67301","0","","1.0","","1","N","N","N","0","","0","0","2","0","0","","2130","2","0","0","0","0","0","0","2","0","2","0","0","0","3","03","","N","","","","","","","","","",""
"2020091245","1153","1","0","0","0","0","0","0","0","0","1","1","","67","10","2020","2","39.938815","-75.197174","1141","6","0","0","0","0","0","0","0","0","","0","1","0","11","1","1","N","0","2","39 56:19.733","4","0","75 11:49.825","4","0","0","0","67301","0","0","0","N","0","0","0","2","68K01","1","","1.0","20.0","1","N","N","N","0","","0","0","0","0","0","N","1136","2","1","0","0","0","0","0","2","0","2","0","0","0","3","","","N","","","","","","","","","",""
"2020045045","0227","1","0","0","0","0","0","0","0","0","7","0","","67","6","2020","6","39.940703","-75.143117","0227","6","0","0","0","0","0","0","0","0","","0","0","0","2","3","1","N","0","0","39 56:26.531","","0","75 08:35.222","8","0","0","0","67301","0","0","0","N","0","0","0","2","68K01","0","","2.0","","9","N","N","N","0","","0","0","0","0","0","","227","1","1","0","0","0","1","0","2","0","1","0","0","0","7","","","N","","","","","","","","","",""
"2020045429","2232","2","0","0","0","0","0","0","0","0","5","0","","67","6","2020","3","39.96449","-75.204486","2232","6","0","0","0","0","0","0","0","0","","0","0","0","22","3","2","N","0","1","39 57:52.163","3","0","75 12:16.149","3","0","0","0","67301","0","0","0","N","0","0","0","3","67301","0","","1.0","2350.0","1","N","N","N","0","","2","0","1","0","0","Y","2220","3","2","0","0","0","0","0","2","0","3","0","0","0","3","","","N","","","","","","","","","",""
"2020090397","1535","0","0","0","0","0","0","0","0","0","8","0","","67","10","2020","3","40.03239","-75.063368","1531","6","0","0","0","0","0","1","0","0","","0","0","0","15","1","1","N","0","1","40 01:56.603","6","0","75 03:48.125","2","0","0","0","67301","1","0","1","N","1","0","1","4","67301","0","","1.0","1733.0","1","N","N","N","0","","0","1","0","3","2","Y","1531","2","1","0","0","0","0","0","2","1","1","1","0","1","3","03","","N","","","","","","","","","",""
"2020093923","0437","2","0","0","0","0","0","0","0","0","4","0","","67","11","2020","1","39.917064","-75.234581","0427","6","0","0","0","0","0","0","0","0","","0","0","0","4","3","1","N","0","0","39 55:01.430","","0","75 14:04.490","3","0","0","0","67301","0","0","0","N","0","0","0","1","67301","0","","1.0","","1","N","N","N","0","","1","0","0","0","0","","400","2","1","0","0","0","0","0","2","0","2","0","0","0","3","03","","N","","","","","","","","","",""
"2020089573","2057","2","0","0","0","0","0","0","0","0","4","0","","67","10","2020","7","39.952871","-75.212184","2056","6","0","0","0","0","0","0","0","0","","0","0","0","20","3","1","","1","0","39 57:10.335","","0","75 12:43.862","3","0","0","0","67301","0","0","0","N","0","0","0","2","67301","0","","1.0","","1","N","N","N","0","","1","0","0","3","2","","2053","2","1","1","0","0","0","0","2","0","2","0","0","0","3","","","N","","","","","","","","","",""
"2020091807","1302","1","0","0","0","0","0","0","0","0","7","0","","67","10","2020","7","39.974961","-75.117422","1257","6","0","0","0","0","0","0","0","0","","0","0","0","12","1","0","N","0","1","39 58:29.858","2","0","75 07:02.718","0","0","0","0","67301","0","0","0","N","0","0","0","1","68K01","0","","4.0","1256.0","1","N","N","N","0","","0","0","0","0","0","N","1253","1","0","0","0","0","0","0","2","0","1","0","0","0","3","","","N","","","","","","","","","",""
"2020048410","1315","0","0","0","0","0","0","0","0","0","4","0","","67","6","2020","5","39.956786","-75.138583","1305","6","0","0","0","0","0","1","0","0","","0","0","0","13","1","1","","1","0","39 57:24.429","","0","75 08:18.900","3","0","0","0","67301","0","0","0","N","0","0","0","2","67301","0","","1.0","","1","N","N","N","0","","1","0","2","3","2","","1300","2","1","2","0","0","0","0","2","0","2","0","0","0","3","03","","N","","","","","","","","","",""
"2020045847","0940","0","0","0","0","0","0","0","0","0","4","0","","67","6","2020","4","40.080757","-75.028601","0935","6","0","0","0","0","0","0","0","0","","0","0","0","9","1","1","","1","0","40 04:50.725","","0","75 01:42.964","8","0","0","0","67301","0","0","0","N","0","0","0","2","67301","0","","1.0","","1","N","N","N","0","","0","0","2","3","2","","925","2","1","0","0","0","1","0","2","0","2","0","0","0","3","03","","N","","","","","","","","","",""
"2020047313","0200","1","0","0","0","0","0","0","0","0","1","0","","67","6","2020","7","40.02026","-75.160577","0153","6","0","0","0","0","0","0","0","0","","0","0","0","1","3","0","N","0","0","40 01:12.937","","3","75 09:38.078","0","0","0","0","67301","0","0","0","N","0","0","0","2","67301","0","","1.0","","1","N","N","N","1","","0","0","0","0","0","","145","2","0","0","0","0","0","0","2","0","2","0","0","0","3","03","","N","","","","","","","","","",""
"2020097581","0758","2","0","0","0","0","0","0","0","0","5","0","","67","11","2020","5","39.970235","-75.159775","0753","6","0","0","0","0","0","0","0","0","","0","0","0","7","1","0","","1","1","39 58:12.846","2","0","75 09:35.189","0","0","0","0","67301","0","0","0","N","0","0","0","2","67301","0","","1.0","100.0","9","N","N","N","0","","0","0","0","3","2","N","743","2","0","0","0","0","0","0","2","0","2","0","0","0","4","07","","N","","","","","","","","","",""
"2020086220","0040","2","0","0","0","0","0","0","0","0","1","0","","67","9","2020","1","40.020566","-75.155268","0033","6","0","0","0","0","0","0","0","0","","0","0","0","0","3","1","N","0","2","40 01:14.037","2","3","75 09:18.964","3","0","0","0","67301","0","0","0","N","0","0","0","2","67301","0","","1.0","330.0","1","N","N","N","0","","1","0","0","0","0","Y","30","2","1","0","0","0","0","0","2","0","2","0","0","0","3","03","","N","","","","","","","","","",""
"2020094826","0050","2","0","0","0","0","0","0","0","0","2","0","","67","11","2020","1","39.918342","-75.238631","0041","6","0","0","0","0","0","0","0","0","","0","0","0","0","3","1","N","0","0","39 55:06.030","","0","75 14:19.070","3","0","0","0","67301","0","0","0","N","0","0","0","4","67301","0","","1.0","","1","N","N","N","0","","1","0","2","0","0","","40","4","1","0","0","0","0","0","2","0","4","0","0","0","3","03","","N","","","","","","","","","",""
"2020106370","1529","1","0","0","0","0","0","0","0","0","7","0","","67","12","2020","3","39.996788","-75.082814","1507","6","0","0","0","0","0","0","0","0","","0","0","0","15","1","1","N","0","1","39 59:48.437","2","8","75 04:58.132","8","0","0","0","67301","0","0","0","N","0","0","0","1","68K01","0","","2.0","1540.0","1","N","N","N","0","","0","0","0","0","0","N","1504","1","1","0","0","0","1","0","2","0","1","0","0","0","3","03","","N","","","","","","","","","",""
"2020100555","0917","0","0","0","0","0","0","0","0","0","7","0","","67","11","2020","5","39.961714","-75.149767","0908","6","0","0","0","0","0","0","0","0","","0","0","0","7","1","0","N","0","0","39 57:42.170","","0","75 08:59.160","9","0","0","0","67301","0","0","0","N","0","0","0","1","67301","0","","5.0","","1","N","N","N","0","","0","0","1","3","2","","743","1","0","0","0","0","0","1","2","0","1","0","0","0","3","","","N","","","","","","","","","",""
"2020097353","1235","2","0","0","0","0","0","0","0","0","4","0","","67","11","2020","6","39.953723","-75.23228","1234","6","0","0","0","0","0","0","0","0","","0","0","0","12","1","1","","1","0","39 57:13.402","","0","75 13:56.207","3","0","0","0","67301","0","0","0","N","0","0","0","3","67301","0","","1.0","","1","N","N","N","0","","1","0","1","3","3","","1233","3","1","0","0","0","0","0","2","0","3","0","0","0","3","03","","N","","","","","","","","","",""
"2020047309","2158","2","0","0","0","0","0","0","0","0","4","0","","67","6","2020","3","39.958951","-75.228949","2158","6","0","0","0","0","0","0","0","0","","0","0","0","21","3","3","","1","0","39 57:32.225","","0","75 13:44.216","3","0","0","0","67301","0","0","0","N","0","0","0","3","67301","1","","1.0","","1","N","N","N","0","","2","0","1","3","2","","2157","3","3","0","0","0","0","0","2","0","3","0","0","0","3","03","","N","","","","","","","","","",""
"2020083016","0755","1","0","0","0","0","0","0","0","0","4","0","","67","10","2020","3","39.884803","-75.250584","0750","6","0","0","0","0","0","1","0","0","","1","0","0","7","1","2","N","0","2","39 53:05.292","3","0","75 15:02.101","1","0","0","0","67301","0","0","0","N","0","0","0","3","67301","0","2","1.0","1100.0","1","Y","N","N","0","0","0","0","0","3","2","Y","740","2","2","0","0","0","2","0","2","1","2","0","0","0","3","03","","N","","","","","","","","","",""
"2020047305","2110","1","0","0","0","0","0","0","0","0","6","0","","67","6","2020","2","40.015047","-75.084147","2105","6","0","0","0","0","0","0","0","0","","0","0","0","21","3","0","N","0","0","40 00:54.170","","0","75 05:02.930","0","0","0","1","67301","0","0","0","N","0","0","0","1","67301","0","","5.0","","1","N","N","N","0","","0","0","1","0","0","","2100","4","0","0","0","0","0","0","2","1","4","0","0","0","3","03","","N","","","","","","","","","",""
"2020047310","0124","1","0","0","0","0","0","0","0","0","5","0","","67","6","2020","4","39.958508","-75.241478","0119","6","0","0","0","0","0","0","0","0","","0","0","0","1","3","0","N","0","1","39 57:30.630","2","0","75 14:29.320","0","0","0","0","67301","0","0","0","N","0","0","0","1","67301","0","","6.0","250.0","1","N","N","N","0","","0","0","1","0","0","N","110","2","0","0","0","0","0","0","2","0","2","0","0","0","3","03","","N","","","","","","","","","",""
"2020046031","0011","2","0","0","0","0","0","0","0","0","4","0","","67","6","2020","5","39.992901","-75.146091","0008","6","0","0","0","0","0","0","0","0","","0","0","0","0","3","2","","1","0","39 59:34.444","","0","75 08:45.927","3","0","0","0","67301","0","0","0","N","0","0","0","3","67301","0","","1.0","","1","N","N","N","0","","2","0","0","3","2","","8","2","2","0","0","0","0","0","2","0","2","0","0","0","3","03","","N","","","","","","","","","",""
"2020047379","1152","1","0","0","0","0","0","0","0","0","5","0","","67","6","2020","2","39.95762","-75.145687","1151","6","0","0","0","0","0","1","0","0","","0","0","0","11","1","0","","1","0","39 57:27.432","","0","75 08:44.473","0","0","0","0","67301","0","0","0","N","0","0","0","2","67301","0","","1.0","","1","N","N","N","0","","0","0","1","3","2","","1150","2","0","0","0","0","0","0","2","0","2","0","0","0","99","","","N","","","","","","","","","",""
"2020059117","2302","1","0","0","1","0","0","0","0","0","8","0","","67","6","2020","1","40.09596","-74.976976","2302","6","0","0","0","0","0","0","0","0","","0","0","0","21","3","1","N","0","0","40 05:45.455","","0","74 58:37.114","8","0","0","0","67301","1","0","0","N","0","0","0","3","67301","0","","1.0","","99","N","N","N","0","","0","0","0","0","0","","2128","2","1","0","0","0","1","0","2","0","1","1","0","0","99","98","","N","","","","","","","","","",""
"2020047533","1901","3","0","0","0","0","0","0","0","0","6","0","","67","6","2020","3","40.004002","-75.134601","1848","6","0","0","0","0","0","1","0","0","","0","0","0","18","1","1","","1","2","40 00:14.407","6","0","75 08:04.563","3","0","0","0","67301","0","0","0","N","0","0","0","5","67301","0","","1.0","1945.0","1","N","N","N","0","","1","0","2","0","0","Y","1845","5","1","2","0","0","0","0","2","0","5","0","0","0","3","","","N","","","","","","","","","",""
"2020087338","1942","1","0","0","0","0","0","0","0","0","4","0","","67","10","2020","2","39.996589","-75.090993","1939","6","0","1","0","0","0","0","0","0","","1","0","0","19","3","2","N","0","1","39 59:47.720","2","7","75 05:27.575","1","1","0","1","67301","0","0","0","N","0","0","0","3","67301","0","2","1.0","1159.0","1","N","N","N","0","0","2","0","0","0","0","Y","1938","2","2","0","0","0","0","0","2","0","2","0","0","0","3","03","","N","","","","","","","","","",""
"2020060004","2353","0","0","0","0","0","0","1","0","0","1","1","","67","7","2020","6","40.000319","-75.10646","2345","6","0","0","0","0","0","1","0","0","","0","0","0","23","3","2","","5","0","40 00:01.147","","1","75 06:23.257","4","0","0","0","67301","0","0","0","N","0","0","0","4","67508","2","","1.0","","1","N","N","Y","1","","0","0","0","3","2","","2345","2","2","0","0","0","0","0","2","0","2","0","0","0","3","03","","N","","","","","","","","","",""
"2020061184","1335","1","0","0","0","0","0","0","0","0","4","0","","67","7","2020","2","40.008621","-75.068836","1330","6","0","0","0","0","1","1","0","0","","0","0","0","13","1","5","","1","2","40 00:31.034","7","0","75 04:07.810","2","0","0","0","67301","0","0","0","N","0","0","0","5","67301","0","","1.0","1600.0","1","N","N","N","0","","0","5","1","3","2","Y","1326","2","5","3","0","3","0","0","2","0","2","0","0","0","3","03","","N","","","","","","","","","",""
"2020048098","1205","2","0","0","0","0","0","0","0","0","4","0","","67","6","2020","3","39.958023","-75.148822","1202","6","0","0","0","0","0","1","0","0","","0","0","0","12","1","2","","1","1","39 57:28.881","4","6","75 08:55.758","3","0","0","0","67301","0","0","0","N","0","0","0","2","67301","0","","1.0","110.0","1","N","N","Y","0","","2","0","0","3","2","Y","1201","2","2","0","0","0","0","0","2","0","2","0","0","0","3","03","","N","","","","","","","","","",""
"2020044810","2111","3","0","0","0","0","0","0","0","0","4","0","","67","6","2020","2","40.028396","-75.12933","2110","6","0","0","0","0","0","0","0","0","","0","0","0","21","3","0","","1","1","40 01:42.225","3","0","75 07:45.587","0","0","0","0","67301","0","0","0","N","0","0","0","2","67301","0","","1.0","2220.0","1","N","N","N","0","","0","0","0","3","3","N","2100","3","0","0","0","0","0","0","2","0","3","0","0","0","3","03","","N","","","","","","","","","",""
"2020080638","1305","1","0","0","1","0","0","0","0","0","8","0","","67","9","2020","3","39.950314","-75.165787","1250","6","0","0","0","0","0","0","1","0","","0","0","0","12","1","1","","1","0","39 57:01.132","","0","75 09:56.833","3","0","0","0","67301","1","0","0","N","0","0","0","2","67301","0","","1.0","","9","N","N","N","0","","1","0","0","3","2","","1248","2","1","0","0","0","0","0","2","0","1","1","0","0","7","03","","N","","","","","","","","","",""
"2020044752","1355","1","0","0","0","0","0","0","0","0","5","0","","67","6","2020","2","39.979222","-75.150694","1353","6","0","0","0","0","0","0","0","0","","0","0","0","13","1","0","N","0","2","39 58:45.200","2","0","75 09:02.500","0","0","0","0","67301","0","0","0","N","0","0","0","3","67505","0","","6.0","1420.0","1","N","N","N","0","","0","0","2","0","0","Y","1351","3","0","0","0","0","0","0","2","0","3","0","0","0","3","","","N","","","","","","","","","",""
"2020089082","1331","2","0","0","0","0","0","0","0","0","1","0","","67","10","2020","7","39.958462","-75.166463","1331","6","0","0","0","0","0","0","0","0","","0","0","0","13","1","2","N","0","0","39 57:30.464","","0","75 09:59.266","3","0","0","0","67301","0","0","0","N","0","0","0","5","68K01","0","","1.0","","1","N","N","N","0","","2","0","0","0","0","","1331","3","2","0","0","0","0","0","2","1","3","0","0","0","3","","","N","","","","","","","","","",""
"2020046369","1530","1","0","0","0","0","0","0","0","0","4","0","","67","6","2020","6","40.015043","-75.135168","1515","6","0","0","0","0","0","0","0","0","","0","0","0","14","1","0","","1","0","40 00:54.154","","6","75 08:06.604","0","0","0","0","67301","0","0","0","N","0","0","0","4","67301","0","","1.0","","1","N","N","N","0","","0","0","1","3","2","","1415","2","0","0","0","0","0","0","2","0","2","0","0","0","3","03","","N","","","","","","","","","",""
"2020046598","2143","1","0","0","0","0","0","0","0","0","5","0","","67","6","2020","6","39.969839","-75.188209","2136","6","0","0","0","0","0","0","0","0","","0","0","0","21","3","1","N","3","0","39 58:11.419","","0","75 11:17.551","3","0","0","0","67301","0","0","0","N","0","0","0","2","67301","0","","1.0","","1","N","N","N","0","","1","0","1","0","0","","2130","2","1","0","0","0","0","0","2","0","2","0","0","0","3","03","","N","","","","","","","","","",""
"2020045846","1650","1","0","0","0","0","0","0","0","0","4","0","","67","6","2020","7","39.918098","-75.180885","1645","6","0","0","0","0","0","1","0","0","","0","0","0","16","1","1","","1","0","39 55:05.152","","0","75 10:51.186","3","0","0","0","67301","0","0","0","N","0","0","0","6","67301","0","","1.0","","1","N","N","Y","0","","1","0","1","3","2","","1645","2","1","6","0","0","0","0","2","0","2","0","0","0","3","03","","N","","","","","","","","","",""
"2020089092","1815","2","0","0","0","0","0","0","0","0","1","0","","67","10","2020","4","39.959413","-75.174129","1805","6","0","0","0","0","0","0","0","0","","0","0","0","18","1","0","N","0","2","39 57:33.887","4","0","75 10:26.865","9","0","0","0","67301","0","0","0","N","0","0","0","3","68K01","0","","1.0","1829.0","1","N","N","N","0","","0","0","0","0","0","N","1805","3","0","0","0","0","0","1","2","0","3","0","0","0","3","","","N","","","","","","","","","",""
"2020037023","0355","2","0","0","0","0","0","0","0","0","7","0","","67","5","2020","1","40.006168","-75.151802","0350","6","0","0","0","0","0","0","0","0","","0","0","0","3","3","0","","1","1","40 00:22.203","3","0","75 09:06.487","0","0","0","0","67301","0","0","0","Y","0","0","0","1","67505","0","","4.0","600.0","9","N","N","Y","0","","0","0","0","3","2","N","355","2","0","0","0","0","0","0","2","0","2","0","0","0","7","07","","N","","","","","","","","","",""
"2020044532","0055","2","0","0","0","0","0","0","0","0","4","0","","67","6","2020","1","39.987384","-75.152147","0051","6","0","0","0","0","0","0","0","0","","0","0","0","0","3","1","","1","1","39 59:14.582","3","0","75 09:07.730","8","0","0","0","67301","0","0","0","N","0","0","0","3","67301","0","","1.0","20.0","1","N","N","N","0","","0","0","0","3","3","N","25","2","1","0","0","0","1","0","2","0","2","0","0","0","3","","","N","","","","","","","","","",""
"2020048216","2011","0","0","0","1","0","0","0","0","0","8","0","","67","6","2020","1","39.948106","-75.154252","1959","6","0","0","0","0","0","0","0","0","","0","0","0","19","1","1","","1","0","39 56:53.182","","0","75 09:15.307","8","0","0","0","67301","1","0","0","N","0","0","0","2","67301","0","","1.0","","1","N","N","N","0","","0","0","1","3","2","","1945","2","1","0","0","0","1","0","2","0","1","1","0","0","3","03","","N","","","","","","","","","",""
"2020045427","2052","1","0","0","0","0","0","0","0","0","4","0","","67","6","2020","3","40.04727","-75.167746","2049","6","0","0","1","0","0","0","0","0","","0","0","0","20","3","1","","1","1","40 02:50.173","1","0","75 10:03.884","2","0","0","0","67301","0","0","0","N","0","0","0","2","67301","0","","1.0","2100.0","1","N","N","N","0","","0","1","0","3","2","N","2043","2","1","0","0","0","0","0","2","0","2","0","0","0","3","","","N","","","","","","","","","",""
"2020044534","1007","1","0","0","0","0","0","0","0","0","7","0","","67","6","2020","1","39.975083","-75.152278","1007","6","0","0","0","0","0","0","0","0","","0","0","0","10","1","0","N","0","0","39 58:30.300","","0","75 09:08.200","0","0","0","0","67301","0","0","0","N","0","0","0","1","67301","0","","4.0","","1","N","N","N","0","","0","0","1","0","0","","1007","2","0","1","0","0","0","0","2","0","2","0","0","0","3","03","","N","","","","","","","","","",""
"2020085038","1904","1","0","0","0","0","0","0","0","0","8","0","","67","9","2020","4","39.919778","-75.188472","1901","6","0","0","0","0","0","0","0","0","","0","0","0","18","1","1","","2","0","39 55:11.200","","0","75 11:18.500","3","0","0","0","67301","1","0","0","N","1","0","0","2","67301","0","","1.0","","1","N","N","N","0","","1","0","0","3","2","","1823","2","1","0","0","0","0","0","2","0","1","1","0","0","3","03","","N","","","","","","","","","",""
"2020092380","1248","2","0","0","0","0","0","0","0","0","4","0","","67","10","2020","4","40.012889","-75.183683","1246","6","0","0","0","0","0","0","0","0","","0","0","0","12","1","2","N","0","0","40 00:46.399","","7","75 11:01.260","3","0","0","0","67301","0","0","0","N","0","0","0","3","67301","0","","1.0","","1","N","N","N","0","","1","0","0","3","2","","1202","2","2","0","0","0","1","0","2","0","2","0","0","0","4","","","N","","","","","","","","","",""
"2020080868","2200","2","0","0","0","0","0","0","0","0","4","0","","67","9","2020","3","40.040148","-75.122202","2153","6","0","1","0","0","0","1","0","0","","0","0","0","21","3","0","","2","1","40 02:24.532","7","0","75 07:19.927","9","0","0","0","67301","0","0","0","N","0","0","0","3","67301","0","","1.0","2345.0","9","N","N","N","0","","0","0","1","3","3","Y","2146","3","0","0","0","0","0","3","2","0","3","0","0","0","7","","","N","","","","","","","","","",""
"2020089320","1800","2","0","0","0","0","0","0","0","0","5","0","","67","10","2020","7","40.00277","-75.152541","1755","6","0","0","0","0","1","0","0","0","","0","0","0","17","4","0","Y","0","1","40 00:09.971","1","0","75 09:09.146","0","0","0","0","67301","0","0","0","N","0","0","0","2","67505","0","","1.0","1820.0","1","N","N","N","0","","0","0","0","0","0","N","1750","2","0","0","0","0","0","0","2","0","2","0","0","0","3","03","","N","","","","","","","","","",""
"2020094933","2330","2","0","0","0","0","0","0","0","0","4","0","","67","11","2020","3","39.952681","-75.244724","2310","6","0","0","0","0","0","0","0","0","","0","0","0","23","3","0","","1","0","39 57:09.651","","0","75 14:41.006","9","0","0","0","67301","0","0","0","N","0","0","0","2","67301","0","","1.0","","1","N","N","N","0","","0","0","0","3","1","","2303","2","0","0","0","0","0","1","2","0","2","0","0","0","3","03","","N","","","","","","","","","",""
"2020089885","0204","2","0","0","0","0","0","0","0","0","4","0","","67","10","2020","2","40.004631","-75.163953","0159","6","0","0","0","0","0","0","0","0","","0","0","0","1","3","1","","1","2","40 00:16.671","7","0","75 09:50.230","8","0","0","0","67301","0","0","0","N","0","0","0","3","67301","0","","1.0","245.0","1","N","N","N","1","","0","0","0","3","3","N","155","3","1","0","0","0","1","1","2","0","3","0","0","0","3","","","N","","","","","","","","","",""