"CRN","ARRIVAL_TM","AUTOMOBILE_COUNT","BELTED_DEATH_COUNT","BELTED_SUSP_SERIOUS_INJ_COUNT","BICYCLE_COUNT","BICYCLE_DEATH_COUNT","BICYCLE_SUSP_SERIOUS_INJ_COUNT","BUS_COUNT","CHLDPAS_DEATH_COUNT","CHLDPAS_SUSP_SERIOUS_INJ_COUNT","COLLISION_TYPE","COMM_VEH_COUNT","CONS_ZONE_SPD_LIM","COUNTY","CRASH_MONTH","CRASH_YEAR","DAY_OF_WEEK","DEC_LATITUDE","DEC_LONGITUDE","DISPATCH_TM","DISTRICT","DRIVER_COUNT_16YR","DRIVER_COUNT_17YR","DRIVER_COUNT_18YR","DRIVER_COUNT_19YR","DRIVER_COUNT_20YR","DRIVER_COUNT_50_64YR","DRIVER_COUNT_65_74YR","DRIVER_COUNT_75PLUS","EST_HRS_CLOSED","FATAL_COUNT","HEAVY_TRUCK_COUNT","HORSE_BUGGY_COUNT","HOUR_OF_DAY","ILLUMINATION","INJURY_COUNT","INTERSECTION_RELATED","INTERSECT_TYPE","LANE_CLOSED","LATITUDE","LN_CLOSE_DIR","LOCATION_TYPE","LONGITUDE","MAX_SEVERITY_LEVEL","MCYCLE_DEATH_COUNT","MCYCLE_SUSP_SERIOUS_INJ_COUNT","MOTORCYCLE_COUNT","MUNICIPALITY","NONMOTR_COUNT","NONMOTR_DEATH_COUNT","NONMOTR_SUSP_SERIOUS_INJ_COUNT","NTFY_HIWY_MAINT","PED_COUNT","PED_DEATH_COUNT","PED_SUSP_SERIOUS_INJ_COUNT","PERSON_COUNT","POLICE_AGCY","POSSIBLE_INJ_COUNT","RDWY_SURF_TYPE_CD","RELATION_TO_ROAD","ROADWAY_CLEARED","ROAD_CONDITION","SCH_BUS_IND","SCH_ZONE_IND","SECONDARY_CRASH","SMALL_TRUCK_COUNT","SPEC_JURIS_CD","SUSP_MINOR_INJ_COUNT","SUSP_SERIOUS_INJ_COUNT","SUV_COUNT","TCD_FUNC_CD","TCD_TYPE","TFC_DETOUR_IND","TIME_OF_DAY","TOTAL_UNITS","TOT_INJ_COUNT","UNBELTED_OCC_COUNT","UNB_DEATH_COUNT","UNB_SUSP_SERIOUS_INJ_COUNT","UNK_INJ_DEG_COUNT","UNK_INJ_PER_COUNT","URBAN_RURAL","VAN_COUNT","VEHICLE_COUNT","VULNERABLE_ROAD_USER_COUNT","VULNERABLE_ROAD_USER_DEATH_COUNT","VULNERABLE_ROAD_USER_SER_INJ_COUNT","WEATHER1","WEATHER2","WORKERS_PRES","WORK_ZONE_IND","WORK_ZONE_LOC","WORK_ZONE_TYPE","WZ_CLOSE_DETOUR","WZ_FLAGGER","WZ_LAW_OFFCR_IND","WZ_LN_CLOSURE","WZ_MOVING","WZ_OTHER","WZ_SHLDER_MDN","WZ_WORKERS_INJ_KILLED"
"2020087606","","2","0","0","0","0","0","0","0","0","4","0","","67","6","2020","3","40.04364","-75.071314","","6","0","0","0","0","0","0","0","0","","0","0","0","19","1","0","","1","0","40 02:37.104","","0","75 04:16.730","0","0","0","0","67301","0","0","0","N","0","0","0","3","00000","0","","1.0","","1","","","N","0","","0","0","0","0","0","","1930","2","0","0","0","0","0","0","2","0","2","0","0","0","3","","","N","","","","","","","","","",""
"2020081924","0700","1","0","0","0","0","0","0","0","0","7","0","","67","10","2020","6","40.027024","-75.093021","0655","6","0","0","0","0","0","1","0","0","","0","0","0","6","3","2","N","0","0","40 01:37.288","","0","75 05:34.875","3","0","0","0","67301","0","0","0","N","0","0","0","2","67301","0","","3.0","","1","N","N","N","0","","2","0","0","0","0","","650","1","2","0","0","0","0","0","2","0","1","0","0","0","3","","","N","","","","","","","","","",""
"2020089966","0515","2","0","0","0","0","0","0","0","0","4","0","","67","10","2020","2","39.983448","-75.20807","0510","6","0","0","0","0","0","0","0","0","","0","0","0","5","3","0","N","0","0","39 59:00.412","","0","75 12:29.053","0","0","0","0","67301","0","0","0","N","0","0","0","2","68K01","0","","1.0","","9","N","N","N","0","","0","0","0","0","0","","508","2","0","0","0","0","0","0","2","0","2","0","0","0","7","07","","N","","","","","","","","","",""
"2020046602","1711","1","0","0","0","0","0","0","0","0","4","0","","67","6","2020","1","39.964898","-75.224562","1704","6","0","0","0","0","0","1","0","0","","0","0","0","17","1","1","","1","0","39 57:53.634","","0","75 13:28.424","3","0","0","0","67301","0","0","0","N","0","0","0","3","67301","0","","1.0","","1","N","N","N","0","","1","0","1","3","2","","1700","2","1","0","0","0","0","0","2","0","2","0","0","0","3","03","","N","","","","","","","","","",""
"2020044546","0950","0","0","0","0","0","0","0","0","0","4","0","","67","6","2020","7","39.970324","-75.1458","0946","6","0","0","0","0","0","0","0","0","","0","0","0","9","1","1","","1","0","39 58:13.166","","0","75 08:44.881","3","0","0","1","67301","0","0","0","N","0","0","0","2","67301","0","","1.0","","1","N","N","N","0","","1","0","1","3","3","","920","2","1","0","0","0","0","0","2","0","2","0","0","0","3","03","","N","","","","","","","","","",""
"2020050515","0002","1","0","0","0","0","0","0","0","0","7","0","","67","6","2020","6","39.885715","-75.21211","2348","6","0","0","0","0","0","0","0","0","","0","0","0","23","3","0","N","0","1","39 53:08.574","1","0","75 12:43.597","9","0","0","0","67301","0","0","0","N","0","0","0","1","68K01","0","","4.0","45.0","1","N","N","N","0","","0","0","0","0","0","N","2347","1","0","0","0","0","0","1","2","0","1","0","0","0","3","","","N","","","","","","","","","",""
"2020047711","1528","0","0","0","0","0","0","0","0","0","4","0","","67","6","2020","4","40.010232","-75.098089","1528","6","0","0","0","0","0","2","0","0","","0","0","0","14","1","1","","1","1","40 00:36.834","4","0","75 05:53.119","2","0","1","1","67301","0","0","0","N","0","0","0","2","67301","0","","1.0","1712.0","1","N","N","N","0","","0","1","1","3","2","N","1433","2","1","0","0","0","0","0","2","0","2","0","0","0","4","","","N","","","","","","","","","",""
"2020082330","1845","0","0","0","1","0","0","0","0","0","8","0","","67","10","2020","7","39.946653","-75.161022","1841","6","0","0","0","0","0","0","0","1","","0","0","0","18","3","1","Y","0","0","39 56:47.950","","0","75 09:39.680","3","0","0","0","67301","1","0","0","N","0","0","0","2","67301","0","","1.0","","1","N","N","N","1","","1","0","0","3","2","","1835","2","1","1","0","0","0","0","2","0","1","1","0","0","3","03","","N","","","","","","","","","",""
"2020100325","1801","0","0","0","0","0","0","0","0","0","7","0","45","67","11","2020","6","39.899004","-75.174551","1748","6","0","0","0","0","0","1","0","0","","0","0","0","17","3","0","N","0","1","39 53:56.416","1","0","75 10:28.382","0","0","0","0","67301","0","0","0","N","0","0","0","1","68K01","0","","2.0","1828.0","1","N","N","N","1","","0","0","0","0","0","N","1747","1","0","0","0","0","0","0","2","0","1","0","0","0","3","03","N","Y","4","1","","","N","Y","","","","N"
"2020107530","1414","1","0","0","0","0","0","0","0","0","1","0","","67","12","2020","5","39.911178","-75.148977","1338","6","0","0","0","0","0","0","0","0","","0","0","0","13","1","1","N","0","0","39 54:40.241","","0","75 08:56.318","3","0","0","0","67301","0","0","0","N","0","0","0","3","68K01","0","","2.0","","1","N","N","N","0","","1","0","0","0","0","","1333","2","1","1","0","0","0","0","2","1","2","0","0","0","3","03","","N","","","","","","","","","",""
"2020089080","0953","1","0","0","0","0","0","0","0","0","5","0","45","67","10","2020","7","39.977021","-75.113482","0947","6","0","0","0","0","0","0","0","0","","0","0","0","9","1","0","N","0","1","39 58:37.277","2","0","75 06:48.535","0","0","0","0","67301","0","0","0","N","0","0","0","2","68K01","0","","1.0","1005.0","1","N","N","N","0","","0","0","0","0","0","N","946","2","0","1","0","0","0","0","2","0","2","0","0","0","3","","N","Y","8","1","","","N","","","","Y","N"
"2020112973","1930","1","0","0","0","0","0","0","0","0","2","0","","67","12","2020","2","39.99178","-75.186379","1927","6","0","0","0","0","0","0","1","0","","0","0","0","19","3","3","","1","0","39 59:30.408","","0","75 11:10.966","2","0","0","0","67301","0","0","0","N","0","0","0","5","67301","0","","1.0","","1","N","N","N","0","","2","1","1","3","2","","1914","2","3","0","0","0","0","0","2","0","2","0","0","0","3","03","","N","","","","","","","","","",""
"2020090649","1525","2","0","0","0","0","0","0","0","0","4","0","","67","10","2020","3","40.00161","-75.128583","1520","6","0","0","0","0","0","0","0","0","","0","0","0","7","1","1","","1","0","40 00:05.796","","0","75 07:42.898","3","0","0","0","67301","0","0","0","N","0","0","0","2","67301","0","","1.0","","1","N","N","N","0","","1","0","0","3","2","","740","2","1","0","0","0","0","1","2","0","2","0","0","0","3","03","","N","","","","","","","","","",""
"2020096477","1920","0","0","0","0","0","0","0","0","0","7","0","99","67","11","2020","3","40.029094","-75.210638","1912","6","0","0","0","0","0","0","0","0","","0","0","0","19","3","2","N","0","0","40 01:44.738","","0","75 12:38.297","3","0","0","0","67301","2","0","0","N","2","0","0","3","67301","0","","1.0","","1","N","N","N","0","","2","0","1","0","0","","1909","3","2","1","0","0","0","0","2","0","1","2","0","0","3","03","U","Y","4","1","","","U","","","Y","Y","N"
"2020104885","0740","1","0","0","0","0","0","0","0","0","5","0","","67","12","2020","7","39.989564","-75.157069","0730","6","0","0","0","0","0","0","0","0","","0","0","0","4","3","0","N","0","1","39 59:22.430","4","0","75 09:25.450","9","0","0","0","67301","0","0","0","N","0","0","0","1","67301","0","","1.0","100.0","9","N","N","N","1","","0","0","0","0","0","N","400","2","0","1","0","0","0","1","2","0","2","0","0","0","7","04","","N","","","","","","","","","",""
"2020095599","0953","1","0","0","0","0","0","0","0","0","4","0","","67","11","2020","6","39.921524","-75.170366","0948","6","0","0","0","0","0","0","0","0","","0","0","0","9","1","1","N","0","2","39 55:17.486","2","0","75 10:13.319","8","0","0","0","67301","0","0","0","N","0","0","0","2","67301","0","","1.0","1045.0","1","N","N","N","0","","0","0","1","0","0","Y","945","2","1","0","0","0","1","0","2","0","2","0","0","0","3","","","N","","","","","","","","","",""
"2020053265","2220","2","0","0","0","0","0","0","0","0","5","0","","67","7","2020","7","39.920481","-75.180347","2216","6","0","0","0","0","0","0","0","0","","0","0","0","21","3","0","N","0","0","39 55:13.730","","0","75 10:49.250","0","0","0","0","67301","0","0","0","N","0","0","0","1","67301","0","","6.0","","1","N","N","N","0","","0","0","1","0","0","","2157","3","0","0","0","0","0","0","2","0","3","0","0","0","3","","","N","","","","","","","","","",""
"2020053104","0740","0","0","0","0","0","0","0","0","0","4","0","","67","7","2020","5","39.940534","-75.218905","0728","6","0","0","0","0","0","2","0","0","","0","0","0","5","1","1","","1","0","39 56:25.922","","0","75 13:08.059","3","0","0","0","67301","0","0","0","N","0","0","0","2","67301","0","","1.0","","1","N","N","Y","0","","1","0","2","3","2","","522","3","1","1","0","0","0","0","2","1","3","0","0","0","3","03","","N","","","","","","","","","",""
"2020079246","0809","3","0","0","0","0","0","0","0","0","5","0","","67","9","2020","7","39.983306","-75.160222","0807","6","0","0","0","0","0","0","0","1","","0","0","0","8","1","0","N","0","1","39 58:59.900","4","0","75 09:36.800","0","0","0","0","67301","0","0","0","N","0","0","0","1","67301","0","","6.0","851.0","9","N","N","N","0","","0","0","2","0","0","N","805","5","0","0","0","0","0","0","2","0","5","0","0","0","7","","","N","","","","","","","","","",""
"2020079563","1159","0","0","0","0","0","0","0","0","0","4","0","","67","9","2020","1","39.923694","-75.232111","1156","6","0","0","0","0","0","1","0","0","","0","0","0","11","1","1","","2","0","39 55:25.300","","0","75 13:55.600","8","0","0","1","67301","0","0","0","N","0","0","0","2","67301","0","","1.0","","1","N","N","N","0","","0","0","1","3","3","","1155","2","1","1","0","0","1","0","2","0","2","0","0","0","3","03","","N","","","","","","","","","",""
"2020079318","1745","0","0","0","0","0","0","0","0","0","8","0","","67","9","2020","6","39.928066","-75.168814","1743","6","0","0","0","0","0","0","0","0","","0","0","0","17","1","1","","1","0","39 55:41.036","","0","75 10:07.732","3","0","0","0","67301","1","0","0","N","1","0","0","2","67301","0","","1.0","","1","N","N","N","0","","1","0","1","3","2","","1732","2","1","0","0","0","0","0","2","0","1","1","0","0","3","03","","N","","","","","","","","","",""
"2020079647","1402","1","0","0","0","0","0","0","0","0","4","0","","67","9","2020","1","40.059359","-75.15115","1402","6","0","0","0","0","0","0","0","0","","0","0","0","14","1","1","","1","2","40 03:33.692","6","0","75 09:04.139","3","0","0","0","67301","0","0","0","N","0","0","0","2","67301","0","","1.0","1600.0","1","N","N","N","0","","1","0","1","3","3","Y","1402","2","1","0","0","0","0","0","2","0","2","0","0","0","3","03","","N","","","","","","","","","",""
"2020049429","0816","2","0","0","0","0","0","0","0","0","4","0","","67","6","2020","3","39.957396","-75.19777","0814","6","0","0","0","0","0","0","0","0","","0","0","0","8","1","1","","1","0","39 57:26.624","","0","75 11:51.973","8","0","0","0","67301","0","0","0","N","0","0","0","2","67301","0","","1.0","","1","N","N","N","0","","0","0","0","3","3","","810","2","1","0","0","0","1","0","2","0","2","0","0","0","3","","","N","","","","","","","","","",""
"2020045494","1605","0","0","0","0","0","0","0","0","0","4","0","","67","6","2020","3","40.05775","-75.041417","1545","6","0","0","0","0","0","1","0","0","","0","0","0","15","1","1","","1","0","40 03:27.899","","0","75 02:29.102","3","0","0","0","67301","0","0","0","N","0","0","0","2","67301","0","","1.0","","1","N","N","N","0","","1","0","1","3","2","","1542","2","1","0","0","0","0","0","2","1","2","0","0","0","3","","","N","","","","","","","","","",""
"2020087784","2215","0","0","0","0","0","0","0","0","0","7","0","","67","10","2020","7","40.026886","-75.094284","2210","6","0","0","0","0","0","1","0","0","","1","0","0","22","3","0","N","0","2","40 01:36.788","2","0","75 05:39.422","1","0","0","0","67301","0","0","0","N","0","0","0","1","67301","0","2","4.0","216.0","1","N","N","N","0","0","0","0","1","0","0","Y","2209","1","0","0","0","0","0","0","2","0","1","0","0","0","3","03","","N","","","","","","","","","",""
"2020089081","1142","1","0","0","0","0","0","0","0","0","5","0","","67","10","2020","7","40.019253","-75.046042","1133","6","0","0","0","0","0","1","0","0","","0","0","0","11","1","1","","6","0","40 01:09.310","","2","75 02:45.750","3","0","0","1","67301","0","0","0","N","0","0","0","2","68K01","0","","7.0","","1","N","N","N","0","","1","0","0","0","0","","1126","2","1","0","0","0","0","0","2","0","2","0","0","0","3","","","N","","","","","","","","","",""
"2020081633","0122","1","0","0","0","0","0","0","0","0","1","0","","67","10","2020","7","40.032863","-75.106604","0119","6","0","0","0","0","0","0","0","0","","0","0","0","1","3","0","N","0","0","40 01:58.308","","0","75 06:23.773","0","0","0","0","67301","0","0","0","N","0","0","0","1","67301","0","","1.0","","1","N","N","N","0","","0","0","1","0","0","","109","2","0","1","0","0","0","0","2","0","2","0","0","0","3","03","","N","","","","","","","","","",""
"2020086894","2305","1","0","0","0","0","0","0","0","0","4","0","","67","10","2020","5","39.978483","-75.209231","2303","6","0","0","0","0","1","0","0","0","","0","0","0","23","3","1","","2","0","39 58:42.540","","0","75 12:33.230","8","0","0","0","67301","0","0","0","N","0","0","0","2","67301","0","","1.0","","9","N","N","N","0","","0","0","1","3","3","","2303","2","1","0","0","0","1","0","2","0","2","0","0","0","7","07","","N","","","","","","","","","",""
"2020094362","0237","0","0","0","0","0","0","0","0","0","5","0","","67","10","2020","1","39.964826","-75.185165","0237","6","0","0","0","0","0","0","0","0","","0","0","0","2","3","2","N","0","1","39 57:53.372","4","0","75 11:06.595","3","0","0","0","67301","0","0","0","N","0","0","0","6","68K01","0","","1.0","330.0","1","N","N","N","0","","2","0","2","0","0","N","237","3","2","2","0","0","0","1","2","0","3","0","0","0","3","03","","N","","","","","","","","","",""
"2020081925","0430","0","0","0","0","0","0","0","0","0","8","0","","67","10","2020","7","40.047278","-75.059111","0425","6","0","0","0","0","0","1","0","0","","0","0","0","4","3","1","N","0","0","40 02:50.201","","7","75 03:32.800","8","0","0","0","67301","1","0","0","N","1","0","0","2","67301","0","","4.0","","1","N","N","N","0","","0","0","1","3","8","","423","2","1","0","0","0","1","0","2","0","1","1","0","0","3","03","","N","","","","","","","","","",""
"2020091739","1607","1","0","0","0","0","0","0","0","0","1","0","35","67","10","2020","6","39.911778","-75.169167","1600","6","0","0","0","0","0","0","0","0","","0","0","0","16","1","1","","6","2","39 54:42.400","3","8","75 10:09.000","3","0","0","0","67301","0","0","0","N","0","0","0","2","67501","0","","7.0","1625.0","1","N","N","N","0","","1","0","0","3","3","N","1600","2","1","0","0","0","0","1","2","0","2","0","0","0","3","","Y","Y","8","1","","","N","Y","","","","N"
"2020097835","2140","1","0","0","0","0","0","0","0","0","4","0","","67","10","2020","3","40.03501","-75.063914","2140","6","0","0","0","0","0","0","1","0","","0","0","0","21","3","0","N","0","0","40 02:06.036","","7","75 03:50.089","9","0","0","0","67301","0","0","0","N","0","0","0","3","67301","0","","1.0","","1","N","N","N","1","","0","0","0","0","0","","2140","2","0","0","0","0","0","1","2","0","2","0","0","0","3","","","N","","","","","","","","","",""
"2020045428","0900","1","0","0","0","0","0","0","0","0","7","0","","67","6","2020","4","40.034269","-75.172557","0841","6","0","0","0","0","0","0","0","0","","0","0","0","6","5","0","N","0","0","40 02:03.369","","0","75 10:21.206","0","0","0","0","67301","0","0","0","N","0","0","0","1","67301","0","","4.0","","1","N","N","N","0","","0","0","0","0","0","","630","1","0","0","0","0","0","0","2","0","1","0","0","0","3","03","","N","","","","","","","","","",""
"2020046988","2124","3","0","0","0","0","0","0","0","0","5","0","45","67","6","2020","2","39.986778","-75.091031","2115","6","0","0","0","0","1","0","0","0","","0","0","0","21","3","6","N","0","1","39 59:12.400","1","0","75 05:27.711","3","0","0","0","67301","0","0","0","N","0","0","0","16","68K01","0","","1.0","2221.0","1","N","N","N","0","","6","0","4","0","0","N","2113","7","6","0","0","0","0","0","2","0","7","0","0","0","3","","N","Y","3","2","","","N","Y","","","","N"
"2020081737","2051","0","0","0","0","0","0","0","0","0","7","0","","67","9","2020","4","39.933011","-75.238036","2051","6","0","0","0","0","0","0","0","0","","0","0","0","18","3","1","N","0","0","39 55:58.840","","0","75 14:16.928","8","0","0","1","67301","0","0","0","N","0","0","0","1","67301","0","","4.0","","1","N","N","N","0","","0","0","0","0","0","","1825","1","1","0","0","0","1","0","2","0","1","0","0","0","3","98","","N","","","","","","","","","",""
"2020103347","2305","2","0","0","0","0","0","0","0","0","1","0","","67","11","2020","2","39.963413","-75.183843","2258","6","0","0","0","0","0","0","0","0","","0","0","0","22","3","0","N","0","0","39 57:48.287","","0","75 11:01.834","0","0","0","0","67301","0","0","0","N","0","0","0","2","68K01","0","","1.0","","1","N","N","N","0","","0","0","0","0","0","","2241","2","0","0","0","0","0","0","2","0","2","0","0","0","3","","","N","","","","","","","","","",""
"2020104602","1655","1","0","0","0","0","0","0","0","0","1","0","","67","11","2020","5","39.985744","-75.093391","1646","6","0","0","0","1","0","0","0","0","","0","0","0","16","1","0","N","0","2","39 59:08.678","2","0","75 05:36.207","0","0","0","0","67301","0","0","0","N","0","0","0","6","68K01","0","","1.0","30.0","1","N","N","N","0","","0","0","1","0","0","Y","1644","2","0","0","0","0","0","0","2","0","2","0","0","0","3","03","","N","","","","","","","","","",""
"2020081746","2332","2","0","0","0","0","0","0","0","0","7","0","","67","10","2020","6","40.018372","-75.16858","2312","6","0","0","0","0","0","0","0","0","","0","0","0","23","3","0","N","0","2","40 01:06.140","2","0","75 10:06.889","0","0","0","0","67301","0","0","0","N","0","0","0","2","67301","0","","3.0","30.0","1","N","N","N","0","","0","0","0","0","0","Y","2311","4","0","0","0","0","0","0","2","0","2","0","0","0","3","03","","N","","","","","","","","","",""
"2020089093","0525","0","0","0","0","0","0","0","0","0","7","1","45","67","10","2020","5","40.011976","-75.059873","0517","6","0","0","0","0","0","0","0","0","","0","1","0","5","1","0","N","0","2","40 00:43.112","1","0","75 03:35.541","0","0","0","0","67301","0","0","0","Y","0","0","0","1","68K01","0","","4.0","630.0","1","N","N","N","0","","0","0","0","0","0","N","516","1","0","0","0","0","0","0","2","0","1","0","0","0","3","03","N","Y","8","1","","","N","Y","","","","N"
"2020081549","1028","0","0","0","0","0","0","0","0","0","7","0","","67","10","2020","6","39.996611","-75.162694","1028","6","0","0","0","0","0","0","0","0","","0","0","0","10","1","0","","2","1","39 59:47.800","2","0","75 09:45.700","0","0","0","0","67301","0","0","0","N","0","0","0","1","67301","0","","4.0","1118.0","9","N","N","N","0","","0","0","1","0","0","Y","1028","1","0","0","0","0","0","0","2","0","1","0","0","0","4","04","","N","","","","","","","","","",""
"2020112978","0200","1","0","0","0","0","0","0","0","0","2","0","","67","12","2020","5","39.988439","-75.119928","0200","6","0","0","0","0","0","0","0","0","","0","0","0","2","3","0","N","0","0","39 59:18.380","","0","75 07:11.740","0","0","0","0","67301","0","0","0","N","0","0","0","1","67301","0","","1.0","","1","N","N","N","0","","0","0","2","0","0","","200","3","0","1","0","0","0","0","2","0","3","0","0","0","3","03","","N","","","","","","","","","",""
"2020104797","0935","2","0","0","0","0","0","0","0","0","1","0","","67","12","2020","5","40.006759","-75.19337","0910","6","0","0","0","0","1","1","0","0","","0","0","0","9","1","1","N","0","0","40 00:24.333","","3","75 11:36.133","3","0","0","0","67301","0","0","0","N","0","0","0","2","67301","0","","1.0","","1","N","N","N","0","","1","0","0","0","0","","900","2","1","0","0","0","0","0","2","0","2","0","0","0","3","03","","N","","","","","","","","","",""
"2020095643","1435","0","0","0","0","0","0","0","0","0","7","0","","67","9","2020","4","39.970361","-75.124722","1415","6","0","0","0","0","0","1","0","0","","0","0","0","14","1","1","","7","0","39 58:13.300","","2","75 07:29.000","3","0","0","0","67301","0","0","0","Y","0","0","0","3","68K01","0","","7.0","","1","N","N","N","0","","1","0","3","0","0","","1413","3","1","0","0","0","0","0","2","0","3","0","0","0","3","","","N","","","","","","","","","",""
"2020081879","1351","0","0","0","0","0","0","0","0","0","8","0","","67","10","2020","7","40.0315","-75.117417","1351","6","0","0","0","0","0","0","0","1","","0","0","0","13","1","1","N","0","0","40 01:53.400","","0","75 07:02.700","8","0","0","0","67301","1","0","0","N","1","0","0","2","67301","0","","1.0","","1","N","N","N","0","","0","0","0","0","0","","1325","2","1","0","0","0","1","0","2","1","1","1","0","0","3","","","N","","","","","","","","","",""
"2020096142","0015","0","0","0","0","0","0","0","0","0","7","0","","67","11","2020","1","39.933196","-75.200006","0011","6","0","0","1","0","0","0","0","0","","0","0","0","23","3","0","N","0","0","39 55:59.507","","0","75 12:00.021","0","0","0","0","67301","0","0","0","N","0","0","0","2","68K01","0","","4.0","","1","N","N","N","0","","0","0","1","0","0","","2350","1","0","0","0","0","0","0","2","0","1","0","0","0","3","03","","N","","","","","","","","","",""
"2020083033","1206","2","0","0","0","0","0","0","0","0","4","0","","67","10","2020","1","40.024636","-75.123675","1206","6","0","0","0","0","0","0","0","0","","0","0","0","0","3","2","","1","0","40 01:28.689","","0","75 07:25.230","3","0","0","0","67301","0","0","0","N","0","0","0","3","67301","1","","1.0","","1","N","N","N","0","","1","0","1","3","2","","0","3","2","3","0","0","0","0","2","0","3","0","0","0","3","03","","N","","","","","","","","","",""
"2020082032","1552","1","0","0","0","0","0","0","0","0","4","0","","67","10","2020","6","40.040474","-75.047431","1547","6","0","0","0","0","0","1","0","0","","0","0","0","15","1","2","","1","2","40 02:25.707","3","0","75 02:50.752","3","0","0","0","67301","0","0","0","N","0","0","0","2","67301","0","","1.0","100.0","1","N","N","Y","0","","2","0","1","3","2","Y","1545","2","2","0","0","0","0","0","2","0","2","0","0","0","3","03","","N","","","","","","","","","",""
"2020096604","2300","1","0","0","0","0","0","0","0","0","8","0","","67","11","2020","2","39.977575","-75.158181","2300","6","0","0","0","0","0","0","0","0","","0","0","0","18","3","1","N","0","0","39 58:39.270","","0","75 09:29.450","3","0","0","0","67301","1","0","0","N","1","0","0","2","67301","0","","1.0","","1","N","N","N","0","","1","0","0","0","0","","1840","2","1","0","0","0","0","0","2","0","1","1","0","0","3","","","N","","","","","","","","","",""
"2020093927","1435","2","0","0","0","0","0","0","0","0","4","0","","67","11","2020","3","39.973833","-75.206444","1430","6","0","0","0","0","0","0","0","0","","0","0","0","14","1","5","","1","2","39 58:25.797","7","0","75 12:23.198","3","0","0","0","67301","0","0","0","N","0","0","0","6","67301","0","","1.0","1620.0","1","N","N","N","0","","1","0","1","3","2","Y","1420","3","5","0","0","0","4","1","2","0","3","0","0","0","3","03","","N","","","","","","","","","",""
"2020102880","0428","1","0","0","0","0","0","0","0","0","7","0","","67","11","2020","5","39.955528","-75.148164","0427","6","0","0","0","0","0","1","0","0","","0","0","0","4","3","0","N","0","0","39 57:19.901","","2","75 08:53.389","0","0","0","0","67301","0","0","0","N","0","0","0","1","67501","0","","3.0","","9","N","N","N","0","","0","0","0","0","0","","427","1","0","0","0","0","0","0","2","0","1","0","0","0","7","","","N","","","","","","","","","",""
"2020098010","1800","1","0","0","0","0","0","0","0","0","1","0","","67","11","2020","1","39.985621","-75.138468","1757","6","0","0","0","0","0","1","0","0","","0","0","0","17","3","0","N","0","0","39 59:08.234","","0","75 08:18.485","0","0","0","0","67301","0","0","0","N","0","0","0","2","67301","0","","1.0","","1","N","N","Y","0","","0","0","1","0","0","","1750","2","0","2","0","0","0","0","2","0","2","0","0","0","3","","","N","","","","","","","","","",""
"2020102129","1518","1","0","0","0","0","0","0","0","0","4","0","","67","11","2020","4","39.956552","-75.231667","1518","6","0","0","0","0","0","0","0","0","","0","0","0","11","1","0","","1","0","39 57:23.587","","0","75 13:54.001","9","0","0","0","67301","0","0","0","N","0","0","0","1","67301","0","","1.0","","1","N","N","N","0","","0","0","2","0","0","","1145","3","0","0","0","0","0","1","2","0","3","0","0","0","3","","","N","","","","","","","","","",""
"2020100802","0542","3","0","0","0","0","0","0","0","0","5","0","","67","11","2020","1","40.010809","-75.097966","0541","6","0","0","0","0","0","0","0","0","","0","0","0","5","3","0","N","0","0","40 00:38.914","","0","75 05:52.678","0","0","0","0","67301","0","0","0","N","0","0","0","1","67301","0","","1.0","","1","N","N","N","0","","0","0","0","0","0","","525","3","0","0","0","0","0","0","2","0","3","0","0","0","3","03","","N","","","","","","","","","",""
"2020088208","2150","0","0","0","0","0","0","0","0","0","8","0","","67","10","2020","6","40.042163","-75.159451","2149","6","0","0","0","0","0","0","0","0","","0","0","0","21","3","1","N","0","0","40 02:31.788","","0","75 09:34.022","8","0","0","0","67301","1","0","0","N","1","0","0","2","67301","0","","1.0","","1","N","N","N","0","","0","0","0","0","0","","2148","2","1","0","0","0","1","1","2","0","1","1","0","0","3","03","","N","","","","","","","","","",""
"2020083015","1500","1","0","0","0","0","0","0","0","0","4","0","","67","10","2020","6","39.928041","-75.219284","1430","6","0","0","0","0","0","0","1","0","","0","0","0","13","1","1","","1","1","39 55:40.948","3","0","75 13:09.423","2","0","1","1","67301","0","0","0","N","0","0","0","2","67301","0","","1.0","1730.0","1","N","N","N","0","","0","1","0","3","2","N","1330","2","1","0","0","0","0","0","2","0","2","0","0","0","3","03","","N","","","","","","","","","",""
"2020047912","1141","1","0","0","0","0","0","0","0","0","8","0","","67","6","2020","5","39.997308","-75.111942","1141","6","0","0","0","0","0","0","0","0","","0","0","0","11","1","1","N","0","0","39 59:50.310","","0","75 06:42.990","3","0","0","0","67301","1","0","0","N","1","0","0","2","67301","0","","1.0","","9","N","N","N","0","","1","0","0","0","0","","1141","2","1","0","0","0","0","0","2","0","1","1","0","0","7","04","","N","","","","","","","","","",""