"CRN","ARRIVAL_TM","AUTOMOBILE_COUNT","BELTED_DEATH_COUNT","BELTED_SUSP_SERIOUS_INJ_COUNT","BICYCLE_COUNT","BICYCLE_DEATH_COUNT","BICYCLE_SUSP_SERIOUS_INJ_COUNT","BUS_COUNT","CHLDPAS_DEATH_COUNT","CHLDPAS_SUSP_SERIOUS_INJ_COUNT","COLLISION_TYPE","COMM_VEH_COUNT","CONS_ZONE_SPD_LIM","COUNTY","CRASH_MONTH","CRASH_YEAR","DAY_OF_WEEK","DEC_LATITUDE","DEC_LONGITUDE","DISPATCH_TM","DISTRICT","DRIVER_COUNT_16YR","DRIVER_COUNT_17YR","DRIVER_COUNT_18YR","DRIVER_COUNT_19YR","DRIVER_COUNT_20YR","DRIVER_COUNT_50_64YR","DRIVER_COUNT_65_74YR","DRIVER_COUNT_75PLUS","EST_HRS_CLOSED","FATAL_COUNT","HEAVY_TRUCK_COUNT","HORSE_BUGGY_COUNT","HOUR_OF_DAY","ILLUMINATION","INJURY_COUNT","INTERSECTION_RELATED","INTERSECT_TYPE","LANE_CLOSED","LATITUDE","LN_CLOSE_DIR","LOCATION_TYPE","LONGITUDE","MAX_SEVERITY_LEVEL","MCYCLE_DEATH_COUNT","MCYCLE_SUSP_SERIOUS_INJ_COUNT","MOTORCYCLE_COUNT","MUNICIPALITY","NONMOTR_COUNT","NONMOTR_DEATH_COUNT","NONMOTR_SUSP_SERIOUS_INJ_COUNT","NTFY_HIWY_MAINT","PED_COUNT","PED_DEATH_COUNT","PED_SUSP_SERIOUS_INJ_COUNT","PERSON_COUNT","POLICE_AGCY","POSSIBLE_INJ_COUNT","RDWY_SURF_TYPE_CD","RELATION_TO_ROAD","ROADWAY_CLEARED","ROAD_CONDITION","SCH_BUS_IND","SCH_ZONE_IND","SECONDARY_CRASH","SMALL_TRUCK_COUNT","SPEC_JURIS_CD","SUSP_MINOR_INJ_COUNT","SUSP_SERIOUS_INJ_COUNT","SUV_COUNT","TCD_FUNC_CD","TCD_TYPE","TFC_DETOUR_IND","TIME_OF_DAY","TOTAL_UNITS","TOT_INJ_COUNT","UNBELTED_OCC_COUNT","UNB_DEATH_COUNT","UNB_SUSP_SERIOUS_INJ_COUNT","UNK_INJ_DEG_COUNT","UNK_INJ_PER_COUNT","URBAN_RURAL","VAN_COUNT","VEHICLE_COUNT","VULNERABLE_ROAD_USER_COUNT","VULNERABLE_ROAD_USER_DEATH_COUNT","VULNERABLE_ROAD_USER_SER_INJ_COUNT","WEATHER1","WEATHER2","WORKERS_PRES","WORK_ZONE_IND","WORK_ZONE_LOC","WORK_ZONE_TYPE","WZ_CLOSE_DETOUR","WZ_FLAGGER","WZ_LAW_OFFCR_IND","WZ_LN_CLOSURE","WZ_MOVING","WZ_OTHER","WZ_SHLDER_MDN","WZ_WORKERS_INJ_KILLED"
"2020081551","1243","2","0","0","0","0","0","0","0","0","4","0","","67","10","2020","6","40.020993","-75.182434","1243","6","0","0","0","0","0","0","0","0","","0","0","0","12","1","0","","1","0","40 01:15.575","","0","75 10:56.764","0","0","0","0","67301","0","0","0","N","0","0","0","2","67301","0","","1.0","","1","N","N","N","0","","0","0","0","3","3","","1235","2","0","0","0","0","0","0","2","0","2","0","0","0","3","03","","N","","","","","","","","","",""
"2020090131","1824","0","0","0","0","0","0","0","0","0","4","0","","67","10","2020","2","40.047122","-75.097998","1823","6","0","0","0","1","0","1","0","0","","0","0","0","18","3","3","","1","0","40 02:49.639","","0","75 05:52.794","3","0","0","0","67301","0","0","0","N","0","0","0","3","67301","0","","1.0","","9","N","N","Y","1","","3","0","1","3","2","","1807","2","3","0","0","0","0","0","2","0","2","0","0","0","7","07","","N","","","","","","","","","",""
"2020080866","2200","1","0","0","0","0","0","0","0","0","1","0","","67","9","2020","3","39.975833","-75.263194","2159","6","0","0","0","0","0","1","0","0","","0","0","0","21","3","0","","1","0","39 58:33.000","","0","75 15:47.500","0","0","0","0","67301","0","0","0","N","0","0","0","3","67301","0","","1.0","","9","N","N","N","0","","0","0","1","3","2","","2155","3","0","1","0","0","0","0","2","1","3","0","0","0","7","07","","N","","","","","","","","","",""
"2020081738","0842","0","0","0","0","0","0","0","0","0","5","0","","67","10","2020","5","39.924139","-75.227861","0839","6","0","0","0","0","0","0","0","0","","0","0","0","7","1","1","N","0","0","39 55:26.900","","0","75 13:40.300","3","0","0","0","67301","0","0","0","N","0","0","0","1","67301","0","","6.0","","1","N","N","N","0","","1","0","1","0","0","","745","2","1","0","0","0","0","0","2","0","2","0","0","0","3","03","","N","","","","","","","","","",""
"2020096706","1259","2","0","0","0","0","0","0","0","0","1","0","","67","10","2020","4","39.942749","-75.142883","1253","6","0","0","0","0","0","1","0","0","","0","0","0","12","1","1","N","0","1","39 56:33.898","1","0","75 08:34.379","4","0","0","0","67301","0","0","0","N","0","0","0","3","68K01","1","","1.0","15.0","1","N","N","N","0","","0","0","1","0","0","N","1250","3","1","0","0","0","0","0","2","0","3","0","0","0","3","","","N","","","","","","","","","",""
"2020048738","0857","1","0","0","0","0","0","0","0","0","4","0","","67","6","2020","2","40.031348","-75.084948","0845","6","0","0","0","0","0","1","0","0","","0","0","0","8","1","0","","5","2","40 01:52.852","1","0","75 05:05.812","0","0","0","0","67301","0","0","0","N","0","0","0","2","67301","0","","1.0","906.0","1","N","N","N","0","","0","0","1","3","2","Y","844","2","0","0","0","0","0","0","2","0","2","0","0","0","3","03","","N","","","","","","","","","",""
"2020083346","2103","2","0","0","0","0","0","0","0","0","4","0","","67","10","2020","1","39.976256","-75.209328","2057","6","0","0","0","0","0","0","0","0","","0","0","0","20","3","0","","2","0","39 58:34.522","","0","75 12:33.581","9","0","0","0","67301","0","0","0","N","0","0","0","2","67301","0","","1.0","","1","N","N","N","0","","0","0","0","3","2","","2057","2","0","0","0","0","0","1","2","0","2","0","0","0","3","","","N","","","","","","","","","",""
"2020092967","0704","2","0","0","0","0","0","0","0","0","4","0","","67","11","2020","3","40.017439","-75.172212","0701","6","0","0","0","0","0","0","0","0","","0","0","0","6","5","1","","2","0","40 01:02.780","","0","75 10:19.963","3","0","0","0","67301","0","0","0","N","0","0","0","3","67301","0","","7.0","","1","N","N","N","0","","1","0","0","9","4","","630","2","1","0","0","0","0","0","2","0","2","0","0","0","3","04","","N","","","","","","","","","",""
"2020094442","0835","1","0","0","0","0","0","0","0","0","6","0","","67","11","2020","1","39.948518","-75.217999","0808","6","0","0","0","0","0","0","0","0","","0","0","0","8","1","1","N","0","0","39 56:54.664","","0","75 13:04.795","3","0","0","0","67301","0","0","0","N","0","0","0","1","67301","0","","6.0","","1","N","N","N","0","","1","0","1","0","0","","806","4","1","0","0","0","0","0","2","2","4","0","0","0","3","03","","N","","","","","","","","","",""
"2020093221","0135","3","0","0","0","0","0","0","0","0","4","0","","67","10","2020","7","39.976708","-75.227985","0130","6","0","0","0","0","0","0","0","0","","0","0","0","1","3","0","","2","0","39 58:36.148","","0","75 13:40.745","0","0","0","0","67301","0","0","0","N","0","0","0","1","67301","0","","1.0","","1","N","N","N","1","","0","0","0","3","3","","130","4","0","0","0","0","0","0","2","0","4","0","0","0","3","","","N","","","","","","","","","",""
"2020080528","1655","0","0","0","1","0","0","0","0","0","8","0","","67","9","2020","2","40.005006","-75.179289","1639","6","0","0","0","0","0","1","0","0","","0","0","0","14","1","1","N","0","0","40 00:18.021","","0","75 10:45.441","8","0","0","0","67301","1","0","0","N","0","0","0","2","67301","0","","1.0","","1","N","N","N","1","","0","0","0","0","0","","1429","2","1","0","0","0","1","0","2","0","1","1","0","0","3","03","","N","","","","","","","","","",""
"2020083915","1349","1","0","0","0","0","0","0","0","0","5","0","","67","10","2020","1","40.015691","-75.117437","1349","6","0","0","0","0","0","0","0","0","","0","0","0","13","1","0","N","0","0","40 00:56.488","","0","75 07:02.773","0","0","0","0","67301","0","0","0","N","0","0","0","1","67301","0","","6.0","","1","N","N","N","0","","0","0","0","0","0","","1326","2","0","0","0","0","0","0","2","0","2","0","0","0","3","03","","N","","","","","","","","","",""
"2020083284","1853","0","0","0","0","0","0","0","0","0","7","0","","67","10","2020","5","39.922854","-75.191258","1843","6","0","0","0","0","0","0","0","0","","0","0","0","18","3","1","N","0","2","39 55:22.275","4","0","75 11:28.530","8","0","0","1","67301","0","0","0","N","0","0","0","1","68K01","0","","4.0","30.0","1","N","N","N","0","","0","0","0","0","0","N","1841","1","1","0","0","0","1","0","2","0","1","0","0","0","3","","","N","","","","","","","","","",""
"2020094364","0713","0","0","0","0","0","0","0","0","0","7","0","","67","10","2020","2","39.964101","-75.184298","0702","6","0","0","0","0","0","0","0","0","","0","0","0","7","3","1","N","7","2","39 57:50.764","4","2","75 11:03.472","8","0","0","0","67301","0","0","0","N","0","0","0","1","68K01","0","","4.0","730.0","9","N","N","N","0","","0","0","1","3","8","N","700","1","1","0","0","0","1","0","2","0","1","0","0","0","7","","","N","","","","","","","","","",""
"2020097135","1653","1","0","0","0","0","0","0","0","0","4","0","","67","11","2020","1","39.930725","-75.176501","1647","6","0","0","0","0","0","1","0","0","","0","0","0","16","4","1","","1","0","39 55:50.610","","0","75 10:35.403","3","0","0","0","67301","0","0","0","N","0","0","0","2","67301","0","","1.0","","9","N","N","N","0","","1","0","1","3","3","","1640","2","1","0","0","0","0","0","2","0","2","0","0","0","3","","","N","","","","","","","","","",""
"2020092309","1043","0","0","0","0","0","0","0","0","0","4","0","","67","10","2020","4","39.921667","-75.19025","1042","6","0","0","0","0","0","1","0","0","","0","0","0","18","3","1","","5","0","39 55:18.000","","8","75 11:24.900","3","0","0","0","67301","0","0","0","N","0","0","0","2","67301","0","","1.0","","1","N","N","N","0","","1","0","2","3","2","","1830","2","1","0","0","0","0","1","2","0","2","0","0","0","4","","","N","","","","","","","","","",""
"2020083261","0226","1","0","0","0","0","0","0","0","0","7","0","","67","9","2020","3","39.932939","-75.200029","0224","6","0","0","0","0","0","0","0","0","","0","0","0","2","3","1","N","0","1","39 55:58.582","4","0","75 12:00.105","3","0","0","0","67301","0","0","0","N","0","0","0","1","68K01","0","","3.0","240.0","1","N","N","N","0","","1","0","0","0","0","N","220","1","1","0","0","0","0","0","2","0","1","0","0","0","3","","","N","","","","","","","","","",""
"2020052683","2233","2","0","0","0","0","0","0","0","0","4","0","","67","6","2020","4","40.043155","-75.16721","2233","6","0","0","0","0","0","0","0","0","","0","0","0","22","3","2","","1","0","40 02:35.358","","0","75 10:01.956","3","0","0","0","67301","0","0","0","N","0","0","0","2","67301","0","","1.0","","1","N","N","Y","0","","1","0","0","3","2","","2233","2","2","1","0","0","1","0","2","0","2","0","0","0","3","","","N","","","","","","","","","",""
"2020081931","0053","2","0","0","0","0","0","0","0","0","6","0","","67","10","2020","7","39.990694","-75.165917","0049","6","0","0","0","0","0","0","0","0","","0","0","0","0","3","0","N","0","2","39 59:26.500","4","0","75 09:57.300","0","0","0","0","67301","0","0","0","N","0","0","0","1","67301","0","","6.0","145.0","1","N","N","N","0","","0","0","0","0","0","Y","31","3","0","0","0","0","0","0","2","1","3","0","0","0","3","03","","N","","","","","","","","","",""
"2020089386","0015","1","0","0","0","0","0","0","0","0","6","0","","67","10","2020","7","40.098475","-74.975389","0012","6","0","0","0","0","0","1","0","0","","0","0","0","0","3","1","N","0","2","40 05:54.510","5","0","74 58:31.400","4","0","0","0","67301","0","0","0","N","0","0","0","2","67301","1","","1.0","30.0","1","N","N","N","1","","0","0","0","0","0","Y","10","2","1","2","0","0","0","0","2","0","2","0","0","0","3","03","","N","","","","","","","","","",""
"2020094521","2118","0","0","0","0","0","0","0","0","0","0","0","","67","11","2020","6","40.1","-75.008613","2112","6","0","0","0","0","0","0","0","0","","0","0","0","21","3","1","N","0","0","40 06:00.001","","0","75 00:31.008","8","0","0","1","67301","0","0","0","N","0","0","0","1","67301","0","","1.0","","1","N","N","N","0","","0","0","0","0","0","","2111","1","1","0","0","0","1","0","2","0","1","0","0","0","3","","","N","","","","","","","","","",""
"2020046528","1737","0","0","0","1","0","0","0","0","0","8","0","","67","6","2020","7","39.987214","-75.105187","1737","6","0","0","0","0","0","0","0","0","","0","0","0","19","4","1","N","0","0","39 59:13.972","","0","75 06:18.672","8","0","0","0","67301","1","0","0","N","0","0","0","2","67301","0","","1.0","","1","N","N","N","0","","0","0","1","0","0","","1922","2","1","0","0","0","1","0","2","0","1","1","0","0","3","","","N","","","","","","","","","",""
"2020081455","2133","1","0","0","0","0","0","0","0","0","4","0","","67","9","2020","4","39.99479","-75.185699","2118","6","0","0","0","0","0","1","0","0","","0","0","0","21","3","1","","1","0","39 59:41.244","","0","75 11:08.516","8","0","0","0","67301","0","0","0","N","0","0","0","2","67301","0","","1.0","","1","N","N","N","0","","0","0","0","3","2","","2106","2","1","0","0","0","1","0","2","0","2","0","0","0","3","03","","N","","","","","","","","","",""
"2020081742","0119","1","0","0","0","0","0","0","0","0","5","0","","67","10","2020","7","39.934528","-75.226222","0109","6","0","0","0","0","0","0","0","0","","0","0","0","1","3","0","N","0","0","39 56:04.300","","0","75 13:34.400","0","0","0","0","67301","0","0","0","N","0","0","0","1","67301","0","","4.0","","1","N","N","N","0","","0","0","2","0","0","","107","3","0","0","0","0","0","0","2","0","3","0","0","0","3","03","","N","","","","","","","","","",""
"2020046811","0111","0","0","0","0","0","0","0","0","0","7","0","","67","6","2020","1","40.040528","-75.059194","0057","6","0","0","0","0","0","0","0","0","","0","0","0","0","3","2","","1","1","40 02:25.900","2","0","75 03:33.100","4","0","0","0","67301","0","0","0","N","0","0","0","2","67301","2","","4.0","240.0","1","N","N","N","0","","0","0","1","3","2","Y","51","2","2","0","0","0","0","0","2","0","1","0","0","0","3","03","","N","","","","","","","","","",""
"2020049642","2235","0","0","0","0","0","0","0","0","0","5","0","","67","6","2020","1","39.977825","-75.209664","2231","6","0","0","0","0","0","0","0","0","","0","0","0","22","3","2","N","0","0","39 58:40.170","","0","75 12:34.790","3","0","0","1","67301","0","0","0","N","0","0","0","2","67301","1","","1.0","","1","N","N","N","0","","1","0","1","0","0","","2229","2","2","0","0","0","0","0","2","0","2","0","0","0","3","03","","N","","","","","","","","","",""
"2020092387","1700","1","0","0","0","0","0","0","0","0","4","0","","67","10","2020","7","40.001485","-75.152028","1655","6","0","0","0","0","1","1","0","0","","0","0","0","16","1","1","N","0","0","40 00:05.345","","0","75 09:07.302","4","0","0","1","67301","0","0","0","N","0","0","0","2","67505","1","","1.0","","1","Y","N","N","0","","0","0","0","0","0","","1655","2","1","1","0","0","0","0","2","0","2","0","0","0","3","03","","N","","","","","","","","","",""
"2020059148","1901","1","0","0","0","0","0","0","0","0","4","0","","67","7","2020","7","40.042334","-75.127303","1900","6","0","0","0","0","0","0","0","0","","0","0","0","18","1","1","","1","0","40 02:32.402","","0","75 07:38.290","8","0","0","0","67301","0","0","0","N","0","0","0","2","67301","0","","1.0","","1","N","N","N","1","","0","0","0","3","3","","1845","2","1","0","0","0","1","0","2","0","2","0","0","0","3","03","","N","","","","","","","","","",""
"2020096064","2345","0","0","0","0","0","0","0","0","0","8","0","","67","11","2020","4","39.998953","-75.148011","2345","6","0","0","0","0","0","0","0","0","","0","0","0","20","3","1","N","0","9","39 59:56.230","","0","75 08:52.840","3","0","0","0","67301","1","0","0","N","1","0","0","1","67301","0","","1.0","","99","N","N","N","0","","1","0","0","0","0","U","2044","2","1","0","0","0","0","0","2","0","1","1","0","0","99","","","N","","","","","","","","","",""
"2020094820","1330","1","0","0","0","0","0","0","0","0","8","0","","67","11","2020","5","39.950847","-75.16383","1218","6","0","0","0","0","0","0","0","0","","0","0","0","12","1","1","N","1","1","39 57:03.048","3","0","75 09:49.788","2","0","0","0","67301","1","0","1","N","1","0","1","2","67301","0","","1.0","1330.0","1","N","N","N","0","","0","1","0","3","2","Y","1217","2","1","0","0","0","0","0","2","0","1","1","0","1","3","03","","N","","","","","","","","","",""
"2020050960","2310","1","0","0","0","0","0","0","0","0","4","0","","67","6","2020","2","40.024636","-75.123675","2307","6","0","0","0","0","1","1","0","0","","0","0","0","22","3","1","","1","0","40 01:28.689","","0","75 07:25.230","3","0","0","0","67301","0","0","0","N","0","0","0","2","67301","0","","1.0","","1","N","N","N","0","","1","0","1","3","2","","2234","2","1","0","0","0","0","0","2","0","2","0","0","0","3","03","","N","","","","","","","","","",""
"2020052255","1640","1","0","0","0","0","0","0","0","0","4","0","","67","7","2020","6","40.008888","-75.071869","1631","6","0","0","0","1","0","1","0","0","","0","0","0","16","1","2","","5","0","40 00:31.996","","0","75 04:18.728","3","0","0","0","67301","0","0","0","N","0","0","0","3","67301","0","","1.0","","1","N","N","N","0","","2","0","1","3","2","","1620","2","2","3","0","0","0","0","2","0","2","0","0","0","3","","","N","","","","","","","","","",""
"2020058946","0004","2","0","0","0","0","0","0","0","0","7","0","","67","7","2020","7","39.969187","-75.126604","2352","6","0","0","0","0","0","0","0","0","","0","0","0","23","3","1","N","0","1","39 58:09.072","1","0","75 07:35.774","3","0","0","0","67301","0","0","0","N","0","0","0","2","68K01","0","","4.0","30.0","1","N","N","N","0","","1","0","0","0","0","N","2342","2","1","0","0","0","0","0","2","0","2","0","0","0","3","03","","N","","","","","","","","","",""
"2020111853","1603","3","0","0","0","0","0","0","0","0","4","0","","67","12","2020","4","40.045262","-74.995864","1600","6","0","0","0","0","0","0","0","0","","0","0","0","15","1","1","N","0","0","40 02:42.944","","7","74 59:45.110","3","0","0","0","67301","0","0","0","N","0","0","0","3","67301","0","","1.0","","1","N","N","N","0","","1","0","0","0","0","","1546","3","1","0","0","0","0","0","2","0","3","0","0","0","3","03","","N","","","","","","","","","",""
"2020096679","1512","7","0","0","0","0","0","0","0","0","5","0","","67","11","2020","5","39.949933","-75.203325","1510","6","0","0","0","0","0","0","1","0","","0","0","0","15","1","0","N","0","0","39 56:59.760","","0","75 12:11.971","0","0","0","0","67301","0","0","0","N","0","0","0","3","67504","0","","1.0","","9","N","N","N","0","","0","0","0","3","2","","1505","7","0","3","0","0","0","0","2","0","7","0","0","0","7","04","","N","","","","","","","","","",""
"2020092498","1423","1","0","0","0","0","0","0","0","0","8","0","","67","10","2020","6","40.023291","-75.048368","1423","6","0","0","0","0","0","0","0","0","","0","0","0","18","3","1","","1","0","40 01:23.848","","0","75 02:54.126","3","0","0","0","67301","1","0","0","N","1","0","0","2","67301","0","","1.0","","9","N","N","N","0","","1","0","0","3","2","","1830","2","1","0","0","0","0","0","2","0","1","1","0","0","7","07","","N","","","","","","","","","",""
"2020048145","1338","3","0","0","0","0","0","0","0","0","1","0","","67","6","2020","5","39.987542","-75.141453","1335","6","0","0","0","0","0","0","0","0","","0","0","0","13","1","0","N","0","2","39 59:15.150","4","0","75 08:29.230","0","0","0","0","67301","0","0","0","N","0","0","0","2","67301","0","","1.0","1510.0","1","N","N","N","0","","0","0","2","0","0","Y","1334","5","0","0","0","0","0","0","2","0","5","0","0","0","3","","","N","","","","","","","","","",""
"2020047391","1933","0","0","0","1","0","0","0","0","0","8","0","","67","6","2020","3","40.043444","-75.123759","1933","6","0","0","0","0","0","0","0","0","","0","0","0","19","1","1","","1","0","40 02:36.398","","0","75 07:25.532","4","0","0","0","67301","1","0","0","N","0","0","0","2","67301","1","","1.0","","1","N","N","N","0","","0","0","1","3","2","","1926","2","1","0","0","0","0","0","2","0","1","1","0","0","3","03","","N","","","","","","","","","",""
"2020085085","0348","0","0","0","0","0","0","0","0","0","7","0","","67","9","2020","4","39.941423","-75.14306","0348","6","0","0","0","0","0","0","0","0","","0","0","0","3","3","1","N","0","0","39 56:29.123","","0","75 08:35.017","3","0","0","0","67301","0","0","0","N","0","0","0","1","68K01","0","","2.0","","9","N","N","N","0","","1","0","1","0","0","","348","1","1","0","0","0","0","0","2","0","1","0","0","0","7","","","N","","","","","","","","","",""
"2020092752","2110","1","0","0","0","0","0","0","0","0","1","0","","67","10","2020","7","40.001642","-75.143839","1535","6","0","0","0","0","0","0","0","0","","0","0","0","15","1","1","N","0","0","40 00:05.912","","0","75 08:37.821","3","0","0","0","67301","0","0","0","N","0","0","0","2","67301","0","","1.0","","1","N","N","N","0","","1","0","0","0","0","","1535","2","1","0","0","0","0","0","2","0","2","0","0","0","3","03","","N","","","","","","","","","",""
"2020090866","1500","1","0","0","0","0","0","0","0","0","7","0","","67","10","2020","3","40.077184","-75.044213","1457","6","0","0","0","0","0","1","0","0","","0","0","0","14","1","1","N","0","0","40 04:37.862","","0","75 02:39.166","3","0","0","0","67301","0","0","0","N","0","0","0","1","67301","0","","5.0","","1","N","N","N","0","","1","0","0","0","0","","1455","1","1","0","0","0","0","0","2","0","1","0","0","0","4","04","","N","","","","","","","","","",""
"2020092340","2300","1","0","0","0","0","0","0","0","0","5","0","","67","10","2020","7","40.070811","-75.154903","2300","6","0","0","0","0","0","0","0","0","","0","0","0","22","3","0","N","0","0","40 04:14.918","","0","75 09:17.652","9","0","0","0","67301","0","0","0","N","0","0","0","1","67301","0","","6.0","","1","N","N","N","0","","0","0","1","0","0","","2200","2","0","1","0","0","0","1","2","0","2","0","0","0","3","","","N","","","","","","","","","",""
"2020080554","0425","1","0","0","0","0","0","0","0","0","6","0","","67","9","2020","3","40.030111","-75.090058","0415","6","0","0","0","0","0","0","0","0","","0","0","0","4","3","0","N","0","0","40 01:48.400","","0","75 05:24.210","0","0","0","0","67301","0","0","0","N","0","0","0","1","67301","0","","6.0","","1","N","N","N","1","","0","0","2","0","0","","405","4","0","0","0","0","0","0","2","0","4","0","0","0","3","03","","N","","","","","","","","","",""
"2020083136","0115","1","0","0","0","0","0","0","0","0","7","0","","67","10","2020","1","40.051105","-75.159048","0100","6","0","0","0","0","0","0","0","0","","0","0","0","0","3","0","","1","0","40 03:03.978","","0","75 09:32.572","9","0","0","0","67301","0","0","0","N","0","0","0","1","67301","0","","4.0","","1","N","N","N","0","","0","0","0","3","2","","30","1","0","0","0","0","0","1","2","0","1","0","0","0","3","","","N","","","","","","","","","",""
"2020048418","1341","2","0","0","0","0","0","0","0","0","1","0","","67","6","2020","3","40.027227","-75.147211","1300","6","0","0","0","0","0","0","1","0","","0","0","0","12","1","0","N","0","0","40 01:38.018","","0","75 08:49.959","9","0","0","0","67301","0","0","0","N","0","0","0","3","67301","0","","1.0","","1","N","N","N","0","","0","0","0","0","0","","1200","3","0","1","0","0","0","1","2","0","3","0","0","0","3","03","","N","","","","","","","","","",""
"2020082030","1325","0","0","0","0","0","0","0","0","0","4","0","","67","10","2020","5","40.013274","-75.069983","1312","6","0","0","0","0","0","2","0","0","","0","0","0","13","1","1","","2","0","40 00:47.788","","0","75 04:11.938","3","0","0","1","67301","0","0","0","N","0","0","0","2","67301","0","","1.0","","1","N","N","N","0","","1","0","1","0","0","","1310","2","1","0","0","0","0","0","2","0","2","0","0","0","3","03","","N","","","","","","","","","",""
"2020092335","1834","1","0","0","0","0","0","0","0","0","7","0","","67","10","2020","5","39.923927","-75.222089","1824","6","0","0","0","0","0","0","1","0","","0","0","0","17","3","1","","1","2","39 55:26.137","6","0","75 13:19.522","8","0","0","0","67301","0","0","0","N","0","0","0","1","67301","0","","4.0","1945.0","9","N","N","N","0","","0","0","0","3","2","N","1756","1","1","1","0","0","1","0","2","0","1","0","0","0","7","07","","N","","","","","","","","","",""
"2020082036","0930","1","0","0","0","0","0","0","0","0","4","0","","67","10","2020","6","39.986524","-75.157896","0923","6","0","0","0","0","0","0","0","0","","0","0","0","9","1","1","","1","0","39 59:11.485","","0","75 09:28.427","4","0","0","0","67301","0","0","0","N","0","0","0","2","67301","1","","1.0","","1","N","N","N","0","","0","0","0","3","2","","911","2","1","0","0","0","0","0","2","1","2","0","0","0","3","03","","N","","","","","","","","","",""
"2020080059","1044","2","0","0","0","0","0","0","0","0","4","0","","67","9","2020","2","40.067743","-75.1625","1044","6","0","0","0","0","0","0","0","0","","0","0","0","10","1","0","","1","0","40 04:03.874","","0","75 09:44.999","0","0","0","0","67301","0","0","0","N","0","0","0","3","67301","0","","1.0","","1","N","N","N","0","","0","0","0","3","3","","1001","2","0","0","0","0","0","0","2","0","2","0","0","0","3","03","","N","","","","","","","","","",""
"2020100081","1740","1","0","0","0","0","0","0","0","0","4","0","","67","11","2020","6","40.068146","-75.061106","1739","6","0","0","0","0","0","0","1","0","","0","0","0","17","3","0","N","1","0","40 04:05.325","","0","75 03:39.981","9","0","0","1","67301","0","0","0","N","0","0","0","2","67301","0","","1.0","","1","N","N","N","0","","0","0","0","0","0","","1726","2","0","0","0","0","0","1","2","0","2","0","0","0","3","03","","N","","","","","","","","","",""
"2020111186","0249","2","0","0","0","0","0","0","0","0","4","0","","67","12","2020","1","39.956447","-75.164443","0246","6","0","0","0","0","0","0","0","0","","0","0","0","2","3","3","","1","0","39 57:23.209","","0","75 09:51.995","4","0","0","0","67301","0","0","0","N","0","0","0","4","67301","3","","1.0","","2","N","N","N","0","","0","0","0","3","2","","246","2","3","2","0","0","0","0","2","0","2","0","0","0","3","98","","N","","","","","","","","","",""
"2020081456","1356","1","0","0","0","0","0","0","0","0","4","0","","67","10","2020","5","40.027072","-75.115585","1356","6","0","0","0","0","0","0","0","0","","0","0","0","12","1","0","","2","0","40 01:37.459","","0","75 06:56.105","9","0","0","0","67301","0","0","0","N","0","0","0","3","67301","0","","1.0","","1","N","N","N","0","","0","0","1","3","3","","1255","2","0","0","0","0","0","2","2","0","2","0","0","0","3","","","N","","","","","","","","","",""
"2020099979","0855","3","0","1","0","0","0","0","0","0","4","0","","67","9","2020","3","39.967218","-75.168568","0853","6","0","0","0","0","0","0","0","0","","0","0","0","8","1","2","","1","0","39 58:01.984","","0","75 10:06.845","2","0","0","0","67301","0","0","0","N","0","0","0","5","67301","1","","1.0","","1","N","N","Y","0","","0","1","0","3","2","","853","3","2","0","0","0","0","2","2","0","3","0","0","0","4","","","N","","","","","","","","","",""
"2020092312","2300","1","0","0","0","0","0","0","0","0","1","0","","67","10","2020","7","39.905033","-75.195256","2300","6","0","0","0","0","1","0","0","0","","0","0","0","22","2","1","N","0","0","39 54:18.119","","0","75 11:42.922","3","0","0","0","67301","0","0","0","N","0","0","0","1","67301","0","","1.0","","1","N","N","N","0","","1","0","1","0","0","","2230","2","1","0","0","0","0","0","2","0","2","0","0","0","3","03","","N","","","","","","","","","",""
"2020092755","2150","2","0","0","0","0","0","0","0","0","5","0","","67","11","2020","2","40.0283","-75.138306","2150","6","0","0","0","0","0","0","0","0","","0","0","0","21","3","1","N","0","0","40 01:41.880","","99","75 08:17.900","3","0","0","0","67301","0","0","0","N","0","0","0","2","67301","0","","2.0","","1","N","N","N","0","","1","0","1","0","0","","2145","4","1","0","0","0","0","0","2","0","4","0","0","0","3","03","","N","","","","","","","","","",""
"2020093301","1253","2","0","0","0","0","0","0","0","0","4","0","","67","10","2020","4","40.015677","-75.140093","1249","6","0","0","1","0","0","0","0","0","","0","0","0","12","1","1","","1","1","40 00:56.437","3","0","75 08:24.334","3","0","0","0","67301","0","0","0","N","0","0","0","4","67301","0","","1.0","1355.0","1","N","N","N","0","","1","0","0","3","3","N","1217","2","1","0","0","0","0","0","2","0","2","0","0","0","4","","","N","","","","","","","","","",""
"2020103830","1829","0","0","0","0","0","0","0","0","0","1","0","","67","11","2020","4","39.967777","-75.189693","1818","6","0","0","0","0","0","0","0","0","","0","0","0","18","3","1","N","0","1","39 58:03.996","4","0","75 11:22.895","4","0","0","0","67301","0","0","0","N","0","0","0","2","68K01","1","","3.0","100.0","1","N","N","N","1","","0","0","1","0","0","N","1813","2","1","0","0","0","0","0","2","0","2","0","0","0","3","","","N","","","","","","","","","",""
"2020092364","0259","2","0","0","0","0","0","0","0","0","5","0","","67","10","2020","5","40.011078","-75.097909","0259","6","0","0","0","0","0","0","0","0","","0","0","0","2","3","0","N","0","0","40 00:39.882","","0","75 05:52.473","0","0","0","0","67301","0","0","0","N","0","0","0","1","67301","0","","6.0","","1","N","N","N","0","","0","0","3","0","0","","250","7","0","0","0","0","0","0","2","2","7","0","0","0","3","03","","N","","","","","","","","","",""