"CRN","ARRIVAL_TM","AUTOMOBILE_COUNT","BELTED_DEATH_COUNT","BELTED_SUSP_SERIOUS_INJ_COUNT","BICYCLE_COUNT","BICYCLE_DEATH_COUNT","BICYCLE_SUSP_SERIOUS_INJ_COUNT","BUS_COUNT","CHLDPAS_DEATH_COUNT","CHLDPAS_SUSP_SERIOUS_INJ_COUNT","COLLISION_TYPE","COMM_VEH_COUNT","CONS_ZONE_SPD_LIM","COUNTY","CRASH_MONTH","CRASH_YEAR","DAY_OF_WEEK","DEC_LATITUDE","DEC_LONGITUDE","DISPATCH_TM","DISTRICT","DRIVER_COUNT_16YR","DRIVER_COUNT_17YR","DRIVER_COUNT_18YR","DRIVER_COUNT_19YR","DRIVER_COUNT_20YR","DRIVER_COUNT_50_64YR","DRIVER_COUNT_65_74YR","DRIVER_COUNT_75PLUS","EST_HRS_CLOSED","FATAL_COUNT","HEAVY_TRUCK_COUNT","HORSE_BUGGY_COUNT","HOUR_OF_DAY","ILLUMINATION","INJURY_COUNT","INTERSECTION_RELATED","INTERSECT_TYPE","LANE_CLOSED","LATITUDE","LN_CLOSE_DIR","LOCATION_TYPE","LONGITUDE","MAX_SEVERITY_LEVEL","MCYCLE_DEATH_COUNT","MCYCLE_SUSP_SERIOUS_INJ_COUNT","MOTORCYCLE_COUNT","MUNICIPALITY","NONMOTR_COUNT","NONMOTR_DEATH_COUNT","NONMOTR_SUSP_SERIOUS_INJ_COUNT","NTFY_HIWY_MAINT","PED_COUNT","PED_DEATH_COUNT","PED_SUSP_SERIOUS_INJ_COUNT","PERSON_COUNT","POLICE_AGCY","POSSIBLE_INJ_COUNT","RDWY_SURF_TYPE_CD","RELATION_TO_ROAD","ROADWAY_CLEARED","ROAD_CONDITION","SCH_BUS_IND","SCH_ZONE_IND","SECONDARY_CRASH","SMALL_TRUCK_COUNT","SPEC_JURIS_CD","SUSP_MINOR_INJ_COUNT","SUSP_SERIOUS_INJ_COUNT","SUV_COUNT","TCD_FUNC_CD","TCD_TYPE","TFC_DETOUR_IND","TIME_OF_DAY","TOTAL_UNITS","TOT_INJ_COUNT","UNBELTED_OCC_COUNT","UNB_DEATH_COUNT","UNB_SUSP_SERIOUS_INJ_COUNT","UNK_INJ_DEG_COUNT","UNK_INJ_PER_COUNT","URBAN_RURAL","VAN_COUNT","VEHICLE_COUNT","VULNERABLE_ROAD_USER_COUNT","VULNERABLE_ROAD_USER_DEATH_COUNT","VULNERABLE_ROAD_USER_SER_INJ_COUNT","WEATHER1","WEATHER2","WORKERS_PRES","WORK_ZONE_IND","WORK_ZONE_LOC","WORK_ZONE_TYPE","WZ_CLOSE_DETOUR","WZ_FLAGGER","WZ_LAW_OFFCR_IND","WZ_LN_CLOSURE","WZ_MOVING","WZ_OTHER","WZ_SHLDER_MDN","WZ_WORKERS_INJ_KILLED"
"2020080074","1907","1","0","0","0","0","0","0","0","0","4","0","","67","9","2020","2","40.020912","-75.156276","1907","6","0","0","0","0","0","0","0","0","","0","0","0","18","3","0","","1","0","40 01:15.283","","0","75 09:22.593","9","0","0","0","67301","0","0","0","N","0","0","0","2","67301","0","","1.0","","1","N","N","N","0","","0","0","1","3","3","","1850","2","0","0","0","0","0","1","2","0","2","0","0","0","3","","","N","","","","","","","","","",""
"2020081927","1210","1","0","0","0","0","0","0","0","0","4","0","","67","9","2020","3","39.963411","-75.197391","1200","6","0","0","0","0","0","0","0","1","","0","0","0","11","1","2","","1","0","39 57:48.280","","0","75 11:50.607","3","0","0","0","67301","0","0","0","N","0","0","0","3","67301","0","","1.0","","1","N","N","N","0","","2","0","1","3","3","","1150","2","2","0","0","0","0","0","2","0","2","0","0","0","4","04","","N","","","","","","","","","",""
"2020091147","0805","0","0","0","0","0","0","0","0","0","4","0","","67","10","2020","4","39.956856","-75.167616","0801","6","0","0","0","0","0","1","0","0","","0","0","0","7","1","1","","1","0","39 57:24.681","","0","75 10:03.417","3","0","0","0","67301","0","0","0","N","0","0","0","4","67301","0","","1.0","","9","N","N","N","0","","1","0","2","3","1","","759","3","1","0","0","0","0","0","2","1","3","0","0","0","5","05","","N","","","","","","","","","",""
"2020092751","0106","2","0","0","0","0","0","0","0","0","1","0","","67","10","2020","7","40.008592","-75.146023","0106","6","0","0","0","0","0","0","0","0","","0","0","0","1","3","0","N","0","0","40 00:30.931","","0","75 08:45.684","9","0","0","0","67301","0","0","0","N","0","0","0","1","67301","0","","1.0","","1","N","N","N","0","","0","0","0","0","0","","100","2","0","0","0","0","0","1","2","0","2","0","0","0","3","","","N","","","","","","","","","",""
"2020081858","0020","2","0","0","0","0","0","0","0","0","4","0","","67","10","2020","6","39.96093","-75.245028","0010","6","0","0","0","0","0","0","0","0","","0","0","0","22","3","0","","1","0","39 57:39.347","","0","75 14:42.100","9","0","0","0","67301","0","0","0","N","0","0","0","2","67301","0","","1.0","","1","N","N","N","0","","0","0","0","3","1","","2250","2","0","1","0","0","0","1","2","0","2","0","0","0","3","03","","N","","","","","","","","","",""
"2020089186","1832","1","0","0","0","0","0","0","0","0","8","0","","67","10","2020","6","40.027911","-75.137419","1830","6","0","0","0","0","0","0","0","0","","0","0","0","18","3","1","","1","0","40 01:40.479","","0","75 08:14.708","3","0","0","0","67301","1","0","0","N","1","0","0","2","67301","0","","1.0","","1","N","N","N","0","","1","0","0","9","3","","1805","2","1","0","0","0","0","0","2","0","1","1","0","0","3","","","N","","","","","","","","","",""
"2020081776","1613","0","0","0","0","0","0","0","0","0","4","0","","67","10","2020","7","39.989343","-75.155473","1613","6","0","0","0","0","0","0","0","0","","0","0","0","16","1","1","","1","0","39 59:21.634","","0","75 09:19.704","4","0","0","0","67301","0","0","0","N","0","0","0","2","67505","1","","1.0","","1","N","N","N","0","","0","0","2","3","2","","1613","2","1","0","0","0","0","1","2","0","2","0","0","0","3","03","","N","","","","","","","","","",""
"2020102864","0140","0","0","0","0","0","0","0","0","0","3","0","","67","11","2020","2","39.998092","-75.126124","0140","6","0","0","0","0","0","0","0","0","","0","0","0","18","3","2","","2","0","39 59:53.130","","0","75 07:34.048","3","0","0","0","67301","0","0","0","N","0","0","0","3","67301","0","","1.0","","1","N","N","N","0","","2","0","1","0","0","","1845","2","2","1","0","0","0","0","2","1","2","0","0","0","3","","","N","","","","","","","","","",""
"2020069026","1843","1","0","0","1","0","0","0","0","0","8","0","","67","8","2020","3","39.987173","-75.17552","1842","6","0","0","0","1","0","0","0","0","","0","0","0","18","4","1","","1","0","39 59:13.822","","0","75 10:31.871","3","0","0","0","67301","1","0","0","N","0","0","0","2","67301","0","","1.0","","1","N","N","N","0","","1","0","0","0","0","","1841","2","1","0","0","0","0","0","2","0","1","1","0","0","3","","","N","","","","","","","","","",""
"2020097578","1220","0","0","0","0","0","0","0","0","0","8","0","","67","11","2020","6","39.920633","-75.170429","1128","6","0","0","0","0","0","0","1","0","","0","0","0","10","1","1","","1","0","39 55:14.279","","0","75 10:13.546","3","0","0","0","67301","1","0","0","N","1","0","0","2","67301","0","","1.0","","9","N","N","N","0","","1","0","1","3","2","","1000","2","1","0","0","0","0","0","2","0","1","1","0","0","7","07","","N","","","","","","","","","",""
"2020097802","1627","1","0","0","0","0","0","0","0","0","4","0","","67","11","2020","1","40.074892","-75.169927","1624","6","0","0","0","0","0","1","0","0","","0","0","0","16","3","0","","1","0","40 04:29.611","","0","75 10:11.737","9","0","0","0","67301","0","0","0","N","0","0","0","3","67301","0","","1.0","","1","N","N","N","1","","0","0","0","3","3","","1608","2","0","0","0","0","0","2","2","0","2","0","0","0","3","03","","N","","","","","","","","","",""
"2020100873","1610","1","0","0","0","0","0","0","0","0","4","0","","67","11","2020","4","39.996718","-75.115468","1605","6","0","0","0","0","0","0","1","0","","0","0","0","16","1","1","","1","0","39 59:48.185","","0","75 06:55.684","8","0","0","0","67301","0","0","0","N","0","0","0","2","67508","0","","1.0","","1","N","N","Y","0","","0","0","0","3","2","","1605","2","1","0","0","0","1","0","2","1","2","0","0","0","3","03","","N","","","","","","","","","",""
"2020105416","1310","1","0","0","0","0","0","0","0","0","2","0","","67","12","2020","1","39.986343","-75.180236","1302","6","0","0","0","0","1","0","0","0","","0","0","0","13","1","1","","1","0","39 59:10.834","","0","75 10:48.850","3","0","0","0","67301","0","0","0","N","0","0","0","3","67301","0","","1.0","","1","N","N","N","0","","1","0","0","3","2","","1300","2","1","0","0","0","0","0","2","1","2","0","0","0","3","03","","N","","","","","","","","","",""
"2020082025","1604","1","0","0","0","0","0","0","0","0","4","0","","67","9","2020","2","40.027035","-75.06512","1557","6","0","0","1","0","1","0","0","0","","0","0","0","15","1","1","","5","0","40 01:37.327","","0","75 03:54.432","8","0","0","0","67301","0","0","0","N","0","0","0","2","67301","0","","1.0","","1","N","N","N","0","","0","0","1","3","2","","1556","2","1","0","0","0","1","1","2","0","2","0","0","0","3","03","","N","","","","","","","","","",""
"2020101046","1225","1","0","0","0","0","0","0","0","0","4","0","","67","11","2020","1","39.942799","-75.21573","1220","6","0","0","0","0","0","0","0","0","","0","0","0","12","1","0","","2","0","39 56:34.076","","0","75 12:56.628","0","0","0","0","67301","0","0","0","N","0","0","0","2","67301","0","","1.0","","1","N","N","N","0","","0","0","1","3","3","","1207","2","0","0","0","0","0","0","2","0","2","0","0","0","3","03","","N","","","","","","","","","",""
"2020096062","0514","2","0","0","0","0","0","0","0","0","4","0","","67","11","2020","1","39.998423","-75.140854","0514","6","0","0","0","0","0","0","0","0","","0","0","0","5","3","1","","1","0","39 59:54.322","","0","75 08:27.074","3","0","0","0","67301","0","0","0","N","0","0","0","2","67301","0","","1.0","","1","N","N","N","0","","1","0","1","3","2","","514","3","1","1","0","0","0","0","2","0","3","0","0","0","3","03","","N","","","","","","","","","",""
"2020100082","1343","4","0","0","0","0","0","0","0","0","4","0","","67","11","2020","3","39.9411","-75.182871","1337","6","0","0","0","0","0","1","0","0","","0","0","0","13","1","4","","1","0","39 56:27.959","","0","75 10:58.335","2","0","0","0","67301","0","0","0","N","0","0","0","5","67301","0","","1.0","","1","N","N","N","0","","0","1","0","3","3","","1336","4","4","0","0","0","3","1","2","0","4","0","0","0","3","03","","N","","","","","","","","","",""
"2020093642","1440","2","0","0","0","0","0","0","0","0","1","0","","67","11","2020","4","39.98196","-75.174307","1440","6","0","0","0","1","0","0","1","0","","0","0","0","14","1","1","N","0","0","39 58:55.055","","0","75 10:27.504","3","0","0","0","67301","0","0","0","N","0","0","0","3","67301","0","","1.0","","1","N","N","N","0","","1","0","0","0","0","","1400","2","1","0","0","0","0","0","2","0","2","0","0","0","3","03","","N","","","","","","","","","",""
"2020079325","1250","0","0","0","0","0","0","0","0","0","4","0","","67","9","2020","6","40.013973","-75.157949","1250","6","0","0","0","1","0","0","0","0","","0","0","0","12","1","4","","1","2","40 00:50.303","4","0","75 09:28.618","3","0","0","0","67301","0","0","0","N","0","0","0","4","67301","0","","1.0","200.0","1","N","N","N","0","","4","0","2","0","0","Y","1245","2","4","0","0","0","0","0","2","0","2","0","0","0","3","03","","N","","","","","","","","","",""
"2020105071","2139","1","0","0","0","0","0","0","0","0","7","0","","67","12","2020","5","39.952312","-75.141475","2134","6","0","0","0","0","0","0","0","0","","0","0","0","21","3","0","N","0","0","39 57:08.324","","0","75 08:29.309","0","0","0","0","67301","0","0","0","N","0","0","0","1","68K01","0","","2.0","","1","N","N","N","0","","0","0","0","0","0","","2133","1","0","0","0","0","0","0","2","0","1","0","0","0","3","","","N","","","","","","","","","",""
"2020083014","1622","1","0","0","0","0","0","0","0","0","4","0","","67","10","2020","1","39.957972","-75.164139","1616","6","0","0","0","0","0","0","0","0","","0","0","0","16","1","1","","5","0","39 57:28.700","","8","75 09:50.900","3","0","0","0","67301","0","0","0","N","0","0","0","3","67301","0","","1.0","","1","N","N","N","0","","1","0","1","3","2","","1600","2","1","0","0","0","0","0","2","0","2","0","0","0","3","03","","N","","","","","","","","","",""
"2020082332","1455","1","0","0","1","0","0","0","0","0","8","0","","67","10","2020","1","40.083167","-74.972111","1447","6","0","0","0","0","0","0","0","0","","0","0","0","14","1","1","N","0","0","40 04:59.400","","0","74 58:19.600","3","0","0","0","67301","1","0","0","N","0","0","0","2","67301","0","","1.0","","1","N","N","N","0","","1","0","0","0","0","","1440","2","1","0","0","0","0","0","2","0","1","1","0","0","3","03","","N","","","","","","","","","",""
"2020082033","1809","2","0","0","0","0","0","0","0","0","1","0","","67","10","2020","6","40.042713","-75.051345","1803","6","0","0","0","0","1","0","0","0","","0","0","0","17","1","1","N","0","0","40 02:33.766","","0","75 03:04.843","3","0","0","0","67301","0","0","0","N","0","0","0","2","67301","0","","1.0","","1","N","N","N","0","","1","0","0","0","0","","1740","2","1","0","0","0","0","0","2","0","2","0","0","0","3","03","","N","","","","","","","","","",""
"2020064967","1558","2","0","0","0","0","0","0","0","0","6","0","","67","8","2020","7","39.994051","-75.241624","1555","6","0","0","0","0","0","0","1","0","","0","0","0","15","1","4","","2","1","39 59:38.583","1","0","75 14:29.847","3","0","0","0","67301","0","0","0","N","0","0","0","4","67301","0","","1.0","200.0","1","N","N","Y","0","","4","0","0","3","2","Y","1550","3","4","0","0","0","0","0","2","1","3","0","0","0","3","","","N","","","","","","","","","",""
"2020059517","2050","1","0","0","0","0","0","0","0","0","4","0","","67","7","2020","1","40.003231","-75.2221","2050","6","0","0","0","0","0","0","0","0","","0","0","0","20","4","4","N","0","0","40 00:11.632","","7","75 13:19.559","3","0","0","0","67301","0","0","0","N","0","0","0","5","67301","3","","1.0","","1","N","N","N","0","","1","0","1","0","0","","2045","2","4","0","0","0","0","0","2","0","2","0","0","0","3","03","","N","","","","","","","","","",""
"2020059519","1000","0","0","0","0","0","0","0","0","0","0","0","","67","7","2020","6","40.027764","-75.175978","0952","6","0","0","0","0","0","0","0","0","","0","0","0","8","1","1","N","0","0","40 01:39.950","","0","75 10:33.520","3","0","0","0","67301","0","0","0","N","0","0","0","1","67301","0","","1.0","","1","N","N","N","0","","1","0","1","0","0","","830","1","1","0","0","0","0","0","2","0","1","0","0","0","3","03","","N","","","","","","","","","",""
"2020093922","0020","0","0","0","0","0","0","0","0","0","4","0","","67","10","2020","7","39.946472","-75.237306","0020","6","0","0","0","0","0","0","0","0","","0","0","0","22","3","0","","2","0","39 56:47.300","","0","75 14:14.300","0","0","0","0","67301","0","0","0","N","0","0","0","2","67301","0","","1.0","","1","N","N","N","0","","0","0","1","3","2","","2255","2","0","0","0","0","0","0","2","0","2","0","0","0","3","","","N","","","","","","","","","",""
"2020093924","0805","3","0","0","0","0","0","0","0","0","5","0","","67","11","2020","1","39.924814","-75.244092","0800","6","0","0","0","0","0","0","0","0","","0","0","0","7","1","0","N","0","0","39 55:29.330","","0","75 14:38.730","9","0","0","0","67301","0","0","0","N","0","0","0","1","67301","0","","1.0","","1","N","N","Y","0","","0","0","0","0","0","","757","4","0","0","0","0","0","1","2","1","4","0","0","0","4","","","N","","","","","","","","","",""
"2020081733","1031","1","0","0","0","0","0","0","0","0","7","0","","67","10","2020","5","39.962266","-75.171262","1030","6","0","0","0","0","0","0","0","0","","0","0","0","10","1","1","","1","1","39 57:44.157","1","0","75 10:16.543","3","0","0","0","67301","0","0","0","N","0","0","0","1","67301","0","","4.0","30.0","1","N","N","N","0","","1","0","0","3","3","Y","1025","1","1","1","0","0","0","0","2","0","1","0","0","0","3","03","","N","","","","","","","","","",""
"2020081636","2326","0","0","0","0","0","0","0","0","0","7","0","","67","9","2020","3","39.996158","-75.201964","2326","6","0","0","0","0","0","1","0","0","","0","0","0","21","2","1","N","0","0","39 59:46.170","","0","75 12:07.070","3","0","0","0","67301","0","0","0","N","0","0","0","1","67301","0","","4.0","","9","N","N","N","0","","1","0","0","0","0","","2141","1","1","0","0","0","0","0","2","1","1","0","0","0","7","","","N","","","","","","","","","",""
"2020089567","1920","1","0","0","0","0","0","0","0","0","1","0","","67","10","2020","7","40.125981","-75.014553","1909","6","0","0","0","0","0","0","0","0","","0","0","0","19","3","1","N","0","0","40 07:33.531","","0","75 00:52.391","4","0","0","0","67301","0","0","0","N","0","0","0","2","67301","1","","1.0","","1","N","N","N","0","","0","0","0","0","0","","1905","2","1","0","0","0","0","0","2","1","2","0","0","0","3","03","","N","","","","","","","","","",""
"2020081353","1350","2","0","0","0","0","0","0","0","0","4","0","","67","9","2020","4","40.012207","-75.100422","1338","6","0","0","0","0","0","1","0","0","","0","0","0","13","1","1","","1","0","40 00:43.945","","0","75 06:01.519","3","0","0","0","67301","0","0","0","N","0","0","0","2","67301","0","","1.0","","1","N","N","Y","0","","1","0","1","3","3","","1331","3","1","0","0","0","0","0","2","0","3","0","0","0","3","03","","N","","","","","","","","","",""
"2020096709","0731","1","0","0","0","0","0","0","0","0","7","0","","67","10","2020","5","40.036644","-75.015149","0724","6","0","0","1","0","0","0","0","0","","0","0","0","7","5","0","N","0","0","40 02:11.919","","0","75 00:54.537","0","0","0","0","67301","0","0","0","N","0","0","0","1","68K01","0","","4.0","","9","N","N","N","0","","0","0","0","3","8","","714","1","0","0","0","0","0","0","2","0","1","0","0","0","7","","","N","","","","","","","","","",""
"2020096858","0600","1","0","0","0","0","0","1","0","0","4","1","","67","10","2020","2","40.040323","-75.058538","0550","6","0","0","0","0","0","0","1","0","","0","0","0","5","3","1","N","1","0","40 02:25.164","","0","75 03:30.737","4","0","0","0","67301","0","0","0","N","0","0","0","2","67508","1","","1.0","","9","N","N","Y","0","","0","0","0","3","2","","550","2","1","0","0","0","0","0","2","0","2","0","0","0","3","07","","N","","","","","","","","","",""
"2020083036","2125","4","0","0","0","0","0","0","0","0","5","0","","67","10","2020","1","40.020361","-75.154528","2118","6","0","0","0","0","0","0","0","0","","0","0","0","21","3","1","","7","0","40 01:13.300","","2","75 09:16.300","3","0","0","0","67301","0","0","0","N","0","0","0","8","67301","0","","7.0","","1","N","N","N","0","","1","0","0","0","0","","2115","6","1","0","0","0","0","0","2","0","6","0","0","0","3","03","","N","","","","","","","","","",""
"2020092348","0945","1","0","0","0","0","0","0","0","0","4","0","","67","10","2020","2","39.959689","-75.228779","0902","6","0","0","0","0","0","0","0","0","","0","0","0","7","1","0","","1","2","39 57:34.880","4","0","75 13:43.604","0","0","0","0","67301","0","0","0","N","0","0","0","2","67301","0","","1.0","1030.0","9","N","N","N","0","","0","0","2","3","3","Y","756","3","0","0","0","0","0","0","2","0","3","0","0","0","7","07","","N","","","","","","","","","",""
"2020082031","2023","1","0","0","0","0","0","0","0","0","4","0","","67","10","2020","5","40.034238","-75.071481","2021","6","0","0","0","0","0","0","0","0","","0","0","0","20","3","1","","1","1","40 02:03.258","5","0","75 04:17.332","8","0","0","0","67301","0","0","0","N","0","0","0","2","67301","0","","1.0","2015.0","1","N","N","N","0","","0","0","0","3","2","Y","2020","2","1","0","0","0","1","0","2","1","2","0","0","0","3","03","","N","","","","","","","","","",""
"2020081973","0405","0","0","0","0","0","0","0","0","0","7","0","","67","9","2020","4","39.942371","-75.142954","0344","6","0","0","0","0","0","0","0","0","","0","0","0","3","3","0","N","0","0","39 56:32.535","","0","75 08:34.635","0","0","0","0","67301","0","0","0","N","0","0","0","1","68K01","0","","4.0","","1","N","N","N","0","","0","0","1","0","0","","344","1","0","0","0","0","0","0","2","0","1","0","0","0","7","","","N","","","","","","","","","",""
"2020097447","1452","1","0","0","0","0","0","0","0","0","1","0","","67","11","2020","1","39.958846","-75.170614","1449","6","0","0","0","0","0","0","0","0","","0","0","0","14","1","1","N","0","1","39 57:31.846","3","0","75 10:14.209","8","0","0","0","67301","0","0","0","N","0","0","0","6","68K01","0","","1.0","1520.0","9","N","N","N","0","","0","0","2","0","0","N","1449","3","1","0","0","0","1","0","2","0","3","0","0","0","7","07","","N","","","","","","","","","",""
"2020092712","0109","1","0","2","0","0","0","0","0","0","7","0","","67","10","2020","2","40.029618","-75.21102","0107","6","0","0","0","0","0","0","0","0","","0","0","0","1","3","5","N","0","1","40 01:46.626","5","7","75 12:39.672","2","0","0","0","67301","0","0","0","N","0","0","0","5","67301","0","","4.0","310.0","9","N","N","N","0","","0","5","0","0","0","Y","106","1","5","3","0","3","0","0","2","0","1","0","0","0","7","05","","N","","","","","","","","","",""
"2020092315","1756","2","0","0","0","0","0","0","0","0","4","0","","67","10","2020","5","40.043169","-75.073863","1754","6","0","1","0","0","0","0","0","0","","0","0","0","17","3","0","","1","1","40 02:35.410","6","0","75 04:25.905","0","0","0","0","67301","0","0","0","N","0","0","0","3","67301","0","","1.0","1900.0","9","N","N","N","0","","0","0","0","3","2","Y","1749","3","0","0","0","0","0","0","2","1","3","0","0","0","7","","","N","","","","","","","","","",""
"2020082231","1401","1","0","0","0","0","0","0","0","0","8","0","","67","10","2020","7","40.045333","-75.164917","1400","6","0","0","0","0","0","0","0","0","","0","0","0","2","3","1","N","0","0","40 02:43.200","","0","75 09:53.700","3","0","0","0","67301","1","0","0","N","1","0","0","2","67301","0","","1.0","","1","N","N","N","0","","1","0","0","0","0","","240","2","1","0","0","0","0","0","2","0","1","1","0","0","3","","","N","","","","","","","","","",""
"2020097416","2317","1","0","0","0","0","0","0","0","0","7","0","45","67","10","2020","5","40.011534","-75.060664","2317","6","0","0","0","0","0","0","0","0","","0","0","0","23","3","0","N","0","2","40 00:41.524","1","0","75 03:38.390","0","0","0","0","67301","0","0","0","N","0","0","0","2","68K01","0","","3.0","1145.0","9","N","N","Y","0","","0","0","1","0","0","N","2317","2","0","0","0","0","0","0","2","0","2","0","0","0","7","","N","Y","4","1","","","N","Y","","","","N"
"2020103061","0117","1","0","0","0","0","0","0","0","0","7","0","","67","11","2020","1","40.002037","-75.194513","0109","6","0","0","0","0","0","0","0","0","","0","0","0","1","3","2","N","0","1","40 00:07.332","4","0","75 11:40.247","3","0","0","0","67301","0","0","0","N","0","0","0","2","68K01","0","","4.0","118.0","1","N","N","N","0","","1","0","0","0","0","N","108","1","2","1","0","0","1","0","2","0","1","0","0","0","3","","","N","","","","","","","","","",""
"2020081545","1552","0","0","0","0","0","0","0","0","0","5","0","","67","10","2020","6","40.037408","-75.173098","1548","6","0","0","0","0","0","0","0","0","","0","0","0","15","1","1","","2","0","40 02:14.668","","0","75 10:23.152","3","0","0","0","67301","0","0","0","N","0","0","0","3","67301","0","","1.0","","1","N","N","N","0","","1","0","1","0","0","","1520","2","1","2","0","0","0","0","2","1","2","0","0","0","3","03","","N","","","","","","","","","",""
"2020082233","0625","2","0","0","0","0","0","0","0","0","5","0","","67","10","2020","7","40.037611","-75.144925","0625","6","0","0","0","0","0","0","0","0","","0","0","0","6","1","2","N","0","1","40 02:15.399","1","0","75 08:41.729","3","0","0","0","67301","0","0","0","N","0","0","0","2","67301","0","","6.0","815.0","1","N","N","N","0","","2","0","2","0","0","N","617","4","2","0","0","0","0","0","2","0","4","0","0","0","3","","","N","","","","","","","","","",""
"2020083022","0051","2","0","0","0","0","0","0","0","0","4","0","","67","10","2020","7","39.991092","-75.212592","0040","6","0","0","0","0","0","0","0","0","","0","0","0","22","3","2","N","0","0","39 59:27.930","","0","75 12:45.330","8","0","0","0","67301","0","0","0","N","0","0","0","5","67301","0","","5.0","","1","N","N","N","0","","0","0","2","0","0","","2247","4","2","0","0","0","2","0","2","0","4","0","0","0","3","","","N","","","","","","","","","",""
"2020095610","0635","2","0","0","0","0","0","0","0","0","4","0","","67","11","2020","2","39.992136","-75.140198","0629","6","0","0","0","0","0","1","0","0","","0","0","0","6","1","0","","1","0","39 59:31.689","","0","75 08:24.712","0","0","0","0","67301","0","0","0","N","0","0","0","2","67301","0","","1.0","","1","N","N","N","0","","0","0","0","3","2","","628","2","0","0","0","0","0","0","2","0","2","0","0","0","3","03","","N","","","","","","","","","",""
"2020094523","0310","2","0","0","0","0","0","0","0","0","4","0","","67","11","2020","7","39.987866","-75.168451","0306","6","0","0","0","1","0","0","0","0","","0","0","0","2","3","1","","1","0","39 59:16.317","","0","75 10:06.423","8","0","0","0","67301","0","0","0","N","0","0","0","2","67301","0","","1.0","","1","N","N","N","1","","0","0","0","3","3","","236","3","1","0","0","0","1","1","2","0","3","0","0","0","3","03","","N","","","","","","","","","",""
"2020079880","1129","1","0","0","0","0","0","0","0","0","4","0","","67","9","2020","1","40.053971","-75.186501","1129","6","0","0","0","0","0","0","0","0","","0","0","0","11","1","2","","2","0","40 03:14.294","","0","75 11:11.403","3","0","0","0","67301","0","0","0","N","0","0","0","3","67301","0","","1.0","","1","N","N","N","0","","2","0","1","3","3","","1103","2","2","0","0","0","0","0","2","0","2","0","0","0","3","03","","N","","","","","","","","","",""
"2020077072","0212","1","0","0","0","0","0","0","0","0","7","0","","67","9","2020","1","40.037914","-75.060933","0210","6","0","0","0","0","0","0","0","0","","0","0","0","2","3","0","","2","1","40 02:16.489","1","0","75 03:39.358","9","0","0","0","67301","0","0","0","N","0","0","0","1","67301","0","","4.0","230.0","1","N","N","N","0","","0","0","0","3","3","N","205","1","0","0","0","0","0","1","2","0","1","0","0","0","3","03","","N","","","","","","","","","",""
"2020069931","0315","2","0","0","0","0","0","0","0","0","4","0","","67","8","2020","5","39.92165","-75.242695","0310","6","0","0","0","0","0","1","0","0","","0","0","0","3","3","1","","1","0","39 55:17.939","","0","75 14:33.701","3","0","0","0","67301","0","0","0","N","0","0","0","2","67301","0","","1.0","","1","N","N","N","0","","1","0","0","3","2","","305","2","1","0","0","0","0","1","2","0","2","0","0","0","3","03","","N","","","","","","","","","",""
"2020075171","0324","0","0","0","0","0","0","0","0","0","7","0","","67","9","2020","5","40.047586","-75.000955","0315","6","0","0","0","1","0","0","0","0","","0","0","0","3","3","1","N","0","1","40 02:51.311","2","2","75 00:03.438","8","0","0","0","67301","0","0","0","N","0","0","0","1","68K01","0","","4.0","400.0","9","N","N","N","0","","0","0","1","0","0","N","314","1","1","0","0","0","1","0","2","0","1","0","0","0","3","","","N","","","","","","","","","",""
"2020082034","1948","1","0","0","0","0","0","0","0","0","4","0","","67","10","2020","6","40.031969","-75.055469","1938","6","0","0","0","0","1","0","0","0","","0","0","0","19","3","1","","1","0","40 01:55.088","","0","75 03:19.688","3","0","0","0","67301","0","0","0","N","0","0","0","3","67301","0","","1.0","","1","N","N","N","0","","1","0","1","3","3","","1915","2","1","1","0","0","0","0","2","0","2","0","0","0","3","03","","N","","","","","","","","","",""
"2020081548","1950","1","0","0","0","0","0","0","0","0","8","0","","67","9","2020","4","40.053667","-75.141833","1948","6","0","0","0","0","0","0","0","0","","0","0","0","19","6","1","","5","0","40 03:13.200","","0","75 08:30.600","2","0","0","0","67301","1","0","1","N","1","0","1","2","67301","0","","1.0","","99","N","N","N","0","","0","1","0","3","2","","1930","2","1","0","0","0","0","1","2","0","1","1","0","1","3","03","","N","","","","","","","","","",""
"2020089712","0040","0","0","0","0","0","0","0","0","0","8","0","","67","10","2020","1","40.018021","-75.149331","0031","6","0","0","0","0","0","0","0","0","","0","0","0","23","3","1","","1","0","40 01:04.874","","0","75 08:57.592","3","0","0","0","67301","1","0","0","N","1","0","0","2","67301","0","","1.0","","9","N","N","N","0","","1","0","1","3","2","","2355","2","1","0","0","0","0","0","2","0","1","1","0","0","7","07","","N","","","","","","","","","",""
"2020090865","1804","2","0","0","0","0","0","0","0","0","4","0","","67","10","2020","2","39.95762","-75.145687","1804","6","0","0","0","0","0","0","0","0","","0","0","0","17","4","0","","1","0","39 57:27.432","","0","75 08:44.473","0","0","0","0","67301","0","0","0","N","0","0","0","6","67301","0","","1.0","","9","N","N","N","0","","0","0","0","3","2","","1750","2","0","2","0","0","0","0","2","0","2","0","0","0","7","04","","N","","","","","","","","","",""