"CRN","ARRIVAL_TM","AUTOMOBILE_COUNT","BELTED_DEATH_COUNT","BELTED_SUSP_SERIOUS_INJ_COUNT","BICYCLE_COUNT","BICYCLE_DEATH_COUNT","BICYCLE_SUSP_SERIOUS_INJ_COUNT","BUS_COUNT","CHLDPAS_DEATH_COUNT","CHLDPAS_SUSP_SERIOUS_INJ_COUNT","COLLISION_TYPE","COMM_VEH_COUNT","CONS_ZONE_SPD_LIM","COUNTY","CRASH_MONTH","CRASH_YEAR","DAY_OF_WEEK","DEC_LATITUDE","DEC_LONGITUDE","DISPATCH_TM","DISTRICT","DRIVER_COUNT_16YR","DRIVER_COUNT_17YR","DRIVER_COUNT_18YR","DRIVER_COUNT_19YR","DRIVER_COUNT_20YR","DRIVER_COUNT_50_64YR","DRIVER_COUNT_65_74YR","DRIVER_COUNT_75PLUS","EST_HRS_CLOSED","FATAL_COUNT","HEAVY_TRUCK_COUNT","HORSE_BUGGY_COUNT","HOUR_OF_DAY","ILLUMINATION","INJURY_COUNT","INTERSECTION_RELATED","INTERSECT_TYPE","LANE_CLOSED","LATITUDE","LN_CLOSE_DIR","LOCATION_TYPE","LONGITUDE","MAX_SEVERITY_LEVEL","MCYCLE_DEATH_COUNT","MCYCLE_SUSP_SERIOUS_INJ_COUNT","MOTORCYCLE_COUNT","MUNICIPALITY","NONMOTR_COUNT","NONMOTR_DEATH_COUNT","NONMOTR_SUSP_SERIOUS_INJ_COUNT","NTFY_HIWY_MAINT","PED_COUNT","PED_DEATH_COUNT","PED_SUSP_SERIOUS_INJ_COUNT","PERSON_COUNT","POLICE_AGCY","POSSIBLE_INJ_COUNT","RDWY_SURF_TYPE_CD","RELATION_TO_ROAD","ROADWAY_CLEARED","ROAD_CONDITION","SCH_BUS_IND","SCH_ZONE_IND","SECONDARY_CRASH","SMALL_TRUCK_COUNT","SPEC_JURIS_CD","SUSP_MINOR_INJ_COUNT","SUSP_SERIOUS_INJ_COUNT","SUV_COUNT","TCD_FUNC_CD","TCD_TYPE","TFC_DETOUR_IND","TIME_OF_DAY","TOTAL_UNITS","TOT_INJ_COUNT","UNBELTED_OCC_COUNT","UNB_DEATH_COUNT","UNB_SUSP_SERIOUS_INJ_COUNT","UNK_INJ_DEG_COUNT","UNK_INJ_PER_COUNT","URBAN_RURAL","VAN_COUNT","VEHICLE_COUNT","VULNERABLE_ROAD_USER_COUNT","VULNERABLE_ROAD_USER_DEATH_COUNT","VULNERABLE_ROAD_USER_SER_INJ_COUNT","WEATHER1","WEATHER2","WORKERS_PRES","WORK_ZONE_IND","WORK_ZONE_LOC","WORK_ZONE_TYPE","WZ_CLOSE_DETOUR","WZ_FLAGGER","WZ_LAW_OFFCR_IND","WZ_LN_CLOSURE","WZ_MOVING","WZ_OTHER","WZ_SHLDER_MDN","WZ_WORKERS_INJ_KILLED"
"2020112151","1121","4","0","0","0","0","0","0","0","0","4","0","","67","12","2020","6","40.032552","-75.032587","1111","6","0","0","0","1","0","0","0","0","","0","0","0","10","1","1","","1","0","40 01:57.188","","0","75 01:57.314","3","0","0","0","67301","0","0","0","N","0","0","0","2","67301","0","","1.0","","9","N","N","N","0","","1","0","1","3","3","","1054","5","1","0","0","0","0","0","2","0","5","0","0","0","4","04","","N","","","","","","","","","",""
"2020083025","1735","1","0","0","1","0","0","0","0","0","8","0","","67","10","2020","7","39.981781","-75.181896","1735","6","0","0","0","0","0","0","0","0","","0","0","0","17","1","1","","1","0","39 58:54.410","","0","75 10:54.826","3","0","0","0","67301","1","0","0","N","0","0","0","2","67301","0","","1.0","","1","N","N","N","0","","1","0","0","3","2","","1730","2","1","0","0","0","0","0","2","0","1","1","0","0","3","03","","N","","","","","","","","","",""
"2020080962","1100","0","0","0","0","0","0","0","0","0","8","0","","67","9","2020","3","40.009868","-75.156024","1100","6","0","0","0","0","0","0","0","0","","0","0","0","23","3","1","","1","0","40 00:35.524","","0","75 09:21.688","3","0","0","0","67301","1","0","0","N","1","0","0","2","67301","0","","1.0","","1","N","N","N","0","","1","0","1","3","2","","2300","2","1","0","0","0","0","0","2","0","1","1","0","0","3","","","N","","","","","","","","","",""
"2020089571","0415","1","0","0","0","0","0","0","0","0","4","0","","67","10","2020","7","39.947437","-75.220422","0413","6","0","0","0","0","0","1","0","0","","0","0","0","4","3","1","","1","0","39 56:50.773","","0","75 13:13.519","3","0","0","0","67301","0","0","0","N","0","0","0","2","67301","0","","1.0","","1","N","N","N","0","","1","0","0","3","3","","407","2","1","0","0","0","0","0","2","1","2","0","0","0","3","03","","N","","","","","","","","","",""
"2020081930","0250","1","0","0","0","0","0","0","0","0","7","0","","67","10","2020","5","39.977701","-75.226392","0250","6","0","0","0","0","0","0","0","0","","0","0","0","2","3","0","","2","0","39 58:39.724","","0","75 13:35.012","0","0","0","0","67301","0","0","0","N","0","0","0","1","67301","0","","3.0","","1","N","N","N","0","","0","0","0","3","3","","245","1","0","0","0","0","0","0","2","0","1","0","0","0","3","03","","N","","","","","","","","","",""
"2020091423","1715","2","0","0","0","0","0","0","0","0","5","0","","67","10","2020","7","39.987714","-75.216154","1700","6","0","0","0","0","0","0","0","0","","0","0","0","9","1","2","","2","0","39 59:15.771","","0","75 12:58.153","8","0","0","0","67301","0","0","0","N","0","0","0","3","67301","0","","1.0","","1","N","N","N","0","","0","0","0","3","2","","900","2","2","2","0","0","2","1","2","0","2","0","0","0","3","03","","N","","","","","","","","","",""
"2020080310","0705","0","0","0","0","0","0","0","0","0","5","0","","67","9","2020","3","40.029917","-75.055694","0705","6","0","0","0","0","0","0","0","0","","0","0","0","6","1","0","N","0","0","40 01:47.700","","0","75 03:20.500","0","0","0","0","67301","0","0","0","N","0","0","0","2","67301","0","","1.0","","1","N","N","N","1","","0","0","1","0","0","","645","2","0","0","0","0","0","0","2","0","2","0","0","0","3","03","","N","","","","","","","","","",""
"2020094389","2303","1","0","0","0","0","0","0","0","0","7","0","45","67","10","2020","5","40.009406","-75.065658","2245","6","0","0","0","0","0","0","0","0","","0","0","0","22","3","0","N","0","1","40 00:33.862","1","0","75 03:56.370","0","0","0","0","67301","0","0","0","N","0","0","0","1","68K01","0","","4.0","1145.0","9","N","N","N","0","","0","0","0","0","0","N","2243","1","0","0","0","0","0","0","2","0","1","0","0","0","7","","N","Y","4","1","","","N","Y","","","","N"
"2020080556","1850","1","0","0","0","0","0","0","0","0","8","0","","67","9","2020","3","40.043315","-75.147093","1847","6","0","0","0","0","0","1","0","0","","0","0","0","17","8","1","","1","0","40 02:35.933","","0","75 08:49.534","3","0","0","0","67301","1","0","0","N","1","0","0","2","67301","0","","1.0","","9","N","N","N","0","","1","0","0","3","3","","1707","2","1","0","0","0","0","0","2","0","1","1","0","0","7","07","","N","","","","","","","","","",""
"2020081546","1315","3","0","0","0","0","0","0","0","0","4","0","","67","10","2020","5","39.933675","-75.173669","1310","6","0","0","0","0","0","0","0","0","","0","0","0","13","1","1","","1","0","39 56:01.230","","0","75 10:25.210","8","0","0","0","67301","0","0","0","N","0","0","0","2","67301","0","","1.0","","1","N","N","N","0","","0","0","1","3","3","","1305","4","1","0","0","0","1","1","2","0","4","0","0","0","3","03","","N","","","","","","","","","",""
"2020102065","1900","1","0","0","0","0","0","0","0","0","8","0","","67","11","2020","6","40.001084","-75.215384","1856","6","0","0","0","0","0","0","1","0","","0","0","0","18","3","1","","1","0","40 00:03.902","","0","75 12:55.382","3","0","0","0","67301","1","0","0","N","1","0","0","2","67301","0","","1.0","","1","N","N","N","0","","1","0","0","3","2","","1838","2","1","0","0","0","0","0","2","0","1","1","0","0","3","03","","N","","","","","","","","","",""
"2020082507","0025","1","0","0","0","0","0","0","0","0","7","0","","67","10","2020","6","39.955293","-75.147783","0025","6","0","0","0","0","0","0","0","0","","0","0","0","0","3","0","N","0","0","39 57:19.055","","2","75 08:52.019","0","0","0","0","67301","0","0","0","N","0","0","0","2","67501","0","","4.0","","9","N","N","N","0","","0","0","0","0","0","","25","1","0","0","0","0","0","0","2","0","1","0","0","0","7","","","N","","","","","","","","","",""
"2020082985","0055","0","0","0","0","0","0","1","0","0","4","1","","67","9","2020","4","39.966575","-75.239816","0045","6","0","0","0","0","0","0","0","0","","0","0","0","0","3","1","","1","0","39 57:59.670","","0","75 14:23.337","8","0","0","0","67301","0","0","0","N","0","0","0","2","67508","0","","1.0","","1","N","N","Y","0","","0","0","1","3","2","","45","2","1","0","0","0","1","0","2","0","2","0","0","0","3","03","","N","","","","","","","","","",""
"2020090864","1330","0","0","0","0","0","0","0","0","0","5","0","","67","10","2020","4","39.925039","-75.169456","1325","6","0","0","0","0","0","1","0","0","","0","0","0","12","1","2","N","0","0","39 55:30.140","","0","75 10:10.041","8","0","0","0","67301","0","0","0","N","0","0","0","5","67301","0","","6.0","","99","N","N","N","0","","0","0","1","0","0","","1241","2","2","0","0","0","2","3","2","1","2","0","0","0","99","","","N","","","","","","","","","",""
"2020092374","2138","2","0","0","0","0","0","0","0","0","1","0","","67","10","2020","5","40.035279","-75.121415","2130","6","0","0","0","0","0","0","0","0","","0","0","0","21","3","1","N","1","0","40 02:07.004","","0","75 07:17.094","3","0","0","0","67301","0","0","0","N","0","0","0","3","67301","0","","1.0","","9","N","N","Y","0","","1","0","1","3","2","","2100","3","1","0","0","0","0","0","2","0","3","0","0","0","7","","","N","","","","","","","","","",""
"2020090140","1502","1","0","0","0","0","0","0","0","0","4","0","","67","10","2020","2","39.991583","-75.184705","1501","6","0","0","0","0","0","0","0","0","","0","0","0","14","1","0","","1","0","39 59:29.698","","0","75 11:04.939","0","0","0","0","67301","0","0","0","N","0","0","0","2","67301","0","","1.0","","9","N","N","N","0","","0","0","1","3","2","","1450","2","0","0","0","0","0","0","2","0","2","0","0","0","4","04","","N","","","","","","","","","",""
"2020092714","1927","1","0","0","0","0","0","0","0","0","4","0","","67","10","2020","7","40.007976","-75.073756","1924","6","0","0","0","0","0","0","0","0","","0","0","0","19","3","7","","1","2","40 00:28.712","5","0","75 04:25.521","3","0","0","0","67301","0","0","0","N","0","0","0","7","67301","6","","1.0","100.0","1","N","N","N","0","","1","0","1","0","0","Y","1920","2","7","0","0","0","0","0","2","0","2","0","0","0","3","","","N","","","","","","","","","",""
"2020081239","0930","1","0","0","0","0","0","0","0","0","4","0","","67","10","2020","5","39.993948","-75.154613","0930","6","0","0","0","0","0","1","0","0","","0","0","0","6","1","0","","1","0","39 59:38.214","","0","75 09:16.608","9","0","0","1","67301","0","0","0","N","0","0","0","2","67301","0","","1.0","","1","N","N","N","0","","0","0","0","3","2","","630","2","0","0","0","0","0","2","2","0","2","0","0","0","3","03","","N","","","","","","","","","",""
"2020081861","2122","2","0","0","0","0","0","0","0","0","4","0","","67","10","2020","6","39.974372","-75.147028","2120","6","0","0","0","0","0","0","0","0","","0","0","0","20","3","0","N","0","0","39 58:27.740","","7","75 08:49.300","0","0","0","0","67301","0","0","0","N","0","0","0","2","67301","0","","1.0","","1","N","N","N","0","","0","0","1","0","0","","2023","3","0","0","0","0","0","0","2","0","3","0","0","0","3","","","N","","","","","","","","","",""
"2020083334","1923","2","0","0","0","0","0","0","0","0","4","0","","67","10","2020","7","39.928117","-75.219415","1838","6","0","0","0","0","0","0","0","0","","0","0","0","23","3","1","","1","0","39 55:41.222","","0","75 13:09.894","3","0","0","0","67301","0","0","0","N","0","0","0","2","67301","0","","1.0","","99","N","N","N","0","","1","0","0","3","2","","2350","2","1","0","0","0","0","0","2","0","2","0","0","0","99","98","","N","","","","","","","","","",""
"2020102357","0219","1","0","0","0","0","0","0","0","0","4","0","","67","11","2020","1","40.031958","-75.168553","0212","6","0","0","0","0","0","0","0","0","","0","0","0","2","3","0","","2","2","40 01:55.047","5","0","75 10:06.789","0","0","0","0","67301","0","0","0","N","0","0","0","2","67301","0","","1.0","350.0","1","N","N","N","0","","0","0","1","3","3","N","208","2","0","0","0","0","0","0","2","0","2","0","0","0","3","03","","N","","","","","","","","","",""
"2020079484","1325","1","0","0","0","0","0","0","0","0","4","0","","67","9","2020","7","40.067377","-75.150498","1323","6","0","0","0","0","0","0","0","0","","0","0","0","13","1","1","","1","0","40 04:02.557","","0","75 09:01.792","4","0","0","0","67301","0","0","0","N","0","0","0","2","67301","1","","1.0","","1","N","N","N","0","","0","0","1","3","3","","1320","2","1","1","0","0","0","1","2","0","2","0","0","0","4","07","","N","","","","","","","","","",""
"2020089570","0051","3","0","0","0","0","0","0","0","0","4","0","","67","10","2020","7","39.959174","-75.243377","0049","6","0","0","0","0","0","0","1","0","","0","0","0","0","3","0","","1","0","39 57:33.025","","0","75 14:36.157","9","0","0","0","67301","0","0","0","N","0","0","0","3","67301","0","","1.0","","1","N","N","N","0","","0","0","0","3","2","","47","3","0","0","0","0","0","2","2","0","3","0","0","0","3","03","","N","","","","","","","","","",""
"2020105879","1223","0","0","0","0","0","0","0","0","0","8","1","","67","12","2020","2","39.949826","-75.161956","1221","6","0","0","0","0","0","1","0","0","","0","1","0","12","1","1","","1","0","39 56:59.372","","0","75 09:43.043","3","0","0","0","67301","1","0","0","N","1","0","0","2","67301","0","","4.0","","1","N","N","N","0","","1","0","0","3","2","","1220","2","1","0","0","0","0","0","2","0","1","1","0","0","3","03","","N","","","","","","","","","",""
"2020062684","0529","1","0","0","0","0","0","0","0","0","7","0","","67","7","2020","6","39.892728","-75.223278","0520","6","0","0","0","0","0","0","0","0","","0","0","0","5","1","0","N","0","1","39 53:33.820","3","0","75 13:23.800","0","0","0","0","67301","0","0","0","N","0","0","0","2","67301","0","","4.0","630.0","9","N","N","Y","0","","0","0","0","0","0","N","507","2","0","0","0","0","0","0","2","0","2","0","0","0","7","","","N","","","","","","","","","",""
"2020073596","0334","0","0","0","0","0","0","0","0","0","7","0","","67","7","2020","6","39.997556","-75.081528","0318","6","0","0","0","0","0","0","0","0","","0","0","0","3","3","0","","7","0","39 59:51.200","","2","75 04:53.500","0","0","0","0","67301","0","0","0","N","0","0","0","1","68K01","0","","7.0","","9","N","N","N","0","","0","0","1","0","0","","315","1","0","0","0","0","0","0","2","0","1","0","0","0","7","07","","N","","","","","","","","","",""
"2020080718","0718","0","0","0","0","0","0","0","0","0","4","0","","67","9","2020","4","40.035271","-75.121416","0718","6","0","0","0","0","0","0","0","0","","0","0","0","7","1","0","","1","0","40 02:06.975","","0","75 07:17.097","9","0","0","0","67301","0","0","0","N","0","0","0","4","67301","0","","1.0","","9","N","N","N","0","","0","0","2","3","2","","715","3","0","0","0","0","0","4","2","1","3","0","0","0","3","03","","N","","","","","","","","","",""
"2020082235","1325","1","0","0","0","0","0","0","0","0","1","0","","67","10","2020","6","39.880306","-75.240028","1322","6","0","0","0","0","0","0","0","0","","0","0","0","13","1","2","N","0","0","39 52:49.100","","0","75 14:24.100","3","0","0","0","67301","0","0","0","N","0","0","0","4","67301","0","","1.0","","1","N","N","N","0","","2","0","1","0","0","","1318","2","2","0","0","0","0","0","2","0","2","0","0","0","3","03","","N","","","","","","","","","",""
"2020093916","1852","0","0","0","0","0","0","0","0","0","1","0","","67","10","2020","7","40.076539","-75.082429","1839","6","0","0","0","0","0","1","0","1","","0","0","0","18","3","1","","1","0","40 04:35.542","","0","75 04:56.744","8","0","0","0","67301","0","0","0","N","0","0","0","2","67301","0","","1.0","","1","N","N","N","0","","0","0","2","3","2","","1834","2","1","0","0","0","1","0","2","0","2","0","0","0","3","03","","N","","","","","","","","","",""
"2020091348","0755","0","0","0","0","0","0","0","0","0","8","0","","67","10","2020","5","40.039172","-75.034374","0748","6","0","0","0","0","0","1","0","0","","0","0","0","7","1","1","","2","0","40 02:21.020","","0","75 02:03.748","3","0","0","0","67301","1","0","0","N","1","0","0","2","67301","0","","1.0","","9","N","N","N","0","","1","0","0","3","3","","730","2","1","0","0","0","0","0","2","1","1","1","0","0","7","","","N","","","","","","","","","",""
"2020080863","0212","1","0","0","0","0","0","0","0","0","2","0","","67","9","2020","3","40.029225","-75.174558","0100","6","0","0","0","0","0","0","0","0","","0","0","0","22","3","1","","1","0","40 01:45.210","","0","75 10:28.410","3","0","0","0","67301","0","0","0","N","0","0","0","2","67301","0","","1.0","","9","N","N","N","0","","1","0","1","3","2","","2210","2","1","0","0","0","0","0","2","0","2","0","0","0","7","","","N","","","","","","","","","",""
"2020081740","0850","0","0","0","0","0","0","0","0","0","7","0","","67","10","2020","6","39.883638","-75.251633","0846","6","0","0","0","1","0","0","0","0","","0","0","0","8","1","0","","2","0","39 53:01.097","","2","75 15:05.879","0","0","0","0","67301","0","0","0","N","0","0","0","1","67301","0","","4.0","","9","N","N","N","0","","0","0","1","3","2","","836","1","0","0","0","0","0","0","2","0","1","0","0","0","7","06","","N","","","","","","","","","",""
"2020105944","1841","0","0","0","0","0","0","0","0","0","1","0","","67","10","2020","7","39.953758","-75.140914","1841","6","0","0","0","0","0","1","0","0","","0","0","0","18","3","1","Y","0","1","39 57:13.528","1","0","75 08:27.292","3","0","0","0","67301","0","0","0","N","0","0","0","2","68K02","0","","1.0","1926.0","1","N","N","N","0","","1","0","1","0","0","N","1840","2","1","0","0","0","0","0","2","1","2","0","0","0","3","","","N","","","","","","","","","",""
"2020092499","1640","2","0","0","0","0","0","0","0","0","4","0","","67","10","2020","7","40.032724","-75.072201","1635","6","1","0","0","0","0","0","0","0","","0","0","0","16","1","2","","1","1","40 01:57.808","2","0","75 04:19.924","3","0","0","0","67301","0","0","0","N","0","0","0","3","67301","0","","1.0","1725.0","1","N","N","N","0","","2","0","0","3","2","N","1625","2","2","2","0","0","0","0","2","0","2","0","0","0","3","03","","N","","","","","","","","","",""
"2020093403","1720","1","0","0","0","0","0","0","0","0","1","0","","67","10","2020","2","39.957177","-75.227228","1700","6","0","0","0","1","0","1","0","0","","0","0","0","17","1","2","N","0","0","39 57:25.836","","0","75 13:38.021","4","0","0","0","67301","0","0","0","N","0","0","0","2","67508","2","","1.0","","1","N","N","Y","0","","0","0","1","0","0","","1700","2","2","0","0","0","0","0","2","0","2","0","0","0","3","07","","N","","","","","","","","","",""
"2020098011","1444","1","0","0","0","0","0","0","0","0","0","0","","67","11","2020","1","40.014279","-75.178638","1440","6","0","0","0","0","0","0","0","0","","0","0","0","12","1","1","N","0","2","40 00:51.406","2","0","75 10:43.098","8","0","0","0","67301","0","0","0","N","0","0","0","1","67301","0","","1.0","1400.0","9","N","N","N","0","","0","0","0","0","0","N","1240","2","1","0","0","0","1","0","2","0","1","0","0","0","7","07","","N","","","","","","","","","",""
"2020080869","1819","1","0","0","0","0","0","0","0","0","4","0","","67","9","2020","4","40.05059","-75.142211","1819","6","0","0","0","0","0","0","0","0","","0","0","0","18","1","1","","1","0","40 03:02.124","","0","75 08:31.960","3","0","0","0","67301","0","0","0","N","0","0","0","3","67301","0","","1.0","","2","N","N","N","0","","1","0","2","3","2","","1819","3","1","0","0","0","0","0","2","0","3","0","0","0","3","03","","N","","","","","","","","","",""
"2020102862","1745","0","0","0","0","0","0","0","0","0","7","0","","67","11","2020","1","39.999028","-75.133251","1740","6","0","0","0","0","0","0","0","0","","0","0","0","15","1","0","","1","0","39 59:56.501","","0","75 07:59.705","9","0","0","0","67301","0","0","0","N","0","0","0","1","67301","0","","4.0","","1","N","N","N","0","","0","0","0","3","2","","1539","1","0","0","0","0","0","1","2","1","1","0","0","0","3","03","","N","","","","","","","","","",""
"2020092716","0217","2","0","0","0","0","0","0","0","0","7","0","","67","11","2020","1","40.020878","-75.076197","0212","6","0","0","0","0","0","0","0","0","","0","0","0","2","3","2","N","0","0","40 01:15.160","","0","75 04:34.310","8","0","0","0","67301","0","0","0","N","0","0","0","3","67301","0","","5.0","","1","N","N","N","0","","0","0","0","0","0","","206","2","2","0","0","0","2","0","2","0","2","0","0","0","3","03","","N","","","","","","","","","",""
"2020099340","0634","0","0","0","0","0","0","0","0","0","4","0","","67","11","2020","3","39.960038","-75.224851","0628","6","0","0","0","0","0","0","0","1","","0","0","0","5","5","0","","1","0","39 57:36.137","","0","75 13:29.464","9","0","0","0","67301","0","0","0","N","0","0","0","2","67301","0","","1.0","","1","N","N","N","1","","0","0","0","3","2","","536","2","0","0","0","0","0","1","2","0","2","0","0","0","3","03","","N","","","","","","","","","",""
"2020092320","0010","2","0","0","0","0","0","0","0","0","1","0","","67","11","2020","1","39.951979","-75.150092","0008","6","0","0","0","0","0","0","0","0","","0","0","0","0","3","0","N","0","1","39 57:07.123","2","0","75 09:00.330","0","0","0","0","67301","0","0","0","N","0","0","0","2","67301","0","","1.0","125.0","1","N","N","N","0","","0","0","0","0","0","N","5","2","0","0","0","0","0","0","2","0","2","0","0","0","3","03","","N","","","","","","","","","",""
"2020092749","2214","4","0","0","0","0","0","0","0","0","4","0","","67","10","2020","5","39.992749","-75.132519","2214","6","0","0","0","0","0","0","0","0","","0","0","0","21","3","0","","1","0","39 59:33.896","","0","75 07:57.068","9","0","0","0","67301","0","0","0","N","0","0","0","2","67301","0","","1.0","","8","N","N","N","1","","0","0","0","3","3","","2130","6","0","0","0","0","0","1","2","1","6","0","0","0","7","","","N","","","","","","","","","",""
"2020081275","0200","0","0","0","0","0","0","0","0","0","4","0","","67","10","2020","5","39.978109","-75.118925","0159","6","0","0","0","0","0","0","0","0","","0","0","0","1","3","1","N","0","0","39 58:41.191","","7","75 07:08.131","8","0","0","1","67301","0","0","0","N","0","0","0","2","67301","0","","1.0","","1","N","N","N","0","","0","0","1","0","0","","155","2","1","1","0","0","1","1","2","0","2","0","0","0","3","03","","N","","","","","","","","","",""
"2020092328","0741","1","0","0","0","0","0","0","0","0","5","0","","67","10","2020","1","39.945667","-75.240833","0738","6","0","0","0","0","0","0","0","0","","0","0","0","7","1","0","N","0","2","39 56:44.400","6","0","75 14:27.000","9","0","0","0","67301","0","0","0","N","0","0","0","1","67301","0","","6.0","100.0","1","N","N","N","0","","0","0","1","0","0","N","737","2","0","0","0","0","0","1","2","0","2","0","0","0","3","","","N","","","","","","","","","",""
"2020081932","0305","1","0","0","0","0","0","0","0","0","7","0","","67","10","2020","7","39.992391","-75.165066","0301","6","0","0","1","0","0","0","0","0","","0","0","0","3","3","6","","2","0","39 59:32.607","","0","75 09:54.237","2","0","0","0","67301","0","0","0","N","0","0","0","6","67301","2","","4.0","","1","N","N","N","0","","3","1","0","0","0","","301","1","6","0","0","0","0","0","2","0","1","0","0","0","3","03","","N","","","","","","","","","",""
"2020101460","1008","2","0","0","0","0","0","0","0","0","2","0","","67","11","2020","2","39.917159","-75.173552","1007","6","0","0","0","0","1","0","1","0","","0","0","0","10","1","1","N","2","0","39 55:01.772","","0","75 10:24.787","4","0","0","0","67301","0","0","0","N","0","0","0","2","67301","1","","1.0","","1","N","N","N","0","","0","0","0","0","0","","1005","2","1","0","0","0","0","0","2","0","2","0","0","0","3","","","N","","","","","","","","","",""
"2020089568","1242","0","0","0","0","0","0","0","0","0","4","0","","67","10","2020","1","40.099248","-75.030162","1242","6","0","0","0","0","0","1","1","0","","0","0","0","12","1","0","N","0","0","40 05:57.293","","7","75 01:48.584","0","0","0","0","67301","0","0","0","N","0","0","0","2","67301","0","","1.0","","1","N","N","N","1","","0","0","1","0","0","","1240","2","0","0","0","0","0","0","2","0","2","0","0","0","3","03","","N","","","","","","","","","",""
"2020101162","0639","1","0","0","0","0","0","0","0","0","0","0","","67","11","2020","1","39.959083","-75.180806","0639","6","0","0","0","0","0","0","0","0","","0","0","0","6","1","0","","3","0","39 57:32.700","","2","75 10:50.900","0","0","0","0","67301","0","0","0","N","0","0","0","2","68K01","0","","1.0","","1","N","N","N","0","","0","0","0","0","0","","633","1","0","0","0","0","0","0","2","0","1","0","0","0","3","","","N","","","","","","","","","",""
"2020083133","1932","0","0","0","1","0","0","0","0","0","8","0","","67","10","2020","1","39.93322","-75.151047","1907","6","0","0","0","0","0","0","0","0","","0","0","0","19","3","1","","1","0","39 55:59.592","","0","75 09:03.769","3","0","0","0","67301","1","0","0","N","0","0","0","2","67301","0","","1.0","","1","N","N","N","0","","1","0","0","3","3","","1900","2","1","0","0","0","0","0","2","0","1","1","0","0","3","03","","N","","","","","","","","","",""
"2020096994","1231","1","0","0","0","0","0","0","0","0","4","0","","67","10","2020","7","40.002389","-75.122221","1206","6","0","0","0","0","0","0","0","0","","0","0","0","11","1","1","","2","0","40 00:08.600","","0","75 07:19.995","2","0","1","1","67301","0","0","0","N","0","0","0","2","67301","0","","1.0","","1","N","N","N","0","","0","1","0","0","0","","1134","2","1","0","0","0","0","0","2","0","2","0","0","0","3","03","","N","","","","","","","","","",""
"2020089879","1317","1","0","0","0","0","0","0","0","0","4","0","","67","10","2020","2","40.080992","-75.028769","1315","6","0","0","0","0","0","0","0","0","","0","0","0","13","1","2","","1","0","40 04:51.570","","0","75 01:43.570","3","0","0","0","67301","0","0","0","N","0","0","0","2","67301","0","","1.0","","9","N","N","N","0","","2","0","1","3","2","","1309","2","2","0","0","0","0","0","2","0","2","0","0","0","7","07","","N","","","","","","","","","",""
"2020112963","2052","2","0","0","0","0","0","0","0","0","4","0","","67","12","2020","3","39.953083","-75.175244","2047","6","0","0","0","0","0","0","0","0","","0","0","0","20","3","1","N","0","2","39 57:11.100","2","0","75 10:30.880","8","0","0","0","67301","0","0","0","N","0","0","0","1","67301","0","","4.0","2050.0","1","N","N","N","0","","0","0","1","0","0","Y","2045","3","1","0","0","0","1","0","2","0","3","0","0","0","3","","","N","","","","","","","","","",""
"2020100320","0700","0","0","0","0","0","0","0","0","0","1","0","55","67","11","2020","6","39.980898","-75.103744","0650","6","0","0","0","0","0","1","0","0","","0","0","0","6","1","1","N","0","1","39 58:51.233","2","0","75 06:13.480","8","0","0","0","67301","0","0","0","N","0","0","0","3","68K01","0","","1.0","705.0","1","N","N","N","1","","0","0","2","0","0","N","649","3","1","0","0","0","1","0","2","0","3","0","0","0","3","03","Y","Y","4","1","N","N","N","N","N","N","Y","N"
"2020081731","1517","2","0","0","0","0","0","0","0","0","4","0","","67","10","2020","5","40.107912","-75.026423","1515","6","0","1","0","0","0","0","0","0","","0","0","0","15","1","1","","2","0","40 06:28.483","","0","75 01:35.121","3","0","0","0","67301","0","0","0","N","0","0","0","2","67301","0","","1.0","","1","N","N","N","0","","1","0","0","3","2","","1514","2","1","0","0","0","0","0","2","0","2","0","0","0","3","","","N","","","","","","","","","",""
"2020101750","1109","2","0","0","0","0","0","0","0","0","1","0","","67","11","2020","5","40.020439","-75.192447","1107","6","0","0","0","0","0","0","0","0","","0","0","0","11","1","1","","1","0","40 01:13.581","","0","75 11:32.810","4","0","0","0","67301","0","0","0","N","0","0","0","3","67301","1","","1.0","","9","N","N","N","0","","0","0","0","3","2","","1105","2","1","0","0","0","0","0","2","0","2","0","0","0","3","","","N","","","","","","","","","",""
"2020094831","2114","5","0","0","0","0","0","0","0","0","1","0","","67","11","2020","7","39.997781","-75.072558","2104","6","0","0","0","0","0","1","0","0","","0","0","0","20","3","1","N","0","0","39 59:52.012","","0","75 04:21.209","8","0","0","0","67301","0","0","0","N","0","0","0","2","67301","0","","1.0","","1","N","N","N","0","","0","0","1","0","0","","2058","6","1","0","0","0","1","0","2","0","6","0","0","0","3","","","N","","","","","","","","","",""
"2020103275","1032","0","0","0","0","0","0","0","0","0","0","0","","67","10","2020","6","39.945474","-75.142619","1018","6","0","0","0","0","0","0","0","0","","0","0","0","10","1","0","N","0","1","39 56:43.708","2","0","75 08:33.428","0","0","0","0","67301","0","0","0","N","0","0","0","2","68K01","0","","1.0","1045.0","9","N","Y","N","0","","0","0","1","0","0","Y","1016","1","0","0","0","0","0","0","2","0","1","0","0","0","7","","","N","","","","","","","","","",""