"CRN","ARRIVAL_TM","AUTOMOBILE_COUNT","BELTED_DEATH_COUNT","BELTED_SUSP_SERIOUS_INJ_COUNT","BICYCLE_COUNT","BICYCLE_DEATH_COUNT","BICYCLE_SUSP_SERIOUS_INJ_COUNT","BUS_COUNT","CHLDPAS_DEATH_COUNT","CHLDPAS_SUSP_SERIOUS_INJ_COUNT","COLLISION_TYPE","COMM_VEH_COUNT","CONS_ZONE_SPD_LIM","COUNTY","CRASH_MONTH","CRASH_YEAR","DAY_OF_WEEK","DEC_LATITUDE","DEC_LONGITUDE","DISPATCH_TM","DISTRICT","DRIVER_COUNT_16YR","DRIVER_COUNT_17YR","DRIVER_COUNT_18YR","DRIVER_COUNT_19YR","DRIVER_COUNT_20YR","DRIVER_COUNT_50_64YR","DRIVER_COUNT_65_74YR","DRIVER_COUNT_75PLUS","EST_HRS_CLOSED","FATAL_COUNT","HEAVY_TRUCK_COUNT","HORSE_BUGGY_COUNT","HOUR_OF_DAY","ILLUMINATION","INJURY_COUNT","INTERSECTION_RELATED","INTERSECT_TYPE","LANE_CLOSED","LATITUDE","LN_CLOSE_DIR","LOCATION_TYPE","LONGITUDE","MAX_SEVERITY_LEVEL","MCYCLE_DEATH_COUNT","MCYCLE_SUSP_SERIOUS_INJ_COUNT","MOTORCYCLE_COUNT","MUNICIPALITY","NONMOTR_COUNT","NONMOTR_DEATH_COUNT","NONMOTR_SUSP_SERIOUS_INJ_COUNT","NTFY_HIWY_MAINT","PED_COUNT","PED_DEATH_COUNT","PED_SUSP_SERIOUS_INJ_COUNT","PERSON_COUNT","POLICE_AGCY","POSSIBLE_INJ_COUNT","RDWY_SURF_TYPE_CD","RELATION_TO_ROAD","ROADWAY_CLEARED","ROAD_CONDITION","SCH_BUS_IND","SCH_ZONE_IND","SECONDARY_CRASH","SMALL_TRUCK_COUNT","SPEC_JURIS_CD","SUSP_MINOR_INJ_COUNT","SUSP_SERIOUS_INJ_COUNT","SUV_COUNT","TCD_FUNC_CD","TCD_TYPE","TFC_DETOUR_IND","TIME_OF_DAY","TOTAL_UNITS","TOT_INJ_COUNT","UNBELTED_OCC_COUNT","UNB_DEATH_COUNT","UNB_SUSP_SERIOUS_INJ_COUNT","UNK_INJ_DEG_COUNT","UNK_INJ_PER_COUNT","URBAN_RURAL","VAN_COUNT","VEHICLE_COUNT","VULNERABLE_ROAD_USER_COUNT","VULNERABLE_ROAD_USER_DEATH_COUNT","VULNERABLE_ROAD_USER_SER_INJ_COUNT","WEATHER1","WEATHER2","WORKERS_PRES","WORK_ZONE_IND","WORK_ZONE_LOC","WORK_ZONE_TYPE","WZ_CLOSE_DETOUR","WZ_FLAGGER","WZ_LAW_OFFCR_IND","WZ_LN_CLOSURE","WZ_MOVING","WZ_OTHER","WZ_SHLDER_MDN","WZ_WORKERS_INJ_KILLED"
"2020089083","1835","1","0","0","0","0","0","0","0","0","5","0","","67","10","2020","7","39.959121","-75.171889","1826","6","0","0","0","0","0","1","0","0","","0","0","0","18","3","0","N","0","2","39 57:32.836","4","0","75 10:18.799","0","0","0","0","67301","0","0","0","N","0","0","0","2","68K01","0","","1.0","1855.0","1","N","N","N","0","","0","0","1","0","0","N","1821","2","0","0","0","0","0","0","2","0","2","0","0","0","3","","","N","","","","","","","","","",""
"2020096473","1638","1","0","0","0","0","0","0","0","0","6","0","","67","11","2020","1","40.017359","-75.211413","1633","6","0","0","0","0","0","0","1","0","","0","0","0","16","1","2","N","0","1","40 01:02.494","2","0","75 12:41.085","3","0","0","0","67301","0","0","0","N","0","0","0","3","67301","0","","1.0","1825.0","9","N","N","N","0","","2","0","1","0","0","Y","1632","2","2","0","0","0","0","0","2","0","2","0","0","0","7","07","","N","","","","","","","","","",""
"2020092358","1947","1","0","0","0","0","0","0","0","0","4","0","","67","10","2020","4","39.977084","-75.168048","1938","6","0","0","0","0","0","1","0","0","","0","0","0","18","3","0","","1","0","39 58:37.502","","0","75 10:04.972","0","0","0","0","67301","0","0","0","N","0","0","0","3","67301","0","","1.0","","1","N","N","N","0","","0","0","2","3","2","","1856","3","0","0","0","0","0","0","2","0","3","0","0","0","3","03","","N","","","","","","","","","",""
"2020083028","2331","1","0","0","0","0","0","0","0","0","5","0","","67","10","2020","7","39.983556","-75.105556","2331","6","0","0","0","0","0","0","0","0","","0","0","0","23","3","0","N","0","2","39 59:00.800","3","0","75 06:20.000","9","0","0","0","67301","0","0","0","N","0","0","0","1","67301","0","","6.0","15.0","1","N","N","N","0","","0","0","1","0","0","Y","2325","2","0","0","0","0","0","1","2","0","2","0","0","0","3","03","","N","","","","","","","","","",""
"2020081099","1050","0","0","0","0","0","0","0","0","0","8","0","","67","10","2020","5","39.924917","-75.16962","1044","6","0","0","0","0","0","0","1","0","","0","0","0","10","1","1","N","0","0","39 55:29.700","","0","75 10:10.632","3","0","0","0","67301","1","0","0","N","1","0","0","2","67301","0","","1.0","","1","N","N","N","0","","1","0","1","0","0","","1040","2","1","1","0","0","0","0","2","0","1","1","0","0","3","03","","N","","","","","","","","","",""
"2020102421","0910","0","0","0","0","0","0","0","0","0","1","0","","67","11","2020","1","39.970908","-75.238448","0903","6","0","0","0","0","0","0","0","0","","0","0","0","8","1","0","N","0","0","39 58:15.268","","0","75 14:18.412","0","0","0","0","67301","0","0","0","N","0","0","0","1","67301","0","","6.0","","1","N","N","N","0","","0","0","2","0","0","","855","2","0","0","0","0","0","0","2","0","2","0","0","0","3","03","","N","","","","","","","","","",""
"2020101679","0830","2","0","0","0","0","0","0","0","0","4","0","","67","11","2020","3","40.072706","-75.198406","0800","6","0","0","0","0","0","0","0","0","","0","0","0","6","5","0","N","0","0","40 04:21.740","","0","75 11:54.260","0","0","0","0","67301","0","0","0","N","0","0","0","1","67301","0","","1.0","","1","N","N","Y","0","","0","0","1","0","0","","600","3","0","0","0","0","0","0","2","0","3","0","0","0","3","03","","N","","","","","","","","","",""
"2020090137","1212","0","0","0","1","0","0","0","0","0","8","0","","67","10","2020","7","40.024235","-75.046545","1203","6","0","0","0","0","0","0","0","0","","0","0","0","12","1","1","","1","0","40 01:27.245","","0","75 02:47.562","3","0","0","0","67301","1","0","0","N","0","0","0","2","67301","0","","1.0","","1","N","N","N","0","","1","0","1","3","2","","1200","2","1","0","0","0","0","1","2","0","1","1","0","0","3","","","N","","","","","","","","","",""
"2020103015","2335","3","0","0","0","0","0","0","0","0","4","0","","67","11","2020","2","39.975501","-75.255445","2333","6","0","0","0","0","0","0","0","0","","0","0","0","23","3","0","","2","0","39 58:31.803","","0","75 15:19.602","0","0","0","0","67301","0","0","0","N","0","0","0","3","67301","0","","1.0","","9","N","N","N","0","","0","0","0","3","2","","2325","3","0","0","0","0","0","0","2","0","3","0","0","0","3","04","","N","","","","","","","","","",""
"2020081933","1140","0","0","0","0","0","0","0","0","0","8","0","","67","10","2020","7","39.971038","-75.155724","1130","6","0","0","0","0","0","1","0","0","","0","0","0","11","1","1","","1","0","39 58:15.737","","0","75 09:20.607","4","0","0","0","67301","1","0","0","N","1","0","0","2","67301","1","","1.0","","1","N","N","N","0","","0","0","1","3","2","","1125","2","1","0","0","0","0","1","2","0","1","1","0","0","3","03","","N","","","","","","","","","",""
"2020101848","0057","5","0","0","0","0","0","0","0","0","5","0","","67","11","2020","5","40.032644","-75.124592","0055","6","0","0","0","0","0","0","0","0","","0","0","0","0","3","1","N","0","1","40 01:57.520","4","0","75 07:28.530","4","0","0","0","67301","0","0","0","N","0","0","0","1","67301","1","","6.0","214.0","1","N","N","N","0","","0","0","3","0","0","N","52","8","1","0","0","0","0","0","2","0","8","0","0","0","4","","","N","","","","","","","","","",""
"2020097129","1555","1","0","0","0","0","0","0","0","0","1","0","","67","11","2020","6","40.063581","-74.985197","1549","6","0","0","0","0","0","0","1","0","","0","0","0","15","1","1","Y","0","0","40 03:48.891","","0","74 59:06.710","3","0","0","0","67301","0","0","0","N","0","0","0","2","67301","0","","1.0","","1","N","N","N","0","","1","0","0","3","2","","1549","2","1","0","0","0","0","0","2","0","2","0","0","0","3","03","","N","","","","","","","","","",""
"2020109341","1133","1","0","0","0","0","0","0","0","0","7","0","","67","12","2020","2","39.993918","-75.199078","1133","6","0","0","0","1","0","0","0","0","","0","0","0","11","1","0","N","0","1","39 59:38.104","4","0","75 11:56.679","0","0","0","0","67301","0","0","0","N","0","0","0","1","68K01","0","","4.0","15.0","1","N","N","N","0","","0","0","0","0","0","N","1132","1","0","0","0","0","0","0","2","0","1","0","0","0","3","","","N","","","","","","","","","",""
"2020075028","0735","2","0","0","0","0","0","0","0","0","2","0","","67","9","2020","5","40.080606","-75.223264","0713","6","0","0","0","0","1","0","0","0","","0","0","0","7","1","0","N","0","2","40 04:50.181","6","0","75 13:23.750","0","0","0","0","67301","0","0","0","N","0","0","0","2","67301","0","","1.0","900.0","9","N","N","N","0","","0","0","0","0","0","Y","708","2","0","0","0","0","0","0","2","0","2","0","0","0","7","07","","N","","","","","","","","","",""
"2020079573","1119","1","0","0","0","0","0","0","0","0","4","0","","67","9","2020","6","40.005602","-75.102999","1119","6","0","0","0","0","0","1","0","0","","0","0","0","11","1","1","N","0","0","40 00:20.168","","7","75 06:10.797","8","0","0","1","67301","0","0","0","N","0","0","0","2","67301","0","","1.0","","1","N","N","N","0","","0","0","0","0","0","","1100","2","1","0","0","0","1","0","2","0","2","0","0","0","3","03","","N","","","","","","","","","",""
"2020079648","2204","2","0","0","0","0","0","0","0","0","2","0","","67","9","2020","5","40.018103","-75.06401","2157","6","0","0","0","0","0","0","0","0","","0","0","0","21","3","0","N","0","0","40 01:05.170","","0","75 03:50.435","0","0","0","0","67301","0","0","0","N","0","0","0","1","67301","0","","6.0","","1","N","N","N","0","","0","0","1","0","0","","2155","3","0","0","0","0","0","0","2","0","3","0","0","0","3","03","","N","","","","","","","","","",""
"2020074226","2125","2","0","0","0","0","0","0","0","0","1","0","","67","9","2020","4","40.046953","-75.138664","2123","6","0","0","0","0","0","0","0","0","","0","0","0","20","3","0","N","0","0","40 02:49.030","","0","75 08:19.191","0","0","0","0","67301","0","0","0","N","0","0","0","1","67301","0","","6.0","","9","N","N","N","0","","0","0","0","0","0","","2000","2","0","0","0","0","0","0","2","0","2","0","0","0","7","","","N","","","","","","","","","",""
"2020101619","2302","1","0","0","0","0","0","0","0","0","4","0","","67","11","2020","4","40.008973","-75.136501","2302","6","0","0","0","0","0","0","0","0","","0","0","0","23","3","0","","1","1","40 00:32.302","1","0","75 08:11.403","0","0","0","0","67301","0","0","0","N","0","0","0","2","67301","0","","1.0","100.0","1","N","N","N","0","","0","0","2","3","3","N","2300","3","0","0","0","0","0","0","2","0","3","0","0","0","3","","","N","","","","","","","","","",""
"2020101365","1535","1","0","0","0","0","0","0","0","0","2","0","","67","11","2020","3","40.045441","-75.143336","1533","6","0","0","0","0","0","0","0","0","","0","0","0","14","1","1","N","0","0","40 02:43.586","","0","75 08:36.009","3","0","0","0","67301","0","0","0","N","0","0","0","2","67301","0","","1.0","","1","N","N","N","0","","1","0","1","0","0","","1445","2","1","0","0","0","0","1","2","0","2","0","0","0","3","","","N","","","","","","","","","",""
"2020097800","0420","2","0","0","0","0","0","0","0","0","5","0","","67","11","2020","6","40.102556","-74.969192","0410","6","0","0","0","0","0","0","0","0","","0","0","0","4","3","1","N","0","0","40 06:09.200","","0","74 58:09.090","3","0","0","0","67301","0","0","0","N","0","0","0","1","67301","0","","6.0","","9","N","N","N","0","","1","0","2","0","0","","400","4","1","0","0","0","0","0","2","0","4","0","0","0","7","","","N","","","","","","","","","",""
"2020081635","0632","1","0","0","0","0","0","0","0","0","5","0","","67","9","2020","2","39.958838","-75.215351","0632","6","0","0","0","0","0","0","0","0","","0","0","0","6","1","0","N","0","2","39 57:31.815","4","0","75 12:55.263","0","0","0","0","67301","0","0","0","N","0","0","0","2","67301","0","","6.0","911.0","1","N","N","N","0","","0","0","1","0","0","N","632","2","0","0","0","0","0","0","2","0","2","0","0","0","3","03","","N","","","","","","","","","",""
"2020076816","0436","2","0","0","0","0","0","0","0","0","5","0","","67","9","2020","7","39.981183","-75.159064","0433","6","0","0","0","0","0","0","0","0","","0","0","0","4","3","1","N","0","0","39 58:52.260","","0","75 09:32.630","4","0","0","0","67301","0","0","0","N","0","0","0","2","67505","1","","6.0","","1","N","N","N","0","","0","0","0","0","0","","432","2","1","0","0","0","0","0","2","0","2","0","0","0","3","","","N","","","","","","","","","",""
"2020078456","2227","1","0","0","0","0","0","0","0","0","7","0","","67","9","2020","7","39.930861","-75.199194","2223","6","0","0","0","0","0","0","0","0","","0","0","0","22","3","0","","3","0","39 55:51.100","","0","75 11:57.100","0","0","0","0","67301","0","0","0","N","0","0","0","2","68K01","0","","4.0","","1","N","N","N","0","","0","0","0","0","0","","2220","1","0","0","0","0","0","0","2","0","1","0","0","0","3","","","N","","","","","","","","","",""
"2020079142","0438","1","0","0","0","0","0","0","0","0","1","0","","67","9","2020","5","39.978274","-75.11045","0430","6","0","0","0","0","0","0","0","0","","0","0","0","4","3","2","N","0","1","39 58:41.788","1","0","75 06:37.621","8","0","0","0","67301","0","0","0","N","0","0","0","2","68K01","0","","1.0","519.0","1","N","N","N","1","","0","0","0","0","0","N","430","2","2","1","0","0","2","0","2","0","2","0","0","0","3","03","","N","","","","","","","","","",""
"2020075027","1806","1","0","0","0","0","0","0","0","0","7","0","","67","9","2020","5","39.933118","-75.23771","1757","6","0","0","0","0","0","0","0","0","","0","0","0","17","1","1","N","0","0","39 55:59.223","","0","75 14:15.757","3","0","0","0","67301","0","0","0","N","0","0","0","1","67301","0","","4.0","","1","N","N","N","0","","1","0","0","0","0","","1753","1","1","0","0","0","0","0","2","0","1","0","0","0","3","03","","N","","","","","","","","","",""
"2020067748","1057","1","0","0","0","0","0","0","0","0","1","0","","67","8","2020","7","39.975575","-75.158609","1055","6","0","0","0","0","0","0","0","0","","0","0","0","10","1","3","N","0","0","39 58:32.069","","0","75 09:30.992","8","0","0","0","67301","0","0","0","N","0","0","0","4","67505","0","","6.0","","1","N","N","Y","0","","0","0","1","0","0","","1053","2","3","0","0","0","3","1","2","0","2","0","0","0","3","03","","N","","","","","","","","","",""
"2020083235","1706","1","0","0","0","0","0","0","0","0","1","0","45","67","9","2020","3","39.995809","-75.082917","1653","6","0","0","0","1","0","0","0","0","","0","0","0","16","1","1","N","0","1","39 59:44.912","1","3","75 04:58.500","4","0","0","0","67301","0","0","0","N","0","0","0","3","68K01","1","","1.0","1730.0","1","N","N","N","0","","0","0","0","0","0","N","1651","2","1","1","0","0","0","0","2","1","2","0","0","0","3","","N","Y","4","1","","","N","","","","Y","N"
"2020069930","0100","1","0","0","0","0","0","0","0","0","7","0","","67","8","2020","5","39.935008","-75.235243","0055","6","0","0","0","0","0","0","0","0","","0","0","0","0","3","1","","2","0","39 56:06.028","","0","75 14:06.874","3","0","0","0","67301","0","0","0","N","0","0","0","1","67301","0","","5.0","","1","N","N","N","0","","1","0","0","3","3","","45","1","1","0","0","0","0","0","2","0","1","0","0","0","3","03","","N","","","","","","","","","",""
"2020078190","2111","3","0","0","0","0","0","0","0","0","4","0","","67","9","2020","3","39.980224","-75.157607","2109","6","0","0","0","0","0","2","0","0","","0","0","0","21","3","5","","1","2","39 58:48.805","5","0","75 09:27.384","8","0","0","0","67301","2","0","0","N","2","0","0","7","67301","0","","1.0","2300.0","1","N","N","N","0","","0","0","1","3","2","Y","2109","6","5","0","0","0","5","1","2","0","4","2","0","0","3","03","","N","","","","","","","","","",""
"2020069822","0220","1","0","0","0","0","0","0","0","0","5","0","","67","8","2020","6","40.036065","-75.127656","0215","6","0","0","0","0","0","1","0","0","","0","0","0","1","3","0","","1","0","40 02:09.834","","0","75 07:39.560","9","0","0","0","67301","0","0","0","N","0","0","0","2","67301","0","","1.0","","1","N","N","N","0","","0","0","1","3","2","","150","2","0","0","0","0","0","1","2","0","2","0","0","0","3","03","","N","","","","","","","","","",""
"2020078312","1330","1","0","0","0","0","0","0","0","0","4","0","","67","9","2020","3","40.080855","-75.028774","1324","6","0","0","0","0","0","2","0","0","","0","0","0","13","1","1","","1","0","40 04:51.077","","0","75 01:43.585","8","0","0","1","67301","0","0","0","N","0","0","0","2","67301","0","","1.0","","1","N","N","N","0","","0","0","0","3","2","","1305","2","1","0","0","0","1","0","2","0","2","0","0","0","3","03","","N","","","","","","","","","",""
"2020086620","1430","0","0","0","0","0","0","0","0","0","1","0","","67","10","2020","3","39.994774","-75.18715","1430","6","0","0","0","0","0","1","0","0","","0","0","0","14","1","1","N","0","0","39 59:41.186","","0","75 11:13.739","3","0","0","0","67301","0","0","0","N","0","0","0","3","67301","0","","1.0","","1","N","N","N","0","","1","0","1","0","0","","1420","2","1","3","0","0","0","0","2","1","2","0","0","0","3","03","","N","","","","","","","","","",""
"2020081547","2205","1","0","0","0","0","0","0","0","0","4","0","","67","10","2020","5","39.973776","-75.245295","2158","6","0","0","0","0","0","1","0","0","","0","0","0","21","4","1","","1","0","39 58:25.594","","0","75 14:43.063","3","0","0","0","67301","0","0","0","N","0","0","0","3","67301","0","","1.0","","9","N","N","N","0","","1","0","1","3","2","","2155","2","1","1","0","0","0","0","2","0","2","0","0","0","7","","","N","","","","","","","","","",""
"2020082129","1056","1","0","0","0","0","0","0","0","0","4","0","","67","10","2020","1","39.947778","-75.227428","1054","6","0","0","0","0","0","0","1","0","","0","0","0","10","1","2","","1","0","39 56:52.000","","0","75 13:38.740","3","0","0","0","67301","0","0","0","N","0","0","0","3","67301","0","","1.0","","1","N","N","N","0","","2","0","1","3","2","","1053","2","2","1","0","0","0","1","2","0","2","0","0","0","3","03","","N","","","","","","","","","",""
"2020095768","1706","3","0","0","0","0","0","0","0","0","4","0","","67","11","2020","3","39.936681","-75.197016","1705","6","0","0","0","0","0","0","1","0","","0","0","0","16","3","2","","1","1","39 56:12.050","2","0","75 11:49.257","2","0","0","0","67301","0","0","0","N","0","0","0","2","67301","0","","1.0","2100.0","1","N","N","Y","0","","1","1","0","0","0","Y","1655","3","2","1","0","1","0","0","2","0","3","0","0","0","3","03","","N","","","","","","","","","",""
"2020080101","0521","1","0","0","0","0","0","0","0","0","4","0","","67","9","2020","7","40.012063","-75.136521","0514","6","0","0","0","0","0","0","0","0","","0","0","0","5","3","0","","2","0","40 00:43.426","","0","75 08:11.475","0","0","0","0","67301","0","0","0","N","0","0","0","1","67301","0","","1.0","","9","N","N","N","0","","0","0","2","0","0","","506","3","0","0","0","0","0","0","2","0","3","0","0","0","7","04","","N","","","","","","","","","",""
"2020100254","1307","2","0","0","0","0","0","0","0","0","1","0","","67","11","2020","4","40.013371","-75.12226","1302","6","1","0","0","0","0","1","0","0","","0","0","0","12","8","1","N","3","0","40 00:48.135","","0","75 07:20.135","3","0","0","0","67301","0","0","0","N","0","0","0","3","67301","0","","1.0","","9","N","N","N","0","","1","0","0","0","0","","1258","2","1","0","0","0","0","0","2","0","2","0","0","0","7","","","N","","","","","","","","","",""
"2020094296","1454","2","0","0","0","0","0","0","0","0","2","0","","67","11","2020","5","39.992692","-75.12034","1453","6","0","0","0","0","0","0","0","0","","0","0","0","14","1","1","","1","0","39 59:33.691","","0","75 07:13.223","4","0","0","0","67301","0","0","0","N","0","0","0","2","67301","1","","1.0","","1","N","N","N","0","","0","0","0","3","2","","1448","2","1","0","0","0","0","1","2","0","2","0","0","0","3","03","","N","","","","","","","","","",""
"2020094644","1040","0","0","0","0","0","0","0","0","0","8","0","","67","11","2020","7","40.08675","-75.025733","1025","6","0","0","0","0","0","1","0","0","","0","0","0","10","1","1","N","0","0","40 05:12.300","","0","75 01:32.640","3","0","0","0","67301","1","0","0","N","1","0","0","2","67301","0","","1.0","","1","N","N","N","0","","1","0","1","0","0","","1000","2","1","1","0","0","0","0","2","0","1","1","0","0","3","03","","N","","","","","","","","","",""
"2020089084","0306","1","0","0","0","0","0","0","0","0","1","0","","67","10","2020","1","39.966514","-75.134982","0303","6","0","0","0","0","1","0","0","0","","0","0","0","2","3","0","N","0","0","39 57:59.450","","0","75 08:05.934","0","0","0","0","67301","0","0","0","N","0","0","0","2","68K01","0","","1.0","","1","N","N","N","0","","0","0","1","0","0","","258","2","0","0","0","0","0","0","2","0","2","0","0","0","3","","","N","","","","","","","","","",""
"2020089303","1045","2","0","0","0","0","0","0","0","0","3","0","","67","10","2020","7","40.042294","-75.164636","1044","6","0","0","0","0","0","0","1","0","","0","0","0","10","1","1","","2","0","40 02:32.258","","0","75 09:52.689","3","0","0","0","67301","0","0","0","N","0","0","0","3","67301","0","","1.0","","1","N","N","N","0","","1","0","1","0","0","","1043","3","1","0","0","0","0","0","2","0","3","0","0","0","3","03","","N","","","","","","","","","",""
"2020097418","0238","1","0","0","0","0","0","0","0","0","7","0","","67","10","2020","6","39.956939","-75.154797","0238","6","0","0","0","0","0","0","0","0","","0","0","0","2","3","0","N","0","1","39 57:24.982","4","0","75 09:17.270","0","0","0","0","67301","0","0","0","N","0","0","0","1","68K01","0","","4.0","238.0","9","N","N","N","0","","0","0","0","0","0","N","238","1","0","0","0","0","0","0","2","0","1","0","0","0","7","","","N","","","","","","","","","",""
"2020080526","1709","4","0","0","0","0","0","0","0","0","5","0","","67","9","2020","3","39.987729","-75.154818","1627","6","0","0","0","0","0","0","0","0","","0","0","0","15","1","0","N","0","0","39 59:15.826","","0","75 09:17.343","9","0","0","0","67301","0","0","0","N","0","0","0","1","67301","0","","6.0","","9","N","N","N","0","","0","0","0","0","0","","1526","4","0","0","0","0","0","1","2","0","4","0","0","0","7","07","","N","","","","","","","","","",""
"2020081739","0930","1","0","0","0","0","0","0","0","0","4","0","","67","10","2020","5","39.922204","-75.230324","0925","6","0","0","0","0","0","0","0","1","","0","0","0","9","1","0","","1","0","39 55:19.936","","0","75 13:49.166","9","0","0","0","67301","0","0","0","N","0","0","0","3","67301","0","","1.0","","1","N","N","N","0","","0","0","0","3","2","","902","2","0","0","0","0","0","2","2","1","2","0","0","0","3","03","","N","","","","","","","","","",""
"2020095147","1928","3","0","0","0","0","0","0","0","0","5","0","","67","11","2020","1","40.014178","-75.147242","1919","6","0","0","0","0","0","0","0","0","","0","0","0","18","3","1","N","0","1","40 00:51.040","1","0","75 08:50.070","4","0","0","0","67301","0","0","0","N","0","0","0","2","67301","1","","1.0","2100.0","1","N","N","Y","0","","0","0","1","0","0","Y","1828","4","1","0","0","0","0","0","2","0","4","0","0","0","3","03","","N","","","","","","","","","",""
"2020100489","1958","1","0","0","0","0","0","0","0","0","1","0","45","67","11","2020","5","40.00006","-75.19499","1958","6","0","0","0","0","0","2","0","0","","0","0","0","19","3","3","N","0","2","40 00:00.216","4","0","75 11:41.964","8","0","0","0","67301","0","0","0","N","0","0","0","4","68K01","0","","1.0","2020.0","9","N","N","N","0","","0","0","2","0","0","N","1921","3","3","0","0","0","3","0","2","0","3","0","0","0","7","98","N","Y","2","1","","","Y","Y","","","Y","N"
"2020103018","1515","2","0","0","0","0","0","0","0","0","1","0","","67","11","2020","7","39.982902","-75.101576","1509","6","0","0","0","0","0","1","0","0","","0","0","0","14","1","2","N","0","0","39 58:58.446","","0","75 06:05.675","3","0","0","0","67301","0","0","0","N","0","0","0","4","67301","0","","1.0","","1","N","N","N","0","","2","0","2","0","0","","1445","4","2","4","0","0","0","0","2","0","4","0","0","0","3","03","","N","","","","","","","","","",""
"2020085036","1700","1","0","0","0","0","0","0","0","0","1","0","","67","9","2020","7","39.921793","-75.19059","1700","6","0","0","0","0","0","0","0","0","","0","0","0","9","1","0","N","0","0","39 55:18.456","","1","75 11:26.125","0","0","0","0","67301","0","0","0","N","0","0","0","2","67301","0","","1.0","","99","N","N","Y","0","","0","0","1","0","0","","930","2","0","0","0","0","0","0","2","0","2","0","0","0","99","","","N","","","","","","","","","",""
"2020098345","0742","4","0","0","0","0","0","0","0","0","2","0","","67","11","2020","3","40.002549","-75.150466","0739","6","0","0","0","0","0","0","0","0","","0","0","0","7","1","0","N","0","1","40 00:09.177","1","0","75 09:01.676","0","0","0","0","67301","0","0","0","N","0","0","0","1","67505","0","","6.0","930.0","1","N","N","N","1","","0","0","1","0","0","N","730","6","0","1","0","0","0","0","2","0","6","0","0","0","3","03","","N","","","","","","","","","",""
"2020101045","0210","1","0","0","0","0","0","0","0","0","7","0","","67","11","2020","7","39.931099","-75.2429","0200","6","0","0","0","0","0","0","0","0","","0","0","0","22","3","0","N","0","0","39 55:51.955","","0","75 14:34.439","0","0","0","0","67301","0","0","0","N","0","0","0","1","67301","0","","5.0","","1","N","N","N","0","","0","0","0","0","0","","2257","1","0","0","0","0","0","0","2","0","1","0","0","0","3","03","","N","","","","","","","","","",""
"2020082519","0517","2","0","0","0","0","0","0","0","0","4","0","","67","10","2020","5","39.952758","-75.14994","0513","6","0","0","0","0","0","1","0","0","","0","0","0","5","3","0","","1","0","39 57:09.930","","0","75 08:59.785","0","0","0","0","67301","0","0","0","N","0","0","0","2","67301","0","","1.0","","1","N","N","N","0","","0","0","0","3","2","","512","2","0","0","0","0","0","0","2","0","2","0","0","0","3","03","","N","","","","","","","","","",""
"2020080643","0527","2","0","0","0","0","0","0","0","0","2","0","","67","9","2020","3","39.964944","-75.226389","0525","6","0","0","0","0","0","0","0","0","","0","0","0","5","3","0","N","0","0","39 57:53.800","","0","75 13:35.000","9","0","0","0","67301","0","0","0","N","0","0","0","1","67301","0","","6.0","","1","N","N","N","0","","0","0","0","0","0","","510","2","0","0","0","0","0","1","2","0","2","0","0","0","3","03","","N","","","","","","","","","",""
"2020080524","1530","1","0","0","0","0","0","0","0","0","1","0","","67","9","2020","2","40.058976","-74.994787","1524","6","0","0","0","0","0","0","0","0","","0","0","0","14","1","1","N","0","0","40 03:32.313","","0","74 59:41.232","3","0","0","0","67301","0","0","0","N","0","0","0","2","67301","0","","6.0","","1","N","N","N","0","","1","0","1","0","0","","1433","2","1","0","0","0","0","0","2","0","2","0","0","0","3","03","","N","","","","","","","","","",""
"2020103519","1404","3","0","0","0","0","0","0","0","0","4","0","","67","11","2020","5","39.957054","-75.235742","1400","6","0","0","0","0","0","2","0","0","","0","0","0","13","1","3","","1","0","39 57:25.394","","0","75 14:08.671","3","0","0","0","67301","0","0","0","N","0","0","0","3","67301","0","","1.0","","1","N","N","N","0","","3","0","1","3","3","","1357","4","3","0","0","0","0","0","2","0","4","0","0","0","3","03","","N","","","","","","","","","",""
"2020096402","1815","2","0","0","0","0","0","0","0","0","5","0","","67","11","2020","4","40.04664","-75.112511","1806","6","0","0","2","0","0","0","0","0","","0","0","0","17","3","1","N","0","0","40 02:47.904","","0","75 06:45.038","3","0","0","0","67301","0","0","0","N","0","0","0","3","67301","0","","1.0","","8","N","N","N","0","","1","0","1","0","0","","1746","3","1","0","0","0","0","0","2","0","3","0","0","0","7","","","N","","","","","","","","","",""
"2020081354","2014","2","0","0","0","0","0","0","0","0","4","0","","67","10","2020","5","40.013723","-75.097349","2014","6","0","0","0","0","0","0","0","0","","0","0","0","19","3","1","","1","0","40 00:49.401","","0","75 05:50.455","3","0","0","0","67301","0","0","0","N","0","0","0","2","67301","0","","1.0","","1","N","N","N","0","","1","0","0","3","2","","1941","2","1","2","0","0","0","0","2","0","2","0","0","0","3","","","N","","","","","","","","","",""
"2020092379","0631","2","0","0","0","0","0","0","0","0","6","0","","67","10","2020","2","40.003619","-75.165906","0627","6","0","0","0","0","0","0","0","0","","0","0","0","6","3","0","N","0","1","40 00:13.030","5","0","75 09:57.260","0","0","0","0","67301","0","0","0","N","0","0","0","2","67301","0","","1.0","645.0","9","N","N","N","1","","0","0","0","0","0","N","614","3","0","1","0","0","0","0","2","0","3","0","0","0","7","","","N","","","","","","","","","",""