"CRN","ARRIVAL_TM","AUTOMOBILE_COUNT","BELTED_DEATH_COUNT","BELTED_SUSP_SERIOUS_INJ_COUNT","BICYCLE_COUNT","BICYCLE_DEATH_COUNT","BICYCLE_SUSP_SERIOUS_INJ_COUNT","BUS_COUNT","CHLDPAS_DEATH_COUNT","CHLDPAS_SUSP_SERIOUS_INJ_COUNT","COLLISION_TYPE","COMM_VEH_COUNT","CONS_ZONE_SPD_LIM","COUNTY","CRASH_MONTH","CRASH_YEAR","DAY_OF_WEEK","DEC_LATITUDE","DEC_LONGITUDE","DISPATCH_TM","DISTRICT","DRIVER_COUNT_16YR","DRIVER_COUNT_17YR","DRIVER_COUNT_18YR","DRIVER_COUNT_19YR","DRIVER_COUNT_20YR","DRIVER_COUNT_50_64YR","DRIVER_COUNT_65_74YR","DRIVER_COUNT_75PLUS","EST_HRS_CLOSED","FATAL_COUNT","HEAVY_TRUCK_COUNT","HORSE_BUGGY_COUNT","HOUR_OF_DAY","ILLUMINATION","INJURY_COUNT","INTERSECTION_RELATED","INTERSECT_TYPE","LANE_CLOSED","LATITUDE","LN_CLOSE_DIR","LOCATION_TYPE","LONGITUDE","MAX_SEVERITY_LEVEL","MCYCLE_DEATH_COUNT","MCYCLE_SUSP_SERIOUS_INJ_COUNT","MOTORCYCLE_COUNT","MUNICIPALITY","NONMOTR_COUNT","NONMOTR_DEATH_COUNT","NONMOTR_SUSP_SERIOUS_INJ_COUNT","NTFY_HIWY_MAINT","PED_COUNT","PED_DEATH_COUNT","PED_SUSP_SERIOUS_INJ_COUNT","PERSON_COUNT","POLICE_AGCY","POSSIBLE_INJ_COUNT","RDWY_SURF_TYPE_CD","RELATION_TO_ROAD","ROADWAY_CLEARED","ROAD_CONDITION","SCH_BUS_IND","SCH_ZONE_IND","SECONDARY_CRASH","SMALL_TRUCK_COUNT","SPEC_JURIS_CD","SUSP_MINOR_INJ_COUNT","SUSP_SERIOUS_INJ_COUNT","SUV_COUNT","TCD_FUNC_CD","TCD_TYPE","TFC_DETOUR_IND","TIME_OF_DAY","TOTAL_UNITS","TOT_INJ_COUNT","UNBELTED_OCC_COUNT","UNB_DEATH_COUNT","UNB_SUSP_SERIOUS_INJ_COUNT","UNK_INJ_DEG_COUNT","UNK_INJ_PER_COUNT","URBAN_RURAL","VAN_COUNT","VEHICLE_COUNT","VULNERABLE_ROAD_USER_COUNT","VULNERABLE_ROAD_USER_DEATH_COUNT","VULNERABLE_ROAD_USER_SER_INJ_COUNT","WEATHER1","WEATHER2","WORKERS_PRES","WORK_ZONE_IND","WORK_ZONE_LOC","WORK_ZONE_TYPE","WZ_CLOSE_DETOUR","WZ_FLAGGER","WZ_LAW_OFFCR_IND","WZ_LN_CLOSURE","WZ_MOVING","WZ_OTHER","WZ_SHLDER_MDN","WZ_WORKERS_INJ_KILLED"
"2020101745","0047","1","0","0","0","0","0","0","0","0","7","0","","67","11","2020","5","40.059678","-75.025447","0042","6","0","0","0","0","0","0","0","0","","0","0","0","0","3","1","N","0","0","40 03:34.840","","0","75 01:31.610","3","0","0","0","67301","0","0","0","N","0","0","0","1","67301","0","","5.0","","1","N","N","N","0","","1","0","0","0","0","","40","1","1","1","0","0","0","0","2","0","1","0","0","0","3","03","","N","","","","","","","","","",""
"2020102860","1150","2","0","0","0","0","0","0","0","0","6","0","","67","11","2020","2","40.060794","-75.2005","1142","6","0","0","0","0","1","0","0","0","","0","0","0","11","1","0","N","0","0","40 03:38.860","","0","75 12:01.800","0","0","0","0","67301","0","0","0","N","0","0","0","2","67301","0","","1.0","","9","N","N","N","0","","0","0","0","0","0","","1141","2","0","0","0","0","0","0","2","0","2","0","0","0","7","03","","N","","","","","","","","","",""
"2020080313","1020","0","0","0","0","0","0","0","0","0","1","0","","67","9","2020","7","40.009994","-75.096144","1020","6","0","0","0","0","0","0","0","0","","0","0","0","9","1","1","","5","0","40 00:35.978","","0","75 05:46.118","3","0","0","0","67301","0","0","0","N","0","0","0","3","67301","0","","1.0","","9","N","N","N","1","","1","0","1","3","2","","925","2","1","2","0","0","0","0","2","0","2","0","0","0","7","","","N","","","","","","","","","",""
"2020079434","0033","2","0","0","0","0","0","0","0","0","6","0","","67","9","2020","7","40.03681","-75.133424","0025","6","0","0","0","0","0","0","0","0","","0","0","0","0","3","0","N","0","2","40 02:12.516","1","0","75 08:00.327","0","0","0","0","67301","0","0","0","N","0","0","0","4","67301","0","","1.0","213.0","1","N","N","N","0","","0","0","2","0","0","Y","20","4","0","0","0","0","0","0","2","0","4","0","0","0","3","03","","N","","","","","","","","","",""
"2020096987","1555","1","0","0","0","0","0","0","0","0","1","0","","67","11","2020","5","40.10072","-75.006945","1552","6","0","0","0","0","0","1","0","0","","0","0","0","15","1","0","N","0","1","40 06:02.592","1","0","75 00:25.002","0","0","0","0","67301","0","0","0","N","0","0","0","2","67301","0","","1.0","1610.0","9","N","N","N","0","","0","0","1","0","0","N","1545","2","0","0","0","0","0","0","2","0","2","0","0","0","7","04","","N","","","","","","","","","",""
"2020105527","0208","1","0","0","0","0","0","0","0","0","7","0","","67","11","2020","6","40.049572","-74.995574","0205","6","0","0","0","0","0","0","0","0","","0","0","0","2","3","0","N","0","0","40 02:58.460","","0","74 59:44.068","0","0","0","0","67301","0","0","0","N","0","0","0","1","68K01","0","","4.0","","1","N","N","N","0","","0","0","0","0","0","","204","1","0","0","0","0","0","0","2","0","1","0","0","0","3","","","N","","","","","","","","","",""
"2020095303","1020","2","0","0","0","0","0","0","0","0","5","0","","67","11","2020","2","40.031083","-75.145778","1016","6","0","0","0","0","0","0","1","0","","0","0","0","10","1","3","N","0","2","40 01:51.900","7","0","75 08:44.800","3","0","0","0","67301","0","0","0","N","0","0","0","3","67301","0","","6.0","1251.0","1","N","N","N","0","","3","0","1","0","0","Y","1012","3","3","0","0","0","0","0","2","0","3","0","0","0","3","","","N","","","","","","","","","",""
"2020100250","2343","0","0","0","0","0","0","0","0","0","8","0","","67","11","2020","7","40.0455","-75.164866","2338","6","0","0","0","0","0","0","0","0","","0","0","0","22","3","1","","1","0","40 02:43.799","","0","75 09:53.518","3","0","0","0","67301","1","0","0","N","1","0","0","2","67301","0","","1.0","","1","N","N","N","0","","1","0","0","9","2","","2220","2","1","0","0","0","0","1","2","0","1","1","0","0","3","","","N","","","","","","","","","",""
"2020090260","1738","0","0","0","0","0","0","0","0","0","7","0","","67","10","2020","2","40.007865","-75.172261","1738","6","0","0","0","0","0","0","0","0","","0","0","0","17","4","1","","1","0","40 00:28.314","","0","75 10:20.141","8","0","0","0","67301","0","0","0","N","0","0","0","1","67301","0","","4.0","","9","N","N","N","0","","0","0","1","3","2","","1737","1","1","0","0","0","1","0","2","0","1","0","0","0","7","07","","N","","","","","","","","","",""
"2020098811","1227","4","0","0","0","0","0","0","0","0","4","0","","67","11","2020","2","39.990772","-75.142515","1224","6","0","0","0","0","0","0","0","0","","0","0","0","0","3","0","","1","0","39 59:26.779","","0","75 08:33.054","9","0","0","0","67301","0","0","0","N","0","0","0","5","67301","0","","1.0","","1","N","N","N","0","","0","0","0","3","3","","23","4","0","0","0","0","0","1","2","0","4","0","0","0","3","03","","N","","","","","","","","","",""
"2020093434","1418","1","0","0","0","0","0","0","0","0","4","0","","67","11","2020","3","40.044671","-75.026324","1418","6","0","0","0","0","0","2","0","0","","0","0","0","14","1","0","","1","0","40 02:40.815","","0","75 01:34.766","9","0","0","0","67301","0","0","0","N","0","0","0","2","67301","0","","1.0","","1","N","N","N","0","","0","0","1","3","3","","1400","2","0","0","0","0","0","1","2","0","2","0","0","0","3","03","","N","","","","","","","","","",""
"2020101470","1106","1","0","0","0","0","0","0","0","0","4","0","","67","11","2020","6","39.994527","-75.094439","1106","6","0","0","0","0","0","0","0","0","","0","0","0","10","1","3","N","0","0","39 59:40.298","","7","75 05:39.980","3","0","0","0","67301","0","0","0","N","0","0","0","6","67301","0","","1.0","","1","N","N","N","1","","3","0","0","0","0","","1030","2","3","0","0","0","0","1","2","0","2","0","0","0","3","","","N","","","","","","","","","",""
"2020103316","2053","0","0","0","0","0","0","0","0","0","7","0","","67","11","2020","4","40.032789","-75.020949","2042","6","0","0","0","0","1","0","0","0","","0","0","0","20","3","0","Y","0","1","40 01:58.041","2","0","75 01:15.417","0","0","0","0","67301","0","0","0","N","0","0","0","2","68K01","0","","4.0","2110.0","9","N","N","N","0","","0","0","0","0","0","N","2040","1","0","0","0","0","0","0","2","1","1","0","0","0","7","","","N","","","","","","","","","",""
"2020095615","2149","2","0","0","0","0","0","0","0","0","6","0","","67","11","2020","1","40.029502","-75.146713","2145","6","0","0","0","0","0","0","0","0","","0","0","0","21","3","1","","1","0","40 01:46.206","","0","75 08:48.166","4","0","0","0","67301","0","0","0","N","0","0","0","6","67301","1","","1.0","","1","N","N","N","0","","0","0","0","3","2","","2141","2","1","0","0","0","0","1","2","0","2","0","0","0","3","03","","N","","","","","","","","","",""
"2020068793","1907","1","0","0","0","0","0","0","0","0","4","0","","67","8","2020","2","40.002583","-75.081917","1851","6","0","0","0","0","0","0","0","0","","0","0","0","18","1","1","N","0","0","40 00:09.300","","7","75 04:54.900","3","0","0","1","67301","0","0","0","N","0","0","0","2","67301","0","","1.0","","1","N","N","N","0","","1","0","0","0","0","","1850","2","1","0","0","0","0","0","2","0","2","0","0","0","3","","","N","","","","","","","","","",""
"2020073406","1940","1","0","0","0","0","0","0","0","0","5","0","","67","9","2020","2","40.065361","-75.019778","1933","6","0","0","0","0","0","0","0","0","","0","0","0","19","3","1","N","0","0","40 03:55.300","","0","75 01:11.200","3","0","0","0","67301","0","0","0","N","0","0","0","1","67301","0","","6.0","","1","N","N","N","0","","1","0","1","0","0","","1930","3","1","0","0","0","0","0","2","1","3","0","0","0","3","","","N","","","","","","","","","",""
"2020068541","1520","1","0","0","0","0","0","0","0","0","5","0","","67","8","2020","2","39.922664","-75.156397","1517","6","0","0","0","0","0","0","0","0","","0","0","0","15","1","0","N","0","0","39 55:21.589","","0","75 09:23.029","0","0","0","0","67301","0","0","0","N","0","0","0","2","67301","0","","1.0","","1","N","N","N","1","","0","0","0","0","0","","1500","2","0","0","0","0","0","0","2","0","2","0","0","0","3","","","N","","","","","","","","","",""
"2020070134","0230","2","0","0","0","0","0","0","0","0","8","0","","67","8","2020","1","39.903205","-75.154677","1230","6","0","0","0","0","0","0","0","0","","0","0","0","0","3","1","N","0","0","39 54:11.539","","0","75 09:16.838","2","0","0","0","67301","1","0","1","N","1","0","1","5","67301","0","","1.0","","1","N","N","N","0","","0","1","0","0","0","","20","3","1","0","0","0","0","1","2","0","2","1","0","1","3","03","","N","","","","","","","","","",""
"2020075904","1542","0","0","0","0","0","0","0","0","0","4","0","","67","9","2020","6","40.040227","-75.214044","1536","6","0","0","0","0","0","0","2","0","","0","0","0","14","1","0","","2","1","40 02:24.817","2","0","75 12:50.558","9","0","0","0","67301","0","0","0","N","0","0","0","2","67301","0","","1.0","100.0","1","N","N","N","1","","0","0","1","3","2","N","1458","2","0","0","0","0","0","2","2","0","2","0","0","0","3","","","N","","","","","","","","","",""
"2020092323","0135","1","0","0","0","0","0","0","0","0","7","0","","67","11","2020","1","40.131108","-75.013712","0135","6","0","0","0","0","0","0","0","0","","0","0","0","1","3","0","N","0","0","40 07:51.990","","0","75 00:49.363","0","0","0","0","67301","0","0","0","N","0","0","0","1","67301","0","","4.0","","1","N","N","N","0","","0","0","0","0","0","","125","1","0","0","0","0","0","0","2","0","1","0","0","0","3","","","N","","","","","","","","","",""
"2020079432","0045","1","0","0","0","0","0","0","0","0","6","0","","67","9","2020","6","40.045221","-75.125269","0037","6","0","0","0","0","0","0","0","0","","0","0","0","0","3","0","N","0","1","40 02:42.795","3","0","75 07:30.969","0","0","0","1","67301","0","0","0","N","0","0","0","1","67301","0","","6.0","210.0","1","N","N","N","0","","0","0","2","0","0","N","29","5","0","0","0","0","0","0","2","1","5","0","0","0","3","03","","N","","","","","","","","","",""
"2020081400","0046","0","0","0","0","0","0","0","0","0","7","0","","67","9","2020","7","39.980685","-75.206127","0041","6","0","0","0","0","0","1","0","0","","0","0","0","0","3","1","N","0","1","39 58:50.467","3","0","75 12:22.058","8","0","0","0","67301","0","0","0","N","0","0","0","6","68K01","0","","3.0","130.0","1","N","N","N","0","","0","0","1","0","0","N","41","1","1","0","0","0","1","0","2","0","1","0","0","0","3","03","","N","","","","","","","","","",""
"2020101825","1955","1","0","0","0","0","0","0","0","0","7","0","","67","11","2020","4","39.978532","-75.225871","1953","6","0","0","0","0","0","0","0","0","","0","0","0","19","3","0","N","0","0","39 58:42.715","","0","75 13:33.136","0","0","0","0","67301","0","0","0","N","0","0","0","1","67301","0","","4.0","","1","N","N","N","0","","0","0","0","0","0","","1950","1","0","0","0","0","0","0","2","0","1","0","0","0","3","03","","N","","","","","","","","","",""
"2020079200","0351","1","0","0","0","0","0","0","0","0","4","0","","67","9","2020","6","39.986343","-75.180236","0350","6","0","0","0","0","0","0","0","0","","0","0","0","3","3","0","","1","1","39 59:10.834","6","0","75 10:48.850","0","0","0","0","67301","0","0","0","N","0","0","0","3","67301","0","","1.0","444.0","1","N","N","N","0","","0","0","1","3","2","Y","346","2","0","0","0","0","0","0","2","0","2","0","0","0","3","","","N","","","","","","","","","",""
"2020096051","0115","2","0","0","0","0","0","0","0","0","4","0","","67","11","2020","1","39.917183","-75.246303","0115","6","0","0","0","0","0","0","0","0","","0","0","0","1","3","0","","1","1","39 55:01.859","4","0","75 14:46.691","0","0","0","0","67301","0","0","0","N","0","0","0","1","67301","0","","1.0","244.0","1","N","N","N","0","","0","0","0","3","2","N","115","2","0","1","0","0","0","0","2","0","2","0","0","0","3","03","","N","","","","","","","","","",""
"2020097588","0456","0","0","0","0","0","0","0","0","0","4","0","","67","11","2020","7","39.891942","-75.241906","0449","6","0","0","0","0","0","1","0","0","","0","0","0","4","3","1","","2","1","39 53:30.990","3","7","75 14:30.862","4","0","0","0","67301","0","0","0","N","0","0","0","2","67301","1","","1.0","650.0","1","N","N","N","0","","0","0","1","3","2","N","439","2","1","0","0","0","0","0","2","1","2","0","0","0","3","03","","N","","","","","","","","","",""
"2020080715","1012","2","0","0","0","0","0","0","0","0","1","0","","67","9","2020","1","39.945945","-75.19858","0941","6","0","0","0","0","0","0","0","0","","0","0","0","9","8","1","N","0","1","39 56:45.401","2","0","75 11:54.889","3","0","0","0","67301","0","0","0","N","0","0","0","2","67301","0","","1.0","2317.0","9","N","N","N","0","","1","0","0","0","0","N","941","2","1","0","0","0","0","0","2","0","2","0","0","0","7","07","","N","","","","","","","","","",""
"2020094440","1425","1","0","0","1","0","0","0","0","0","8","0","","67","11","2020","2","39.938142","-75.198369","1414","6","0","0","0","0","0","0","0","0","","0","0","0","12","1","1","N","0","0","39 56:17.310","","7","75 11:54.130","4","0","0","0","67301","1","0","0","N","0","0","0","2","67301","1","","1.0","","1","N","N","N","0","","0","0","0","0","0","","1254","2","1","0","0","0","0","0","2","0","1","1","0","0","3","03","","N","","","","","","","","","",""
"2020097686","1006","1","0","0","0","0","0","0","0","0","4","0","","67","11","2020","7","39.98665","-75.146442","1006","6","0","0","0","0","0","0","0","0","","0","0","0","10","1","1","","1","0","39 59:11.940","","0","75 08:47.191","3","0","0","0","67301","0","0","0","N","0","0","0","4","67301","0","","1.0","","1","N","N","N","0","","1","0","1","3","3","","1002","2","1","0","0","0","0","2","2","0","2","0","0","0","3","03","","N","","","","","","","","","",""
"2020100398","0119","1","0","0","0","0","0","0","0","0","4","0","","67","11","2020","2","40.035497","-75.178766","0116","6","0","0","0","0","0","0","1","0","","0","0","0","1","3","1","","1","0","40 02:07.790","","0","75 10:43.559","3","0","0","0","67301","0","0","0","N","0","0","0","2","67301","0","","1.0","","9","N","N","N","0","","1","0","0","3","2","","115","2","1","2","0","0","0","0","2","1","2","0","0","0","7","","","N","","","","","","","","","",""
"2020104440","1108","0","0","0","0","0","0","0","0","0","7","0","","67","11","2020","5","39.960025","-75.179931","1101","6","0","0","0","0","0","0","0","0","","0","0","0","11","1","2","N","0","0","39 57:36.090","","0","75 10:47.752","3","0","0","0","67301","0","0","0","N","0","0","0","2","68K01","0","","4.0","","9","N","N","N","0","","2","0","1","0","0","","1100","1","2","2","0","0","0","0","2","0","1","0","0","0","3","","","N","","","","","","","","","",""
"2020094838","1012","1","0","0","0","0","0","0","0","0","1","0","","67","11","2020","1","39.984697","-75.15663","1011","6","0","0","0","0","0","1","0","0","","0","0","0","10","1","2","","1","0","39 59:04.910","","0","75 09:23.867","2","0","1","1","67301","0","0","0","N","0","0","0","2","67505","0","","1.0","","1","N","N","N","0","","0","1","0","3","2","","1011","2","2","0","0","0","1","0","2","0","2","0","0","0","3","03","","N","","","","","","","","","",""
"2020081744","2359","3","0","0","0","0","0","0","0","0","4","0","","67","10","2020","6","39.959418","-75.245353","2358","6","0","0","1","0","0","0","0","0","","0","0","0","23","3","4","","1","2","39 57:33.904","4","0","75 14:43.272","3","0","0","0","67301","0","0","0","N","0","0","0","5","67301","1","","1.0","226.0","1","N","N","N","0","","1","0","0","3","2","Y","2357","3","4","1","0","0","2","0","2","0","3","0","0","0","3","03","","N","","","","","","","","","",""
"2020107685","1716","1","0","0","0","0","0","0","0","0","8","0","","67","12","2020","5","39.969302","-75.156092","1714","6","0","0","0","0","0","0","0","0","","0","0","0","17","3","1","","1","0","39 58:09.487","","0","75 09:21.931","4","0","0","0","67301","1","0","0","N","1","0","0","2","67301","1","","1.0","","1","N","N","N","0","","0","0","0","3","2","","1705","2","1","0","0","0","0","0","2","0","1","1","0","0","3","","","N","","","","","","","","","",""
"2020082333","1537","1","0","0","0","0","0","0","0","0","4","0","","67","10","2020","7","39.927472","-75.243194","1527","6","0","0","0","0","1","0","0","0","","0","0","0","12","1","1","","1","0","39 55:38.900","","0","75 14:35.500","8","0","0","0","67301","0","0","0","N","0","0","0","2","67301","0","","1.0","","1","N","N","N","0","","0","0","1","3","3","","1230","2","1","0","0","0","1","1","2","0","2","0","0","0","3","03","","N","","","","","","","","","",""
"2020082128","1720","0","0","0","0","0","0","0","0","0","4","0","","67","10","2020","6","40.022358","-75.050171","1714","6","0","1","0","0","0","0","0","0","","0","0","0","17","3","1","N","0","0","40 01:20.489","","7","75 03:00.616","4","0","0","1","67301","0","0","0","N","0","0","0","2","67301","1","","1.0","","1","N","N","N","0","","0","0","1","0","0","","1705","2","1","0","0","0","0","0","2","0","2","0","0","0","3","03","","N","","","","","","","","","",""
"2020080361","1740","4","0","0","0","0","0","0","0","0","4","0","","67","9","2020","3","39.984711","-75.161527","1630","6","0","0","0","0","0","0","0","0","","0","0","0","16","1","0","","1","0","39 59:04.959","","0","75 09:41.497","9","0","0","0","67301","0","0","0","N","0","0","0","2","67505","0","","1.0","","9","N","N","N","0","","0","0","1","3","3","","1625","5","0","0","0","0","0","1","2","0","5","0","0","0","7","07","","N","","","","","","","","","",""
"2020092506","2321","1","0","0","0","0","0","0","0","0","4","0","","67","11","2020","1","40.026296","-75.125268","2314","6","0","0","0","1","0","0","0","0","","0","0","0","22","3","4","","1","2","40 01:34.665","2","0","75 07:30.964","3","0","0","0","67301","0","0","0","N","0","0","0","4","67301","2","","1.0","2358.0","1","N","N","N","1","","2","0","1","3","3","Y","2232","3","4","0","0","0","0","0","2","0","3","0","0","0","3","","","N","","","","","","","","","",""
"2020079883","2127","4","0","0","0","0","0","0","0","0","6","0","","67","9","2020","7","39.990228","-75.186717","2123","6","0","0","0","0","0","0","0","0","","0","0","0","21","3","0","","2","0","39 59:24.820","","0","75 11:12.182","9","0","0","0","67301","0","0","0","N","0","0","0","2","67301","0","","1.0","","1","N","N","N","0","","0","0","0","3","2","","2110","4","0","0","0","0","0","1","2","0","4","0","0","0","3","03","","N","","","","","","","","","",""
"2020094935","1738","1","0","0","0","0","0","0","0","0","5","0","","67","11","2020","7","40.025253","-75.143861","1736","6","0","0","0","0","0","0","0","0","","0","0","0","17","3","2","N","0","0","40 01:30.911","","0","75 08:37.901","3","0","0","0","67301","0","0","0","N","0","0","0","2","67301","0","","1.0","","1","N","N","N","0","","2","0","1","0","0","","1735","2","2","0","0","0","0","0","2","0","2","0","0","0","3","03","","N","","","","","","","","","",""
"2020081961","0026","1","0","0","0","0","0","0","0","0","7","0","","67","9","2020","7","40.033488","-75.020418","0020","6","0","0","1","0","0","0","0","0","","0","0","0","0","3","1","N","0","1","40 02:00.558","2","0","75 01:13.506","4","0","0","0","67301","0","0","0","N","0","0","0","2","68K01","1","","4.0","40.0","1","N","N","N","0","","0","0","0","0","0","N","13","1","1","0","0","0","0","0","2","0","1","0","0","0","3","","","N","","","","","","","","","",""
"2020081878","0523","1","0","0","0","0","0","0","0","0","4","0","","67","9","2020","2","40.031228","-75.145767","0522","6","0","0","0","0","0","0","0","0","","0","0","0","5","6","2","","1","0","40 01:52.420","","0","75 08:44.761","8","0","0","0","67301","0","0","0","N","0","0","0","3","67301","0","","1.0","","1","N","N","N","0","","0","0","3","3","2","","520","4","2","1","0","0","2","0","2","0","4","0","0","0","3","","","N","","","","","","","","","",""
"2020090731","0048","4","0","0","0","0","0","0","0","0","5","0","","67","10","2020","1","39.957971","-75.140748","0044","6","0","0","0","0","1","0","0","0","","0","0","0","0","3","0","N","0","0","39 57:28.694","","0","75 08:26.693","0","0","0","0","67301","0","0","0","N","0","0","0","5","68K01","0","","1.0","","1","N","N","N","0","","0","0","1","0","0","","42","5","0","0","0","0","0","0","2","0","5","0","0","0","3","03","","N","","","","","","","","","",""
"2020081238","1529","1","0","0","0","0","0","0","0","0","1","0","","67","10","2020","5","39.968833","-75.245306","1528","6","0","0","0","0","1","0","0","0","","0","0","0","13","1","1","Y","0","0","39 58:07.800","","0","75 14:43.100","8","0","0","0","67301","0","0","0","N","0","0","0","2","67301","0","","1.0","","1","N","N","N","0","","0","0","0","3","2","","1348","2","1","0","0","0","1","0","2","1","2","0","0","0","3","","","N","","","","","","","","","",""
"2020092750","2240","1","0","0","0","0","0","0","0","0","7","0","","67","10","2020","5","40.01384","-75.12598","2230","6","0","0","1","0","0","0","0","0","","0","0","0","22","3","4","","1","0","40 00:49.824","","0","75 07:33.527","3","0","0","0","67301","0","0","0","N","0","0","0","4","67301","1","","4.0","","9","N","N","N","0","","3","0","0","3","2","","2219","1","4","2","0","0","0","0","2","0","1","0","0","0","7","","","N","","","","","","","","","",""
"2020096986","1340","2","0","0","0","0","0","0","0","0","4","0","","67","11","2020","5","40.084073","-74.990154","1331","6","0","0","0","0","0","0","1","0","","0","0","0","13","1","0","","2","0","40 05:02.663","","0","74 59:24.556","0","0","0","0","67301","0","0","0","N","0","0","0","2","67301","0","","1.0","","1","N","N","N","0","","0","0","0","3","2","","1326","2","0","0","0","0","0","0","2","0","2","0","0","0","7","07","","N","","","","","","","","","",""
"2020100805","0645","1","0","0","0","0","0","0","0","0","5","0","","67","11","2020","1","40.044153","-75.12585","0640","6","0","0","0","0","0","0","0","0","","0","0","0","6","3","0","N","0","0","40 02:38.950","","0","75 07:33.060","0","0","0","0","67301","0","0","0","N","0","0","0","1","67301","0","","6.0","","1","N","N","N","0","","0","0","1","0","0","","640","2","0","0","0","0","0","0","2","0","2","0","0","0","3","","","N","","","","","","","","","",""
"2020100799","2240","1","0","0","0","0","0","0","0","0","1","0","","67","11","2020","1","40.091549","-74.965606","2237","6","0","0","0","0","0","1","0","0","","0","0","0","22","3","0","","2","1","40 05:29.578","1","0","74 57:56.181","9","0","0","0","67301","0","0","0","N","0","0","0","2","67301","0","","1.0","2337.0","9","N","N","N","1","","0","0","0","3","2","N","2232","2","0","0","0","0","0","1","2","0","2","0","0","0","7","","","N","","","","","","","","","",""
"2020093223","0617","2","0","0","0","0","0","0","0","0","5","0","","67","10","2020","7","39.994306","-75.111194","0615","6","0","0","0","0","0","0","0","0","","0","0","0","6","3","0","N","0","2","39 59:39.500","2","0","75 06:40.300","9","0","0","0","67301","0","0","0","N","0","0","0","1","67301","0","","6.0","700.0","1","N","N","N","0","","0","0","0","0","0","Y","614","2","0","0","0","0","0","1","2","0","2","0","0","0","3","03","","N","","","","","","","","","",""
"2020092316","1650","1","0","0","0","0","0","0","0","0","4","0","","67","10","2020","6","40.037997","-75.067987","1640","6","0","0","0","0","0","0","0","0","","0","0","0","16","1","1","","1","0","40 02:16.788","","0","75 04:04.754","3","0","0","0","67301","0","0","0","N","0","0","0","3","67301","0","","1.0","","1","N","N","N","0","","1","0","0","3","2","","1628","3","1","0","0","0","0","0","2","1","2","0","0","0","3","03","","N","","","","","","","","","",""
"2020081639","1759","1","0","0","0","0","0","0","0","0","4","0","","67","9","2020","7","40.018972","-75.147111","1757","6","0","0","0","0","0","0","0","0","","0","0","0","17","1","0","","1","0","40 01:08.300","","0","75 08:49.600","0","0","0","0","67301","0","0","0","N","0","0","0","7","67301","0","","1.0","","1","N","N","N","0","","0","0","0","3","2","","1750","2","0","6","0","0","0","0","2","1","2","0","0","0","4","04","","N","","","","","","","","","",""
"2020095145","1810","0","0","0","0","0","0","0","0","0","1","0","","67","11","2020","1","40.085058","-74.968767","1800","6","0","0","0","0","0","0","0","0","","0","0","0","17","3","1","N","0","0","40 05:06.210","","0","74 58:07.560","3","0","0","1","67301","0","0","0","N","0","0","0","2","67301","0","","1.0","","1","N","N","N","0","","1","0","1","0","0","","1734","2","1","0","0","0","0","0","2","0","2","0","0","0","3","03","","N","","","","","","","","","",""
"2020080527","2127","0","0","0","0","0","0","0","0","0","8","1","","67","9","2020","1","40.023824","-75.123859","2127","6","0","0","0","0","0","0","0","0","","0","1","0","21","3","1","","5","2","40 01:25.766","5","0","75 07:25.892","2","0","0","0","67301","1","0","1","N","1","0","1","2","67301","0","","1.0","2300.0","9","N","N","N","0","","0","1","0","3","2","Y","2125","2","1","0","0","0","0","0","2","0","1","1","0","1","7","","","N","","","","","","","","","",""
"2020097579","0920","1","0","0","0","0","0","0","0","0","8","0","","67","11","2020","7","39.935947","-75.156893","0902","6","0","0","0","0","0","0","0","0","","0","0","0","9","1","1","","1","0","39 56:09.409","","0","75 09:24.814","3","0","0","0","67301","1","0","0","N","1","0","0","2","67301","0","","1.0","","1","N","N","N","0","","1","0","0","3","2","","900","2","1","0","0","0","0","0","2","0","1","1","0","0","3","03","","N","","","","","","","","","",""
"2020094116","0906","3","0","0","0","0","0","0","0","0","5","0","","67","11","2020","4","39.934839","-75.170747","0859","6","0","0","0","0","0","0","0","0","","0","0","0","8","3","0","N","0","2","39 56:05.420","1","0","75 10:14.690","0","0","0","0","67301","0","0","0","N","0","0","0","1","67301","0","","1.0","930.0","1","N","N","Y","0","","0","0","0","0","0","Y","855","3","0","0","0","0","0","0","2","0","3","0","0","0","3","03","","N","","","","","","","","","",""
"2020097910","1500","3","0","0","0","0","0","0","0","0","1","0","","67","11","2020","7","39.905757","-75.193824","1500","6","0","0","1","0","0","0","0","0","","0","0","0","13","1","1","","1","0","39 54:20.725","","0","75 11:37.765","3","0","0","0","67301","0","0","0","N","0","0","0","4","67301","0","","1.0","","1","N","N","N","1","","1","0","0","3","2","","1305","4","1","0","0","0","0","0","2","0","4","0","0","0","3","03","","N","","","","","","","","","",""
"2020094931","1510","1","0","0","0","0","0","0","0","0","4","0","","67","11","2020","2","39.954454","-75.246377","1458","6","0","0","0","0","0","0","0","1","","0","0","0","14","1","1","","1","0","39 57:16.034","","0","75 14:46.957","3","0","0","0","67301","0","0","0","N","0","0","0","2","67301","0","","1.0","","1","N","N","N","0","","1","0","1","3","3","","1455","2","1","0","0","0","0","0","2","0","2","0","0","0","3","03","","N","","","","","","","","","",""