"CRN","ARRIVAL_TM","AUTOMOBILE_COUNT","BELTED_DEATH_COUNT","BELTED_SUSP_SERIOUS_INJ_COUNT","BICYCLE_COUNT","BICYCLE_DEATH_COUNT","BICYCLE_SUSP_SERIOUS_INJ_COUNT","BUS_COUNT","CHLDPAS_DEATH_COUNT","CHLDPAS_SUSP_SERIOUS_INJ_COUNT","COLLISION_TYPE","COMM_VEH_COUNT","CONS_ZONE_SPD_LIM","COUNTY","CRASH_MONTH","CRASH_YEAR","DAY_OF_WEEK","DEC_LATITUDE","DEC_LONGITUDE","DISPATCH_TM","DISTRICT","DRIVER_COUNT_16YR","DRIVER_COUNT_17YR","DRIVER_COUNT_18YR","DRIVER_COUNT_19YR","DRIVER_COUNT_20YR","DRIVER_COUNT_50_64YR","DRIVER_COUNT_65_74YR","DRIVER_COUNT_75PLUS","EST_HRS_CLOSED","FATAL_COUNT","HEAVY_TRUCK_COUNT","HORSE_BUGGY_COUNT","HOUR_OF_DAY","ILLUMINATION","INJURY_COUNT","INTERSECTION_RELATED","INTERSECT_TYPE","LANE_CLOSED","LATITUDE","LN_CLOSE_DIR","LOCATION_TYPE","LONGITUDE","MAX_SEVERITY_LEVEL","MCYCLE_DEATH_COUNT","MCYCLE_SUSP_SERIOUS_INJ_COUNT","MOTORCYCLE_COUNT","MUNICIPALITY","NONMOTR_COUNT","NONMOTR_DEATH_COUNT","NONMOTR_SUSP_SERIOUS_INJ_COUNT","NTFY_HIWY_MAINT","PED_COUNT","PED_DEATH_COUNT","PED_SUSP_SERIOUS_INJ_COUNT","PERSON_COUNT","POLICE_AGCY","POSSIBLE_INJ_COUNT","RDWY_SURF_TYPE_CD","RELATION_TO_ROAD","ROADWAY_CLEARED","ROAD_CONDITION","SCH_BUS_IND","SCH_ZONE_IND","SECONDARY_CRASH","SMALL_TRUCK_COUNT","SPEC_JURIS_CD","SUSP_MINOR_INJ_COUNT","SUSP_SERIOUS_INJ_COUNT","SUV_COUNT","TCD_FUNC_CD","TCD_TYPE","TFC_DETOUR_IND","TIME_OF_DAY","TOTAL_UNITS","TOT_INJ_COUNT","UNBELTED_OCC_COUNT","UNB_DEATH_COUNT","UNB_SUSP_SERIOUS_INJ_COUNT","UNK_INJ_DEG_COUNT","UNK_INJ_PER_COUNT","URBAN_RURAL","VAN_COUNT","VEHICLE_COUNT","VULNERABLE_ROAD_USER_COUNT","VULNERABLE_ROAD_USER_DEATH_COUNT","VULNERABLE_ROAD_USER_SER_INJ_COUNT","WEATHER1","WEATHER2","WORKERS_PRES","WORK_ZONE_IND","WORK_ZONE_LOC","WORK_ZONE_TYPE","WZ_CLOSE_DETOUR","WZ_FLAGGER","WZ_LAW_OFFCR_IND","WZ_LN_CLOSURE","WZ_MOVING","WZ_OTHER","WZ_SHLDER_MDN","WZ_WORKERS_INJ_KILLED"
"2020079057","0745","1","0","0","0","0","0","0","0","0","6","0","","67","9","2020","6","40.010011","-75.120619","0743","6","0","0","0","0","0","0","0","0","","0","0","0","7","1","0","N","0","0","40 00:36.040","","0","75 07:14.230","9","0","0","0","67301","0","0","0","N","0","0","0","1","67301","0","","6.0","","1","N","N","Y","0","","0","0","2","0","0","","719","4","0","0","0","0","0","1","2","1","4","0","0","0","3","03","","N","","","","","","","","","",""
"2020108942","0237","3","0","0","0","0","0","0","0","0","1","0","","67","11","2020","3","39.982618","-75.188382","0237","6","0","0","0","0","1","0","0","0","","0","0","0","1","3","1","","2","0","39 58:57.424","","0","75 11:18.175","3","0","0","0","67301","0","0","0","N","0","0","0","3","67301","0","","1.0","","1","N","N","N","0","","1","0","0","3","2","","130","3","1","2","0","0","0","0","2","0","3","0","0","0","3","03","","N","","","","","","","","","",""
"2020093665","0235","1","0","0","0","0","0","0","0","0","7","0","","67","11","2020","5","39.956558","-75.196786","0235","6","0","0","0","0","0","0","0","0","","0","0","0","2","3","1","Y","0","0","39 57:23.608","","0","75 11:48.428","3","0","0","0","67301","0","0","0","N","0","0","0","2","67507","0","","5.0","","1","N","N","N","0","","1","0","0","0","0","","233","1","1","0","0","0","0","0","2","0","1","0","0","0","3","","","N","","","","","","","","","",""
"2020088076","1718","1","0","0","0","0","0","0","0","0","4","0","","67","10","2020","6","39.964043","-75.221006","1718","6","0","0","0","0","0","1","0","0","","0","0","0","17","1","0","","2","0","39 57:50.556","","0","75 13:15.621","0","0","0","0","67301","0","0","0","N","0","0","0","2","67301","0","","1.0","","1","N","N","N","0","","0","0","0","3","3","","1718","2","0","0","0","0","0","0","2","1","2","0","0","0","3","03","","N","","","","","","","","","",""
"2020111650","1335","1","0","0","0","0","0","0","0","0","8","0","","67","12","2020","3","40.037055","-75.040173","1332","6","0","0","0","0","0","0","0","0","","0","0","0","13","1","1","N","0","0","40 02:13.397","","0","75 02:24.623","3","0","0","0","67301","1","0","0","N","1","0","0","3","67301","0","","1.0","","1","N","N","N","0","","1","0","0","0","0","","1330","2","1","0","0","0","0","0","2","0","1","1","0","0","3","","","N","","","","","","","","","",""
"2020082026","1556","2","0","0","0","0","0","0","0","0","4","0","","67","9","2020","4","40.027063","-75.075418","1556","6","0","0","0","0","0","1","0","0","","0","0","0","15","1","0","","1","0","40 01:37.428","","0","75 04:31.506","0","0","0","0","67301","0","0","0","N","0","0","0","2","67301","0","","1.0","","1","N","N","N","0","","0","0","0","3","2","","1556","2","0","1","0","0","0","0","2","0","2","0","0","0","3","03","","N","","","","","","","","","",""
"2020104031","2245","2","0","0","0","0","0","0","0","0","4","0","","67","11","2020","2","39.986847","-75.163503","2244","6","0","0","0","0","0","0","0","0","","0","0","0","22","3","0","N","0","2","39 59:12.650","2","0","75 09:48.610","9","0","0","0","67301","0","0","0","N","0","0","0","1","67301","0","","1.0","2340.0","9","N","N","N","0","","0","0","0","0","0","Y","2243","2","0","0","0","0","0","1","2","0","2","0","0","0","3","","","N","","","","","","","","","",""
"2020094832","0359","2","0","0","0","0","0","0","0","0","2","0","","67","11","2020","7","39.973769","-75.219649","0354","6","0","0","0","0","0","0","0","0","","0","0","0","3","3","0","","1","0","39 58:25.569","","0","75 13:10.736","0","0","0","0","67301","0","0","0","N","0","0","0","2","67301","0","","1.0","","1","N","N","N","0","","0","0","1","3","2","","344","3","0","0","0","0","0","0","2","0","3","0","0","0","3","03","","N","","","","","","","","","",""
"2020084711","1945","1","0","0","0","0","0","0","0","0","4","0","","67","9","2020","1","40.023528","-75.133389","1940","6","0","0","0","0","0","0","0","0","","0","0","0","14","1","1","","1","0","40 01:24.700","","0","75 08:00.200","2","0","0","0","67301","0","0","0","N","0","0","0","2","67301","0","","1.0","","1","N","N","N","0","","0","1","0","3","2","","1400","2","1","0","0","0","0","0","2","0","2","0","0","0","3","03","","N","","","","","","","","","",""
"2020103322","2032","1","0","0","0","0","0","0","0","0","7","0","","67","11","2020","5","39.943608","-75.142713","2024","6","0","0","0","0","0","0","0","0","","0","0","0","20","3","1","N","0","0","39 56:36.988","","0","75 08:33.766","3","0","0","0","67301","0","0","0","N","0","0","0","3","68K01","0","","2.0","","9","N","N","N","0","","1","0","0","0","0","","2022","1","1","0","0","0","0","0","2","0","1","0","0","0","7","","","N","","","","","","","","","",""
"2020104768","1720","0","0","0","0","0","0","1","0","0","4","1","","67","11","2020","2","39.974765","-75.185104","1700","6","0","0","0","0","0","0","0","0","","0","0","0","17","3","2","N","1","0","39 58:29.154","","0","75 11:06.374","8","0","0","0","67301","0","0","0","N","0","0","0","3","67508","0","","1.0","","9","N","N","Y","0","","0","0","1","0","0","","1700","2","2","0","0","0","2","0","2","0","2","0","0","0","7","07","","N","","","","","","","","","",""
"2020051591","1101","1","0","0","0","0","0","0","0","0","1","0","","67","6","2020","3","39.959647","-75.196031","1101","6","0","0","0","0","0","0","0","0","","0","0","0","10","1","2","N","0","2","39 57:34.730","6","0","75 11:45.710","4","0","0","0","67301","0","0","0","N","0","0","0","2","67301","2","","1.0","100.0","1","N","N","N","0","","0","0","0","0","0","N","1030","2","2","0","0","0","0","0","2","1","2","0","0","0","3","03","","N","","","","","","","","","",""
"2020053109","1128","0","0","0","0","0","0","0","0","0","4","0","","67","7","2020","4","39.987887","-75.123452","1127","6","0","0","0","0","0","0","0","0","","0","0","0","11","1","2","","1","0","39 59:16.394","","0","75 07:24.428","3","0","0","1","67301","0","0","0","N","0","0","0","3","67301","0","","1.0","","1","N","N","N","0","","2","0","0","3","2","","1126","2","2","0","0","0","0","0","2","1","2","0","0","0","3","03","","N","","","","","","","","","",""
"2020095600","1855","1","0","0","0","0","0","0","0","0","8","0","","67","11","2020","2","39.938978","-75.158131","1850","6","0","0","0","0","0","0","0","0","","0","0","0","18","3","1","N","0","0","39 56:20.320","","0","75 09:29.270","3","0","0","0","67301","1","0","0","N","1","0","0","2","67301","0","","1.0","","1","N","N","N","0","","1","0","0","3","2","","1843","2","1","0","0","0","0","0","2","0","1","1","0","0","3","03","","N","","","","","","","","","",""
"2020081640","1120","2","0","0","0","0","0","0","0","0","4","0","","67","10","2020","5","40.01384","-75.12598","1120","6","0","0","0","0","0","0","1","0","","0","0","0","10","1","0","","1","0","40 00:49.824","","0","75 07:33.527","0","0","0","0","67301","0","0","0","N","0","0","0","2","67301","0","","1.0","","1","N","N","N","0","","0","0","0","3","2","","1015","2","0","1","0","0","0","0","2","0","2","0","0","0","3","03","","N","","","","","","","","","",""
"2020110186","1737","1","0","0","0","0","0","0","0","0","5","0","","67","11","2020","5","39.991954","-75.202014","1735","6","0","0","0","0","0","2","0","0","","0","0","0","17","3","2","N","0","1","39 59:31.034","4","0","75 12:07.250","3","0","0","0","67301","0","0","0","N","0","0","0","5","68K01","0","","1.0","1830.0","1","N","N","N","0","","2","0","3","0","0","N","1734","4","2","1","0","0","0","0","2","0","4","0","0","0","3","03","","N","","","","","","","","","",""
"2020080058","1539","0","0","0","0","0","0","0","0","0","8","0","","67","9","2020","1","40.037444","-75.167472","1539","6","0","0","0","0","0","0","0","0","","0","0","0","15","1","1","N","0","0","40 02:14.800","","0","75 10:02.900","2","0","0","0","67301","1","0","1","N","1","0","1","2","67301","0","","4.0","","1","N","N","N","0","","0","1","0","3","3","","1528","2","1","0","0","0","0","0","2","1","1","1","0","1","3","03","","N","","","","","","","","","",""
"2020080714","1045","3","0","0","0","0","0","0","0","0","5","1","","67","9","2020","7","39.946056","-75.2108","1030","6","0","0","0","0","0","0","0","0","","0","1","0","9","1","0","N","0","2","39 56:45.800","2","0","75 12:38.880","9","0","0","0","67301","0","0","0","N","0","0","0","1","67301","0","","6.0","1230.0","1","N","N","N","0","","0","0","0","0","0","Y","945","5","0","0","0","0","0","1","2","1","5","0","0","0","3","03","","N","","","","","","","","","",""
"2020079322","1612","1","0","0","0","0","0","0","0","0","4","0","","67","9","2020","6","39.964407","-75.176261","1609","6","0","0","0","0","0","0","0","0","","0","0","0","16","1","2","","5","2","39 57:51.864","4","0","75 10:34.539","3","0","0","0","67301","0","0","0","N","0","0","0","5","67301","0","","1.0","1635.0","1","N","N","N","0","","2","0","1","3","2","N","1600","2","2","0","0","0","0","0","2","0","2","0","0","0","3","","","N","","","","","","","","","",""
"2020094444","1610","1","0","0","0","0","0","0","0","0","8","0","","67","11","2020","6","40.021406","-75.148593","1600","6","0","0","0","0","0","0","0","0","","0","0","0","15","1","1","","1","0","40 01:17.063","","0","75 08:54.934","8","0","0","0","67301","1","0","0","N","1","0","0","2","67301","0","","1.0","","1","N","N","N","0","","0","0","0","3","2","","1556","2","1","0","0","0","1","0","2","0","1","1","0","0","3","03","","N","","","","","","","","","",""
"2020081543","2347","1","0","0","0","0","0","0","0","0","5","0","","67","10","2020","5","40.050083","-75.181541","2340","6","0","0","0","0","0","0","0","0","","0","0","0","22","3","0","N","0","0","40 03:00.297","","0","75 10:53.549","0","0","0","0","67301","0","0","0","N","0","0","0","1","67301","0","","6.0","","9","N","N","N","0","","0","0","1","0","0","","2220","2","0","0","0","0","0","0","2","0","2","0","0","0","7","","","N","","","","","","","","","",""
"2020100167","0050","2","0","0","0","0","0","0","0","0","8","0","","67","11","2020","7","40.027081","-75.11735","0040","6","0","0","0","0","0","0","0","0","","0","0","0","23","3","1","N","0","0","40 01:37.490","","0","75 07:02.460","3","0","0","0","67301","0","0","0","N","0","0","0","2","67301","0","","1.0","","1","N","N","Y","0","","1","0","0","0","0","","2330","3","1","0","0","0","0","1","2","0","3","0","0","0","3","03","","N","","","","","","","","","",""
"2020080315","1345","0","0","0","0","0","0","0","0","0","4","0","","67","9","2020","3","40.029908","-75.14601","1342","6","0","0","0","0","0","0","0","0","","0","0","0","11","1","1","","1","0","40 01:47.668","","0","75 08:45.635","3","0","0","0","67301","0","0","0","N","0","0","0","2","67301","0","","1.0","","9","N","N","N","0","","1","0","1","3","2","","1138","2","1","0","0","0","0","0","2","0","2","0","0","0","7","07","","N","","","","","","","","","",""
"2020089230","0328","1","0","0","0","0","0","0","0","0","5","0","","67","10","2020","7","40.020475","-75.155056","0326","6","0","0","0","0","0","0","0","0","","0","0","0","3","3","0","N","0","1","40 01:13.710","1","0","75 09:18.200","0","0","0","0","67301","0","0","0","N","0","0","0","3","67301","0","","1.0","430.0","1","N","N","N","0","","0","0","1","0","0","Y","326","2","0","0","0","0","0","0","2","0","2","0","0","0","3","03","","N","","","","","","","","","",""
"2020102280","0555","1","0","0","0","0","0","0","0","0","1","0","","67","11","2020","4","40.029444","-75.104222","0545","6","0","0","0","0","0","1","0","0","","0","0","0","5","3","0","N","0","1","40 01:46.000","3","6","75 06:15.200","0","0","0","0","67301","0","0","0","N","0","0","0","2","67301","0","","1.0","730.0","1","N","N","N","0","","0","0","1","3","2","N","534","2","0","1","0","0","0","0","2","0","2","0","0","0","3","03","","N","","","","","","","","","",""
"2020079487","0511","1","0","0","0","0","0","0","0","0","4","0","","67","9","2020","7","39.957456","-75.223393","0508","6","0","0","0","0","0","0","1","0","","0","0","0","5","1","1","","1","0","39 57:26.841","","0","75 13:24.214","3","0","0","0","67301","0","0","0","N","0","0","0","3","67301","0","","1.0","","1","N","N","N","0","","1","0","1","3","3","","500","2","1","2","0","0","0","0","2","0","2","0","0","0","3","04","","N","","","","","","","","","",""
"2020079649","1155","1","0","0","1","0","0","0","0","0","8","0","","67","9","2020","1","40.032996","-75.048689","1155","6","0","0","0","0","0","0","0","0","","0","0","0","11","1","1","","1","0","40 01:58.787","","0","75 02:55.280","3","0","0","0","67301","1","0","0","N","0","0","0","2","67301","0","","1.0","","1","N","N","N","0","","1","0","0","3","2","","1155","2","1","0","0","0","0","0","2","0","1","1","0","0","3","","","N","","","","","","","","","",""
"2020093759","1520","1","0","0","0","0","0","0","0","0","4","0","","67","11","2020","4","40.019348","-75.172344","1514","6","0","0","0","0","0","0","0","0","","0","0","0","14","1","0","","2","0","40 01:09.652","","0","75 10:20.438","0","0","0","0","67301","0","0","0","N","0","0","0","1","67301","0","","1.0","","1","N","N","N","0","","0","0","1","3","3","","1400","2","0","1","0","0","0","0","2","0","2","0","0","0","3","03","","N","","","","","","","","","",""
"2020102213","1750","0","0","0","0","0","0","0","0","0","4","0","","67","11","2020","4","39.925521","-75.149612","1744","6","0","0","0","0","0","0","1","0","","0","0","0","13","1","0","","1","0","39 55:31.875","","0","75 08:58.603","0","0","0","0","67301","0","0","0","N","0","0","0","3","67301","0","","1.0","","1","N","N","N","0","","0","0","2","3","3","","1330","2","0","0","0","0","0","0","2","0","2","0","0","0","3","","","N","","","","","","","","","",""
"2020079251","1857","1","0","0","0","0","0","0","0","0","4","0","","67","9","2020","6","40.011635","-75.157254","1851","6","0","0","0","0","0","0","0","0","","0","0","0","13","1","1","","1","0","40 00:41.886","","0","75 09:26.114","3","0","0","0","67301","0","0","0","N","0","0","0","3","67301","0","","1.0","","1","N","N","N","0","","1","0","1","3","3","","1347","2","1","0","0","0","0","0","2","0","2","0","0","0","3","03","","N","","","","","","","","","",""
"2020103647","0419","1","0","0","0","0","0","0","0","0","7","0","","67","11","2020","4","39.959908","-75.180541","0415","6","0","0","0","0","0","0","0","0","","0","0","0","4","3","1","N","0","1","39 57:35.668","3","2","75 10:49.949","3","0","0","0","67301","0","0","0","N","0","0","0","1","68K01","0","","4.0","500.0","1","N","N","N","0","","1","0","0","0","0","N","414","1","1","1","0","0","0","0","2","0","1","0","0","0","3","","","N","","","","","","","","","",""
"2020094934","1205","2","0","0","0","0","0","0","0","0","1","0","","67","11","2020","5","40.019836","-75.124731","1135","6","0","0","0","0","0","0","0","0","","0","0","0","11","1","1","N","0","0","40 01:11.410","","0","75 07:29.030","4","0","0","0","67301","0","0","0","N","0","0","0","2","67301","1","","1.0","","1","N","N","N","0","","0","0","2","0","0","","1100","4","1","1","0","0","0","0","2","0","4","0","0","0","3","","","N","","","","","","","","","",""
"2020097919","1236","1","0","0","0","0","0","0","0","0","7","0","","67","11","2020","1","39.995078","-75.103278","1226","6","0","0","0","0","0","0","0","0","","0","0","0","11","1","0","N","0","0","39 59:42.280","","0","75 06:11.800","0","0","0","0","67301","0","0","0","N","0","0","0","1","67301","0","","5.0","","1","N","N","N","0","","0","0","0","0","0","","1119","1","0","0","0","0","0","0","2","0","1","0","0","0","4","03","","N","","","","","","","","","",""
"2020109315","1151","0","0","0","0","0","0","0","0","0","7","0","","67","12","2020","5","39.997133","-75.196315","1149","6","0","0","0","0","0","1","0","0","","0","0","0","11","1","1","N","0","1","39 59:49.678","4","0","75 11:46.734","3","0","0","0","67301","0","0","0","N","0","0","0","3","68K01","0","","3.0","1210.0","1","N","N","N","0","","1","0","0","0","0","N","1149","1","1","0","0","0","0","0","2","1","1","0","0","0","3","","","N","","","","","","","","","",""
"2020093432","0937","2","0","0","0","0","0","0","0","0","4","0","","67","11","2020","3","40.105161","-75.032846","0932","6","0","0","0","0","0","1","0","0","","0","0","0","9","1","2","","1","0","40 06:18.580","","0","75 01:58.246","3","0","0","0","67301","0","0","0","N","0","0","0","2","67301","1","","1.0","","1","N","N","N","0","","1","0","0","3","2","","930","2","2","0","0","0","0","0","2","0","2","0","0","0","3","","","N","","","","","","","","","",""
"2020094645","0857","0","0","0","0","0","0","0","0","0","8","0","","67","10","2020","6","39.919483","-75.242991","0855","6","0","0","0","0","0","0","0","0","","0","0","0","0","3","1","","1","0","39 55:10.138","","0","75 14:34.767","3","0","0","0","67301","1","0","0","N","1","0","0","2","67301","0","","1.0","","99","N","N","N","0","","1","0","1","3","2","","30","2","1","0","0","0","0","0","2","0","1","1","0","0","99","98","","N","","","","","","","","","",""
"2020106217","0412","1","0","0","0","0","0","0","0","0","4","0","","67","11","2020","1","39.986332","-75.091888","0355","6","0","0","1","0","0","0","0","0","","0","0","0","3","3","2","N","7","1","39 59:10.795","1","0","75 05:30.798","3","0","0","0","67301","0","0","0","N","0","0","0","2","68K01","0","","1.0","30.0","1","N","N","N","0","","2","0","1","0","0","N","354","2","2","0","0","0","0","0","2","0","2","0","0","0","3","03","","N","","","","","","","","","",""
"2020096053","0745","1","0","0","0","0","0","0","0","0","1","0","","67","11","2020","1","39.883763","-75.223314","0733","6","0","0","0","0","0","1","0","0","","0","0","0","7","1","4","","2","0","39 53:01.546","","0","75 13:23.930","3","0","0","0","67301","0","0","0","N","0","0","0","4","67301","0","","1.0","","1","N","N","N","0","","4","0","1","3","3","","710","2","4","0","0","0","0","0","2","0","2","0","0","0","3","03","","N","","","","","","","","","",""
"2020093777","1115","0","0","0","0","0","0","0","0","0","4","0","","67","11","2020","5","39.985547","-75.162945","1110","6","0","0","0","0","0","0","0","0","","0","0","0","11","1","1","","1","0","39 59:07.969","","0","75 09:46.601","4","0","0","0","67301","0","0","0","N","0","0","0","2","67509","1","","1.0","","1","N","N","N","1","","0","0","1","3","2","","1105","2","1","0","0","0","0","0","2","0","2","0","0","0","3","03","","N","","","","","","","","","",""
"2020107398","0450","1","0","0","0","0","0","0","0","0","2","0","","67","12","2020","4","40.018105","-75.110089","0457","6","0","0","0","0","0","0","0","0","","0","0","0","4","3","0","N","1","0","40 01:05.178","","0","75 06:36.320","0","0","0","0","67301","0","0","0","N","0","0","0","1","67301","0","","2.0","","1","N","N","N","0","","0","0","1","3","3","","447","2","0","1","0","0","0","0","2","0","2","0","0","0","3","03","","N","","","","","","","","","",""
"2020089458","0115","1","0","0","0","0","0","0","0","0","7","0","","67","10","2020","1","40.041908","-75.123964","0111","6","0","0","0","0","0","0","0","0","","0","0","0","1","3","0","","1","0","40 02:30.868","","0","75 07:26.270","0","0","0","0","67301","0","0","0","N","0","0","0","1","67301","0","","4.0","","1","N","N","N","0","","0","0","0","3","2","","100","1","0","0","0","0","0","0","2","0","1","0","0","0","3","03","","N","","","","","","","","","",""
"2020080713","0830","0","0","0","0","0","0","0","0","0","1","0","","67","9","2020","4","40.083709","-75.207633","0809","6","0","0","0","0","0","0","0","0","","0","0","0","7","1","2","N","0","0","40 05:01.352","","0","75 12:27.479","3","0","0","0","67301","0","0","0","N","0","0","0","4","67301","0","","1.0","","9","N","N","N","1","","2","0","2","0","0","","748","3","2","0","0","0","0","0","2","0","3","0","0","0","3","03","","N","","","","","","","","","",""
"2020083333","2141","0","0","0","0","0","0","0","0","0","8","0","","67","10","2020","1","39.967131","-75.1639","2138","6","0","0","0","0","0","0","0","0","","0","0","0","21","3","1","N","0","0","39 58:01.670","","0","75 09:50.040","3","0","0","0","67301","1","0","0","N","0","0","0","2","67301","0","","1.0","","1","N","N","N","0","","1","0","1","0","0","","2134","2","1","0","0","0","0","0","2","0","1","1","0","0","3","03","","N","","","","","","","","","",""
"2020094118","0100","2","0","0","0","0","0","0","0","0","1","0","","67","11","2020","6","40.045693","-75.128915","0058","6","0","0","0","0","0","0","0","0","","0","0","0","0","3","1","N","0","0","40 02:44.496","","0","75 07:44.094","3","0","0","0","67301","0","0","0","N","0","0","0","1","67301","0","","6.0","","1","N","N","N","0","","1","0","1","0","0","","57","3","1","0","0","0","0","0","2","0","3","0","0","0","3","","","N","","","","","","","","","",""
"2020104163","1720","1","0","0","0","0","0","0","0","0","5","0","","67","12","2020","3","39.991722","-75.230333","1700","6","0","0","0","0","0","0","0","0","","0","0","0","16","1","0","N","0","0","39 59:30.200","","0","75 13:49.200","0","0","0","0","67301","0","0","0","N","0","0","0","2","67301","0","","6.0","","1","N","N","N","0","","0","0","1","0","0","","1645","2","0","1","0","0","0","0","2","0","2","0","0","0","3","03","","N","","","","","","","","","",""
"2020100447","1737","1","0","0","0","0","0","0","0","0","7","0","","67","11","2020","5","39.93179","-75.149736","1737","6","1","0","0","0","0","0","0","0","","0","0","0","17","3","0","","1","2","39 55:54.444","3","0","75 08:59.051","0","0","0","0","67301","0","0","0","N","0","0","0","3","67301","0","","5.0","1855.0","1","N","N","N","0","","0","0","0","3","3","Y","1737","1","0","1","0","0","0","0","2","0","1","0","0","0","3","","","N","","","","","","","","","",""
"2020079321","1336","0","0","0","1","0","0","0","0","0","8","0","","67","9","2020","6","39.951665","-75.164113","1336","6","0","0","0","0","0","0","0","0","","0","0","0","13","1","1","N","0","0","39 57:05.995","","0","75 09:50.808","8","0","0","0","67301","1","0","0","N","0","0","0","2","67301","0","","1.0","","1","N","N","N","0","","0","0","0","0","0","","1335","2","1","0","0","0","1","0","2","1","1","1","0","0","3","03","","N","","","","","","","","","",""
"2020079612","0419","1","0","0","0","0","0","0","0","0","7","0","","67","9","2020","1","39.95725","-75.157868","0412","6","0","0","0","0","0","0","0","0","","0","0","0","4","3","0","N","0","0","39 57:26.100","","0","75 09:28.324","0","0","0","0","67301","0","0","0","N","0","0","0","1","68K01","0","","3.0","","9","N","N","N","0","","0","0","0","0","0","","410","1","0","0","0","0","0","0","2","0","1","0","0","0","3","03","","N","","","","","","","","","",""
"2020108345","0045","0","0","0","0","0","0","0","0","0","1","0","","67","11","2020","3","39.986983","-75.091013","0035","6","0","0","0","0","0","1","0","0","","0","0","0","0","3","0","N","0","1","39 59:13.139","2","0","75 05:27.648","0","0","0","0","67301","0","0","0","N","0","0","0","2","68K01","0","","1.0","115.0","1","N","N","N","1","","0","0","1","0","0","N","33","2","0","0","0","0","0","0","2","0","2","0","0","0","3","03","","N","","","","","","","","","",""
"2020108371","0152","0","0","0","0","0","0","0","0","0","7","0","","67","12","2020","4","39.933616","-75.199969","0139","6","0","0","0","0","0","0","0","0","","0","0","0","1","3","0","N","0","1","39 56:01.019","4","0","75 11:59.887","0","0","0","0","67301","0","0","0","N","0","0","0","1","68K01","0","","3.0","230.0","1","N","N","N","0","","0","0","1","0","0","N","137","1","0","0","0","0","0","0","2","0","1","0","0","0","3","","","N","","","","","","","","","",""
"2020109365","1748","2","0","0","0","0","0","0","0","0","1","0","55","67","12","2020","4","39.89871","-75.17145","1742","6","0","0","0","0","0","1","0","0","","0","0","0","17","3","1","","6","2","39 53:55.357","1","8","75 10:17.220","3","0","0","0","67301","0","0","0","N","0","0","0","3","68K01","0","","7.0","20.0","1","N","N","N","0","","1","0","1","3","3","N","1741","3","1","0","0","0","0","0","2","0","3","0","0","0","3","","N","Y","4","1","","","N","Y","","","","N"
"2020095938","2007","1","0","0","0","0","0","0","0","0","1","0","","67","11","2020","4","40.008733","-75.122435","2007","6","0","0","0","0","0","0","0","0","","0","0","0","20","3","1","N","0","2","40 00:31.438","5","0","75 07:20.766","4","0","0","0","67301","0","0","0","N","0","0","0","3","67301","1","","3.0","2200.0","1","N","N","N","0","","0","0","2","0","0","N","2007","3","1","0","0","0","0","0","2","0","3","0","0","0","3","03","","N","","","","","","","","","",""
"2020098925","1242","0","0","0","0","0","0","0","0","0","4","0","","67","11","2020","1","40.128935","-75.008739","1232","6","0","0","0","0","0","0","1","1","","0","0","0","12","1","0","","1","0","40 07:44.165","","0","75 00:31.460","0","0","0","0","67301","0","0","0","N","0","0","0","2","67301","0","","1.0","","1","N","N","N","0","","0","0","2","3","3","","1232","2","0","0","0","0","0","0","2","0","2","0","0","0","4","","","N","","","","","","","","","",""
"2020103023","1535","1","0","0","0","0","0","0","0","0","1","0","","67","11","2020","3","39.987097","-75.10905","1516","6","0","0","0","0","0","0","0","0","","0","0","0","13","1","0","N","0","0","39 59:13.548","","0","75 06:32.580","0","0","0","0","67301","0","0","0","N","0","0","0","1","67301","0","","1.0","","1","N","N","N","0","","0","0","0","0","0","","1328","2","0","0","0","0","0","0","2","1","2","0","0","0","3","03","","N","","","","","","","","","",""
"2020080711","0822","1","0","0","0","0","0","0","0","0","7","0","","67","9","2020","4","40.088934","-75.045494","0817","6","0","0","0","0","0","0","0","0","","0","0","0","8","1","0","N","0","1","40 05:20.162","6","0","75 02:43.778","0","0","0","0","67301","0","0","0","N","0","0","0","1","67301","0","","4.0","845.0","9","N","N","N","0","","0","0","0","0","0","N","810","1","0","0","0","0","0","0","2","0","1","0","0","0","98","03","","N","","","","","","","","","",""
"2020097423","0918","1","0","0","0","0","0","0","0","0","5","0","","67","10","2020","6","39.982996","-75.207926","0918","6","0","0","0","0","0","1","0","0","","0","0","0","9","1","1","N","0","2","39 58:58.787","4","0","75 12:28.535","8","0","0","0","67301","0","0","0","N","0","0","0","3","68K01","0","","1.0","1025.0","9","N","N","N","2","","0","0","0","0","0","N","916","3","1","0","0","0","1","0","2","0","3","0","0","0","7","","","N","","","","","","","","","",""
"2020094288","0529","2","0","0","0","0","0","0","0","0","6","0","","67","11","2020","6","40.033116","-75.106938","0456","6","0","0","0","0","0","1","0","0","","0","0","0","4","3","0","","1","1","40 01:59.217","2","0","75 06:24.978","0","0","0","0","67301","0","0","0","N","0","0","0","2","67301","0","","1.0","750.0","1","N","N","N","0","","0","0","0","3","2","N","453","2","0","0","0","0","0","0","2","0","2","0","0","0","3","04","","N","","","","","","","","","",""