"CRN","ARRIVAL_TM","AUTOMOBILE_COUNT","BELTED_DEATH_COUNT","BELTED_SUSP_SERIOUS_INJ_COUNT","BICYCLE_COUNT","BICYCLE_DEATH_COUNT","BICYCLE_SUSP_SERIOUS_INJ_COUNT","BUS_COUNT","CHLDPAS_DEATH_COUNT","CHLDPAS_SUSP_SERIOUS_INJ_COUNT","COLLISION_TYPE","COMM_VEH_COUNT","CONS_ZONE_SPD_LIM","COUNTY","CRASH_MONTH","CRASH_YEAR","DAY_OF_WEEK","DEC_LATITUDE","DEC_LONGITUDE","DISPATCH_TM","DISTRICT","DRIVER_COUNT_16YR","DRIVER_COUNT_17YR","DRIVER_COUNT_18YR","DRIVER_COUNT_19YR","DRIVER_COUNT_20YR","DRIVER_COUNT_50_64YR","DRIVER_COUNT_65_74YR","DRIVER_COUNT_75PLUS","EST_HRS_CLOSED","FATAL_COUNT","HEAVY_TRUCK_COUNT","HORSE_BUGGY_COUNT","HOUR_OF_DAY","ILLUMINATION","INJURY_COUNT","INTERSECTION_RELATED","INTERSECT_TYPE","LANE_CLOSED","LATITUDE","LN_CLOSE_DIR","LOCATION_TYPE","LONGITUDE","MAX_SEVERITY_LEVEL","MCYCLE_DEATH_COUNT","MCYCLE_SUSP_SERIOUS_INJ_COUNT","MOTORCYCLE_COUNT","MUNICIPALITY","NONMOTR_COUNT","NONMOTR_DEATH_COUNT","NONMOTR_SUSP_SERIOUS_INJ_COUNT","NTFY_HIWY_MAINT","PED_COUNT","PED_DEATH_COUNT","PED_SUSP_SERIOUS_INJ_COUNT","PERSON_COUNT","POLICE_AGCY","POSSIBLE_INJ_COUNT","RDWY_SURF_TYPE_CD","RELATION_TO_ROAD","ROADWAY_CLEARED","ROAD_CONDITION","SCH_BUS_IND","SCH_ZONE_IND","SECONDARY_CRASH","SMALL_TRUCK_COUNT","SPEC_JURIS_CD","SUSP_MINOR_INJ_COUNT","SUSP_SERIOUS_INJ_COUNT","SUV_COUNT","TCD_FUNC_CD","TCD_TYPE","TFC_DETOUR_IND","TIME_OF_DAY","TOTAL_UNITS","TOT_INJ_COUNT","UNBELTED_OCC_COUNT","UNB_DEATH_COUNT","UNB_SUSP_SERIOUS_INJ_COUNT","UNK_INJ_DEG_COUNT","UNK_INJ_PER_COUNT","URBAN_RURAL","VAN_COUNT","VEHICLE_COUNT","VULNERABLE_ROAD_USER_COUNT","VULNERABLE_ROAD_USER_DEATH_COUNT","VULNERABLE_ROAD_USER_SER_INJ_COUNT","WEATHER1","WEATHER2","WORKERS_PRES","WORK_ZONE_IND","WORK_ZONE_LOC","WORK_ZONE_TYPE","WZ_CLOSE_DETOUR","WZ_FLAGGER","WZ_LAW_OFFCR_IND","WZ_LN_CLOSURE","WZ_MOVING","WZ_OTHER","WZ_SHLDER_MDN","WZ_WORKERS_INJ_KILLED"
"2020095605","0504","2","0","0","0","0","0","0","0","0","4","0","","67","11","2020","7","40.005821","-75.097034","0504","6","0","0","0","0","0","0","1","0","","0","0","0","5","3","1","N","1","0","40 00:20.955","","0","75 05:49.322","3","0","0","0","67301","0","0","0","N","0","0","0","2","67301","0","","1.0","","1","N","N","N","0","","1","0","0","3","2","","502","2","1","2","0","0","0","0","2","0","2","0","0","0","3","03","","N","","","","","","","","","",""
"2020094827","0406","1","0","0","0","0","0","0","0","0","4","0","","67","11","2020","7","40.043632","-75.184545","0354","6","0","0","0","0","0","0","0","0","","0","0","0","2","3","1","","1","0","40 02:37.075","","0","75 11:04.361","3","0","0","0","67301","0","0","0","N","0","0","0","3","67301","0","","1.0","","1","N","N","N","0","","1","0","1","3","2","","246","2","1","0","0","0","0","0","2","0","2","0","0","0","3","03","","N","","","","","","","","","",""
"2020096981","1250","1","0","0","0","0","0","0","0","0","7","0","","67","11","2020","5","40.035134","-75.070894","0045","6","0","0","0","0","0","0","0","0","","0","0","0","0","3","1","","5","0","40 02:06.482","","0","75 04:15.218","4","0","0","0","67301","0","0","0","N","0","0","0","1","67301","1","","5.0","","9","N","N","N","0","","0","0","0","3","2","","43","1","1","1","0","0","0","0","2","0","1","0","0","0","7","07","","N","","","","","","","","","",""
"2020102900","0300","1","0","0","0","0","0","0","0","0","4","0","","67","11","2020","5","40.011787","-75.109993","0257","6","0","0","0","0","0","1","0","0","","0","0","0","2","3","1","","1","0","40 00:42.433","","0","75 06:35.974","3","0","0","0","67301","0","0","0","N","0","0","0","2","67301","0","","1.0","","9","N","N","N","0","","1","0","0","3","3","","257","2","1","2","0","0","0","0","2","1","2","0","0","0","7","07","","N","","","","","","","","","",""
"2020098357","0910","0","0","0","0","0","0","0","0","0","8","0","","67","11","2020","3","39.936359","-75.158418","0908","6","0","0","0","0","0","0","0","0","","0","0","0","9","1","1","","1","0","39 56:10.892","","0","75 09:30.304","3","0","0","0","67301","1","0","0","N","1","0","0","2","67301","0","","9.0","","1","N","N","N","0","","1","0","1","3","2","","905","2","1","0","0","0","0","1","2","0","1","1","0","0","3","03","","N","","","","","","","","","",""
"2020094930","2339","0","0","0","0","0","0","0","0","0","1","0","","67","11","2020","7","40.09103","-75.032767","2337","6","0","0","0","0","0","0","1","0","","0","0","0","23","3","1","","2","0","40 05:27.709","","0","75 01:57.960","8","0","0","0","67301","0","0","0","N","0","0","0","4","67301","0","","1.0","","1","N","N","N","0","","0","0","1","3","2","","2337","2","1","0","0","0","1","1","2","1","2","0","0","0","3","","","N","","","","","","","","","",""
"2020097067","1855","1","0","0","0","0","0","0","0","0","7","0","","67","11","2020","1","40.031141","-75.021694","1835","6","0","0","1","0","0","0","0","0","","0","0","0","18","3","1","N","0","1","40 01:52.107","2","3","75 01:18.098","3","0","0","0","67301","0","0","0","N","0","0","0","6","68K01","0","","4.0","40.0","9","N","N","N","0","","1","0","1","0","0","N","1834","2","1","1","0","0","0","0","2","0","2","0","0","0","7","04","","N","","","","","","","","","",""
"2020092332","1600","2","0","0","0","0","0","0","0","0","4","0","","67","10","2020","5","39.922748","-75.220832","1600","6","0","0","0","0","0","1","0","0","","0","0","0","14","1","0","","2","0","39 55:21.892","","0","75 13:14.995","9","0","0","0","67301","0","0","0","N","0","0","0","2","67301","0","","1.0","","9","N","N","N","0","","0","0","0","3","3","","1430","2","0","0","0","0","0","1","2","0","2","0","0","0","7","","","N","","","","","","","","","",""
"2020080314","1200","2","0","0","0","0","0","0","0","0","4","0","","67","9","2020","2","40.057334","-75.140679","1200","6","0","0","0","0","0","0","0","0","","0","0","0","22","3","0","","1","0","40 03:26.402","","0","75 08:26.444","0","0","0","0","67301","0","0","0","N","0","0","0","2","67301","0","","1.0","","1","N","N","N","0","","0","0","0","3","3","","2215","2","0","0","0","0","0","0","2","0","2","0","0","0","3","","","N","","","","","","","","","",""
"2020098254","1913","3","0","0","0","0","0","0","0","0","4","0","","67","11","2020","1","40.047074","-75.142872","1913","6","0","0","0","0","0","1","0","0","","0","0","0","19","3","0","N","0","0","40 02:49.467","","7","75 08:34.338","0","0","0","0","67301","0","0","0","N","0","0","0","3","67301","0","","1.0","","8","N","N","N","0","","0","0","0","0","0","","1900","3","0","0","0","0","0","0","2","0","3","0","0","0","7","07","","N","","","","","","","","","",""
"2020093932","0915","0","0","0","0","0","0","0","0","0","5","0","","67","11","2020","5","40.019778","-75.16194","0910","6","0","0","0","0","0","1","0","0","","0","0","0","9","1","0","N","0","0","40 01:11.201","","0","75 09:42.984","0","0","0","0","67301","0","0","0","N","0","0","0","2","67301","0","","1.0","","1","N","N","N","0","","0","0","2","0","0","","900","2","0","0","0","0","0","0","2","0","2","0","0","0","3","03","","N","","","","","","","","","",""
"2020079433","2300","3","0","0","0","0","0","0","0","0","2","0","","67","9","2020","6","40.041994","-75.129283","2259","6","0","0","0","0","0","0","0","0","","0","0","0","22","3","0","N","0","2","40 02:31.180","2","0","75 07:45.420","0","0","0","0","67301","0","0","0","N","0","0","0","2","67301","0","","1.0","10.0","1","N","N","N","0","","0","0","1","0","0","Y","2259","4","0","2","0","0","0","0","2","0","4","0","0","0","3","03","","N","","","","","","","","","",""
"2020100345","2027","1","0","0","0","0","0","0","0","0","4","0","","67","11","2020","1","39.962167","-75.191273","2023","6","0","0","0","0","0","0","0","0","","0","0","0","20","3","1","","1","1","39 57:43.801","2","0","75 11:28.582","3","0","0","0","67301","0","0","0","N","0","0","0","8","67507","0","","1.0","2107.0","1","N","N","N","0","","1","0","1","3","2","Y","2020","2","1","0","0","0","0","0","2","0","2","0","0","0","3","03","","N","","","","","","","","","",""
"2020096050","2257","3","0","0","0","0","0","0","0","0","4","0","","67","11","2020","7","39.919227","-75.228426","2257","6","0","0","0","0","0","0","0","0","","0","0","0","22","3","0","N","0","0","39 55:09.216","","0","75 13:42.333","0","0","0","0","67301","0","0","0","N","0","0","0","1","67301","0","","4.0","","1","N","N","N","0","","0","0","0","0","0","","2247","3","0","0","0","0","0","0","2","0","3","0","0","0","3","03","","N","","","","","","","","","",""
"2020092368","0428","3","0","0","0","0","0","0","0","0","5","0","","67","11","2020","1","39.972883","-75.144403","0426","6","0","0","0","0","0","0","0","0","","0","0","0","4","3","0","N","0","2","39 58:22.380","1","0","75 08:39.850","0","0","0","0","67301","0","0","0","N","0","0","0","1","67301","0","","6.0","515.0","1","N","N","N","0","","0","0","0","0","0","Y","415","3","0","0","0","0","0","0","2","0","3","0","0","0","3","03","","N","","","","","","","","","",""
"2020101681","1322","1","0","0","0","0","0","0","0","0","1","0","","67","11","2020","4","40.057646","-75.162154","1321","6","0","0","0","0","0","1","1","0","","0","0","0","13","1","1","","1","0","40 03:27.527","","0","75 09:43.755","3","0","0","0","67301","0","0","0","N","0","0","0","3","67301","0","","1.0","","1","N","N","N","0","","1","0","1","3","2","","1320","2","1","0","0","0","0","0","2","0","2","0","0","0","3","03","","N","","","","","","","","","",""
"2020109321","0634","0","0","0","0","0","0","0","0","0","7","0","","67","12","2020","6","40.02867","-75.023294","0614","6","0","0","0","0","0","1","0","0","","0","0","0","6","3","1","N","0","1","40 01:43.211","2","0","75 01:23.857","8","0","0","0","67301","0","0","0","N","0","0","0","1","68K01","0","","4.0","720.0","1","N","N","N","1","","0","0","0","0","0","N","605","1","1","0","0","0","1","0","2","0","1","0","0","0","3","","","N","","","","","","","","","",""
"2020079326","0820","0","0","0","0","0","0","0","0","0","7","0","","67","9","2020","7","40.019183","-75.190702","0820","6","0","0","0","0","0","0","0","0","","0","0","0","8","5","0","N","0","1","40 01:09.059","1","0","75 11:26.527","0","0","0","0","67301","0","0","0","N","0","0","0","1","67301","0","","4.0","930.0","9","N","N","N","1","","0","0","0","0","0","N","815","1","0","0","0","0","0","0","2","0","1","0","0","0","7","05","","N","","","","","","","","","",""
"2020093915","0955","0","0","0","1","0","0","0","0","0","8","0","","67","11","2020","4","39.961408","-75.143281","0900","6","0","0","0","0","0","0","0","0","","0","0","0","15","1","1","","1","0","39 57:41.068","","0","75 08:35.811","3","0","0","0","67301","1","0","0","N","0","0","0","2","67301","0","","1.0","","99","N","N","N","0","","1","0","0","3","3","","1500","2","1","0","0","0","0","1","2","1","1","1","0","0","3","03","","N","","","","","","","","","",""
"2020103304","0920","1","0","0","0","0","0","0","0","0","7","0","","67","11","2020","3","40.035361","-75.017437","0912","6","0","0","0","0","0","0","0","0","","0","0","0","9","1","1","N","0","0","40 02:07.301","","0","75 01:02.772","3","0","0","0","67301","0","0","0","N","0","0","0","1","68K01","0","","4.0","","1","N","N","N","0","","1","0","0","0","0","","911","1","1","0","0","0","0","0","2","0","1","0","0","0","3","","","N","","","","","","","","","",""
"2020093641","1126","2","0","0","0","0","0","0","0","0","4","0","","67","11","2020","4","39.984639","-75.182889","1120","6","0","0","0","0","0","0","0","0","","0","0","0","11","1","1","","3","0","39 59:04.700","","0","75 10:58.400","8","0","0","0","67301","0","0","0","N","0","0","0","3","67301","0","","1.0","","1","N","N","N","0","","0","0","0","3","3","","1115","2","1","1","0","0","1","0","2","0","2","0","0","0","3","03","","N","","","","","","","","","",""
"2020105207","2215","3","0","0","0","0","0","0","0","0","4","0","","67","12","2020","3","39.950461","-75.239129","2215","6","0","0","0","0","0","0","0","0","","0","0","0","22","3","0","","1","0","39 57:01.659","","0","75 14:20.864","9","0","0","0","67301","0","0","0","N","0","0","0","2","67301","0","","1.0","","1","N","N","N","0","","0","0","1","3","3","","2215","4","0","0","0","0","0","1","2","0","4","0","0","0","3","03","","N","","","","","","","","","",""
"2020097682","1258","1","0","0","0","0","0","0","0","0","4","0","","67","11","2020","7","40.044342","-75.086197","1251","6","0","0","0","0","1","1","0","0","","0","0","0","12","1","1","N","0","1","40 02:39.631","6","7","75 05:10.309","8","0","0","0","67301","0","0","0","N","0","0","0","2","67301","0","","1.0","1320.0","1","N","N","N","0","","0","0","1","0","0","N","1248","2","1","0","0","0","1","0","2","0","2","0","0","0","3","03","","N","","","","","","","","","",""
"2020099767","1435","1","0","0","0","0","0","0","0","0","7","0","","67","11","2020","5","39.949113","-75.141915","1425","6","0","0","0","1","0","0","0","0","","0","0","0","14","1","2","N","0","1","39 56:56.807","2","0","75 08:30.895","8","0","0","0","67301","0","0","0","N","0","0","0","2","68K01","0","","4.0","1455.0","1","N","N","N","0","","0","0","0","3","8","N","1419","1","2","0","0","0","2","0","2","0","1","0","0","0","3","","","N","","","","","","","","","",""
"2020080062","1524","1","0","0","0","0","0","0","0","0","8","0","","67","9","2020","7","40.063019","-75.141178","1524","6","0","0","0","0","0","0","0","0","","0","0","0","22","3","1","","2","0","40 03:46.868","","0","75 08:28.240","3","0","0","0","67301","1","0","0","N","1","0","0","2","67301","0","","1.0","","1","N","N","N","0","","1","0","0","3","3","","2230","2","1","0","0","0","0","0","2","0","1","1","0","0","3","03","","N","","","","","","","","","",""
"2020095774","1010","2","0","0","0","0","0","0","0","0","4","0","","67","11","2020","3","40.021484","-75.17685","1006","6","0","0","0","1","0","0","0","0","","0","0","0","10","1","0","","2","0","40 01:17.341","","0","75 10:36.659","0","0","0","0","67301","0","0","0","N","0","0","0","2","67301","0","","1.0","","1","N","N","N","0","","0","0","0","3","3","","1000","2","0","0","0","0","0","0","2","0","2","0","0","0","3","03","","N","","","","","","","","","",""
"2020080061","1650","0","0","0","0","0","0","0","0","0","8","0","","67","9","2020","6","40.022681","-75.14606","1648","6","0","0","0","0","0","0","0","0","","0","0","0","16","1","2","","1","0","40 01:21.651","","0","75 08:45.815","3","0","0","0","67301","2","0","0","N","2","0","0","3","67301","0","","1.0","","1","N","N","N","0","","2","0","1","3","3","","1648","3","2","0","0","0","0","0","2","0","1","2","0","0","3","03","","N","","","","","","","","","",""
"2020069463","2220","2","0","0","0","0","0","0","0","0","4","0","","67","8","2020","7","39.964289","-75.246466","2215","6","0","0","0","0","0","0","1","0","","0","0","0","22","3","0","","1","0","39 57:51.442","","0","75 14:47.279","0","0","0","0","67301","0","0","0","N","0","0","0","2","67301","0","","1.0","","1","N","N","N","0","","0","0","0","0","0","","2200","2","0","0","0","0","0","0","2","0","2","0","0","0","3","03","","N","","","","","","","","","",""
"2020087554","0015","1","0","0","0","0","0","0","0","0","7","0","","67","10","2020","4","40.014518","-75.131119","0008","6","0","0","0","0","0","0","0","0","","0","0","0","0","2","1","","1","0","40 00:52.264","","0","75 07:52.028","3","0","0","0","67301","0","0","0","N","0","0","0","1","67301","0","","4.0","","1","N","N","N","0","","1","0","0","3","2","","7","1","1","1","0","0","0","0","2","0","1","0","0","0","3","03","","N","","","","","","","","","",""
"2020106180","1412","2","0","0","0","0","0","0","0","0","2","0","","67","12","2020","3","39.916725","-75.17017","1408","6","0","0","0","0","0","0","0","0","","0","0","0","14","1","3","","2","0","39 55:00.211","","0","75 10:12.612","3","0","0","0","67301","0","0","0","N","0","0","0","3","67301","0","","1.0","","1","N","N","N","0","","3","0","3","0","0","","1408","5","3","0","0","0","0","0","2","0","5","0","0","0","3","03","","N","","","","","","","","","",""
"2020100363","0522","2","0","0","0","0","0","0","0","0","2","0","","67","11","2020","5","39.957198","-75.227482","0520","6","0","0","0","1","0","0","0","0","","0","0","0","5","3","0","","1","2","39 57:25.912","5","0","75 13:38.935","0","0","0","0","67301","0","0","0","N","0","0","0","3","67301","0","","1.0","705.0","1","N","N","N","0","","0","0","0","9","2","Y","520","2","0","0","0","0","0","0","2","0","2","0","0","0","3","03","","N","","","","","","","","","",""
"2020099668","0145","1","0","0","0","0","0","0","0","0","7","0","","67","11","2020","6","39.893686","-75.220869","0124","6","0","0","0","0","0","0","0","0","","0","0","0","1","3","1","N","0","9","39 53:37.268","","0","75 13:15.129","3","0","0","0","67301","0","0","0","N","0","0","0","1","67301","0","","7.0","","1","N","N","N","0","","1","0","0","0","0","","123","1","1","1","0","0","0","0","2","0","1","0","0","0","3","03","","N","","","","","","","","","",""
"2020082151","2314","1","0","0","0","0","0","0","0","0","1","0","","67","10","2020","1","39.907236","-75.193686","2311","6","0","0","0","0","0","0","0","0","","0","0","0","22","3","5","N","0","2","39 54:26.048","2","0","75 11:37.268","3","0","0","0","67301","0","0","0","N","0","0","0","6","67301","0","","1.0","2355.0","1","N","N","N","0","","5","0","2","0","0","N","2245","4","5","0","0","0","0","0","2","1","4","0","0","0","3","03","","N","","","","","","","","","",""
"2020084335","1801","2","0","0","0","0","0","0","0","0","4","0","","67","10","2020","7","39.961743","-75.238776","1800","6","0","0","0","0","0","1","0","0","","0","0","0","17","1","2","","1","0","39 57:42.276","","1","75 14:19.592","3","0","0","0","67301","0","0","0","N","0","0","0","3","67301","0","","1.0","","1","N","N","N","0","","2","0","0","3","2","","1759","2","2","1","0","0","0","0","2","0","2","0","0","0","3","03","","N","","","","","","","","","",""
"2020077071","0013","2","0","0","0","0","0","0","0","0","1","0","","67","9","2020","7","40.019487","-75.146911","0003","6","0","0","0","0","0","1","0","0","","0","0","0","0","3","0","N","0","2","40 01:10.154","1","0","75 08:48.879","0","0","0","0","67301","0","0","0","N","0","0","0","4","67301","0","","1.0","140.0","1","N","N","N","0","","0","0","1","0","0","Y","1","4","0","0","0","0","0","0","2","0","4","0","0","0","3","03","","N","","","","","","","","","",""
"2020083559","2030","1","0","0","0","0","0","0","0","0","1","0","","67","10","2020","3","40.031712","-75.053343","2016","6","0","0","0","0","0","0","0","0","","0","0","0","19","3","1","","1","0","40 01:54.162","","0","75 03:12.035","3","0","0","0","67301","0","0","0","N","0","0","0","3","67301","0","","1.0","","1","N","N","N","0","","1","0","1","3","2","","1932","2","1","0","0","0","0","0","2","0","2","0","0","0","3","","","N","","","","","","","","","",""
"2020082399","2011","1","0","0","0","0","0","0","0","0","7","0","","67","9","2020","7","39.959806","-75.178806","2002","6","0","0","0","0","0","0","0","0","","0","0","0","20","3","3","","7","1","39 57:35.300","3","2","75 10:43.700","4","0","0","0","67301","0","0","0","N","0","0","0","3","68K01","3","","4.0","2100.0","1","N","N","N","0","","0","0","0","0","0","N","2000","1","3","0","0","0","0","0","2","0","1","0","0","0","3","03","","N","","","","","","","","","",""
"2020073930","0432","1","0","0","1","0","0","0","0","0","8","0","","67","9","2020","2","40.010224","-75.150912","0412","6","0","0","0","0","0","0","0","0","","0","0","0","3","3","1","N","0","0","40 00:36.806","","0","75 09:03.282","3","0","0","0","67301","1","0","0","N","0","0","0","2","67301","0","","1.0","","1","N","N","N","0","","1","0","0","0","0","","312","2","1","0","0","0","0","0","2","0","1","1","0","0","3","03","","N","","","","","","","","","",""
"2020086806","1005","1","0","0","0","0","0","0","0","0","1","0","","67","10","2020","5","39.973687","-75.219512","1004","6","0","0","0","0","0","0","0","0","","0","0","0","10","1","1","","1","0","39 58:25.273","","0","75 13:10.244","3","0","0","0","67301","0","0","0","N","0","0","0","4","67301","0","","1.0","","1","N","N","N","0","","1","0","2","3","2","","1003","3","1","2","0","0","0","2","2","0","3","0","0","0","3","03","","N","","","","","","","","","",""
"2020102132","1605","1","0","0","0","0","0","0","0","0","4","0","","67","11","2020","7","39.970451","-75.150975","1600","6","0","0","0","0","0","0","0","0","","0","0","0","15","1","1","","1","0","39 58:13.623","","1","75 09:03.509","8","0","0","0","67301","0","0","0","N","0","0","0","2","67301","0","","1.0","","1","N","N","N","0","","0","0","0","3","3","","1555","3","1","0","0","0","1","1","2","1","3","0","0","0","3","","","N","","","","","","","","","",""
"2020090643","2330","2","0","0","0","0","0","0","0","0","4","0","","67","9","2020","6","40.026261","-75.117167","2323","6","0","0","0","0","0","1","0","0","","0","0","0","23","3","1","","1","0","40 01:34.539","","0","75 07:01.801","4","0","0","0","67301","0","0","0","N","0","0","0","2","67301","1","","1.0","","1","N","N","N","0","","0","0","0","3","2","","2320","2","1","0","0","0","0","0","2","0","2","0","0","0","3","03","","N","","","","","","","","","",""
"2020100449","1054","1","0","0","0","0","0","0","0","0","5","0","","67","11","2020","1","40.017909","-75.086309","1053","6","0","0","0","0","0","0","0","0","","0","0","0","10","1","0","","1","0","40 01:04.472","","0","75 05:10.712","0","0","0","0","67301","0","0","0","N","0","0","0","1","67301","0","","4.0","","1","N","N","N","1","","0","0","1","3","3","","1053","3","0","0","0","0","0","0","2","0","3","0","0","0","3","03","","N","","","","","","","","","",""
"2020092713","0300","2","0","0","0","0","0","0","0","0","4","0","","67","11","2020","1","39.959487","-75.162091","0300","6","0","0","0","0","0","0","0","0","","0","0","0","23","3","1","","1","0","39 57:34.154","","0","75 09:43.529","3","0","0","0","67301","0","0","0","N","0","0","0","3","67301","0","","1.0","","1","N","N","N","0","","1","0","0","3","2","","2338","2","1","3","0","0","0","0","2","0","2","0","0","0","3","98","","N","","","","","","","","","",""
"2020094519","1745","0","0","0","0","0","0","0","0","0","7","0","","67","11","2020","5","39.930972","-75.144205","1740","6","0","0","0","0","0","0","0","0","","0","0","0","17","3","0","","3","0","39 55:51.498","","2","75 08:39.139","0","0","0","0","67301","0","0","0","N","0","0","0","2","67301","0","","4.0","","1","N","N","N","0","","0","0","0","0","0","","1705","1","0","0","0","0","0","0","2","1","1","0","0","0","3","04","","N","","","","","","","","","",""
"2020104605","1843","1","0","0","0","0","0","0","0","0","1","0","","67","11","2020","7","40.049494","-74.995957","1831","6","0","0","0","0","0","1","0","0","","0","0","0","18","1","1","N","0","0","40 02:58.180","","0","74 59:45.444","4","0","0","0","67301","0","0","0","N","0","0","0","3","68K01","1","","1.0","","1","N","N","N","1","","0","0","0","0","0","","1830","2","1","0","0","0","0","0","2","0","2","0","0","0","3","03","","N","","","","","","","","","",""
"2020113964","1848","0","0","0","0","0","0","0","0","0","7","0","","67","11","2020","6","39.977184","-75.199835","1842","6","0","0","0","0","0","1","0","0","","0","0","0","18","3","0","N","0","1","39 58:37.863","3","0","75 11:59.406","0","0","0","0","67301","0","0","0","N","0","0","0","2","68K01","0","","4.0","1942.0","1","N","N","N","0","","0","0","1","0","0","N","1835","1","0","0","0","0","0","0","2","0","1","0","0","0","3","","","N","","","","","","","","","",""
"2020100160","1204","5","0","0","0","0","0","0","0","0","4","0","","67","11","2020","7","40.029765","-75.044622","1204","6","0","0","0","1","0","0","0","0","","0","0","0","12","1","2","","1","0","40 01:47.153","","0","75 02:40.639","3","0","0","0","67301","0","0","0","N","0","0","0","4","67301","0","","1.0","","1","N","N","N","0","","2","0","0","9","3","","1204","5","2","0","0","0","0","2","2","0","5","0","0","0","3","","","N","","","","","","","","","",""
"2020093756","0906","1","0","0","1","0","0","0","0","0","8","0","","67","11","2020","3","39.964289","-75.246466","0851","6","0","0","0","0","0","0","0","0","","0","0","0","8","3","1","","1","0","39 57:51.442","","0","75 14:47.279","3","0","0","0","67301","1","0","0","N","0","0","0","2","67301","0","","1.0","","1","N","N","N","0","","1","0","0","0","0","","840","2","1","1","0","0","0","0","2","0","1","1","0","0","3","","","N","","","","","","","","","",""
"2020093928","0201","1","0","0","0","0","0","0","0","0","4","0","","67","11","2020","5","39.979608","-75.165032","0200","6","0","0","0","1","0","0","0","0","","0","0","0","1","3","0","","1","0","39 58:46.587","","0","75 09:54.116","0","0","0","0","67301","0","0","0","N","0","0","0","3","67301","0","","1.0","","1","N","N","N","0","","0","0","1","3","3","","156","2","0","0","0","0","0","0","2","0","2","0","0","0","3","","","N","","","","","","","","","",""
"2020080710","2015","1","0","0","0","0","0","0","0","0","4","0","","67","9","2020","7","40.131689","-75.012294","2013","6","0","0","0","0","0","1","0","0","","0","0","0","20","3","1","","1","1","40 07:54.080","2","0","75 00:44.260","3","0","0","0","67301","0","0","0","N","0","0","0","3","67301","0","","1.0","2135.0","1","N","N","N","0","","1","0","1","3","2","N","2011","3","1","0","0","0","0","0","2","1","3","0","0","0","3","","","N","","","","","","","","","",""
"2020097993","1414","2","0","0","0","0","0","0","0","0","6","0","","67","11","2020","2","39.977607","-75.160654","1412","6","0","0","0","0","0","0","0","0","","0","0","0","14","1","0","N","2","0","39 58:39.385","","0","75 09:38.355","9","0","0","0","67301","0","0","0","N","0","0","0","2","67505","0","","1.0","","1","N","N","N","1","","0","0","0","3","3","","1400","3","0","0","0","0","0","2","2","0","3","0","0","0","3","","","N","","","","","","","","","",""
"2020102362","1844","2","0","0","0","0","0","0","0","0","2","0","","67","11","2020","2","39.959957","-75.23712","1841","6","0","0","0","0","0","0","0","0","","0","0","0","18","3","1","","1","1","39 57:35.845","3","0","75 14:13.633","3","0","0","0","67301","0","0","0","N","0","0","0","2","67301","0","","1.0","1905.0","1","N","N","N","0","","1","0","0","3","2","N","1834","2","1","1","0","0","0","1","2","0","2","0","0","0","3","03","","N","","","","","","","","","",""
"2020097582","2316","0","0","0","0","0","0","0","0","0","7","0","","67","11","2020","6","39.910745","-75.246529","2316","6","0","0","0","0","0","0","0","0","","0","0","0","23","3","0","","1","0","39 54:38.682","","0","75 14:47.504","0","0","0","0","67301","0","0","0","N","0","0","0","1","67301","0","","9.0","","1","N","N","N","0","","0","0","1","9","9","","2316","1","0","1","0","0","0","0","2","0","1","0","0","0","3","","","N","","","","","","","","","",""
"2020095296","1006","2","0","0","0","0","0","0","0","0","6","0","","67","11","2020","5","39.972308","-75.212023","1005","6","0","0","0","0","0","0","0","0","","0","0","0","10","1","0","N","0","0","39 58:20.309","","0","75 12:43.283","0","0","0","0","67301","0","0","0","N","0","0","0","1","67301","0","","9.0","","1","N","N","N","1","","0","0","1","0","0","","1000","4","0","0","0","0","0","0","2","0","4","0","0","0","3","03","","N","","","","","","","","","",""
"2020102863","1811","2","0","0","0","0","0","0","0","0","4","0","","67","11","2020","1","40.000792","-75.134081","1805","6","0","0","0","1","0","1","0","0","","0","0","0","17","3","1","","1","0","40 00:02.851","","0","75 08:02.691","8","0","0","0","67301","0","0","0","N","0","0","0","2","67301","0","","1.0","","1","N","N","N","0","","0","0","2","3","3","","1730","4","1","2","0","0","1","0","2","0","4","0","0","0","4","","","N","","","","","","","","","",""
"2020068569","0536","1","0","0","0","0","0","0","0","0","7","0","","67","8","2020","2","39.922003","-75.190546","0534","6","0","0","0","0","0","0","0","0","","0","0","0","5","3","0","N","0","1","39 55:19.211","3","0","75 11:25.964","0","0","0","0","67301","0","0","0","N","0","0","0","1","67301","0","","4.0","600.0","1","N","N","N","0","","0","0","0","0","0","N","500","1","0","0","0","0","0","0","2","0","1","0","0","0","3","03","","N","","","","","","","","","",""
"2020068240","0949","2","0","0","0","0","0","0","0","0","4","0","","67","8","2020","1","40.07018","-75.166729","0940","6","0","0","0","0","0","1","1","0","","0","0","0","9","1","0","","1","0","40 04:12.648","","0","75 10:00.224","0","0","0","0","67301","0","0","0","N","0","0","0","2","67301","0","","1.0","","1","N","N","N","0","","0","0","0","3","2","","934","3","0","0","0","0","0","0","2","1","3","0","0","0","3","03","","N","","","","","","","","","",""