"CRN","ARRIVAL_TM","AUTOMOBILE_COUNT","BELTED_DEATH_COUNT","BELTED_SUSP_SERIOUS_INJ_COUNT","BICYCLE_COUNT","BICYCLE_DEATH_COUNT","BICYCLE_SUSP_SERIOUS_INJ_COUNT","BUS_COUNT","CHLDPAS_DEATH_COUNT","CHLDPAS_SUSP_SERIOUS_INJ_COUNT","COLLISION_TYPE","COMM_VEH_COUNT","CONS_ZONE_SPD_LIM","COUNTY","CRASH_MONTH","CRASH_YEAR","DAY_OF_WEEK","DEC_LATITUDE","DEC_LONGITUDE","DISPATCH_TM","DISTRICT","DRIVER_COUNT_16YR","DRIVER_COUNT_17YR","DRIVER_COUNT_18YR","DRIVER_COUNT_19YR","DRIVER_COUNT_20YR","DRIVER_COUNT_50_64YR","DRIVER_COUNT_65_74YR","DRIVER_COUNT_75PLUS","EST_HRS_CLOSED","FATAL_COUNT","HEAVY_TRUCK_COUNT","HORSE_BUGGY_COUNT","HOUR_OF_DAY","ILLUMINATION","INJURY_COUNT","INTERSECTION_RELATED","INTERSECT_TYPE","LANE_CLOSED","LATITUDE","LN_CLOSE_DIR","LOCATION_TYPE","LONGITUDE","MAX_SEVERITY_LEVEL","MCYCLE_DEATH_COUNT","MCYCLE_SUSP_SERIOUS_INJ_COUNT","MOTORCYCLE_COUNT","MUNICIPALITY","NONMOTR_COUNT","NONMOTR_DEATH_COUNT","NONMOTR_SUSP_SERIOUS_INJ_COUNT","NTFY_HIWY_MAINT","PED_COUNT","PED_DEATH_COUNT","PED_SUSP_SERIOUS_INJ_COUNT","PERSON_COUNT","POLICE_AGCY","POSSIBLE_INJ_COUNT","RDWY_SURF_TYPE_CD","RELATION_TO_ROAD","ROADWAY_CLEARED","ROAD_CONDITION","SCH_BUS_IND","SCH_ZONE_IND","SECONDARY_CRASH","SMALL_TRUCK_COUNT","SPEC_JURIS_CD","SUSP_MINOR_INJ_COUNT","SUSP_SERIOUS_INJ_COUNT","SUV_COUNT","TCD_FUNC_CD","TCD_TYPE","TFC_DETOUR_IND","TIME_OF_DAY","TOTAL_UNITS","TOT_INJ_COUNT","UNBELTED_OCC_COUNT","UNB_DEATH_COUNT","UNB_SUSP_SERIOUS_INJ_COUNT","UNK_INJ_DEG_COUNT","UNK_INJ_PER_COUNT","URBAN_RURAL","VAN_COUNT","VEHICLE_COUNT","VULNERABLE_ROAD_USER_COUNT","VULNERABLE_ROAD_USER_DEATH_COUNT","VULNERABLE_ROAD_USER_SER_INJ_COUNT","WEATHER1","WEATHER2","WORKERS_PRES","WORK_ZONE_IND","WORK_ZONE_LOC","WORK_ZONE_TYPE","WZ_CLOSE_DETOUR","WZ_FLAGGER","WZ_LAW_OFFCR_IND","WZ_LN_CLOSURE","WZ_MOVING","WZ_OTHER","WZ_SHLDER_MDN","WZ_WORKERS_INJ_KILLED"
"2020070932","1832","0","0","0","0","0","0","0","0","0","5","0","","67","8","2020","4","39.996164","-75.116594","1830","6","0","0","0","0","0","0","0","0","","0","0","0","18","1","2","N","0","0","39 59:46.190","","0","75 06:59.740","2","0","1","2","67301","0","0","0","N","0","0","0","2","67301","0","","4.0","","1","N","N","N","0","","1","1","0","0","0","","1830","2","2","0","0","0","0","0","2","0","2","0","0","0","3","03","","N","","","","","","","","","",""
"2020098713","0843","2","0","0","0","0","0","0","0","0","1","0","","67","11","2020","3","39.973638","-75.125639","0838","6","0","0","0","0","0","1","0","0","","0","0","0","8","3","4","N","0","2","39 58:25.097","4","0","75 07:32.299","3","0","0","0","67301","0","0","0","N","0","0","0","8","67505","0","","1.0","1001.0","1","N","N","N","0","","4","0","1","0","0","Y","837","3","4","0","0","0","0","0","2","0","3","0","0","0","3","","","N","","","","","","","","","",""
"2020079785","0530","4","0","0","0","0","0","0","0","0","5","0","","67","9","2020","1","40.012628","-75.099553","0511","6","0","0","0","0","0","0","0","0","","0","0","0","4","3","0","N","0","0","40 00:45.460","","0","75 05:58.390","0","0","0","0","67301","0","0","0","N","0","0","0","1","67301","0","","6.0","","1","N","N","N","1","","0","0","2","0","0","","458","7","0","0","0","0","0","0","2","0","7","0","0","0","3","","","N","","","","","","","","","",""
"2020100484","2248","1","0","0","0","0","0","0","0","0","1","1","","67","11","2020","1","39.959933","-75.178265","2230","6","0","0","0","0","0","0","0","0","","0","1","0","22","3","2","N","0","0","39 57:35.760","","0","75 10:41.755","3","0","0","0","67301","0","0","0","N","0","0","0","3","68K01","1","","1.0","","1","N","N","N","0","","1","0","0","0","0","","2230","2","2","1","0","0","0","1","2","0","2","0","0","0","3","","","N","","","","","","","","","",""
"2020081351","0425","1","0","0","0","0","0","0","0","0","4","0","","67","9","2020","7","40.002134","-75.103207","0423","6","0","0","0","0","0","0","0","0","","0","0","0","2","3","1","","2","0","40 00:07.683","","1","75 06:11.546","3","0","0","0","67301","0","0","0","N","0","0","0","2","67301","0","","1.0","","1","N","N","N","0","","1","0","0","0","0","","240","2","1","0","0","0","0","0","2","1","2","0","0","0","3","03","","N","","","","","","","","","",""
"2020103302","0506","1","0","0","0","0","0","0","0","0","7","0","","67","11","2020","3","40.034473","-75.018961","0452","6","0","0","0","0","0","0","0","0","","0","0","0","4","3","1","N","0","0","40 02:04.101","","0","75 01:08.260","3","0","0","0","67301","0","0","0","N","0","0","0","1","68K01","0","","4.0","","1","N","N","N","0","","1","0","0","0","0","","452","1","1","0","0","0","0","0","2","0","1","0","0","0","5","","","N","","","","","","","","","",""
"2020103006","1602","1","0","0","0","0","0","0","0","0","8","0","","67","11","2020","4","39.96123","-75.146581","1602","6","0","0","0","0","0","0","0","0","","0","0","0","16","1","1","","1","0","39 57:40.427","","0","75 08:47.691","3","0","0","0","67301","1","0","0","N","1","0","0","2","67301","0","","1.0","","1","N","N","N","0","","1","0","0","3","2","","1600","2","1","1","0","0","0","0","2","0","1","1","0","0","3","03","","N","","","","","","","","","",""
"2020109366","2039","0","0","0","0","0","0","0","0","0","7","0","","67","12","2020","4","40.011702","-75.061437","2039","6","0","0","0","0","0","0","0","0","","0","0","0","20","3","0","N","11","2","40 00:42.127","1","0","75 03:41.173","0","0","0","0","67301","0","0","0","N","0","0","0","1","68K01","0","","4.0","2100.0","1","N","N","N","0","","0","0","1","0","0","N","2038","1","0","1","0","0","0","0","2","0","1","0","0","0","3","03","","N","","","","","","","","","",""
"2020094443","1301","4","0","0","0","0","0","0","0","0","1","0","","67","11","2020","6","40.015723","-75.154318","1300","6","0","0","0","0","0","2","0","0","","0","0","0","13","1","0","N","0","0","40 00:56.601","","0","75 09:15.543","9","0","0","0","67301","0","0","0","N","0","0","0","4","67301","0","","1.0","","1","N","N","N","0","","0","0","0","0","0","","1300","4","0","4","0","0","0","1","2","0","4","0","0","0","3","03","","N","","","","","","","","","",""
"2020096605","1430","2","0","0","0","0","0","0","0","0","4","0","","67","11","2020","4","39.986979","-75.149001","1423","6","0","0","0","0","0","0","0","0","","0","0","0","14","1","1","","1","0","39 59:13.126","","0","75 08:56.402","3","0","0","0","67301","0","0","0","N","0","0","0","2","67301","0","","1.0","","9","N","N","N","0","","1","0","0","3","2","","1420","2","1","0","0","0","0","0","2","0","2","0","0","0","7","04","","N","","","","","","","","","",""
"2020100948","1206","0","0","0","0","0","0","0","0","0","7","0","","67","11","2020","6","40.040858","-75.005314","1202","6","0","0","0","0","0","0","0","0","","0","0","0","12","1","0","N","0","1","40 02:27.088","2","0","75 00:19.130","0","0","0","0","67301","0","0","0","N","0","0","0","1","68K01","0","","4.0","1330.0","9","N","N","N","0","","0","0","1","0","0","N","1200","1","0","0","0","0","0","0","2","0","1","0","0","0","7","","","N","","","","","","","","","",""
"2020113229","1413","1","0","0","0","0","0","0","0","0","7","0","","67","12","2020","6","39.951582","-75.141481","1359","6","0","1","0","0","0","0","0","0","","0","0","0","13","1","0","N","0","0","39 57:05.694","","0","75 08:29.332","0","0","0","0","67301","0","0","0","N","0","0","0","1","68K01","0","","4.0","","9","N","N","N","0","","0","0","0","0","0","","1354","1","0","0","0","0","0","0","2","0","1","0","0","0","7","07","","N","","","","","","","","","",""
"2020095609","1628","0","0","0","0","0","0","0","0","0","8","0","","67","11","2020","1","39.974179","-75.117678","1624","6","0","0","0","0","0","0","0","0","","0","0","0","16","1","1","N","0","0","39 58:27.046","","0","75 07:03.639","2","0","0","0","67301","1","0","1","N","1","0","1","2","67301","0","","1.0","","1","N","N","N","0","","0","1","1","0","0","","1618","2","1","0","0","0","0","0","2","0","1","1","0","1","3","03","","N","","","","","","","","","",""
"2020105239","1040","1","0","0","0","0","0","0","0","0","4","0","","67","12","2020","3","40.02026","-75.114068","1035","6","0","0","0","1","0","0","0","0","","0","0","0","10","1","1","","1","1","40 01:12.937","1","0","75 06:50.646","3","0","0","0","67301","0","0","0","N","0","0","0","2","67301","0","","1.0","1100.0","1","N","N","N","0","","1","0","1","3","2","N","1026","2","1","0","0","0","0","0","2","0","2","0","0","0","4","04","","N","","","","","","","","","",""
"2020103079","1224","1","0","0","0","0","0","0","0","0","7","0","","67","11","2020","5","39.93537","-75.144921","1212","6","0","0","0","1","0","0","0","0","","0","0","0","12","1","0","N","0","0","39 56:07.331","","0","75 08:41.714","0","0","0","0","67301","0","0","0","N","0","0","0","1","68K01","0","","4.0","","1","N","N","N","0","","0","0","0","0","0","","1207","1","0","0","0","0","0","0","2","0","1","0","0","0","3","03","","N","","","","","","","","","",""
"2020096016","1309","1","0","0","0","0","0","0","0","0","4","0","","67","11","2020","3","39.983802","-75.149695","1307","6","0","0","0","0","0","1","0","1","","0","0","0","13","1","1","","1","2","39 59:01.687","3","0","75 08:58.902","4","0","0","0","67301","0","0","0","N","0","0","0","2","67505","1","","1.0","1415.0","1","N","N","N","0","","0","0","1","3","3","Y","1300","2","1","0","0","0","0","0","2","0","2","0","0","0","3","03","","N","","","","","","","","","",""
"2020100252","1805","1","0","0","0","0","0","0","0","0","4","0","","67","11","2020","6","39.990806","-75.148189","1758","6","0","0","0","0","0","0","0","0","","0","0","0","17","3","1","N","0","0","39 59:26.900","","0","75 08:53.480","3","0","0","0","67301","0","0","0","N","0","0","0","3","67301","0","","1.0","","1","N","N","N","0","","1","0","1","0","0","","1743","2","1","0","0","0","0","0","2","0","2","0","0","0","3","03","","N","","","","","","","","","",""
"2020097838","140","2","0","0","0","0","0","0","0","0","1","0","","67","11","2020","7","40.031854","-75.122161","0140","6","0","0","0","0","0","0","0","0","","0","0","0","19","6","1","","1","0","40 01:54.674","","0","75 07:19.779","4","0","0","0","67301","0","0","0","N","0","0","0","2","67301","1","","1.0","","1","N","N","N","0","","0","0","0","3","1","","1930","2","1","1","0","0","0","0","2","0","2","0","0","0","3","03","","N","","","","","","","","","",""
"2020101822","1534","1","0","0","0","0","0","0","0","0","1","0","","67","11","2020","4","39.897232","-75.238134","1530","6","0","0","0","0","0","0","0","0","","0","0","0","14","1","1","N","0","0","39 53:50.036","","0","75 14:17.283","4","0","0","0","67301","0","0","0","N","0","0","0","2","67301","1","","1.0","","1","N","N","N","0","","0","0","1","0","0","","1450","2","1","0","0","0","0","0","2","0","2","0","0","0","3","","","N","","","","","","","","","",""
"2020093220","2155","3","0","0","0","0","0","0","0","0","4","0","","67","11","2020","3","39.936081","-75.187453","2154","6","0","0","0","0","0","1","0","0","","0","0","0","21","3","0","N","0","0","39 56:09.890","","0","75 11:14.830","0","0","0","0","67301","0","0","0","N","0","0","0","1","67301","0","","1.0","","1","N","N","N","0","","0","0","0","0","0","","2150","3","0","1","0","0","0","0","2","0","3","0","0","0","3","","","N","","","","","","","","","",""
"2020033082","1530","1","0","0","0","0","0","1","0","0","5","1","","67","3","2020","3","39.92464","-75.238546","1520","6","0","0","0","0","0","0","0","0","","0","0","0","15","1","0","N","0","1","39 55:28.705","1","0","75 14:18.766","0","0","0","0","67301","0","0","0","N","0","0","0","2","67508","0","","1.0","30.0","1","N","N","N","0","","0","0","0","0","0","Y","1510","2","0","0","0","0","0","0","2","0","2","0","0","0","3","03","","N","","","","","","","","","",""
"2020006830","2126","1","0","0","0","0","0","0","0","0","5","0","","67","1","2020","2","39.957892","-75.235567","2125","6","0","0","0","0","0","1","0","0","","0","0","0","21","3","0","N","0","0","39 57:28.410","","0","75 14:08.040","0","0","0","0","67301","0","0","0","N","0","0","0","1","67301","0","","6.0","","1","N","N","N","0","","0","0","0","0","0","","2115","2","0","0","0","0","0","0","2","1","2","0","0","0","3","03","","N","","","","","","","","","",""
"2020062673","1330","1","0","0","0","0","0","0","0","0","4","0","","67","8","2020","3","40.028859","-75.106004","1327","6","0","0","0","0","0","1","1","0","","0","0","0","13","1","1","","1","0","40 01:43.892","","0","75 06:21.614","3","0","0","0","67301","0","0","0","N","0","0","0","4","67301","0","","1.0","","9","N","N","N","1","","1","0","0","9","2","","1325","2","1","0","0","0","0","1","2","0","2","0","0","0","7","","","N","","","","","","","","","",""
"2020099851","2120","1","0","0","0","0","0","0","0","0","8","0","","67","11","2020","5","39.970374","-75.148143","2115","6","0","0","0","0","0","1","0","0","","0","0","0","21","3","1","N","0","0","39 58:13.346","","0","75 08:53.315","3","0","0","0","67301","1","0","0","N","1","0","0","2","67301","0","","1.0","","1","N","N","N","0","","1","0","0","3","2","","2105","2","1","1","0","0","0","0","2","0","1","1","0","0","3","","","N","","","","","","","","","",""
"2020106639","1100","0","0","0","0","0","0","0","0","0","7","0","","67","12","2020","4","39.976188","-75.198532","1039","6","0","0","0","0","0","0","0","0","","0","0","0","10","8","0","N","0","0","39 58:34.275","","0","75 11:54.714","9","0","0","0","67301","0","0","0","N","0","0","0","1","67301","0","","2.0","","99","N","N","N","0","","0","0","1","0","0","","1016","1","0","0","0","0","0","1","2","0","1","0","0","0","99","","","N","","","","","","","","","",""
"2020084245","801","2","0","0","0","0","0","0","0","0","4","0","","67","10","2020","6","40.028662","-75.20553","0758","6","0","0","0","0","0","0","0","0","","0","0","0","7","1","0","","1","1","40 01:43.183","1","0","75 12:19.909","0","0","0","0","67301","0","0","0","N","0","0","0","3","67301","0","","1.0","915.0","1","N","N","N","0","","0","0","0","3","2","Y","745","3","0","0","0","0","0","0","2","1","3","0","0","0","3","03","","N","","","","","","","","","",""
"2020100397","15","2","0","0","0","0","0","0","0","0","4","0","","67","11","2020","2","40.048491","-75.093668","0007","6","0","0","0","0","0","0","0","0","","0","0","0","0","3","2","","1","1","40 02:54.566","6","0","75 05:37.204","3","0","0","0","67301","0","0","0","N","0","0","0","3","67301","0","","1.0","7.0","9","N","N","N","0","","2","0","0","3","2","N","5","2","2","0","0","0","0","0","2","0","2","0","0","0","3","","","N","","","","","","","","","",""
"2020105208","1310","0","0","0","0","0","0","0","0","0","4","0","","67","12","2020","6","39.956404","-75.208445","1300","6","0","0","0","0","0","0","0","0","","0","0","0","12","1","1","","1","0","39 57:23.054","","0","75 12:30.403","8","0","0","0","67301","0","0","0","N","0","0","0","2","67301","0","","1.0","","9","N","N","N","0","","0","0","2","3","2","","1230","2","1","0","0","0","1","0","2","0","2","0","0","0","7","07","","N","","","","","","","","","",""
"2020085040","2108","2","0","0","0","0","0","0","0","0","4","0","","67","10","2020","6","39.974598","-75.199484","2103","6","0","0","0","0","0","1","0","0","","0","0","0","20","3","2","","1","0","39 58:28.552","","2","75 11:58.141","8","0","0","0","67301","0","0","0","N","0","0","0","6","67301","0","","1.0","","1","N","N","N","0","","0","0","1","3","2","","2054","3","2","0","0","0","2","1","2","0","3","0","0","0","3","","","N","","","","","","","","","",""
"2020094298","1455","0","0","0","1","0","1","0","0","0","8","0","","67","11","2020","5","39.970677","-75.122921","1450","6","0","0","0","0","0","0","0","0","","0","0","0","22","2","1","N","0","0","39 58:14.438","","0","75 07:22.514","2","0","0","1","67301","1","0","1","N","0","0","0","2","67301","0","","1.0","","1","N","N","N","0","","0","1","0","0","0","","2200","2","1","0","0","0","0","1","2","0","1","1","0","1","3","","","N","","","","","","","","","",""
"2020102062","1733","1","0","0","0","0","0","0","0","0","8","0","","67","11","2020","4","40.032057","-75.083004","1727","6","0","0","0","0","0","1","0","0","","0","0","0","17","3","1","N","0","2","40 01:55.405","2","0","75 04:58.814","2","0","0","0","67301","1","0","1","N","1","0","1","2","67301","0","","1.0","1826.0","1","N","N","N","0","","0","1","0","0","0","Y","1720","2","1","0","0","0","0","0","2","0","1","1","0","1","3","","","N","","","","","","","","","",""
"2020087740","1819","1","0","0","0","0","0","1","0","0","5","1","","67","9","2020","6","39.979539","-75.164498","1809","6","0","0","0","0","0","0","0","0","","0","0","0","18","1","1","N","0","0","39 58:46.339","","0","75 09:52.191","8","0","0","0","67301","0","0","0","N","0","0","0","2","67508","0","","1.0","","1","N","N","Y","0","","0","0","0","0","0","","1809","2","1","0","0","0","1","1","2","0","2","0","0","0","3","03","","N","","","","","","","","","",""
"2020102865","1653","0","0","0","0","0","0","0","0","0","5","0","","67","11","2020","4","40.000281","-75.130211","1650","6","0","0","0","0","0","0","0","0","","0","0","0","16","3","0","N","0","0","40 00:01.010","","0","75 07:48.760","0","0","0","0","67301","0","0","0","N","0","0","0","1","67301","0","","6.0","","1","N","N","N","0","","0","0","3","0","0","","1648","3","0","1","0","0","0","0","2","0","3","0","0","0","3","03","","N","","","","","","","","","",""
"2020100337","1905","1","0","0","0","0","0","0","0","0","4","0","","67","11","2020","1","39.983212","-75.15695","1904","6","0","0","1","0","0","0","0","0","","0","0","0","19","3","0","","1","1","39 58:59.563","2","0","75 09:25.021","0","0","0","0","67301","0","0","0","N","0","0","0","4","67505","0","","1.0","2000.0","1","N","N","N","0","","0","0","1","3","2","Y","1904","2","0","0","0","0","0","0","2","0","2","0","0","0","3","03","","N","","","","","","","","","",""
"2020097354","715","1","0","0","0","0","0","0","0","0","5","0","","67","11","2020","7","39.995033","-75.154223","0713","6","0","0","0","0","0","0","0","0","","0","0","0","7","5","1","N","0","0","39 59:42.117","","0","75 09:15.201","3","0","0","0","67301","0","0","0","N","0","0","0","2","67301","0","","6.0","","1","N","N","N","0","","1","0","1","0","0","","700","2","1","0","0","0","0","1","2","0","2","0","0","0","3","03","","N","","","","","","","","","",""
"2020087521","1758","2","0","0","0","0","0","0","0","0","4","0","","67","9","2020","2","39.973295","-75.234718","1747","6","0","0","0","0","0","0","1","0","","0","0","0","17","1","3","","1","0","39 58:23.861","","6","75 14:04.984","3","0","0","0","67301","0","0","0","N","0","0","0","4","67301","0","","1.0","","99","N","N","N","0","","3","0","0","3","2","","1719","2","3","2","0","0","0","0","2","0","2","0","0","0","3","03","","N","","","","","","","","","",""
"2020103343","1719","2","0","0","0","0","0","0","0","0","5","0","45","67","11","2020","1","39.958788","-75.180278","1714","6","0","0","0","0","0","2","0","0","","0","0","0","17","1","0","N","3","2","39 57:31.638","4","2","75 10:49.001","0","0","0","0","67301","0","0","0","N","0","0","0","2","68K01","0","","1.0","1807.0","1","N","N","N","0","","0","0","0","0","0","N","1710","2","0","2","0","0","0","0","2","0","2","0","0","0","3","","Y","Y","4","1","N","N","Y","Y","N","N","N","N"
"2020099976","1756","0","0","0","0","0","0","0","0","0","8","0","","67","11","2020","3","39.92771","-75.185759","1750","6","0","0","0","0","0","0","0","0","","0","0","0","17","4","1","","1","0","39 55:39.756","","0","75 11:08.732","8","0","0","0","67301","1","0","0","N","1","0","0","2","67301","0","","1.0","","1","N","N","N","0","","0","0","1","3","3","","1745","2","1","0","0","0","1","0","2","0","1","1","0","0","3","03","","N","","","","","","","","","",""
"2020099477","2132","2","0","0","0","0","0","0","0","0","4","0","","67","11","2020","3","39.991849","-75.186363","2129","6","0","0","0","0","0","1","0","0","","0","0","0","21","3","2","","1","0","39 59:30.658","","0","75 11:10.908","3","0","0","0","67301","0","0","0","N","0","0","0","4","67301","0","","1.0","","1","N","N","N","0","","2","0","0","3","2","","2120","2","2","0","0","0","0","0","2","0","2","0","0","0","3","98","","N","","","","","","","","","",""
"2020106633","700","1","0","0","0","0","0","0","0","0","4","0","","67","12","2020","2","40.068594","-75.030034","0653","6","0","0","0","0","0","0","0","0","","0","0","0","6","3","1","N","0","0","40 04:06.939","","0","75 01:48.124","4","0","0","0","67301","0","0","0","N","0","0","0","2","67301","1","","1.0","","1","N","N","N","1","","0","0","1","0","0","","652","3","1","0","0","0","0","0","2","0","3","0","0","0","3","","","N","","","","","","","","","",""
"2020079248","1508","2","0","0","0","0","0","0","0","0","4","0","","67","9","2020","6","39.972445","-75.162583","1508","6","0","1","0","0","0","0","0","0","","0","0","0","15","1","0","","1","2","39 58:20.801","1","0","75 09:45.298","0","0","0","0","67301","0","0","0","N","0","0","0","2","67301","0","","1.0","1510.0","1","N","N","N","0","","0","0","1","3","3","Y","1508","3","0","2","0","0","0","0","2","0","3","0","0","0","3","03","","N","","","","","","","","","",""
"2020106363","2000","1","0","0","0","0","0","0","0","0","7","0","","67","11","2020","2","40.03564","-75.016843","1957","6","0","1","0","0","0","0","0","0","","0","0","0","19","3","0","N","0","0","40 02:08.304","","0","75 01:00.634","0","0","0","0","67301","0","0","0","N","0","0","0","1","68K01","0","","2.0","","9","N","N","N","0","","0","0","0","0","0","","1955","1","0","0","0","0","0","0","2","0","1","0","0","0","4","04","","N","","","","","","","","","",""
"2020097245","818","3","0","0","0","0","0","0","0","0","5","0","","67","11","2020","7","39.984306","-75.16","0814","6","0","0","0","0","0","0","0","0","","0","0","0","8","1","0","N","0","0","39 59:03.500","","0","75 09:36.000","9","0","0","0","67301","0","0","0","N","0","0","0","1","67505","0","","6.0","","1","N","N","N","0","","0","0","1","0","0","","814","4","0","0","0","0","0","1","2","0","4","0","0","0","3","03","","N","","","","","","","","","",""
"2020096052","346","3","0","0","0","0","0","0","0","0","6","0","","67","11","2020","1","39.93775","-75.218114","0346","6","0","0","0","0","0","0","0","0","","0","0","0","3","3","0","N","0","0","39 56:15.900","","0","75 13:05.210","0","0","0","0","67301","0","0","0","N","0","0","0","1","67301","0","","2.0","","1","N","N","N","0","","0","0","0","0","0","","325","3","0","0","0","0","0","0","2","0","3","0","0","0","3","","","N","","","","","","","","","",""
"2020079684","230","2","0","0","0","0","0","0","0","0","5","0","","67","9","2020","1","40.036429","-75.186994","0230","6","0","0","0","1","0","0","0","0","","0","0","0","2","3","0","N","0","1","40 02:11.143","2","0","75 11:13.180","0","0","0","0","67301","0","0","0","N","0","0","0","1","67301","0","","6.0","330.0","9","N","N","N","0","","0","0","1","0","0","N","200","3","0","0","0","0","0","0","2","0","3","0","0","0","5","05","","N","","","","","","","","","",""
"2020105414","1442","3","0","0","0","0","0","0","0","0","1","0","","67","12","2020","7","39.966874","-75.208335","1441","6","0","0","0","0","0","0","0","0","","0","0","0","14","1","0","N","3","0","39 58:00.747","","0","75 12:30.007","0","0","0","0","67301","0","0","0","N","0","0","0","1","67301","0","","1.0","","1","N","N","N","0","","0","0","0","0","0","","1437","4","0","1","0","0","0","0","2","1","4","0","0","0","3","03","","N","","","","","","","","","",""
"2020097137","2350","1","0","0","0","0","0","0","0","0","4","0","","67","11","2020","5","39.950204","-75.233029","2340","6","0","0","0","0","0","0","0","0","","0","0","0","23","3","0","","2","2","39 57:00.734","7","0","75 13:58.904","0","0","0","0","67301","0","0","0","N","0","0","0","2","67301","0","","1.0","115.0","1","N","N","N","1","","0","0","1","3","3","Y","2330","3","0","0","0","0","0","0","2","0","3","0","0","0","3","","","N","","","","","","","","","",""
"2020101359","1550","1","0","0","1","0","0","0","0","0","8","0","","67","11","2020","1","39.967303","-75.173128","1538","6","0","0","0","0","0","0","0","0","","0","0","0","15","1","1","N","0","0","39 58:02.290","","0","75 10:23.260","3","0","0","0","67301","1","0","0","N","0","0","0","2","67301","0","","6.0","","1","N","N","N","0","","1","0","0","0","0","","1500","2","1","0","0","0","0","0","2","0","1","1","0","0","3","","","N","","","","","","","","","",""
"2020093631","2141","2","0","0","0","0","0","0","0","0","4","0","","67","11","2020","4","39.979105","-75.161134","2140","6","0","0","0","0","0","0","0","0","","0","0","0","21","3","0","","1","0","39 58:44.778","","0","75 09:40.084","0","0","0","0","67301","0","0","0","N","0","0","0","2","67505","0","","1.0","","1","N","N","N","0","","0","0","1","3","2","","2137","3","0","0","0","0","0","0","2","0","3","0","0","0","3","03","","N","","","","","","","","","",""
"2020094822","1605","2","0","0","0","0","0","0","0","0","4","0","","67","11","2020","7","40.077224","-74.974118","1555","6","0","0","0","0","0","0","0","0","","0","0","0","15","1","0","","2","0","40 04:38.006","","0","74 58:26.824","0","0","0","0","67301","0","0","0","N","0","0","0","2","67301","0","","1.0","","1","N","N","N","0","","0","0","0","0","0","","1545","2","0","0","0","0","0","0","2","0","2","0","0","0","3","03","","N","","","","","","","","","",""
"2020109331","726","1","0","0","0","0","0","0","0","0","7","0","","67","12","2020","7","39.982487","-75.207699","0726","6","0","0","0","0","0","0","0","0","","0","0","0","7","1","0","N","0","0","39 58:56.954","","0","75 12:27.718","0","0","0","0","67301","0","0","0","N","0","0","0","1","68K01","0","","2.0","","9","N","N","N","0","","0","0","0","0","0","","717","1","0","0","0","0","0","0","2","0","1","0","0","0","7","","","N","","","","","","","","","",""
"2020079483","2121","1","0","0","0","0","0","0","0","0","7","0","","67","9","2020","6","39.912889","-75.171306","2120","6","0","0","0","0","0","0","0","0","","0","0","0","21","3","0","N","0","0","39 54:46.400","","0","75 10:16.700","9","0","0","0","67301","0","0","0","N","0","0","0","1","67301","0","","4.0","","1","N","N","N","0","","0","0","0","0","0","","2110","1","0","0","0","0","0","1","2","0","1","0","0","0","3","03","","N","","","","","","","","","",""
"2020096400","934","0","0","0","0","0","0","0","0","0","4","1","","67","11","2020","2","40.027527","-75.099106","0911","6","0","0","0","0","0","0","1","0","","0","1","0","9","1","0","","1","0","40 01:39.097","","6","75 05:56.781","9","0","0","0","67301","0","0","0","N","0","0","0","3","67301","0","","1.0","","1","N","N","N","0","","0","0","1","3","2","","908","2","0","0","0","0","0","1","2","0","2","0","0","0","3","03","","N","","","","","","","","","",""
"2020108369","2041","2","0","0","0","0","0","0","0","0","1","0","","67","12","2020","3","39.967789","-75.131547","2034","6","0","0","0","0","0","0","0","0","","0","0","0","20","3","1","N","0","1","39 58:04.039","2","0","75 07:53.568","3","0","0","0","67301","0","0","0","N","0","0","0","2","68K01","0","","1.0","2200.0","1","N","Y","N","0","","1","0","0","0","0","N","2033","2","1","0","0","0","0","0","2","0","2","0","0","0","3","","","N","","","","","","","","","",""
"2020094179","1640","1","0","0","0","0","0","0","0","0","4","0","","67","11","2020","5","40.008593","-75.164742","1633","6","0","0","0","0","0","0","0","0","","0","0","0","16","1","1","","1","0","40 00:30.934","","0","75 09:53.071","3","0","0","0","67301","0","0","0","N","0","0","0","2","67301","0","","1.0","","1","N","N","N","0","","1","0","0","3","3","","1622","2","1","0","0","0","0","0","2","0","2","0","0","0","3","03","","N","","","","","","","","","",""
"2020096982","1340","1","0","0","0","0","0","0","0","0","4","0","","67","11","2020","5","40.055185","-75.090124","1331","6","0","0","0","0","0","0","0","0","","0","0","0","13","1","1","N","0","0","40 03:18.666","","7","75 05:24.447","8","0","0","0","67301","0","0","0","N","0","0","0","2","67301","0","","1.0","","9","N","N","N","0","","0","0","0","0","0","","1321","2","1","0","0","0","1","0","2","1","2","0","0","0","4","07","","N","","","","","","","","","",""
"2020092341","812","2","0","0","0","0","0","0","0","0","4","0","","67","11","2020","2","40.065916","-75.159296","0808","6","0","0","0","0","0","0","0","0","","0","0","0","6","1","1","","1","0","40 03:57.297","","0","75 09:33.465","8","0","0","0","67301","0","0","0","N","0","0","0","2","67301","0","","1.0","","1","N","N","N","0","","0","0","0","3","2","","655","2","1","0","0","0","1","1","2","0","2","0","0","0","3","03","","N","","","","","","","","","",""