"CRN","ARRIVAL_TM","AUTOMOBILE_COUNT","BELTED_DEATH_COUNT","BELTED_SUSP_SERIOUS_INJ_COUNT","BICYCLE_COUNT","BICYCLE_DEATH_COUNT","BICYCLE_SUSP_SERIOUS_INJ_COUNT","BUS_COUNT","CHLDPAS_DEATH_COUNT","CHLDPAS_SUSP_SERIOUS_INJ_COUNT","COLLISION_TYPE","COMM_VEH_COUNT","CONS_ZONE_SPD_LIM","COUNTY","CRASH_MONTH","CRASH_YEAR","DAY_OF_WEEK","DEC_LATITUDE","DEC_LONGITUDE","DISPATCH_TM","DISTRICT","DRIVER_COUNT_16YR","DRIVER_COUNT_17YR","DRIVER_COUNT_18YR","DRIVER_COUNT_19YR","DRIVER_COUNT_20YR","DRIVER_COUNT_50_64YR","DRIVER_COUNT_65_74YR","DRIVER_COUNT_75PLUS","EST_HRS_CLOSED","FATAL_COUNT","HEAVY_TRUCK_COUNT","HORSE_BUGGY_COUNT","HOUR_OF_DAY","ILLUMINATION","INJURY_COUNT","INTERSECTION_RELATED","INTERSECT_TYPE","LANE_CLOSED","LATITUDE","LN_CLOSE_DIR","LOCATION_TYPE","LONGITUDE","MAX_SEVERITY_LEVEL","MCYCLE_DEATH_COUNT","MCYCLE_SUSP_SERIOUS_INJ_COUNT","MOTORCYCLE_COUNT","MUNICIPALITY","NONMOTR_COUNT","NONMOTR_DEATH_COUNT","NONMOTR_SUSP_SERIOUS_INJ_COUNT","NTFY_HIWY_MAINT","PED_COUNT","PED_DEATH_COUNT","PED_SUSP_SERIOUS_INJ_COUNT","PERSON_COUNT","POLICE_AGCY","POSSIBLE_INJ_COUNT","RDWY_SURF_TYPE_CD","RELATION_TO_ROAD","ROADWAY_CLEARED","ROAD_CONDITION","SCH_BUS_IND","SCH_ZONE_IND","SECONDARY_CRASH","SMALL_TRUCK_COUNT","SPEC_JURIS_CD","SUSP_MINOR_INJ_COUNT","SUSP_SERIOUS_INJ_COUNT","SUV_COUNT","TCD_FUNC_CD","TCD_TYPE","TFC_DETOUR_IND","TIME_OF_DAY","TOTAL_UNITS","TOT_INJ_COUNT","UNBELTED_OCC_COUNT","UNB_DEATH_COUNT","UNB_SUSP_SERIOUS_INJ_COUNT","UNK_INJ_DEG_COUNT","UNK_INJ_PER_COUNT","URBAN_RURAL","VAN_COUNT","VEHICLE_COUNT","VULNERABLE_ROAD_USER_COUNT","VULNERABLE_ROAD_USER_DEATH_COUNT","VULNERABLE_ROAD_USER_SER_INJ_COUNT","WEATHER1","WEATHER2","WORKERS_PRES","WORK_ZONE_IND","WORK_ZONE_LOC","WORK_ZONE_TYPE","WZ_CLOSE_DETOUR","WZ_FLAGGER","WZ_LAW_OFFCR_IND","WZ_LN_CLOSURE","WZ_MOVING","WZ_OTHER","WZ_SHLDER_MDN","WZ_WORKERS_INJ_KILLED"
"2020094481","2013","2","0","0","0","0","0","0","0","0","5","0","","67","11","2020","6","40.028541","-75.147034","2007","6","0","0","0","0","0","0","0","0","","0","0","0","19","3","0","N","0","2","40 01:42.747","5","0","75 08:49.323","0","0","0","0","67301","0","0","0","N","0","0","0","2","67301","0","","1.0","2147.0","1","N","N","N","0","","0","0","4","0","0","Y","1900","6","0","0","0","0","0","0","2","0","6","0","0","0","3","","","N","","","","","","","","","",""
"2020099873","40","2","0","0","0","0","0","0","0","0","4","0","","67","11","2020","2","39.957208","-75.227482","0034","6","0","0","0","0","0","0","0","0","","0","0","0","0","3","0","","1","0","39 57:25.949","","0","75 13:38.934","9","0","0","0","67301","0","0","0","Y","0","0","0","2","67301","0","","1.0","","1","N","N","N","0","","0","0","1","3","2","","30","3","0","0","0","0","0","1","2","0","3","0","0","0","3","03","","N","","","","","","","","","",""
"2020107086","1615","2","0","0","0","0","0","0","0","0","4","0","","67","12","2020","6","40.072892","-75.075887","1604","6","0","0","0","0","0","0","0","0","","0","0","0","15","1","1","","1","0","40 04:22.410","","0","75 04:33.193","3","0","0","0","67301","0","0","0","N","0","0","0","2","67301","0","","1.0","","1","N","N","N","0","","1","0","0","3","2","","1501","2","1","0","0","0","0","0","2","0","2","0","0","0","3","03","","N","","","","","","","","","",""
"2020082414","1418","3","0","0","0","0","0","0","0","0","5","0","","67","9","2020","2","39.991863","-75.202188","1410","6","0","0","0","0","0","0","0","0","","0","0","0","14","1","1","N","0","1","39 59:30.705","4","0","75 12:07.878","3","0","0","0","67301","0","0","0","N","0","0","0","5","68K01","0","","1.0","1500.0","1","N","N","N","0","","1","0","1","0","0","N","1408","4","1","0","0","0","0","0","2","0","4","0","0","0","3","","","N","","","","","","","","","",""
"2020108262","2020","2","0","0","0","0","0","0","0","0","7","0","","67","12","2020","6","39.991544","-75.184399","2013","6","0","0","0","0","0","0","0","0","","0","0","0","19","3","0","N","0","0","39 59:29.557","","0","75 11:03.838","9","0","0","0","67301","0","0","0","N","0","0","0","1","67301","0","","5.0","","9","N","N","Y","0","","0","0","0","0","0","","1925","2","0","0","0","0","0","1","2","0","2","0","0","0","7","07","","N","","","","","","","","","",""
"2020094834","1610","2","0","0","0","0","0","0","0","0","4","0","","67","11","2020","7","39.988687","-75.162285","1554","6","0","0","0","0","1","0","0","0","","0","0","0","15","1","1","","1","0","39 59:19.273","","0","75 09:44.225","8","0","0","0","67301","0","0","0","N","0","0","0","3","67301","0","","1.0","","1","N","N","N","0","","0","0","0","3","2","","1524","2","1","0","0","0","1","0","2","0","2","0","0","0","3","","","N","","","","","","","","","",""
"2020102861","2035","1","0","0","0","0","0","0","0","0","1","0","","67","11","2020","5","40.000116","-75.141383","2035","6","0","0","0","0","0","0","0","0","","0","0","0","20","3","0","N","0","0","40 00:00.417","","0","75 08:28.977","0","0","0","0","67301","0","0","0","N","0","0","0","2","67301","0","","1.0","","9","N","N","N","0","","0","0","1","0","0","","2035","3","0","0","0","0","0","0","2","1","3","0","0","0","3","","","N","","","","","","","","","",""
"2020103142","910","1","0","0","0","0","0","0","0","0","7","0","","67","11","2020","2","40.032194","-75.021256","0851","6","0","0","0","0","0","0","0","0","","0","0","0","8","1","0","N","0","1","40 01:55.899","2","0","75 01:16.522","0","0","0","0","67301","0","0","0","N","0","0","0","1","68K01","0","","4.0","1016.0","9","N","N","N","0","","0","0","0","0","0","N","849","1","0","0","0","0","0","0","2","0","1","0","0","0","7","07","","N","","","","","","","","","",""
"2020098926","2247","2","0","0","0","0","0","0","0","0","2","0","","67","11","2020","7","39.917581","-75.212729","2244","6","0","0","0","0","0","0","0","0","","0","0","0","22","3","1","N","0","0","39 55:03.293","","0","75 12:45.825","3","0","0","0","67301","0","0","0","N","0","0","0","1","67301","0","","3.0","","1","N","N","N","0","","1","0","0","0","0","","2242","2","1","0","0","0","0","0","2","0","2","0","0","0","3","03","","N","","","","","","","","","",""
"2020097915","2049","1","0","0","0","0","0","0","0","0","2","0","","67","11","2020","2","39.987186","-75.118817","2049","6","0","0","0","0","0","0","0","0","","0","0","0","20","3","2","N","0","0","39 59:13.870","","0","75 07:07.740","8","0","0","0","67301","0","0","0","N","0","0","0","3","67301","0","","1.0","","1","N","N","N","0","","0","0","0","0","0","","2049","2","2","1","0","0","2","0","2","1","2","0","0","0","3","03","","N","","","","","","","","","",""
"2020101821","1045","2","0","0","0","0","0","0","0","0","4","0","","67","11","2020","4","39.922867","-75.226314","1045","6","0","0","0","0","0","0","0","0","","0","0","0","10","1","1","","1","0","39 55:22.321","","0","75 13:34.730","3","0","0","0","67301","0","0","0","N","0","0","0","3","67301","0","","1.0","","1","N","N","N","0","","1","0","0","3","2","","1040","2","1","0","0","0","0","0","2","0","2","0","0","0","3","03","","N","","","","","","","","","",""
"2020079552","926","1","0","0","0","0","0","0","0","0","4","0","","67","9","2020","6","40.118875","-75.01809","0923","6","0","0","0","0","0","0","0","0","","0","0","0","9","1","2","","1","2","40 07:07.949","4","0","75 01:05.123","3","0","0","0","67301","0","0","0","N","0","0","0","3","67301","0","","1.0","30.0","1","N","N","N","0","","2","0","1","3","2","Y","920","2","2","0","0","0","0","0","2","0","2","0","0","0","3","03","","N","","","","","","","","","",""
"2020103086","2231","1","0","0","0","0","0","0","0","0","4","0","","67","11","2020","6","39.979256","-75.203709","2228","6","0","0","0","0","0","0","0","0","","0","0","0","22","3","1","Y","0","1","39 58:45.321","4","0","75 12:13.351","3","0","0","0","67301","0","0","0","N","0","0","0","2","68K01","0","","1.0","2245.0","1","N","N","N","0","","1","0","1","0","0","N","2210","2","1","0","0","0","0","0","2","0","2","0","0","0","3","03","","N","","","","","","","","","",""
"2020108228","1205","1","0","0","0","0","0","1","0","0","1","1","","67","12","2020","3","40.038826","-75.143636","1200","6","0","0","0","0","0","1","0","0","","0","0","0","12","1","0","","1","0","40 02:19.772","","0","75 08:37.091","0","0","0","0","67301","0","0","0","N","0","0","0","2","67508","0","","1.0","","1","N","N","Y","0","","0","0","0","9","2","N","1200","2","0","0","0","0","0","0","2","0","2","0","0","0","3","03","","N","","","","","","","","","",""
"2020102896","331","0","0","0","0","0","0","0","0","0","5","0","","67","11","2020","5","39.967786","-75.209128","0329","6","0","0","0","0","0","1","0","0","","0","0","0","3","3","0","N","0","0","39 58:04.030","","0","75 12:32.860","0","0","0","0","67301","0","0","0","N","0","0","0","2","67301","0","","1.0","","9","N","N","N","0","","0","0","1","0","0","","327","2","0","0","0","0","0","0","2","1","2","0","0","0","7","04","","N","","","","","","","","","",""
"2020080073","333","2","0","0","0","0","0","0","0","0","4","0","","67","9","2020","1","39.996838","-75.15383","0329","6","0","0","0","0","0","0","0","0","","0","0","0","3","3","1","","1","0","39 59:48.618","","0","75 09:13.788","4","0","0","0","67301","0","0","0","N","0","0","0","2","67301","1","","1.0","","9","N","N","N","0","","0","0","0","3","2","","307","2","1","0","0","0","0","0","2","0","2","0","0","0","7","","","N","","","","","","","","","",""
"2020099982","2117","2","0","0","0","0","0","0","0","0","4","0","","67","11","2020","6","39.941661","-75.22278","2117","6","0","0","0","0","0","1","0","0","","0","0","0","21","3","1","","1","0","39 56:29.979","","0","75 13:22.008","3","0","0","0","67301","0","0","0","N","0","0","0","2","67301","0","","1.0","","1","N","N","N","0","","1","0","0","3","2","","2109","2","1","0","0","0","0","1","2","0","2","0","0","0","3","03","","N","","","","","","","","","",""
"2020096048","1620","0","0","0","0","0","0","0","0","0","1","0","","67","11","2020","1","39.957205","-75.155489","1615","6","0","0","0","0","0","1","0","0","","0","0","0","16","1","1","","1","0","39 57:25.938","","3","75 09:19.761","3","0","0","0","67301","0","0","0","N","0","0","0","2","67301","0","","1.0","","1","N","N","N","0","","1","0","1","2","1","","1611","2","1","1","0","0","0","0","2","1","2","0","0","0","3","03","","N","","","","","","","","","",""
"2020079683","235","1","0","0","0","0","0","0","0","0","1","0","","67","9","2020","1","40.10257","-75.02886","0229","6","0","0","0","0","0","0","0","0","","0","0","0","2","3","0","","1","0","40 06:09.252","","0","75 01:43.896","0","0","0","0","67301","0","0","0","N","0","0","0","6","67301","0","","1.0","","1","N","N","N","0","","0","0","1","3","2","","225","2","0","0","0","0","0","0","2","0","2","0","0","0","3","03","","N","","","","","","","","","",""
"2020102061","1538","2","0","0","0","0","0","0","0","0","4","0","","67","11","2020","4","40.042393","-75.072485","1532","6","0","0","1","0","0","1","0","0","","0","0","0","15","1","1","","1","0","40 02:32.614","","0","75 04:20.946","3","0","0","0","67301","0","0","0","N","0","0","0","2","67301","0","","1.0","","1","N","N","N","0","","1","0","0","9","3","","1521","2","1","0","0","0","0","0","2","0","2","0","0","0","3","","","N","","","","","","","","","",""
"2020083245","1540","1","0","0","0","0","0","0","0","0","7","0","","67","9","2020","7","39.948178","-75.142107","1515","6","0","0","0","0","0","0","0","0","","0","0","0","15","1","1","N","0","0","39 56:53.440","","0","75 08:31.585","3","0","0","0","67301","0","0","0","N","0","0","0","1","68K01","0","","4.0","","9","N","N","N","0","","1","0","0","0","0","","1510","1","1","0","0","0","0","0","2","0","1","0","0","0","3","","","N","","","","","","","","","",""
"2020094835","2045","0","0","0","0","0","0","0","0","0","0","0","","67","11","2020","7","39.985967","-75.136036","2045","6","0","0","0","0","0","0","0","0","","0","0","0","20","3","1","N","0","0","39 59:09.480","","0","75 08:09.730","8","0","0","1","67301","0","0","0","N","0","0","0","1","67301","0","","1.0","","98","N","N","N","0","","0","0","0","0","0","","2040","1","1","0","0","0","1","0","2","0","1","0","0","0","3","03","","N","","","","","","","","","",""
"2020107111","1550","0","0","0","0","0","0","0","0","0","4","0","","67","12","2020","3","39.952184","-75.240772","1539","6","0","0","0","0","0","1","0","0","","0","0","0","15","1","1","","1","0","39 57:07.862","","0","75 14:26.779","3","0","0","1","67301","0","0","0","N","0","0","0","2","67301","0","","1.0","","1","N","N","N","0","","1","0","1","3","2","","1526","2","1","0","0","0","0","0","2","0","2","0","0","0","3","","","N","","","","","","","","","",""
"2020098004","1812","1","0","0","0","0","0","0","0","0","6","0","","67","11","2020","4","40.024437","-75.046154","1811","6","0","0","0","0","0","0","0","0","","0","0","0","18","3","0","N","0","1","40 01:27.973","5","0","75 02:46.155","0","0","0","0","67301","0","0","0","N","0","0","0","3","67301","0","","1.0","10.0","9","N","N","N","0","","0","0","1","0","0","N","1810","3","0","3","0","0","0","0","2","1","3","0","0","0","7","07","","N","","","","","","","","","",""
"2020097337","757","1","0","0","0","0","0","0","0","0","7","0","","67","11","2020","7","39.955547","-75.14818","0755","6","0","0","0","0","0","0","0","0","","0","0","0","7","1","1","N","0","2","39 57:19.970","4","2","75 08:53.448","3","0","0","0","67301","0","0","0","N","0","0","0","1","67501","0","","3.0","842.0","1","N","N","N","0","","1","0","0","3","8","N","755","1","1","0","0","0","0","0","2","0","1","0","0","0","3","03","","N","","","","","","","","","",""
"2020099122","206","2","0","0","0","0","0","0","0","0","4","0","","67","11","2020","3","39.953964","-75.176665","0206","6","0","0","0","0","0","0","0","0","","0","0","0","22","3","1","","1","9","39 57:14.270","","0","75 10:35.993","3","0","0","0","67301","0","0","0","N","0","0","0","2","67301","0","","1.0","","1","N","N","N","0","","1","0","0","3","2","","2230","2","1","0","0","0","0","1","2","0","2","0","0","0","3","03","","N","","","","","","","","","",""
"2020076655","1730","0","0","0","1","0","0","0","0","0","8","0","","67","9","2020","4","40.001839","-75.152743","1730","6","0","0","0","0","0","0","0","0","","0","0","0","13","1","1","N","0","0","40 00:06.620","","0","75 09:09.875","3","0","0","0","67301","1","0","0","N","0","0","0","2","67301","0","","1.0","","1","N","N","N","0","","1","0","0","0","0","","1341","2","1","0","0","0","0","0","2","0","1","1","0","0","3","","","N","","","","","","","","","",""
"2020101598","1655","0","0","0","0","0","0","0","0","0","4","0","","67","11","2020","7","39.969323","-75.18472","1653","6","0","0","0","0","0","0","0","0","","0","0","0","16","3","1","","1","0","39 58:09.562","","0","75 11:04.992","3","0","0","1","67301","0","0","0","N","0","0","0","3","67301","0","","1.0","","1","N","N","N","0","","1","0","1","3","2","","1652","2","1","1","0","0","0","0","2","0","2","0","0","0","3","03","","N","","","","","","","","","",""
"2020096058","2047","0","0","0","0","0","0","0","0","0","1","0","","67","11","2020","2","39.940851","-75.212589","2042","6","0","0","0","0","0","0","0","0","","0","0","0","20","3","1","","1","0","39 56:27.063","","0","75 12:45.321","4","0","0","0","67301","0","0","0","N","0","0","0","2","67301","1","","1.0","","1","N","N","N","1","","0","0","1","3","2","","2042","2","1","0","0","0","0","0","2","0","2","0","0","0","3","","","N","","","","","","","","","",""
"2020097350","212","0","0","0","0","0","0","0","0","0","7","0","","67","11","2020","5","40.024228","-75.220903","0212","6","0","0","0","0","0","0","0","0","","0","0","0","2","3","0","N","0","0","40 01:27.220","","0","75 13:15.250","0","0","0","0","67301","0","0","0","N","0","0","0","1","67301","0","","4.0","","9","N","N","N","0","","0","0","1","0","0","","210","1","0","0","0","0","0","0","2","0","1","0","0","0","7","07","","N","","","","","","","","","",""
"2020102901","300","2","0","0","0","0","0","0","0","0","1","0","","67","11","2020","1","40.002606","-75.099721","0251","6","0","0","0","0","1","0","0","0","","0","0","0","2","3","1","N","1","0","40 00:09.380","","0","75 05:58.996","3","0","0","0","67301","0","0","0","N","0","0","0","2","67301","0","","1.0","","1","N","N","N","0","","1","0","0","3","2","","251","2","1","2","0","0","0","0","2","0","2","0","0","0","3","03","","N","","","","","","","","","",""
"2020104795","943","1","0","0","0","0","0","0","0","0","2","0","","67","12","2020","5","39.938341","-75.19921","0931","6","0","0","0","0","0","0","0","0","","0","0","0","9","1","2","","2","0","39 56:18.029","","0","75 11:57.157","3","0","0","0","67301","1","0","0","N","0","0","0","3","67301","0","","1.0","","1","N","N","N","0","","1","0","0","3","2","","928","3","2","0","0","0","1","0","2","1","2","1","0","0","3","03","","N","","","","","","","","","",""
"2020093436","1230","2","0","0","0","0","0","0","0","0","4","0","","67","11","2020","4","40.03145","-75.154773","1230","6","0","0","0","0","0","0","0","0","","0","0","0","9","1","0","","1","0","40 01:53.219","","0","75 09:17.182","9","0","0","0","67301","0","0","0","N","0","0","0","2","67301","0","","1.0","","1","N","N","N","0","","0","0","0","3","2","","940","2","0","0","0","0","0","2","2","0","2","0","0","0","3","03","","N","","","","","","","","","",""
"2020098007","859","0","0","0","0","0","0","0","0","0","8","0","","67","11","2020","2","39.988209","-75.155864","0851","6","0","0","0","0","0","0","0","0","","0","0","0","8","1","1","N","0","0","39 59:17.552","","0","75 09:21.110","3","0","0","0","67301","1","0","0","N","1","0","0","2","67301","0","","1.0","","1","N","N","N","1","","1","0","0","0","0","","850","2","1","0","0","0","0","0","2","0","1","1","0","0","3","","","N","","","","","","","","","",""
"2020105357","39","0","0","1","0","0","0","0","0","0","2","0","","67","11","2020","6","40.00853","-75.210732","0039","6","0","0","0","0","0","0","0","0","","0","0","0","0","2","1","","1","1","40 00:30.708","1","0","75 12:38.635","2","0","0","0","67301","0","0","0","N","0","0","0","2","68K01","0","","1.0","137.0","1","N","N","N","0","","0","1","2","3","2","N","36","2","1","0","0","0","0","1","2","0","2","0","0","0","3","03","","N","","","","","","","","","",""
"2020098286","2037","0","0","0","0","0","0","0","0","0","5","0","","67","11","2020","6","40.000889","-75.134667","2032","6","0","0","0","0","0","0","0","0","","0","0","0","20","3","1","N","0","2","40 00:03.200","4","0","75 08:04.800","8","0","0","0","67301","0","0","0","N","0","0","0","1","67301","0","","6.0","2200.0","1","N","N","N","1","","0","0","3","0","0","N","2030","4","1","0","0","0","1","0","2","0","4","0","0","0","3","03","","N","","","","","","","","","",""
"2020083135","1202","2","0","0","0","0","0","0","0","0","5","0","","67","10","2020","1","40.130815","-75.015846","1200","6","0","0","0","0","0","0","0","0","","0","0","0","11","1","1","N","0","2","40 07:50.935","4","0","75 00:57.044","8","0","0","0","67301","0","0","0","N","0","0","0","1","67301","0","","6.0","1300.0","1","N","N","N","1","","0","0","0","0","0","N","1159","3","1","0","0","0","1","0","2","0","3","0","0","0","3","","","N","","","","","","","","","",""
"2020090986","605","1","0","0","0","0","0","0","0","0","4","0","","67","10","2020","4","39.977211","-75.226752","0603","6","0","0","0","0","0","1","0","0","","0","0","0","6","3","2","","1","1","39 58:37.959","4","0","75 13:36.308","4","0","0","0","67301","0","0","0","N","0","0","0","2","67301","2","","1.0","700.0","1","N","N","N","0","","0","0","1","3","2","N","600","2","2","0","0","0","0","0","2","0","2","0","0","0","3","","","N","","","","","","","","","",""
"2020092964","1409","0","0","0","0","0","0","0","0","0","7","0","","67","11","2020","1","39.99932","-75.171658","1405","6","0","0","0","0","0","0","0","0","","0","0","0","13","1","1","","1","0","39 59:57.551","","0","75 10:17.968","3","0","0","0","67301","0","0","0","N","0","0","0","1","67301","0","","5.0","","9","N","N","N","0","","1","0","1","0","0","","1357","1","1","0","0","0","0","0","2","0","1","0","0","0","7","07","","N","","","","","","","","","",""
"2020109592","949","2","0","0","0","0","0","0","0","0","98","0","","67","12","2020","2","39.994573","-75.198604","0945","6","0","0","1","1","0","1","0","0","","0","0","0","9","1","0","N","0","0","39 59:40.461","","0","75 11:54.975","0","0","0","0","67301","0","0","0","N","0","0","0","4","68K01","0","","4.0","","1","N","N","N","0","","0","0","1","3","8","","942","3","0","0","0","0","0","0","2","0","3","0","0","0","3","","","N","","","","","","","","","",""
"2020100165","257","4","0","0","0","0","0","0","0","0","2","0","","67","11","2020","5","40.0189","-75.116424","0251","6","0","0","0","1","0","0","0","0","","0","0","0","2","3","1","","1","2","40 01:08.040","5","0","75 06:59.126","3","0","0","0","67301","0","0","0","N","0","0","0","3","67301","0","","1.0","530.0","1","N","N","N","0","","1","0","0","3","3","Y","251","4","1","0","0","0","0","1","2","0","4","0","0","0","3","03","","N","","","","","","","","","",""
"2020097803","2027","1","0","0","0","0","0","0","0","0","4","0","","67","11","2020","4","39.97037","-75.245229","2027","6","0","0","0","1","0","0","0","0","","0","0","0","20","3","0","","1","0","39 58:13.333","","0","75 14:42.826","0","0","0","0","67301","0","0","0","N","0","0","0","2","67301","0","","1.0","","9","N","N","N","0","","0","0","0","3","2","","2027","2","0","0","0","0","0","0","2","1","2","0","0","0","7","07","","N","","","","","","","","","",""
"2020102277","1122","2","0","0","0","0","0","0","0","0","4","0","","67","11","2020","5","39.923927","-75.222089","1120","6","0","0","0","0","0","0","0","0","","0","0","0","11","1","1","","1","0","39 55:26.137","","0","75 13:19.522","3","0","0","0","67301","0","0","0","N","0","0","0","2","67301","0","","1.0","","9","N","N","N","0","","1","0","0","3","3","","1115","3","1","1","0","0","0","0","2","1","3","0","0","0","7","04","","N","","","","","","","","","",""
"2020095975","1805","1","0","0","0","0","0","0","0","0","4","0","","67","11","2020","2","40.025914","-75.1234","1756","6","0","0","0","0","0","1","1","0","","0","0","0","17","3","1","","1","0","40 01:33.290","","0","75 07:24.239","8","0","0","0","67301","0","0","0","N","0","0","0","2","67301","0","","1.0","","1","N","N","N","0","","0","0","1","3","2","","1755","2","1","0","0","0","1","1","2","0","2","0","0","0","3","03","","N","","","","","","","","","",""
"2020101827","2314","1","0","0","0","0","0","0","0","0","4","0","","67","11","2020","4","39.975156","-75.188114","2312","6","0","0","0","1","0","0","0","0","","0","0","0","23","3","3","","1","0","39 58:30.561","","0","75 11:17.209","8","0","0","0","67301","0","0","0","N","0","0","0","4","67301","0","","1.0","","1","N","N","N","0","","0","0","1","3","2","","2300","2","3","0","0","0","3","0","2","0","2","0","0","0","3","03","","N","","","","","","","","","",""
"2020097131","2042","1","0","0","0","0","0","0","0","0","4","0","","67","11","2020","4","40.061286","-75.172063","2042","6","0","0","0","0","0","1","0","0","","0","0","0","19","3","3","","1","0","40 03:40.629","","0","75 10:19.427","3","0","0","0","67301","0","0","0","N","0","0","0","4","67301","0","","1.0","","9","N","N","N","0","","3","0","1","3","3","","1930","2","3","0","0","0","0","0","2","0","2","0","0","0","7","","","N","","","","","","","","","",""
"2020094085","1635","2","0","0","0","0","0","0","0","0","4","0","","67","11","2020","5","39.982645","-75.164409","1628","6","0","0","0","0","0","0","0","0","","0","0","0","15","1","0","","1","0","39 58:57.521","","0","75 09:51.872","9","0","0","0","67301","0","0","0","N","0","0","0","4","67301","0","","1.0","","1","N","N","N","0","","0","0","2","3","3","","1500","4","0","0","0","0","0","2","2","0","4","0","0","0","3","","","N","","","","","","","","","",""
"2020109376","2042","1","0","0","0","0","0","0","0","0","7","0","","67","12","2020","5","39.941269","-75.143074","2042","6","0","0","0","0","1","0","0","0","","0","0","0","20","3","0","N","0","0","39 56:28.570","","0","75 08:35.068","0","0","0","0","67301","0","0","0","N","0","0","0","1","68K01","0","","3.0","","1","N","N","N","0","","0","0","0","0","0","","2042","1","0","0","0","0","0","0","2","0","1","0","0","0","3","","","N","","","","","","","","","",""
"2020079778","2035","1","0","0","0","0","0","0","0","0","4","0","","67","9","2020","1","40.081849","-75.179199","2030","6","0","0","0","0","0","0","1","0","","0","0","0","20","3","1","","2","2","40 04:54.656","7","0","75 10:45.116","8","0","0","0","67301","0","0","0","N","0","0","0","4","67301","0","","1.0","100.0","1","N","N","N","0","","0","0","0","3","3","Y","2027","2","1","0","0","0","1","1","2","1","2","0","0","0","3","04","","N","","","","","","","","","",""
"2020079643","1840","1","0","0","0","0","0","0","0","0","7","0","","67","9","2020","1","40.098286","-74.994386","1830","6","0","0","0","0","0","0","0","0","","0","0","0","18","1","0","N","0","0","40 05:53.830","","0","74 59:39.790","0","0","0","0","67301","0","0","0","N","0","0","0","1","67301","0","","4.0","","9","N","N","N","0","","0","0","0","0","0","","1815","1","0","0","0","0","0","0","2","0","1","0","0","0","7","07","","N","","","","","","","","","",""
"2020082126","1411","1","0","0","0","0","0","0","0","0","5","0","","67","9","2020","1","39.956631","-75.164436","1410","6","0","0","0","0","1","0","0","0","","0","0","0","14","1","0","N","0","0","39 57:23.870","","0","75 09:51.970","0","0","0","0","67301","0","0","0","N","0","0","0","2","67301","0","","1.0","","1","N","N","N","0","","0","0","1","0","0","","1400","2","0","0","0","0","0","0","2","0","2","0","0","0","3","03","","N","","","","","","","","","",""
"2020102420","1145","2","0","0","0","0","0","0","0","0","4","0","","67","11","2020","6","40.002139","-75.213631","1137","6","0","0","0","0","0","1","0","1","","0","0","0","11","1","2","","1","0","40 00:07.700","","7","75 12:49.070","3","0","0","0","67301","0","0","0","N","0","0","0","2","67301","0","","1.0","","1","N","N","N","0","","2","0","0","3","3","","1136","2","2","0","0","0","0","0","2","0","2","0","0","0","3","03","","N","","","","","","","","","",""
"2020099978","2320","1","0","0","0","0","0","0","0","0","8","0","","67","11","2020","6","40.131656","-75.0122","2312","6","0","0","0","0","0","1","0","0","","0","0","0","23","3","1","","1","0","40 07:53.962","","0","75 00:43.919","3","0","0","0","67301","1","0","0","N","1","0","0","2","67301","0","","1.0","","1","N","N","N","0","","1","0","0","3","2","","2300","2","1","0","0","0","0","0","2","0","1","1","0","0","3","","","N","","","","","","","","","",""
"2020083250","2119","1","0","0","0","0","0","0","0","0","7","0","","67","9","2020","7","39.959296","-75.174214","2113","6","0","0","0","1","0","0","0","0","","0","0","0","21","3","2","N","0","1","39 57:33.465","3","0","75 10:27.171","3","0","0","0","67301","0","0","0","N","0","0","0","4","68K01","0","","4.0","2118.0","1","N","N","N","0","","2","0","0","0","0","N","2112","1","2","0","0","0","0","0","2","0","1","0","0","0","3","","","N","","","","","","","","","",""
"2020109462","117","2","0","0","0","0","0","0","0","0","4","0","","67","12","2020","4","40.028082","-75.106296","0108","6","0","0","0","0","0","0","0","0","","0","0","0","1","3","0","N","0","0","40 01:41.094","","0","75 06:22.665","0","0","0","0","67301","0","0","0","N","0","0","0","1","67301","0","","4.0","","1","N","N","N","0","","0","0","1","3","2","","107","3","0","0","0","0","0","0","2","0","3","0","0","0","3","","","N","","","","","","","","","",""
"2020097130","1405","1","0","0","0","0","0","0","0","0","1","0","","67","11","2020","3","40.060163","-75.191048","1405","6","0","0","0","0","0","0","0","0","","0","0","0","11","1","1","","2","0","40 03:36.586","","0","75 11:27.771","3","0","0","0","67301","0","0","0","N","0","0","0","2","67301","0","","1.0","","1","N","N","N","0","","1","0","1","3","1","","1115","2","1","0","0","0","0","1","2","0","2","0","0","0","3","03","","N","","","","","","","","","",""
"2020102219","1037","0","0","0","0","0","0","0","0","0","8","0","","67","11","2020","4","39.948791","-75.212589","1037","6","0","0","0","0","0","0","0","0","","0","0","0","10","1","1","","1","0","39 56:55.647","","0","75 12:45.320","4","0","0","0","67301","1","0","0","N","1","0","0","2","67301","1","","1.0","","1","N","N","N","0","","0","0","1","3","3","","1035","2","1","0","0","0","0","0","2","0","1","1","0","0","3","","","N","","","","","","","","","",""