"CRN","ARRIVAL_TM","AUTOMOBILE_COUNT","BELTED_DEATH_COUNT","BELTED_SUSP_SERIOUS_INJ_COUNT","BICYCLE_COUNT","BICYCLE_DEATH_COUNT","BICYCLE_SUSP_SERIOUS_INJ_COUNT","BUS_COUNT","CHLDPAS_DEATH_COUNT","CHLDPAS_SUSP_SERIOUS_INJ_COUNT","COLLISION_TYPE","COMM_VEH_COUNT","CONS_ZONE_SPD_LIM","COUNTY","CRASH_MONTH","CRASH_YEAR","DAY_OF_WEEK","DEC_LATITUDE","DEC_LONGITUDE","DISPATCH_TM","DISTRICT","DRIVER_COUNT_16YR","DRIVER_COUNT_17YR","DRIVER_COUNT_18YR","DRIVER_COUNT_19YR","DRIVER_COUNT_20YR","DRIVER_COUNT_50_64YR","DRIVER_COUNT_65_74YR","DRIVER_COUNT_75PLUS","EST_HRS_CLOSED","FATAL_COUNT","HEAVY_TRUCK_COUNT","HORSE_BUGGY_COUNT","HOUR_OF_DAY","ILLUMINATION","INJURY_COUNT","INTERSECTION_RELATED","INTERSECT_TYPE","LANE_CLOSED","LATITUDE","LN_CLOSE_DIR","LOCATION_TYPE","LONGITUDE","MAX_SEVERITY_LEVEL","MCYCLE_DEATH_COUNT","MCYCLE_SUSP_SERIOUS_INJ_COUNT","MOTORCYCLE_COUNT","MUNICIPALITY","NONMOTR_COUNT","NONMOTR_DEATH_COUNT","NONMOTR_SUSP_SERIOUS_INJ_COUNT","NTFY_HIWY_MAINT","PED_COUNT","PED_DEATH_COUNT","PED_SUSP_SERIOUS_INJ_COUNT","PERSON_COUNT","POLICE_AGCY","POSSIBLE_INJ_COUNT","RDWY_SURF_TYPE_CD","RELATION_TO_ROAD","ROADWAY_CLEARED","ROAD_CONDITION","SCH_BUS_IND","SCH_ZONE_IND","SECONDARY_CRASH","SMALL_TRUCK_COUNT","SPEC_JURIS_CD","SUSP_MINOR_INJ_COUNT","SUSP_SERIOUS_INJ_COUNT","SUV_COUNT","TCD_FUNC_CD","TCD_TYPE","TFC_DETOUR_IND","TIME_OF_DAY","TOTAL_UNITS","TOT_INJ_COUNT","UNBELTED_OCC_COUNT","UNB_DEATH_COUNT","UNB_SUSP_SERIOUS_INJ_COUNT","UNK_INJ_DEG_COUNT","UNK_INJ_PER_COUNT","URBAN_RURAL","VAN_COUNT","VEHICLE_COUNT","VULNERABLE_ROAD_USER_COUNT","VULNERABLE_ROAD_USER_DEATH_COUNT","VULNERABLE_ROAD_USER_SER_INJ_COUNT","WEATHER1","WEATHER2","WORKERS_PRES","WORK_ZONE_IND","WORK_ZONE_LOC","WORK_ZONE_TYPE","WZ_CLOSE_DETOUR","WZ_FLAGGER","WZ_LAW_OFFCR_IND","WZ_LN_CLOSURE","WZ_MOVING","WZ_OTHER","WZ_SHLDER_MDN","WZ_WORKERS_INJ_KILLED"
"2020093757","830","1","0","0","0","0","0","0","0","0","7","0","","67","11","2020","4","39.96987","-75.142743","0830","6","0","0","0","0","0","0","0","0","","0","0","0","7","1","0","N","0","0","39 58:11.533","","99","75 08:33.876","0","0","0","0","67301","0","0","0","N","0","0","0","1","67301","0","","3.0","","1","N","N","N","0","","0","0","0","0","0","","700","1","0","1","0","0","0","0","2","0","1","0","0","0","3","03","","N","","","","","","","","","",""
"2020095936","1510","2","0","0","0","0","0","0","0","0","4","0","","67","11","2020","1","39.957453","-75.243728","1501","6","0","0","0","0","0","0","0","0","","0","0","0","14","1","1","","1","0","39 57:26.830","","6","75 14:37.420","3","0","0","0","67301","0","0","0","N","0","0","0","3","67301","0","","1.0","","1","N","N","N","0","","1","0","0","3","3","","1442","2","1","3","0","0","0","0","2","0","2","0","0","0","3","03","","N","","","","","","","","","",""
"2020092753","201","3","0","0","0","0","0","0","0","0","4","0","","67","11","2020","2","40.012806","-75.142312","0201","6","0","0","0","0","0","0","0","0","","0","0","0","2","3","0","","2","2","40 00:46.101","6","0","75 08:32.323","0","0","0","0","67301","0","0","0","N","0","0","0","1","67301","0","","1.0","310.0","1","N","N","N","0","","0","0","1","3","3","Y","201","4","0","1","0","0","0","0","2","0","4","0","0","0","3","","","N","","","","","","","","","",""
"2020094824","445","0","0","0","0","0","0","0","0","0","7","0","","67","11","2020","1","40.063401","-74.985543","0444","6","0","0","0","0","0","0","0","0","","0","0","0","4","3","1","","2","1","40 03:48.244","2","0","74 59:07.956","3","0","0","0","67301","0","0","0","N","0","0","0","1","67301","0","","4.0","515.0","1","N","N","N","0","","1","0","1","3","2","N","443","1","1","0","0","0","0","0","2","0","1","0","0","0","3","","","N","","","","","","","","","",""
"2020097745","2200","1","0","0","0","0","0","0","0","0","7","0","","67","11","2020","6","39.970451","-75.124698","2153","6","0","0","0","0","0","0","0","0","","0","0","0","21","3","1","N","0","1","39 58:13.625","1","0","75 07:28.913","3","0","0","0","67301","0","0","0","N","0","0","0","1","68K01","0","","4.0","2235.0","1","N","Y","N","0","","1","0","0","0","0","N","2150","1","1","0","0","0","0","0","2","0","1","0","0","0","3","","","N","","","","","","","","","",""
"2020052960","1559","1","0","0","0","0","0","0","0","0","4","0","","67","6","2020","7","40.021746","-75.118077","1558","6","0","0","0","0","0","0","0","0","","0","0","0","15","1","1","","2","0","40 01:18.285","","0","75 07:05.077","3","0","0","1","67301","0","0","0","N","0","0","0","2","67301","0","","1.0","","1","N","N","N","0","","1","0","0","9","9","","1558","2","1","0","0","0","0","1","2","0","2","0","0","0","3","03","","N","","","","","","","","","",""
"2020099479","1948","0","0","0","0","0","0","0","0","0","2","0","","67","11","2020","4","39.988259","-75.182646","1946","6","0","0","0","0","0","1","0","0","","0","0","0","19","3","1","N","0","2","39 59:17.733","5","0","75 10:57.524","3","0","0","0","67301","0","0","0","N","0","0","0","2","67301","0","","1.0","2025.0","1","N","N","N","0","","1","0","1","0","0","Y","1945","2","1","0","0","0","0","1","2","1","2","0","0","0","3","03","","N","","","","","","","","","",""
"2020100251","240","3","0","0","0","0","0","0","0","0","1","0","","67","11","2020","1","40.063808","-75.172901","0236","6","0","0","0","0","1","0","0","0","","0","0","0","2","3","0","","1","0","40 03:49.709","","0","75 10:22.442","0","0","0","0","67301","0","0","0","N","0","0","0","3","67301","0","","1.0","","1","N","N","N","0","","0","0","0","3","2","","230","3","0","0","0","0","0","0","2","0","3","0","0","0","3","","","N","","","","","","","","","",""
"2020093225","2356","3","0","0","0","0","0","0","0","0","4","0","","67","11","2020","3","40.054821","-75.152728","2352","6","0","0","0","0","0","1","0","0","","0","0","0","23","3","0","","1","0","40 03:17.355","","0","75 09:09.820","0","0","0","0","67301","0","0","0","N","0","0","0","5","67301","0","","1.0","","1","N","N","N","0","","0","0","0","3","2","","2345","3","0","0","0","0","0","0","2","0","3","0","0","0","3","03","","N","","","","","","","","","",""
"2020094524","1640","1","0","0","0","0","0","0","0","0","4","0","","67","11","2020","5","40.016988","-75.171514","1630","6","0","0","0","0","0","0","0","0","","0","0","0","11","1","1","N","0","0","40 01:01.158","","0","75 10:17.450","8","0","0","0","67301","0","0","0","N","0","0","0","2","67301","0","","1.0","","1","N","N","N","0","","0","0","1","0","0","","1110","2","1","2","0","0","1","0","2","0","2","0","0","0","3","03","","N","","","","","","","","","",""
"2020079571","1747","2","0","0","0","0","0","0","0","0","4","0","","67","9","2020","6","40.018922","-75.049504","1742","6","0","0","0","0","0","0","0","0","","0","0","0","17","1","1","","1","1","40 01:08.120","4","0","75 02:58.216","3","0","0","0","67301","0","0","0","N","0","0","0","6","67301","0","","1.0","1855.0","1","N","N","N","0","","1","0","0","3","3","N","1741","2","1","0","0","0","0","0","2","0","2","0","0","0","3","","","N","","","","","","","","","",""
"2020077410","1806","1","0","0","0","0","0","0","0","0","8","0","","67","9","2020","1","39.948897","-75.226714","1805","6","0","0","0","0","0","0","0","0","","0","0","0","18","1","1","N","0","0","39 56:56.030","","0","75 13:36.170","3","0","0","0","67301","1","0","0","N","1","0","0","2","67301","0","","1.0","","1","N","N","N","0","","1","0","0","0","0","","1800","2","1","0","0","0","0","0","2","0","1","1","0","0","3","03","","N","","","","","","","","","",""
"2020076960","2021","3","0","0","0","0","0","0","0","0","4","0","","67","9","2020","6","40.08448","-74.973652","2014","6","0","0","0","0","0","1","0","0","","0","0","0","20","3","4","","1","1","40 05:04.128","1","0","74 58:25.148","8","0","0","0","67301","0","0","0","N","0","0","0","5","67301","0","","1.0","200.0","1","N","N","Y","0","","0","0","0","3","2","Y","2012","3","4","0","0","0","4","0","2","0","3","0","0","0","3","03","","N","","","","","","","","","",""
"2020096055","840","2","0","0","0","0","0","0","0","0","5","0","","67","11","2020","2","39.916989","-75.226869","0830","6","0","0","0","0","0","0","0","0","","0","0","0","7","1","0","N","0","0","39 55:01.160","","0","75 13:36.730","0","0","0","0","67301","0","0","0","N","0","0","0","2","67301","0","","6.0","","1","N","N","N","0","","0","0","0","0","0","","710","2","0","0","0","0","0","0","2","0","2","0","0","0","3","","","N","","","","","","","","","",""
"2020092754","1917","2","0","0","0","0","0","0","0","0","1","0","","67","11","2020","1","40.037856","-75.139337","1916","6","0","0","1","0","0","0","0","0","","0","0","0","19","3","0","N","0","0","40 02:16.283","","0","75 08:21.614","9","0","0","0","67301","0","0","0","N","0","0","0","1","67301","0","","6.0","","9","N","N","N","0","","0","0","1","0","0","","1900","3","0","0","0","0","0","1","2","0","3","0","0","0","7","07","","N","","","","","","","","","",""
"2020079485","1527","1","0","0","0","0","0","0","0","0","7","0","","67","9","2020","7","40.066748","-75.178014","1512","6","0","0","0","0","1","0","0","0","","0","0","0","15","1","1","","1","0","40 04:00.293","","0","75 10:40.850","8","0","0","0","67301","0","0","0","N","0","0","0","1","67301","0","","4.0","","1","N","N","N","0","","0","0","0","3","2","","1503","1","1","0","0","0","1","0","2","0","1","0","0","0","3","","","N","","","","","","","","","",""
"2020113223","248","1","0","0","0","0","0","0","0","0","7","0","","67","11","2020","5","39.960752","-75.181907","0240","6","0","0","0","0","0","0","0","0","","0","0","0","2","3","0","N","0","0","39 57:38.708","","0","75 10:54.865","0","0","0","0","67301","0","0","0","N","0","0","0","2","68K01","0","","2.0","","9","N","N","N","0","","0","0","0","0","0","","239","1","0","0","0","0","0","0","2","0","1","0","0","0","7","","","N","","","","","","","","","",""
"2020105532","2255","1","0","0","0","0","0","0","0","0","7","0","","67","11","2020","6","39.964532","-75.18505","2252","6","0","0","0","0","0","0","0","0","","0","0","0","22","3","2","N","0","1","39 57:52.315","3","0","75 11:06.181","3","0","0","0","67301","0","0","0","N","0","0","0","2","68K01","0","","3.0","2330.0","1","N","N","N","0","","1","0","0","0","0","N","2248","1","2","1","0","0","1","0","2","0","1","0","0","0","3","","","N","","","","","","","","","",""
"2020103308","1930","1","0","0","0","0","0","0","0","0","7","0","","67","11","2020","3","39.981951","-75.101405","1907","6","0","0","0","0","0","1","0","0","","0","0","0","16","1","1","N","0","2","39 58:55.023","2","0","75 06:05.059","8","0","0","0","67301","0","0","0","N","0","0","0","3","68K01","0","","4.0","1620.0","1","N","N","N","0","","0","0","1","0","0","N","1607","2","1","0","0","0","1","0","2","0","2","0","0","0","3","03","","N","","","","","","","","","",""
"2020093430","1420","2","0","0","0","0","0","0","0","0","1","0","","67","11","2020","3","39.911868","-75.172755","1420","6","0","0","0","0","0","1","0","0","","0","0","0","15","1","1","","1","0","39 54:42.724","","0","75 10:21.917","3","0","0","0","67301","0","0","0","N","0","0","0","3","67301","0","","1.0","","1","N","N","N","0","","1","0","0","3","2","","1555","2","1","2","0","0","0","1","2","0","2","0","0","0","3","","","N","","","","","","","","","",""
"2020103910","2047","1","0","0","0","0","0","0","0","0","8","0","","67","12","2020","4","39.951249","-75.199138","2046","6","0","0","0","0","0","0","0","0","","0","0","0","20","3","1","N","1","0","39 57:04.496","","0","75 11:56.898","3","0","0","0","67301","1","0","0","N","1","0","0","2","67504","0","","1.0","","1","N","N","N","0","","1","0","0","3","2","","2045","2","1","1","0","0","0","0","2","0","1","1","0","0","3","03","","N","","","","","","","","","",""
"2020097585","915","1","0","0","0","0","0","0","0","0","2","0","","67","11","2020","6","39.945656","-75.235183","0844","6","0","0","0","0","0","0","0","0","","0","0","0","7","1","1","","11","0","39 56:44.360","","0","75 14:06.660","3","0","0","0","67301","0","0","0","N","0","0","0","3","67301","0","","1.0","","99","N","N","N","0","","1","0","1","0","0","","757","2","1","1","0","0","0","1","2","0","2","0","0","0","99","03","","N","","","","","","","","","",""
"2020103314","1656","1","0","0","0","0","0","0","0","0","7","0","","67","11","2020","4","40.047279","-75.00108","1648","6","0","0","0","0","0","0","0","0","","0","0","0","16","3","0","N","0","2","40 02:50.205","2","2","75 00:03.887","0","0","0","0","67301","0","0","0","Y","0","0","0","1","68K01","0","","4.0","1710.0","9","N","N","Y","0","","0","0","0","0","0","Y","1646","1","0","0","0","0","0","0","2","0","1","0","0","0","7","05","","N","","","","","","","","","",""
"2020079784","432","0","0","0","0","0","0","0","0","0","7","0","99","67","9","2020","1","39.984251","-75.098996","0426","6","0","0","0","0","0","0","0","0","","0","0","0","4","3","0","","1","0","39 59:03.303","","0","75 05:56.385","0","0","0","0","67301","0","0","0","N","0","0","0","1","67301","0","","4.0","","9","N","N","N","0","","0","0","1","3","2","","410","1","0","0","0","0","0","0","2","0","1","0","0","0","7","07","N","Y","4","1","N","N","N","N","N","N","Y","N"
"2020096777","1645","1","0","0","0","0","0","0","0","0","4","0","","67","11","2020","4","39.944888","-75.229078","1641","6","0","0","0","0","0","0","1","0","","0","0","0","16","3","0","","1","0","39 56:41.596","","0","75 13:44.680","9","0","0","0","67301","0","0","0","N","0","0","0","2","67301","0","","1.0","","9","N","N","N","0","","0","0","1","3","3","","1630","2","0","0","0","0","0","1","2","0","2","0","0","0","7","07","","N","","","","","","","","","",""
"2020095769","1250","1","0","0","0","0","0","0","0","0","4","0","","67","11","2020","1","39.940106","-75.200678","1244","6","0","0","0","0","0","0","0","0","","0","0","0","12","1","1","","2","0","39 56:24.381","","0","75 12:02.442","3","0","0","0","67301","0","0","0","N","0","0","0","2","67301","0","","1.0","","1","N","N","N","0","","1","0","1","3","2","","1230","2","1","0","0","0","0","1","2","0","2","0","0","0","3","","","N","","","","","","","","","",""
"2020094735","933","1","0","0","1","0","0","0","0","0","8","0","","67","11","2020","7","39.936905","-75.150225","0926","6","0","0","0","1","0","0","0","0","","0","0","0","9","1","1","","1","0","39 56:12.857","","0","75 09:00.810","3","0","0","0","67301","1","0","0","N","0","0","0","2","67301","0","","1.0","","1","N","N","N","0","","1","0","0","3","3","","919","2","1","0","0","0","0","0","2","0","1","1","0","0","3","03","","N","","","","","","","","","",""
"2020099790","2050","1","0","0","0","0","0","0","0","0","7","0","","67","11","2020","4","39.956755","-75.154528","2050","6","0","0","0","0","0","1","0","0","","0","0","0","20","3","1","","7","1","39 57:24.319","3","2","75 09:16.302","8","0","0","0","67301","0","0","0","N","0","0","0","1","68K01","0","","7.0","2100.0","9","N","N","N","0","","0","0","0","0","0","N","2050","1","1","0","0","0","1","0","2","0","1","0","0","0","7","07","","N","","","","","","","","","",""
"2020097246","1400","1","0","0","0","0","0","0","0","0","4","0","","67","11","2020","6","40.042038","-75.054759","1355","6","0","0","0","0","0","0","0","1","","0","0","0","13","1","0","","2","0","40 02:31.336","","7","75 03:17.132","0","0","0","0","67301","0","0","0","N","0","0","0","2","67301","0","","1.0","","1","N","N","N","0","","0","0","1","0","0","","1345","2","0","0","0","0","0","0","2","0","2","0","0","0","3","","","N","","","","","","","","","",""
"2020093638","615","1","0","0","0","0","0","0","0","0","8","0","","67","11","2020","4","40.022406","-75.078188","0610","6","0","0","0","0","0","1","0","0","","0","0","0","6","1","1","","1","0","40 01:20.660","","0","75 04:41.477","3","0","0","0","67301","1","0","0","N","1","0","0","2","67301","0","","1.0","","1","N","N","N","0","","1","0","0","3","2","","609","2","1","0","0","0","0","0","2","0","1","1","0","0","3","03","","N","","","","","","","","","",""
"2020104833","611","1","0","0","0","0","0","0","0","0","7","0","","67","11","2020","5","40.037515","-75.012061","0531","6","0","0","0","0","0","0","0","0","","0","0","0","5","3","0","N","0","1","40 02:15.055","1","0","75 00:43.420","0","0","0","0","67301","0","0","0","N","0","0","0","1","68K01","0","","3.0","830.0","8","N","N","N","0","","0","0","0","0","0","N","529","1","0","0","0","0","0","0","2","0","1","0","0","0","7","","","N","","","","","","","","","",""
"2020095297","1202","1","0","0","0","0","0","0","0","0","4","0","","67","11","2020","5","39.973503","-75.209847","1159","6","0","0","1","0","0","0","0","0","","0","0","0","11","1","2","","2","0","39 58:24.610","","0","75 12:35.450","3","0","0","0","67301","0","0","0","N","0","0","0","3","67301","0","","1.0","","1","N","N","N","1","","2","0","0","3","2","","1158","2","2","0","0","0","0","0","2","0","2","0","0","0","3","03","","N","","","","","","","","","",""
"2020096989","1427","2","0","0","0","0","0","0","0","0","2","0","","67","11","2020","6","39.990174","-75.24406","1420","6","0","0","0","0","0","1","0","0","","0","0","0","14","1","2","","1","0","39 59:24.626","","0","75 14:38.616","3","0","0","0","67301","0","0","0","N","0","0","0","5","67301","0","","1.0","","1","N","N","N","0","","2","0","0","3","3","","1400","2","2","0","0","0","0","0","2","0","2","0","0","0","3","03","","N","","","","","","","","","",""
"2020080523","1350","1","0","0","0","0","0","0","0","0","4","0","","67","9","2020","7","40.041552","-75.027733","1341","6","0","1","0","0","0","1","0","0","","0","0","0","13","1","1","N","0","0","40 02:29.587","","7","75 01:39.840","3","0","0","0","67301","0","0","0","N","0","0","0","2","67301","0","","1.0","","9","N","N","N","0","","1","0","1","0","0","","1328","2","1","0","0","0","0","0","2","0","2","0","0","0","4","07","","N","","","","","","","","","",""
"2020094297","1122","0","0","0","0","0","0","0","0","0","8","0","","67","11","2020","6","39.990438","-75.127049","1118","6","0","0","0","0","0","0","0","0","","0","0","0","10","1","1","","1","0","39 59:25.575","","0","75 07:37.375","4","0","0","0","67301","2","0","0","N","2","0","0","3","67301","1","","1.0","","1","N","N","N","0","","0","0","1","3","2","","1057","3","1","0","0","0","0","0","2","0","1","2","0","0","3","","","N","","","","","","","","","",""
"2020098284","2342","1","0","0","0","0","0","0","0","0","7","0","","67","11","2020","4","40.041384","-75.049022","2338","6","0","0","0","0","0","0","0","0","","0","0","0","23","3","0","","1","0","40 02:28.983","","0","75 02:56.480","0","0","0","0","67301","0","0","0","N","0","0","0","1","67301","0","","4.0","","99","N","N","N","0","","0","0","0","3","2","","2303","1","0","0","0","0","0","0","2","0","1","0","0","0","7","07","","N","","","","","","","","","",""
"2020095814","1515","1","0","0","0","0","0","0","0","0","4","0","","67","11","2020","3","39.980213","-75.157468","1510","6","0","0","0","0","0","0","0","0","","0","0","0","15","1","1","","1","0","39 58:48.767","","0","75 09:26.884","3","0","0","1","67301","0","0","0","N","0","0","0","2","67505","0","","1.0","","1","N","N","N","0","","1","0","0","3","2","","1500","2","1","0","0","0","0","0","2","0","2","0","0","0","3","03","","N","","","","","","","","","",""
"2020106647","1859","2","0","0","0","0","0","0","0","0","5","0","","67","12","2020","4","39.988642","-75.143836","1847","6","0","0","0","0","0","0","0","0","","0","0","0","18","3","0","N","0","2","39 59:19.110","1","0","75 08:37.810","0","0","0","0","67301","0","0","0","N","0","0","0","1","67301","0","","1.0","2051.0","1","N","N","N","0","","0","0","0","0","0","Y","1846","2","0","1","0","0","0","0","2","0","2","0","0","0","3","","","N","","","","","","","","","",""
"2020105884","2154","1","0","0","0","0","0","0","0","0","1","0","","67","12","2020","3","","","2147","6","0","0","0","0","0","0","0","1","","0","0","0","21","3","1","N","0","2","","1","0","","3","0","0","0","67301","0","0","0","N","0","0","0","1","67301","0","","2.0","0.0","1","N","N","N","0","","1","0","1","0","0","N","2135","2","1","0","0","0","0","0","1","0","2","0","0","0","3","03","","N","","","","","","","","","",""
"2020109333","924","1","0","0","0","0","0","0","0","0","7","0","","67","12","2020","7","40.028165","-75.023946","0911","6","0","0","0","0","0","0","0","0","","0","0","0","9","1","1","N","0","0","40 01:41.395","","0","75 01:26.207","3","0","0","0","67301","0","0","0","N","0","0","0","1","68K01","0","","4.0","","9","N","N","N","0","","1","0","0","0","0","","910","1","1","1","0","0","0","0","2","0","1","0","0","0","7","","","N","","","","","","","","","",""
"2020100362","2030","1","0","0","0","0","0","0","0","0","8","0","","67","11","2020","7","40.030614","-75.054773","2019","6","0","0","0","0","0","0","0","0","","0","0","0","19","3","2","","1","0","40 01:50.211","","0","75 03:17.181","3","0","0","0","67301","2","0","0","N","2","0","0","3","67301","0","","1.0","","1","N","N","N","0","","2","0","0","3","2","","1920","3","2","0","0","0","0","1","2","0","1","2","0","0","3","03","","N","","","","","","","","","",""
"2020092502","1111","1","0","0","0","0","0","0","0","0","4","0","","67","11","2020","2","39.996031","-75.170758","1110","6","0","0","0","0","0","0","0","0","","0","0","0","11","1","1","","1","0","39 59:45.712","","0","75 10:14.729","3","0","0","0","67301","0","0","0","N","0","0","0","3","67301","0","","1.0","","1","N","N","N","0","","1","0","1","3","2","","1109","2","1","3","0","0","0","0","2","0","2","0","0","0","3","03","","N","","","","","","","","","",""
"2020096475","1534","1","0","0","0","0","0","0","0","0","4","0","","67","11","2020","7","40.064064","-75.239524","1533","6","0","0","0","0","0","0","0","0","","0","0","0","15","1","0","","1","0","40 03:50.629","","0","75 14:22.287","0","0","0","0","67301","0","0","0","N","0","0","0","2","67301","0","","1.0","","1","N","N","N","0","","0","0","1","3","2","","1533","2","0","0","0","0","0","0","2","0","2","0","0","0","3","03","","N","","","","","","","","","",""
"2020071784","2247","2","0","0","0","0","0","0","0","0","4","0","","67","8","2020","4","39.964226","-75.190151","2246","6","0","0","0","0","0","1","0","0","","0","0","0","22","3","4","","1","2","39 57:51.213","1","0","75 11:24.542","3","0","0","0","67301","0","0","0","N","0","0","0","4","67301","0","","1.0","2320.0","1","N","N","N","0","","2","0","2","3","2","Y","2230","4","4","0","0","0","2","0","2","0","4","0","0","0","3","03","","N","","","","","","","","","",""
"2020098250","1550","2","0","0","0","0","0","0","0","0","5","0","","67","11","2020","1","40.045694","-75.164611","1550","6","0","0","0","0","0","0","0","0","","0","0","0","15","1","1","N","0","1","40 02:44.500","6","0","75 09:52.600","3","0","0","0","67301","0","0","0","N","0","0","0","2","67301","0","","1.0","1700.0","1","N","N","N","0","","1","0","3","0","0","Y","1550","5","1","0","0","0","0","0","2","0","5","0","0","0","4","","","N","","","","","","","","","",""
"2020094117","2156","2","0","0","0","0","0","0","0","0","4","0","","67","11","2020","5","40.021489","-75.139822","2154","6","0","0","0","0","0","0","0","0","","0","0","0","21","3","4","","1","2","40 01:17.360","7","0","75 08:23.360","2","0","0","0","67301","0","0","0","N","0","0","0","4","67301","0","","1.0","30.0","99","N","N","N","0","","2","1","0","3","2","Y","2153","2","4","1","0","1","1","0","2","0","2","0","0","0","3","","","N","","","","","","","","","",""
"2020104439","1046","1","0","0","0","0","0","0","0","0","7","0","","67","11","2020","5","39.982533","-75.207724","1041","6","0","0","0","0","0","1","0","0","","0","0","0","10","1","1","N","0","2","39 58:57.119","4","0","75 12:27.805","8","0","0","0","67301","0","0","0","N","0","0","0","1","68K01","0","","4.0","15.0","9","N","N","N","0","","0","0","0","0","0","N","1039","1","1","0","0","0","1","0","2","0","1","0","0","0","4","","","N","","","","","","","","","",""
"2020103341","1423","2","0","0","0","0","0","0","0","0","5","0","","67","11","2020","1","40.005828","-75.197312","1423","6","0","0","0","0","0","0","0","0","","0","0","0","8","1","0","N","0","0","40 00:20.980","","0","75 11:50.322","0","0","0","0","67301","0","0","0","N","0","0","0","2","68K01","0","","1.0","","1","N","N","N","0","","0","0","0","0","0","","800","2","0","0","0","0","0","0","2","0","2","0","0","0","3","","","N","","","","","","","","","",""
"2020082024","1744","1","0","0","0","0","0","0","0","0","8","0","","67","9","2020","1","40.041147","-75.035058","1744","6","0","0","0","0","0","0","0","0","","0","0","0","5","1","1","N","0","0","40 02:28.130","","0","75 02:06.210","3","0","0","0","67301","1","0","0","N","1","0","0","2","67301","0","","1.0","","1","N","N","N","0","","1","0","0","0","0","","525","2","1","1","0","0","0","0","2","0","1","1","0","0","3","03","","N","","","","","","","","","",""
"2020096379","955","2","0","0","0","0","0","0","0","0","4","0","","67","11","2020","4","39.960444","-75.241079","0954","6","0","0","0","0","0","0","0","0","","0","0","0","9","1","2","","1","0","39 57:37.599","","0","75 14:27.885","3","0","0","0","67301","0","0","0","N","0","0","0","3","67301","0","","1.0","","1","N","N","N","0","","2","0","0","3","2","","933","2","2","0","0","0","0","0","2","0","2","0","0","0","4","04","","N","","","","","","","","","",""
"2020074587","1307","1","0","0","0","0","0","0","0","0","4","0","","67","9","2020","6","39.996295","-75.185362","1307","6","0","0","0","0","0","0","0","0","","0","0","0","13","1","0","","1","0","39 59:46.663","","0","75 11:07.303","9","0","0","0","67301","0","0","0","N","0","0","0","2","67301","0","","1.0","","1","N","N","N","0","","0","0","0","3","2","","1307","2","0","0","0","0","0","1","2","1","2","0","0","0","3","03","","N","","","","","","","","","",""
"2020066882","1103","2","0","0","0","0","0","0","0","0","4","0","","67","8","2020","4","39.930134","-75.230739","1100","6","0","0","0","0","0","0","0","0","","0","0","0","10","1","0","","2","0","39 55:48.482","","0","75 13:50.660","9","0","0","0","67301","0","0","0","N","0","0","0","2","67301","0","","1.0","","9","N","N","N","0","","0","0","0","3","3","","1057","2","0","0","0","0","0","1","2","0","2","0","0","0","7","07","","N","","","","","","","","","",""
"2020078527","1035","0","0","0","0","0","0","0","0","0","7","0","","67","9","2020","3","39.939947","-75.238261","1032","6","0","0","0","0","0","0","0","0","","0","0","0","10","1","0","N","0","0","39 56:23.810","","0","75 14:17.740","0","0","0","0","67301","0","0","0","N","0","0","0","1","67301","0","","4.0","","1","N","N","N","0","","0","0","0","0","0","","1027","1","0","0","0","0","0","0","2","1","1","0","0","0","3","03","","N","","","","","","","","","",""
"2020068798","1038","2","0","0","0","0","0","0","0","0","5","0","","67","8","2020","3","39.983056","-75.156848","1021","6","0","0","0","0","0","0","0","0","","0","0","0","10","1","0","Y","0","0","39 58:59.002","","0","75 09:24.652","9","0","0","0","67301","0","0","0","N","0","0","0","2","67301","0","","1.0","","1","N","N","N","0","","0","0","0","3","2","","1015","3","0","0","0","0","0","1","2","1","3","0","0","0","3","03","","N","","","","","","","","","",""
"2020070140","1601","2","0","0","0","0","0","0","0","0","1","0","","67","8","2020","3","40.027414","-75.09915","1556","6","0","0","0","0","1","0","0","0","","0","0","0","15","1","2","","2","0","40 01:38.692","","0","75 05:56.941","3","0","0","0","67301","0","0","0","N","0","0","0","3","67301","0","","1.0","","1","N","N","N","0","","2","0","0","3","2","","1511","2","2","0","0","0","0","1","2","0","2","0","0","0","3","","","N","","","","","","","","","",""
"2020102063","2115","1","0","0","0","0","0","0","0","0","6","0","","67","11","2020","5","40.074609","-75.035074","2110","6","0","0","0","0","0","0","1","0","","0","0","0","21","3","1","","1","0","40 04:28.594","","0","75 02:06.267","8","0","0","0","67301","0","0","0","N","0","0","0","2","67301","0","","1.0","","1","N","N","N","0","","0","0","1","3","2","","2109","2","1","0","0","0","1","0","2","0","2","0","0","0","3","03","","N","","","","","","","","","",""
"2020102418","2100","1","0","0","0","0","0","0","0","0","7","0","","67","11","2020","7","39.924396","-75.146808","2053","6","0","0","0","0","0","0","0","0","","0","0","0","20","3","0","N","0","2","39 55:27.825","1","0","75 08:48.509","0","0","0","0","67301","0","0","0","N","0","0","0","1","67301","0","","4.0","2300.0","1","N","N","N","0","","0","0","0","0","0","Y","2053","1","0","0","0","0","0","0","2","0","1","0","0","0","3","","","N","","","","","","","","","",""