"CRN","ARRIVAL_TM","AUTOMOBILE_COUNT","BELTED_DEATH_COUNT","BELTED_SUSP_SERIOUS_INJ_COUNT","BICYCLE_COUNT","BICYCLE_DEATH_COUNT","BICYCLE_SUSP_SERIOUS_INJ_COUNT","BUS_COUNT","CHLDPAS_DEATH_COUNT","CHLDPAS_SUSP_SERIOUS_INJ_COUNT","COLLISION_TYPE","COMM_VEH_COUNT","CONS_ZONE_SPD_LIM","COUNTY","CRASH_MONTH","CRASH_YEAR","DAY_OF_WEEK","DEC_LATITUDE","DEC_LONGITUDE","DISPATCH_TM","DISTRICT","DRIVER_COUNT_16YR","DRIVER_COUNT_17YR","DRIVER_COUNT_18YR","DRIVER_COUNT_19YR","DRIVER_COUNT_20YR","DRIVER_COUNT_50_64YR","DRIVER_COUNT_65_74YR","DRIVER_COUNT_75PLUS","EST_HRS_CLOSED","FATAL_COUNT","HEAVY_TRUCK_COUNT","HORSE_BUGGY_COUNT","HOUR_OF_DAY","ILLUMINATION","INJURY_COUNT","INTERSECTION_RELATED","INTERSECT_TYPE","LANE_CLOSED","LATITUDE","LN_CLOSE_DIR","LOCATION_TYPE","LONGITUDE","MAX_SEVERITY_LEVEL","MCYCLE_DEATH_COUNT","MCYCLE_SUSP_SERIOUS_INJ_COUNT","MOTORCYCLE_COUNT","MUNICIPALITY","NONMOTR_COUNT","NONMOTR_DEATH_COUNT","NONMOTR_SUSP_SERIOUS_INJ_COUNT","NTFY_HIWY_MAINT","PED_COUNT","PED_DEATH_COUNT","PED_SUSP_SERIOUS_INJ_COUNT","PERSON_COUNT","POLICE_AGCY","POSSIBLE_INJ_COUNT","RDWY_SURF_TYPE_CD","RELATION_TO_ROAD","ROADWAY_CLEARED","ROAD_CONDITION","SCH_BUS_IND","SCH_ZONE_IND","SECONDARY_CRASH","SMALL_TRUCK_COUNT","SPEC_JURIS_CD","SUSP_MINOR_INJ_COUNT","SUSP_SERIOUS_INJ_COUNT","SUV_COUNT","TCD_FUNC_CD","TCD_TYPE","TFC_DETOUR_IND","TIME_OF_DAY","TOTAL_UNITS","TOT_INJ_COUNT","UNBELTED_OCC_COUNT","UNB_DEATH_COUNT","UNB_SUSP_SERIOUS_INJ_COUNT","UNK_INJ_DEG_COUNT","UNK_INJ_PER_COUNT","URBAN_RURAL","VAN_COUNT","VEHICLE_COUNT","VULNERABLE_ROAD_USER_COUNT","VULNERABLE_ROAD_USER_DEATH_COUNT","VULNERABLE_ROAD_USER_SER_INJ_COUNT","WEATHER1","WEATHER2","WORKERS_PRES","WORK_ZONE_IND","WORK_ZONE_LOC","WORK_ZONE_TYPE","WZ_CLOSE_DETOUR","WZ_FLAGGER","WZ_LAW_OFFCR_IND","WZ_LN_CLOSURE","WZ_MOVING","WZ_OTHER","WZ_SHLDER_MDN","WZ_WORKERS_INJ_KILLED"
"2020095070","1930","1","0","0","0","0","0","0","0","0","5","0","","67","11","2020","1","40.048528","-75.159611","1918","6","0","0","0","0","0","0","0","0","","0","0","0","19","3","1","N","0","0","40 02:54.700","","0","75 09:34.600","2","0","0","0","67301","0","0","0","N","0","0","0","1","67301","0","","6.0","","1","N","N","Y","0","","0","1","3","0","0","","1917","4","1","0","0","0","0","0","2","0","4","0","0","0","3","03","","N","","","","","","","","","",""
"2020106224","1657","3","0","0","0","0","0","0","0","0","4","0","","67","11","2020","3","39.958548","-75.175678","1645","6","0","0","0","0","0","1","1","0","","0","0","0","16","4","1","","2","1","39 57:30.774","1","0","75 10:32.441","3","0","0","0","67301","0","0","0","N","0","0","0","7","68K01","0","","1.0","1715.0","1","N","N","N","0","","1","0","2","0","0","N","1644","5","1","5","0","0","0","2","2","0","5","0","0","0","3","03","","N","","","","","","","","","",""
"2020102859","807","0","0","0","0","0","0","0","0","0","7","0","","67","11","2020","2","40.072188","-75.192938","0757","6","0","0","0","0","0","1","0","0","","0","0","0","7","5","0","N","0","0","40 04:19.878","","0","75 11:34.577","0","0","0","0","67301","0","0","0","N","0","0","0","1","67301","0","","4.0","","9","N","N","N","0","","0","0","1","0","0","","755","1","0","0","0","0","0","0","2","0","1","0","0","0","7","04","","N","","","","","","","","","",""
"2020093224","2044","2","0","0","0","0","0","0","0","0","4","0","","67","11","2020","3","40.008415","-75.096481","2044","6","0","0","1","0","0","0","0","0","","0","0","0","14","1","2","","1","0","40 00:30.293","","0","75 05:47.331","8","0","0","0","67301","0","0","0","N","0","0","0","3","67301","0","","1.0","","1","N","N","N","0","","0","0","0","3","3","","1400","2","2","0","0","0","2","0","2","0","2","0","0","0","3","03","","N","","","","","","","","","",""
"2020103123","2052","0","0","0","0","0","0","0","0","0","0","0","","67","11","2020","6","39.910645","-75.149073","2044","6","0","0","0","0","0","0","0","0","","0","0","0","20","3","1","N","0","0","39 54:38.322","","0","75 08:56.664","8","0","0","1","67301","0","0","0","N","0","0","0","1","68K01","0","","2.0","","1","N","N","N","0","","0","0","0","0","0","","2042","1","1","0","0","0","1","0","2","0","1","0","0","0","3","03","","N","","","","","","","","","",""
"2020079521","312","1","0","0","0","0","0","0","0","0","7","0","","67","9","2020","7","39.965583","-75.186417","0302","6","0","0","0","0","0","0","0","0","","0","0","0","2","3","0","","7","1","39 57:56.100","3","2","75 11:11.100","0","0","0","0","67301","0","0","0","N","0","0","0","2","68K01","0","","4.0","328.0","1","N","N","N","0","","0","0","0","0","0","N","258","1","0","0","0","0","0","0","2","0","1","0","0","0","3","03","","N","","","","","","","","","",""
"2020069430","319","1","0","0","0","0","0","0","0","0","4","0","","67","8","2020","7","39.957796","-75.160214","0314","6","0","0","0","0","0","0","0","0","","0","0","0","3","3","1","","1","0","39 57:28.064","","3","75 09:36.770","3","0","0","0","67301","0","0","0","N","0","0","0","2","67301","0","","1.0","","1","N","N","N","0","","1","0","1","3","2","","314","3","1","0","0","0","0","0","2","1","3","0","0","0","3","","","N","","","","","","","","","",""
"2020069465","1640","0","0","0","0","0","0","0","0","0","4","0","","67","8","2020","3","39.966617","-75.224869","1638","6","0","0","0","0","0","1","0","0","","0","0","0","16","1","1","","1","0","39 57:59.820","","0","75 13:29.529","3","0","0","0","67301","0","0","0","N","0","0","0","2","67301","0","","1.0","","1","N","N","N","1","","1","0","1","3","2","","1613","2","1","0","0","0","0","0","2","0","2","0","0","0","3","03","","N","","","","","","","","","",""
"2020106820","830","3","0","0","0","0","0","0","0","0","2","0","","67","12","2020","5","40.030591","-75.146585","0823","6","0","0","0","0","0","1","1","0","","1","0","0","8","1","1","","1","2","40 01:50.128","5","0","75 08:47.706","1","0","0","0","67301","0","0","0","N","0","0","0","3","67301","0","2","1.0","1201.0","1","N","N","N","0","0","1","0","0","9","2","Y","819","3","1","0","0","0","0","0","2","0","3","0","0","0","3","","","N","","","","","","","","","",""
"2020113984","1430","1","0","0","0","0","0","0","0","0","7","0","","67","12","2020","1","40.035383","-75.017395","1415","6","0","0","0","1","0","0","0","0","","0","0","0","14","1","1","N","0","2","40 02:07.379","1","0","75 01:02.621","8","0","0","0","67301","0","0","0","N","0","0","0","2","68K01","0","","4.0","1500.0","9","N","N","N","0","","0","0","0","0","0","N","1415","1","1","0","0","0","1","0","2","0","1","0","0","0","3","03","","N","","","","","","","","","",""
"2020085156","1041","2","0","0","0","0","0","0","0","0","4","0","","67","10","2020","2","39.918083","-75.180583","1040","6","0","0","0","0","0","0","1","0","","0","0","0","10","1","1","N","0","0","39 55:05.100","","0","75 10:50.100","8","0","0","0","67301","0","0","0","N","0","0","0","2","67301","0","","1.0","","9","N","N","N","0","","0","0","0","0","0","","1037","2","1","0","0","0","1","0","2","0","2","0","0","0","7","","","N","","","","","","","","","",""
"2020102079","2331","0","0","0","0","0","0","0","0","0","4","0","","67","11","2020","6","40.036295","-75.071755","2326","6","0","0","0","0","0","0","0","0","","0","0","0","23","3","1","","1","0","40 02:10.662","","0","75 04:18.319","3","0","0","0","67301","0","0","0","N","0","0","0","2","67301","0","","1.0","","1","N","Y","N","0","","1","0","4","3","3","","2324","5","1","0","0","0","0","0","2","1","5","0","0","0","3","","","N","","","","","","","","","",""
"2020112991","1846","1","0","0","0","0","0","0","0","0","8","0","","67","12","2020","2","40.012947","-75.155367","1841","6","0","0","0","0","0","0","0","0","","0","0","0","18","3","1","","1","0","40 00:46.609","","0","75 09:19.321","3","0","0","0","67301","1","0","0","N","1","0","0","2","67301","0","","1.0","","1","N","N","N","0","","1","0","0","3","3","","1835","2","1","0","0","0","0","0","2","0","1","1","0","0","3","03","","N","","","","","","","","","",""
"2020076702","4","1","0","0","0","0","0","0","0","0","5","0","","67","8","2020","7","40.030458","-75.021987","2347","6","0","0","0","0","0","0","0","0","","0","0","0","23","3","0","N","0","0","40 01:49.650","","0","75 01:19.154","0","0","0","0","67301","0","0","0","N","0","0","0","2","68K01","0","","1.0","","1","N","N","N","0","","0","0","1","0","0","","2344","2","0","0","0","0","0","0","2","0","2","0","0","0","3","","","N","","","","","","","","","",""
"2020084243","2100","1","0","0","0","0","0","0","0","0","1","0","","67","10","2020","3","40.017917","-75.211355","2052","6","0","0","0","0","0","1","0","0","","0","0","0","20","3","0","N","0","0","40 01:04.501","","0","75 12:40.879","0","0","0","0","67301","0","0","0","N","0","0","0","2","67301","0","","1.0","","1","N","N","N","0","","0","0","1","0","0","","2050","2","0","0","0","0","0","0","2","0","2","0","0","0","3","","","N","","","","","","","","","",""
"2020106629","2125","3","0","0","0","0","0","0","0","0","6","0","","67","12","2020","3","39.930105","-75.146389","2120","6","0","0","0","0","0","0","0","0","","0","0","0","21","3","0","","1","0","39 55:48.378","","0","75 08:47.000","9","0","0","0","67301","0","0","0","N","0","0","0","2","67301","0","","1.0","","1","N","N","Y","0","","0","0","1","3","3","","2115","4","0","0","0","0","0","2","2","0","4","0","0","0","3","03","","N","","","","","","","","","",""
"2020101356","1935","2","0","0","0","0","0","0","0","0","1","0","","67","11","2020","3","40.091994","-75.032091","1930","6","0","1","0","0","0","1","0","0","","0","0","0","19","4","1","N","0","0","40 05:31.178","","0","75 01:55.528","3","0","0","0","67301","0","0","0","N","0","0","0","4","67301","0","","1.0","","1","N","N","N","0","","1","0","2","0","0","","1929","4","1","4","0","0","0","0","2","0","4","0","0","0","3","03","","N","","","","","","","","","",""
"2020112332","320","2","0","0","0","0","0","0","0","0","5","0","","67","12","2020","7","40.0275","-75.123083","0315","6","0","0","0","0","0","0","0","0","","0","0","0","2","3","1","N","0","0","40 01:39.000","","0","75 07:23.100","3","0","0","0","67301","0","0","0","N","0","0","0","1","67301","0","","6.0","","1","N","N","N","0","","1","0","2","0","0","","255","5","1","0","0","0","0","0","2","1","5","0","0","0","3","03","","N","","","","","","","","","",""
"2020106817","1908","1","0","0","0","0","0","0","0","0","4","0","","67","12","2020","4","40.034904","-75.184358","1906","6","0","0","0","0","0","1","0","0","","0","0","0","18","3","1","","1","1","40 02:05.655","3","0","75 11:03.688","3","0","0","0","67301","0","0","0","N","0","0","0","2","67301","0","","1.0","1935.0","9","N","N","N","0","","1","0","1","3","2","N","1850","2","1","0","0","0","0","0","2","0","2","0","0","0","3","98","","N","","","","","","","","","",""
"2020084331","2045","0","0","0","0","0","0","0","0","0","4","1","","67","10","2020","6","39.947344","-75.233636","2043","6","0","0","0","0","0","0","0","0","","0","1","0","20","6","1","","1","0","39 56:50.437","","0","75 14:01.088","3","0","0","0","67301","0","0","0","N","0","0","0","2","67301","0","","1.0","","1","N","N","N","0","","1","0","1","3","2","","2021","2","1","0","0","0","0","0","2","0","2","0","0","0","3","03","","N","","","","","","","","","",""
"2020083453","1143","2","0","0","0","0","0","0","0","0","4","0","","67","10","2020","4","40.065916","-75.159296","1142","6","0","0","0","0","0","1","0","0","","0","0","0","11","1","3","","1","2","40 03:57.297","7","0","75 09:33.465","3","0","0","0","67301","0","0","0","N","0","0","0","3","67301","0","","1.0","200.0","1","N","Y","N","0","","3","0","0","3","2","Y","1141","2","3","1","0","0","0","0","2","0","2","0","0","0","3","03","","N","","","","","","","","","",""
"2020108752","1643","1","0","0","0","0","0","0","0","0","4","0","","67","12","2020","4","39.953609","-75.198625","1643","6","0","0","0","0","0","0","0","0","","0","0","0","16","3","0","","1","0","39 57:12.991","","0","75 11:55.051","0","0","0","0","67301","0","0","0","N","0","0","0","4","67504","0","","1.0","","7","N","N","N","1","","0","0","0","1","2","N","1643","2","0","0","0","0","0","0","2","0","2","0","0","0","2","02","","N","","","","","","","","","",""
"2020094289","1830","0","0","0","0","0","0","0","0","0","7","0","","67","11","2020","5","40.114813","-75.021692","1830","6","0","0","0","0","0","0","1","0","","0","0","0","18","3","1","","2","2","40 06:53.325","5","0","75 01:18.090","3","0","0","0","67301","0","0","0","N","0","0","0","1","67301","0","","5.0","2359.0","1","N","N","N","0","","1","0","1","9","3","Y","1830","1","1","0","0","0","0","0","2","0","1","0","0","0","3","98","","N","","","","","","","","","",""
"2020095628","1215","3","0","0","0","0","0","0","0","0","4","0","","67","6","2020","3","39.953181","-75.248742","1214","6","0","0","0","0","0","0","0","0","","0","0","0","12","1","1","","2","0","39 57:11.451","","0","75 14:55.471","3","0","0","0","67301","0","0","0","N","0","0","0","1","67301","0","","1.0","","1","N","N","Y","0","","1","0","2","3","2","","1213","5","1","1","0","0","0","0","2","0","5","0","0","0","3","","","N","","","","","","","","","",""
"2020104690","1218","1","0","0","0","0","0","0","0","0","1","0","","67","11","2020","2","39.944059","-75.16876","1217","6","0","0","0","0","0","1","0","0","","0","0","0","12","1","3","","1","0","39 56:38.612","","0","75 10:07.536","4","0","0","0","67301","0","0","0","N","0","0","0","4","67301","3","","1.0","","9","N","N","N","0","","0","0","1","3","2","","1206","4","3","0","0","0","0","0","2","1","3","0","0","0","7","07","","N","","","","","","","","","",""
"2020100085","1320","3","0","0","0","0","0","0","0","0","1","0","","67","11","2020","5","40.050773","-75.148714","1316","6","0","0","0","0","0","3","0","0","","0","0","0","13","1","1","","1","1","40 03:02.783","1","0","75 08:55.370","4","0","0","0","67301","0","0","0","N","0","0","0","4","67301","1","","1.0","1400.0","1","N","N","N","0","","0","0","0","3","2","N","1310","3","1","0","0","0","0","0","2","0","3","0","0","0","3","","","N","","","","","","","","","",""
"2020098477","1419","1","0","0","0","0","0","0","0","0","5","0","35","67","11","2020","3","40.003375","-75.1945","1419","6","0","0","0","0","0","0","0","0","","0","0","0","14","1","0","N","7","0","40 00:12.150","","2","75 11:40.199","0","0","0","0","67301","0","0","0","N","0","0","0","3","67501","0","","1.0","","1","N","N","N","0","","0","0","1","0","0","","1419","2","0","0","0","0","0","0","2","0","2","0","0","0","3","03","Y","Y","4","1","","","N","","","","Y","N"
"2020094480","1755","1","0","0","1","0","0","0","0","0","8","0","","67","11","2020","6","40.038056","-75.139444","1755","6","0","0","0","0","0","0","0","0","","0","0","0","16","4","1","N","0","0","40 02:17.000","","0","75 08:22.000","3","0","0","0","67301","1","0","0","N","0","0","0","2","67301","0","","1.0","","1","N","N","N","0","","1","0","0","0","0","","1630","2","1","0","0","0","0","1","2","0","1","1","0","0","3","03","","N","","","","","","","","","",""
"2020096283","1847","1","0","0","0","0","0","0","0","0","8","0","","67","11","2020","4","39.955313","-75.187111","1845","6","0","0","0","0","0","0","0","0","","0","0","0","18","3","1","","1","0","39 57:19.125","","0","75 11:13.598","4","0","0","0","67301","1","0","0","N","1","0","0","2","67507","1","","1.0","","8","N","N","N","0","","0","0","0","3","2","","1840","2","1","0","0","0","0","0","2","0","1","1","0","0","7","","","N","","","","","","","","","",""
"2020079561","1303","1","0","0","0","0","0","0","0","0","7","0","","67","9","2020","7","39.945658","-75.235154","1301","6","0","0","0","0","0","0","0","0","","0","0","0","12","1","0","","11","0","39 56:44.368","","0","75 14:06.554","0","0","0","0","67301","0","0","0","N","0","0","0","1","67301","0","","4.0","","9","N","N","Y","0","","0","0","0","0","0","","1250","1","0","0","0","0","0","0","2","0","1","0","0","0","7","04","","N","","","","","","","","","",""
"2020077695","1250","2","0","0","0","0","0","0","0","0","4","0","","67","9","2020","1","39.937941","-75.23111","1235","6","0","0","0","0","0","1","0","0","","0","0","0","12","1","1","","1","0","39 56:16.587","","0","75 13:51.996","8","0","0","0","67301","0","0","0","N","0","0","0","4","67301","0","","1.0","","1","N","N","N","0","","0","0","1","3","2","","1230","3","1","4","0","0","1","0","2","0","3","0","0","0","3","03","","N","","","","","","","","","",""
"2020093758","445","0","0","0","0","0","0","0","0","0","7","0","","67","11","2020","5","39.975418","-75.143839","0446","6","0","0","0","0","0","0","0","0","","0","0","0","4","3","0","","1","0","39 58:31.504","","0","75 08:37.820","0","0","0","0","67301","0","0","0","N","0","0","0","1","67301","0","","4.0","","1","N","N","N","0","","0","0","1","3","3","","445","1","0","0","0","0","0","0","2","0","1","0","0","0","3","03","","N","","","","","","","","","",""
"2020095771","1650","1","0","0","0","0","0","0","0","0","4","0","","67","11","2020","2","40.002756","-75.223094","1650","6","0","0","0","0","0","1","0","0","","0","0","0","15","1","1","N","0","0","40 00:09.923","","7","75 13:23.140","3","0","0","0","67301","0","0","0","N","0","0","0","2","67301","0","","1.0","","1","N","N","N","0","","1","0","0","0","0","","1505","2","1","0","0","0","0","0","2","0","2","0","0","0","3","","","N","","","","","","","","","",""
"2020101475","1154","0","0","1","0","0","0","0","0","0","7","0","","67","11","2020","4","39.998197","-75.1586","1152","6","0","0","0","0","0","0","0","0","","0","0","0","11","1","2","N","0","2","39 59:53.510","5","0","75 09:30.960","2","0","0","0","67301","0","0","0","N","0","0","0","2","67301","0","","4.0","300.0","1","N","N","N","0","","0","2","1","0","0","Y","1150","1","2","0","0","0","0","0","2","0","1","0","0","0","3","03","","N","","","","","","","","","",""
"2020078097","47","0","0","0","0","0","0","0","0","0","7","0","","67","9","2020","4","39.955534","-75.148168","0047","6","0","0","0","0","0","0","0","0","","0","0","0","0","3","3","N","0","1","39 57:19.921","4","2","75 08:53.406","2","0","0","0","67301","0","0","0","N","0","0","0","3","67501","0","","4.0","346.0","1","N","N","N","0","","1","2","1","3","8","N","47","1","3","3","0","2","0","0","2","0","1","0","0","0","3","","","N","","","","","","","","","",""
"2020113253","1506","0","0","0","0","0","0","0","0","0","1","0","45","67","12","2020","6","39.982354","-75.10051","1506","6","0","0","0","0","0","1","0","0","","0","0","0","14","1","1","N","0","0","39 58:56.476","","0","75 06:01.835","8","0","0","0","67301","0","0","0","N","0","0","0","3","68K01","0","","1.0","","1","N","N","N","0","","0","0","2","0","0","","1448","2","1","0","0","0","1","0","2","0","2","0","0","0","3","","N","Y","4","1","","","N","Y","","","Y","N"
"2020097744","1452","2","0","0","0","0","0","0","0","0","1","0","45","67","11","2020","6","39.969759","-75.125731","1436","6","0","0","0","0","0","1","0","0","","0","0","0","14","1","0","N","0","1","39 58:11.131","1","0","75 07:32.633","0","0","0","0","67301","0","0","0","N","0","0","0","4","68K01","0","","1.0","1500.0","1","N","N","N","0","","0","0","1","0","0","N","1433","3","0","0","0","0","0","0","2","0","3","0","0","0","3","","N","Y","4","1","","","N","","","","Y","N"
"2020094295","2117","0","0","0","0","0","0","0","0","0","7","0","","67","11","2020","5","39.971446","-75.159371","2117","6","0","0","0","0","0","0","0","0","","0","0","0","21","3","1","","1","0","39 58:17.205","","0","75 09:33.736","3","0","0","0","67301","0","0","0","N","0","0","0","1","67301","0","","5.0","","1","N","N","N","0","","1","0","0","3","2","","2117","1","1","0","0","0","0","0","2","1","1","0","0","0","3","03","","N","","","","","","","","","",""
"2020069260","1550","0","0","0","0","0","0","0","0","0","7","0","","67","8","2020","2","39.957694","-75.164206","1540","6","0","0","0","0","0","0","0","0","","0","0","0","13","1","1","","2","0","39 57:27.700","","2","75 09:51.140","8","0","0","0","67301","0","0","0","N","0","0","0","1","67301","0","","4.0","","1","N","N","N","0","","0","0","1","3","2","","1350","1","1","0","0","0","1","0","2","0","1","0","0","0","3","03","","N","","","","","","","","","",""
"2020076650","755","1","0","0","0","0","0","0","0","0","8","0","","67","9","2020","1","40.005384","-75.10906","0755","6","0","0","0","0","0","0","0","0","","0","0","0","7","1","1","N","0","0","40 00:19.384","","0","75 06:32.616","8","0","0","0","67301","1","0","0","N","1","0","0","2","67301","0","","1.0","","1","N","N","N","0","","0","0","0","0","0","","749","2","1","0","0","0","1","0","2","0","1","1","0","0","3","03","","N","","","","","","","","","",""
"2020067737","1938","1","0","0","0","0","0","0","0","0","4","0","","67","8","2020","5","39.974566","-75.183467","1837","6","0","0","0","0","0","1","0","0","","0","0","0","18","1","0","","1","0","39 58:28.437","","0","75 11:00.481","0","0","0","0","67301","0","0","0","N","0","0","0","1","67301","0","","1.0","","1","N","N","N","0","","0","0","1","3","2","","1830","2","0","0","0","0","0","0","2","0","2","0","0","0","3","03","","N","","","","","","","","","",""
"2020068540","1620","1","0","0","0","0","0","0","0","0","4","0","","67","8","2020","2","40.072892","-75.075887","1615","6","0","0","0","1","0","2","0","0","","0","0","0","16","1","3","","1","1","40 04:22.410","1","0","75 04:33.193","3","0","0","0","67301","0","0","0","N","0","0","0","4","67301","0","","1.0","1645.0","1","N","N","N","0","","3","0","2","3","2","N","1614","3","3","0","0","0","0","0","2","0","3","0","0","0","3","03","","N","","","","","","","","","",""
"2020079137","1255","2","0","0","0","0","0","0","0","0","1","0","","67","9","2020","2","39.959543","-75.176176","1244","6","0","0","0","0","0","1","0","0","","0","0","0","12","1","1","N","0","1","39 57:34.356","3","0","75 10:34.232","3","0","0","0","67301","0","0","0","N","0","0","0","2","68K01","0","","1.0","1256.0","1","N","N","N","0","","1","0","0","0","0","N","1234","2","1","0","0","0","0","0","2","0","2","0","0","0","3","03","","N","","","","","","","","","",""
"2020079686","614","1","0","0","0","0","0","0","0","0","4","0","","67","9","2020","4","39.973237","-75.212226","0614","6","0","0","0","0","1","0","0","0","","0","0","0","6","5","1","","1","1","39 58:23.653","6","0","75 12:44.012","3","0","0","0","67301","0","0","0","N","0","0","0","2","67301","0","","1.0","635.0","1","N","N","Y","0","","1","0","1","3","2","Y","602","2","1","0","0","0","0","1","2","0","2","0","0","0","3","","","N","","","","","","","","","",""
"2020078076","1619","1","0","0","1","0","0","0","0","0","8","0","","67","9","2020","2","39.938801","-75.164359","1618","6","0","0","0","0","0","0","0","0","","0","0","0","16","1","1","","1","0","39 56:19.683","","0","75 09:51.692","3","0","0","0","67301","1","0","0","N","0","0","0","2","67301","0","","1.0","","1","N","N","N","0","","1","0","0","3","3","","1605","2","1","0","0","0","0","1","2","0","1","1","0","0","3","","","N","","","","","","","","","",""
"2020079689","2120","2","0","0","0","0","0","0","0","0","5","0","","67","9","2020","6","39.979939","-75.243608","2110","6","0","0","0","0","0","0","0","0","","0","0","0","21","3","0","N","0","0","39 58:47.780","","0","75 14:36.990","0","0","0","0","67301","0","0","0","N","0","0","0","1","67301","0","","6.0","","1","N","N","N","0","","0","0","0","0","0","","2100","2","0","0","0","0","0","0","2","0","2","0","0","0","3","","","N","","","","","","","","","",""
"2020067308","847","1","0","0","0","0","0","0","0","0","5","0","","67","8","2020","5","40.093642","-74.976033","0840","6","0","0","0","0","0","0","1","0","","0","0","0","8","1","1","N","0","0","40 05:37.110","","0","74 58:33.720","8","0","0","0","67301","0","0","0","N","0","0","0","2","67301","0","","1.0","","1","N","N","N","0","","0","0","1","0","0","","839","2","1","0","0","0","1","0","2","0","2","0","0","0","3","03","","N","","","","","","","","","",""
"2020083254","620","1","0","0","0","0","0","0","0","0","7","0","","67","9","2020","1","39.947746","-75.187427","0615","6","0","0","0","0","0","0","0","0","","0","0","0","6","3","0","N","0","1","39 56:51.884","3","0","75 11:14.738","0","0","0","0","67301","0","0","0","N","0","0","0","2","68K01","0","","2.0","654.0","9","N","N","N","0","","0","0","0","0","0","N","606","2","0","0","0","0","0","0","2","0","1","0","0","0","3","","","N","","","","","","","","","",""
"2020093919","1340","2","0","0","0","0","0","0","0","0","2","0","","67","11","2020","5","40.098322","-75.047111","1334","6","0","0","0","0","0","0","1","0","","0","0","0","13","1","1","","1","0","40 05:53.958","","0","75 02:49.601","8","0","0","0","67301","0","0","0","N","0","0","0","1","67301","0","","1.0","","1","N","N","N","0","","0","0","0","3","2","","1329","2","1","0","0","0","1","0","2","0","2","0","0","0","3","03","","N","","","","","","","","","",""
"2020096598","1755","1","0","0","0","0","0","0","0","0","5","0","","67","11","2020","4","40.045075","-75.077256","1748","6","0","0","0","0","0","0","0","0","","0","0","0","17","3","0","N","0","2","40 02:42.270","6","0","75 04:38.120","0","0","0","0","67301","0","0","0","N","0","0","0","1","67301","0","","6.0","1930.0","9","N","N","N","1","","0","0","0","0","0","Y","1704","2","0","0","0","0","0","0","2","0","2","0","0","0","7","","","N","","","","","","","","","",""
"2020099932","1540","1","0","0","0","0","0","0","0","0","2","0","","67","11","2020","3","40.029408","-75.06285","1539","6","0","0","0","0","0","1","0","0","","0","0","0","15","1","1","","5","0","40 01:45.870","","0","75 03:46.259","3","0","0","0","67301","0","0","0","N","0","0","0","2","67301","0","","1.0","","1","N","N","Y","0","","1","0","1","3","2","","1508","2","1","2","0","0","0","0","2","0","2","0","0","0","3","03","","N","","","","","","","","","",""
"2020101362","2300","2","0","0","0","0","0","0","0","0","2","0","","67","11","2020","7","39.972204","-75.159358","2300","6","0","1","0","0","0","0","0","0","","0","0","0","22","3","2","N","0","2","39 58:19.935","5","0","75 09:33.688","3","0","0","0","67301","0","0","0","N","0","0","0","3","67301","0","","1.0","45.0","1","N","N","N","0","","2","0","0","0","0","Y","2222","2","2","0","0","0","0","0","2","0","2","0","0","0","3","03","","N","","","","","","","","","",""
"2020097683","1855","1","0","0","0","0","0","0","0","0","4","0","","67","11","2020","7","39.954615","-75.149531","1849","6","0","0","0","0","0","1","0","1","","0","0","0","18","3","2","","5","0","39 57:16.613","","2","75 08:58.311","4","0","0","0","67301","0","0","0","N","0","0","0","3","67301","2","","1.0","","1","N","N","N","0","","0","0","1","3","2","","1846","2","2","0","0","0","0","0","2","0","2","0","0","0","3","03","","N","","","","","","","","","",""
"2020078188","942","2","0","0","0","0","0","0","0","0","5","0","","67","9","2020","3","39.953567","-75.236464","0941","6","0","0","0","0","0","0","0","0","","0","0","0","9","1","3","N","0","2","39 57:12.840","5","0","75 14:11.270","8","0","0","0","67301","0","0","0","N","0","0","0","3","67301","0","","1.0","1045.0","1","N","N","Y","0","","0","0","2","0","0","Y","940","4","3","0","0","0","3","0","2","0","4","0","0","0","3","","","N","","","","","","","","","",""
"2020067833","950","1","0","0","0","0","0","0","0","0","4","0","","67","8","2020","7","40.02299","-75.219299","0945","6","0","0","0","0","0","0","0","0","","0","0","0","9","1","0","","2","0","40 01:22.764","","0","75 13:09.476","0","0","0","0","67301","0","0","0","N","0","0","0","2","67301","0","","1.0","","1","N","N","N","0","","0","0","1","3","3","","940","2","0","0","0","0","0","0","2","0","2","0","0","0","3","03","","N","","","","","","","","","",""
"2020073160","1350","1","0","0","0","0","0","0","0","0","8","0","","67","9","2020","2","39.930288","-75.227638","1345","6","0","0","0","0","0","0","0","0","","0","0","0","13","1","1","N","0","0","39 55:49.036","","0","75 13:39.496","3","0","0","0","67301","1","0","0","N","1","0","0","2","67301","0","","2.0","","1","N","N","N","0","","1","0","0","3","2","","1340","2","1","0","0","0","0","0","2","0","1","1","0","0","3","","","N","","","","","","","","","",""
"2020076458","41","0","0","0","0","0","0","0","0","0","1","0","","67","9","2020","6","39.984194","-75.152838","0033","6","0","0","0","0","0","1","0","0","","0","0","0","0","3","1","","1","0","39 59:03.100","","0","75 09:10.215","4","0","0","0","67301","0","0","0","N","0","0","0","3","67505","1","","1.0","","1","N","N","N","0","","0","0","2","3","2","","31","2","1","0","0","0","0","0","2","0","2","0","0","0","3","03","","N","","","","","","","","","",""
"2020067638","1615","1","0","0","0","0","0","0","0","0","6","0","","67","8","2020","6","39.920076","-75.170552","1606","6","0","0","0","0","0","1","0","0","","0","0","0","16","1","1","N","0","0","39 55:12.272","","0","75 10:13.986","3","0","0","0","67301","0","0","0","N","0","0","0","1","67301","0","","3.0","","1","N","N","N","0","","1","0","1","0","0","","1605","2","1","0","0","0","0","0","2","0","2","0","0","0","3","03","","N","","","","","","","","","",""