"CRN","ARRIVAL_TM","AUTOMOBILE_COUNT","BELTED_DEATH_COUNT","BELTED_SUSP_SERIOUS_INJ_COUNT","BICYCLE_COUNT","BICYCLE_DEATH_COUNT","BICYCLE_SUSP_SERIOUS_INJ_COUNT","BUS_COUNT","CHLDPAS_DEATH_COUNT","CHLDPAS_SUSP_SERIOUS_INJ_COUNT","COLLISION_TYPE","COMM_VEH_COUNT","CONS_ZONE_SPD_LIM","COUNTY","CRASH_MONTH","CRASH_YEAR","DAY_OF_WEEK","DEC_LATITUDE","DEC_LONGITUDE","DISPATCH_TM","DISTRICT","DRIVER_COUNT_16YR","DRIVER_COUNT_17YR","DRIVER_COUNT_18YR","DRIVER_COUNT_19YR","DRIVER_COUNT_20YR","DRIVER_COUNT_50_64YR","DRIVER_COUNT_65_74YR","DRIVER_COUNT_75PLUS","EST_HRS_CLOSED","FATAL_COUNT","HEAVY_TRUCK_COUNT","HORSE_BUGGY_COUNT","HOUR_OF_DAY","ILLUMINATION","INJURY_COUNT","INTERSECTION_RELATED","INTERSECT_TYPE","LANE_CLOSED","LATITUDE","LN_CLOSE_DIR","LOCATION_TYPE","LONGITUDE","MAX_SEVERITY_LEVEL","MCYCLE_DEATH_COUNT","MCYCLE_SUSP_SERIOUS_INJ_COUNT","MOTORCYCLE_COUNT","MUNICIPALITY","NONMOTR_COUNT","NONMOTR_DEATH_COUNT","NONMOTR_SUSP_SERIOUS_INJ_COUNT","NTFY_HIWY_MAINT","PED_COUNT","PED_DEATH_COUNT","PED_SUSP_SERIOUS_INJ_COUNT","PERSON_COUNT","POLICE_AGCY","POSSIBLE_INJ_COUNT","RDWY_SURF_TYPE_CD","RELATION_TO_ROAD","ROADWAY_CLEARED","ROAD_CONDITION","SCH_BUS_IND","SCH_ZONE_IND","SECONDARY_CRASH","SMALL_TRUCK_COUNT","SPEC_JURIS_CD","SUSP_MINOR_INJ_COUNT","SUSP_SERIOUS_INJ_COUNT","SUV_COUNT","TCD_FUNC_CD","TCD_TYPE","TFC_DETOUR_IND","TIME_OF_DAY","TOTAL_UNITS","TOT_INJ_COUNT","UNBELTED_OCC_COUNT","UNB_DEATH_COUNT","UNB_SUSP_SERIOUS_INJ_COUNT","UNK_INJ_DEG_COUNT","UNK_INJ_PER_COUNT","URBAN_RURAL","VAN_COUNT","VEHICLE_COUNT","VULNERABLE_ROAD_USER_COUNT","VULNERABLE_ROAD_USER_DEATH_COUNT","VULNERABLE_ROAD_USER_SER_INJ_COUNT","WEATHER1","WEATHER2","WORKERS_PRES","WORK_ZONE_IND","WORK_ZONE_LOC","WORK_ZONE_TYPE","WZ_CLOSE_DETOUR","WZ_FLAGGER","WZ_LAW_OFFCR_IND","WZ_LN_CLOSURE","WZ_MOVING","WZ_OTHER","WZ_SHLDER_MDN","WZ_WORKERS_INJ_KILLED"
"2020077522","1655","1","0","0","0","0","0","0","0","0","4","0","","67","9","2020","1","40.033998","-75.074369","1649","6","0","0","0","0","0","0","1","0","","0","0","0","16","1","1","","1","2","40 02:02.392","1","0","75 04:27.730","3","0","0","0","67301","0","0","0","N","0","0","0","4","67301","0","","1.0","1915.0","1","N","N","N","0","","1","0","0","3","2","N","1640","2","1","0","0","0","0","0","2","1","2","0","0","0","3","03","","N","","","","","","","","","",""
"2020090758","933","1","0","0","0","0","0","0","0","0","1","0","","67","10","2020","5","39.967919","-75.131116","0933","6","0","0","0","0","0","1","0","0","","0","0","0","9","1","0","N","0","1","39 58:04.507","2","0","75 07:52.019","0","0","0","0","67301","0","0","0","N","0","0","0","3","68K01","0","","1.0","100.0","1","N","N","N","0","","0","0","1","0","0","N","903","2","0","0","0","0","0","0","2","0","2","0","0","0","3","","","N","","","","","","","","","",""
"2020077118","835","0","0","0","1","0","0","0","0","0","8","0","","67","9","2020","7","40.043336","-75.167025","0830","6","0","0","0","0","0","0","0","0","","0","0","0","8","1","1","N","0","0","40 02:36.010","","0","75 10:01.290","4","0","0","0","67301","1","0","0","N","0","0","0","2","67301","1","","1.0","","1","N","N","N","0","","0","0","1","0","0","","824","3","1","0","0","0","0","1","2","0","2","1","0","0","3","03","","N","","","","","","","","","",""
"2020067892","135","0","0","0","0","0","0","0","0","0","4","0","","67","8","2020","5","39.957953","-75.233502","0125","6","0","0","0","0","0","0","0","0","","0","0","0","1","3","0","","1","0","39 57:28.630","","0","75 14:00.608","0","0","0","0","67301","0","0","0","N","0","0","0","2","67301","0","","1.0","","1","N","N","N","0","","0","0","2","3","1","","110","2","0","1","0","0","0","0","2","0","2","0","0","0","3","03","","N","","","","","","","","","",""
"2020055506","1905","1","0","0","0","0","0","0","0","0","4","0","","67","7","2020","2","39.995288","-75.140187","1905","6","0","0","0","0","0","0","0","0","","0","0","0","18","1","0","","1","0","39 59:43.036","","0","75 08:24.673","9","0","0","0","67301","0","0","0","N","0","0","0","2","67301","0","","1.0","","1","N","N","N","0","","0","0","1","3","3","","1817","2","0","1","0","0","0","1","2","0","2","0","0","0","3","03","","N","","","","","","","","","",""
"2020101159","1258","0","0","0","0","0","0","0","0","0","0","0","","67","11","2020","7","39.911328","-75.148469","1253","6","0","0","0","0","0","0","0","0","","0","0","0","12","1","1","N","0","1","39 54:40.779","1","8","75 08:54.489","4","0","0","1","67301","0","0","0","N","0","0","0","1","68K01","1","","2.0","30.0","5","N","N","N","0","","0","0","0","0","0","N","1249","1","1","0","0","0","0","0","2","0","1","0","0","0","3","","","N","","","","","","","","","",""
"2020084164","2146","1","0","0","0","0","0","0","0","0","7","0","","67","10","2020","6","40.016528","-75.202761","2141","6","0","0","0","0","0","1","0","0","","1","0","0","21","3","0","N","0","2","40 00:59.500","6","0","75 12:09.940","1","1","0","1","67301","0","0","0","N","0","0","0","2","67301","0","2","3.0","2258.0","1","N","N","N","0","0","0","0","0","0","0","N","2139","2","0","0","0","0","0","0","2","0","2","0","0","0","3","03","","N","","","","","","","","","",""
"2020050470","1520","1","0","0","0","0","0","0","0","0","4","0","","67","6","2020","1","40.003694","-75.094394","1513","6","0","0","0","0","0","0","0","0","","0","0","0","14","1","2","","1","0","40 00:13.298","","0","75 05:39.820","3","0","0","0","67301","0","0","0","N","0","0","0","3","67301","0","","1.0","","1","N","N","N","1","","2","0","1","3","2","","1448","3","2","0","0","0","0","0","2","0","3","0","0","0","3","03","","N","","","","","","","","","",""
"2020053362","1120","2","0","0","0","0","0","0","0","0","5","0","","67","7","2020","4","39.954371","-75.162793","1120","6","0","0","0","0","0","1","0","0","","0","0","0","11","1","2","N","0","0","39 57:15.734","","0","75 09:46.054","8","0","0","0","67301","0","0","0","N","0","0","0","3","67301","0","","1.0","","1","N","N","N","0","","0","0","0","0","0","","1110","2","2","1","0","0","2","0","2","0","2","0","0","0","3","","","N","","","","","","","","","",""
"2020111410","253","0","0","0","0","0","0","0","0","0","1","0","","67","12","2020","2","40.060293","-75.009408","0248","6","0","0","0","0","0","0","0","0","","0","0","0","1","3","0","N","0","0","40 03:37.054","","0","75 00:33.870","0","0","0","0","67301","0","0","0","N","0","0","0","2","67301","0","","6.0","","7","N","N","N","0","","0","0","1","0","0","","130","2","0","0","0","0","0","0","2","1","2","0","0","0","10","","","N","","","","","","","","","",""
"2020111292","2150","1","0","0","0","0","0","1","0","0","2","1","","67","12","2020","6","39.978675","-75.157803","2140","6","0","0","0","0","0","1","0","0","","0","0","0","21","3","1","","1","0","39 58:43.230","","0","75 09:28.092","4","0","0","0","67301","0","0","0","N","0","0","0","3","67508","1","","1.0","","1","Y","N","Y","0","","0","0","0","3","2","","2140","2","1","0","0","0","0","1","2","0","2","0","0","0","3","03","","N","","","","","","","","","",""
"2020102591","1009","1","0","0","0","0","0","0","0","0","4","0","","67","11","2020","1","40.03098","-75.124369","0944","6","0","0","0","0","0","0","0","0","","0","0","0","8","1","1","","1","0","40 01:51.528","","0","75 07:27.728","3","0","0","0","67301","0","0","0","N","0","0","0","2","67301","0","","1.0","","1","N","N","N","0","","1","0","1","3","2","","820","2","1","0","0","0","0","0","2","0","2","0","0","0","3","","","N","","","","","","","","","",""
"2020104880","1035","1","0","0","0","0","0","0","0","0","4","0","","67","12","2020","7","39.968939","-75.159927","1026","6","0","0","0","0","0","1","0","0","","0","0","0","10","1","1","","1","0","39 58:08.181","","0","75 09:35.736","3","0","0","0","67301","0","0","0","N","0","0","0","3","67301","0","","1.0","","9","N","N","N","0","","1","0","0","3","2","","1020","2","1","0","0","0","0","0","2","1","2","0","0","0","3","03","","N","","","","","","","","","",""
"2020102509","1945","1","0","0","0","0","0","0","0","0","7","0","","67","11","2020","7","39.989679","-75.134113","1940","6","0","0","0","0","0","0","0","0","","0","0","0","19","3","0","","1","0","39 59:22.844","","0","75 08:02.806","0","0","0","0","67301","0","0","0","N","0","0","0","1","67301","0","","5.0","","1","N","N","N","0","","0","0","0","3","3","","1937","1","0","0","0","0","0","0","2","0","1","0","0","0","3","03","","N","","","","","","","","","",""
"2020083352","1330","1","0","0","0","0","0","0","0","0","4","0","","67","10","2020","4","40.042154","-75.130621","1330","6","0","0","0","0","0","0","0","0","","0","0","0","1","3","0","","2","0","40 02:31.754","","0","75 07:50.235","0","0","0","0","67301","0","0","0","N","0","0","0","2","67301","0","","1.0","","1","N","N","N","0","","0","0","0","3","3","","115","2","0","0","0","0","0","0","2","0","2","0","0","0","3","","","N","","","","","","","","","",""
"2020109082","2139","0","0","0","0","0","0","0","0","0","8","0","","67","12","2020","5","40.053651","-75.141438","2135","6","0","0","0","0","0","0","0","0","","0","0","0","20","3","1","","1","0","40 03:13.142","","0","75 08:29.177","8","0","0","0","67301","1","0","0","N","1","0","0","2","67301","0","","1.0","","1","N","N","N","0","","0","0","0","3","2","","2033","2","1","0","0","0","1","1","2","0","1","1","0","0","3","","","N","","","","","","","","","",""
"2020111646","1420","2","0","0","0","0","0","0","0","0","4","0","","67","12","2020","2","39.911708","-75.172371","1410","6","0","0","0","0","0","1","0","0","","0","0","0","14","1","0","","1","0","39 54:42.148","","0","75 10:20.534","0","0","0","0","67301","0","0","0","N","0","0","0","2","67301","0","","1.0","","1","N","N","N","0","","0","0","0","3","2","","1400","2","0","0","0","0","0","0","2","0","2","0","0","0","3","03","","N","","","","","","","","","",""
"2020096601","1031","1","0","0","0","0","0","0","0","0","4","0","","67","11","2020","7","39.987021","-75.174392","1030","6","0","0","0","0","0","1","0","0","","0","0","0","10","1","3","","1","1","39 59:13.275","7","0","75 10:27.811","8","0","0","0","67301","0","0","0","N","0","0","0","5","67301","0","","1.0","1312.0","1","N","N","N","1","","0","0","1","3","2","N","1029","3","3","0","0","0","3","1","2","0","3","0","0","0","3","","","N","","","","","","","","","",""
"2020101675","1024","0","0","0","0","0","0","0","0","0","7","0","99","67","11","2020","5","39.909028","-75.152","1021","6","0","0","0","0","0","0","0","0","","0","0","0","10","1","0","N","0","0","39 54:32.500","","3","75 09:07.200","0","0","0","0","67301","0","0","0","N","0","0","0","2","67501","0","","3.0","","9","N","N","N","0","","0","0","1","3","8","","1021","1","0","0","0","0","0","0","2","0","1","0","0","0","7","07","U","Y","4","1","","","U","Y","","","","N"
"2020069939","1140","1","0","0","0","0","0","0","0","0","4","0","","67","8","2020","6","39.936383","-75.218989","1137","6","0","0","0","0","0","0","0","0","","0","0","0","9","1","2","","1","1","39 56:10.978","7","0","75 13:08.360","3","0","0","0","67301","0","0","0","N","0","0","0","2","67301","1","","1.0","1305.0","1","N","N","N","0","","1","0","1","3","2","Y","921","2","2","0","0","0","0","0","2","0","2","0","0","0","3","","","N","","","","","","","","","",""
"2020069030","2055","2","0","0","0","0","0","0","0","0","5","0","","67","8","2020","3","40.007742","-75.164139","2050","6","0","0","0","0","0","0","0","0","","0","0","0","20","3","1","N","0","0","40 00:27.870","","0","75 09:50.900","3","0","0","0","67301","0","0","0","N","0","0","0","1","67301","0","","6.0","","1","N","N","N","0","","1","0","0","0","0","","2016","2","1","0","0","0","0","0","2","0","2","0","0","0","3","03","","N","","","","","","","","","",""
"2020108379","1358","1","0","0","0","0","0","0","0","0","2","0","","67","12","2020","6","40.043748","-75.002957","1333","6","0","0","0","0","0","0","0","0","","0","0","0","13","1","1","N","0","1","40 02:37.492","2","0","75 00:10.645","3","0","0","0","67301","0","0","0","N","0","0","0","2","68K01","0","","4.0","1428.0","9","N","N","N","0","","1","0","1","0","0","N","1329","2","1","0","0","0","0","0","2","0","2","0","0","0","7","07","","N","","","","","","","","","",""
"2020106364","2022","0","0","0","0","0","0","0","0","0","7","0","","67","11","2020","2","40.035429","-75.017299","2022","6","0","0","0","0","0","0","0","0","","0","0","0","20","3","0","N","0","0","40 02:07.543","","0","75 01:02.275","0","0","0","0","67301","0","0","0","N","0","0","0","1","68K01","0","","3.0","","9","N","N","N","0","","0","0","1","0","0","","2022","1","0","0","0","0","0","0","2","0","1","0","0","0","4","04","","N","","","","","","","","","",""
"2020097937","1232","1","0","0","0","0","0","0","0","0","4","0","","67","11","2020","2","39.974608","-75.15977","1227","6","0","0","0","0","0","0","0","0","","0","0","0","12","1","2","","1","0","39 58:28.588","","0","75 09:35.171","3","0","0","0","67301","0","0","0","N","0","0","0","6","67505","0","","1.0","","1","N","N","N","0","","2","0","1","3","3","","1225","2","2","0","0","0","0","2","2","0","2","0","0","0","3","03","","N","","","","","","","","","",""
"2020097508","1226","2","0","0","0","0","0","0","0","0","2","0","","67","11","2020","6","39.95701","-75.247934","2125","6","0","0","0","0","0","0","0","0","","0","0","0","21","3","0","N","0","1","39 57:25.235","1","0","75 14:52.561","0","0","0","0","67301","0","0","0","N","0","0","0","1","67301","0","","6.0","2220.0","1","N","N","N","1","","0","0","0","0","0","N","2125","3","0","1","0","0","0","0","2","0","3","0","0","0","3","03","","N","","","","","","","","","",""
"2020095772","1931","1","0","0","0","0","0","0","0","0","4","0","","67","11","2020","2","39.976336","-75.119753","1931","6","0","0","0","0","0","0","0","1","","0","0","0","18","3","1","","1","0","39 58:34.809","","0","75 07:11.109","3","0","0","0","67301","0","0","0","N","0","0","0","2","67301","0","","1.0","","1","N","N","N","0","","1","0","1","3","2","","1850","2","1","0","0","0","0","0","2","0","2","0","0","0","3","","","N","","","","","","","","","",""
"2020097736","1135","0","0","0","0","0","0","0","0","0","7","0","25","67","11","2020","5","39.911128","-75.151735","1129","6","0","0","0","0","0","1","0","0","","0","0","0","11","1","0","","3","1","39 54:40.059","3","2","75 09:06.246","0","0","0","0","67301","0","0","0","N","0","0","0","1","68K01","0","","4.0","100.0","1","N","N","N","0","","0","0","1","0","0","N","1119","1","0","0","0","0","0","0","2","0","1","0","0","0","3","","N","Y","2","1","","","N","Y","","","","N"
"2020100360","1916","2","0","0","0","0","0","0","0","0","4","0","","67","11","2020","1","40.043155","-75.16721","1915","6","0","0","0","0","0","1","0","0","","0","0","0","18","3","1","","1","0","40 02:35.358","","0","75 10:01.956","3","0","0","0","67301","0","0","0","N","0","0","0","2","67301","0","","1.0","","1","N","N","N","0","","1","0","0","9","1","","1840","2","1","1","0","0","0","0","2","0","2","0","0","0","3","03","","N","","","","","","","","","",""
"2020099341","1718","1","0","0","0","0","0","0","0","0","7","0","","67","11","2020","4","39.943783","-75.245939","1714","6","0","0","0","0","0","0","0","0","","0","0","0","17","3","1","N","0","0","39 56:37.620","","99","75 14:45.381","4","0","0","0","67301","0","0","0","N","0","0","0","2","67301","1","","2.0","","1","N","N","N","0","","0","0","0","0","0","","1700","1","1","0","0","0","0","0","2","0","1","0","0","0","3","","","N","","","","","","","","","",""
"2020071352","828","1","0","0","0","0","0","0","0","0","4","0","","67","8","2020","3","39.966978","-75.160344","0828","6","0","0","0","0","0","0","0","0","","0","0","0","8","1","0","","1","0","39 58:01.122","","0","75 09:37.238","0","0","0","0","67301","0","0","0","N","0","0","0","2","67301","0","","1.0","","1","N","N","N","0","","0","0","1","3","2","","825","2","0","0","0","0","0","0","2","0","2","0","0","0","3","03","","N","","","","","","","","","",""
"2020076881","1839","0","0","0","0","0","0","0","0","0","5","0","","67","9","2020","6","39.995294","-75.185589","1831","6","0","0","0","0","0","0","1","0","","0","0","0","18","1","0","N","0","0","39 59:43.060","","0","75 11:08.120","0","0","0","0","67301","0","0","0","N","0","0","0","2","67301","0","","6.0","","1","N","N","N","0","","0","0","2","0","0","","1800","2","0","0","0","0","0","0","2","0","2","0","0","0","3","03","","N","","","","","","","","","",""
"2020073374","1923","1","0","0","0","0","0","0","0","0","6","0","","67","9","2020","2","39.939594","-75.225708","1916","6","0","0","0","1","0","0","0","0","","0","0","0","19","4","0","N","0","0","39 56:22.540","","0","75 13:32.550","0","0","0","0","67301","0","0","0","N","0","0","0","2","67301","0","","6.0","","1","N","N","N","0","","0","0","1","0","0","","1908","2","0","1","0","0","0","0","2","0","2","0","0","0","3","03","","N","","","","","","","","","",""
"2020068236","2215","0","0","0","0","0","0","0","0","0","6","0","","67","8","2020","6","40.046725","-74.995725","2206","6","0","0","0","0","0","1","0","0","","0","0","0","21","3","2","N","0","2","40 02:48.210","6","0","74 59:44.610","3","0","0","0","67301","0","0","0","N","0","0","0","2","67301","0","","1.0","2300.0","1","N","N","N","1","","2","0","1","0","0","Y","2146","2","2","0","0","0","0","0","2","0","2","0","0","0","3","03","","N","","","","","","","","","",""
"2020067665","53","1","0","0","0","0","0","0","0","0","4","0","","67","8","2020","7","40.02773","-75.10997","0048","6","0","0","1","0","0","0","0","0","","0","0","0","0","3","1","","1","0","40 01:39.827","","0","75 06:35.893","3","0","0","1","67301","0","0","0","N","0","0","0","2","67301","0","","1.0","","1","N","N","N","0","","1","0","0","3","2","","44","2","1","0","0","0","0","0","2","0","2","0","0","0","3","","","N","","","","","","","","","",""
"2020101824","1645","2","0","0","0","0","0","0","0","0","4","0","","67","11","2020","4","39.981952","-75.239038","1639","6","0","0","0","0","0","0","0","0","","0","0","0","16","1","1","","1","0","39 58:55.028","","0","75 14:20.537","8","0","0","0","67301","0","0","0","N","0","0","0","4","67301","0","","1.0","","1","N","N","N","0","","0","0","1","3","2","","1638","3","1","0","0","0","1","0","2","0","3","0","0","0","3","03","","N","","","","","","","","","",""
"2020079644","1605","2","0","0","0","0","0","0","0","0","1","0","","67","9","2020","6","39.969397","-75.184967","1557","6","0","0","0","0","0","0","0","0","","0","0","0","15","1","1","","1","0","39 58:09.830","","0","75 11:05.880","3","0","0","0","67301","0","0","0","N","0","0","0","3","67301","0","","1.0","","1","N","N","N","0","","1","0","0","9","2","","1536","2","1","1","0","0","0","0","2","0","2","0","0","0","3","03","","N","","","","","","","","","",""
"2020069950","1630","1","0","0","0","0","0","0","0","0","5","0","","67","8","2020","3","39.920131","-75.213117","1622","6","0","0","0","0","0","0","0","0","","0","0","0","16","1","1","N","0","0","39 55:12.470","","0","75 12:47.220","3","0","0","1","67301","0","0","0","N","0","0","0","2","67301","0","","1.0","","1","N","N","N","0","","1","0","0","0","0","","1615","2","1","0","0","0","0","0","2","0","2","0","0","0","3","03","","N","","","","","","","","","",""
"2020083635","708","1","0","0","0","0","0","0","0","0","7","0","","67","9","2020","7","40.033767","-75.020178","0653","6","0","0","0","0","0","0","0","0","","0","0","0","6","1","0","N","0","0","40 02:01.560","","0","75 01:12.641","0","0","0","0","67301","0","0","0","N","0","0","0","1","68K01","0","","3.0","","9","N","N","N","0","","0","0","0","0","0","","641","1","0","0","0","0","0","0","2","0","1","0","0","0","6","","","N","","","","","","","","","",""
"2020097132","750","0","0","0","0","0","0","0","0","0","6","0","","67","11","2020","4","40.059538","-75.165456","0748","6","0","0","0","0","0","0","0","0","","0","0","0","7","3","0","","1","0","40 03:34.337","","0","75 09:55.640","0","0","0","0","67301","0","0","0","N","0","0","0","2","67301","0","","1.0","","9","N","N","N","0","","0","0","2","0","0","","744","2","0","1","0","0","0","0","2","0","2","0","0","0","7","07","","N","","","","","","","","","",""
"2020097805","1717","1","0","0","0","0","0","0","0","0","8","0","","67","11","2020","5","39.992371","-75.142024","1715","6","0","0","0","0","0","0","0","0","","0","0","0","15","1","1","N","0","0","39 59:32.537","","0","75 08:31.286","3","0","0","0","67301","1","0","0","N","1","0","0","2","67301","0","","1.0","","9","N","N","N","0","","1","0","0","3","2","","1553","2","1","0","0","0","0","0","2","0","1","1","0","0","7","04","","N","","","","","","","","","",""
"2020101152","1550","3","0","0","0","0","0","0","0","0","1","0","","67","11","2020","6","40.032678","-75.021014","1525","6","0","0","0","0","0","0","0","0","","0","0","0","15","1","1","N","0","1","40 01:57.642","2","0","75 01:15.649","3","0","0","0","67301","0","0","0","N","0","0","0","3","68K01","0","","1.0","1722.0","1","N","N","N","0","","1","0","0","0","0","N","1516","3","1","0","0","0","0","0","2","0","3","0","0","0","3","","","N","","","","","","","","","",""
"2020102218","1733","1","0","0","0","0","0","0","0","0","6","0","","67","11","2020","6","39.934576","-75.167409","1733","6","0","0","0","0","0","0","0","0","","0","0","0","14","1","3","N","0","0","39 56:04.474","","0","75 10:02.674","3","0","0","0","67301","0","0","0","N","0","0","0","3","67301","0","","1.0","","1","N","N","N","0","","3","0","0","0","0","","1408","2","3","0","0","0","0","0","2","1","2","0","0","0","3","03","","N","","","","","","","","","",""
"2020093429","1458","0","0","0","0","0","0","0","0","0","2","0","","67","11","2020","3","40.063797","-75.072314","1500","6","0","0","0","0","0","1","0","0","","0","0","0","14","1","0","N","0","0","40 03:49.670","","0","75 04:20.330","9","0","0","0","67301","0","0","0","N","0","0","0","2","67301","0","","1.0","","1","N","N","N","0","","0","0","2","0","0","","1458","3","0","0","0","0","0","1","2","1","3","0","0","0","3","03","","N","","","","","","","","","",""
"2020101718","805","1","0","0","0","0","0","0","0","0","7","0","","67","11","2020","1","39.901648","-75.152062","0758","6","0","0","0","0","0","0","0","0","","0","0","0","7","1","0","N","0","1","39 54:05.934","2","0","75 09:07.422","0","0","0","0","67301","0","0","0","N","0","0","0","1","68K01","0","","2.0","830.0","1","N","N","N","0","","0","0","0","0","0","N","757","1","0","0","0","0","0","0","2","0","1","0","0","0","4","04","","N","","","","","","","","","",""
"2020068649","1150","0","0","0","0","0","0","0","0","0","0","0","","67","8","2020","5","39.994656","-75.117916","1145","6","0","0","0","0","0","0","0","0","","0","0","0","11","1","1","","3","0","39 59:40.761","","0","75 07:04.497","3","0","0","1","67301","0","0","0","N","0","0","0","2","67301","0","","1.0","","1","N","N","N","0","","1","0","1","0","0","","1130","2","1","0","0","0","0","0","2","0","2","0","0","0","3","03","","N","","","","","","","","","",""
"2020076962","1200","0","0","0","0","0","0","0","0","0","4","0","","67","9","2020","3","39.918225","-75.208762","1151","6","0","0","0","0","0","1","0","0","","0","0","0","17","1","1","","2","0","39 55:05.610","","0","75 12:31.544","3","0","0","0","67301","0","0","0","N","0","0","0","3","67301","0","","1.0","","1","N","N","N","0","","1","0","2","3","2","","1730","2","1","0","0","0","0","1","2","0","2","0","0","0","3","03","","N","","","","","","","","","",""
"2020098743","1206","2","0","0","0","0","0","0","0","0","4","0","","67","11","2020","5","40.049775","-75.011213","1205","6","0","0","0","0","0","0","0","1","","0","0","0","12","1","1","N","0","0","40 02:59.191","","7","75 00:40.366","8","0","0","0","67301","0","0","0","N","0","0","0","3","67301","0","","1.0","","98","N","N","N","0","","0","0","0","0","0","","1202","2","1","0","0","0","1","0","2","0","2","0","0","0","4","","","N","","","","","","","","","",""
"2020095607","222","2","0","0","0","0","0","0","0","0","4","0","","67","11","2020","2","40.00713","-75.094069","0220","6","0","0","0","0","0","0","0","0","","0","0","0","2","3","0","","1","0","40 00:25.667","","1","75 05:38.650","0","0","0","0","67301","0","0","0","N","0","0","0","2","67301","0","","1.0","","1","N","N","N","0","","0","0","0","3","2","","218","2","0","0","0","0","0","0","2","0","2","0","0","0","3","03","","N","","","","","","","","","",""
"2020096600","1825","1","0","0","0","0","0","0","0","0","2","0","","67","11","2020","4","39.986303","-75.15626","1820","6","0","0","0","0","0","2","0","0","","0","0","0","18","3","0","","1","0","39 59:10.689","","0","75 09:22.537","9","0","0","0","67301","0","0","0","N","0","0","0","2","67301","0","","1.0","","1","N","N","N","0","","0","0","1","3","2","","1815","2","0","0","0","0","0","1","2","0","2","0","0","0","3","","","N","","","","","","","","","",""
"2020101952","1745","0","0","0","0","0","0","0","0","0","4","0","","67","11","2020","5","40.067958","-75.058605","1721","6","0","0","0","0","0","0","0","0","","0","0","0","17","3","0","","1","0","40 04:04.648","","0","75 03:30.977","0","0","0","0","67301","0","0","0","N","0","0","0","2","67301","0","","1.0","","1","N","N","Y","0","","0","0","2","3","3","","1700","3","0","2","0","0","0","0","2","1","3","0","0","0","3","03","","N","","","","","","","","","",""
"2020076013","910","1","0","0","0","0","0","0","0","0","4","0","","67","9","2020","2","40.052161","-75.067642","0856","6","0","0","0","0","0","1","0","0","","0","0","0","8","1","1","","1","0","40 03:07.779","","0","75 04:03.510","8","0","0","0","67301","0","0","0","N","0","0","0","3","67301","0","","1.0","","1","N","N","N","0","","0","0","2","3","2","","850","3","1","0","0","0","1","1","2","0","3","0","0","0","3","","","N","","","","","","","","","",""
"2020077697","1230","2","0","0","0","0","0","0","0","0","4","0","","67","9","2020","7","39.938303","-75.216251","1230","6","0","0","0","0","0","0","0","0","","0","0","0","23","3","1","","1","0","39 56:17.890","","0","75 12:58.503","3","0","0","0","67301","0","0","0","N","0","0","0","2","67301","0","","1.0","","1","N","N","N","0","","1","0","0","3","2","","2300","2","1","0","0","0","0","1","2","0","2","0","0","0","3","03","","N","","","","","","","","","",""
"2020078616","2125","2","0","0","0","0","0","0","0","0","4","0","","67","9","2020","4","39.974748","-75.236524","2120","6","0","0","0","0","0","0","0","0","","0","0","0","21","3","0","","1","0","39 58:29.092","","0","75 14:11.486","9","0","0","0","67301","0","0","0","N","0","0","0","2","67301","0","","1.0","","1","N","Y","N","0","","0","0","0","3","3","","2115","2","0","0","0","0","0","1","2","0","2","0","0","0","3","03","","N","","","","","","","","","",""
"2020068244","521","0","0","0","0","0","0","0","0","0","7","0","","67","8","2020","1","40.028108","-75.057523","0519","6","0","0","0","0","0","0","0","0","","0","0","0","4","3","0","N","0","0","40 01:41.189","","0","75 03:27.083","0","0","0","0","67301","0","0","0","N","0","0","0","1","67301","0","","5.0","","1","N","N","N","0","","0","0","1","0","0","","456","1","0","0","0","0","0","0","2","0","1","0","0","0","3","03","","N","","","","","","","","","",""
"2020076583","423","2","0","0","0","0","0","0","0","0","1","0","","67","9","2020","1","39.962253","-75.139804","0414","6","0","0","0","0","0","0","0","0","","0","0","0","4","3","0","N","0","2","39 57:44.112","2","0","75 08:23.295","9","0","0","0","67301","0","0","0","N","0","0","0","2","68K01","0","","1.0","30.0","1","N","N","N","0","","0","0","0","0","0","N","412","2","0","0","0","0","0","1","2","0","2","0","0","0","3","04","","N","","","","","","","","","",""
"2020074854","1805","2","0","0","0","0","0","0","0","0","4","0","","67","9","2020","7","39.984711","-75.161527","1803","6","0","0","0","0","0","0","0","0","","0","0","0","18","1","0","","1","0","39 59:04.959","","0","75 09:41.497","0","0","0","0","67301","0","0","0","N","0","0","0","2","67301","0","","1.0","","1","N","N","N","0","","0","0","0","3","3","","1800","2","0","0","0","0","0","0","2","0","2","0","0","0","3","","","N","","","","","","","","","",""
"2020079555","2340","1","0","0","0","0","0","0","0","0","7","0","","67","9","2020","6","40.11086","-75.003561","2334","6","0","0","0","1","0","0","0","0","","0","0","0","23","3","2","","2","0","40 06:39.095","","0","75 00:12.819","3","0","0","0","67301","0","0","0","N","0","0","0","2","67301","0","","4.0","","1","N","N","N","0","","2","0","0","3","2","","2330","1","2","0","0","0","0","0","2","0","1","0","0","0","3","","","N","","","","","","","","","",""