"CRN","ARRIVAL_TM","AUTOMOBILE_COUNT","BELTED_DEATH_COUNT","BELTED_SUSP_SERIOUS_INJ_COUNT","BICYCLE_COUNT","BICYCLE_DEATH_COUNT","BICYCLE_SUSP_SERIOUS_INJ_COUNT","BUS_COUNT","CHLDPAS_DEATH_COUNT","CHLDPAS_SUSP_SERIOUS_INJ_COUNT","COLLISION_TYPE","COMM_VEH_COUNT","CONS_ZONE_SPD_LIM","COUNTY","CRASH_MONTH","CRASH_YEAR","DAY_OF_WEEK","DEC_LATITUDE","DEC_LONGITUDE","DISPATCH_TM","DISTRICT","DRIVER_COUNT_16YR","DRIVER_COUNT_17YR","DRIVER_COUNT_18YR","DRIVER_COUNT_19YR","DRIVER_COUNT_20YR","DRIVER_COUNT_50_64YR","DRIVER_COUNT_65_74YR","DRIVER_COUNT_75PLUS","EST_HRS_CLOSED","FATAL_COUNT","HEAVY_TRUCK_COUNT","HORSE_BUGGY_COUNT","HOUR_OF_DAY","ILLUMINATION","INJURY_COUNT","INTERSECTION_RELATED","INTERSECT_TYPE","LANE_CLOSED","LATITUDE","LN_CLOSE_DIR","LOCATION_TYPE","LONGITUDE","MAX_SEVERITY_LEVEL","MCYCLE_DEATH_COUNT","MCYCLE_SUSP_SERIOUS_INJ_COUNT","MOTORCYCLE_COUNT","MUNICIPALITY","NONMOTR_COUNT","NONMOTR_DEATH_COUNT","NONMOTR_SUSP_SERIOUS_INJ_COUNT","NTFY_HIWY_MAINT","PED_COUNT","PED_DEATH_COUNT","PED_SUSP_SERIOUS_INJ_COUNT","PERSON_COUNT","POLICE_AGCY","POSSIBLE_INJ_COUNT","RDWY_SURF_TYPE_CD","RELATION_TO_ROAD","ROADWAY_CLEARED","ROAD_CONDITION","SCH_BUS_IND","SCH_ZONE_IND","SECONDARY_CRASH","SMALL_TRUCK_COUNT","SPEC_JURIS_CD","SUSP_MINOR_INJ_COUNT","SUSP_SERIOUS_INJ_COUNT","SUV_COUNT","TCD_FUNC_CD","TCD_TYPE","TFC_DETOUR_IND","TIME_OF_DAY","TOTAL_UNITS","TOT_INJ_COUNT","UNBELTED_OCC_COUNT","UNB_DEATH_COUNT","UNB_SUSP_SERIOUS_INJ_COUNT","UNK_INJ_DEG_COUNT","UNK_INJ_PER_COUNT","URBAN_RURAL","VAN_COUNT","VEHICLE_COUNT","VULNERABLE_ROAD_USER_COUNT","VULNERABLE_ROAD_USER_DEATH_COUNT","VULNERABLE_ROAD_USER_SER_INJ_COUNT","WEATHER1","WEATHER2","WORKERS_PRES","WORK_ZONE_IND","WORK_ZONE_LOC","WORK_ZONE_TYPE","WZ_CLOSE_DETOUR","WZ_FLAGGER","WZ_LAW_OFFCR_IND","WZ_LN_CLOSURE","WZ_MOVING","WZ_OTHER","WZ_SHLDER_MDN","WZ_WORKERS_INJ_KILLED"
"2020080053","858","2","0","0","0","0","0","0","0","0","5","0","","67","9","2020","7","39.957972","-75.148556","0856","6","0","0","0","0","0","1","0","0","","0","0","0","8","1","1","N","0","0","39 57:28.700","","0","75 08:54.800","3","0","0","0","67301","0","0","0","N","0","0","0","2","67301","0","","1.0","","9","N","N","N","0","","1","0","0","0","0","","853","2","1","0","0","0","0","0","2","0","2","0","0","0","7","04","","N","","","","","","","","","",""
"2020094821","725","0","0","0","0","0","0","0","0","0","7","0","","67","11","2020","1","39.954479","-75.156086","0718","6","0","0","0","0","0","0","0","0","","0","0","0","7","1","1","N","1","2","39 57:16.126","3","0","75 09:21.908","2","0","0","0","67301","0","0","0","N","0","0","0","2","67301","0","","4.0","100.0","1","N","N","N","0","","0","1","1","0","0","Y","700","1","1","2","0","1","0","0","2","0","1","0","0","0","4","04","","N","","","","","","","","","",""
"2020096980","1934","1","0","0","0","0","0","0","0","0","8","0","","67","11","2020","4","39.925405","-75.177655","1931","6","0","0","0","0","0","0","0","0","","0","0","0","19","3","1","","1","0","39 55:31.459","","0","75 10:39.557","3","0","0","0","67301","1","0","0","N","1","0","0","2","67301","0","","1.0","","9","N","N","N","0","","1","0","0","3","2","","1926","2","1","0","0","0","0","0","2","0","1","1","0","0","7","","","N","","","","","","","","","",""
"2020080864","1713","0","0","0","0","0","0","0","0","0","8","0","","67","9","2020","1","39.962785","-75.234532","1712","6","0","0","0","0","0","0","1","0","","0","0","0","17","1","1","","1","0","39 57:46.025","","0","75 14:04.315","3","0","0","0","67301","1","0","0","N","1","0","0","2","67301","0","","1.0","","1","N","N","N","0","","1","0","1","3","2","","1710","2","1","0","0","0","0","0","2","0","1","1","0","0","3","03","","N","","","","","","","","","",""
"2020076015","1327","1","0","0","0","0","0","0","0","0","1","0","","67","9","2020","3","39.96205","-75.241171","1327","6","0","0","0","1","0","0","0","0","","0","0","0","13","1","0","N","0","0","39 57:43.379","","1","75 14:28.217","0","0","0","0","67301","0","0","0","N","0","0","0","3","67301","0","","1.0","","1","N","N","N","0","","0","0","1","0","0","","1326","3","0","0","0","0","0","0","2","1","3","0","0","0","3","03","","N","","","","","","","","","",""
"2020099977","2125","2","0","0","0","0","0","0","0","0","4","0","","67","11","2020","6","40.060426","-75.051974","2115","6","0","0","0","0","0","0","0","0","","0","0","0","21","3","0","","2","0","40 03:37.533","","0","75 03:07.105","0","0","0","0","67301","0","0","0","N","0","0","0","2","67301","0","","1.0","","1","N","N","N","0","","0","0","0","3","1","","2113","2","0","2","0","0","0","0","2","0","2","0","0","0","3","03","","N","","","","","","","","","",""
"2020097155","2210","2","0","0","0","0","0","0","0","0","1","0","","67","11","2020","4","40.050817","-75.122567","2157","6","0","0","0","0","0","0","0","0","","0","0","0","20","3","0","N","0","0","40 03:02.940","","0","75 07:21.240","9","0","0","0","67301","0","0","0","N","0","0","0","1","67301","0","","2.0","","9","N","N","N","0","","0","0","0","0","0","","2023","2","0","0","0","0","0","1","2","0","2","0","0","0","7","","","N","","","","","","","","","",""
"2020093640","520","1","0","0","0","0","0","0","0","0","4","0","","67","11","2020","4","39.992675","-75.16822","0511","6","0","0","0","0","0","2","0","0","","0","0","0","5","3","0","","5","1","39 59:33.630","1","0","75 10:05.591","0","0","0","0","67301","0","0","0","N","0","0","0","2","67301","0","","1.0","630.0","1","N","N","N","0","","0","0","1","3","2","Y","505","2","0","0","0","0","0","0","2","0","2","0","0","0","3","","","N","","","","","","","","","",""
"2020102905","50","2","0","0","0","0","0","0","0","0","1","0","","67","12","2020","3","40.044335","-75.118764","0048","6","0","0","0","0","0","0","0","0","","0","0","0","0","3","1","N","0","0","40 02:39.607","","0","75 07:07.552","3","0","0","0","67301","0","0","0","N","0","0","0","2","67301","0","","1.0","","9","N","N","N","0","","1","0","0","0","0","","34","2","1","0","0","0","0","0","2","0","2","0","0","0","7","98","","N","","","","","","","","","",""
"2020102131","1429","0","0","0","0","0","0","0","0","0","8","0","","67","11","2020","4","40.002753","-75.095432","1428","6","0","0","0","0","0","0","1","0","","0","0","0","14","1","2","N","0","0","40 00:09.912","","0","75 05:43.555","3","0","0","0","67301","2","0","0","N","2","0","0","3","67301","0","","1.0","","1","N","N","N","0","","2","0","1","0","0","","1425","3","2","0","0","0","0","0","2","0","1","2","0","0","3","03","","N","","","","","","","","","",""
"2020069360","1801","0","0","0","0","0","0","0","0","0","7","0","","67","8","2020","6","40.028606","-75.022964","1756","6","0","0","1","0","0","0","0","0","","0","0","0","17","1","0","N","0","1","40 01:42.983","1","0","75 01:22.670","0","0","0","0","67301","0","0","0","N","0","0","0","1","68K01","0","","4.0","1803.0","1","N","N","N","0","","0","0","1","0","0","N","1755","1","0","0","0","0","0","0","2","0","1","0","0","0","3","03","","N","","","","","","","","","",""
"2020069940","1729","1","0","0","1","0","0","0","0","0","8","0","","67","8","2020","6","39.925119","-75.236044","1727","6","0","0","0","0","0","0","0","0","","0","0","0","17","1","1","","2","0","39 55:30.428","","0","75 14:09.758","3","0","0","0","67301","1","0","0","N","0","0","0","2","67301","0","","1.0","","98","N","N","N","0","","1","0","0","3","3","","1727","2","1","0","0","0","0","0","2","0","1","1","0","0","3","03","","N","","","","","","","","","",""
"2020079249","1331","1","0","0","0","0","0","0","0","0","4","0","","67","9","2020","2","39.995064","-75.150476","1316","6","0","0","0","0","0","1","0","0","","0","0","0","12","1","1","","1","0","39 59:42.230","","0","75 09:01.713","3","0","0","0","67301","0","0","0","N","0","0","0","2","67301","0","","1.0","","1","N","N","N","1","","1","0","0","3","2","","1240","3","1","0","0","0","0","0","2","1","3","0","0","0","3","","","N","","","","","","","","","",""
"2020096197","958","2","0","0","0","0","0","0","0","0","4","0","","67","11","2020","6","39.973043","-75.21845","0953","6","0","0","0","0","0","0","0","0","","0","0","0","8","1","1","","2","0","39 58:22.955","","0","75 13:06.420","8","0","0","0","67301","0","0","0","N","0","0","0","2","67301","0","","1.0","","1","N","N","Y","0","","0","0","0","3","3","","851","2","1","0","0","0","1","1","2","0","2","0","0","0","3","","","N","","","","","","","","","",""
"2020103740","4","1","0","0","0","0","0","0","0","0","6","0","","67","11","2020","5","40.022261","-75.166282","0004","6","0","0","0","0","0","0","0","0","","0","0","0","20","3","0","","2","0","40 01:20.139","","0","75 09:58.615","0","0","0","0","67301","0","0","0","N","0","0","0","1","67301","0","","1.0","","1","N","N","N","0","","0","0","0","0","0","","2059","2","0","0","0","0","0","0","2","1","2","0","0","0","3","03","","N","","","","","","","","","",""
"2020099667","155","3","0","0","0","0","0","0","0","0","1","0","","67","11","2020","6","39.926675","-75.236964","0153","6","0","0","0","0","0","0","0","0","","0","0","0","1","3","0","N","0","0","39 55:36.030","","0","75 14:13.070","9","0","0","0","67301","0","0","0","N","0","0","0","1","67301","0","","6.0","","1","N","N","N","0","","0","0","1","0","0","","140","4","0","0","0","0","0","1","2","0","4","0","0","0","3","03","","N","","","","","","","","","",""
"2020095298","2023","1","0","0","0","0","0","0","0","0","1","0","","67","11","2020","7","39.963167","-75.191444","2023","6","0","0","0","0","0","0","0","0","","0","0","0","20","3","1","N","0","1","39 57:47.400","2","0","75 11:29.200","3","0","0","0","67301","0","0","0","N","0","0","0","1","67301","0","","6.0","2100.0","1","N","N","N","0","","1","0","0","0","0","Y","2000","2","1","0","0","0","0","0","2","1","2","0","0","0","3","","","N","","","","","","","","","",""
"2020097584","14","1","0","0","0","0","0","0","0","0","99","0","","67","11","2020","5","39.897665","-75.226772","0008","6","0","0","0","0","0","0","0","0","","0","0","0","23","3","0","N","0","0","39 53:51.593","","0","75 13:36.379","9","0","0","0","67301","0","0","0","N","0","0","0","1","67301","0","","9.0","","9","N","N","N","0","","0","0","0","0","0","","2300","1","0","0","0","0","0","1","2","0","1","0","0","0","7","07","","N","","","","","","","","","",""
"2020083018","1131","1","0","0","0","0","0","0","0","0","1","0","","67","10","2020","7","40.012866","-75.071814","1118","6","0","0","0","0","0","0","0","0","","0","0","0","18","1","2","","1","0","40 00:46.319","","0","75 04:18.532","4","0","0","0","67301","0","0","0","N","0","0","0","3","67301","2","","1.0","","1","N","N","N","0","","0","0","1","3","3","","1817","2","2","0","0","0","0","1","2","0","2","0","0","0","3","","","N","","","","","","","","","",""
"2020070075","2240","1","0","0","0","0","0","0","0","0","2","0","","67","8","2020","5","39.973295","-75.234718","2235","6","0","0","0","0","0","0","0","0","","0","0","0","21","3","0","","1","0","39 58:23.861","","0","75 14:04.984","9","0","0","0","67301","0","0","0","N","0","0","0","2","67301","0","","1.0","","1","N","N","N","0","","0","0","1","3","2","","2139","2","0","1","0","0","0","1","2","0","2","0","0","0","3","03","","N","","","","","","","","","",""
"2020099475","551","0","0","0","0","0","0","0","0","0","7","0","","67","11","2020","1","40.048671","-75.061539","0547","6","0","0","0","0","0","0","0","0","","0","0","0","5","3","0","N","0","0","40 02:55.214","","0","75 03:41.541","0","0","0","0","67301","0","0","0","N","0","0","0","2","67301","0","","4.0","","1","N","N","N","0","","0","0","1","0","0","","546","1","0","2","0","0","0","0","2","0","1","0","0","0","3","03","","N","","","","","","","","","",""
"2020093639","1410","1","0","0","0","0","0","0","0","0","4","0","","67","11","2020","4","39.963813","-75.203392","1405","6","0","0","0","0","0","0","0","0","","0","0","0","13","1","1","N","0","0","39 57:49.725","","0","75 12:12.212","4","0","0","0","67301","0","0","0","N","0","0","0","4","67301","1","","9.0","","1","N","N","N","1","","0","0","1","0","0","","1310","3","1","0","0","0","0","0","2","0","3","0","0","0","3","03","","N","","","","","","","","","",""
"2020074223","1545","2","0","0","0","0","0","0","0","0","2","0","","67","9","2020","2","39.941906","-75.235539","1527","6","0","0","0","0","0","1","0","0","","0","0","0","15","1","1","N","0","0","39 56:30.860","","0","75 14:07.940","3","0","0","0","67301","0","0","0","N","0","0","0","3","67301","0","","9.0","","1","N","N","N","0","","1","0","0","0","0","","1511","2","1","3","0","0","0","2","2","0","2","0","0","0","3","03","","N","","","","","","","","","",""
"2020093732","803","2","0","0","0","0","0","0","0","0","4","0","","67","11","2020","5","40.00468","-75.152126","0801","6","0","0","0","0","0","1","0","0","","0","0","0","7","1","0","","1","0","40 00:16.847","","0","75 09:07.652","0","0","0","0","67301","0","0","0","N","0","0","0","3","67505","0","","1.0","","1","","","Y","0","","0","0","1","3","2","","758","3","0","0","0","0","0","0","2","0","3","0","0","0","3","03","","N","","","","","","","","","",""
"2020092378","1920","2","0","0","0","0","0","0","0","0","4","0","","67","11","2020","1","40.027544","-75.146423","1920","6","0","0","0","0","0","0","0","0","","0","0","0","16","1","1","","1","0","40 01:39.158","","0","75 08:47.122","3","0","0","0","67301","0","0","0","N","0","0","0","3","67301","0","","1.0","","9","N","N","N","0","","1","0","0","3","2","","1600","2","1","0","0","0","0","1","2","0","2","0","0","0","7","07","","N","","","","","","","","","",""
"2020099850","1256","3","0","0","0","0","0","0","0","0","5","0","","67","11","2020","1","39.964959","-75.224574","1253","6","0","0","0","0","0","0","0","1","","0","0","0","12","1","2","","1","1","39 57:53.852","4","0","75 13:28.466","3","0","0","0","67301","0","0","0","N","0","0","0","3","67301","0","","1.0","1330.0","1","N","N","N","0","","2","0","0","3","2","N","1243","3","2","1","0","0","0","0","2","0","3","0","0","0","4","03","","N","","","","","","","","","",""
"2020096602","905","3","0","0","0","0","0","0","0","0","5","0","","67","11","2020","1","39.996028","-75.181039","0848","6","0","0","0","0","0","0","0","0","","0","0","0","5","6","0","N","0","2","39 59:45.700","1","0","75 10:51.740","9","0","0","0","67301","0","0","0","N","0","0","0","1","67301","0","","6.0","1110.0","99","N","N","N","0","","0","0","0","0","0","N","500","3","0","0","0","0","0","1","2","0","3","0","0","0","99","","","N","","","","","","","","","",""
"2020096991","955","0","0","0","0","0","0","0","0","0","7","0","","67","11","2020","3","39.980556","-75.228472","0950","6","0","0","0","0","0","0","0","0","","0","0","0","7","1","1","N","0","0","39 58:50.000","","0","75 13:42.500","8","0","0","0","67301","0","0","0","N","0","0","0","1","67301","0","","1.0","","1","N","N","N","0","","0","0","1","0","0","","750","1","1","0","0","0","1","0","2","0","1","0","0","0","3","03","","N","","","","","","","","","",""
"2020079560","2335","2","0","0","0","0","0","0","0","0","1","0","","67","9","2020","6","39.897599","-75.252331","2330","6","0","0","0","0","0","0","0","0","","0","0","0","22","3","1","","1","0","39 53:51.357","","0","75 15:08.391","3","0","0","0","67301","0","0","0","N","0","0","0","2","67301","0","","1.0","","1","N","N","N","0","","1","0","0","3","2","","2239","2","1","0","0","0","0","0","2","0","2","0","0","0","3","03","","N","","","","","","","","","",""
"2020069028","9","2","0","0","0","0","0","0","0","0","5","0","","67","8","2020","4","40.031631","-75.145003","0008","6","0","0","0","0","1","0","0","0","","0","0","0","0","3","0","N","0","0","40 01:53.870","","0","75 08:42.010","0","0","0","0","67301","0","0","0","N","0","0","0","3","67301","0","","6.0","","1","N","N","N","0","","0","0","2","0","0","","0","4","0","0","0","0","0","0","2","0","4","0","0","0","3","","","N","","","","","","","","","",""
"2020068259","202","1","0","0","0","0","0","0","0","0","5","0","","67","8","2020","2","39.996879","-75.116719","0202","6","0","0","0","0","0","0","0","0","","0","0","0","2","3","1","N","0","0","39 59:48.764","","0","75 07:00.190","2","0","1","1","67301","0","0","0","N","0","0","0","2","67301","0","","1.0","","1","N","N","N","0","","0","1","0","0","0","","200","2","1","0","0","0","0","0","2","0","2","0","0","0","3","03","","N","","","","","","","","","",""
"2020069464","2001","0","0","0","1","0","0","0","0","0","8","0","","67","8","2020","2","39.964289","-75.246466","2000","6","0","0","0","0","0","0","0","0","","0","0","0","19","1","2","","1","0","39 57:51.442","","0","75 14:47.279","3","0","0","1","67301","1","0","0","N","0","0","0","2","67301","0","","1.0","","1","N","N","N","0","","2","0","0","0","0","","1951","2","2","0","0","0","0","0","2","0","1","1","0","0","3","03","","N","","","","","","","","","",""
"2020070330","424","0","0","0","0","0","0","0","0","0","4","0","","67","8","2020","2","40.01198","-75.135844","0422","6","0","0","0","0","0","0","0","0","","0","0","0","4","3","1","","1","0","40 00:43.128","","0","75 08:09.038","3","0","0","0","67301","0","0","0","N","0","0","0","2","67301","0","","1.0","","1","N","N","N","0","","1","0","3","3","2","","422","3","1","0","0","0","0","0","2","0","3","0","0","0","3","","","N","","","","","","","","","",""
"2020067020","1343","1","0","0","0","0","0","0","0","0","1","0","","67","8","2020","4","39.994496","-75.218098","1342","6","0","0","0","0","0","1","0","0","","0","0","0","13","1","1","","3","0","39 59:40.186","","0","75 13:05.153","3","0","0","0","67301","0","0","0","N","0","0","0","3","67301","0","","1.0","","1","N","N","N","0","","1","0","1","0","0","","1341","3","1","0","0","0","0","0","2","0","3","0","0","0","4","04","","N","","","","","","","","","",""
"2020077049","1851","1","0","0","0","0","0","0","0","0","5","0","","67","9","2020","6","40.022436","-75.156114","1851","6","0","0","0","0","0","0","0","0","","0","0","0","18","1","0","N","0","0","40 01:20.770","","0","75 09:22.010","0","0","0","0","67301","0","0","0","N","0","0","0","1","67301","0","","1.0","","1","N","N","N","0","","0","0","1","0","0","","1842","2","0","0","0","0","0","0","2","0","2","0","0","0","3","03","","N","","","","","","","","","",""
"2020068545","1136","2","0","0","0","0","0","0","0","0","4","0","","67","8","2020","2","39.945973","-75.21398","1112","6","0","0","0","0","0","0","1","0","","0","0","0","11","1","2","","1","0","39 56:45.502","","0","75 12:50.328","3","0","0","0","67301","0","0","0","N","0","0","0","3","67301","0","","1.0","","1","N","N","N","0","","2","0","0","3","2","","1111","2","2","0","0","0","0","0","2","0","2","0","0","0","3","03","","N","","","","","","","","","",""
"2020070139","1220","2","0","0","0","0","0","0","0","0","5","0","","67","8","2020","3","40.009231","-75.071769","1214","6","0","0","0","0","0","0","1","0","","0","0","0","11","1","0","Y","0","0","40 00:33.233","","0","75 04:18.367","9","0","0","0","67301","0","0","0","N","0","0","0","4","67301","0","","1.0","","1","N","N","N","0","","0","0","1","3","2","","1104","4","0","0","0","0","0","4","2","1","4","0","0","0","3","03","","N","","","","","","","","","",""
"2020067640","820","1","0","0","0","0","0","0","0","0","1","0","","67","8","2020","5","39.950925","-75.230654","0815","6","0","0","0","0","0","1","0","0","","0","0","0","8","1","0","","1","0","39 57:03.330","","0","75 13:50.354","0","0","0","0","67301","0","0","0","N","0","0","0","3","67301","0","","1.0","","1","N","N","N","0","","0","0","2","3","2","","810","3","0","0","0","0","0","0","2","0","3","0","0","0","3","03","","N","","","","","","","","","",""
"2020081634","1305","0","0","0","0","0","0","0","0","0","8","0","","67","10","2020","5","39.95115","-75.155197","1300","6","0","0","0","0","0","1","0","0","","0","0","0","12","1","1","N","0","0","39 57:04.140","","0","75 09:18.710","3","0","0","0","67301","1","0","0","N","1","0","0","2","67301","0","","6.0","","1","N","N","N","0","","1","0","1","0","0","","1255","2","1","0","0","0","0","0","2","0","1","1","0","0","3","03","","N","","","","","","","","","",""
"2020098745","609","1","0","0","0","0","0","0","0","0","5","0","","67","11","2020","1","40.028389","-75.146306","0604","6","0","0","0","0","0","0","0","0","","0","0","0","6","5","0","N","0","1","40 01:42.200","5","0","75 08:46.700","0","0","0","0","67301","0","0","0","N","0","0","0","1","67301","0","","6.0","710.0","9","N","N","N","0","","0","0","1","0","0","N","601","2","0","0","0","0","0","0","2","0","2","0","0","0","7","","","N","","","","","","","","","",""
"2020101353","1752","1","0","0","0","0","0","0","0","0","8","0","","67","11","2020","3","40.046496","-75.09008","1746","6","0","0","0","0","0","0","0","0","","0","0","0","17","3","1","","1","0","40 02:47.384","","0","75 05:24.289","8","0","0","0","67301","1","0","0","N","1","0","0","2","67301","0","","1.0","","1","N","N","N","0","","0","0","0","0","0","","1745","2","1","0","0","0","1","0","2","0","1","1","0","0","3","03","","N","","","","","","","","","",""
"2020097136","2312","2","0","0","0","0","0","0","0","0","4","0","","67","11","2020","7","39.959174","-75.243377","2306","6","0","0","0","0","0","0","0","0","","0","0","0","23","3","2","","1","2","39 57:33.025","7","0","75 14:36.157","3","0","0","0","67301","0","0","0","N","0","0","0","3","67301","0","","1.0","20.0","1","N","N","N","0","","1","0","2","3","2","Y","2302","4","2","0","0","0","1","0","2","0","4","0","0","0","3","03","","N","","","","","","","","","",""
"2020099876","1930","0","0","0","0","0","0","0","0","0","4","0","","67","11","2020","2","39.996928","-75.141175","1930","6","0","0","0","0","0","0","0","0","","0","0","0","23","3","0","","1","9","39 59:48.940","","0","75 08:28.230","9","0","0","0","67301","0","0","0","N","0","0","0","2","67301","0","","1.0","","1","N","N","N","0","","0","0","1","3","2","","2345","2","0","0","0","0","0","2","2","0","2","0","0","0","3","03","","N","","","","","","","","","",""
"2020109327","2051","0","0","0","0","0","0","0","0","0","7","0","","67","12","2020","6","40.031738","-75.021451","2041","6","0","0","0","0","0","0","0","0","","0","0","0","20","3","1","N","0","2","40 01:54.255","2","0","75 01:17.225","3","0","0","0","67301","0","0","0","N","0","0","0","1","68K01","0","","4.0","30.0","9","N","N","N","1","","1","0","0","0","0","N","2039","1","1","0","0","0","0","0","2","0","1","0","0","0","7","","","N","","","","","","","","","",""
"2020096608","910","0","0","0","0","0","0","0","0","0","4","0","","67","11","2020","5","40.01435","-75.17811","0906","6","0","0","0","0","0","1","0","0","","0","0","0","9","1","1","","1","2","40 00:51.660","1","0","75 10:41.196","3","0","0","0","67301","0","0","0","N","0","0","0","2","67301","0","","1.0","30.0","9","N","N","N","1","","1","0","1","3","2","Y","900","2","1","0","0","0","0","0","2","0","2","0","0","0","7","04","","N","","","","","","","","","",""
"2020072604","2100","1","0","0","0","0","0","0","0","0","4","0","","67","8","2020","1","40.020333","-75.080448","2055","6","0","0","0","0","0","1","0","0","","0","0","0","20","3","1","","1","0","40 01:13.197","","0","75 04:49.613","4","0","0","0","67301","0","0","0","N","0","0","0","3","67508","1","","1.0","","1","N","N","Y","0","","0","0","1","3","2","","2055","2","1","0","0","0","0","0","2","0","2","0","0","0","3","03","","N","","","","","","","","","",""
"2020074581","1518","1","0","0","0","0","0","0","0","0","4","0","","67","8","2020","1","39.973833","-75.206444","1518","6","0","0","0","0","0","0","0","0","","0","0","0","15","1","3","","1","0","39 58:25.797","","0","75 12:23.198","4","0","0","0","67301","0","0","0","N","0","0","0","4","67301","3","","1.0","","1","N","N","N","0","","0","0","0","3","2","","1517","2","3","0","0","0","0","0","2","1","2","0","0","0","3","03","","N","","","","","","","","","",""
"2020103324","840","1","0","0","0","0","0","0","0","0","1","0","","67","11","2020","6","39.923353","-75.147606","0840","6","0","0","1","0","0","0","0","0","","0","0","0","8","1","2","Y","0","1","39 55:24.071","2","0","75 08:51.382","8","0","0","0","67301","0","0","0","N","0","0","0","2","68K01","0","","1.0","921.0","9","N","N","N","0","","0","0","1","0","0","N","839","2","2","0","0","0","2","0","2","0","2","0","0","0","7","04","","N","","","","","","","","","",""
"2020094737","1520","0","0","0","0","0","0","0","0","0","8","0","","67","11","2020","5","39.939283","-75.178237","1511","6","0","0","0","0","0","0","0","0","","0","0","0","15","1","1","","1","0","39 56:21.417","","0","75 10:41.654","3","0","0","0","67301","1","0","0","N","0","0","0","2","67301","0","","1.0","","1","N","N","N","0","","1","0","0","3","2","","1507","2","1","0","0","0","0","0","2","0","1","1","0","0","3","03","","N","","","","","","","","","",""
"2020096606","1928","2","0","0","0","0","0","0","0","0","4","0","","67","11","2020","4","39.980158","-75.169298","1928","6","0","1","0","0","0","0","0","0","","0","0","0","19","3","0","","1","0","39 58:48.567","","0","75 10:09.473","0","0","0","0","67301","0","0","0","N","0","0","0","2","67301","0","","1.0","","9","N","N","N","0","","0","0","0","3","2","","1917","3","0","0","0","0","0","0","2","1","3","0","0","0","7","07","","N","","","","","","","","","",""
"2020078079","2215","2","0","0","0","0","0","0","0","0","4","0","","67","9","2020","2","39.955199","-75.154312","2200","6","0","0","0","0","0","0","0","0","","0","0","0","21","3","1","","1","0","39 57:18.717","","0","75 09:15.524","3","0","0","0","67301","0","0","0","N","0","0","0","2","67301","0","","1.0","","1","N","N","N","0","","1","0","0","3","2","","2100","2","1","0","0","0","0","0","2","0","2","0","0","0","3","03","","N","","","","","","","","","",""
"2020079564","950","6","0","0","0","0","0","0","0","0","5","0","","67","9","2020","3","40.055472","-75.192778","0950","6","0","0","1","0","0","0","0","0","","0","0","0","9","5","2","Y","0","2","40 03:19.700","7","0","75 11:34.000","3","0","0","0","67301","0","0","0","N","0","0","0","4","67301","0","","6.0","1045.0","1","N","N","N","0","","2","0","0","3","2","Y","946","6","2","0","0","0","0","0","2","0","6","0","0","0","3","03","","N","","","","","","","","","",""
"2020086621","1402","1","0","0","0","0","0","0","0","0","2","0","","67","10","2020","4","39.978946","-75.182514","1350","6","0","0","0","0","0","0","0","0","","0","0","0","13","1","1","","1","0","39 58:44.204","","0","75 10:57.052","3","0","0","0","67301","0","0","0","N","0","0","0","3","67301","0","","1.0","","1","N","N","N","1","","1","0","0","3","2","","1348","2","1","0","0","0","0","0","2","0","2","0","0","0","3","03","","N","","","","","","","","","",""
"2020081637","1600","0","0","0","0","0","0","0","0","0","4","0","","67","9","2020","3","40.013808","-75.125725","1600","6","0","0","0","0","0","0","0","0","","0","0","0","15","1","1","N","0","0","40 00:49.710","","7","75 07:32.610","8","0","0","1","67301","0","0","0","N","0","0","0","2","67301","0","","1.0","","1","N","N","N","0","","0","0","0","0","0","","1530","2","1","0","0","0","1","0","2","1","2","0","0","0","3","03","","N","","","","","","","","","",""
"2020080626","1355","1","0","0","0","0","0","1","0","0","5","1","","67","9","2020","6","39.962821","-75.178228","1353","6","0","0","0","0","0","0","0","0","","0","0","0","13","1","2","","3","0","39 57:46.155","","2","75 10:41.620","8","0","0","0","67301","0","0","0","N","0","0","0","12","67508","0","","1.0","","1","N","N","N","0","","0","0","0","0","0","","1353","2","2","0","0","0","2","7","2","0","2","0","0","0","3","03","","N","","","","","","","","","",""
"2020067891","1855","0","0","0","0","0","0","0","0","0","4","0","","67","8","2020","7","40.062381","-75.160585","1849","6","0","0","0","0","0","0","0","0","","0","0","0","18","1","1","","1","0","40 03:44.571","","0","75 09:38.106","3","0","0","1","67301","0","0","0","N","0","0","0","1","67301","0","","1.0","","1","N","N","N","0","","1","0","1","0","0","","1849","2","1","0","0","0","0","0","2","0","2","0","0","0","3","03","","N","","","","","","","","","",""
"2020101828","1410","1","0","0","0","0","0","0","0","0","4","0","","67","11","2020","5","39.997042","-75.178576","1400","6","0","0","0","0","0","0","0","0","","0","0","0","13","1","1","","1","0","39 59:49.352","","0","75 10:42.874","4","0","0","0","67301","0","0","0","N","0","0","0","2","67301","1","","1.0","","1","N","N","N","0","","0","0","0","3","2","","1330","2","1","0","0","0","0","1","2","0","2","0","0","0","3","03","","N","","","","","","","","","",""