"CRN","ARRIVAL_TM","AUTOMOBILE_COUNT","BELTED_DEATH_COUNT","BELTED_SUSP_SERIOUS_INJ_COUNT","BICYCLE_COUNT","BICYCLE_DEATH_COUNT","BICYCLE_SUSP_SERIOUS_INJ_COUNT","BUS_COUNT","CHLDPAS_DEATH_COUNT","CHLDPAS_SUSP_SERIOUS_INJ_COUNT","COLLISION_TYPE","COMM_VEH_COUNT","CONS_ZONE_SPD_LIM","COUNTY","CRASH_MONTH","CRASH_YEAR","DAY_OF_WEEK","DEC_LATITUDE","DEC_LONGITUDE","DISPATCH_TM","DISTRICT","DRIVER_COUNT_16YR","DRIVER_COUNT_17YR","DRIVER_COUNT_18YR","DRIVER_COUNT_19YR","DRIVER_COUNT_20YR","DRIVER_COUNT_50_64YR","DRIVER_COUNT_65_74YR","DRIVER_COUNT_75PLUS","EST_HRS_CLOSED","FATAL_COUNT","HEAVY_TRUCK_COUNT","HORSE_BUGGY_COUNT","HOUR_OF_DAY","ILLUMINATION","INJURY_COUNT","INTERSECTION_RELATED","INTERSECT_TYPE","LANE_CLOSED","LATITUDE","LN_CLOSE_DIR","LOCATION_TYPE","LONGITUDE","MAX_SEVERITY_LEVEL","MCYCLE_DEATH_COUNT","MCYCLE_SUSP_SERIOUS_INJ_COUNT","MOTORCYCLE_COUNT","MUNICIPALITY","NONMOTR_COUNT","NONMOTR_DEATH_COUNT","NONMOTR_SUSP_SERIOUS_INJ_COUNT","NTFY_HIWY_MAINT","PED_COUNT","PED_DEATH_COUNT","PED_SUSP_SERIOUS_INJ_COUNT","PERSON_COUNT","POLICE_AGCY","POSSIBLE_INJ_COUNT","RDWY_SURF_TYPE_CD","RELATION_TO_ROAD","ROADWAY_CLEARED","ROAD_CONDITION","SCH_BUS_IND","SCH_ZONE_IND","SECONDARY_CRASH","SMALL_TRUCK_COUNT","SPEC_JURIS_CD","SUSP_MINOR_INJ_COUNT","SUSP_SERIOUS_INJ_COUNT","SUV_COUNT","TCD_FUNC_CD","TCD_TYPE","TFC_DETOUR_IND","TIME_OF_DAY","TOTAL_UNITS","TOT_INJ_COUNT","UNBELTED_OCC_COUNT","UNB_DEATH_COUNT","UNB_SUSP_SERIOUS_INJ_COUNT","UNK_INJ_DEG_COUNT","UNK_INJ_PER_COUNT","URBAN_RURAL","VAN_COUNT","VEHICLE_COUNT","VULNERABLE_ROAD_USER_COUNT","VULNERABLE_ROAD_USER_DEATH_COUNT","VULNERABLE_ROAD_USER_SER_INJ_COUNT","WEATHER1","WEATHER2","WORKERS_PRES","WORK_ZONE_IND","WORK_ZONE_LOC","WORK_ZONE_TYPE","WZ_CLOSE_DETOUR","WZ_FLAGGER","WZ_LAW_OFFCR_IND","WZ_LN_CLOSURE","WZ_MOVING","WZ_OTHER","WZ_SHLDER_MDN","WZ_WORKERS_INJ_KILLED"
"2020105514","1529","0","0","0","0","0","0","0","0","0","7","0","45","67","11","2020","3","40.009533","-75.065884","1512","6","0","0","0","0","0","0","0","0","","0","0","0","15","1","0","N","0","1","40 00:34.318","2","0","75 03:57.184","0","0","0","0","67301","0","0","0","N","0","0","0","1","68K01","0","","4.0","20.0","1","N","N","N","0","","0","0","1","0","0","N","1507","1","0","0","0","0","0","0","2","0","1","0","0","0","3","","N","Y","4","1","","","N","Y","","","Y","N"
"2020098807","1644","1","0","0","1","0","0","0","0","0","8","0","","67","11","2020","7","39.939172","-75.190903","1634","6","0","0","0","0","0","0","0","0","","0","0","0","14","1","1","N","0","0","39 56:21.020","","0","75 11:27.250","4","0","0","0","67301","1","0","0","N","0","0","0","2","67301","1","","1.0","","99","N","N","N","0","","0","0","0","0","0","","1400","2","1","0","0","0","0","0","2","0","1","1","0","0","3","03","","N","","","","","","","","","",""
"2020098005","2209","1","0","0","0","0","0","0","0","0","5","0","","67","11","2020","5","40.039926","-75.046352","2204","6","0","0","0","0","0","0","0","0","","0","0","0","22","2","0","N","0","1","40 02:23.735","4","0","75 02:46.868","0","0","0","0","67301","0","0","0","N","0","0","0","2","67301","0","","1.0","2310.0","1","N","N","N","0","","0","0","0","0","0","N","2202","2","0","0","0","0","0","0","2","0","2","0","0","0","3","03","","N","","","","","","","","","",""
"2020096401","230","1","0","0","0","0","0","0","0","0","8","0","","67","11","2020","4","39.995211","-75.116106","0230","6","0","0","0","0","0","0","0","0","","0","0","0","2","3","1","","2","0","39 59:42.759","","0","75 06:57.981","3","0","0","0","67301","1","0","0","N","1","0","0","2","67301","0","","1.0","","1","N","N","N","0","","1","0","0","0","0","","200","2","1","0","0","0","0","1","2","0","1","1","0","0","3","03","","N","","","","","","","","","",""
"2020068650","1144","1","0","0","0","0","0","0","0","0","8","0","","67","8","2020","1","40.014573","-75.156653","1142","6","0","0","0","0","0","0","0","0","","0","0","0","11","1","1","","1","1","40 00:52.463","1","0","75 09:23.952","3","0","0","0","67301","1","0","0","N","1","0","0","2","67301","0","","1.0","1215.0","1","N","N","N","0","","1","0","0","3","2","N","1140","2","1","0","0","0","0","0","2","0","1","1","0","0","3","","","N","","","","","","","","","",""
"2020068248","1827","1","0","0","0","0","0","0","0","0","5","0","","67","8","2020","6","39.95876","-75.227396","1817","6","0","0","0","0","0","0","0","0","","0","0","0","16","1","2","N","0","0","39 57:31.536","","0","75 13:38.624","3","0","0","0","67301","0","0","0","N","0","0","0","3","67301","0","","1.0","","99","N","N","N","1","","2","0","0","0","0","","1656","2","2","1","0","0","0","0","2","0","2","0","0","0","3","","","N","","","","","","","","","",""
"2020075909","109","2","0","0","0","0","0","0","0","0","2","0","","67","9","2020","4","40.038972","-75.150018","0109","6","0","0","0","1","0","0","0","0","","0","0","0","1","3","2","","1","0","40 02:20.298","","0","75 09:00.063","8","0","0","0","67301","0","0","0","N","0","0","0","4","67301","0","","1.0","","1","N","N","N","0","","0","0","0","3","2","","105","2","2","3","0","0","2","2","2","0","2","0","0","0","3","03","","N","","","","","","","","","",""
"2020068539","2000","0","0","0","0","0","0","0","0","0","4","0","","67","8","2020","1","39.92672","-75.187902","1956","6","0","0","0","0","1","0","1","0","","0","0","0","19","3","3","","1","0","39 55:36.191","","1","75 11:16.447","3","0","0","0","67301","0","0","0","N","0","0","0","3","67301","0","","1.0","","9","N","N","N","0","","3","0","1","3","3","","1955","2","3","0","0","0","0","0","2","1","2","0","0","0","7","07","","N","","","","","","","","","",""
"2020076473","430","1","0","0","0","0","0","0","0","0","5","0","","67","9","2020","4","40.004819","-75.147325","0413","6","0","0","0","0","0","0","0","0","","0","0","0","4","3","0","N","0","1","40 00:17.350","2","0","75 08:50.370","0","0","0","0","67301","0","0","0","N","0","0","0","2","67301","0","","1.0","546.0","1","N","N","N","0","","0","0","0","0","0","N","413","3","0","1","0","0","0","0","2","1","3","0","0","0","3","03","","N","","","","","","","","","",""
"2020069467","16","2","0","0","0","0","0","0","0","0","4","0","","67","8","2020","3","39.970153","-75.145021","0015","6","0","0","0","0","0","0","0","0","","0","0","0","23","3","0","","1","1","39 58:12.552","3","0","75 08:42.076","0","0","0","0","67301","0","0","0","N","0","0","0","3","67301","0","","1.0","110.0","1","N","N","N","0","","0","0","0","3","2","N","2315","2","0","0","0","0","0","0","2","0","2","0","0","0","3","03","","N","","","","","","","","","",""
"2020111971","903","0","0","0","0","0","0","0","0","0","7","0","","67","12","2020","1","39.972292","-75.193497","0858","6","0","0","0","0","0","0","0","0","","0","0","0","8","1","0","N","0","0","39 58:20.251","","0","75 11:36.589","0","0","0","0","67301","0","0","0","N","0","0","0","1","68K01","0","","4.0","","2","N","N","N","0","","0","0","1","0","0","","856","1","0","0","0","0","0","0","2","0","1","0","0","0","3","","","N","","","","","","","","","",""
"2020102902","244","2","0","0","0","0","0","0","0","0","5","0","","67","11","2020","7","40.056","-75.149472","0243","6","0","0","0","0","0","1","0","0","","0","0","0","2","3","3","N","0","0","40 03:21.600","","0","75 08:58.100","2","0","0","0","67301","0","0","0","N","0","0","0","5","67301","0","","1.0","","1","N","N","N","0","","2","1","1","0","0","","242","4","3","3","0","1","0","0","2","1","4","0","0","0","3","03","","N","","","","","","","","","",""
"2020084330","2000","0","0","0","0","0","0","0","0","0","4","0","","67","10","2020","4","39.951249","-75.199138","2000","6","0","0","0","0","0","0","0","0","","0","0","0","19","3","0","","1","0","39 57:04.496","","0","75 11:56.898","0","0","0","0","67301","0","0","0","N","0","0","0","2","67301","0","","1.0","","1","N","N","N","0","","0","0","2","3","2","","1945","2","0","0","0","0","0","0","2","0","2","0","0","0","3","03","","N","","","","","","","","","",""
"2020106644","1330","0","0","0","0","0","0","0","0","0","6","0","","67","12","2020","3","39.94998","-75.222934","1330","6","0","0","0","0","0","1","0","0","","0","0","0","13","1","1","","1","0","39 56:59.928","","0","75 13:22.562","3","0","0","0","67301","0","0","0","N","0","0","0","2","67301","0","","1.0","","99","N","N","N","0","","1","0","2","3","3","","1315","2","1","0","0","0","0","0","2","0","2","0","0","0","3","03","","N","","","","","","","","","",""
"2020106816","1308","2","0","0","0","0","0","0","0","0","4","0","","67","10","2020","2","40.041499","-75.158367","1305","6","0","0","0","1","0","0","0","0","","0","0","0","12","8","2","","5","1","40 02:29.398","6","0","75 09:30.121","3","0","0","0","67301","0","0","0","N","0","0","0","2","67301","0","","1.0","1410.0","9","N","N","N","0","","1","0","0","3","2","Y","1235","2","2","0","0","0","1","0","2","0","2","0","0","0","7","04","","N","","","","","","","","","",""
"2020101160","1630","2","0","0","0","0","0","0","0","0","4","0","","67","11","2020","7","39.899059","-75.173917","1623","6","0","0","0","0","1","1","0","0","","0","0","0","16","1","0","Y","0","2","39 53:56.613","2","0","75 10:26.100","0","0","0","0","67301","0","0","0","N","0","0","0","2","68K01","0","","1.0","1640.0","1","N","N","N","0","","0","0","0","0","0","N","1623","2","0","0","0","0","0","0","2","0","2","0","0","0","3","03","","N","","","","","","","","","",""
"2020110361","1454","0","0","0","0","0","0","0","0","0","8","0","","67","12","2020","4","40.043878","-75.22855","1454","6","0","0","0","0","0","0","0","0","","0","0","0","14","1","1","","2","0","40 02:37.962","","0","75 13:42.779","8","0","0","0","67301","1","0","0","N","1","0","0","2","67301","0","","5.0","","6","N","N","N","0","","0","0","1","3","2","","1452","2","1","0","0","0","1","0","2","0","1","1","0","0","10","10","","N","","","","","","","","","",""
"2020109330","610","0","0","0","0","0","0","0","0","0","7","0","","67","12","2020","7","39.886467","-75.205924","0546","6","0","0","0","0","0","0","0","0","","0","0","0","5","3","0","N","0","1","39 53:11.282","1","0","75 12:21.326","0","0","0","0","67301","0","0","0","N","0","0","0","1","68K01","0","","4.0","635.0","9","N","N","N","0","","0","0","1","0","0","N","545","1","0","1","0","0","0","0","2","0","1","0","0","0","7","","","N","","","","","","","","","",""
"2020082334","238","0","0","0","0","0","0","0","0","0","5","0","","67","10","2020","2","39.919022","-75.22655","0235","6","0","0","0","0","0","0","0","0","","0","0","0","1","3","0","N","0","0","39 55:08.480","","0","75 13:35.581","0","0","0","0","67301","0","0","0","N","0","0","0","2","67301","0","","1.0","","1","N","N","N","0","","0","0","1","0","0","","146","2","0","0","0","0","0","0","2","1","2","0","0","0","3","04","","N","","","","","","","","","",""
"2020113265","2047","2","0","0","0","0","0","0","0","0","1","0","","67","12","2020","1","39.945346","-75.190553","2041","6","0","0","0","0","0","0","0","0","","0","0","0","20","3","0","N","0","2","39 56:43.247","3","0","75 11:25.992","0","0","0","0","67301","0","0","0","N","0","0","0","2","68K01","0","","1.0","30.0","1","N","N","N","0","","0","0","0","0","0","Y","2038","2","0","1","0","0","0","0","2","0","2","0","0","0","3","03","","N","","","","","","","","","",""
"2020102359","1227","1","0","0","0","0","0","0","0","0","2","0","","67","11","2020","2","40.03535","-75.039468","1220","6","0","0","0","0","1","1","0","0","","0","0","0","12","1","2","","1","2","40 02:07.261","3","0","75 02:22.084","8","0","0","0","67301","0","0","0","N","0","0","0","2","67301","0","","1.0","1345.0","1","N","N","Y","0","","0","0","1","3","2","Y","1200","3","2","0","0","0","2","0","2","1","3","0","0","0","3","","","N","","","","","","","","","",""
"2020106079","1922","1","0","0","0","0","0","0","0","0","5","0","","67","12","2020","2","39.962735","-75.246806","1835","6","0","0","0","0","0","1","0","0","","0","0","0","18","3","1","","2","0","39 57:45.845","","0","75 14:48.500","3","0","0","0","67301","0","0","0","N","0","0","0","2","67301","0","","1.0","","1","N","N","N","1","","1","0","0","3","2","","1835","2","1","0","0","0","0","1","2","0","2","0","0","0","3","03","","N","","","","","","","","","",""
"2020096563","2037","1","0","0","0","0","0","0","0","0","1","0","","67","11","2020","4","39.938863","-75.197123","2014","6","0","0","0","0","0","0","0","0","","0","0","0","20","3","4","N","0","1","39 56:19.908","4","0","75 11:49.642","8","0","0","0","67301","0","0","0","N","0","0","0","5","68K01","0","","1.0","2112.0","9","N","N","N","1","","0","0","1","0","0","N","2011","3","4","0","0","0","4","0","2","0","3","0","0","0","7","07","","N","","","","","","","","","",""
"2020052133","1439","1","0","0","0","0","0","0","0","0","4","0","","67","6","2020","3","40.021739","-75.139756","1429","6","0","0","0","0","0","1","0","0","","0","0","0","14","1","3","","1","0","40 01:18.260","","0","75 08:23.123","8","0","0","0","67301","0","0","0","N","0","0","0","4","67301","0","","1.0","","1","N","N","N","0","","0","0","0","3","2","","1415","2","3","0","0","0","3","0","2","1","2","0","0","0","3","03","","N","","","","","","","","","",""
"2020068795","40","2","0","0","0","0","0","0","0","0","4","0","","67","8","2020","3","40.012534","-75.073301","0037","6","0","0","0","0","0","0","0","0","","0","0","0","0","3","1","","1","0","40 00:45.124","","0","75 04:23.885","8","0","0","0","67301","0","0","0","N","0","0","0","2","67301","0","","1.0","","1","N","N","N","0","","0","0","0","3","2","","35","2","1","0","0","0","1","0","2","0","2","0","0","0","3","03","","N","","","","","","","","","",""
"2020077902","2125","1","0","0","0","0","0","0","0","0","5","0","","67","9","2020","2","39.919547","-75.157319","2118","6","0","0","0","0","0","0","0","0","","0","0","0","21","3","0","N","0","0","39 55:10.370","","0","75 09:26.350","0","0","0","0","67301","0","0","0","N","0","0","0","1","67301","0","","6.0","","1","N","N","Y","0","","0","0","0","0","0","","2110","3","0","0","0","0","0","0","2","2","3","0","0","0","3","03","","N","","","","","","","","","",""
"2020077047","1539","0","0","0","0","0","0","0","0","0","4","0","","67","9","2020","6","39.948689","-75.237495","1535","6","0","0","0","0","0","0","0","0","","0","0","0","15","1","1","","1","0","39 56:55.280","","0","75 14:14.982","3","0","0","1","67301","0","0","0","N","0","0","0","1","67301","0","","1.0","","1","N","N","N","0","","1","0","1","0","0","","1534","2","1","0","0","0","0","0","2","0","2","0","0","0","3","","","N","","","","","","","","","",""
"2020079250","1548","1","0","0","0","0","0","0","0","0","4","0","","67","9","2020","4","39.998157","-75.133428","1544","6","0","0","0","0","0","1","0","0","","0","0","0","15","1","1","","1","0","39 59:53.365","","0","75 08:00.340","3","0","0","1","67301","0","0","0","N","0","0","0","2","67301","0","","1.0","","1","N","N","N","0","","1","0","0","3","3","","1538","2","1","1","0","0","0","0","2","0","2","0","0","0","3","03","","N","","","","","","","","","",""
"2020068542","1619","1","0","0","0","0","0","0","0","0","4","0","","67","8","2020","2","39.934714","-75.152346","1516","6","0","0","0","0","0","0","0","0","","0","0","0","2","8","1","","1","0","39 56:04.970","","0","75 09:08.445","3","0","0","0","67301","0","0","0","N","0","0","0","2","67301","0","","1.0","","1","N","N","N","0","","1","0","1","3","2","","256","2","1","1","0","0","0","0","2","0","2","0","0","0","3","03","","N","","","","","","","","","",""
"2020079557","423","1","0","0","0","0","0","0","0","0","7","0","","67","9","2020","5","39.934619","-75.234828","0423","6","0","0","0","0","0","0","0","0","","0","0","0","4","3","0","N","0","0","39 56:04.630","","0","75 14:05.380","0","0","0","0","67301","0","0","0","N","0","0","0","2","67301","0","","4.0","","1","N","N","N","0","","0","0","0","0","0","","423","1","0","0","0","0","0","0","2","0","1","0","0","0","3","03","","N","","","","","","","","","",""
"2020068258","2200","1","0","0","0","0","0","0","0","0","4","0","","67","8","2020","6","40.016381","-75.132974","2155","6","0","0","0","0","0","0","0","0","","0","0","0","21","3","1","","2","2","40 00:58.971","7","0","75 07:58.706","2","0","1","1","67301","0","0","0","N","0","0","0","4","67301","0","","1.0","2344.0","1","N","N","N","0","","0","1","0","3","3","Y","2150","2","1","0","0","0","0","0","2","0","2","0","0","0","3","","","N","","","","","","","","","",""
"2020068231","2325","0","0","0","0","0","0","0","0","0","6","0","","67","8","2020","1","40.055956","-75.075422","2315","6","0","0","0","0","0","0","0","0","","0","0","0","23","3","0","N","0","0","40 03:21.440","","99","75 04:31.520","0","0","0","0","67301","0","0","0","N","0","0","0","1","67301","0","","6.0","","9","N","N","N","0","","0","0","2","0","0","","2300","2","0","0","0","0","0","0","2","0","2","0","0","0","7","","","N","","","","","","","","","",""
"2020067734","1600","1","0","0","0","0","0","0","0","0","6","0","","67","8","2020","6","40.051681","-75.194043","1600","6","0","0","0","0","0","0","0","0","","0","0","0","15","1","0","","2","0","40 03:06.050","","0","75 11:38.555","9","0","0","0","67301","0","0","0","N","0","0","0","2","67301","0","","1.0","","1","N","N","N","0","","0","0","1","3","2","","1530","2","0","0","0","0","0","1","2","0","2","0","0","0","3","","","N","","","","","","","","","",""
"2020113160","335","2","0","0","0","0","0","0","0","0","4","0","","67","12","2020","3","40.015247","-75.16985","0332","6","0","0","0","0","0","0","0","0","","0","0","0","3","3","1","","1","0","40 00:54.888","","0","75 10:11.461","3","0","0","0","67301","0","0","0","N","0","0","0","2","67301","0","","1.0","","1","N","N","N","0","","1","0","0","3","2","","310","2","1","0","0","0","0","0","2","0","2","0","0","0","3","03","","N","","","","","","","","","",""
"2020099847","1927","1","0","0","0","0","0","0","0","0","4","0","","67","11","2020","5","39.922009","-75.188484","1925","6","0","0","0","0","0","1","0","0","","0","0","0","19","3","1","N","0","0","39 55:19.231","","0","75 11:18.543","3","0","0","0","67301","0","0","0","N","0","0","0","4","67301","0","","1.0","","1","N","N","N","1","","1","0","2","3","2","","1912","4","1","0","0","0","0","1","2","0","4","0","0","0","3","03","","N","","","","","","","","","",""
"2020083134","737","0","0","0","0","0","0","0","0","0","4","0","","67","10","2020","4","39.935119","-75.153867","0731","6","0","0","0","0","0","0","0","0","","0","0","0","7","1","1","","1","0","39 56:06.430","","0","75 09:13.920","3","0","0","0","67301","0","0","0","N","0","0","0","2","67301","0","","1.0","","1","N","N","N","1","","1","0","1","3","2","","725","2","1","0","0","0","0","0","2","0","2","0","0","0","3","","","N","","","","","","","","","",""
"2020108033","2252","1","0","0","0","0","0","0","0","0","2","0","","67","12","2020","1","39.980784","-75.246521","2252","6","0","0","0","0","0","0","0","0","","0","0","0","22","3","0","N","0","0","39 58:50.821","","0","75 14:47.474","0","0","0","0","67301","0","0","0","N","0","0","0","2","67301","0","","1.0","","1","N","N","N","0","","0","0","1","9","2","","2230","2","0","0","0","0","0","0","2","0","2","0","0","0","3","06","","N","","","","","","","","","",""
"2020102216","1525","1","0","0","0","0","0","0","0","0","8","0","","67","11","2020","6","40.038705","-75.044196","1520","6","0","0","0","0","0","0","0","0","","0","0","0","15","1","1","","1","0","40 02:19.338","","0","75 02:39.107","8","0","0","0","67301","1","0","0","N","1","0","0","2","67301","0","","1.0","","1","N","N","N","0","","0","0","0","0","0","","1505","2","1","0","0","0","1","0","2","0","1","1","0","0","3","","","N","","","","","","","","","",""
"2020080063","1814","2","0","0","0","0","0","0","0","0","4","0","","67","9","2020","1","40.018","-75.172778","1814","6","0","0","0","0","0","1","0","0","","0","0","0","18","3","2","","2","0","40 01:04.800","","0","75 10:22.000","3","0","0","0","67301","0","0","0","N","0","0","0","3","67301","0","","1.0","","1","N","N","N","0","","2","0","0","0","0","","1810","2","2","0","0","0","0","0","2","0","2","0","0","0","3","03","","N","","","","","","","","","",""
"2020080307","1300","0","0","0","0","0","0","0","0","0","1","0","","67","9","2020","4","40.118194","-75.006889","1300","6","0","0","0","0","0","1","0","0","","0","0","0","12","1","1","N","0","0","40 07:05.500","","0","75 00:24.800","3","0","0","0","67301","0","0","0","N","0","0","0","3","67301","0","","1.0","","1","N","N","N","0","","1","0","2","0","0","","1220","2","1","3","0","0","0","0","2","0","2","0","0","0","3","","","N","","","","","","","","","",""
"2020077074","50","2","0","0","0","0","0","0","0","0","5","0","","67","9","2020","7","40.041611","-75.121667","0050","6","0","0","0","0","0","0","0","0","","0","0","0","0","3","0","N","0","0","40 02:29.800","","0","75 07:18.000","9","0","0","0","67301","0","0","0","N","0","0","0","4","67301","0","","6.0","","1","N","N","N","0","","0","0","1","0","0","","30","3","0","0","0","0","0","4","2","0","3","0","0","0","3","03","","N","","","","","","","","","",""
"2020078133","1245","2","0","0","0","0","0","0","0","0","4","0","","67","8","2020","7","39.984194","-75.152838","1240","6","0","0","0","0","0","0","0","1","","0","0","0","12","1","1","","1","0","39 59:03.100","","0","75 09:10.215","3","0","0","0","67301","0","0","0","N","0","0","0","2","67505","0","","1.0","","1","N","N","N","0","","1","0","0","3","2","","1240","2","1","0","0","0","0","0","2","0","2","0","0","0","3","03","","N","","","","","","","","","",""
"2020070151","1108","0","0","0","0","0","0","0","0","0","1","0","","67","8","2020","4","40.005908","-75.156903","1108","6","0","0","0","0","0","0","0","0","","0","0","0","23","3","2","N","0","0","40 00:21.270","","0","75 09:24.850","4","0","0","0","67301","0","0","0","N","0","0","0","3","67301","2","","1.0","","1","N","N","N","0","","0","0","2","0","0","","2308","2","2","0","0","0","0","0","2","0","2","0","0","0","3","03","","N","","","","","","","","","",""
"2020080423","1155","1","0","0","0","0","0","0","0","0","1","0","","67","9","2020","1","39.967026","-75.188246","1143","6","0","0","0","0","0","1","0","0","","0","0","0","11","1","1","N","0","2","39 58:01.295","3","0","75 11:17.684","8","0","0","0","67301","0","0","0","N","0","0","0","2","68K01","0","","1.0","1210.0","1","N","N","Y","0","","0","0","0","0","0","N","1143","2","1","0","0","0","1","0","2","1","2","0","0","0","3","","","N","","","","","","","","","",""
"2020079779","233","2","0","0","0","0","0","0","0","0","4","0","","67","9","2020","2","40.014648","-75.107384","0214","6","0","0","0","0","0","0","0","0","","0","0","0","2","3","1","","1","0","40 00:52.732","","0","75 06:26.582","8","0","0","0","67301","0","0","0","N","0","0","0","3","67301","0","","1.0","","98","N","N","N","0","","0","0","1","3","2","","210","3","1","1","0","0","1","1","2","0","3","0","0","0","3","04","","N","","","","","","","","","",""
"2020080067","625","1","0","0","0","0","0","0","0","0","4","0","","67","9","2020","3","40.034904","-75.184358","0620","6","0","0","0","0","0","0","0","1","","0","0","0","6","5","0","","1","0","40 02:05.655","","0","75 11:03.688","0","0","0","0","67301","0","0","0","N","0","0","0","2","67301","0","","1.0","","1","N","N","N","0","","0","0","1","2","2","","618","2","0","0","0","0","0","0","2","0","2","0","0","0","3","03","","N","","","","","","","","","",""
"2020069941","0","2","0","0","0","0","0","0","0","0","4","0","","67","8","2020","6","39.903583","-75.243194","2355","6","0","0","0","0","0","0","0","0","","0","0","0","23","3","0","","1","1","39 54:12.900","4","0","75 14:35.500","9","0","0","0","67301","0","0","0","N","0","0","0","2","67301","0","","1.0","127.0","1","N","N","N","0","","0","0","0","3","2","N","2341","2","0","1","0","0","0","1","2","0","2","0","0","0","3","03","","N","","","","","","","","","",""
"2020105673","449","3","0","0","0","0","0","0","0","0","5","0","","67","12","2020","2","40.043042","-75.070203","0437","6","0","0","0","0","0","0","0","0","","0","0","0","4","3","0","N","0","0","40 02:34.950","","0","75 04:12.730","0","0","0","0","67301","0","0","0","N","0","0","0","1","67301","0","","6.0","","1","N","N","N","0","","0","0","0","0","0","","437","4","0","0","0","0","0","0","2","1","4","0","0","0","3","03","","N","","","","","","","","","",""
"2020107238","1336","2","0","0","0","0","0","0","0","0","4","0","","67","12","2020","2","39.978304","-75.129952","1335","6","0","0","0","0","0","1","0","0","","0","0","0","13","1","1","","1","0","39 58:41.894","","0","75 07:47.827","8","0","0","0","67301","0","0","0","N","0","0","0","2","67301","0","","1.0","","1","N","N","N","0","","0","0","0","3","3","","1345","2","1","0","0","0","1","1","2","0","2","0","0","0","3","","","N","","","","","","","","","",""
"2020113081","2209","0","0","0","0","0","0","0","0","0","1","0","","67","12","2020","5","39.960314","-75.180953","2151","6","0","0","0","0","0","1","0","0","","0","0","0","21","3","1","","7","0","39 57:37.132","","2","75 10:51.430","4","0","0","0","67301","0","0","0","N","0","0","0","5","68K01","1","","7.0","","9","N","N","N","1","","0","0","1","0","0","","2129","2","1","0","0","0","0","0","2","0","2","0","0","0","7","","","N","","","","","","","","","",""
"2020085480","718","0","0","0","0","0","0","0","0","0","4","0","","67","10","2020","3","40.027845","-75.035359","0708","6","0","0","0","0","0","1","0","0","","0","0","0","6","8","0","","1","0","40 01:40.241","","0","75 02:07.292","0","0","0","0","67301","0","0","0","N","0","0","0","2","67301","0","","1.0","","9","N","N","N","0","","0","0","2","3","3","","640","2","0","0","0","0","0","0","2","0","2","0","0","0","4","","","N","","","","","","","","","",""
"2020101473","1801","1","0","0","0","0","0","0","0","0","2","0","","67","11","2020","3","40.013756","-75.177586","1751","6","0","0","0","0","0","0","0","0","","0","0","0","17","3","1","N","0","0","40 00:49.520","","7","75 10:39.310","3","0","0","0","67301","0","0","0","N","0","0","0","3","67301","0","","1.0","","1","N","N","N","0","","1","0","1","0","0","","1750","3","1","0","0","0","0","1","2","0","3","0","0","0","3","03","","N","","","","","","","","","",""
"2020092347","1752","2","0","0","0","0","0","0","0","0","4","0","","67","10","2020","1","39.953846","-75.220097","1747","6","0","0","0","0","0","0","0","0","","0","0","0","17","1","0","","1","0","39 57:13.845","","0","75 13:12.349","0","0","0","0","67301","0","0","0","N","0","0","0","1","67301","0","","1.0","","1","N","N","N","1","","0","0","0","3","2","","1746","3","0","0","0","0","0","0","2","0","3","0","0","0","4","","","N","","","","","","","","","",""
"2020070147","2231","1","0","0","0","0","0","0","0","0","8","0","","67","8","2020","4","39.97186","-75.244901","2230","6","0","0","0","0","0","0","0","0","","0","0","0","22","3","1","","1","0","39 58:18.695","","0","75 14:41.643","2","0","0","0","67301","1","0","1","N","1","0","1","2","67301","0","","1.0","","1","N","N","N","0","","0","1","0","3","2","","2220","2","1","0","0","0","0","0","2","0","1","1","0","1","3","03","","N","","","","","","","","","",""
"2020077920","1604","2","0","0","0","0","0","0","0","0","4","0","","67","9","2020","2","40.020929","-75.139974","1604","6","0","0","0","0","0","0","0","0","","0","0","0","16","1","2","","1","1","40 01:15.344","1","0","75 08:23.906","8","0","0","0","67301","0","0","0","N","0","0","0","2","67301","0","","1.0","1630.0","1","N","N","N","0","","0","0","0","3","2","Y","1600","2","2","0","0","0","2","0","2","0","2","0","0","0","3","03","","N","","","","","","","","","",""
"2020074858","1553","2","0","0","0","0","0","0","0","0","4","0","","67","9","2020","7","39.979851","-75.142873","1551","6","0","0","0","0","0","1","0","0","","0","0","0","14","1","0","","1","0","39 58:47.465","","0","75 08:34.342","0","0","0","0","67301","0","0","0","N","0","0","0","2","67301","0","","1.0","","1","N","N","N","0","","0","0","0","3","2","","1459","2","0","2","0","0","0","0","2","0","2","0","0","0","3","03","","N","","","","","","","","","",""
"2020104744","1420","1","0","0","0","0","0","0","0","0","1","0","","67","12","2020","6","39.954426","-75.205005","1420","6","0","0","0","0","0","1","0","0","","0","0","0","14","1","0","N","1","0","39 57:15.935","","0","75 12:18.018","0","0","0","0","67301","0","0","0","N","0","0","0","2","67504","0","","1.0","","1","N","N","N","0","","0","0","1","0","0","N","1420","2","0","0","0","0","0","0","2","0","2","0","0","0","3","03","","N","","","","","","","","","",""