"CRN","ARRIVAL_TM","AUTOMOBILE_COUNT","BELTED_DEATH_COUNT","BELTED_SUSP_SERIOUS_INJ_COUNT","BICYCLE_COUNT","BICYCLE_DEATH_COUNT","BICYCLE_SUSP_SERIOUS_INJ_COUNT","BUS_COUNT","CHLDPAS_DEATH_COUNT","CHLDPAS_SUSP_SERIOUS_INJ_COUNT","COLLISION_TYPE","COMM_VEH_COUNT","CONS_ZONE_SPD_LIM","COUNTY","CRASH_MONTH","CRASH_YEAR","DAY_OF_WEEK","DEC_LATITUDE","DEC_LONGITUDE","DISPATCH_TM","DISTRICT","DRIVER_COUNT_16YR","DRIVER_COUNT_17YR","DRIVER_COUNT_18YR","DRIVER_COUNT_19YR","DRIVER_COUNT_20YR","DRIVER_COUNT_50_64YR","DRIVER_COUNT_65_74YR","DRIVER_COUNT_75PLUS","EST_HRS_CLOSED","FATAL_COUNT","HEAVY_TRUCK_COUNT","HORSE_BUGGY_COUNT","HOUR_OF_DAY","ILLUMINATION","INJURY_COUNT","INTERSECTION_RELATED","INTERSECT_TYPE","LANE_CLOSED","LATITUDE","LN_CLOSE_DIR","LOCATION_TYPE","LONGITUDE","MAX_SEVERITY_LEVEL","MCYCLE_DEATH_COUNT","MCYCLE_SUSP_SERIOUS_INJ_COUNT","MOTORCYCLE_COUNT","MUNICIPALITY","NONMOTR_COUNT","NONMOTR_DEATH_COUNT","NONMOTR_SUSP_SERIOUS_INJ_COUNT","NTFY_HIWY_MAINT","PED_COUNT","PED_DEATH_COUNT","PED_SUSP_SERIOUS_INJ_COUNT","PERSON_COUNT","POLICE_AGCY","POSSIBLE_INJ_COUNT","RDWY_SURF_TYPE_CD","RELATION_TO_ROAD","ROADWAY_CLEARED","ROAD_CONDITION","SCH_BUS_IND","SCH_ZONE_IND","SECONDARY_CRASH","SMALL_TRUCK_COUNT","SPEC_JURIS_CD","SUSP_MINOR_INJ_COUNT","SUSP_SERIOUS_INJ_COUNT","SUV_COUNT","TCD_FUNC_CD","TCD_TYPE","TFC_DETOUR_IND","TIME_OF_DAY","TOTAL_UNITS","TOT_INJ_COUNT","UNBELTED_OCC_COUNT","UNB_DEATH_COUNT","UNB_SUSP_SERIOUS_INJ_COUNT","UNK_INJ_DEG_COUNT","UNK_INJ_PER_COUNT","URBAN_RURAL","VAN_COUNT","VEHICLE_COUNT","VULNERABLE_ROAD_USER_COUNT","VULNERABLE_ROAD_USER_DEATH_COUNT","VULNERABLE_ROAD_USER_SER_INJ_COUNT","WEATHER1","WEATHER2","WORKERS_PRES","WORK_ZONE_IND","WORK_ZONE_LOC","WORK_ZONE_TYPE","WZ_CLOSE_DETOUR","WZ_FLAGGER","WZ_LAW_OFFCR_IND","WZ_LN_CLOSURE","WZ_MOVING","WZ_OTHER","WZ_SHLDER_MDN","WZ_WORKERS_INJ_KILLED"
"2020104396","1710","2","0","0","0","0","0","0","0","0","1","0","","67","12","2020","5","40.002203","-75.157644","1705","6","0","0","0","0","0","2","0","0","","0","0","0","16","4","1","","1","0","40 00:07.931","","0","75 09:27.518","3","0","0","0","67301","0","0","0","N","0","0","0","3","67301","0","","1.0","","1","N","N","N","0","","1","0","1","3","2","","1655","3","1","0","0","0","0","1","2","0","3","0","0","0","3","03","","N","","","","","","","","","",""
"2020100804","22","1","0","0","0","0","0","0","0","0","8","0","","67","11","2020","1","40.04975","-75.153194","0020","6","0","0","0","0","0","0","0","0","","0","0","0","0","3","1","","3","0","40 02:59.100","","0","75 09:11.500","3","0","0","0","67301","1","0","0","N","1","0","0","2","67301","0","","1.0","","1","N","N","N","0","","1","0","1","0","0","","18","3","1","0","0","0","0","0","2","0","2","1","0","0","3","","","N","","","","","","","","","",""
"2020096607","1335","0","0","0","0","0","0","0","0","0","7","0","","67","11","2020","4","40.019031","-75.190514","1330","6","0","0","0","0","0","0","0","0","","0","0","0","13","1","1","N","0","2","40 01:08.510","5","99","75 11:25.851","2","0","0","0","67301","0","0","0","N","0","0","0","3","67301","0","","4.0","1600.0","8","N","N","N","0","","0","1","1","0","0","Y","1329","1","1","0","0","0","0","2","2","0","1","0","0","0","7","98","","N","","","","","","","","","",""
"2020088627","1113","0","0","0","0","0","0","0","0","0","1","0","","67","10","2020","1","39.915915","-75.245342","1113","6","0","0","0","0","0","0","0","0","","0","0","0","11","1","1","","2","0","39 54:57.295","","0","75 14:43.230","4","0","0","0","67301","0","0","0","N","0","0","0","2","67301","1","","1.0","","1","N","N","N","0","","0","0","2","0","0","","1100","2","1","0","0","0","0","0","2","0","2","0","0","0","3","03","","N","","","","","","","","","",""
"2020091831","1402","1","0","0","0","0","0","0","0","0","4","0","","67","10","2020","7","39.978167","-75.154155","1400","6","0","0","1","0","0","1","0","0","","0","0","0","14","1","0","N","1","0","39 58:41.402","","0","75 09:14.958","0","0","0","0","67301","0","0","0","N","0","0","0","4","67505","0","","1.0","","1","N","N","N","0","","0","0","1","3","2","","1400","2","0","0","0","0","0","0","2","0","2","0","0","0","3","03","","N","","","","","","","","","",""
"2020087969","1217","1","0","0","0","0","0","0","0","0","5","0","","67","10","2020","2","39.999408","-75.222353","1212","6","0","0","0","0","0","0","0","0","","0","0","0","12","1","0","N","0","0","39 59:57.870","","0","75 13:20.470","0","0","0","0","67301","0","0","0","N","0","0","0","1","67301","0","","6.0","","1","N","N","N","0","","0","0","1","0","0","","1203","2","0","1","0","0","0","0","2","0","2","0","0","0","3","03","","N","","","","","","","","","",""
"2020100446","1540","1","0","0","1","0","0","0","0","0","8","0","","67","11","2020","5","39.943442","-75.161725","1535","6","0","0","0","0","0","0","0","0","","0","0","0","15","1","1","N","0","0","39 56:36.390","","0","75 09:42.210","3","0","0","0","67301","1","0","0","N","0","0","0","2","67301","0","","1.0","","1","N","N","N","0","","1","0","0","0","0","","1525","2","1","0","0","0","0","1","2","0","1","1","0","0","3","03","","N","","","","","","","","","",""
"2020112096","1636","1","0","0","1","0","0","0","0","0","8","0","","67","12","2020","6","39.973833","-75.130017","1636","6","0","0","0","0","1","0","0","0","","0","0","0","16","1","1","","1","0","39 58:25.798","","0","75 07:48.060","3","0","0","0","67301","1","0","0","N","0","0","0","2","67301","0","","1.0","","1","N","N","N","0","","1","0","0","3","3","","1630","2","1","0","0","0","0","0","2","0","1","1","0","0","3","03","","N","","","","","","","","","",""
"2020084904","2151","0","0","0","0","0","0","0","0","0","0","0","","67","10","2020","7","39.983908","-75.203186","2144","6","0","0","0","0","0","1","0","0","","0","0","0","21","3","1","N","0","0","39 59:02.070","","0","75 12:11.468","8","0","0","1","67301","0","0","0","N","0","0","0","1","67301","0","","1.0","","1","N","N","N","0","","0","0","0","0","0","","2143","1","1","0","0","0","1","0","2","0","1","0","0","0","3","03","","N","","","","","","","","","",""
"2020092326","1056","1","0","0","0","0","0","0","0","0","4","0","","67","10","2020","7","40.074374","-75.001988","1054","6","0","0","0","0","0","2","0","0","","0","0","0","10","1","2","","2","1","40 04:27.746","5","0","75 00:07.158","3","0","0","0","67301","0","0","0","N","0","0","0","3","67301","1","","1.0","20.0","1","N","N","N","0","","1","0","1","3","3","N","1052","2","2","0","0","0","0","1","2","0","2","0","0","0","3","03","","N","","","","","","","","","",""
"2020108943","2335","2","0","0","0","0","0","0","0","0","4","0","","67","12","2020","7","40.02026","-75.114068","2330","6","0","0","0","0","1","0","0","0","","0","0","0","23","3","0","","1","9","40 01:12.937","","0","75 06:50.646","0","0","0","0","67301","0","0","0","N","0","0","0","2","67301","0","","1.0","","99","N","N","N","0","","0","0","0","9","2","","2330","2","0","1","0","0","0","0","2","0","2","0","0","0","3","03","","N","","","","","","","","","",""
"2020078895","313","0","0","0","0","0","0","0","0","0","7","0","99","67","9","2020","1","39.947605","-75.141281","0312","6","0","0","0","0","0","0","0","0","","0","0","0","3","3","1","N","0","1","39 56:51.377","1","0","75 08:28.610","2","0","1","1","67301","0","0","0","N","0","0","0","1","67301","0","","4.0","450.0","1","N","N","N","0","","0","1","0","0","0","N","310","1","1","0","0","0","0","0","2","0","1","0","0","0","3","03","U","Y","4","1","","","U","","","","Y","N"
"2020068791","1106","0","0","0","0","0","0","0","0","0","7","0","","67","8","2020","2","40.028891","-75.0585","1102","6","0","0","0","0","0","0","0","0","","0","0","0","11","1","1","N","0","0","40 01:44.008","","0","75 03:30.600","3","0","0","0","67301","0","0","0","N","0","0","0","1","67301","0","","4.0","","1","N","N","N","0","","1","0","1","0","0","","1100","2","1","0","0","0","0","0","2","0","1","0","0","0","3","","","N","","","","","","","","","",""
"2020068237","920","2","0","0","0","0","0","0","0","0","2","0","","67","8","2020","7","40.0758","-74.998542","0920","6","0","0","0","0","0","0","0","1","","0","0","0","9","1","1","N","0","0","40 04:32.880","","0","74 59:54.750","3","0","0","0","67301","0","0","0","N","0","0","0","1","67301","0","","6.0","","1","N","N","N","0","","1","0","0","0","0","","911","2","1","0","0","0","0","0","2","0","2","0","0","0","3","03","","N","","","","","","","","","",""
"2020068256","1200","2","0","0","0","0","0","0","0","0","4","0","","67","8","2020","7","39.984408","-75.15441","1156","6","0","0","0","0","0","0","0","0","","0","0","0","11","1","2","","1","0","39 59:03.868","","0","75 09:15.876","3","0","0","0","67301","0","0","0","N","0","0","0","3","67301","0","","1.0","","1","N","N","N","0","","2","0","0","3","2","","1156","2","2","0","0","0","0","0","2","0","2","0","0","0","3","03","","N","","","","","","","","","",""
"2020078191","1442","1","0","0","0","0","0","0","0","0","5","0","","67","9","2020","6","40.010986","-75.128006","1442","6","0","0","0","1","0","0","0","0","","0","0","0","14","1","0","N","0","1","40 00:39.550","3","0","75 07:40.820","0","0","0","0","67301","0","0","0","N","0","0","0","3","67301","0","","1.0","1545.0","1","N","N","N","0","","0","0","1","0","0","N","1442","2","0","0","0","0","0","0","2","0","2","0","0","0","3","03","","N","","","","","","","","","",""
"2020077122","332","1","0","0","0","0","0","0","0","0","1","0","","67","9","2020","7","40.029838","-75.062946","0331","6","0","0","0","0","0","0","0","0","","0","0","0","3","3","1","N","0","1","40 01:47.417","4","0","75 03:46.605","4","0","0","0","67301","0","0","0","N","0","0","0","1","67301","1","","6.0","430.0","1","N","N","N","0","","0","0","1","0","0","Y","330","2","1","0","0","0","0","0","2","0","2","0","0","0","3","03","","N","","","","","","","","","",""
"2020077913","525","3","0","0","0","0","0","0","0","0","5","0","","67","9","2020","3","39.956687","-75.210717","0517","6","0","0","0","0","0","1","0","0","","0","0","0","4","3","0","N","0","0","39 57:24.073","","0","75 12:38.581","0","0","0","0","67301","0","0","0","N","0","0","0","2","67301","0","","1.0","","1","N","N","N","0","","0","0","1","0","0","","438","4","0","0","0","0","0","0","2","0","4","0","0","0","3","03","","N","","","","","","","","","",""
"2020090747","2143","3","0","0","0","0","0","0","0","0","1","0","","67","10","2020","2","40.032699","-75.021002","2143","6","0","0","0","1","0","1","0","0","","0","0","0","21","3","5","N","0","1","40 01:57.717","2","0","75 01:15.606","8","0","0","0","67301","0","0","0","N","0","0","0","5","68K01","0","","1.0","2222.0","9","N","N","Y","0","","0","0","1","0","0","N","2143","4","5","0","0","0","5","0","2","0","4","0","0","0","7","07","","N","","","","","","","","","",""
"2020077922","1956","2","0","0","0","0","0","0","0","0","1","0","","67","9","2020","2","40.03145","-75.154773","1955","6","0","0","0","0","0","1","0","0","","0","0","0","13","1","1","","1","0","40 01:53.219","","0","75 09:17.182","8","0","0","0","67301","0","0","0","N","0","0","0","3","67301","0","","1.0","","1","N","N","N","0","","0","0","1","3","2","","1330","3","1","0","0","0","1","0","2","0","3","0","0","0","3","03","","N","","","","","","","","","",""
"2020069771","1323","0","0","0","0","0","0","0","0","0","5","0","","67","8","2020","3","39.94125","-75.176194","1304","6","0","0","0","0","0","0","1","0","","0","0","0","12","1","0","N","0","0","39 56:28.500","","0","75 10:34.300","0","0","0","0","67301","0","0","0","N","0","0","0","1","67301","0","","6.0","","1","N","N","Y","1","","0","0","3","0","0","","1250","4","0","0","0","0","0","0","2","0","4","0","0","0","3","03","","N","","","","","","","","","",""
"2020067735","2240","2","0","0","0","0","0","0","0","0","5","0","","67","8","2020","5","39.959568","-75.224953","2226","6","0","0","0","0","0","0","0","0","","0","0","0","22","3","0","N","0","0","39 57:34.443","","0","75 13:29.832","9","0","0","0","67301","0","0","0","N","0","0","0","1","67301","0","","6.0","","1","N","N","N","0","","0","0","1","0","0","","2224","3","0","1","0","0","0","1","2","0","3","0","0","0","3","03","","N","","","","","","","","","",""
"2020075811","1122","0","0","0","0","0","0","0","0","0","4","0","","67","9","2020","5","39.909855","-75.186743","1116","6","0","0","0","0","0","2","0","0","","0","0","0","11","1","0","N","0","0","39 54:35.478","","7","75 11:12.273","0","0","0","0","67301","0","0","0","N","0","0","0","2","67301","0","","1.0","","1","N","N","N","0","","0","0","2","0","0","","1115","2","0","0","0","0","0","0","2","0","2","0","0","0","4","04","","N","","","","","","","","","",""
"2020069611","1613","1","0","0","0","0","0","0","0","0","6","0","","67","8","2020","2","40.022582","-75.212778","1607","6","0","0","0","0","0","0","0","0","","0","0","0","16","1","0","","2","0","40 01:21.295","","7","75 12:46.000","0","0","0","0","67301","0","0","0","N","0","0","0","2","67301","0","","5.0","","1","N","N","N","0","","0","0","1","3","3","","1600","2","0","1","0","0","0","0","2","0","2","0","0","0","3","03","","N","","","","","","","","","",""
"2020080064","0","1","0","0","0","0","0","0","0","0","5","0","","67","9","2020","1","40.013135","-75.159905","2351","6","0","0","0","0","0","1","0","0","","0","0","0","23","3","1","N","0","0","40 00:47.285","","0","75 09:35.659","3","0","0","0","67301","0","0","0","N","0","0","0","2","67301","0","","1.0","","1","N","N","N","0","","1","0","2","0","0","","2345","4","1","0","0","0","0","0","2","1","4","0","0","0","3","","","N","","","","","","","","","",""
"2020070941","2002","0","0","0","0","0","0","0","0","0","7","0","","67","8","2020","1","40.018996","-75.146251","1948","6","0","0","0","0","0","0","0","0","","0","0","0","16","1","0","N","0","0","40 01:08.385","","0","75 08:46.502","9","0","0","0","67301","0","0","0","N","0","0","0","1","67301","0","","5.0","","1","N","N","N","0","","0","0","1","0","0","","1633","1","0","0","0","0","0","1","2","0","1","0","0","0","3","03","","N","","","","","","","","","",""
"2020074580","1705","1","0","0","0","0","0","0","0","0","7","0","","67","8","2020","7","39.971867","-75.205172","1705","6","0","0","0","0","0","0","0","0","","0","0","0","17","1","1","N","0","0","39 58:18.720","","0","75 12:18.620","3","0","0","0","67301","0","0","0","N","0","0","0","1","67301","0","","4.0","","1","N","N","N","0","","1","0","0","0","0","","1705","1","1","0","0","0","0","0","2","0","1","0","0","0","3","03","","N","","","","","","","","","",""
"2020077917","2110","1","0","0","0","0","0","0","0","0","8","0","","67","9","2020","2","39.998614","-75.113631","2110","6","0","0","0","0","0","0","0","0","","0","0","0","21","1","1","N","0","0","39 59:55.010","","0","75 06:49.070","3","0","0","0","67301","1","0","0","N","1","0","0","2","67301","0","","1.0","","1","N","N","N","0","","1","0","0","0","0","","2110","2","1","0","0","0","0","0","2","0","1","1","0","0","3","","","N","","","","","","","","","",""
"2020086802","2235","3","0","0","0","0","0","0","0","0","2","0","","67","10","2020","6","39.903577","-75.243211","2230","6","0","0","0","0","0","0","0","0","","0","0","0","22","3","2","","1","1","39 54:12.877","4","0","75 14:35.559","4","0","0","0","67301","0","0","0","N","0","0","0","4","67301","2","","1.0","1100.0","1","N","N","N","0","","0","0","0","3","2","N","2230","3","2","1","0","0","0","0","2","0","3","0","0","0","3","","","N","","","","","","","","","",""
"2020069025","1640","2","0","0","0","0","0","0","0","0","4","0","","67","8","2020","2","39.959472","-75.233175","1633","6","0","0","0","0","0","0","0","0","","0","0","0","16","1","2","","1","1","39 57:34.098","3","0","75 13:59.431","3","0","0","0","67301","1","0","0","N","1","0","0","3","67301","0","","1.0","1930.0","1","N","N","N","0","","2","0","0","3","2","N","1625","3","2","1","0","0","0","0","2","0","2","1","0","0","3","03","","N","","","","","","","","","",""
"2020077923","2324","0","0","0","0","0","0","0","0","0","2","0","","67","9","2020","2","40.053719","-75.142436","2321","6","0","0","0","0","0","1","0","0","","0","0","0","22","3","0","N","0","0","40 03:13.390","","0","75 08:32.770","0","0","0","0","67301","0","0","0","N","0","0","0","2","67301","0","","1.0","","1","N","N","N","1","","0","0","1","0","0","","2234","2","0","0","0","0","0","0","2","0","2","0","0","0","3","03","","N","","","","","","","","","",""
"2020080066","1140","0","0","0","0","0","0","0","0","0","1","0","","67","9","2020","7","40.016261","-75.149714","1137","6","0","0","0","0","0","1","0","0","","0","0","0","22","3","1","N","0","0","40 00:58.540","","0","75 08:58.971","3","0","0","0","67301","0","0","0","N","0","0","0","2","67301","0","","1.0","","1","N","N","N","0","","1","0","1","0","0","","2245","2","1","0","0","0","0","0","2","0","2","0","0","0","3","03","","N","","","","","","","","","",""
"2020069934","1405","1","0","0","1","0","0","0","0","0","8","0","","67","8","2020","5","39.945479","-75.220409","1400","6","0","0","0","0","0","0","0","0","","0","0","0","14","1","1","","1","0","39 56:43.724","","0","75 13:13.472","4","0","0","0","67301","1","0","0","N","0","0","0","2","67301","1","","1.0","","1","N","N","N","0","","0","0","0","3","3","","1400","2","1","1","0","0","0","0","2","0","1","1","0","0","3","03","","N","","","","","","","","","",""
"2020079123","1549","1","0","0","0","0","0","0","0","0","7","0","","67","9","2020","2","40.033987","-75.019565","1541","6","0","0","0","0","0","0","0","0","","0","0","0","15","1","0","N","0","1","40 02:02.354","1","0","75 01:10.434","9","0","0","0","67301","0","0","0","N","0","0","0","1","68K01","0","","4.0","20.0","1","N","N","N","0","","0","0","0","0","0","N","1537","1","0","0","0","0","0","1","2","0","1","0","0","0","3","03","","N","","","","","","","","","",""
"2020068543","1358","0","0","0","0","0","0","0","0","0","4","0","","67","8","2020","1","39.953535","-75.234413","1358","6","0","0","0","0","0","1","0","0","","0","0","0","13","1","2","","1","0","39 57:12.725","","0","75 14:03.886","4","0","0","0","67301","0","0","0","N","0","0","0","4","67301","2","","1.0","","1","N","N","N","0","","0","0","1","3","3","","1351","2","2","0","0","0","0","0","2","1","2","0","0","0","3","03","","N","","","","","","","","","",""
"2020105019","1335","1","0","0","0","0","0","0","0","0","4","0","","67","12","2020","7","39.947928","-75.231241","1333","6","0","0","0","0","0","0","0","0","","0","0","0","13","1","1","","1","0","39 56:52.540","","0","75 13:52.467","3","0","0","0","67301","0","0","0","N","0","0","0","4","67301","0","","1.0","","1","N","N","N","0","","1","0","0","3","1","","1309","2","1","0","0","0","0","1","2","0","2","0","0","0","3","03","","N","","","","","","","","","",""
"2020109329","659","0","0","0","0","0","0","0","0","0","7","0","","67","12","2020","7","39.984099","-75.208174","0659","6","0","0","0","0","0","1","0","0","","0","0","0","6","2","0","N","0","1","39 59:02.758","4","0","75 12:29.425","0","0","0","0","67301","0","0","0","N","0","0","0","1","68K01","0","","2.0","800.0","9","N","N","N","0","","0","0","0","0","0","N","649","1","0","0","0","0","0","0","2","1","1","0","0","0","7","","","N","","","","","","","","","",""
"2020090796","1500","1","0","0","0","0","0","0","0","0","5","0","","67","10","2020","7","39.985607","-75.208287","1450","6","0","0","0","0","1","0","0","0","","0","0","0","14","1","1","N","0","0","39 59:08.184","","0","75 12:29.833","3","0","0","0","67301","0","0","0","N","0","0","0","5","68K01","0","","1.0","","1","N","N","N","0","","1","0","1","0","0","","1438","2","1","0","0","0","0","0","2","0","2","0","0","0","3","","","N","","","","","","","","","",""
"2020076880","1155","1","0","0","0","0","0","0","0","0","4","0","","67","9","2020","6","40.085028","-74.973225","1145","6","0","0","0","0","0","1","0","0","","0","0","0","11","1","2","N","0","0","40 05:06.101","","7","74 58:23.611","4","0","0","0","67301","0","0","0","N","0","0","0","2","67301","1","","1.0","","1","N","N","N","0","","0","0","1","3","3","","1135","2","2","0","0","0","1","0","2","0","2","0","0","0","3","03","","N","","","","","","","","","",""
"2020078080","1536","1","0","0","0","0","0","0","0","0","8","0","","67","9","2020","3","39.998832","-75.119011","1536","6","0","0","0","0","0","0","0","0","","0","0","0","15","1","2","","1","0","39 59:55.795","","0","75 07:08.439","4","0","0","0","67301","2","0","0","N","2","0","0","3","67301","2","","1.0","","1","N","N","N","0","","0","0","0","0","0","","1520","3","2","0","0","0","0","0","2","0","1","2","0","0","3","03","","N","","","","","","","","","",""
"2020069946","15","2","0","0","0","0","0","0","0","0","4","0","","67","8","2020","2","39.926089","-75.242361","0015","6","0","0","0","0","0","0","0","0","","0","0","0","0","3","1","","1","0","39 55:33.920","","0","75 14:32.499","3","0","0","0","67301","0","0","0","N","0","0","0","2","67301","0","","1.0","","9","N","N","N","0","","1","0","0","3","2","","15","2","1","0","0","0","0","0","2","0","2","0","0","0","3","03","","N","","","","","","","","","",""
"2020067896","2307","2","0","0","0","0","0","0","0","0","1","0","","67","8","2020","6","40.019389","-75.160389","2307","6","0","0","0","0","1","0","0","0","","0","0","0","23","3","0","N","0","0","40 01:09.800","","0","75 09:37.400","0","0","0","0","67301","0","0","0","N","0","0","0","3","67301","0","","1.0","","1","N","N","N","0","","0","0","0","0","0","","2300","2","0","2","0","0","0","0","2","0","2","0","0","0","3","03","","N","","","","","","","","","",""
"2020078866","2205","2","0","0","0","0","0","0","0","0","4","0","","67","9","2020","3","40.024719","-75.081924","2202","6","0","0","0","0","0","0","0","0","","0","0","0","22","3","1","","1","0","40 01:28.988","","0","75 04:54.926","3","0","0","0","67301","0","0","0","N","0","0","0","2","67301","0","","1.0","","1","N","N","N","0","","1","0","0","3","3","","2200","2","1","0","0","0","0","1","2","0","2","0","0","0","3","03","","N","","","","","","","","","",""
"2020073638","1246","1","0","0","0","0","0","0","0","0","7","0","","67","8","2020","6","39.982505","-75.100177","1240","6","0","0","0","0","0","0","0","0","","0","0","0","12","1","0","N","0","1","39 58:57.018","2","0","75 06:00.636","9","0","0","0","67301","0","0","0","N","0","0","0","1","68K01","0","","2.0","1330.0","1","N","N","N","0","","0","0","0","0","0","N","1238","1","0","0","0","0","0","1","2","0","1","0","0","0","3","03","","N","","","","","","","","","",""
"2020093030","2232","0","0","0","0","0","0","0","0","0","4","0","","67","10","2020","2","40.007105","-75.213717","2231","6","0","0","0","0","0","0","0","0","","0","0","0","22","3","1","","1","2","40 00:25.579","4","0","75 12:49.382","2","0","0","0","67301","0","0","0","N","0","0","0","2","68K01","0","","1.0","100.0","1","N","N","N","0","","0","1","1","3","2","N","2229","2","1","0","0","0","0","0","2","0","2","0","0","0","3","03","","N","","","","","","","","","",""
"2020098009","1140","1","0","0","0","0","0","0","0","0","8","0","","67","11","2020","2","39.990967","-75.179898","1127","6","0","0","0","0","0","0","0","0","","0","0","0","11","1","1","","1","0","39 59:27.480","","0","75 10:47.634","3","0","0","0","67301","1","0","0","N","1","0","0","2","67301","0","","1.0","","1","N","N","N","0","","1","0","0","3","2","","1125","2","1","0","0","0","0","0","2","0","1","1","0","0","3","","","N","","","","","","","","","",""
"2020096780","1648","1","0","0","0","0","0","0","0","0","8","0","","67","11","2020","5","40.021406","-75.148593","1644","6","0","0","0","0","0","0","0","1","","0","0","0","16","3","1","","1","0","40 01:17.063","","0","75 08:54.934","4","0","0","0","67301","1","0","0","N","1","0","0","2","67301","1","","1.0","","9","N","N","N","0","","0","0","0","3","2","","1635","2","1","0","0","0","0","0","2","0","1","1","0","0","7","04","","N","","","","","","","","","",""
"2020068799","1910","0","0","0","0","0","0","0","0","0","8","0","","67","8","2020","2","39.991454","-75.116668","1906","6","0","0","0","0","0","0","0","0","","0","0","0","19","4","1","","1","0","39 59:29.234","","0","75 07:00.004","3","0","0","0","67301","1","0","0","N","1","0","0","2","67301","0","","1.0","","1","N","N","N","0","","1","0","1","3","2","","1900","2","1","0","0","0","0","0","2","0","1","1","0","0","3","03","","N","","","","","","","","","",""
"2020069916","1634","0","0","0","0","0","0","0","0","0","4","0","","67","8","2020","3","39.963296","-75.167804","1626","6","0","0","0","0","0","0","0","0","","0","0","0","16","1","1","","1","0","39 57:47.867","","0","75 10:04.096","3","0","0","1","67301","0","0","0","N","0","0","0","2","67301","0","","1.0","","1","N","N","N","0","","1","0","1","3","2","","1615","2","1","0","0","0","0","0","2","0","2","0","0","0","3","03","","N","","","","","","","","","",""
"2020067015","1400","2","0","0","0","0","0","0","0","0","4","0","","67","8","2020","4","39.958734","-75.155143","1400","6","0","0","0","0","0","1","0","0","","0","0","0","12","1","1","","5","0","39 57:31.443","","0","75 09:18.514","3","0","0","0","67301","0","0","0","N","0","0","0","3","67301","0","","1.0","","9","N","N","N","0","","1","0","0","3","2","","1254","2","1","0","0","0","0","0","2","0","2","0","0","0","3","","","N","","","","","","","","","",""
"2020077907","1413","1","0","0","0","0","0","0","0","0","8","0","","67","9","2020","1","39.957847","-75.153711","1410","6","0","0","0","0","0","0","0","0","","0","0","0","13","1","1","Y","0","0","39 57:28.250","","0","75 09:13.360","2","0","0","0","67301","1","0","1","N","1","0","1","2","67301","0","","1.0","","1","N","N","N","0","","0","1","0","0","0","","1340","2","1","1","0","0","0","0","2","0","1","1","0","1","3","03","","N","","","","","","","","","",""
"2020080408","1320","1","0","0","0","0","0","0","0","0","1","0","","67","9","2020","4","39.967286","-75.188816","1314","6","0","0","0","0","0","0","0","0","","0","0","0","13","1","0","N","0","1","39 58:02.230","3","0","75 11:19.736","0","0","0","0","67301","0","0","0","N","0","0","0","2","68K01","0","","1.0","1336.0","1","N","N","N","0","","0","0","1","0","0","N","1310","2","0","0","0","0","0","0","2","0","2","0","0","0","3","","","N","","","","","","","","","",""
"2020069933","1448","0","0","0","1","0","0","0","0","0","8","0","","67","8","2020","5","39.914488","-75.235186","1448","6","0","0","0","0","0","0","0","0","","0","0","0","14","1","1","","1","0","39 54:52.156","","0","75 14:06.669","8","0","0","0","67301","1","0","0","N","0","0","0","2","67301","0","","1.0","","1","N","N","N","0","","0","0","1","3","3","","1445","2","1","0","0","0","1","0","2","0","1","1","0","0","3","03","","N","","","","","","","","","",""
"2020084710","935","1","0","0","0","0","0","0","0","0","1","0","","67","10","2020","1","39.979364","-75.093472","0927","6","0","0","0","0","0","0","0","0","","0","0","0","9","1","1","N","0","0","39 58:45.709","","0","75 05:36.500","2","0","0","0","67301","0","0","0","N","0","0","0","1","67301","0","","6.0","","1","N","N","N","1","","0","1","0","0","0","","925","2","1","0","0","0","0","0","2","0","2","0","0","0","4","04","","N","","","","","","","","","",""
"2020085738","1900","1","0","0","0","0","0","0","0","0","4","0","","67","10","2020","4","39.951249","-75.199138","1859","6","0","0","0","1","0","0","0","0","","0","0","0","18","3","2","N","1","0","39 57:04.496","","0","75 11:56.898","3","0","0","0","67301","0","0","0","N","0","0","0","3","67504","0","","1.0","","1","N","N","N","0","","2","0","0","3","2","","1855","2","2","0","0","0","0","0","2","1","2","0","0","0","3","03","","N","","","","","","","","","",""
"2020112962","1845","1","0","0","0","0","0","0","0","0","8","0","","67","12","2020","1","40.089909","-74.967945","1842","6","0","0","0","0","0","0","0","0","","0","0","0","18","2","1","N","0","0","40 05:23.674","","0","74 58:04.603","3","0","0","0","67301","1","0","0","N","1","0","0","2","67301","0","","1.0","","1","N","N","N","0","","1","0","0","0","0","","1833","2","1","0","0","0","0","0","2","0","1","1","0","0","3","03","","N","","","","","","","","","",""
"2020083222","21","1","0","0","0","0","0","0","0","0","5","0","","67","9","2020","1","39.965063","-75.137742","0021","6","0","0","0","0","0","1","1","0","","0","0","0","0","3","0","N","0","0","39 57:54.227","","0","75 08:15.872","0","0","0","0","67301","0","0","0","N","0","0","0","2","68K01","0","","1.0","","1","N","N","N","0","","0","0","1","0","0","","21","2","0","0","0","0","0","0","2","0","2","0","0","0","3","","","N","","","","","","","","","",""