"CRN","ARRIVAL_TM","AUTOMOBILE_COUNT","BELTED_DEATH_COUNT","BELTED_SUSP_SERIOUS_INJ_COUNT","BICYCLE_COUNT","BICYCLE_DEATH_COUNT","BICYCLE_SUSP_SERIOUS_INJ_COUNT","BUS_COUNT","CHLDPAS_DEATH_COUNT","CHLDPAS_SUSP_SERIOUS_INJ_COUNT","COLLISION_TYPE","COMM_VEH_COUNT","CONS_ZONE_SPD_LIM","COUNTY","CRASH_MONTH","CRASH_YEAR","DAY_OF_WEEK","DEC_LATITUDE","DEC_LONGITUDE","DISPATCH_TM","DISTRICT","DRIVER_COUNT_16YR","DRIVER_COUNT_17YR","DRIVER_COUNT_18YR","DRIVER_COUNT_19YR","DRIVER_COUNT_20YR","DRIVER_COUNT_50_64YR","DRIVER_COUNT_65_74YR","DRIVER_COUNT_75PLUS","EST_HRS_CLOSED","FATAL_COUNT","HEAVY_TRUCK_COUNT","HORSE_BUGGY_COUNT","HOUR_OF_DAY","ILLUMINATION","INJURY_COUNT","INTERSECTION_RELATED","INTERSECT_TYPE","LANE_CLOSED","LATITUDE","LN_CLOSE_DIR","LOCATION_TYPE","LONGITUDE","MAX_SEVERITY_LEVEL","MCYCLE_DEATH_COUNT","MCYCLE_SUSP_SERIOUS_INJ_COUNT","MOTORCYCLE_COUNT","MUNICIPALITY","NONMOTR_COUNT","NONMOTR_DEATH_COUNT","NONMOTR_SUSP_SERIOUS_INJ_COUNT","NTFY_HIWY_MAINT","PED_COUNT","PED_DEATH_COUNT","PED_SUSP_SERIOUS_INJ_COUNT","PERSON_COUNT","POLICE_AGCY","POSSIBLE_INJ_COUNT","RDWY_SURF_TYPE_CD","RELATION_TO_ROAD","ROADWAY_CLEARED","ROAD_CONDITION","SCH_BUS_IND","SCH_ZONE_IND","SECONDARY_CRASH","SMALL_TRUCK_COUNT","SPEC_JURIS_CD","SUSP_MINOR_INJ_COUNT","SUSP_SERIOUS_INJ_COUNT","SUV_COUNT","TCD_FUNC_CD","TCD_TYPE","TFC_DETOUR_IND","TIME_OF_DAY","TOTAL_UNITS","TOT_INJ_COUNT","UNBELTED_OCC_COUNT","UNB_DEATH_COUNT","UNB_SUSP_SERIOUS_INJ_COUNT","UNK_INJ_DEG_COUNT","UNK_INJ_PER_COUNT","URBAN_RURAL","VAN_COUNT","VEHICLE_COUNT","VULNERABLE_ROAD_USER_COUNT","VULNERABLE_ROAD_USER_DEATH_COUNT","VULNERABLE_ROAD_USER_SER_INJ_COUNT","WEATHER1","WEATHER2","WORKERS_PRES","WORK_ZONE_IND","WORK_ZONE_LOC","WORK_ZONE_TYPE","WZ_CLOSE_DETOUR","WZ_FLAGGER","WZ_LAW_OFFCR_IND","WZ_LN_CLOSURE","WZ_MOVING","WZ_OTHER","WZ_SHLDER_MDN","WZ_WORKERS_INJ_KILLED"
"2020070940","2112","1","0","0","0","0","0","0","0","0","8","0","","67","8","2020","7","40.013164","-75.142342","2106","6","0","0","0","0","0","0","0","0","","0","0","0","20","3","1","N","0","0","40 00:47.390","","0","75 08:32.430","3","0","0","0","67301","1","0","0","N","1","0","0","2","67301","0","","1.0","","99","N","N","N","0","","1","0","0","0","0","","2024","2","1","0","0","0","0","0","2","0","1","1","0","0","3","03","","N","","","","","","","","","",""
"2020113121","1800","1","0","0","0","0","0","0","0","0","5","0","","67","2","2020","4","39.95844","-75.237444","","6","0","0","0","0","0","1","0","0","","0","0","0","18","1","1","","1","0","39 57:30.385","","0","75 14:14.799","8","0","0","0","67301","0","0","0","N","0","0","0","2","00000","0","","1.0","","1","","","N","0","","0","0","0","3","2","","1800","2","1","0","0","0","1","0","2","0","2","0","0","0","3","","","N","","","","","","","","","",""
"2020087520","2044","1","0","0","0","0","0","0","0","0","4","0","","67","9","2020","3","39.977363","-75.227077","2040","6","0","0","0","0","0","1","0","0","","0","0","0","20","3","0","","3","0","39 58:38.507","","0","75 13:37.478","0","0","0","0","67301","0","0","0","N","0","0","0","2","67301","0","","1.0","","1","N","N","N","0","","0","0","1","3","2","","2011","2","0","0","0","0","0","0","2","0","2","0","0","0","3","03","","N","","","","","","","","","",""
"2020071562","1827","4","0","0","0","0","0","0","0","0","2","0","","67","8","2020","7","39.974869","-75.198108","1817","6","0","0","1","0","0","1","0","0","","0","0","0","16","1","8","","2","0","39 58:29.530","","2","75 11:53.190","3","0","0","0","67301","0","0","0","N","0","0","0","8","67301","7","","1.0","","1","N","N","N","0","","1","0","1","3","2","","1655","5","8","0","0","0","0","0","2","0","5","0","0","0","3","03","","N","","","","","","","","","",""
"2020084093","245","5","0","0","0","0","0","0","0","0","4","0","","67","10","2020","7","39.984711","-75.161527","0240","6","0","0","1","0","0","0","0","0","","0","0","0","2","3","0","","1","0","39 59:04.959","","0","75 09:41.497","0","0","0","0","67301","0","0","0","N","0","0","0","3","67505","0","","1.0","","1","N","N","Y","0","","0","0","1","3","3","","238","6","0","2","0","0","0","0","2","0","6","0","0","0","3","04","","N","","","","","","","","","",""
"2020101357","1828","3","0","0","0","0","0","0","0","0","1","0","","67","11","2020","5","39.962147","-75.176193","1822","6","0","0","0","0","0","2","0","0","","0","0","0","17","3","1","N","0","0","39 57:43.728","","0","75 10:34.293","3","0","0","0","67301","0","0","0","N","0","0","0","4","67301","0","","1.0","","1","N","N","N","0","","1","0","0","3","2","","1746","3","1","0","0","0","0","0","2","0","3","0","0","0","3","03","","N","","","","","","","","","",""
"2020086170","456","1","0","0","0","0","0","0","0","0","4","0","","67","10","2020","5","40.055561","-75.062041","0422","6","0","0","0","0","0","0","0","0","","0","0","0","4","3","1","","1","0","40 03:20.018","","0","75 03:43.347","4","0","0","0","67301","0","0","0","N","0","0","0","3","67301","1","","1.0","","1","N","N","N","0","","0","0","0","3","3","","409","2","1","0","0","0","0","0","2","1","2","0","0","0","3","","","N","","","","","","","","","",""
"2020089969","1617","1","0","0","0","0","0","0","0","0","5","0","","67","10","2020","2","39.950806","-75.141269","1608","6","0","0","0","0","0","0","0","0","","0","0","0","16","1","0","N","0","1","39 57:02.902","1","2","75 08:28.567","0","0","0","0","67301","0","0","0","N","0","0","0","2","68K01","0","","1.0","1655.0","9","N","N","N","1","","0","0","0","0","0","N","1606","2","0","0","0","0","0","0","2","0","2","0","0","0","4","07","","N","","","","","","","","","",""
"2020078714","1245","1","0","0","0","0","0","0","0","0","4","0","","67","9","2020","4","40.04373","-75.085093","1235","6","0","0","0","0","0","0","0","0","","0","0","0","12","1","0","","1","2","40 02:37.429","2","0","75 05:06.333","9","0","0","0","67301","0","0","0","N","0","0","0","4","67301","0","","1.0","1300.0","1","N","N","N","0","","0","0","1","3","2","Y","1225","2","0","0","0","0","0","2","2","0","2","0","0","0","3","03","","N","","","","","","","","","",""
"2020076337","1840","1","0","0","0","0","0","0","0","0","8","0","","67","9","2020","3","40.062039","-75.068231","1838","6","0","0","0","1","0","0","0","0","","0","0","0","18","1","1","N","0","0","40 03:43.340","","0","75 04:05.630","3","0","0","0","67301","1","0","0","N","1","0","0","2","67301","0","","1.0","","1","N","N","N","0","","1","0","0","0","0","","1835","2","1","0","0","0","0","0","2","0","1","1","0","0","3","03","","N","","","","","","","","","",""
"2020076965","1130","0","0","0","0","0","0","0","0","0","1","0","99","67","9","2020","7","39.986645","-75.256932","1130","6","0","0","0","0","0","0","0","0","","0","0","0","11","1","0","N","0","0","39 59:11.923","","0","75 15:24.956","0","0","0","0","67301","0","0","0","N","0","0","0","2","67301","0","","1.0","","1","N","N","N","0","","0","0","1","0","0","","1100","2","0","0","0","0","0","0","2","1","2","0","0","0","3","03","U","Y","4","1","","","U","Y","","","","N"
"2020078867","2200","2","0","0","0","0","0","0","0","0","5","0","","67","9","2020","3","40.021164","-75.052477","2200","6","0","0","0","0","0","0","0","0","","0","0","0","21","3","2","N","0","0","40 01:16.191","","0","75 03:08.916","3","0","0","0","67301","0","0","0","N","0","0","0","3","67301","0","","6.0","","1","N","N","N","0","","2","0","0","0","0","","2130","2","2","0","0","0","0","0","2","0","2","0","0","0","3","03","","N","","","","","","","","","",""
"2020068544","248","2","0","0","0","0","0","0","0","0","4","0","","67","8","2020","2","39.960687","-75.243055","0244","6","0","0","0","0","0","0","0","0","","0","0","0","2","3","2","","1","0","39 57:38.474","","0","75 14:34.999","3","0","0","0","67301","0","0","0","N","0","0","0","3","67301","0","","1.0","","1","N","N","N","0","","2","0","1","3","2","","234","3","2","0","0","0","0","0","2","0","3","0","0","0","3","03","","N","","","","","","","","","",""
"2020068796","1603","3","0","0","0","0","0","0","0","0","5","0","","67","8","2020","2","39.972919","-75.24502","1557","6","0","0","0","0","0","1","0","0","","0","0","0","15","1","0","N","0","0","39 58:22.507","","0","75 14:42.073","0","0","0","0","67301","0","0","0","N","0","0","0","1","67301","0","","6.0","","1","N","N","N","1","","0","0","1","0","0","","1552","5","0","1","0","0","0","0","2","0","5","0","0","0","3","","","N","","","","","","","","","",""
"2020087783","2116","1","0","0","0","0","0","0","0","0","4","0","","67","10","2020","4","39.928499","-75.182203","2113","6","0","0","0","0","0","0","0","0","","0","0","0","21","4","1","","1","0","39 55:42.596","","0","75 10:55.930","4","0","0","0","67301","0","0","0","N","0","0","0","4","67301","1","","1.0","","1","N","N","N","0","","0","0","1","3","2","","2111","3","1","2","0","0","0","0","2","0","3","0","0","0","3","03","","N","","","","","","","","","",""
"2020067529","2330","1","0","0","0","0","0","0","0","0","4","0","","67","8","2020","5","40.035351","-75.132773","2324","6","0","0","0","0","0","0","0","0","","0","0","0","23","3","1","","1","0","40 02:07.263","","0","75 07:57.982","3","0","0","0","67301","0","0","0","N","0","0","0","2","67301","0","","1.0","","1","N","N","N","0","","1","0","1","3","3","","2300","2","1","0","0","0","0","0","2","0","2","0","0","0","3","03","","N","","","","","","","","","",""
"2020078381","1510","1","0","0","0","0","0","0","0","0","1","0","","67","9","2020","3","39.949773","-75.183996","1454","6","0","0","0","0","0","0","0","1","","0","0","0","14","1","1","N","0","0","39 56:59.183","","0","75 11:02.385","8","0","0","0","67301","0","0","0","N","0","0","0","3","68K01","0","","1.0","","1","N","N","N","1","","0","0","1","0","0","","1451","3","1","0","0","0","1","0","2","0","3","0","0","0","3","","","N","","","","","","","","","",""
"2020078311","1030","0","0","0","0","0","0","0","0","0","4","0","","67","9","2020","4","39.947821","-75.193772","1030","6","0","0","0","1","0","0","1","0","","0","0","0","10","1","0","","2","0","39 56:52.154","","0","75 11:37.578","0","0","0","0","67301","0","0","0","N","0","0","0","4","67504","0","","1.0","","1","N","N","N","0","","0","0","1","3","2","","1027","2","0","0","0","0","0","0","2","1","2","0","0","0","3","03","","N","","","","","","","","","",""
"2020074576","1515","1","0","0","0","0","0","0","0","0","5","0","","67","9","2020","6","39.943505","-75.148763","1501","6","0","0","0","1","1","0","0","0","","0","0","0","13","1","1","N","1","0","39 56:36.618","","0","75 08:55.545","4","0","0","0","67301","0","0","0","N","0","0","0","2","67301","1","","1.0","","1","N","N","N","1","","0","0","0","2","2","","1330","2","1","1","0","0","0","0","2","0","2","0","0","0","4","04","","N","","","","","","","","","",""
"2020089569","1923","1","0","0","0","0","0","0","0","0","8","0","","67","10","2020","6","39.933226","-75.189677","1923","6","0","0","0","0","0","0","0","0","","0","0","0","19","3","1","","1","2","39 55:59.613","2","0","75 11:22.837","4","0","0","0","67301","1","0","0","N","1","0","0","2","67301","1","","1.0","2045.0","1","N","N","N","0","","0","0","0","3","3","Y","1923","2","1","0","0","0","0","0","2","0","1","1","0","0","3","03","","N","","","","","","","","","",""
"2020080716","1355","2","0","0","0","0","0","0","0","0","4","0","","67","9","2020","2","39.990749","-75.11514","1353","6","0","0","0","0","0","1","1","0","","0","0","0","13","1","1","","1","1","39 59:26.698","5","0","75 06:54.505","3","0","0","0","67301","0","0","0","N","0","0","0","2","67301","0","","3.0","1405.0","1","N","N","N","0","","1","0","0","0","0","N","1345","2","1","0","0","0","0","0","2","0","2","0","0","0","3","03","","N","","","","","","","","","",""
"2020077117","812","2","0","0","0","0","0","0","0","0","4","0","","67","9","2020","7","40.056485","-75.046402","0806","6","0","0","0","0","0","1","0","0","","0","0","0","8","1","1","","1","2","40 03:23.345","1","0","75 02:47.046","3","0","0","0","67301","0","0","0","N","0","0","0","3","67301","0","","1.0","930.0","1","N","N","N","0","","1","0","1","3","2","Y","806","3","1","0","0","0","0","0","2","0","3","0","0","0","3","03","","N","","","","","","","","","",""
"2020079199","110","1","0","0","0","0","0","0","0","0","7","0","","67","9","2020","6","39.969912","-75.188768","0104","6","0","0","0","0","0","0","0","0","","0","0","0","0","3","1","N","0","0","39 58:11.683","","0","75 11:19.566","3","0","0","0","67301","0","0","0","N","0","0","0","2","67301","0","","4.0","","1","N","N","N","0","","1","0","0","0","0","","55","1","1","0","0","0","0","0","2","0","1","0","0","0","3","03","","N","","","","","","","","","",""
"2020075818","2134","1","0","0","0","0","0","0","0","0","4","0","","67","9","2020","6","40.050065","-75.15048","2134","6","0","0","0","0","0","0","0","0","","0","0","0","21","3","1","","1","0","40 03:00.233","","0","75 09:01.728","3","0","0","0","67301","0","0","0","N","0","0","0","4","67301","0","","1.0","","1","N","N","N","0","","1","0","0","3","2","","2134","2","1","2","0","0","0","0","2","0","2","0","0","0","3","","","N","","","","","","","","","",""
"2020084399","2338","2","0","0","0","0","0","0","0","0","5","0","","67","10","2020","7","39.964166","-75.221585","2335","6","0","0","0","0","0","0","0","0","","0","0","0","22","3","0","N","0","0","39 57:50.997","","0","75 13:17.706","0","0","0","0","67301","0","0","0","N","0","0","0","2","67301","0","","1.0","","1","N","N","N","0","","0","0","0","0","0","","2208","2","0","0","0","0","0","0","2","0","2","0","0","0","3","","","N","","","","","","","","","",""
"2020103601","1611","2","0","0","0","0","0","0","0","0","4","0","","67","12","2020","3","39.974964","-75.151608","1610","6","0","0","0","0","0","0","0","0","","0","0","0","16","1","0","","1","0","39 58:29.870","","0","75 09:05.788","0","0","0","0","67301","0","0","0","N","0","0","0","2","67301","0","","1.0","","1","N","N","N","0","","0","0","0","3","2","","1609","3","0","0","0","0","0","0","2","1","3","0","0","0","3","03","","N","","","","","","","","","",""
"2020086173","1437","1","0","0","0","0","0","0","0","0","5","0","","67","10","2020","4","39.955111","-75.155947","1426","6","0","0","0","0","0","1","0","0","","0","0","0","14","1","0","N","0","0","39 57:18.400","","0","75 09:21.410","0","0","0","0","67301","0","0","0","N","0","0","0","2","67301","0","","1.0","","1","N","N","N","0","","0","0","1","0","0","","1420","2","0","0","0","0","0","0","2","0","2","0","0","0","3","03","","N","","","","","","","","","",""
"2020106638","859","0","0","0","0","0","0","0","0","0","4","0","","67","12","2020","4","40.030614","-75.054773","0855","6","0","0","0","0","0","0","0","0","","0","0","0","8","1","1","","1","1","40 01:50.211","1","0","75 03:17.181","3","0","0","0","67301","0","0","0","N","0","0","0","4","67301","0","","1.0","35.0","1","N","N","N","0","","1","0","1","3","2","N","851","2","1","0","0","0","0","0","2","1","2","0","0","0","3","03","","N","","","","","","","","","",""
"2020078951","812","0","0","0","0","0","0","0","0","0","5","1","","67","9","2020","4","39.895431","-75.233493","0812","6","0","0","0","0","0","1","0","0","","0","1","0","8","1","0","","2","0","39 53:43.553","","0","75 14:00.574","0","0","0","0","67301","0","0","0","N","0","0","0","2","67301","0","","1.0","","1","N","N","N","1","","0","0","0","3","2","","800","2","0","0","0","0","0","0","2","0","2","0","0","0","3","03","","N","","","","","","","","","",""
"2020077908","2058","1","0","0","0","0","0","0","0","0","4","0","","67","9","2020","2","39.961402","-75.148177","2057","6","0","0","0","0","0","1","0","0","","0","0","0","20","3","2","","1","0","39 57:41.048","","0","75 08:53.436","3","0","0","0","67301","0","0","0","N","0","0","0","3","67301","0","","1.0","","1","N","N","N","0","","2","0","1","3","2","","2039","2","2","0","0","0","0","1","2","0","2","0","0","0","3","","","N","","","","","","","","","",""
"2020078617","2138","1","0","0","0","0","0","0","0","0","4","0","","67","9","2020","3","39.98673","-75.159493","2138","6","0","0","0","0","0","1","0","0","","0","0","0","21","3","0","","1","0","39 59:12.227","","0","75 09:34.174","0","0","0","0","67301","0","0","0","N","0","0","0","2","67301","0","","1.0","","1","N","N","N","0","","0","0","0","3","2","","2135","2","0","0","0","0","0","0","2","0","2","0","0","0","3","03","","N","","","","","","","","","",""
"2020069468","2110","1","0","0","0","0","0","0","0","0","4","0","","67","8","2020","4","39.991613","-75.13615","2105","6","0","0","0","0","0","0","0","0","","0","0","0","20","4","0","","1","0","39 59:29.808","","0","75 08:10.139","0","0","0","0","67301","0","0","0","N","0","0","0","2","67301","0","","1.0","","1","N","N","N","0","","0","0","1","3","2","","2003","2","0","2","0","0","0","0","2","0","2","0","0","0","3","03","","N","","","","","","","","","",""
"2020112328","1853","2","0","0","0","0","0","0","0","0","4","0","","67","12","2020","5","40.039453","-75.014323","1847","6","0","0","0","0","0","1","0","0","","0","0","0","18","3","3","","1","0","40 02:22.030","","0","75 00:51.562","3","0","0","0","67301","0","0","0","N","0","0","0","3","67301","0","","1.0","","9","N","N","N","1","","3","0","1","3","3","","1814","4","3","0","0","0","0","0","2","0","4","0","0","0","7","07","","N","","","","","","","","","",""
"2020113257","143","0","0","0","0","0","0","0","0","0","7","0","","67","12","2020","7","39.965399","-75.186019","0135","6","0","0","0","0","0","1","0","0","","0","0","0","1","3","1","N","7","1","39 57:55.435","3","0","75 11:09.669","3","0","0","0","67301","0","0","0","N","0","0","0","1","68K01","0","","7.0","145.0","1","N","N","N","0","","1","0","0","0","0","N","135","1","1","0","0","0","0","0","2","1","1","0","0","0","3","","","N","","","","","","","","","",""
"2020084800","1550","0","0","0","1","0","0","0","0","0","8","0","","67","10","2020","1","40.057098","-75.071589","1505","6","0","0","0","0","0","1","0","0","","0","0","0","14","1","1","","2","0","40 03:25.552","","0","75 04:17.720","3","0","0","0","67301","1","0","0","N","0","0","0","2","67301","0","","1.0","","1","N","N","N","0","","1","0","1","3","3","","1450","2","1","0","0","0","0","0","2","0","1","1","0","0","3","03","","N","","","","","","","","","",""
"2020084494","49","1","0","0","0","0","0","0","0","0","4","0","","67","10","2020","2","40.106469","-74.998884","0042","6","0","0","0","0","0","0","0","1","","0","0","0","0","3","1","","2","0","40 06:23.287","","0","74 59:55.982","3","0","0","0","67301","0","0","0","N","0","0","0","2","67301","0","","1.0","","1","N","N","N","1","","1","0","0","3","2","","40","2","1","0","0","0","0","0","2","0","2","0","0","0","3","03","","N","","","","","","","","","",""
"2020086190","1511","0","0","0","0","0","0","0","0","0","5","0","","67","10","2020","2","40.005642","-75.075718","1504","6","0","0","0","0","0","0","0","0","","0","0","0","14","1","1","","5","1","40 00:20.310","2","0","75 04:32.583","3","0","0","0","67301","0","0","0","N","0","0","0","2","67301","0","","1.0","1700.0","1","N","N","N","0","","1","0","2","3","2","N","1448","2","1","0","0","0","0","1","2","0","2","0","0","0","4","","","N","","","","","","","","","",""
"2020107347","305","1","0","0","0","0","0","0","0","0","1","0","","67","12","2020","7","39.987278","-75.13575","0259","6","0","0","0","0","0","0","0","0","","0","0","0","2","3","0","N","0","0","39 59:14.200","","0","75 08:08.700","0","0","0","0","67301","0","0","0","N","0","0","0","1","67301","0","","6.0","","9","N","N","N","0","","0","0","1","0","0","","253","2","0","1","0","0","0","0","2","0","2","0","0","0","7","04","","N","","","","","","","","","",""
"2020112327","1725","0","0","0","0","0","0","0","0","0","1","0","","67","12","2020","2","40.073318","-75.033969","1717","6","0","0","0","0","0","0","0","0","","0","0","0","16","1","1","Y","0","0","40 04:23.945","","0","75 02:02.289","3","0","0","0","67301","0","0","0","N","0","0","0","2","67301","0","","1.0","","1","N","N","N","0","","1","0","2","3","2","","1655","2","1","0","0","0","0","1","2","0","2","0","0","0","3","03","","N","","","","","","","","","",""
"2020106084","1930","2","0","0","0","0","0","0","0","0","5","0","","67","12","2020","3","40.044254","-75.148762","1930","6","0","0","0","0","0","0","0","0","","0","0","0","18","6","0","N","0","0","40 02:39.316","","0","75 08:55.544","9","0","0","0","67301","0","0","0","N","0","0","0","1","67301","0","","4.0","","99","N","N","N","0","","0","0","0","0","0","","1840","2","0","1","0","0","0","1","2","0","2","0","0","0","3","","","N","","","","","","","","","",""
"2020105882","1245","2","0","0","0","0","0","0","0","0","4","0","","67","12","2020","3","40.080732","-75.169985","1245","6","0","0","0","0","0","0","0","1","","0","0","0","12","1","1","","1","1","40 04:50.635","1","0","75 10:11.945","3","0","0","0","67301","0","0","0","N","0","0","0","2","67301","0","","1.0","30.0","1","N","N","N","0","","1","0","0","3","2","N","1245","2","1","0","0","0","0","0","2","0","2","0","0","0","3","","","N","","","","","","","","","",""
"2020109766","2305","1","0","0","0","0","0","0","0","0","5","0","","67","12","2020","4","40.020676","-75.04234","2256","6","0","0","0","0","0","1","0","0","","0","0","0","22","3","0","N","0","0","40 01:14.432","","0","75 02:32.425","0","0","0","0","67301","0","0","0","N","0","0","0","2","68K01","0","","1.0","","6","N","N","N","0","","0","0","1","0","0","","2237","2","0","0","0","0","0","0","2","0","2","0","0","0","10","","","N","","","","","","","","","",""
"2020112463","2057","2","0","0","0","0","0","0","0","0","5","0","","67","12","2020","7","40.044611","-75.069361","2052","6","0","0","0","0","0","0","0","0","","0","0","0","20","3","0","N","0","1","40 02:40.600","1","0","75 04:09.700","0","0","0","0","67301","0","0","0","N","0","0","0","1","67301","0","","6.0","2225.0","1","N","N","N","0","","0","0","0","0","0","Y","2051","4","0","0","0","0","0","0","2","2","4","0","0","0","3","03","","N","","","","","","","","","",""
"2020087794","825","1","0","0","0","0","0","0","0","0","4","0","","67","10","2020","2","39.972015","-75.16374","0820","6","0","0","0","0","0","0","0","0","","0","0","0","6","1","0","N","0","0","39 58:19.253","","7","75 09:49.465","0","0","0","0","67301","0","0","0","N","0","0","0","2","67301","0","","1.0","","1","N","N","N","0","","0","0","0","0","0","","630","2","0","0","0","0","0","0","2","0","2","0","0","0","3","03","","N","","","","","","","","","",""
"2020104025","1008","1","0","0","0","0","0","0","0","0","4","0","","67","12","2020","3","40.049064","-74.989317","1003","6","0","0","0","0","0","1","0","1","","0","0","0","10","1","2","N","0","0","40 02:56.630","","7","74 59:21.541","3","0","0","0","67301","0","0","0","N","0","0","0","2","67301","1","","1.0","","1","N","N","N","1","","1","0","0","0","0","","1002","2","2","0","0","0","0","0","2","0","2","0","0","0","3","03","","N","","","","","","","","","",""
"2020109079","1510","1","0","0","0","0","0","0","0","0","8","0","","67","12","2020","1","40.019506","-75.055683","1505","6","0","0","0","0","0","0","0","0","","0","0","0","14","1","2","","1","0","40 01:10.221","","0","75 03:20.460","3","0","0","0","67301","2","0","0","N","2","0","0","3","67301","0","","1.0","","1","N","N","N","0","","2","0","0","3","2","","1450","3","2","0","0","0","0","0","2","0","1","2","0","0","3","","","N","","","","","","","","","",""
"2020112984","39","0","0","0","0","0","0","0","0","0","8","0","","67","12","2020","7","39.99999","-75.153145","0036","6","0","0","0","0","0","0","1","0","","0","0","0","0","3","1","","1","0","39 59:59.964","","0","75 09:11.322","8","0","0","0","67301","1","0","0","N","1","0","0","3","67301","0","","1.0","","1","N","N","N","0","","0","0","1","3","2","","18","2","1","0","0","0","1","0","2","0","1","1","0","0","3","03","","N","","","","","","","","","",""
"2020084333","500","0","0","0","0","0","0","0","0","0","4","0","","67","10","2020","7","39.956721","-75.223546","0500","6","0","0","0","0","0","0","0","0","","0","0","0","4","3","1","","1","0","39 57:24.197","","0","75 13:24.767","3","0","0","0","67301","0","0","0","N","0","0","0","2","67301","0","","1.0","","1","N","N","N","0","","1","0","2","3","2","","450","2","1","0","0","0","0","0","2","0","2","0","0","0","3","","","N","","","","","","","","","",""
"2020109083","910","2","0","0","0","0","0","0","0","0","4","0","","67","12","2020","3","40.043315","-75.147093","0851","6","0","0","0","0","0","0","1","0","","0","0","0","8","1","1","","1","1","40 02:35.933","1","0","75 08:49.534","4","0","0","0","67301","0","0","0","N","0","0","0","3","67301","1","","1.0","100.0","1","N","N","N","0","","0","0","1","3","3","Y","840","3","1","0","0","0","0","1","2","0","3","0","0","0","3","03","","N","","","","","","","","","",""
"2020088992","2341","1","0","0","0","0","0","0","0","0","4","0","","67","10","2020","5","40.085459","-75.037453","2338","6","0","0","1","0","0","0","0","0","","0","0","0","23","3","1","","1","0","40 05:07.651","","0","75 02:14.830","8","0","0","0","67301","0","0","0","N","0","0","0","2","67301","0","","1.0","","1","N","N","N","0","","0","0","1","3","2","","2338","2","1","0","0","0","1","0","2","0","2","0","0","0","3","","","N","","","","","","","","","",""
"2020089388","1210","2","0","0","0","0","0","0","0","0","3","0","","67","10","2020","7","40.042417","-75.123761","1208","6","0","0","0","0","0","0","0","0","","0","0","0","12","1","0","N","0","0","40 02:32.700","","0","75 07:25.540","9","0","0","0","67301","0","0","0","N","0","0","0","2","67301","0","","1.0","","1","N","N","N","0","","0","0","0","3","3","","1208","2","0","0","0","0","0","1","2","0","2","0","0","0","3","03","","N","","","","","","","","","",""
"2020099554","31","3","0","0","0","0","0","0","0","0","2","0","","67","11","2020","6","39.926064","-75.179142","0031","6","0","0","0","0","0","1","0","0","","0","0","0","0","3","1","N","0","2","39 55:33.830","1","0","75 10:44.910","4","0","0","0","67301","0","0","0","N","0","0","0","2","67301","1","","1.0","115.0","1","N","N","N","0","","0","0","0","9","9","Y","31","3","1","2","0","0","0","0","2","0","3","0","0","0","3","","","N","","","","","","","","","",""
"2020067736","1744","2","0","0","0","0","0","0","0","0","6","0","","67","8","2020","5","39.975925","-75.189794","1744","6","0","0","1","0","0","0","0","0","","0","0","0","5","1","0","N","0","0","39 58:33.330","","0","75 11:23.260","0","0","0","0","67301","0","0","0","N","0","0","0","2","67301","0","","1.0","","1","N","N","N","0","","0","0","0","0","0","","525","2","0","0","0","0","0","0","2","0","2","0","0","0","3","03","","N","","","","","","","","","",""
"2020069381","2022","1","0","0","0","0","0","0","0","0","7","0","","67","8","2020","2","39.921045","-75.148113","2022","6","0","0","0","0","0","0","0","0","","0","0","0","20","3","0","N","0","1","39 55:15.761","2","0","75 08:53.208","0","0","0","0","67301","0","0","0","N","0","0","0","1","68K01","0","","2.0","2025.0","1","N","N","N","0","","0","0","0","0","0","N","2022","1","0","0","0","0","0","0","2","0","1","0","0","0","3","","","N","","","","","","","","","",""
"2020074659","2332","5","0","0","0","0","0","0","0","0","6","0","","67","9","2020","5","39.998","-75.137583","2329","6","0","0","0","0","0","0","0","0","","0","0","0","23","3","2","N","0","2","39 59:52.800","6","0","75 08:15.300","3","0","0","0","67301","0","0","0","N","0","0","0","3","67301","0","","6.0","530.0","1","N","N","N","0","","2","0","2","0","0","Y","2328","7","2","2","0","0","0","0","2","0","7","0","0","0","3","03","","N","","","","","","","","","",""
"2020082153","2052","1","0","0","0","0","0","0","0","0","5","0","","67","10","2020","1","40.081388","-74.976183","2050","6","0","0","1","0","0","0","0","0","","0","0","0","20","3","2","","1","1","40 04:52.997","1","0","74 58:34.259","3","0","0","0","67301","0","0","0","N","0","0","0","2","67301","1","","1.0","1.0","1","N","N","N","0","","1","0","1","3","2","Y","2048","2","2","0","0","0","0","0","2","0","2","0","0","0","3","03","","N","","","","","","","","","",""
"2020106080","1715","0","0","0","0","0","0","0","0","0","4","0","","67","12","2020","2","39.965738","-75.242001","1715","6","0","0","0","1","0","0","0","0","","0","0","0","17","3","0","N","0","0","39 57:56.658","","0","75 14:31.202","0","0","0","0","67301","0","0","0","N","0","0","0","1","67301","0","","1.0","","1","N","N","N","1","","0","0","1","0","0","","1715","2","0","0","0","0","0","0","2","0","2","0","0","0","3","03","","N","","","","","","","","","",""