"CRN","ARRIVAL_TM","AUTOMOBILE_COUNT","BELTED_DEATH_COUNT","BELTED_SUSP_SERIOUS_INJ_COUNT","BICYCLE_COUNT","BICYCLE_DEATH_COUNT","BICYCLE_SUSP_SERIOUS_INJ_COUNT","BUS_COUNT","CHLDPAS_DEATH_COUNT","CHLDPAS_SUSP_SERIOUS_INJ_COUNT","COLLISION_TYPE","COMM_VEH_COUNT","CONS_ZONE_SPD_LIM","COUNTY","CRASH_MONTH","CRASH_YEAR","DAY_OF_WEEK","DEC_LATITUDE","DEC_LONGITUDE","DISPATCH_TM","DISTRICT","DRIVER_COUNT_16YR","DRIVER_COUNT_17YR","DRIVER_COUNT_18YR","DRIVER_COUNT_19YR","DRIVER_COUNT_20YR","DRIVER_COUNT_50_64YR","DRIVER_COUNT_65_74YR","DRIVER_COUNT_75PLUS","EST_HRS_CLOSED","FATAL_COUNT","HEAVY_TRUCK_COUNT","HORSE_BUGGY_COUNT","HOUR_OF_DAY","ILLUMINATION","INJURY_COUNT","INTERSECTION_RELATED","INTERSECT_TYPE","LANE_CLOSED","LATITUDE","LN_CLOSE_DIR","LOCATION_TYPE","LONGITUDE","MAX_SEVERITY_LEVEL","MCYCLE_DEATH_COUNT","MCYCLE_SUSP_SERIOUS_INJ_COUNT","MOTORCYCLE_COUNT","MUNICIPALITY","NONMOTR_COUNT","NONMOTR_DEATH_COUNT","NONMOTR_SUSP_SERIOUS_INJ_COUNT","NTFY_HIWY_MAINT","PED_COUNT","PED_DEATH_COUNT","PED_SUSP_SERIOUS_INJ_COUNT","PERSON_COUNT","POLICE_AGCY","POSSIBLE_INJ_COUNT","RDWY_SURF_TYPE_CD","RELATION_TO_ROAD","ROADWAY_CLEARED","ROAD_CONDITION","SCH_BUS_IND","SCH_ZONE_IND","SECONDARY_CRASH","SMALL_TRUCK_COUNT","SPEC_JURIS_CD","SUSP_MINOR_INJ_COUNT","SUSP_SERIOUS_INJ_COUNT","SUV_COUNT","TCD_FUNC_CD","TCD_TYPE","TFC_DETOUR_IND","TIME_OF_DAY","TOTAL_UNITS","TOT_INJ_COUNT","UNBELTED_OCC_COUNT","UNB_DEATH_COUNT","UNB_SUSP_SERIOUS_INJ_COUNT","UNK_INJ_DEG_COUNT","UNK_INJ_PER_COUNT","URBAN_RURAL","VAN_COUNT","VEHICLE_COUNT","VULNERABLE_ROAD_USER_COUNT","VULNERABLE_ROAD_USER_DEATH_COUNT","VULNERABLE_ROAD_USER_SER_INJ_COUNT","WEATHER1","WEATHER2","WORKERS_PRES","WORK_ZONE_IND","WORK_ZONE_LOC","WORK_ZONE_TYPE","WZ_CLOSE_DETOUR","WZ_FLAGGER","WZ_LAW_OFFCR_IND","WZ_LN_CLOSURE","WZ_MOVING","WZ_OTHER","WZ_SHLDER_MDN","WZ_WORKERS_INJ_KILLED"
"2020083695","1715","2","0","0","0","0","0","0","0","0","5","0","","67","10","2020","5","40.059867","-75.176625","1713","6","0","0","0","0","0","0","0","0","","0","0","0","17","1","1","N","0","0","40 03:35.520","","0","75 10:35.850","4","0","0","0","67301","0","0","0","N","0","0","0","1","67301","1","","6.0","","1","N","N","N","0","","0","0","0","0","0","","1705","2","1","1","0","0","0","0","2","0","2","0","0","0","3","03","","N","","","","","","","","","",""
"2020113451","1040","1","0","0","0","0","0","0","0","0","8","0","","67","12","2020","2","39.989125","-75.119356","1034","6","0","0","0","0","0","0","0","0","","0","0","0","10","1","1","","2","0","39 59:20.850","","0","75 07:09.680","8","0","0","0","67301","1","0","0","N","1","0","0","2","67301","0","","1.0","","1","N","N","N","0","","0","0","0","3","3","","1028","2","1","0","0","0","1","1","2","0","1","1","0","0","3","","","N","","","","","","","","","",""
"2020112149","1004","2","0","0","0","0","0","0","0","0","4","0","","67","12","2020","6","39.959826","-75.17016","1004","6","0","0","0","0","0","2","0","0","","0","0","0","10","1","0","","1","0","39 57:35.373","","0","75 10:12.576","0","0","0","0","67301","0","0","0","N","0","0","0","2","67301","0","","1.0","","9","N","N","N","0","","0","0","0","3","3","","1004","2","0","0","0","0","0","0","2","0","2","0","0","0","4","04","","N","","","","","","","","","",""
"2020111649","814","1","0","0","0","0","0","0","0","0","4","0","","67","12","2020","2","40.019112","-75.081461","0813","6","0","0","0","0","0","1","0","0","","0","0","0","8","1","0","","1","0","40 01:08.804","","1","75 04:53.258","0","0","0","0","67301","0","0","0","N","0","0","0","2","67301","0","","1.0","","9","N","N","N","0","","0","0","1","3","2","","812","2","0","0","0","0","0","0","2","0","2","0","0","0","4","04","","N","","","","","","","","","",""
"2020108706","2013","1","0","0","0","0","0","0","0","0","1","0","","67","12","2020","3","39.949275","-75.238106","2007","6","0","0","0","0","0","0","0","0","","0","0","0","19","3","0","N","0","0","39 56:57.390","","0","75 14:17.180","9","0","0","0","67301","0","0","0","N","0","0","0","1","67301","0","","4.0","","1","N","N","Y","0","","0","0","0","0","0","","1954","2","0","0","0","0","0","1","2","1","2","0","0","0","3","03","","N","","","","","","","","","",""
"2020111556","1925","1","0","0","0","0","0","0","0","0","1","0","","67","12","2020","1","39.892517","-75.222958","1900","6","0","0","0","0","1","0","0","0","","0","0","0","18","3","0","Y","0","0","39 53:33.060","","0","75 13:22.650","0","0","0","0","67301","0","0","0","N","0","0","0","2","67301","0","","1.0","","9","N","N","N","0","","0","0","0","3","2","","1830","2","0","0","0","0","0","0","2","0","2","0","0","0","3","03","","N","","","","","","","","","",""
"2020113153","1759","1","0","0","0","0","0","0","0","0","4","0","","67","12","2020","4","40.063974","-75.059602","1755","6","0","0","0","0","0","0","0","0","","0","0","0","17","3","4","","1","2","40 03:50.306","7","0","75 03:34.568","8","0","0","0","67301","0","0","0","N","0","0","0","9","67301","0","","1.0","1858.0","1","N","N","Y","0","","0","0","0","3","3","Y","1754","2","4","0","0","0","4","0","2","1","2","0","0","0","3","","","N","","","","","","","","","",""
"2020078526","1145","2","0","0","0","0","0","0","0","0","5","0","","67","9","2020","2","39.901322","-75.239437","1141","6","0","0","0","0","0","1","0","0","","0","0","0","22","3","0","","2","0","39 54:04.758","","0","75 14:21.973","0","0","0","0","67301","0","0","0","N","0","0","0","2","67301","0","","1.0","","1","N","N","N","0","","0","0","0","3","2","","2222","2","0","0","0","0","0","0","2","0","2","0","0","0","3","03","","N","","","","","","","","","",""
"2020103598","251","0","0","0","0","0","0","0","0","0","6","0","","67","12","2020","4","40.114167","-75.005083","0247","6","0","0","0","0","0","0","0","0","","0","0","0","2","3","0","N","0","0","40 06:51.000","","0","75 00:18.300","0","0","0","0","67301","0","0","0","N","0","0","0","2","67301","0","","1.0","","1","N","N","N","0","","0","0","2","0","0","","235","2","0","0","0","0","0","0","2","0","2","0","0","0","3","","","N","","","","","","","","","",""
"2020105210","120","0","0","0","0","0","0","0","0","0","7","0","","67","12","2020","7","39.949639","-75.245167","0117","6","0","0","0","0","0","0","0","0","","0","0","0","1","3","1","N","0","0","39 56:58.700","","0","75 14:42.600","2","0","0","0","67301","0","0","0","N","0","0","0","1","67301","0","","4.0","","9","N","N","N","0","","0","1","1","3","2","","117","1","1","0","0","0","0","0","2","0","1","0","0","0","7","07","","N","","","","","","","","","",""
"2020108268","2313","1","0","0","0","0","0","0","0","0","4","0","","67","12","2020","6","40.011967","-75.111308","2312","6","0","0","0","0","0","0","0","0","","0","0","0","23","3","3","N","0","0","40 00:43.080","","7","75 06:40.710","3","0","0","0","67301","0","0","0","N","0","0","0","4","67301","0","","1.0","","1","N","N","N","0","","3","0","0","0","0","","2311","2","3","1","0","0","0","0","2","1","2","0","0","0","3","03","","N","","","","","","","","","",""
"2020086167","1150","3","0","0","0","0","0","0","0","0","4","0","","67","10","2020","3","39.929751","-75.181917","1149","6","0","0","0","1","0","0","0","0","","0","0","0","11","1","1","","1","0","39 55:47.103","","0","75 10:54.901","3","0","0","0","67301","0","0","0","N","0","0","0","2","67301","0","","1.0","","1","N","N","N","0","","1","0","0","3","2","","1149","3","1","1","0","0","0","0","2","0","3","0","0","0","3","03","","N","","","","","","","","","",""
"2020084395","405","1","0","0","0","0","0","0","0","0","4","0","","67","10","2020","7","40.048999","-75.105736","0355","6","0","0","0","0","0","0","0","0","","0","0","0","0","3","0","","2","0","40 02:56.396","","0","75 06:20.649","0","0","0","0","67301","0","0","0","N","0","0","0","1","67301","0","","1.0","","1","N","N","N","0","","0","0","1","0","0","","13","2","0","0","0","0","0","0","2","0","2","0","0","0","3","","","N","","","","","","","","","",""
"2020084805","1626","1","0","0","1","0","0","0","0","0","8","0","","67","10","2020","7","40.01198","-75.135844","1626","6","0","0","0","0","0","0","0","0","","0","0","0","16","1","1","","1","0","40 00:43.128","","0","75 08:09.038","3","0","0","0","67301","1","0","0","N","0","0","0","2","67301","0","","1.0","","1","N","N","N","0","","1","0","0","3","2","","1626","2","1","0","0","0","0","0","2","0","1","1","0","0","3","03","","N","","","","","","","","","",""
"2020070072","650","2","0","0","0","0","0","0","0","0","4","0","","67","8","2020","2","40.071611","-74.987744","0645","6","0","0","0","0","0","0","0","0","","0","0","0","6","1","1","","1","0","40 04:17.800","","0","74 59:15.880","3","0","0","0","67301","0","0","0","N","0","0","0","2","67301","0","","1.0","","1","N","N","N","0","","1","0","0","3","3","","630","2","1","0","0","0","0","0","2","0","2","0","0","0","3","","","N","","","","","","","","","",""
"2020107158","1630","1","0","0","0","0","0","0","0","0","2","0","","67","12","2020","6","40.043972","-75.171117","1630","6","0","0","0","0","0","0","0","0","","0","0","0","16","3","0","N","0","0","40 02:38.300","","0","75 10:16.020","0","0","0","0","67301","0","0","0","N","0","0","0","1","67301","0","","1.0","","1","N","N","N","0","","0","0","1","0","0","","1630","3","0","1","0","0","0","0","2","1","3","0","0","0","4","","","N","","","","","","","","","",""
"2020112464","1310","1","0","0","0","0","0","0","0","0","4","0","","67","12","2020","3","40.084681","-75.025077","1303","6","0","0","0","0","0","0","1","0","","0","0","0","12","1","3","","1","0","40 05:04.850","","0","75 01:30.277","3","0","0","0","67301","0","0","0","N","0","0","0","4","67301","0","","1.0","","1","N","N","N","0","","3","0","2","3","2","","1235","3","3","0","0","0","0","0","2","0","3","0","0","0","3","","","N","","","","","","","","","",""
"2020100450","1814","1","0","0","0","0","0","0","0","0","4","0","","67","11","2020","5","39.971089","-75.228729","1810","6","0","0","0","0","0","0","0","0","","0","0","0","18","3","3","","1","0","39 58:15.920","","0","75 13:43.424","3","0","0","0","67301","0","0","0","N","0","0","0","5","67301","0","","1.0","","1","N","N","N","0","","3","0","1","3","2","","1810","2","3","0","0","0","0","0","2","0","2","0","0","0","3","","","N","","","","","","","","","",""
"2020086171","1150","0","0","0","0","0","0","0","0","0","4","0","","67","10","2020","2","39.911708","-75.172371","1147","6","0","0","0","0","0","0","0","0","","0","0","0","10","1","1","","1","0","39 54:42.148","","0","75 10:20.534","3","0","0","0","67301","0","0","0","N","0","0","0","3","67301","0","","1.0","","9","N","N","N","0","","1","0","1","3","2","","1059","2","1","0","0","0","0","0","2","1","2","0","0","0","4","04","","N","","","","","","","","","",""
"2020083037","1639","1","0","0","0","0","0","0","0","0","4","0","","67","10","2020","2","40.007865","-75.172261","1639","6","0","0","0","0","0","0","0","0","","0","0","0","16","1","3","","1","0","40 00:28.314","","0","75 10:20.141","3","0","0","0","67301","0","0","0","N","0","0","0","4","67301","0","","1.0","","1","N","N","N","0","","3","0","0","3","2","","1636","2","3","0","0","0","0","0","2","1","2","0","0","0","3","03","","N","","","","","","","","","",""
"2020084648","1937","1","0","0","1","0","0","0","0","0","8","0","","67","10","2020","7","40.089194","-74.965139","1930","6","0","0","0","0","0","0","1","0","","0","0","0","19","3","1","N","0","1","40 05:21.100","3","7","74 57:54.500","3","0","0","0","67301","1","0","0","N","0","0","0","2","67301","0","","1.0","2010.0","1","N","N","N","0","","1","0","0","0","0","N","1930","2","1","0","0","0","0","0","2","0","1","1","0","0","3","03","","N","","","","","","","","","",""
"2020105077","102","0","0","0","0","0","0","0","0","0","7","0","","67","12","2020","7","39.948982","-75.141942","0050","6","0","0","0","0","0","0","0","0","","0","0","0","0","3","0","N","0","0","39 56:56.334","","0","75 08:30.992","0","0","0","0","67301","0","0","0","N","0","0","0","2","68K01","0","","4.0","","9","N","N","N","0","","0","0","1","0","0","","50","1","0","0","0","0","0","0","2","0","1","0","0","0","7","","","N","","","","","","","","","",""
"2020100161","1830","1","0","0","0","0","0","0","0","0","7","0","","67","11","2020","5","39.932209","-75.191523","1830","6","0","0","0","0","0","0","0","0","","0","0","0","18","3","0","","1","0","39 55:55.952","","0","75 11:29.482","9","0","0","0","67301","0","0","0","N","0","0","0","2","67301","0","","4.0","","1","N","N","N","0","","0","0","0","3","3","","1830","1","0","2","0","0","0","1","2","0","1","0","0","0","3","03","","N","","","","","","","","","",""
"2020105321","1209","3","0","0","0","0","0","0","0","0","4","0","","67","12","2020","1","39.894612","-75.236717","2350","6","0","0","0","0","0","0","0","0","","0","0","0","23","3","4","","1","0","39 53:40.603","","0","75 14:12.181","3","0","0","0","67301","0","0","0","N","0","0","0","6","67301","0","","1.0","","1","N","N","N","0","","4","0","0","3","2","","2348","3","4","0","0","0","0","0","2","0","3","0","0","0","3","03","","N","","","","","","","","","",""
"2020084075","1721","0","0","0","0","0","0","0","0","0","4","0","","67","10","2020","6","40.014344","-75.157359","1720","6","0","0","0","0","0","1","0","0","","0","0","0","17","1","4","N","0","0","40 00:51.637","","7","75 09:26.492","4","0","0","0","67301","0","0","0","N","0","0","0","4","67301","3","","1.0","","1","N","Y","N","0","","0","0","1","0","0","","1717","2","4","0","0","0","1","0","2","1","2","0","0","0","3","03","","N","","","","","","","","","",""
"2020099672","2024","1","0","0","0","0","0","0","0","0","4","0","","67","11","2020","5","40.018922","-75.049504","2022","6","0","1","0","0","0","0","0","0","","0","0","0","20","3","2","","1","1","40 01:08.120","1","0","75 02:58.216","3","0","0","0","67301","0","0","0","N","0","0","0","4","67301","0","","1.0","2120.0","1","N","N","N","0","","2","0","1","3","3","N","2020","2","2","0","0","0","0","0","2","0","2","0","0","0","3","03","","N","","","","","","","","","",""
"2020089090","1642","1","0","0","0","0","0","0","0","0","1","0","","67","10","2020","3","39.925758","-75.194045","1629","6","0","0","0","0","0","1","0","0","","0","0","0","16","1","1","N","0","1","39 55:32.729","3","0","75 11:38.562","3","0","0","0","67301","0","0","0","N","0","0","0","3","68K01","0","","1.0","1655.0","1","N","N","N","1","","1","0","1","0","0","N","1626","3","1","0","0","0","0","0","2","0","3","0","0","0","3","03","","N","","","","","","","","","",""
"2020108030","2147","1","0","0","0","0","0","0","0","0","4","0","","67","12","2020","1","39.909031","-75.241894","2147","6","0","0","0","0","0","1","0","0","","0","0","0","21","3","1","","1","1","39 54:32.511","1","0","75 14:30.820","3","0","0","0","67301","0","0","0","N","0","0","0","2","67301","0","","9.0","2325.0","1","N","N","N","0","","1","0","1","9","2","N","2147","2","1","0","0","0","0","1","2","0","2","0","0","0","99","03","","N","","","","","","","","","",""
"2020085043","344","2","0","0","0","0","0","0","0","0","6","0","","67","10","2020","7","39.999033","-75.10535","0344","6","0","0","0","0","0","0","0","0","","0","0","0","2","3","0","N","0","0","39 59:56.520","","0","75 06:19.260","0","0","0","1","67301","0","0","0","N","0","0","0","1","67301","0","","6.0","","1","N","N","N","0","","0","0","3","0","0","","239","6","0","0","0","0","0","0","2","0","6","0","0","0","3","03","","N","","","","","","","","","",""
"2020112968","101","1","0","0","0","0","0","0","0","0","4","0","","67","12","2020","1","40.059172","-75.158406","2354","6","0","0","0","0","0","0","1","0","","0","0","0","23","3","1","","1","0","40 03:33.019","","0","75 09:30.261","8","0","0","0","67301","0","0","0","N","0","0","0","3","67301","0","","1.0","","1","N","N","N","0","","0","0","0","3","3","","2352","2","1","0","0","0","1","0","2","0","2","0","0","0","3","03","","N","","","","","","","","","",""
"2020068364","0","1","0","0","0","0","0","0","0","0","7","0","","67","8","2020","1","40.031058","-75.156853","2338","6","0","0","0","0","0","0","0","0","","0","0","0","22","3","0","N","0","0","40 01:51.810","","0","75 09:24.670","9","0","0","0","67301","0","0","0","N","0","0","0","1","67301","0","","5.0","","1","N","N","N","0","","0","0","0","0","0","","2218","1","0","0","0","0","0","1","2","0","1","0","0","0","3","","","N","","","","","","","","","",""
"2020112965","45","1","0","0","0","0","0","0","0","0","7","0","","67","12","2020","2","39.962531","-75.162501","0031","6","0","0","0","0","0","0","0","0","","0","0","0","0","3","0","N","0","0","39 57:45.110","","0","75 09:45.005","0","0","0","0","67301","0","0","0","N","0","0","0","1","67301","0","","5.0","","1","N","N","N","0","","0","0","0","0","0","","17","1","0","0","0","0","0","0","2","0","1","0","0","0","3","98","","N","","","","","","","","","",""
"2020104724","2155","2","0","0","0","0","0","0","0","0","6","0","","67","12","2020","6","40.035643","-75.124365","2152","6","0","0","0","0","0","0","0","0","","0","0","0","21","3","0","N","0","0","40 02:08.314","","0","75 07:27.715","9","0","0","0","67301","0","0","0","N","0","0","0","3","67301","0","","6.0","","9","N","N","N","0","","0","0","1","0","0","","2120","3","0","0","0","0","0","3","2","0","3","0","0","0","7","04","","N","","","","","","","","","",""
"2020088077","2018","0","0","0","0","0","0","0","0","0","5","0","","67","10","2020","5","39.972856","-75.202792","2015","6","0","0","0","0","0","0","0","0","","0","0","0","20","1","1","N","0","0","39 58:22.280","","0","75 12:10.050","3","0","0","0","67301","1","0","0","N","1","0","0","2","67301","0","","6.0","","1","N","N","N","0","","1","0","2","0","0","","2010","3","1","1","0","0","0","0","2","0","2","1","0","0","3","03","","N","","","","","","","","","",""
"2020085482","248","1","0","0","0","0","0","0","0","0","6","0","","67","10","2020","4","39.986919","-75.173594","0247","6","0","0","0","0","0","0","0","0","","0","0","0","2","3","0","N","0","1","39 59:12.910","4","0","75 10:24.940","0","0","0","0","67301","0","0","0","N","0","0","0","2","67301","0","","1.0","300.0","1","N","N","N","0","","0","0","0","0","0","N","203","2","0","0","0","0","0","0","2","0","2","0","0","0","3","","","N","","","","","","","","","",""
"2020068251","840","0","0","0","0","0","0","0","0","0","4","0","","67","8","2020","6","39.965808","-75.246149","0836","6","0","0","0","0","0","2","0","0","","0","0","0","8","1","1","","1","0","39 57:56.909","","0","75 14:46.136","4","0","0","0","67301","0","0","0","N","0","0","0","2","67301","1","","1.0","","1","N","N","N","0","","0","0","2","3","2","","830","2","1","0","0","0","0","0","2","0","2","0","0","0","3","03","","N","","","","","","","","","",""
"2020098804","1417","0","0","0","0","0","0","0","0","0","7","0","","67","11","2020","3","39.924475","-75.140756","1414","6","0","0","0","0","0","0","1","0","","0","0","0","14","1","1","N","0","0","39 55:28.110","","7","75 08:26.720","3","0","0","0","67301","0","0","0","N","0","0","0","2","67301","0","","4.0","","1","N","N","N","0","","1","0","0","0","0","","1410","1","1","0","0","0","0","0","2","1","1","0","0","0","3","03","","N","","","","","","","","","",""
"2020105880","1927","2","0","0","0","0","0","0","0","0","6","0","","67","12","2020","1","39.941494","-75.235019","1924","6","0","0","0","0","0","1","0","1","","0","0","0","15","1","1","","1","0","39 56:29.378","","0","75 14:06.067","3","0","0","0","67301","0","0","0","N","0","0","0","2","67301","0","","1.0","","1","N","N","N","0","","1","0","0","3","2","","1515","2","1","1","0","0","0","0","2","0","2","0","0","0","3","03","","N","","","","","","","","","",""
"2020083916","820","2","0","0","0","0","0","0","0","0","4","0","","67","10","2020","4","40.00194","-75.140075","0815","6","0","0","0","0","0","1","0","0","","0","0","0","7","5","0","","1","0","40 00:06.984","","0","75 08:24.270","0","0","0","0","67301","0","0","0","N","0","0","0","2","67301","0","","1.0","","1","N","N","N","0","","0","0","0","3","3","","721","2","0","0","0","0","0","0","2","0","2","0","0","0","3","03","","N","","","","","","","","","",""
"2020099478","1645","3","0","0","0","0","0","0","0","0","4","0","","67","11","2020","4","39.994043","-75.179834","1635","6","0","0","0","0","0","0","0","0","","0","0","0","16","1","0","","1","2","39 59:38.554","7","0","75 10:47.402","0","0","0","0","67301","0","0","0","N","0","0","0","3","67301","0","","1.0","1726.0","1","N","N","N","0","","0","0","1","3","3","Y","1630","4","0","2","0","0","0","0","2","0","4","0","0","0","3","03","","N","","","","","","","","","",""
"2020108479","114","1","0","0","0","0","0","0","0","0","7","0","","67","12","2020","3","39.889727","-75.233762","0109","6","0","0","0","0","0","0","0","0","","0","0","0","1","3","0","","3","0","39 53:23.016","","0","75 14:01.544","9","0","0","0","67301","0","0","0","N","0","0","0","1","67301","0","","5.0","","1","N","N","N","0","","0","0","0","9","2","","100","1","0","0","0","0","0","1","2","0","1","0","0","0","3","","","N","","","","","","","","","",""
"2020107348","0","0","0","0","0","0","0","0","0","0","8","0","","67","12","2020","6","40.043836","-75.138988","2359","6","0","0","0","0","0","0","0","0","","0","0","0","23","3","1","","1","0","40 02:37.809","","0","75 08:20.356","3","0","0","0","67301","1","0","0","N","1","0","0","2","67301","0","","1.0","","1","N","N","N","0","","1","0","0","0","0","","2340","2","1","0","0","0","0","1","2","0","1","1","0","0","3","03","","N","","","","","","","","","",""
"2020100806","135","2","0","0","0","0","0","0","0","0","4","0","","67","11","2020","2","40.031874","-75.131503","0129","6","0","0","0","0","0","0","0","0","","0","0","0","0","3","1","","1","1","40 01:54.746","3","0","75 07:53.410","8","0","0","0","67301","0","0","0","N","0","0","0","3","67301","0","","1.0","208.0","9","N","N","N","0","","0","0","0","3","2","Y","45","2","1","0","0","0","1","0","2","0","2","0","0","0","7","98","","N","","","","","","","","","",""
"2020083455","907","0","0","0","0","0","0","0","0","0","4","0","","67","10","2020","4","39.985595","-75.150912","0906","6","0","0","0","0","0","1","0","0","","0","0","0","9","1","0","","1","0","39 59:08.141","","0","75 09:03.283","0","0","0","0","67301","0","0","0","N","0","0","0","2","67301","0","","1.0","","1","N","N","N","0","","0","0","2","3","2","","905","2","0","0","0","0","0","0","2","0","2","0","0","0","3","03","","N","","","","","","","","","",""
"2020104725","203","1","0","0","0","0","0","0","0","0","6","0","","67","12","2020","7","40.028289","-75.148775","0159","6","0","0","0","0","0","1","0","0","","0","0","0","1","3","0","N","0","0","40 01:41.840","","0","75 08:55.590","0","0","0","0","67301","0","0","0","N","0","0","0","1","67301","0","","6.0","","9","N","N","Y","0","","0","0","1","0","0","","130","2","0","0","0","0","0","0","2","0","2","0","0","0","7","07","","N","","","","","","","","","",""
"2020112545","520","1","0","0","0","0","0","0","0","0","1","0","","67","12","2020","2","39.894402","-75.219006","0510","6","0","0","0","0","0","0","0","0","","0","0","0","5","3","1","N","0","1","39 53:39.847","3","3","75 13:08.423","3","0","0","0","67301","0","0","0","N","0","0","0","2","67301","0","","1.0","655.0","1","N","N","N","0","","1","0","1","0","0","N","508","2","1","0","0","0","0","0","2","0","2","0","0","0","3","03","","N","","","","","","","","","",""
"2020104028","756","0","0","0","0","0","0","0","0","0","5","0","","67","12","2020","4","40.012653","-75.081625","0756","6","0","0","0","0","0","0","0","0","","0","0","0","7","1","0","N","0","2","40 00:45.550","3","0","75 04:53.850","0","0","0","0","67301","0","0","0","N","0","0","0","1","67301","0","","1.0","830.0","1","N","N","N","0","","0","0","2","0","0","Y","755","2","0","1","0","0","0","0","2","0","2","0","0","0","3","03","","N","","","","","","","","","",""
"2020086198","1643","0","0","0","0","0","0","0","0","0","8","0","","67","10","2020","4","39.958928","-75.24139","1545","6","0","0","0","0","0","0","0","0","","0","0","0","15","1","1","","1","0","39 57:32.141","","0","75 14:29.004","3","0","0","0","67301","1","0","0","N","1","0","0","2","67301","0","","1.0","","1","N","N","N","0","","1","0","0","3","2","","1518","2","1","0","0","0","0","0","2","1","1","1","0","0","3","","","N","","","","","","","","","",""
"2020110976","1308","1","0","0","0","0","0","0","0","0","8","0","","67","12","2020","2","40.030945","-75.230431","1301","6","0","0","0","0","0","0","0","0","","0","0","0","12","1","1","","2","0","40 01:51.402","","0","75 13:49.551","3","0","0","0","67301","1","0","0","N","1","0","0","2","67301","0","","1.0","","7","N","N","N","0","","1","0","0","3","3","","1251","2","1","0","0","0","0","0","2","0","1","1","0","0","4","04","","N","","","","","","","","","",""
"2020083335","1930","0","0","0","0","0","0","0","0","0","7","0","","67","10","2020","3","39.895078","-75.247272","1930","6","0","0","0","0","0","1","0","0","","0","0","0","19","3","1","N","0","0","39 53:42.280","","0","75 14:50.180","8","0","0","1","67301","0","0","0","N","0","0","0","1","67301","0","","4.0","","1","N","N","N","0","","0","0","0","0","0","","1902","1","1","0","0","0","1","0","2","0","1","0","0","0","3","03","","N","","","","","","","","","",""
"2020083347","2154","1","0","0","0","0","0","0","0","0","4","0","","67","10","2020","2","39.963339","-75.215431","2154","6","0","0","0","0","0","0","0","0","","0","0","0","20","3","0","N","0","0","39 57:48.020","","0","75 12:55.550","0","0","0","0","67301","0","0","0","N","0","0","0","1","67301","0","","5.0","","1","N","N","N","0","","0","0","1","0","0","","2020","2","0","0","0","0","0","0","2","0","2","0","0","0","98","","","N","","","","","","","","","",""
"2020083350","1035","1","0","0","0","0","0","0","0","0","4","0","","67","10","2020","4","39.952925","-75.246703","1035","6","0","0","0","1","0","0","0","0","","0","0","0","10","1","1","","1","0","39 57:10.529","","0","75 14:48.130","8","0","0","0","67301","0","0","0","N","0","0","0","2","67301","0","","1.0","","1","N","N","N","0","","0","0","1","3","2","","1030","2","1","0","0","0","1","0","2","0","2","0","0","0","3","03","","N","","","","","","","","","",""
"2020103029","905","0","0","0","0","0","0","0","0","0","4","0","","67","11","2020","1","40.0262","-75.16915","0855","6","0","0","0","0","0","1","0","0","","0","0","0","8","1","1","","1","0","40 01:34.321","","0","75 10:08.941","3","0","0","0","67301","0","0","0","N","0","0","0","2","67301","0","","1.0","","1","N","N","N","0","","1","0","2","3","2","","822","2","1","2","0","0","0","1","2","0","2","0","0","0","3","","","N","","","","","","","","","",""
"2020083017","1632","0","0","0","0","0","0","0","0","0","4","0","","67","10","2020","3","40.070784","-75.1574","1630","6","0","0","0","0","0","2","0","0","","0","0","0","16","1","1","","1","0","40 04:14.822","","6","75 09:26.639","2","0","0","0","67301","0","0","0","N","0","0","0","2","67301","0","","1.0","","1","N","N","N","0","","0","1","1","3","2","","1630","2","1","0","0","0","0","0","2","0","2","0","0","0","3","03","","N","","","","","","","","","",""
"2020085394","55","4","0","0","0","0","0","0","0","0","4","0","","67","10","2020","3","40.020398","-75.140103","0055","6","0","0","0","0","0","0","0","0","","0","0","0","0","3","0","","1","0","40 01:13.432","","0","75 08:24.370","9","0","0","0","67301","0","0","0","N","0","0","0","2","67301","0","","1.0","","9","N","N","N","0","","0","0","1","3","3","","55","5","0","0","0","0","0","1","2","0","5","0","0","0","7","","","N","","","","","","","","","",""
"2020078397","1818","1","0","0","0","0","0","0","0","0","7","0","","67","9","2020","5","39.969946","-75.125451","1815","6","0","0","0","1","0","0","0","0","","0","0","0","18","1","1","N","7","2","39 58:11.804","1","2","75 07:31.625","3","0","0","0","67301","0","0","0","Y","0","0","0","2","68K01","0","","7.0","20.0","1","N","N","N","0","","1","0","0","0","0","N","1811","1","1","0","0","0","0","0","2","0","1","0","0","0","3","03","","N","","","","","","","","","",""
"2020069029","2040","1","0","0","1","0","0","0","0","0","8","0","","67","8","2020","2","40.00973","-75.154714","2033","6","0","0","0","0","0","0","0","0","","0","0","0","20","3","1","","3","1","40 00:35.027","1","0","75 09:16.971","8","0","0","0","67301","1","0","0","N","0","0","0","2","67301","0","","1.0","2158.0","1","N","N","N","0","","0","0","0","0","0","N","2025","2","1","0","0","0","1","0","2","0","1","1","0","0","3","03","","N","","","","","","","","","",""