"CRN","ARRIVAL_TM","AUTOMOBILE_COUNT","BELTED_DEATH_COUNT","BELTED_SUSP_SERIOUS_INJ_COUNT","BICYCLE_COUNT","BICYCLE_DEATH_COUNT","BICYCLE_SUSP_SERIOUS_INJ_COUNT","BUS_COUNT","CHLDPAS_DEATH_COUNT","CHLDPAS_SUSP_SERIOUS_INJ_COUNT","COLLISION_TYPE","COMM_VEH_COUNT","CONS_ZONE_SPD_LIM","COUNTY","CRASH_MONTH","CRASH_YEAR","DAY_OF_WEEK","DEC_LATITUDE","DEC_LONGITUDE","DISPATCH_TM","DISTRICT","DRIVER_COUNT_16YR","DRIVER_COUNT_17YR","DRIVER_COUNT_18YR","DRIVER_COUNT_19YR","DRIVER_COUNT_20YR","DRIVER_COUNT_50_64YR","DRIVER_COUNT_65_74YR","DRIVER_COUNT_75PLUS","EST_HRS_CLOSED","FATAL_COUNT","HEAVY_TRUCK_COUNT","HORSE_BUGGY_COUNT","HOUR_OF_DAY","ILLUMINATION","INJURY_COUNT","INTERSECTION_RELATED","INTERSECT_TYPE","LANE_CLOSED","LATITUDE","LN_CLOSE_DIR","LOCATION_TYPE","LONGITUDE","MAX_SEVERITY_LEVEL","MCYCLE_DEATH_COUNT","MCYCLE_SUSP_SERIOUS_INJ_COUNT","MOTORCYCLE_COUNT","MUNICIPALITY","NONMOTR_COUNT","NONMOTR_DEATH_COUNT","NONMOTR_SUSP_SERIOUS_INJ_COUNT","NTFY_HIWY_MAINT","PED_COUNT","PED_DEATH_COUNT","PED_SUSP_SERIOUS_INJ_COUNT","PERSON_COUNT","POLICE_AGCY","POSSIBLE_INJ_COUNT","RDWY_SURF_TYPE_CD","RELATION_TO_ROAD","ROADWAY_CLEARED","ROAD_CONDITION","SCH_BUS_IND","SCH_ZONE_IND","SECONDARY_CRASH","SMALL_TRUCK_COUNT","SPEC_JURIS_CD","SUSP_MINOR_INJ_COUNT","SUSP_SERIOUS_INJ_COUNT","SUV_COUNT","TCD_FUNC_CD","TCD_TYPE","TFC_DETOUR_IND","TIME_OF_DAY","TOTAL_UNITS","TOT_INJ_COUNT","UNBELTED_OCC_COUNT","UNB_DEATH_COUNT","UNB_SUSP_SERIOUS_INJ_COUNT","UNK_INJ_DEG_COUNT","UNK_INJ_PER_COUNT","URBAN_RURAL","VAN_COUNT","VEHICLE_COUNT","VULNERABLE_ROAD_USER_COUNT","VULNERABLE_ROAD_USER_DEATH_COUNT","VULNERABLE_ROAD_USER_SER_INJ_COUNT","WEATHER1","WEATHER2","WORKERS_PRES","WORK_ZONE_IND","WORK_ZONE_LOC","WORK_ZONE_TYPE","WZ_CLOSE_DETOUR","WZ_FLAGGER","WZ_LAW_OFFCR_IND","WZ_LN_CLOSURE","WZ_MOVING","WZ_OTHER","WZ_SHLDER_MDN","WZ_WORKERS_INJ_KILLED"
"2020087178","315","2","0","0","0","0","0","0","0","0","4","0","","67","10","2020","1","40.054502","-75.156458","0232","6","0","0","0","1","0","0","0","0","","0","0","0","2","3","1","","2","0","40 03:16.208","","0","75 09:23.249","3","0","0","0","67301","0","0","0","N","0","0","0","2","67301","0","","1.0","","1","N","N","N","0","","1","0","1","3","3","","218","3","1","0","0","0","0","0","2","0","3","0","0","0","3","03","","N","","","","","","","","","",""
"2020106972","1230","1","0","0","0","0","0","0","0","0","4","0","","67","12","2020","6","39.991482","-75.166846","1226","6","0","0","0","0","0","1","0","0","","0","0","0","12","1","2","","2","0","39 59:29.335","","0","75 10:00.645","4","0","0","0","67301","0","0","0","N","0","0","0","4","67301","1","","1.0","","1","N","N","N","1","","0","0","0","3","3","","1225","2","2","0","0","0","1","0","2","0","2","0","0","0","3","03","","N","","","","","","","","","",""
"2020098260","1655","2","0","0","0","0","0","0","0","0","2","0","","67","11","2020","2","40.015873","-75.153841","1654","6","0","0","0","0","0","0","0","0","","0","0","0","16","1","1","","1","0","40 00:57.144","","0","75 09:13.828","4","0","0","0","67301","0","0","0","N","0","0","0","2","67301","1","","1.0","","1","N","N","N","0","","0","0","0","3","2","","1650","2","1","0","0","0","0","0","2","0","2","0","0","0","3","03","","N","","","","","","","","","",""
"2020110373","1934","0","0","0","0","0","0","0","0","0","1","0","","67","12","2020","7","40.060428","-75.188347","1932","6","0","0","1","0","0","0","0","0","","0","0","0","19","4","1","N","0","0","40 03:37.540","","0","75 11:18.050","4","0","0","0","67301","0","0","0","N","0","0","0","3","67301","1","","1.0","","2","N","N","Y","1","","0","0","2","3","3","","1929","3","1","0","0","0","0","0","2","0","3","0","0","0","3","03","","N","","","","","","","","","",""
"2020087788","1435","2","0","0","0","0","0","0","0","0","1","0","","67","10","2020","2","40.078016","-75.043511","1420","6","0","0","0","1","0","2","0","0","","0","0","0","14","1","2","N","0","0","40 04:40.857","","0","75 02:36.638","3","0","0","0","67301","0","0","0","N","0","0","0","7","67301","0","","1.0","","1","N","N","N","0","","2","0","2","0","0","","1400","4","2","6","0","0","0","0","2","0","4","0","0","0","3","03","","N","","","","","","","","","",""
"2020077319","2057","3","0","0","0","0","0","0","0","0","5","0","","67","9","2020","7","39.967694","-75.205136","2057","6","0","0","0","0","0","0","0","0","","0","0","0","20","3","1","N","0","0","39 58:03.700","","0","75 12:18.490","4","0","0","0","67301","0","0","0","N","0","0","0","1","67301","1","","6.0","","1","N","N","N","0","","0","0","0","0","0","","2054","3","1","0","0","0","0","0","2","0","3","0","0","0","3","03","","N","","","","","","","","","",""
"2020108910","2121","2","0","0","0","0","0","0","0","0","2","0","","67","12","2020","3","40.001179","-75.081994","2121","6","0","0","0","0","0","0","0","0","","0","0","0","21","3","0","N","0","0","40 00:04.246","","0","75 04:55.179","0","0","0","0","67301","0","0","0","N","0","0","0","2","67301","0","","1.0","","1","N","N","N","0","","0","0","0","0","0","","2121","2","0","2","0","0","0","0","2","0","2","0","0","0","3","03","","N","","","","","","","","","",""
"2020090745","1754","1","0","0","0","0","0","0","0","0","1","0","","67","10","2020","2","39.947484","-75.187686","1746","6","0","0","0","0","0","1","0","0","","0","0","0","17","3","1","","1","0","39 56:50.944","","2","75 11:15.670","4","0","0","0","67301","0","0","0","N","0","0","0","2","68K01","1","","1.0","","9","N","N","N","0","","0","0","1","3","2","","1742","2","1","0","0","0","0","0","2","0","2","0","0","0","7","","","N","","","","","","","","","",""
"2020083564","319","0","0","0","1","0","0","0","0","0","8","0","","67","10","2020","5","39.994615","-75.164307","0316","6","0","0","0","0","0","0","0","0","","0","0","0","2","2","1","","2","0","39 59:40.613","","3","75 09:51.505","4","0","0","0","67301","1","0","0","N","0","0","0","2","67301","1","","1.0","","1","N","N","N","0","","0","0","0","3","3","","207","2","1","0","0","0","0","0","2","1","1","1","0","0","3","03","","N","","","","","","","","","",""
"2020083337","1400","1","0","0","0","0","0","0","0","0","4","0","","67","8","2020","5","39.965936","-75.20682","1400","6","0","0","0","0","0","0","0","0","","0","0","0","14","1","1","","1","0","39 57:57.368","","0","75 12:24.551","8","0","0","1","67301","0","0","0","N","0","0","0","2","67301","0","","1.0","","1","N","N","N","0","","0","0","0","3","3","","1400","2","1","0","0","0","1","0","2","0","2","0","0","0","3","","","N","","","","","","","","","",""
"2020086219","2222","5","0","0","0","0","0","0","0","0","5","0","","67","10","2020","3","39.997089","-75.170528","2220","6","0","0","0","0","0","0","0","0","","0","0","0","22","3","0","N","0","0","39 59:49.520","","0","75 10:13.900","0","0","0","0","67301","0","0","0","N","0","0","0","1","67301","0","","6.0","","1","N","N","N","0","","0","0","1","0","0","","2215","6","0","0","0","0","0","0","2","0","6","0","0","0","3","","","N","","","","","","","","","",""
"2020109326","2010","1","0","0","0","0","0","0","0","0","7","0","","67","12","2020","6","40.034108","-75.019833","1959","6","0","0","0","0","0","0","0","0","","0","0","0","19","3","0","N","0","1","40 02:02.789","2","0","75 01:11.398","0","0","0","0","67301","0","0","0","N","0","0","0","2","68K01","0","","2.0","2045.0","9","N","N","N","0","","0","0","0","0","0","N","1957","1","0","1","0","0","0","0","2","0","1","0","0","0","7","","","N","","","","","","","","","",""
"2020110375","2339","2","0","0","0","0","0","0","0","0","1","0","","67","12","2020","1","40.009175","-75.087894","2325","6","0","0","0","0","0","0","0","0","","0","0","0","23","3","0","N","0","0","40 00:33.030","","0","75 05:16.420","9","0","0","0","67301","0","0","0","N","0","0","0","1","67301","0","","6.0","","2","N","N","N","0","","0","0","0","0","0","","2315","3","0","0","0","0","0","1","2","1","3","0","0","0","10","05","","N","","","","","","","","","",""
"2020068257","754","1","0","0","0","0","0","0","0","0","1","0","","67","8","2020","6","40.007639","-75.127327","0741","6","0","0","0","0","0","1","0","0","","0","0","0","7","1","1","","1","1","40 00:27.502","3","0","75 07:38.377","3","0","0","0","67301","0","0","0","N","0","0","0","2","67301","0","","1.0","840.0","1","N","N","N","0","","1","0","1","3","2","N","730","2","1","0","0","0","0","0","2","0","2","0","0","0","3","03","","N","","","","","","","","","",""
"2020078315","929","3","0","0","0","0","0","0","0","0","4","0","","67","9","2020","4","39.971538","-75.16008","0924","6","0","0","0","0","0","1","0","0","","0","0","0","9","1","0","N","0","0","39 58:17.535","","7","75 09:36.288","0","0","0","0","67301","0","0","0","N","0","0","0","4","67301","0","","1.0","","1","N","N","N","0","","0","0","1","0","0","","923","4","0","0","0","0","0","0","2","0","4","0","0","0","3","","","N","","","","","","","","","",""
"2020083343","727","1","0","0","0","0","0","0","0","0","4","0","90","67","9","2020","4","39.95956","-75.19703","0725","6","0","0","0","0","0","0","0","0","","0","0","0","6","1","1","","1","1","39 57:34.415","4","0","75 11:49.307","3","0","0","0","67301","0","0","0","N","0","0","0","2","67301","0","","1.0","100.0","1","N","N","Y","1","","1","0","0","3","2","N","604","2","1","0","0","0","0","0","2","0","2","0","0","0","3","03","N","Y","8","1","N","N","N","N","N","Y","N","N"
"2020111559","2020","1","0","0","0","0","0","0","0","0","4","0","","67","12","2020","3","39.965289","-75.201546","2012","6","0","0","0","0","0","1","0","0","","0","0","0","19","3","0","","1","0","39 57:55.040","","0","75 12:05.565","0","0","0","0","67301","0","0","0","N","0","0","0","2","67301","0","","1.0","","1","N","N","N","0","","0","0","0","3","3","","1959","2","0","0","0","0","0","0","2","0","2","0","0","0","3","","","N","","","","","","","","","",""
"2020074441","1210","0","0","0","0","0","0","0","0","0","1","0","","67","9","2020","6","39.924031","-75.143304","1210","6","0","0","0","0","0","1","0","0","","0","0","0","10","1","1","","2","0","39 55:26.513","","0","75 08:35.896","3","0","0","0","67301","0","0","0","N","0","0","0","2","67301","0","","1.0","","1","N","N","N","0","","1","0","1","3","2","","1045","2","1","2","0","0","0","1","2","1","2","0","0","0","3","03","","N","","","","","","","","","",""
"2020073388","1824","2","0","0","0","0","0","0","0","0","4","0","","67","9","2020","2","40.002001","-75.168895","1819","6","0","0","0","0","0","0","0","0","","0","0","0","18","1","1","","2","0","40 00:07.203","","0","75 10:08.022","3","0","0","0","67301","0","0","0","N","0","0","0","2","67301","0","","1.0","","1","N","N","N","0","","1","0","2","3","3","","1812","4","1","0","0","0","0","0","2","0","4","0","0","0","3","03","","N","","","","","","","","","",""
"2020101957","1437","0","0","0","0","0","0","0","0","0","4","0","","67","11","2020","2","40.017947","-75.149347","1435","6","0","0","0","0","0","0","0","1","","0","0","0","14","1","4","","1","0","40 01:04.608","","0","75 08:57.650","3","0","0","0","67301","0","0","0","N","0","0","0","4","67301","0","","1.0","","1","N","N","N","0","","4","0","2","3","2","","1430","2","4","0","0","0","0","0","2","0","2","0","0","0","3","03","","N","","","","","","","","","",""
"2020107318","1652","1","0","0","0","0","0","0","0","0","1","0","","67","12","2020","7","40.001782","-75.081039","1645","6","0","0","0","0","0","2","0","0","","0","0","0","16","4","1","N","0","0","40 00:06.415","","0","75 04:51.741","4","0","0","0","67301","0","0","0","N","0","0","0","2","67301","1","","4.0","","1","N","N","N","0","","0","0","1","0","0","","1639","2","1","0","0","0","0","0","2","0","2","0","0","0","3","03","","N","","","","","","","","","",""
"2020082127","1633","0","0","0","0","0","0","0","0","0","4","0","","67","10","2020","1","40.081392","-75.177001","1633","6","0","0","0","0","0","0","0","0","","0","0","0","16","1","2","","1","0","40 04:53.011","","0","75 10:37.203","3","0","0","0","67301","0","0","0","N","0","0","0","2","67301","0","","1.0","","1","N","N","Y","0","","2","0","3","3","3","","1632","3","2","0","0","0","0","0","2","0","3","0","0","0","3","03","","N","","","","","","","","","",""
"2020087332","1320","1","0","0","0","0","0","0","0","0","4","0","","67","10","2020","6","39.92102","-75.173242","1315","6","0","0","0","0","0","1","0","0","","0","0","0","12","1","0","","1","0","39 55:15.671","","0","75 10:23.671","0","0","0","0","67301","0","0","0","N","0","0","0","2","67301","0","","1.0","","9","N","N","N","1","","0","0","0","3","3","","1215","2","0","0","0","0","0","0","2","0","2","0","0","0","7","","","N","","","","","","","","","",""
"2020068252","500","0","0","0","0","0","0","0","0","0","5","0","","67","8","2020","7","39.979697","-75.216636","0455","6","0","0","0","1","0","0","0","0","","0","0","0","4","3","0","N","0","0","39 58:46.910","","0","75 12:59.890","0","0","0","0","67301","0","0","0","N","0","0","0","3","67301","0","","6.0","","1","N","N","N","0","","0","0","2","0","0","","426","2","0","2","0","0","0","0","2","0","2","0","0","0","3","03","","N","","","","","","","","","",""
"2020069021","1715","1","0","0","0","0","0","0","0","0","4","0","","67","8","2020","3","40.054847","-75.168958","1715","6","0","0","0","0","0","1","0","0","","0","0","0","16","1","1","","1","0","40 03:17.448","","0","75 10:08.247","3","0","0","0","67301","0","0","0","N","0","0","0","2","67301","0","","1.0","","1","N","N","N","0","","1","0","1","3","2","","1656","2","1","0","0","0","0","0","2","0","2","0","0","0","3","03","","N","","","","","","","","","",""
"2020076527","40","2","0","0","0","0","0","0","0","0","4","0","","67","9","2020","6","40.059094","-75.075085","0034","6","0","1","0","0","0","0","0","0","","0","0","0","0","3","0","","1","0","40 03:32.738","","0","75 04:30.306","0","0","0","1","67301","0","0","0","N","0","0","0","2","67301","0","","1.0","","1","N","N","N","1","","0","0","0","3","3","","19","4","0","0","0","0","0","0","2","0","4","0","0","0","3","03","","N","","","","","","","","","",""
"2020073156","2355","2","0","0","0","0","0","0","0","0","5","0","","67","9","2020","2","40.041917","-75.068111","2352","6","0","0","0","0","0","0","0","0","","0","0","0","22","3","0","N","0","1","40 02:30.900","4","0","75 04:05.200","0","0","0","0","67301","0","0","0","N","0","0","0","1","67301","0","","6.0","100.0","1","N","N","N","0","","0","0","1","0","0","Y","2255","3","0","0","0","0","0","0","2","0","3","0","0","0","3","03","","N","","","","","","","","","",""
"2020067895","550","1","0","0","0","0","0","0","0","0","6","0","","67","8","2020","5","40.005819","-75.134447","0545","6","0","0","0","0","1","0","0","0","","0","0","0","5","5","1","N","0","0","40 00:20.950","","0","75 08:04.010","4","0","0","0","67301","0","0","0","N","0","0","0","2","67301","1","","1.0","","1","N","N","N","0","","0","0","2","0","0","","540","3","1","1","0","0","0","0","2","0","3","0","0","0","3","03","","N","","","","","","","","","",""
"2020069953","2010","0","0","0","0","0","0","0","0","0","7","0","","67","8","2020","5","39.985854","-75.140268","2005","6","0","0","0","0","0","1","0","0","","0","0","0","17","1","1","N","0","0","39 59:09.073","","0","75 08:24.965","3","0","0","0","67301","0","0","0","N","0","0","0","1","67301","0","","5.0","","1","N","N","N","0","","1","0","1","0","0","","1759","1","1","0","0","0","0","0","2","0","1","0","0","0","3","03","","N","","","","","","","","","",""
"2020087970","1030","1","0","0","0","0","0","0","0","0","4","0","","67","10","2020","3","39.970228","-75.236751","1030","6","0","0","0","0","0","1","0","0","","0","0","0","8","3","1","","2","0","39 58:12.820","","0","75 14:12.303","3","0","0","0","67301","0","0","0","N","0","0","0","2","67301","0","","1.0","","1","N","N","N","0","","1","0","1","3","3","","855","2","1","0","0","0","0","0","2","0","2","0","0","0","3","","","N","","","","","","","","","",""
"2020110820","905","1","0","0","0","0","0","0","0","0","4","0","","67","12","2020","2","39.968939","-75.159927","0905","6","0","0","0","0","0","0","1","0","","0","0","0","6","3","1","","1","0","39 58:08.181","","0","75 09:35.736","3","0","0","0","67301","0","0","0","N","0","0","0","2","67301","0","","1.0","","9","N","N","N","0","","1","0","1","3","2","","650","2","1","0","0","0","0","0","2","0","2","0","0","0","3","03","","N","","","","","","","","","",""
"2020112074","47","0","0","0","0","0","0","0","0","0","4","0","","67","12","2020","6","39.95667","-75.198014","0046","6","0","0","0","0","0","1","0","0","","0","0","0","0","3","3","","1","1","39 57:24.012","6","0","75 11:52.849","4","0","0","0","67301","0","0","0","N","0","0","0","3","67301","2","","1.0","355.0","9","N","N","N","0","","0","0","2","3","2","Y","45","2","3","0","0","0","1","0","2","0","2","0","0","0","7","08","","N","","","","","","","","","",""
"2020083034","1636","1","0","0","0","0","0","0","0","0","8","0","","67","10","2020","2","40.015303","-75.137158","1636","6","0","0","0","0","0","1","0","0","","0","0","0","16","3","1","","1","0","40 00:55.090","","0","75 08:13.768","3","0","0","0","67301","1","0","0","N","1","0","0","2","67301","0","","1.0","","1","N","N","N","0","","1","0","0","3","2","","1636","2","1","0","0","0","0","0","2","0","1","1","0","0","3","03","","N","","","","","","","","","",""
"2020085572","448","1","0","0","0","0","0","0","0","0","7","0","","67","10","2020","3","39.940675","-75.143119","0429","6","0","0","0","0","0","0","0","0","","0","0","0","4","3","0","N","0","1","39 56:26.431","1","0","75 08:35.229","0","0","0","0","67301","0","0","0","N","0","0","0","1","68K01","0","","4.0","20.0","9","N","N","N","0","","0","0","0","0","0","N","428","1","0","0","0","0","0","0","2","0","1","0","0","0","7","07","","N","","","","","","","","","",""
"2020100445","9","2","0","1","0","0","0","0","0","0","4","0","","67","11","2020","4","39.937174","-75.161492","2355","6","0","0","0","0","0","0","0","0","","0","0","0","16","1","1","","1","0","39 56:13.826","","0","75 09:41.371","2","0","0","0","67301","0","0","0","N","0","0","0","2","67301","0","","1.0","","1","N","N","N","0","","0","1","0","3","2","","1600","2","1","0","0","0","0","1","2","0","2","0","0","0","3","03","","N","","","","","","","","","",""
"2020113976","653","1","0","0","0","0","0","0","0","0","7","0","","67","12","2020","6","39.968779","-75.127478","0651","6","0","0","0","0","0","0","0","0","","0","0","0","6","3","0","N","0","1","39 58:07.606","1","0","75 07:38.921","9","0","0","0","67301","0","0","0","N","0","0","0","1","68K01","0","","4.0","30.0","1","N","N","N","0","","0","0","0","0","0","N","639","1","0","0","0","0","0","1","2","0","1","0","0","0","3","","","N","","","","","","","","","",""
"2020110364","7","0","0","0","0","0","0","0","0","0","2","0","","67","12","2020","5","40.104091","-75.028053","2359","6","0","0","0","0","0","0","0","0","","0","0","0","23","3","1","N","0","0","40 06:14.729","","0","75 01:40.989","3","0","0","0","67301","0","0","0","N","0","0","0","2","67301","0","","1.0","","6","N","N","N","0","","1","0","2","0","0","","2355","2","1","0","0","0","0","0","2","0","2","0","0","0","4","04","","N","","","","","","","","","",""
"2020085163","2105","2","0","0","0","0","0","0","0","0","5","0","","67","10","2020","2","40.000778","-75.171044","2105","6","0","0","1","0","0","0","0","0","","0","0","0","21","3","1","N","0","0","40 00:02.800","","0","75 10:15.760","3","0","0","0","67301","0","0","0","N","0","0","0","1","67301","0","","6.0","","9","N","N","N","0","","1","0","1","0","0","","2105","3","1","1","0","0","0","0","2","0","3","0","0","0","7","","","N","","","","","","","","","",""
"2020068246","1148","0","0","0","0","0","0","0","0","0","4","0","","67","8","2020","5","39.985761","-75.215703","2325","6","0","0","0","0","0","0","0","0","","0","0","0","19","1","1","","1","0","39 59:08.741","","0","75 12:56.531","8","0","0","1","67301","0","0","0","N","0","0","0","2","67301","0","","1.0","","1","N","N","N","0","","0","0","1","3","2","","1940","2","1","0","0","0","1","1","2","0","2","0","0","0","3","03","","N","","","","","","","","","",""
"2020070141","1715","1","0","0","0","0","0","0","0","0","4","0","","67","8","2020","3","40.027304","-75.055141","1711","6","0","0","0","0","0","0","0","0","","0","0","0","17","1","4","","1","2","40 01:38.294","7","6","75 03:18.509","3","0","0","0","67301","0","0","0","N","0","0","0","5","67301","0","","1.0","1837.0","1","N","N","N","0","","4","0","0","3","3","Y","1708","2","4","0","0","0","0","1","2","1","2","0","0","0","3","03","","N","","","","","","","","","",""
"2020084162","234","2","0","0","0","0","0","0","0","0","4","0","","67","10","2020","7","40.048633","-75.144887","0234","6","0","0","0","0","0","0","0","0","","0","0","0","2","3","1","","1","0","40 02:55.080","","0","75 08:41.593","8","0","0","0","67301","0","0","0","N","0","0","0","2","67301","0","","1.0","","1","N","N","N","0","","0","0","0","3","2","","232","2","1","0","0","0","1","1","2","0","2","0","0","0","3","03","","N","","","","","","","","","",""
"2020069022","2345","0","0","0","0","0","0","0","0","0","4","0","","67","8","2020","3","40.018922","-75.049504","2340","6","0","0","0","0","0","0","0","0","","0","0","0","23","3","1","","2","0","40 01:08.120","","0","75 02:58.216","3","0","0","0","67301","0","0","0","N","0","0","0","2","67301","0","","1.0","","1","N","N","N","0","","1","0","0","3","3","","2334","2","1","0","0","0","0","0","2","1","2","0","0","0","3","03","","N","","","","","","","","","",""
"2020083013","936","1","0","0","0","0","0","0","0","0","4","0","","67","10","2020","3","40.098051","-75.030493","0934","6","0","0","0","0","0","0","0","1","","0","0","0","9","1","1","","2","0","40 05:52.983","","0","75 01:49.774","3","0","0","0","67301","0","0","0","N","0","0","0","2","67301","0","","1.0","","1","N","N","N","0","","1","0","1","3","2","","934","2","1","0","0","0","0","0","2","0","2","0","0","0","3","03","","N","","","","","","","","","",""
"2020084607","719","2","0","0","0","0","0","0","0","0","1","0","","67","10","2020","7","40.02958","-75.103989","0702","6","0","0","0","0","0","1","0","0","","0","0","0","6","1","1","","3","0","40 01:46.488","","0","75 06:14.359","3","0","0","0","67301","0","0","0","N","0","0","0","4","67301","0","","1.0","","1","N","N","N","0","","1","0","0","3","2","","656","3","1","1","0","0","0","0","2","0","3","0","0","0","3","","","N","","","","","","","","","",""
"2020089097","1249","1","0","0","0","0","0","0","0","0","7","0","45","67","10","2020","6","39.969747","-75.125749","1229","6","0","0","0","1","0","0","0","0","","0","0","0","12","1","1","N","0","1","39 58:11.089","1","0","75 07:32.695","3","0","0","0","67301","0","0","0","N","0","0","0","1","68K01","0","","3.0","1310.0","1","N","N","N","0","","1","0","0","0","0","N","1219","1","1","0","0","0","0","0","2","0","1","0","0","0","3","","N","Y","4","1","","","N","","","","Y","N"
"2020107236","845","3","0","0","0","0","0","0","0","0","6","0","","67","12","2020","6","40.003097","-75.137006","0840","6","0","0","0","0","0","0","0","0","","0","0","0","7","1","0","N","0","0","40 00:11.150","","0","75 08:13.220","0","0","0","0","67301","0","0","0","N","0","0","0","1","67301","0","","6.0","","1","N","N","Y","0","","0","0","0","0","0","","752","3","0","0","0","0","0","0","2","0","3","0","0","0","3","03","","N","","","","","","","","","",""
"2020069932","745","1","0","0","0","0","0","0","0","0","6","0","","67","8","2020","5","39.927906","-75.230333","0744","6","0","0","0","0","0","0","0","0","","0","0","0","7","1","1","N","0","2","39 55:40.460","5","0","75 13:49.200","3","0","0","0","67301","0","0","0","N","0","0","0","2","67301","0","","6.0","845.0","1","N","N","N","0","","1","0","2","0","0","Y","742","3","1","2","0","0","0","0","2","0","3","0","0","0","3","03","","N","","","","","","","","","",""
"2020076701","244","1","0","0","0","0","0","0","0","0","7","0","","67","8","2020","7","39.888945","-75.202349","0244","6","0","0","0","0","0","0","0","0","","0","0","0","2","3","0","N","0","0","39 53:20.201","","3","75 12:08.456","0","0","0","0","67301","0","0","0","N","0","0","0","1","68K01","0","","4.0","","1","N","N","N","0","","0","0","0","0","0","","243","1","0","0","0","0","0","0","2","0","1","0","0","0","3","","","N","","","","","","","","","",""
"2020069351","1831","1","0","0","0","0","0","0","0","0","5","0","","67","8","2020","5","39.901329","-75.152322","1820","6","0","0","0","0","1","0","0","0","","0","0","0","18","1","0","N","0","0","39 54:04.784","","3","75 09:08.359","9","0","0","0","67301","0","0","0","N","0","0","0","2","68K01","0","","1.0","","1","N","N","N","0","","0","0","0","0","0","","1803","2","0","0","0","0","0","1","2","0","2","0","0","0","3","","","N","","","","","","","","","",""
"2020070325","1540","1","0","0","0","0","0","0","0","0","4","0","","67","8","2020","7","40.067113","-75.148667","1520","6","0","0","0","0","0","1","1","0","","0","0","0","15","1","1","","1","0","40 04:01.606","","0","75 08:55.201","8","0","0","0","67301","0","0","0","N","0","0","0","3","67301","0","","1.0","","9","N","N","N","0","","0","0","1","3","3","","1508","2","1","0","0","0","1","0","2","0","2","0","0","0","7","04","","N","","","","","","","","","",""
"2020083451","730","0","0","0","0","0","0","0","0","0","8","0","","67","10","2020","5","39.914008","-75.149937","0726","6","0","0","0","0","0","0","0","0","","0","0","0","7","1","1","","1","0","39 54:50.430","","0","75 08:59.773","3","0","0","0","67301","1","0","0","N","1","0","0","2","67301","0","","1.0","","1","N","N","N","0","","1","0","0","3","2","","725","2","1","0","0","0","0","0","2","1","1","1","0","0","3","","","N","","","","","","","","","",""
"2020098763","645","1","0","0","0","0","0","0","0","0","8","0","","67","11","2020","4","39.95728","-75.203302","0644","6","0","0","0","0","0","0","0","1","","0","0","0","6","1","1","","2","0","39 57:26.208","","0","75 12:11.886","3","0","0","0","67301","1","0","0","N","1","0","0","2","67504","0","","1.0","","1","N","N","N","0","","1","0","0","3","2","","640","2","1","0","0","0","0","1","2","0","1","1","0","0","3","","","N","","","","","","","","","",""
"2020086191","1550","2","0","0","0","0","0","0","0","0","4","0","","67","10","2020","2","40.005033","-75.080361","1537","6","0","0","0","1","0","0","0","0","","0","0","0","15","1","2","","1","0","40 00:18.118","","0","75 04:49.299","3","0","0","0","67301","0","0","0","N","0","0","0","3","67301","0","","1.0","","9","N","N","N","0","","2","0","1","3","3","","1500","3","2","0","0","0","0","0","2","0","3","0","0","0","4","07","","N","","","","","","","","","",""
"2020089108","1952","0","0","0","0","0","0","0","0","0","7","0","","67","10","2020","1","39.940684","-75.143119","1927","6","0","0","0","0","0","1","0","0","","0","0","0","19","3","2","N","0","0","39 56:26.461","","0","75 08:35.227","3","0","0","0","67301","0","0","0","N","0","0","0","2","68K01","0","","4.0","","9","N","N","N","0","","2","0","1","0","0","","1912","1","2","0","0","0","0","0","2","0","1","0","0","0","7","","","N","","","","","","","","","",""
"2020083558","1749","0","0","0","0","0","0","0","0","0","4","0","","67","10","2020","4","40.060813","-75.068057","1742","6","0","0","0","0","0","0","0","0","","0","1","0","17","1","1","","1","2","40 03:38.926","5","0","75 04:05.005","3","0","0","0","67301","0","0","0","N","0","0","0","2","67301","0","","1.0","1820.0","1","N","N","N","1","","1","0","2","3","2","Y","1737","4","1","0","0","0","0","0","2","0","4","0","0","0","3","","","N","","","","","","","","","",""
"2020105316","1305","1","0","0","0","0","0","0","0","0","4","0","","67","12","2020","6","39.93973","-75.225514","1305","6","0","0","0","0","0","0","0","0","","0","0","0","5","3","1","","1","0","39 56:23.027","","0","75 13:31.850","3","0","0","0","67301","0","0","0","N","0","0","0","2","67301","0","","1.0","","1","N","N","N","0","","1","0","1","9","2","","510","2","1","0","0","0","0","1","2","0","2","0","0","0","3","","","N","","","","","","","","","",""
"2020094115","1608","1","0","0","0","0","0","0","0","0","4","0","","67","10","2020","3","40.027457","-75.062384","1558","6","0","0","0","0","0","1","0","0","","0","0","0","13","1","1","","1","0","40 01:38.846","","0","75 03:44.583","3","0","0","0","67301","0","0","0","N","0","0","0","2","67301","0","","1.0","","99","N","N","N","0","","1","0","1","3","2","","1319","2","1","0","0","0","0","1","2","0","2","0","0","0","99","03","","N","","","","","","","","","",""
"2020101363","1350","3","0","0","0","0","0","0","0","0","4","0","","67","11","2020","3","39.987508","-75.163075","1347","6","0","0","0","0","0","0","0","0","","0","0","0","13","1","0","N","0","2","39 59:15.030","2","0","75 09:47.070","0","0","0","0","67301","0","0","0","N","0","0","0","1","67301","0","","1.0","1453.0","1","N","N","N","0","","0","0","0","0","0","Y","1300","3","0","0","0","0","0","0","2","0","3","0","0","0","3","","","N","","","","","","","","","",""