"CRN","ARRIVAL_TM","AUTOMOBILE_COUNT","BELTED_DEATH_COUNT","BELTED_SUSP_SERIOUS_INJ_COUNT","BICYCLE_COUNT","BICYCLE_DEATH_COUNT","BICYCLE_SUSP_SERIOUS_INJ_COUNT","BUS_COUNT","CHLDPAS_DEATH_COUNT","CHLDPAS_SUSP_SERIOUS_INJ_COUNT","COLLISION_TYPE","COMM_VEH_COUNT","CONS_ZONE_SPD_LIM","COUNTY","CRASH_MONTH","CRASH_YEAR","DAY_OF_WEEK","DEC_LATITUDE","DEC_LONGITUDE","DISPATCH_TM","DISTRICT","DRIVER_COUNT_16YR","DRIVER_COUNT_17YR","DRIVER_COUNT_18YR","DRIVER_COUNT_19YR","DRIVER_COUNT_20YR","DRIVER_COUNT_50_64YR","DRIVER_COUNT_65_74YR","DRIVER_COUNT_75PLUS","EST_HRS_CLOSED","FATAL_COUNT","HEAVY_TRUCK_COUNT","HORSE_BUGGY_COUNT","HOUR_OF_DAY","ILLUMINATION","INJURY_COUNT","INTERSECTION_RELATED","INTERSECT_TYPE","LANE_CLOSED","LATITUDE","LN_CLOSE_DIR","LOCATION_TYPE","LONGITUDE","MAX_SEVERITY_LEVEL","MCYCLE_DEATH_COUNT","MCYCLE_SUSP_SERIOUS_INJ_COUNT","MOTORCYCLE_COUNT","MUNICIPALITY","NONMOTR_COUNT","NONMOTR_DEATH_COUNT","NONMOTR_SUSP_SERIOUS_INJ_COUNT","NTFY_HIWY_MAINT","PED_COUNT","PED_DEATH_COUNT","PED_SUSP_SERIOUS_INJ_COUNT","PERSON_COUNT","POLICE_AGCY","POSSIBLE_INJ_COUNT","RDWY_SURF_TYPE_CD","RELATION_TO_ROAD","ROADWAY_CLEARED","ROAD_CONDITION","SCH_BUS_IND","SCH_ZONE_IND","SECONDARY_CRASH","SMALL_TRUCK_COUNT","SPEC_JURIS_CD","SUSP_MINOR_INJ_COUNT","SUSP_SERIOUS_INJ_COUNT","SUV_COUNT","TCD_FUNC_CD","TCD_TYPE","TFC_DETOUR_IND","TIME_OF_DAY","TOTAL_UNITS","TOT_INJ_COUNT","UNBELTED_OCC_COUNT","UNB_DEATH_COUNT","UNB_SUSP_SERIOUS_INJ_COUNT","UNK_INJ_DEG_COUNT","UNK_INJ_PER_COUNT","URBAN_RURAL","VAN_COUNT","VEHICLE_COUNT","VULNERABLE_ROAD_USER_COUNT","VULNERABLE_ROAD_USER_DEATH_COUNT","VULNERABLE_ROAD_USER_SER_INJ_COUNT","WEATHER1","WEATHER2","WORKERS_PRES","WORK_ZONE_IND","WORK_ZONE_LOC","WORK_ZONE_TYPE","WZ_CLOSE_DETOUR","WZ_FLAGGER","WZ_LAW_OFFCR_IND","WZ_LN_CLOSURE","WZ_MOVING","WZ_OTHER","WZ_SHLDER_MDN","WZ_WORKERS_INJ_KILLED"
"2020084707","1707","0","0","0","0","0","0","0","0","0","1","0","","67","10","2020","1","39.994154","-75.156229","1707","6","0","0","0","0","0","2","0","0","","0","0","0","17","1","2","","1","0","39 59:38.956","","0","75 09:22.424","3","0","0","0","67301","0","0","0","N","0","0","0","3","67301","0","","1.0","","1","N","N","N","0","","2","0","2","3","2","","1706","2","2","0","0","0","0","0","2","0","2","0","0","0","3","04","","N","","","","","","","","","",""
"2020069945","1553","2","0","0","0","0","0","0","0","0","5","0","","67","8","2020","1","39.895796","-75.237489","1553","6","0","0","0","0","0","0","0","0","","0","0","0","14","1","0","","3","0","39 53:44.867","","0","75 14:14.960","9","0","0","0","67301","0","0","0","N","0","0","0","3","67301","0","","1.0","","9","N","N","N","0","","0","0","0","0","0","","1400","2","0","1","0","0","0","1","2","0","2","0","0","0","7","07","","N","","","","","","","","","",""
"2020068299","713","1","0","0","0","0","0","0","0","0","7","0","","67","8","2020","6","39.995651","-75.197586","0705","6","0","0","0","0","0","0","0","0","","0","0","0","7","1","1","N","0","0","39 59:44.342","","0","75 11:51.310","8","0","0","0","67301","0","0","0","N","0","0","0","1","68K01","0","","4.0","","1","N","N","N","0","","0","0","0","0","0","","700","1","1","1","0","0","1","0","2","0","1","0","0","0","3","","","N","","","","","","","","","",""
"2020083215","1148","2","0","0","0","0","0","0","0","0","1","0","","67","9","2020","3","39.980185","-75.205358","1143","6","0","0","0","0","0","0","0","0","","0","0","0","11","1","0","N","0","1","39 58:48.667","3","0","75 12:19.288","0","0","0","0","67301","0","0","0","N","0","0","0","2","68K01","0","","1.0","1200.0","1","N","N","N","0","","0","0","0","0","0","N","1134","2","0","0","0","0","0","0","2","0","2","0","0","0","3","03","","N","","","","","","","","","",""
"2020086093","2354","1","0","1","0","0","0","0","0","0","7","0","","67","10","2020","4","39.9225","-75.190083","2353","6","0","0","0","0","0","0","0","0","","0","0","0","23","3","1","","7","2","39 55:21.000","4","8","75 11:24.300","2","0","0","0","67301","0","0","0","N","0","0","0","2","67501","0","","7.0","210.0","1","N","N","N","0","","0","1","0","0","0","Y","2352","1","1","0","0","0","0","0","2","0","1","0","0","0","3","","","N","","","","","","","","","",""
"2020107087","1756","0","0","0","0","0","0","0","0","0","4","0","","67","12","2020","6","39.991563","-75.136538","1755","6","0","0","0","0","0","0","0","0","","0","0","0","17","3","1","N","0","0","39 59:29.627","","0","75 08:11.535","3","0","0","0","67301","0","0","0","N","0","0","0","2","67301","0","","1.0","","1","N","N","N","0","","1","0","2","0","0","","1750","2","1","0","0","0","0","0","2","0","2","0","0","0","3","03","","N","","","","","","","","","",""
"2020112002","918","1","0","0","0","0","0","0","0","0","1","0","","67","12","2020","6","39.970597","-75.159561","0914","6","0","0","0","0","0","0","0","0","","0","0","0","9","1","1","Y","0","0","39 58:14.149","","0","75 09:34.421","4","0","0","0","67301","0","0","0","N","0","0","0","2","67301","1","","1.0","","9","N","N","N","0","","0","0","1","3","2","","900","2","1","0","0","0","0","0","2","0","2","0","0","0","4","03","","N","","","","","","","","","",""
"2020084903","245","2","0","0","0","0","0","0","0","0","5","0","","67","10","2020","2","39.940583","-75.210361","0240","6","0","0","0","0","0","0","0","0","","0","0","0","2","3","0","N","0","1","39 56:26.100","1","0","75 12:37.300","0","0","0","0","67301","0","0","0","N","0","0","0","1","67301","0","","6.0","357.0","9","N","N","N","0","","0","0","0","0","0","N","225","2","0","0","0","0","0","0","2","0","2","0","0","0","7","","","N","","","","","","","","","",""
"2020093047","1103","1","0","0","0","0","0","0","0","0","5","0","","67","10","2020","4","39.981944","-75.100694","1103","6","0","0","0","0","0","0","0","0","","0","0","0","10","1","0","","7","1","39 58:55.000","1","2","75 06:02.500","0","0","0","0","67301","0","0","0","N","0","0","0","2","68K01","0","","7.0","30.0","1","N","N","N","0","","0","0","1","0","0","N","1058","2","0","0","0","0","0","0","2","0","2","0","0","0","3","03","","N","","","","","","","","","",""
"2020092817","725","1","0","0","0","0","0","0","0","0","5","0","","67","10","2020","3","39.942472","-75.151444","0720","6","0","0","0","0","0","0","0","0","","0","0","0","7","3","0","N","0","0","39 56:32.900","","0","75 09:05.200","0","0","0","0","67301","0","0","0","N","0","0","0","1","67301","0","","6.0","","1","N","N","N","0","","0","0","3","0","0","","715","4","0","1","0","0","0","0","2","0","4","0","0","0","3","","","N","","","","","","","","","",""
"2020110372","2035","1","0","0","0","0","0","0","0","0","7","0","","67","12","2020","6","40.056369","-75.197115","2031","6","0","0","0","0","0","0","0","0","","0","0","0","19","3","0","","2","0","40 03:22.927","","99","75 11:49.613","9","0","0","0","67301","0","0","0","N","0","0","0","1","67301","0","","4.0","","9","N","N","N","0","","0","0","0","3","3","","1908","1","0","0","0","0","0","1","2","0","1","0","0","0","3","03","","N","","","","","","","","","",""
"2020094368","2","1","0","0","0","0","0","0","0","0","98","0","","67","10","2020","2","40.038704","-75.00946","2357","6","0","0","0","0","0","0","0","0","","0","0","0","23","3","0","N","0","0","40 02:19.333","","0","75 00:34.056","0","0","0","0","67301","0","0","0","N","0","0","0","1","68K01","0","","4.0","","9","N","N","N","0","","0","0","0","0","0","","2334","1","0","0","0","0","0","0","2","0","1","0","0","0","3","","","N","","","","","","","","","",""
"2020090853","2030","2","0","0","0","0","0","0","0","0","1","0","","67","10","2020","4","39.977502","-75.158196","2025","6","0","0","0","0","0","0","0","0","","0","0","0","20","3","0","N","0","0","39 58:39.006","","0","75 09:29.507","0","0","0","0","67301","0","0","0","N","0","0","0","2","67505","0","","1.0","","1","N","N","N","0","","0","0","0","0","0","","2020","2","0","0","0","0","0","0","2","0","2","0","0","0","3","03","","N","","","","","","","","","",""
"2020109549","2323","0","0","0","0","0","0","0","0","0","8","0","","67","12","2020","5","39.948303","-75.1743","2203","6","0","0","0","0","0","0","0","0","","0","0","0","22","3","1","N","0","0","39 56:53.890","","0","75 10:27.480","3","0","0","0","67301","1","0","0","N","1","0","0","2","67301","0","","1.0","","7","N","N","N","0","","1","0","1","0","0","","2200","2","1","0","0","0","0","1","2","0","1","1","0","0","10","10","","N","","","","","","","","","",""
"2020103007","2035","1","0","0","0","0","0","0","0","0","4","0","","67","11","2020","6","39.961853","-75.157704","2035","6","0","0","1","0","0","0","0","0","","0","0","0","20","3","5","","2","0","39 57:42.671","","0","75 09:27.735","3","0","0","0","67301","0","0","0","N","0","0","0","7","67301","1","","1.0","","1","N","N","N","0","","4","0","1","3","2","","2035","2","5","0","0","0","0","1","2","0","2","0","0","0","3","03","","N","","","","","","","","","",""
"2020102903","1805","1","0","0","0","0","0","0","0","0","8","0","","67","11","2020","2","40.034782","-75.117531","1805","6","0","0","0","0","0","0","0","0","","0","0","0","17","6","1","","1","0","40 02:05.216","","0","75 07:03.111","3","0","0","0","67301","1","0","0","N","1","0","0","2","67301","0","","1.0","","9","N","N","N","0","","1","0","0","3","2","","1700","2","1","0","0","0","0","0","2","0","1","1","0","0","7","07","","N","","","","","","","","","",""
"2020084332","220","0","0","0","0","0","0","0","0","0","5","0","","67","10","2020","7","39.957228","-75.227644","0215","6","0","0","0","0","0","0","0","0","","0","0","0","2","3","0","N","0","0","39 57:26.021","","0","75 13:39.517","0","0","0","0","67301","0","0","0","N","0","0","0","1","67301","0","","6.0","","1","N","N","N","0","","0","0","3","0","0","","214","3","0","1","0","0","0","0","2","0","3","0","0","0","3","03","","N","","","","","","","","","",""
"2020111567","2244","1","0","0","0","0","0","0","0","0","5","0","35","67","12","2020","4","39.909568","-75.154605","2242","6","0","0","0","0","0","0","0","0","","0","0","0","22","3","0","","7","1","39 54:34.445","4","2","75 09:16.579","0","0","0","0","67301","0","0","0","N","0","0","0","2","67501","0","","2.0","2300.0","1","N","N","N","0","","0","0","0","0","0","Y","2242","1","0","0","0","0","0","0","2","0","1","0","0","0","3","03","N","Y","2","1","","","N","","","","Y","N"
"2020113263","256","1","0","0","0","0","0","0","0","0","7","0","","67","12","2020","1","39.932825","-75.200156","0245","6","0","0","0","0","0","0","0","0","","0","0","0","2","3","0","N","0","0","39 55:58.170","","0","75 12:00.560","0","0","0","0","67301","0","0","0","N","0","0","0","1","68K01","0","","4.0","","1","N","N","N","0","","0","0","0","0","0","","245","1","0","0","0","0","0","0","2","0","1","0","0","0","3","","","N","","","","","","","","","",""
"2020087522","1343","0","0","0","0","0","0","0","0","0","5","0","","67","10","2020","5","39.97431","-75.220588","1341","6","0","0","0","0","0","0","0","0","","0","0","0","13","1","1","","3","0","39 58:27.515","","0","75 13:14.116","8","0","0","0","67301","0","0","0","N","0","0","0","2","67301","0","","1.0","","1","N","N","N","2","","0","0","0","0","0","","1330","3","1","2","0","0","1","0","2","1","3","0","0","0","3","03","","N","","","","","","","","","",""
"2020113838","502","3","0","0","0","0","0","0","0","0","4","0","","67","12","2020","5","40.045922","-75.164364","0452","6","0","0","0","0","0","0","0","0","","0","0","0","4","3","0","N","0","0","40 02:45.320","","0","75 09:51.710","0","0","0","0","67301","0","0","0","N","0","0","0","1","67301","0","","1.0","","9","N","N","N","0","","0","0","0","0","0","","450","3","0","0","0","0","0","0","2","0","3","0","0","0","3","03","","N","","","","","","","","","",""
"2020090258","2105","0","0","0","0","0","0","0","0","0","5","1","","67","10","2020","4","40.008523","-75.170138","2104","6","0","0","0","0","0","1","0","0","","0","1","0","21","3","2","N","0","0","40 00:30.684","","0","75 10:12.495","8","0","0","0","67301","0","0","0","N","0","0","0","3","67301","0","","1.0","","1","N","N","N","0","","0","0","1","0","0","","2103","3","2","0","0","0","2","0","2","0","3","0","0","0","3","03","","N","","","","","","","","","",""
"2020100083","1701","2","0","0","0","0","0","0","0","0","4","0","","67","11","2020","4","40.012139","-75.112681","1700","6","0","0","0","0","0","0","0","0","","0","0","0","8","1","1","Y","0","0","40 00:43.700","","7","75 06:45.650","3","0","0","0","67301","0","0","0","N","0","0","0","2","67301","0","","1.0","","1","N","N","N","0","","1","0","0","0","0","","840","2","1","0","0","0","0","1","2","0","2","0","0","0","3","03","","N","","","","","","","","","",""
"2020070333","2153","1","0","0","0","0","0","0","0","0","3","0","","67","8","2020","6","40.031228","-75.145767","2146","6","0","0","0","0","0","1","0","0","","0","0","0","21","6","1","","1","9","40 01:52.420","","99","75 08:44.761","3","0","0","0","67301","0","0","0","N","0","0","0","3","67301","0","","1.0","","1","N","N","N","0","","1","0","0","9","9","","2126","2","1","0","0","0","0","1","2","0","2","0","0","0","4","04","","N","","","","","","","","","",""
"2020091804","1942","1","0","0","0","0","0","0","0","0","1","0","","67","10","2020","6","39.986171","-75.092571","1937","6","0","0","0","0","0","1","0","0","","0","0","0","19","3","1","N","0","2","39 59:10.216","2","0","75 05:33.255","4","0","0","0","67301","0","0","0","N","0","0","0","2","68K01","1","","3.0","100.0","1","N","N","Y","0","","0","0","1","0","0","N","1937","2","1","0","0","0","0","0","2","0","2","0","0","0","3","","","N","","","","","","","","","",""
"2020110144","1519","0","0","0","0","0","0","0","0","0","7","0","45","67","12","2020","6","40.020349","-75.043148","1448","6","0","0","0","0","0","0","0","0","","0","0","0","14","1","0","N","0","1","40 01:13.258","1","0","75 02:35.334","0","0","0","0","67301","0","0","0","N","0","0","0","1","68K01","0","","3.0","1500.0","1","N","N","N","0","","0","0","1","0","0","N","1447","1","0","0","0","0","0","0","2","0","1","0","0","0","3","03","Y","Y","4","1","N","N","N","N","N","N","Y","N"
"2020085042","2055","1","0","0","0","0","0","0","0","0","4","0","","67","10","2020","2","39.974608","-75.15977","2050","6","0","0","1","0","0","0","0","0","","0","0","0","19","4","0","","1","0","39 58:28.588","","0","75 09:35.171","0","0","0","0","67301","0","0","0","N","0","0","0","2","67301","0","","1.0","","9","N","N","N","0","","0","0","0","3","3","","1900","2","0","0","0","0","0","0","2","0","2","0","0","0","7","07","","N","","","","","","","","","",""
"2020083725","2355","1","0","0","0","0","0","0","0","0","4","0","","67","10","2020","3","40.04745","-75.158075","2353","6","0","0","0","0","0","0","0","0","","0","0","0","23","3","1","","1","0","40 02:50.820","","0","75 09:29.070","8","0","0","1","67301","0","0","0","N","0","0","0","2","67301","0","","1.0","","1","N","N","N","0","","0","0","0","3","1","","2352","2","1","1","0","0","1","0","2","0","2","0","0","0","3","03","","N","","","","","","","","","",""
"2020083561","210","2","0","0","0","0","0","0","0","0","1","0","","67","10","2020","5","39.956494","-75.221708","0200","6","0","0","0","0","0","0","0","0","","0","0","0","1","3","2","N","0","0","39 57:23.378","","0","75 13:18.148","4","0","0","0","67301","0","0","0","N","0","0","0","4","67301","2","","6.0","","1","N","N","N","0","","0","0","0","0","0","","159","2","2","0","0","0","0","0","2","0","2","0","0","0","3","03","","N","","","","","","","","","",""
"2020113262","2238","0","0","0","0","0","0","0","0","0","7","0","","67","12","2020","7","39.963219","-75.138781","2237","6","0","0","0","0","0","0","0","0","","0","0","0","22","3","1","N","0","1","39 57:47.590","1","0","75 08:19.611","3","0","0","0","67301","0","0","0","N","0","0","0","1","68K01","0","","4.0","1100.0","1","N","N","N","0","","1","0","1","0","0","N","2226","1","1","0","0","0","0","0","2","0","1","0","0","0","3","","","N","","","","","","","","","",""
"2020089962","544","1","0","0","0","0","0","0","0","0","7","0","45","67","10","2020","7","39.943552","-75.19243","0534","6","0","0","0","0","0","0","0","0","","0","0","0","5","3","0","N","0","2","39 56:36.786","4","0","75 11:32.749","9","0","0","0","67301","0","0","0","N","0","0","0","1","68K01","0","","4.0","615.0","1","N","N","N","0","","0","0","0","0","0","Y","533","1","0","1","0","0","0","1","2","0","1","0","0","0","3","","N","Y","4","1","","","N","Y","","","Y","N"
"2020078862","1625","2","0","0","0","0","0","0","0","0","1","0","","67","9","2020","5","40.043529","-75.227976","1619","6","0","0","0","0","0","1","0","0","","0","0","0","16","1","0","N","0","1","40 02:36.706","5","0","75 13:40.712","0","0","0","0","67301","0","0","0","N","0","0","0","3","67301","0","","1.0","1651.0","1","N","N","N","0","","0","0","1","0","0","N","1617","3","0","3","0","0","0","0","2","0","3","0","0","0","3","03","","N","","","","","","","","","",""
"2020074523","1738","1","0","0","0","0","0","0","0","0","1","0","","67","8","2020","6","39.958153","-75.164054","1726","6","0","0","0","0","0","1","0","0","","0","0","0","16","1","0","N","0","1","39 57:29.352","4","0","75 09:50.596","0","0","0","0","67301","0","0","0","N","0","0","0","5","68K01","0","","1.0","1810.0","1","N","N","N","0","","0","0","1","0","0","N","1657","3","0","0","0","0","0","0","2","1","3","0","0","0","3","03","","N","","","","","","","","","",""
"2020076577","239","1","0","0","0","0","0","0","0","0","7","0","","67","9","2020","5","39.97175","-75.193222","0234","6","0","0","0","1","0","0","0","0","","0","0","0","2","3","0","","7","1","39 58:18.300","4","2","75 11:35.600","0","0","0","0","67301","0","0","0","N","0","0","0","1","68K01","0","","7.0","246.0","9","N","N","N","0","","0","0","0","0","0","N","234","1","0","0","0","0","0","0","2","0","1","0","0","0","7","07","","N","","","","","","","","","",""
"2020087184","1659","4","0","0","0","0","0","0","0","0","4","0","","67","9","2020","1","40.022488","-75.156519","1659","6","0","0","1","0","0","0","0","0","","0","0","0","16","1","5","","1","0","40 01:20.956","","0","75 09:23.468","8","0","0","0","67301","2","0","0","N","2","0","0","8","67301","0","","1.0","","1","N","N","N","0","","0","0","0","3","3","","1659","6","5","1","0","0","5","1","2","0","4","2","0","0","3","03","","N","","","","","","","","","",""
"2020067732","1834","0","0","0","0","0","0","0","0","0","7","0","","67","8","2020","5","39.957496","-75.169778","1834","6","0","0","0","0","0","0","0","0","","0","0","0","18","1","0","N","0","0","39 57:26.984","","0","75 10:11.200","0","0","0","0","67301","0","0","0","N","0","0","0","1","67301","0","","4.0","","1","N","N","N","1","","0","0","0","3","2","","1831","1","0","0","0","0","0","0","2","0","1","0","0","0","3","03","","N","","","","","","","","","",""
"2020069935","1937","0","0","0","0","0","0","0","0","0","8","0","","67","8","2020","5","39.916035","-75.236038","1934","6","0","0","0","0","0","0","0","0","","0","0","0","19","4","1","","1","0","39 54:57.726","","0","75 14:09.736","3","0","0","0","67301","1","0","0","N","1","0","0","2","67301","0","","1.0","","1","N","N","N","0","","1","0","1","3","2","","1929","2","1","0","0","0","0","0","2","0","1","1","0","0","3","","","N","","","","","","","","","",""
"2020104722","40","3","0","0","0","0","0","0","0","0","1","0","","67","12","2020","4","39.954361","-75.232861","0039","6","0","0","0","0","0","0","0","0","","0","0","0","0","3","0","N","0","2","39 57:15.700","6","0","75 13:58.300","9","0","0","0","67301","0","0","0","N","0","0","0","1","67301","0","","6.0","520.0","1","N","N","N","0","","0","0","1","0","0","Y","37","4","0","0","0","0","0","1","2","0","4","0","0","0","3","03","","N","","","","","","","","","",""
"2020114061","2207","3","0","0","0","0","0","0","0","0","7","0","","67","12","2020","7","39.975417","-75.19525","2205","6","0","0","0","0","0","2","0","0","","0","0","0","22","2","1","N","0","0","39 58:31.500","","1","75 11:42.900","3","0","0","0","67301","0","0","0","N","0","0","0","7","67301","0","","3.0","","2","N","N","Y","0","","1","0","4","0","0","","2200","7","1","0","0","0","0","0","2","0","7","0","0","0","3","03","","N","","","","","","","","","",""
"2020084063","2130","2","0","0","0","0","0","0","0","0","4","0","","67","10","2020","4","39.941661","-75.22278","2113","6","0","0","0","0","0","0","0","1","","0","0","0","14","1","1","","1","0","39 56:29.979","","0","75 13:22.008","3","0","0","0","67301","0","0","0","N","0","0","0","2","67301","0","","1.0","","1","N","N","N","0","","1","0","0","3","2","","1452","2","1","2","0","0","0","1","2","0","2","0","0","0","3","03","","N","","","","","","","","","",""
"2020108502","1735","2","0","0","0","0","0","0","0","0","1","0","","67","12","2020","3","40.038844","-75.100962","1721","6","0","0","0","0","0","1","1","0","","0","0","0","17","3","3","N","2","1","40 02:19.838","5","0","75 06:03.462","3","0","0","0","67301","0","0","0","N","0","0","0","4","67301","0","","1.0","1907.0","1","N","N","N","0","","3","0","2","0","0","Y","1719","4","3","0","0","0","0","0","2","0","4","0","0","0","3","03","","N","","","","","","","","","",""
"2020083021","1555","0","0","0","0","0","0","0","0","0","4","0","","67","10","2020","2","40.038971","-75.040009","1542","6","0","0","0","0","0","0","0","0","","0","0","0","15","1","1","","1","2","40 02:20.295","1","0","75 02:24.032","3","0","0","0","67301","0","0","0","N","0","0","0","4","67301","0","","1.0","45.0","1","N","N","N","0","","1","0","0","3","3","Y","1535","2","1","0","0","0","0","0","2","2","2","0","0","0","3","","","N","","","","","","","","","",""
"2020108351","119","1","0","0","0","0","0","0","0","0","7","0","45","67","11","2020","1","39.981292","-75.102868","0110","6","0","0","0","0","0","0","0","0","","0","0","0","1","3","1","N","0","1","39 58:52.652","2","0","75 06:10.325","3","0","0","0","67301","0","0","0","N","0","0","0","1","68K01","0","","3.0","145.0","1","N","N","N","0","","1","0","0","0","0","N","107","1","1","0","0","0","0","0","2","0","1","0","0","0","3","","N","Y","4","1","","","N","","","","Y","N"
"2020089096","2026","1","0","0","0","0","0","0","0","0","7","0","","67","10","2020","5","39.973664","-75.193748","2017","6","0","0","0","0","0","0","0","0","","0","0","0","20","3","1","N","0","2","39 58:25.189","4","8","75 11:37.493","3","0","0","0","67301","0","0","0","N","0","0","0","1","68K01","0","","4.0","2017.0","1","N","N","N","0","","1","0","0","0","0","Y","2000","1","1","0","0","0","0","0","2","0","1","0","0","0","3","","","N","","","","","","","","","",""
"2020107159","1410","1","0","0","0","0","0","0","0","0","4","0","","67","12","2020","5","39.930879","-75.174858","1409","6","0","0","0","0","0","0","0","0","","0","0","0","13","1","0","","1","0","39 55:51.164","","0","75 10:29.488","9","0","0","0","67301","0","0","0","N","0","0","0","2","67301","0","","1.0","","1","N","N","N","0","","0","0","1","3","3","","1357","2","0","0","0","0","0","2","2","0","2","0","0","0","3","03","","N","","","","","","","","","",""
"2020100084","1734","2","0","0","0","0","0","0","0","0","4","0","","67","11","2020","7","40.006051","-75.139173","1730","6","0","0","0","0","0","0","0","0","","0","0","0","17","3","1","","1","9","40 00:21.783","","0","75 08:21.022","3","0","0","0","67301","0","0","0","N","0","0","0","1","67301","0","","9.0","","1","N","N","N","0","","1","0","0","9","9","","1728","2","1","0","0","0","0","0","2","0","2","0","0","0","3","03","","N","","","","","","","","","",""
"2020083348","2020","1","0","0","0","0","0","0","0","0","4","0","","67","10","2020","3","39.963187","-75.194406","2009","6","0","0","0","0","0","0","0","0","","0","0","0","19","3","0","","1","0","39 57:47.473","","0","75 11:39.861","9","0","0","0","67301","0","0","0","N","0","0","0","2","67301","0","","1.0","","1","N","N","N","0","","0","0","0","3","3","","1904","2","0","0","0","0","0","2","2","1","2","0","0","0","3","","","N","","","","","","","","","",""
"2020108564","722","2","0","0","0","0","0","0","0","0","1","0","","67","12","2020","3","39.99605","-75.183469","0721","6","0","0","0","0","0","0","0","0","","0","0","0","7","3","0","N","0","0","39 59:45.780","","0","75 11:00.490","0","0","0","0","67301","0","0","0","N","0","0","0","1","67301","0","","1.0","","1","N","N","N","0","","0","0","0","0","0","","721","2","0","0","0","0","0","0","2","0","2","0","0","0","3","03","","N","","","","","","","","","",""
"2020103595","113","2","0","0","0","0","0","0","0","0","4","0","","67","11","2020","2","40.048195","-75.082905","0113","6","0","0","0","0","0","0","0","0","","0","0","0","23","3","0","","1","0","40 02:53.501","","0","75 04:58.458","0","0","0","0","67301","0","0","0","N","0","0","0","2","67301","0","","1.0","","1","N","N","N","0","","0","0","0","3","3","","2300","2","0","0","0","0","0","0","2","0","2","0","0","0","3","","","N","","","","","","","","","",""
"2020085364","2004","1","0","0","0","0","0","0","0","0","8","0","","67","10","2020","2","39.954533","-75.23423","2003","6","0","0","0","0","0","0","0","0","","0","0","0","20","3","1","","1","0","39 57:16.318","","0","75 14:03.227","3","0","0","0","67301","1","0","0","N","1","0","0","2","67301","0","","4.0","","9","N","N","N","0","","1","0","0","3","2","","2002","2","1","0","0","0","0","0","2","0","1","1","0","0","7","04","","N","","","","","","","","","",""
"2020112075","2051","1","0","0","0","0","0","0","0","0","4","0","","67","12","2020","5","39.959215","-75.231094","2051","6","0","0","0","0","0","1","0","0","","0","0","0","20","3","2","","1","0","39 57:33.175","","0","75 13:51.938","4","0","0","0","67301","0","0","0","N","0","0","0","2","67301","1","","1.0","","9","N","N","N","0","","0","0","1","3","2","","2033","2","2","0","0","0","1","0","2","0","2","0","0","0","7","07","","N","","","","","","","","","",""
"2020084061","1625","1","0","0","0","0","0","0","0","0","4","0","","67","10","2020","6","39.913843","-75.147639","1619","6","0","0","0","0","0","0","0","0","","0","0","0","16","1","1","","2","0","39 54:49.834","","0","75 08:51.500","3","0","0","0","67301","0","0","0","N","0","0","0","3","67301","0","","1.0","","1","N","N","Y","0","","1","0","1","0","0","","1614","2","1","0","0","0","0","0","2","0","2","0","0","0","3","03","","N","","","","","","","","","",""
"2020083373","2325","0","0","0","0","0","0","0","0","0","6","0","","67","10","2020","3","40.039005","-75.006923","2318","6","0","0","0","0","0","0","0","0","","0","0","0","22","3","1","N","0","1","40 02:20.419","2","0","75 00:24.924","8","0","0","0","67301","0","0","0","N","0","0","0","1","67301","0","","6.0","100.0","1","N","N","N","2","","0","0","0","0","0","Y","2230","3","1","0","0","0","1","0","2","1","3","0","0","0","3","03","","N","","","","","","","","","",""
"2020113930","1630","1","0","0","0","0","0","0","0","0","4","0","","67","12","2020","2","40.020508","-75.08729","1626","6","0","0","0","0","0","0","0","0","","0","0","0","16","4","3","","1","0","40 01:13.828","","0","75 05:14.243","3","0","0","0","67301","0","0","0","N","0","0","0","3","67301","0","","1.0","","1","N","N","N","1","","3","0","1","3","3","","1622","3","3","0","0","0","0","0","2","0","3","0","0","0","3","03","","N","","","","","","","","","",""
"2020105214","1500","2","0","0","0","0","0","0","0","0","4","0","","67","12","2020","1","40.034451","-75.114895","1500","6","0","0","0","0","0","1","0","0","","0","0","0","12","1","2","","1","0","40 02:04.023","","0","75 06:53.623","4","0","0","0","67301","0","0","0","N","0","0","0","3","67301","2","","1.0","","1","N","N","N","0","","0","0","1","9","2","","1240","3","2","1","0","0","0","0","2","0","3","0","0","0","3","","","N","","","","","","","","","",""
"2020074793","2019","1","0","0","0","0","0","0","0","0","5","0","","67","9","2020","7","39.955923","-75.204585","2018","6","0","0","0","0","0","0","0","0","","0","0","0","20","3","0","N","0","2","39 57:21.323","3","0","75 12:16.505","0","0","0","0","67301","0","0","0","N","0","0","0","3","67504","0","","6.0","2100.0","1","N","N","N","0","","0","0","1","0","0","Y","2018","2","0","0","0","0","0","0","2","0","2","0","0","0","3","03","","N","","","","","","","","","",""
"2020067890","110","1","0","0","0","0","0","0","0","0","5","0","","67","8","2020","6","40.057427","-75.188378","0104","6","0","0","0","0","0","0","0","0","","0","0","0","0","3","1","N","0","0","40 03:26.738","","0","75 11:18.160","3","0","0","0","67301","0","0","0","N","0","0","0","2","67301","0","","6.0","","1","N","N","N","0","","1","0","1","0","0","","28","2","1","1","0","0","0","0","2","0","2","0","0","0","3","03","","N","","","","","","","","","",""