"CRN","ARRIVAL_TM","AUTOMOBILE_COUNT","BELTED_DEATH_COUNT","BELTED_SUSP_SERIOUS_INJ_COUNT","BICYCLE_COUNT","BICYCLE_DEATH_COUNT","BICYCLE_SUSP_SERIOUS_INJ_COUNT","BUS_COUNT","CHLDPAS_DEATH_COUNT","CHLDPAS_SUSP_SERIOUS_INJ_COUNT","COLLISION_TYPE","COMM_VEH_COUNT","CONS_ZONE_SPD_LIM","COUNTY","CRASH_MONTH","CRASH_YEAR","DAY_OF_WEEK","DEC_LATITUDE","DEC_LONGITUDE","DISPATCH_TM","DISTRICT","DRIVER_COUNT_16YR","DRIVER_COUNT_17YR","DRIVER_COUNT_18YR","DRIVER_COUNT_19YR","DRIVER_COUNT_20YR","DRIVER_COUNT_50_64YR","DRIVER_COUNT_65_74YR","DRIVER_COUNT_75PLUS","EST_HRS_CLOSED","FATAL_COUNT","HEAVY_TRUCK_COUNT","HORSE_BUGGY_COUNT","HOUR_OF_DAY","ILLUMINATION","INJURY_COUNT","INTERSECTION_RELATED","INTERSECT_TYPE","LANE_CLOSED","LATITUDE","LN_CLOSE_DIR","LOCATION_TYPE","LONGITUDE","MAX_SEVERITY_LEVEL","MCYCLE_DEATH_COUNT","MCYCLE_SUSP_SERIOUS_INJ_COUNT","MOTORCYCLE_COUNT","MUNICIPALITY","NONMOTR_COUNT","NONMOTR_DEATH_COUNT","NONMOTR_SUSP_SERIOUS_INJ_COUNT","NTFY_HIWY_MAINT","PED_COUNT","PED_DEATH_COUNT","PED_SUSP_SERIOUS_INJ_COUNT","PERSON_COUNT","POLICE_AGCY","POSSIBLE_INJ_COUNT","RDWY_SURF_TYPE_CD","RELATION_TO_ROAD","ROADWAY_CLEARED","ROAD_CONDITION","SCH_BUS_IND","SCH_ZONE_IND","SECONDARY_CRASH","SMALL_TRUCK_COUNT","SPEC_JURIS_CD","SUSP_MINOR_INJ_COUNT","SUSP_SERIOUS_INJ_COUNT","SUV_COUNT","TCD_FUNC_CD","TCD_TYPE","TFC_DETOUR_IND","TIME_OF_DAY","TOTAL_UNITS","TOT_INJ_COUNT","UNBELTED_OCC_COUNT","UNB_DEATH_COUNT","UNB_SUSP_SERIOUS_INJ_COUNT","UNK_INJ_DEG_COUNT","UNK_INJ_PER_COUNT","URBAN_RURAL","VAN_COUNT","VEHICLE_COUNT","VULNERABLE_ROAD_USER_COUNT","VULNERABLE_ROAD_USER_DEATH_COUNT","VULNERABLE_ROAD_USER_SER_INJ_COUNT","WEATHER1","WEATHER2","WORKERS_PRES","WORK_ZONE_IND","WORK_ZONE_LOC","WORK_ZONE_TYPE","WZ_CLOSE_DETOUR","WZ_FLAGGER","WZ_LAW_OFFCR_IND","WZ_LN_CLOSURE","WZ_MOVING","WZ_OTHER","WZ_SHLDER_MDN","WZ_WORKERS_INJ_KILLED"
"2020078078","1703","1","0","0","0","0","0","0","0","0","6","0","","67","9","2020","3","40.06675","-75.229364","1700","6","0","0","0","0","0","0","0","0","","0","0","0","16","1","0","N","0","2","40 04:00.300","6","0","75 13:45.710","9","0","0","0","67301","0","0","0","N","0","0","0","1","67301","0","","6.0","30.0","1","N","N","N","0","","0","0","2","0","0","Y","1615","3","0","0","0","0","0","1","2","0","3","0","0","0","3","03","","N","","","","","","","","","",""
"2020084067","1435","1","0","0","0","0","0","0","0","0","7","0","","67","9","2020","3","40.036753","-75.040739","1435","6","0","1","0","0","0","0","0","0","","0","0","0","14","1","2","","1","0","40 02:12.310","","0","75 02:26.659","3","0","0","0","67301","0","0","0","N","0","0","0","3","67301","1","","4.0","","1","N","N","N","0","","1","0","0","0","0","","1435","1","2","3","0","0","0","0","2","0","1","0","0","0","3","03","","N","","","","","","","","","",""
"2020068363","2015","2","0","0","0","0","0","0","0","0","5","0","","67","8","2020","1","40.032992","-75.072767","2005","6","0","0","0","0","0","0","0","0","","0","0","0","20","4","0","N","0","0","40 01:58.770","","0","75 04:21.960","0","0","0","0","67301","0","0","0","N","0","0","0","1","67301","0","","6.0","","1","N","N","Y","0","","0","0","0","0","0","","2000","2","0","0","0","0","0","0","2","0","2","0","0","0","3","03","","N","","","","","","","","","",""
"2020111555","1859","0","0","0","0","0","0","0","0","0","1","0","","67","12","2020","3","40.092604","-75.031866","1858","6","0","0","0","0","0","0","1","0","","0","0","0","18","3","0","N","0","0","40 05:33.376","","0","75 01:54.719","0","0","0","0","67301","0","0","0","N","0","0","0","3","67301","0","","1.0","","1","N","N","N","1","","0","0","1","0","0","","1853","3","0","0","0","0","0","0","2","1","3","0","0","0","3","03","","N","","","","","","","","","",""
"2020084498","855","0","0","0","0","0","0","0","0","0","8","0","","67","10","2020","7","39.936278","-75.221956","0851","6","0","0","0","0","0","0","0","0","","0","0","0","1","6","1","N","0","0","39 56:10.600","","0","75 13:19.040","2","0","0","0","67301","1","0","1","N","1","0","1","2","67301","0","","1.0","","1","N","N","N","0","","0","1","1","0","0","","100","2","1","0","0","0","0","0","2","0","1","1","0","1","3","03","","N","","","","","","","","","",""
"2020112972","1900","1","0","0","0","0","0","0","0","0","4","0","","67","12","2020","2","39.981778","-75.181897","1857","6","0","0","0","0","0","0","0","0","","0","1","0","18","3","5","","1","2","39 58:54.400","7","0","75 10:54.828","3","0","0","0","67301","1","0","0","N","1","0","0","6","67301","0","","1.0","2030.0","1","N","N","N","0","","5","0","1","3","2","Y","1850","4","5","0","0","0","0","0","2","0","3","1","0","0","3","03","","N","","","","","","","","","",""
"2020107319","621","1","0","0","0","0","0","0","0","0","4","0","","67","12","2020","4","39.956629","-75.198022","0621","6","0","0","0","0","0","1","0","0","","0","0","0","6","3","0","","1","0","39 57:23.865","","0","75 11:52.879","0","0","0","0","67301","0","0","0","N","0","0","0","2","67301","0","","1.0","","1","N","N","N","1","","0","0","0","3","2","","600","2","0","0","0","0","0","0","2","0","2","0","0","0","3","03","","N","","","","","","","","","",""
"2020113994","2202","1","0","0","0","0","0","0","0","0","7","0","","67","12","2020","2","40.040555","-75.005333","2159","6","0","0","0","0","0","0","0","0","","0","0","0","21","3","0","N","0","1","40 02:25.998","2","0","75 00:19.197","0","0","0","0","67301","0","0","0","N","0","0","0","2","68K01","0","","3.0","2230.0","1","N","Y","N","0","","0","0","0","0","0","N","2156","1","0","0","0","0","0","0","2","0","1","0","0","0","3","","","N","","","","","","","","","",""
"2020101678","1010","2","0","0","0","0","0","0","0","0","4","0","","67","11","2020","3","39.956551","-75.151328","1005","6","0","0","0","0","0","1","0","0","","0","0","0","10","1","2","","1","0","39 57:23.583","","0","75 09:04.780","3","0","0","0","67301","0","0","0","N","0","0","0","3","67301","1","","1.0","","1","N","N","N","0","","1","0","0","3","2","","1000","2","2","0","0","0","0","0","2","0","2","0","0","0","3","03","","N","","","","","","","","","",""
"2020086185","1630","1","0","0","0","0","0","0","0","0","4","0","","67","10","2020","4","40.044528","-75.193121","1630","6","0","0","0","0","0","0","0","0","","0","0","0","8","1","1","","1","0","40 02:40.301","","0","75 11:35.235","8","0","0","0","67301","0","0","0","N","0","0","0","2","67301","0","","1.0","","1","N","N","N","0","","0","0","1","3","2","","800","2","1","0","0","0","1","0","2","0","2","0","0","0","3","03","","N","","","","","","","","","",""
"2020107113","346","2","0","0","0","0","0","0","0","0","5","0","","67","12","2020","7","39.986714","-75.172015","0346","6","0","0","0","0","1","0","0","0","","0","0","0","3","3","0","N","2","0","39 59:12.170","","0","75 10:19.254","0","0","0","0","67301","0","0","0","N","0","0","0","1","67509","0","","2.0","","1","N","N","N","0","","0","0","0","0","0","","344","2","0","0","0","0","0","0","2","0","2","0","0","0","3","03","","N","","","","","","","","","",""
"2020108260","1726","0","0","0","0","0","0","0","0","0","8","0","","67","12","2020","7","39.955832","-75.235997","1716","6","0","0","0","0","0","0","0","0","","0","0","0","17","3","1","","1","0","39 57:20.995","","0","75 14:09.589","3","0","0","0","67301","1","0","0","N","1","0","0","2","67301","0","","1.0","","1","N","N","N","0","","1","0","1","3","2","","1708","2","1","0","0","0","0","1","2","0","1","1","0","0","3","03","","N","","","","","","","","","",""
"2020099936","2154","1","0","0","0","0","0","0","0","0","5","0","","67","11","2020","5","40.020822","-75.148613","2152","6","0","0","0","0","0","0","0","0","","0","0","0","15","1","0","N","0","0","40 01:14.958","","0","75 08:55.008","9","0","0","0","67301","0","0","0","N","0","0","0","2","67301","0","","1.0","","1","N","N","N","0","","0","0","0","0","0","","1508","2","0","0","0","0","0","1","2","0","2","0","0","0","3","03","","N","","","","","","","","","",""
"2020101950","1138","0","0","0","0","0","0","0","0","0","4","0","","67","11","2020","6","40.057354","-75.076833","1135","6","0","0","0","0","0","0","0","0","","0","0","0","11","1","1","","1","0","40 03:26.473","","0","75 04:36.598","3","0","0","0","67301","0","0","0","N","0","0","0","2","67301","0","","1.0","","1","N","N","N","0","","1","0","2","3","2","","1130","2","1","0","0","0","0","0","2","0","2","0","0","0","3","03","","N","","","","","","","","","",""
"2020105209","2335","1","0","0","0","0","0","0","0","0","4","0","","67","12","2020","6","39.955972","-75.217649","2335","6","0","0","0","0","0","0","0","0","","0","0","0","23","3","3","","1","2","39 57:21.499","4","0","75 13:03.536","8","0","0","0","67301","0","0","0","N","0","0","0","4","67301","0","","1.0","140.0","9","N","N","N","0","","0","0","1","3","2","Y","2307","3","3","0","0","0","3","1","2","1","3","0","0","0","7","07","","N","","","","","","","","","",""
"2020085392","45","1","0","0","0","0","0","0","0","0","5","0","","67","10","2020","4","39.921971","-75.190533","0045","6","0","0","0","0","0","0","0","0","","0","0","0","0","3","2","N","0","1","39 55:19.094","4","1","75 11:25.920","3","0","0","0","67301","0","0","0","N","0","0","0","3","67301","0","","1.0","45.0","1","N","N","N","0","","2","0","0","0","0","N","34","2","2","0","0","0","0","0","2","0","2","0","0","0","3","","","N","","","","","","","","","",""
"2020103596","839","1","0","0","0","0","0","0","0","0","8","0","","67","12","2020","3","40.131696","-75.012324","0837","6","0","1","0","0","0","2","1","0","","0","0","0","8","1","4","","1","2","40 07:54.104","5","0","75 00:44.368","4","0","0","0","67301","1","0","0","N","1","0","0","9","67301","3","","1.0","920.0","1","N","N","Y","0","","0","0","4","3","2","Y","830","8","4","0","0","0","1","0","2","2","7","1","0","0","4","","","N","","","","","","","","","",""
"2020088997","1703","1","0","0","0","0","0","0","0","0","4","0","","67","10","2020","3","39.922401","-75.223165","1705","6","0","1","0","0","0","1","0","0","","0","0","0","17","1","2","","1","0","39 55:20.644","","0","75 13:23.395","3","0","0","0","67301","0","0","0","N","0","0","0","2","67301","0","","1.0","","1","N","N","N","0","","2","0","0","3","2","","1700","2","2","2","0","0","0","0","2","1","2","0","0","0","3","03","","N","","","","","","","","","",""
"2020091349","1909","0","0","0","1","0","1","0","0","0","8","0","","67","10","2020","7","40.047528","-75.142944","1909","6","0","0","0","0","0","0","0","0","","0","0","0","13","1","1","","1","0","40 02:51.100","","0","75 08:34.600","2","0","0","0","67301","1","0","1","N","0","0","0","2","67301","0","","1.0","","1","N","N","N","0","","0","1","1","3","2","","1353","2","1","0","0","0","0","1","2","0","1","1","0","1","3","03","","N","","","","","","","","","",""
"2020087004","1921","1","0","0","0","0","0","0","0","0","4","0","","67","10","2020","7","39.966051","-75.205556","1920","6","0","0","0","0","1","1","0","0","","0","0","0","19","2","1","","1","0","39 57:57.785","","0","75 12:20.003","3","0","0","0","67301","0","0","0","N","0","0","0","2","67301","0","","1.0","","1","N","N","N","0","","1","0","0","3","3","","1900","2","1","0","0","0","0","0","2","1","2","0","0","0","3","03","","N","","","","","","","","","",""
"2020087972","1730","3","0","0","0","0","0","0","0","0","4","0","","67","10","2020","5","39.968967","-75.24654","1726","6","0","0","0","0","0","0","0","0","","0","0","0","17","1","0","","1","0","39 58:08.281","","0","75 14:47.544","0","0","0","0","67301","0","0","0","N","0","0","0","2","67301","0","","1.0","","1","N","N","N","0","","0","0","0","3","3","","1720","3","0","0","0","0","0","0","2","0","3","0","0","0","3","","","N","","","","","","","","","",""
"2020096011","1210","0","0","0","0","0","0","1","0","0","4","1","","67","10","2020","2","40.004551","-75.132065","1205","6","0","0","0","0","0","1","0","0","","0","0","0","12","1","1","","1","0","40 00:16.383","","0","75 07:55.433","8","0","0","0","67301","0","0","0","N","0","0","0","3","67508","0","","1.0","","1","N","N","Y","0","","0","0","1","3","2","","1205","2","1","0","0","0","1","0","2","0","2","0","0","0","3","03","","N","","","","","","","","","",""
"2020113741","1225","1","0","0","0","0","0","0","0","0","4","0","","67","12","2020","4","39.971717","-75.125888","1222","6","0","0","0","1","0","1","0","0","","0","0","0","12","1","0","","1","1","39 58:18.181","3","0","75 07:33.198","0","0","0","0","67301","0","0","0","N","0","0","0","4","67301","0","","1.0","1328.0","1","N","N","N","0","","0","0","2","3","2","N","1221","3","0","0","0","0","0","0","2","0","3","0","0","0","3","03","","N","","","","","","","","","",""
"2020099124","2332","1","0","0","0","0","0","0","0","0","1","0","","67","11","2020","3","40.02758","-75.147134","2328","6","0","0","0","0","0","0","0","0","","0","0","0","23","3","5","","1","1","40 01:39.287","1","0","75 08:49.681","3","0","0","0","67301","0","0","0","N","0","0","0","8","67301","0","","1.0","310.0","1","N","N","N","0","","5","0","2","3","2","N","2328","3","5","0","0","0","0","0","2","0","3","0","0","0","3","03","","N","","","","","","","","","",""
"2020106631","1821","0","0","0","1","0","0","0","0","0","8","0","","67","12","2020","3","39.953032","-75.156403","1821","6","0","0","0","0","0","0","0","0","","0","0","0","21","4","1","","1","0","39 57:10.916","","0","75 09:23.049","8","0","0","0","67301","1","0","0","N","0","0","0","2","67301","0","","1.0","","99","N","N","N","0","","0","0","0","0","0","","2100","2","1","0","0","0","1","1","2","0","1","1","0","0","99","","","N","","","","","","","","","",""
"2020107994","106","1","0","0","0","0","0","0","0","0","7","0","","67","12","2020","1","39.941762","-75.194296","0106","6","0","0","0","0","1","0","0","0","","0","0","0","1","3","0","N","0","2","39 56:30.343","3","0","75 11:39.464","0","0","0","0","67301","0","0","0","N","0","0","0","3","68K01","0","","4.0","20.0","1","N","N","N","0","","0","0","0","0","0","N","106","1","0","0","0","0","0","0","2","0","1","0","0","0","3","03","","N","","","","","","","","","",""
"2020105283","800","0","0","0","0","0","0","0","0","0","4","0","","67","12","2020","2","39.960207","-75.190892","0757","6","0","0","0","0","0","1","0","0","","0","0","0","7","1","3","","1","0","39 57:36.745","","0","75 11:27.211","3","0","0","0","67301","0","0","0","N","0","0","0","4","67507","1","","1.0","","1","N","N","N","0","","2","0","0","3","2","","725","2","3","0","0","0","0","0","2","2","2","0","0","0","3","","","N","","","","","","","","","",""
"2020112465","515","1","0","0","0","0","0","0","0","0","4","0","","67","12","2020","4","39.947413","-75.239751","0454","6","0","0","0","0","0","1","0","0","","0","0","0","4","3","1","","1","1","39 56:50.686","4","0","75 14:23.103","3","0","0","0","67301","0","0","0","N","0","0","0","2","67301","0","","1.0","605.0","1","N","N","N","1","","1","0","1","3","2","N","450","4","1","0","0","0","0","0","2","0","4","0","0","0","3","03","","N","","","","","","","","","",""
"2020108258","330","1","0","0","0","0","0","0","0","0","4","0","","67","12","2020","3","40.134325","-75.009065","0326","6","0","0","0","0","0","1","0","0","","0","0","0","3","3","0","","1","0","40 08:03.571","","0","75 00:32.634","0","0","0","0","67301","0","0","0","N","0","0","0","2","67301","0","","1.0","","1","N","N","N","0","","0","0","1","3","2","","325","2","0","2","0","0","0","0","2","0","2","0","0","0","3","03","","N","","","","","","","","","",""
"2020099990","224","1","0","0","0","0","0","0","0","0","7","0","","67","11","2020","6","40.010147","-75.18562","0218","6","0","0","0","0","0","0","0","0","","0","0","0","2","3","1","N","0","1","40 00:36.529","1","0","75 11:08.231","3","0","0","0","67301","0","0","0","N","0","0","0","1","67301","0","","4.0","255.0","1","N","N","N","0","","1","0","0","0","0","N","215","1","1","0","0","0","0","0","2","0","1","0","0","0","3","03","","N","","","","","","","","","",""
"2020104334","436","2","0","0","0","0","0","0","0","0","1","0","","67","12","2020","5","39.934706","-75.172411","0432","6","0","0","0","0","0","0","0","0","","0","0","0","4","3","0","N","0","0","39 56:04.940","","0","75 10:20.680","0","0","0","0","67301","0","0","0","N","0","0","0","2","67301","0","","1.0","","1","N","N","N","0","","0","0","0","3","3","","431","2","0","1","0","0","0","0","2","0","2","0","0","0","3","03","","N","","","","","","","","","",""
"2020104961","2233","1","0","0","0","0","0","0","0","0","4","0","","67","12","2020","6","39.986763","-75.256783","2233","6","0","0","0","0","0","0","0","0","","0","0","0","21","3","2","","2","0","39 59:12.346","","0","75 15:24.418","8","0","0","0","67301","0","0","0","N","0","0","0","6","67301","0","","1.0","","8","N","N","N","1","","0","0","0","3","3","","2140","3","2","0","0","0","2","0","2","1","3","0","0","0","7","07","","N","","","","","","","","","",""
"2020113351","2015","2","0","0","0","0","0","0","0","0","4","0","","67","12","2020","3","40.001585","-75.152798","2012","6","0","0","0","1","0","0","0","0","","0","0","0","20","3","1","","1","0","40 00:05.705","","0","75 09:10.074","8","0","0","0","67301","0","0","0","N","0","0","0","4","67505","0","","1.0","","1","N","N","N","0","","0","0","0","3","2","","2012","2","1","0","0","0","1","3","2","0","2","0","0","0","3","03","","N","","","","","","","","","",""
"2020086202","1315","1","0","0","0","0","0","0","0","0","4","0","","67","10","2020","4","39.967819","-75.22813","1310","6","0","0","0","0","0","0","0","0","","0","0","0","13","1","0","","1","1","39 58:04.148","3","0","75 13:41.267","0","0","0","0","67301","0","0","0","N","0","0","0","2","67301","0","","1.0","1406.0","1","N","N","N","0","","0","0","1","3","2","Y","1309","2","0","0","0","0","0","0","2","0","2","0","0","0","3","03","","N","","","","","","","","","",""
"2020086211","1910","0","0","0","1","0","0","0","0","0","8","0","","67","10","2020","6","39.999227","-75.147381","1900","6","0","0","0","0","0","0","0","0","","0","0","0","17","1","1","","1","0","39 59:57.217","","0","75 08:50.570","3","0","0","0","67301","1","0","0","N","0","0","0","2","67301","0","","1.0","","1","N","N","N","0","","1","0","1","3","2","","1745","2","1","0","0","0","0","0","2","0","1","1","0","0","3","","","N","","","","","","","","","",""
"2020100807","608","2","0","0","0","0","0","0","0","0","4","0","","67","11","2020","2","40.045003","-75.123562","0605","6","0","0","0","0","0","2","0","0","","0","0","0","6","3","3","","1","1","40 02:42.011","2","0","75 07:24.823","3","0","0","0","67301","0","0","0","N","0","0","0","3","67301","0","","1.0","730.0","9","N","N","N","0","","3","0","2","3","2","N","602","4","3","0","0","0","0","0","2","0","4","0","0","0","7","07","","N","","","","","","","","","",""
"2020086195","956","0","0","0","0","0","0","0","0","0","8","0","","67","10","2020","4","39.964246","-75.221962","0947","6","0","0","0","0","0","0","0","0","","0","0","0","9","1","1","","1","0","39 57:51.285","","0","75 13:19.063","3","0","0","0","67301","1","0","0","N","0","0","0","2","67301","0","","1.0","","1","N","N","N","0","","1","0","0","3","2","","946","2","1","0","0","0","0","0","2","1","1","1","0","0","98","03","","N","","","","","","","","","",""
"2020083792","834","1","0","0","0","0","0","0","0","0","4","0","","67","10","2020","3","40.020184","-75.138482","0830","6","0","0","0","0","0","0","0","0","","0","0","0","8","1","1","","2","0","40 01:12.661","","0","75 08:18.536","3","0","0","0","67301","0","0","0","N","0","0","0","2","67301","0","","1.0","","1","N","N","N","0","","1","0","1","0","0","","800","3","1","0","0","0","0","0","2","1","3","0","0","0","3","03","","N","","","","","","","","","",""
"2020084936","55","1","0","0","0","0","0","0","0","0","4","0","","67","10","2020","3","40.058872","-75.044142","0047","6","0","0","0","0","0","0","0","0","","0","0","0","0","3","1","","1","0","40 03:31.939","","0","75 02:38.911","4","0","0","0","67301","0","0","0","N","0","0","0","2","67301","1","","1.0","","9","N","N","Y","0","","0","0","1","3","2","","46","2","1","0","0","0","0","0","2","0","2","0","0","0","7","07","","N","","","","","","","","","",""
"2020112967","2353","2","0","0","0","0","0","0","0","0","4","0","","67","12","2020","1","40.039347","-75.17425","2352","6","0","0","0","0","0","0","0","0","","0","0","0","21","3","0","N","0","1","40 02:21.650","3","0","75 10:27.300","9","0","0","0","67301","0","0","0","N","0","0","0","1","67301","0","","1.0","130.0","1","N","N","N","0","","0","0","1","0","0","Y","2118","3","0","0","0","0","0","1","2","0","3","0","0","0","3","03","","N","","","","","","","","","",""
"2020104024","1740","0","0","0","1","0","0","0","0","0","8","0","","67","12","2020","3","39.940906","-75.147717","1733","6","0","0","0","0","0","0","0","0","","0","0","0","17","6","2","N","0","0","39 56:27.260","","0","75 08:51.780","8","0","0","0","67301","1","0","0","N","0","0","0","2","67301","0","","1.0","","1","N","N","N","0","","0","0","0","0","0","","1700","2","2","0","0","0","2","0","2","0","1","1","0","0","3","","","N","","","","","","","","","",""
"2020084938","2331","1","0","0","0","0","0","0","0","0","4","0","","67","10","2020","2","40.036946","-75.145198","2331","6","0","0","0","0","0","0","0","0","","0","0","0","23","3","0","","2","0","40 02:13.006","","0","75 08:42.711","0","0","0","0","67301","0","0","0","N","0","0","0","3","67301","0","","1.0","","9","N","N","N","0","","0","0","1","3","2","","2331","2","0","0","0","0","0","0","2","0","2","0","0","0","7","","","N","","","","","","","","","",""
"2020084337","1353","2","0","0","0","0","0","0","0","0","4","0","","67","10","2020","6","40.035271","-75.121416","1338","6","0","0","0","0","0","0","0","0","","0","0","0","13","1","4","","1","0","40 02:06.975","","0","75 07:17.097","3","0","0","0","67301","0","0","0","N","0","0","0","4","67301","1","","1.0","","1","N","N","N","0","","3","0","0","3","2","","1322","2","4","0","0","0","0","0","2","0","2","0","0","0","3","","","N","","","","","","","","","",""
"2020113359","1535","1","0","0","0","0","0","0","0","0","4","0","","67","12","2020","3","40.039731","-75.109123","1531","6","0","0","0","0","0","2","0","0","","0","0","0","15","1","1","N","0","0","40 02:23.033","","7","75 06:32.844","3","0","0","0","67301","1","0","0","N","1","0","0","3","67301","0","","1.0","","1","N","N","N","0","","1","0","1","3","2","","1514","3","1","0","0","0","0","0","2","0","2","1","0","0","3","","","N","","","","","","","","","",""
"2020114062","2052","2","0","0","0","0","0","0","0","0","4","0","","67","12","2020","4","39.958951","-75.228949","2051","6","0","0","0","0","0","0","0","0","","0","0","0","20","3","1","","1","1","39 57:32.225","3","0","75 13:44.216","3","0","0","0","67301","0","0","0","N","0","0","0","2","67301","0","","1.0","2300.0","1","N","N","Y","0","","1","0","0","3","2","N","2051","2","1","0","0","0","0","0","2","0","2","0","0","0","3","03","","N","","","","","","","","","",""
"2020111281","1118","0","0","0","0","0","0","0","0","0","6","0","","67","12","2020","3","40.009623","-75.10577","1116","6","0","0","0","0","0","1","0","0","","0","0","0","11","1","3","","1","0","40 00:34.642","","0","75 06:20.773","8","0","0","0","67301","0","0","0","N","0","0","0","3","67301","0","","1.0","","1","N","N","Y","0","","0","0","5","0","0","","1116","6","3","0","0","0","3","0","2","1","6","0","0","0","3","03","","N","","","","","","","","","",""
"2020086899","1620","2","0","0","0","0","0","0","0","0","1","0","","67","10","2020","7","39.969001","-75.211778","1620","6","0","0","0","0","0","1","0","0","","0","0","0","14","1","1","Y","0","0","39 58:08.403","","0","75 12:42.400","4","0","0","0","67301","0","0","0","N","0","0","0","2","67301","1","","1.0","","99","N","N","N","0","","0","0","0","3","2","","1430","2","1","0","0","0","0","0","2","0","2","0","0","0","99","","","N","","","","","","","","","",""
"2020102588","1412","2","0","0","0","0","0","0","0","0","4","0","","67","11","2020","7","40.032205","-75.089617","1359","6","0","0","0","0","0","1","0","0","","0","0","0","21","3","1","","2","0","40 01:55.938","","0","75 05:22.620","3","0","0","0","67301","0","0","0","N","0","0","0","2","67301","0","","1.0","","1","N","N","N","0","","1","0","0","3","3","","2100","2","1","0","0","0","0","1","2","0","2","0","0","0","3","","","N","","","","","","","","","",""
"2020089107","1903","1","0","0","0","0","0","0","0","0","7","0","","67","10","2020","1","39.9569","-75.154004","1855","6","0","0","0","0","0","0","0","0","","0","0","0","18","3","0","N","0","0","39 57:24.841","","0","75 09:14.415","0","0","0","0","67301","0","0","0","N","0","0","0","1","68K01","0","","3.0","","9","N","N","N","0","","0","0","0","0","0","","1854","1","0","0","0","0","0","0","2","0","1","0","0","0","7","07","","N","","","","","","","","","",""
"2020101364","1825","1","0","0","0","0","0","0","0","0","1","0","","67","11","2020","3","39.995843","-75.169303","1821","6","0","0","0","0","0","0","0","0","","0","0","0","18","3","1","N","0","9","39 59:45.034","","0","75 10:09.489","3","0","0","0","67301","0","0","0","N","0","0","0","3","67301","0","","1.0","","1","N","N","N","0","","1","0","1","0","0","U","1820","2","1","0","0","0","0","0","2","0","2","0","0","0","3","03","","N","","","","","","","","","",""
"2020102080","150","2","0","0","0","0","0","0","0","0","4","0","","67","11","2020","6","40.025376","-75.073317","0146","6","0","0","0","0","1","0","0","0","","0","0","0","1","3","6","","1","2","40 01:31.355","6","0","75 04:23.942","3","0","0","0","67301","0","0","0","N","0","0","0","6","67301","0","","1.0","300.0","1","N","N","N","0","","6","0","0","3","2","Y","130","2","6","0","0","0","0","0","2","0","2","0","0","0","3","03","","N","","","","","","","","","",""
"2020084154","1648","0","0","0","0","0","0","0","0","0","8","0","","67","10","2020","5","40.105161","-75.032846","1643","6","0","0","0","0","0","0","1","0","","0","0","0","16","1","1","","1","0","40 06:18.580","","0","75 01:58.246","3","0","0","0","67301","1","0","0","N","1","0","0","2","67301","0","","1.0","","1","N","N","N","0","","1","0","1","3","2","","1633","2","1","1","0","0","0","0","2","0","1","1","0","0","3","03","","N","","","","","","","","","",""
"2020110370","122","1","0","0","0","0","0","0","0","0","7","0","","67","12","2020","6","40.102804","-74.99082","0119","6","0","0","0","0","1","0","0","0","","0","0","0","1","3","2","N","0","2","40 06:10.093","3","0","74 59:26.951","4","0","0","0","67301","0","0","0","N","0","0","0","2","67301","2","","2.0","238.0","2","N","N","N","0","","0","0","0","0","0","N","115","1","2","2","0","0","0","0","2","0","1","0","0","0","3","","","N","","","","","","","","","",""
"2020114022","823","1","0","0","0","0","0","0","0","0","5","0","","67","12","2020","3","39.983582","-75.097379","0813","6","0","0","0","0","0","0","0","0","","0","0","0","8","1","0","N","0","0","39 59:00.895","","0","75 05:50.565","0","0","0","0","67301","0","0","0","N","0","0","0","4","68K01","0","","1.0","","1","N","N","N","1","","0","0","0","0","0","","811","2","0","0","0","0","0","0","2","0","2","0","0","0","3","03","","N","","","","","","","","","",""
"2020083452","1347","0","0","0","0","0","0","0","0","0","5","0","","67","10","2020","2","39.964792","-75.157067","1345","6","0","0","0","0","0","0","0","0","","0","0","0","13","1","0","N","0","0","39 57:53.250","","0","75 09:25.440","0","0","0","0","67301","0","0","0","N","0","0","0","3","67301","0","","1.0","","1","N","N","N","1","","0","0","1","0","0","","1344","2","0","2","0","0","0","0","2","0","2","0","0","0","3","03","","N","","","","","","","","","",""
"2020101361","1611","2","0","0","0","0","0","0","0","0","1","0","","67","11","2020","3","39.925919","-75.220716","1611","6","0","0","0","0","0","1","0","0","","0","0","0","16","1","5","N","0","2","39 55:33.310","3","0","75 13:14.576","2","0","0","0","67301","0","0","0","N","0","0","0","5","67301","4","","1.0","1900.0","1","N","N","Y","0","","0","1","1","0","0","Y","1609","3","5","5","0","1","0","0","2","0","3","0","0","0","3","03","","N","","","","","","","","","",""
"2020085276","2200","1","0","0","0","0","0","0","0","0","7","0","","67","10","2020","2","40.037788","-75.011983","2159","6","0","0","0","0","0","0","0","0","","0","0","0","21","3","0","N","0","0","40 02:16.036","","0","75 00:43.139","0","0","0","0","67301","0","0","0","N","0","0","0","1","68K01","0","","4.0","","4","N","N","N","0","","0","0","0","0","0","","2157","1","0","0","0","0","0","0","2","0","1","0","0","0","3","","","N","","","","","","","","","",""