"CRN","ARRIVAL_TM","AUTOMOBILE_COUNT","BELTED_DEATH_COUNT","BELTED_SUSP_SERIOUS_INJ_COUNT","BICYCLE_COUNT","BICYCLE_DEATH_COUNT","BICYCLE_SUSP_SERIOUS_INJ_COUNT","BUS_COUNT","CHLDPAS_DEATH_COUNT","CHLDPAS_SUSP_SERIOUS_INJ_COUNT","COLLISION_TYPE","COMM_VEH_COUNT","CONS_ZONE_SPD_LIM","COUNTY","CRASH_MONTH","CRASH_YEAR","DAY_OF_WEEK","DEC_LATITUDE","DEC_LONGITUDE","DISPATCH_TM","DISTRICT","DRIVER_COUNT_16YR","DRIVER_COUNT_17YR","DRIVER_COUNT_18YR","DRIVER_COUNT_19YR","DRIVER_COUNT_20YR","DRIVER_COUNT_50_64YR","DRIVER_COUNT_65_74YR","DRIVER_COUNT_75PLUS","EST_HRS_CLOSED","FATAL_COUNT","HEAVY_TRUCK_COUNT","HORSE_BUGGY_COUNT","HOUR_OF_DAY","ILLUMINATION","INJURY_COUNT","INTERSECTION_RELATED","INTERSECT_TYPE","LANE_CLOSED","LATITUDE","LN_CLOSE_DIR","LOCATION_TYPE","LONGITUDE","MAX_SEVERITY_LEVEL","MCYCLE_DEATH_COUNT","MCYCLE_SUSP_SERIOUS_INJ_COUNT","MOTORCYCLE_COUNT","MUNICIPALITY","NONMOTR_COUNT","NONMOTR_DEATH_COUNT","NONMOTR_SUSP_SERIOUS_INJ_COUNT","NTFY_HIWY_MAINT","PED_COUNT","PED_DEATH_COUNT","PED_SUSP_SERIOUS_INJ_COUNT","PERSON_COUNT","POLICE_AGCY","POSSIBLE_INJ_COUNT","RDWY_SURF_TYPE_CD","RELATION_TO_ROAD","ROADWAY_CLEARED","ROAD_CONDITION","SCH_BUS_IND","SCH_ZONE_IND","SECONDARY_CRASH","SMALL_TRUCK_COUNT","SPEC_JURIS_CD","SUSP_MINOR_INJ_COUNT","SUSP_SERIOUS_INJ_COUNT","SUV_COUNT","TCD_FUNC_CD","TCD_TYPE","TFC_DETOUR_IND","TIME_OF_DAY","TOTAL_UNITS","TOT_INJ_COUNT","UNBELTED_OCC_COUNT","UNB_DEATH_COUNT","UNB_SUSP_SERIOUS_INJ_COUNT","UNK_INJ_DEG_COUNT","UNK_INJ_PER_COUNT","URBAN_RURAL","VAN_COUNT","VEHICLE_COUNT","VULNERABLE_ROAD_USER_COUNT","VULNERABLE_ROAD_USER_DEATH_COUNT","VULNERABLE_ROAD_USER_SER_INJ_COUNT","WEATHER1","WEATHER2","WORKERS_PRES","WORK_ZONE_IND","WORK_ZONE_LOC","WORK_ZONE_TYPE","WZ_CLOSE_DETOUR","WZ_FLAGGER","WZ_LAW_OFFCR_IND","WZ_LN_CLOSURE","WZ_MOVING","WZ_OTHER","WZ_SHLDER_MDN","WZ_WORKERS_INJ_KILLED"
"2020102133","1044","0","0","0","0","0","0","0","0","0","8","0","","67","11","2020","6","39.992033","-75.140185","1008","6","0","0","0","0","0","0","0","0","","0","0","0","10","1","1","","1","0","39 59:31.320","","0","75 08:24.665","3","0","0","0","67301","1","0","0","N","1","0","0","2","67301","0","","1.0","","1","N","N","N","0","","1","0","1","3","2","","1004","2","1","0","0","0","0","0","2","0","1","1","0","0","3","","","N","","","","","","","","","",""
"2020099146","303","1","0","0","0","0","0","0","0","0","7","0","","67","11","2020","4","40.018718","-75.101737","0243","6","0","0","0","0","0","0","0","0","","0","0","0","2","3","0","","2","0","40 01:07.384","","0","75 06:06.253","0","0","0","0","67301","0","0","0","N","0","0","0","1","67301","0","","5.0","","1","N","N","N","0","","0","0","0","3","3","","242","1","0","0","0","0","0","0","2","0","1","0","0","0","3","","","N","","","","","","","","","",""
"2020084709","2336","2","0","0","0","0","0","0","0","0","4","0","","67","10","2020","1","39.995778","-75.1875","2329","6","0","0","0","0","1","0","0","0","","0","0","0","23","3","0","","3","2","39 59:44.799","3","0","75 11:15.000","9","0","0","0","67301","0","0","0","N","0","0","0","2","67301","0","","1.0","0.0","9","N","N","N","0","","0","0","0","0","0","N","2329","2","0","0","0","0","0","2","2","0","2","0","0","0","7","","","N","","","","","","","","","",""
"2020113273","1832","2","0","0","0","0","0","0","0","0","1","0","45","67","12","2020","2","39.995228","-75.083631","1832","6","0","0","0","0","1","0","0","0","","0","0","0","18","3","0","N","0","1","39 59:42.820","2","0","75 05:01.072","0","0","0","0","67301","0","0","0","N","0","0","0","5","68K01","0","","1.0","100.0","9","N","N","N","0","","0","0","1","0","0","N","1831","3","0","0","0","0","0","0","2","0","3","0","0","0","3","","N","Y","4","1","","","N","","","","Y","N"
"2020085160","1555","3","0","0","0","0","0","0","0","0","4","0","","67","10","2020","7","39.970687","-75.214554","1555","6","0","0","0","0","0","1","0","0","","0","0","0","15","1","0","","2","0","39 58:14.472","","0","75 12:52.393","0","0","0","0","67301","0","0","0","N","0","0","0","2","67301","0","","1.0","","1","N","N","N","0","","0","0","0","3","3","","1543","3","0","0","0","0","0","0","2","0","3","0","0","0","3","","","N","","","","","","","","","",""
"2020107229","1622","0","0","0","0","0","0","0","0","0","1","0","","67","12","2020","2","40.028181","-75.038898","1617","6","0","0","0","0","0","1","0","0","","0","0","0","16","1","1","","1","0","40 01:41.450","","0","75 02:20.031","3","0","0","0","67301","0","0","0","N","0","0","0","2","67301","0","","1.0","","1","N","N","N","0","","1","0","2","3","2","","1604","2","1","0","0","0","0","0","2","0","2","0","0","0","3","","","N","","","","","","","","","",""
"2020104336","234","1","0","0","0","0","0","0","0","0","1","0","","67","12","2020","6","40.029011","-75.14682","0228","6","0","0","0","0","0","0","0","0","","0","0","0","2","3","0","N","0","0","40 01:44.440","","0","75 08:48.552","9","0","0","0","67301","0","0","0","N","0","0","0","1","67301","0","","1.0","","1","N","N","N","1","","0","0","0","0","0","","215","2","0","0","0","0","0","1","2","0","2","0","0","0","3","","","N","","","","","","","","","",""
"2020112970","2359","2","0","0","0","0","0","0","0","0","4","0","","67","12","2020","1","40.033388","-75.043458","2354","6","0","0","0","0","1","0","0","0","","0","0","0","23","3","3","","1","0","40 02:00.197","","0","75 02:36.447","3","0","0","0","67301","0","0","0","N","0","0","0","4","67301","0","","1.0","","1","N","N","N","0","","3","0","0","3","3","","2350","2","3","0","0","0","0","0","2","0","2","0","0","0","3","03","","N","","","","","","","","","",""
"2020085297","645","2","0","0","0","0","0","0","0","0","1","0","55","67","10","2020","6","40.017442","-75.049614","0645","6","0","0","0","0","0","0","0","0","","0","0","0","6","3","0","N","0","1","40 01:02.792","2","0","75 02:58.610","0","0","0","0","67301","0","0","0","N","0","0","0","4","68K01","0","","1.0","810.0","1","N","N","N","0","","0","0","1","0","0","N","620","3","0","0","0","0","0","0","2","0","3","0","0","0","3","03","N","Y","4","1","","","N","","","","Y","N"
"2020113986","2307","0","0","0","0","0","0","0","0","0","7","0","","67","12","2020","1","40.009308","-75.204988","2301","6","0","0","0","0","0","0","0","0","","0","0","0","22","2","0","N","0","0","40 00:33.509","","0","75 12:17.956","9","0","0","0","67301","0","0","0","N","0","0","0","1","68K01","0","","4.0","","1","N","N","N","0","","0","0","1","0","0","","2256","1","0","0","0","0","0","1","2","0","1","0","0","0","3","03","","N","","","","","","","","","",""
"2020082491","840","1","0","0","0","0","0","0","0","0","4","0","","67","10","2020","2","39.955401","-75.171142","0832","6","0","0","0","0","0","0","0","0","","0","0","0","8","1","0","","1","0","39 57:19.443","","0","75 10:16.111","0","0","0","0","67301","0","0","0","N","0","0","0","3","67301","0","","1.0","","1","N","N","N","0","","0","0","2","3","2","","815","3","0","0","0","0","0","0","2","0","3","0","0","0","3","","","N","","","","","","","","","",""
"2020108560","319","1","0","0","0","0","0","0","0","0","5","0","","67","12","2020","2","39.917497","-75.174542","0317","6","0","0","0","0","0","0","0","0","","0","0","0","3","3","0","N","0","2","39 55:02.990","4","0","75 10:28.350","0","0","0","0","67301","0","0","0","N","0","0","0","1","67301","0","","6.0","20.0","1","N","N","N","1","","0","0","4","3","2","Y","310","6","0","0","0","0","0","0","2","0","6","0","0","0","3","03","","N","","","","","","","","","",""
"2020091901","2145","2","0","0","0","0","0","0","0","0","2","0","","67","10","2020","7","39.986286","-75.156264","2145","6","0","0","0","0","0","0","0","0","","0","0","0","21","3","2","N","1","0","39 59:10.631","","0","75 09:22.550","4","0","0","0","67301","0","0","0","Y","0","0","0","4","67505","2","","1.0","","1","N","N","N","0","","0","0","0","3","2","","2145","2","2","0","0","0","0","0","2","0","2","0","0","0","3","03","","N","","","","","","","","","",""
"2020092329","937","1","0","0","0","0","0","0","0","0","4","0","","67","10","2020","1","39.921017","-75.22412","0930","6","0","0","0","0","0","0","0","0","","0","0","0","9","1","1","","1","0","39 55:15.660","","0","75 13:26.832","3","0","0","0","67301","0","0","0","N","0","0","0","2","67301","0","","1.0","","1","N","N","N","0","","1","0","1","3","2","","926","2","1","1","0","0","0","0","2","0","2","0","0","0","4","04","","N","","","","","","","","","",""
"2020097684","1200","1","0","0","0","0","0","0","0","0","8","0","","67","10","2020","4","39.931964","-75.179816","1200","6","0","0","0","0","0","0","0","0","","0","0","0","15","1","1","","1","0","39 55:55.070","","0","75 10:47.337","8","0","0","0","67301","1","0","0","N","1","0","0","2","67301","0","","1.0","","1","N","N","N","0","","0","0","0","3","3","","1500","2","1","0","0","0","1","0","2","0","1","1","0","0","3","","","N","","","","","","","","","",""
"2020084073","1701","1","0","0","0","0","0","0","0","0","4","0","","67","10","2020","6","40.007441","-75.125171","1701","6","0","0","0","1","0","1","0","0","","0","0","0","17","1","1","","2","0","40 00:26.789","","0","75 07:30.615","4","0","0","0","67301","0","0","0","N","0","0","0","2","67301","1","","1.0","","1","N","N","N","0","","0","0","1","3","2","","1701","2","1","1","0","0","0","0","2","0","2","0","0","0","3","03","","N","","","","","","","","","",""
"2020084801","1551","0","0","0","0","0","0","0","0","0","5","0","","67","10","2020","6","39.90381","-75.240041","1547","6","0","0","0","0","0","0","0","0","","0","0","0","15","1","0","N","0","0","39 54:13.717","","0","75 14:24.149","0","0","0","1","67301","0","0","0","N","0","0","0","2","67301","0","","1.0","","1","N","N","N","0","","0","0","1","0","0","","1546","2","0","0","0","0","0","0","2","0","2","0","0","0","3","03","","N","","","","","","","","","",""
"2020105142","2305","2","0","0","0","0","0","0","0","0","1","0","35","67","12","2020","6","39.908806","-75.150722","2304","6","0","0","0","0","0","0","0","0","","0","0","0","22","3","0","N","0","0","39 54:31.700","","3","75 09:02.600","0","0","0","0","67301","0","0","0","N","0","0","0","2","67501","0","","1.0","","9","N","N","N","0","","0","0","0","3","8","N","2254","2","0","0","0","0","0","0","2","0","2","0","0","0","7","07","N","Y","4","1","","","N","Y","","","","N"
"2020113667","2140","0","0","0","0","0","0","0","0","0","7","0","","67","12","2020","4","40.007003","-75.199677","2134","6","0","0","0","0","0","1","0","0","","0","0","0","21","3","2","N","0","1","40 00:25.209","3","0","75 11:58.836","4","0","0","0","67301","0","0","0","N","0","0","0","2","68K01","2","","3.0","2215.0","7","N","N","N","0","","0","0","1","0","0","N","2131","1","2","0","0","0","0","0","2","0","1","0","0","0","10","","","N","","","","","","","","","",""
"2020112402","2040","2","0","0","0","0","0","0","0","0","3","0","","67","12","2020","6","40.021183","-75.157625","2033","6","0","0","0","0","0","0","0","0","","0","0","0","16","4","1","N","0","0","40 01:16.260","","0","75 09:27.449","3","0","0","0","67301","0","0","0","N","0","0","0","1","67301","0","","6.0","","1","N","N","Y","0","","1","0","0","0","0","","1635","2","1","0","0","0","0","0","2","0","2","0","0","0","3","","","N","","","","","","","","","",""
"2020084704","2135","3","0","0","0","0","0","0","0","0","6","0","","67","10","2020","6","39.992919","-75.168156","2130","6","0","0","0","0","0","1","0","0","","0","0","0","21","3","1","N","0","0","39 59:34.510","","0","75 10:05.360","3","0","0","0","67301","0","0","0","N","0","0","0","2","67301","0","","1.0","","1","N","N","N","0","","1","0","1","0","0","","2107","4","1","1","0","0","0","0","2","0","4","0","0","0","3","","","N","","","","","","","","","",""
"2020104514","1123","2","0","0","0","0","0","0","0","0","4","0","","67","12","2020","6","40.055416","-75.126336","1122","6","0","0","0","0","0","1","0","0","","0","0","0","11","1","1","","2","0","40 03:19.497","","0","75 07:34.808","3","0","0","0","67301","0","0","0","N","0","0","0","2","67301","0","","1.0","","9","N","N","N","0","","1","0","0","3","2","","1120","2","1","0","0","0","0","0","2","0","2","0","0","0","7","04","","N","","","","","","","","","",""
"2020112986","0955","2","0","0","0","0","0","0","0","0","4","0","","67","12","2020","6","40.021538","-75.139814","0945","6","0","0","0","0","0","0","0","0","","0","0","0","9","1","1","","1","0","40 01:17.537","","0","75 08:23.331","3","0","0","0","67301","0","0","0","N","0","0","0","2","67301","0","","1.0","","9","N","N","N","0","","1","0","0","3","2","","930","2","1","0","0","0","0","0","2","0","2","0","0","0","7","04","","N","","","","","","","","","",""
"2020112982","2327","0","0","0","0","0","0","0","0","0","4","0","","67","12","2020","7","40.010488","-75.100032","2327","6","0","0","0","0","0","0","0","0","","0","0","0","23","3","0","","1","0","40 00:37.756","","0","75 06:00.115","0","0","0","0","67301","0","0","0","N","0","0","0","2","67301","0","","1.0","","1","N","N","N","0","","0","0","2","3","2","","2317","2","0","0","0","0","0","0","2","0","2","0","0","0","3","03","","N","","","","","","","","","",""
"2020084064","2149","1","0","0","0","0","0","0","0","0","4","0","","67","10","2020","5","39.917847","-75.224206","2144","6","0","0","0","0","0","0","0","0","","0","0","0","21","3","1","","2","1","39 55:04.249","3","0","75 13:27.141","4","0","0","0","67301","0","0","0","N","0","0","0","3","67301","1","","1.0","45.0","1","N","N","N","0","","0","0","1","3","3","N","2140","2","1","1","0","0","0","0","2","0","2","0","0","0","3","03","","N","","","","","","","","","",""
"2020099555","2010","2","0","0","0","0","0","0","0","0","4","0","","67","11","2020","5","39.957933","-75.162313","2001","6","0","0","0","0","0","1","1","0","","0","0","0","19","3","1","","1","2","39 57:28.559","5","0","75 09:44.326","3","0","0","0","67301","0","0","0","N","0","0","0","3","67301","0","","1.0","100.0","1","N","N","N","0","","1","0","0","3","2","Y","1935","3","1","3","0","0","0","0","2","1","3","0","0","0","3","03","","N","","","","","","","","","",""
"2020077119","1044","1","0","0","0","0","0","0","0","0","6","0","","67","9","2020","7","40.041028","-75.175258","1043","6","0","0","0","0","0","0","0","0","","0","0","0","10","1","0","N","0","0","40 02:27.700","","0","75 10:30.930","0","0","0","0","67301","0","0","0","N","0","0","0","1","67301","0","","6.0","","1","N","N","N","1","","0","0","0","0","0","","1042","2","0","0","0","0","0","0","2","0","2","0","0","0","3","03","","N","","","","","","","","","",""
"2020090761","1151","1","0","0","0","0","0","0","0","0","7","0","","67","10","2020","5","40.033702","-75.020237","1142","6","0","0","1","0","0","0","0","0","","0","0","0","11","1","0","N","0","1","40 02:01.328","2","0","75 01:12.852","0","0","0","0","67301","0","0","0","N","0","0","0","2","68K01","0","","3.0","30.0","1","N","N","N","0","","0","0","0","0","0","N","1140","1","0","0","0","0","0","0","2","0","1","0","0","0","3","","","N","","","","","","","","","",""
"2020104958","2031","2","0","0","0","0","0","0","0","0","5","0","","67","12","2020","6","39.945254","-75.24196","2030","6","0","0","0","0","0","1","0","0","","0","0","0","20","3","2","N","0","1","39 56:42.914","6","0","75 14:31.055","3","0","0","0","67301","0","0","0","N","0","0","0","2","67301","0","","6.0","2220.0","9","N","N","N","0","","2","0","1","0","0","Y","2030","3","2","1","0","0","0","0","2","0","3","0","0","0","7","07","","N","","","","","","","","","",""
"2020102417","1620","1","0","0","1","0","0","0","0","0","8","0","","67","11","2020","7","39.918639","-75.184778","1618","6","0","0","0","0","0","0","0","0","","0","0","0","16","1","1","N","0","0","39 55:07.100","","7","75 11:05.200","4","0","0","0","67301","1","0","0","N","0","0","0","2","67301","1","","1.0","","1","N","N","N","0","","0","0","0","0","0","","1615","2","1","0","0","0","0","0","2","0","1","1","0","0","3","03","","N","","","","","","","","","",""
"2020083332","1120","1","0","0","0","0","0","0","0","0","4","0","","67","10","2020","4","40.068525","-75.039816","1116","6","0","0","0","0","0","1","0","0","","0","0","0","11","1","2","","2","1","40 04:06.691","1","0","75 02:23.339","3","0","0","0","67301","0","0","0","N","0","0","0","3","67301","0","","1.0","1140.0","1","N","N","Y","0","","2","0","2","0","0","N","1110","3","2","0","0","0","0","0","2","0","3","0","0","0","3","03","","N","","","","","","","","","",""
"2020113155","1325","1","0","0","0","0","0","0","0","0","4","0","","67","12","2020","2","40.056962","-75.088369","1320","6","0","0","0","0","0","0","0","0","","0","0","0","13","1","2","","1","1","40 03:25.064","5","0","75 05:18.129","8","0","0","0","67301","0","0","0","N","0","0","0","3","67301","0","","1.0","1416.0","1","N","N","N","0","","0","0","0","3","2","Y","1320","2","2","0","0","0","2","0","2","1","2","0","0","0","3","03","","N","","","","","","","","","",""
"2020085484","1010","2","0","0","0","0","0","0","0","0","4","0","","67","10","2020","3","40.017117","-75.116412","1004","6","0","0","0","0","0","0","0","1","","0","0","0","10","1","1","N","0","0","40 01:01.620","","7","75 06:59.084","3","0","0","0","67301","0","0","0","N","0","0","0","2","67301","0","","1.0","","1","N","N","N","0","","1","0","1","0","0","","1000","3","1","0","0","0","0","0","2","0","3","0","0","0","4","04","","N","","","","","","","","","",""
"2020111188","0419","0","0","0","0","0","0","0","0","0","8","0","","67","12","2020","3","40.047724","-75.143268","0418","6","0","0","0","0","0","0","0","0","","0","0","0","4","3","1","N","0","1","40 02:51.807","6","0","75 08:35.765","2","0","0","0","67301","1","0","1","N","1","0","1","2","67301","0","","1.0","611.0","9","N","N","N","0","","0","1","1","0","0","Y","414","2","1","1","0","0","0","0","2","0","1","1","0","1","7","07","","N","","","","","","","","","",""
"2020099987","1555","1","0","0","0","0","0","0","0","0","8","0","","67","11","2020","4","39.965886","-75.234364","1550","6","0","0","0","0","0","0","0","0","","0","0","0","13","1","1","N","0","0","39 57:57.190","","0","75 14:03.710","3","0","0","0","67301","1","0","0","N","0","0","0","2","67301","0","","2.0","","1","N","N","N","0","","1","0","0","0","0","","1315","2","1","0","0","0","0","1","2","0","1","1","0","0","3","03","","N","","","","","","","","","",""
"2020109442","1733","1","0","0","0","0","0","0","0","0","4","0","","67","12","2020","3","39.918225","-75.208762","1732","6","0","0","0","0","0","1","0","0","","0","0","0","17","3","2","","1","1","39 55:05.610","2","0","75 12:31.544","3","0","0","0","67301","0","0","0","N","0","0","0","5","67301","1","","1.0","100.0","1","N","N","N","1","","1","0","0","3","2","N","1717","3","2","1","0","0","0","2","2","1","3","0","0","0","3","03","","N","","","","","","","","","",""
"2020103028","0215","2","0","0","0","0","0","0","0","0","1","0","","67","11","2020","7","40.019396","-75.163239","0215","6","0","0","0","0","0","0","0","0","","0","0","0","2","3","1","N","0","2","40 01:09.824","1","3","75 09:47.659","3","0","0","0","67301","0","0","0","N","0","0","0","1","67301","0","","1.0","430.0","1","N","N","N","0","","1","0","1","4","7","Y","215","3","1","1","0","0","0","0","2","0","3","0","0","0","3","03","","N","","","","","","","","","",""
"2020107230","2050","2","0","0","0","0","0","0","0","0","4","0","","67","12","2020","3","40.027373","-75.062935","2045","6","0","0","0","0","0","0","0","0","","0","0","0","20","3","0","","1","0","40 01:38.541","","0","75 03:46.566","9","0","0","0","67301","0","0","0","N","0","0","0","4","67301","0","","1.0","","1","N","N","N","0","","0","0","0","3","2","","2040","2","0","0","0","0","0","3","2","0","2","0","0","0","3","03","","N","","","","","","","","","",""
"2020112956","0725","0","0","0","0","0","0","0","0","0","5","0","","67","12","2020","7","40.051831","-75.096781","0719","6","0","0","0","0","0","0","0","0","","0","0","0","7","3","1","N","0","1","40 03:06.590","4","0","75 05:48.410","8","0","0","0","67301","0","0","0","N","0","0","0","2","67301","0","","1.0","849.0","1","N","N","N","0","","0","0","2","0","0","Y","718","2","1","0","0","0","1","0","2","0","2","0","0","0","3","03","","N","","","","","","","","","",""
"2020106642","1920","2","0","0","0","0","0","0","0","0","4","0","","67","12","2020","2","39.930879","-75.174858","1910","6","0","0","0","0","0","0","0","0","","0","0","0","19","3","0","","2","0","39 55:51.164","","0","75 10:29.488","9","0","0","0","67301","0","0","0","N","0","0","0","2","67301","0","","1.0","","1","N","N","N","0","","0","0","0","3","3","","1900","2","0","0","0","0","0","2","2","0","2","0","0","0","3","03","","N","","","","","","","","","",""
"2020082596","1122","1","0","0","1","0","0","0","0","0","8","0","","67","10","2020","3","39.95337","-75.196533","1120","6","0","0","0","0","0","0","0","0","","0","0","0","11","1","1","N","0","0","39 57:12.132","","0","75 11:47.517","4","0","0","0","67301","1","0","0","N","0","0","0","2","67504","1","","1.0","","1","N","N","N","0","","0","0","0","0","0","","1118","2","1","0","0","0","0","0","2","0","1","1","0","0","3","","","N","","","","","","","","","",""
"2020084402","2010","0","0","0","0","0","0","0","0","0","4","0","","67","10","2020","6","39.995928","-75.114461","2005","6","0","0","0","0","0","0","0","0","","0","0","0","20","3","1","","2","0","39 59:45.340","","1","75 06:52.059","4","0","0","1","67301","0","0","0","N","0","0","0","2","67301","1","","1.0","","1","N","N","N","0","","0","0","1","0","0","","2000","2","1","0","0","0","0","0","2","0","2","0","0","0","3","03","","N","","","","","","","","","",""
"2020105318","0056","2","0","0","0","0","0","0","0","0","4","0","","67","12","2020","6","39.940369","-75.236609","0056","6","0","0","0","0","0","0","0","0","","0","0","0","23","3","1","","1","0","39 56:25.327","","0","75 14:11.791","3","0","0","0","67301","0","0","0","N","0","0","0","3","67301","0","","1.0","","8","N","N","N","0","","1","0","0","3","2","","2339","2","1","0","0","0","0","0","2","0","2","0","0","0","7","","","N","","","","","","","","","",""
"2020084901","2214","0","0","0","0","0","0","0","0","0","4","0","","67","10","2020","7","39.959913","-75.247403","2212","6","0","0","1","0","0","0","0","0","","0","0","0","22","3","1","Y","0","0","39 57:35.685","","0","75 14:50.651","3","0","0","0","67301","0","0","0","N","0","0","0","3","67301","0","","1.0","","1","N","N","N","0","","1","0","1","3","2","","2212","2","1","0","0","0","0","0","2","0","2","0","0","0","3","","","N","","","","","","","","","",""
"2020106886","2145","1","0","0","0","0","0","0","0","0","4","0","","67","12","2020","5","40.075293","-75.160427","2139","6","0","0","0","0","0","1","0","0","","0","0","0","20","3","1","","1","0","40 04:31.053","","0","75 09:37.536","3","0","0","0","67301","0","0","0","N","0","0","0","2","67301","0","","1.0","","1","N","N","N","0","","1","0","1","3","2","","2050","2","1","0","0","0","0","0","2","0","2","0","0","0","3","03","","N","","","","","","","","","",""
"2020089103","1447","1","0","1","0","0","0","0","0","0","1","0","","67","10","2020","7","39.948662","-75.141628","1434","6","0","0","0","0","0","2","0","0","","0","0","0","14","1","6","N","0","2","39 56:55.184","1","0","75 08:29.862","2","0","0","0","67301","0","0","0","N","0","0","0","6","68K01","1","","1.0","1600.0","1","N","N","N","1","","2","3","1","0","0","Y","1433","3","6","1","0","1","0","0","2","0","3","0","0","0","3","03","","N","","","","","","","","","",""
"2020109441","2133","1","0","0","0","0","0","0","0","0","99","0","","67","12","2020","4","40.081233","-75.050956","2133","6","0","0","0","0","0","0","0","0","","0","0","0","21","3","0","N","0","0","40 04:52.440","","0","75 03:03.440","0","0","0","0","67301","0","0","0","N","0","0","0","1","67301","0","","1.0","","7","N","N","N","0","","0","0","0","0","0","","2125","1","0","1","0","0","0","0","2","0","1","0","0","0","10","10","","N","","","","","","","","","",""
"2020086205","1359","3","0","0","0","0","0","0","0","0","4","0","","67","10","2020","6","39.975459","-75.181608","1244","6","0","0","0","0","0","1","0","0","","0","0","0","11","1","0","","2","0","39 58:31.652","","0","75 10:53.788","9","0","0","0","67301","0","0","0","N","0","0","0","2","67301","0","","1.0","","1","N","N","N","0","","0","0","1","3","3","","1149","4","0","0","0","0","0","1","2","0","4","0","0","0","3","03","","N","","","","","","","","","",""
"2020113685","2237","2","0","0","0","0","0","0","0","0","5","0","","67","12","2020","4","40.032139","-75.02128","2230","6","0","0","0","0","0","0","1","0","","0","0","0","22","3","2","N","0","1","40 01:55.701","2","0","75 01:16.609","3","0","0","0","67301","0","0","0","N","0","0","0","3","68K01","1","","1.0","2320.0","1","N","N","N","0","","1","0","1","0","0","N","2205","3","2","0","0","0","0","0","2","0","3","0","0","0","3","","","N","","","","","","","","","",""
"2020111543","1940","1","0","0","0","0","0","0","0","0","5","0","","67","12","2020","4","40.006939","-75.151634","1936","6","0","0","0","1","0","0","0","0","","0","0","0","19","3","3","N","0","0","40 00:24.979","","0","75 09:05.884","3","0","0","0","67301","0","0","0","N","0","0","0","4","67505","0","","1.0","","1","N","Y","N","0","","3","0","0","0","0","","1930","2","3","0","0","0","0","0","2","0","2","0","0","0","3","03","","N","","","","","","","","","",""
"2020103737","1120","0","0","0","0","0","0","0","0","0","1","0","","67","12","2020","3","39.938492","-75.142105","1120","6","0","0","0","0","0","0","0","0","","0","0","0","17","4","3","","2","0","39 56:18.571","","2","75 08:31.577","3","0","0","0","67301","0","0","0","N","0","0","0","4","67301","0","","1.0","","1","N","N","N","0","","3","0","1","3","2","","1728","2","3","2","0","0","0","0","2","1","2","0","0","0","3","","","N","","","","","","","","","",""
"2020107225","1637","1","0","0","0","0","0","0","0","0","8","0","","67","12","2020","6","39.9364","-75.158411","1630","6","0","0","0","0","0","0","0","0","","0","0","0","16","4","1","N","0","0","39 56:11.040","","0","75 09:30.280","8","0","0","0","67301","1","0","0","N","1","0","0","2","67301","0","","1.0","","1","N","N","N","0","","0","0","0","0","0","","1625","2","1","0","0","0","1","1","2","0","1","1","0","0","3","03","","N","","","","","","","","","",""
"2020106964","1622","2","0","0","0","0","0","0","0","0","4","0","","67","12","2020","6","39.980819","-75.15034","1621","6","0","0","0","0","0","0","0","0","","0","0","0","16","1","0","","1","0","39 58:50.948","","0","75 09:01.223","0","0","0","0","67301","0","0","0","N","0","0","0","3","67505","0","","1.0","","1","N","N","N","0","","0","0","0","3","2","","1615","2","0","0","0","0","0","0","2","0","2","0","0","0","3","03","","N","","","","","","","","","",""
"2020110384","1626","2","0","0","0","0","0","0","0","0","0","0","","67","12","2020","3","40.007533","-75.103614","1626","6","0","0","0","0","0","1","0","0","","0","0","0","16","1","1","N","0","0","40 00:27.120","","0","75 06:13.010","3","0","0","0","67301","0","0","0","N","0","0","0","1","67301","0","","1.0","","1","N","N","N","0","","1","0","0","0","0","","1626","2","1","1","0","0","0","0","2","0","2","0","0","0","3","03","","N","","","","","","","","","",""
"2020113675","0550","0","0","0","0","0","0","0","0","0","7","0","","67","12","2020","1","39.932618","-75.200174","0545","6","0","0","0","0","0","0","0","0","","0","0","0","5","3","1","N","0","1","39 55:57.426","3","0","75 12:00.625","3","0","0","0","67301","0","0","0","N","0","0","0","1","68K01","0","","4.0","700.0","2","N","N","N","1","","1","0","0","0","0","N","543","1","1","0","0","0","0","0","2","0","1","0","0","0","3","","","N","","","","","","","","","",""
"2020109463","1757","2","0","0","0","0","0","0","0","0","2","0","","67","12","2020","5","40.020378","-75.141107","1757","6","0","0","0","0","0","0","0","0","","0","0","0","14","1","2","N","0","0","40 01:13.362","","0","75 08:27.985","3","0","0","0","67301","0","0","0","N","0","0","0","2","67301","0","","1.0","","2","N","N","N","0","","1","0","0","0","0","","1409","2","2","0","0","0","1","0","2","0","2","0","0","0","3","","","N","","","","","","","","","",""
"2020100808","1106","0","0","0","0","0","0","0","0","0","7","0","","67","11","2020","2","40.039514","-75.15442","1105","6","0","0","0","1","0","0","0","0","","0","0","0","11","1","1","","1","0","40 02:22.249","","0","75 09:15.913","3","0","0","0","67301","0","0","0","N","0","0","0","1","67301","0","","5.0","","1","N","N","N","0","","1","0","1","3","2","","1104","1","1","0","0","0","0","0","2","0","1","0","0","0","3","03","","N","","","","","","","","","",""