"CRN","ARRIVAL_TM","AUTOMOBILE_COUNT","BELTED_DEATH_COUNT","BELTED_SUSP_SERIOUS_INJ_COUNT","BICYCLE_COUNT","BICYCLE_DEATH_COUNT","BICYCLE_SUSP_SERIOUS_INJ_COUNT","BUS_COUNT","CHLDPAS_DEATH_COUNT","CHLDPAS_SUSP_SERIOUS_INJ_COUNT","COLLISION_TYPE","COMM_VEH_COUNT","CONS_ZONE_SPD_LIM","COUNTY","CRASH_MONTH","CRASH_YEAR","DAY_OF_WEEK","DEC_LATITUDE","DEC_LONGITUDE","DISPATCH_TM","DISTRICT","DRIVER_COUNT_16YR","DRIVER_COUNT_17YR","DRIVER_COUNT_18YR","DRIVER_COUNT_19YR","DRIVER_COUNT_20YR","DRIVER_COUNT_50_64YR","DRIVER_COUNT_65_74YR","DRIVER_COUNT_75PLUS","EST_HRS_CLOSED","FATAL_COUNT","HEAVY_TRUCK_COUNT","HORSE_BUGGY_COUNT","HOUR_OF_DAY","ILLUMINATION","INJURY_COUNT","INTERSECTION_RELATED","INTERSECT_TYPE","LANE_CLOSED","LATITUDE","LN_CLOSE_DIR","LOCATION_TYPE","LONGITUDE","MAX_SEVERITY_LEVEL","MCYCLE_DEATH_COUNT","MCYCLE_SUSP_SERIOUS_INJ_COUNT","MOTORCYCLE_COUNT","MUNICIPALITY","NONMOTR_COUNT","NONMOTR_DEATH_COUNT","NONMOTR_SUSP_SERIOUS_INJ_COUNT","NTFY_HIWY_MAINT","PED_COUNT","PED_DEATH_COUNT","PED_SUSP_SERIOUS_INJ_COUNT","PERSON_COUNT","POLICE_AGCY","POSSIBLE_INJ_COUNT","RDWY_SURF_TYPE_CD","RELATION_TO_ROAD","ROADWAY_CLEARED","ROAD_CONDITION","SCH_BUS_IND","SCH_ZONE_IND","SECONDARY_CRASH","SMALL_TRUCK_COUNT","SPEC_JURIS_CD","SUSP_MINOR_INJ_COUNT","SUSP_SERIOUS_INJ_COUNT","SUV_COUNT","TCD_FUNC_CD","TCD_TYPE","TFC_DETOUR_IND","TIME_OF_DAY","TOTAL_UNITS","TOT_INJ_COUNT","UNBELTED_OCC_COUNT","UNB_DEATH_COUNT","UNB_SUSP_SERIOUS_INJ_COUNT","UNK_INJ_DEG_COUNT","UNK_INJ_PER_COUNT","URBAN_RURAL","VAN_COUNT","VEHICLE_COUNT","VULNERABLE_ROAD_USER_COUNT","VULNERABLE_ROAD_USER_DEATH_COUNT","VULNERABLE_ROAD_USER_SER_INJ_COUNT","WEATHER1","WEATHER2","WORKERS_PRES","WORK_ZONE_IND","WORK_ZONE_LOC","WORK_ZONE_TYPE","WZ_CLOSE_DETOUR","WZ_FLAGGER","WZ_LAW_OFFCR_IND","WZ_LN_CLOSURE","WZ_MOVING","WZ_OTHER","WZ_SHLDER_MDN","WZ_WORKERS_INJ_KILLED"
"2020106889","1320","0","0","0","0","0","0","0","0","0","8","0","","67","12","2020","3","39.988783","-75.139034","1320","6","0","0","0","0","0","0","0","0","","0","0","0","12","1","1","","1","0","39 59:19.618","","0","75 08:20.522","3","0","0","0","67301","1","0","0","N","1","0","0","2","67301","0","","1.0","","1","N","N","N","1","","1","0","0","3","3","","1200","2","1","0","0","0","0","0","2","0","1","1","0","0","3","03","","N","","","","","","","","","",""
"2020097397","1932","1","0","0","0","0","0","0","0","0","7","0","","67","10","2020","1","40.046253","-75.001569","1920","6","0","0","0","0","0","0","0","0","","0","0","0","19","2","0","N","0","0","40 02:46.512","","0","75 00:05.648","0","0","0","0","67301","0","0","0","N","0","0","0","1","68K01","0","","2.0","","9","N","N","N","0","","0","0","0","0","0","","1911","1","0","0","0","0","0","0","2","0","1","0","0","0","7","","","N","","","","","","","","","",""
"2020102682","1641","2","0","0","0","0","0","0","0","0","4","0","","67","11","2020","1","39.958","-75.221263","1634","6","0","0","0","0","0","0","0","0","","0","0","0","16","1","2","","1","0","39 57:28.799","","0","75 13:16.548","4","0","0","0","67301","0","0","0","N","0","0","0","2","67301","2","","1.0","","1","N","N","N","0","","0","0","0","3","1","","1634","2","2","0","0","0","0","0","2","0","2","0","0","0","3","03","","N","","","","","","","","","",""
"2020104483","1236","2","0","0","0","0","0","0","0","0","5","0","","67","12","2020","6","39.977361","-75.159889","1226","6","0","0","0","0","1","0","0","0","","0","0","0","12","1","0","N","0","0","39 58:38.500","","0","75 09:35.600","9","0","0","0","67301","0","0","0","N","0","0","0","1","67505","0","","1.0","","9","N","N","N","0","","0","0","1","3","2","","1215","3","0","0","0","0","0","1","2","0","3","0","0","0","7","04","","N","","","","","","","","","",""
"2020104791","1115","0","0","0","0","0","0","0","0","0","1","0","","67","12","2020","6","39.938264","-75.226233","1115","6","0","0","0","0","0","0","0","0","","0","0","0","11","1","1","N","0","0","39 56:17.750","","0","75 13:34.440","3","0","0","0","67301","0","0","0","N","0","0","0","2","67301","0","","6.0","","9","N","N","N","0","","1","0","1","0","0","","1105","2","1","0","0","0","0","1","2","1","2","0","0","0","7","04","","N","","","","","","","","","",""
"2020086172","2100","1","0","0","0","0","0","0","0","0","5","0","","67","10","2020","5","39.956845","-75.149013","2055","6","0","0","0","0","0","0","0","0","","0","0","0","20","3","0","N","0","0","39 57:24.643","","0","75 08:56.445","0","0","0","0","67301","0","0","0","N","0","0","0","2","67301","0","","1.0","","1","N","N","N","0","","0","0","1","0","0","","2054","2","0","0","0","0","0","0","2","0","2","0","0","0","3","03","","N","","","","","","","","","",""
"2020112969","2114","2","0","0","0","0","0","0","0","0","4","0","","67","12","2020","7","40.024202","-75.03485","2114","6","0","0","0","0","0","0","0","0","","0","0","0","21","3","2","N","0","0","40 01:27.128","","0","75 02:05.459","3","0","0","0","67301","0","0","0","N","0","0","0","3","67301","0","","1.0","","1","N","N","N","0","","2","0","0","0","0","","2111","2","2","0","0","0","0","1","2","0","2","0","0","0","3","03","","N","","","","","","","","","",""
"2020108238","0135","1","0","0","0","0","0","0","0","0","4","0","","67","12","2020","3","39.971858","-75.244883","0125","6","0","0","0","0","0","0","0","0","","0","0","0","1","3","0","","1","0","39 58:18.687","","0","75 14:41.580","0","0","0","0","67301","0","0","0","N","0","0","0","2","67508","0","","1.0","","1","N","N","Y","0","","0","0","0","3","2","N","125","2","0","0","0","0","0","0","2","0","2","0","0","0","3","03","","N","","","","","","","","","",""
"2020103010","1635","0","0","0","0","0","0","0","0","0","7","0","","67","11","2020","2","40.100748","-75.029558","1632","6","0","0","0","0","0","1","0","0","","0","0","0","16","4","0","N","0","0","40 06:02.693","","0","75 01:46.407","0","0","0","0","67301","0","0","0","N","0","0","0","1","67301","0","","4.0","","9","N","N","N","0","","0","0","1","0","0","","1630","2","0","1","0","0","0","0","2","1","2","0","0","0","7","07","","N","","","","","","","","","",""
"2020106250","2306","3","0","1","0","0","0","0","0","0","1","0","","67","12","2020","2","39.929287","-75.146065","2303","6","0","0","0","0","1","0","0","0","","0","0","0","22","3","3","N","0","2","39 55:45.432","1","0","75 08:45.835","2","0","0","0","67301","0","0","0","N","0","0","0","5","68K01","0","","1.0","2345.0","1","N","N","N","0","","2","1","0","0","0","N","2258","3","3","0","0","0","0","0","2","0","3","0","0","0","3","03","","N","","","","","","","","","",""
"2020086895","1700","1","0","0","0","0","0","0","0","0","4","0","","67","10","2020","3","39.966328","-75.216667","1652","6","0","0","0","0","0","0","1","0","","0","0","0","16","1","2","","1","0","39 57:58.780","","0","75 13:00.001","3","0","0","0","67301","0","0","0","N","0","0","0","2","67301","0","","1.0","","1","N","N","N","0","","2","0","1","3","2","","1652","2","2","0","0","0","0","0","2","0","2","0","0","0","3","03","","N","","","","","","","","","",""
"2020105675","2147","1","0","0","0","0","0","0","0","0","8","0","","67","12","2020","2","40.052271","-75.151646","2140","6","0","0","0","0","0","0","0","0","","0","0","0","21","3","1","","1","0","40 03:08.176","","0","75 09:05.927","3","0","0","0","67301","1","0","0","N","1","0","0","2","67301","0","","1.0","","1","N","N","N","0","","1","0","0","0","0","","2133","2","1","0","0","0","0","0","2","0","1","1","0","0","3","","","N","","","","","","","","","",""
"2020111181","1900","6","0","0","0","0","0","0","0","0","4","0","","67","12","2020","3","39.978983","-75.157736","1857","6","0","0","0","0","0","0","0","0","","0","0","0","18","3","1","N","0","1","39 58:44.339","2","0","75 09:27.850","8","0","0","0","67301","0","0","0","N","0","0","0","6","67505","0","","1.0","2041.0","1","N","N","Y","0","","0","0","1","0","0","Y","1856","7","1","2","0","0","1","1","2","0","7","0","0","0","3","03","","N","","","","","","","","","",""
"2020102278","1322","2","0","0","0","0","0","0","0","0","5","0","","67","11","2020","6","39.916814","-75.216793","1317","6","0","0","0","0","0","0","1","0","","0","0","0","12","1","1","N","0","0","39 55:00.532","","0","75 13:00.455","3","0","0","0","67301","0","0","0","N","0","0","0","2","67301","0","","1.0","","1","N","N","N","0","","1","0","0","3","2","","1202","2","1","0","0","0","0","0","2","0","2","0","0","0","3","03","","N","","","","","","","","","",""
"2020113765","0017","0","0","0","0","0","0","0","0","0","5","0","","67","12","2020","3","39.999844","-75.076369","0016","6","0","0","0","0","0","0","0","0","","0","0","0","0","3","0","N","0","0","39 59:59.440","","0","75 04:34.930","0","0","0","0","67301","0","0","0","N","0","0","0","1","67301","0","","6.0","","1","N","N","N","1","","0","0","3","0","0","","15","4","0","0","0","0","0","0","2","0","4","0","0","0","3","","","N","","","","","","","","","",""
"2020084276","1718","2","0","0","0","0","0","0","0","0","5","0","","67","10","2020","7","39.97674","-75.158213","1716","6","0","0","0","0","0","0","0","0","","0","0","0","17","1","0","N","0","2","39 58:36.263","5","0","75 09:29.568","0","0","0","0","67301","0","0","0","N","0","0","0","3","67505","0","","1.0","1833.0","1","N","N","N","0","","0","0","0","0","0","Y","1714","2","0","0","0","0","0","0","2","0","2","0","0","0","3","03","","N","","","","","","","","","",""
"2020110369","2054","2","0","0","0","0","0","0","0","0","2","0","","67","12","2020","5","40.069165","-75.030477","2054","6","0","0","0","1","0","0","0","0","","0","0","0","20","3","0","N","0","0","40 04:08.993","","0","75 01:49.717","0","0","0","0","67301","0","0","0","N","0","0","0","1","67301","0","","1.0","","2","N","N","N","0","","0","0","0","0","0","","2025","2","0","0","0","0","0","0","2","0","2","0","0","0","10","10","","N","","","","","","","","","",""
"2020110817","1250","2","0","0","0","0","0","0","0","0","4","0","","67","12","2020","7","39.925203","-75.176073","1240","6","0","0","0","0","1","0","0","0","","0","0","0","11","8","0","","1","0","39 55:30.731","","0","75 10:33.861","0","0","0","0","67301","0","0","0","N","0","0","0","2","67301","0","","1.0","","1","N","N","N","0","","0","0","1","3","2","","1130","3","0","0","0","0","0","0","2","0","3","0","0","0","3","03","","N","","","","","","","","","",""
"2020113735","1555","2","0","0","0","0","0","0","0","0","1","0","","67","12","2020","3","40.045017","-75.220225","1555","6","0","0","0","0","0","0","1","0","","0","0","0","15","1","1","N","0","0","40 02:42.060","","0","75 13:12.810","3","0","0","0","67301","0","0","0","N","0","0","0","3","67301","0","","1.0","","1","N","N","N","0","","1","0","0","0","0","","1535","2","1","2","0","0","0","0","2","0","2","0","0","0","3","","","N","","","","","","","","","",""
"2020111854","1545","1","0","0","0","0","0","0","0","0","4","0","","67","12","2020","4","39.958177","-75.229104","1541","6","0","0","0","0","0","0","1","0","","0","0","0","15","1","1","","1","0","39 57:29.437","","0","75 13:44.774","3","0","0","0","67301","0","0","0","N","0","0","0","2","67301","0","","1.0","","1","N","N","N","1","","1","0","1","3","3","","1540","3","1","0","0","0","0","0","2","0","3","0","0","0","3","03","","N","","","","","","","","","",""
"2020102897","0051","1","0","0","0","0","0","0","0","0","1","0","","67","11","2020","1","39.962105","-75.198878","0046","6","0","0","0","0","0","0","0","0","","0","0","0","0","3","2","N","0","0","39 57:43.577","","0","75 11:55.960","4","0","0","0","67301","0","0","0","N","0","0","0","3","67301","2","","1.0","","1","N","N","N","0","","0","0","1","0","0","","29","2","2","0","0","0","0","0","2","0","2","0","0","0","3","","","N","","","","","","","","","",""
"2020105211","1108","2","0","0","0","0","0","0","0","0","2","0","","67","11","2020","7","40.010471","-75.136173","1037","6","0","0","0","0","0","0","0","0","","0","0","0","10","1","0","","1","0","40 00:37.695","","0","75 08:10.222","0","0","0","0","67301","0","0","0","N","0","0","0","1","67301","0","","1.0","","1","N","N","N","0","","0","0","0","3","2","","1035","2","0","0","0","0","0","0","2","0","2","0","0","0","3","03","","N","","","","","","","","","",""
"2020104883","2035","0","0","0","0","0","0","0","0","0","8","0","","67","11","2020","6","39.991335","-75.170793","2030","6","0","0","0","0","0","0","0","0","","0","0","0","18","3","1","","1","0","39 59:28.806","","0","75 10:14.854","3","0","0","0","67301","1","0","0","N","1","0","0","2","67301","0","","1.0","","1","N","N","N","0","","1","0","1","0","0","","1800","2","1","0","0","0","0","1","2","0","1","1","0","0","3","03","","N","","","","","","","","","",""
"2020109813","0242","0","0","0","0","0","0","0","0","0","1","0","","67","12","2020","7","39.953609","-75.198625","0242","6","0","0","0","0","0","1","0","0","","0","0","0","2","3","1","N","1","2","39 57:12.991","4","0","75 11:55.051","3","0","0","0","67301","0","0","0","N","0","0","0","3","67504","0","","1.0","320.0","1","N","N","N","0","","1","0","2","3","2","Y","242","2","1","0","0","0","0","0","2","0","2","0","0","0","3","03","","N","","","","","","","","","",""
"2020112566","0012","1","0","0","0","0","0","0","0","0","7","0","","67","12","2020","2","40.00385","-75.152429","0010","6","0","0","0","0","0","0","0","0","","0","0","0","0","3","1","N","0","1","40 00:13.861","2","0","75 09:08.746","3","0","0","0","67301","0","0","0","N","0","0","0","3","67505","0","","4.0","45.0","1","N","N","N","0","","1","0","0","0","0","N","5","1","1","0","0","0","0","2","2","0","1","0","0","0","3","","","N","","","","","","","","","",""
"2020099991","1720","1","0","0","0","0","0","0","0","0","4","0","","67","11","2020","6","39.994853","-75.159306","1707","6","0","0","0","0","0","1","0","0","","0","0","0","17","3","4","N","0","1","39 59:41.470","7","0","75 09:33.500","3","0","0","0","67301","0","0","0","N","0","0","0","5","67301","0","","1.0","1735.0","1","N","N","N","0","","3","0","1","9","2","N","1703","2","4","0","0","0","1","0","2","0","2","0","0","0","3","","","N","","","","","","","","","",""
"2020110507","2122","2","0","0","0","0","0","0","0","0","4","0","","67","12","2020","1","40.014326","-75.070851","2117","6","0","0","0","1","0","0","0","0","","0","0","0","20","3","0","","1","0","40 00:51.572","","0","75 04:15.064","0","0","0","0","67301","0","0","0","N","0","0","0","2","67301","0","","1.0","","9","N","N","N","0","","0","0","0","3","2","","2053","2","0","0","0","0","0","0","2","0","2","0","0","0","5","","","N","","","","","","","","","",""
"2020111753","0132","1","0","0","0","0","0","0","0","0","1","0","","67","12","2020","5","40.101813","-75.006316","0127","6","0","0","0","0","1","0","0","0","","0","0","0","1","3","3","N","0","1","40 06:06.528","2","7","75 00:22.738","3","0","0","0","67301","0","0","0","N","0","0","0","3","67301","2","","1.0","236.0","1","N","N","N","0","","1","0","1","3","2","N","122","2","3","0","0","0","0","0","2","0","2","0","0","0","3","03","","N","","","","","","","","","",""
"2020112073","1720","2","0","0","0","0","0","0","0","0","4","0","","67","12","2020","5","39.924709","-75.181989","1720","6","0","0","0","1","0","0","0","0","","0","0","0","17","3","1","","1","0","39 55:28.952","","0","75 10:55.160","4","0","0","0","67301","0","0","0","N","0","0","0","2","67301","1","","1.0","","9","N","N","N","0","","0","0","1","3","3","","1700","3","1","0","0","0","0","0","2","0","3","0","0","0","7","07","","N","","","","","","","","","",""
"2020085120","0431","1","0","0","0","0","0","0","0","0","7","0","","67","10","2020","1","39.966908","-75.19212","0431","6","0","0","0","0","0","0","0","0","","0","0","0","4","3","0","","1","0","39 58:00.868","","0","75 11:31.632","0","0","0","0","67301","0","0","0","N","0","0","0","1","68K01","0","","4.0","","1","N","N","N","0","","0","0","0","0","0","","431","1","0","0","0","0","0","0","2","0","1","0","0","0","3","","","N","","","","","","","","","",""
"2020103482","1620","3","0","0","0","0","0","0","0","0","4","0","","67","12","2020","3","39.977806","-75.162221","1618","6","0","0","0","0","0","0","0","0","","0","0","0","16","1","0","","1","0","39 58:40.101","","0","75 09:43.997","9","0","0","0","67301","0","0","0","N","0","0","0","2","67505","0","","1.0","","1","N","N","Y","0","","0","0","2","3","3","","1618","6","0","1","0","0","0","1","2","0","6","0","0","0","4","03","","N","","","","","","","","","",""
"2020106646","1548","3","0","0","0","0","0","0","0","0","1","0","","67","12","2020","4","39.986825","-75.135853","1543","6","0","0","0","0","0","1","0","0","","0","0","0","14","1","0","","1","0","39 59:12.570","","0","75 08:09.070","9","0","0","0","67301","0","0","0","N","0","0","0","3","67301","0","","1.0","","9","N","N","Y","0","","0","0","0","3","2","","1455","3","0","1","0","0","0","2","2","0","3","0","0","0","6","","","N","","","","","","","","","",""
"2020088625","2135","1","0","0","0","0","0","0","0","0","8","0","","67","10","2020","4","39.913498","-75.240919","2135","6","0","0","0","0","0","0","0","0","","0","0","0","21","2","1","","1","0","39 54:48.592","","0","75 14:27.308","3","0","0","0","67301","1","0","0","N","1","0","0","2","67301","0","","1.0","","1","N","N","N","0","","1","0","0","3","3","","2135","2","1","0","0","0","0","0","2","0","1","1","0","0","3","03","","N","","","","","","","","","",""
"2020105117","0930","2","0","0","0","0","0","0","0","0","3","0","","67","12","2020","1","39.876197","-75.252119","0930","6","0","0","0","1","0","0","0","0","","0","0","0","9","1","1","N","0","0","39 52:34.310","","0","75 15:07.630","4","0","0","0","67301","0","0","0","N","0","0","0","2","67301","1","","1.0","","1","N","N","N","0","","0","0","0","0","0","","930","2","1","0","0","0","0","0","2","0","2","0","0","0","3","03","","N","","","","","","","","","",""
"2020106081","1812","1","0","0","0","0","0","0","0","0","4","0","","67","12","2020","3","39.983789","-75.257117","1807","6","0","0","0","0","0","1","0","0","","0","0","0","17","3","1","","1","0","39 59:01.640","","0","75 15:25.621","3","0","0","0","67301","0","0","0","N","0","0","0","2","67301","0","","1.0","","1","N","N","N","0","","1","0","0","3","3","","1730","2","1","0","0","0","0","1","2","0","2","0","0","0","3","03","","N","","","","","","","","","",""
"2020083349","2227","1","0","0","0","0","0","0","0","0","7","0","","67","10","2020","3","39.939164","-75.194073","2227","6","0","0","0","0","1","0","0","0","","0","0","0","20","3","0","","2","0","39 56:20.990","","0","75 11:38.662","0","0","0","0","67301","0","0","0","N","0","0","0","1","67301","0","","5.0","","1","N","N","N","0","","0","0","0","0","0","","2050","1","0","1","0","0","0","0","2","0","1","0","0","0","3","03","","N","","","","","","","","","",""
"2020112549","1757","2","0","0","0","0","0","0","0","0","4","0","","67","12","2020","1","39.992473","-75.17957","1743","6","0","0","0","0","0","0","0","0","","0","0","0","17","3","1","","1","0","39 59:32.903","","0","75 10:46.451","3","0","0","0","67301","0","0","0","N","0","0","0","2","67301","0","","1.0","","1","N","N","N","0","","1","0","0","3","2","","1743","2","1","0","0","0","0","0","2","0","2","0","0","0","3","03","","N","","","","","","","","","",""
"2020084100","1225","3","0","0","0","0","0","0","0","0","5","0","","67","10","2020","7","39.923536","-75.180394","1216","6","0","0","0","0","0","0","0","0","","0","0","0","12","8","0","N","0","0","39 55:24.728","","0","75 10:49.420","0","0","0","0","67301","0","0","0","N","0","0","0","1","67301","0","","6.0","","1","N","N","N","0","","0","0","1","0","0","","1216","4","0","0","0","0","0","0","2","0","4","0","0","0","3","03","","N","","","","","","","","","",""
"2020111756","1843","1","0","0","0","0","0","0","0","0","5","0","","67","12","2020","4","39.934467","-75.195872","1843","6","0","0","0","0","0","0","0","0","","0","0","0","18","3","0","N","0","0","39 56:04.080","","0","75 11:45.140","0","0","0","0","67301","0","0","0","N","0","0","0","1","67301","0","","6.0","","1","N","N","N","1","","0","0","0","0","0","","1835","2","0","1","0","0","0","0","2","0","2","0","0","0","3","03","","N","","","","","","","","","",""
"2020109077","1114","2","0","0","0","0","0","0","0","0","2","0","","67","12","2020","6","39.926546","-75.176831","1114","6","0","0","0","1","0","0","0","0","","0","0","0","11","1","1","","2","0","39 55:35.564","","0","75 10:36.592","4","0","0","0","67301","0","0","0","N","0","0","0","2","67301","1","","1.0","","1","N","N","N","0","","0","0","1","0","0","","1111","4","1","0","0","0","0","0","2","1","4","0","0","0","3","03","","N","","","","","","","","","",""
"2020090142","0351","1","0","0","0","0","0","0","0","0","5","0","","67","10","2020","2","39.999561","-75.114864","0333","6","0","0","0","0","0","0","0","0","","0","0","0","3","3","0","N","0","0","39 59:58.420","","0","75 06:53.510","0","0","0","0","67301","0","0","0","N","0","0","0","1","67301","0","","6.0","","9","N","N","N","0","","0","0","1","0","0","","305","3","0","0","0","0","0","0","2","1","3","0","0","0","7","07","","N","","","","","","","","","",""
"2020097058","1400","1","0","0","0","0","0","0","0","0","7","0","","67","10","2020","5","40.013261","-75.057584","1339","6","0","0","0","0","0","0","0","0","","0","0","0","13","1","0","N","0","2","40 00:47.740","1","0","75 03:27.301","0","0","0","0","67301","0","0","0","N","0","0","0","1","68K01","0","","4.0","1415.0","9","N","N","N","0","","0","0","0","0","0","N","1339","1","0","0","0","0","0","0","2","0","1","0","0","0","7","04","","N","","","","","","","","","",""
"2020091353","0854","2","0","0","0","0","0","0","0","0","5","0","","67","10","2020","2","40.050388","-75.142149","0854","6","0","0","0","1","0","1","0","0","","0","0","0","7","1","2","N","0","0","40 03:01.396","","0","75 08:31.738","3","0","0","0","67301","0","0","0","N","0","0","0","2","67301","0","","1.0","","9","N","N","N","0","","2","0","0","0","0","","745","2","2","0","0","0","0","0","2","0","2","0","0","0","7","03","","N","","","","","","","","","",""
"2020110393","1835","2","0","0","0","0","0","0","0","0","4","0","","67","12","2020","6","40.027379","-75.147178","1831","6","0","0","0","0","0","0","1","0","","0","0","0","18","3","2","N","0","0","40 01:38.565","","0","75 08:49.839","3","0","0","0","67301","0","0","0","N","0","0","0","2","67301","0","","1.0","","2","N","N","N","0","","2","0","0","0","0","","1801","2","2","1","0","0","0","0","2","0","2","0","0","0","3","","","N","","","","","","","","","",""
"2020089884","0215","0","0","0","0","0","0","0","0","0","7","0","","67","10","2020","1","39.998705","-75.166884","0213","6","0","0","0","0","0","0","0","0","","0","0","0","2","3","0","","1","1","39 59:55.338","7","0","75 10:00.782","9","0","0","0","67301","0","0","0","N","0","0","0","1","67301","0","","4.0","230.0","1","N","N","N","0","","0","0","1","3","2","N","210","1","0","0","0","0","0","1","2","0","1","0","0","0","3","","","N","","","","","","","","","",""
"2020107585","2159","1","0","0","0","0","0","0","0","0","7","0","","67","12","2020","7","40.091852","-75.047425","2140","6","0","0","0","0","0","0","0","0","","0","0","0","21","3","1","","11","0","40 05:30.666","","0","75 02:50.731","8","0","0","0","67301","0","0","0","N","0","0","0","1","67301","0","","4.0","","1","N","N","N","0","","0","0","0","3","2","","2115","1","1","0","0","0","1","0","2","0","1","0","0","0","3","03","","N","","","","","","","","","",""
"2020092360","2112","2","0","0","0","0","0","0","0","0","3","0","","67","10","2020","5","39.987125","-75.162617","2110","6","0","0","0","0","0","0","0","0","","0","0","0","21","3","2","","1","0","39 59:13.649","","0","75 09:45.421","3","0","0","0","67301","0","0","0","N","0","0","0","3","67301","0","","1.0","","9","N","N","N","0","","2","0","1","3","2","","2108","3","2","0","0","0","0","0","2","0","3","0","0","0","7","","","N","","","","","","","","","",""
"2020110383","1800","2","0","0","0","0","0","0","0","0","1","0","","67","12","2020","7","39.973872","-75.151853","1757","6","0","0","0","0","0","1","0","0","","0","0","0","17","3","1","N","0","0","39 58:25.940","","0","75 09:06.670","3","0","0","0","67301","0","0","0","N","0","0","0","1","67301","0","","6.0","","2","N","N","N","0","","1","0","0","0","0","","1757","2","1","0","0","0","0","0","2","0","2","0","0","0","3","10","","N","","","","","","","","","",""
"2020092818","1330","2","0","0","0","0","0","0","0","0","4","0","","67","10","2020","3","40.007655","-75.076191","1330","6","0","0","0","0","0","0","0","0","","0","0","0","22","3","2","","1","0","40 00:27.557","","0","75 04:34.287","8","0","0","0","67301","0","0","0","N","0","0","0","2","67301","0","","1.0","","1","N","N","N","0","","0","0","0","3","2","","2230","2","2","0","0","0","2","0","2","0","2","0","0","0","3","03","","N","","","","","","","","","",""
"2020102220","1630","2","0","0","0","0","0","0","0","0","4","0","","67","11","2020","6","40.019014","-75.16008","1624","6","0","0","0","0","0","0","0","0","","0","0","0","16","1","1","","2","2","40 01:08.450","5","0","75 09:36.287","3","0","0","0","67301","0","0","0","N","0","0","0","3","67301","0","","1.0","1720.0","1","N","N","N","0","","1","0","0","3","3","Y","1607","2","1","0","0","0","0","0","2","0","2","0","0","0","3","03","","N","","","","","","","","","",""
"2020082336","1309","0","0","0","0","0","0","0","0","0","7","0","","67","10","2020","2","39.976516","-75.158264","1308","6","0","0","0","0","0","0","0","0","","0","0","0","13","1","0","N","0","0","39 58:35.457","","7","75 09:29.752","0","0","0","0","67301","0","0","0","N","0","0","0","1","67301","0","","3.0","","1","N","N","N","0","","0","0","1","3","3","","1305","1","0","0","0","0","0","0","2","0","1","0","0","0","3","03","","N","","","","","","","","","",""
"2020105212","1308","1","0","0","0","0","0","0","0","0","1","0","","67","11","2020","6","40.022551","-75.136736","1308","6","0","0","0","0","0","0","0","0","","0","0","0","11","1","1","","2","0","40 01:21.183","","0","75 08:12.249","3","0","0","0","67301","0","0","0","N","0","0","0","2","67301","0","","1.0","","1","N","N","N","0","","1","0","0","3","2","","1152","2","1","0","0","0","0","1","2","0","2","0","0","0","3","03","","N","","","","","","","","","",""
"2020084703","0340","1","0","0","0","0","0","0","0","0","1","0","","67","10","2020","1","40.036917","-75.1645","0339","6","0","0","0","0","0","0","0","0","","0","0","0","2","3","0","N","0","0","40 02:12.900","","0","75 09:52.200","0","0","0","0","67301","0","0","0","N","0","0","0","2","67301","0","","6.0","","1","N","N","N","0","","0","0","1","0","0","","211","2","0","0","0","0","0","0","2","0","2","0","0","0","3","03","","N","","","","","","","","","",""
"2020084025","0828","1","0","0","0","0","0","0","0","0","1","0","45","67","10","2020","2","39.975343","-75.11669","0828","6","0","0","0","0","0","1","0","0","","0","0","0","8","1","0","N","0","1","39 58:31.233","2","3","75 07:00.084","9","0","0","0","67301","0","0","0","N","0","0","0","2","68K01","0","","1.0","913.0","9","N","N","N","0","","0","0","1","0","0","N","818","2","0","0","0","0","0","1","2","0","2","0","0","0","7","","N","Y","4","1","","","N","","","","Y","N"
"2020109337","1800","2","0","0","0","0","0","0","0","0","1","0","","67","12","2020","7","39.959335","-75.173502","1750","6","0","0","0","0","0","0","0","1","","0","0","0","17","3","4","N","0","1","39 57:33.607","4","0","75 10:24.606","4","0","0","0","67301","0","0","0","N","0","0","0","10","68K01","4","","1.0","45.0","1","N","N","N","0","","0","0","0","0","0","N","1749","3","4","0","0","0","0","0","2","1","3","0","0","0","3","","","N","","","","","","","","","",""
"2020108505","2115","1","0","0","0","0","0","0","0","0","7","0","","67","12","2020","3","40.02725","-75.113462","2107","6","0","0","0","0","0","0","0","0","","0","0","0","20","3","1","N","0","0","40 01:38.100","","0","75 06:48.463","3","0","0","0","67301","0","0","0","N","0","0","0","1","67301","0","","3.0","","1","N","N","N","0","","1","0","0","0","0","","2044","1","1","0","0","0","0","0","2","0","1","0","0","0","3","","","N","","","","","","","","","",""
"2020103017","1730","1","0","0","0","0","0","0","0","0","4","0","","67","11","2020","5","39.987934","-75.123342","1727","6","0","0","0","0","0","0","0","0","","0","0","0","17","3","0","","1","0","39 59:16.564","","0","75 07:24.030","9","0","0","0","67301","0","0","0","N","0","0","0","2","67301","0","","1.0","","1","N","N","N","0","","0","0","1","0","0","","1725","2","0","0","0","0","0","1","2","0","2","0","0","0","3","03","","N","","","","","","","","","",""