"CRN","ARRIVAL_TM","AUTOMOBILE_COUNT","BELTED_DEATH_COUNT","BELTED_SUSP_SERIOUS_INJ_COUNT","BICYCLE_COUNT","BICYCLE_DEATH_COUNT","BICYCLE_SUSP_SERIOUS_INJ_COUNT","BUS_COUNT","CHLDPAS_DEATH_COUNT","CHLDPAS_SUSP_SERIOUS_INJ_COUNT","COLLISION_TYPE","COMM_VEH_COUNT","CONS_ZONE_SPD_LIM","COUNTY","CRASH_MONTH","CRASH_YEAR","DAY_OF_WEEK","DEC_LATITUDE","DEC_LONGITUDE","DISPATCH_TM","DISTRICT","DRIVER_COUNT_16YR","DRIVER_COUNT_17YR","DRIVER_COUNT_18YR","DRIVER_COUNT_19YR","DRIVER_COUNT_20YR","DRIVER_COUNT_50_64YR","DRIVER_COUNT_65_74YR","DRIVER_COUNT_75PLUS","EST_HRS_CLOSED","FATAL_COUNT","HEAVY_TRUCK_COUNT","HORSE_BUGGY_COUNT","HOUR_OF_DAY","ILLUMINATION","INJURY_COUNT","INTERSECTION_RELATED","INTERSECT_TYPE","LANE_CLOSED","LATITUDE","LN_CLOSE_DIR","LOCATION_TYPE","LONGITUDE","MAX_SEVERITY_LEVEL","MCYCLE_DEATH_COUNT","MCYCLE_SUSP_SERIOUS_INJ_COUNT","MOTORCYCLE_COUNT","MUNICIPALITY","NONMOTR_COUNT","NONMOTR_DEATH_COUNT","NONMOTR_SUSP_SERIOUS_INJ_COUNT","NTFY_HIWY_MAINT","PED_COUNT","PED_DEATH_COUNT","PED_SUSP_SERIOUS_INJ_COUNT","PERSON_COUNT","POLICE_AGCY","POSSIBLE_INJ_COUNT","RDWY_SURF_TYPE_CD","RELATION_TO_ROAD","ROADWAY_CLEARED","ROAD_CONDITION","SCH_BUS_IND","SCH_ZONE_IND","SECONDARY_CRASH","SMALL_TRUCK_COUNT","SPEC_JURIS_CD","SUSP_MINOR_INJ_COUNT","SUSP_SERIOUS_INJ_COUNT","SUV_COUNT","TCD_FUNC_CD","TCD_TYPE","TFC_DETOUR_IND","TIME_OF_DAY","TOTAL_UNITS","TOT_INJ_COUNT","UNBELTED_OCC_COUNT","UNB_DEATH_COUNT","UNB_SUSP_SERIOUS_INJ_COUNT","UNK_INJ_DEG_COUNT","UNK_INJ_PER_COUNT","URBAN_RURAL","VAN_COUNT","VEHICLE_COUNT","VULNERABLE_ROAD_USER_COUNT","VULNERABLE_ROAD_USER_DEATH_COUNT","VULNERABLE_ROAD_USER_SER_INJ_COUNT","WEATHER1","WEATHER2","WORKERS_PRES","WORK_ZONE_IND","WORK_ZONE_LOC","WORK_ZONE_TYPE","WZ_CLOSE_DETOUR","WZ_FLAGGER","WZ_LAW_OFFCR_IND","WZ_LN_CLOSURE","WZ_MOVING","WZ_OTHER","WZ_SHLDER_MDN","WZ_WORKERS_INJ_KILLED"
"2020104389","1645","1","0","0","0","0","0","0","0","0","1","0","","67","12","2020","5","40.06469","-74.982256","1645","6","0","0","0","0","0","0","1","0","","0","0","0","16","3","0","","1","0","40 03:52.885","","0","74 58:56.121","0","0","0","0","67301","0","0","0","N","0","0","0","2","67301","0","","1.0","","1","N","N","N","0","","0","0","1","3","2","","1640","2","0","0","0","0","0","0","2","0","2","0","0","0","3","03","","N","","","","","","","","","",""
"2020081936","0145","0","0","0","0","0","0","0","0","0","5","0","","67","10","2020","1","39.984559","-75.120136","0140","6","0","0","0","0","0","0","0","0","","0","0","0","1","3","2","N","0","1","39 59:04.412","3","0","75 07:12.491","8","0","0","0","67301","0","0","0","N","0","0","0","5","67301","0","","1.0","220.0","1","N","N","N","2","","0","0","0","0","0","N","130","2","2","0","0","0","2","0","2","0","2","0","0","0","3","03","","N","","","","","","","","","",""
"2020087555","2252","0","0","0","0","0","0","0","0","0","6","0","","67","10","2020","7","40.017639","-75.116556","2251","6","0","0","0","0","0","0","0","0","","0","0","0","22","3","0","N","0","0","40 01:03.500","","0","75 06:59.600","0","0","0","0","67301","0","0","0","N","0","0","0","1","67301","0","","6.0","","1","N","N","N","1","","0","0","2","0","0","","2250","3","0","0","0","0","0","0","2","0","3","0","0","0","3","03","","N","","","","","","","","","",""
"2020102898","0235","1","0","0","0","0","0","0","0","0","4","0","","67","11","2020","1","39.968211","-75.210494","0227","6","0","0","0","0","0","2","0","0","","0","0","0","1","3","2","N","0","0","39 58:05.561","","0","75 12:37.779","4","0","0","0","67301","0","0","0","N","0","0","0","2","67301","2","","1.0","","1","N","N","N","0","","0","0","1","0","0","","149","2","2","1","0","0","0","0","2","0","2","0","0","0","3","","","N","","","","","","","","","",""
"2020109765","2252","1","0","0","0","0","0","0","0","0","5","0","","67","12","2020","4","39.95347","-75.141137","2243","6","0","0","0","0","0","0","0","0","","0","0","0","22","3","0","N","0","1","39 57:12.493","1","8","75 08:28.092","0","0","0","0","67301","0","0","0","N","0","0","0","2","68K01","0","","1.0","2313.0","2","N","N","N","0","","0","0","1","0","0","N","2231","2","0","0","0","0","0","0","2","0","2","0","0","0","6","06","","N","","","","","","","","","",""
"2020102684","2020","0","0","0","0","0","0","0","0","0","4","0","","67","11","2020","1","39.948411","-75.209055","2013","6","0","0","0","0","0","0","0","0","","0","0","0","20","3","2","","1","0","39 56:54.280","","0","75 12:32.597","4","0","0","0","67301","0","0","0","N","0","0","0","2","67301","2","","1.0","","1","N","N","N","0","","0","0","2","3","3","","2012","2","2","0","0","0","0","0","2","0","2","0","0","0","3","03","","N","","","","","","","","","",""
"2020085161","1836","1","0","0","0","0","0","0","0","0","5","1","","67","10","2020","2","39.966664","-75.191194","1817","6","0","0","0","0","0","0","0","0","","0","1","0","17","1","1","N","0","0","39 57:59.990","","0","75 11:28.300","2","0","0","0","67301","0","0","0","N","0","0","0","3","67301","0","","6.0","","1","N","N","N","0","","0","1","0","0","0","","1713","2","1","0","0","0","0","2","2","0","2","0","0","0","3","07","","N","","","","","","","","","",""
"2020083012","1430","1","0","0","0","0","0","0","0","0","4","0","","67","10","2020","3","40.029602","-75.206348","1617","6","0","0","0","0","0","1","0","0","","0","0","0","14","1","0","","2","0","40 01:46.567","","0","75 12:22.853","0","0","0","0","67301","0","0","0","N","0","0","0","2","67301","0","","1.0","","1","N","N","N","0","","0","0","1","0","0","","1430","2","0","0","0","0","0","0","2","0","2","0","0","0","3","","","N","","","","","","","","","",""
"2020113978","1411","1","0","0","0","0","0","0","0","0","7","0","","67","12","2020","6","39.955416","-75.141184","1406","6","0","0","0","0","0","0","0","0","","0","0","0","14","1","0","N","0","1","39 57:19.498","4","2","75 08:28.264","9","0","0","0","67301","0","0","0","N","0","0","0","1","68K01","0","","2.0","1500.0","1","N","N","N","0","","0","0","0","0","0","N","1405","1","0","0","0","0","0","1","2","0","1","0","0","0","3","","","N","","","","","","","","","",""
"2020110246","1957","2","0","0","0","0","0","0","0","0","2","0","","67","12","2020","1","39.950442","-75.192615","1955","6","0","0","0","0","0","0","0","0","","0","0","0","19","3","0","N","1","0","39 57:01.592","","0","75 11:33.415","0","0","0","0","67301","0","0","0","N","0","0","0","2","67504","0","","1.0","","6","N","N","N","0","","0","0","0","3","2","","1954","2","0","0","0","0","0","0","2","0","2","0","0","0","3","03","","N","","","","","","","","","",""
"2020105017","1950","0","0","0","0","0","0","0","0","0","8","0","","67","12","2020","7","40.074144","-75.15839","1950","6","0","0","0","0","0","0","0","0","","0","0","0","19","3","1","","1","0","40 04:26.918","","0","75 09:30.203","3","0","0","0","67301","1","0","0","N","1","0","0","1","67301","0","","1.0","","1","N","N","N","1","","1","0","0","3","2","","1950","2","1","0","0","0","0","0","2","0","1","1","0","0","3","","","N","","","","","","","","","",""
"2020110111","0500","0","0","0","0","0","0","0","0","0","4","0","","67","12","2020","3","40.048685","-75.05162","0455","6","0","0","0","0","0","1","0","0","","0","0","0","4","6","0","","1","0","40 02:55.266","","0","75 03:05.832","9","0","0","0","67301","0","0","0","N","0","0","0","2","67508","0","","1.0","","1","N","N","Y","0","","0","0","1","0","0","N","455","2","0","1","0","0","0","1","2","0","2","0","0","0","3","03","","N","","","","","","","","","",""
"2020086189","2010","0","0","0","0","0","0","0","0","0","0","0","","67","10","2020","1","40.040314","-75.043293","2004","6","0","0","0","0","0","0","0","0","","0","0","0","20","3","0","","1","0","40 02:25.130","","0","75 02:35.854","0","0","0","0","67301","0","0","0","N","0","0","0","1","67301","0","","1.0","","9","N","N","N","0","","0","0","2","3","2","","2004","2","0","1","0","0","0","0","2","0","2","0","0","0","7","07","","N","","","","","","","","","",""
"2020108504","0325","2","0","0","0","0","0","0","0","0","1","0","","67","12","2020","1","39.998039","-75.125725","0320","6","0","0","0","0","0","0","0","0","","0","0","0","3","3","1","N","0","0","39 59:52.939","","0","75 07:32.611","4","0","0","0","67301","0","0","0","N","0","0","0","1","67301","1","","1.0","","1","N","N","N","0","","0","0","0","3","2","","310","3","1","0","0","0","0","0","2","1","3","0","0","0","3","03","","N","","","","","","","","","",""
"2020108475","1745","1","0","0","0","0","0","0","0","0","1","0","","67","12","2020","3","40.070214","-75.070407","1735","6","0","0","0","0","0","0","0","0","","0","0","0","17","3","1","","1","0","40 04:12.769","","0","75 04:13.466","4","0","0","0","67301","0","0","0","N","0","0","0","3","67301","1","","1.0","","1","N","N","N","0","","0","0","2","3","2","","1720","3","1","0","0","0","0","0","2","0","3","0","0","0","3","03","","N","","","","","","","","","",""
"2020106818","1902","1","0","0","0","0","0","0","0","0","4","0","","67","12","2020","5","40.055766","-75.158873","1859","6","0","0","0","0","0","0","1","0","","0","0","0","18","3","2","","1","0","40 03:20.759","","0","75 09:31.942","4","0","0","0","67301","0","0","0","N","0","0","0","3","67301","2","","1.0","","1","N","N","N","0","","0","0","1","3","2","","1851","2","2","1","0","0","0","0","2","0","2","0","0","0","3","03","","N","","","","","","","","","",""
"2020102364","1039","5","0","0","0","0","0","0","0","0","1","0","","67","11","2020","7","39.949886","-75.228764","1038","6","0","0","0","0","0","0","0","0","","0","0","0","10","1","1","N","0","0","39 56:59.590","","0","75 13:43.550","2","0","0","0","67301","1","0","1","N","1","0","1","3","67301","0","","6.0","","1","N","N","N","0","","0","1","0","0","0","","1037","6","1","0","0","0","0","2","2","0","5","1","0","1","3","03","","N","","","","","","","","","",""
"2020108334","0934","1","0","0","0","0","0","0","0","0","1","0","","67","11","2020","2","39.943796","-75.142968","0934","6","0","0","0","0","1","0","0","0","","0","0","0","9","1","0","N","0","1","39 56:37.664","2","0","75 08:34.685","0","0","0","0","67301","0","0","0","N","0","0","0","2","68K01","0","","1.0","1012.0","1","N","N","N","0","","0","0","0","0","0","N","934","2","0","0","0","0","0","0","2","1","2","0","0","0","3","","","N","","","","","","","","","",""
"2020084101","1141","1","0","0","0","0","0","0","0","0","5","0","","67","10","2020","6","40.046158","-75.135141","1141","6","0","0","0","0","0","0","1","0","","0","0","0","11","1","0","N","0","0","40 02:46.168","","0","75 08:06.508","0","0","0","0","67301","0","0","0","N","0","0","0","2","67301","0","","1.0","","1","N","N","N","0","","0","0","1","0","0","","1120","2","0","0","0","0","0","0","2","0","2","0","0","0","3","","","N","","","","","","","","","",""
"2020083351","2210","0","0","0","0","0","0","0","0","0","1","0","","67","10","2020","3","39.984189","-75.23765","2200","6","0","0","0","0","0","0","0","0","","0","0","0","17","1","1","N","0","0","39 59:03.080","","0","75 14:15.540","3","0","0","0","67301","0","0","0","N","0","0","0","2","67301","0","","1.0","","1","N","N","N","0","","1","0","1","0","0","","1704","2","1","0","0","0","0","0","2","1","2","0","0","0","3","03","","N","","","","","","","","","",""
"2020104335","0515","0","0","0","0","0","0","0","0","0","4","0","","67","12","2020","4","40.044469","-75.119445","0509","6","0","0","0","0","0","1","0","0","","0","0","0","5","3","3","","1","0","40 02:40.087","","0","75 07:10.001","3","0","0","0","67301","0","0","0","N","0","0","0","5","67301","0","","1.0","","1","N","N","N","0","","3","0","3","3","2","","507","4","3","0","0","0","0","0","2","1","4","0","0","0","3","","","N","","","","","","","","","",""
"2020086196","1622","1","0","0","0","0","0","0","0","0","4","0","","67","10","2020","6","39.941872","-75.181009","1622","6","0","0","0","0","0","0","0","0","","0","0","0","16","1","0","","1","0","39 56:30.739","","0","75 10:51.633","0","0","0","0","67301","0","0","0","N","0","0","0","2","67301","0","","1.0","","1","N","N","N","0","","0","0","2","3","2","","1613","3","0","0","0","0","0","0","2","0","3","0","0","0","3","","","N","","","","","","","","","",""
"2020109215","1200","2","0","0","0","0","0","0","0","0","4","0","","67","12","2020","1","40.021716","-75.139801","1210","6","0","0","0","0","0","1","0","0","","0","0","0","19","3","2","","1","0","40 01:18.177","","0","75 08:23.284","3","0","0","0","67301","0","0","0","N","0","0","0","3","67301","0","","1.0","","99","N","N","N","0","","2","0","0","3","2","","1905","2","2","0","0","0","0","0","2","0","2","0","0","0","99","","","N","","","","","","","","","",""
"2020102081","1916","3","0","0","0","0","0","0","0","0","5","0","","67","11","2020","6","40.039836","-75.125678","1913","6","0","0","0","0","0","0","0","0","","0","0","0","19","3","0","N","2","2","40 02:23.411","4","0","75 07:32.440","9","0","0","0","67301","0","0","0","N","0","0","0","1","67301","0","","1.0","2100.0","1","N","N","N","0","","0","0","4","0","0","N","1913","7","0","0","0","0","0","1","2","0","7","0","0","0","3","03","","N","","","","","","","","","",""
"2020086175","1540","2","0","0","0","0","0","0","0","0","7","0","","67","10","2020","4","40.078056","-75.053972","1632","6","0","0","0","0","0","1","1","0","","0","0","0","15","1","2","N","0","2","40 04:41.000","5","0","75 03:14.300","8","0","0","0","67301","0","0","0","N","0","0","0","2","67301","0","","4.0","1640.0","1","N","N","Y","0","","0","0","0","0","0","Y","1530","2","2","0","0","0","2","0","2","0","2","0","0","0","3","03","","N","","","","","","","","","",""
"2020102686","0840","1","0","0","0","0","0","0","0","0","4","0","","67","11","2020","2","39.984986","-75.170749","0831","6","0","0","0","0","0","0","0","0","","0","0","0","8","1","2","","1","0","39 59:05.949","","0","75 10:14.696","8","0","0","0","67301","0","0","0","N","0","0","0","3","67301","0","","1.0","","9","N","N","N","0","","0","0","1","3","3","","817","2","2","0","0","0","2","0","2","0","2","0","0","0","7","07","","N","","","","","","","","","",""
"2020110980","1129","1","0","0","0","0","0","0","0","0","4","0","","67","12","2020","2","39.979851","-75.142873","1128","6","0","0","0","0","0","0","1","0","","0","0","0","11","1","1","","1","0","39 58:47.465","","0","75 08:34.342","3","0","0","0","67301","0","0","0","N","0","0","0","2","67301","0","","1.0","","1","N","N","N","1","","1","0","0","3","2","","1124","2","1","0","0","0","0","0","2","0","2","0","0","0","3","03","","N","","","","","","","","","",""
"2020084102","1320","0","0","0","0","0","0","0","0","0","4","0","","67","10","2020","6","40.03715","-75.123707","1319","6","0","0","0","0","0","1","1","0","","0","0","0","13","1","1","","1","0","40 02:13.739","","0","75 07:25.345","3","0","0","1","67301","0","0","0","N","0","0","0","2","67301","0","","1.0","","1","N","N","N","0","","1","0","1","3","2","","1300","2","1","0","0","0","0","0","2","0","2","0","0","0","3","03","","N","","","","","","","","","",""
"2020085567","0057","1","0","0","0","0","0","0","0","0","7","0","","67","10","2020","2","39.987899","-75.20747","0042","6","0","0","0","0","0","0","0","0","","0","0","0","0","3","0","N","0","1","39 59:16.438","3","0","75 12:26.893","0","0","0","0","67301","0","0","0","N","0","0","0","1","68K01","0","","4.0","30.0","9","N","N","N","0","","0","0","0","0","0","N","42","1","0","0","0","0","0","0","2","0","1","0","0","0","7","07","","N","","","","","","","","","",""
"2020112987","0635","2","0","0","0","0","0","0","0","0","1","0","","67","12","2020","1","40.052077","-75.141781","0628","6","0","0","0","0","0","1","0","0","","0","0","0","6","5","1","","1","1","40 03:07.476","1","0","75 08:30.412","4","0","0","0","67301","0","0","0","N","0","0","0","2","67301","1","","1.0","820.0","1","N","N","N","0","","0","0","0","3","2","N","627","2","1","0","0","0","0","0","2","0","2","0","0","0","3","","","N","","","","","","","","","",""
"2020113159","2202","2","0","0","0","0","0","0","0","0","1","0","","67","12","2020","2","40.010132","-75.151074","2202","6","0","0","0","0","0","0","0","0","","0","0","0","21","3","1","","5","0","40 00:36.476","","0","75 09:03.867","3","0","0","0","67301","0","0","0","N","0","0","0","2","67301","0","","1.0","","1","N","N","N","0","","1","0","0","3","2","","2100","2","1","0","0","0","0","0","2","0","2","0","0","0","3","03","","N","","","","","","","","","",""
"2020084608","2015","1","0","0","0","0","0","0","0","0","2","0","","67","10","2020","5","39.946267","-75.243611","2010","6","0","0","0","0","0","0","0","0","","0","0","0","20","3","2","N","0","2","39 56:46.562","6","0","75 14:36.999","3","0","0","0","67301","0","0","0","N","0","0","0","3","67301","0","","1.0","2115.0","1","N","N","N","0","","1","0","1","0","0","Y","2010","4","2","0","0","0","1","0","2","1","4","0","0","0","3","","","N","","","","","","","","","",""
"2020102858","1554","1","0","0","0","0","0","0","0","0","5","0","","67","11","2020","2","39.9565","-75.153194","1546","6","0","0","0","0","0","0","0","0","","0","0","0","14","1","1","Y","0","0","39 57:23.400","","0","75 09:11.500","3","0","0","0","67301","0","0","0","N","0","0","0","5","67301","0","","1.0","","9","N","N","N","0","","1","0","1","3","2","","1459","2","1","0","0","0","0","0","2","0","2","0","0","0","7","07","","N","","","","","","","","","",""
"2020100618","2121","2","0","0","0","0","0","0","0","0","1","0","","67","10","2020","1","39.949851","-75.183905","2116","6","0","0","0","0","0","0","0","0","","0","0","0","21","2","0","N","0","0","39 56:59.465","","0","75 11:02.058","9","0","0","0","67301","0","0","0","N","0","0","0","4","68K01","0","","1.0","","1","N","N","N","0","","0","0","0","0","0","","2115","3","0","0","0","0","0","1","2","0","3","0","0","0","3","","","N","","","","","","","","","",""
"2020083696","1635","2","0","0","0","0","0","0","0","0","4","0","","67","10","2020","5","39.936752","-75.173579","1627","6","0","0","0","0","0","0","0","0","","0","0","0","15","1","0","","1","0","39 56:12.307","","0","75 10:24.884","0","0","0","0","67301","0","0","0","N","0","0","0","2","67301","0","","1.0","","1","N","N","N","0","","0","0","0","3","3","","1550","2","0","0","0","0","0","0","2","0","2","0","0","0","3","03","","N","","","","","","","","","",""
"2020098809","2055","1","0","0","0","0","0","0","0","0","4","0","","67","11","2020","3","39.96118","-75.234869","2052","6","0","0","0","0","0","1","0","0","","0","0","0","20","3","1","","1","0","39 57:40.248","","0","75 14:05.527","3","0","0","0","67301","0","0","0","N","0","0","0","3","67301","0","","1.0","","1","N","N","N","0","","1","0","1","3","2","","2049","2","1","0","0","0","0","0","2","0","2","0","0","0","3","","","N","","","","","","","","","",""
"2020108701","1705","1","0","0","0","0","0","0","0","0","8","0","","67","12","2020","3","39.915964","-75.157567","1703","6","0","0","0","0","0","0","0","0","","0","0","0","17","4","1","N","0","2","39 54:57.470","2","0","75 09:27.240","3","0","0","0","67301","1","0","0","N","1","0","0","2","67301","0","","1.0","1900.0","1","N","N","N","0","","1","0","0","0","0","Y","1701","2","1","0","0","0","0","1","2","0","1","1","0","0","3","03","","N","","","","","","","","","",""
"2020103027","0155","2","0","0","0","0","0","0","0","0","1","0","","67","11","2020","7","40.019218","-75.163786","0149","6","0","0","0","0","0","0","0","0","","0","0","0","1","3","0","N","0","1","40 01:09.183","1","1","75 09:49.628","0","0","0","0","67301","0","0","0","N","0","0","0","4","67301","0","","1.0","230.0","1","N","N","N","0","","0","0","0","0","0","Y","140","2","0","3","0","0","0","0","2","0","2","0","0","0","3","98","","N","","","","","","","","","",""
"2020086186","1656","2","0","0","0","0","0","0","0","0","4","0","","67","10","2020","4","40.044927","-75.170107","1652","6","0","0","0","0","0","0","0","0","","0","0","0","16","1","4","","1","0","40 02:41.737","","0","75 10:12.385","3","0","0","0","67301","0","0","0","N","0","0","0","6","67301","0","","1.0","","1","N","N","N","0","","4","0","0","3","3","","1645","2","4","3","0","0","0","0","2","0","2","0","0","0","3","","","N","","","","","","","","","",""
"2020101468","1335","1","0","0","0","0","0","0","0","0","8","0","","67","11","2020","3","39.958493","-75.225229","1335","6","0","0","0","0","0","0","0","0","","0","0","0","13","1","1","N","0","0","39 57:30.576","","0","75 13:30.826","3","0","0","0","67301","1","0","0","N","1","0","0","2","67301","0","","3.0","","1","N","N","N","0","","1","0","0","3","2","","1330","2","1","0","0","0","0","1","2","0","1","1","0","0","3","03","","N","","","","","","","","","",""
"2020112401","2242","2","0","0","0","0","0","0","0","0","5","0","","67","12","2020","5","40.001844","-75.174369","2239","6","0","0","0","0","0","0","0","0","","0","0","0","22","3","1","N","0","2","40 00:06.640","5","0","75 10:27.730","3","0","0","0","67301","0","0","0","N","0","0","0","2","67301","0","","1.0","2315.0","9","N","N","N","0","","1","0","0","0","0","N","2230","2","1","2","0","0","0","0","2","0","2","0","0","0","7","07","","N","","","","","","","","","",""
"2020105740","2357","1","0","0","0","0","0","0","0","0","1","0","","67","12","2020","2","40.040452","-75.178624","2357","6","0","0","0","0","0","0","0","0","","0","0","0","23","3","1","","2","1","40 02:25.628","1","0","75 10:43.047","8","0","0","0","67301","0","0","0","N","0","0","0","2","67301","0","","1.0","145.0","1","N","N","N","0","","0","0","1","3","2","N","2357","2","1","0","0","0","1","1","2","0","2","0","0","0","3","03","","N","","","","","","","","","",""
"2020108476","0237","1","0","0","0","0","0","0","0","0","7","0","","67","12","2020","3","39.947941","-75.14049","0232","6","0","0","0","0","0","0","0","0","","0","0","0","2","3","0","N","0","0","39 56:52.587","","3","75 08:25.763","9","0","0","0","67301","0","0","0","N","0","0","0","1","67301","0","","4.0","","1","N","N","N","0","","0","0","0","0","0","","229","1","0","0","0","0","0","1","2","0","1","0","0","0","3","03","","N","","","","","","","","","",""
"2020111587","1620","3","0","0","0","0","0","0","0","0","4","0","","67","12","2020","4","40.020881","-75.1486","1617","6","0","0","0","0","0","0","0","0","","0","0","0","16","1","8","","2","0","40 01:15.173","","0","75 08:54.961","3","0","0","0","67301","0","0","0","N","0","0","0","8","67301","0","","1.0","","1","N","N","N","0","","8","0","0","0","0","","1615","3","8","0","0","0","0","0","2","0","3","0","0","0","3","04","","N","","","","","","","","","",""
"2020082230","1703","0","0","0","0","0","0","0","0","0","4","0","","67","10","2020","1","40.031576","-75.207753","1658","6","0","0","0","0","0","0","0","1","","0","0","0","16","3","0","","1","0","40 01:53.675","","0","75 12:27.912","0","0","0","0","67301","0","0","0","N","0","0","0","3","67301","0","","1.0","","1","N","N","N","0","","0","0","1","3","2","","1654","2","0","0","0","0","0","0","2","1","2","0","0","0","3","03","","N","","","","","","","","","",""
"2020088081","1456","1","0","0","0","0","0","0","0","0","4","0","","67","10","2020","7","39.984286","-75.161622","1455","6","0","0","0","0","0","0","0","0","","0","0","0","14","1","0","","1","0","39 59:03.429","","0","75 09:41.838","0","0","0","0","67301","0","0","0","N","0","0","0","2","67301","0","","1.0","","1","N","N","N","0","","0","0","0","3","3","","1450","2","0","0","0","0","0","0","2","1","2","0","0","0","3","03","","N","","","","","","","","","",""
"2020101472","1620","0","0","0","0","0","0","0","0","0","8","0","","67","11","2020","2","40.022789","-75.159023","1601","6","0","0","0","0","0","0","0","0","","0","0","0","15","1","1","","1","0","40 01:22.042","","0","75 09:32.483","3","0","0","0","67301","1","0","0","N","1","0","0","2","67301","0","","1.0","","1","N","N","N","0","","1","0","1","3","2","","1508","2","1","0","0","0","0","0","2","0","1","1","0","0","3","03","","N","","","","","","","","","",""
"2020098805","0546","2","0","0","0","0","0","0","0","0","1","0","","67","11","2020","3","39.934874","-75.142761","0542","6","0","0","0","0","0","0","0","0","","0","0","0","5","3","0","","2","0","39 56:05.545","","0","75 08:33.938","9","0","0","0","67301","0","0","0","N","0","0","0","2","67301","0","","1.0","","1","N","N","N","0","","0","0","0","3","2","","530","2","0","0","0","0","0","1","2","0","2","0","0","0","3","03","","N","","","","","","","","","",""
"2020105411","1851","1","0","0","0","0","0","0","0","0","8","0","","67","12","2020","4","39.9236","-75.183296","1849","6","0","0","0","0","0","0","1","0","","0","0","0","18","3","1","","1","1","39 55:24.959","1","0","75 10:59.865","3","0","0","0","67301","1","0","0","N","1","0","0","2","67301","0","","1.0","25.0","1","N","N","N","0","","1","0","0","3","3","Y","1848","2","1","1","0","0","0","0","2","0","1","1","0","0","3","","","N","","","","","","","","","",""
"2020112552","1130","0","0","0","0","0","0","0","0","0","8","0","","67","12","2020","5","40.029281","-75.168533","1100","6","0","0","0","0","0","0","0","0","","0","0","0","23","6","1","N","0","0","40 01:45.410","","0","75 10:06.720","2","0","0","0","67301","1","0","1","N","1","0","1","2","67301","0","","4.0","","99","N","N","N","1","","0","1","0","0","0","","2330","2","1","0","0","0","0","0","2","0","1","1","0","1","99","03","","N","","","","","","","","","",""
"2020112990","0054","0","0","0","0","0","0","0","0","0","1","0","","67","12","2020","1","39.998722","-75.158922","0050","6","0","0","0","0","0","1","0","0","","0","0","0","23","3","1","","2","0","39 59:55.400","","0","75 09:32.120","3","0","0","0","67301","0","0","0","N","0","0","0","3","67301","0","","1.0","","1","N","N","N","0","","1","0","2","3","3","","2336","2","1","0","0","0","0","0","2","0","2","0","0","0","3","03","","N","","","","","","","","","",""
"2020084708","1928","1","0","0","1","0","0","0","0","0","8","0","","67","10","2020","1","39.993195","-75.161297","1918","6","0","0","0","0","0","0","0","0","","0","0","0","19","3","1","","1","0","39 59:35.502","","0","75 09:40.669","8","0","0","0","67301","1","0","0","N","0","0","0","2","67301","0","","1.0","","9","N","N","N","0","","0","0","0","3","3","","1918","2","1","0","0","0","1","1","2","0","1","1","0","0","7","07","","N","","","","","","","","","",""
"2020084400","0600","0","0","0","0","0","0","0","0","0","5","0","","67","10","2020","7","39.972451","-75.226025","0557","6","0","0","0","0","0","1","0","0","","0","0","0","5","3","1","N","0","0","39 58:20.825","","0","75 13:33.689","8","0","0","0","67301","0","0","0","N","0","0","0","1","67301","0","","6.0","","1","N","N","N","1","","0","0","1","0","0","","540","2","1","0","0","0","1","0","2","0","2","0","0","0","3","03","","N","","","","","","","","","",""
"2020084610","1230","1","0","0","0","0","0","0","0","0","8","0","","67","10","2020","1","39.958928","-75.24139","1228","6","0","0","0","0","0","0","0","0","","0","0","0","12","1","1","","1","0","39 57:32.141","","0","75 14:29.004","3","0","0","0","67301","1","0","0","N","0","0","0","2","67301","0","","1.0","","1","N","N","N","0","","1","0","0","3","2","","1215","2","1","0","0","0","0","0","2","0","1","1","0","0","4","04","","N","","","","","","","","","",""
"2020108029","2135","1","0","0","0","0","0","0","0","0","4","0","","67","12","2020","7","39.942636","-75.239198","2132","6","0","0","0","0","0","0","0","0","","0","0","0","20","3","1","N","0","0","39 56:33.490","","0","75 14:21.114","3","0","0","0","67301","0","0","0","N","0","0","0","2","67301","0","","1.0","","1","N","N","N","0","","1","0","1","0","0","","2012","2","1","0","0","0","0","1","2","0","2","0","0","0","3","03","","N","","","","","","","","","",""
"2020106944","1654","1","0","0","0","0","0","0","0","0","0","0","","67","11","2020","4","39.905889","-75.133194","1654","6","0","0","0","0","0","1","1","0","","0","0","0","16","3","0","N","0","2","39 54:21.200","4","3","75 07:59.500","0","0","0","0","67301","0","0","0","N","0","0","0","5","67501","0","","1.0","1730.0","1","N","N","Y","0","","0","0","2","0","0","N","1654","3","0","0","0","0","0","0","2","0","3","0","0","0","3","03","","N","","","","","","","","","",""
"2020103599","1144","1","0","0","0","0","0","0","0","0","4","0","","67","12","2020","3","39.972115","-75.233642","1144","6","0","0","0","0","0","0","1","0","","0","0","0","11","1","2","","1","0","39 58:19.613","","0","75 14:01.111","3","0","0","0","67301","0","0","0","N","0","0","0","2","67301","0","","1.0","","1","N","N","N","0","","2","0","1","3","3","","1132","2","2","0","0","0","0","0","2","0","2","0","0","0","4","03","","N","","","","","","","","","",""