"CRN","ARRIVAL_TM","AUTOMOBILE_COUNT","BELTED_DEATH_COUNT","BELTED_SUSP_SERIOUS_INJ_COUNT","BICYCLE_COUNT","BICYCLE_DEATH_COUNT","BICYCLE_SUSP_SERIOUS_INJ_COUNT","BUS_COUNT","CHLDPAS_DEATH_COUNT","CHLDPAS_SUSP_SERIOUS_INJ_COUNT","COLLISION_TYPE","COMM_VEH_COUNT","CONS_ZONE_SPD_LIM","COUNTY","CRASH_MONTH","CRASH_YEAR","DAY_OF_WEEK","DEC_LATITUDE","DEC_LONGITUDE","DISPATCH_TM","DISTRICT","DRIVER_COUNT_16YR","DRIVER_COUNT_17YR","DRIVER_COUNT_18YR","DRIVER_COUNT_19YR","DRIVER_COUNT_20YR","DRIVER_COUNT_50_64YR","DRIVER_COUNT_65_74YR","DRIVER_COUNT_75PLUS","EST_HRS_CLOSED","FATAL_COUNT","HEAVY_TRUCK_COUNT","HORSE_BUGGY_COUNT","HOUR_OF_DAY","ILLUMINATION","INJURY_COUNT","INTERSECTION_RELATED","INTERSECT_TYPE","LANE_CLOSED","LATITUDE","LN_CLOSE_DIR","LOCATION_TYPE","LONGITUDE","MAX_SEVERITY_LEVEL","MCYCLE_DEATH_COUNT","MCYCLE_SUSP_SERIOUS_INJ_COUNT","MOTORCYCLE_COUNT","MUNICIPALITY","NONMOTR_COUNT","NONMOTR_DEATH_COUNT","NONMOTR_SUSP_SERIOUS_INJ_COUNT","NTFY_HIWY_MAINT","PED_COUNT","PED_DEATH_COUNT","PED_SUSP_SERIOUS_INJ_COUNT","PERSON_COUNT","POLICE_AGCY","POSSIBLE_INJ_COUNT","RDWY_SURF_TYPE_CD","RELATION_TO_ROAD","ROADWAY_CLEARED","ROAD_CONDITION","SCH_BUS_IND","SCH_ZONE_IND","SECONDARY_CRASH","SMALL_TRUCK_COUNT","SPEC_JURIS_CD","SUSP_MINOR_INJ_COUNT","SUSP_SERIOUS_INJ_COUNT","SUV_COUNT","TCD_FUNC_CD","TCD_TYPE","TFC_DETOUR_IND","TIME_OF_DAY","TOTAL_UNITS","TOT_INJ_COUNT","UNBELTED_OCC_COUNT","UNB_DEATH_COUNT","UNB_SUSP_SERIOUS_INJ_COUNT","UNK_INJ_DEG_COUNT","UNK_INJ_PER_COUNT","URBAN_RURAL","VAN_COUNT","VEHICLE_COUNT","VULNERABLE_ROAD_USER_COUNT","VULNERABLE_ROAD_USER_DEATH_COUNT","VULNERABLE_ROAD_USER_SER_INJ_COUNT","WEATHER1","WEATHER2","WORKERS_PRES","WORK_ZONE_IND","WORK_ZONE_LOC","WORK_ZONE_TYPE","WZ_CLOSE_DETOUR","WZ_FLAGGER","WZ_LAW_OFFCR_IND","WZ_LN_CLOSURE","WZ_MOVING","WZ_OTHER","WZ_SHLDER_MDN","WZ_WORKERS_INJ_KILLED"
"2020112957","0325","1","0","0","0","0","0","0","0","0","6","0","","67","12","2020","1","40.035033","-75.081608","0322","6","0","0","0","0","0","0","0","0","","0","0","0","3","3","2","N","0","2","40 02:06.118","5","0","75 04:53.787","3","0","0","0","67301","0","0","0","N","0","0","0","4","67301","0","","1.0","100.0","1","N","N","N","0","","2","0","1","0","0","N","315","2","2","0","0","0","0","0","2","0","2","0","0","0","3","","","N","","","","","","","","","",""
"2020104689","0123","1","0","0","0","0","0","0","0","0","6","0","","67","12","2020","6","39.9622","-75.190975","0121","6","0","0","0","0","0","0","0","0","","0","0","0","1","3","0","N","0","2","39 57:43.920","6","0","75 11:27.510","9","0","0","0","67301","0","0","0","N","0","0","0","1","67301","0","","1.0","225.0","1","N","N","N","0","","0","0","1","0","0","Y","100","2","0","0","0","0","0","1","2","0","2","0","0","0","3","","","N","","","","","","","","","",""
"2020084069","1000","2","0","0","0","0","0","0","0","0","4","0","","67","10","2020","2","40.0014","-75.081573","0953","6","0","0","0","0","0","0","0","0","","0","0","0","21","3","2","","3","0","40 00:05.039","","0","75 04:53.662","3","0","0","0","67301","0","0","0","N","0","0","0","3","67301","0","","1.0","","1","N","N","N","0","","2","0","0","3","2","","2145","2","2","0","0","0","0","0","2","0","2","0","0","0","3","03","","N","","","","","","","","","",""
"2020088090","2150","0","0","0","0","0","0","1","0","0","5","1","","67","10","2020","6","39.980789","-75.099508","2140","6","0","0","0","0","0","0","0","0","","0","0","0","21","3","1","N","0","0","39 58:50.842","","0","75 05:58.228","8","0","0","0","67301","0","0","0","N","0","0","0","2","67508","0","","6.0","","1","N","N","Y","0","","0","0","0","0","0","","2140","2","1","0","0","0","1","0","2","0","2","0","0","0","3","03","","N","","","","","","","","","",""
"2020085039","0330","0","0","0","0","0","0","0","0","0","0","0","","67","10","2020","2","40.043544","-75.020562","0327","6","0","0","0","0","0","0","0","0","","0","0","0","3","3","0","N","0","0","40 02:36.759","","3","75 01:14.023","0","0","0","0","67301","0","0","0","N","0","0","0","1","67301","0","","1.0","","9","N","N","N","0","","0","0","1","0","0","","325","1","0","1","0","0","0","0","2","0","1","0","0","0","7","","","N","","","","","","","","","",""
"2020105674","2215","1","0","0","0","0","0","0","0","0","4","0","","67","12","2020","2","40.044553","-75.161239","2209","6","0","0","0","0","0","0","0","0","","0","0","0","22","3","1","N","0","2","40 02:40.390","5","0","75 09:40.460","2","0","0","0","67301","0","0","0","N","0","0","0","1","67301","0","","1.0","2331.0","1","N","N","N","1","","0","1","1","0","0","Y","2208","3","1","0","0","0","0","0","2","0","3","0","0","0","3","03","","N","","","","","","","","","",""
"2020107395","1520","0","0","0","0","0","0","0","0","0","8","0","","67","12","2020","5","39.965831","-75.233904","1519","6","0","0","0","0","0","1","0","0","","0","0","0","15","1","1","","1","0","39 57:56.991","","0","75 14:02.054","3","0","0","0","67301","1","0","0","N","1","0","0","3","67301","0","","1.0","","1","N","N","N","0","","1","0","0","3","2","","1511","2","1","0","0","0","0","0","2","1","1","1","0","0","3","03","","N","","","","","","","","","",""
"2020107814","1335","2","0","0","0","0","0","0","0","0","4","0","","67","12","2020","1","40.059114","-75.044722","1327","6","0","0","0","0","0","0","1","0","","0","0","0","13","1","1","","1","0","40 03:32.810","","0","75 02:40.998","3","0","0","0","67301","0","0","0","N","0","0","0","2","67301","0","","1.0","","1","N","N","N","0","","1","0","0","3","1","","1320","2","1","2","0","0","0","0","2","0","2","0","0","0","3","03","","N","","","","","","","","","",""
"2020112547","1204","1","0","0","0","0","0","0","0","0","3","0","","67","12","2020","4","39.933942","-75.222461","1137","6","0","0","0","0","0","1","0","0","","0","0","0","10","1","2","","2","0","39 56:02.191","","0","75 13:20.859","8","0","0","0","67301","0","0","0","N","0","0","0","3","67301","0","","1.0","","1","N","N","N","0","","0","0","1","0","0","","1042","2","2","0","0","0","2","1","2","0","2","0","0","0","3","03","","N","","","","","","","","","",""
"2020097589","0407","2","0","0","0","0","0","0","0","0","4","0","","67","11","2020","7","39.944011","-75.173614","0406","6","0","0","0","0","0","0","0","0","","0","0","0","3","3","0","N","0","0","39 56:38.440","","0","75 10:25.010","0","0","0","0","67301","0","0","0","N","0","0","0","1","67301","0","","1.0","","1","N","N","N","0","","0","0","2","0","0","","355","4","0","0","0","0","0","0","2","0","4","0","0","0","3","","","N","","","","","","","","","",""
"2020087006","2010","1","0","0","0","0","0","0","0","0","5","0","","67","10","2020","7","39.966244","-75.131043","2009","6","0","0","0","0","0","0","0","0","","0","0","0","19","3","1","N","0","0","39 57:58.478","","0","75 07:51.756","4","0","0","0","67301","0","0","0","N","0","0","0","1","67301","1","","6.0","","1","N","N","N","1","","0","0","0","0","0","","1957","2","1","1","0","0","0","0","2","0","2","0","0","0","3","","","N","","","","","","","","","",""
"2020052424","1945","3","0","0","0","0","0","0","0","0","2","0","","67","7","2020","7","40.033928","-75.145267","1945","6","0","0","0","0","0","1","0","0","","0","0","0","19","1","0","N","0","2","40 02:02.140","5","0","75 08:42.960","9","0","0","0","67301","0","0","0","N","0","0","0","1","67301","0","","6.0","2130.0","1","N","N","Y","0","","0","0","1","0","0","Y","1930","4","0","0","0","0","0","1","2","0","4","0","0","0","3","","","N","","","","","","","","","",""
"2020100764","1400","1","0","0","0","0","0","0","0","0","8","0","","67","11","2020","6","39.930715","-75.170055","1400","6","0","0","0","0","0","0","0","0","","0","0","0","18","1","1","","1","0","39 55:50.574","","0","75 10:12.198","8","0","0","0","67301","1","0","0","N","1","0","0","2","67301","0","","1.0","","99","N","N","N","0","","0","0","0","3","3","","1800","2","1","0","0","0","1","0","2","0","1","1","0","0","3","","","N","","","","","","","","","",""
"2020093217","1156","1","0","0","0","0","0","0","0","0","4","0","","67","11","2020","2","40.074357","-75.166072","1156","6","0","0","0","0","0","1","0","0","","0","0","0","19","3","4","","1","9","40 04:27.685","","0","75 09:57.859","3","0","0","0","67301","0","0","0","N","0","0","0","5","67301","0","","1.0","","1","N","N","N","0","","4","0","1","3","3","","1915","2","4","0","0","0","0","1","2","0","2","0","0","0","3","03","","N","","","","","","","","","",""
"2020077412","1400","3","0","0","0","0","0","0","0","0","4","0","","67","9","2020","6","40.000058","-75.102887","1359","6","0","0","0","0","0","0","0","0","","0","0","0","13","1","2","","1","0","40 00:00.208","","0","75 06:10.393","3","0","0","0","67301","0","0","0","N","0","0","0","4","67301","0","","1.0","","1","N","N","N","0","","2","0","0","3","3","","1353","3","2","2","0","0","0","0","2","0","3","0","0","0","3","03","","N","","","","","","","","","",""
"2020066884","1747","2","0","0","0","0","0","0","0","0","4","0","","67","8","2020","1","39.957208","-75.227482","1745","6","0","0","1","0","0","0","0","0","","0","0","0","17","1","2","","1","0","39 57:25.949","","0","75 13:38.934","3","0","0","0","67301","0","0","0","N","0","0","0","10","67301","0","","1.0","","1","N","N","N","0","","2","0","0","3","2","","1740","4","2","0","0","0","0","3","2","2","4","0","0","0","4","","","N","","","","","","","","","",""
"2020065841","1320","3","0","0","0","0","0","0","0","0","5","0","","67","8","2020","6","39.917528","-75.237806","1314","6","0","0","0","0","0","1","0","0","","0","0","0","13","1","0","N","0","1","39 55:03.100","1","0","75 14:16.100","0","0","0","0","67301","0","0","0","N","0","0","0","1","67301","0","","6.0","1420.0","1","N","N","N","0","","0","0","0","0","0","N","1310","4","0","0","0","0","0","0","2","0","3","0","0","0","3","03","","N","","","","","","","","","",""
"2020112540","1420","0","0","0","0","0","0","0","0","0","8","0","","67","12","2020","7","39.926827","-75.178968","1420","6","0","0","0","0","0","0","0","1","","0","0","0","17","4","1","","1","0","39 55:36.577","","0","75 10:44.284","8","0","0","0","67301","1","0","0","N","1","0","0","2","67301","0","","1.0","","1","N","N","N","0","","0","0","1","3","3","","1715","2","1","0","0","0","1","0","2","0","1","1","0","0","3","","","N","","","","","","","","","",""
"2020066778","1455","3","0","0","0","0","0","0","0","0","4","0","","67","8","2020","3","40.02137","-75.05208","1443","6","0","0","0","1","0","0","0","0","","0","0","0","14","1","2","N","0","2","40 01:16.931","2","7","75 03:07.489","3","0","0","0","67301","0","0","0","N","0","0","0","4","67301","0","","1.0","100.0","1","N","N","Y","0","","2","0","0","0","0","N","1438","3","2","0","0","0","0","0","2","0","3","0","0","0","3","","","N","","","","","","","","","",""
"2020090066","0025","1","0","0","0","0","0","0","0","0","1","0","","67","10","2020","3","39.980446","-75.157417","0022","6","0","0","0","0","0","0","0","0","","0","0","0","0","3","0","N","0","0","39 58:49.605","","0","75 09:26.701","0","0","0","0","67301","0","0","0","N","0","0","0","1","67505","0","","6.0","","9","N","N","N","0","","0","0","1","0","0","","20","2","0","0","0","0","0","0","2","0","2","0","0","0","3","03","","N","","","","","","","","","",""
"2020094084","1640","0","0","0","0","0","0","0","0","0","8","0","","67","10","2020","6","39.947345","-75.157643","1635","6","0","0","0","0","0","0","0","0","","0","0","0","22","3","1","","1","0","39 56:50.441","","0","75 09:27.514","3","0","0","0","67301","1","0","0","N","0","0","0","2","67301","0","","1.0","","99","N","N","N","0","","1","0","0","3","2","","2230","2","1","0","0","0","0","0","2","0","1","1","0","0","99","03","","N","","","","","","","","","",""
"2020090259","0818","2","0","0","0","0","0","0","0","0","4","0","","67","10","2020","1","40.01006","-75.199689","0814","6","0","0","0","0","0","1","0","1","","0","0","0","8","1","0","N","0","1","40 00:36.217","1","7","75 11:58.879","9","0","0","0","67301","0","0","0","N","0","0","0","2","67301","0","","1.0","30.0","1","N","N","N","0","","0","0","0","0","0","N","800","2","0","0","0","0","0","1","2","0","2","0","0","0","4","04","","N","","","","","","","","","",""
"2020092342","0750","1","0","0","0","0","0","0","0","0","5","0","","67","10","2020","7","40.037678","-75.038235","0727","6","0","0","0","0","0","0","0","0","","0","2","0","7","1","0","N","0","1","40 02:15.639","1","0","75 02:17.645","0","0","0","0","67301","0","0","0","N","0","0","0","1","67301","0","","6.0","900.0","1","N","N","N","0","","0","0","0","0","0","N","726","3","0","1","0","0","0","0","2","0","3","0","0","0","3","03","","N","","","","","","","","","",""
"2020106815","0021","2","0","0","0","0","0","0","0","0","6","0","","67","10","2020","3","39.917139","-75.149306","0011","6","0","0","0","0","0","0","0","0","","0","0","0","0","2","0","N","0","0","39 55:01.700","","0","75 08:57.500","0","0","0","0","67301","0","0","0","N","0","0","0","1","67301","0","","6.0","","9","N","N","N","0","","0","0","0","0","0","","11","2","0","1","0","0","0","0","2","0","2","0","0","0","7","07","","N","","","","","","","","","",""
"2020104688","2147","1","0","0","0","0","0","0","0","0","4","0","","67","12","2020","5","39.960569","-75.141379","2145","6","0","0","0","0","0","0","0","0","","0","0","0","21","2","0","","1","0","39 57:38.047","","0","75 08:28.964","0","0","0","0","67301","0","0","0","N","0","0","0","2","67301","0","","1.0","","1","N","N","N","0","","0","0","1","3","2","","2140","2","0","0","0","0","0","0","2","0","2","0","0","0","3","03","","N","","","","","","","","","",""
"2020102681","1624","2","0","0","0","0","0","0","0","0","4","0","","67","11","2020","1","40.093503","-74.980167","1622","6","0","0","0","0","0","0","0","0","","0","0","0","16","4","1","","1","0","40 05:36.611","","0","74 58:48.600","3","0","0","0","67301","0","0","0","N","0","0","0","2","67301","0","","1.0","","1","N","N","N","0","","1","0","0","3","2","","1620","2","1","0","0","0","0","0","2","0","2","0","0","0","3","","","N","","","","","","","","","",""
"2020101048","1916","1","0","0","0","0","0","0","0","0","4","0","","67","11","2020","2","39.901381","-75.239298","1911","6","0","0","1","0","0","1","0","0","","0","0","0","19","3","3","","2","2","39 54:04.971","1","0","75 14:21.471","3","0","0","0","67301","0","0","0","N","0","0","0","3","67301","0","","1.0","2030.0","1","N","N","N","0","","3","0","1","3","2","N","1911","2","3","0","0","0","0","0","2","0","2","0","0","0","99","","","N","","","","","","","","","",""
"2020114063","1741","1","0","0","0","0","0","0","0","0","8","0","","67","12","2020","5","40.038972","-75.150035","1741","6","0","0","0","0","0","0","0","0","","0","0","0","0","3","1","N","0","0","40 02:20.299","","0","75 09:00.127","3","0","0","0","67301","1","0","0","N","1","0","0","2","67301","0","","1.0","","9","N","N","N","0","","1","0","0","0","0","","0","2","1","0","0","0","0","0","2","0","1","1","0","0","7","","","N","","","","","","","","","",""
"2020113601","0945","0","0","0","0","0","0","0","0","0","8","0","","67","12","2020","4","39.959661","-75.224935","0940","6","0","0","0","0","0","0","0","0","","0","0","0","9","1","1","N","0","1","39 57:34.779","2","0","75 13:29.766","8","0","0","0","67301","1","0","0","N","1","0","0","2","67301","0","","1.0","1000.0","1","N","N","N","0","","0","0","1","0","0","Y","930","2","1","0","0","0","1","0","2","0","1","1","0","0","3","03","","N","","","","","","","","","",""
"2020088898","1840","0","0","0","0","0","0","0","0","0","8","0","","67","10","2020","4","40.040889","-75.078356","1838","6","0","0","0","0","0","1","0","0","","0","0","0","18","3","2","N","0","0","40 02:27.200","","0","75 04:42.080","2","0","0","0","67301","2","0","1","N","2","0","1","3","67301","0","","1.0","","1","N","N","N","0","","1","1","1","0","0","","1834","3","2","0","0","0","0","0","2","0","1","2","0","1","3","","","N","","","","","","","","","",""
"2020110405","0330","1","0","0","0","0","0","0","0","0","1","0","","67","12","2020","7","40.027245","-75.183525","0327","6","0","0","0","0","0","0","0","0","","0","0","0","3","3","0","","2","0","40 01:38.083","","0","75 11:00.691","0","0","0","0","67301","0","0","0","N","0","0","0","2","67301","0","","1.0","","2","N","N","N","0","","0","0","1","2","2","","325","2","0","2","0","0","0","0","2","0","2","0","0","0","3","10","","N","","","","","","","","","",""
"2020097717","0245","0","0","0","0","0","0","0","0","0","7","0","","67","10","2020","3","39.961681","-75.181938","0238","6","0","0","0","0","0","0","0","0","","0","0","0","2","3","0","N","0","2","39 57:42.053","3","2","75 10:54.975","0","0","0","0","67301","0","0","0","N","0","0","0","1","68K01","0","","2.0","253.0","1","N","N","N","0","","0","0","1","0","0","N","238","1","0","1","0","0","0","0","2","0","1","0","0","0","3","","","N","","","","","","","","","",""
"2020110829","1951","0","0","0","0","0","0","0","0","0","8","0","","67","12","2020","7","40.00468","-75.152126","1950","6","0","0","0","0","0","0","0","0","","0","0","0","19","3","1","","1","0","40 00:16.847","","0","75 09:07.652","8","0","0","0","67301","1","0","0","N","1","0","0","2","67505","0","","1.0","","99","N","N","N","0","","0","0","1","3","2","","1950","2","1","0","0","0","1","0","2","0","1","1","0","0","99","","","N","","","","","","","","","",""
"2020111558","2115","1","0","0","0","0","0","0","0","0","4","0","","67","12","2020","3","39.908905","-75.232914","2107","6","0","0","0","0","0","1","0","0","","0","0","0","20","3","0","","2","0","39 54:32.058","","7","75 13:58.490","9","0","0","0","67301","0","0","0","N","0","0","0","4","67301","0","","1.0","","1","N","N","N","0","","0","0","1","3","2","","2028","2","0","0","0","0","0","4","2","0","2","0","0","0","3","03","","N","","","","","","","","","",""
"2020103520","2125","1","0","0","0","0","0","0","0","0","8","0","","67","11","2020","1","39.961185","-75.24707","2124","6","0","0","0","0","0","0","0","0","","0","0","0","21","3","1","","2","0","39 57:40.266","","0","75 14:49.451","2","0","0","0","67301","1","0","1","N","1","0","1","2","67301","0","","1.0","","1","N","N","N","0","","0","1","0","3","2","","2116","2","1","0","0","0","0","0","2","0","1","1","0","1","3","03","","N","","","","","","","","","",""
"2020102356","1355","2","0","0","0","0","0","0","0","0","4","0","","67","11","2020","6","39.92411","-75.167606","1352","6","0","0","0","0","0","1","0","0","","0","0","0","13","1","1","","1","0","39 55:26.797","","0","75 10:03.382","3","0","0","0","67301","0","0","0","N","0","0","0","2","67301","0","","1.0","","1","N","N","N","0","","1","0","0","3","2","","1350","2","1","0","0","0","0","0","2","0","2","0","0","0","3","03","","N","","","","","","","","","",""
"2020084501","1647","2","0","0","0","0","0","0","0","0","4","0","","67","10","2020","1","39.957135","-75.208295","1646","6","0","1","0","0","1","0","0","0","","0","0","0","16","1","0","","1","0","39 57:25.686","","0","75 12:29.861","0","0","0","0","67301","0","0","0","N","0","0","0","2","67504","0","","1.0","","1","N","N","Y","0","","0","0","1","3","3","","1600","3","0","0","0","0","0","0","2","0","3","0","0","0","3","03","","N","","","","","","","","","",""
"2020107817","1344","2","0","0","0","0","0","0","0","0","2","0","","67","12","2020","6","40.008783","-75.111175","1340","6","0","0","0","0","0","0","0","0","","0","0","0","13","1","1","N","0","0","40 00:31.620","","0","75 06:40.230","4","0","0","0","67301","0","0","0","N","0","0","0","1","67301","1","","1.0","","1","N","N","N","0","","0","0","0","0","0","","1339","2","1","0","0","0","0","0","2","0","2","0","0","0","3","","","N","","","","","","","","","",""
"2020106970","2158","1","0","0","0","0","0","0","0","0","4","0","","67","12","2020","5","40.058083","-75.16575","2158","6","0","0","0","0","0","0","0","0","","0","0","0","18","3","1","","5","0","40 03:29.100","","0","75 09:56.700","3","0","0","0","67301","0","0","0","N","0","0","0","2","67301","0","","1.0","","99","N","N","N","0","","1","0","1","3","2","","1800","2","1","0","0","0","0","0","2","0","2","0","0","0","99","","","N","","","","","","","","","",""
"2020108562","2355","1","0","0","0","0","0","0","0","0","6","0","","67","12","2020","3","40.060881","-75.1714","2347","6","0","0","0","0","0","0","0","0","","0","0","0","23","3","0","N","0","0","40 03:39.170","","0","75 10:17.040","9","0","0","0","67301","0","0","0","N","0","0","0","1","67301","0","","1.0","","1","N","N","N","0","","0","0","1","3","3","","2315","2","0","0","0","0","0","1","2","0","2","0","0","0","3","","","N","","","","","","","","","",""
"2020108481","1750","1","0","0","0","0","0","0","0","0","4","0","","67","12","2020","3","39.979307","-75.138695","1747","6","0","0","0","0","0","0","0","0","","0","0","0","17","4","1","","1","0","39 58:45.506","","0","75 08:19.303","3","0","0","0","67301","0","0","0","N","0","0","0","3","67301","0","","1.0","","1","N","N","N","0","","1","0","1","3","3","","1742","2","1","0","0","0","0","0","2","0","2","0","0","0","3","03","","N","","","","","","","","","",""
"2020087330","1045","2","0","0","0","0","0","0","0","0","1","0","","67","10","2020","4","39.918758","-75.186049","1040","6","0","0","0","0","0","0","0","0","","0","0","0","10","1","2","","1","0","39 55:07.528","","0","75 11:09.776","3","0","0","0","67301","0","0","0","N","0","0","0","2","67301","0","","1.0","","1","N","N","N","0","","2","0","0","3","2","","1030","2","2","0","0","0","0","0","2","0","2","0","0","0","3","03","","N","","","","","","","","","",""
"2020087005","0910","1","0","0","0","0","0","0","0","0","4","0","","67","10","2020","1","39.988085","-75.157564","0904","6","0","0","1","0","0","0","0","0","","0","0","0","8","1","0","","1","0","39 59:17.105","","0","75 09:27.231","0","0","0","0","67301","0","0","0","Y","0","0","0","3","67301","0","","1.0","","1","N","N","N","0","","0","0","0","3","2","","854","2","0","0","0","0","0","0","2","1","2","0","0","0","3","03","","N","","","","","","","","","",""
"2020101049","0901","2","0","0","0","0","0","0","0","0","4","0","","67","11","2020","2","40.035496","-75.178766","0900","6","0","0","0","0","0","0","0","0","","0","0","0","8","1","1","","1","0","40 02:07.785","","0","75 10:43.557","3","0","0","0","67301","0","0","0","N","0","0","0","3","67301","0","","1.0","","9","N","N","N","0","","1","0","1","1","2","","848","3","1","0","0","0","0","0","2","0","3","0","0","0","4","","","N","","","","","","","","","",""
"2020086180","1039","2","0","0","0","0","0","0","0","0","4","0","","67","10","2020","3","39.93574","-75.228522","1039","6","0","0","0","0","0","0","0","0","","0","0","0","10","1","0","","1","0","39 56:08.663","","0","75 13:42.679","9","0","0","0","67301","0","0","0","N","0","0","0","2","67301","0","","1.0","","1","N","N","N","0","","0","0","0","3","2","","1035","2","0","0","0","0","0","1","2","0","2","0","0","0","4","04","","N","","","","","","","","","",""
"2020099476","1245","2","0","0","0","0","0","0","0","0","4","0","","67","11","2020","4","39.913083","-75.243294","1214","6","0","0","0","0","0","0","0","0","","0","0","0","15","1","0","","1","9","39 54:47.100","","0","75 14:35.859","0","0","0","0","67301","0","0","0","N","0","0","0","2","67301","0","","1.0","","1","N","N","N","0","","0","0","0","3","2","","1550","2","0","0","0","0","0","0","2","0","2","0","0","0","3","03","","N","","","","","","","","","",""
"2020103254","1531","0","0","0","0","0","0","0","0","0","5","0","","67","10","2020","3","39.950749","-75.141088","1519","6","0","0","0","0","0","0","0","0","","0","0","0","15","1","1","N","0","1","39 57:02.698","1","0","75 08:27.915","2","0","1","1","67301","0","0","0","N","0","0","0","2","68K01","0","","1.0","1538.0","1","N","N","N","0","","0","1","0","0","0","N","1518","2","1","0","0","0","0","1","2","0","2","0","0","0","3","","","N","","","","","","","","","",""
"2020090135","2047","1","0","0","0","0","0","0","0","0","4","0","","67","10","2020","5","40.016346","-75.084126","2046","6","0","0","0","0","0","0","0","0","","0","0","0","20","3","1","N","0","1","40 00:58.845","1","1","75 05:02.852","3","0","0","1","67301","0","0","0","N","0","0","0","2","67301","0","","1.0","2145.0","1","N","N","N","0","","1","0","0","0","0","Y","2045","2","1","0","0","0","0","0","2","0","2","0","0","0","3","","","N","","","","","","","","","",""
"2020082154","2340","4","0","0","0","0","0","0","0","0","4","0","","67","10","2020","1","40.031854","-75.122161","2347","6","0","0","0","0","0","1","0","0","","0","0","0","22","3","1","","1","0","40 01:54.674","","0","75 07:19.779","3","0","0","0","67301","0","0","0","N","0","0","0","2","67301","0","","1.0","","1","N","N","N","0","","1","0","0","3","2","","2226","4","1","0","0","0","0","0","2","0","4","0","0","0","3","03","","N","","","","","","","","","",""
"2020103026","1942","0","0","0","0","0","0","0","0","0","7","0","","67","11","2020","2","39.993078","-75.097499","1922","6","0","0","0","0","0","0","0","0","","0","0","0","18","3","1","N","0","0","39 59:35.080","","0","75 05:50.997","3","0","0","0","67301","0","0","0","N","0","0","0","2","67301","0","","4.0","","9","N","N","N","1","","1","0","0","0","0","","1845","1","1","2","0","0","0","1","2","0","1","0","0","0","7","07","","N","","","","","","","","","",""
"2020113672","2229","1","0","0","0","0","0","0","0","0","7","0","","67","12","2020","6","40.000353","-75.195135","2228","6","0","0","0","1","0","0","0","0","","0","0","0","22","3","0","N","0","1","40 00:01.269","3","0","75 11:42.487","0","0","0","0","67301","0","0","0","N","0","0","0","1","68K01","0","","3.0","2306.0","1","N","N","N","0","","0","0","0","0","0","N","2221","1","0","1","0","0","0","0","2","0","1","0","0","0","3","03","","N","","","","","","","","","",""
"2020101469","2003","1","0","0","0","0","0","0","0","0","5","0","","67","11","2020","3","39.949028","-75.240228","1958","6","0","0","0","0","0","0","0","0","","0","0","0","19","3","0","N","0","1","39 56:56.500","6","0","75 14:24.820","9","0","0","0","67301","0","0","0","N","0","0","0","1","67301","0","","1.0","2106.0","1","N","N","N","0","","0","0","3","0","0","Y","1955","4","0","0","0","0","0","1","2","0","4","0","0","0","3","03","","N","","","","","","","","","",""
"2020100801","0001","5","0","0","0","0","0","0","0","0","0","0","","67","11","2020","2","40.018969","-75.084608","2359","6","0","0","0","0","0","1","0","0","","0","0","0","23","3","0","N","0","0","40 01:08.290","","0","75 05:04.590","9","0","0","0","67301","0","0","0","N","0","0","0","2","67301","0","","1.0","","1","N","N","N","0","","0","0","2","0","0","","2358","7","0","0","0","0","0","1","2","0","7","0","0","0","3","03","","N","","","","","","","","","",""
"2020109081","1945","2","0","0","0","0","0","0","0","0","4","0","","67","12","2020","6","39.941467","-75.185816","1940","6","0","0","0","0","0","0","0","0","","0","0","0","19","3","0","","2","0","39 56:29.281","","0","75 11:08.937","9","0","0","0","67301","0","0","0","N","0","0","0","3","67301","0","","1.0","","1","N","N","Y","0","","0","0","0","3","2","","1930","2","0","0","0","0","0","2","2","0","2","0","0","0","3","03","","N","","","","","","","","","",""
"2020092313","0500","2","0","0","0","0","0","0","0","0","4","0","","67","10","2020","4","40.045997","-75.082334","0454","6","0","0","0","0","0","0","0","0","","0","0","0","4","3","2","","1","1","40 02:45.589","6","0","75 04:56.402","3","0","0","0","67301","0","0","0","N","0","0","0","3","67301","0","","1.0","100.0","1","N","N","Y","0","","2","0","4","3","2","Y","445","6","2","0","0","0","0","1","2","0","6","0","0","0","3","","","N","","","","","","","","","",""
"2020092337","1212","1","0","0","0","0","0","0","0","0","4","0","","67","10","2020","6","40.062475","-75.182376","1212","6","0","0","0","0","0","1","0","0","","0","0","0","12","1","1","","1","0","40 03:44.910","","0","75 10:56.553","3","0","0","0","67301","0","0","0","N","0","0","0","2","67301","0","","1.0","","9","N","N","N","0","","1","0","1","3","3","","1212","2","1","0","0","0","0","0","2","0","2","0","0","0","4","","","N","","","","","","","","","",""
"2020079060","1502","1","0","0","0","0","0","0","0","0","4","0","","67","9","2020","5","40.015931","-75.153871","1459","6","0","0","0","0","0","0","0","0","","0","0","0","14","1","0","","1","0","40 00:57.350","","0","75 09:13.935","9","0","0","0","67301","0","0","0","N","0","0","0","2","67301","0","","1.0","","1","N","N","N","0","","0","0","0","3","2","","1429","2","0","0","0","0","0","1","2","1","2","0","0","0","3","03","","N","","","","","","","","","",""