"CRN","ARRIVAL_TM","AUTOMOBILE_COUNT","BELTED_DEATH_COUNT","BELTED_SUSP_SERIOUS_INJ_COUNT","BICYCLE_COUNT","BICYCLE_DEATH_COUNT","BICYCLE_SUSP_SERIOUS_INJ_COUNT","BUS_COUNT","CHLDPAS_DEATH_COUNT","CHLDPAS_SUSP_SERIOUS_INJ_COUNT","COLLISION_TYPE","COMM_VEH_COUNT","CONS_ZONE_SPD_LIM","COUNTY","CRASH_MONTH","CRASH_YEAR","DAY_OF_WEEK","DEC_LATITUDE","DEC_LONGITUDE","DISPATCH_TM","DISTRICT","DRIVER_COUNT_16YR","DRIVER_COUNT_17YR","DRIVER_COUNT_18YR","DRIVER_COUNT_19YR","DRIVER_COUNT_20YR","DRIVER_COUNT_50_64YR","DRIVER_COUNT_65_74YR","DRIVER_COUNT_75PLUS","EST_HRS_CLOSED","FATAL_COUNT","HEAVY_TRUCK_COUNT","HORSE_BUGGY_COUNT","HOUR_OF_DAY","ILLUMINATION","INJURY_COUNT","INTERSECTION_RELATED","INTERSECT_TYPE","LANE_CLOSED","LATITUDE","LN_CLOSE_DIR","LOCATION_TYPE","LONGITUDE","MAX_SEVERITY_LEVEL","MCYCLE_DEATH_COUNT","MCYCLE_SUSP_SERIOUS_INJ_COUNT","MOTORCYCLE_COUNT","MUNICIPALITY","NONMOTR_COUNT","NONMOTR_DEATH_COUNT","NONMOTR_SUSP_SERIOUS_INJ_COUNT","NTFY_HIWY_MAINT","PED_COUNT","PED_DEATH_COUNT","PED_SUSP_SERIOUS_INJ_COUNT","PERSON_COUNT","POLICE_AGCY","POSSIBLE_INJ_COUNT","RDWY_SURF_TYPE_CD","RELATION_TO_ROAD","ROADWAY_CLEARED","ROAD_CONDITION","SCH_BUS_IND","SCH_ZONE_IND","SECONDARY_CRASH","SMALL_TRUCK_COUNT","SPEC_JURIS_CD","SUSP_MINOR_INJ_COUNT","SUSP_SERIOUS_INJ_COUNT","SUV_COUNT","TCD_FUNC_CD","TCD_TYPE","TFC_DETOUR_IND","TIME_OF_DAY","TOTAL_UNITS","TOT_INJ_COUNT","UNBELTED_OCC_COUNT","UNB_DEATH_COUNT","UNB_SUSP_SERIOUS_INJ_COUNT","UNK_INJ_DEG_COUNT","UNK_INJ_PER_COUNT","URBAN_RURAL","VAN_COUNT","VEHICLE_COUNT","VULNERABLE_ROAD_USER_COUNT","VULNERABLE_ROAD_USER_DEATH_COUNT","VULNERABLE_ROAD_USER_SER_INJ_COUNT","WEATHER1","WEATHER2","WORKERS_PRES","WORK_ZONE_IND","WORK_ZONE_LOC","WORK_ZONE_TYPE","WZ_CLOSE_DETOUR","WZ_FLAGGER","WZ_LAW_OFFCR_IND","WZ_LN_CLOSURE","WZ_MOVING","WZ_OTHER","WZ_SHLDER_MDN","WZ_WORKERS_INJ_KILLED"
"2020113602","1055","1","0","0","0","0","0","0","0","0","7","0","","67","12","2020","4","40.034139","-75.150806","1050","6","0","0","0","0","1","0","0","0","","0","0","0","10","1","1","N","0","0","40 02:02.900","","0","75 09:02.900","8","0","0","0","67301","0","0","0","N","0","0","0","2","67301","0","","4.0","","1","N","N","N","0","","0","0","0","0","0","","1045","1","1","2","0","0","1","0","2","0","1","0","0","0","3","03","","N","","","","","","","","","",""
"2020086346","1700","1","0","0","0","0","0","0","0","0","2","0","","67","10","2020","4","39.975482","-75.191777","1700","6","0","0","0","0","0","0","0","0","","0","0","0","13","1","1","N","0","0","39 58:31.736","","1","75 11:30.398","3","0","0","0","67301","0","0","0","N","0","0","0","2","67301","0","","1.0","","1","N","N","N","0","","1","0","1","0","0","","1350","2","1","0","0","0","0","1","2","0","2","0","0","0","3","03","","N","","","","","","","","","",""
"2020083139","1005","2","0","0","0","0","0","0","0","0","4","0","","67","10","2020","4","39.988189","-75.134478","1000","6","0","0","0","0","0","1","0","0","","0","0","0","10","1","0","","1","0","39 59:17.480","","0","75 08:04.120","0","0","0","0","67301","0","0","0","N","0","0","0","2","67301","0","","1.0","","1","N","N","N","0","","0","0","0","3","3","","1000","2","0","2","0","0","0","0","2","0","2","0","0","0","3","03","","N","","","","","","","","","",""
"2020092963","0753","0","0","0","0","0","0","0","0","0","8","0","","67","10","2020","6","40.020929","-75.139974","0753","6","0","0","0","0","0","0","0","0","","0","0","0","7","1","1","","1","0","40 01:15.344","","0","75 08:23.906","3","0","0","0","67301","1","0","0","N","1","0","0","2","67301","0","","1.0","","1","N","N","N","0","","1","0","0","3","2","","726","2","1","0","0","0","0","0","2","0","1","1","0","0","3","03","","N","","","","","","","","","",""
"2020094030","0600","0","0","0","0","0","0","0","0","0","7","0","","67","10","2020","2","40.031493","-75.021551","0542","6","0","0","0","0","0","0","0","0","","0","0","0","5","3","1","N","0","1","40 01:53.373","2","3","75 01:17.585","3","0","0","0","67301","0","0","0","N","0","0","0","1","68K01","0","","3.0","700.0","9","N","N","N","1","","1","0","0","0","0","N","540","1","1","1","0","0","0","0","2","0","1","0","0","0","7","","","N","","","","","","","","","",""
"2020092334","1600","1","0","0","0","0","0","0","0","0","0","0","","67","10","2020","5","39.892517","-75.222953","1553","6","0","0","0","0","0","0","0","0","","0","0","0","15","1","1","N","0","0","39 53:33.060","","0","75 13:22.630","3","0","0","0","67301","0","0","0","N","0","0","0","1","67301","0","","1.0","","9","N","N","N","0","","1","0","0","0","0","","1530","1","1","0","0","0","0","0","2","0","1","0","0","0","6","07","","N","","","","","","","","","",""
"2020092321","0830","0","0","0","0","0","0","0","0","0","1","0","","67","10","2020","6","40.117564","-75.006653","0819","6","0","0","0","0","0","2","0","0","","0","0","0","8","1","1","N","0","0","40 07:03.230","","0","75 00:23.950","3","0","0","0","67301","0","0","0","N","0","0","0","3","67301","0","","1.0","","9","N","N","N","0","","1","0","2","0","0","","804","2","1","0","0","0","0","0","2","0","2","0","0","0","7","04","","N","","","","","","","","","",""
"2020110818","1335","0","0","0","0","0","0","0","0","0","4","0","","67","12","2020","1","40.057656","-75.048559","1330","6","0","0","0","0","0","0","0","0","","0","0","0","13","1","0","","1","0","40 03:27.560","","0","75 02:54.814","0","0","0","0","67301","0","0","0","N","0","0","0","6","67301","0","","1.0","","2","N","N","N","0","","0","0","3","3","2","","1329","3","0","0","0","0","0","0","2","0","3","0","0","0","9","","","N","","","","","","","","","",""
"2020102366","0112","1","0","0","0","0","0","0","0","0","4","0","","67","11","2020","1","39.993584","-75.176206","0110","6","0","0","0","0","0","0","0","0","","0","0","0","1","3","2","","1","2","39 59:36.902","7","0","75 10:34.341","2","0","0","0","67301","0","0","0","Y","0","0","0","2","67301","0","","1.0","340.0","1","N","N","N","2","","1","1","1","3","3","Y","110","4","2","1","0","1","0","0","2","0","4","0","0","0","3","03","","N","","","","","","","","","",""
"2020105147","1720","2","0","0","0","0","0","0","0","0","1","0","","67","12","2020","1","39.955118","-75.185791","1715","6","0","0","0","0","0","0","0","0","","0","0","0","99","3","0","N","0","1","39 57:18.424","3","0","75 11:08.849","0","0","0","0","67301","0","0","0","N","0","0","0","4","67507","0","","1.0","1830.0","1","N","N","N","0","","0","0","1","0","0","N","9999","3","0","0","0","0","0","0","2","0","3","0","0","0","3","03","","N","","","","","","","","","",""
"2020104881","1605","2","0","0","0","0","0","0","0","0","2","0","","67","12","2020","3","40.013149","-75.081002","1601","6","0","0","0","0","0","0","0","0","","0","0","0","15","1","2","","1","0","40 00:47.336","","0","75 04:51.607","3","0","0","0","67301","0","0","0","N","0","0","0","3","67301","1","","1.0","","1","N","N","N","0","","1","0","0","3","3","","1555","2","2","0","0","0","0","0","2","0","2","0","0","0","3","","","N","","","","","","","","","",""
"2020107349","1202","2","0","0","0","0","0","0","0","0","4","0","","67","12","2020","1","40.041891","-75.144002","1202","6","0","0","0","0","0","0","0","0","","0","0","0","0","3","1","N","0","2","40 02:30.807","5","7","75 08:38.407","4","0","0","0","67301","0","0","0","N","0","0","0","4","67301","1","","1.0","245.0","9","N","N","N","0","","0","0","1","0","0","Y","2","3","1","0","0","0","0","0","2","0","3","0","0","0","7","","","N","","","","","","","","","",""
"2020102507","1626","1","0","0","0","0","0","0","0","0","7","0","","67","11","2020","1","39.947478","-75.151147","1625","6","0","0","0","0","0","0","0","0","","0","0","0","16","1","0","N","0","0","39 56:50.920","","0","75 09:04.130","0","0","0","0","67301","0","0","0","N","0","0","0","1","67301","0","","4.0","","1","N","N","N","0","","0","0","0","0","0","","1624","1","0","0","0","0","0","0","2","0","1","0","0","0","3","03","","N","","","","","","","","","",""
"2020113600","1624","0","0","0","0","0","0","0","0","0","5","0","","67","12","2020","3","40.032163","-75.08432","1620","6","0","0","0","0","0","0","0","0","","0","0","0","16","1","1","","5","1","40 01:55.785","2","0","75 05:03.553","8","0","0","0","67301","0","0","0","N","0","0","0","2","67301","0","","1.0","1700.0","1","N","N","N","0","","0","0","2","3","2","N","1615","2","1","0","0","0","1","1","2","0","2","0","0","0","3","","","N","","","","","","","","","",""
"2020089005","1805","0","0","0","0","0","0","0","0","0","4","0","","67","10","2020","3","39.975085","-75.194986","1755","6","0","0","0","0","0","0","0","0","","0","0","0","17","1","0","","1","0","39 58:30.307","","3","75 11:41.951","0","0","0","0","67301","0","0","0","N","0","0","0","2","67301","0","","1.0","","1","N","N","N","0","","0","0","1","3","2","","1735","2","0","0","0","0","0","0","2","1","2","0","0","0","3","03","","N","","","","","","","","","",""
"2020087182","0435","2","0","0","0","0","0","0","0","0","4","0","","67","10","2020","1","40.026393","-75.097546","0426","6","0","0","0","0","0","0","0","0","","0","0","0","4","3","1","","1","2","40 01:35.013","3","0","75 05:51.166","4","0","0","0","67301","0","0","0","N","0","0","0","2","67301","1","","1.0","515.0","1","N","N","N","0","","0","0","0","3","2","Y","425","2","1","0","0","0","0","0","2","0","2","0","0","0","3","03","","N","","","","","","","","","",""
"2020094024","1724","2","0","0","0","0","0","0","0","0","1","0","","67","10","2020","7","39.89871","-75.171521","1730","6","0","0","1","0","0","0","0","0","","0","0","0","99","1","0","N","6","0","39 53:55.357","","8","75 10:17.474","0","0","0","0","67301","0","0","0","N","0","0","0","7","68K01","0","","7.0","","1","N","N","N","0","","0","0","1","3","3","","9999","3","0","0","0","0","0","0","2","0","3","0","0","0","4","04","","N","","","","","","","","","",""
"2020092355","1826","2","0","0","0","0","0","0","0","0","4","0","","67","10","2020","7","39.981952","-75.239038","1823","6","0","0","0","0","0","0","0","0","","0","0","0","18","3","0","","1","0","39 58:55.028","","0","75 14:20.537","0","0","0","0","67301","0","0","0","N","0","0","0","2","67301","0","","1.0","","1","N","N","N","0","","0","0","0","3","2","","1823","2","0","0","0","0","0","0","2","0","2","0","0","0","3","03","","N","","","","","","","","","",""
"2020113227","1843","1","0","1","0","0","0","0","0","0","7","0","","67","12","2020","4","40.023232","-75.034163","1837","6","0","0","0","0","0","1","0","0","","0","0","0","18","3","2","N","7","2","40 01:23.635","1","2","75 02:02.986","2","0","0","0","67301","0","0","0","Y","0","0","0","2","68K01","0","","7.0","1921.0","1","N","N","N","0","","1","1","0","0","0","Y","1836","2","2","0","0","0","0","0","2","1","2","0","0","0","3","","","N","","","","","","","","","",""
"2020108480","2036","2","0","0","0","0","0","0","0","0","6","0","","67","12","2020","2","39.978249","-75.189735","2035","6","0","0","0","0","0","0","0","0","","0","0","0","20","3","1","N","0","2","39 58:41.696","5","0","75 11:23.045","3","0","0","0","67301","0","0","0","N","0","0","0","2","67301","0","","1.0","2040.0","9","N","N","N","0","","1","0","0","0","0","Y","2033","2","1","0","0","0","0","0","2","0","2","0","0","0","3","03","","N","","","","","","","","","",""
"2020110386","0800","0","0","0","0","0","0","1","0","0","8","0","","67","12","2020","6","39.98628","-75.104371","0745","6","0","0","0","0","0","0","0","0","","0","0","0","7","1","1","","1","0","39 59:10.608","","0","75 06:15.736","8","0","0","0","67301","1","0","0","N","1","0","0","2","67301","0","","1.0","","2","N","N","N","0","","0","0","0","3","2","","720","2","1","0","0","0","1","0","2","0","1","1","0","0","10","","","N","","","","","","","","","",""
"2020086800","1715","0","0","0","0","0","0","0","0","0","4","0","","67","10","2020","6","40.046782","-75.094008","1706","6","0","0","0","0","0","0","0","0","","0","0","0","17","1","3","","1","1","40 02:48.415","3","0","75 05:38.428","3","0","0","0","67301","0","0","0","N","0","0","0","3","67301","0","","1.0","100.0","9","N","N","N","0","","3","0","1","3","3","N","1705","2","3","0","0","0","0","0","2","1","2","0","0","0","7","04","","N","","","","","","","","","",""
"2020113360","0110","2","0","0","0","0","0","0","0","0","5","0","","67","12","2020","3","39.955133","-75.214753","0100","6","0","0","0","1","0","0","0","0","","0","0","0","0","3","0","N","0","0","39 57:18.480","","0","75 12:53.110","0","0","0","0","67301","0","0","0","N","0","0","0","1","67301","0","","1.0","","1","N","N","Y","0","","0","0","1","0","0","","47","3","0","1","0","0","0","0","2","0","3","0","0","0","3","03","","N","","","","","","","","","",""
"2020105413","1930","1","0","0","0","0","0","0","0","0","1","0","","67","12","2020","4","39.95209","-75.161138","1922","6","0","0","0","0","0","0","0","0","","0","0","0","19","3","0","Y","0","0","39 57:07.524","","0","75 09:40.098","0","0","0","0","67301","0","0","0","N","0","0","0","2","67301","0","","1.0","","1","N","N","N","0","","0","0","0","3","2","","1915","2","0","0","0","0","0","0","2","1","2","0","0","0","3","","","N","","","","","","","","","",""
"2020102130","0315","2","0","0","0","0","0","0","0","0","5","0","","67","11","2020","7","39.952863","-75.248806","0311","6","0","0","0","0","0","0","0","0","","0","0","0","2","3","0","N","0","0","39 57:10.307","","0","75 14:55.701","9","0","0","0","67301","0","0","0","N","0","0","0","2","67301","0","","1.0","","1","N","N","N","0","","0","0","0","0","0","","232","2","0","0","0","0","0","1","2","0","2","0","0","0","3","03","","N","","","","","","","","","",""
"2020105018","0845","1","0","0","0","0","0","0","0","0","4","0","","67","12","2020","7","39.957049","-75.245868","0837","6","0","0","0","0","0","0","1","0","","0","0","0","7","5","2","","1","0","39 57:25.376","","0","75 14:45.124","4","0","0","0","67301","0","0","0","N","0","0","0","2","67301","2","","1.0","","9","N","N","N","0","","0","0","2","3","2","","752","3","2","0","0","0","0","0","2","0","3","0","0","0","7","04","","N","","","","","","","","","",""
"2020112974","0428","3","0","0","0","0","0","0","0","0","6","0","","67","12","2020","1","39.990267","-75.126494","0426","6","0","0","0","0","0","0","0","0","","0","0","0","4","3","1","N","0","2","39 59:24.962","7","0","75 07:35.378","2","0","0","0","67301","0","0","0","N","0","0","0","1","67301","0","","6.0","400.0","9","N","N","N","0","","0","1","2","0","0","Y","420","6","1","0","0","0","0","0","2","1","6","0","0","0","98","03","","N","","","","","","","","","",""
"2020088212","1800","1","0","0","0","0","0","0","0","0","5","0","","67","10","2020","2","40.024972","-75.114797","1745","6","0","0","0","0","0","0","0","0","","0","0","0","17","3","0","N","0","1","40 01:29.900","7","0","75 06:53.270","9","0","0","0","67301","0","0","0","N","0","0","0","1","67301","0","","6.0","1915.0","9","N","N","N","0","","0","0","2","0","0","Y","1745","3","0","0","0","0","0","1","2","0","3","0","0","0","7","","","N","","","","","","","","","",""
"2020107813","1920","1","0","0","0","0","0","0","0","0","7","0","","67","12","2020","1","39.958108","-75.141986","1915","6","0","0","0","1","0","0","0","0","","0","0","0","19","3","0","N","0","0","39 57:29.190","","0","75 08:31.150","0","0","0","0","67301","0","0","0","N","0","0","0","1","67301","0","","9.0","","1","N","N","N","0","","0","0","0","9","9","","1900","1","0","0","0","0","0","0","2","0","1","0","0","0","3","","","N","","","","","","","","","",""
"2020087329","2143","0","0","0","0","0","0","0","0","0","7","0","","67","10","2020","1","39.922647","-75.191059","2140","6","0","0","0","0","0","1","0","0","","0","0","0","21","3","1","N","0","0","39 55:21.530","","0","75 11:27.813","4","0","0","1","67301","0","0","0","N","0","0","0","1","67301","1","","3.0","","9","N","N","N","0","","0","0","0","0","0","","2140","1","1","0","0","0","0","0","2","0","1","0","0","0","7","07","","N","","","","","","","","","",""
"2020065754","0017","2","0","0","0","0","0","0","0","0","1","0","","67","8","2020","6","40.105578","-74.993851","0001","6","0","0","0","0","0","0","0","0","","0","0","0","23","3","1","N","0","1","40 06:20.079","4","0","74 59:37.862","8","0","0","0","67301","0","0","0","N","0","0","0","3","67301","0","","1.0","215.0","1","N","N","N","0","","0","0","1","0","0","N","2347","3","1","0","0","0","1","0","2","0","3","0","0","0","3","03","","N","","","","","","","","","",""
"2020067016","1730","2","0","0","0","0","0","0","0","0","1","0","","67","8","2020","4","40.062435","-75.155264","1719","6","0","0","0","0","0","0","0","0","","0","0","0","15","1","1","","1","0","40 03:44.765","","0","75 09:18.950","3","0","0","0","67301","0","0","0","N","0","0","0","3","67301","0","","1.0","","1","N","N","N","0","","1","0","0","3","2","","1509","2","1","3","0","0","0","1","2","0","2","0","0","0","3","","","N","","","","","","","","","",""
"2020113447","1908","4","0","0","0","0","0","0","0","0","4","0","","67","12","2020","2","39.922487","-75.155054","1908","6","1","0","0","0","0","0","0","0","","0","0","0","19","3","2","","1","0","39 55:20.952","","0","75 09:18.195","3","0","0","0","67301","0","0","0","N","0","0","0","4","67301","0","","1.0","","1","N","N","Y","0","","2","0","0","3","2","","1905","4","2","1","0","0","0","1","2","0","4","0","0","0","4","03","","N","","","","","","","","","",""
"2020111184","1400","1","0","0","0","0","0","0","0","0","4","0","","67","12","2020","7","39.957014","-75.148992","1355","6","0","0","0","0","0","0","0","0","","0","0","0","13","1","3","N","0","0","39 57:25.250","","0","75 08:56.370","8","0","0","0","67301","0","0","0","N","0","0","0","4","67301","0","","1.0","","1","N","N","Y","0","","0","0","1","0","0","","1350","2","3","0","0","0","3","1","2","0","2","0","0","0","4","04","","N","","","","","","","","","",""
"2020109382","1723","2","0","0","0","0","0","0","0","0","1","0","45","67","12","2020","6","39.996277","-75.082573","1703","6","0","0","0","0","1","0","0","0","","0","0","0","16","3","2","N","0","1","39 59:46.596","1","0","75 04:57.261","3","0","0","0","67301","0","0","0","N","0","0","0","3","68K01","0","","1.0","20.0","1","N","N","N","0","","2","0","0","0","0","N","1659","2","2","2","0","0","0","0","2","0","2","0","0","0","3","","N","Y","2","1","","","N","","","","Y","N"
"2020105645","2040","2","0","0","0","0","0","0","0","0","5","0","","67","12","2020","2","39.983528","-75.15925","2040","6","0","0","0","0","0","0","0","0","","0","0","0","20","3","1","Y","0","0","39 59:00.700","","0","75 09:33.300","3","0","0","0","67301","0","0","0","N","0","0","0","1","67505","0","","1.0","","1","N","N","N","0","","1","0","2","0","0","","2030","4","1","1","0","0","0","0","2","0","4","0","0","0","3","","","N","","","","","","","","","",""
"2020106819","0016","0","0","0","0","0","0","0","0","0","2","0","","67","12","2020","5","40.058916","-75.165785","0015","6","0","0","0","0","0","0","0","0","","0","0","0","21","3","3","N","0","0","40 03:32.097","","0","75 09:56.826","3","0","0","0","67301","0","0","0","N","0","0","0","4","67301","0","","1.0","","1","N","N","N","1","","3","0","1","0","0","","2145","2","3","0","0","0","0","0","2","0","2","0","0","0","3","","","N","","","","","","","","","",""
"2020105886","0750","1","0","0","0","0","0","0","0","0","7","0","","67","12","2020","3","40.023575","-75.16018","0744","6","0","0","0","0","0","1","0","0","","0","0","0","7","1","0","N","0","0","40 01:24.870","","0","75 09:36.647","0","0","0","0","67301","0","0","0","N","0","0","0","1","67301","0","","5.0","","1","N","N","N","0","","0","0","0","0","0","","744","1","0","0","0","0","0","0","2","0","1","0","0","0","3","03","","N","","","","","","","","","",""
"2020084407","1650","1","0","0","0","0","0","0","0","0","1","0","","67","10","2020","6","40.0262","-75.16915","1649","6","0","0","0","0","0","1","1","0","","0","0","0","16","1","4","","1","0","40 01:34.321","","0","75 10:08.941","2","0","0","0","67301","0","0","0","N","0","0","0","5","67301","0","","1.0","","1","N","N","N","2","","3","1","0","3","2","","1647","3","4","2","0","1","0","0","2","0","3","0","0","0","3","03","","N","","","","","","","","","",""
"2020109724","2056","3","0","0","0","0","0","0","0","0","1","0","","67","12","2020","3","39.996004","-75.082772","2056","6","0","0","0","0","0","0","0","0","","0","0","0","20","3","1","N","0","2","39 59:45.616","1","0","75 04:57.980","3","0","0","0","67301","0","0","0","N","0","0","0","4","68K01","0","","1.0","5.0","1","N","N","N","1","","1","0","0","0","0","N","2056","4","1","0","0","0","0","0","2","0","4","0","0","0","3","03","","N","","","","","","","","","",""
"2020105116","1350","1","0","0","0","0","0","0","0","0","4","0","","67","12","2020","7","39.972436","-75.138918","1342","6","0","0","0","0","0","0","0","0","","0","0","0","13","1","0","","1","0","39 58:20.769","","0","75 08:20.104","0","0","0","0","67301","0","0","0","N","0","0","0","3","67301","0","","1.0","","1","N","N","N","0","","0","0","1","3","2","","1314","2","0","0","0","0","0","0","2","0","2","0","0","0","3","03","","N","","","","","","","","","",""
"2020111648","0236","0","0","0","0","0","0","0","0","0","1","1","","67","12","2020","4","39.962336","-75.161346","0234","6","0","0","0","0","0","0","0","0","","0","1","0","2","3","1","","1","0","39 57:44.409","","0","75 09:40.847","4","0","0","0","67301","0","0","0","N","0","0","0","2","67301","1","","1.0","","1","N","N","N","1","","0","0","0","3","2","","226","2","1","0","0","0","0","0","2","0","2","0","0","0","3","","","N","","","","","","","","","",""
"2020112985","1215","3","0","0","0","0","0","0","0","0","1","0","","67","12","2020","2","39.992033","-75.140185","1157","6","0","0","0","0","0","0","0","0","","0","0","0","0","3","0","","1","0","39 59:31.320","","0","75 08:24.665","0","0","0","0","67301","0","0","0","N","0","0","0","3","67301","0","","1.0","","1","N","N","N","0","","0","0","0","3","2","","39","3","0","0","0","0","0","0","2","0","3","0","0","0","3","03","","N","","","","","","","","","",""
"2020112099","2230","1","0","0","0","0","0","0","0","0","4","0","","67","12","2020","5","40.026024","-75.134798","2225","6","0","0","0","0","0","0","0","0","","0","0","0","22","3","0","","1","0","40 01:33.686","","0","75 08:05.272","0","0","0","0","67301","0","0","0","N","0","0","0","2","67301","0","","1.0","","9","N","N","N","1","","0","0","0","3","3","","2215","2","0","0","0","0","0","0","2","0","2","0","0","0","7","07","","N","","","","","","","","","",""
"2020105115","2233","1","0","0","0","0","0","0","0","0","6","0","","67","12","2020","7","39.963069","-75.246733","2233","6","0","0","0","0","0","0","0","0","","0","0","0","21","3","1","N","0","2","39 57:47.050","5","0","75 14:48.237","3","0","0","0","67301","0","0","0","N","0","0","0","2","67301","0","","1.0","109.0","1","N","N","N","0","","1","0","2","0","0","Y","2145","3","1","0","0","0","0","1","2","0","3","0","0","0","3","03","","N","","","","","","","","","",""
"2020108361","1330","1","0","0","0","0","0","0","0","0","7","0","","67","11","2020","2","39.892487","-75.224665","1316","6","0","0","0","0","0","1","0","0","","0","0","0","13","1","1","N","0","0","39 53:32.954","","0","75 13:28.794","8","0","0","0","67301","0","0","0","N","0","0","0","1","68K01","0","","4.0","","9","N","N","N","0","","0","0","0","0","0","","1316","1","1","0","0","0","1","0","2","0","1","0","0","0","7","04","","N","","","","","","","","","",""
"2020090644","1846","2","0","0","0","0","0","0","0","0","2","0","","67","10","2020","2","40.019733","-75.148959","1842","6","0","0","0","0","0","0","0","0","","0","0","0","18","3","1","N","0","0","40 01:11.040","","3","75 08:56.251","3","0","0","0","67301","0","0","0","N","0","0","0","5","67301","0","","1.0","","9","N","N","N","0","","1","0","0","0","0","","1841","2","1","0","0","0","0","0","2","0","2","0","0","0","7","","","N","","","","","","","","","",""
"2020110494","1510","0","0","0","0","0","0","0","0","0","7","0","","67","12","2020","3","40.00713","-75.094069","1500","6","0","0","0","0","0","0","0","0","","0","0","0","15","1","0","","1","0","40 00:25.667","","0","75 05:38.650","9","0","0","0","67301","0","0","0","N","0","0","0","1","67508","0","","1.0","","1","N","N","Y","0","","0","0","1","9","9","N","1500","1","0","0","0","0","0","1","2","0","1","0","0","0","3","03","","N","","","","","","","","","",""
"2020113344","1935","1","0","0","0","0","0","0","0","0","5","0","","67","12","2020","3","40.006303","-75.151773","1933","6","0","0","1","0","0","0","0","0","","0","0","0","19","3","0","N","0","2","40 00:22.690","1","0","75 09:06.381","0","0","0","0","67301","0","0","0","Y","0","0","0","3","67505","0","","1.0","2000.0","1","N","N","N","0","","0","0","0","0","0","N","1930","2","0","0","0","0","0","0","2","1","2","0","0","0","3","03","","N","","","","","","","","","",""
"2020102055","2110","2","0","0","0","0","0","0","0","0","5","0","","67","11","2020","6","39.953391","-75.196696","2103","6","0","0","0","0","0","1","0","0","","0","0","0","21","3","1","","2","0","39 57:12.207","","0","75 11:48.105","2","0","0","0","67301","0","0","0","N","0","0","0","3","67504","0","","1.0","","1","N","N","N","0","","0","1","0","3","2","N","2100","2","1","1","0","1","0","2","2","0","2","0","0","0","3","03","","N","","","","","","","","","",""
"2020085044","0009","0","0","0","0","0","0","0","0","0","1","0","","67","10","2020","1","40.014277","-75.104535","0009","6","0","0","0","0","0","0","0","0","","0","0","0","0","3","0","N","0","0","40 00:51.397","","0","75 06:16.325","0","0","0","0","67301","0","0","0","N","0","0","0","4","67301","0","","1.0","","1","N","N","N","0","","0","0","1","0","0","","9","2","0","1","0","0","0","0","2","1","2","0","0","0","3","03","","N","","","","","","","","","",""
"2020104959","2030","4","0","0","0","0","0","0","0","0","6","0","","67","12","2020","6","39.973161","-75.224386","2027","6","0","0","0","0","0","0","0","0","","0","0","0","19","3","0","Y","0","0","39 58:23.380","","0","75 13:27.790","9","0","0","0","67301","0","0","0","N","0","0","0","2","67301","0","","1.0","","9","N","N","N","0","","0","0","0","0","0","","1905","4","0","0","0","0","0","1","2","0","4","0","0","0","7","07","","N","","","","","","","","","",""
"2020099670","1104","2","0","0","0","0","0","0","0","0","4","0","","67","11","2020","4","40.054361","-75.155184","1100","6","0","0","0","0","0","1","0","0","","0","0","0","10","1","0","","1","0","40 03:15.699","","0","75 09:18.662","0","0","0","0","67301","0","0","0","N","0","0","0","2","67301","0","","1.0","","1","N","N","N","0","","0","0","0","0","0","","1045","2","0","0","0","0","0","0","2","0","2","0","0","0","3","","","N","","","","","","","","","",""
"2020104691","0658","0","0","0","0","0","0","0","0","0","5","0","","67","12","2020","5","39.9352","-75.175708","0700","6","0","0","0","0","0","0","0","0","","0","0","0","6","1","0","N","0","0","39 56:06.720","","0","75 10:32.550","0","0","0","0","67301","0","0","0","N","0","0","0","1","67301","0","","6.0","","1","N","N","N","0","","0","0","1","0","0","","655","2","0","0","0","0","0","0","2","1","2","0","0","0","3","03","","N","","","","","","","","","",""
"2020104837","0608","0","0","0","0","0","0","0","0","0","7","0","","67","11","2020","7","40.045928","-75.001816","0558","6","0","0","0","0","0","0","0","0","","0","0","0","5","3","0","N","7","1","40 02:45.339","2","2","75 00:06.539","0","0","0","0","67301","0","0","0","Y","0","0","0","1","68K01","0","","2.0","100.0","1","N","N","N","0","","0","0","1","0","0","N","546","1","0","0","0","0","0","0","2","0","1","0","0","0","3","","","N","","","","","","","","","",""
"2020104309","1055","1","0","0","0","0","0","0","0","0","5","0","","67","11","2020","1","39.962181","-75.236675","1046","6","0","0","0","0","0","0","0","0","","0","0","0","23","6","0","N","0","0","39 57:43.850","","0","75 14:12.030","9","0","0","0","67301","0","0","0","N","0","0","0","1","67301","0","","6.0","","99","N","N","N","0","","0","0","0","0","0","","2300","2","0","0","0","0","0","1","2","0","2","0","0","0","99","","","N","","","","","","","","","",""
"2020112154","0305","1","0","0","0","0","0","0","0","0","1","0","","67","12","2020","7","39.992042","-75.168339","0300","6","0","0","0","0","0","0","0","0","","0","0","0","2","3","0","N","0","2","39 59:31.350","2","0","75 10:06.020","0","0","0","0","67301","0","0","0","N","0","0","0","2","67301","0","","1.0","400.0","8","N","N","N","0","","0","0","0","0","0","Y","220","2","0","0","0","0","0","0","2","1","2","0","0","0","3","","","N","","","","","","","","","",""