"CRN","ARRIVAL_TM","AUTOMOBILE_COUNT","BELTED_DEATH_COUNT","BELTED_SUSP_SERIOUS_INJ_COUNT","BICYCLE_COUNT","BICYCLE_DEATH_COUNT","BICYCLE_SUSP_SERIOUS_INJ_COUNT","BUS_COUNT","CHLDPAS_DEATH_COUNT","CHLDPAS_SUSP_SERIOUS_INJ_COUNT","COLLISION_TYPE","COMM_VEH_COUNT","CONS_ZONE_SPD_LIM","COUNTY","CRASH_MONTH","CRASH_YEAR","DAY_OF_WEEK","DEC_LATITUDE","DEC_LONGITUDE","DISPATCH_TM","DISTRICT","DRIVER_COUNT_16YR","DRIVER_COUNT_17YR","DRIVER_COUNT_18YR","DRIVER_COUNT_19YR","DRIVER_COUNT_20YR","DRIVER_COUNT_50_64YR","DRIVER_COUNT_65_74YR","DRIVER_COUNT_75PLUS","EST_HRS_CLOSED","FATAL_COUNT","HEAVY_TRUCK_COUNT","HORSE_BUGGY_COUNT","HOUR_OF_DAY","ILLUMINATION","INJURY_COUNT","INTERSECTION_RELATED","INTERSECT_TYPE","LANE_CLOSED","LATITUDE","LN_CLOSE_DIR","LOCATION_TYPE","LONGITUDE","MAX_SEVERITY_LEVEL","MCYCLE_DEATH_COUNT","MCYCLE_SUSP_SERIOUS_INJ_COUNT","MOTORCYCLE_COUNT","MUNICIPALITY","NONMOTR_COUNT","NONMOTR_DEATH_COUNT","NONMOTR_SUSP_SERIOUS_INJ_COUNT","NTFY_HIWY_MAINT","PED_COUNT","PED_DEATH_COUNT","PED_SUSP_SERIOUS_INJ_COUNT","PERSON_COUNT","POLICE_AGCY","POSSIBLE_INJ_COUNT","RDWY_SURF_TYPE_CD","RELATION_TO_ROAD","ROADWAY_CLEARED","ROAD_CONDITION","SCH_BUS_IND","SCH_ZONE_IND","SECONDARY_CRASH","SMALL_TRUCK_COUNT","SPEC_JURIS_CD","SUSP_MINOR_INJ_COUNT","SUSP_SERIOUS_INJ_COUNT","SUV_COUNT","TCD_FUNC_CD","TCD_TYPE","TFC_DETOUR_IND","TIME_OF_DAY","TOTAL_UNITS","TOT_INJ_COUNT","UNBELTED_OCC_COUNT","UNB_DEATH_COUNT","UNB_SUSP_SERIOUS_INJ_COUNT","UNK_INJ_DEG_COUNT","UNK_INJ_PER_COUNT","URBAN_RURAL","VAN_COUNT","VEHICLE_COUNT","VULNERABLE_ROAD_USER_COUNT","VULNERABLE_ROAD_USER_DEATH_COUNT","VULNERABLE_ROAD_USER_SER_INJ_COUNT","WEATHER1","WEATHER2","WORKERS_PRES","WORK_ZONE_IND","WORK_ZONE_LOC","WORK_ZONE_TYPE","WZ_CLOSE_DETOUR","WZ_FLAGGER","WZ_LAW_OFFCR_IND","WZ_LN_CLOSURE","WZ_MOVING","WZ_OTHER","WZ_SHLDER_MDN","WZ_WORKERS_INJ_KILLED"
"2020108705","1100","2","0","0","0","0","0","0","0","0","4","0","","67","12","2020","3","39.955456","-75.227861","1058","6","0","0","0","0","0","0","0","0","","0","0","0","10","1","1","","1","0","39 57:19.641","","0","75 13:40.299","4","0","0","0","67301","0","0","0","N","0","0","0","2","67301","1","","1.0","","1","N","N","N","0","","0","0","1","3","3","","1057","3","1","0","0","0","0","0","2","0","3","0","0","0","3","","","N","","","","","","","","","",""
"2020099878","0100","1","0","0","0","0","0","0","0","0","5","0","","67","11","2020","6","40.015319","-75.137275","0100","6","0","0","0","0","0","0","0","0","","0","0","0","1","3","0","N","0","0","40 00:55.150","","0","75 08:14.190","9","0","0","0","67301","0","0","0","N","0","0","0","1","67301","0","","6.0","","1","N","N","N","0","","0","0","4","0","0","","100","7","0","0","0","0","0","1","2","2","7","0","0","0","3","03","","N","","","","","","","","","",""
"2020103011","1730","0","0","0","0","0","0","0","0","0","4","0","","67","11","2020","7","40.028549","-75.057919","1727","6","0","0","1","0","0","1","0","0","","0","0","0","17","4","1","","1","0","40 01:42.775","","0","75 03:28.507","3","0","0","1","67301","0","0","0","N","0","0","0","2","67301","0","","1.0","","1","N","N","N","0","","1","0","1","3","2","","1723","2","1","0","0","0","0","0","2","0","2","0","0","0","3","","","N","","","","","","","","","",""
"2020090784","1650","1","0","0","0","0","0","0","0","0","7","0","","67","10","2020","6","39.950235","-75.141211","1640","6","0","0","0","0","0","1","0","0","","0","0","0","16","1","0","N","0","0","39 57:00.845","","0","75 08:28.358","0","0","0","0","67301","0","0","0","N","0","0","0","3","68K01","0","","4.0","","9","N","N","N","0","","0","0","2","0","0","","1636","3","0","0","0","0","0","0","2","0","3","0","0","0","7","","","N","","","","","","","","","",""
"2020113933","1159","1","0","0","0","0","0","0","0","0","7","0","","67","12","2020","4","40.016251","-75.131962","1157","6","0","0","0","0","0","0","1","0","","0","0","0","11","1","1","","1","0","40 00:58.503","","0","75 07:55.063","4","0","0","0","67301","0","0","0","N","0","0","0","1","67301","1","","4.0","","1","N","N","N","0","","0","0","0","3","3","","1157","1","1","0","0","0","0","0","2","0","1","0","0","0","3","03","","N","","","","","","","","","",""
"2020104792","1345","1","0","0","0","0","0","0","0","0","4","0","","67","12","2020","6","39.928557","-75.237869","1340","6","0","0","0","1","0","0","0","0","","0","0","0","13","1","1","","1","0","39 55:42.805","","0","75 14:16.330","3","0","0","0","67301","0","0","0","N","0","0","0","4","67301","0","","1.0","","9","N","N","N","0","","1","0","1","3","3","","1336","2","1","0","0","0","0","0","2","0","2","0","0","0","7","07","","N","","","","","","","","","",""
"2020083137","1942","2","0","0","0","0","0","0","0","0","5","0","","67","10","2020","2","39.95914","-75.230484","1942","6","0","0","0","0","0","0","0","0","","0","0","0","19","3","0","N","0","2","39 57:32.905","3","0","75 13:49.744","0","0","0","0","67301","0","0","0","N","0","0","0","2","67301","0","","1.0","2100.0","1","N","N","N","0","","0","0","3","0","0","Y","1942","6","0","0","0","0","0","0","2","1","6","0","0","0","3","03","","N","","","","","","","","","",""
"2020084405","0756","0","0","0","0","0","0","0","0","0","4","0","","67","10","2020","1","40.029422","-75.124695","0756","6","0","0","0","0","1","1","0","0","","0","0","0","7","5","1","","1","0","40 01:45.919","","0","75 07:28.901","3","0","0","0","67301","0","0","0","N","0","0","0","2","67301","0","","1.0","","1","N","N","N","0","","1","0","2","3","2","","730","2","1","0","0","0","0","0","2","0","2","0","0","0","3","03","","N","","","","","","","","","",""
"2020112467","0723","1","0","0","0","0","0","0","0","0","4","0","","67","12","2020","1","39.986621","-75.2455","0720","6","0","0","0","0","0","0","1","0","","0","0","0","7","5","1","","1","0","39 59:11.835","","0","75 14:43.799","3","0","0","0","67301","0","0","0","N","0","0","0","2","67301","0","","1.0","","1","N","N","N","1","","1","0","0","3","2","","719","2","1","1","0","0","0","0","2","0","2","0","0","0","3","","","N","","","","","","","","","",""
"2020112980","1257","1","0","0","0","0","0","0","0","0","8","0","","67","12","2020","5","39.991278","-75.111306","1235","6","0","0","0","0","0","0","0","0","","0","0","0","11","1","1","N","0","0","39 59:28.600","","0","75 06:40.700","3","0","0","0","67301","1","0","0","N","1","0","0","2","67301","0","","1.0","","1","N","N","N","0","","1","0","1","0","0","","1102","3","1","0","0","0","0","0","2","0","2","1","0","0","3","03","","N","","","","","","","","","",""
"2020106888","0254","3","0","0","0","0","0","0","0","0","5","0","","67","12","2020","6","39.980278","-75.18125","0253","6","0","0","0","0","0","0","0","0","","0","0","0","2","3","0","N","0","0","39 58:49.000","","0","75 10:52.500","0","0","0","0","67301","0","0","0","N","0","0","0","1","67301","0","","6.0","","1","N","N","N","0","","0","0","0","0","0","","248","3","0","1","0","0","0","0","2","0","3","0","0","0","3","","","N","","","","","","","","","",""
"2020088078","1639","1","0","0","0","0","0","0","0","0","4","0","","67","10","2020","6","39.961968","-75.200119","1639","6","0","0","0","0","0","1","0","0","","0","0","0","16","1","0","","5","0","39 57:43.083","","0","75 12:00.429","9","0","0","0","67301","0","0","0","N","0","0","0","3","67301","0","","1.0","","1","N","N","N","0","","0","0","2","3","2","","1636","3","0","0","0","0","0","1","2","0","3","0","0","0","3","03","","N","","","","","","","","","",""
"2020109443","1824","1","0","0","0","0","0","0","0","0","4","0","","67","12","2020","4","39.922125","-75.227372","1819","6","0","0","0","0","0","0","0","0","","0","0","0","16","1","0","N","0","0","39 55:19.650","","0","75 13:38.540","9","0","0","0","67301","0","0","0","N","0","0","0","1","67301","0","","1.0","","7","N","N","N","0","","0","0","2","0","0","","1600","3","0","0","0","0","0","1","2","0","3","0","0","0","10","10","","N","","","","","","","","","",""
"2020084398","0048","3","0","0","0","0","0","0","0","0","6","0","","67","10","2020","5","39.975853","-75.208253","0039","6","0","0","0","0","0","0","0","0","","0","0","0","0","3","0","N","0","1","39 58:33.069","4","0","75 12:29.712","0","0","0","0","67301","0","0","0","N","0","0","0","1","67301","0","","6.0","148.0","1","N","N","N","0","","0","0","0","0","0","N","30","3","0","0","0","0","0","0","2","0","3","0","0","0","3","03","","N","","","","","","","","","",""
"2020112097","1135","2","0","0","0","0","0","0","0","0","4","0","","67","12","2020","3","40.021538","-75.139814","1126","6","0","0","0","0","0","0","1","0","","0","0","0","11","8","1","","1","0","40 01:17.537","","0","75 08:23.331","3","0","0","0","67301","0","0","0","N","0","0","0","2","67301","0","","1.0","","1","N","N","N","0","","1","0","0","3","2","","1112","2","1","0","0","0","0","0","2","0","2","0","0","0","3","03","","N","","","","","","","","","",""
"2020111644","1834","0","0","0","0","0","0","0","0","0","8","0","","67","12","2020","4","40.033171","-75.083391","1834","6","0","0","0","0","0","0","0","0","","0","0","0","18","3","1","","1","0","40 01:59.417","","0","75 05:00.206","3","0","0","0","67301","1","0","0","N","1","0","0","2","67301","0","","1.0","","1","N","N","N","0","","1","0","1","0","0","","1810","2","1","1","0","0","0","0","2","0","1","1","0","0","3","03","","N","","","","","","","","","",""
"2020102586","0758","1","0","0","0","0","0","0","0","0","4","0","","67","11","2020","7","40.040424","-75.065534","0755","6","0","0","0","0","0","1","0","0","","0","0","0","7","1","1","","5","0","40 02:25.526","","0","75 03:55.923","3","0","0","0","67301","0","0","0","N","0","0","0","2","67301","0","","1.0","","1","N","N","N","0","","1","0","0","3","2","","755","2","1","0","0","0","0","0","2","1","2","0","0","0","3","03","","N","","","","","","","","","",""
"2020106632","1350","1","0","0","0","0","0","0","0","0","4","0","","67","12","2020","1","40.074316","-75.034824","1345","6","0","0","0","0","0","0","0","0","","0","0","0","13","1","1","","1","2","40 04:27.539","2","0","75 02:05.367","3","0","0","0","67301","0","0","0","N","0","0","0","10","67301","0","","1.0","1522.0","1","N","N","N","0","","1","0","4","3","2","Y","1345","5","1","2","0","0","0","0","2","0","5","0","0","0","3","","","N","","","","","","","","","",""
"2020113983","0245","1","0","0","0","0","0","0","0","0","7","0","","67","12","2020","1","39.932937","-75.200029","0231","6","0","0","0","0","0","0","0","0","","0","0","0","2","3","1","N","0","0","39 55:58.573","","0","75 12:00.106","3","0","0","0","67301","0","0","0","N","0","0","0","1","68K01","0","","3.0","","1","N","N","N","0","","1","0","0","0","0","","229","1","1","1","0","0","0","0","2","0","1","0","0","0","3","","","N","","","","","","","","","",""
"2020112989","0125","1","0","0","0","0","0","0","0","0","1","0","","67","12","2020","1","40.017947","-75.149347","0123","6","0","0","0","0","0","0","0","0","","0","0","0","0","3","1","","1","0","40 01:04.608","","0","75 08:57.650","3","0","0","0","67301","0","0","0","N","0","0","0","2","67301","0","","1.0","","1","N","N","N","1","","1","0","0","3","2","","39","2","1","0","0","0","0","0","2","0","2","0","0","0","3","03","","N","","","","","","","","","",""
"2020084052","1835","1","0","0","1","0","0","0","0","0","8","0","","67","10","2020","6","39.951028","-75.197083","1832","6","0","0","0","0","0","0","0","0","","0","0","0","18","4","1","N","0","0","39 57:03.700","","6","75 11:49.500","3","0","0","0","67301","1","0","0","N","0","0","0","2","67504","0","","1.0","","1","N","N","N","0","","1","0","0","3","2","","1830","2","1","0","0","0","0","0","2","0","1","1","0","0","3","03","","N","","","","","","","","","",""
"2020112393","2145","2","0","0","0","0","0","0","0","0","4","0","","67","12","2020","5","40.094226","-75.030825","2140","6","0","0","1","0","0","0","0","0","","0","0","0","21","3","2","","2","0","40 05:39.215","","0","75 01:50.969","4","0","0","0","67301","0","0","0","N","0","0","0","4","67301","2","","1.0","","9","N","N","Y","0","","0","0","1","3","1","","2136","3","2","3","0","0","0","0","2","0","3","0","0","0","7","07","","N","","","","","","","","","",""
"2020107160","1750","0","0","0","0","0","0","0","0","0","8","0","","67","12","2020","6","40.009244","-75.151133","1740","6","0","0","0","0","0","0","0","0","","0","0","0","17","3","1","","1","0","40 00:33.277","","0","75 09:04.079","3","0","0","0","67301","1","0","0","N","1","0","0","2","67301","0","","1.0","","1","N","N","N","0","","1","0","1","3","2","","1731","2","1","0","0","0","0","1","2","0","1","1","0","0","3","03","","N","","","","","","","","","",""
"2020112542","0926","0","0","0","0","0","0","0","0","0","8","0","","67","12","2020","7","39.956782","-75.155572","0926","6","0","0","0","0","0","1","0","0","","0","0","0","11","1","1","","1","0","39 57:24.416","","3","75 09:20.059","8","0","0","0","67301","1","0","0","N","1","0","0","2","67301","0","","1.0","","1","N","N","N","1","","0","0","0","3","2","","1100","2","1","0","0","0","1","0","2","0","1","1","0","0","3","03","","N","","","","","","","","","",""
"2020086181","0115","1","0","0","0","0","0","0","0","0","4","0","","67","10","2020","4","39.945858","-75.240283","0115","6","0","0","0","0","0","0","0","0","","0","0","0","1","3","0","","5","0","39 56:45.089","","0","75 14:25.018","0","0","0","0","67301","0","0","0","N","0","0","0","2","67301","0","","1.0","","1","N","N","N","0","","0","0","0","3","2","","110","2","0","2","0","0","0","0","2","1","2","0","0","0","3","03","","N","","","","","","","","","",""
"2020112971","1200","2","0","0","0","0","0","0","0","0","4","0","","67","12","2020","2","39.928406","-75.171599","1154","6","0","0","0","0","0","1","0","0","","0","0","0","11","1","0","","1","0","39 55:42.263","","0","75 10:17.758","9","0","0","0","67301","0","0","0","N","0","0","0","2","67301","0","","1.0","","1","N","N","N","0","","0","0","0","3","3","","1146","2","0","1","0","0","0","1","2","0","2","0","0","0","3","03","","N","","","","","","","","","",""
"2020101354","1312","0","0","0","0","0","0","0","0","0","4","0","","67","11","2020","5","40.056232","-75.235963","1308","6","0","0","0","0","0","1","0","0","","0","0","0","13","1","1","","2","0","40 03:22.436","","0","75 14:09.468","8","0","0","0","67301","0","0","0","N","0","0","0","1","67301","0","","1.0","","1","N","N","N","0","","0","0","2","0","0","","1308","2","1","0","0","0","1","0","2","0","2","0","0","0","3","03","","N","","","","","","","","","",""
"2020109080","1334","0","0","0","0","0","0","0","0","0","8","0","","67","12","2020","2","40.007397","-75.078191","1331","6","0","0","0","0","0","1","0","0","","0","0","0","13","1","2","","1","0","40 00:26.630","","0","75 04:41.486","4","0","0","0","67301","2","0","0","N","2","0","0","3","67301","2","","1.0","","9","N","N","N","0","","0","0","1","3","2","","1329","3","2","0","0","0","0","0","2","0","1","2","0","0","7","","","N","","","","","","","","","",""
"2020085363","1920","1","0","0","0","0","0","0","0","0","6","0","","67","10","2020","2","40.040831","-75.019819","1920","6","0","0","1","0","0","0","0","0","","0","0","0","19","3","0","N","0","0","40 02:26.990","","0","75 01:11.350","0","0","0","0","67301","0","0","0","N","0","0","0","1","67301","0","","6.0","","9","N","N","N","0","","0","0","2","0","0","","1915","3","0","1","0","0","0","0","2","0","3","0","0","0","7","07","","N","","","","","","","","","",""
"2020105016","0220","1","0","0","0","0","0","0","0","0","2","0","","67","12","2020","1","40.030894","-75.093028","0217","6","0","0","0","0","0","0","0","0","","0","0","0","2","3","0","","2","0","40 01:51.218","","0","75 05:34.900","0","0","0","0","67301","0","0","0","N","0","0","0","1","67301","0","","1.0","","1","N","N","N","0","","0","0","0","3","2","","217","2","0","1","0","0","0","0","2","1","2","0","0","0","3","03","","N","","","","","","","","","",""
"2020106627","0036","3","0","0","0","0","0","0","0","0","5","0","","67","12","2020","5","40.032433","-75.108911","0025","6","0","0","0","0","0","0","0","0","","0","0","0","0","3","0","N","0","0","40 01:56.760","","0","75 06:32.080","0","0","0","0","67301","0","0","0","N","0","0","0","1","67301","0","","6.0","","1","N","N","N","0","","0","0","0","0","0","","23","3","0","0","0","0","0","0","2","0","3","0","0","0","3","03","","N","","","","","","","","","",""
"2020089003","0135","3","0","0","0","0","0","0","0","0","4","0","","67","10","2020","6","39.958087","-75.203489","0132","6","0","0","0","0","0","0","0","0","","0","0","0","1","3","0","","1","0","39 57:29.113","","0","75 12:12.560","0","0","0","0","67301","0","0","0","N","0","0","0","2","67301","0","","1.0","","1","N","N","N","0","","0","0","1","3","3","","131","4","0","0","0","0","0","0","2","0","4","0","0","0","3","03","","N","","","","","","","","","",""
"2020089528","1305","1","0","0","0","0","0","0","0","0","7","0","","67","10","2020","4","39.898941","-75.178535","1249","6","0","0","0","0","0","0","0","0","","0","0","0","12","1","1","N","0","1","39 53:56.189","1","0","75 10:42.726","3","0","0","0","67301","0","0","0","N","0","0","0","1","68K01","0","","4.0","1329.0","1","N","N","N","0","","1","0","0","0","0","N","1248","1","1","0","0","0","0","0","2","0","1","0","0","0","3","03","","N","","","","","","","","","",""
"2020092363","0930","1","0","0","0","0","0","0","0","0","4","0","","67","10","2020","1","39.991834","-75.118616","0925","6","0","0","0","0","0","2","0","0","","0","0","0","7","1","0","","1","0","39 59:30.602","","0","75 07:07.017","0","0","0","0","67301","0","0","0","N","0","0","0","2","67301","0","","1.0","","1","N","N","N","1","","0","0","0","3","3","","745","2","0","0","0","0","0","0","2","0","2","0","0","0","3","03","","N","","","","","","","","","",""
"2020110359","1925","2","0","0","0","0","0","0","0","0","4","0","","67","12","2020","7","39.92126","-75.193856","1920","6","0","0","0","0","0","0","0","0","","0","0","0","18","3","0","N","1","0","39 55:16.537","","0","75 11:37.880","9","0","0","0","67301","0","0","0","N","0","0","0","2","67301","0","","1.0","","1","N","N","N","0","","0","0","1","3","2","","1806","3","0","0","0","0","0","2","2","0","3","0","0","0","3","03","","N","","","","","","","","","",""
"2020090746","2129","0","0","0","0","0","0","0","0","0","7","0","","67","10","2020","2","40.030497","-75.021969","2129","6","0","0","0","0","0","0","0","0","","0","0","0","21","3","1","N","0","1","40 01:49.790","2","0","75 01:19.089","4","0","0","0","67301","0","0","0","N","0","0","0","1","68K01","1","","3.0","2230.0","9","N","N","N","0","","0","0","0","0","0","N","2116","1","1","0","0","0","0","0","2","1","1","0","0","0","7","","","N","","","","","","","","","",""
"2020108263","1434","1","0","0","0","0","0","0","0","0","7","0","","67","12","2020","7","39.981559","-75.173761","1432","6","0","0","0","0","0","0","1","0","","0","0","0","14","1","0","N","0","0","39 58:53.611","","0","75 10:25.538","0","0","0","0","67301","0","0","0","N","0","0","0","1","67301","0","","4.0","","1","N","N","N","0","","0","0","0","3","2","","1430","1","0","1","0","0","0","0","2","0","1","0","0","0","3","03","","N","","","","","","","","","",""
"2020107235","1743","3","0","0","0","0","0","0","0","0","4","0","","67","12","2020","6","39.961983","-75.192964","1739","6","0","0","0","0","0","0","0","0","","0","0","0","17","3","3","N","0","0","39 57:43.140","","0","75 11:34.670","3","0","0","0","67301","0","0","0","N","0","0","0","3","67301","0","","5.0","","1","N","N","Y","0","","3","0","2","0","0","","1715","5","3","0","0","0","0","0","2","0","5","0","0","0","3","03","","N","","","","","","","","","",""
"2020111651","2020","1","0","0","0","0","0","0","0","0","5","0","","67","12","2020","3","40.017678","-75.15605","2015","6","0","0","0","0","0","0","0","0","","0","0","0","20","3","0","N","0","0","40 01:03.640","","0","75 09:21.780","0","0","0","0","67301","0","0","0","N","0","0","0","1","67301","0","","6.0","","1","N","N","N","0","","0","0","1","0","0","","2014","2","0","0","0","0","0","0","2","0","2","0","0","0","3","03","","N","","","","","","","","","",""
"2020087523","0940","1","0","0","0","0","0","0","0","0","4","0","","67","10","2020","1","39.984833","-75.237222","0940","6","0","0","0","0","0","0","0","0","","0","0","0","9","1","0","","5","0","39 59:05.400","","0","75 14:14.000","0","0","0","0","67301","0","0","0","N","0","0","0","2","67301","0","","1.0","","1","N","N","N","0","","0","0","1","3","2","","930","2","0","0","0","0","0","0","2","0","2","0","0","0","3","03","","N","","","","","","","","","",""
"2020099145","0305","1","0","0","0","0","0","0","0","0","5","0","","67","11","2020","4","40.040592","-75.081711","0259","6","0","0","0","0","0","0","0","0","","0","0","0","2","3","0","N","0","0","40 02:26.130","","0","75 04:54.160","0","0","0","0","67301","0","0","0","N","0","0","0","1","67301","0","","6.0","","1","N","N","N","0","","0","0","1","0","0","","245","2","0","0","0","0","0","0","2","0","2","0","0","0","3","03","","N","","","","","","","","","",""
"2020105317","2037","0","0","0","0","0","0","0","0","0","4","0","","67","12","2020","6","39.940369","-75.236609","2037","6","0","0","0","0","0","1","0","0","","0","0","0","20","3","0","","2","2","39 56:25.327","7","0","75 14:11.791","0","0","0","0","67301","0","0","0","N","0","0","0","3","67301","0","","1.0","2215.0","9","N","N","N","0","","0","0","2","3","2","Y","2037","2","0","0","0","0","0","0","2","0","2","0","0","0","7","07","","N","","","","","","","","","",""
"2020104395","1420","0","0","0","0","0","0","0","0","0","8","0","","67","12","2020","5","40.013303","-75.158225","1417","6","0","0","0","0","0","0","0","0","","0","0","0","14","1","1","N","0","0","40 00:47.890","","0","75 09:29.610","3","0","0","0","67301","1","0","0","N","1","0","0","2","67301","0","","1.0","","1","N","N","N","0","","1","0","1","3","3","","1415","3","1","0","0","0","0","0","2","1","2","1","0","0","3","03","","N","","","","","","","","","",""
"2020111852","0455","1","0","0","0","0","0","0","0","0","7","0","","67","12","2020","3","39.946944","-75.148056","0450","6","0","0","0","0","0","0","0","0","","0","0","0","4","3","0","N","0","0","39 56:49.000","","0","75 08:53.000","0","0","0","0","67301","0","0","0","N","0","0","0","1","67301","0","","4.0","","9","N","N","N","0","","0","0","0","0","0","","440","1","0","0","0","0","0","0","2","0","1","0","0","0","7","07","","N","","","","","","","","","",""
"2020111935","2007","1","0","0","0","0","0","0","0","0","1","0","","67","12","2020","5","39.990399","-75.18668","1959","6","0","0","0","0","0","0","0","0","","0","0","0","19","3","0","N","0","0","39 59:25.437","","0","75 11:12.048","0","0","0","0","67301","0","0","0","N","0","0","0","2","67301","0","","1.0","","9","N","N","N","0","","0","0","1","0","0","","1958","2","0","1","0","0","0","0","2","0","2","0","0","0","7","07","","N","","","","","","","","","",""
"2020102685","1145","2","0","0","0","0","0","0","0","0","5","0","","67","11","2020","1","39.961308","-75.234108","1145","6","0","0","0","0","0","0","0","0","","0","0","0","11","1","0","N","0","0","39 57:40.710","","0","75 14:02.790","9","0","0","0","67301","0","0","0","N","0","0","0","1","67301","0","","6.0","","1","N","N","N","0","","0","0","0","0","0","","1135","2","0","0","0","0","0","1","2","0","2","0","0","0","3","","","N","","","","","","","","","",""
"2020101474","2315","1","0","0","0","0","0","0","0","0","4","0","","67","11","2020","3","39.994795","-75.15932","2315","6","0","0","0","0","0","0","0","0","","0","0","0","22","3","2","","1","0","39 59:41.261","","0","75 09:33.552","8","0","0","0","67301","0","0","0","N","0","0","0","3","67301","0","","1.0","","1","N","N","N","0","","0","0","1","3","2","","2200","2","2","0","0","0","2","1","2","0","2","0","0","0","3","03","","N","","","","","","","","","",""
"2020110680","1726","1","0","0","0","0","0","0","0","0","4","0","","67","12","2020","2","39.980684","-75.122664","1722","6","0","0","0","0","0","0","0","0","","0","0","0","17","4","0","","1","0","39 58:50.462","","0","75 07:21.590","9","0","0","0","67301","0","0","0","N","0","0","0","2","67301","0","","1.0","","1","N","N","Y","0","","0","0","3","3","3","","1716","4","0","0","0","0","0","2","2","0","4","0","0","0","3","","","N","","","","","","","","","",""
"2020113929","1515","1","0","0","0","0","0","0","0","0","4","0","","67","12","2020","2","40.030129","-75.035161","1509","6","0","0","0","0","0","1","0","0","","0","0","0","13","1","1","","1","0","40 01:48.464","","0","75 02:06.579","3","0","0","0","67301","0","0","0","N","0","0","0","2","67301","0","","1.0","","1","N","N","N","0","","1","0","0","3","2","","1335","2","1","2","0","0","0","0","2","1","2","0","0","0","3","03","","N","","","","","","","","","",""
"2020085045","0245","2","0","0","0","0","0","0","0","0","4","0","","67","10","2020","3","39.995191","-75.115789","0241","6","0","0","0","0","0","0","0","0","","0","0","0","2","3","2","","5","0","39 59:42.687","","1","75 06:56.840","4","0","0","0","67301","0","0","0","N","0","0","0","2","67301","2","","1.0","","9","N","N","N","0","","0","0","0","3","2","","241","2","2","2","0","0","0","0","2","0","2","0","0","0","7","07","","N","","","","","","","","","",""
"2020112981","2345","1","0","0","0","0","0","0","0","0","4","0","","67","12","2020","6","40.005844","-75.096417","2345","6","0","0","0","0","0","0","0","0","","0","0","0","23","3","1","","1","0","40 00:21.038","","1","75 05:47.101","4","0","0","0","67301","0","0","0","N","0","0","0","2","67301","1","","1.0","","1","N","N","N","0","","0","0","1","3","2","","2345","2","1","1","0","0","0","0","2","0","2","0","0","0","3","03","","N","","","","","","","","","",""
"2020100886","1507","0","0","0","0","0","0","0","0","0","8","0","","67","11","2020","6","40.100683","-75.029022","1503","6","0","0","0","0","0","0","0","0","","0","0","0","15","1","1","N","0","9","40 06:02.460","","7","75 01:44.480","3","0","0","0","67301","1","0","0","N","0","0","0","2","67301","0","","3.0","","1","N","N","N","0","","1","0","1","3","3","","1500","2","1","0","0","0","0","0","2","0","1","1","0","0","3","","","N","","","","","","","","","",""
"2020110381","1925","2","0","0","0","0","0","0","0","0","4","0","","67","12","2020","6","39.990183","-75.168758","1919","6","0","0","0","0","0","0","0","0","","0","0","0","19","3","0","N","0","1","39 59:24.660","2","0","75 10:07.530","0","0","0","0","67301","0","0","0","N","0","0","0","1","67301","0","","1.0","2115.0","2","N","N","N","0","","0","0","0","0","0","N","1918","2","0","1","0","0","0","0","2","0","2","0","0","0","3","","","N","","","","","","","","","",""
"2020084070","1917","0","0","0","0","0","0","0","0","0","8","0","","67","10","2020","5","39.972124","-75.251464","1915","6","0","0","0","0","0","0","0","0","","0","0","0","19","3","1","","1","0","39 58:19.645","","0","75 15:05.269","3","0","0","0","67301","1","0","0","N","1","0","0","2","67301","0","","1.0","","1","N","N","N","0","","1","0","1","3","2","","1910","2","1","0","0","0","0","0","2","0","1","1","0","0","3","03","","N","","","","","","","","","",""
"2020099980","0820","1","0","0","0","0","0","0","0","0","6","0","","67","11","2020","6","39.921042","-75.228921","0808","6","0","0","0","0","0","0","0","0","","0","0","0","6","1","1","","1","0","39 55:15.752","","0","75 13:44.116","3","0","0","0","67301","0","0","0","N","0","0","0","2","67301","0","","1.0","","1","N","N","N","1","","1","0","1","3","2","","642","3","1","1","0","0","0","1","2","0","3","0","0","0","3","03","","N","","","","","","","","","",""
"2020083790","0850","0","0","0","0","0","0","0","0","0","7","0","","67","10","2020","5","39.923672","-75.164205","0841","6","0","0","0","0","0","0","0","0","","0","0","0","8","1","0","N","0","0","39 55:25.218","","0","75 09:51.138","0","0","0","0","67301","0","0","0","N","0","0","0","1","67301","0","","4.0","","1","N","N","N","0","","0","0","1","0","0","","823","1","0","0","0","0","0","0","2","0","1","0","0","0","3","03","","N","","","","","","","","","",""
"2020103525","1822","2","0","0","0","0","0","0","0","0","4","0","","67","12","2020","3","40.026781","-75.152052","1818","6","0","0","0","0","0","0","0","0","","0","0","0","18","3","2","","3","0","40 01:36.411","","0","75 09:07.387","3","0","0","0","67301","0","0","0","N","0","0","0","2","67301","0","","1.0","","1","N","N","N","0","","2","0","0","3","3","","1818","2","2","0","0","0","0","0","2","0","2","0","0","0","3","","","N","","","","","","","","","",""