"CRN","ARRIVAL_TM","AUTOMOBILE_COUNT","BELTED_DEATH_COUNT","BELTED_SUSP_SERIOUS_INJ_COUNT","BICYCLE_COUNT","BICYCLE_DEATH_COUNT","BICYCLE_SUSP_SERIOUS_INJ_COUNT","BUS_COUNT","CHLDPAS_DEATH_COUNT","CHLDPAS_SUSP_SERIOUS_INJ_COUNT","COLLISION_TYPE","COMM_VEH_COUNT","CONS_ZONE_SPD_LIM","COUNTY","CRASH_MONTH","CRASH_YEAR","DAY_OF_WEEK","DEC_LATITUDE","DEC_LONGITUDE","DISPATCH_TM","DISTRICT","DRIVER_COUNT_16YR","DRIVER_COUNT_17YR","DRIVER_COUNT_18YR","DRIVER_COUNT_19YR","DRIVER_COUNT_20YR","DRIVER_COUNT_50_64YR","DRIVER_COUNT_65_74YR","DRIVER_COUNT_75PLUS","EST_HRS_CLOSED","FATAL_COUNT","HEAVY_TRUCK_COUNT","HORSE_BUGGY_COUNT","HOUR_OF_DAY","ILLUMINATION","INJURY_COUNT","INTERSECTION_RELATED","INTERSECT_TYPE","LANE_CLOSED","LATITUDE","LN_CLOSE_DIR","LOCATION_TYPE","LONGITUDE","MAX_SEVERITY_LEVEL","MCYCLE_DEATH_COUNT","MCYCLE_SUSP_SERIOUS_INJ_COUNT","MOTORCYCLE_COUNT","MUNICIPALITY","NONMOTR_COUNT","NONMOTR_DEATH_COUNT","NONMOTR_SUSP_SERIOUS_INJ_COUNT","NTFY_HIWY_MAINT","PED_COUNT","PED_DEATH_COUNT","PED_SUSP_SERIOUS_INJ_COUNT","PERSON_COUNT","POLICE_AGCY","POSSIBLE_INJ_COUNT","RDWY_SURF_TYPE_CD","RELATION_TO_ROAD","ROADWAY_CLEARED","ROAD_CONDITION","SCH_BUS_IND","SCH_ZONE_IND","SECONDARY_CRASH","SMALL_TRUCK_COUNT","SPEC_JURIS_CD","SUSP_MINOR_INJ_COUNT","SUSP_SERIOUS_INJ_COUNT","SUV_COUNT","TCD_FUNC_CD","TCD_TYPE","TFC_DETOUR_IND","TIME_OF_DAY","TOTAL_UNITS","TOT_INJ_COUNT","UNBELTED_OCC_COUNT","UNB_DEATH_COUNT","UNB_SUSP_SERIOUS_INJ_COUNT","UNK_INJ_DEG_COUNT","UNK_INJ_PER_COUNT","URBAN_RURAL","VAN_COUNT","VEHICLE_COUNT","VULNERABLE_ROAD_USER_COUNT","VULNERABLE_ROAD_USER_DEATH_COUNT","VULNERABLE_ROAD_USER_SER_INJ_COUNT","WEATHER1","WEATHER2","WORKERS_PRES","WORK_ZONE_IND","WORK_ZONE_LOC","WORK_ZONE_TYPE","WZ_CLOSE_DETOUR","WZ_FLAGGER","WZ_LAW_OFFCR_IND","WZ_LN_CLOSURE","WZ_MOVING","WZ_OTHER","WZ_SHLDER_MDN","WZ_WORKERS_INJ_KILLED"
"2020108035","1540","1","0","0","0","0","0","0","0","0","4","0","","67","12","2020","1","40.027807","-75.176044","1523","6","0","0","0","0","0","1","1","0","","0","0","0","14","1","1","","1","0","40 01:40.106","","0","75 10:33.760","3","0","0","0","67301","0","0","0","N","0","0","0","2","67301","0","","1.0","","1","N","N","N","0","","1","0","1","1","3","","1445","2","1","0","0","0","0","1","2","0","2","0","0","0","3","","","N","","","","","","","","","",""
"2020105417","1752","3","0","0","0","0","0","0","0","0","4","0","","67","12","2020","4","39.989651","-75.107345","1748","6","0","0","0","0","0","0","0","0","","0","0","0","17","3","0","","1","0","39 59:22.742","","0","75 06:26.442","9","0","0","0","67301","0","0","0","N","0","0","0","2","67301","0","","1.0","","1","N","N","N","0","","0","0","0","0","0","","1733","3","0","1","0","0","0","1","2","0","3","0","0","0","3","03","","N","","","","","","","","","",""
"2020109375","1803","3","0","0","0","0","0","0","0","0","1","0","","67","12","2020","5","40.002224","-75.194493","1758","6","0","0","0","0","0","0","1","0","","0","0","0","17","3","0","N","0","0","40 00:08.008","","0","75 11:40.176","0","0","0","0","67301","0","0","0","N","0","0","0","5","68K01","0","","1.0","","1","N","N","N","0","","0","0","1","0","0","","1757","4","0","0","0","0","0","0","2","0","4","0","0","0","3","03","","N","","","","","","","","","",""
"2020095740","1718","0","0","0","0","0","0","0","0","0","1","0","","67","10","2020","1","40.007385","-75.151537","1714","6","0","0","0","0","0","0","0","0","","0","0","0","17","3","0","Y","0","0","40 00:26.586","","0","75 09:05.534","0","0","0","0","67301","0","0","0","N","0","0","0","2","67505","0","","1.0","","1","N","N","N","0","","0","0","2","0","0","","1700","2","0","0","0","0","0","0","2","0","2","0","0","0","3","03","","N","","","","","","","","","",""
"2020087180","0056","1","0","0","0","0","0","0","0","0","4","0","","67","10","2020","6","40.033346","-75.076712","0049","6","0","0","0","0","0","0","0","0","","0","0","0","0","3","0","","3","1","40 02:00.047","3","6","75 04:36.162","0","0","0","0","67301","0","0","0","N","0","0","0","1","67301","0","","1.0","135.0","1","N","N","N","0","","0","0","1","0","0","N","40","3","0","0","0","0","0","0","2","0","2","0","0","0","3","03","","N","","","","","","","","","",""
"2020102866","1730","2","0","0","0","0","0","0","0","0","4","0","","67","11","2020","2","40.02566","-75.131851","1730","6","0","0","0","0","0","0","0","0","","0","0","0","16","3","2","","2","1","40 01:32.376","3","0","75 07:54.663","3","0","0","0","67301","0","0","0","N","0","0","0","3","67301","0","","1.0","1755.0","9","N","N","N","0","","2","0","0","3","3","N","1635","2","2","0","0","0","0","1","2","0","2","0","0","0","7","07","","N","","","","","","","","","",""
"2020085478","0100","2","0","0","0","0","0","0","0","0","5","0","","67","10","2020","1","40.053925","-75.018094","0050","6","0","0","0","0","0","1","0","0","","0","0","0","0","3","2","N","0","0","40 03:14.130","","0","75 01:05.140","4","0","0","0","67301","0","0","0","N","0","0","0","2","67301","2","","6.0","","1","N","N","N","0","","0","0","2","0","0","","50","4","2","0","0","0","0","0","2","0","4","0","0","0","3","03","","N","","","","","","","","","",""
"2020113598","1610","0","0","0","0","0","0","0","0","0","8","0","","67","12","2020","2","39.924385","-75.169738","1605","6","0","0","0","0","0","0","0","1","","0","0","0","14","1","1","","1","0","39 55:27.786","","0","75 10:11.056","4","0","0","0","67301","1","0","0","N","1","0","0","2","67301","1","","1.0","","1","N","N","N","0","","0","0","1","3","2","","1400","2","1","0","0","0","0","0","2","0","1","1","0","0","3","03","","N","","","","","","","","","",""
"2020107612","0220","1","0","0","0","0","0","0","0","0","5","0","","67","12","2020","7","40.001031","-75.100481","0215","6","0","0","0","0","0","0","0","0","","0","0","0","1","3","0","N","0","0","40 00:03.710","","0","75 06:01.730","0","0","0","0","67301","0","0","0","N","0","0","0","1","67301","0","","1.0","","1","N","N","N","1","","0","0","1","3","2","","139","3","0","1","0","0","0","0","2","0","3","0","0","0","3","03","","N","","","","","","","","","",""
"2020089102","0845","0","0","0","0","0","0","0","0","0","7","0","","67","10","2020","7","40.005361","-75.194084","0842","6","0","0","0","0","0","1","0","0","","0","0","0","8","1","0","N","0","2","40 00:19.300","4","8","75 11:38.701","0","0","0","0","67301","0","0","0","N","0","0","0","1","68K01","0","","4.0","930.0","1","N","N","N","0","","0","0","1","0","0","N","842","1","0","0","0","0","0","0","2","0","1","0","0","0","3","03","","N","","","","","","","","","",""
"2020105742","2304","1","0","0","0","0","0","0","0","0","0","0","","67","12","2020","2","40.010473","-75.184708","2248","6","0","0","0","1","0","0","0","0","","0","0","0","22","3","1","N","0","1","40 00:37.704","3","0","75 11:04.949","3","0","0","0","67301","0","0","0","N","0","0","0","1","67301","0","","4.0","100.0","1","N","N","N","0","","1","0","0","0","0","N","2243","1","1","1","0","0","0","0","2","0","1","0","0","0","3","03","","N","","","","","","","","","",""
"2020106654","1443","2","0","0","0","0","0","0","0","0","4","0","","67","12","2020","4","40.015898","-75.187041","1440","6","0","0","0","0","0","0","0","0","","0","0","0","14","1","2","","1","2","40 00:57.233","7","0","75 11:13.349","3","0","0","0","67301","0","0","0","N","0","0","0","3","67301","0","","1.0","1700.0","9","N","N","Y","0","","2","0","0","3","2","Y","1440","2","2","0","0","0","0","0","2","0","2","0","0","0","4","04","","N","","","","","","","","","",""
"2020084157","0430","1","0","0","0","0","0","0","0","0","4","0","","67","10","2020","4","39.919855","-75.227538","0421","6","0","0","0","0","0","0","0","0","","0","0","0","4","3","0","","1","0","39 55:11.478","","0","75 13:39.136","0","0","0","0","67301","0","0","0","N","0","0","0","2","67301","0","","1.0","","1","N","N","N","0","","0","0","1","3","2","","419","2","0","0","0","0","0","0","2","0","2","0","0","0","3","","","N","","","","","","","","","",""
"2020092497","1300","1","0","0","0","0","0","0","0","0","4","0","","67","10","2020","3","40.003117","-75.078788","1300","6","0","0","0","0","0","0","0","0","","0","0","0","18","4","2","N","0","0","40 00:11.220","","7","75 04:43.638","8","0","0","0","67301","0","0","0","N","0","0","0","2","67301","0","","1.0","","99","N","N","N","0","","0","0","1","0","0","","1830","2","2","0","0","0","2","0","2","0","2","0","0","0","99","03","","N","","","","","","","","","",""
"2020087003","1153","1","0","0","0","0","0","0","0","0","6","0","","67","10","2020","1","40.067394","-75.161892","1136","6","0","0","0","0","0","0","0","0","","0","0","0","11","1","0","N","0","0","40 04:02.620","","0","75 09:42.810","0","0","0","0","67301","0","0","0","N","0","0","0","1","67301","0","","1.0","","1","N","N","N","0","","0","0","2","0","0","","1130","3","0","0","0","0","0","0","2","0","3","0","0","0","3","03","","N","","","","","","","","","",""
"2020069458","0321","2","0","0","0","0","0","0","0","0","4","0","","67","8","2020","4","40.036992","-75.07981","0320","6","0","0","1","0","0","0","0","0","","0","0","0","2","3","0","","1","1","40 02:13.172","1","0","75 04:47.317","0","0","0","0","67301","0","0","0","N","0","0","0","2","67301","0","","1.0","430.0","1","N","N","N","0","","0","0","0","3","2","Y","243","2","0","0","0","0","0","0","2","0","2","0","0","0","3","03","","N","","","","","","","","","",""
"2020087334","0912","2","0","0","0","0","0","0","0","0","4","0","","67","10","2020","2","40.134374","-75.009144","0855","6","0","0","0","0","1","0","0","0","","0","0","0","8","1","1","","1","1","40 08:03.746","2","0","75 00:32.919","3","0","0","0","67301","0","0","0","N","0","0","0","2","67301","0","","1.0","1118.0","1","N","N","N","0","","1","0","0","3","2","N","847","2","1","0","0","0","0","0","2","0","2","0","0","0","3","","","N","","","","","","","","","",""
"2020088993","0755","2","0","0","0","0","0","0","0","0","2","0","","67","10","2020","6","40.098843","-75.030249","0754","6","0","0","0","0","0","0","1","0","","0","0","0","7","1","0","N","0","0","40 05:55.833","","0","75 01:48.897","0","0","0","0","67301","0","0","0","N","0","0","0","3","67301","0","","1.0","","9","N","N","N","0","","0","0","1","0","0","","751","3","0","0","0","0","0","0","2","0","3","0","0","0","5","05","","N","","","","","","","","","",""
"2020107110","0043","2","0","0","0","0","0","0","0","0","1","0","","67","12","2020","7","40.006998","-75.193059","0038","6","0","0","0","0","0","0","0","0","","0","0","0","0","3","2","N","0","2","40 00:25.194","2","0","75 11:35.011","3","0","0","0","67301","0","0","0","N","0","0","0","4","67301","0","","1.0","135.0","1","N","N","N","0","","2","0","0","0","0","N","35","2","2","2","0","0","0","0","2","0","2","0","0","0","3","03","","N","","","","","","","","","",""
"2020090868","0030","3","0","0","0","0","0","0","0","0","5","0","","67","10","2020","2","40.032589","-75.035103","0024","6","0","0","0","0","0","0","0","0","","0","0","0","0","3","0","N","0","0","40 01:57.320","","0","75 02:06.370","0","0","0","0","67301","0","0","0","N","0","0","0","1","67301","0","","6.0","","9","N","N","N","0","","0","0","1","0","0","","1","4","0","0","0","0","0","0","2","0","4","0","0","0","7","07","","N","","","","","","","","","",""
"2020112331","2000","1","0","0","0","0","0","0","0","0","7","0","","67","12","2020","4","40.006774","-75.120011","2000","6","0","0","0","1","0","0","0","0","","0","0","0","19","3","0","N","0","0","40 00:24.385","","0","75 07:12.038","0","0","0","0","67301","0","0","0","N","0","0","0","1","67301","0","","5.0","","1","N","N","N","0","","0","0","0","0","0","","1949","1","0","1","0","0","0","0","2","0","1","0","0","0","3","03","","N","","","","","","","","","",""
"2020099953","1318","1","0","0","0","0","0","0","0","0","4","0","","67","11","2020","7","39.984408","-75.15441","1333","6","0","0","1","0","0","1","0","0","","0","0","0","13","1","1","","1","0","39 59:03.868","","0","75 09:15.876","8","0","0","0","67301","0","0","0","N","0","0","0","3","67505","0","","1.0","","1","N","N","Y","0","","0","0","1","3","2","","1318","2","1","0","0","0","1","0","2","0","2","0","0","0","3","03","","N","","","","","","","","","",""
"2020094032","0831","1","0","0","0","0","0","0","0","0","7","0","","67","10","2020","2","40.034683","-75.018644","0830","6","0","0","0","0","0","0","0","0","","0","0","0","8","1","0","N","0","2","40 02:04.859","1","0","75 01:07.117","0","0","0","0","67301","0","0","0","N","0","0","0","1","68K01","0","","4.0","910.0","9","N","N","N","0","","0","0","0","0","0","N","830","1","0","0","0","0","0","0","2","0","1","0","0","0","7","04","","N","","","","","","","","","",""
"2020106652","0137","1","0","0","0","0","0","0","0","0","7","0","","67","12","2020","5","40.048932","-75.127754","0136","6","0","0","1","0","0","0","0","0","","0","0","0","1","3","0","","2","0","40 02:56.155","","0","75 07:39.914","0","0","0","0","67301","0","0","0","N","0","0","0","1","67301","0","","4.0","","1","N","N","N","0","","0","0","0","0","0","","136","1","0","1","0","0","0","0","2","0","1","0","0","0","3","","","N","","","","","","","","","",""
"2020107085","2035","1","0","0","0","0","0","0","0","0","7","0","","67","12","2020","5","40.103742","-75.028201","2031","6","0","0","0","0","0","0","0","0","","0","0","0","20","3","0","N","0","0","40 06:13.471","","0","75 01:41.524","9","0","0","0","67301","0","0","0","N","0","0","0","1","67301","0","","5.0","","1","N","N","N","0","","0","0","0","0","0","","2030","1","0","0","0","0","0","1","2","0","1","0","0","0","3","03","","N","","","","","","","","","",""
"2020102899","0040","1","0","0","0","0","0","0","0","0","4","0","","67","11","2020","3","40.008764","-75.111019","0038","6","0","0","0","0","0","0","0","0","","0","0","0","0","3","1","N","0","0","40 00:31.550","","0","75 06:39.670","3","0","0","0","67301","0","0","0","N","0","0","0","1","67301","0","","1.0","","1","N","N","N","0","","1","0","0","0","0","","38","2","1","0","0","0","0","0","2","1","2","0","0","0","3","03","","N","","","","","","","","","",""
"2020109218","0315","1","0","0","0","0","0","0","0","0","7","0","","67","12","2020","4","40.00827","-75.156377","0309","6","0","0","0","0","0","0","0","0","","0","0","0","3","3","0","","1","0","40 00:29.772","","99","75 09:22.957","9","0","0","0","67301","0","0","0","N","0","0","0","1","67301","0","","5.0","","1","N","N","N","0","","0","0","0","3","3","","308","1","0","0","0","0","0","1","2","0","1","0","0","0","3","","","N","","","","","","","","","",""
"2020107237","1200","2","0","0","0","0","0","0","0","0","4","0","","67","12","2020","5","39.984903","-75.123919","1200","6","0","0","0","0","0","0","0","0","","0","0","0","15","1","1","","1","0","39 59:05.650","","0","75 07:26.108","4","0","0","0","67301","0","0","0","N","0","0","0","2","67301","1","","1.0","","1","N","N","N","0","","0","0","1","3","3","","1541","3","1","0","0","0","0","1","2","0","3","0","0","0","3","","","N","","","","","","","","","",""
"2020109314","1150","1","0","0","0","0","0","0","0","0","7","0","45","67","12","2020","5","39.948838","-75.185456","1150","6","0","0","0","0","0","0","0","0","","0","0","0","11","1","1","N","0","1","39 56:55.818","3","0","75 11:07.643","4","0","0","0","67301","0","0","0","N","0","0","0","2","68K01","1","","3.0","1230.0","1","N","N","N","0","","0","0","0","0","0","N","1139","1","1","2","0","0","0","0","2","0","1","0","0","0","3","","Y","Y","4","1","N","N","N","N","N","N","Y","N"
"2020102590","1231","0","0","0","1","0","0","0","0","0","8","0","","67","11","2020","7","39.951139","-75.177333","1225","6","0","0","0","0","0","0","0","0","","0","0","0","14","1","1","N","0","0","39 57:04.100","","7","75 10:38.400","4","0","0","0","67301","1","0","0","N","0","0","0","2","67301","1","","1.0","","1","N","N","N","0","","0","0","1","0","0","","1400","2","1","0","0","0","0","1","2","0","1","1","0","0","3","03","","N","","","","","","","","","",""
"2020101951","1644","1","0","0","0","0","0","0","0","0","4","0","","67","11","2020","3","39.919557","-75.152051","1639","6","0","0","0","0","0","1","0","0","","0","0","0","16","1","1","","1","1","39 55:10.405","2","0","75 09:07.383","3","0","0","0","67301","0","0","0","N","0","0","0","5","67301","0","","1.0","1711.0","1","N","N","N","0","","1","0","0","3","2","Y","1613","2","1","2","0","0","0","0","2","1","2","0","0","0","3","03","","N","","","","","","","","","",""
"2020088400","1550","2","0","0","0","0","0","0","0","0","4","0","","67","10","2020","4","40.059851","-75.15013","1544","6","0","0","0","0","0","0","0","0","","0","0","0","15","1","1","","1","0","40 03:35.463","","0","75 09:00.467","3","0","0","0","67301","0","0","0","N","0","0","0","3","67301","0","","1.0","","1","N","N","N","0","","1","0","1","3","2","","1513","3","1","0","0","0","0","0","2","0","3","0","0","0","3","03","","N","","","","","","","","","",""
"2020087786","1230","1","0","0","0","0","0","0","0","0","6","0","","67","10","2020","2","40.076308","-75.035935","1224","6","0","0","0","0","0","0","0","1","","0","0","0","12","1","1","N","0","0","40 04:34.707","","0","75 02:09.366","8","0","0","0","67301","0","0","0","N","0","0","0","2","67301","0","","1.0","","1","N","N","N","0","","0","0","1","0","0","","1222","2","1","0","0","0","1","0","2","0","2","0","0","0","3","03","","N","","","","","","","","","",""
"2020110392","0923","2","0","0","0","0","0","0","0","0","4","0","","67","12","2020","5","40.02085","-75.141487","0923","6","0","0","0","0","0","0","0","0","","0","0","0","14","1","0","","2","9","40 01:15.061","","0","75 08:29.353","9","0","0","0","67301","0","0","0","N","0","0","0","3","67301","0","","9.0","","99","N","N","N","0","","0","0","1","9","9","","1400","3","0","0","0","0","0","2","2","0","3","0","0","0","99","","","N","","","","","","","","","",""
"2020086777","1905","1","0","0","0","0","0","0","0","0","7","0","","67","10","2020","7","39.982141","-75.160475","1855","6","0","0","0","1","0","0","0","0","","0","0","0","18","3","0","","2","0","39 58:55.708","","0","75 09:37.710","0","0","0","0","67301","0","0","0","N","0","0","0","2","67505","0","","4.0","","1","N","N","N","0","","0","0","0","3","2","","1845","2","0","0","0","0","0","0","2","0","1","0","0","0","3","03","","N","","","","","","","","","",""
"2020092821","1100","1","0","0","0","0","0","0","0","0","4","0","","67","10","2020","5","40.011545","-75.108042","1705","6","0","0","0","0","0","0","0","0","","0","0","0","17","4","1","","1","0","40 00:41.562","","0","75 06:28.950","2","0","0","0","67301","0","0","0","N","0","0","0","2","67301","0","","1.0","","99","N","N","N","0","","0","1","0","3","2","","1700","2","1","0","0","0","0","0","2","1","2","0","0","0","99","","","N","","","","","","","","","",""
"2020106365","2023","2","0","0","0","0","0","0","0","0","1","0","45","67","11","2020","2","39.978982","-75.109599","2023","6","0","0","0","0","0","1","0","0","","0","0","0","20","3","2","N","0","1","39 58:44.334","2","0","75 06:34.557","3","0","0","0","67301","0","0","0","N","0","0","0","4","68K01","0","","1.0","2122.0","9","N","N","N","1","","2","0","0","0","0","N","2023","3","2","1","0","0","0","0","2","0","3","0","0","0","3","03","N","Y","4","1","","","N","","","","Y","N"
"2020089100","1855","1","0","0","0","0","0","0","0","0","7","0","","67","10","2020","6","39.981805","-75.207229","1845","6","0","0","0","0","0","0","0","0","","0","0","0","18","3","0","N","0","1","39 58:54.498","4","0","75 12:26.024","0","0","0","0","67301","0","0","0","N","0","0","0","1","68K01","0","","3.0","1930.0","1","N","N","N","0","","0","0","0","0","0","N","1842","1","0","1","0","0","0","0","2","0","1","0","0","0","3","03","","N","","","","","","","","","",""
"2020086618","1527","1","0","0","0","0","0","0","0","0","4","0","","67","10","2020","6","40.094773","-75.015326","1512","6","0","0","0","0","0","0","0","0","","0","0","0","14","1","1","","1","0","40 05:41.184","","0","75 00:55.174","3","0","0","0","67301","0","0","0","N","0","0","0","2","67301","0","","1.0","","9","N","N","N","0","","1","0","1","3","2","","1443","2","1","0","0","0","0","0","2","0","2","0","0","0","7","","","N","","","","","","","","","",""
"2020113740","1525","0","0","0","0","0","0","0","0","0","4","0","","67","12","2020","3","39.967362","-75.128863","1520","6","0","0","0","0","0","2","0","0","","0","0","0","15","1","0","","5","0","39 58:02.502","","0","75 07:43.907","0","0","0","0","67301","0","0","0","N","0","0","0","2","67301","0","","1.0","","1","N","N","N","0","","0","0","1","3","2","","1515","2","0","0","0","0","0","0","2","1","2","0","0","0","3","03","","N","","","","","","","","","",""
"2020111757","1913","2","0","0","0","0","0","0","0","0","6","0","","67","12","2020","6","39.972283","-75.232428","1913","6","0","0","0","0","0","0","0","0","","0","0","0","19","3","1","N","0","0","39 58:20.220","","0","75 13:56.740","4","0","0","0","67301","0","0","0","N","0","0","0","3","67301","1","","1.0","","2","N","N","N","0","","0","0","2","0","0","","1910","4","1","0","0","0","0","0","2","0","4","0","0","0","3","","","N","","","","","","","","","",""
"2020110378","2025","6","0","0","0","0","0","0","0","0","5","0","","67","12","2020","6","39.944267","-75.177692","2019","6","0","0","0","0","0","0","0","0","","0","0","0","19","3","0","N","0","0","39 56:39.360","","0","75 10:39.690","9","0","0","0","67301","0","0","0","N","0","0","0","1","67301","0","","1.0","","2","N","N","N","0","","0","0","0","0","0","","1923","7","0","0","0","0","0","1","2","1","7","0","0","0","10","10","","N","","","","","","","","","",""
"2020107232","1115","1","0","0","0","0","0","0","0","0","4","0","","67","12","2020","6","40.029901","-75.087796","1110","6","0","0","0","0","0","0","1","0","","0","0","0","10","1","1","","2","1","40 01:47.643","1","0","75 05:16.067","3","0","0","0","67301","0","0","0","N","0","0","0","4","67301","0","","1.0","1220.0","1","N","N","N","0","","1","0","0","3","2","N","1057","2","1","0","0","0","0","0","2","1","2","0","0","0","3","03","","N","","","","","","","","","",""
"2020084612","1238","2","0","0","0","0","0","0","0","0","5","0","","67","10","2020","1","39.990433","-75.1213","1237","6","0","0","0","0","0","0","0","0","","0","0","0","12","1","1","N","0","0","39 59:25.560","","0","75 07:16.680","2","0","0","0","67301","1","0","1","N","1","0","1","2","67301","0","","6.0","","1","N","N","Y","0","","0","1","1","0","0","","1236","4","1","0","0","0","0","0","2","0","3","1","0","1","4","","","N","","","","","","","","","",""
"2020086216","0735","0","0","0","0","0","0","0","0","0","4","0","","67","10","2020","4","40.037211","-75.136476","0735","6","0","0","0","0","0","1","0","0","","0","0","0","7","1","1","","3","1","40 02:13.959","2","0","75 08:11.315","3","0","0","1","67301","0","0","0","N","0","0","0","2","67301","0","","1.0","800.0","1","N","N","N","0","","1","0","1","0","0","N","732","2","1","0","0","0","0","0","2","0","2","0","0","0","3","03","","N","","","","","","","","","",""
"2020107397","0141","0","0","0","0","0","0","0","0","0","7","0","","67","12","2020","1","39.970385","-75.245109","0136","6","0","1","0","0","0","0","0","0","","0","0","0","1","3","1","N","0","0","39 58:13.385","","0","75 14:42.392","3","0","0","0","67301","0","0","0","N","0","0","0","5","67301","0","","1.0","","9","N","N","N","1","","1","0","0","3","2","","110","1","1","5","0","0","0","0","2","0","1","0","0","0","3","03","","N","","","","","","","","","",""
"2020107789","1910","0","0","0","0","0","0","1","0","0","1","1","","67","11","2020","6","39.981781","-75.181896","1900","6","0","0","0","0","0","1","0","0","","0","0","0","19","3","0","","1","1","39 58:54.410","5","0","75 10:54.826","9","0","0","0","67301","0","0","0","N","0","0","0","2","67508","0","","1.0","9999.0","1","N","N","Y","0","","0","0","1","3","2","Y","1900","2","0","0","0","0","0","2","2","0","2","0","0","0","3","03","","N","","","","","","","","","",""
"2020106379","1905","0","0","0","0","0","0","0","0","0","7","0","","67","12","2020","6","39.976733","-75.197513","1905","6","0","0","0","0","0","0","0","0","","0","0","0","19","3","2","N","0","1","39 58:36.240","3","0","75 11:51.047","8","0","0","0","67301","0","0","0","N","0","0","0","4","68K01","0","","2.0","1920.0","9","N","N","N","0","","0","0","1","0","0","N","1905","1","2","0","0","0","2","0","2","0","1","0","0","0","4","04","","N","","","","","","","","","",""
"2020084701","2025","1","0","0","0","0","0","0","0","0","5","0","","67","10","2020","1","40.100831","-75.016614","2020","6","0","0","0","0","0","0","0","0","","0","0","0","20","3","0","N","0","1","40 06:02.990","5","0","75 00:59.810","0","0","0","0","67301","0","0","0","N","0","0","0","1","67301","0","","6.0","2130.0","9","N","N","N","1","","0","0","0","0","0","Y","2015","2","0","0","0","0","0","0","2","0","2","0","0","0","7","","","N","","","","","","","","","",""
"2020104035","1856","0","0","0","0","0","0","0","0","0","4","0","","67","12","2020","4","40.022789","-75.159023","1850","6","0","0","0","0","0","0","1","0","","0","0","0","18","3","1","","5","0","40 01:22.042","","0","75 09:32.483","4","0","0","0","67301","0","0","0","N","0","0","0","3","67301","1","","1.0","","1","N","N","N","0","","0","0","1","3","2","","1848","2","1","0","0","0","0","0","2","1","2","0","0","0","3","","","N","","","","","","","","","",""
"2020110717","2318","1","0","0","0","0","0","0","0","0","5","0","","67","12","2020","2","40.086492","-75.050906","2311","6","0","0","0","0","0","0","0","0","","0","0","0","23","3","0","N","0","0","40 05:11.370","","0","75 03:03.260","0","0","0","0","67301","0","0","0","N","0","0","0","1","67301","0","","6.0","","6","N","N","N","1","","0","0","1","0","0","","2300","3","0","0","0","0","0","0","2","0","3","0","0","0","7","","","N","","","","","","","","","",""
"2020108265","1652","3","0","0","0","0","0","0","0","0","4","0","","67","12","2020","2","39.974763","-75.185091","1650","6","0","0","0","0","0","0","0","0","","0","0","0","16","3","0","","2","0","39 58:29.148","","0","75 11:06.326","0","0","0","0","67301","0","0","0","N","0","0","0","3","67301","0","","1.0","","9","N","N","N","0","","0","0","0","3","3","","1648","3","0","0","0","0","0","0","2","0","3","0","0","0","7","07","","N","","","","","","","","","",""
"2020092308","1845","1","0","0","0","0","0","0","0","0","5","0","","67","10","2020","1","39.901543","-75.203286","1840","6","0","0","0","0","0","0","0","0","","0","0","0","18","1","1","N","0","0","39 54:05.556","","3","75 12:11.831","2","0","1","1","67301","0","0","0","N","0","0","0","3","67301","0","","1.0","","1","N","Y","N","0","","0","1","1","0","0","","1811","3","1","0","0","0","0","0","2","0","3","0","0","0","3","03","","N","","","","","","","","","",""
"2020104430","0808","1","0","0","0","0","0","0","0","0","7","0","","67","11","2020","2","40.038136","-75.011024","0757","6","0","0","0","0","0","0","0","0","","0","0","0","7","1","0","N","0","2","40 02:17.290","2","0","75 00:39.686","9","0","0","0","67301","0","0","0","N","0","0","0","1","68K01","0","","4.0","30.0","9","N","N","N","0","","0","0","0","0","0","N","756","1","0","0","0","0","0","1","2","0","1","0","0","0","7","","","N","","","","","","","","","",""
"2020068794","2349","1","0","0","0","0","0","0","0","0","4","0","","67","8","2020","2","40.03971","-75.038363","2337","6","0","1","1","0","0","0","0","0","","0","0","0","22","3","0","","1","1","40 02:22.955","1","0","75 02:18.106","9","0","0","0","67301","0","0","0","N","0","0","0","4","67301","0","","1.0","15.0","1","N","N","N","0","","0","0","0","3","3","Y","2205","2","0","0","0","0","0","1","2","1","2","0","0","0","3","","","N","","","","","","","","","",""
"2020078529","1631","2","0","0","0","0","0","0","0","0","4","0","","67","9","2020","4","40.033736","-75.145899","1630","6","0","0","0","0","0","0","0","0","","0","0","0","15","1","1","","1","1","40 02:01.450","1","0","75 08:45.237","3","0","0","0","67301","0","0","0","N","0","0","0","2","67301","0","","1.0","1645.0","1","N","N","N","0","","1","0","0","3","2","N","1530","2","1","0","0","0","0","0","2","0","2","0","0","0","3","","","N","","","","","","","","","",""
"2020069943","1103","2","0","0","0","0","0","0","0","0","5","0","","67","8","2020","7","39.919231","-75.242694","1100","6","0","0","0","0","0","0","0","0","","0","0","0","1","3","0","N","0","0","39 55:09.230","","0","75 14:33.700","0","0","0","0","67301","0","0","0","N","0","0","0","1","67301","0","","6.0","","1","N","N","N","0","","0","0","0","0","0","","130","3","0","0","0","0","0","0","2","1","3","0","0","0","3","03","","N","","","","","","","","","",""