"CRN","ARRIVAL_TM","AUTOMOBILE_COUNT","BELTED_DEATH_COUNT","BELTED_SUSP_SERIOUS_INJ_COUNT","BICYCLE_COUNT","BICYCLE_DEATH_COUNT","BICYCLE_SUSP_SERIOUS_INJ_COUNT","BUS_COUNT","CHLDPAS_DEATH_COUNT","CHLDPAS_SUSP_SERIOUS_INJ_COUNT","COLLISION_TYPE","COMM_VEH_COUNT","CONS_ZONE_SPD_LIM","COUNTY","CRASH_MONTH","CRASH_YEAR","DAY_OF_WEEK","DEC_LATITUDE","DEC_LONGITUDE","DISPATCH_TM","DISTRICT","DRIVER_COUNT_16YR","DRIVER_COUNT_17YR","DRIVER_COUNT_18YR","DRIVER_COUNT_19YR","DRIVER_COUNT_20YR","DRIVER_COUNT_50_64YR","DRIVER_COUNT_65_74YR","DRIVER_COUNT_75PLUS","EST_HRS_CLOSED","FATAL_COUNT","HEAVY_TRUCK_COUNT","HORSE_BUGGY_COUNT","HOUR_OF_DAY","ILLUMINATION","INJURY_COUNT","INTERSECTION_RELATED","INTERSECT_TYPE","LANE_CLOSED","LATITUDE","LN_CLOSE_DIR","LOCATION_TYPE","LONGITUDE","MAX_SEVERITY_LEVEL","MCYCLE_DEATH_COUNT","MCYCLE_SUSP_SERIOUS_INJ_COUNT","MOTORCYCLE_COUNT","MUNICIPALITY","NONMOTR_COUNT","NONMOTR_DEATH_COUNT","NONMOTR_SUSP_SERIOUS_INJ_COUNT","NTFY_HIWY_MAINT","PED_COUNT","PED_DEATH_COUNT","PED_SUSP_SERIOUS_INJ_COUNT","PERSON_COUNT","POLICE_AGCY","POSSIBLE_INJ_COUNT","RDWY_SURF_TYPE_CD","RELATION_TO_ROAD","ROADWAY_CLEARED","ROAD_CONDITION","SCH_BUS_IND","SCH_ZONE_IND","SECONDARY_CRASH","SMALL_TRUCK_COUNT","SPEC_JURIS_CD","SUSP_MINOR_INJ_COUNT","SUSP_SERIOUS_INJ_COUNT","SUV_COUNT","TCD_FUNC_CD","TCD_TYPE","TFC_DETOUR_IND","TIME_OF_DAY","TOTAL_UNITS","TOT_INJ_COUNT","UNBELTED_OCC_COUNT","UNB_DEATH_COUNT","UNB_SUSP_SERIOUS_INJ_COUNT","UNK_INJ_DEG_COUNT","UNK_INJ_PER_COUNT","URBAN_RURAL","VAN_COUNT","VEHICLE_COUNT","VULNERABLE_ROAD_USER_COUNT","VULNERABLE_ROAD_USER_DEATH_COUNT","VULNERABLE_ROAD_USER_SER_INJ_COUNT","WEATHER1","WEATHER2","WORKERS_PRES","WORK_ZONE_IND","WORK_ZONE_LOC","WORK_ZONE_TYPE","WZ_CLOSE_DETOUR","WZ_FLAGGER","WZ_LAW_OFFCR_IND","WZ_LN_CLOSURE","WZ_MOVING","WZ_OTHER","WZ_SHLDER_MDN","WZ_WORKERS_INJ_KILLED"
"2020066574","2059","0","0","0","0","0","0","0","0","0","8","0","","67","8","2020","1","40.003379","-75.130271","2055","6","0","0","0","0","0","0","0","0","","0","0","0","20","2","1","","1","0","40 00:12.164","","0","75 07:48.975","3","0","0","0","67301","1","0","0","N","1","0","0","2","67301","0","","1.0","","1","N","N","N","0","","1","0","0","3","3","","2049","2","1","0","0","0","0","0","2","0","1","1","0","0","3","03","","N","","","","","","","","","",""
"2020067018","0852","2","0","0","0","0","0","0","0","0","1","0","","67","8","2020","2","39.957947","-75.208133","0851","6","0","0","0","0","0","1","1","0","","0","0","0","8","1","1","","1","0","39 57:28.610","","0","75 12:29.280","3","0","0","0","67301","0","0","0","N","0","0","0","2","67301","0","","1.0","","1","N","N","N","0","","1","0","0","3","2","","830","2","1","0","0","0","0","0","2","0","2","0","0","0","3","03","","N","","","","","","","","","",""
"2020070939","1039","2","0","0","0","0","0","0","0","0","4","0","","67","8","2020","2","40.001107","-75.124741","1024","6","0","0","0","0","0","0","0","0","","0","0","0","9","1","2","","1","0","40 00:03.985","","0","75 07:29.066","4","0","0","0","67301","0","0","0","N","0","0","0","3","67301","1","","1.0","","1","N","N","N","0","","0","0","0","3","2","","957","2","2","0","0","0","1","0","2","0","2","0","0","0","3","","","N","","","","","","","","","",""
"2020065772","1120","0","0","0","0","0","0","0","0","0","8","0","","67","8","2020","6","39.977255","-75.158096","1119","6","0","0","0","0","0","0","0","0","","0","0","0","11","1","1","","1","0","39 58:38.118","","0","75 09:29.146","3","0","0","0","67301","1","0","0","N","1","0","0","3","67301","0","","1.0","","1","N","N","N","0","","1","0","0","3","2","","1118","2","1","0","0","0","0","2","2","1","1","1","0","0","3","03","","N","","","","","","","","","",""
"2020108945","0423","2","0","0","0","0","0","0","0","0","4","0","","67","12","2020","4","40.016616","-75.14718","0417","6","0","0","0","0","0","1","0","0","","0","0","0","3","3","1","","1","1","40 00:59.817","4","0","75 08:49.848","3","0","0","0","67301","0","0","0","N","0","0","0","2","67301","0","","1.0","505.0","1","N","N","N","0","","1","0","0","3","2","N","357","2","1","0","0","0","0","0","2","0","2","0","0","0","3","03","","N","","","","","","","","","",""
"2020110681","1349","2","0","0","0","0","0","0","0","0","4","0","","67","12","2020","6","40.003348","-75.166484","1349","6","0","0","0","0","0","0","0","0","","0","0","0","13","1","1","N","0","1","40 00:12.054","4","7","75 09:59.343","3","0","0","0","67301","0","0","0","N","0","0","0","2","67301","0","","1.0","1500.0","1","N","N","N","0","","1","0","0","0","0","Y","1347","3","1","2","0","0","0","0","2","1","3","0","0","0","3","03","","N","","","","","","","","","",""
"2020089400","0104","1","0","0","0","0","0","0","0","0","5","0","","67","10","2020","1","39.986108","-75.156182","0102","6","0","0","0","0","0","0","0","0","","0","0","0","1","3","0","N","0","0","39 59:09.987","","0","75 09:22.256","0","0","0","0","67301","0","0","0","N","0","0","0","2","67505","0","","6.0","","1","N","N","N","0","","0","0","1","0","0","","100","3","0","0","0","0","0","0","2","1","3","0","0","0","3","03","","N","","","","","","","","","",""
"2020094033","0941","1","0","0","0","0","0","0","0","0","7","0","","67","10","2020","2","40.042026","-75.003781","0937","6","0","0","0","0","0","0","0","0","","0","0","0","9","1","0","N","0","1","40 02:31.293","1","0","75 00:13.612","0","0","0","0","67301","0","0","0","N","0","0","0","1","68K01","0","","2.0","1030.0","9","N","N","N","0","","0","0","0","0","0","N","935","1","0","0","0","0","0","0","2","0","1","0","0","0","7","","","N","","","","","","","","","",""
"2020088905","0755","0","0","0","0","0","0","0","0","0","8","0","","67","9","2020","1","39.961206","-75.224611","0755","6","0","0","0","0","0","0","0","0","","0","0","0","7","8","1","N","0","0","39 57:40.342","","0","75 13:28.599","4","0","0","0","67301","1","0","0","N","1","0","0","2","67301","1","","1.0","","1","N","N","N","0","","0","0","0","0","0","","755","2","1","0","0","0","0","0","2","1","1","1","0","0","3","03","","N","","","","","","","","","",""
"2020067673","1225","2","0","0","0","0","0","0","0","0","4","0","","67","8","2020","6","40.004314","-75.128004","1220","6","0","0","0","0","0","0","0","0","","0","0","0","12","8","1","N","1","2","40 00:15.530","5","0","75 07:40.814","4","0","0","0","67301","0","0","0","N","0","0","0","2","67301","1","","1.0","213.0","1","N","N","N","0","","0","0","0","3","2","Y","1215","2","1","0","0","0","0","0","2","0","2","0","0","0","3","03","","N","","","","","","","","","",""
"2020092318","2023","4","0","0","0","0","0","0","0","0","6","0","","67","10","2020","5","40.039725","-75.231814","2018","6","0","0","0","0","0","0","0","0","","0","0","0","19","3","0","N","0","0","40 02:23.010","","0","75 13:54.530","0","0","0","0","67301","0","0","0","N","0","0","0","1","67301","0","","6.0","","8","N","N","N","0","","0","0","0","0","0","","1947","4","0","0","0","0","0","0","2","0","4","0","0","0","7","","","N","","","","","","","","","",""
"2020114060","1713","1","0","0","0","0","0","0","0","0","1","0","","67","12","2020","5","39.920114","-75.155575","1711","6","0","0","0","0","0","0","0","0","","0","0","0","17","3","0","N","0","0","39 55:12.410","","0","75 09:20.070","0","0","0","0","67301","0","0","0","N","0","0","0","1","67301","0","","2.0","","9","N","N","Y","0","","0","0","1","3","3","","1703","2","0","1","0","0","0","0","2","0","2","0","0","0","7","07","","N","","","","","","","","","",""
"2020093920","1808","2","0","0","0","0","0","0","0","0","1","0","","67","10","2020","6","39.939975","-75.233281","1807","6","0","0","0","0","0","0","0","0","","0","0","0","16","1","1","N","0","0","39 56:23.910","","0","75 13:59.810","3","0","0","0","67301","0","0","0","N","0","0","0","2","67301","0","","1.0","","9","N","N","N","0","","1","0","0","0","0","","1622","2","1","1","0","0","0","0","2","0","2","0","0","0","4","","","N","","","","","","","","","",""
"2020100163","1532","2","0","0","0","0","0","0","0","0","4","0","","67","11","2020","3","39.975446","-75.244498","1529","6","0","0","0","0","1","0","0","0","","0","0","0","15","1","2","","2","0","39 58:31.605","","0","75 14:40.192","3","0","0","0","67301","0","0","0","N","0","0","0","2","67301","0","","1.0","","1","N","N","N","0","","2","0","0","0","0","","1528","3","2","0","0","0","0","0","2","1","3","0","0","0","3","04","","N","","","","","","","","","",""
"2020111934","1958","2","0","0","0","0","0","0","0","0","1","0","","67","12","2020","5","39.986411","-75.187551","1952","6","0","0","0","0","0","0","2","0","","0","0","0","19","3","1","N","0","0","39 59:11.078","","0","75 11:15.185","4","0","0","0","67301","0","0","0","N","0","0","0","2","67301","1","","1.0","","9","N","N","N","0","","0","0","0","0","0","","1951","2","1","1","0","0","0","0","2","0","2","0","0","0","7","07","","N","","","","","","","","","",""
"2020097806","1940","1","0","0","0","0","0","0","0","0","5","0","","67","11","2020","6","39.997864","-75.133483","1925","6","0","0","0","0","0","0","0","0","","0","0","0","19","3","1","N","0","0","39 59:52.310","","0","75 08:00.540","4","0","0","0","67301","0","0","0","N","0","0","0","1","67301","1","","2.0","","1","N","N","N","0","","0","0","1","0","0","","1917","2","1","1","0","0","0","0","2","0","2","0","0","0","3","03","","N","","","","","","","","","",""
"2020075132","0304","1","0","0","0","0","0","0","0","0","4","0","","67","9","2020","2","40.025787","-75.132824","0302","6","0","0","0","0","0","0","0","0","","0","0","0","2","3","0","","1","0","40 01:32.833","","0","75 07:58.166","0","0","0","0","67301","0","0","0","N","0","0","0","3","67301","0","","1.0","","1","N","N","N","0","","0","0","0","3","2","","258","2","0","0","0","0","0","0","2","1","2","0","0","0","3","","","N","","","","","","","","","",""
"2020110401","1434","2","1","0","0","0","0","0","0","0","3","0","","67","12","2020","6","39.997272","-75.162061","1430","6","0","0","0","0","0","0","0","1","","1","0","0","14","1","0","N","0","0","39 59:50.180","","0","75 09:43.420","1","0","0","0","67301","0","0","0","N","0","0","0","1","67301","0","2","2.0","","7","N","N","N","0","0","0","0","0","0","0","","1426","2","0","0","0","0","0","0","2","0","2","0","0","0","3","03","","N","","","","","","","","","",""
"2020109210","2318","1","0","0","0","0","0","0","0","0","7","0","","67","12","2020","4","40.126857","-75.01434","2303","6","0","0","0","0","0","0","0","0","","0","0","0","22","3","0","N","0","0","40 07:36.686","","0","75 00:51.625","0","0","0","0","67301","0","0","0","N","0","0","0","3","67301","0","","4.0","","2","N","N","N","0","","0","0","0","0","0","","2249","1","0","0","0","0","0","0","2","0","1","0","0","0","10","09","","N","","","","","","","","","",""
"2020093222","0111","2","0","0","0","0","0","0","0","0","2","0","","67","10","2020","7","40.011294","-75.106103","0040","6","0","0","0","0","0","0","0","0","","0","0","0","0","3","2","N","1","0","40 00:40.660","","0","75 06:21.970","4","0","0","0","67301","0","0","0","N","0","0","0","3","67301","2","","1.0","","1","N","N","N","0","","0","0","0","2","2","","34","2","2","3","0","0","0","0","2","0","2","0","0","0","3","03","","N","","","","","","","","","",""
"2020091422","1045","0","0","0","0","0","0","0","0","0","8","0","","67","10","2020","5","39.969177","-75.163286","1045","6","0","0","0","0","0","0","0","0","","0","0","0","8","5","1","","1","0","39 58:09.037","","0","75 09:47.830","3","0","0","0","67301","1","0","0","N","1","0","0","2","67301","0","","1.0","","9","N","N","N","0","","1","0","0","3","2","","830","2","1","0","0","0","0","0","2","1","1","1","0","0","7","","","N","","","","","","","","","",""
"2020089227","1150","2","0","0","0","0","0","0","0","0","3","0","","67","10","2020","6","39.915732","-75.152065","1144","6","0","0","0","0","0","0","0","0","","0","0","0","11","1","1","","2","0","39 54:56.635","","0","75 09:07.434","4","0","0","0","67301","0","0","0","N","0","0","0","2","67301","1","","1.0","","1","N","N","N","0","","0","0","0","3","3","","1130","2","1","0","0","0","0","0","2","0","2","0","0","0","3","03","","N","","","","","","","","","",""
"2020067834","2030","0","0","0","0","0","0","0","0","0","8","0","","67","8","2020","6","40.013632","-75.080257","2027","6","0","0","0","0","0","0","0","0","","0","0","0","20","3","1","","1","0","40 00:49.075","","0","75 04:48.925","3","0","0","0","67301","1","0","0","N","1","0","0","2","67301","0","","1.0","","1","N","N","N","0","","1","0","0","0","0","","2024","2","1","0","0","0","0","0","2","0","1","1","0","0","3","03","","N","","","","","","","","","",""
"2020051272","1818","2","0","0","0","0","0","0","0","0","1","0","","67","6","2020","1","40.134374","-75.009144","1814","6","0","0","0","0","0","0","0","1","","0","0","0","18","1","1","","1","0","40 08:03.746","","0","75 00:32.919","8","0","0","0","67301","0","0","0","N","0","0","0","3","67301","0","","1.0","","1","N","N","N","0","","0","0","0","3","4","","1814","2","1","0","0","0","1","0","2","0","2","0","0","0","3","03","","N","","","","","","","","","",""
"2020092009","0250","1","0","0","0","0","0","0","0","0","7","0","","67","10","2020","2","39.956906","-75.154417","0239","6","0","0","0","0","0","0","0","0","","0","0","0","2","3","0","N","0","1","39 57:24.863","2","0","75 09:15.902","0","0","0","0","67301","0","0","0","N","0","0","0","2","68K01","0","","3.0","300.0","8","N","N","N","0","","0","0","0","0","0","N","238","1","0","0","0","0","0","0","2","0","1","0","0","0","7","","","N","","","","","","","","","",""
"2020092354","1213","1","0","0","0","0","0","0","0","0","4","0","","67","10","2020","7","39.995327","-75.231378","1212","6","0","0","0","0","0","1","0","1","","0","0","0","12","1","3","","1","2","39 59:43.177","5","0","75 13:52.960","3","0","0","0","67301","0","0","0","N","0","0","0","3","67301","0","","1.0","1255.0","1","N","N","N","0","","3","0","1","3","3","N","1212","2","3","0","0","0","0","0","2","0","2","0","0","0","3","03","","N","","","","","","","","","",""
"2020053404","2100","0","0","0","0","0","0","0","0","0","7","0","","67","7","2020","7","39.957524","-75.18035","2056","6","0","0","0","0","0","0","0","0","","0","0","0","20","3","1","N","0","2","39 57:27.087","3","0","75 10:49.260","8","0","0","1","67301","0","0","0","N","0","0","0","1","68K01","0","","4.0","2145.0","1","N","N","N","0","","0","0","0","0","0","Y","2054","1","1","0","0","0","1","0","2","0","1","0","0","0","3","","","N","","","","","","","","","",""
"2020089004","0158","1","0","0","0","0","0","0","0","0","5","0","","67","10","2020","1","39.959603","-75.206411","0154","6","0","0","0","0","0","0","0","0","","0","0","0","0","3","0","N","0","0","39 57:34.570","","0","75 12:23.080","0","0","0","0","67301","0","0","0","N","0","0","0","1","67301","0","","6.0","","1","N","N","N","0","","0","0","2","0","0","","23","3","0","0","0","0","0","0","2","0","3","0","0","0","3","","","N","","","","","","","","","",""
"2020095773","1350","2","0","0","0","0","0","0","0","0","4","0","","67","11","2020","2","40.036307","-75.129543","1343","6","0","0","0","0","0","0","0","0","","0","0","0","12","1","0","","1","0","40 02:10.706","","0","75 07:46.353","9","0","0","0","67301","0","0","0","N","0","0","0","2","67301","0","","1.0","","1","N","N","N","0","","0","0","0","3","3","","1215","2","0","0","0","0","0","1","2","0","2","0","0","0","3","03","","N","","","","","","","","","",""
"2020095933","1700","1","0","0","0","0","0","0","0","0","4","0","","67","11","2020","2","39.930767","-75.231807","1700","6","0","1","0","0","0","0","0","0","","0","0","0","16","4","0","","2","0","39 55:50.761","","0","75 13:54.505","0","0","0","0","67301","0","0","0","N","0","0","0","2","67301","0","","1.0","","1","N","N","N","1","","0","0","0","3","3","","1620","2","0","1","0","0","0","0","2","0","2","0","0","0","3","03","","N","","","","","","","","","",""
"2020097435","2318","1","0","0","0","0","0","0","0","0","1","0","","67","10","2020","7","39.977052","-75.199222","2306","6","0","0","0","0","1","0","0","0","","0","0","0","23","3","2","N","0","0","39 58:37.387","","0","75 11:57.199","3","0","0","0","67301","0","0","0","N","0","0","0","4","68K01","0","","1.0","","1","N","N","N","0","","2","0","1","0","0","","2304","2","2","0","0","0","0","0","2","0","2","0","0","0","3","","","N","","","","","","","","","",""
"2020091420","0437","1","0","0","0","0","0","0","0","0","2","0","","67","10","2020","5","40.044291","-75.096344","0432","6","0","0","0","0","1","0","0","0","","0","0","0","4","3","1","","1","0","40 02:39.447","","0","75 05:46.838","3","0","0","0","67301","0","0","0","N","0","0","0","2","67301","0","","1.0","","9","N","N","N","0","","1","0","0","9","3","","430","2","1","0","0","0","0","0","2","1","2","0","0","0","7","","","N","","","","","","","","","",""
"2020090133","2040","0","0","0","0","0","0","0","0","0","5","0","","67","10","2020","2","40.0307","-75.104059","2035","6","0","0","0","0","0","1","0","0","","0","0","0","20","3","0","N","0","0","40 01:50.519","","0","75 06:14.613","0","0","0","0","67301","0","0","0","N","0","0","0","2","67301","0","","1.0","","1","N","N","N","0","","0","0","0","0","0","","2020","2","0","0","0","0","0","0","2","1","2","0","0","0","3","03","","N","","","","","","","","","",""
"2020092748","2153","1","0","0","0","0","0","0","0","0","4","0","","67","10","2020","4","40.004551","-75.132065","2153","6","0","0","0","0","0","0","0","0","","0","0","0","15","1","0","","1","0","40 00:16.383","","0","75 07:55.433","0","0","0","0","67301","0","0","0","N","0","0","0","2","67301","0","","1.0","","1","N","N","N","0","","0","0","1","3","2","","1525","2","0","0","0","0","0","0","2","0","2","0","0","0","3","","","N","","","","","","","","","",""
"2020066408","1224","2","0","0","0","0","0","0","0","0","1","0","","67","8","2020","2","39.952944","-75.134222","1223","6","0","0","0","0","0","1","0","0","","0","0","0","12","1","2","N","0","2","39 57:10.600","4","3","75 08:03.200","8","0","0","0","67301","0","0","0","N","0","0","0","3","67501","0","","1.0","1309.0","1","N","N","N","0","","0","0","1","3","8","N","1223","3","2","0","0","0","2","0","2","0","3","0","0","0","3","03","","N","","","","","","","","","",""
"2020067667","1251","0","0","0","0","0","0","0","0","0","1","0","","67","8","2020","2","40.001084","-75.215384","1250","6","0","0","0","0","0","1","0","0","","0","0","0","21","3","2","","5","0","40 00:03.902","","0","75 12:55.382","3","0","0","0","67301","0","0","0","N","0","0","0","3","67301","0","","1.0","","1","N","N","Y","0","","2","0","1","3","2","","2100","2","2","0","0","0","0","0","2","1","2","0","0","0","3","03","","N","","","","","","","","","",""
"2020067839","1400","2","0","0","0","0","0","0","0","0","4","0","","67","8","2020","3","40.008049","-75.141768","1354","6","0","0","0","0","0","1","0","0","","0","0","0","12","1","1","","1","0","40 00:28.975","","0","75 08:30.365","3","0","0","0","67301","0","0","0","N","0","0","0","2","67301","0","","1.0","","1","N","N","N","0","","1","0","0","3","3","","1250","2","1","0","0","0","0","0","2","0","2","0","0","0","3","03","","N","","","","","","","","","",""
"2020079646","1847","2","0","0","0","0","0","0","0","0","4","0","","67","9","2020","3","39.954583","-75.172983","1840","6","0","0","0","0","0","0","0","0","","0","0","0","18","2","2","","1","0","39 57:16.499","","0","75 10:22.738","3","0","0","0","67301","0","0","0","N","0","0","0","3","67301","0","","1.0","","1","N","N","N","0","","2","0","0","3","2","","1832","2","2","1","0","0","0","0","2","0","2","0","0","0","3","03","","N","","","","","","","","","",""
"2020087183","1259","1","0","0","0","0","0","0","0","0","8","0","","67","10","2020","7","39.935489","-75.184078","1258","6","0","0","0","0","0","0","0","0","","0","0","0","12","1","1","N","0","0","39 56:07.760","","0","75 11:02.680","4","0","0","0","67301","1","0","0","N","1","0","0","2","67301","1","","1.0","","1","N","N","N","0","","0","0","0","0","0","","1255","2","1","0","0","0","0","0","2","0","1","1","0","0","3","03","","N","","","","","","","","","",""
"2020112930","","0","0","0","0","0","0","0","0","0","4","0","","67","2","2020","2","39.897482","-75.252346","","6","0","0","0","0","0","0","0","0","","0","0","0","18","1","1","","1","0","39 53:50.935","","0","75 15:08.445","8","0","0","0","67301","0","0","0","N","0","0","0","2","00000","0","","1.0","","1","","","N","0","","0","0","0","3","2","","1845","2","1","0","0","0","1","0","2","0","2","0","0","0","3","","","N","","","","","","","","","",""
"2020108259","0320","2","0","0","0","0","0","0","0","0","4","0","","67","12","2020","1","39.970549","-75.214327","0320","6","0","0","0","0","0","0","0","0","","0","0","0","3","3","0","","5","1","39 58:13.977","3","0","75 12:51.577","9","0","0","0","67301","0","0","0","N","0","0","0","2","67301","0","","1.0","350.0","9","N","N","N","0","","0","0","0","0","0","Y","320","2","0","0","0","0","0","1","2","0","2","0","0","0","3","","","N","","","","","","","","","",""
"2020089304","0716","0","0","0","0","0","0","0","0","0","8","0","","67","10","2020","5","39.99858","-75.070996","0710","6","0","0","0","0","0","0","0","0","","0","0","0","6","1","1","","1","0","39 59:54.888","","0","75 04:15.587","2","0","0","0","67301","1","0","1","N","0","0","0","2","67301","0","","1.0","","1","N","N","N","1","","0","1","0","3","2","","655","2","1","0","0","0","0","0","2","0","1","1","0","1","3","03","","N","","","","","","","","","",""
"2020090771","0216","1","0","0","0","0","0","0","0","0","7","0","","67","10","2020","6","39.926015","-75.194269","0216","6","0","0","0","0","0","1","0","0","","0","0","0","2","3","0","N","0","0","39 55:33.655","","0","75 11:39.368","0","0","0","0","67301","0","0","0","N","0","0","0","1","68K01","0","","4.0","","1","N","N","N","0","","0","0","0","0","0","","216","1","0","0","0","0","0","0","2","0","1","0","0","0","3","","","N","","","","","","","","","",""
"2020091237","0626","1","0","0","0","0","0","0","0","0","5","0","","67","10","2020","1","39.973545","-75.194027","0621","6","0","0","0","0","0","1","0","0","","0","0","0","6","3","0","N","0","0","39 58:24.762","","0","75 11:38.496","0","0","0","0","67301","0","0","0","N","0","0","0","4","68K01","0","","1.0","","1","N","N","N","0","","0","0","1","0","0","","611","2","0","0","0","0","0","0","2","0","2","0","0","0","3","","","N","","","","","","","","","",""
"2020098258","1655","2","0","0","0","0","0","0","0","0","6","0","","67","10","2020","6","40.019311","-75.191167","1650","6","0","0","0","0","0","1","0","0","","0","0","0","16","1","1","N","0","1","40 01:09.518","2","0","75 11:28.202","8","0","0","0","67301","0","0","0","N","0","0","0","2","67301","0","","1.0","100.0","9","N","N","N","0","","0","0","0","0","0","Y","1615","2","1","1","0","0","1","0","2","0","2","0","0","0","7","04","","N","","","","","","","","","",""
"2020080069","1735","2","0","0","0","0","0","0","0","0","4","0","","67","9","2020","5","40.010893","-75.151413","1730","6","0","0","0","0","0","0","0","0","","0","0","0","17","1","2","","1","0","40 00:39.214","","0","75 09:05.086","3","0","0","0","67301","1","0","0","N","1","0","0","3","67301","0","","1.0","","1","N","N","N","0","","2","0","0","3","2","","1730","3","2","1","0","0","0","0","2","0","2","1","0","0","3","03","","N","","","","","","","","","",""
"2020069927","1734","2","0","0","0","0","0","0","0","0","1","0","","67","8","2020","3","39.918917","-75.246556","1730","6","0","0","0","0","0","0","0","0","","0","0","0","17","1","1","N","0","0","39 55:08.100","","0","75 14:47.600","4","0","0","0","67301","0","0","0","N","0","0","0","3","67301","1","","1.0","","1","N","N","N","1","","0","0","0","0","0","","1725","3","1","0","0","0","0","0","2","0","3","0","0","0","3","","","N","","","","","","","","","",""
"2020079135","2330","1","0","0","0","0","0","0","0","0","5","0","","67","9","2020","1","40.049122","-74.997354","2314","6","0","0","0","0","0","0","0","0","","0","0","0","23","3","2","N","0","0","40 02:56.840","","0","74 59:50.473","3","0","0","0","67301","0","0","0","N","0","0","0","4","68K01","1","","1.0","","1","N","N","N","0","","1","0","1","0","0","","2309","2","2","2","0","0","0","1","2","0","2","0","0","0","3","","","N","","","","","","","","","",""
"2020097399","1643","1","0","0","0","0","0","0","0","0","7","0","45","67","10","2020","6","39.980387","-75.104207","1623","6","0","0","0","0","0","1","0","0","","0","0","0","16","1","1","N","0","1","39 58:49.394","1","0","75 06:15.145","3","0","0","0","67301","0","0","0","N","0","0","0","4","68K01","0","","3.0","1645.0","9","N","N","N","0","","1","0","1","0","0","N","1621","2","1","0","0","0","0","0","2","0","2","0","0","0","7","07","N","Y","4","1","","","N","","","","Y","N"
"2020109550","1750","1","0","0","0","0","0","0","0","0","7","0","","67","12","2020","4","40.052207","-75.175774","1750","6","0","0","0","0","0","0","0","0","","0","0","0","17","3","1","N","0","2","40 03:07.944","5","0","75 10:32.787","4","0","0","0","67301","0","0","0","N","0","0","0","1","67301","1","","2.0","1800.0","7","N","N","N","0","","0","0","0","0","0","Y","1733","1","1","0","0","0","0","0","2","0","1","0","0","0","9","10","","N","","","","","","","","","",""
"2020105240","1917","4","0","0","0","0","0","0","0","0","1","0","","67","12","2020","1","39.998401","-75.128466","1907","6","0","0","0","0","0","0","0","0","","0","0","0","19","3","1","N","0","0","39 59:54.244","","0","75 07:42.477","3","0","0","0","67301","0","0","0","N","0","0","0","1","67301","0","","4.0","","1","N","N","N","0","","1","0","0","0","0","","1907","4","1","1","0","0","0","0","2","0","4","0","0","0","3","03","","N","","","","","","","","","",""
"2020112964","1040","0","0","0","0","0","0","0","0","0","4","0","","67","12","2020","1","39.958286","-75.164069","1038","6","0","0","0","0","0","0","0","0","","0","0","0","10","1","0","","1","0","39 57:29.829","","3","75 09:50.647","0","0","0","0","67301","0","0","0","N","0","0","0","4","67301","0","","1.0","","2","N","N","N","1","","0","0","1","3","2","","1037","2","0","0","0","0","0","0","2","0","2","0","0","0","3","03","","N","","","","","","","","","",""
"2020097729","1931","1","0","0","0","0","0","0","0","0","1","0","","67","11","2020","3","39.965458","-75.185898","1917","6","0","0","0","1","0","0","0","0","","0","0","0","19","3","0","","6","0","39 57:55.647","","2","75 11:09.232","0","0","0","0","67301","0","0","0","N","0","0","0","4","68K01","0","","7.0","","1","N","N","N","1","","0","0","1","3","4","","1913","3","0","0","0","0","0","0","2","0","3","0","0","0","3","","","N","","","","","","","","","",""
"2020108709","0730","1","0","0","0","0","0","0","0","0","7","0","","67","12","2020","2","40.004306","-75.137678","1100","6","0","0","0","0","0","0","0","0","","0","0","0","7","1","0","N","0","0","40 00:15.500","","0","75 08:15.640","9","0","0","0","67301","0","0","0","N","0","0","0","1","67301","0","","5.0","","9","N","N","N","0","","0","0","0","0","0","","720","1","0","0","0","0","0","1","2","0","1","0","0","0","7","07","","N","","","","","","","","","",""
"2020106975","0955","0","0","0","0","0","0","0","0","0","8","0","","67","12","2020","5","40.003185","-75.152576","0945","6","0","0","0","0","0","0","0","0","","0","0","0","9","1","1","","1","0","40 00:11.467","","0","75 09:09.273","8","0","0","0","67301","1","0","0","N","1","0","0","2","67301","0","","1.0","","1","N","N","N","0","","0","0","0","3","2","","940","2","1","0","0","0","1","0","2","1","1","1","0","0","3","03","","N","","","","","","","","","",""
"2020088210","1902","3","0","0","0","0","0","0","0","0","4","0","","67","10","2020","3","40.015272","-75.088901","1900","6","0","0","0","0","0","1","0","0","","0","0","0","18","4","0","","1","0","40 00:54.979","","0","75 05:20.043","0","0","0","0","67301","0","0","0","N","0","0","0","3","67301","0","","1.0","","1","N","N","Y","0","","0","0","0","3","3","","1836","3","0","0","0","0","0","0","2","0","3","0","0","0","3","","","N","","","","","","","","","",""
"2020087550","0608","1","0","0","0","0","0","0","0","0","4","0","","67","10","2020","1","39.957935","-75.164144","0605","6","0","0","0","0","0","1","0","0","","0","0","0","6","5","1","","5","1","39 57:28.566","3","8","75 09:50.918","3","0","0","0","67301","0","0","0","N","0","0","0","3","67301","0","","1.0","715.0","1","N","N","N","0","","1","0","1","3","2","Y","604","2","1","0","0","0","0","0","2","0","2","0","0","0","3","","","N","","","","","","","","","",""