"CRN","ARRIVAL_TM","AUTOMOBILE_COUNT","BELTED_DEATH_COUNT","BELTED_SUSP_SERIOUS_INJ_COUNT","BICYCLE_COUNT","BICYCLE_DEATH_COUNT","BICYCLE_SUSP_SERIOUS_INJ_COUNT","BUS_COUNT","CHLDPAS_DEATH_COUNT","CHLDPAS_SUSP_SERIOUS_INJ_COUNT","COLLISION_TYPE","COMM_VEH_COUNT","CONS_ZONE_SPD_LIM","COUNTY","CRASH_MONTH","CRASH_YEAR","DAY_OF_WEEK","DEC_LATITUDE","DEC_LONGITUDE","DISPATCH_TM","DISTRICT","DRIVER_COUNT_16YR","DRIVER_COUNT_17YR","DRIVER_COUNT_18YR","DRIVER_COUNT_19YR","DRIVER_COUNT_20YR","DRIVER_COUNT_50_64YR","DRIVER_COUNT_65_74YR","DRIVER_COUNT_75PLUS","EST_HRS_CLOSED","FATAL_COUNT","HEAVY_TRUCK_COUNT","HORSE_BUGGY_COUNT","HOUR_OF_DAY","ILLUMINATION","INJURY_COUNT","INTERSECTION_RELATED","INTERSECT_TYPE","LANE_CLOSED","LATITUDE","LN_CLOSE_DIR","LOCATION_TYPE","LONGITUDE","MAX_SEVERITY_LEVEL","MCYCLE_DEATH_COUNT","MCYCLE_SUSP_SERIOUS_INJ_COUNT","MOTORCYCLE_COUNT","MUNICIPALITY","NONMOTR_COUNT","NONMOTR_DEATH_COUNT","NONMOTR_SUSP_SERIOUS_INJ_COUNT","NTFY_HIWY_MAINT","PED_COUNT","PED_DEATH_COUNT","PED_SUSP_SERIOUS_INJ_COUNT","PERSON_COUNT","POLICE_AGCY","POSSIBLE_INJ_COUNT","RDWY_SURF_TYPE_CD","RELATION_TO_ROAD","ROADWAY_CLEARED","ROAD_CONDITION","SCH_BUS_IND","SCH_ZONE_IND","SECONDARY_CRASH","SMALL_TRUCK_COUNT","SPEC_JURIS_CD","SUSP_MINOR_INJ_COUNT","SUSP_SERIOUS_INJ_COUNT","SUV_COUNT","TCD_FUNC_CD","TCD_TYPE","TFC_DETOUR_IND","TIME_OF_DAY","TOTAL_UNITS","TOT_INJ_COUNT","UNBELTED_OCC_COUNT","UNB_DEATH_COUNT","UNB_SUSP_SERIOUS_INJ_COUNT","UNK_INJ_DEG_COUNT","UNK_INJ_PER_COUNT","URBAN_RURAL","VAN_COUNT","VEHICLE_COUNT","VULNERABLE_ROAD_USER_COUNT","VULNERABLE_ROAD_USER_DEATH_COUNT","VULNERABLE_ROAD_USER_SER_INJ_COUNT","WEATHER1","WEATHER2","WORKERS_PRES","WORK_ZONE_IND","WORK_ZONE_LOC","WORK_ZONE_TYPE","WZ_CLOSE_DETOUR","WZ_FLAGGER","WZ_LAW_OFFCR_IND","WZ_LN_CLOSURE","WZ_MOVING","WZ_OTHER","WZ_SHLDER_MDN","WZ_WORKERS_INJ_KILLED"
"2020087185","2356","2","0","0","0","0","0","0","0","0","4","0","","67","10","2020","7","40.037827","-75.142738","2355","6","0","0","0","0","1","0","0","0","","0","0","0","23","3","0","","2","0","40 02:16.177","","0","75 08:33.856","0","0","0","0","67301","0","0","0","N","0","0","0","3","67301","0","","1.0","","1","N","N","N","0","","0","0","1","0","0","","2351","3","0","0","0","0","0","0","2","0","3","0","0","0","3","","","N","","","","","","","","","",""
"2020089226","2236","2","0","0","0","0","0","0","0","0","4","0","","67","10","2020","5","39.943226","-75.153714","2236","6","0","0","1","0","0","0","0","0","","0","0","0","22","3","0","","1","0","39 56:35.612","","0","75 09:13.370","0","0","0","0","67301","0","0","0","N","0","0","0","2","67301","0","","1.0","","1","N","N","N","0","","0","0","0","3","2","","2206","2","0","0","0","0","0","0","2","0","2","0","0","0","3","03","","N","","","","","","","","","",""
"2020087796","1900","1","0","0","0","0","0","0","0","0","4","0","","67","10","2020","2","39.970586","-75.150867","1855","6","0","0","0","0","0","1","0","0","","0","0","0","18","1","3","","1","1","39 58:14.108","2","1","75 09:03.120","3","0","0","0","67301","0","0","0","N","0","0","0","4","67301","0","","1.0","1910.0","1","N","N","N","0","","3","0","1","3","3","N","1850","2","3","0","0","0","0","0","2","0","2","0","0","0","3","03","","N","","","","","","","","","",""
"2020108027","1008","1","0","0","0","0","0","0","0","0","5","0","","67","12","2020","1","39.966231","-75.162339","1006","6","0","0","0","0","0","0","0","0","","0","0","0","1","3","0","N","0","0","39 57:58.430","","0","75 09:44.420","9","0","0","0","67301","0","0","0","N","0","0","0","3","67301","0","","1.0","","1","N","N","N","0","","0","0","2","0","0","","130","3","0","0","0","0","0","1","2","0","3","0","0","0","3","03","","N","","","","","","","","","",""
"2020088901","1029","3","0","0","0","0","0","0","0","0","5","0","","67","10","2020","4","39.961294","-75.161702","1017","6","0","0","0","0","0","0","0","0","","0","0","0","10","1","0","N","0","1","39 57:40.657","2","0","75 09:42.128","0","0","0","0","67301","0","0","0","N","0","0","0","3","67301","0","","6.0","1230.0","1","N","N","N","0","","0","0","2","0","0","N","1014","6","0","0","0","0","0","0","2","1","6","0","0","0","3","","","N","","","","","","","","","",""
"2020092350","1540","1","0","0","0","0","0","0","0","0","4","0","","67","10","2020","5","39.959689","-75.228779","1531","6","0","0","0","0","0","0","0","0","","0","0","0","15","1","1","","1","0","39 57:34.880","","0","75 13:43.604","3","0","0","0","67301","0","0","0","N","0","0","0","2","67301","0","","1.0","","9","N","N","N","0","","1","0","1","3","3","","1519","2","1","0","0","0","0","1","2","0","2","0","0","0","7","04","","N","","","","","","","","","",""
"2020088988","0943","0","0","0","0","0","0","0","0","0","4","0","","67","10","2020","1","39.957321","-75.152234","0943","6","0","0","0","0","0","0","1","0","","0","0","0","9","1","1","","5","1","39 57:26.357","2","2","75 09:08.042","3","0","0","0","67301","0","0","0","N","0","0","0","3","67301","0","","1.0","1030.0","1","N","N","N","0","","1","0","2","3","2","N","935","2","1","0","0","0","0","0","2","0","2","0","0","0","3","03","","N","","","","","","","","","",""
"2020086801","1850","3","0","0","0","0","0","0","0","0","1","0","","67","10","2020","6","39.933742","-75.222767","1854","6","0","0","0","0","0","2","0","0","","0","0","0","18","3","1","Y","0","1","39 56:01.470","6","0","75 13:21.960","3","0","0","0","67301","0","0","0","N","0","0","0","3","67301","0","","1.0","1915.0","9","N","N","N","0","","1","0","1","3","2","Y","1842","4","1","0","0","0","0","0","2","0","4","0","0","0","7","07","","N","","","","","","","","","",""
"2020082331","0917","1","0","0","0","0","0","0","0","0","4","0","","67","10","2020","2","40.085406","-75.037359","0915","6","0","0","0","0","1","0","0","0","","0","0","0","9","1","0","","1","0","40 05:07.463","","0","75 02:14.492","0","0","0","0","67301","0","0","0","N","0","0","0","2","67301","0","","1.0","","1","N","N","N","0","","0","0","0","3","2","","914","2","0","0","0","0","0","0","2","1","2","0","0","0","3","03","","N","","","","","","","","","",""
"2020100803","0249","1","0","0","0","0","0","0","0","0","4","0","","67","11","2020","4","40.00713","-75.094069","0249","6","0","0","0","0","0","0","0","0","","0","0","0","2","3","1","","1","1","40 00:25.667","6","0","75 05:38.650","8","0","0","0","67301","0","0","0","N","0","0","0","2","67301","0","","1.0","330.0","1","N","N","N","1","","0","0","0","3","2","Y","249","2","1","0","0","0","1","0","2","0","2","0","0","0","3","03","","N","","","","","","","","","",""
"2020089182","0630","1","0","0","0","0","0","0","0","0","4","0","","67","10","2020","6","40.036295","-75.071755","0620","6","0","0","0","0","0","0","0","0","","0","0","0","6","3","0","","1","1","40 02:10.662","4","0","75 04:18.319","0","0","0","0","67301","0","0","0","N","0","0","0","2","67301","0","","1.0","714.0","1","N","N","N","0","","0","0","0","3","3","N","619","2","0","0","0","0","0","0","2","1","2","0","0","0","5","","","N","","","","","","","","","",""
"2020108707","1209","2","0","0","0","0","0","0","0","0","3","0","","67","12","2020","7","39.995583","-75.119667","1207","6","0","0","0","0","0","0","0","0","","0","0","0","12","1","0","Y","0","0","39 59:44.100","","0","75 07:10.800","0","0","0","0","67301","0","0","0","N","0","0","0","1","67301","0","","6.0","","1","N","N","N","0","","0","0","1","0","0","","1207","3","0","0","0","0","0","0","2","0","3","0","0","0","4","","","N","","","","","","","","","",""
"2020103921","0956","4","0","0","0","0","0","0","0","0","4","0","","67","12","2020","3","39.959215","-75.231094","0955","6","0","0","1","0","0","0","0","0","","0","0","0","9","1","1","","1","2","39 57:33.175","7","0","75 13:51.938","3","0","0","0","67301","0","0","0","N","0","0","0","4","67301","0","","1.0","1050.0","1","N","N","N","0","","1","0","1","3","2","Y","943","5","1","0","0","0","0","0","2","0","5","0","0","0","4","04","","N","","","","","","","","","",""
"2020090850","1851","1","0","0","0","0","0","0","0","0","8","0","","67","10","2020","4","40.00468","-75.152126","1850","6","0","0","0","0","0","0","0","0","","0","0","0","18","3","1","","1","1","40 00:16.847","1","0","75 09:07.652","3","0","0","0","67301","1","0","0","N","1","0","0","2","67505","0","","1.0","1925.0","1","N","N","N","0","","1","0","0","3","2","N","1850","2","1","0","0","0","0","0","2","0","1","1","0","0","3","03","","N","","","","","","","","","",""
"2020110371","0037","1","0","0","0","0","0","0","0","0","7","0","","67","12","2020","6","40.058028","-75.162819","0035","6","0","0","0","0","0","0","0","0","","0","0","0","0","3","0","N","0","0","40 03:28.899","","7","75 09:46.149","0","0","0","0","67301","0","0","0","N","0","0","0","1","67301","0","","4.0","","2","N","N","N","0","","0","0","0","0","0","","30","1","0","1","0","0","0","0","2","0","1","0","0","0","98","03","","N","","","","","","","","","",""
"2020088914","1751","2","0","0","0","0","0","0","0","0","4","0","","67","10","2020","4","40.017004","-75.15154","1750","6","0","0","0","0","0","0","0","0","","0","0","0","17","1","2","","1","0","40 01:01.213","","0","75 09:05.545","3","0","0","0","67301","0","0","0","N","0","0","0","3","67301","0","","1.0","","1","N","N","N","1","","2","0","0","3","2","","1750","3","2","0","0","0","0","0","2","0","3","0","0","0","3","03","","N","","","","","","","","","",""
"2020088401","1531","1","0","0","0","0","0","0","0","0","4","0","","67","10","2020","4","40.029357","-75.062731","1529","6","0","0","0","0","0","0","0","0","","0","0","0","15","1","4","","5","0","40 01:45.685","","0","75 03:45.831","3","0","0","0","67301","0","0","0","N","0","0","0","7","67301","0","","1.0","","1","N","N","N","0","","4","0","1","3","2","","1509","2","4","0","0","0","0","0","2","0","2","0","0","0","3","03","","N","","","","","","","","","",""
"2020087971","1150","0","0","0","0","0","0","0","0","0","4","0","","67","10","2020","4","40.000972","-75.226278","1152","6","0","0","0","0","0","0","0","0","","0","0","0","11","1","1","N","0","0","40 00:03.500","","7","75 13:34.600","8","0","0","1","67301","0","0","0","N","0","0","0","2","67301","0","","1.0","","1","N","N","N","0","","0","0","1","0","0","","1150","2","1","0","0","0","1","0","2","0","2","0","0","0","3","03","","N","","","","","","","","","",""
"2020101847","2336","1","0","0","0","0","0","0","0","0","4","0","","67","11","2020","3","40.027214","-75.114526","2336","6","0","0","0","0","0","0","0","0","","0","0","0","23","3","1","","2","2","40 01:37.970","4","0","75 06:52.293","3","0","0","0","67301","0","0","0","N","0","0","0","2","67301","0","","1.0","45.0","1","N","Y","N","0","","1","0","1","0","0","Y","2315","2","1","0","0","0","0","1","2","0","2","0","0","0","3","03","","N","","","","","","","","","",""
"2020088509","0415","1","0","0","0","0","0","0","0","0","7","0","","67","10","2020","1","39.957694","-75.164222","0411","6","0","0","0","0","0","0","0","0","","0","0","0","4","3","1","","2","0","39 57:27.700","","2","75 09:51.200","4","0","0","0","67301","0","0","0","N","0","0","0","1","67301","1","","4.0","","1","N","N","N","0","","0","0","0","3","2","","409","1","1","0","0","0","0","0","2","0","1","0","0","0","3","03","","N","","","","","","","","","",""
"2020086808","1703","0","0","0","0","0","0","0","0","0","4","0","","67","10","2020","7","39.999674","-75.098989","1658","6","0","0","0","0","0","0","0","0","","0","0","0","16","2","1","","1","0","39 59:58.827","","0","75 05:56.359","4","0","0","0","67301","0","0","0","N","0","0","0","2","67301","1","","1.0","","1","N","N","N","0","","0","0","2","3","2","","1655","2","1","0","0","0","0","0","2","0","2","0","0","0","3","","","N","","","","","","","","","",""
"2020109211","0805","1","0","0","0","0","0","0","0","0","4","0","","67","12","2020","5","40.112033","-74.990511","0755","6","0","0","0","0","0","1","0","0","","0","0","0","7","5","0","","1","0","40 06:43.320","","0","74 59:25.838","9","0","0","0","67301","0","0","0","N","0","0","0","2","67301","0","","1.0","","7","N","N","N","0","","0","0","0","3","2","","745","2","0","0","0","0","0","1","2","0","2","0","0","0","10","10","","N","","","","","","","","","",""
"2020090755","0137","0","0","0","0","0","0","0","0","0","1","0","","67","10","2020","5","39.95783","-75.162202","0130","6","0","0","0","0","0","0","0","0","","0","0","0","1","3","0","N","0","1","39 57:28.188","3","0","75 09:43.928","0","0","0","0","67301","0","0","0","N","0","0","0","1","68K01","0","","2.0","211.0","1","N","N","N","0","","0","0","2","0","0","N","127","2","0","0","0","0","0","0","2","0","2","0","0","0","3","","","N","","","","","","","","","",""
"2020088511","2126","1","0","0","0","0","0","0","0","0","5","0","","67","10","2020","4","39.98355","-75.159503","2100","6","0","0","0","0","0","0","0","0","","0","0","0","21","3","0","N","0","0","39 59:00.780","","0","75 09:34.210","0","0","0","0","67301","0","0","0","N","0","0","0","2","67301","0","","6.0","","1","N","N","N","0","","0","0","1","0","0","","2100","2","0","0","0","0","0","0","2","0","2","0","0","0","3","03","","N","","","","","","","","","",""
"2020097580","1309","0","0","0","0","0","0","0","0","0","8","0","","67","10","2020","2","39.954387","-75.171366","1309","6","0","0","0","0","0","1","0","0","","0","0","0","13","1","1","","1","0","39 57:15.792","","0","75 10:16.917","4","0","0","0","67301","1","0","0","N","1","0","0","2","67301","1","","1.0","","1","N","N","N","1","","0","0","0","3","2","","1308","2","1","0","0","0","0","0","2","0","1","1","0","0","3","","","N","","","","","","","","","",""
"2020087517","1815","2","0","0","0","0","0","0","0","0","4","0","","67","10","2020","1","39.948352","-75.234771","1808","6","0","0","0","0","0","0","0","0","","0","0","0","17","4","1","","2","0","39 56:54.067","","0","75 14:05.175","8","0","0","0","67301","0","0","0","N","0","0","0","2","67301","0","","1.0","","1","N","N","N","0","","0","0","1","3","3","","1750","3","1","0","0","0","1","1","2","0","3","0","0","0","3","03","","N","","","","","","","","","",""
"2020086811","1635","1","0","0","0","0","0","0","0","0","4","0","","67","10","2020","7","39.977354","-75.147638","1629","6","0","0","0","0","0","2","0","0","","0","0","0","15","1","0","","2","0","39 58:38.474","","0","75 08:51.496","0","0","0","0","67301","0","0","0","N","0","0","0","3","67301","0","","1.0","","1","N","N","N","0","","0","0","1","3","3","","1545","2","0","0","0","0","0","0","2","0","2","0","0","0","3","","","N","","","","","","","","","",""
"2020087787","1410","1","0","0","0","0","0","0","0","0","2","0","","67","10","2020","2","40.081033","-75.028853","1404","6","0","0","0","0","0","0","0","0","","0","0","0","13","1","1","","1","0","40 04:51.720","","0","75 01:43.870","8","0","0","0","67301","0","0","0","N","0","0","0","2","67301","0","","1.0","","1","N","N","N","0","","0","0","1","3","2","","1344","2","1","0","0","0","1","0","2","0","2","0","0","0","3","03","","N","","","","","","","","","",""
"2020110399","0816","0","0","0","0","0","0","0","0","0","8","0","","67","12","2020","4","40.009331","-75.16458","0809","6","0","0","0","0","0","1","0","0","","0","0","0","8","1","1","","1","0","40 00:33.591","","0","75 09:52.487","3","0","0","0","67301","1","0","0","N","1","0","0","2","67301","0","","1.0","","1","N","N","N","0","","1","0","1","3","3","","809","2","1","0","0","0","0","1","2","0","1","1","0","0","3","03","","N","","","","","","","","","",""
"2020088899","1532","0","0","0","0","0","0","0","0","0","1","0","","67","10","2020","5","40.068136","-75.240349","1529","6","0","0","0","0","0","0","0","0","","0","0","0","15","1","0","N","0","0","40 04:05.291","","0","75 14:25.255","0","0","0","0","67301","0","0","0","N","0","0","0","6","67301","0","","1.0","","1","N","N","N","0","","0","0","1","0","0","","1525","2","0","0","0","0","0","0","2","1","2","0","0","0","3","04","","N","","","","","","","","","",""
"2020073162","0615","2","0","1","0","0","0","0","0","0","4","0","","67","9","2020","2","40.00713","-75.094069","0612","6","0","0","0","1","0","1","0","0","","0","0","0","6","5","2","","1","0","40 00:25.667","","1","75 05:38.650","2","0","0","0","67301","0","0","0","N","0","0","0","4","67301","0","","1.0","","1","N","N","N","0","","1","1","0","3","2","","602","2","2","0","0","0","0","0","2","0","2","0","0","0","3","03","","N","","","","","","","","","",""
"2020110977","1040","1","0","0","0","0","0","0","0","0","4","0","","67","12","2020","3","39.961593","-75.175079","1033","6","0","0","0","0","0","0","1","0","","0","0","0","10","1","0","","1","0","39 57:41.736","","0","75 10:30.284","0","0","0","0","67301","0","0","0","N","0","0","0","3","67301","0","","1.0","","9","N","N","N","0","","0","0","1","3","2","","1021","2","0","0","0","0","0","0","2","0","2","0","0","0","3","03","","N","","","","","","","","","",""
"2020113452","1954","2","0","0","0","0","0","0","0","0","1","0","","67","12","2020","3","40.016682","-75.149623","1954","6","0","0","0","0","0","0","0","0","","0","0","0","19","3","1","N","0","0","40 01:00.056","","0","75 08:58.641","3","0","0","0","67301","0","0","0","N","0","0","0","6","67301","0","","1.0","","1","N","N","N","0","","1","0","0","0","0","","1954","2","1","0","0","0","0","0","2","0","2","0","0","0","3","03","","N","","","","","","","","","",""
"2020074578","1740","1","0","0","0","0","0","0","0","0","7","0","","67","8","2020","2","39.9647","-75.221778","1618","6","0","0","0","0","1","0","0","0","","0","0","0","16","1","0","N","0","0","39 57:52.920","","0","75 13:18.400","0","0","0","0","67301","0","0","0","N","0","0","0","1","67301","0","","5.0","","1","N","N","N","0","","0","0","0","0","0","","1618","1","0","0","0","0","0","0","2","0","1","0","0","0","3","03","","N","","","","","","","","","",""
"2020069345","1859","1","0","0","0","0","0","0","0","0","1","0","","67","8","2020","4","40.003084","-75.19447","1859","6","0","0","0","0","0","1","0","0","","0","0","0","18","1","2","N","0","0","40 00:11.101","","0","75 11:40.091","3","0","0","0","67301","0","0","0","N","0","0","0","6","68K01","0","","1.0","","1","N","N","N","1","","1","0","2","0","0","","1853","4","2","0","0","0","1","0","2","0","4","0","0","0","3","","","N","","","","","","","","","",""
"2020069921","0510","1","0","0","0","0","0","0","0","0","5","0","","67","8","2020","1","39.913347","-75.238831","0504","6","0","0","0","0","0","0","0","0","","0","0","0","5","5","1","N","0","1","39 54:48.050","5","0","75 14:19.790","3","0","0","0","67301","0","0","0","N","0","0","0","1","67301","0","","6.0","700.0","9","N","N","Y","1","","1","0","1","0","0","Y","500","4","1","0","0","0","0","0","2","1","4","0","0","0","7","07","","N","","","","","","","","","",""
"2020103635","1759","0","0","0","0","0","0","0","0","0","1","0","","67","10","2020","2","39.959196","-75.172508","1749","6","0","0","0","0","0","0","0","0","","0","0","0","17","1","1","N","0","0","39 57:33.105","","1","75 10:21.029","4","0","0","0","67301","0","0","0","N","0","0","0","2","68K01","1","","1.0","","1","N","N","N","1","","0","0","1","0","0","","1747","2","1","0","0","0","0","0","2","0","2","0","0","0","3","03","","N","","","","","","","","","",""
"2020114044","2044","2","0","0","0","0","0","0","0","0","1","0","","67","12","2020","5","39.977298","-75.158241","2042","6","0","0","0","0","0","0","0","0","","0","0","0","20","3","1","","1","1","39 58:38.272","2","0","75 09:29.666","4","0","0","0","67301","0","0","0","N","0","0","0","5","67505","1","","1.0","2115.0","1","N","N","N","0","","0","0","0","3","2","N","2042","2","1","0","0","0","0","4","2","0","2","0","0","0","3","03","","N","","","","","","","","","",""
"2020087636","0632","1","0","0","0","0","0","0","0","0","1","0","","67","10","2020","3","39.954611","-75.143833","0632","6","0","0","0","0","0","1","0","0","","0","0","0","6","3","2","N","0","2","39 57:16.600","4","3","75 08:37.800","3","0","0","0","67301","0","0","0","N","0","0","0","3","67501","0","","1.0","700.0","9","N","N","N","1","","1","0","0","3","8","N","632","3","2","0","0","0","1","0","2","1","3","0","0","0","7","","","N","","","","","","","","","",""
"2020091017","1213","2","0","0","0","0","0","0","0","0","4","0","","67","10","2020","5","40.006188","-75.151929","1211","6","0","0","0","0","0","0","1","0","","0","0","0","12","1","1","","1","0","40 00:22.276","","0","75 09:06.943","4","0","0","0","67301","0","0","0","N","0","0","0","2","67505","1","","1.0","","9","","","N","0","","0","0","0","3","2","","1210","2","1","0","0","0","0","0","2","0","2","0","0","0","7","","","N","","","","","","","","","",""
"2020098257","2036","2","0","0","0","0","0","0","0","0","1","0","","67","11","2020","2","40.027194","-75.151242","2036","6","0","0","0","0","1","0","0","0","","0","0","0","20","3","1","","1","0","40 01:37.898","","0","75 09:04.471","3","0","0","0","67301","0","0","0","N","0","0","0","2","67301","0","","1.0","","1","N","N","N","0","","1","0","0","9","2","","2035","2","1","1","0","0","0","0","2","0","2","0","0","0","3","03","","N","","","","","","","","","",""
"2020059020","1355","0","0","0","0","0","0","0","0","0","4","0","","67","7","2020","7","40.03535","-75.039468","1343","6","0","0","0","0","0","0","0","0","","0","0","0","13","1","0","","1","1","40 02:07.261","3","0","75 02:22.084","0","0","0","0","67301","0","0","0","N","0","0","0","3","67301","0","","1.0","1420.0","1","N","N","N","0","","0","0","2","3","2","N","1342","2","0","0","0","0","0","0","2","0","2","0","0","0","3","","","N","","","","","","","","","",""
"2020058512","0541","2","0","0","0","0","0","0","0","0","4","0","","67","7","2020","6","39.998509","-75.129281","0541","6","0","0","0","0","0","0","0","0","","0","0","0","5","1","2","","1","0","39 59:54.633","","0","75 07:45.412","3","0","0","0","67301","0","0","0","N","0","0","0","2","67301","0","","1.0","","9","N","N","N","0","","2","0","0","3","2","","541","2","2","0","0","0","0","0","2","0","2","0","0","0","98","","","N","","","","","","","","","",""
"2020080306","2049","0","0","0","1","0","0","0","0","0","8","0","","67","9","2020","2","39.944711","-75.158224","2049","6","0","0","0","0","0","0","0","0","","0","0","0","20","3","1","","1","0","39 56:40.959","","0","75 09:29.607","3","0","0","0","67301","1","0","0","N","0","0","0","2","67301","0","","1.0","","1","N","N","N","0","","1","0","1","3","2","","2049","2","1","1","0","0","0","0","2","0","1","1","0","0","3","03","","N","","","","","","","","","",""
"2020089183","0229","0","0","0","0","0","0","0","0","0","5","0","","67","10","2020","3","40.044722","-75.045306","0229","6","0","0","0","0","0","0","0","0","","0","0","0","2","3","0","N","0","0","40 02:41.000","","0","75 02:43.100","0","0","0","0","67301","0","0","0","N","0","0","0","1","67301","0","","6.0","","1","N","N","N","2","","0","0","2","0","0","","200","5","0","0","0","0","0","0","2","1","5","0","0","0","3","03","","N","","","","","","","","","",""
"2020086529","0203","2","0","0","0","0","0","0","0","0","1","0","","67","10","2020","7","39.980494","-75.157548","0200","6","0","0","0","0","0","0","0","0","","0","0","0","1","3","1","N","0","0","39 58:49.779","","0","75 09:27.172","8","0","0","0","67301","0","0","0","N","0","0","0","1","67505","0","","6.0","","9","N","N","N","0","","0","0","0","0","0","","146","2","1","1","0","0","1","0","2","0","2","0","0","0","7","07","","N","","","","","","","","","",""
"2020086838","0340","0","0","0","0","0","0","0","0","0","7","0","","67","10","2020","7","39.996144","-75.20225","0332","6","0","0","0","0","0","0","0","0","","0","0","0","3","2","1","N","0","2","39 59:46.120","3","0","75 12:08.100","8","0","0","0","67301","0","0","0","N","0","0","0","2","67301","0","","4.0","358.0","9","N","N","N","0","","0","0","0","0","0","N","315","1","1","0","0","0","1","0","2","1","1","0","0","0","7","","","N","","","","","","","","","",""
"2020087336","1500","0","0","0","0","0","0","0","0","0","8","0","","67","10","2020","6","39.956843","-75.169218","1500","6","0","0","0","0","0","1","0","0","","0","0","0","13","1","1","","5","0","39 57:24.633","","0","75 10:09.186","3","0","0","0","67301","1","0","0","N","1","0","0","2","67301","0","","1.0","","9","N","N","N","1","","1","0","0","3","2","","1345","2","1","0","0","0","0","0","2","0","1","1","0","0","7","07","","N","","","","","","","","","",""
"2020111647","1128","1","0","0","0","0","0","0","0","0","1","0","","67","12","2020","4","39.937503","-75.163883","1126","6","0","0","0","0","0","2","0","0","","0","0","0","11","1","1","N","0","1","39 56:15.010","4","0","75 09:49.980","3","0","0","0","67301","0","0","0","N","0","0","0","3","67301","0","","1.0","1215.0","1","N","N","N","0","","1","0","2","3","2","N","1115","3","1","1","0","0","0","0","2","0","3","0","0","0","3","","","N","","","","","","","","","",""
"2020088510","1310","2","0","0","0","0","0","0","0","0","2","0","","67","10","2020","3","39.931761","-75.216739","1310","6","0","0","0","0","0","0","0","0","","0","0","0","13","1","3","","3","0","39 55:54.338","","0","75 13:00.262","3","0","0","0","67301","0","0","0","N","0","0","0","3","67301","0","","1.0","","1","N","N","N","0","","3","0","0","3","2","","1305","2","3","0","0","0","0","0","2","0","2","0","0","0","3","","","N","","","","","","","","","",""
"2020092382","2205","1","0","0","0","0","0","0","0","0","4","0","","67","10","2020","6","40.010941","-75.164646","2204","6","0","0","0","0","0","1","0","0","","0","0","0","22","3","1","","3","0","40 00:39.388","","0","75 09:52.725","4","0","0","0","67301","0","0","0","N","0","0","0","2","67301","1","","1.0","","1","N","N","N","0","","0","0","1","3","2","","2203","2","1","1","0","0","0","0","2","0","2","0","0","0","3","","","N","","","","","","","","","",""
"2020086810","2230","0","0","0","0","0","0","0","0","0","6","0","","67","10","2020","6","39.976213","-75.113879","2230","6","0","0","0","0","0","0","0","0","","0","0","0","22","3","1","N","0","1","39 58:34.365","2","0","75 06:49.966","4","0","0","0","67301","0","0","0","N","0","0","0","2","67301","1","","1.0","1100.0","1","N","N","Y","1","","0","0","0","0","0","N","2230","2","1","0","0","0","0","0","2","1","2","0","0","0","3","03","","N","","","","","","","","","",""
"2020089456","2148","2","0","0","0","0","0","0","0","0","4","0","","67","10","2020","7","39.970153","-75.145021","2144","6","0","0","0","0","0","0","0","0","","0","0","0","21","3","1","","1","0","39 58:12.552","","0","75 08:42.076","3","0","0","0","67301","0","0","0","N","0","0","0","2","67301","0","","1.0","","1","N","N","N","0","","1","0","0","3","2","","2135","2","1","2","0","0","0","0","2","0","2","0","0","0","3","","","N","","","","","","","","","",""
"2020110390","0928","1","0","0","0","0","0","0","0","0","4","0","","67","12","2020","7","39.989858","-75.125431","0927","6","0","0","0","0","0","0","0","0","","0","0","0","9","1","0","","1","0","39 59:23.487","","0","75 07:31.551","0","0","0","0","67301","0","0","0","N","0","0","0","3","67301","0","","1.0","","1","N","N","N","0","","0","0","1","3","2","","910","2","0","0","0","0","0","0","2","0","2","0","0","0","3","","","N","","","","","","","","","",""
"2020089882","0843","1","0","0","1","0","0","0","0","0","8","0","","67","10","2020","6","40.020398","-75.140103","0843","6","0","0","0","0","0","0","0","0","","0","0","0","8","1","1","","1","0","40 01:13.432","","0","75 08:24.370","3","0","0","0","67301","1","0","0","N","0","0","0","2","67301","0","","1.0","","1","N","N","N","0","","1","0","0","3","3","","800","2","1","0","0","0","0","0","2","0","1","1","0","0","3","03","","N","","","","","","","","","",""
"2020091255","0035","1","0","0","0","0","0","0","0","0","1","0","","67","10","2020","4","39.957115","-75.180402","0035","6","0","0","0","0","0","1","0","0","","0","0","0","0","3","0","N","0","1","39 57:25.614","3","0","75 10:49.446","0","0","0","0","67301","0","0","0","N","0","0","0","2","68K01","0","","1.0","100.0","1","N","N","Y","1","","0","0","0","0","0","N","25","2","0","1","0","0","0","0","2","0","2","0","0","0","3","","","N","","","","","","","","","",""
"2020092367","0215","0","0","0","0","0","0","0","0","0","7","0","","67","11","2020","1","39.985326","-75.136175","0215","6","0","1","0","0","0","0","0","0","","0","0","0","2","3","0","","1","0","39 59:07.172","","0","75 08:10.230","0","0","0","0","67301","0","0","0","N","0","0","0","3","67301","0","","4.0","","1","N","N","N","0","","0","0","1","3","2","","215","1","0","0","0","0","0","0","2","0","1","0","0","0","3","","","N","","","","","","","","","",""