"CRN","ARRIVAL_TM","AUTOMOBILE_COUNT","BELTED_DEATH_COUNT","BELTED_SUSP_SERIOUS_INJ_COUNT","BICYCLE_COUNT","BICYCLE_DEATH_COUNT","BICYCLE_SUSP_SERIOUS_INJ_COUNT","BUS_COUNT","CHLDPAS_DEATH_COUNT","CHLDPAS_SUSP_SERIOUS_INJ_COUNT","COLLISION_TYPE","COMM_VEH_COUNT","CONS_ZONE_SPD_LIM","COUNTY","CRASH_MONTH","CRASH_YEAR","DAY_OF_WEEK","DEC_LATITUDE","DEC_LONGITUDE","DISPATCH_TM","DISTRICT","DRIVER_COUNT_16YR","DRIVER_COUNT_17YR","DRIVER_COUNT_18YR","DRIVER_COUNT_19YR","DRIVER_COUNT_20YR","DRIVER_COUNT_50_64YR","DRIVER_COUNT_65_74YR","DRIVER_COUNT_75PLUS","EST_HRS_CLOSED","FATAL_COUNT","HEAVY_TRUCK_COUNT","HORSE_BUGGY_COUNT","HOUR_OF_DAY","ILLUMINATION","INJURY_COUNT","INTERSECTION_RELATED","INTERSECT_TYPE","LANE_CLOSED","LATITUDE","LN_CLOSE_DIR","LOCATION_TYPE","LONGITUDE","MAX_SEVERITY_LEVEL","MCYCLE_DEATH_COUNT","MCYCLE_SUSP_SERIOUS_INJ_COUNT","MOTORCYCLE_COUNT","MUNICIPALITY","NONMOTR_COUNT","NONMOTR_DEATH_COUNT","NONMOTR_SUSP_SERIOUS_INJ_COUNT","NTFY_HIWY_MAINT","PED_COUNT","PED_DEATH_COUNT","PED_SUSP_SERIOUS_INJ_COUNT","PERSON_COUNT","POLICE_AGCY","POSSIBLE_INJ_COUNT","RDWY_SURF_TYPE_CD","RELATION_TO_ROAD","ROADWAY_CLEARED","ROAD_CONDITION","SCH_BUS_IND","SCH_ZONE_IND","SECONDARY_CRASH","SMALL_TRUCK_COUNT","SPEC_JURIS_CD","SUSP_MINOR_INJ_COUNT","SUSP_SERIOUS_INJ_COUNT","SUV_COUNT","TCD_FUNC_CD","TCD_TYPE","TFC_DETOUR_IND","TIME_OF_DAY","TOTAL_UNITS","TOT_INJ_COUNT","UNBELTED_OCC_COUNT","UNB_DEATH_COUNT","UNB_SUSP_SERIOUS_INJ_COUNT","UNK_INJ_DEG_COUNT","UNK_INJ_PER_COUNT","URBAN_RURAL","VAN_COUNT","VEHICLE_COUNT","VULNERABLE_ROAD_USER_COUNT","VULNERABLE_ROAD_USER_DEATH_COUNT","VULNERABLE_ROAD_USER_SER_INJ_COUNT","WEATHER1","WEATHER2","WORKERS_PRES","WORK_ZONE_IND","WORK_ZONE_LOC","WORK_ZONE_TYPE","WZ_CLOSE_DETOUR","WZ_FLAGGER","WZ_LAW_OFFCR_IND","WZ_LN_CLOSURE","WZ_MOVING","WZ_OTHER","WZ_SHLDER_MDN","WZ_WORKERS_INJ_KILLED"
"2020089384","2315","1","0","0","0","0","0","0","0","0","6","0","","67","10","2020","5","40.056658","-75.0467","2304","6","0","0","0","0","0","0","0","0","","0","0","0","22","3","0","","1","0","40 03:23.970","","0","75 02:48.120","9","0","0","0","67301","0","0","0","N","0","0","0","2","67301","0","","1.0","","1","N","N","N","0","","0","0","0","3","2","","2250","2","0","2","0","0","0","2","2","1","2","0","0","0","3","03","","N","","","","","","","","","",""
"2020096984","1152","1","0","0","0","0","0","0","0","0","4","0","","67","11","2020","5","39.914833","-75.151422","1149","6","0","0","0","0","0","0","0","0","","0","0","0","11","1","0","N","0","0","39 54:53.400","","0","75 09:05.120","0","0","0","0","67301","0","0","0","N","0","0","0","1","67301","0","","1.0","","9","N","N","N","0","","0","0","1","0","0","","1145","2","0","0","0","0","0","0","2","0","2","0","0","0","4","","","N","","","","","","","","","",""
"2020089526","0943","0","0","0","0","0","0","0","0","0","1","0","","67","10","2020","4","40.011024","-75.206126","0942","6","0","0","0","0","0","1","0","0","","0","0","0","9","1","1","","3","0","40 00:39.685","","8","75 12:22.055","8","0","0","0","67301","0","0","0","N","0","0","0","4","68K01","0","","1.0","","1","N","N","N","0","","0","0","3","3","3","","939","3","1","0","0","0","1","0","2","0","3","0","0","0","5","","","N","","","","","","","","","",""
"2020100623","1453","0","0","0","0","0","0","0","0","0","5","0","","67","10","2020","2","39.945996","-75.142509","1448","6","0","0","0","0","0","1","0","0","","0","0","0","14","1","1","N","0","0","39 56:45.587","","0","75 08:33.033","3","0","0","0","67301","0","0","0","N","0","0","0","2","68K01","0","","1.0","","1","N","N","N","1","","1","0","1","0","0","","1417","2","1","0","0","0","0","0","2","0","2","0","0","0","3","","","N","","","","","","","","","",""
"2020086208","1552","1","0","0","0","0","0","0","0","0","4","0","","67","10","2020","5","39.994976","-75.170977","1537","6","0","0","0","0","0","1","0","0","","0","0","0","15","1","3","","1","0","39 59:41.913","","0","75 10:15.517","4","0","0","0","67301","0","0","0","N","0","0","0","4","67301","3","","1.0","","1","N","N","N","0","","0","0","1","3","3","","1533","2","3","1","0","0","0","0","2","0","2","0","0","0","3","03","","N","","","","","","","","","",""
"2020092966","1100","1","0","0","0","0","0","0","0","0","5","0","","67","10","2020","7","40.027106","-75.183364","1100","6","0","0","0","0","0","0","0","0","","0","0","0","19","3","1","N","0","0","40 01:37.582","","0","75 11:00.109","3","0","0","0","67301","0","0","0","N","0","0","0","2","67301","0","","6.0","","1","N","N","N","1","","1","0","0","0","0","","1900","2","1","0","0","0","0","0","2","0","2","0","0","0","3","03","","N","","","","","","","","","",""
"2020094736","0925","1","0","0","0","0","0","0","0","0","4","0","","67","10","2020","6","40.036706","-75.040848","0920","6","0","0","0","0","0","0","1","0","","0","0","0","9","1","1","","1","0","40 02:12.142","","0","75 02:27.052","3","0","0","0","67301","0","0","0","N","0","0","0","2","67301","0","","1.0","","9","N","N","N","0","","1","0","1","3","2","","916","2","1","0","0","0","0","0","2","0","2","0","0","0","7","04","","N","","","","","","","","","",""
"2020096137","0155","1","0","0","0","0","0","0","0","0","7","0","45","67","11","2020","1","39.94386","-75.142665","0139","6","0","0","0","0","0","0","0","0","","0","0","0","1","3","0","N","0","0","39 56:37.897","","0","75 08:33.594","0","0","0","0","67301","0","0","0","N","0","0","0","1","68K01","0","","4.0","","1","N","N","N","0","","0","0","0","3","8","","132","1","0","0","0","0","0","0","2","0","1","0","0","0","3","03","N","Y","3","2","","","N","","","","Y","N"
"2020089009","1230","2","0","0","0","0","0","0","0","0","5","0","","67","10","2020","4","39.996306","-75.12575","1225","6","0","0","0","0","0","0","0","0","","0","0","0","12","1","1","N","0","0","39 59:46.700","","0","75 07:32.700","2","0","0","0","67301","0","0","0","N","0","0","0","1","67301","0","","1.0","","1","N","N","Y","0","","0","1","0","0","0","","1220","3","1","0","0","0","0","0","2","1","3","0","0","0","3","03","","N","","","","","","","","","",""
"2020086523","0055","2","0","0","0","0","0","0","0","0","4","0","","67","10","2020","7","39.963363","-75.187417","0050","6","0","0","0","0","0","1","0","0","","0","0","0","0","3","1","","1","1","39 57:48.108","4","0","75 11:14.701","3","0","0","0","67301","0","0","0","N","0","0","0","3","67507","0","","1.0","130.0","9","","","N","0","","1","0","0","3","2","N","50","2","1","0","0","0","0","0","2","0","2","0","0","0","7","","","N","","","","","","","","","",""
"2020087551","2353","1","0","0","0","0","0","0","0","0","1","0","","67","10","2020","2","40.03435","-75.172696","2351","6","0","0","1","0","0","0","0","0","","0","0","0","23","3","0","","1","0","40 02:03.660","","0","75 10:21.707","9","0","0","0","67301","0","0","0","N","0","0","0","3","67301","0","","1.0","","1","N","N","N","0","","0","0","2","3","2","","2322","3","0","0","0","0","0","2","2","0","3","0","0","0","3","","","N","","","","","","","","","",""
"2020108478","0537","1","0","0","0","0","0","0","0","0","99","0","","67","12","2020","1","39.922231","-75.235006","0537","6","0","0","0","0","0","0","0","0","","0","0","0","4","3","1","N","0","0","39 55:20.030","","0","75 14:06.020","8","0","0","0","67301","0","0","0","N","0","0","0","1","67301","0","","1.0","","9","N","N","N","0","","0","0","0","0","0","","420","1","1","0","0","0","1","0","2","0","1","0","0","0","7","","","N","","","","","","","","","",""
"2020093929","2231","2","0","0","0","0","0","0","0","0","1","0","","67","10","2020","3","40.011722","-75.109667","2230","6","0","0","0","1","0","0","0","0","","0","0","0","22","3","1","N","0","0","40 00:42.200","","0","75 06:34.800","3","0","0","0","67301","0","0","0","N","0","0","0","1","67301","0","","6.0","","1","N","N","N","0","","1","0","0","9","9","","2228","2","1","0","0","0","0","0","2","0","2","0","0","0","3","03","","N","","","","","","","","","",""
"2020088001","0101","2","0","0","0","0","0","0","0","0","4","0","","67","10","2020","2","40.013723","-75.097349","1254","6","0","0","0","0","1","0","0","0","","0","0","0","23","3","0","","1","0","40 00:49.401","","0","75 05:50.455","0","0","0","0","67301","0","0","0","N","0","0","0","3","67301","0","","1.0","","1","N","N","N","0","","0","0","0","3","2","","2343","2","0","0","0","0","0","0","2","0","2","0","0","0","3","03","","N","","","","","","","","","",""
"2020105483","2020","1","0","0","0","0","0","0","0","0","1","0","","67","11","2020","1","39.986508","-75.091925","2012","6","0","0","0","0","0","0","0","0","","0","0","0","20","3","1","N","0","1","39 59:11.429","2","0","75 05:30.930","8","0","0","0","67301","0","0","0","N","0","0","0","3","68K01","0","","1.0","2040.0","9","N","N","N","0","","0","0","1","0","0","N","2010","2","1","0","0","0","1","1","2","0","2","0","0","0","7","","","N","","","","","","","","","",""
"2020089158","0841","1","0","0","0","0","0","0","0","0","4","0","","67","10","2020","6","40.028662","-75.20553","0841","6","0","0","0","0","0","0","0","0","","0","0","0","8","1","3","","1","0","40 01:43.183","","0","75 12:19.909","8","0","0","0","67301","0","0","0","N","0","0","0","4","67301","0","","1.0","","9","N","N","N","0","","0","0","1","3","2","","841","2","3","1","0","0","3","1","2","0","2","0","0","0","5","04","","N","","","","","","","","","",""
"2020086348","1015","2","0","0","0","0","0","0","0","0","4","0","","67","10","2020","6","39.986094","-75.234746","1000","6","0","0","0","0","0","0","0","0","","0","0","0","9","1","1","","1","0","39 59:09.938","","0","75 14:05.085","3","0","0","0","67301","0","0","0","N","0","0","0","2","67301","0","","1.0","","9","N","N","N","0","","1","0","1","3","3","","921","3","1","0","0","0","0","0","2","0","3","0","0","0","7","04","","N","","","","","","","","","",""
"2020111219","1324","0","0","0","0","0","0","0","0","0","7","0","","67","12","2020","5","39.963702","-75.16105","1322","6","0","0","0","0","0","0","0","1","","0","0","0","13","1","0","N","0","0","39 57:49.326","","0","75 09:39.781","0","0","0","0","67301","0","0","0","N","0","0","0","2","67301","0","","3.0","","6","N","N","N","1","","0","0","0","3","2","","1319","2","0","0","0","0","0","0","2","1","2","0","0","0","3","10","","N","","","","","","","","","",""
"2020089162","1813","1","0","0","0","0","0","0","0","0","5","0","","67","10","2020","5","39.9725","-75.252694","1752","6","0","0","0","0","0","0","0","0","","0","0","0","22","6","2","N","0","0","39 58:21.000","","0","75 15:09.700","8","0","0","0","67301","1","0","0","N","1","0","0","3","67301","0","","1.0","","1","N","N","N","0","","0","0","1","0","0","","2245","3","2","0","0","0","2","1","2","0","2","1","0","0","3","03","","N","","","","","","","","","",""
"2020110365","2321","2","0","0","0","0","0","0","0","0","4","0","","67","12","2020","6","40.084453","-75.038374","2316","6","0","0","0","0","0","0","0","0","","0","0","0","22","3","0","","1","0","40 05:04.029","","0","75 02:18.148","0","0","0","0","67301","0","0","0","N","0","0","0","2","67301","0","","1.0","","2","N","N","N","0","","0","0","0","3","2","","2255","2","0","0","0","0","0","0","2","0","2","0","0","0","3","03","","N","","","","","","","","","",""
"2020108708","0956","2","0","0","0","0","0","0","0","0","1","0","","67","12","2020","6","40.021125","-75.139925","0951","6","0","0","0","0","0","1","0","1","","0","0","0","9","1","1","","1","1","40 01:16.051","1","0","75 08:23.731","8","0","0","0","67301","0","0","0","N","0","0","0","4","67301","0","","1.0","20.0","1","N","N","N","1","","0","0","0","3","2","N","945","3","1","0","0","0","1","0","2","0","3","0","0","0","3","03","","N","","","","","","","","","",""
"2020088991","2355","1","0","0","0","0","0","0","0","0","5","0","","67","10","2020","4","40.104265","-75.034731","2347","6","0","0","0","0","0","0","0","1","","0","0","0","23","3","0","N","0","0","40 06:15.354","","0","75 02:05.033","0","0","0","0","67301","0","0","0","N","0","0","0","1","67301","0","","6.0","","1","N","N","N","0","","0","0","0","0","0","","2346","3","0","0","0","0","0","0","2","2","3","0","0","0","3","","","N","","","","","","","","","",""
"2020070152","1035","2","0","0","0","0","0","0","0","0","4","0","","67","8","2020","5","40.01978","-75.150624","1018","6","0","0","0","0","0","0","0","0","","0","0","0","10","1","0","","1","0","40 01:11.208","","3","75 09:02.246","0","0","0","0","67301","0","0","0","N","0","0","0","2","67301","0","","1.0","","1","N","N","N","0","","0","0","0","3","2","","1000","2","0","0","0","0","0","0","2","0","2","0","0","0","3","","","N","","","","","","","","","",""
"2020074852","0144","1","0","0","0","0","0","0","0","0","5","0","","67","9","2020","6","39.934669","-75.186056","0144","6","0","0","0","0","0","0","0","0","","0","0","0","11","1","0","N","0","0","39 56:04.810","","1","75 11:09.800","0","0","0","0","67301","0","0","0","N","0","0","0","2","67301","0","","6.0","","99","N","N","N","0","","0","0","1","0","0","","1100","2","0","0","0","0","0","0","2","0","2","0","0","0","99","98","","N","","","","","","","","","",""
"2020074451","1916","2","0","0","0","0","0","0","0","0","4","0","","67","9","2020","1","40.016634","-75.152343","1914","6","0","0","0","0","0","0","0","0","","0","0","0","19","1","0","N","0","1","40 00:59.883","4","0","75 09:08.433","0","0","0","0","67301","0","0","0","N","0","0","0","2","67301","0","","1.0","2055.0","1","N","N","N","0","","0","0","0","0","0","N","1908","2","0","0","0","0","0","0","2","0","2","0","0","0","3","","","N","","","","","","","","","",""
"2020076224","2321","0","0","0","0","0","0","0","0","0","4","0","","67","9","2020","2","40.057383","-75.150912","2320","6","0","0","0","0","0","0","0","0","","0","0","0","23","3","1","","1","0","40 03:26.578","","0","75 09:03.283","3","0","0","0","67301","0","0","0","N","0","0","0","2","67301","0","","1.0","","1","N","N","N","0","","1","0","2","3","3","","2320","2","1","1","0","0","0","0","2","0","2","0","0","0","3","03","","N","","","","","","","","","",""
"2020075030","2224","2","0","0","0","0","0","0","0","0","1","0","","67","9","2020","5","40.008932","-75.071998","2224","6","0","0","0","0","0","0","0","0","","0","0","0","22","3","1","","5","0","40 00:32.156","","0","75 04:19.191","4","0","0","0","67301","0","0","0","N","0","0","0","4","67301","1","","1.0","","9","N","N","N","0","","0","0","0","3","2","","2224","2","1","4","0","0","0","0","2","0","2","0","0","0","7","07","","N","","","","","","","","","",""
"2020090079","0518","1","0","0","0","0","0","0","0","0","5","0","","67","10","2020","3","39.978684","-75.157874","0517","6","0","0","0","0","0","0","0","0","","0","0","0","5","3","0","","1","0","39 58:43.263","","0","75 09:28.346","9","0","0","0","67301","0","0","0","N","0","0","0","3","67505","0","","1.0","","1","N","N","N","0","","0","0","1","3","2","","510","2","0","0","0","0","0","1","2","0","2","0","0","0","3","03","","N","","","","","","","","","",""
"2020067605","0500","1","0","0","0","0","0","0","0","0","7","0","45","67","8","2020","1","39.981155","-75.103173","0446","6","0","0","0","0","0","0","0","0","","0","0","0","4","3","1","N","0","1","39 58:52.157","2","0","75 06:11.423","3","0","0","0","67301","0","0","0","N","0","0","0","1","68K01","0","","4.0","530.0","8","N","N","N","0","","1","0","0","0","0","N","444","1","1","1","0","0","0","0","2","0","1","0","0","0","7","05","N","Y","8","1","","","N","Y","","","","N"
"2020077904","1100","1","0","0","0","0","0","0","0","0","8","0","","67","9","2020","7","39.918968","-75.167131","1056","6","0","0","0","0","0","0","0","0","","0","0","0","10","1","1","","5","0","39 55:08.284","","0","75 10:01.671","3","0","0","0","67301","1","0","0","N","1","0","0","2","67301","0","","1.0","","1","N","N","N","0","","1","0","0","3","2","","1053","2","1","1","0","0","0","0","2","0","1","1","0","0","98","","","N","","","","","","","","","",""
"2020068085","1700","1","0","0","0","0","0","0","0","0","7","0","","67","8","2020","6","40.031786","-75.021432","1648","6","0","0","0","0","0","0","0","0","","0","0","0","16","1","0","N","0","0","40 01:54.429","","0","75 01:17.155","0","0","0","0","67301","0","0","0","N","0","0","0","1","68K01","0","","2.0","","1","N","N","N","0","","0","0","0","0","0","","1645","1","0","0","0","0","0","0","2","0","1","0","0","0","3","","","N","","","","","","","","","",""
"2020080865","1820","2","0","0","0","0","0","0","0","0","2","0","","67","9","2020","3","39.980924","-75.236032","1814","6","0","0","0","1","0","0","0","0","","0","0","0","15","1","2","","2","0","39 58:51.327","","0","75 14:09.716","8","0","0","0","67301","0","0","0","N","0","0","0","3","67301","0","","1.0","","9","N","N","N","0","","0","0","0","3","2","","1521","2","2","0","0","0","2","1","2","0","2","0","0","0","7","07","","N","","","","","","","","","",""
"2020074741","1145","0","0","0","0","0","0","0","0","0","4","0","","67","9","2020","7","39.990188","-75.149918","1145","6","0","0","0","0","0","2","0","0","","0","0","0","11","1","1","","1","0","39 59:24.676","","0","75 08:59.704","4","0","0","0","67301","0","0","0","N","0","0","0","2","67301","1","","1.0","","1","N","N","N","0","","0","0","1","3","2","","1145","2","1","1","0","0","0","0","2","1","2","0","0","0","3","03","","N","","","","","","","","","",""
"2020087176","2243","0","0","0","1","0","0","0","0","0","8","0","","67","10","2020","1","39.942602","-75.157062","2241","6","0","0","0","0","0","0","0","0","","0","0","0","22","3","1","","1","0","39 56:33.366","","0","75 09:25.422","4","0","0","0","67301","1","0","0","N","0","0","0","2","67301","1","","1.0","","1","N","N","N","0","","0","0","1","3","2","","2240","2","1","1","0","0","0","0","2","0","1","1","0","0","3","","","N","","","","","","","","","",""
"2020090781","1550","0","0","0","0","0","0","0","0","0","1","0","","67","10","2020","6","40.044604","-75.002545","1542","6","0","0","0","0","0","0","0","0","","0","0","0","15","1","0","N","0","1","40 02:40.576","2","0","75 00:09.161","0","0","0","0","67301","0","0","0","Y","0","0","0","2","68K01","0","","1.0","1630.0","9","N","N","N","0","","0","0","2","0","0","N","1538","2","0","0","0","0","0","0","2","0","2","0","0","0","4","07","","N","","","","","","","","","",""
"2020075816","0740","4","0","0","0","0","0","0","0","0","4","0","","67","9","2020","3","39.959035","-75.229632","0736","6","0","0","0","0","0","1","0","0","","0","0","0","7","1","0","","2","0","39 57:32.527","","6","75 13:46.676","0","0","0","0","67301","0","0","0","N","0","0","0","2","67301","0","","1.0","","1","N","N","N","0","","0","0","0","3","3","","718","4","0","0","0","0","0","0","2","0","4","0","0","0","3","03","","N","","","","","","","","","",""
"2020075062","1607","1","0","0","0","0","0","0","0","0","7","0","","67","9","2020","1","40.111159","-75.024374","1606","6","0","0","0","0","1","0","0","0","","0","0","0","16","1","1","","1","0","40 06:40.171","","0","75 01:27.748","3","0","0","0","67301","0","0","0","N","0","0","0","2","67301","0","","4.0","","1","N","N","N","0","","1","0","0","3","2","","1605","1","1","0","0","0","0","0","2","0","1","0","0","0","3","","","N","","","","","","","","","",""
"2020091253","0017","0","0","0","0","0","0","0","0","0","7","0","","67","10","2020","4","39.957084","-75.180408","0011","6","0","0","0","0","0","0","0","0","","0","0","0","0","3","1","N","0","1","39 57:25.504","3","0","75 10:49.470","3","0","0","1","67301","0","0","0","N","0","0","0","1","68K01","0","","4.0","35.0","1","N","N","N","0","","1","0","0","0","0","N","8","1","1","0","0","0","0","0","2","0","1","0","0","0","3","","","N","","","","","","","","","",""
"2020087785","1016","0","0","0","0","0","0","0","0","0","7","0","","67","10","2020","3","40.026084","-75.199188","1008","6","0","0","0","0","0","0","0","0","","0","0","0","9","1","1","N","0","1","40 01:33.901","1","0","75 11:57.076","8","0","0","0","67301","0","0","0","N","0","0","0","1","67301","0","","4.0","1035.0","9","N","N","N","0","","0","0","0","0","0","N","950","1","1","0","0","0","1","0","2","1","1","0","0","0","7","","","N","","","","","","","","","",""
"2020088908","1752","0","0","0","0","0","0","0","0","0","4","0","","67","10","2020","4","39.975327","-75.262099","1743","6","0","0","0","0","0","0","0","0","","0","0","0","17","4","1","","2","0","39 58:31.177","","0","75 15:43.556","3","0","0","1","67301","0","0","0","N","0","0","0","3","67301","0","","1.0","","1","N","N","N","0","","1","0","1","0","0","","1739","2","1","0","0","0","0","0","2","0","2","0","0","0","3","03","","N","","","","","","","","","",""
"2020074095","1639","1","0","0","0","0","0","0","0","0","1","0","","67","9","2020","4","39.992147","-75.099277","1639","6","0","0","0","0","0","0","0","0","","0","0","0","15","1","2","N","1","0","39 59:31.730","","0","75 05:57.398","3","0","0","0","67301","0","0","0","N","0","0","0","4","67301","0","","1.0","","1","N","N","N","0","","2","0","1","3","2","","1546","2","2","0","0","0","0","0","2","0","2","0","0","0","3","03","","N","","","","","","","","","",""
"2020074575","2206","2","0","0","0","0","0","0","0","0","4","0","","67","9","2020","5","39.933306","-75.143376","2206","6","0","0","0","0","0","1","0","0","","0","0","0","21","3","0","","2","2","39 55:59.902","6","0","75 08:36.154","0","0","0","0","67301","0","0","0","N","0","0","0","3","67301","0","","1.0","1025.0","9","N","N","Y","1","","0","0","0","3","1","N","2130","3","0","0","0","0","0","0","2","0","3","0","0","0","3","","","N","","","","","","","","","",""
"2020077905","0745","0","0","0","0","0","0","0","0","0","8","0","","67","9","2020","3","39.948056","-75.153846","0743","6","0","0","0","0","0","1","0","0","","0","0","0","7","1","1","N","0","0","39 56:53.001","","0","75 09:13.846","3","0","0","0","67301","1","0","0","N","1","0","0","2","67301","0","","1.0","","1","N","N","N","0","","1","0","1","0","0","","730","2","1","1","0","0","0","0","2","0","1","1","0","0","3","04","","N","","","","","","","","","",""
"2020075486","2323","3","0","0","0","0","0","0","0","0","1","0","","67","9","2020","2","40.02225","-75.148301","2315","6","0","0","0","0","0","0","0","0","","0","0","0","23","3","4","Y","0","1","40 01:20.101","5","0","75 08:53.882","4","0","0","0","67301","0","0","0","N","0","0","0","5","67301","4","","1.0","2350.0","1","N","N","N","0","","0","0","0","3","2","N","2314","3","4","0","0","0","0","0","2","0","3","0","0","0","3","","","N","","","","","","","","","",""
"2020104720","1705","1","0","0","0","0","0","0","0","0","8","0","","67","12","2020","6","39.951852","-75.159824","1700","6","0","0","0","0","0","0","0","0","","0","0","0","16","3","1","","2","0","39 57:06.668","","0","75 09:35.366","3","0","0","0","67301","1","0","0","N","1","0","0","2","67301","0","","1.0","","9","N","N","N","0","","1","0","0","3","2","","1655","2","1","1","0","0","0","0","2","0","1","1","0","0","7","","","N","","","","","","","","","",""
"2020086546","0055","1","0","0","0","0","0","0","0","0","4","0","","67","10","2020","6","40.03971","-75.038363","0049","6","0","0","0","0","0","0","0","0","","0","0","0","23","3","0","","1","0","40 02:22.955","","0","75 02:18.106","0","0","0","0","67301","0","0","0","N","0","0","0","2","67301","0","","1.0","","1","N","N","N","0","","0","0","0","3","3","","2349","2","0","0","0","0","0","0","2","0","2","0","0","0","3","03","","N","","","","","","","","","",""
"2020088356","1157","1","0","0","0","0","0","0","0","0","7","0","","67","10","2020","2","39.973682","-75.193767","1157","6","0","0","0","0","0","0","0","0","","0","0","0","11","1","0","N","0","0","39 58:25.256","","8","75 11:37.562","0","0","0","0","67301","0","0","0","N","0","0","0","1","68K01","0","","4.0","","1","N","N","Y","0","","0","0","0","0","0","","1156","1","0","0","0","0","0","0","2","0","1","0","0","0","3","03","","N","","","","","","","","","",""
"2020086509","1950","1","0","0","0","0","0","0","0","0","4","0","","67","10","2020","5","39.995915","-75.092064","1940","6","0","0","0","0","0","0","0","0","","0","0","0","19","3","0","","1","0","39 59:45.293","","0","75 05:31.432","0","0","0","0","67301","0","0","0","N","0","0","0","2","67301","0","","1.0","","1","N","N","N","0","","0","0","1","3","2","","1935","2","0","1","0","0","0","0","2","0","2","0","0","0","3","03","","N","","","","","","","","","",""
"2020110363","1330","1","0","0","0","0","0","0","0","0","8","0","","67","12","2020","6","39.958132","-75.150458","1325","6","0","0","0","0","0","0","0","0","","0","0","0","9","1","1","","1","0","39 57:29.275","","0","75 09:01.648","4","0","0","0","67301","1","0","0","N","1","0","0","2","67301","1","","1.0","","2","N","N","N","0","","0","0","0","9","2","","940","2","1","0","0","0","0","1","2","0","1","1","0","0","10","98","","N","","","","","","","","","",""
"2020110978","1240","2","0","0","0","0","0","0","0","0","4","0","","67","12","2020","6","39.957429","-75.229271","1237","6","0","0","0","0","0","0","0","0","","0","0","0","11","1","3","","1","0","39 57:26.746","","0","75 13:45.376","8","0","0","0","67301","0","0","0","N","0","0","0","3","67301","0","","1.0","","9","N","N","N","0","","0","0","0","3","2","","1155","2","3","0","0","0","3","0","2","0","2","0","0","0","10","","","N","","","","","","","","","",""
"2020105326","0450","1","0","0","0","0","0","0","0","0","5","0","","67","12","2020","1","40.012275","-75.158747","0448","6","0","0","0","0","0","0","0","0","","0","0","0","4","3","0","N","0","0","40 00:44.190","","0","75 09:31.490","9","0","0","0","67301","0","0","0","N","0","0","0","1","67301","0","","1.0","","1","N","N","N","1","","0","0","2","0","0","","444","4","0","0","0","0","0","1","2","0","4","0","0","0","3","03","","N","","","","","","","","","",""
"2020091626","1627","2","0","0","0","0","0","0","0","0","1","0","","67","10","2020","4","39.995995","-75.082779","1621","6","0","0","0","0","0","1","0","0","","0","0","0","16","1","1","N","0","0","39 59:45.582","","3","75 04:58.005","3","0","0","0","67301","0","0","0","N","0","0","0","4","68K01","0","","1.0","","1","N","N","N","1","","1","0","1","0","0","","1618","4","1","0","0","0","0","0","2","0","4","0","0","0","3","","","N","","","","","","","","","",""
"2020087792","1218","2","0","0","0","0","0","0","0","0","1","0","","67","10","2020","2","39.965808","-75.246149","1109","6","0","0","0","0","0","1","0","0","","0","0","0","11","1","1","","1","0","39 57:56.909","","0","75 14:46.136","3","0","0","0","67301","1","0","0","N","1","0","0","3","67301","0","","1.0","","1","N","N","N","1","","1","0","1","3","2","","1105","5","1","0","0","0","0","0","2","0","4","1","0","0","3","03","","N","","","","","","","","","",""
"2020107400","0735","1","0","0","0","0","0","0","0","0","7","0","","67","12","2020","7","39.998806","-75.159009","0727","6","0","0","0","0","0","0","0","0","","0","0","0","7","5","0","N","2","0","39 59:55.703","","3","75 09:32.434","9","0","0","0","67301","0","0","0","N","0","0","0","1","67301","0","","4.0","","1","N","N","N","0","","0","0","0","3","3","","708","1","0","0","0","0","0","1","2","0","1","0","0","0","3","03","","N","","","","","","","","","",""
"2020109347","1134","2","0","0","0","0","0","0","0","0","1","0","","67","12","2020","3","39.960068","-75.179394","1120","6","0","0","0","0","0","2","1","0","","0","0","0","11","1","0","N","0","1","39 57:36.245","4","0","75 10:45.819","0","0","0","0","67301","0","0","0","N","0","0","0","4","68K01","0","","1.0","1148.0","1","N","N","N","0","","0","0","2","0","0","N","1115","4","0","0","0","0","0","0","2","0","4","0","0","0","3","","","N","","","","","","","","","",""
"2020107401","0920","1","0","0","0","0","0","0","0","0","8","0","","67","12","2020","6","40.001591","-75.152848","0920","6","0","0","0","0","0","0","0","0","","0","0","0","16","1","1","N","0","0","40 00:05.728","","0","75 09:10.252","3","0","0","0","67301","1","0","0","N","1","0","0","3","67301","0","","1.0","","1","N","N","N","0","","1","0","0","3","2","","1600","2","1","0","0","0","0","2","2","0","1","1","0","0","3","03","","N","","","","","","","","","",""
"2020070142","1854","0","0","0","0","0","0","0","0","0","4","0","","67","8","2020","3","40.025259","-75.109235","1845","6","0","0","0","0","0","0","0","0","","0","0","0","18","1","1","","3","0","40 01:30.934","","0","75 06:33.245","8","0","0","1","67301","0","0","0","N","0","0","0","1","67301","0","","1.0","","1","N","N","N","0","","0","0","1","0","0","","1838","2","1","0","0","0","1","0","2","0","2","0","0","0","3","","","N","","","","","","","","","",""