"CRN","ARRIVAL_TM","AUTOMOBILE_COUNT","BELTED_DEATH_COUNT","BELTED_SUSP_SERIOUS_INJ_COUNT","BICYCLE_COUNT","BICYCLE_DEATH_COUNT","BICYCLE_SUSP_SERIOUS_INJ_COUNT","BUS_COUNT","CHLDPAS_DEATH_COUNT","CHLDPAS_SUSP_SERIOUS_INJ_COUNT","COLLISION_TYPE","COMM_VEH_COUNT","CONS_ZONE_SPD_LIM","COUNTY","CRASH_MONTH","CRASH_YEAR","DAY_OF_WEEK","DEC_LATITUDE","DEC_LONGITUDE","DISPATCH_TM","DISTRICT","DRIVER_COUNT_16YR","DRIVER_COUNT_17YR","DRIVER_COUNT_18YR","DRIVER_COUNT_19YR","DRIVER_COUNT_20YR","DRIVER_COUNT_50_64YR","DRIVER_COUNT_65_74YR","DRIVER_COUNT_75PLUS","EST_HRS_CLOSED","FATAL_COUNT","HEAVY_TRUCK_COUNT","HORSE_BUGGY_COUNT","HOUR_OF_DAY","ILLUMINATION","INJURY_COUNT","INTERSECTION_RELATED","INTERSECT_TYPE","LANE_CLOSED","LATITUDE","LN_CLOSE_DIR","LOCATION_TYPE","LONGITUDE","MAX_SEVERITY_LEVEL","MCYCLE_DEATH_COUNT","MCYCLE_SUSP_SERIOUS_INJ_COUNT","MOTORCYCLE_COUNT","MUNICIPALITY","NONMOTR_COUNT","NONMOTR_DEATH_COUNT","NONMOTR_SUSP_SERIOUS_INJ_COUNT","NTFY_HIWY_MAINT","PED_COUNT","PED_DEATH_COUNT","PED_SUSP_SERIOUS_INJ_COUNT","PERSON_COUNT","POLICE_AGCY","POSSIBLE_INJ_COUNT","RDWY_SURF_TYPE_CD","RELATION_TO_ROAD","ROADWAY_CLEARED","ROAD_CONDITION","SCH_BUS_IND","SCH_ZONE_IND","SECONDARY_CRASH","SMALL_TRUCK_COUNT","SPEC_JURIS_CD","SUSP_MINOR_INJ_COUNT","SUSP_SERIOUS_INJ_COUNT","SUV_COUNT","TCD_FUNC_CD","TCD_TYPE","TFC_DETOUR_IND","TIME_OF_DAY","TOTAL_UNITS","TOT_INJ_COUNT","UNBELTED_OCC_COUNT","UNB_DEATH_COUNT","UNB_SUSP_SERIOUS_INJ_COUNT","UNK_INJ_DEG_COUNT","UNK_INJ_PER_COUNT","URBAN_RURAL","VAN_COUNT","VEHICLE_COUNT","VULNERABLE_ROAD_USER_COUNT","VULNERABLE_ROAD_USER_DEATH_COUNT","VULNERABLE_ROAD_USER_SER_INJ_COUNT","WEATHER1","WEATHER2","WORKERS_PRES","WORK_ZONE_IND","WORK_ZONE_LOC","WORK_ZONE_TYPE","WZ_CLOSE_DETOUR","WZ_FLAGGER","WZ_LAW_OFFCR_IND","WZ_LN_CLOSURE","WZ_MOVING","WZ_OTHER","WZ_SHLDER_MDN","WZ_WORKERS_INJ_KILLED"
"2020070332","2215","2","0","0","0","0","0","0","0","0","1","0","","67","8","2020","1","40.033115","-75.145921","2210","6","0","0","0","0","0","0","0","0","","0","0","0","22","3","1","N","0","1","40 01:59.214","1","0","75 08:45.317","8","0","0","0","67301","0","0","0","N","0","0","0","2","67301","0","","1.0","2301.0","9","N","N","N","0","","0","0","0","0","0","N","2200","2","1","0","0","0","1","1","2","0","2","0","0","0","7","04","","N","","","","","","","","","",""
"2020073159","1347","1","0","0","0","0","0","0","0","0","4","0","","67","9","2020","2","39.921017","-75.22412","1345","6","0","0","0","0","0","1","0","0","","0","0","0","13","1","1","","1","0","39 55:15.660","","0","75 13:26.832","3","0","0","0","67301","0","0","0","N","0","0","0","2","67301","0","","1.0","","1","N","N","N","0","","1","0","0","3","2","","1340","2","1","1","0","0","0","0","2","1","2","0","0","0","3","03","","N","","","","","","","","","",""
"2020090763","1922","1","0","0","0","0","0","0","0","0","7","0","","67","10","2020","5","39.894766","-75.194385","1913","6","0","0","0","1","0","0","0","0","","0","0","0","18","1","1","N","0","0","39 53:41.158","","3","75 11:39.786","3","0","0","0","67301","0","0","0","N","0","0","0","3","68K01","0","","2.0","","1","N","N","N","0","","1","0","0","0","0","","1855","1","1","0","0","0","0","0","2","0","1","0","0","0","3","","","N","","","","","","","","","",""
"2020078522","2209","1","0","0","0","0","0","0","0","0","7","0","","67","9","2020","7","40.10175","-75.027639","2201","6","0","0","0","0","0","0","0","0","","0","0","0","21","3","1","","2","0","40 06:06.300","","0","75 01:39.500","3","0","0","0","67301","0","0","0","N","0","0","0","1","67301","0","","4.0","","1","N","N","N","0","","1","0","1","3","3","","2145","2","1","0","0","0","0","0","2","0","2","0","0","0","3","03","","N","","","","","","","","","",""
"2020067609","2222","2","0","0","0","0","0","0","0","0","5","0","","67","8","2020","2","40.048392","-74.999019","2222","6","0","0","0","0","1","0","0","1","","0","0","0","22","3","2","N","0","1","40 02:54.212","2","0","74 59:56.467","8","0","0","0","67301","0","0","0","N","0","0","0","5","68K01","0","","1.0","2246.0","1","N","N","N","0","","0","0","1","0","0","N","2200","3","2","0","0","0","2","0","2","0","3","0","0","0","3","","","N","","","","","","","","","",""
"2020101044","1930","1","0","0","0","0","0","0","0","0","6","0","","67","9","2020","1","39.935161","-75.229414","1914","6","0","0","0","0","0","0","0","0","","0","0","0","19","3","4","N","0","0","39 56:06.580","","0","75 13:45.890","4","0","0","0","67301","0","0","0","N","0","0","0","4","67301","2","","1.0","","1","N","N","N","0","","0","0","2","0","0","","1914","3","4","0","0","0","2","0","2","0","3","0","0","0","3","03","","N","","","","","","","","","",""
"2020066712","1925","2","0","0","0","0","0","0","0","0","4","0","","67","8","2020","2","40.078389","-75.086333","1905","6","0","0","0","0","0","0","1","0","","0","0","0","18","1","1","N","0","0","40 04:42.200","","7","75 05:10.800","3","0","0","0","67301","0","0","0","N","0","0","0","2","67301","0","","6.0","","1","N","N","N","1","","1","0","0","0","0","","1847","3","1","0","0","0","0","0","2","0","3","0","0","0","3","03","","N","","","","","","","","","",""
"2020077352","1701","0","0","0","0","0","0","0","0","0","8","0","","67","9","2020","7","40.045139","-75.058008","1658","6","0","0","0","0","0","0","0","0","","0","0","0","16","1","1","N","0","1","40 02:42.500","2","0","75 03:28.830","3","0","0","0","67301","1","0","0","N","1","0","0","2","67301","0","","1.0","100.0","1","N","N","N","0","","1","0","0","0","0","N","1658","2","1","0","0","0","0","0","2","1","1","1","0","0","3","03","","N","","","","","","","","","",""
"2020113996","0239","0","0","0","0","0","0","0","0","0","7","1","","67","12","2020","3","39.960452","-75.181239","0230","6","0","0","0","0","0","0","0","0","","0","1","0","2","3","1","","7","2","39 57:37.626","4","8","75 10:52.459","8","0","0","0","67301","0","0","0","Y","0","0","0","1","68K01","0","","7.0","400.0","9","N","N","N","0","","0","0","0","0","0","N","228","1","1","0","0","0","1","0","2","0","1","0","0","0","7","","","N","","","","","","","","","",""
"2020067526","0003","1","0","0","0","0","0","0","0","0","6","0","","67","8","2020","2","39.960611","-75.230306","0000","6","0","0","0","0","0","0","0","0","","0","0","0","23","3","1","","2","0","39 57:38.200","","1","75 13:49.100","4","0","0","0","67301","0","0","0","N","0","0","0","1","67301","1","","1.0","","1","N","N","N","1","","0","0","1","0","0","","2337","3","1","0","0","0","0","0","2","0","3","0","0","0","3","03","","N","","","","","","","","","",""
"2020079780","2350","1","0","0","0","0","0","0","0","0","4","0","","67","9","2020","3","40.005844","-75.096417","2347","6","0","0","0","0","1","0","0","0","","0","0","0","20","3","1","","1","0","40 00:21.038","","1","75 05:47.101","3","0","0","0","67301","0","0","0","N","0","0","0","2","67301","0","","1.0","","1","N","N","N","0","","1","0","1","3","2","","2015","2","1","0","0","0","0","0","2","0","2","0","0","0","3","03","","N","","","","","","","","","",""
"2020065753","1123","1","0","0","0","0","0","0","0","0","5","0","","67","8","2020","6","40.115001","-74.987157","1118","6","0","0","0","0","0","1","0","1","","0","0","0","5","5","1","N","0","0","40 06:54.003","","0","74 59:13.765","3","0","0","0","67301","0","0","0","N","0","0","0","2","67301","0","","1.0","","99","N","N","N","1","","1","0","0","0","0","","545","2","1","0","0","0","0","0","2","0","2","0","0","0","3","","","N","","","","","","","","","",""
"2020067014","1245","2","0","0","0","0","0","0","0","0","4","0","","67","8","2020","3","39.960683","-75.141429","1240","6","0","0","0","0","0","0","0","0","","0","0","0","12","1","0","","1","0","39 57:38.457","","0","75 08:29.145","0","0","0","0","67301","0","0","0","N","0","0","0","2","67301","0","","1.0","","1","N","N","N","0","","0","0","0","3","2","","1230","2","0","0","0","0","0","0","2","0","2","0","0","0","3","03","","N","","","","","","","","","",""
"2020067310","1510","0","0","0","0","0","0","0","0","0","4","0","","67","8","2020","4","40.00901","-75.11283","1500","6","0","0","0","0","0","0","0","0","","0","0","0","12","1","1","","1","0","40 00:32.435","","0","75 06:46.188","3","0","0","1","67301","0","0","0","N","0","0","0","3","67301","0","","1.0","","1","N","N","N","0","","1","0","0","3","2","","1205","2","1","0","0","0","0","0","2","1","2","0","0","0","3","03","","N","","","","","","","","","",""
"2020067404","2203","2","0","0","0","0","0","0","0","0","4","0","","67","8","2020","4","39.991503","-75.174997","2236","6","0","0","0","0","0","0","0","0","","0","0","0","22","3","2","","1","0","39 59:29.410","","0","75 10:29.989","3","0","0","0","67301","0","0","0","N","0","0","0","2","67301","0","","1.0","","1","N","N","N","0","","2","0","0","3","3","","2200","2","2","1","0","0","0","0","2","0","2","0","0","0","3","03","","N","","","","","","","","","",""
"2020092304","2145","2","0","0","0","0","0","0","0","0","1","0","","67","10","2020","4","40.016952","-75.174125","2130","6","0","1","0","0","0","0","0","0","","0","0","0","21","3","3","N","0","1","40 01:01.026","1","0","75 10:26.850","4","0","0","0","67301","0","0","0","N","0","0","0","6","67508","3","","1.0","2040.0","1","N","N","Y","0","","0","0","1","0","0","N","2130","4","3","0","0","0","0","0","2","0","4","0","0","0","3","03","","N","","","","","","","","","",""
"2020089163","1310","1","0","0","0","0","0","0","0","0","7","0","","67","10","2020","5","39.988714","-75.187506","1309","6","0","0","0","0","0","0","0","0","","0","0","0","13","1","0","N","0","0","39 59:19.370","","0","75 11:15.020","0","0","0","0","67301","0","0","0","N","0","0","0","1","67301","0","","1.0","","1","N","N","N","0","","0","0","0","0","0","","1307","1","0","0","0","0","0","0","2","0","1","0","0","0","3","03","","N","","","","","","","","","",""
"2020073372","2259","0","0","0","0","0","0","0","0","0","4","0","","67","9","2020","2","39.961565","-75.15179","2241","6","0","0","0","0","0","0","0","0","","0","0","0","22","3","2","","1","0","39 57:41.635","","0","75 09:06.445","3","0","0","0","67301","0","0","0","N","0","0","0","3","67301","0","","1.0","","1","N","N","N","0","","2","0","2","3","2","","2230","2","2","0","0","0","0","1","2","0","2","0","0","0","3","03","","N","","","","","","","","","",""
"2020069740","1648","1","0","0","0","0","0","0","0","0","7","0","","67","8","2020","5","40.054664","-75.169146","1648","6","0","0","0","0","0","0","0","0","","0","0","0","15","1","0","N","0","0","40 03:16.791","","0","75 10:08.925","0","0","0","0","67301","0","0","0","N","0","0","0","1","67301","0","","4.0","","1","N","N","N","0","","0","0","0","0","0","","1527","1","0","0","0","0","0","0","2","0","1","0","0","0","3","03","","N","","","","","","","","","",""
"2020075902","1822","1","0","0","0","0","0","0","0","0","8","0","","67","9","2020","7","39.926269","-75.184391","1820","6","0","0","1","0","0","0","0","0","","0","0","0","18","1","1","","1","0","39 55:34.569","","0","75 11:03.809","4","0","0","0","67301","1","0","0","N","1","0","0","2","67301","1","","1.0","","1","N","N","N","0","","0","0","0","3","2","","1805","2","1","1","0","0","0","0","2","0","1","1","0","0","3","03","","N","","","","","","","","","",""
"2020076648","0133","1","0","0","0","0","0","0","0","0","4","0","","67","9","2020","7","40.000887","-75.105439","0133","6","0","0","0","0","0","0","0","0","","0","0","0","1","3","3","","1","0","40 00:03.193","","1","75 06:19.582","3","0","0","0","67301","0","0","0","N","0","0","0","3","67301","2","","1.0","","1","N","N","N","0","","1","0","1","0","0","","108","2","3","3","0","0","0","0","2","0","2","0","0","0","3","03","","N","","","","","","","","","",""
"2020073046","0245","3","0","0","0","0","0","0","0","0","1","0","","67","9","2020","1","39.905757","-75.193824","0243","6","0","0","0","0","0","0","0","0","","0","0","0","2","3","0","","1","1","39 54:20.725","3","0","75 11:37.765","0","0","0","0","67301","0","0","0","N","0","0","0","3","67301","0","","1.0","315.0","1","N","N","N","0","","0","0","0","3","2","N","230","3","0","0","0","0","0","0","2","0","3","0","0","0","3","03","","N","","","","","","","","","",""
"2020070146","1257","1","0","0","0","0","0","0","0","0","4","0","","67","8","2020","6","40.012534","-75.073301","1255","6","0","0","0","1","0","1","0","0","","0","0","0","12","1","2","","1","0","40 00:45.124","","0","75 04:23.885","3","0","0","0","67301","0","0","0","N","0","0","0","3","67301","0","","1.0","","1","N","Y","N","0","","2","0","1","3","2","","1255","2","2","0","0","0","0","0","2","0","2","0","0","0","3","03","","N","","","","","","","","","",""
"2020089300","1525","1","0","0","0","0","0","0","0","0","4","0","","67","10","2020","5","39.912891","-75.231996","1517","6","0","0","0","0","0","1","0","0","","0","0","0","15","1","1","","2","0","39 54:46.407","","0","75 13:55.185","3","0","0","0","67301","0","0","0","N","0","0","0","2","67301","0","","1.0","","1","N","N","N","0","","1","0","1","0","0","","1517","2","1","2","0","0","0","0","2","0","2","0","0","0","3","03","","N","","","","","","","","","",""
"2020087344","1245","1","0","0","0","0","0","0","0","0","4","0","","67","10","2020","1","40.000631","-75.132891","1242","6","0","0","0","1","0","1","0","0","","0","0","0","12","1","1","","1","0","40 00:02.271","","0","75 07:58.407","4","0","0","0","67301","0","0","0","N","0","0","0","2","67301","1","","1.0","","1","N","N","N","0","","0","0","1","3","2","","1242","2","1","2","0","0","0","0","2","0","2","0","0","0","3","03","","N","","","","","","","","","",""
"2020086839","2110","3","0","0","0","0","0","0","0","0","1","0","","67","10","2020","7","40.044831","-75.143471","2110","6","0","0","0","1","0","0","0","0","","0","0","0","20","3","0","Y","0","0","40 02:41.391","","0","75 08:36.496","9","0","0","0","67301","0","0","0","N","0","0","0","4","67301","0","","1.0","","1","N","N","N","0","","0","0","1","3","2","","2045","4","0","4","0","0","0","1","2","0","4","0","0","0","3","","","N","","","","","","","","","",""
"2020112095","0402","2","0","0","0","0","0","0","0","0","2","0","","67","12","2020","6","40.020304","-75.114158","0402","6","0","0","1","0","1","0","0","0","","0","0","0","4","3","2","","1","0","40 01:13.096","","0","75 06:50.969","3","0","0","0","67301","0","0","0","N","0","0","0","4","67301","0","","1.0","","9","N","N","N","0","","2","0","0","3","2","","400","2","2","0","0","0","0","0","2","0","2","0","0","0","7","07","","N","","","","","","","","","",""
"2020086217","0945","1","0","0","0","0","0","0","0","0","4","0","","67","10","2020","5","40.054015","-75.144752","0906","6","0","0","0","0","0","0","0","0","","0","0","0","8","1","1","","1","0","40 03:14.454","","0","75 08:41.107","3","0","0","0","67301","0","0","0","N","0","0","0","2","67301","0","","1.0","","1","N","N","N","1","","1","0","0","3","2","","838","2","1","1","0","0","0","0","2","0","2","0","0","0","3","03","","N","","","","","","","","","",""
"2020088626","0937","1","0","0","0","0","0","0","0","0","4","0","","67","10","2020","1","39.920315","-75.225794","0937","6","0","0","0","0","0","0","0","0","","0","0","0","9","1","1","","1","0","39 55:13.133","","0","75 13:32.858","3","0","0","0","67301","0","0","0","N","0","0","0","6","67301","0","","1.0","","1","N","N","N","0","","1","0","1","3","3","","927","2","1","0","0","0","0","0","2","0","2","0","0","0","3","03","","N","","","","","","","","","",""
"2020089517","0456","1","0","0","0","0","0","0","0","0","1","0","55","67","10","2020","3","39.899083","-75.167139","0445","6","0","0","0","0","0","0","0","0","","0","0","0","4","3","0","N","0","2","39 53:56.697","1","3","75 10:01.699","0","0","0","0","67301","0","0","0","N","0","0","0","2","68K01","0","","1.0","530.0","9","N","N","N","0","","0","0","1","0","0","N","444","2","0","0","0","0","0","0","2","0","2","0","0","0","7","","N","Y","4","2","","","N","Y","","","","N"
"2020099407","0343","1","0","0","0","0","0","0","0","0","7","0","","67","11","2020","1","39.932683","-75.20004","0333","6","0","0","0","0","0","0","0","0","","0","0","0","3","3","1","N","0","0","39 55:57.660","","0","75 12:00.145","3","0","0","0","67301","0","0","0","N","0","0","0","1","68K01","0","","3.0","","1","N","N","N","0","","1","0","0","0","0","","332","1","1","0","0","0","0","0","2","0","1","0","0","0","3","","","N","","","","","","","","","",""
"2020087337","2202","1","0","0","0","0","0","0","0","0","4","0","","67","10","2020","1","39.933226","-75.189677","2201","6","0","0","0","0","0","0","0","0","","0","0","0","21","3","0","","1","0","39 55:59.613","","0","75 11:22.837","0","0","0","0","67301","0","0","0","N","0","0","0","2","67301","0","","1.0","","1","N","N","N","0","","0","0","1","3","3","","2156","2","0","0","0","0","0","0","2","0","2","0","0","0","3","","","N","","","","","","","","","",""
"2020087698","1310","1","0","0","1","0","0","0","0","0","8","0","","67","10","2020","3","39.955857","-75.19146","1307","6","0","0","0","0","0","0","0","0","","0","0","0","13","1","1","","1","0","39 57:21.085","","0","75 11:29.255","8","0","0","0","67301","1","0","0","N","0","0","0","2","67507","0","","1.0","","1","N","N","N","0","","0","0","0","3","2","","1300","2","1","0","0","0","1","1","2","0","1","1","0","0","3","","","N","","","","","","","","","",""
"2020094290","0925","0","0","0","1","0","0","0","0","0","8","0","","67","10","2020","5","39.953555","-75.173176","0917","6","0","0","0","0","0","0","0","0","","0","0","0","8","1","1","","1","0","39 57:12.798","","0","75 10:23.433","3","0","0","0","67301","1","0","0","N","0","0","0","2","67301","0","","1.0","","1","N","N","N","0","","1","0","1","3","2","","840","2","1","0","0","0","0","0","2","0","1","1","0","0","4","04","","N","","","","","","","","","",""
"2020088909","2009","5","0","0","0","0","0","0","0","0","5","0","","67","10","2020","6","40.007867","-75.147781","2008","6","0","0","0","0","0","0","0","0","","0","0","0","20","3","0","N","0","0","40 00:28.320","","0","75 08:52.010","0","0","0","0","67301","0","0","0","N","0","0","0","1","67301","0","","6.0","","1","N","N","N","0","","0","0","4","0","0","","2000","9","0","0","0","0","0","0","2","0","9","0","0","0","4","04","","N","","","","","","","","","",""
"2020088989","1023","1","0","0","0","0","0","0","0","0","8","0","","67","10","2020","3","39.9482","-75.16443","1013","6","0","0","0","0","0","0","0","0","","0","0","0","9","1","1","","1","0","39 56:53.519","","0","75 09:51.947","3","0","0","0","67301","1","0","0","N","1","0","0","2","67301","0","","1.0","","9","N","N","N","0","","1","0","0","3","2","","930","2","1","0","0","0","0","0","2","0","1","1","0","0","7","04","","N","","","","","","","","","",""
"2020089006","2027","3","0","0","0","0","0","0","0","0","4","0","","67","10","2020","4","39.964049","-75.191594","2027","6","0","0","0","0","0","0","0","0","","0","0","0","20","3","0","","1","0","39 57:50.576","","0","75 11:29.738","9","0","0","0","67301","0","0","0","N","0","0","0","2","67301","0","","1.0","","1","N","N","N","0","","0","0","1","3","2","","2012","4","0","0","0","0","0","2","2","0","4","0","0","0","3","03","","N","","","","","","","","","",""
"2020092373","0916","0","0","0","0","0","0","0","0","0","1","0","","67","10","2020","5","40.040223","-75.155896","0916","6","0","0","0","0","0","1","0","0","","0","0","0","8","1","1","N","0","0","40 02:24.804","","7","75 09:21.225","8","0","0","0","67301","0","0","0","N","0","0","0","3","67301","0","","1.0","","9","N","N","N","0","","0","0","3","3","2","","850","3","1","0","0","0","1","1","2","0","3","0","0","0","7","","","N","","","","","","","","","",""
"2020086204","0433","1","0","0","0","0","0","0","0","0","98","0","","67","10","2020","5","39.996346","-75.236737","0433","6","0","0","0","0","0","0","0","0","","0","0","0","4","3","1","N","0","0","39 59:46.844","","0","75 14:12.253","4","0","0","0","67301","0","0","0","N","0","0","0","1","67301","1","","1.0","","1","N","N","N","0","","0","0","0","0","0","","430","1","1","0","0","0","0","0","2","0","1","0","0","0","3","03","","N","","","","","","","","","",""
"2020088177","1340","1","0","0","0","0","0","0","0","0","4","0","","67","10","2020","4","39.947581","-75.191329","1334","6","0","0","0","0","0","0","0","1","","0","0","0","13","1","1","","3","0","39 56:51.292","","0","75 11:28.784","4","0","0","0","67301","0","0","0","N","0","0","0","2","67504","1","","1.0","","1","N","N","N","0","","0","0","1","3","2","","1334","2","1","0","0","0","0","0","2","0","2","0","0","0","3","03","","N","","","","","","","","","",""
"2020092351","1325","2","0","0","0","0","0","0","0","0","4","0","","67","10","2020","7","39.957013","-75.213331","1325","6","0","0","0","0","0","1","0","0","","0","0","0","13","1","0","","1","0","39 57:25.245","","0","75 12:47.990","0","0","0","0","67301","0","0","0","N","0","0","0","3","67301","0","","1.0","","1","N","N","N","0","","0","0","0","3","2","","1325","2","0","0","0","0","0","0","2","0","2","0","0","0","3","","","N","","","","","","","","","",""
"2020098929","2306","1","0","0","0","0","0","0","0","0","1","0","","67","10","2020","3","40.034177","-75.038515","2303","6","0","0","0","0","0","0","0","0","","0","0","0","22","3","0","N","0","0","40 02:03.037","","0","75 02:18.653","0","0","0","0","67301","0","0","0","N","0","0","0","3","67301","0","","1.0","","9","N","N","N","0","","0","0","1","0","0","","2251","2","0","0","0","0","0","0","2","0","2","0","0","0","7","","","N","","","","","","","","","",""
"2020094291","0000","1","0","0","0","0","0","0","0","0","8","0","","67","10","2020","6","39.950534","-75.173815","0000","6","0","0","0","0","0","0","0","0","","0","0","0","16","4","1","","1","0","39 57:01.924","","0","75 10:25.734","8","0","0","0","67301","1","0","0","N","1","0","0","2","67301","0","","1.0","","99","N","N","N","0","","0","0","0","3","2","","1645","2","1","0","0","0","1","0","2","0","1","1","0","0","3","03","","N","","","","","","","","","",""
"2020099872","2237","0","0","0","0","0","0","0","0","0","8","0","","67","11","2020","1","39.959472","-75.233175","2235","6","0","0","0","0","0","0","0","0","","0","0","0","22","3","1","","1","0","39 57:34.098","","0","75 13:59.431","3","0","0","0","67301","1","0","0","N","1","0","0","2","67301","0","","1.0","","1","N","N","N","0","","1","0","0","3","2","","2230","2","1","0","0","0","0","0","2","0","1","1","0","0","3","03","","N","","","","","","","","","",""
"2020089301","1938","1","0","0","0","0","0","0","0","0","7","0","","67","10","2020","5","39.908972","-75.248853","1936","6","0","0","0","0","0","0","0","0","","0","0","0","15","1","0","","11","0","39 54:32.300","","0","75 14:55.870","0","0","0","0","67301","0","0","0","N","0","0","0","1","67301","0","","4.0","","1","N","N","N","0","","0","0","0","0","0","","1541","1","0","0","0","0","0","0","2","0","1","0","0","0","3","03","","N","","","","","","","","","",""
"2020096714","2249","2","0","0","0","0","0","0","0","0","5","0","","67","10","2020","5","39.957296","-75.146612","2243","6","0","0","0","0","0","0","0","0","","0","0","0","22","3","0","N","0","1","39 57:26.266","3","0","75 08:47.803","0","0","0","0","67301","0","0","0","N","0","0","0","2","68K01","0","","1.0","30.0","9","N","N","N","0","","0","0","0","0","0","N","2239","2","0","0","0","0","0","0","2","0","2","0","0","0","7","","","N","","","","","","","","","",""
"2020097434","1942","2","0","0","0","0","0","0","0","0","5","0","","67","10","2020","7","39.886993","-75.204939","1936","6","0","0","0","0","0","0","0","0","","0","0","0","19","3","2","N","0","1","39 53:13.173","1","3","75 12:17.779","3","0","0","0","67301","0","0","0","N","0","0","0","3","68K01","1","","1.0","2030.0","1","N","N","N","0","","1","0","0","0","0","N","1935","2","2","0","0","0","0","0","2","0","2","0","0","0","3","","","N","","","","","","","","","",""
"2020088897","1755","1","0","0","0","0","0","0","0","0","1","0","","67","10","2020","3","39.903795","-75.198069","1748","6","0","0","0","0","0","0","0","0","","0","0","0","17","1","1","N","0","0","39 54:13.661","","3","75 11:53.049","3","0","0","0","67301","0","0","0","N","0","0","0","2","67301","0","","1.0","","1","N","N","N","0","","1","0","1","0","0","","1748","2","1","1","0","0","0","0","2","0","2","0","0","0","3","03","","N","","","","","","","","","",""
"2020092317","0246","1","0","0","0","0","0","0","0","0","2","0","","67","10","2020","7","40.041367","-75.097955","0244","6","0","0","0","0","0","0","0","0","","0","0","0","2","3","0","","2","0","40 02:28.921","","0","75 05:52.637","9","0","0","0","67301","0","0","0","N","0","0","0","1","67301","0","","9.0","","1","N","N","N","0","","0","0","0","3","3","","240","2","0","0","0","0","0","1","2","1","2","0","0","0","3","03","","N","","","","","","","","","",""
"2020087524","1914","1","0","0","0","0","0","0","0","0","7","0","","67","10","2020","1","39.997536","-75.102517","1914","6","0","0","0","0","0","0","0","0","","0","0","0","19","2","0","N","0","0","39 59:51.130","","0","75 06:09.060","9","0","0","0","67301","0","0","0","N","0","0","0","1","67301","0","","4.0","","1","N","N","N","0","","0","0","0","0","0","","1914","1","0","0","0","0","0","1","2","0","1","0","0","0","3","03","","N","","","","","","","","","",""
"2020067411","0503","1","0","0","0","0","0","0","0","0","7","0","","67","8","2020","1","40.007223","-75.192775","0503","6","0","0","0","0","0","1","0","0","","0","0","0","5","3","0","N","0","1","40 00:26.001","2","3","75 11:33.990","0","0","0","0","67301","0","0","0","N","0","0","0","1","67301","0","","4.0","520.0","9","N","N","N","0","","0","0","0","0","0","N","503","1","0","0","0","0","0","0","2","0","1","0","0","0","7","07","","N","","","","","","","","","",""
"2020076790","1657","0","0","0","0","0","0","0","0","0","1","0","","67","9","2020","6","39.916398","-75.167513","1657","6","0","0","0","0","0","1","0","0","","0","0","0","15","1","1","","1","0","39 54:59.032","","0","75 10:03.046","3","0","0","0","67301","0","0","0","N","0","0","0","2","67301","0","","1.0","","1","N","N","N","1","","1","0","1","3","2","","1500","2","1","0","0","0","0","0","2","0","2","0","0","0","3","03","","N","","","","","","","","","",""
"2020086505","1652","1","0","0","0","0","0","0","0","0","4","0","","67","10","2020","6","40.067193","-75.166061","1650","6","0","0","0","0","0","0","0","0","","0","0","0","16","1","1","","2","0","40 04:01.893","","0","75 09:57.821","8","0","0","0","67301","0","0","0","N","0","0","0","2","67301","0","","1.0","","9","N","N","N","0","","0","0","1","3","3","","1639","2","1","0","0","0","1","1","2","0","2","0","0","0","7","04","","N","","","","","","","","","",""
"2020096699","1630","4","0","0","0","0","0","0","0","0","1","0","","67","10","2020","7","39.993904","-75.199351","1613","6","0","0","0","0","0","0","0","0","","0","0","0","16","1","5","N","0","2","39 59:38.055","3","0","75 11:57.663","8","0","0","0","67301","0","0","0","N","0","0","0","5","68K01","0","","2.0","1723.0","1","N","N","N","0","","0","0","0","0","0","N","1612","4","5","0","0","0","5","0","2","0","4","0","0","0","3","","","N","","","","","","","","","",""
"2020092343","0725","1","0","0","0","0","0","0","0","0","5","0","","67","10","2020","5","40.030465","-75.064717","0724","6","0","0","0","0","0","1","0","0","","0","0","0","7","1","0","N","0","0","40 01:49.673","","0","75 03:52.982","0","0","0","0","67301","0","0","0","N","0","0","0","1","67301","0","","6.0","","9","N","N","N","0","","0","0","1","0","0","","724","3","0","1","0","0","0","0","2","1","3","0","0","0","7","","","N","","","","","","","","","",""
"2020091639","2031","2","0","0","0","0","0","0","0","0","1","0","","67","10","2020","6","39.957177","-75.152723","2026","6","0","0","0","0","0","0","0","0","","0","0","0","19","3","1","N","0","0","39 57:25.836","","2","75 09:09.802","4","0","0","0","67301","0","0","0","N","0","0","0","5","68K01","1","","1.0","","1","N","N","N","1","","0","0","0","0","0","","1951","3","1","0","0","0","0","1","2","0","3","0","0","0","3","","","N","","","","","","","","","",""
"2020090770","0120","1","0","0","0","0","0","0","0","0","7","0","","67","10","2020","6","39.929845","-75.198059","0120","6","0","0","0","0","0","0","0","0","","0","0","0","1","3","0","N","0","0","39 55:47.442","","0","75 11:53.014","0","0","0","0","67301","0","0","0","N","0","0","0","2","68K01","0","","1.0","","1","N","N","Y","0","","0","0","0","0","0","","120","1","0","0","0","0","0","0","2","0","1","0","0","0","3","","","N","","","","","","","","","",""