"CRN","ARRIVAL_TM","AUTOMOBILE_COUNT","BELTED_DEATH_COUNT","BELTED_SUSP_SERIOUS_INJ_COUNT","BICYCLE_COUNT","BICYCLE_DEATH_COUNT","BICYCLE_SUSP_SERIOUS_INJ_COUNT","BUS_COUNT","CHLDPAS_DEATH_COUNT","CHLDPAS_SUSP_SERIOUS_INJ_COUNT","COLLISION_TYPE","COMM_VEH_COUNT","CONS_ZONE_SPD_LIM","COUNTY","CRASH_MONTH","CRASH_YEAR","DAY_OF_WEEK","DEC_LATITUDE","DEC_LONGITUDE","DISPATCH_TM","DISTRICT","DRIVER_COUNT_16YR","DRIVER_COUNT_17YR","DRIVER_COUNT_18YR","DRIVER_COUNT_19YR","DRIVER_COUNT_20YR","DRIVER_COUNT_50_64YR","DRIVER_COUNT_65_74YR","DRIVER_COUNT_75PLUS","EST_HRS_CLOSED","FATAL_COUNT","HEAVY_TRUCK_COUNT","HORSE_BUGGY_COUNT","HOUR_OF_DAY","ILLUMINATION","INJURY_COUNT","INTERSECTION_RELATED","INTERSECT_TYPE","LANE_CLOSED","LATITUDE","LN_CLOSE_DIR","LOCATION_TYPE","LONGITUDE","MAX_SEVERITY_LEVEL","MCYCLE_DEATH_COUNT","MCYCLE_SUSP_SERIOUS_INJ_COUNT","MOTORCYCLE_COUNT","MUNICIPALITY","NONMOTR_COUNT","NONMOTR_DEATH_COUNT","NONMOTR_SUSP_SERIOUS_INJ_COUNT","NTFY_HIWY_MAINT","PED_COUNT","PED_DEATH_COUNT","PED_SUSP_SERIOUS_INJ_COUNT","PERSON_COUNT","POLICE_AGCY","POSSIBLE_INJ_COUNT","RDWY_SURF_TYPE_CD","RELATION_TO_ROAD","ROADWAY_CLEARED","ROAD_CONDITION","SCH_BUS_IND","SCH_ZONE_IND","SECONDARY_CRASH","SMALL_TRUCK_COUNT","SPEC_JURIS_CD","SUSP_MINOR_INJ_COUNT","SUSP_SERIOUS_INJ_COUNT","SUV_COUNT","TCD_FUNC_CD","TCD_TYPE","TFC_DETOUR_IND","TIME_OF_DAY","TOTAL_UNITS","TOT_INJ_COUNT","UNBELTED_OCC_COUNT","UNB_DEATH_COUNT","UNB_SUSP_SERIOUS_INJ_COUNT","UNK_INJ_DEG_COUNT","UNK_INJ_PER_COUNT","URBAN_RURAL","VAN_COUNT","VEHICLE_COUNT","VULNERABLE_ROAD_USER_COUNT","VULNERABLE_ROAD_USER_DEATH_COUNT","VULNERABLE_ROAD_USER_SER_INJ_COUNT","WEATHER1","WEATHER2","WORKERS_PRES","WORK_ZONE_IND","WORK_ZONE_LOC","WORK_ZONE_TYPE","WZ_CLOSE_DETOUR","WZ_FLAGGER","WZ_LAW_OFFCR_IND","WZ_LN_CLOSURE","WZ_MOVING","WZ_OTHER","WZ_SHLDER_MDN","WZ_WORKERS_INJ_KILLED"
"2020090795","1447","1","0","0","0","0","0","0","0","0","1","0","45","67","10","2020","7","39.982627","-75.099906","1420","6","0","0","0","0","0","0","0","0","","0","0","0","14","1","0","N","0","1","39 58:57.458","2","0","75 05:59.663","0","0","0","0","67301","0","0","0","N","0","0","0","4","68K01","0","","1.0","1530.0","1","N","N","N","0","","0","0","1","0","0","N","1418","2","0","0","0","0","0","0","2","0","2","0","0","0","3","","N","Y","4","1","","","N","","","","Y","N"
"2020089387","1609","1","0","0","0","0","0","0","0","0","5","0","","67","10","2020","6","40.028534","-75.146925","1609","6","0","0","0","0","0","0","0","0","","0","0","0","16","1","1","N","0","1","40 01:42.722","1","0","75 08:48.929","3","0","0","0","67301","0","0","0","N","0","0","0","1","67301","0","","6.0","125.0","1","N","N","N","0","","1","0","1","0","0","Y","1609","2","1","0","0","0","0","0","2","0","2","0","0","0","3","03","","N","","","","","","","","","",""
"2020104834","0838","2","0","0","0","0","0","0","0","0","5","0","","67","11","2020","5","39.960112","-75.179783","0828","6","0","0","0","0","0","0","0","0","","0","0","0","8","1","0","N","0","1","39 57:36.403","4","0","75 10:47.217","0","0","0","0","67301","0","0","0","N","0","0","0","2","68K01","0","","4.0","845.0","9","N","N","N","0","","0","0","0","0","0","N","826","2","0","0","0","0","0","0","2","0","2","0","0","0","4","07","","N","","","","","","","","","",""
"2020088915","1955","0","0","0","0","0","0","0","0","0","8","0","","67","10","2020","5","40.009366","-75.152089","1943","6","0","0","0","0","0","0","0","0","","0","0","0","19","3","1","","2","0","40 00:33.716","","0","75 09:07.519","3","0","0","0","67301","1","0","0","N","0","0","0","2","67301","0","","1.0","","1","N","N","N","0","","1","0","0","0","0","","1941","2","1","0","0","0","0","1","2","0","1","1","0","0","3","03","","N","","","","","","","","","",""
"2020099231","0940","2","0","0","0","0","0","0","0","0","1","0","","67","11","2020","4","39.923376","-75.161912","0931","6","0","0","0","0","0","0","0","0","","0","0","0","9","1","0","N","0","0","39 55:24.153","","0","75 09:42.883","9","0","0","0","67301","0","0","0","N","0","0","0","1","67301","0","","6.0","","1","N","N","N","0","","0","0","0","0","0","","900","2","0","0","0","0","0","1","2","0","2","0","0","0","3","03","","N","","","","","","","","","",""
"2020100887","1250","0","0","0","0","0","0","0","0","0","8","0","","67","11","2020","2","39.953763","-75.175085","1250","6","0","0","0","0","0","0","0","0","","0","0","0","7","1","1","","1","0","39 57:13.546","","0","75 10:30.306","3","0","0","0","67301","1","0","0","N","1","0","0","2","67301","0","","1.0","","9","N","N","N","0","","1","0","0","9","9","","750","2","1","0","0","0","0","1","2","0","1","1","0","0","4","04","","N","","","","","","","","","",""
"2020111187","1759","3","0","0","0","0","0","0","0","0","1","0","","67","12","2020","3","39.959585","-75.162057","1757","6","0","0","1","0","0","1","0","0","","0","0","0","17","3","3","","1","2","39 57:34.505","2","0","75 09:43.405","3","0","0","0","67301","0","0","0","N","0","0","0","5","67301","0","","1.0","1855.0","1","N","N","N","0","","3","0","1","3","2","Y","1757","4","3","0","0","0","0","0","2","0","4","0","0","0","3","03","","N","","","","","","","","","",""
"2020107231","1722","1","0","0","0","0","0","0","0","0","1","0","","67","12","2020","5","40.028984","-75.10606","1710","6","0","0","0","0","0","0","1","0","","0","0","0","17","3","0","","1","1","40 01:44.341","1","0","75 06:21.815","0","0","0","0","67301","0","0","0","N","0","0","0","2","67301","0","","1.0","200.0","1","N","N","N","0","","0","0","1","3","2","N","1705","2","0","0","0","0","0","0","2","0","2","0","0","0","3","03","","N","","","","","","","","","",""
"2020113997","0429","1","0","0","0","0","0","0","0","0","7","0","","67","12","2020","3","39.985232","-75.208189","0429","6","0","0","0","0","0","0","0","0","","0","0","0","4","3","1","N","0","0","39 59:06.834","","0","75 12:29.481","8","0","0","0","67301","0","0","0","N","0","0","0","1","68K01","0","","3.0","","9","N","N","N","0","","0","0","0","0","0","","429","1","1","0","0","0","1","0","2","0","1","0","0","0","7","","","N","","","","","","","","","",""
"2020099342","1421","1","0","0","0","0","0","0","0","0","2","0","","67","11","2020","4","39.994081","-75.095791","1414","6","0","0","0","0","0","1","0","0","","0","0","0","14","1","3","N","0","0","39 59:38.690","","0","75 05:44.848","3","0","0","0","67301","0","0","0","N","0","0","0","3","67301","0","","1.0","","1","N","N","N","0","","3","0","0","0","0","","1412","2","3","0","0","0","0","0","2","1","2","0","0","0","3","","","N","","","","","","","","","",""
"2020113987","0310","1","0","0","0","0","0","0","0","0","7","0","","67","12","2020","2","40.035579","-75.016982","0257","6","0","0","0","0","0","0","0","0","","0","0","0","2","3","1","N","0","0","40 02:08.083","","0","75 01:01.135","4","0","0","0","67301","0","0","0","N","0","0","0","1","68K01","1","","4.0","","9","N","N","N","0","","0","0","0","0","0","","253","1","1","0","0","0","0","0","2","0","1","0","0","0","3","","","N","","","","","","","","","",""
"2020110220","1156","0","0","0","0","0","0","0","0","0","7","0","","67","12","2020","5","39.982935","-75.208068","1156","6","0","0","0","0","0","0","0","0","","0","0","0","11","1","0","N","0","0","39 58:58.567","","0","75 12:29.043","0","0","0","0","67301","0","0","0","N","0","0","0","1","68K01","0","","3.0","","9","N","N","N","0","","0","0","1","0","0","","1156","1","0","0","0","0","0","0","2","0","1","0","0","0","3","","","N","","","","","","","","","",""
"2020065845","0932","0","0","0","0","0","0","0","0","0","4","0","","67","8","2020","6","40.046733","-75.166872","0932","6","0","0","0","0","0","0","0","0","","0","0","0","9","1","0","","2","0","40 02:48.240","","0","75 10:00.738","0","0","0","0","67301","0","0","0","N","0","0","0","1","67301","0","","1.0","","1","N","N","N","0","","0","0","2","3","3","","930","3","0","1","0","0","0","0","2","1","3","0","0","0","3","03","","N","","","","","","","","","",""
"2020067335","0033","1","0","0","0","0","0","0","0","0","5","0","","67","8","2020","3","39.973758","-75.212353","0030","6","0","0","0","0","0","0","0","0","","0","0","0","0","3","0","N","0","0","39 58:25.528","","0","75 12:44.472","0","0","0","0","67301","0","0","0","N","0","0","0","1","67301","0","","6.0","","1","N","N","N","0","","0","0","3","0","0","","15","4","0","0","0","0","0","0","2","0","4","0","0","0","3","03","","N","","","","","","","","","",""
"2020073068","1240","1","0","0","0","0","0","0","0","0","4","0","","67","9","2020","7","40.050393","-75.153118","1240","6","0","0","0","0","0","0","1","0","","0","0","0","11","1","0","","1","0","40 03:01.414","","0","75 09:11.224","9","0","0","0","67301","0","0","0","N","0","0","0","2","67301","0","","1.0","","1","N","N","N","0","","0","0","0","3","3","","1100","2","0","0","0","0","0","1","2","1","2","0","0","0","3","","","N","","","","","","","","","",""
"2020073255","0939","0","0","0","0","0","0","0","0","0","4","0","","67","9","2020","2","40.066612","-75.196376","0931","6","0","0","0","0","0","0","0","0","","0","0","0","9","1","1","","1","0","40 03:59.804","","0","75 11:46.952","8","0","0","1","67301","0","0","0","N","0","0","0","2","67301","0","","1.0","","1","N","N","N","0","","0","0","1","3","4","","916","2","1","0","0","0","1","0","2","0","2","0","0","0","3","03","","N","","","","","","","","","",""
"2020070243","1807","1","0","0","0","0","0","0","0","0","1","0","","67","8","2020","6","39.969064","-75.263925","1759","6","0","0","0","0","0","1","0","0","","0","0","0","17","1","0","N","0","0","39 58:08.630","","0","75 15:50.130","0","0","0","0","67301","0","0","0","N","0","0","0","3","67301","0","","1.0","","9","N","N","N","1","","0","0","1","0","0","","1728","3","0","0","0","0","0","0","2","0","3","0","0","0","7","07","","N","","","","","","","","","",""
"2020075907","2100","0","0","0","0","0","0","0","0","0","0","0","","67","9","2020","1","40.010861","-75.121042","2052","6","0","0","0","0","0","0","0","0","","0","0","0","20","3","1","N","0","1","40 00:39.101","2","0","75 07:15.752","8","0","0","0","67301","0","0","0","N","0","0","0","1","67301","0","","1.0","2108.0","1","N","N","N","0","","0","0","0","0","0","N","2044","1","1","0","0","0","1","0","2","0","1","0","0","0","3","03","","N","","","","","","","","","",""
"2020069869","0043","1","0","0","0","0","0","0","0","0","7","0","","67","8","2020","5","39.99685","-75.082161","0042","6","0","0","0","0","0","0","0","0","","0","0","0","0","3","1","","7","2","39 59:48.660","1","2","75 04:55.780","8","0","0","0","67301","0","0","0","N","0","0","0","1","68K01","0","","2.0","20.0","1","N","N","N","0","","0","0","0","0","0","Y","42","2","1","0","0","0","1","0","2","0","1","0","0","0","3","03","","N","","","","","","","","","",""
"2020074928","0456","0","0","0","0","0","0","0","0","0","7","0","","67","9","2020","1","40.025242","-75.194756","0446","6","0","0","0","0","0","0","0","0","","0","0","0","4","3","0","N","0","2","40 01:30.870","3","0","75 11:41.120","0","0","0","0","67301","0","0","0","N","0","0","0","1","67301","0","","3.0","600.0","1","N","N","N","0","","0","0","0","0","0","Y","441","1","0","0","0","0","0","0","2","1","1","0","0","0","3","03","","N","","","","","","","","","",""
"2020088994","1708","2","0","0","0","0","0","0","0","0","4","0","","67","10","2020","6","39.945858","-75.240283","1707","6","0","0","0","0","0","0","0","0","","0","0","0","17","1","1","","5","0","39 56:45.089","","0","75 14:25.018","4","0","0","0","67301","0","0","0","N","0","0","0","3","67301","1","","1.0","","9","N","N","N","0","","0","0","0","3","2","","1705","2","1","0","0","0","0","0","2","0","2","0","0","0","7","","","N","","","","","","","","","",""
"2020087558","1600","3","0","0","0","0","0","0","0","0","5","0","","67","10","2020","7","40.041661","-75.144052","1533","6","0","0","0","0","0","0","0","0","","0","0","0","13","1","0","N","0","1","40 02:29.978","1","0","75 08:38.588","9","0","0","0","67301","0","0","0","N","0","0","0","2","67301","0","","1.0","1800.0","1","N","N","N","0","","0","0","1","0","0","N","1300","4","0","0","0","0","0","2","2","0","4","0","0","0","3","03","","N","","","","","","","","","",""
"2020086699","0750","1","0","0","0","0","0","0","0","0","4","0","","67","10","2020","6","40.053853","-75.086308","0738","6","0","0","0","0","0","2","0","0","","0","0","0","7","1","0","","1","2","40 03:13.871","6","0","75 05:10.709","0","0","0","0","67301","0","0","0","N","0","0","0","3","67301","0","","1.0","830.0","9","N","N","N","0","","0","0","3","3","2","Y","730","4","0","0","0","0","0","0","2","0","4","0","0","0","7","04","","N","","","","","","","","","",""
"2020076708","1647","1","0","0","0","0","0","0","0","0","1","0","","67","8","2020","2","39.958515","-75.166903","1639","6","0","0","0","0","0","1","0","0","","0","0","0","16","1","1","N","0","1","39 57:30.654","4","0","75 10:00.849","4","0","0","0","67301","0","0","0","N","0","0","0","2","68K01","1","","1.0","1730.0","1","N","N","Y","0","","0","0","1","0","0","N","1637","2","1","0","0","0","0","0","2","0","2","0","0","0","3","","","N","","","","","","","","","",""
"2020086511","2000","2","0","0","0","0","0","0","0","0","4","0","","67","10","2020","6","40.027194","-75.151242","1955","6","0","0","0","0","0","0","0","0","","0","0","0","11","1","1","","1","0","40 01:37.898","","0","75 09:04.471","3","0","0","0","67301","0","0","0","N","0","0","0","2","67301","0","","1.0","","9","N","N","N","0","","1","0","0","3","2","","1145","2","1","0","0","0","0","0","2","0","2","0","0","0","7","07","","N","","","","","","","","","",""
"2020094388","2147","0","0","0","0","0","0","0","0","0","0","0","","67","10","2020","5","39.960209","-75.180572","2137","6","0","0","0","0","0","0","0","0","","0","0","0","21","3","1","N","0","0","39 57:36.753","","0","75 10:50.060","3","0","0","0","67301","0","0","0","N","0","0","0","1","68K01","0","","1.0","","9","N","N","N","0","","1","0","1","0","0","","2136","1","1","1","0","0","0","0","2","0","1","0","0","0","7","","","N","","","","","","","","","",""
"2020069027","1927","2","0","0","0","0","0","0","0","0","1","0","","67","8","2020","4","40.024576","-75.130555","1923","6","0","0","0","0","0","0","1","0","","0","0","0","18","1","0","","1","0","40 01:28.473","","0","75 07:49.998","0","0","0","0","67301","0","0","0","N","0","0","0","3","67301","0","","1.0","","1","N","N","N","0","","0","0","0","3","2","","1820","3","0","0","0","0","0","0","2","1","3","0","0","0","3","","","N","","","","","","","","","",""
"2020112993","","1","0","0","0","0","0","0","0","0","4","0","","67","1","2020","5","39.986525","-75.20512","","6","0","0","0","0","0","0","0","0","","0","0","0","15","1","0","","2","0","39 59:11.490","","0","75 12:18.431","0","0","0","0","67301","0","0","0","N","0","0","0","2","00000","0","","1.0","","1","","","N","0","","0","0","1","3","3","","1500","2","0","0","0","0","0","0","2","0","2","0","0","0","3","","","N","","","","","","","","","",""
"2020089820","0707","1","0","0","0","0","0","0","0","0","7","0","","67","10","2020","3","40.035561","-75.01702","0703","6","0","0","0","0","0","0","0","0","","0","0","0","7","3","0","N","0","0","40 02:08.019","","0","75 01:01.272","0","0","0","0","67301","0","0","0","N","0","0","0","1","68K01","0","","4.0","","9","N","N","N","0","","0","0","0","0","0","","702","1","0","0","0","0","0","0","2","0","1","0","0","0","7","07","","N","","","","","","","","","",""
"2020090139","1324","1","0","0","0","0","0","0","0","0","1","0","","67","10","2020","2","40.042631","-75.038119","1319","6","0","0","0","0","0","0","0","0","","0","0","0","13","1","1","N","0","0","40 02:33.470","","0","75 02:17.230","3","0","0","0","67301","0","0","0","N","0","0","0","2","67301","0","","1.0","","9","N","N","N","0","","1","0","1","0","0","","1318","2","1","0","0","0","0","1","2","0","2","0","0","0","7","","","N","","","","","","","","","",""
"2020089299","1009","1","0","0","0","0","0","0","0","0","1","0","","67","10","2020","6","39.907508","-75.190044","0958","6","0","0","0","0","0","0","1","0","","0","0","0","9","1","2","","1","0","39 54:27.030","","0","75 11:24.158","4","0","0","0","67301","0","0","0","N","0","0","0","3","67301","2","","1.0","","1","N","N","N","0","","0","0","0","3","2","","952","2","2","0","0","0","0","0","2","1","2","0","0","0","4","04","","N","","","","","","","","","",""
"2020078317","1940","2","0","0","0","0","0","0","0","0","4","0","","67","9","2020","3","39.987512","-75.141205","1937","6","0","0","0","0","0","0","0","0","","0","0","0","19","3","0","","1","1","39 59:15.043","1","0","75 08:28.337","9","0","0","0","67301","0","0","0","N","0","0","0","3","67301","0","","1.0","2109.0","1","N","N","Y","1","","0","0","0","3","2","Y","1930","4","0","2","0","0","0","1","2","1","4","0","0","0","3","","","N","","","","","","","","","",""
"2020087549","0205","1","0","0","0","0","0","0","0","0","4","0","","67","10","2020","1","39.946088","-75.176762","0200","6","0","0","0","0","0","0","0","0","","0","0","0","1","3","1","","1","0","39 56:45.916","","0","75 10:36.344","3","0","0","0","67301","0","0","0","N","0","0","0","2","67301","0","","1.0","","1","N","N","N","0","","1","0","1","3","2","","153","2","1","0","0","0","0","0","2","0","2","0","0","0","3","","","N","","","","","","","","","",""
"2020088998","0756","1","0","0","0","0","0","0","0","0","4","0","","67","10","2020","5","39.91259","-75.24412","0749","6","0","0","0","0","0","1","0","0","","0","0","0","7","1","0","","2","0","39 54:45.323","","0","75 14:38.832","0","0","0","0","67301","0","0","0","N","0","0","0","3","67301","0","","1.0","","98","N","N","N","0","","0","0","1","3","3","","737","3","0","1","0","0","0","0","2","1","3","0","0","0","5","05","","N","","","","","","","","","",""
"2020113138","","2","0","0","0","0","0","0","0","0","1","0","","67","2","2020","6","39.919769","-75.18826","","6","0","0","0","0","0","0","0","0","","0","0","0","15","1","2","","2","0","39 55:11.168","","7","75 11:17.735","8","0","0","0","67301","0","0","0","N","0","0","0","3","00000","0","","1.0","","1","","","N","0","","0","0","0","3","2","","1530","2","2","0","0","0","2","0","2","0","2","0","0","0","3","","","N","","","","","","","","","",""
"2020113442","","1","0","0","0","0","0","0","0","0","1","0","","67","2","2020","6","39.973188","-75.158993","","6","0","0","0","0","0","0","0","0","","0","0","0","7","1","1","","1","0","39 58:23.478","","0","75 09:32.375","8","0","0","0","67301","0","0","0","N","0","0","0","3","00000","0","","1.0","","1","","","N","0","","0","0","0","3","2","","755","2","1","0","0","0","1","0","2","1","2","0","0","0","3","","","N","","","","","","","","","",""
"2020065782","0030","2","0","0","0","0","0","0","0","0","4","0","","67","8","2020","6","39.976361","-75.119813","0020","6","0","0","0","0","0","0","0","0","","0","0","0","23","3","0","","1","0","39 58:34.901","","0","75 07:11.326","0","0","0","0","67301","0","0","0","N","0","0","0","2","67301","0","","1.0","","1","N","N","N","0","","0","0","0","3","2","","2350","2","0","0","0","0","0","0","2","0","2","0","0","0","3","03","","N","","","","","","","","","",""
"2020087559","1620","2","0","0","0","0","0","0","0","0","6","0","","67","10","2020","1","40.044966","-75.123277","1620","6","0","0","0","0","0","1","0","0","","0","0","0","15","1","0","N","0","0","40 02:41.877","","0","75 07:23.797","9","0","0","0","67301","0","0","0","N","0","0","0","2","67301","0","","1.0","","1","N","N","N","0","","0","0","0","0","0","","1545","2","0","0","0","0","0","1","2","0","2","0","0","0","3","","","N","","","","","","","","","",""
"2020065844","0101","0","0","0","0","0","0","0","0","0","4","0","","67","8","2020","7","39.930019","-75.219214","0056","6","0","0","0","0","0","0","0","0","","0","0","0","0","3","1","","1","0","39 55:48.070","","0","75 13:09.172","3","0","0","0","67301","0","0","0","N","0","0","0","3","67301","0","","1.0","","1","N","N","N","0","","1","0","1","3","2","","50","2","1","0","0","0","0","2","2","0","2","0","0","0","3","03","","N","","","","","","","","","",""
"2020086507","1936","1","0","0","0","0","0","0","0","0","5","0","","67","10","2020","5","39.957863","-75.220161","1932","6","0","0","0","0","0","0","1","0","","0","0","0","19","3","1","N","0","2","39 57:28.305","3","0","75 13:12.579","4","0","0","0","67301","0","0","0","N","0","0","0","2","67301","1","","6.0","2110.0","1","N","N","N","0","","0","0","2","0","0","Y","1905","3","1","0","0","0","0","0","2","0","3","0","0","0","3","03","","N","","","","","","","","","",""
"2020113434","","0","0","0","0","0","0","0","0","0","1","0","","67","2","2020","2","40.060999","-75.083138","","6","0","0","0","0","0","0","0","0","","0","0","0","9","1","1","","2","0","40 03:39.597","","0","75 04:59.297","8","0","0","0","67301","0","0","0","N","0","0","0","2","00000","0","","1.0","","1","","","N","0","","0","0","1","3","3","","930","2","1","0","0","0","1","0","2","0","2","0","0","0","3","","","N","","","","","","","","","",""
"2020090990","2220","2","0","0","0","0","0","0","0","0","7","0","","67","10","2020","5","39.989161","-75.135356","2215","6","0","0","1","0","0","0","0","0","","0","0","0","21","3","0","N","0","0","39 59:20.980","","0","75 08:07.280","0","0","0","0","67301","0","0","0","N","0","0","0","2","67301","0","","1.0","","1","N","N","N","0","","0","0","1","0","0","","2145","4","0","0","0","0","0","0","2","1","4","0","0","0","3","03","","N","","","","","","","","","",""
"2020088629","1115","1","0","0","0","0","0","0","0","0","4","0","","67","10","2020","4","39.923927","-75.222089","1104","6","0","0","0","0","0","1","0","0","","0","0","0","10","1","1","","1","0","39 55:26.137","","0","75 13:19.522","4","0","0","0","67301","0","0","0","N","0","0","0","2","67301","1","","1.0","","1","N","N","N","0","","0","0","1","3","2","","1026","2","1","2","0","0","0","0","2","0","2","0","0","0","3","03","","N","","","","","","","","","",""
"2020086809","0954","0","0","0","1","0","0","0","0","0","8","0","","67","10","2020","5","39.98161","-75.144456","0954","6","0","0","0","0","0","0","0","0","","0","0","0","9","1","1","","1","0","39 58:53.796","","0","75 08:40.041","4","0","0","0","67301","1","0","0","N","0","0","0","2","67301","1","","1.0","","1","N","N","N","0","","0","0","1","3","2","","947","2","1","0","0","0","0","0","2","0","1","1","0","0","3","","","N","","","","","","","","","",""
"2020092376","1500","1","0","0","0","0","0","0","0","0","4","0","","67","10","2020","6","40.021406","-75.148593","1500","6","0","0","0","0","0","1","0","0","","0","0","0","15","1","1","","1","0","40 01:17.063","","0","75 08:54.934","8","0","0","0","67301","0","0","0","N","0","0","0","2","67301","0","","1.0","","99","N","N","N","0","","0","0","1","3","2","","1500","2","1","0","0","0","1","0","2","0","2","0","0","0","99","","","N","","","","","","","","","",""
"2020113662","1759","1","0","0","0","0","0","0","0","0","5","1","45","67","12","2020","4","39.898821","-75.169321","1537","6","0","0","0","0","0","0","0","0","","0","1","0","15","1","0","","6","0","39 53:55.755","","2","75 10:09.555","9","0","0","0","67301","0","0","0","N","0","0","0","3","68K01","0","","7.0","","7","N","N","N","0","","0","0","0","3","3","","1535","3","0","0","0","0","0","1","2","0","3","0","0","0","10","07","N","Y","8","1","","","N","Y","","","","N"
"2020069819","1143","1","0","0","0","0","0","0","0","0","4","0","","67","8","2020","4","39.974966","-75.186669","1143","6","0","0","0","0","0","0","0","0","","0","0","0","11","1","1","","2","0","39 58:29.876","","0","75 11:12.007","2","0","0","0","67301","0","0","0","N","0","0","0","2","67301","0","","1.0","","1","N","N","Y","0","","0","1","1","3","3","","1142","3","1","2","0","1","0","0","2","1","3","0","0","0","3","03","","N","","","","","","","","","",""
"2020071503","2307","0","0","0","0","0","0","0","0","0","7","0","","67","8","2020","1","39.97695","-75.113618","2258","6","0","1","0","0","0","0","0","0","","0","0","0","22","3","0","N","0","1","39 58:37.021","2","0","75 06:49.024","0","0","0","0","67301","0","0","0","N","0","0","0","1","68K01","0","","4.0","45.0","1","N","N","N","0","","0","0","1","0","0","N","2251","1","0","0","0","0","0","0","2","0","1","0","0","0","3","03","","N","","","","","","","","","",""
"2020075061","0306","1","0","0","1","0","0","0","0","0","8","0","","67","9","2020","6","39.957754","-75.162466","0415","6","0","0","0","0","0","0","0","0","","0","0","0","3","3","1","","5","0","39 57:27.915","","8","75 09:44.876","3","0","0","0","67301","1","0","0","N","0","0","0","2","67301","0","","1.0","","1","N","Y","N","0","","1","0","0","3","2","","303","2","1","0","0","0","0","1","2","0","1","1","0","0","3","03","","N","","","","","","","","","",""
"2020069742","0205","0","0","0","0","0","0","0","0","0","4","0","","67","8","2020","5","39.971253","-75.227216","0203","6","0","0","0","0","0","0","0","0","","0","0","0","2","3","0","","1","0","39 58:16.510","","0","75 13:37.977","9","0","0","0","67301","0","0","0","N","0","0","0","3","67301","0","","1.0","","1","N","N","N","0","","0","0","1","3","2","","201","2","0","0","0","0","0","1","2","0","2","0","0","0","3","","","N","","","","","","","","","",""
"2020078234","0239","1","0","0","0","0","0","0","0","0","7","0","","67","9","2020","3","39.932361","-75.200145","0227","6","0","0","0","0","0","0","0","0","","0","0","0","2","3","0","N","0","2","39 55:56.498","3","0","75 12:00.521","9","0","0","0","67301","0","0","0","N","0","0","0","1","68K01","0","","4.0","15.0","1","N","N","N","0","","0","0","0","0","0","N","225","1","0","0","0","0","0","1","2","0","1","0","0","0","3","","","N","","","","","","","","","",""
"2020082368","1058","3","0","0","0","0","0","0","0","0","1","0","","67","8","2020","5","39.95807","-75.163394","1025","6","0","0","0","0","0","0","0","0","","0","0","0","10","1","1","N","0","1","39 57:29.052","4","0","75 09:48.217","8","0","0","0","67301","0","0","0","N","0","0","0","5","68K01","0","","1.0","1100.0","1","N","N","N","0","","0","0","0","3","8","N","1023","3","1","1","0","0","1","0","2","0","3","0","0","0","3","03","","N","","","","","","","","","",""
"2020070364","0245","2","0","0","0","0","0","0","0","0","5","0","","67","8","2020","7","39.935626","-75.172201","0238","6","0","0","0","0","0","0","0","0","","0","0","0","2","3","1","","2","0","39 56:08.253","","0","75 10:19.923","2","0","0","0","67301","0","0","0","N","0","0","0","1","67301","0","","1.0","","1","N","N","N","0","","0","1","1","0","0","","238","3","1","0","0","0","0","0","2","0","3","0","0","0","3","03","","N","","","","","","","","","",""
"2020072393","0803","0","0","0","0","0","0","0","0","0","5","0","","67","9","2020","6","40.03183","-75.036609","0800","6","0","0","0","0","0","0","0","0","","0","0","0","7","1","1","N","0","1","40 01:54.588","3","0","75 02:11.792","3","0","0","0","67301","0","0","0","N","0","0","0","1","67301","0","","6.0","900.0","1","N","N","N","0","","1","0","1","0","0","N","758","2","1","0","0","0","0","0","2","1","2","0","0","0","3","03","","N","","","","","","","","","",""
"2020075905","2053","2","0","0","0","0","0","0","0","0","1","0","","67","9","2020","3","40.026222","-75.109917","2043","6","0","0","0","0","0","1","0","0","","0","0","0","20","3","0","N","0","0","40 01:34.400","","0","75 06:35.700","0","0","0","0","67301","0","0","0","N","0","0","0","2","67301","0","","1.0","","1","N","N","Y","0","","0","0","1","0","0","","2033","3","0","0","0","0","0","0","2","0","3","0","0","0","3","","","N","","","","","","","","","",""
"2020090754","0032","1","0","0","0","0","0","0","0","0","7","0","","67","10","2020","5","39.97655","-75.195939","0032","6","0","0","0","0","0","0","0","0","","0","0","0","0","3","1","N","0","0","39 58:35.580","","0","75 11:45.382","4","0","0","0","67301","0","0","0","N","0","0","0","1","68K01","1","","3.0","","1","N","N","N","0","","0","0","0","0","0","","30","1","1","0","0","0","0","0","2","0","1","0","0","0","3","","","N","","","","","","","","","",""
"2020093931","1545","1","0","0","0","0","0","0","0","0","4","0","","67","11","2020","1","40.002286","-75.110028","1545","6","0","0","0","0","0","0","0","0","","0","0","0","15","1","0","","2","1","40 00:08.230","6","0","75 06:36.101","0","0","0","0","67301","0","0","0","N","0","0","0","2","67301","0","","1.0","1614.0","9","N","N","N","1","","0","0","0","3","3","N","1545","2","0","0","0","0","0","0","2","0","2","0","0","0","7","07","","N","","","","","","","","","",""
"2020066881","1642","0","0","0","0","0","0","0","0","0","4","0","","67","8","2020","3","39.958832","-75.162232","1641","6","0","0","0","0","0","0","0","0","","0","0","0","16","1","1","","1","0","39 57:31.795","","0","75 09:44.035","3","0","0","0","67301","0","0","0","N","0","0","0","2","67301","0","","1.0","","1","N","N","N","0","","1","0","1","0","0","","1638","2","1","0","0","0","0","0","2","1","2","0","0","0","3","03","","N","","","","","","","","","",""