"CRN","ARRIVAL_TM","AUTOMOBILE_COUNT","BELTED_DEATH_COUNT","BELTED_SUSP_SERIOUS_INJ_COUNT","BICYCLE_COUNT","BICYCLE_DEATH_COUNT","BICYCLE_SUSP_SERIOUS_INJ_COUNT","BUS_COUNT","CHLDPAS_DEATH_COUNT","CHLDPAS_SUSP_SERIOUS_INJ_COUNT","COLLISION_TYPE","COMM_VEH_COUNT","CONS_ZONE_SPD_LIM","COUNTY","CRASH_MONTH","CRASH_YEAR","DAY_OF_WEEK","DEC_LATITUDE","DEC_LONGITUDE","DISPATCH_TM","DISTRICT","DRIVER_COUNT_16YR","DRIVER_COUNT_17YR","DRIVER_COUNT_18YR","DRIVER_COUNT_19YR","DRIVER_COUNT_20YR","DRIVER_COUNT_50_64YR","DRIVER_COUNT_65_74YR","DRIVER_COUNT_75PLUS","EST_HRS_CLOSED","FATAL_COUNT","HEAVY_TRUCK_COUNT","HORSE_BUGGY_COUNT","HOUR_OF_DAY","ILLUMINATION","INJURY_COUNT","INTERSECTION_RELATED","INTERSECT_TYPE","LANE_CLOSED","LATITUDE","LN_CLOSE_DIR","LOCATION_TYPE","LONGITUDE","MAX_SEVERITY_LEVEL","MCYCLE_DEATH_COUNT","MCYCLE_SUSP_SERIOUS_INJ_COUNT","MOTORCYCLE_COUNT","MUNICIPALITY","NONMOTR_COUNT","NONMOTR_DEATH_COUNT","NONMOTR_SUSP_SERIOUS_INJ_COUNT","NTFY_HIWY_MAINT","PED_COUNT","PED_DEATH_COUNT","PED_SUSP_SERIOUS_INJ_COUNT","PERSON_COUNT","POLICE_AGCY","POSSIBLE_INJ_COUNT","RDWY_SURF_TYPE_CD","RELATION_TO_ROAD","ROADWAY_CLEARED","ROAD_CONDITION","SCH_BUS_IND","SCH_ZONE_IND","SECONDARY_CRASH","SMALL_TRUCK_COUNT","SPEC_JURIS_CD","SUSP_MINOR_INJ_COUNT","SUSP_SERIOUS_INJ_COUNT","SUV_COUNT","TCD_FUNC_CD","TCD_TYPE","TFC_DETOUR_IND","TIME_OF_DAY","TOTAL_UNITS","TOT_INJ_COUNT","UNBELTED_OCC_COUNT","UNB_DEATH_COUNT","UNB_SUSP_SERIOUS_INJ_COUNT","UNK_INJ_DEG_COUNT","UNK_INJ_PER_COUNT","URBAN_RURAL","VAN_COUNT","VEHICLE_COUNT","VULNERABLE_ROAD_USER_COUNT","VULNERABLE_ROAD_USER_DEATH_COUNT","VULNERABLE_ROAD_USER_SER_INJ_COUNT","WEATHER1","WEATHER2","WORKERS_PRES","WORK_ZONE_IND","WORK_ZONE_LOC","WORK_ZONE_TYPE","WZ_CLOSE_DETOUR","WZ_FLAGGER","WZ_LAW_OFFCR_IND","WZ_LN_CLOSURE","WZ_MOVING","WZ_OTHER","WZ_SHLDER_MDN","WZ_WORKERS_INJ_KILLED"
"2020068362","1818","3","0","0","0","0","0","0","0","0","4","0","","67","8","2020","1","39.923711","-75.232115","1818","6","0","0","0","0","0","0","0","0","","0","0","0","18","1","1","","2","1","39 55:25.359","5","0","75 13:55.613","3","0","0","0","67301","0","0","0","N","0","0","0","2","67301","0","","1.0","1950.0","1","N","N","N","0","","1","0","2","3","3","Y","1815","5","1","0","0","0","0","0","2","0","5","0","0","0","99","03","","N","","","","","","","","","",""
"2020067199","1142","1","0","0","0","0","0","0","0","0","4","0","","67","8","2020","3","40.034076","-75.12402","1138","6","0","0","0","0","0","1","0","0","","0","0","0","11","1","0","","1","0","40 02:02.673","","0","75 07:26.472","0","0","0","0","67301","0","0","0","N","0","0","0","2","67301","0","","1.0","","1","N","N","N","0","","0","0","1","3","3","","1110","2","0","0","0","0","0","0","2","0","2","0","0","0","3","03","","N","","","","","","","","","",""
"2020092330","1756","2","0","0","0","0","0","0","0","0","4","0","","67","10","2020","3","39.929349","-75.218383","1753","6","0","0","0","0","0","1","0","0","","0","0","0","17","1","1","","1","0","39 55:45.655","","0","75 13:06.177","3","0","0","0","67301","0","0","0","N","0","0","0","2","67301","0","","1.0","","1","N","N","Y","1","","1","0","1","0","0","","1745","4","1","0","0","0","0","0","2","0","4","0","0","0","3","03","","N","","","","","","","","","",""
"2020068789","2200","2","0","0","0","0","0","0","0","0","4","0","","67","8","2020","2","40.024164","-75.095536","2200","6","0","0","0","0","0","0","0","0","","0","0","0","21","3","2","","1","0","40 01:26.990","","0","75 05:43.929","2","0","1","1","67301","0","0","0","N","0","0","0","5","67301","0","","1.0","","1","N","N","N","0","","1","1","1","3","2","","2155","4","2","0","0","0","0","2","2","0","4","0","0","0","3","03","","N","","","","","","","","","",""
"2020073262","0730","1","0","0","0","0","0","0","0","0","6","0","","67","9","2020","2","39.951739","-75.226589","0730","6","0","0","0","1","0","0","0","0","","0","0","0","6","1","1","N","0","1","39 57:06.259","2","0","75 13:35.721","3","0","0","0","67301","0","0","0","N","0","0","0","1","67301","0","","6.0","910.0","1","N","N","N","0","","1","0","2","0","0","Y","650","3","1","0","0","0","0","0","2","0","3","0","0","0","3","","","N","","","","","","","","","",""
"2020088900","1640","1","0","0","0","0","0","0","0","0","4","0","","67","10","2020","5","40.052549","-75.227073","1635","6","0","0","0","0","0","0","0","0","","0","0","0","16","1","1","","2","1","40 03:09.176","2","0","75 13:37.462","3","0","0","1","67301","0","0","0","N","0","0","0","2","67301","0","","1.0","1700.0","1","N","N","N","0","","1","0","0","3","2","N","1600","2","1","0","0","0","0","0","2","0","2","0","0","0","3","03","","N","","","","","","","","","",""
"2020074518","1938","0","0","0","0","0","0","0","0","0","7","0","","67","8","2020","3","40.05092","-74.98983","1937","6","0","0","0","0","0","0","0","0","","0","0","0","19","1","1","N","0","0","40 03:03.311","","0","74 59:23.388","8","0","0","1","67301","0","0","0","N","0","0","0","1","68K01","0","","2.0","","1","N","N","N","0","","0","0","0","0","0","","1936","1","1","0","0","0","1","0","2","0","1","0","0","0","3","03","","N","","","","","","","","","",""
"2020069328","0107","1","0","0","0","0","0","0","0","0","1","0","","67","8","2020","2","39.92655","-75.194754","0101","6","0","0","0","0","0","0","0","0","","0","0","0","1","3","1","N","0","1","39 55:35.579","3","0","75 11:41.113","8","0","0","0","67301","0","0","0","N","0","0","0","3","68K01","0","","1.0","200.0","1","N","N","N","0","","0","0","1","0","0","N","100","2","1","0","0","0","1","0","2","0","2","0","0","0","3","03","","N","","","","","","","","","",""
"2020069462","1841","1","0","0","0","0","0","0","0","0","4","0","","67","8","2020","4","39.935476","-75.18759","1820","6","0","0","0","0","0","0","0","0","","0","0","0","18","1","0","","1","0","39 56:07.712","","0","75 11:15.323","0","0","0","0","67301","0","0","0","N","0","0","0","3","67301","0","","1.0","","1","N","N","N","0","","0","0","2","3","3","","1810","3","0","1","0","0","0","0","2","0","3","0","0","0","3","03","","N","","","","","","","","","",""
"2020065846","1556","1","0","0","0","0","0","0","0","0","7","0","","67","8","2020","6","40.065306","-75.206","1554","6","0","0","0","0","0","0","0","2","","0","0","0","15","1","0","Y","0","0","40 03:55.100","","0","75 12:21.600","0","0","0","0","67301","0","0","0","N","0","0","0","3","67301","0","","4.0","","1","N","N","N","0","","0","0","1","3","3","","1522","3","0","0","0","0","0","0","2","0","3","0","0","0","3","03","","N","","","","","","","","","",""
"2020066689","2137","1","0","0","0","0","0","0","0","0","4","0","","67","8","2020","2","39.976916","-75.245917","2135","6","0","0","0","0","0","0","0","0","","0","0","0","21","3","2","N","0","0","39 58:36.899","","0","75 14:45.300","3","0","0","0","67301","0","0","0","N","0","0","0","2","67301","0","","1.0","","1","N","N","N","1","","1","0","2","0","0","","2130","4","2","1","0","0","1","0","2","0","4","0","0","0","3","03","","N","","","","","","","","","",""
"2020069917","0050","1","0","0","0","0","0","0","0","0","4","0","","67","8","2020","7","39.91832","-75.208884","0044","6","0","0","0","0","1","0","0","0","","0","0","0","0","3","1","","2","0","39 55:05.953","","0","75 12:31.983","2","0","0","0","67301","0","0","0","N","0","0","0","3","67301","0","","1.0","","1","N","N","N","0","","0","1","2","3","2","","35","3","1","0","0","0","0","0","2","0","3","0","0","0","3","03","","N","","","","","","","","","",""
"2020068250","2037","2","0","0","0","0","0","0","0","0","6","0","","67","8","2020","6","39.975167","-75.247","2036","6","0","0","0","0","0","0","1","0","","0","0","0","20","4","0","N","0","0","39 58:30.600","","0","75 14:49.200","0","0","0","0","67301","0","0","0","N","0","0","0","1","67301","0","","6.0","","1","N","N","N","0","","0","0","1","0","0","","2000","3","0","0","0","0","0","0","2","0","3","0","0","0","3","03","","N","","","","","","","","","",""
"2020093299","1414","1","0","0","0","0","0","0","0","0","7","0","","67","9","2020","4","40.010389","-75.1475","1413","6","0","0","0","0","0","0","0","0","","0","0","0","23","3","1","N","0","0","40 00:37.400","","0","75 08:51.000","4","0","0","0","67301","0","0","0","N","0","0","0","2","67301","1","","5.0","","9","N","N","N","0","","0","0","0","0","0","","2330","1","1","0","0","0","0","0","2","0","1","0","0","0","7","","","N","","","","","","","","","",""
"2020069259","0715","2","0","0","0","0","0","0","0","0","5","0","","67","8","2020","4","39.920372","-75.148433","0704","6","0","0","0","0","0","0","0","0","","0","0","0","6","5","0","N","0","0","39 55:13.340","","0","75 08:54.360","0","0","0","0","67301","0","0","0","N","0","0","0","1","67301","0","","6.0","","1","N","N","N","0","","0","0","0","0","0","","649","2","0","0","0","0","0","0","2","0","2","0","0","0","3","03","","N","","","","","","","","","",""
"2020070074","2123","0","0","0","0","0","0","0","0","0","5","0","","67","8","2020","5","39.939665","-75.181491","2122","6","0","0","0","0","0","0","0","0","","0","0","0","21","3","0","","1","0","39 56:22.794","","0","75 10:53.366","0","0","0","0","67301","0","0","0","N","0","0","0","2","67301","0","","1.0","","1","N","N","N","0","","0","0","2","3","2","","2121","2","0","1","0","0","0","0","2","0","2","0","0","0","3","","","N","","","","","","","","","",""
"2020073900","2010","1","0","0","0","0","0","0","0","0","4","0","","67","9","2020","4","40.044427","-75.14356","2006","6","0","0","0","0","0","0","0","0","","0","0","0","19","3","2","","1","2","40 02:39.937","2","0","75 08:36.816","3","0","0","0","67301","0","0","0","N","0","0","0","3","67301","0","","1.0","2102.0","1","N","N","N","0","","2","0","0","3","2","Y","1939","2","2","0","0","0","0","0","2","1","2","0","0","0","3","03","","N","","","","","","","","","",""
"2020089883","0632","0","0","0","0","0","0","0","0","0","7","0","","67","10","2020","2","40.000056","-75.166639","0627","6","0","0","0","0","0","0","0","0","","0","0","0","06","3","0","N","0","0","40 00:00.200","","0","75 09:59.900","9","0","0","0","67301","0","0","0","N","0","0","0","1","67301","0","","4.0","","1","N","N","N","0","","0","0","1","0","0","","0610","1","0","0","0","0","0","1","2","0","1","0","0","0","3","03","","N","","","","","","","","","",""
"2020097421","0700","1","0","0","0","0","0","0","0","0","7","0","","67","10","2020","6","40.038983","-75.008691","0638","6","0","0","0","0","1","0","0","0","","0","0","0","06","3","0","N","0","1","40 02:20.337","1","0","75 00:31.289","0","0","0","0","67301","0","0","0","N","0","0","0","1","68K01","0","","1.0","724.0","9","N","N","N","0","","0","0","0","0","0","Y","0631","1","0","0","0","0","0","0","2","0","1","0","0","0","7","","","N","","","","","","","","","",""
"2020087553","1817","1","0","0","1","0","0","0","0","0","8","0","","67","10","2020","2","39.953824","-75.241145","1815","6","0","0","0","0","0","0","0","0","","0","0","0","18","4","1","","2","0","39 57:13.766","","0","75 14:28.122","3","0","0","0","67301","1","0","0","N","0","0","0","2","67301","0","","1.0","","1","N","N","N","0","","1","0","0","3","3","","1814","2","1","0","0","0","0","0","2","0","1","1","0","0","3","03","","N","","","","","","","","","",""
"2020065778","0540","3","0","0","0","0","0","0","0","0","5","0","","67","8","2020","6","39.999133","-75.121097","0540","6","0","1","0","0","0","0","0","0","","0","0","0","05","1","0","N","0","0","39 59:56.880","","0","75 07:15.950","0","0","0","0","67301","0","0","0","N","0","0","0","1","67301","0","","6.0","","1","N","N","N","0","","0","0","0","0","0","","0540","3","0","1","0","0","0","0","2","0","3","0","0","0","3","03","","N","","","","","","","","","",""
"2020068189","1328","2","0","0","0","0","0","0","0","0","1","0","","67","8","2020","4","39.906806","-75.138778","1320","6","0","0","0","0","0","1","2","0","","0","0","0","13","1","0","N","0","1","39 54:24.500","3","3","75 08:19.600","0","0","0","0","67301","0","0","0","N","0","0","0","4","67501","0","","1.0","1350.0","1","N","N","N","0","","0","0","1","0","0","N","1315","3","0","0","0","0","0","0","2","0","3","0","0","0","3","03","","N","","","","","","","","","",""
"2020068254","2145","2","0","0","0","0","0","0","0","0","5","0","","67","8","2020","1","39.991639","-75.16","2138","6","0","0","0","0","0","1","0","0","","0","0","0","21","3","1","N","0","0","39 59:29.900","","0","75 09:36.000","3","0","0","0","67301","0","0","0","N","0","0","0","2","67301","0","","6.0","","1","N","N","N","0","","1","0","1","0","0","","2135","3","1","1","0","0","0","0","2","0","3","0","0","0","3","03","","N","","","","","","","","","",""
"2020077044","0220","2","0","0","0","0","0","0","0","0","5","0","","67","9","2020","7","39.945247","-75.234564","0219","6","0","0","0","0","0","1","0","0","","0","0","0","01","3","1","N","0","0","39 56:42.890","","0","75 14:04.430","3","0","0","0","67301","0","0","0","N","0","0","0","1","67301","0","","6.0","","1","N","N","N","0","","1","0","0","0","0","","0150","4","1","0","0","0","0","0","2","2","4","0","0","0","3","03","","N","","","","","","","","","",""
"2020071783","1141","2","0","0","0","0","0","0","0","0","4","0","","67","9","2020","4","40.034364","-75.160428","1141","6","0","0","0","0","0","0","1","0","","0","0","0","11","1","1","","1","0","40 02:03.710","","0","75 09:37.540","3","0","0","0","67301","0","0","0","N","0","0","0","2","67301","0","","1.0","","1","N","N","N","0","","1","0","0","3","3","","1140","2","1","0","0","0","0","0","2","0","2","0","0","0","4","04","","N","","","","","","","","","",""
"2020073371","1742","0","0","0","0","0","0","0","0","0","4","0","","67","9","2020","2","39.95577","-75.15905","1742","6","0","0","0","0","0","1","0","0","","0","0","0","17","1","0","","1","0","39 57:20.771","","0","75 09:32.581","0","0","0","0","67301","0","0","0","N","0","0","0","2","67301","0","","1.0","","1","N","N","N","0","","0","0","2","3","2","","1732","2","0","0","0","0","0","0","2","0","2","0","0","0","3","03","","N","","","","","","","","","",""
"2020074613","2015","2","0","0","0","0","0","0","0","0","5","0","","67","9","2020","6","40.055694","-75.003389","1959","6","0","0","0","0","0","0","0","0","","0","0","0","19","3","0","N","0","1","40 03:20.500","2","0","75 00:12.200","0","0","0","0","67301","0","0","0","N","0","0","0","1","67301","0","","6.0","2100.0","1","N","N","N","0","","0","0","0","0","0","N","1954","2","0","0","0","0","0","0","2","0","2","0","0","0","3","04","","N","","","","","","","","","",""
"2020079685","0124","1","0","0","0","0","0","0","0","0","2","0","","67","9","2020","4","39.958678","-75.207511","0120","6","0","1","0","0","0","0","0","0","","0","0","0","01","8","0","N","0","0","39 57:31.240","","0","75 12:27.040","0","0","0","0","67301","0","0","0","N","0","0","0","2","67301","0","","1.0","","1","N","N","N","0","","0","0","0","0","0","","0100","2","0","1","0","0","0","0","2","1","2","0","0","0","3","03","","N","","","","","","","","","",""
"2020089533","2336","1","0","0","0","0","0","0","0","0","7","0","","67","10","2020","5","39.968732","-75.128467","2329","6","0","0","0","0","0","0","0","0","","0","0","0","23","3","0","N","0","2","39 58:07.435","2","0","75 07:42.482","0","0","0","0","67301","0","0","0","N","0","0","0","1","68K01","0","","4.0","1152.0","1","N","N","N","0","","0","0","0","0","0","N","2321","1","0","0","0","0","0","0","2","0","1","0","0","0","3","03","","N","","","","","","","","","",""
"2020065851","1100","2","0","0","0","0","0","0","0","0","4","0","","67","8","2020","6","39.938065","-75.16844","1100","6","0","0","0","0","0","0","0","0","","0","0","0","06","1","1","","1","0","39 56:17.034","","0","75 10:06.383","3","0","0","0","67301","0","0","0","N","0","0","0","2","67301","0","","1.0","","1","N","N","N","0","","1","0","0","3","2","","0655","2","1","0","0","0","0","0","2","0","2","0","0","0","3","03","","N","","","","","","","","","",""
"2020092336","0012","1","0","0","0","0","0","0","0","0","7","0","","67","10","2020","5","39.893225","-75.225197","0008","6","0","0","0","0","0","0","0","0","","0","0","0","22","3","0","N","0","1","39 53:35.610","3","0","75 13:30.710","0","0","0","0","67301","0","0","0","N","0","0","0","1","67301","0","","4.0","120.0","9","N","N","N","0","","0","0","0","0","0","N","2223","1","0","0","0","0","0","0","2","0","1","0","0","0","7","07","","N","","","","","","","","","",""
"2020091241","1448","0","0","0","0","0","0","0","0","0","1","0","","67","10","2020","1","39.958399","-75.165977","1444","6","0","0","0","0","1","0","0","0","","0","0","0","14","1","1","N","0","1","39 57:30.237","4","0","75 09:57.518","8","0","0","0","67301","0","0","0","N","0","0","0","7","68K01","0","","1.0","1540.0","1","N","N","N","0","","0","0","2","0","0","N","1444","3","1","1","0","0","1","0","2","1","3","0","0","0","3","03","","N","","","","","","","","","",""
"2020081452","1456","0","0","0","0","0","0","0","0","0","7","0","","67","9","2020","6","39.923608","-75.191631","1455","6","0","0","0","0","0","0","0","0","","0","0","0","14","1","1","","2","0","39 55:24.988","","0","75 11:29.871","3","0","0","1","67301","0","0","0","N","0","0","0","1","67301","0","","4.0","","1","N","N","N","0","","1","0","0","3","3","","1450","1","1","0","0","0","0","0","2","0","1","0","0","0","3","03","","N","","","","","","","","","",""
"2020086804","1740","0","0","0","0","0","0","0","0","0","4","0","","67","10","2020","7","40.008222","-75.071778","1733","6","0","0","0","0","0","0","0","0","","0","0","0","17","1","1","","2","1","40 00:29.600","1","0","75 04:18.400","3","0","0","1","67301","0","0","0","N","0","0","0","2","67301","0","","1.0","1800.0","1","N","N","N","0","","1","0","1","3","3","N","1723","2","1","0","0","0","0","0","2","0","2","0","0","0","3","03","","N","","","","","","","","","",""
"2020093506","2254","1","0","0","0","0","0","0","0","0","5","0","","67","10","2020","5","40.034546","-75.01886","2254","6","0","0","0","0","0","1","0","0","","0","0","0","22","3","1","N","0","1","40 02:04.367","1","3","75 01:07.895","3","0","0","0","67301","0","0","0","N","0","0","0","2","68K01","0","","1.0","2330.0","1","N","N","N","0","","1","0","1","0","0","N","2246","2","1","0","0","0","0","0","2","0","2","0","0","0","3","","","N","","","","","","","","","",""
"2020069922","1825","0","0","0","0","0","0","0","0","0","4","0","","67","8","2020","1","39.936385","-75.22764","1815","6","0","0","0","0","0","0","0","0","","0","0","0","18","1","1","","1","0","39 56:10.985","","0","75 13:39.504","3","0","0","0","67301","0","0","0","N","0","0","0","2","67301","0","","1.0","","1","N","N","N","0","","1","0","2","3","3","","1814","2","1","1","0","0","0","0","2","0","2","0","0","0","3","03","","N","","","","","","","","","",""
"2020089184","0042","0","0","0","0","0","0","0","0","0","6","0","","67","10","2020","4","40.017804","-75.064778","0040","6","0","0","0","0","0","0","0","0","","0","0","0","00","3","1","N","0","0","40 01:04.096","","0","75 03:53.202","3","0","0","0","67301","0","0","0","N","0","0","0","2","67301","0","","6.0","","1","N","N","N","0","","1","0","2","0","0","","0038","2","1","2","0","0","0","0","2","0","2","0","0","0","3","03","","N","","","","","","","","","",""
"2020092010","2259","2","0","0","0","0","0","0","0","0","1","0","","67","10","2020","3","40.003357","-75.077078","2251","6","0","0","0","0","0","0","0","0","","0","0","0","22","3","1","N","0","0","40 00:12.084","","2","75 04:37.479","8","0","0","0","67301","0","0","0","N","0","0","0","2","68K01","0","","1.0","","1","N","N","N","0","","0","0","0","0","0","","2245","2","1","1","0","0","1","0","2","0","2","0","0","0","3","03","","N","","","","","","","","","",""
"2020096708","0156","1","0","0","0","0","0","0","0","0","7","0","","67","10","2020","5","40.030757","-75.021857","0145","6","0","0","1","0","0","0","0","0","","0","0","0","01","3","1","N","0","1","40 01:50.726","2","3","75 01:18.684","3","0","0","0","67301","0","0","0","N","0","0","0","2","68K01","0","","3.0","30.0","1","N","N","N","0","","1","0","0","0","0","N","0145","1","1","0","0","0","0","0","2","0","1","0","0","0","3","","","N","","","","","","","","","",""
"2020090134","2022","1","0","0","0","0","0","0","0","0","1","0","","67","10","2020","5","40.026998","-75.065361","2019","6","0","0","0","0","0","1","0","0","","0","0","0","20","3","1","","5","0","40 01:37.193","","0","75 03:55.299","3","0","0","0","67301","0","0","0","N","0","0","0","2","67301","0","","1.0","","1","N","N","N","1","","1","0","0","3","2","","2018","2","1","0","0","0","0","0","2","0","2","0","0","0","3","03","","N","","","","","","","","","",""
"2020086893","1800","1","0","0","0","0","0","0","0","0","2","0","","67","10","2020","7","40.061083","-75.164444","1749","6","0","0","0","1","0","1","0","0","","0","0","0","16","1","2","N","0","2","40 03:39.900","5","0","75 09:52.000","3","0","0","0","67301","0","0","0","N","0","0","0","2","67301","0","","1.0","1700.0","1","N","N","N","0","","2","0","0","3","2","Y","1600","2","2","1","0","0","0","0","2","1","2","0","0","0","3","03","","N","","","","","","","","","",""
"2020078528","0835","2","0","0","0","0","0","0","0","0","4","0","","67","9","2020","2","39.974224","-75.226355","0830","6","0","0","0","0","0","1","0","0","","0","0","0","07","1","1","","1","0","39 58:27.207","","0","75 13:34.879","2","0","1","1","67301","0","0","0","N","0","0","0","2","67301","0","","1.0","","1","N","N","N","0","","0","1","0","3","2","","0758","3","1","0","0","0","0","0","2","0","3","0","0","0","3","03","","N","","","","","","","","","",""
"2020067606","0646","0","0","0","0","0","0","0","0","0","7","0","","67","8","2020","1","39.956997","-75.152994","0636","6","0","0","0","0","0","0","0","0","","0","0","0","06","1","0","N","0","1","39 57:25.188","4","0","75 09:10.780","0","0","0","0","67301","0","0","0","N","0","0","0","1","68K01","0","","4.0","730.0","9","N","N","N","0","","0","0","1","0","0","N","0632","1","0","0","0","0","0","0","2","0","1","0","0","0","3","07","","N","","","","","","","","","",""
"2020069937","2301","0","0","0","0","0","0","0","0","0","4","0","","67","8","2020","4","39.920731","-75.226286","2300","6","0","0","0","0","0","0","0","0","","0","0","0","23","3","0","","1","0","39 55:14.631","","0","75 13:34.629","0","0","0","0","67301","0","0","0","N","0","0","0","2","67301","0","","1.0","","1","N","N","N","0","","0","0","1","3","2","","2300","2","0","0","0","0","0","0","2","1","2","0","0","0","3","03","","N","","","","","","","","","",""
"2020067402","1801","2","0","0","0","0","0","0","0","0","4","0","","67","8","2020","4","40.028563","-75.056248","1755","6","0","0","0","0","0","0","0","0","","0","0","0","17","1","2","","1","0","40 01:42.826","","0","75 03:22.492","3","0","0","0","67301","0","0","0","N","0","0","0","2","67301","0","","1.0","","1","N","N","N","0","","2","0","2","3","3","","1740","4","2","0","0","0","0","0","2","0","4","0","0","0","3","","","N","","","","","","","","","",""
"2020081349","2235","3","0","0","0","0","0","0","0","0","4","0","","67","9","2020","7","39.987842","-75.09547","2225","6","0","0","0","0","0","0","0","0","","0","0","0","22","3","0","","1","0","39 59:16.231","","0","75 05:43.691","0","0","0","0","67301","0","0","0","N","0","0","0","2","67301","0","","1.0","","1","N","N","N","0","","0","0","1","3","3","","2224","4","0","0","0","0","0","0","2","0","4","0","0","0","3","03","","N","","","","","","","","","",""
"2020086510","1700","1","0","0","0","0","0","0","0","0","8","0","","67","10","2020","5","39.985266","-75.111247","1659","6","0","0","0","0","0","0","0","0","","0","0","0","17","1","1","","1","0","39 59:06.957","","0","75 06:40.489","3","0","0","0","67301","1","0","0","N","1","0","0","2","67301","0","","1.0","","1","N","N","N","0","","1","0","0","3","2","","1715","2","1","0","0","0","0","0","2","0","1","1","0","0","3","03","","N","","","","","","","","","",""
"2020091354","2208","0","0","0","0","0","0","0","0","0","7","0","","67","10","2020","2","40.043644","-75.114294","2207","6","0","0","0","0","0","0","0","0","","0","0","0","22","2","1","N","0","0","40 02:37.120","","0","75 06:51.460","8","0","0","0","67301","0","0","0","N","0","0","0","2","67301","0","","3.0","","9","N","N","N","0","","0","0","0","0","0","","2204","1","1","0","0","0","1","1","2","1","1","0","0","0","7","04","","N","","","","","","","","","",""
"2020065785","0530","1","0","0","0","0","0","0","0","0","6","0","","67","8","2020","6","40.041472","-75.120278","0511","6","0","0","0","0","0","0","0","0","","0","0","0","04","3","0","Y","0","0","40 02:29.300","","0","75 07:13.000","0","0","0","0","67301","0","0","0","N","0","0","0","2","67301","0","","1.0","","1","N","N","N","0","","0","0","0","3","2","","0433","2","0","0","0","0","0","0","2","1","2","0","0","0","3","03","","N","","","","","","","","","",""
"2020078186","0755","1","0","0","0","0","0","0","0","0","5","0","","67","9","2020","4","40.029201","-75.106868","0754","6","0","0","0","0","0","0","0","0","","0","0","0","07","1","2","N","0","1","40 01:45.124","2","6","75 06:24.725","3","0","0","0","67301","0","0","0","N","0","0","0","6","67301","1","","1.0","840.0","1","N","N","N","0","","1","0","1","0","0","N","0735","2","2","0","0","0","0","0","2","0","2","0","0","0","3","03","","N","","","","","","","","","",""
"2020067527","1335","0","0","0","0","0","0","0","0","0","4","0","","67","8","2020","4","39.943107","-75.215286","1327","6","0","0","0","0","0","0","1","0","","0","0","0","13","1","1","","1","0","39 56:35.185","","0","75 12:55.029","3","0","0","0","67301","0","0","0","N","0","0","0","2","67301","0","","1.0","","9","N","N","N","0","","1","0","2","3","2","","1324","2","1","0","0","0","0","0","2","0","2","0","0","0","7","07","","N","","","","","","","","","",""
"2020095601","1531","2","0","0","0","0","0","0","0","0","1","0","","67","10","2020","4","40.050736","-75.010018","1531","6","0","0","0","0","0","1","0","0","","0","0","0","15","1","1","Y","0","1","40 03:02.651","1","0","75 00:36.064","4","0","0","0","67301","0","0","0","N","0","0","0","5","67301","1","","1.0","1540.0","1","N","N","N","1","","0","0","0","3","2","Y","1530","3","1","0","0","0","0","0","2","0","3","0","0","0","3","","","N","","","","","","","","","",""
"2020066779","1854","2","0","0","0","0","0","0","0","0","4","0","","67","8","2020","3","40.03964","-75.032876","1848","6","0","0","0","0","1","1","0","0","","0","0","0","18","1","0","N","0","2","40 02:22.703","1","7","75 01:58.353","0","0","0","0","67301","0","0","0","N","0","0","0","3","67301","0","","1.0","2000.0","1","N","N","N","0","","0","0","1","3","3","N","1847","3","0","1","0","0","0","0","2","0","3","0","0","0","3","03","","N","","","","","","","","","",""
"2020070133","1732","0","0","0","0","0","0","0","0","0","8","0","","67","8","2020","6","39.940969","-75.144049","1725","6","0","0","0","0","0","1","0","0","","0","0","0","16","1","1","","2","1","39 56:27.488","1","0","75 08:38.576","3","0","0","0","67301","1","0","0","N","1","0","0","2","67301","0","","1.0","1658.0","1","N","N","N","0","","1","0","1","3","3","N","1653","2","1","0","0","0","0","0","2","0","1","1","0","0","3","03","","N","","","","","","","","","",""
"2020066736","0351","1","0","0","0","0","0","0","0","0","7","0","","67","8","2020","4","39.984722","-75.149472","0350","6","0","0","0","0","0","0","0","0","","0","0","0","03","3","1","N","0","0","39 59:05.000","","0","75 08:58.100","8","0","0","0","67301","0","0","0","N","0","0","0","1","67505","0","","4.0","","1","N","N","N","0","","0","0","0","0","0","","0349","1","1","0","0","0","1","0","2","0","1","0","0","0","3","03","","N","","","","","","","","","",""
"2020067641","1159","0","0","0","0","0","0","0","0","0","4","0","","67","8","2020","3","39.9753","-75.121195","1155","6","0","0","0","1","0","0","0","0","","0","0","0","11","1","2","","1","0","39 58:31.081","","0","75 07:16.303","3","0","0","1","67301","0","0","0","N","0","0","0","3","67301","0","","1.0","","1","N","N","N","1","","2","0","0","3","2","","1145","2","2","0","0","0","0","0","2","0","2","0","0","0","3","","","N","","","","","","","","","",""
"2020089302","2325","0","0","0","0","0","0","0","0","0","7","0","","67","10","2020","6","39.943822","-75.237857","2324","6","0","0","0","0","0","0","0","0","","0","0","0","23","3","2","","1","2","39 56:37.760","7","0","75 14:16.286","8","0","0","0","67301","0","0","0","N","0","0","0","3","67301","0","","5.0","1145.0","1","N","N","N","0","","0","0","1","3","2","Y","2301","1","2","0","0","0","2","0","2","0","1","0","0","0","5","","","N","","","","","","","","","",""