"CRN","ARRIVAL_TM","AUTOMOBILE_COUNT","BELTED_DEATH_COUNT","BELTED_SUSP_SERIOUS_INJ_COUNT","BICYCLE_COUNT","BICYCLE_DEATH_COUNT","BICYCLE_SUSP_SERIOUS_INJ_COUNT","BUS_COUNT","CHLDPAS_DEATH_COUNT","CHLDPAS_SUSP_SERIOUS_INJ_COUNT","COLLISION_TYPE","COMM_VEH_COUNT","CONS_ZONE_SPD_LIM","COUNTY","CRASH_MONTH","CRASH_YEAR","DAY_OF_WEEK","DEC_LATITUDE","DEC_LONGITUDE","DISPATCH_TM","DISTRICT","DRIVER_COUNT_16YR","DRIVER_COUNT_17YR","DRIVER_COUNT_18YR","DRIVER_COUNT_19YR","DRIVER_COUNT_20YR","DRIVER_COUNT_50_64YR","DRIVER_COUNT_65_74YR","DRIVER_COUNT_75PLUS","EST_HRS_CLOSED","FATAL_COUNT","HEAVY_TRUCK_COUNT","HORSE_BUGGY_COUNT","HOUR_OF_DAY","ILLUMINATION","INJURY_COUNT","INTERSECTION_RELATED","INTERSECT_TYPE","LANE_CLOSED","LATITUDE","LN_CLOSE_DIR","LOCATION_TYPE","LONGITUDE","MAX_SEVERITY_LEVEL","MCYCLE_DEATH_COUNT","MCYCLE_SUSP_SERIOUS_INJ_COUNT","MOTORCYCLE_COUNT","MUNICIPALITY","NONMOTR_COUNT","NONMOTR_DEATH_COUNT","NONMOTR_SUSP_SERIOUS_INJ_COUNT","NTFY_HIWY_MAINT","PED_COUNT","PED_DEATH_COUNT","PED_SUSP_SERIOUS_INJ_COUNT","PERSON_COUNT","POLICE_AGCY","POSSIBLE_INJ_COUNT","RDWY_SURF_TYPE_CD","RELATION_TO_ROAD","ROADWAY_CLEARED","ROAD_CONDITION","SCH_BUS_IND","SCH_ZONE_IND","SECONDARY_CRASH","SMALL_TRUCK_COUNT","SPEC_JURIS_CD","SUSP_MINOR_INJ_COUNT","SUSP_SERIOUS_INJ_COUNT","SUV_COUNT","TCD_FUNC_CD","TCD_TYPE","TFC_DETOUR_IND","TIME_OF_DAY","TOTAL_UNITS","TOT_INJ_COUNT","UNBELTED_OCC_COUNT","UNB_DEATH_COUNT","UNB_SUSP_SERIOUS_INJ_COUNT","UNK_INJ_DEG_COUNT","UNK_INJ_PER_COUNT","URBAN_RURAL","VAN_COUNT","VEHICLE_COUNT","VULNERABLE_ROAD_USER_COUNT","VULNERABLE_ROAD_USER_DEATH_COUNT","VULNERABLE_ROAD_USER_SER_INJ_COUNT","WEATHER1","WEATHER2","WORKERS_PRES","WORK_ZONE_IND","WORK_ZONE_LOC","WORK_ZONE_TYPE","WZ_CLOSE_DETOUR","WZ_FLAGGER","WZ_LAW_OFFCR_IND","WZ_LN_CLOSURE","WZ_MOVING","WZ_OTHER","WZ_SHLDER_MDN","WZ_WORKERS_INJ_KILLED"
"2020065788","2228","2","0","0","0","0","0","0","0","0","1","0","","67","8","2020","6","40.010661","-75.184434","2215","6","0","0","0","0","0","0","1","0","","0","0","0","22","3","0","N","0","2","40 00:38.378","2","0","75 11:03.962","0","0","0","0","67301","0","0","0","N","0","0","0","3","67301","0","","1.0","2320.0","1","N","N","N","0","","0","0","0","0","0","N","2210","2","0","0","0","0","0","0","2","0","2","0","0","0","3","03","","N","","","","","","","","","",""
"2020076791","1840","2","0","0","0","0","0","0","0","0","4","0","","67","9","2020","4","39.945766","-75.166775","1839","6","0","0","0","1","0","1","0","0","","0","0","0","18","1","4","","1","0","39 56:44.757","","0","75 10:00.390","4","0","0","0","67301","1","0","0","N","1","0","0","4","67301","4","","1.0","","1","N","N","Y","0","","0","0","0","3","2","","1835","3","4","0","0","0","0","0","2","0","2","1","0","0","3","03","","N","","","","","","","","","",""
"2020102358","1236","0","0","0","0","0","0","0","0","0","8","0","","67","11","2020","7","40.035008","-75.035528","1233","6","0","0","0","0","0","0","0","0","","0","0","0","12","1","1","N","0","0","40 02:06.030","","0","75 02:07.900","3","0","0","0","67301","1","0","0","N","1","0","0","6","67301","0","","1.0","","1","N","N","N","0","","1","0","0","3","3","","1228","2","1","0","0","0","0","0","2","1","1","1","0","0","3","03","","N","","","","","","","","","",""
"2020069019","0325","2","0","0","0","0","0","0","0","0","5","0","","67","8","2020","3","40.036472","-75.087389","0320","6","0","0","0","0","0","0","0","0","","0","0","0","03","3","0","N","0","0","40 02:11.300","","0","75 05:14.600","0","0","0","0","67301","0","0","0","N","0","0","0","1","67301","0","","6.0","","1","N","N","N","0","","0","0","0","0","0","","0310","3","0","0","0","0","0","0","2","1","3","0","0","0","3","03","","N","","","","","","","","","",""
"2020073631","1327","1","0","0","0","0","0","0","0","0","1","0","","67","8","2020","4","39.957917","-75.162193","1305","6","0","0","0","0","0","2","0","0","","0","0","0","13","1","2","N","0","2","39 57:28.502","4","0","75 09:43.896","3","0","0","0","67301","0","0","0","N","0","0","0","7","68K01","0","","1.0","30.0","1","N","N","N","0","","2","0","3","0","0","N","1300","5","2","0","0","0","0","1","2","1","5","0","0","0","3","","","N","","","","","","","","","",""
"2020066458","1210","1","0","0","0","0","0","0","0","0","8","0","","67","8","2020","2","40.048303","-75.145208","2009","6","0","0","0","0","0","0","0","0","","0","0","0","12","1","1","N","0","0","40 02:53.890","","0","75 08:42.750","2","0","0","0","67301","1","0","1","N","1","0","1","2","67301","0","","6.0","","1","N","N","N","0","","0","1","0","0","0","","1204","2","1","0","0","0","0","0","2","0","1","1","0","1","3","03","","N","","","","","","","","","",""
"2020068255","1335","1","0","0","0","0","0","0","0","0","4","0","","67","8","2020","4","39.99178","-75.186379","1335","6","0","0","0","0","0","1","0","0","","0","0","0","12","1","1","","1","0","39 59:30.408","","0","75 11:10.966","8","0","0","0","67301","0","0","0","N","0","0","0","4","67301","0","","1.0","","1","N","N","N","0","","0","0","1","3","2","","1235","2","1","0","0","0","1","0","2","0","2","0","0","0","3","","","N","","","","","","","","","",""
"2020101823","1037","2","0","0","0","0","0","0","0","0","3","0","","67","11","2020","5","39.919639","-75.23075","1037","6","0","0","0","0","1","0","0","0","","0","0","0","10","1","0","N","0","0","39 55:10.700","","0","75 13:50.700","0","0","0","0","67301","0","0","0","N","0","0","0","3","67301","0","","1.0","","1","N","N","N","0","","0","0","1","0","0","","1037","3","0","0","0","0","0","0","2","0","3","0","0","0","4","","","N","","","","","","","","","",""
"2020112398","2002","0","0","0","0","0","0","0","0","0","4","0","","67","12","2020","4","39.993614","-75.107298","2002","6","0","0","0","0","0","1","0","0","","0","0","0","14","1","0","","1","0","39 59:37.010","","0","75 06:26.272","0","0","0","0","67301","0","0","0","N","0","0","0","2","67301","0","","1.0","","1","N","N","N","0","","0","0","1","3","3","","1430","2","0","0","0","0","0","0","2","0","2","0","0","0","3","03","","N","","","","","","","","","",""
"2020105885","1419","1","0","0","0","0","0","0","0","0","4","0","","67","12","2020","2","40.00768","-75.15158","1419","6","0","0","0","0","0","1","1","0","","0","0","0","14","1","1","","1","0","40 00:27.648","","0","75 09:05.687","3","0","0","0","67301","0","0","0","N","0","0","0","3","67301","0","","1.0","","1","N","N","N","0","","1","0","1","3","2","","1415","2","1","0","0","0","0","1","2","0","2","0","0","0","3","03","","N","","","","","","","","","",""
"2020113928","1821","2","0","0","0","0","0","0","0","0","2","0","","67","12","2020","1","40.013573","-75.083228","1820","6","0","0","0","0","1","0","0","0","","0","0","0","18","3","1","","1","2","40 00:48.862","7","0","75 04:59.620","3","0","0","0","67301","0","0","0","N","0","0","0","3","67301","0","","1.0","100.0","1","N","N","N","0","","1","0","0","3","3","N","1815","2","1","3","0","0","0","0","2","0","2","0","0","0","3","03","","N","","","","","","","","","",""
"2020105881","1841","0","0","0","0","0","0","0","0","0","8","0","","67","12","2020","2","39.928164","-75.230656","1841","6","0","0","0","0","0","0","0","0","","0","0","0","17","3","1","","2","0","39 55:41.390","","0","75 13:50.361","3","0","0","0","67301","1","0","0","N","1","0","0","2","67301","0","","1.0","","1","N","N","N","0","","1","0","0","3","2","","1757","2","1","0","0","0","0","1","2","0","1","1","0","0","3","","","N","","","","","","","","","",""
"2020112966","2248","2","0","0","0","0","0","0","0","0","6","0","","67","12","2020","6","39.947776","-75.231606","2242","6","0","0","0","0","0","0","0","0","","0","0","0","22","3","1","N","0","0","39 56:51.993","","0","75 13:53.783","4","0","0","0","67301","0","0","0","N","0","0","0","3","67301","1","","1.0","","1","N","N","N","0","","0","0","0","0","0","","2241","2","1","0","0","0","0","0","2","0","2","0","0","0","3","03","","N","","","","","","","","","",""
"2020103024","1601","1","0","0","0","0","0","0","0","0","4","0","","67","11","2020","7","39.996887","-75.112741","1601","6","0","0","0","0","0","0","0","0","","0","0","0","15","1","1","","2","0","39 59:48.793","","1","75 06:45.867","3","0","0","0","67301","0","0","0","N","0","0","0","4","67301","0","","1.0","","1","N","N","N","0","","1","0","1","0","0","","1500","2","1","0","0","0","0","0","2","0","2","0","0","0","4","04","","N","","","","","","","","","",""
"2020105241","1830","2","0","0","0","0","0","0","0","0","4","0","","67","12","2020","7","40.038738","-75.123519","1830","6","0","0","0","0","0","0","0","0","","0","0","0","16","3","0","","1","0","40 02:19.456","","0","75 07:24.668","0","0","0","0","67301","0","0","0","N","0","0","0","4","67301","0","","1.0","","1","N","N","N","0","","0","0","0","3","3","","1630","2","0","0","0","0","0","0","2","0","2","0","0","0","3","03","","N","","","","","","","","","",""
"2020076638","0950","1","0","0","0","0","0","0","0","0","5","0","","67","9","2020","5","40.045111","-75.067306","0945","6","0","0","0","0","0","0","0","0","","0","0","0","09","1","0","N","0","0","40 02:42.400","","0","75 04:02.300","0","0","0","0","67301","0","0","0","N","0","0","0","1","67301","0","","6.0","","9","N","N","N","1","","0","0","0","0","0","","0936","2","0","0","0","0","0","0","2","0","2","0","0","0","7","98","","N","","","","","","","","","",""
"2020069919","0035","2","0","0","0","0","0","0","0","0","4","0","","67","8","2020","7","39.901322","-75.239437","0031","6","0","0","0","0","0","0","0","0","","0","0","0","22","3","1","","2","0","39 54:04.758","","0","75 14:21.973","3","0","0","0","67301","0","0","0","N","0","0","0","2","67301","0","","1.0","","1","N","N","N","0","","1","0","0","3","2","","2230","2","1","1","0","0","0","0","2","0","2","0","0","0","3","03","","N","","","","","","","","","",""
"2020091350","1301","1","0","0","0","0","0","0","0","0","4","0","","67","10","2020","6","40.052077","-75.141781","1301","6","0","0","1","0","0","0","0","0","","0","0","0","13","1","0","","1","2","40 03:07.476","5","0","75 08:30.412","0","0","0","0","67301","0","0","0","N","0","0","0","6","67301","0","","1.0","1315.0","1","N","N","N","0","","0","0","1","3","2","Y","1300","2","0","0","0","0","0","0","2","0","2","0","0","0","3","03","","N","","","","","","","","","",""
"2020071216","1220","1","0","0","0","0","0","0","0","0","7","0","","67","8","2020","1","39.876614","-75.258237","1220","6","0","0","0","0","0","0","0","0","","0","0","0","12","1","2","N","0","0","39 52:35.810","","8","75 15:29.654","3","0","0","0","67301","0","0","0","N","0","0","0","2","67301","0","","4.0","","9","N","N","N","0","","2","0","0","0","0","","1216","1","2","0","0","0","0","0","2","0","1","0","0","0","7","07","","N","","","","","","","","","",""
"2020071564","1820","1","0","0","0","0","0","0","0","0","4","0","","67","9","2020","3","39.972508","-75.144464","1815","6","0","0","0","0","0","0","0","0","","0","0","0","17","1","0","N","0","0","39 58:21.030","","0","75 08:40.070","0","0","0","0","67301","0","0","0","N","0","0","0","1","67301","0","","6.0","","1","N","N","N","0","","0","0","1","0","0","","1750","2","0","1","0","0","0","0","2","0","2","0","0","0","3","","","N","","","","","","","","","",""
"2020080961","2140","3","0","0","0","0","0","0","0","0","4","0","","67","9","2020","6","40.011656","-75.1631","2139","6","0","0","0","0","0","0","0","0","","0","0","0","21","3","2","","1","0","40 00:41.961","","0","75 09:47.160","4","0","0","0","67301","0","0","0","N","0","0","0","3","67301","1","","1.0","","1","N","N","N","0","","0","0","2","0","0","","2135","5","2","1","0","0","1","0","2","0","5","0","0","0","3","03","","N","","","","","","","","","",""
"2020112922","","1","0","0","0","0","0","0","0","0","4","0","","67","2","2020","1","39.993529","-75.112699","","6","0","0","0","0","0","0","0","0","","0","0","0","18","1","2","","2","0","39 59:36.704","","0","75 06:45.716","4","0","0","0","67301","0","0","0","N","0","0","0","4","00000","2","","1.0","","1","","","N","0","","0","0","1","3","3","","1858","2","2","0","0","0","0","0","2","0","2","0","0","0","3","","","N","","","","","","","","","",""
"2020065843","1710","2","0","0","0","0","0","0","0","0","1","0","","67","8","2020","6","39.937923","-75.23392","1710","6","0","0","0","0","0","0","0","0","","0","0","0","16","1","0","","1","0","39 56:16.524","","0","75 14:02.111","9","0","0","0","67301","0","0","0","N","0","0","0","3","67301","0","","1.0","","1","N","N","N","0","","0","0","0","3","2","","1630","2","0","1","0","0","0","2","2","0","2","0","0","0","3","03","","N","","","","","","","","","",""
"2020066573","1322","1","0","0","0","0","0","0","0","0","5","0","","67","8","2020","2","39.993942","-75.113828","1307","6","0","0","0","0","0","1","0","0","","0","0","0","12","1","1","N","0","0","39 59:38.190","","0","75 06:49.780","8","0","0","0","67301","0","0","0","N","0","0","0","2","67301","0","","6.0","","1","N","N","N","1","","0","0","2","0","0","","1252","4","1","0","0","0","1","0","2","0","4","0","0","0","3","03","","N","","","","","","","","","",""
"2020069343","1251","1","0","0","0","0","0","0","0","0","7","0","","67","8","2020","4","39.964929","-75.137868","1241","6","0","0","0","0","0","0","0","0","","0","0","0","12","1","1","N","0","1","39 57:53.743","2","0","75 08:16.325","8","0","0","0","67301","0","0","0","N","0","0","0","2","68K01","0","","2.0","1330.0","1","N","N","Y","0","","0","0","0","0","0","N","1238","1","1","0","0","0","1","0","2","0","1","0","0","0","3","03","","N","","","","","","","","","",""
"2020076656","1430","1","0","0","0","0","0","0","0","0","5","0","","67","9","2020","5","40.019784","-75.114492","1430","6","0","0","0","0","0","0","0","0","","0","0","0","09","1","1","Y","0","0","40 01:11.222","","0","75 06:52.171","3","0","0","0","67301","0","0","0","N","0","0","0","2","67301","0","","1.0","","1","N","N","N","0","","1","0","0","3","2","","0945","2","1","2","0","0","0","0","2","1","2","0","0","0","4","03","","N","","","","","","","","","",""
"2020113764","0326","0","0","0","0","0","0","0","0","0","1","0","","67","12","2020","2","40.002509","-75.064323","0320","6","0","0","0","0","0","0","0","0","","0","0","0","02","3","0","N","0","1","40 00:09.031","6","0","75 03:51.564","0","0","0","0","67301","0","0","0","N","0","0","0","1","67301","0","","1.0","345.0","1","N","N","N","0","","0","0","4","0","0","N","0226","4","0","1","0","0","0","0","2","0","4","0","0","0","3","","","N","","","","","","","","","",""
"2020078102","0147","1","0","0","0","0","0","0","0","0","4","0","","67","9","2020","1","39.974735","-75.199203","0141","6","0","0","0","0","0","0","0","0","","0","0","0","01","3","2","","1","0","39 58:29.046","","2","75 11:57.130","3","0","0","0","67301","0","0","0","N","0","0","0","3","67301","0","","1.0","","1","N","N","N","0","","2","0","1","9","2","","0130","2","2","2","0","0","0","1","2","0","2","0","0","0","3","","","N","","","","","","","","","",""
"2020113936","1005","1","0","0","0","0","0","1","0","0","4","1","","67","12","2020","5","40.005282","-75.157039","1005","6","0","0","0","0","1","2","0","0","","0","0","0","10","1","0","","1","0","40 00:19.015","","0","75 09:25.340","0","0","0","0","67301","0","0","0","N","0","0","0","3","67301","0","","1.0","","9","N","N","N","0","","0","0","1","3","2","","1005","3","0","0","0","0","0","0","2","0","3","0","0","0","7","07","","N","","","","","","","","","",""
"2020066454","1105","1","0","0","0","0","0","0","0","0","4","0","","67","8","2020","1","39.971717","-75.125888","1103","6","0","0","0","0","0","0","0","0","","0","0","0","10","1","0","","1","0","39 58:18.181","","0","75 07:33.198","0","0","0","0","67301","0","0","0","N","0","0","0","2","67301","0","","1.0","","9","N","N","N","0","","0","0","1","0","0","","1050","2","0","0","0","0","0","0","2","0","2","0","0","0","7","","","N","","","","","","","","","",""
"2020066203","0842","1","0","0","0","0","0","0","0","0","8","0","","67","8","2020","2","40.079989","-74.997289","0841","6","0","0","0","0","0","0","0","1","","0","0","0","08","1","1","","2","0","40 04:47.959","","0","74 59:50.241","3","0","0","0","67301","1","0","0","N","1","0","0","2","67301","0","","1.0","","1","N","N","N","0","","1","0","0","3","2","","0840","2","1","1","0","0","0","0","2","0","1","1","0","0","3","03","","N","","","","","","","","","",""
"2020069918","0044","1","0","0","0","0","0","0","0","0","2","0","","67","8","2020","1","39.933073","-75.237804","0037","6","0","0","0","0","0","0","1","0","","0","0","0","00","3","0","N","0","0","39 55:59.062","","0","75 14:16.095","0","0","0","0","67301","0","0","0","N","0","0","0","4","67301","0","","1.0","","1","N","N","N","0","","0","0","1","0","0","","0030","2","0","0","0","0","0","0","2","0","2","0","0","0","3","03","","N","","","","","","","","","",""
"2020077918","2307","2","0","0","0","0","0","0","0","0","4","0","","67","9","2020","7","39.997642","-75.146786","2255","6","0","0","0","0","0","0","0","0","","0","0","0","21","3","1","","5","0","39 59:51.511","","0","75 08:48.429","3","0","0","0","67301","0","0","0","N","0","0","0","3","67301","0","","1.0","","1","N","N","N","0","","1","0","0","0","0","","2125","2","1","0","0","0","0","0","2","0","2","0","0","0","3","","","N","","","","","","","","","",""
"2020076345","0311","0","0","0","0","0","0","0","0","0","4","0","","67","9","2020","5","40.023779","-75.147966","0310","6","0","0","0","0","0","1","0","0","","0","0","0","03","3","1","N","0","0","40 01:25.605","","0","75 08:52.677","3","0","0","1","67301","0","0","0","N","0","0","0","2","67301","0","","1.0","","1","N","N","N","0","","1","0","1","0","0","","0301","2","1","0","0","0","0","0","2","0","2","0","0","0","3","03","","N","","","","","","","","","",""
"2020067604","0255","0","0","0","0","0","0","0","0","0","7","0","","67","8","2020","1","39.960155","-75.180161","0240","6","0","0","0","0","0","0","0","0","","0","0","0","02","3","0","N","0","2","39 57:36.558","4","3","75 10:48.578","0","0","0","0","67301","0","0","0","N","0","0","0","1","68K01","0","","4.0","305.0","9","N","N","Y","0","","0","0","1","0","0","N","0238","1","0","0","0","0","0","0","2","0","1","0","0","0","7","","","N","","","","","","","","","",""
"2020077878","0751","1","0","0","0","0","0","0","0","0","1","0","35","67","9","2020","3","39.908194","-75.146944","0748","6","0","0","1","0","0","0","0","0","","0","0","0","07","1","1","N","0","2","39 54:29.500","3","3","75 08:49.000","8","0","0","0","67301","0","0","0","N","0","0","0","7","67501","0","","1.0","819.0","1","N","N","N","1","","0","0","1","3","8","N","0748","4","1","1","0","0","1","0","2","0","4","0","0","0","3","03","Y","Y","4","1","","","N","Y","","","","N"
"2020066073","0320","0","0","0","0","0","0","0","0","0","7","0","","67","8","2020","2","39.981111","-75.150278","0308","6","0","0","0","0","0","0","0","0","","0","0","0","03","3","0","N","0","0","39 58:52.000","","0","75 09:01.000","0","0","0","0","67301","0","0","0","N","0","0","0","2","67505","0","","4.0","","1","N","N","N","1","","0","0","2","0","0","","0308","3","0","2","0","0","0","0","2","0","3","0","0","0","3","03","","N","","","","","","","","","",""
"2020079056","1430","0","0","0","0","0","0","0","0","0","4","0","","67","9","2020","2","39.937771","-75.225652","1421","6","0","0","0","0","0","0","0","0","","0","0","0","14","1","1","","1","0","39 56:15.975","","0","75 13:32.347","8","0","0","0","67301","0","0","0","N","0","0","0","2","67301","0","","1.0","","1","N","N","N","0","","0","0","0","3","2","","1404","2","1","2","0","0","1","0","2","2","2","0","0","0","3","03","","N","","","","","","","","","",""
"2020066456","0927","2","0","0","0","0","0","0","0","0","4","0","","67","8","2020","2","39.985205","-75.14776","0926","6","0","0","0","0","0","0","0","0","","0","0","0","09","1","0","","1","0","39 59:06.738","","0","75 08:51.936","0","0","0","0","67301","0","0","0","N","0","0","0","2","67301","0","","1.0","","1","N","N","N","0","","0","0","0","3","3","","0925","3","0","1","0","0","0","0","2","1","3","0","0","0","3","03","","N","","","","","","","","","",""
"2020067024","1740","3","0","0","0","0","0","0","0","0","4","0","","67","8","2020","2","39.988323","-75.135532","1740","6","0","0","0","1","0","0","0","0","","0","0","0","16","1","1","","1","0","39 59:17.962","","0","75 08:07.915","2","0","0","0","67301","1","0","1","N","1","0","1","3","67301","0","","1.0","","1","N","N","N","0","","0","1","0","3","2","","1658","5","1","0","0","0","0","1","2","1","4","1","0","1","3","03","","N","","","","","","","","","",""
"2020076450","1706","4","0","0","0","0","0","0","0","0","5","0","","67","9","2020","5","40.022056","-75.15325","1706","6","0","0","0","0","0","0","0","0","","0","0","0","16","1","1","N","0","0","40 01:19.400","","0","75 09:11.700","4","0","0","0","67301","0","0","0","N","0","0","0","4","67301","1","","1.0","","1","N","N","N","0","","0","0","0","0","0","","1620","4","1","2","0","0","0","1","2","0","4","0","0","0","3","03","","N","","","","","","","","","",""
"2020065840","1135","0","0","0","0","0","0","0","0","0","4","0","","67","8","2020","6","39.94522","-75.239487","1133","6","0","0","0","0","0","0","0","0","","0","0","0","11","1","3","N","0","0","39 56:42.791","","7","75 14:22.154","3","0","0","0","67301","0","0","0","N","0","0","0","4","67301","0","","1.0","","1","N","N","N","0","","3","0","2","0","0","","1115","2","3","0","0","0","0","0","2","0","2","0","0","0","3","03","","N","","","","","","","","","",""
"2020110843","","2","0","0","0","0","0","0","0","0","4","0","","67","2","2020","6","39.938707","-75.218448","","6","0","0","1","0","0","0","0","0","","0","0","0","14","1","1","","2","0","39 56:19.345","","0","75 13:06.412","8","0","0","0","67301","0","0","0","N","0","0","0","2","00000","0","","1.0","","1","","","N","0","","0","0","0","3","3","","1400","2","1","0","0","0","1","0","2","0","2","0","0","0","3","","","N","","","","","","","","","",""
"2020075311","1330","2","0","0","0","0","0","0","0","0","5","0","","67","8","2020","1","39.924454","-75.192911","1320","6","0","0","0","1","0","0","0","0","","0","0","0","13","1","0","N","0","2","39 55:28.035","3","0","75 11:34.479","0","0","0","0","67301","0","0","0","N","0","0","0","4","68K01","0","","1.0","1355.0","1","N","N","N","0","","0","0","0","0","0","N","1312","2","0","0","0","0","0","0","2","0","2","0","0","0","3","","","N","","","","","","","","","",""
"2020065852","2219","0","0","0","0","0","0","0","0","0","4","0","","67","8","2020","3","39.94417","-75.216544","2215","6","0","0","0","0","0","0","0","1","","0","0","0","22","3","0","","1","0","39 56:39.012","","0","75 12:59.557","0","0","0","0","67301","0","0","0","N","0","0","0","2","67301","0","","1.0","","1","N","N","N","0","","0","0","1","3","2","","2210","2","0","1","0","0","0","0","2","0","2","0","0","0","3","03","","N","","","","","","","","","",""
"2020113949","1729","2","0","0","0","0","0","0","0","0","1","0","","67","12","2020","5","39.975836","-75.158419","1729","6","0","0","0","0","0","0","0","0","","0","0","0","17","3","0","N","1","0","39 58:33.009","","0","75 09:30.309","0","0","0","0","67301","0","0","0","N","0","0","0","3","67505","0","","1.0","","1","N","N","N","0","","0","0","0","3","2","","1725","2","0","0","0","0","0","0","2","0","2","0","0","0","3","03","","N","","","","","","","","","",""
"2020065853","2210","0","0","0","0","0","0","0","0","0","8","0","","67","8","2020","5","39.955608","-75.18948","2204","6","0","0","0","0","0","1","0","0","","0","0","0","22","3","2","","1","0","39 57:20.190","","0","75 11:22.129","2","0","0","0","67301","2","0","1","N","2","0","1","3","67301","1","","4.0","","1","N","N","N","0","","0","1","0","3","2","","2203","3","2","0","0","0","0","0","2","1","1","2","0","1","3","03","","N","","","","","","","","","",""
"2020065340","1550","5","0","0","0","0","0","0","0","0","1","0","","67","8","2020","5","39.986506","-75.108858","1548","6","0","0","0","0","0","0","0","0","","0","0","0","15","1","0","N","0","0","39 59:11.420","","0","75 06:31.890","0","0","0","0","67301","0","0","0","N","0","0","0","1","67301","0","","6.0","","9","N","N","N","0","","0","0","0","0","0","","1528","5","0","0","0","0","0","0","2","0","5","0","0","0","7","04","","N","","","","","","","","","",""
"2020067836","1035","2","0","0","0","0","0","0","0","0","5","0","","67","8","2020","1","40.022669","-75.13325","1030","6","0","0","0","0","0","0","0","0","","0","0","0","10","1","1","N","0","0","40 01:21.610","","0","75 07:59.700","4","0","0","0","67301","0","0","0","N","0","0","0","1","67301","1","","6.0","","1","N","N","Y","0","","0","0","2","0","0","","1025","4","1","0","0","0","0","0","2","0","4","0","0","0","3","03","","N","","","","","","","","","",""
"2020112960","1745","0","0","0","0","0","0","0","0","0","7","0","","67","12","2020","1","40.111122","-75.048908","1734","6","0","0","0","0","0","0","0","0","","0","0","0","17","3","3","N","0","0","40 06:40.040","","0","75 02:56.070","3","0","0","0","67301","0","0","0","N","0","0","0","4","67301","0","","5.0","","1","N","N","N","0","","3","0","1","0","0","","1730","1","3","0","0","0","0","1","2","0","1","0","0","0","3","03","","N","","","","","","","","","",""
"2020072497","0840","1","0","0","0","0","0","0","0","0","4","0","","67","8","2020","1","40.004755","-75.141177","0820","6","0","0","0","0","0","0","0","0","","0","0","0","07","1","1","","1","2","40 00:17.118","2","0","75 08:28.237","4","0","0","0","67301","0","0","0","N","0","0","0","2","67301","1","","1.0","940.0","1","N","N","Y","1","","0","0","2","3","3","N","0730","4","1","0","0","0","0","1","2","0","4","0","0","0","3","03","","N","","","","","","","","","",""
"2020066774","1849","2","0","0","0","0","0","0","0","0","4","0","","67","8","2020","3","40.016022","-75.065402","1840","6","0","0","0","0","0","0","0","0","","0","0","0","18","1","1","","1","0","40 00:57.679","","0","75 03:55.447","3","0","0","0","67301","0","0","0","N","0","0","0","2","67301","0","","1.0","","1","N","N","N","0","","1","0","0","3","3","","1839","2","1","0","0","0","0","0","2","0","2","0","0","0","3","03","","N","","","","","","","","","",""
"2020073251","0332","1","0","0","0","0","0","0","0","0","5","0","","67","9","2020","1","39.939086","-75.217181","0332","6","0","0","0","0","0","0","0","0","","0","0","0","03","3","1","N","0","0","39 56:20.710","","0","75 13:01.850","3","0","0","0","67301","0","0","0","N","0","0","0","1","67301","0","","1.0","","1","N","N","N","0","","1","0","2","0","0","","0332","3","1","1","0","0","0","0","2","0","3","0","0","0","3","03","","N","","","","","","","","","",""
"2020076657","0320","1","0","0","0","0","0","0","0","0","7","0","","67","9","2020","5","40.012194","-75.147278","0319","6","0","0","0","0","0","0","0","0","","0","0","0","03","2","1","N","0","2","40 00:43.900","2","3","75 08:50.200","3","0","0","0","67301","0","0","0","N","0","0","0","1","67301","0","","4.0","600.0","1","N","N","N","0","","1","0","0","0","0","Y","0301","1","1","0","0","0","0","0","2","0","1","0","0","0","3","04","","N","","","","","","","","","",""
"2020112958","1111","2","0","0","0","0","0","0","0","0","5","0","","67","12","2020","1","40.042848","-75.063223","1105","6","0","0","0","0","1","0","0","0","","0","0","0","10","1","1","","1","0","40 02:34.252","","0","75 03:47.603","8","0","0","0","67301","0","0","0","N","0","0","0","4","67301","0","","1.0","","1","N","N","N","0","","0","0","0","3","2","","1050","2","1","0","0","0","1","0","2","0","2","0","0","0","3","","","N","","","","","","","","","",""
"2020069924","1546","0","0","0","1","0","0","0","0","0","8","0","","67","8","2020","2","39.925039","-75.226301","1546","6","0","0","0","0","0","1","0","0","","0","0","0","15","1","1","","1","0","39 55:30.139","","0","75 13:34.685","3","0","0","0","67301","1","0","0","N","0","0","0","3","67301","0","","1.0","","1","N","N","N","1","","1","0","0","3","2","","1545","2","1","0","0","0","0","0","2","0","1","1","0","0","3","","","N","","","","","","","","","",""
"2020067021","1010","0","0","0","1","0","0","0","0","0","8","0","","67","8","2020","3","39.998856","-75.105193","1010","6","0","0","0","0","0","0","0","0","","0","0","0","10","1","1","","1","0","39 59:55.880","","0","75 06:18.695","8","0","0","0","67301","1","0","0","N","0","0","0","2","67301","0","","1.0","","1","N","N","N","0","","0","0","1","3","2","","1005","2","1","0","0","0","1","0","2","0","1","1","0","0","3","03","","N","","","","","","","","","",""