"CRN","ARRIVAL_TM","AUTOMOBILE_COUNT","BELTED_DEATH_COUNT","BELTED_SUSP_SERIOUS_INJ_COUNT","BICYCLE_COUNT","BICYCLE_DEATH_COUNT","BICYCLE_SUSP_SERIOUS_INJ_COUNT","BUS_COUNT","CHLDPAS_DEATH_COUNT","CHLDPAS_SUSP_SERIOUS_INJ_COUNT","COLLISION_TYPE","COMM_VEH_COUNT","CONS_ZONE_SPD_LIM","COUNTY","CRASH_MONTH","CRASH_YEAR","DAY_OF_WEEK","DEC_LATITUDE","DEC_LONGITUDE","DISPATCH_TM","DISTRICT","DRIVER_COUNT_16YR","DRIVER_COUNT_17YR","DRIVER_COUNT_18YR","DRIVER_COUNT_19YR","DRIVER_COUNT_20YR","DRIVER_COUNT_50_64YR","DRIVER_COUNT_65_74YR","DRIVER_COUNT_75PLUS","EST_HRS_CLOSED","FATAL_COUNT","HEAVY_TRUCK_COUNT","HORSE_BUGGY_COUNT","HOUR_OF_DAY","ILLUMINATION","INJURY_COUNT","INTERSECTION_RELATED","INTERSECT_TYPE","LANE_CLOSED","LATITUDE","LN_CLOSE_DIR","LOCATION_TYPE","LONGITUDE","MAX_SEVERITY_LEVEL","MCYCLE_DEATH_COUNT","MCYCLE_SUSP_SERIOUS_INJ_COUNT","MOTORCYCLE_COUNT","MUNICIPALITY","NONMOTR_COUNT","NONMOTR_DEATH_COUNT","NONMOTR_SUSP_SERIOUS_INJ_COUNT","NTFY_HIWY_MAINT","PED_COUNT","PED_DEATH_COUNT","PED_SUSP_SERIOUS_INJ_COUNT","PERSON_COUNT","POLICE_AGCY","POSSIBLE_INJ_COUNT","RDWY_SURF_TYPE_CD","RELATION_TO_ROAD","ROADWAY_CLEARED","ROAD_CONDITION","SCH_BUS_IND","SCH_ZONE_IND","SECONDARY_CRASH","SMALL_TRUCK_COUNT","SPEC_JURIS_CD","SUSP_MINOR_INJ_COUNT","SUSP_SERIOUS_INJ_COUNT","SUV_COUNT","TCD_FUNC_CD","TCD_TYPE","TFC_DETOUR_IND","TIME_OF_DAY","TOTAL_UNITS","TOT_INJ_COUNT","UNBELTED_OCC_COUNT","UNB_DEATH_COUNT","UNB_SUSP_SERIOUS_INJ_COUNT","UNK_INJ_DEG_COUNT","UNK_INJ_PER_COUNT","URBAN_RURAL","VAN_COUNT","VEHICLE_COUNT","VULNERABLE_ROAD_USER_COUNT","VULNERABLE_ROAD_USER_DEATH_COUNT","VULNERABLE_ROAD_USER_SER_INJ_COUNT","WEATHER1","WEATHER2","WORKERS_PRES","WORK_ZONE_IND","WORK_ZONE_LOC","WORK_ZONE_TYPE","WZ_CLOSE_DETOUR","WZ_FLAGGER","WZ_LAW_OFFCR_IND","WZ_LN_CLOSURE","WZ_MOVING","WZ_OTHER","WZ_SHLDER_MDN","WZ_WORKERS_INJ_KILLED"
"2020079178","2310","2","0","0","0","0","0","0","0","0","5","0","","67","9","2020","6","40.001081","-75.152908","2308","6","0","0","0","1","0","0","0","0","","0","0","0","23","3","0","N","0","1","40 00:03.892","1","0","75 09:10.468","9","0","0","0","67301","0","0","0","N","0","0","0","3","67505","0","","1.0","2330.0","1","N","N","Y","0","","0","0","1","0","0","N","2305","3","0","0","0","0","0","1","2","0","3","0","0","0","3","98","","N","","","","","","","","","",""
"2020077926","1337","2","0","0","0","0","0","0","0","0","4","0","","67","9","2020","1","40.013218","-75.159583","1335","6","0","0","0","0","0","1","0","0","","0","0","0","13","1","0","N","0","0","40 00:47.584","","7","75 09:34.500","0","0","0","0","67301","0","0","0","N","0","0","0","7","67301","0","","1.0","","1","N","N","N","0","","0","0","1","3","3","","1335","3","0","0","0","0","0","0","2","0","3","0","0","0","3","03","","N","","","","","","","","","",""
"2020066777","2120","1","0","0","0","0","0","0","0","0","8","0","","67","8","2020","1","40.020897","-75.045697","2113","6","0","0","0","0","0","0","0","0","","0","0","0","21","3","1","N","0","0","40 01:15.230","","0","75 02:44.510","2","0","0","0","67301","1","0","1","N","1","0","1","2","67301","0","","1.0","","9","N","N","N","0","","0","1","0","0","0","","2113","2","1","0","0","0","0","0","2","0","1","1","0","1","3","03","","N","","","","","","","","","",""
"2020113005","","0","0","0","0","0","0","0","0","0","1","0","","67","1","2020","5","40.020515","-75.158642","","6","0","0","0","0","0","0","0","0","","0","0","0","17","1","1","N","0","0","40 01:13.855","","0","75 09:31.110","8","0","0","0","67301","0","0","0","N","0","0","0","2","00000","0","","1.0","","1","","","N","0","","0","0","1","0","0","","1720","2","1","0","0","0","1","0","2","0","2","0","0","0","3","","","N","","","","","","","","","",""
"2020079245","1845","3","0","0","0","0","0","0","0","0","4","0","","67","9","2020","5","39.957013","-75.213331","1840","6","0","0","0","0","0","1","0","0","","0","0","0","18","1","1","","1","0","39 57:25.245","","0","75 12:47.990","3","0","0","0","67301","0","0","0","N","0","0","0","3","67301","0","","1.0","","1","N","N","N","0","","1","0","0","3","2","","1830","3","1","0","0","0","0","0","2","0","3","0","0","0","3","03","","N","","","","","","","","","",""
"2020089669","1624","1","0","0","0","0","0","0","0","0","4","0","","67","10","2020","6","39.957136","-75.151069","1620","6","0","0","0","0","0","0","0","1","","0","0","0","16","1","1","","5","0","39 57:25.688","","2","75 09:03.847","3","0","0","0","67301","0","0","0","N","0","0","0","3","67301","0","","1.0","","1","N","N","N","0","","1","0","1","0","0","","1610","2","1","0","0","0","0","0","2","0","2","0","0","0","3","03","","N","","","","","","","","","",""
"2020071753","0822","2","0","0","0","0","0","0","0","0","2","0","","67","8","2020","1","39.976464","-75.186366","0815","6","0","0","0","0","0","1","0","0","","0","0","0","08","1","1","N","0","0","39 58:35.272","","0","75 11:10.918","3","0","0","0","67301","0","0","0","N","0","0","0","2","67301","0","","1.0","","1","N","N","N","0","","1","0","0","3","3","","0810","2","1","0","0","0","0","0","2","0","2","0","0","0","3","03","","N","","","","","","","","","",""
"2020066209","2356","1","0","0","0","0","0","0","0","0","5","0","","67","8","2020","1","40.049279","-75.142394","2356","6","0","0","0","0","0","0","0","0","","0","0","0","23","3","6","N","0","0","40 02:57.404","","0","75 08:32.619","4","0","0","0","67301","0","0","0","N","0","0","0","8","67301","6","","1.0","","1","N","N","N","0","","0","0","1","0","0","","2326","2","6","3","0","0","0","1","2","0","2","0","0","0","3","","","N","","","","","","","","","",""
"2020079247","1954","2","0","0","0","0","0","0","0","0","6","0","","67","9","2020","3","39.993711","-75.167975","1954","6","0","0","0","0","0","1","0","0","","0","0","0","19","3","2","N","0","0","39 59:37.360","","0","75 10:04.710","8","0","0","0","67301","0","0","0","N","0","0","0","3","67301","0","","1.0","","1","N","N","N","0","","0","0","1","0","0","","1954","3","2","0","0","0","2","1","2","0","3","0","0","0","3","03","","N","","","","","","","","","",""
"2020087341","0850","2","0","0","0","0","0","0","0","0","4","0","","67","10","2020","2","39.988769","-75.12018","0850","6","0","0","0","0","0","0","0","0","","0","0","0","08","1","0","","1","0","39 59:19.569","","0","75 07:12.649","0","0","0","0","67301","0","0","0","N","0","0","0","2","67301","0","","1.0","","1","N","N","N","0","","0","0","1","3","2","","0845","3","0","0","0","0","0","0","2","0","3","0","0","0","3","03","","N","","","","","","","","","",""
"2020090767","2309","2","0","0","0","0","0","0","0","0","1","0","45","67","10","2020","5","39.944672","-75.191268","2307","6","0","0","0","0","0","0","0","0","","0","0","0","23","3","2","N","0","1","39 56:40.819","4","0","75 11:28.564","8","0","0","0","67301","0","0","0","N","0","0","0","4","68K01","0","","1.0","2330.0","1","N","N","N","0","","0","0","0","0","0","N","2307","2","2","1","0","0","2","0","2","0","2","0","0","0","3","","Y","Y","4","1","","","Y","Y","","","Y","N"
"2020066116","1652","0","0","0","0","0","0","0","0","0","1","0","","67","8","2020","1","40.008071","-75.19104","1649","6","0","0","0","0","0","0","0","0","","0","0","0","16","1","4","N","0","1","40 00:29.055","1","0","75 11:27.743","3","0","0","0","67301","0","0","0","N","0","0","0","5","67301","0","","1.0","1659.0","1","N","N","N","0","","4","0","3","0","0","N","1635","3","4","1","0","0","0","0","2","0","3","0","0","0","3","03","","N","","","","","","","","","",""
"2020066885","0843","0","0","0","1","0","0","0","0","0","6","0","","67","8","2020","3","39.972742","-75.135006","0843","6","0","0","0","0","0","0","0","0","","0","0","0","08","1","1","N","0","0","39 58:21.870","","1","75 08:06.020","3","0","0","0","67301","1","0","0","N","0","0","0","2","67301","0","","1.0","","1","N","N","N","1","","1","0","0","0","0","","0842","2","1","0","0","0","0","0","2","0","1","1","0","0","3","03","","N","","","","","","","","","",""
"2020066115","0205","2","0","0","0","0","0","1","0","0","0","1","","67","8","2020","1","40.010806","-75.164797","0200","6","0","0","0","1","0","0","0","0","","0","1","0","01","3","0","N","0","1","40 00:38.903","6","0","75 09:53.269","0","0","0","0","67301","0","0","0","N","0","0","0","2","67301","0","","1.0","300.0","1","N","N","N","0","","0","0","0","0","0","Y","0155","5","0","0","0","0","0","0","2","0","5","0","0","0","3","03","","N","","","","","","","","","",""
"2020066878","1925","2","0","0","0","0","0","0","0","0","4","0","","67","8","2020","1","39.957935","-75.164144","1917","6","0","0","0","0","0","1","0","0","","0","0","0","19","1","2","","5","0","39 57:28.566","","8","75 09:50.918","3","0","0","0","67301","0","0","0","N","0","0","0","3","67301","0","","1.0","","1","N","N","N","0","","2","0","0","3","2","","1915","2","2","3","0","0","0","0","2","0","2","0","0","0","3","03","","N","","","","","","","","","",""
"2020107227","2125","0","0","0","0","0","0","0","0","0","4","0","","67","12","2020","1","40.02546","-75.084711","2119","6","0","0","0","0","0","0","0","0","","0","0","0","21","3","1","","5","0","40 01:31.656","","0","75 05:04.959","8","0","0","0","67301","0","0","0","N","0","0","0","2","67301","0","","1.0","","1","N","N","N","0","","0","0","2","3","3","","2100","2","1","0","0","0","1","0","2","0","2","0","0","0","3","","","N","","","","","","","","","",""
"2020067102","1530","0","0","0","0","0","0","0","0","0","4","0","","67","8","2020","4","40.035383","-75.039398","1515","6","0","0","0","0","0","0","0","0","","0","0","0","14","1","0","","1","0","40 02:07.380","","0","75 02:21.834","0","0","0","0","67301","0","0","0","N","0","0","0","2","67301","0","","1.0","","1","N","N","N","0","","0","0","2","3","2","","1445","2","0","0","0","0","0","0","2","0","2","0","0","0","3","98","","N","","","","","","","","","",""
"2020074924","0906","1","0","0","0","0","0","0","0","0","4","0","","67","9","2020","1","40.014003","-75.139777","0900","6","0","0","0","0","0","1","0","0","","0","0","0","08","1","1","","1","0","40 00:50.410","","0","75 08:23.197","3","0","0","0","67301","0","0","0","N","0","0","0","2","67301","0","","1.0","","1","N","N","N","0","","1","0","1","3","3","","0822","2","1","0","0","0","0","0","2","0","2","0","0","0","3","03","","N","","","","","","","","","",""
"2020074926","0310","1","0","0","0","0","0","0","0","0","5","0","","67","9","2020","7","40.006605","-75.193575","0256","6","0","0","0","0","0","0","0","0","","0","0","0","02","3","3","N","0","0","40 00:23.777","","3","75 11:36.871","3","0","0","0","67301","0","0","0","N","0","0","0","4","67301","0","","1.0","","1","N","N","N","0","","3","0","1","3","8","","0217","2","3","0","0","0","0","0","2","0","2","0","0","0","3","03","","N","","","","","","","","","",""
"2020072572","2343","1","0","0","0","0","0","0","0","0","7","0","","67","9","2020","7","39.977667","-75.163861","2338","6","0","0","0","0","0","1","0","0","","0","0","0","23","3","0","N","0","2","39 58:39.600","1","0","75 09:49.900","9","0","0","0","67301","0","0","0","N","0","0","0","1","67505","0","","4.0","38.0","1","N","N","N","0","","0","0","0","0","0","Y","2335","1","0","0","0","0","0","1","2","0","1","0","0","0","3","03","","N","","","","","","","","","",""
"2020079568","1600","1","0","0","0","0","0","0","0","0","4","0","","67","9","2020","4","40.040314","-75.043293","1554","6","0","0","0","0","1","0","1","0","","0","0","0","15","1","1","","1","0","40 02:25.130","","0","75 02:35.854","3","0","0","0","67301","0","0","0","N","0","0","0","2","67301","0","","1.0","","1","N","N","N","0","","1","0","2","3","2","","1520","3","1","0","0","0","0","0","2","0","3","0","0","0","3","","","N","","","","","","","","","",""
"2020077924","1012","3","0","0","0","0","0","0","0","0","5","0","","67","9","2020","3","40.039978","-75.155406","1010","6","0","0","0","0","0","0","1","0","","0","0","0","10","1","0","N","0","0","40 02:23.922","","0","75 09:19.462","0","0","0","0","67301","0","0","0","N","0","0","0","1","67301","0","","6.0","","1","N","N","N","0","","0","0","1","0","0","","1004","4","0","0","0","0","0","0","2","0","4","0","0","0","3","03","","N","","","","","","","","","",""
"2020068086","2112","2","0","0","0","0","0","0","0","0","5","0","45","67","8","2020","6","39.975947","-75.115534","2101","6","0","0","0","1","0","0","0","0","","0","0","0","20","3","3","N","0","1","39 58:33.409","2","0","75 06:55.922","8","0","0","0","67301","0","0","0","N","0","0","0","4","68K01","0","","1.0","2150.0","1","N","N","N","0","","0","0","0","0","0","N","2059","2","3","1","0","0","3","0","2","0","2","0","0","0","3","03","N","Y","4","1","","","N","","","","Y","N"
"2020075817","0228","2","0","0","0","0","0","0","0","0","5","0","","67","9","2020","7","39.992272","-75.159889","0238","6","0","0","0","0","0","0","0","0","","0","0","0","02","3","0","N","0","0","39 59:32.180","","0","75 09:35.600","0","0","0","0","67301","0","0","0","N","0","0","0","1","67301","0","","6.0","","1","N","N","Y","0","","0","0","1","0","0","","0227","3","0","0","0","0","0","0","2","0","3","0","0","0","3","03","","N","","","","","","","","","",""
"2020113260","1811","1","0","0","0","0","0","0","0","0","1","0","","67","12","2020","7","39.985245","-75.093973","1804","6","0","0","0","0","0","0","0","0","","0","0","0","18","3","0","N","0","1","39 59:06.883","1","0","75 05:38.301","0","0","0","0","67301","0","0","0","N","0","0","0","11","68K01","0","","1.0","1815.0","1","N","N","N","0","","0","0","2","0","0","N","1803","3","0","4","0","0","0","0","2","0","3","0","0","0","3","","","N","","","","","","","","","",""
"2020110979","1058","2","0","0","0","0","0","0","0","0","1","0","","67","12","2020","6","39.91832","-75.208884","1058","6","0","0","0","0","0","1","1","0","","0","0","0","13","1","0","N","0","0","39 55:05.953","","3","75 12:31.983","0","0","0","0","67301","0","0","0","N","0","0","0","2","67301","0","","1.0","","1","N","N","N","0","","0","0","0","0","0","","1340","2","0","1","0","0","0","0","2","0","2","0","0","0","3","","","N","","","","","","","","","",""
"2020113080","2145","0","0","0","0","0","0","0","0","0","7","0","","67","12","2020","5","39.886426","-75.242726","2120","6","0","0","0","0","0","0","0","0","","0","0","0","21","3","0","N","0","0","39 53:11.135","","0","75 14:33.815","0","0","0","0","67301","0","0","0","Y","0","0","0","1","68K01","0","","3.0","","9","N","N","N","0","","0","0","1","0","0","","2119","1","0","0","0","0","0","0","2","0","1","0","0","0","7","","","N","","","","","","","","","",""
"2020065757","1530","2","0","0","0","0","0","0","0","0","4","0","","67","8","2020","5","40.058997","-75.044079","1521","6","0","0","0","0","1","0","0","0","","0","0","0","15","1","1","","1","1","40 03:32.389","4","0","75 02:38.685","3","0","0","0","67301","0","0","0","N","0","0","0","3","67301","0","","1.0","1705.0","9","N","N","N","0","","1","0","0","3","2","N","1510","2","1","0","0","0","0","0","2","0","2","0","0","0","7","04","","N","","","","","","","","","",""
"2020113136","","2","0","0","0","0","0","0","0","0","1","0","","67","2","2020","3","","","","6","0","0","0","0","0","0","0","0","","0","0","0","11","1","1","N","0","0","","","0","","8","0","0","0","67301","0","0","0","N","0","0","0","2","00000","0","","1.0","","1","","","N","0","","0","0","0","0","0","","1130","2","1","0","0","0","1","0","1","0","2","0","0","0","3","","","N","","","","","","","","","",""
"2020113132","","1","0","0","0","0","0","0","0","0","4","0","","67","2","2020","6","40.031008","-75.058852","","6","0","0","0","0","0","0","0","0","","0","0","0","23","1","3","","1","0","40 01:51.628","","0","75 03:31.867","8","0","0","0","67301","0","0","0","N","0","0","0","4","00000","0","","1.0","","1","","","N","0","","0","0","1","3","2","","2300","2","3","0","0","0","3","0","2","0","2","0","0","0","3","","","N","","","","","","","","","",""
"2020067607","1239","2","0","0","0","0","0","0","0","0","5","0","","67","8","2020","1","40.0348","-75.018956","1224","6","0","0","0","0","0","0","0","0","","0","0","0","12","1","1","N","0","2","40 02:05.281","2","0","75 01:08.243","3","0","0","0","67301","0","0","0","N","0","0","0","2","68K01","0","","1.0","30.0","9","N","N","N","0","","1","0","0","0","0","N","1222","2","1","0","0","0","0","0","2","0","2","0","0","0","7","","","N","","","","","","","","","",""
"2020077696","1655","0","0","0","0","0","0","0","0","0","4","0","","67","9","2020","1","39.922139","-75.2225","1651","6","0","0","0","0","0","0","0","0","","0","0","0","15","1","1","","2","0","39 55:19.700","","0","75 13:21.000","3","0","0","0","67301","0","0","0","N","0","0","0","2","67301","0","","1.0","","1","N","N","N","0","","1","0","2","3","3","","1556","2","1","0","0","0","0","0","2","0","2","0","0","0","3","03","","N","","","","","","","","","",""
"2020067331","0028","1","0","0","0","0","0","0","0","0","4","0","","67","8","2020","4","40.078315","-74.997707","0025","6","0","0","0","0","0","1","0","0","","0","0","0","23","3","1","","1","0","40 04:41.934","","0","74 59:51.745","3","0","0","0","67301","0","0","0","N","0","0","0","3","67301","0","","1.0","","1","N","N","N","0","","1","0","1","3","3","","2350","2","1","0","0","0","0","0","2","0","2","0","0","0","3","","","N","","","","","","","","","",""
"2020078614","1625","1","0","0","0","0","0","0","0","0","1","0","","67","9","2020","4","40.112033","-74.990511","1615","6","0","0","1","0","0","0","0","0","","0","0","0","16","1","1","","2","0","40 06:43.320","","0","74 59:25.838","3","0","0","0","67301","0","0","0","N","0","0","0","2","67301","0","","1.0","","1","N","N","N","0","","1","0","1","3","2","","1614","2","1","0","0","0","0","0","2","0","2","0","0","0","3","03","","N","","","","","","","","","",""
"2020113566","","1","0","0","0","0","0","0","0","0","2","0","","67","3","2020","4","40.012803","-75.192456","","6","0","0","0","0","0","1","0","0","","0","0","0","12","1","1","N","0","0","40 00:46.090","","0","75 11:32.842","8","0","0","0","67301","0","0","0","N","0","0","0","2","00000","0","","1.0","","1","","","N","0","","0","0","1","0","0","","1224","2","1","0","0","0","1","0","2","0","2","0","0","0","3","","","N","","","","","","","","","",""
"2020076754","1025","1","0","0","0","0","0","0","0","0","2","0","","67","9","2020","5","39.965399","-75.186019","1025","6","0","0","0","0","0","0","0","0","","0","0","0","10","1","2","N","7","1","39 57:55.435","3","2","75 11:09.669","3","0","0","0","67301","0","0","0","N","0","0","0","2","68K01","1","","4.0","1100.0","1","N","N","N","0","","1","0","0","0","0","N","1025","1","2","1","0","0","0","0","2","0","1","0","0","0","3","03","","N","","","","","","","","","",""
"2020076802","2235","1","0","0","0","0","0","0","0","0","8","0","","67","9","2020","6","39.963363","-75.187417","2234","6","0","0","0","0","0","0","0","0","","0","0","0","22","3","1","","1","0","39 57:48.108","","0","75 11:14.701","3","0","0","0","67301","1","0","0","N","1","0","0","2","67507","0","","1.0","","1","N","N","N","0","","1","0","0","3","2","","2220","2","1","0","0","0","0","0","2","0","1","1","0","0","3","","","N","","","","","","","","","",""
"2020088854","0533","4","0","0","0","0","0","0","0","0","5","0","","67","10","2020","6","39.982515","-75.158775","0531","6","0","0","0","0","0","0","0","0","","0","0","0","05","5","1","N","0","0","39 58:57.053","","0","75 09:31.589","8","0","0","0","67301","0","0","0","N","0","0","0","1","67505","0","","6.0","","1","N","N","N","0","","0","0","2","0","0","","0528","6","1","0","0","0","1","0","2","0","6","0","0","0","3","03","","N","","","","","","","","","",""
"2020113990","1230","0","0","0","0","0","0","0","0","0","5","1","","67","12","2020","2","40.037665","-75.012323","1152","6","0","0","0","0","0","1","1","0","","0","1","0","11","1","0","N","0","0","40 02:15.594","","0","75 00:44.362","0","0","0","0","67301","0","0","0","N","0","0","0","2","68K01","0","","1.0","","1","N","N","N","0","","0","0","1","0","0","","1152","2","0","1","0","0","0","0","2","0","2","0","0","0","3","","","N","","","","","","","","","",""
"2020071492","2251","0","0","0","0","0","0","0","0","0","5","0","","67","8","2020","7","39.888295","-75.203081","2231","6","0","0","0","0","0","0","0","0","","0","0","0","22","3","3","N","0","2","39 53:17.862","1","3","75 12:11.093","4","0","0","0","67301","0","0","0","N","0","0","0","4","68K01","3","","1.0","2340.0","1","N","N","N","0","","0","0","1","0","0","N","2223","2","3","1","0","0","0","1","2","0","2","0","0","0","3","03","","N","","","","","","","","","",""
"2020113568","","0","0","0","0","0","0","0","0","0","4","0","","67","3","2020","6","40.028278","-75.120067","","6","0","0","1","0","0","1","0","0","","0","0","0","16","1","0","","1","0","40 01:41.801","","0","75 07:12.241","0","0","0","0","67301","0","0","0","N","0","0","0","4","00000","0","","1.0","","1","","","N","0","","0","0","1","3","2","","1600","2","0","0","0","0","0","0","2","1","2","0","0","0","3","","","N","","","","","","","","","",""
"2020078189","1148","2","0","0","0","0","0","0","0","0","5","0","","67","9","2020","3","39.993389","-75.17625","1145","6","0","0","0","0","0","0","0","0","","0","0","0","11","1","1","N","0","2","39 59:36.200","1","0","75 10:34.500","2","0","0","0","67301","0","0","0","N","0","0","0","1","67301","0","","6.0","1251.0","1","N","N","N","0","","0","1","1","0","0","Y","1130","3","1","0","0","0","0","0","2","0","3","0","0","0","3","","","N","","","","","","","","","",""
"2020065783","0305","1","0","0","0","0","0","0","0","0","1","0","","67","8","2020","7","39.991317","-75.134631","0300","6","0","0","0","0","0","0","0","0","","0","0","0","02","3","2","N","0","0","39 59:28.741","","0","75 08:04.671","3","0","0","0","67301","0","0","0","N","0","0","0","2","67301","0","","1.0","","1","N","N","N","0","","2","0","1","0","0","","0222","2","2","2","0","0","0","0","2","0","2","0","0","0","3","03","","N","","","","","","","","","",""
"2020067104","1005","0","0","0","0","0","0","0","0","0","6","0","","67","8","2020","4","40.019193","-75.190894","0959","6","0","0","0","0","0","1","0","0","","0","0","0","09","1","2","N","0","1","40 01:09.093","5","0","75 11:27.219","3","0","0","0","67301","0","0","0","N","0","0","0","3","67301","0","","1.0","1045.0","9","N","N","N","1","","2","0","0","0","0","N","0958","2","2","0","0","0","0","0","2","1","2","0","0","0","7","07","","N","","","","","","","","","",""
"2020065755","1755","2","0","0","0","0","0","0","0","0","1","0","","67","8","2020","7","40.104719","-75.027785","1742","6","0","0","0","1","0","0","0","0","","0","0","0","17","1","1","N","0","1","40 06:16.990","1","0","75 01:40.027","8","0","0","0","67301","0","0","0","N","0","0","0","2","67301","0","","1.0","1820.0","1","N","N","N","0","","0","0","0","0","0","N","1735","2","1","0","0","0","1","0","2","0","2","0","0","0","3","","","N","","","","","","","","","",""
"2020091634","0925","1","0","0","0","0","0","0","0","0","7","0","","67","10","2020","6","39.957095","-75.156709","0917","6","0","0","0","0","0","0","0","0","","0","0","0","09","1","0","N","0","0","39 57:25.542","","0","75 09:24.151","0","0","0","0","67301","0","0","0","N","0","0","0","1","68K01","0","","2.0","","1","N","N","N","0","","0","0","0","0","0","","0914","1","0","0","0","0","0","0","2","0","1","0","0","0","3","03","","N","","","","","","","","","",""
"2020069923","0118","4","0","0","0","0","0","0","0","0","6","0","","67","8","2020","2","39.928994","-75.230922","0118","6","0","0","0","0","0","0","0","0","","0","0","0","00","2","0","N","0","0","39 55:44.380","","0","75 13:51.320","0","0","0","0","67301","0","0","0","N","0","0","0","1","67301","0","","6.0","","1","N","N","N","0","","0","0","4","0","0","","0000","8","0","0","0","0","0","0","2","0","8","0","0","0","3","04","","N","","","","","","","","","",""
"2020089161","1549","1","0","0","0","0","0","0","0","0","4","0","","67","10","2020","6","39.977278","-75.227833","1548","6","0","0","0","0","0","0","0","0","","0","0","0","15","1","1","N","0","0","39 58:38.200","","7","75 13:40.200","3","0","0","0","67301","0","0","0","N","0","0","0","2","67301","0","","1.0","","1","N","N","N","0","","1","0","1","0","0","","1544","2","1","0","0","0","0","0","2","0","2","0","0","0","3","","","N","","","","","","","","","",""
"2020070327","0120","1","0","0","0","0","0","0","0","0","5","0","","67","8","2020","5","40.028794","-75.105575","0115","6","0","0","0","0","0","0","0","0","","0","0","0","00","3","0","N","0","0","40 01:43.658","","0","75 06:20.069","0","0","0","0","67301","0","0","0","N","0","0","0","1","67301","0","","6.0","","1","N","N","N","0","","0","0","2","0","0","","0059","3","0","0","0","0","0","0","2","0","3","0","0","0","3","03","","N","","","","","","","","","",""
"2020075814","1731","2","0","0","0","0","0","0","0","0","5","0","","67","9","2020","3","40.051142","-75.176903","1730","6","0","0","0","0","0","0","0","0","","0","0","0","17","1","0","N","0","0","40 03:04.110","","0","75 10:36.850","0","0","0","0","67301","0","0","0","N","0","0","0","1","67301","0","","6.0","","1","N","N","Y","0","","0","0","1","0","0","","1720","3","0","0","0","0","0","0","2","0","3","0","0","0","3","03","","N","","","","","","","","","",""
"2020095300","0840","1","0","0","0","0","0","0","0","0","4","0","","67","10","2020","1","39.939476","-75.179826","0830","6","0","0","0","0","0","1","0","0","","0","0","0","08","1","1","","1","0","39 56:22.113","","0","75 10:47.375","4","0","0","0","67301","0","0","0","N","0","0","0","3","67301","1","","1.0","","1","N","N","N","0","","0","0","1","3","2","","0800","2","1","0","0","0","0","0","2","0","2","0","0","0","3","03","","N","","","","","","","","","",""
"2020078865","1700","2","0","0","0","0","0","0","0","0","4","0","","67","9","2020","3","40.013833","-75.078306","1630","6","0","0","0","0","0","0","0","0","","0","0","0","16","1","0","","1","0","40 00:49.800","","0","75 04:41.900","0","0","0","0","67301","0","0","0","N","0","0","0","2","67301","0","","1.0","","1","N","N","N","0","","0","0","0","3","3","","1630","2","0","0","0","0","0","0","2","0","2","0","0","0","3","03","","N","","","","","","","","","",""
"2020067013","1200","2","0","0","0","0","0","0","0","0","4","0","","67","8","2020","1","39.916354","-75.147095","1157","6","0","0","0","0","0","0","0","0","","0","0","0","11","1","0","","2","0","39 54:58.874","","0","75 08:49.542","0","0","0","0","67301","0","0","0","N","0","0","0","2","67301","0","","1.0","","9","N","N","N","0","","0","0","0","3","3","","1151","2","0","0","0","0","0","0","2","0","2","0","0","0","7","04","","N","","","","","","","","","",""
"2020079574","1143","0","0","0","0","0","0","0","0","0","8","0","","67","9","2020","6","40.005456","-75.106971","1141","6","0","0","0","0","0","0","0","0","","0","0","0","11","1","1","N","0","0","40 00:19.641","","0","75 06:25.095","3","0","0","1","67301","1","0","0","N","1","0","0","3","67301","0","","1.0","","1","N","N","N","0","","1","0","0","0","0","","1141","2","1","0","0","0","0","0","2","0","1","1","0","0","3","03","","N","","","","","","","","","",""
"2020066457","0910","0","0","0","0","0","0","0","0","0","5","0","","67","8","2020","2","40.019837","-75.148937","0905","6","0","0","0","0","0","0","0","0","","0","0","0","09","1","3","N","0","0","40 01:11.412","","1","75 08:56.173","8","0","0","0","67301","0","0","0","N","0","0","0","6","67301","0","","1.0","","1","N","N","N","0","","0","0","5","0","0","","0900","5","3","0","0","0","3","0","2","0","5","0","0","0","3","03","","N","","","","","","","","","",""
"2020068094","0829","1","0","0","0","0","0","0","0","0","7","0","","67","8","2020","1","39.960148","-75.180738","0827","6","0","0","0","0","0","0","0","0","","0","0","0","08","1","0","N","0","2","39 57:36.533","3","3","75 10:50.656","0","0","0","0","67301","0","0","0","N","0","0","0","1","68K01","0","","2.0","30.0","9","N","N","N","0","","0","0","0","0","0","N","0826","1","0","0","0","0","0","0","2","0","1","0","0","0","7","","","N","","","","","","","","","",""
"2020067838","1006","1","0","0","0","0","0","0","0","0","2","0","","67","8","2020","1","40.019781","-75.110186","1006","6","0","0","0","0","0","0","0","0","","0","0","0","09","5","0","N","0","0","40 01:11.210","","0","75 06:36.670","0","0","0","0","67301","0","0","0","N","0","0","0","1","67301","0","","6.0","","9","N","N","N","0","","0","0","0","0","0","","0958","2","0","0","0","0","0","0","2","0","2","0","0","0","7","","","N","","","","","","","","","",""