"CRN","ARRIVAL_TM","AUTOMOBILE_COUNT","BELTED_DEATH_COUNT","BELTED_SUSP_SERIOUS_INJ_COUNT","BICYCLE_COUNT","BICYCLE_DEATH_COUNT","BICYCLE_SUSP_SERIOUS_INJ_COUNT","BUS_COUNT","CHLDPAS_DEATH_COUNT","CHLDPAS_SUSP_SERIOUS_INJ_COUNT","COLLISION_TYPE","COMM_VEH_COUNT","CONS_ZONE_SPD_LIM","COUNTY","CRASH_MONTH","CRASH_YEAR","DAY_OF_WEEK","DEC_LATITUDE","DEC_LONGITUDE","DISPATCH_TM","DISTRICT","DRIVER_COUNT_16YR","DRIVER_COUNT_17YR","DRIVER_COUNT_18YR","DRIVER_COUNT_19YR","DRIVER_COUNT_20YR","DRIVER_COUNT_50_64YR","DRIVER_COUNT_65_74YR","DRIVER_COUNT_75PLUS","EST_HRS_CLOSED","FATAL_COUNT","HEAVY_TRUCK_COUNT","HORSE_BUGGY_COUNT","HOUR_OF_DAY","ILLUMINATION","INJURY_COUNT","INTERSECTION_RELATED","INTERSECT_TYPE","LANE_CLOSED","LATITUDE","LN_CLOSE_DIR","LOCATION_TYPE","LONGITUDE","MAX_SEVERITY_LEVEL","MCYCLE_DEATH_COUNT","MCYCLE_SUSP_SERIOUS_INJ_COUNT","MOTORCYCLE_COUNT","MUNICIPALITY","NONMOTR_COUNT","NONMOTR_DEATH_COUNT","NONMOTR_SUSP_SERIOUS_INJ_COUNT","NTFY_HIWY_MAINT","PED_COUNT","PED_DEATH_COUNT","PED_SUSP_SERIOUS_INJ_COUNT","PERSON_COUNT","POLICE_AGCY","POSSIBLE_INJ_COUNT","RDWY_SURF_TYPE_CD","RELATION_TO_ROAD","ROADWAY_CLEARED","ROAD_CONDITION","SCH_BUS_IND","SCH_ZONE_IND","SECONDARY_CRASH","SMALL_TRUCK_COUNT","SPEC_JURIS_CD","SUSP_MINOR_INJ_COUNT","SUSP_SERIOUS_INJ_COUNT","SUV_COUNT","TCD_FUNC_CD","TCD_TYPE","TFC_DETOUR_IND","TIME_OF_DAY","TOTAL_UNITS","TOT_INJ_COUNT","UNBELTED_OCC_COUNT","UNB_DEATH_COUNT","UNB_SUSP_SERIOUS_INJ_COUNT","UNK_INJ_DEG_COUNT","UNK_INJ_PER_COUNT","URBAN_RURAL","VAN_COUNT","VEHICLE_COUNT","VULNERABLE_ROAD_USER_COUNT","VULNERABLE_ROAD_USER_DEATH_COUNT","VULNERABLE_ROAD_USER_SER_INJ_COUNT","WEATHER1","WEATHER2","WORKERS_PRES","WORK_ZONE_IND","WORK_ZONE_LOC","WORK_ZONE_TYPE","WZ_CLOSE_DETOUR","WZ_FLAGGER","WZ_LAW_OFFCR_IND","WZ_LN_CLOSURE","WZ_MOVING","WZ_OTHER","WZ_SHLDER_MDN","WZ_WORKERS_INJ_KILLED"
"2020089535","1253","0","0","0","0","0","0","0","0","0","8","0","35","67","10","2020","6","39.947619","-75.187018","1253","6","0","0","0","0","0","1","0","0","","0","0","0","12","1","1","N","0","2","39 56:51.428","4","0","75 11:13.264","8","0","0","0","67301","1","0","0","N","1","0","0","3","68K01","0","","1.0","1200.0","1","N","N","N","1","","0","0","0","0","0","Y","1253","2","1","0","0","0","1","0","2","0","1","1","0","0","3","03","Y","Y","4","1","Y","","Y","","","","","Y"
"2020073986","0930","1","0","0","0","0","0","0","0","0","4","0","","67","9","2020","7","40.059513","-75.05199","0930","6","0","0","0","0","0","0","0","0","","0","0","0","09","1","1","","1","0","40 03:34.246","","0","75 03:07.165","8","0","0","0","67301","0","0","0","N","0","0","0","2","67301","0","","1.0","","1","N","N","Y","0","","0","0","1","3","2","","0910","2","1","0","0","0","1","0","2","0","2","0","0","0","3","","","N","","","","","","","","","",""
"2020067967","0046","1","0","0","0","0","0","0","0","0","5","0","","67","8","2020","7","40.013531","-75.123528","0046","6","0","0","1","0","1","0","0","0","","0","0","0","00","3","0","N","0","0","40 00:48.710","","0","75 07:24.700","0","0","0","1","67301","0","0","0","N","0","0","0","2","67301","0","","1.0","","1","N","N","N","0","","0","0","0","0","0","","0020","2","0","0","0","0","0","0","2","0","2","0","0","0","3","","","N","","","","","","","","","",""
"2020069772","0011","1","0","0","0","0","0","0","0","0","6","0","","67","8","2020","5","39.985554","-75.179207","0009","6","0","0","0","0","0","0","0","0","","0","0","0","00","3","0","","1","1","39 59:07.995","4","0","75 10:45.145","9","0","0","0","67301","0","0","0","N","0","0","0","3","67301","0","","1.0","310.0","1","N","N","N","0","","0","0","2","3","2","N","0005","3","0","1","0","0","0","1","2","0","3","0","0","0","3","03","","N","","","","","","","","","",""
"2020067672","2015","2","0","0","0","0","0","0","0","0","4","0","","67","8","2020","6","39.987464","-75.255655","2009","6","0","0","0","0","0","0","1","0","","0","0","0","20","3","2","","2","1","39 59:14.871","3","0","75 15:20.359","3","0","0","0","67301","0","0","0","N","0","0","0","2","67301","0","","1.0","2040.0","1","N","N","N","0","","2","0","0","0","0","N","2005","2","2","0","0","0","0","0","2","0","2","0","0","0","3","","","N","","","","","","","","","",""
"2020090790","0158","0","0","0","0","0","0","0","0","0","7","0","","67","10","2020","7","39.960164","-75.180238","0158","6","0","0","0","0","0","0","0","0","","0","0","0","01","3","0","N","0","1","39 57:36.592","4","0","75 10:48.857","0","0","0","0","67301","0","0","0","N","0","0","0","1","68K01","0","","4.0","45.0","9","N","N","N","1","","0","0","0","0","0","N","0154","1","0","0","0","0","0","0","2","0","1","0","0","0","7","","","N","","","","","","","","","",""
"2020073481","1746","3","0","0","0","0","0","0","0","0","4","0","","67","8","2020","4","39.966748","-75.211089","1744","6","0","0","0","0","0","0","0","0","","0","0","0","17","1","1","N","1","1","39 58:00.292","6","0","75 12:39.920","3","0","0","0","67301","0","0","0","N","0","0","0","1","67301","0","","1.0","1800.0","1","N","Y","N","0","","1","0","1","3","2","Y","1744","4","1","1","0","0","0","0","2","0","4","0","0","0","3","03","","N","","","","","","","","","",""
"2020075176","2308","0","0","0","0","0","0","0","0","0","7","0","","67","9","2020","5","39.97981","-75.105757","2246","6","0","0","0","1","0","0","0","0","","0","0","0","22","3","0","N","0","0","39 58:47.315","","0","75 06:20.726","0","0","0","0","67301","0","0","0","N","0","0","0","1","68K01","0","","3.0","","9","N","N","N","0","","0","0","0","0","0","","2246","1","0","0","0","0","0","0","2","1","1","0","0","0","7","07","","N","","","","","","","","","",""
"2020090764","2252","2","0","0","0","0","0","0","0","0","1","0","","67","10","2020","5","39.993397","-75.199719","2250","6","0","0","0","0","2","0","0","0","","0","0","0","22","3","1","N","0","2","39 59:36.228","4","0","75 11:58.989","4","0","0","0","67301","0","0","0","N","0","0","0","4","68K01","1","","1.0","1127.0","1","N","N","N","0","","0","0","0","0","0","N","2239","3","1","0","0","0","0","0","2","0","3","0","0","0","3","","","N","","","","","","","","","",""
"2020077912","1758","2","0","0","0","0","0","0","0","0","5","0","","67","9","2020","1","40.069081","-75.160261","1758","6","0","0","0","0","0","0","0","0","","0","0","0","17","1","0","N","0","0","40 04:08.690","","0","75 09:36.940","0","0","0","0","67301","0","0","0","N","0","0","0","1","67301","0","","6.0","","1","N","N","N","0","","0","0","0","0","0","","1745","2","0","0","0","0","0","0","2","0","2","0","0","0","3","03","","N","","","","","","","","","",""
"2020081960","0224","1","0","0","0","0","0","0","0","0","7","0","","67","9","2020","6","39.902645","-75.150993","0220","6","0","0","0","0","0","0","0","0","","0","0","0","02","3","0","N","0","0","39 54:09.521","","0","75 09:03.574","9","0","0","0","67301","0","0","0","N","0","0","0","1","68K01","0","","4.0","","1","N","N","N","0","","0","0","0","0","0","","0211","1","0","0","0","0","0","1","2","0","1","0","0","0","3","03","","N","","","","","","","","","",""
"2020068570","0615","1","0","0","0","0","0","0","0","0","7","0","","67","8","2020","3","40.021739","-75.139756","0610","6","0","0","0","0","0","0","0","0","","0","0","0","06","1","1","","1","1","40 01:18.260","2","0","75 08:23.123","8","0","0","0","67301","0","0","0","N","0","0","0","1","67301","0","","4.0","725.0","1","N","N","N","0","","0","0","0","3","2","N","0610","1","1","0","0","0","1","0","2","0","1","0","0","0","3","03","","N","","","","","","","","","",""
"2020099935","1221","1","0","0","0","0","0","0","0","0","4","0","","67","11","2020","6","39.977542","-75.171509","1221","6","0","0","0","0","0","0","0","0","","0","0","0","12","1","2","","1","0","39 58:39.151","","0","75 10:17.432","3","0","0","0","67301","0","0","0","N","0","0","0","2","67301","0","","1.0","","1","N","N","N","1","","2","0","0","3","2","","1221","2","2","1","0","0","0","0","2","0","2","0","0","0","3","03","","N","","","","","","","","","",""
"2020089974","1223","0","0","0","0","0","0","0","0","0","0","0","","67","10","2020","3","40.027351","-75.025429","1213","6","0","0","1","0","0","0","0","0","","0","0","0","12","1","1","N","0","0","40 01:38.462","","0","75 01:31.543","3","0","0","1","67301","0","0","0","N","0","0","0","1","68K01","0","","1.0","","1","N","N","N","0","","1","0","0","0","0","","1212","1","1","0","0","0","0","0","2","0","1","0","0","0","3","","","N","","","","","","","","","",""
"2020100763","1715","1","0","0","0","0","0","0","0","0","8","0","","67","11","2020","2","39.919383","-75.170703","1710","6","0","0","0","0","0","0","0","0","","0","0","0","15","1","1","","1","0","39 55:09.777","","0","75 10:14.532","8","0","0","0","67301","1","0","0","N","1","0","0","2","67301","0","","1.0","","1","N","N","N","0","","0","0","0","3","2","","1545","2","1","0","0","0","1","1","2","0","1","1","0","0","3","","","N","","","","","","","","","",""
"2020075903","2310","1","0","0","0","0","0","0","0","0","8","0","","67","9","2020","7","39.941822","-75.150759","2305","6","0","0","0","0","0","0","0","0","","0","0","0","23","3","1","","1","0","39 56:30.558","","0","75 09:02.732","3","0","0","0","67301","1","0","0","N","1","0","0","2","67301","0","","1.0","","1","N","N","N","0","","1","0","0","3","2","","2300","2","1","1","0","0","0","0","2","0","1","1","0","0","3","","","N","","","","","","","","","",""
"2020070466","0253","1","0","0","1","0","0","0","0","0","8","0","","67","8","2020","7","39.963108","-75.174677","0243","6","0","0","0","0","0","0","0","0","","0","0","0","22","3","1","","1","0","39 57:47.188","","0","75 10:28.837","3","0","0","0","67301","1","0","0","N","0","0","0","2","67301","0","","1.0","","1","N","N","N","0","","1","0","0","3","2","","2245","2","1","0","0","0","0","0","2","0","1","1","0","0","3","","","N","","","","","","","","","",""
"2020083563","0132","2","0","0","0","0","0","0","0","0","6","0","","67","10","2020","5","39.993881","-75.161789","0128","6","0","0","0","0","0","0","0","0","","0","0","0","01","3","0","N","0","2","39 59:37.970","4","0","75 09:42.440","0","0","0","0","67301","0","0","0","N","0","0","0","2","67301","0","","1.0","215.0","1","N","N","N","0","","0","0","0","0","0","Y","0120","2","0","0","0","0","0","0","2","0","2","0","0","0","3","","","N","","","","","","","","","",""
"2020075336","2122","0","0","0","0","0","0","0","0","0","7","0","","67","9","2020","2","40.039353","-75.007262","2122","6","0","0","0","1","0","0","0","0","","0","0","0","21","3","0","N","0","0","40 02:21.670","","0","75 00:26.142","0","0","0","0","67301","0","0","0","N","0","0","0","1","68K01","0","","4.0","","1","N","N","N","0","","0","0","0","0","0","","2122","1","0","0","0","0","0","0","2","1","1","0","0","0","3","","","N","","","","","","","","","",""
"2020083224","1024","1","0","0","0","0","0","0","0","0","0","0","","67","9","2020","1","39.901734","-75.151682","1015","6","0","0","0","0","0","1","0","0","","0","0","0","10","1","0","N","0","1","39 54:06.242","1","3","75 09:06.056","0","0","0","0","67301","0","0","0","N","0","0","0","2","68K01","0","","1.0","15.0","1","N","N","N","0","","0","0","1","0","0","N","1014","2","0","0","0","0","0","0","2","0","2","0","0","0","3","03","","N","","","","","","","","","",""
"2020113932","1734","0","0","0","0","0","0","0","0","0","1","1","","67","12","2020","4","40.00868","-75.068855","1729","6","0","0","0","0","0","0","0","0","","0","1","0","17","3","0","","1","1","40 00:31.249","3","0","75 04:07.877","0","0","0","0","67301","0","0","0","N","0","0","0","2","67301","0","","1.0","100.0","1","N","N","N","1","","0","0","0","3","2","N","1716","2","0","0","0","0","0","0","2","0","2","0","0","0","3","03","","N","","","","","","","","","",""
"2020112932","","2","0","0","0","0","0","0","0","0","1","0","","67","2","2020","1","40.051159","-75.118676","","6","0","0","0","0","0","1","0","0","","0","0","0","14","1","2","","1","0","40 03:04.174","","0","75 07:07.232","4","0","0","0","67301","0","0","0","N","0","0","0","4","00000","2","","1.0","","1","","","N","0","","0","0","1","3","2","","1445","3","2","0","0","0","0","0","2","0","3","0","0","0","3","","","N","","","","","","","","","",""
"2020108269","1955","0","0","0","0","0","0","0","0","0","8","0","","67","12","2020","2","39.994823","-75.111906","1955","6","0","0","0","0","0","0","0","0","","1","0","0","19","3","0","N","0","0","39 59:41.361","","0","75 06:42.860","1","0","0","0","67301","1","1","0","N","1","1","0","2","67301","0","2","1.0","","1","N","N","N","0","0","0","0","1","0","0","","1955","2","0","0","0","0","0","0","2","0","1","1","1","0","3","","","N","","","","","","","","","",""
"2020068234","2140","2","0","0","0","0","0","0","0","0","4","0","","67","8","2020","3","39.918919","-75.140211","2140","6","0","0","0","0","0","0","0","0","","0","0","0","21","3","0","N","0","2","39 55:08.108","2","7","75 08:24.759","9","0","0","0","67301","0","0","0","N","0","0","0","2","67301","0","","1.0","2200.0","1","N","N","N","0","","0","0","0","3","2","N","2119","2","0","0","0","0","0","1","2","0","2","0","0","0","3","","","N","","","","","","","","","",""
"2020067103","1549","0","0","0","0","0","0","0","0","0","4","0","","67","8","2020","4","39.991714","-75.127067","1547","6","0","0","0","0","0","0","0","0","","0","0","0","15","1","1","","2","0","39 59:30.170","","7","75 07:37.440","2","0","1","1","67301","0","0","0","N","0","0","0","2","67301","0","","1.0","","1","N","N","N","0","","0","1","0","3","3","","1546","2","1","1","0","0","0","0","2","1","2","0","0","0","3","03","","N","","","","","","","","","",""
"2020066364","1645","1","0","0","0","0","0","0","0","0","4","0","","67","8","2020","7","39.918547","-75.184372","1642","6","0","0","0","0","0","1","0","0","","0","0","0","16","1","1","","2","0","39 55:06.769","","0","75 11:03.739","3","0","0","1","67301","0","0","0","N","0","0","0","2","67301","0","","1.0","","1","N","N","N","0","","1","0","0","0","0","","1640","2","1","0","0","0","0","0","2","0","2","0","0","0","3","03","","N","","","","","","","","","",""
"2020113453","","1","0","0","0","0","0","0","0","0","1","0","","67","2","2020","5","39.998477","-75.195592","","6","0","0","0","0","0","0","0","0","","0","0","0","15","1","2","N","0","0","39 59:54.518","","0","75 11:44.130","4","0","0","0","67301","0","0","0","N","0","0","0","3","00000","1","","1.0","","1","","","N","0","","0","0","0","0","0","","1500","2","2","0","0","0","1","0","2","0","2","0","0","0","3","","","N","","","","","","","","","",""
"2020079567","0935","0","0","0","0","0","0","0","0","0","7","0","","67","9","2020","4","40.019553","-75.095181","0933","6","0","0","0","0","0","0","0","0","","0","0","0","09","1","0","N","0","0","40 01:10.390","","0","75 05:42.650","0","0","0","0","67301","0","0","0","N","0","0","0","1","67301","0","","4.0","","1","N","N","N","0","","0","0","1","0","0","","0925","1","0","0","0","0","0","0","2","0","1","0","0","0","3","","","N","","","","","","","","","",""
"2020072556","1805","1","0","0","0","0","0","0","0","0","2","0","","67","9","2020","7","39.990184","-75.180068","1805","6","0","0","0","1","0","0","0","0","","0","0","0","18","1","1","","1","0","39 59:24.662","","0","75 10:48.244","3","0","0","0","67301","0","0","0","N","0","0","0","2","67301","0","","1.0","","1","N","N","N","0","","1","0","1","3","2","","1805","2","1","0","0","0","0","0","2","0","2","0","0","0","3","03","","N","","","","","","","","","",""
"2020101747","1236","1","0","0","0","0","0","0","0","0","8","0","","67","9","2020","5","39.932167","-75.193961","1223","6","0","0","0","0","0","0","0","0","","0","0","0","11","1","1","N","0","0","39 55:55.800","","0","75 11:38.260","2","0","0","0","67301","1","0","1","N","1","0","1","2","67301","0","","4.0","","1","N","N","N","0","","0","1","0","0","0","","1130","2","1","0","0","0","0","0","2","0","1","1","0","1","4","04","","N","","","","","","","","","",""
"2020079323","1608","1","0","0","0","0","0","0","0","0","1","0","","67","9","2020","5","40.038461","-75.036321","1607","6","0","0","0","0","0","1","0","0","","0","0","0","15","1","0","","1","1","40 02:18.460","2","0","75 02:10.757","9","0","0","0","67301","0","0","0","N","0","0","0","5","67301","0","","1.0","1653.0","1","N","N","N","0","","0","0","3","3","2","N","1540","4","0","0","0","0","0","5","2","0","4","0","0","0","4","04","","N","","","","","","","","","",""
"2020113461","","0","0","0","0","0","0","0","0","0","1","0","","67","2","2020","5","39.892461","-75.241213","","6","0","0","0","0","0","1","0","0","","0","0","0","05","1","1","Y","0","0","39 53:32.861","","0","75 14:28.368","8","0","0","0","67301","0","0","0","N","0","0","0","2","00000","0","","1.0","","1","","","N","0","","0","0","2","3","2","","0545","2","1","0","0","0","1","0","2","0","2","0","0","0","3","","","N","","","","","","","","","",""
"2020066875","2225","1","0","0","0","0","0","0","0","0","4","0","","67","8","2020","1","40.111391","-75.000736","2222","6","0","0","0","0","0","1","0","0","","0","0","0","22","3","0","","3","0","40 06:41.007","","0","75 00:02.648","0","0","0","0","67301","0","0","0","N","0","0","0","2","67301","0","","1.0","","1","N","N","Y","0","","0","0","1","0","0","","2205","2","0","0","0","0","0","0","2","0","2","0","0","0","3","","","N","","","","","","","","","",""
"2020078861","1642","2","0","0","1","0","0","0","0","0","4","0","","67","9","2020","3","39.917293","-75.174584","1627","6","0","0","0","0","0","0","0","0","","0","0","0","15","1","3","","1","0","39 55:02.254","","0","75 10:28.502","3","0","0","0","67301","1","0","0","N","0","0","0","5","67301","0","","1.0","","1","N","N","N","0","","2","0","0","3","2","","1530","3","3","0","0","0","1","0","2","0","2","1","0","0","3","03","","N","","","","","","","","","",""
"2020068788","2035","1","0","0","0","0","0","0","0","0","8","0","","67","8","2020","1","40.027457","-75.062384","2031","6","0","0","0","0","0","0","0","0","","0","0","0","20","3","1","","1","0","40 01:38.846","","0","75 03:44.583","8","0","0","0","67301","1","0","0","N","1","0","0","2","67301","0","","1.0","","1","N","N","N","0","","0","0","0","3","2","","2010","2","1","1","0","0","1","0","2","0","1","1","0","0","3","03","","N","","","","","","","","","",""
"2020066782","2005","1","0","0","0","0","0","0","0","0","4","0","","67","8","2020","6","40.007865","-75.172261","1948","6","0","0","0","0","0","1","0","0","","0","0","0","19","3","0","","1","0","40 00:28.314","","0","75 10:20.141","0","0","0","0","67301","0","0","0","N","0","0","0","2","67301","0","","1.0","","1","N","N","N","0","","0","0","1","3","2","","1946","2","0","0","0","0","0","0","2","0","2","0","0","0","3","","","N","","","","","","","","","",""
"2020104956","1445","1","0","0","0","0","0","0","0","0","5","0","","67","10","2020","6","40.018283","-75.082227","1435","6","0","0","0","0","0","0","0","0","","0","0","0","14","1","1","N","0","0","40 01:05.817","","0","75 04:56.018","8","0","0","0","67301","0","0","0","N","0","0","0","1","67301","0","","6.0","","1","N","N","N","0","","0","0","0","0","0","","1430","2","1","1","0","0","1","0","2","1","2","0","0","0","3","03","","N","","","","","","","","","",""
"2020073928","0320","3","0","0","0","0","0","0","0","0","6","0","","67","9","2020","1","40.016111","-75.141056","0314","6","0","0","0","0","0","0","0","0","","0","0","0","03","3","0","N","0","0","40 00:58.000","","0","75 08:27.800","0","0","0","0","67301","0","0","0","N","0","0","0","1","67301","0","","6.0","","1","N","N","N","0","","0","0","0","0","0","","0314","3","0","0","0","0","0","0","2","0","3","0","0","0","3","03","","N","","","","","","","","","",""
"2020074443","1607","0","0","0","0","0","0","0","0","0","6","0","","67","9","2020","5","40.126333","-75.0125","1600","6","0","0","0","0","0","0","0","0","","0","0","0","15","1","2","N","0","1","40 07:34.800","6","0","75 00:45.000","3","0","0","0","67301","0","0","0","N","0","0","0","2","67301","0","","1.0","1700.0","1","N","N","N","0","","2","0","2","0","0","Y","1559","2","2","2","0","0","0","0","2","0","2","0","0","0","3","03","","N","","","","","","","","","",""
"2020069520","0325","4","0","0","0","0","0","0","0","0","5","0","","67","8","2020","5","39.977403","-75.131455","0319","6","0","0","0","0","0","0","0","0","","0","0","0","03","3","0","N","0","0","39 58:38.651","","0","75 07:53.237","9","0","0","0","67301","0","0","0","N","0","0","0","1","67301","0","","6.0","","1","N","N","N","0","","0","0","0","0","0","","0305","4","0","0","0","0","0","1","2","0","4","0","0","0","3","03","","N","","","","","","","","","",""
"2020071759","2247","2","0","0","0","0","0","0","0","0","4","0","","67","9","2020","4","39.976578","-75.15825","2245","6","0","0","0","0","1","1","0","0","","0","0","0","22","3","0","N","0","0","39 58:35.680","","6","75 09:29.701","0","0","0","0","67301","0","0","0","N","0","0","0","4","67505","0","","1.0","","9","N","N","N","0","","0","0","0","0","0","","2245","2","0","0","0","0","0","0","2","0","2","0","0","0","7","","","N","","","","","","","","","",""
"2020065275","0011","2","0","0","0","0","0","0","0","0","4","0","","67","8","2020","2","40.02525","-75.122622","0002","6","0","0","0","0","0","0","0","0","","0","0","0","23","3","1","","1","0","40 01:30.900","","0","75 07:21.440","3","0","0","0","67301","0","0","0","N","0","0","0","4","67301","0","","1.0","","1","N","N","N","0","","1","0","1","3","3","","2314","3","1","0","0","0","0","0","2","0","3","0","0","0","3","","","N","","","","","","","","","",""
"2020064200","1212","1","0","0","0","0","0","0","0","0","5","0","","67","8","2020","2","39.959934","-75.236934","1210","6","0","0","0","0","0","0","1","0","","0","0","0","12","1","1","N","0","0","39 57:35.763","","0","75 14:12.961","4","0","0","0","67301","0","0","0","N","0","0","0","4","67301","1","","1.0","","1","N","N","N","0","","0","0","0","0","0","","1209","2","1","0","0","0","0","0","2","1","2","0","0","0","3","","","N","","","","","","","","","",""
"2020113445","","1","0","0","0","0","0","0","0","0","1","0","","67","2","2020","2","40.00731","-75.199834","","6","0","0","0","0","0","2","0","0","","0","0","0","14","1","1","N","0","0","40 00:26.316","","0","75 11:59.402","8","0","0","0","67301","0","0","0","N","0","0","0","2","00000","0","","1.0","","1","","","N","0","","0","0","1","0","0","","1450","2","1","0","0","0","1","0","2","0","2","0","0","0","3","","","N","","","","","","","","","",""
"2020066387","0230","1","0","0","0","0","0","0","0","0","7","0","","67","8","2020","1","40.053562","-75.177976","0224","6","0","0","0","1","0","0","0","0","","0","0","0","02","3","0","","1","0","40 03:12.823","","0","75 10:40.715","0","0","0","0","67301","0","0","0","N","0","0","0","3","67301","0","","5.0","","1","N","N","N","0","","0","0","0","3","2","","0223","1","0","0","0","0","0","0","2","0","1","0","0","0","3","03","","N","","","","","","","","","",""
"2020065786","1326","0","0","0","0","0","0","0","0","0","1","0","","67","8","2020","6","40.041083","-75.151361","1325","6","0","0","0","0","0","1","0","0","","0","0","0","13","1","2","N","0","0","40 02:27.900","","0","75 09:04.900","3","0","0","0","67301","0","0","0","N","0","0","0","3","67301","0","","1.0","","1","N","N","N","1","","2","0","1","0","0","","1314","2","2","0","0","0","0","0","2","0","2","0","0","0","3","03","","N","","","","","","","","","",""
"2020112934","","0","0","0","0","0","0","0","0","0","4","0","","67","1","2020","1","39.993266","-75.169703","","6","0","0","0","0","0","1","0","0","","0","0","0","10","1","1","","1","0","39 59:35.757","","0","75 10:10.930","8","0","0","0","67301","0","0","0","N","0","0","0","2","00000","0","","1.0","","1","","","N","0","","0","0","1","3","3","","1005","2","1","0","0","0","1","0","2","0","2","0","0","0","3","","","N","","","","","","","","","",""
"2020077322","1637","1","0","0","0","0","0","0","0","0","5","0","","67","9","2020","1","39.978806","-75.118611","1618","6","0","0","0","0","0","0","0","1","","0","0","0","15","1","3","","5","0","39 58:43.700","","0","75 07:07.000","3","0","0","0","67301","0","0","0","N","0","0","0","4","67301","0","","1.0","","1","N","N","N","0","","3","0","0","3","2","","1552","2","3","0","0","0","0","0","2","0","2","0","0","0","3","03","","N","","","","","","","","","",""
"2020066572","0934","0","0","0","1","0","0","0","0","0","8","0","","67","8","2020","2","39.992278","-75.119963","0933","6","0","0","0","0","0","0","0","0","","0","0","0","09","1","1","","1","0","39 59:32.200","","0","75 07:11.866","3","0","0","0","67301","1","0","0","N","0","0","0","2","67301","0","","1.0","","1","N","N","N","0","","1","0","0","3","3","","0932","2","1","1","0","0","0","0","2","1","1","1","0","0","3","03","","N","","","","","","","","","",""
"2020068096","1538","1","0","0","0","0","0","0","0","0","1","0","","67","8","2020","1","39.971382","-75.121427","1524","6","0","0","0","0","0","0","0","0","","0","0","0","15","1","0","","1","1","39 58:16.976","1","2","75 07:17.136","0","0","0","0","67301","0","0","0","N","0","0","0","3","68K01","0","","1.0","1610.0","1","N","N","N","1","","0","0","0","3","2","N","1523","2","0","0","0","0","0","0","2","0","2","0","0","0","4","04","","N","","","","","","","","","",""
"2020065779","2252","1","0","0","0","0","0","0","0","0","4","0","","67","8","2020","6","40.018808","-75.115321","2250","6","0","0","1","1","0","0","0","0","","0","0","0","22","3","2","","1","0","40 01:07.709","","0","75 06:55.155","8","0","0","1","67301","0","0","0","N","0","0","0","3","67301","0","","1.0","","1","N","N","N","0","","0","0","0","3","2","","2240","2","2","0","0","0","2","0","2","0","2","0","0","0","3","03","","N","","","","","","","","","",""
"2020066780","0422","0","0","0","0","0","0","0","0","0","6","0","","67","8","2020","1","39.973776","-75.245295","0414","6","0","0","0","0","0","0","0","0","","0","0","0","04","3","1","","1","0","39 58:25.594","","0","75 14:43.063","8","0","0","0","67301","0","0","0","N","0","0","0","1","67301","0","","1.0","","9","N","N","N","1","","0","0","3","3","2","","0410","4","1","0","0","0","1","0","2","0","4","0","0","0","7","07","","N","","","","","","","","","",""
"2020089566","2045","1","0","0","0","0","0","0","0","0","4","0","","67","10","2020","6","39.923909","-75.166048","2022","6","0","0","0","0","0","0","0","0","","0","0","0","20","3","0","","1","0","39 55:26.074","","0","75 09:57.773","0","0","0","0","67301","0","0","0","N","0","0","0","1","67301","0","","1.0","","1","N","N","N","0","","0","0","2","3","2","","2000","3","0","0","0","0","0","0","2","0","3","0","0","0","3","03","","N","","","","","","","","","",""
"2020076226","2013","1","0","0","0","0","0","0","0","0","8","0","","67","9","2020","4","40.056806","-75.189139","2011","6","0","0","0","0","0","0","0","0","","0","0","0","20","3","1","N","0","0","40 03:24.500","","7","75 11:20.900","3","0","0","0","67301","1","0","0","N","1","0","0","2","67301","0","","1.0","","1","N","N","N","0","","1","0","0","0","0","","2000","2","1","0","0","0","0","0","2","0","1","1","0","0","3","03","","N","","","","","","","","","",""
"2020073383","1755","1","0","0","0","0","0","0","0","0","4","0","","67","9","2020","2","40.005821","-75.097023","1755","6","0","0","0","0","0","0","0","0","","0","0","0","17","1","1","","5","0","40 00:20.957","","0","75 05:49.283","3","0","0","0","67301","0","0","0","N","0","0","0","3","67301","0","","1.0","","1","N","N","N","0","","1","0","1","3","2","","1750","2","1","2","0","0","0","0","2","0","2","0","0","0","3","","","N","","","","","","","","","",""
"2020110391","1425","3","0","0","0","0","0","0","0","0","4","0","","67","12","2020","5","40.049047","-75.142445","1420","6","0","0","0","0","0","0","0","0","","0","0","0","11","1","1","","1","0","40 02:56.568","","0","75 08:32.803","4","0","0","0","67301","0","0","0","N","0","0","0","2","67301","1","","9.0","","7","N","N","N","0","","0","0","1","3","2","","1103","4","1","0","0","0","0","1","2","0","4","0","0","0","10","","","N","","","","","","","","","",""
"2020087795","2002","3","0","0","0","0","0","0","0","0","1","0","","67","10","2020","2","39.983986","-75.168475","1959","6","0","0","0","0","0","1","0","0","","0","0","0","19","3","1","N","0","0","39 59:02.350","","0","75 10:06.510","3","0","0","0","67301","0","0","0","N","0","0","0","1","67301","0","","6.0","","1","N","N","N","0","","1","0","0","0","0","","1955","3","1","0","0","0","0","0","2","0","3","0","0","0","3","03","","N","","","","","","","","","",""