"CRN","ARRIVAL_TM","AUTOMOBILE_COUNT","BELTED_DEATH_COUNT","BELTED_SUSP_SERIOUS_INJ_COUNT","BICYCLE_COUNT","BICYCLE_DEATH_COUNT","BICYCLE_SUSP_SERIOUS_INJ_COUNT","BUS_COUNT","CHLDPAS_DEATH_COUNT","CHLDPAS_SUSP_SERIOUS_INJ_COUNT","COLLISION_TYPE","COMM_VEH_COUNT","CONS_ZONE_SPD_LIM","COUNTY","CRASH_MONTH","CRASH_YEAR","DAY_OF_WEEK","DEC_LATITUDE","DEC_LONGITUDE","DISPATCH_TM","DISTRICT","DRIVER_COUNT_16YR","DRIVER_COUNT_17YR","DRIVER_COUNT_18YR","DRIVER_COUNT_19YR","DRIVER_COUNT_20YR","DRIVER_COUNT_50_64YR","DRIVER_COUNT_65_74YR","DRIVER_COUNT_75PLUS","EST_HRS_CLOSED","FATAL_COUNT","HEAVY_TRUCK_COUNT","HORSE_BUGGY_COUNT","HOUR_OF_DAY","ILLUMINATION","INJURY_COUNT","INTERSECTION_RELATED","INTERSECT_TYPE","LANE_CLOSED","LATITUDE","LN_CLOSE_DIR","LOCATION_TYPE","LONGITUDE","MAX_SEVERITY_LEVEL","MCYCLE_DEATH_COUNT","MCYCLE_SUSP_SERIOUS_INJ_COUNT","MOTORCYCLE_COUNT","MUNICIPALITY","NONMOTR_COUNT","NONMOTR_DEATH_COUNT","NONMOTR_SUSP_SERIOUS_INJ_COUNT","NTFY_HIWY_MAINT","PED_COUNT","PED_DEATH_COUNT","PED_SUSP_SERIOUS_INJ_COUNT","PERSON_COUNT","POLICE_AGCY","POSSIBLE_INJ_COUNT","RDWY_SURF_TYPE_CD","RELATION_TO_ROAD","ROADWAY_CLEARED","ROAD_CONDITION","SCH_BUS_IND","SCH_ZONE_IND","SECONDARY_CRASH","SMALL_TRUCK_COUNT","SPEC_JURIS_CD","SUSP_MINOR_INJ_COUNT","SUSP_SERIOUS_INJ_COUNT","SUV_COUNT","TCD_FUNC_CD","TCD_TYPE","TFC_DETOUR_IND","TIME_OF_DAY","TOTAL_UNITS","TOT_INJ_COUNT","UNBELTED_OCC_COUNT","UNB_DEATH_COUNT","UNB_SUSP_SERIOUS_INJ_COUNT","UNK_INJ_DEG_COUNT","UNK_INJ_PER_COUNT","URBAN_RURAL","VAN_COUNT","VEHICLE_COUNT","VULNERABLE_ROAD_USER_COUNT","VULNERABLE_ROAD_USER_DEATH_COUNT","VULNERABLE_ROAD_USER_SER_INJ_COUNT","WEATHER1","WEATHER2","WORKERS_PRES","WORK_ZONE_IND","WORK_ZONE_LOC","WORK_ZONE_TYPE","WZ_CLOSE_DETOUR","WZ_FLAGGER","WZ_LAW_OFFCR_IND","WZ_LN_CLOSURE","WZ_MOVING","WZ_OTHER","WZ_SHLDER_MDN","WZ_WORKERS_INJ_KILLED"
"2020051989","0850","0","0","0","0","0","0","0","0","0","4","0","","67","7","2020","4","39.958583","-75.213987","0847","6","0","0","0","0","0","0","0","0","","0","0","0","08","3","1","","1","0","39 57:30.898","","1","75 12:50.353","2","0","1","1","67301","0","0","0","N","0","0","0","2","67301","0","","1.0","","1","N","N","N","1","","0","1","1","3","2","","0844","3","1","0","0","0","0","0","2","0","3","0","0","0","3","","","N","","","","","","","","","",""
"2020052546","0830","1","0","0","0","0","0","0","0","0","5","0","","67","7","2020","6","40.080757","-75.028601","0827","6","0","0","0","0","0","1","0","1","","0","0","0","08","1","3","","1","2","40 04:50.725","1","0","75 01:42.964","3","0","0","0","67301","0","0","0","N","0","0","0","3","67301","0","","1.0","130.0","1","N","N","N","0","","2","0","1","3","2","Y","0825","3","3","2","0","0","1","0","2","1","3","0","0","0","3","03","","N","","","","","","","","","",""
"2020097590","0730","2","0","0","0","0","0","0","0","0","4","0","","67","11","2020","6","39.977607","-75.160654","0729","6","0","0","1","0","1","0","0","0","","0","0","0","07","1","1","","1","0","39 58:39.385","","0","75 09:38.355","3","0","0","0","67301","0","0","0","N","0","0","0","2","67301","0","","1.0","","9","N","N","N","0","","1","0","0","3","3","","0710","2","1","0","0","0","0","0","2","0","2","0","0","0","4","07","","N","","","","","","","","","",""
"2020065769","1904","3","0","0","0","0","0","0","0","0","5","0","","67","8","2020","4","39.940614","-75.234725","1901","6","0","0","0","0","0","0","0","0","","0","0","0","19","1","0","N","0","2","39 56:26.210","4","0","75 14:05.010","0","0","0","0","67301","0","0","0","N","0","0","0","2","67301","0","","6.0","2045.0","9","N","N","N","0","","0","0","1","0","0","Y","1901","4","0","0","0","0","0","0","2","0","4","0","0","0","7","04","","N","","","","","","","","","",""
"2020113455","","2","0","0","0","0","0","0","0","0","1","0","","67","2","2020","2","40.008183","-75.190857","","6","0","0","0","0","0","0","0","0","","0","0","0","22","3","1","N","0","0","40 00:29.458","","0","75 11:27.085","8","0","0","0","67301","0","0","0","N","0","0","0","2","00000","0","","1.0","","1","","","N","0","","0","0","0","0","0","","2230","2","1","0","0","0","1","0","2","0","2","0","0","0","3","","","N","","","","","","","","","",""
"2020065768","1648","2","0","0","0","0","0","0","0","0","5","0","","67","8","2020","4","39.918059","-75.209642","1644","6","0","0","0","0","0","0","0","0","","0","0","0","16","1","0","N","0","0","39 55:05.014","","0","75 12:34.712","0","0","0","0","67301","0","0","0","N","0","0","0","2","67301","0","","1.0","","1","N","N","N","0","","0","0","0","0","0","","1635","2","0","0","0","0","0","0","2","0","2","0","0","0","3","03","","N","","","","","","","","","",""
"2020065787","2228","1","0","0","0","0","0","0","0","0","1","0","","67","8","2020","6","40.010661","-75.184434","2215","6","0","0","0","0","0","0","0","0","","0","0","0","22","3","0","N","0","2","40 00:38.378","2","0","75 11:03.962","0","0","0","0","67301","0","0","0","N","0","0","0","2","67301","0","","1.0","2320.0","1","N","N","N","0","","0","0","0","0","0","N","2210","2","0","0","0","0","0","0","2","0","2","0","0","0","3","03","","N","","","","","","","","","",""
"2020091802","2021","2","0","0","0","0","0","0","0","0","1","0","","67","10","2020","6","39.999349","-75.195441","2014","6","0","0","0","0","0","0","0","0","","0","0","0","20","3","2","N","0","0","39 59:57.655","","0","75 11:43.587","8","0","0","0","67301","0","0","0","N","0","0","0","5","68K01","0","","1.0","","1","N","N","N","0","","0","0","1","0","0","","2011","3","2","0","0","0","2","0","2","0","3","0","0","0","3","03","","N","","","","","","","","","",""
"2020078369","1951","0","0","0","0","0","0","0","0","0","5","0","","67","9","2020","4","39.888126","-75.241959","1946","6","0","0","0","0","0","1","0","0","","0","0","0","19","3","1","N","0","2","39 53:17.255","2","0","75 14:31.054","4","0","0","0","67301","0","0","0","N","0","0","0","2","68K01","1","","1.0","2245.0","1","N","N","N","2","","0","0","0","0","0","N","1945","2","1","0","0","0","0","0","2","0","2","0","0","0","3","","","N","","","","","","","","","",""
"2020077120","0545","3","0","0","0","0","0","0","0","0","1","0","","67","9","2020","5","40.027789","-75.060077","0541","6","0","0","0","0","1","1","0","0","","0","0","0","05","3","1","","1","0","40 01:40.042","","0","75 03:36.277","3","0","0","0","67301","0","0","0","N","0","0","0","3","67301","0","","1.0","","1","N","N","N","0","","1","0","0","3","2","","0541","3","1","0","0","0","0","0","2","0","3","0","0","0","3","03","","N","","","","","","","","","",""
"2020067837","1110","1","0","0","0","0","0","0","0","0","4","0","","67","8","2020","7","40.007486","-75.125486","1101","6","0","0","0","0","0","0","0","0","","0","0","0","10","1","0","","2","0","40 00:26.950","","0","75 07:31.750","0","0","0","0","67301","0","0","0","N","0","0","0","2","67301","0","","1.0","","1","N","N","N","0","","0","0","1","3","2","","1055","2","0","0","0","0","0","0","2","0","2","0","0","0","3","03","","N","","","","","","","","","",""
"2020069344","1455","2","0","0","0","0","0","0","0","0","1","0","","67","8","2020","4","39.942376","-75.143249","1455","6","0","0","0","0","0","0","0","1","","0","0","0","14","1","0","N","0","0","39 56:32.555","","0","75 08:35.695","0","0","0","0","67301","0","0","0","N","0","0","0","2","68K01","0","","1.0","","1","N","N","N","0","","0","0","0","0","0","","1455","2","0","0","0","0","0","0","2","0","2","0","0","0","3","03","","N","","","","","","","","","",""
"2020074452","2345","1","0","0","0","0","0","0","0","0","2","0","","67","9","2020","2","40.010105","-75.157857","2330","6","0","0","0","0","0","0","0","0","","0","0","0","23","3","0","N","0","0","40 00:36.379","","0","75 09:28.284","0","0","0","0","67301","0","0","0","N","0","0","0","1","67301","0","","1.0","","1","N","N","N","0","","0","0","1","0","0","","2326","2","0","0","0","0","0","0","2","0","2","0","0","0","3","03","","N","","","","","","","","","",""
"2020074097","0820","0","0","0","0","0","0","0","0","0","7","0","","67","9","2020","5","40.001798","-75.186986","0809","6","0","0","0","0","0","0","0","0","","0","0","0","06","6","0","N","0","0","40 00:06.471","","0","75 11:13.151","0","0","0","0","67301","0","0","0","N","0","0","0","1","67301","0","","4.0","","99","N","N","N","0","","0","0","0","0","0","","0658","1","0","0","0","0","0","0","2","1","1","0","0","0","3","","","N","","","","","","","","","",""
"2020070135","2011","1","0","0","1","0","0","0","0","0","8","0","","67","8","2020","4","39.916603","-75.169223","2011","6","0","0","0","0","0","0","0","0","","0","0","0","20","1","1","","1","2","39 54:59.771","4","0","75 10:09.201","4","0","0","0","67301","1","0","0","N","0","0","0","3","67301","1","","1.0","2038.0","1","N","N","N","0","","0","0","0","3","2","Y","2011","2","1","2","0","0","0","0","2","0","1","1","0","0","3","03","","N","","","","","","","","","",""
"2020073987","0130","2","0","0","0","0","0","0","0","0","4","0","","67","9","2020","4","40.036639","-75.073694","0130","6","0","0","0","0","0","0","0","0","","0","0","0","01","2","0","N","0","0","40 02:11.900","","0","75 04:25.300","9","0","0","0","67301","0","0","0","N","0","0","0","1","67301","0","","4.0","","1","N","N","N","0","","0","0","0","0","0","","0124","3","0","0","0","0","0","1","2","0","3","0","0","0","3","","","N","","","","","","","","","",""
"2020074323","1440","2","0","0","0","0","0","0","0","0","4","0","","67","9","2020","5","39.972632","-75.144461","1437","6","0","0","0","0","0","0","1","0","","0","0","0","14","1","2","","1","0","39 58:21.475","","0","75 08:40.059","3","0","0","0","67301","0","0","0","N","0","0","0","3","67301","0","","1.0","","1","N","N","N","0","","2","0","1","3","2","","1400","3","2","0","0","0","0","0","2","0","3","0","0","0","4","","","N","","","","","","","","","",""
"2020066455","1239","0","0","0","0","0","0","0","0","0","0","0","","67","8","2020","1","39.973925","-75.118046","1238","6","0","0","0","0","0","0","0","0","","0","0","0","12","1","1","N","0","0","39 58:26.130","","0","75 07:04.967","3","0","0","1","67301","0","0","0","N","0","0","0","1","67301","0","","1.0","","9","N","N","N","0","","1","0","0","0","0","","1237","1","1","0","0","0","0","0","2","0","1","0","0","0","7","07","","N","","","","","","","","","",""
"2020076789","1720","0","0","0","0","0","0","0","0","0","4","0","","67","9","2020","5","39.902943","-75.173996","1707","6","0","0","0","0","0","0","0","0","","0","0","0","17","1","1","","2","0","39 54:10.596","","0","75 10:26.386","8","0","0","1","67301","0","0","0","N","0","0","0","2","67301","0","","1.0","","1","N","N","N","0","","0","0","0","3","2","","1704","2","1","0","0","0","1","0","2","1","2","0","0","0","3","03","","N","","","","","","","","","",""
"2020070938","1950","3","0","0","0","0","0","0","0","0","5","0","","67","8","2020","1","39.997217","-75.110442","1945","6","0","0","0","0","0","0","0","0","","0","0","0","19","1","0","N","0","0","39 59:49.980","","0","75 06:37.590","9","0","0","0","67301","0","0","0","N","0","0","0","1","67301","0","","6.0","","1","N","N","N","0","","0","0","2","0","0","","1935","5","0","1","0","0","0","1","2","0","5","0","0","0","3","03","","N","","","","","","","","","",""
"2020079569","0758","2","0","0","0","0","0","0","0","0","4","0","","67","9","2020","6","40.036706","-75.040848","0750","6","0","0","0","0","0","0","0","0","","0","0","0","07","1","0","","1","0","40 02:12.142","","0","75 02:27.052","0","0","0","0","67301","0","0","0","N","0","0","0","2","67301","0","","1.0","","1","N","N","N","0","","0","0","0","3","2","","0745","2","0","0","0","0","0","0","2","0","2","0","0","0","3","","","N","","","","","","","","","",""
"2020066879","1744","0","0","0","1","0","1","0","0","0","8","0","","67","8","2020","2","39.952591","-75.165287","1744","6","0","0","0","0","0","0","0","0","","0","0","0","17","1","1","","2","2","39 57:09.326","7","0","75 09:55.033","2","0","0","0","67301","1","0","1","N","0","0","0","2","67301","0","","1.0","1858.0","1","N","N","N","0","","0","1","1","3","2","Y","1744","2","1","0","0","0","0","0","2","0","1","1","0","1","3","03","","N","","","","","","","","","",""
"2020073894","2100","1","0","0","0","0","0","0","0","0","8","0","","67","9","2020","3","39.968372","-75.16005","2053","6","0","0","0","0","0","0","0","0","","0","0","0","20","3","1","N","0","0","39 58:06.138","","0","75 09:36.179","2","0","0","0","67301","1","0","1","N","1","0","1","2","67301","0","","1.0","","1","N","N","N","0","","0","1","0","0","0","","2053","2","1","1","0","0","0","0","2","0","1","1","0","1","3","03","","N","","","","","","","","","",""
"2020078101","0109","2","0","0","0","0","0","0","0","0","4","0","","67","9","2020","1","39.971418","-75.225834","0103","6","0","0","0","0","1","0","0","0","","0","0","0","01","3","0","","1","0","39 58:17.106","","0","75 13:33.004","9","0","0","0","67301","0","0","0","N","0","0","0","4","67301","0","","1.0","","1","N","N","N","0","","0","0","0","3","2","","0100","2","0","0","0","0","0","4","2","0","2","0","0","0","3","03","","N","","","","","","","","","",""
"2020065777","0832","1","0","0","0","0","0","0","0","0","1","0","","67","8","2020","6","40.000651","-75.153001","0820","6","0","0","0","0","0","0","0","0","","0","0","0","08","1","0","N","0","0","40 00:02.342","","0","75 09:10.805","0","0","0","0","67301","0","0","0","N","0","0","0","1","67301","0","","6.0","","1","N","N","N","0","","0","0","1","0","0","","0817","2","0","0","0","0","0","0","2","0","2","0","0","0","3","","","N","","","","","","","","","",""
"2020071358","0020","2","0","0","0","0","0","0","0","0","5","0","","67","9","2020","4","40.041589","-75.170914","0015","6","0","0","0","0","0","0","0","0","","0","0","0","00","3","1","N","0","0","40 02:29.720","","0","75 10:15.290","4","0","0","0","67301","0","0","0","N","0","0","0","3","67301","1","","6.0","","1","N","N","N","0","","0","0","0","0","0","","0010","2","1","0","0","0","0","0","2","0","2","0","0","0","3","03","","N","","","","","","","","","",""
"2020069892","0724","0","0","0","0","0","0","0","0","0","0","0","","67","8","2020","6","39.955304","-75.147814","0723","6","0","0","0","0","0","0","0","0","","0","0","0","07","1","1","N","0","0","39 57:19.096","","2","75 08:52.130","3","0","0","1","67301","0","0","0","N","0","0","0","1","67501","0","","1.0","","1","N","N","N","0","","1","0","0","0","0","","0723","1","1","0","0","0","0","0","2","0","1","0","0","0","3","","","N","","","","","","","","","",""
"2020076342","0538","0","0","0","0","0","0","0","0","0","4","0","","67","9","2020","4","39.956208","-75.23385","0535","6","0","0","0","0","0","0","0","0","","0","0","0","05","3","1","","2","2","39 57:22.348","7","0","75 14:01.860","2","0","0","0","67301","0","0","0","N","0","0","0","1","67301","0","","1.0","700.0","1","N","N","N","0","","0","1","2","3","3","Y","0530","2","1","1","0","1","0","0","2","0","2","0","0","0","3","","","N","","","","","","","","","",""
"2020071558","1655","0","0","0","0","0","0","0","0","0","8","0","","67","9","2020","3","39.95355","-75.154661","1655","6","0","0","0","0","0","1","0","0","","0","0","0","16","1","1","N","0","0","39 57:12.780","","0","75 09:16.780","3","0","0","0","67301","1","0","0","N","1","0","0","2","67301","0","","6.0","","1","N","N","N","0","","1","0","1","0","0","","1650","2","1","1","0","0","0","0","2","0","1","1","0","0","3","","","N","","","","","","","","","",""
"2020075066","1203","2","0","0","0","0","0","0","0","0","2","0","","67","9","2020","7","40.031122","-75.125297","1202","6","0","0","0","0","0","0","0","0","","0","0","0","20","2","1","N","0","0","40 01:52.040","","0","75 07:31.070","3","0","0","0","67301","0","0","0","N","0","0","0","2","67301","0","","1.0","","1","N","N","N","0","","1","0","0","0","0","","2030","2","1","0","0","0","0","1","2","0","2","0","0","0","3","03","","N","","","","","","","","","",""
"2020075127","1925","1","0","0","0","0","0","0","0","0","4","0","","67","9","2020","6","39.932283","-75.219145","1923","6","0","0","0","0","0","0","0","0","","0","0","0","19","3","0","","2","1","39 55:56.218","1","0","75 13:08.922","0","0","0","0","67301","0","0","0","N","0","0","0","2","67301","0","","1.0","100.0","1","N","N","N","0","","0","0","1","0","0","Y","1920","2","0","0","0","0","0","0","2","0","2","0","0","0","3","03","","N","","","","","","","","","",""
"2020069928","0945","1","0","0","0","0","0","0","0","0","4","0","","67","8","2020","4","39.919273","-75.226848","0945","6","0","1","0","0","0","0","0","0","","0","0","0","09","1","1","","1","0","39 55:09.382","","0","75 13:36.651","3","0","0","0","67301","0","0","0","N","0","0","0","2","67301","0","","1.0","","9","N","N","N","0","","1","0","2","0","0","","0940","3","1","0","0","0","0","0","2","0","3","0","0","0","7","04","","N","","","","","","","","","",""
"2020065955","1528","0","0","0","0","0","0","0","0","0","8","0","","67","8","2020","6","39.992539","-75.126578","1528","6","0","0","0","0","0","1","0","0","","0","0","0","15","1","1","N","0","0","39 59:33.140","","0","75 07:35.680","3","0","0","0","67301","1","0","0","N","1","0","0","2","67301","0","","1.0","","1","N","N","N","1","","1","0","0","0","0","","1500","2","1","0","0","0","0","0","2","0","1","1","0","0","3","03","","N","","","","","","","","","",""
"2020091238","1124","2","0","0","0","0","0","0","0","0","1","0","","67","10","2020","1","39.957803","-75.161338","1115","6","0","1","1","0","0","0","0","0","","0","0","0","11","1","0","N","0","1","39 57:28.092","4","0","75 09:40.816","9","0","0","0","67301","0","0","0","N","0","0","0","7","68K01","0","","1.0","45.0","1","N","N","N","0","","0","0","1","0","0","N","1107","3","0","0","0","0","0","1","2","0","3","0","0","0","3","","","N","","","","","","","","","",""
"2020069925","1730","1","0","0","1","0","0","0","0","0","8","0","","67","8","2020","2","39.917205","-75.237426","1725","6","0","0","0","0","0","0","0","0","","0","0","0","14","1","1","","1","0","39 55:01.939","","0","75 14:14.734","8","0","0","0","67301","1","0","0","N","0","0","0","2","67301","0","","1.0","","1","N","N","N","0","","0","0","0","3","2","","1427","2","1","0","0","0","1","1","2","0","1","1","0","0","3","","","N","","","","","","","","","",""
"2020067200","0942","1","0","0","0","0","0","0","0","0","4","0","","67","8","2020","7","40.049055","-75.142548","0942","6","0","0","0","0","0","1","0","0","","0","0","0","16","1","1","","2","0","40 02:56.599","","0","75 08:33.174","4","0","0","0","67301","0","0","0","N","0","0","0","2","67301","1","","1.0","","1","N","N","N","0","","0","0","1","3","3","","1600","2","1","0","0","0","0","0","2","0","2","0","0","0","3","03","","N","","","","","","","","","",""
"2020068083","1227","2","0","0","0","0","0","0","0","0","1","0","","67","8","2020","6","39.95884","-75.170567","1222","6","0","0","0","0","0","1","1","0","","0","0","0","12","1","1","N","0","1","39 57:31.825","3","0","75 10:14.040","3","0","0","0","67301","0","0","0","N","0","0","0","11","68K01","0","","1.0","1313.0","1","N","N","N","0","","1","0","3","0","0","N","1217","5","1","0","0","0","0","0","2","0","5","0","0","0","3","","","N","","","","","","","","","",""
"2020076653","2012","2","0","0","0","0","0","0","0","0","4","0","","67","8","2020","6","40.002389","-75.122221","2012","6","0","0","0","0","0","0","0","0","","0","0","0","20","1","1","","2","0","40 00:08.600","","0","75 07:19.995","3","0","0","0","67301","0","0","0","N","0","0","0","2","67301","0","","1.0","","1","N","N","N","0","","1","0","0","3","3","","2010","2","1","2","0","0","0","1","2","0","2","0","0","0","3","03","","N","","","","","","","","","",""
"2020067043","2335","2","0","0","0","0","0","0","0","0","4","0","","67","8","2020","3","40.034658","-75.110304","2324","6","0","0","0","0","0","0","0","0","","0","0","0","22","3","0","","11","0","40 02:04.768","","0","75 06:37.094","0","0","0","0","67301","0","0","0","N","0","0","0","1","67301","0","","1.0","","1","N","N","N","0","","0","0","0","3","3","","2239","4","0","0","0","0","0","0","2","2","4","0","0","0","3","","","N","","","","","","","","","",""
"2020109216","1037","2","0","0","0","0","0","0","0","0","1","0","","67","12","2020","6","40.029292","-75.189353","1034","6","0","0","0","2","0","1","0","0","","0","0","0","10","1","1","N","0","0","40 01:45.450","","0","75 11:21.670","3","0","0","0","67301","0","0","0","N","0","0","0","6","67301","0","","1.0","","1","N","N","N","0","","1","0","2","0","0","","1031","5","1","0","0","0","0","0","2","1","5","0","0","0","3","03","","N","","","","","","","","","",""
"2020113736","2044","0","0","0","0","0","0","0","0","0","4","0","","67","12","2020","3","40.057924","-75.233599","2034","6","0","0","0","1","0","0","0","0","","0","0","0","20","3","0","","1","0","40 03:28.526","","0","75 14:00.956","0","0","0","0","67301","0","0","0","N","0","0","0","2","67301","0","","1.0","","1","N","N","N","0","","0","0","2","3","2","","2025","2","0","0","0","0","0","0","2","0","2","0","0","0","3","03","","N","","","","","","","","","",""
"2020104033","1745","1","0","0","0","0","0","0","0","0","1","0","","67","12","2020","4","39.980869","-75.105431","1745","6","0","0","0","0","0","0","0","0","","0","0","0","16","3","1","Y","0","0","39 58:51.130","","0","75 06:19.551","3","0","0","0","67301","0","0","0","N","0","0","0","2","67301","0","","1.0","","1","N","N","N","0","","1","0","1","0","0","","1645","2","1","0","0","0","0","1","2","0","2","0","0","0","3","","","N","","","","","","","","","",""
"2020112392","0340","3","0","0","0","0","0","0","0","0","4","0","","67","12","2020","1","40.056566","-75.04655","0335","6","0","0","0","0","0","0","0","0","","0","0","0","03","3","0","","1","1","40 03:23.636","2","0","75 02:47.581","0","0","0","0","67301","0","0","0","N","0","0","0","3","67301","0","","1.0","435.0","1","N","N","Y","0","","0","0","0","3","2","Y","0335","3","0","0","0","0","0","0","2","0","3","0","0","0","3","03","","N","","","","","","","","","",""
"2020102275","1847","2","0","0","0","0","0","0","0","0","4","0","","67","11","2020","6","40.053058","-75.064401","1846","6","0","0","0","0","0","0","0","0","","0","0","0","18","3","1","","1","0","40 03:11.009","","99","75 03:51.845","3","0","0","0","67301","0","0","0","N","0","0","0","3","67301","0","","1.0","","1","N","N","N","0","","1","0","0","9","2","","1845","2","1","2","0","0","0","0","2","0","2","0","0","0","3","","","N","","","","","","","","","",""
"2020110397","0601","0","0","0","0","0","0","0","0","0","5","0","","67","12","2020","1","40.031642","-75.131553","0547","6","0","0","0","0","0","0","0","0","","0","0","0","05","3","0","N","0","0","40 01:53.910","","0","75 07:53.590","0","0","0","0","67301","0","0","0","N","0","0","0","1","67301","0","","6.0","","2","N","N","N","0","","0","0","1","0","0","","0546","2","0","1","0","0","0","0","2","1","2","0","0","0","9","10","","N","","","","","","","","","",""
"2020112466","0050","2","0","0","0","0","0","0","0","0","4","0","","67","12","2020","5","39.959686","-75.241242","0050","6","0","0","0","0","0","0","0","0","","0","0","0","23","3","1","","1","0","39 57:34.869","","0","75 14:28.471","4","0","0","0","67301","0","0","0","N","0","0","0","3","67301","1","","1.0","","8","N","N","N","0","","0","0","0","3","3","","2345","2","1","0","0","0","0","2","2","0","2","0","0","0","7","08","","N","","","","","","","","","",""
"2020101846","1012","2","0","0","0","0","0","0","0","0","2","0","","67","11","2020","3","40.022813","-75.147016","0958","6","0","0","0","0","0","1","0","0","","0","0","0","09","1","0","","1","0","40 01:22.126","","0","75 08:49.257","0","0","0","0","67301","0","0","0","N","0","0","0","2","67301","0","","1.0","","1","N","N","N","0","","0","0","0","3","2","","0955","2","0","0","0","0","0","0","2","0","2","0","0","0","3","03","","N","","","","","","","","","",""
"2020110366","0041","0","0","0","0","0","0","0","0","0","7","0","","67","12","2020","2","40.106678","-75.056964","0039","6","0","0","0","0","0","0","0","0","","0","0","0","00","3","1","N","0","0","40 06:24.040","","0","75 03:25.070","2","0","0","0","67301","0","0","0","N","0","0","0","1","67301","0","","5.0","","1","N","N","N","0","","0","1","1","0","0","","0035","1","1","0","0","0","0","0","2","0","1","0","0","0","5","","","N","","","","","","","","","",""
"2020103602","0516","2","0","0","0","0","0","0","0","0","4","0","","67","12","2020","4","39.976886","-75.166477","0501","6","0","0","0","0","0","0","0","0","","0","0","0","05","3","0","","1","0","39 58:36.789","","0","75 09:59.317","9","0","0","0","67301","0","0","0","N","0","0","0","2","67301","0","","1.0","","1","N","N","N","0","","0","0","0","3","2","","0500","2","0","0","0","0","0","1","2","0","2","0","0","0","3","03","","N","","","","","","","","","",""
"2020106786","0113","1","0","0","0","0","0","0","0","0","2","0","","67","12","2020","7","39.94838","-75.247652","0112","6","0","0","0","0","0","0","0","0","","0","0","0","01","3","0","","1","2","39 56:54.168","2","0","75 14:51.547","9","0","0","0","67301","0","0","0","N","0","0","0","1","67301","0","","1.0","611.0","9","N","N","N","0","","0","0","1","3","3","N","0110","2","0","0","0","0","0","1","2","0","2","0","0","0","7","04","","N","","","","","","","","","",""
"2020070573","1800","2","0","0","0","0","0","0","0","0","4","0","","67","8","2020","7","40.012186","-75.113036","1800","6","0","0","0","0","0","0","0","0","","0","0","0","17","1","1","N","0","0","40 00:43.870","","7","75 06:46.930","3","0","0","0","67301","0","0","0","N","0","0","0","2","67301","0","","1.0","","1","N","N","N","0","","1","0","0","0","0","","1730","2","1","0","0","0","0","1","2","0","2","0","0","0","3","03","","N","","","","","","","","","",""
"2020070465","1235","1","0","0","0","0","0","0","0","0","8","0","","67","8","2020","6","39.967132","-75.156552","1232","6","0","0","0","0","0","0","0","0","","0","0","0","12","1","1","","1","1","39 58:01.675","3","0","75 09:23.587","3","0","0","0","67301","1","0","0","N","1","0","0","2","67301","0","","1.0","1300.0","1","N","N","N","0","","1","0","0","3","3","N","1231","2","1","0","0","0","0","0","2","0","1","1","0","0","3","03","","N","","","","","","","","","",""
"2020071360","1642","2","0","0","0","0","0","0","0","0","4","0","","67","8","2020","2","40.012395","-75.058415","1637","6","0","0","0","0","0","0","0","0","","0","0","0","16","1","1","","2","1","40 00:44.622","2","0","75 03:30.294","8","0","0","0","67301","0","0","0","N","0","0","0","2","67301","0","","1.0","1640.0","1","N","N","N","0","","0","0","0","3","2","N","1630","2","1","0","0","0","1","0","2","0","2","0","0","0","3","03","","N","","","","","","","","","",""
"2020068090","0559","1","0","0","0","0","0","0","0","0","5","0","","67","8","2020","1","40.042588","-75.003359","0551","6","0","0","0","0","0","1","0","0","","0","0","0","05","3","0","N","0","0","40 02:33.316","","0","75 00:12.092","0","0","0","0","67301","0","0","0","N","0","0","0","2","68K01","0","","1.0","","9","N","N","N","0","","0","0","1","0","0","","0546","2","0","0","0","0","0","0","2","0","2","0","0","0","7","","","N","","","","","","","","","",""
"2020112998","","0","0","0","0","0","0","0","0","0","4","0","","67","1","2020","2","39.95768","-75.162367","","6","0","0","0","0","1","0","0","0","","0","0","0","19","1","1","","5","0","39 57:27.649","","2","75 09:44.521","3","0","0","0","67301","0","0","0","N","0","0","0","2","00000","0","","1.0","","1","","","N","0","","1","0","2","3","2","","1920","2","1","0","0","0","0","0","2","0","2","0","0","0","3","","","N","","","","","","","","","",""
"2020068241","0620","1","0","0","0","0","0","0","0","0","1","0","","67","8","2020","4","40.001192","-75.081971","0615","6","0","0","0","0","0","0","0","0","","0","0","0","06","5","0","N","0","0","40 00:04.290","","0","75 04:55.094","0","0","0","0","67301","0","0","0","N","0","0","0","1","67301","0","","1.0","","1","N","N","N","1","","0","0","1","0","0","","0600","3","0","0","0","0","0","0","2","0","3","0","0","0","3","03","","N","","","","","","","","","",""
"2020067894","1200","0","0","0","1","0","0","0","0","0","8","0","","67","8","2020","7","39.995216","-75.139512","1200","6","0","0","0","0","0","0","0","0","","0","0","0","16","1","1","","1","0","39 59:42.777","","0","75 08:22.243","3","0","0","0","67301","1","0","0","N","0","0","0","2","67301","0","","1.0","","1","N","N","N","0","","1","0","1","3","2","","1600","2","1","0","0","0","0","0","2","0","1","1","0","0","3","03","","N","","","","","","","","","",""