"CRN","ARRIVAL_TM","AUTOMOBILE_COUNT","BELTED_DEATH_COUNT","BELTED_SUSP_SERIOUS_INJ_COUNT","BICYCLE_COUNT","BICYCLE_DEATH_COUNT","BICYCLE_SUSP_SERIOUS_INJ_COUNT","BUS_COUNT","CHLDPAS_DEATH_COUNT","CHLDPAS_SUSP_SERIOUS_INJ_COUNT","COLLISION_TYPE","COMM_VEH_COUNT","CONS_ZONE_SPD_LIM","COUNTY","CRASH_MONTH","CRASH_YEAR","DAY_OF_WEEK","DEC_LATITUDE","DEC_LONGITUDE","DISPATCH_TM","DISTRICT","DRIVER_COUNT_16YR","DRIVER_COUNT_17YR","DRIVER_COUNT_18YR","DRIVER_COUNT_19YR","DRIVER_COUNT_20YR","DRIVER_COUNT_50_64YR","DRIVER_COUNT_65_74YR","DRIVER_COUNT_75PLUS","EST_HRS_CLOSED","FATAL_COUNT","HEAVY_TRUCK_COUNT","HORSE_BUGGY_COUNT","HOUR_OF_DAY","ILLUMINATION","INJURY_COUNT","INTERSECTION_RELATED","INTERSECT_TYPE","LANE_CLOSED","LATITUDE","LN_CLOSE_DIR","LOCATION_TYPE","LONGITUDE","MAX_SEVERITY_LEVEL","MCYCLE_DEATH_COUNT","MCYCLE_SUSP_SERIOUS_INJ_COUNT","MOTORCYCLE_COUNT","MUNICIPALITY","NONMOTR_COUNT","NONMOTR_DEATH_COUNT","NONMOTR_SUSP_SERIOUS_INJ_COUNT","NTFY_HIWY_MAINT","PED_COUNT","PED_DEATH_COUNT","PED_SUSP_SERIOUS_INJ_COUNT","PERSON_COUNT","POLICE_AGCY","POSSIBLE_INJ_COUNT","RDWY_SURF_TYPE_CD","RELATION_TO_ROAD","ROADWAY_CLEARED","ROAD_CONDITION","SCH_BUS_IND","SCH_ZONE_IND","SECONDARY_CRASH","SMALL_TRUCK_COUNT","SPEC_JURIS_CD","SUSP_MINOR_INJ_COUNT","SUSP_SERIOUS_INJ_COUNT","SUV_COUNT","TCD_FUNC_CD","TCD_TYPE","TFC_DETOUR_IND","TIME_OF_DAY","TOTAL_UNITS","TOT_INJ_COUNT","UNBELTED_OCC_COUNT","UNB_DEATH_COUNT","UNB_SUSP_SERIOUS_INJ_COUNT","UNK_INJ_DEG_COUNT","UNK_INJ_PER_COUNT","URBAN_RURAL","VAN_COUNT","VEHICLE_COUNT","VULNERABLE_ROAD_USER_COUNT","VULNERABLE_ROAD_USER_DEATH_COUNT","VULNERABLE_ROAD_USER_SER_INJ_COUNT","WEATHER1","WEATHER2","WORKERS_PRES","WORK_ZONE_IND","WORK_ZONE_LOC","WORK_ZONE_TYPE","WZ_CLOSE_DETOUR","WZ_FLAGGER","WZ_LAW_OFFCR_IND","WZ_LN_CLOSURE","WZ_MOVING","WZ_OTHER","WZ_SHLDER_MDN","WZ_WORKERS_INJ_KILLED"
"2020077411","0100","1","0","0","0","0","0","0","0","0","4","0","","67","9","2020","7","39.986652","-75.150677","0054","6","0","0","0","0","0","1","0","0","","0","0","0","14","1","2","","1","0","39 59:11.947","","1","75 09:02.437","8","0","0","0","67301","0","0","0","N","0","0","0","2","67301","0","","1.0","","1","N","N","N","0","","0","0","1","3","3","","1450","2","2","0","0","0","2","0","2","0","2","0","0","0","3","","","N","","","","","","","","","",""
"2020068245","0454","0","0","0","0","0","0","0","0","0","7","0","","67","8","2020","1","39.973205","-75.211993","0448","6","0","0","0","0","0","0","0","0","","0","0","0","04","3","0","N","0","0","39 58:23.537","","0","75 12:43.176","0","0","0","0","67301","0","0","0","N","0","0","0","2","67301","0","","4.0","","9","N","N","N","0","","0","0","1","0","0","","0445","1","0","0","0","0","0","0","2","0","1","0","0","0","7","07","","N","","","","","","","","","",""
"2020077502","1420","1","0","0","0","0","0","0","0","0","4","0","","67","9","2020","2","39.955502","-75.188255","1418","6","0","0","0","0","1","0","0","0","","0","0","0","14","1","0","","2","1","39 57:19.808","2","0","75 11:17.719","0","0","0","0","67301","0","0","0","N","0","0","0","2","67507","0","","1.0","1520.0","1","N","N","N","1","","0","0","0","3","2","Y","1415","2","0","0","0","0","0","0","2","0","2","0","0","0","3","03","","N","","","","","","","","","",""
"2020081732","1402","1","0","0","0","0","0","0","0","0","1","0","","67","9","2020","3","39.968648","-75.160117","1355","6","0","0","0","0","0","1","0","0","","0","0","0","13","1","1","N","0","0","39 58:07.131","","0","75 09:36.421","3","0","0","0","67301","0","0","0","N","0","0","0","3","67301","0","","1.0","","1","N","N","N","0","","1","0","1","3","2","","1343","2","1","0","0","0","0","0","2","0","2","0","0","0","4","04","","N","","","","","","","","","",""
"2020076649","0536","2","0","0","0","0","0","0","0","0","5","0","","67","9","2020","1","39.990096","-75.116826","0526","6","0","0","0","0","0","0","0","0","","0","0","0","02","3","0","N","0","0","39 59:24.347","","0","75 07:00.573","0","0","0","0","67301","0","0","0","N","0","0","0","1","67301","0","","6.0","","1","N","N","N","0","","0","0","0","0","0","","0245","2","0","0","0","0","0","0","2","0","2","0","0","0","3","03","","N","","","","","","","","","",""
"2020071964","1900","1","0","0","1","0","0","0","0","0","8","0","","67","9","2020","4","39.934886","-75.157348","1853","6","0","0","0","0","0","0","0","0","","0","0","0","17","1","1","","3","0","39 56:05.591","","0","75 09:26.454","4","0","0","0","67301","1","0","0","N","0","0","0","2","67301","1","","1.0","","1","N","N","N","0","","0","0","0","0","0","","1715","2","1","0","0","0","0","0","2","0","1","1","0","0","3","03","","N","","","","","","","","","",""
"2020073861","1111","1","0","0","0","0","0","0","0","0","7","0","","67","9","2020","3","40.009302","-75.067035","1046","6","0","0","0","0","0","0","0","0","","0","0","0","10","1","1","N","0","0","40 00:33.486","","0","75 04:01.325","8","0","0","0","67301","0","0","0","N","0","0","0","1","68K01","0","","3.0","","1","N","N","N","0","","0","0","0","0","0","","1045","1","1","0","0","0","1","0","2","0","1","0","0","0","3","03","","N","","","","","","","","","",""
"2020074656","1602","1","0","0","0","0","0","0","0","0","1","0","","67","9","2020","3","39.945442","-75.208608","1600","6","0","0","0","0","0","0","1","0","","0","0","0","15","1","0","","1","0","39 56:43.591","","0","75 12:30.988","0","0","0","0","67301","0","0","0","N","0","0","0","2","67301","0","","1.0","","1","N","N","N","0","","0","0","1","3","2","","1557","2","0","0","0","0","0","0","2","0","2","0","0","0","3","","","N","","","","","","","","","",""
"2020066713","2214","1","0","0","0","0","0","0","0","0","1","0","","67","8","2020","3","39.973237","-75.212226","2214","6","0","0","0","0","0","1","0","0","","0","0","0","22","3","2","","1","1","39 58:23.653","4","0","75 12:44.012","3","0","0","0","67301","0","0","0","N","0","0","0","3","67301","0","","1.0","50.0","1","N","N","N","0","","2","0","1","3","2","N","2214","2","2","0","0","0","0","0","2","0","2","0","0","0","3","03","","N","","","","","","","","","",""
"2020080054","1635","3","0","0","0","0","0","0","0","0","4","0","","67","9","2020","4","39.914939","-75.237602","1635","6","0","0","0","1","0","0","0","0","","0","0","0","16","1","2","","1","0","39 54:53.780","","0","75 14:15.367","2","0","0","0","67301","0","0","0","N","0","0","0","5","67301","1","","1.0","","1","N","N","N","1","","0","1","1","3","2","","1630","5","2","0","0","0","0","0","2","0","5","0","0","0","3","03","","N","","","","","","","","","",""
"2020068242","1550","1","0","0","0","0","0","0","0","0","4","0","","67","8","2020","4","40.010861","-75.078333","1546","6","0","0","0","0","0","1","0","0","","0","0","0","14","1","0","","3","0","40 00:39.100","","0","75 04:42.000","0","0","0","1","67301","0","0","0","N","0","0","0","2","67301","0","","1.0","","1","N","N","N","0","","0","0","0","3","3","","1439","2","0","0","0","0","0","0","2","0","2","0","0","0","3","03","","N","","","","","","","","","",""
"2020067408","1849","0","0","0","0","0","0","0","0","0","5","0","","67","8","2020","3","40.011122","-75.1437","1841","6","0","0","0","0","0","0","0","0","","0","0","0","18","1","1","N","0","2","40 00:40.040","5","0","75 08:37.320","3","0","0","0","67301","0","0","0","N","0","0","0","1","67301","0","","6.0","2015.0","1","N","N","N","0","","1","0","4","0","0","Y","1836","4","1","1","0","0","0","0","2","0","4","0","0","0","3","03","","N","","","","","","","","","",""
"2020075125","1948","1","0","0","0","0","0","0","0","0","4","0","","67","9","2020","6","39.968117","-75.160105","1945","6","0","0","0","0","0","1","0","0","","0","0","0","19","2","1","","2","0","39 58:05.221","","0","75 09:36.378","3","0","0","0","67301","0","0","0","N","0","0","0","2","67301","0","","1.0","","1","N","N","N","0","","1","0","0","0","0","","1940","2","1","0","0","0","0","0","2","1","2","0","0","0","3","03","","N","","","","","","","","","",""
"2020070132","1030","1","0","0","0","0","0","0","0","0","4","0","","67","8","2020","6","40.060036","-75.085294","1030","6","0","0","0","0","0","1","0","0","","0","0","0","10","1","1","","2","0","40 03:36.130","","0","75 05:07.057","8","0","0","0","67301","0","0","0","N","0","0","0","3","67301","0","","1.0","","1","N","N","N","0","","0","0","0","3","3","","1030","2","1","0","0","0","1","0","2","1","2","0","0","0","3","","","N","","","","","","","","","",""
"2020074324","1507","0","0","0","0","0","0","0","0","0","6","0","","67","9","2020","6","39.957511","-75.217339","1455","6","0","0","0","0","0","1","0","0","","0","0","0","14","1","1","","1","0","39 57:27.041","","0","75 13:02.421","4","0","0","0","67301","0","0","0","N","0","0","0","3","67508","1","","1.0","","1","N","N","Y","1","","0","0","0","3","2","","1455","2","1","0","0","0","0","0","2","1","2","0","0","0","3","03","","N","","","","","","","","","",""
"2020073483","0850","2","0","0","0","0","0","0","0","0","4","0","","67","9","2020","1","40.022332","-75.130669","0848","6","0","0","0","0","0","0","1","0","","0","0","0","08","1","2","","1","2","40 01:20.395","6","0","75 07:50.408","3","0","0","0","67301","0","0","0","N","0","0","0","3","67301","0","","1.0","1030.0","1","N","N","N","0","","2","0","1","3","3","N","0848","3","2","0","0","0","0","1","2","0","3","0","0","0","3","","","N","","","","","","","","","",""
"2020073158","1301","1","0","0","0","0","0","0","0","0","5","0","","67","9","2020","2","39.944236","-75.238614","1301","6","0","0","0","0","0","0","0","0","","0","0","0","13","1","0","N","0","0","39 56:39.250","","0","75 14:19.010","9","0","0","0","67301","0","0","0","N","0","0","0","1","67301","0","","6.0","","1","N","N","N","0","","0","0","1","0","0","","1300","3","0","0","0","0","0","1","2","1","3","0","0","0","3","03","","N","","","","","","","","","",""
"2020069459","0410","2","0","0","0","0","0","0","0","0","5","0","","67","8","2020","4","40.044375","-75.10515","0405","6","0","0","0","0","0","0","0","0","","0","0","0","04","3","0","N","0","0","40 02:39.750","","0","75 06:18.540","0","0","0","0","67301","0","0","0","N","0","0","0","1","67301","0","","6.0","","1","Y","Y","N","0","","0","0","0","0","0","","0404","2","0","1","0","0","0","0","2","0","2","0","0","0","3","","","N","","","","","","","","","",""
"2020073902","1558","0","0","0","0","0","0","0","0","0","5","0","","67","9","2020","4","40.025774","-75.181813","1551","6","0","0","0","0","0","0","0","0","","0","0","0","15","1","1","N","0","2","40 01:32.785","5","0","75 10:54.527","3","0","0","0","67301","0","0","0","N","0","0","0","4","67301","0","","6.0","1517.0","1","N","N","N","0","","1","0","2","0","0","Y","1545","2","1","0","0","0","0","0","2","0","2","0","0","0","3","03","","N","","","","","","","","","",""
"2020075844","2313","1","0","0","0","0","0","0","0","0","8","0","","67","9","2020","1","40.023766","-75.116819","2306","6","0","0","0","0","0","0","0","0","","0","0","0","23","3","2","","2","0","40 01:25.557","","0","75 07:00.548","8","0","0","0","67301","2","0","0","N","2","0","0","3","67301","0","","1.0","","1","N","N","N","0","","0","0","1","0","0","","2303","4","2","0","0","0","2","1","2","0","2","2","0","0","3","03","","N","","","","","","","","","",""
"2020065860","1115","1","0","0","0","0","0","0","0","0","4","0","","67","8","2020","6","39.979643","-75.246388","1111","6","0","0","0","0","0","0","1","0","","0","0","0","10","1","2","","2","0","39 58:46.715","","0","75 14:46.998","2","0","1","1","67301","0","0","0","N","0","0","0","2","67301","0","","1.0","","1","N","N","N","0","","1","1","1","0","0","","1023","3","2","0","0","0","0","0","2","0","3","0","0","0","3","03","","N","","","","","","","","","",""
"2020074453","0752","3","0","0","0","0","0","0","0","0","5","0","","67","9","2020","6","40.024975","-75.173303","0751","6","0","0","0","0","0","0","0","0","","0","0","0","07","1","0","N","0","0","40 01:29.910","","0","75 10:23.890","9","0","0","0","67301","0","0","0","N","0","0","0","1","67301","0","","6.0","","1","N","N","N","0","","0","0","0","0","0","","0710","4","0","0","0","0","0","1","2","1","4","0","0","0","3","","","N","","","","","","","","","",""
"2020080525","0354","2","0","0","0","0","0","0","0","0","5","0","","67","9","2020","1","40.045042","-75.053674","0352","6","0","0","0","0","0","1","0","0","","0","0","0","03","3","0","N","0","0","40 02:42.150","","0","75 03:13.225","0","0","0","0","67301","0","0","0","N","0","0","0","2","67301","0","","1.0","","9","N","N","N","0","","0","0","0","0","0","","0350","2","0","0","0","0","0","0","2","0","2","0","0","0","98","98","","N","","","","","","","","","",""
"2020074655","1247","1","0","0","0","0","0","0","0","0","1","0","","67","9","2020","4","40.028566","-75.057648","1246","6","0","0","0","0","0","1","0","0","","0","0","0","12","1","1","N","0","2","40 01:42.837","1","7","75 03:27.533","2","0","0","0","67301","0","0","0","N","0","0","0","5","67301","0","","1.0","1300.0","1","N","N","N","0","","0","1","3","0","0","Y","1235","4","1","0","0","0","0","0","2","0","4","0","0","0","3","03","","N","","","","","","","","","",""
"2020077045","1940","3","0","0","0","0","0","0","0","0","6","0","","67","9","2020","1","39.941778","-75.214083","1930","6","0","0","0","0","0","0","0","0","","0","0","0","19","1","2","N","0","0","39 56:30.400","","0","75 12:50.700","4","0","0","0","67301","0","0","0","N","0","0","0","2","67301","2","","6.0","","1","N","N","N","0","","0","0","1","0","0","","1920","4","2","2","0","0","0","0","2","0","4","0","0","0","3","03","","N","","","","","","","","","",""
"2020092375","2301","1","0","0","0","0","0","0","0","0","1","0","","67","10","2020","5","40.03789","-75.139488","2301","6","0","0","0","0","0","0","0","0","","0","0","0","22","3","0","N","0","0","40 02:16.405","","0","75 08:22.158","9","0","0","0","67301","0","0","0","N","0","0","0","1","67301","0","","4.0","","9","N","N","N","1","","0","0","0","3","2","","2250","2","0","0","0","0","0","1","2","0","2","0","0","0","7","04","","N","","","","","","","","","",""
"2020075481","2110","1","0","0","0","0","0","0","0","0","4","0","","67","9","2020","3","39.957511","-75.217339","2105","6","0","0","0","0","0","0","0","0","","0","0","0","21","3","3","","1","0","39 57:27.041","","0","75 13:02.421","2","0","0","0","67301","0","0","0","N","0","0","0","3","67301","0","","1.0","","1","N","N","N","0","","0","3","0","3","2","","2104","2","3","0","0","0","0","0","2","1","2","0","0","0","3","03","","N","","","","","","","","","",""
"2020086197","1900","0","0","0","0","0","0","0","0","0","4","0","","67","10","2020","3","39.930736","-75.173265","1858","6","0","0","0","0","0","0","1","0","","0","0","0","18","3","1","N","0","2","39 55:50.649","2","0","75 10:23.753","8","0","0","0","67301","0","0","0","N","0","0","0","1","67301","0","","1.0","1945.0","1","N","N","N","1","","0","0","1","0","0","Y","1855","2","1","0","0","0","1","0","2","0","2","0","0","0","3","03","","N","","","","","","","","","",""
"2020021605","2059","0","0","0","0","0","0","0","0","0","5","0","","67","2","2020","7","40.059888","-75.166065","2059","6","0","0","0","0","0","0","0","0","","0","0","0","20","3","0","N","0","0","40 03:35.595","","0","75 09:57.835","0","0","0","0","67301","0","0","0","N","0","0","0","4","67301","0","","6.0","","1","N","N","N","0","","0","0","3","0","0","","2059","3","0","0","0","0","0","0","2","0","3","0","0","0","3","03","","N","","","","","","","","","",""
"2020064531","2300","1","0","0","0","0","0","0","0","0","8","0","","67","8","2020","2","39.97186","-75.244901","2300","6","0","0","0","0","0","0","0","0","","0","0","0","21","3","1","","1","0","39 58:18.695","","0","75 14:41.643","8","0","0","0","67301","1","0","0","N","1","0","0","2","67301","0","","1.0","","1","N","N","N","0","","0","0","0","3","2","","2155","2","1","0","0","0","1","0","2","0","1","1","0","0","3","03","","N","","","","","","","","","",""
"2020070930","1837","1","0","0","0","0","0","0","0","0","4","0","","67","8","2020","2","40.034364","-75.160428","1834","6","0","0","0","0","0","1","0","0","","0","0","0","18","3","1","","1","0","40 02:03.710","","0","75 09:37.540","3","0","0","0","67301","0","0","0","N","0","0","0","4","67301","0","","1.0","","1","N","N","N","0","","1","0","1","3","3","","1833","2","1","0","0","0","0","0","2","0","2","0","0","0","3","03","","N","","","","","","","","","",""
"2020074614","0200","2","0","0","0","0","0","0","0","0","6","0","","67","9","2020","6","39.998108","-75.138656","0200","6","1","0","0","0","0","0","0","0","","0","0","0","02","3","0","N","0","0","39 59:53.190","","0","75 08:19.160","0","0","0","0","67301","0","0","0","N","0","0","0","1","67301","0","","6.0","","9","N","N","N","0","","0","0","1","0","0","","0200","3","0","0","0","0","0","0","2","0","3","0","0","0","4","","","N","","","","","","","","","",""
"2020082027","1604","1","0","0","0","0","0","0","0","0","4","0","","67","9","2020","4","40.029192","-75.076069","1556","6","0","0","0","0","0","0","0","0","","0","0","0","15","1","0","N","0","0","40 01:45.090","","0","75 04:33.850","0","0","0","0","67301","0","0","0","N","0","0","0","1","67301","0","","1.0","","1","N","N","N","0","","0","0","1","0","0","","1530","2","0","1","0","0","0","0","2","0","2","0","0","0","3","03","","N","","","","","","","","","",""
"2020070144","1610","1","0","0","0","0","0","0","0","0","7","0","","67","8","2020","4","40.025974","-75.041765","1606","6","0","0","0","0","0","0","0","0","","0","0","0","16","1","0","","1","0","40 01:33.506","","0","75 02:30.353","0","0","0","0","67301","0","0","0","N","0","0","0","1","67301","0","","4.0","","1","N","N","N","0","","0","0","1","3","3","","1600","2","0","0","0","0","0","0","2","0","2","0","0","0","3","03","","N","","","","","","","","","",""
"2020076529","1700","1","0","0","0","0","0","0","0","0","4","0","","67","9","2020","4","39.920686","-75.141094","1700","6","0","0","0","0","0","0","1","0","","0","0","0","16","1","1","","1","0","39 55:14.471","","0","75 08:27.940","4","0","0","0","67301","0","0","0","N","0","0","0","2","67301","1","","1.0","","1","N","N","N","0","","0","0","1","3","2","","1645","2","1","0","0","0","0","0","2","0","2","0","0","0","3","03","","N","","","","","","","","","",""
"2020070649","1417","1","0","0","0","0","0","0","0","0","4","0","","67","8","2020","1","39.978108","-75.164578","1415","6","0","0","0","0","0","0","0","0","","0","0","0","14","1","0","","1","0","39 58:41.188","","0","75 09:52.480","9","0","0","0","67301","0","0","0","N","0","0","0","2","67505","0","","1.0","","1","N","N","N","0","","0","0","0","3","2","","1410","2","0","0","0","0","0","1","2","1","2","0","0","0","3","03","","N","","","","","","","","","",""
"2020070935","1730","0","0","0","0","0","0","0","0","0","1","0","","67","8","2020","6","39.993115","-75.110398","1726","6","0","0","0","0","0","0","0","0","","0","0","0","17","1","2","N","0","0","39 59:35.215","","0","75 06:37.434","8","0","0","0","67301","0","0","0","N","0","0","0","4","67301","0","","1.0","","9","N","N","N","0","","0","0","2","0","0","","1724","2","2","0","0","0","2","0","2","0","2","0","0","0","7","07","","N","","","","","","","","","",""
"2020069823","2100","1","0","0","0","0","0","0","0","0","4","0","","67","8","2020","5","40.018438","-75.149133","2100","6","0","0","0","0","0","1","0","0","","0","0","0","21","3","0","","1","0","40 01:06.376","","0","75 08:56.880","0","0","0","0","67301","0","0","0","N","0","0","0","3","67301","0","","1.0","","1","N","N","N","0","","0","0","1","3","2","","2100","3","0","2","0","0","0","0","2","1","3","0","0","0","3","03","","N","","","","","","","","","",""
"2020072322","1758","1","0","0","0","0","0","0","0","0","4","0","","67","9","2020","5","39.994553","-75.159382","1753","6","0","0","0","0","0","0","0","0","","0","0","0","17","1","1","","1","2","39 59:40.391","3","0","75 09:33.775","8","0","0","0","67301","0","0","0","N","0","0","0","4","67301","0","","1.0","1859.0","9","N","N","Y","0","","0","0","0","3","2","Y","1752","2","1","0","0","0","1","1","2","1","2","0","0","0","7","07","","N","","","","","","","","","",""
"2020076532","0020","0","0","0","0","0","0","0","0","0","4","0","","67","9","2020","7","39.99835","-75.115123","0016","6","0","0","0","0","0","0","0","0","","0","0","0","21","3","0","","1","0","39 59:54.059","","0","75 06:54.442","0","0","0","0","67301","0","0","0","N","0","0","0","3","67301","0","","1.0","","1","N","N","N","0","","0","0","5","3","2","","2135","5","0","0","0","0","0","0","2","0","5","0","0","0","3","03","","N","","","","","","","","","",""
"2020074743","1936","1","0","0","0","0","0","0","0","0","4","0","","67","9","2020","2","40.001803","-75.117886","1935","6","0","0","0","0","0","0","1","0","","0","0","0","19","3","1","","2","0","40 00:06.490","","0","75 07:04.389","8","0","0","1","67301","0","0","0","N","0","0","0","2","67301","0","","1.0","","99","N","N","N","0","","0","0","0","0","0","","1928","2","1","0","0","0","1","1","2","0","2","0","0","0","3","","","N","","","","","","","","","",""
"2020078243","0151","1","0","0","0","0","0","0","0","0","7","0","","67","9","2020","2","39.956976","-75.155093","0141","6","0","0","0","0","0","0","0","0","","0","0","0","01","3","0","N","0","0","39 57:25.114","","0","75 09:18.334","9","0","0","0","67301","0","0","0","N","0","0","0","1","68K01","0","","3.0","","1","N","N","N","0","","0","0","0","0","0","","0139","1","0","0","0","0","0","1","2","0","1","0","0","0","3","03","","N","","","","","","","","","",""
"2020072101","2125","2","0","0","0","0","0","0","0","0","4","0","","67","9","2020","4","40.004551","-75.132065","2120","6","0","0","1","0","0","0","0","0","","0","0","0","21","3","2","","1","0","40 00:16.383","","0","75 07:55.433","4","0","0","0","67301","0","0","0","N","0","0","0","2","67301","2","","1.0","","9","N","N","N","0","","0","0","0","3","2","","2102","2","2","0","0","0","0","0","2","0","2","0","0","0","3","03","","N","","","","","","","","","",""
"2020072123","1723","2","0","0","0","0","0","0","0","0","4","0","","67","9","2020","5","40.040768","-75.146335","1723","6","0","0","0","0","0","0","1","0","","0","0","0","16","1","1","","1","0","40 02:26.763","","0","75 08:46.806","3","0","0","0","67301","0","0","0","N","0","0","0","3","67301","0","","1.0","","1","N","N","N","0","","1","0","0","3","3","","1620","2","1","0","0","0","0","2","2","0","2","0","0","0","3","03","","N","","","","","","","","","",""
"2020072405","0644","1","0","0","0","0","0","0","0","0","1","0","","67","9","2020","7","39.910389","-75.151111","0644","6","0","0","0","0","0","0","0","0","","0","0","0","06","1","0","Y","0","1","39 54:37.400","3","2","75 09:04.000","0","0","0","0","67301","0","0","0","N","0","0","0","3","67501","0","","1.0","650.0","1","N","N","N","0","","0","0","1","3","2","N","0644","2","0","0","0","0","0","0","2","0","2","0","0","0","3","","","N","","","","","","","","","",""
"2020074224","0752","1","0","0","0","0","0","0","0","0","4","0","","67","9","2020","2","39.938167","-75.216389","0751","6","0","0","1","0","0","0","0","0","","0","0","0","07","3","1","N","0","0","39 56:17.400","","7","75 12:59.000","4","0","0","1","67301","0","0","0","N","0","0","0","2","67301","1","","1.0","","1","N","N","N","0","","0","0","0","0","0","","0739","2","1","0","0","0","0","0","2","0","2","0","0","0","3","03","","N","","","","","","","","","",""
"2020070150","1805","3","0","0","0","0","0","0","0","0","4","0","","67","8","2020","6","39.984286","-75.161622","1800","6","0","0","0","1","0","0","0","0","","0","0","0","17","1","0","","1","0","39 59:03.429","","0","75 09:41.838","9","0","0","0","67301","0","0","0","N","0","0","0","2","67301","0","","1.0","","9","N","N","N","0","","0","0","0","3","3","","1757","3","0","0","0","0","0","2","2","0","3","0","0","0","7","04","","N","","","","","","","","","",""
"2020073048","1613","0","0","0","0","0","0","0","0","0","8","0","","67","9","2020","6","40.032506","-75.106218","1547","6","0","0","0","0","0","0","0","0","","0","0","0","15","1","2","N","0","0","40 01:57.021","","0","75 06:22.384","8","0","0","0","67301","2","0","0","N","2","0","0","3","67301","0","","1.0","","1","N","N","N","1","","0","0","0","0","0","","1545","3","2","0","0","0","2","0","2","0","1","2","0","0","3","03","","N","","","","","","","","","",""
"2020075908","1655","2","0","0","0","0","0","0","0","0","4","0","","67","9","2020","2","40.004551","-75.132065","1654","6","0","0","0","0","1","0","0","0","","0","0","0","15","1","1","","1","0","40 00:16.383","","0","75 07:55.433","3","0","0","0","67301","0","0","0","N","0","0","0","3","67301","0","","1.0","","1","N","N","N","0","","1","0","0","3","2","","1556","2","1","0","0","0","0","0","2","0","2","0","0","0","3","03","","N","","","","","","","","","",""
"2020069518","1641","2","0","0","0","0","0","0","0","0","4","0","","67","8","2020","4","40.053802","-75.160903","1640","6","0","0","0","0","0","0","1","0","","0","0","0","16","1","1","","2","0","40 03:13.687","","0","75 09:39.250","3","0","0","0","67301","0","0","0","N","0","0","0","3","67301","0","","1.0","","1","N","N","N","0","","1","0","1","3","3","","1639","3","1","0","0","0","0","0","2","0","3","0","0","0","3","03","","N","","","","","","","","","",""
"2020079879","0820","0","0","0","0","0","0","0","0","0","7","0","","67","9","2020","5","40.063417","-75.200444","0820","6","0","0","0","0","0","0","0","0","","0","0","0","08","1","0","N","0","0","40 03:48.300","","0","75 12:01.600","0","0","0","0","67301","0","0","0","N","0","0","0","1","67301","0","","4.0","","9","N","N","N","0","","0","0","1","0","0","","0805","1","0","0","0","0","0","0","2","0","1","0","0","0","7","","","N","","","","","","","","","",""
"2020073548","1432","1","0","0","0","0","0","0","0","0","4","0","","67","9","2020","7","40.016949","-75.151509","1430","6","0","0","0","0","0","0","0","0","","0","0","0","14","1","1","","1","0","40 01:01.017","","0","75 09:05.433","3","0","0","0","67301","0","0","0","N","0","0","0","2","67301","0","","1.0","","1","N","N","N","0","","1","0","1","3","2","","1420","2","1","0","0","0","0","0","2","0","2","0","0","0","3","","","N","","","","","","","","","",""
"2020077985","1812","1","0","0","0","0","0","0","0","0","5","0","","67","9","2020","2","39.983272","-75.098056","1802","6","0","0","0","0","1","0","0","0","","0","0","0","18","1","1","N","0","2","39 58:59.780","1","0","75 05:53.003","2","0","1","1","67301","0","0","0","N","0","0","0","2","68K01","0","","1.0","20.0","1","N","N","N","0","","0","1","0","0","0","N","1800","2","1","0","0","0","0","0","2","0","2","0","0","0","3","","","N","","","","","","","","","",""
"2020071977","1355","1","0","0","0","0","0","0","0","0","7","0","","67","9","2020","4","40.05843","-75.149239","1354","6","0","0","0","0","0","0","0","0","","0","0","0","13","1","0","","5","0","40 03:30.348","","0","75 08:57.260","9","0","0","0","67301","1","0","0","N","1","0","0","2","67301","0","","5.0","","1","N","N","N","0","","0","0","0","3","2","","1350","2","0","0","0","0","0","1","2","0","1","1","0","0","3","03","","N","","","","","","","","","",""
"2020070423","1445","0","0","0","0","0","0","0","0","0","0","0","","67","8","2020","7","39.92749","-75.195631","1435","6","0","0","0","0","0","0","0","0","","0","0","0","14","1","1","N","0","1","39 55:38.965","3","0","75 11:44.271","8","0","0","1","67301","0","0","0","N","0","0","0","1","68K01","0","","1.0","30.0","9","N","N","N","0","","0","0","0","0","0","N","1427","1","1","0","0","0","1","0","2","0","1","0","0","0","7","","","N","","","","","","","","","",""
"2020071967","0825","2","0","0","0","0","0","0","0","0","4","0","","67","9","2020","4","40.029833","-75.087659","0820","6","0","0","0","0","0","1","0","0","","0","0","0","08","1","5","","1","1","40 01:47.398","1","0","75 05:15.572","8","0","0","0","67301","0","0","0","N","0","0","0","6","67301","0","","1.0","1230.0","1","N","N","N","0","","0","0","1","3","2","Y","0808","3","5","0","0","0","5","0","2","0","3","0","0","0","4","04","","N","","","","","","","","","",""
"2020086547","2240","1","0","0","0","0","0","0","0","0","4","0","","67","10","2020","5","39.968592","-75.243453","2237","6","0","0","0","0","0","0","0","0","","0","0","0","22","3","2","","1","0","39 58:06.931","","0","75 14:36.430","3","0","0","0","67301","0","0","0","N","0","0","0","2","67301","0","","1.0","","1","N","N","N","1","","1","0","0","3","3","","2236","2","2","0","0","0","1","0","2","0","2","0","0","0","3","03","","N","","","","","","","","","",""