"CRN","ARRIVAL_TM","AUTOMOBILE_COUNT","BELTED_DEATH_COUNT","BELTED_SUSP_SERIOUS_INJ_COUNT","BICYCLE_COUNT","BICYCLE_DEATH_COUNT","BICYCLE_SUSP_SERIOUS_INJ_COUNT","BUS_COUNT","CHLDPAS_DEATH_COUNT","CHLDPAS_SUSP_SERIOUS_INJ_COUNT","COLLISION_TYPE","COMM_VEH_COUNT","CONS_ZONE_SPD_LIM","COUNTY","CRASH_MONTH","CRASH_YEAR","DAY_OF_WEEK","DEC_LATITUDE","DEC_LONGITUDE","DISPATCH_TM","DISTRICT","DRIVER_COUNT_16YR","DRIVER_COUNT_17YR","DRIVER_COUNT_18YR","DRIVER_COUNT_19YR","DRIVER_COUNT_20YR","DRIVER_COUNT_50_64YR","DRIVER_COUNT_65_74YR","DRIVER_COUNT_75PLUS","EST_HRS_CLOSED","FATAL_COUNT","HEAVY_TRUCK_COUNT","HORSE_BUGGY_COUNT","HOUR_OF_DAY","ILLUMINATION","INJURY_COUNT","INTERSECTION_RELATED","INTERSECT_TYPE","LANE_CLOSED","LATITUDE","LN_CLOSE_DIR","LOCATION_TYPE","LONGITUDE","MAX_SEVERITY_LEVEL","MCYCLE_DEATH_COUNT","MCYCLE_SUSP_SERIOUS_INJ_COUNT","MOTORCYCLE_COUNT","MUNICIPALITY","NONMOTR_COUNT","NONMOTR_DEATH_COUNT","NONMOTR_SUSP_SERIOUS_INJ_COUNT","NTFY_HIWY_MAINT","PED_COUNT","PED_DEATH_COUNT","PED_SUSP_SERIOUS_INJ_COUNT","PERSON_COUNT","POLICE_AGCY","POSSIBLE_INJ_COUNT","RDWY_SURF_TYPE_CD","RELATION_TO_ROAD","ROADWAY_CLEARED","ROAD_CONDITION","SCH_BUS_IND","SCH_ZONE_IND","SECONDARY_CRASH","SMALL_TRUCK_COUNT","SPEC_JURIS_CD","SUSP_MINOR_INJ_COUNT","SUSP_SERIOUS_INJ_COUNT","SUV_COUNT","TCD_FUNC_CD","TCD_TYPE","TFC_DETOUR_IND","TIME_OF_DAY","TOTAL_UNITS","TOT_INJ_COUNT","UNBELTED_OCC_COUNT","UNB_DEATH_COUNT","UNB_SUSP_SERIOUS_INJ_COUNT","UNK_INJ_DEG_COUNT","UNK_INJ_PER_COUNT","URBAN_RURAL","VAN_COUNT","VEHICLE_COUNT","VULNERABLE_ROAD_USER_COUNT","VULNERABLE_ROAD_USER_DEATH_COUNT","VULNERABLE_ROAD_USER_SER_INJ_COUNT","WEATHER1","WEATHER2","WORKERS_PRES","WORK_ZONE_IND","WORK_ZONE_LOC","WORK_ZONE_TYPE","WZ_CLOSE_DETOUR","WZ_FLAGGER","WZ_LAW_OFFCR_IND","WZ_LN_CLOSURE","WZ_MOVING","WZ_OTHER","WZ_SHLDER_MDN","WZ_WORKERS_INJ_KILLED"
"2020065124","1147","1","0","0","0","0","0","0","0","0","6","0","","67","8","2020","4","39.964824","-75.22417","1146","6","0","0","0","0","0","1","0","0","","0","0","0","11","1","0","N","0","0","39 57:53.365","","0","75 13:27.011","9","0","0","0","67301","0","0","0","N","0","0","0","2","67301","0","","6.0","","1","N","N","N","0","","0","0","0","0","0","","1145","2","0","1","0","0","0","1","2","1","2","0","0","0","3","03","","N","","","","","","","","","",""
"2020071076","2355","3","0","0","0","0","0","0","0","0","5","0","","67","8","2020","1","40.036878","-75.128494","2353","6","0","0","0","0","0","0","0","0","","0","0","0","23","3","0","N","0","2","40 02:12.760","2","0","75 07:42.580","0","0","0","0","67301","0","0","0","N","0","0","0","1","67301","0","","6.0","106.0","1","N","N","N","0","","0","0","1","0","0","Y","2346","5","0","0","0","0","0","0","2","1","5","0","0","0","3","03","","N","","","","","","","","","",""
"2020074225","1717","2","0","0","0","0","0","0","0","0","4","0","","67","9","2020","4","39.987686","-75.216232","1717","6","0","0","0","0","0","0","0","0","","0","0","0","17","1","0","","3","1","39 59:15.669","1","0","75 12:58.434","0","0","0","0","67301","0","0","0","N","0","0","0","3","67301","0","","1.0","1900.0","1","N","N","N","0","","0","0","1","3","2","Y","1700","3","0","0","0","0","0","0","2","0","3","0","0","0","3","03","","N","","","","","","","","","",""
"2020069726","2103","1","0","0","0","0","0","0","0","0","5","0","","67","8","2020","5","40.002389","-75.148667","2102","6","0","0","0","0","0","0","0","0","","0","0","0","99","3","0","N","0","0","40 00:08.600","","0","75 08:55.200","0","0","0","0","67301","0","0","0","N","0","0","0","1","67505","0","","6.0","","1","N","N","N","0","","0","0","0","0","0","","9999","2","0","0","0","0","0","0","2","0","2","0","0","0","3","03","","N","","","","","","","","","",""
"2020074096","1140","4","0","0","0","0","0","0","0","0","5","0","","67","9","2020","3","40.027453","-75.165567","1140","6","0","0","0","0","0","0","0","0","","0","0","0","11","1","0","N","0","0","40 01:38.830","","0","75 09:56.040","0","0","0","0","67301","0","0","0","N","0","0","0","1","67301","0","","6.0","","1","N","N","N","1","","0","0","1","0","0","","1140","6","0","1","0","0","0","0","2","0","6","0","0","0","3","","","N","","","","","","","","","",""
"2020074449","0500","3","0","0","0","0","0","0","0","0","5","0","","67","9","2020","1","40.014044","-75.191689","0454","6","0","0","0","0","0","0","0","0","","0","0","0","04","3","0","N","0","0","40 00:50.560","","0","75 11:30.080","9","0","0","0","67301","0","0","0","N","0","0","0","1","67301","0","","6.0","","1","N","N","N","0","","0","0","0","0","0","","0445","4","0","0","0","0","0","1","2","1","4","0","0","0","3","03","","N","","","","","","","","","",""
"2020076645","1253","2","0","0","0","0","0","0","0","0","4","0","","67","9","2020","6","39.996842","-75.116434","1253","6","0","0","0","1","0","0","0","0","","0","0","0","12","1","1","","2","0","39 59:48.632","","0","75 06:59.164","3","0","0","0","67301","0","0","0","N","0","0","0","2","67301","0","","1.0","","1","N","N","N","0","","1","0","0","3","3","","1252","2","1","0","0","0","0","0","2","0","2","0","0","0","3","03","","N","","","","","","","","","",""
"2020074093","1700","0","0","0","0","0","0","0","0","0","1","0","","67","9","2020","4","40.013587","-75.068535","1653","6","0","0","0","0","0","0","0","0","","0","0","0","16","1","1","","5","0","40 00:48.913","","0","75 04:06.725","4","0","0","0","67301","0","0","0","N","0","0","0","2","67301","1","","1.0","","1","N","N","N","0","","0","0","1","3","2","","1645","2","1","0","0","0","0","0","2","1","2","0","0","0","3","","","N","","","","","","","","","",""
"2020083336","2035","1","0","0","0","0","0","0","0","0","4","0","","67","10","2020","3","39.926643","-75.235595","2029","6","0","0","0","0","0","1","0","0","","0","0","0","20","3","0","","1","0","39 55:35.914","","0","75 14:08.141","0","0","0","0","67301","0","0","0","N","0","0","0","2","67301","0","","1.0","","1","N","N","N","1","","0","0","0","3","2","","2016","2","0","0","0","0","0","0","2","0","2","0","0","0","3","","","N","","","","","","","","","",""
"2020064766","1427","1","0","0","0","0","0","0","0","0","4","0","","67","8","2020","4","40.046807","-75.137538","1423","6","0","0","0","0","0","0","0","0","","0","0","0","13","1","2","","1","0","40 02:48.506","","0","75 08:15.137","8","0","0","0","67301","0","0","0","N","0","0","0","5","67301","0","","1.0","","9","N","N","N","0","","0","0","0","3","2","","1317","2","2","0","0","0","2","0","2","1","2","0","0","0","7","07","","N","","","","","","","","","",""
"2020071357","0345","2","0","0","0","0","0","0","0","0","2","0","","67","8","2020","1","40.062531","-75.182547","0335","6","0","0","0","0","0","0","0","0","","0","0","0","03","3","0","N","0","0","40 03:45.110","","0","75 10:57.170","0","0","0","0","67301","0","0","0","N","0","0","0","1","67301","0","","6.0","","1","N","N","N","0","","0","0","1","0","0","","0330","3","0","0","0","0","0","0","2","0","3","0","0","0","3","03","","N","","","","","","","","","",""
"2020063437","1007","1","0","0","0","0","0","0","0","0","7","0","","67","8","2020","7","40.020398","-75.140103","1007","6","0","0","0","0","0","0","0","0","","0","0","0","10","1","0","","1","0","40 01:13.432","","0","75 08:24.370","9","0","0","0","67301","0","0","0","N","0","0","0","1","67301","0","","4.0","","1","N","N","N","0","","0","0","0","3","3","","1007","1","0","0","0","0","0","1","2","0","1","0","0","0","4","04","","N","","","","","","","","","",""
"2020048594","1455","2","0","0","0","0","0","0","0","0","2","0","","67","6","2020","1","40.056215","-75.149475","1450","6","0","0","0","0","0","1","0","0","","0","0","0","14","1","1","","1","0","40 03:22.373","","0","75 08:58.110","8","0","0","0","67301","0","0","0","N","0","0","0","1","67301","0","","2.0","","1","N","N","N","0","","0","0","0","9","2","","1430","2","1","0","0","0","1","0","2","0","2","0","0","0","3","03","","N","","","","","","","","","",""
"2020070928","1655","0","0","0","0","0","0","0","0","0","8","0","","67","8","2020","1","40.053245","-75.157694","1646","6","0","0","0","0","0","0","1","0","","0","0","0","16","1","1","","1","0","40 03:11.682","","0","75 09:27.698","3","0","0","0","67301","1","0","0","N","1","0","0","2","67301","0","","1.0","","1","N","N","N","1","","1","0","0","3","3","","1610","2","1","1","0","0","0","0","2","0","1","1","0","0","3","","","N","","","","","","","","","",""
"2020074742","1938","2","0","0","0","0","0","0","0","0","4","0","","67","9","2020","1","40.026261","-75.117167","1933","6","0","1","0","0","1","0","0","0","","0","0","0","19","2","1","","1","0","40 01:34.539","","0","75 07:01.801","3","0","0","0","67301","0","0","0","N","0","0","0","3","67301","0","","1.0","","1","N","N","N","0","","1","0","0","3","2","","1920","3","1","0","0","0","0","0","2","0","3","0","0","0","3","03","","N","","","","","","","","","",""
"2020083567","1010","2","0","0","0","0","0","0","0","0","1","0","","67","10","2020","2","39.997033","-75.165842","1009","6","0","0","0","0","0","0","0","0","","0","0","0","10","1","1","N","0","0","39 59:49.320","","0","75 09:57.030","3","0","0","0","67301","1","0","0","N","1","0","0","3","67301","0","","1.0","","1","N","N","N","0","","1","0","0","0","0","","1000","3","1","2","0","0","0","0","2","0","2","1","0","0","3","03","","N","","","","","","","","","",""
"2020077986","2142","0","0","0","0","0","0","0","0","0","5","0","","67","9","2020","2","39.99381","-75.199204","2127","6","0","0","0","0","0","1","0","0","","0","0","0","21","3","0","N","0","2","39 59:37.715","4","0","75 11:57.136","0","0","0","0","67301","0","0","0","N","0","0","0","7","68K01","0","","1.0","30.0","1","N","N","N","0","","0","0","1","0","0","N","2126","2","0","0","0","0","0","0","2","1","2","0","0","0","3","","","N","","","","","","","","","",""
"2020077910","1534","1","0","0","0","0","0","0","0","0","4","0","","67","9","2020","5","39.924565","-75.233127","1534","6","0","0","0","0","0","0","0","1","","0","0","0","14","1","1","","1","0","39 55:28.434","","0","75 13:59.258","3","0","0","0","67301","0","0","0","N","0","0","0","2","67301","0","","1.0","","1","N","N","N","0","","1","0","1","3","2","","1459","2","1","0","0","0","0","0","2","0","2","0","0","0","3","03","","N","","","","","","","","","",""
"2020074654","1701","2","0","0","0","0","0","0","0","0","4","0","","67","9","2020","6","40.033088","-75.181222","1700","6","0","0","0","0","2","1","0","0","","0","0","0","17","1","5","","1","2","40 01:59.118","1","0","75 10:52.400","3","0","0","0","67301","0","0","0","N","0","0","0","5","67301","4","","1.0","1830.0","1","N","N","N","1","","1","0","0","3","2","Y","1700","3","5","2","0","0","0","0","2","0","3","0","0","0","3","03","","N","","","","","","","","","",""
"2020076646","1000","1","0","0","0","0","0","0","0","0","4","0","","67","9","2020","1","39.988769","-75.12018","0950","6","0","0","1","0","0","0","0","0","","0","0","0","09","1","1","","1","0","39 59:19.569","","0","75 07:12.649","2","0","0","0","67301","0","0","0","N","0","0","0","2","67301","0","","1.0","","1","N","N","N","0","","0","1","0","2","2","","0920","2","1","0","0","0","0","1","2","0","2","0","0","0","3","","","N","","","","","","","","","",""
"2020082029","2002","2","0","0","0","0","0","0","0","0","4","0","","67","9","2020","4","40.025694","-75.055413","1958","6","0","0","0","0","0","0","0","0","","0","0","0","19","3","0","","1","0","40 01:32.498","","0","75 03:19.485","0","0","0","0","67301","0","0","0","N","0","0","0","2","67301","0","","1.0","","1","N","N","Y","0","","0","0","2","3","2","","1955","4","0","0","0","0","0","0","2","0","4","0","0","0","3","03","","N","","","","","","","","","",""
"2020075032","1646","1","0","0","0","0","0","0","0","0","4","0","","67","9","2020","7","40.014484","-75.081721","1637","6","0","0","0","0","0","0","0","0","","0","0","0","16","1","1","","2","0","40 00:52.144","","0","75 04:54.195","8","0","0","1","67301","0","0","0","N","0","0","0","2","67301","0","","1.0","","1","N","N","N","0","","0","0","0","0","0","","1631","2","1","1","0","0","1","0","2","0","2","0","0","0","3","03","","N","","","","","","","","","",""
"2020075815","0200","2","0","0","0","0","0","0","0","0","5","0","","67","9","2020","3","39.956519","-75.214456","0152","6","0","0","0","0","0","0","0","0","","0","0","0","00","3","0","N","0","0","39 57:23.470","","0","75 12:52.040","0","0","0","0","67301","0","0","0","N","0","0","0","1","67301","0","","6.0","","1","N","N","N","0","","0","0","0","0","0","","0030","3","0","0","0","0","0","0","2","0","3","0","0","0","3","03","","N","","","","","","","","","",""
"2020072632","0122","0","0","0","0","0","0","0","0","0","8","0","","67","9","2020","1","39.990833","-75.130907","0122","6","0","0","0","0","0","0","0","0","","0","0","0","01","3","1","","1","0","39 59:26.999","","0","75 07:51.264","2","0","0","0","67301","1","0","1","N","1","0","1","2","67301","0","","1.0","","1","N","N","N","0","","0","1","0","3","2","","0110","2","1","0","0","0","0","0","2","0","1","1","0","1","3","03","","N","","","","","","","","","",""
"2020070933","1737","1","0","0","0","0","0","0","0","0","4","0","","67","8","2020","5","39.991333","-75.101062","1736","6","0","0","0","0","0","0","0","0","","0","0","0","16","1","0","N","0","0","39 59:28.797","","7","75 06:03.822","0","0","0","0","67301","0","0","0","N","0","0","0","2","67301","0","","1.0","","1","N","N","N","1","","0","0","0","0","0","","1645","2","0","0","0","0","0","0","2","0","2","0","0","0","3","03","","N","","","","","","","","","",""
"2020073897","1845","1","0","0","0","0","0","0","0","0","4","0","","67","9","2020","2","39.964794","-75.238145","1845","6","0","0","0","0","0","0","0","0","","0","0","0","15","1","0","","1","0","39 57:53.258","","0","75 14:17.321","0","0","0","0","67301","0","0","0","N","0","0","0","3","67301","0","","1.0","","1","N","N","N","0","","0","0","0","3","2","","1511","2","0","0","0","0","0","0","2","1","2","0","0","0","3","03","","N","","","","","","","","","",""
"2020079572","0722","2","0","0","0","0","0","0","0","0","4","0","","67","9","2020","7","40.018522","-75.049257","0716","6","0","0","0","0","0","0","1","0","","0","0","0","07","5","0","N","0","0","40 01:06.678","","0","75 02:57.324","0","0","0","0","67301","0","0","0","N","0","0","0","2","67301","0","","1.0","","9","N","N","N","0","","0","0","0","0","0","","0715","2","0","0","0","0","0","0","2","0","2","0","0","0","7","07","","N","","","","","","","","","",""
"2020074321","1140","1","0","0","0","0","0","0","0","0","4","0","","67","9","2020","7","39.963163","-75.202343","1130","6","0","1","0","0","0","0","0","0","","0","0","0","10","1","1","","1","0","39 57:47.385","","0","75 12:08.435","3","0","0","0","67301","0","0","0","N","0","0","0","1","67301","0","","1.0","","1","N","N","N","0","","1","0","2","3","2","","1030","3","1","0","0","0","0","0","2","0","3","0","0","0","3","03","","N","","","","","","","","","",""
"2020077043","0131","2","0","0","0","0","0","0","0","0","6","0","","67","9","2020","7","39.923639","-75.236694","0131","6","0","0","0","0","0","0","0","0","","0","0","0","23","3","0","N","0","0","39 55:25.100","","0","75 14:12.100","9","0","0","0","67301","0","0","0","N","0","0","0","1","67301","0","","6.0","","1","N","N","N","0","","0","0","2","0","0","","2330","4","0","0","0","0","0","1","2","0","4","0","0","0","3","03","","N","","","","","","","","","",""
"2020074855","0008","1","0","0","0","0","0","0","0","0","4","0","","67","9","2020","4","40.003847","-75.139665","0005","6","0","0","0","0","0","0","0","0","","0","0","0","00","3","1","","1","0","40 00:13.849","","0","75 08:22.793","3","0","0","1","67301","0","0","0","N","0","0","0","2","67301","0","","1.0","","1","N","N","N","0","","1","0","0","3","1","","0005","2","1","0","0","0","0","0","2","0","2","0","0","0","3","03","","N","","","","","","","","","",""
"2020070048","1439","1","0","0","0","0","0","0","0","0","4","0","","67","8","2020","5","39.938782","-75.226843","1436","6","0","0","0","0","0","0","0","0","","0","0","0","14","1","4","","1","0","39 56:19.615","","0","75 13:36.634","3","0","0","0","67301","0","0","0","N","0","0","0","4","67301","0","","1.0","","1","N","N","N","0","","4","0","1","3","2","","1434","2","4","0","0","0","0","0","2","0","2","0","0","0","3","03","","N","","","","","","","","","",""
"2020084804","1909","1","0","0","0","0","0","0","0","0","8","0","","67","10","2020","1","39.958177","-75.229104","1907","6","0","0","0","0","0","1","0","0","","0","0","0","19","3","1","","1","0","39 57:29.437","","99","75 13:44.774","3","0","0","0","67301","1","0","0","N","1","0","0","2","67301","0","","1.0","","1","N","N","N","0","","1","0","0","0","0","","1900","2","1","0","0","0","0","0","2","0","1","1","0","0","3","98","","N","","","","","","","","","",""
"2020070328","0435","1","0","0","0","0","0","0","0","0","7","0","","67","8","2020","7","40.018269","-75.089439","0435","6","0","0","0","0","0","0","0","0","","0","0","0","04","3","0","N","0","0","40 01:05.770","","0","75 05:21.980","0","0","0","0","67301","0","0","0","N","0","0","0","1","67301","0","","4.0","","1","N","N","N","0","","0","0","0","0","0","","0435","1","0","0","0","0","0","0","2","0","1","0","0","0","3","","","N","","","","","","","","","",""
"2020072629","0015","1","0","0","0","0","0","0","0","0","4","0","","67","9","2020","7","39.954109","-75.177808","0010","6","0","0","0","0","0","0","0","0","","0","0","0","23","3","1","","1","0","39 57:14.793","","0","75 10:40.107","3","0","0","1","67301","0","0","0","N","0","0","0","2","67301","0","","1.0","","1","N","N","N","0","","1","0","0","3","2","","2315","2","1","0","0","0","0","0","2","0","2","0","0","0","3","03","","N","","","","","","","","","",""
"2020073382","1617","1","0","0","0","0","0","0","0","0","4","0","","67","9","2020","7","39.992018","-75.121567","1617","6","0","0","0","0","0","0","1","0","","0","0","0","16","1","0","","1","0","39 59:31.264","","1","75 07:17.641","9","0","0","0","67301","0","0","0","N","0","0","0","2","67301","0","","1.0","","1","N","N","N","1","","0","0","0","3","3","","1615","2","0","1","0","0","0","1","2","0","2","0","0","0","3","04","","N","","","","","","","","","",""
"2020072394","1035","2","0","0","0","0","0","0","0","0","4","0","","67","9","2020","4","39.952184","-75.240772","1030","6","0","0","0","1","0","1","0","0","","0","0","0","09","1","1","","1","0","39 57:07.862","","0","75 14:26.779","4","0","0","0","67301","0","0","0","N","0","0","0","3","67301","1","","1.0","","1","N","N","N","0","","0","0","1","3","2","","0930","3","1","0","0","0","0","0","2","0","3","0","0","0","3","","","N","","","","","","","","","",""
"2020096694","2310","2","0","0","0","0","0","0","0","0","1","0","","67","9","2020","4","40.012201","-75.05988","2310","6","0","0","0","0","0","1","0","0","","0","0","0","22","3","2","N","0","1","40 00:43.925","2","0","75 03:35.567","3","0","0","0","67301","0","0","0","N","0","0","0","3","68K01","0","","1.0","45.0","1","N","N","N","0","","2","0","0","0","0","N","2246","2","2","0","0","0","0","1","2","0","2","0","0","0","3","","","N","","","","","","","","","",""
"2020082377","2045","2","0","0","0","0","0","0","0","0","1","0","","67","9","2020","6","39.898851","-75.170618","2045","6","0","0","0","0","0","0","0","0","","0","0","0","20","3","8","N","0","1","39 53:55.864","2","0","75 10:14.226","8","0","0","0","67301","0","0","0","N","0","0","0","8","68K01","0","","1.0","2150.0","1","N","N","N","0","","0","0","1","0","0","N","2045","3","8","0","0","0","8","0","2","0","3","0","0","0","3","03","","N","","","","","","","","","",""
"2020074442","1548","2","0","0","0","0","0","0","0","0","3","0","","67","9","2020","5","39.950386","-75.153742","1544","6","0","0","0","0","0","0","0","0","","0","0","0","15","1","2","N","0","0","39 57:01.390","","0","75 09:13.470","3","0","0","0","67301","0","0","0","N","0","0","0","3","67301","0","","6.0","","1","N","N","N","0","","2","0","1","0","0","","1510","4","2","0","0","0","0","0","2","1","4","0","0","0","3","03","","N","","","","","","","","","",""
"2020078313","1353","1","0","0","0","0","0","0","0","0","4","0","","67","9","2020","4","39.962336","-75.161346","1353","6","0","0","0","0","0","0","0","0","","0","0","0","13","1","1","","1","0","39 57:44.409","","0","75 09:40.847","8","0","0","1","67301","0","0","0","N","0","0","0","2","67301","0","","1.0","","1","N","N","N","0","","0","0","0","3","2","","1352","2","1","1","0","0","1","0","2","0","2","0","0","0","3","03","","N","","","","","","","","","",""
"2020082400","2248","4","0","0","0","0","0","0","0","0","1","0","","67","9","2020","7","40.00144","-75.079254","2239","6","0","0","0","0","1","0","0","0","","0","0","0","22","3","6","N","0","1","40 00:05.183","2","0","75 04:45.315","3","0","0","0","67301","0","0","0","N","0","0","0","9","68K01","0","","1.0","130.0","1","N","N","N","0","","5","0","2","0","0","N","2239","6","6","0","0","0","1","0","2","0","6","0","0","0","3","","","N","","","","","","","","","",""
"2020074445","1210","0","0","0","1","0","0","0","0","0","8","0","","67","9","2020","7","39.97181","-75.185827","1206","6","0","0","0","0","0","0","0","0","","0","0","0","12","1","1","","1","0","39 58:18.515","","0","75 11:08.977","3","0","0","0","67301","1","0","0","N","0","0","0","2","67301","0","","1.0","","1","N","N","N","0","","1","0","1","0","0","","1203","2","1","0","0","0","0","0","2","0","1","1","0","0","3","03","","N","","","","","","","","","",""
"2020071973","1146","1","0","0","0","0","0","0","0","0","1","0","","67","9","2020","4","39.990784","-75.129732","1146","6","0","0","0","0","0","0","0","0","","0","0","0","15","1","1","N","0","0","39 59:26.824","","0","75 07:47.034","3","0","0","0","67301","0","0","0","N","0","0","0","3","67301","0","","1.0","","99","N","N","N","0","","1","0","1","0","0","","1530","2","1","0","0","0","0","2","2","0","2","0","0","0","99","03","","N","","","","","","","","","",""
"2020086192","1911","2","0","0","0","0","0","0","0","0","4","0","","67","10","2020","2","40.020504","-75.084324","1907","6","0","0","0","0","0","0","0","0","","0","0","0","19","3","0","N","0","0","40 01:13.814","","0","75 05:03.565","9","0","0","0","67301","0","0","0","N","0","0","0","3","67301","0","","2.0","","9","N","N","N","0","","0","0","1","0","0","","1906","3","0","0","0","0","0","1","2","0","3","0","0","0","7","07","","N","","","","","","","","","",""
"2020071782","0157","1","0","0","0","0","0","0","0","0","5","0","","67","9","2020","5","40.032114","-75.094272","0155","6","0","0","1","0","0","0","0","0","","0","0","0","01","3","0","N","0","0","40 01:55.610","","0","75 05:39.380","9","0","0","0","67301","0","0","0","N","0","0","0","2","67301","0","","1.0","","9","N","N","N","0","","0","0","0","0","0","","0155","2","0","0","0","0","0","1","2","0","2","0","0","0","7","04","","N","","","","","","","","","",""
"2020077978","0654","0","0","0","0","0","0","0","0","0","7","0","","67","9","2020","7","39.959454","-75.140521","0651","6","0","0","0","0","0","0","0","0","","0","0","0","06","5","1","N","0","1","39 57:34.033","1","0","75 08:25.876","3","0","0","0","67301","0","0","0","N","0","0","0","1","68K01","0","","4.0","800.0","1","N","N","N","0","","1","0","1","0","0","N","0638","1","1","0","0","0","0","0","2","0","1","0","0","0","3","03","","N","","","","","","","","","",""
"2020074740","1850","1","0","0","0","0","0","0","0","0","4","0","","67","8","2020","2","39.986826","-75.255155","1842","6","0","0","0","0","0","0","0","0","","0","0","0","16","1","0","","1","0","39 59:12.573","","0","75 15:18.558","9","0","0","0","67301","0","0","0","N","0","0","0","2","67301","0","","1.0","","1","N","N","N","0","","0","0","1","3","3","","1600","2","0","0","0","0","0","1","2","0","2","0","0","0","3","03","","N","","","","","","","","","",""
"2020073059","2359","1","0","0","0","0","0","0","0","0","4","0","","67","8","2020","2","39.954999","-75.238168","2359","6","0","0","0","0","0","0","0","0","","0","0","0","23","3","3","","1","0","39 57:17.996","","0","75 14:17.404","3","0","0","0","67301","0","0","0","Y","0","0","0","3","67301","0","","1.0","","1","N","N","N","0","","3","0","1","3","2","","2355","2","3","0","0","0","0","0","2","0","2","0","0","0","3","03","","N","","","","","","","","","",""
"2020071498","0319","2","0","0","0","0","0","0","0","0","5","0","","67","8","2020","1","40.010063","-75.064053","0314","6","0","0","0","0","0","0","0","0","","0","0","0","03","3","0","","7","1","40 00:36.228","2","2","75 03:50.591","0","0","0","0","67301","0","0","0","N","0","0","0","3","68K01","0","","7.0","400.0","1","N","N","N","0","","0","0","0","0","0","N","0311","2","0","0","0","0","0","0","2","0","2","0","0","0","3","","","N","","","","","","","","","",""
"2020069460","2208","2","0","0","0","0","0","0","0","0","4","0","","67","8","2020","4","40.04542","-75.067704","2202","6","0","0","1","0","0","0","0","0","","0","0","0","22","3","0","","1","0","40 02:43.512","","0","75 04:03.734","0","0","0","0","67301","0","0","0","N","0","0","0","2","67301","0","","1.0","","1","N","N","N","0","","0","0","0","3","3","","2202","2","0","0","0","0","0","0","2","0","2","0","0","0","3","","","N","","","","","","","","","",""
"2020076654","1640","2","0","0","0","0","0","0","0","0","4","0","","67","9","2020","2","40.010829","-75.150847","1630","6","0","0","0","0","0","0","0","0","","0","0","0","16","1","1","","1","0","40 00:38.983","","0","75 09:03.048","3","0","0","0","67301","1","0","0","N","1","0","0","3","67301","0","","1.0","","1","N","N","N","0","","1","0","0","3","2","","1621","3","1","0","0","0","0","0","2","0","2","1","0","0","3","","","N","","","","","","","","","",""
"2020073991","0151","1","0","0","0","0","0","0","0","0","7","0","","67","9","2020","1","40.024418","-75.147935","0147","6","0","0","0","0","0","0","0","0","","0","0","0","01","3","2","N","0","1","40 01:27.905","2","0","75 08:52.565","3","0","0","0","67301","1","0","0","N","1","0","0","2","67301","0","","3.0","400.0","1","N","N","N","0","","2","0","0","0","0","Y","0144","2","2","0","0","0","0","0","2","0","1","1","0","0","3","03","","N","","","","","","","","","",""
"2020074221","1622","2","0","0","0","0","0","0","0","0","1","0","","67","9","2020","4","40.028049","-75.11003","1618","6","0","0","0","0","0","1","0","0","","0","0","0","16","1","1","","1","2","40 01:40.977","2","0","75 06:36.108","8","0","0","0","67301","0","0","0","N","0","0","0","4","67301","0","","1.0","1715.0","1","N","N","N","0","","0","0","1","3","2","Y","1605","4","1","0","0","0","1","0","2","1","4","0","0","0","4","04","","N","","","","","","","","","",""
"2020078894","1516","1","0","0","0","0","0","0","0","0","1","0","","67","9","2020","2","39.950676","-75.150118","1516","6","0","0","0","0","0","0","0","0","","0","0","0","15","1","1","Y","0","1","39 57:02.432","3","0","75 09:00.425","3","0","0","0","67301","0","0","0","N","0","0","0","3","67301","0","","1.0","1710.0","1","N","N","N","0","","1","0","0","3","2","N","1514","3","1","1","0","0","0","0","2","2","3","0","0","0","3","03","","N","","","","","","","","","",""
"2020070137","0205","0","0","0","0","0","0","0","0","0","1","0","","67","8","2020","7","40.093269","-75.031359","0200","6","0","0","0","0","0","0","0","0","","0","0","0","01","3","2","N","0","0","40 05:35.767","","0","75 01:52.891","8","0","0","0","67301","0","0","0","N","0","0","0","2","67301","0","","1.0","","1","N","N","N","0","","0","0","2","0","0","","0158","2","2","0","0","0","2","0","2","0","2","0","0","0","3","","","N","","","","","","","","","",""
"2020083622","0345","1","0","0","0","0","0","0","0","0","7","0","","67","9","2020","2","39.973446","-75.193996","0342","6","0","0","0","0","0","0","0","0","","0","0","0","03","3","1","N","0","1","39 58:24.405","3","0","75 11:38.386","8","0","0","0","67301","0","0","0","N","0","0","0","1","68K01","0","","4.0","354.0","1","N","N","N","0","","0","0","0","0","0","N","0340","1","1","0","0","0","1","0","2","0","1","0","0","0","3","03","","N","","","","","","","","","",""
"2020071974","2006","0","0","0","0","0","0","0","0","0","8","0","","67","8","2020","5","40.003618","-75.132264","1956","6","0","0","0","0","0","1","0","0","","0","0","0","19","3","1","","1","0","40 00:13.024","","0","75 07:56.150","3","0","0","0","67301","1","0","0","N","1","0","0","2","67301","0","","1.0","","1","N","N","N","1","","1","0","0","3","2","","1950","2","1","0","0","0","0","0","2","0","1","1","0","0","3","","","N","","","","","","","","","",""