"CRN","ARRIVAL_TM","AUTOMOBILE_COUNT","BELTED_DEATH_COUNT","BELTED_SUSP_SERIOUS_INJ_COUNT","BICYCLE_COUNT","BICYCLE_DEATH_COUNT","BICYCLE_SUSP_SERIOUS_INJ_COUNT","BUS_COUNT","CHLDPAS_DEATH_COUNT","CHLDPAS_SUSP_SERIOUS_INJ_COUNT","COLLISION_TYPE","COMM_VEH_COUNT","CONS_ZONE_SPD_LIM","COUNTY","CRASH_MONTH","CRASH_YEAR","DAY_OF_WEEK","DEC_LATITUDE","DEC_LONGITUDE","DISPATCH_TM","DISTRICT","DRIVER_COUNT_16YR","DRIVER_COUNT_17YR","DRIVER_COUNT_18YR","DRIVER_COUNT_19YR","DRIVER_COUNT_20YR","DRIVER_COUNT_50_64YR","DRIVER_COUNT_65_74YR","DRIVER_COUNT_75PLUS","EST_HRS_CLOSED","FATAL_COUNT","HEAVY_TRUCK_COUNT","HORSE_BUGGY_COUNT","HOUR_OF_DAY","ILLUMINATION","INJURY_COUNT","INTERSECTION_RELATED","INTERSECT_TYPE","LANE_CLOSED","LATITUDE","LN_CLOSE_DIR","LOCATION_TYPE","LONGITUDE","MAX_SEVERITY_LEVEL","MCYCLE_DEATH_COUNT","MCYCLE_SUSP_SERIOUS_INJ_COUNT","MOTORCYCLE_COUNT","MUNICIPALITY","NONMOTR_COUNT","NONMOTR_DEATH_COUNT","NONMOTR_SUSP_SERIOUS_INJ_COUNT","NTFY_HIWY_MAINT","PED_COUNT","PED_DEATH_COUNT","PED_SUSP_SERIOUS_INJ_COUNT","PERSON_COUNT","POLICE_AGCY","POSSIBLE_INJ_COUNT","RDWY_SURF_TYPE_CD","RELATION_TO_ROAD","ROADWAY_CLEARED","ROAD_CONDITION","SCH_BUS_IND","SCH_ZONE_IND","SECONDARY_CRASH","SMALL_TRUCK_COUNT","SPEC_JURIS_CD","SUSP_MINOR_INJ_COUNT","SUSP_SERIOUS_INJ_COUNT","SUV_COUNT","TCD_FUNC_CD","TCD_TYPE","TFC_DETOUR_IND","TIME_OF_DAY","TOTAL_UNITS","TOT_INJ_COUNT","UNBELTED_OCC_COUNT","UNB_DEATH_COUNT","UNB_SUSP_SERIOUS_INJ_COUNT","UNK_INJ_DEG_COUNT","UNK_INJ_PER_COUNT","URBAN_RURAL","VAN_COUNT","VEHICLE_COUNT","VULNERABLE_ROAD_USER_COUNT","VULNERABLE_ROAD_USER_DEATH_COUNT","VULNERABLE_ROAD_USER_SER_INJ_COUNT","WEATHER1","WEATHER2","WORKERS_PRES","WORK_ZONE_IND","WORK_ZONE_LOC","WORK_ZONE_TYPE","WZ_CLOSE_DETOUR","WZ_FLAGGER","WZ_LAW_OFFCR_IND","WZ_LN_CLOSURE","WZ_MOVING","WZ_OTHER","WZ_SHLDER_MDN","WZ_WORKERS_INJ_KILLED"
"2020074584","1622","1","0","0","0","0","0","0","0","0","1","0","","67","9","2020","1","39.933373","-75.181145","1622","6","0","0","0","0","0","0","1","0","","0","0","0","15","1","2","","1","0","39 56:00.144","","0","75 10:52.122","3","0","0","0","67301","1","0","0","N","0","0","0","3","67301","0","","1.0","","1","N","N","N","0","","2","0","0","3","2","","1553","3","2","1","0","0","0","0","2","0","2","1","0","0","3","03","","N","","","","","","","","","",""
"2020070468","1635","1","0","0","0","0","0","0","0","0","4","0","","67","8","2020","7","40.029132","-75.074079","1631","6","0","0","0","0","0","0","0","0","","0","0","0","16","1","1","N","0","1","40 01:44.876","2","7","75 04:26.684","4","0","0","0","67301","0","0","0","N","0","0","0","3","67301","1","","1.0","1705.0","1","N","N","N","1","","0","0","0","0","0","N","1625","2","1","0","0","0","0","2","2","0","2","0","0","0","3","03","","N","","","","","","","","","",""
"2020072323","2315","2","0","0","0","0","0","0","0","0","1","0","","67","9","2020","5","39.995052","-75.163187","2315","6","0","0","0","1","0","0","0","0","","0","0","0","19","6","1","","5","0","39 59:42.186","","0","75 09:47.473","8","0","0","0","67301","0","0","0","N","0","0","0","2","67301","0","","1.0","","99","N","N","N","0","","0","0","0","3","2","","1920","2","1","2","0","0","1","0","2","0","2","0","0","0","3","03","","N","","","","","","","","","",""
"2020104692","1130","4","0","0","0","0","0","0","0","0","4","0","","67","12","2020","4","39.986714","-75.172015","1120","6","0","0","0","0","0","0","0","0","","0","0","0","11","8","1","","1","0","39 59:12.170","","0","75 10:19.254","4","0","0","0","67301","0","0","0","N","0","0","0","2","67301","1","","1.0","","1","N","N","N","0","","0","0","0","0","0","","1115","5","1","0","0","0","0","1","2","1","5","0","0","0","3","03","","N","","","","","","","","","",""
"2020110819","1355","1","0","0","0","0","0","0","0","0","4","0","","67","12","2020","7","40.038502","-75.109719","1350","6","0","0","0","0","0","0","0","0","","0","0","0","15","1","1","","2","0","40 02:18.606","","0","75 06:34.990","8","0","0","0","67301","0","0","0","N","0","0","0","4","67301","0","","1.0","","9","N","N","N","0","","0","0","1","3","3","","1545","2","1","3","0","0","1","1","2","0","2","0","0","0","3","10","","N","","","","","","","","","",""
"2020086188","2230","1","0","0","0","0","0","0","0","0","1","0","","67","10","2020","5","40.041499","-75.158367","2230","6","0","0","0","0","0","0","0","0","","0","0","0","22","3","1","","5","0","40 02:29.398","","0","75 09:30.121","4","0","0","0","67301","0","0","0","N","0","0","0","4","67301","1","","1.0","","1","N","N","N","0","","0","0","1","3","2","","2230","3","1","0","0","0","0","0","2","0","3","0","0","0","3","03","","N","","","","","","","","","",""
"2020089001","1240","2","0","0","0","0","0","0","0","0","4","0","","67","10","2020","2","40.028879","-75.089418","1235","6","0","0","0","0","0","0","0","0","","0","0","0","12","1","1","","1","1","40 01:43.965","1","0","75 05:21.904","4","0","0","0","67301","0","0","0","N","0","0","0","4","67301","1","","1.0","1400.0","1","N","N","N","0","","0","0","0","3","2","N","1225","3","1","0","0","0","0","0","2","1","3","0","0","0","3","03","","N","","","","","","","","","",""
"2020090765","2256","0","0","0","0","0","0","0","0","0","7","0","","67","10","2020","5","39.931654","-75.199627","2253","6","0","0","0","0","0","0","0","0","","0","0","0","22","3","1","N","0","2","39 55:53.956","4","0","75 11:58.657","3","0","0","0","67301","0","0","0","N","0","0","0","1","68K01","0","","3.0","2316.0","1","N","N","N","0","","1","0","1","0","0","Y","2253","1","1","0","0","0","0","0","2","0","1","0","0","0","3","03","","N","","","","","","","","","",""
"2020088079","0031","1","0","0","0","0","0","0","0","0","8","0","","67","10","2020","1","39.973776","-75.245295","0029","6","0","0","0","0","0","0","0","0","","0","0","0","00","3","1","","1","0","39 58:25.594","","0","75 14:43.063","8","0","0","0","67301","1","0","0","N","0","0","0","2","67301","0","","1.0","","1","N","N","N","0","","0","0","0","3","2","","0025","2","1","0","0","0","1","0","2","0","1","1","0","0","3","03","","N","","","","","","","","","",""
"2020072389","0059","2","0","0","0","0","0","0","0","0","2","0","","67","9","2020","7","40.082306","-75.178806","0051","6","0","0","0","0","0","1","0","0","","0","0","0","00","3","4","N","0","0","40 04:56.300","","0","75 10:43.700","8","0","0","0","67301","0","0","0","N","0","0","0","5","67301","0","","1.0","","1","N","N","N","0","","0","0","0","0","0","","0030","2","4","0","0","0","4","0","2","0","2","0","0","0","3","03","","N","","","","","","","","","",""
"2020075483","2340","1","0","0","0","0","0","0","0","0","4","0","","67","9","2020","1","39.957696","-75.231427","2340","6","0","0","0","0","0","0","0","0","","0","0","0","23","3","0","","1","0","39 57:27.706","","0","75 13:53.138","0","0","0","0","67301","0","0","0","N","0","0","0","2","67301","0","","1.0","","1","N","N","N","0","","0","0","1","3","2","","2300","2","0","0","0","0","0","0","2","0","2","0","0","0","3","","","N","","","","","","","","","",""
"2020073990","1350","1","0","0","0","0","0","0","0","0","5","0","","67","9","2020","4","40.020278","-75.134111","1331","6","0","0","0","0","0","0","0","0","","0","0","0","12","1","0","N","0","0","40 01:13.000","","0","75 08:02.800","0","0","0","0","67301","0","0","0","N","0","0","0","1","67301","0","","6.0","","1","N","N","N","0","","0","0","2","0","0","","1247","3","0","0","0","0","0","0","2","0","3","0","0","0","3","","","N","","","","","","","","","",""
"2020070936","1625","0","0","0","0","0","0","0","0","0","4","0","","67","8","2020","6","39.993107","-75.08171","1619","6","0","0","0","0","0","0","1","0","","0","0","0","11","1","1","","2","0","39 59:35.185","","0","75 04:54.156","3","0","0","0","67301","0","0","0","N","0","0","0","2","67301","0","","1.0","","1","N","N","N","0","","1","0","1","3","3","","1157","2","1","0","0","0","0","0","2","0","2","0","0","0","4","04","","N","","","","","","","","","",""
"2020073543","1944","1","0","0","0","0","0","0","0","0","8","0","","67","9","2020","5","39.993953","-75.118055","1944","6","0","0","0","0","0","0","0","0","","0","0","0","19","3","1","","5","0","39 59:38.230","","1","75 07:04.998","3","0","0","0","67301","1","0","0","N","1","0","0","2","67301","0","","1.0","","9","N","N","N","0","","1","0","0","3","2","","1929","2","1","0","0","0","0","0","2","0","1","1","0","0","7","07","","N","","","","","","","","","",""
"2020073544","1754","1","0","0","0","0","0","0","0","0","99","0","","67","9","2020","1","39.991597","-75.122264","1751","6","0","0","0","0","0","0","0","0","","0","0","0","17","1","1","N","0","0","39 59:29.750","","1","75 07:20.150","8","0","0","0","67301","0","0","0","N","0","0","0","2","67301","0","","1.0","","1","N","N","N","0","","0","0","0","0","0","","1751","2","1","0","0","0","1","0","2","0","2","0","0","0","3","03","","N","","","","","","","","","",""
"2020071500","0503","2","0","0","0","0","0","0","0","0","7","0","","67","8","2020","1","39.974797","-75.194414","0502","6","0","0","0","0","0","0","0","0","","0","0","0","05","3","0","N","0","1","39 58:29.268","3","0","75 11:39.890","0","0","0","0","67301","0","0","0","N","0","0","0","2","68K01","0","","3.0","516.0","1","N","N","Y","0","","0","0","0","0","0","N","0501","2","0","0","0","0","0","0","2","0","2","0","0","0","3","03","","N","","","","","","","","","",""
"2020073482","0010","1","0","0","0","0","0","0","0","0","8","0","","67","9","2020","7","39.965385","-75.19037","0010","6","0","0","0","0","0","0","0","0","","0","0","0","23","3","1","","1","0","39 57:55.386","","0","75 11:25.332","3","0","0","0","67301","1","0","0","N","1","0","0","2","67301","0","","1.0","","1","N","N","N","0","","1","0","0","3","3","","2355","2","1","0","0","0","0","0","2","0","1","1","0","0","3","","","N","","","","","","","","","",""
"2020075984","1340","0","0","0","1","0","0","0","0","0","8","0","","67","9","2020","4","40.002104","-75.152685","1335","6","0","0","0","0","0","1","0","0","","0","0","0","13","1","1","N","0","0","40 00:07.575","","0","75 09:09.667","3","0","0","0","67301","1","0","0","N","0","0","0","3","67505","0","","1.0","","1","N","N","N","1","","1","0","0","0","0","","1334","2","1","0","0","0","0","0","2","0","1","1","0","0","3","","","N","","","","","","","","","",""
"2020076140","1606","0","0","0","0","0","0","0","0","0","4","0","","67","9","2020","3","39.956361","-75.225627","1605","6","0","0","0","0","0","0","0","0","","0","0","0","16","1","1","","1","2","39 57:22.900","7","0","75 13:32.258","4","0","0","1","67301","0","0","0","N","0","0","0","3","67301","1","","1.0","1700.0","1","N","N","N","0","","0","0","1","3","3","Y","1603","2","1","0","0","0","0","0","2","0","2","0","0","0","3","","","N","","","","","","","","","",""
"2020074803","1839","2","0","0","0","0","0","0","0","0","5","0","","67","9","2020","7","39.987461","-75.155887","1839","6","0","0","0","0","0","0","0","0","","0","0","0","18","1","1","N","0","0","39 59:14.861","","0","75 09:21.194","3","0","0","0","67301","0","0","0","N","0","0","0","1","67301","0","","6.0","","1","N","N","N","0","","1","0","0","0","0","","1839","2","1","0","0","0","0","0","2","0","2","0","0","0","3","03","","N","","","","","","","","","",""
"2020071559","2007","0","0","0","0","0","0","0","0","0","4","0","","67","9","2020","3","39.92228","-75.225616","2005","6","0","0","0","0","0","1","0","0","","0","0","0","19","3","0","","1","1","39 55:20.207","2","0","75 13:32.217","0","0","0","0","67301","0","0","0","N","0","0","0","2","67301","0","","1.0","2152.0","1","N","N","N","0","","0","0","1","3","3","N","1900","2","0","0","0","0","0","0","2","0","2","0","0","0","3","","","N","","","","","","","","","",""
"2020070669","1143","1","0","0","0","0","0","0","0","0","4","0","","67","8","2020","7","40.031527","-75.10527","1135","6","0","0","0","1","0","0","0","0","","0","0","0","11","1","2","N","0","0","40 01:53.497","","7","75 06:18.972","3","0","0","0","67301","0","0","0","N","0","0","0","3","67301","0","","1.0","","9","N","N","N","0","","2","0","1","0","0","","1130","3","2","3","0","0","0","0","2","1","3","0","0","0","7","04","","N","","","","","","","","","",""
"2020072496","1352","0","0","0","0","0","0","0","0","0","1","0","","67","9","2020","6","39.923833","-75.224936","1352","6","0","0","0","0","0","0","0","0","","0","0","0","13","1","0","","1","0","39 55:25.798","","0","75 13:29.769","0","0","0","0","67301","0","0","0","N","0","0","0","2","67301","0","","1.0","","1","N","N","N","0","","0","0","1","3","2","","1350","2","0","0","0","0","0","0","2","1","2","0","0","0","3","98","","N","","","","","","","","","",""
"2020071752","0310","2","0","0","0","0","0","0","0","0","2","0","","67","8","2020","2","39.992497","-75.164847","0300","6","0","0","0","0","0","0","0","0","","0","0","0","03","3","3","N","0","0","39 59:32.990","","0","75 09:53.450","8","0","0","0","67301","0","0","0","N","0","0","0","4","67301","0","","1.0","","1","N","N","N","0","","0","0","0","0","0","","0300","2","3","0","0","0","3","0","2","0","2","0","0","0","3","03","","N","","","","","","","","","",""
"2020083342","2216","2","0","0","0","0","0","0","0","0","4","0","","67","9","2020","3","39.973555","-75.208899","2216","6","0","0","0","0","0","0","0","0","","0","0","0","22","3","1","","2","2","39 58:24.797","6","0","75 12:32.036","3","0","0","0","67301","0","0","0","N","0","0","0","2","67301","0","","1.0","2317.0","1","N","N","Y","0","","1","0","1","3","2","Y","2204","3","1","0","0","0","0","0","2","0","3","0","0","0","3","","","N","","","","","","","","","",""
"2020072555","2126","2","0","0","0","0","0","0","0","0","4","0","","67","9","2020","5","39.981952","-75.239038","2126","6","0","0","0","0","0","0","0","0","","0","0","0","19","3","0","","1","0","39 58:55.028","","0","75 14:20.537","0","0","0","0","67301","0","0","0","N","0","0","0","2","67301","0","","1.0","","9","N","N","N","0","","0","0","0","3","2","","1945","2","0","0","0","0","0","0","2","0","2","0","0","0","7","04","","N","","","","","","","","","",""
"2020070194","1130","2","0","0","0","0","0","0","0","0","1","0","","67","8","2020","5","40.004064","-75.076923","1116","6","0","0","0","0","0","0","0","0","","0","0","0","08","1","1","N","0","0","40 00:14.629","","0","75 04:36.922","3","0","0","0","67301","0","0","0","N","0","0","0","2","68K01","0","","1.0","","1","N","N","N","0","","1","0","0","0","0","","0816","2","1","0","0","0","0","1","2","0","2","0","0","0","3","","","N","","","","","","","","","",""
"2020069814","1723","1","0","0","0","0","0","0","0","0","5","0","","67","8","2020","4","40.057412","-75.085673","1715","6","0","0","0","0","0","0","0","0","","0","0","0","17","1","1","N","0","0","40 03:26.682","","0","75 05:08.423","8","0","0","0","67301","0","0","0","N","0","0","0","1","67301","0","","6.0","","1","N","N","N","0","","0","0","0","0","0","","1700","2","1","0","0","0","1","0","2","0","2","0","0","0","3","","","N","","","","","","","","","",""
"2020075059","0250","0","0","0","0","0","0","0","0","0","4","0","","67","9","2020","3","39.956229","-75.149137","0245","6","0","0","0","0","0","2","0","0","","0","0","0","02","3","1","","3","0","39 57:22.423","","2","75 08:56.893","4","0","0","0","67301","0","0","0","N","0","0","0","2","67301","1","","1.0","","1","N","N","N","0","","0","0","1","3","2","","0241","2","1","0","0","0","0","0","2","1","2","0","0","0","3","03","","N","","","","","","","","","",""
"2020083338","1949","1","0","0","0","0","0","0","0","0","7","0","","67","9","2020","3","39.967745","-75.209741","1947","6","0","0","0","0","0","0","0","0","","0","0","0","19","3","0","","5","0","39 58:03.882","","0","75 12:35.067","0","0","0","0","67301","0","0","0","N","0","0","0","2","67301","0","","5.0","","1","N","N","N","0","","0","0","0","3","2","","1947","1","0","0","0","0","0","0","2","0","1","0","0","0","3","","","N","","","","","","","","","",""
"2020084702","1945","2","0","0","0","0","0","0","0","0","1","0","","67","10","2020","6","40.058131","-75.1816","1945","6","0","0","0","0","0","1","0","0","","0","0","0","19","3","2","N","0","0","40 03:29.270","","0","75 10:53.760","3","0","0","0","67301","0","0","0","N","0","0","0","3","67301","0","","6.0","","1","N","N","N","0","","2","0","0","0","0","","1920","2","2","1","0","0","0","1","2","0","2","0","0","0","3","03","","N","","","","","","","","","",""
"2020071557","1547","0","0","0","0","0","0","0","0","0","4","0","","67","8","2020","2","39.957796","-75.160214","1545","6","0","0","0","0","1","1","0","0","","0","0","0","15","1","1","","1","0","39 57:28.064","","3","75 09:36.770","3","0","0","1","67301","0","0","0","N","0","0","0","2","67301","0","","1.0","","9","N","N","N","0","","1","0","0","3","2","","1543","2","1","0","0","0","0","0","2","1","2","0","0","0","7","07","","N","","","","","","","","","",""
"2020076758","1948","1","0","0","0","0","0","0","0","0","7","0","","67","9","2020","5","40.036199","-75.015525","1943","6","0","0","0","1","0","0","0","0","","0","0","0","19","3","0","N","0","0","40 02:10.316","","0","75 00:55.890","0","0","0","0","67301","0","0","0","N","0","0","0","2","68K01","0","","3.0","","9","N","N","N","0","","0","0","0","0","0","","1940","1","0","0","0","0","0","0","2","0","1","0","0","0","7","","","N","","","","","","","","","",""
"2020069743","0959","1","0","0","0","0","0","0","0","0","4","0","","67","8","2020","5","39.990427","-75.115966","0959","6","0","0","0","1","0","0","0","0","","0","0","0","09","1","1","","1","0","39 59:25.537","","0","75 06:57.477","8","0","0","0","67301","0","0","0","N","0","0","0","2","67301","0","","1.0","","1","N","N","N","0","","0","0","0","3","2","","0919","2","1","0","0","0","1","0","2","0","2","0","0","0","3","03","","N","","","","","","","","","",""
"2020077046","2243","3","0","0","0","0","0","0","0","0","5","0","","67","9","2020","5","39.953839","-75.241275","2243","6","0","0","0","0","0","0","0","0","","0","0","0","22","3","1","N","0","0","39 57:13.820","","0","75 14:28.590","4","0","0","0","67301","0","0","0","N","0","0","0","1","67301","1","","6.0","","1","N","N","N","1","","0","0","0","0","0","","2240","5","1","1","0","0","0","0","2","1","5","0","0","0","3","03","","N","","","","","","","","","",""
"2020077909","0316","1","0","0","0","0","0","0","0","0","4","0","","67","9","2020","4","39.93973","-75.225514","0313","6","0","0","0","0","0","1","0","0","","0","0","0","03","3","0","","1","1","39 56:23.027","4","0","75 13:31.850","0","0","0","0","67301","0","0","0","N","0","0","0","2","67301","0","","1.0","408.0","1","N","N","N","0","","0","0","0","3","2","N","0310","2","0","0","0","0","0","0","2","0","2","0","0","0","3","03","","N","","","","","","","","","",""
"2020070945","2356","2","0","0","0","0","0","0","0","0","6","0","","67","8","2020","7","40.00301","-75.190414","2350","6","0","0","0","0","0","1","0","0","","0","0","0","23","3","2","N","0","0","40 00:10.836","","0","75 11:25.491","4","0","0","0","67301","0","0","0","N","0","0","0","5","67301","2","","1.0","","1","N","N","N","0","","0","0","0","0","0","","2300","3","2","1","0","0","0","0","2","1","3","0","0","0","3","03","","N","","","","","","","","","",""
"2020070153","1233","1","0","0","0","0","0","0","0","0","8","0","","67","8","2020","6","39.999111","-75.1668","1233","6","0","0","0","0","0","0","0","1","","0","0","0","12","1","1","N","0","2","39 59:56.800","5","0","75 10:00.480","3","0","0","0","67301","1","0","0","N","1","0","0","2","67301","0","","1.0","1300.0","1","N","N","N","0","","1","0","0","0","0","Y","1230","2","1","0","0","0","0","1","2","0","1","1","0","0","3","03","","N","","","","","","","","","",""
"2020074583","1630","1","0","0","0","0","0","0","0","0","5","0","","67","9","2020","5","39.973233","-75.211741","1630","6","0","0","0","0","0","0","0","0","","0","0","0","16","1","6","N","0","2","39 58:23.640","6","0","75 12:42.268","3","0","0","0","67301","0","0","0","N","0","0","0","7","67301","0","","1.0","1615.0","1","N","N","N","1","","6","0","0","0","0","Y","1629","3","6","2","0","0","0","0","2","0","3","0","0","0","3","03","","N","","","","","","","","","",""
"2020076222","0549","2","0","0","0","0","0","0","0","0","4","0","","67","9","2020","4","40.039531","-75.084418","0548","6","0","0","0","0","0","1","0","0","","0","0","0","05","1","0","","1","1","40 02:22.311","4","0","75 05:03.904","0","0","0","0","67301","0","0","0","N","0","0","0","3","67301","0","","1.0","630.0","1","N","N","N","0","","0","0","1","3","2","Y","0545","3","0","0","0","0","0","0","2","0","3","0","0","0","3","03","","N","","","","","","","","","",""
"2020079124","2104","0","0","0","0","0","0","0","0","0","7","0","","67","9","2020","2","39.961502","-75.182837","2045","6","0","0","0","0","0","1","0","0","","0","0","0","20","3","1","N","0","2","39 57:41.406","3","2","75 10:58.214","8","0","0","0","67301","0","0","0","N","0","0","0","1","68K01","0","","2.0","2144.0","1","N","N","N","1","","0","0","0","0","0","N","2041","1","1","0","0","0","1","0","2","0","1","0","0","0","3","","","N","","","","","","","","","",""
"2020069261","1002","1","0","0","0","0","0","0","0","0","4","0","","67","8","2020","4","40.03657","-75.131522","1002","6","0","0","0","0","0","1","0","0","","0","0","0","10","1","1","","1","0","40 02:11.652","","0","75 07:53.479","3","0","0","0","67301","0","0","0","N","0","0","0","2","67301","0","","1.0","","1","N","N","N","0","","1","0","0","3","3","","1001","2","1","0","0","0","0","0","2","1","2","0","0","0","3","03","","N","","","","","","","","","",""
"2020074444","0942","1","0","0","0","0","0","0","0","0","5","0","45","67","9","2020","6","40.105006","-75.001338","0934","6","0","0","0","0","0","0","0","0","","0","0","0","09","1","1","N","0","1","40 06:18.021","2","0","75 00:04.818","3","0","0","0","67301","0","0","0","N","0","0","0","2","67301","0","","1.0","955.0","1","N","N","N","0","","1","0","1","0","0","N","0925","2","1","1","0","0","0","0","2","0","2","0","0","0","4","","Y","Y","4","1","N","N","N","Y","N","N","N","N"
"2020056747","1840","0","0","0","0","0","0","0","0","0","4","0","","67","7","2020","6","39.944846","-75.166982","1834","6","0","0","0","0","0","0","0","0","","0","0","0","18","1","2","","1","1","39 56:41.445","4","0","75 10:01.135","8","0","0","0","67301","0","0","0","N","0","0","0","4","67301","0","","1.0","30.0","1","N","N","N","0","","0","0","2","3","2","Y","1825","2","2","0","0","0","2","0","2","0","2","0","0","0","3","","","N","","","","","","","","","",""
"2020063030","2330","0","0","0","0","0","0","0","0","0","6","0","","67","8","2020","5","40.107925","-75.023215","2320","6","0","0","0","0","0","0","0","0","","0","0","0","22","3","0","N","0","0","40 06:28.531","","0","75 01:23.574","0","0","0","0","67301","0","0","0","N","0","0","0","1","67301","0","","6.0","","1","N","N","N","0","","0","0","1","0","0","","2230","2","0","0","0","0","0","0","2","1","2","0","0","0","3","","","N","","","","","","","","","",""
"2020113993","1839","2","0","0","0","0","0","0","0","0","5","0","","67","12","2020","2","39.948851","-75.141969","1823","6","0","0","1","0","0","1","0","0","","0","0","0","18","3","0","N","0","0","39 56:55.862","","0","75 08:31.089","0","0","0","0","67301","0","0","0","N","0","0","0","4","68K01","0","","1.0","","9","N","N","N","0","","0","0","1","0","0","","1820","3","0","0","0","0","0","0","2","0","3","0","0","0","3","","","N","","","","","","","","","",""
"2020070607","0348","2","0","0","0","0","0","0","0","0","1","0","","67","8","2020","1","40.001139","-75.124556","0345","6","0","0","0","0","0","0","0","0","","0","0","0","03","3","1","N","0","0","40 00:04.100","","0","75 07:28.400","4","0","0","0","67301","0","0","0","N","0","0","0","1","67301","1","","6.0","","1","N","N","N","0","","0","0","2","0","0","","0342","4","1","0","0","0","0","0","2","0","4","0","0","0","3","03","","N","","","","","","","","","",""
"2020112400","2137","0","0","0","0","0","0","0","0","0","5","1","","67","12","2020","5","40.019223","-75.160243","2131","6","0","0","0","0","0","0","0","0","","0","1","0","21","3","0","N","0","0","40 01:09.201","","0","75 09:36.875","0","0","0","0","67301","0","0","0","N","0","0","0","2","67301","0","","6.0","","9","N","N","N","0","","0","0","1","0","0","","2131","2","0","0","0","0","0","0","2","0","2","0","0","0","7","07","","N","","","","","","","","","",""
"2020065331","1704","1","0","0","0","0","0","0","0","0","4","0","","67","8","2020","5","39.954345","-75.224031","1703","6","0","0","1","0","0","0","1","0","","0","0","0","16","1","0","","1","0","39 57:15.642","","0","75 13:26.511","0","0","0","0","67301","0","0","0","N","0","0","0","2","67301","0","","1.0","","9","N","N","N","0","","0","0","1","3","2","","1659","2","0","0","0","0","0","0","2","0","2","0","0","0","4","04","","N","","","","","","","","","",""
"2020070366","1838","1","0","0","0","0","0","0","0","0","4","0","","67","8","2020","7","40.03593","-75.126522","1838","6","0","0","0","0","0","0","0","0","","0","0","0","18","1","3","","1","0","40 02:09.347","","0","75 07:35.479","3","0","0","0","67301","0","0","0","N","0","0","0","4","67301","0","","1.0","","1","N","N","N","0","","3","0","1","3","3","","1828","2","3","0","0","0","0","0","2","0","2","0","0","0","3","03","","N","","","","","","","","","",""
"2021006502","1550","0","0","0","0","0","0","0","0","0","8","0","","67","12","2020","4","40.020481","-75.127144","1547","6","0","0","0","0","0","0","0","0","","0","0","0","15","1","1","N","0","0","40 01:13.730","","0","75 07:37.720","3","0","0","0","67301","1","0","0","N","1","0","0","2","67301","0","","1.0","","1","N","N","N","0","","1","0","1","0","0","","1536","2","1","0","0","0","0","0","2","0","1","1","0","0","3","03","","N","","","","","","","","","",""
"2021006493","1808","1","0","0","0","0","0","0","0","0","1","0","","67","12","2020","5","40.000028","-75.153266","1808","6","0","0","0","0","0","1","0","0","","0","0","0","18","3","0","","1","0","40 00:00.101","","0","75 09:11.759","9","0","0","0","67301","0","0","0","N","0","0","0","2","67301","0","","1.0","","1","N","N","N","0","","0","0","0","3","2","","1800","2","0","0","0","0","0","1","2","1","2","0","0","0","3","03","","N","","","","","","","","","",""
"2020083331","1041","1","0","0","0","0","0","0","0","0","1","0","","67","10","2020","4","40.053582","-75.008666","1038","6","0","0","0","0","0","0","0","0","","0","0","0","10","1","1","","3","0","40 03:12.894","","0","75 00:31.196","8","0","0","0","67301","0","0","0","N","0","0","0","3","67301","0","","1.0","","1","N","N","N","1","","0","0","0","3","2","","1038","2","1","1","0","0","1","0","2","0","2","0","0","0","3","03","","N","","","","","","","","","",""
"2020070077","1920","2","0","0","0","0","0","0","0","0","5","0","","67","8","2020","6","40.027009","-75.147369","1809","6","0","0","0","0","0","0","0","0","","0","0","0","18","4","0","N","0","0","40 01:37.233","","0","75 08:50.528","9","0","0","0","67301","0","0","0","N","0","0","0","2","67301","0","","6.0","","9","N","N","N","1","","0","0","1","0","0","","1800","4","0","0","0","0","0","1","2","0","4","0","0","0","7","04","","N","","","","","","","","","",""
"2020078415","1309","1","0","0","0","0","0","0","0","0","7","0","","67","9","2020","7","39.903949","-75.150392","1301","6","0","0","0","0","0","0","0","0","","0","0","0","12","1","0","N","0","2","39 54:14.216","2","0","75 09:01.411","0","0","0","0","67301","0","0","0","N","0","0","0","2","68K01","0","","4.0","100.0","1","N","N","N","0","","0","0","0","0","0","Y","1259","1","0","0","0","0","0","0","2","0","1","0","0","0","3","03","","N","","","","","","","","","",""
"2020089076","1459","3","0","0","0","0","0","0","0","0","1","0","","67","9","2020","4","40.015856","-75.052817","1418","6","0","0","0","0","0","2","1","0","","0","0","0","14","1","1","N","0","0","40 00:57.081","","0","75 03:10.142","3","0","0","0","67301","0","0","0","N","0","0","0","5","68K01","0","","1.0","","1","N","N","N","1","","1","0","0","3","8","","1410","4","1","0","0","0","0","0","2","0","4","0","0","0","3","03","","N","","","","","","","","","",""
"2020074320","1007","1","0","0","0","0","0","0","0","0","4","0","","67","9","2020","4","40.058224","-75.163163","1007","6","0","0","0","0","0","1","1","0","","0","0","0","10","1","1","","1","0","40 03:29.608","","0","75 09:47.387","3","0","0","0","67301","0","0","0","N","0","0","0","4","67301","0","","1.0","","1","N","N","N","0","","1","0","2","3","2","","1040","3","1","0","0","0","0","1","2","0","3","0","0","0","3","","","N","","","","","","","","","",""