"CRN","ARRIVAL_TM","AUTOMOBILE_COUNT","BELTED_DEATH_COUNT","BELTED_SUSP_SERIOUS_INJ_COUNT","BICYCLE_COUNT","BICYCLE_DEATH_COUNT","BICYCLE_SUSP_SERIOUS_INJ_COUNT","BUS_COUNT","CHLDPAS_DEATH_COUNT","CHLDPAS_SUSP_SERIOUS_INJ_COUNT","COLLISION_TYPE","COMM_VEH_COUNT","CONS_ZONE_SPD_LIM","COUNTY","CRASH_MONTH","CRASH_YEAR","DAY_OF_WEEK","DEC_LATITUDE","DEC_LONGITUDE","DISPATCH_TM","DISTRICT","DRIVER_COUNT_16YR","DRIVER_COUNT_17YR","DRIVER_COUNT_18YR","DRIVER_COUNT_19YR","DRIVER_COUNT_20YR","DRIVER_COUNT_50_64YR","DRIVER_COUNT_65_74YR","DRIVER_COUNT_75PLUS","EST_HRS_CLOSED","FATAL_COUNT","HEAVY_TRUCK_COUNT","HORSE_BUGGY_COUNT","HOUR_OF_DAY","ILLUMINATION","INJURY_COUNT","INTERSECTION_RELATED","INTERSECT_TYPE","LANE_CLOSED","LATITUDE","LN_CLOSE_DIR","LOCATION_TYPE","LONGITUDE","MAX_SEVERITY_LEVEL","MCYCLE_DEATH_COUNT","MCYCLE_SUSP_SERIOUS_INJ_COUNT","MOTORCYCLE_COUNT","MUNICIPALITY","NONMOTR_COUNT","NONMOTR_DEATH_COUNT","NONMOTR_SUSP_SERIOUS_INJ_COUNT","NTFY_HIWY_MAINT","PED_COUNT","PED_DEATH_COUNT","PED_SUSP_SERIOUS_INJ_COUNT","PERSON_COUNT","POLICE_AGCY","POSSIBLE_INJ_COUNT","RDWY_SURF_TYPE_CD","RELATION_TO_ROAD","ROADWAY_CLEARED","ROAD_CONDITION","SCH_BUS_IND","SCH_ZONE_IND","SECONDARY_CRASH","SMALL_TRUCK_COUNT","SPEC_JURIS_CD","SUSP_MINOR_INJ_COUNT","SUSP_SERIOUS_INJ_COUNT","SUV_COUNT","TCD_FUNC_CD","TCD_TYPE","TFC_DETOUR_IND","TIME_OF_DAY","TOTAL_UNITS","TOT_INJ_COUNT","UNBELTED_OCC_COUNT","UNB_DEATH_COUNT","UNB_SUSP_SERIOUS_INJ_COUNT","UNK_INJ_DEG_COUNT","UNK_INJ_PER_COUNT","URBAN_RURAL","VAN_COUNT","VEHICLE_COUNT","VULNERABLE_ROAD_USER_COUNT","VULNERABLE_ROAD_USER_DEATH_COUNT","VULNERABLE_ROAD_USER_SER_INJ_COUNT","WEATHER1","WEATHER2","WORKERS_PRES","WORK_ZONE_IND","WORK_ZONE_LOC","WORK_ZONE_TYPE","WZ_CLOSE_DETOUR","WZ_FLAGGER","WZ_LAW_OFFCR_IND","WZ_LN_CLOSURE","WZ_MOVING","WZ_OTHER","WZ_SHLDER_MDN","WZ_WORKERS_INJ_KILLED"
"2020070078","2115","1","0","0","0","0","0","0","0","0","8","0","","67","8","2020","4","40.027027","-75.130635","2109","6","0","0","0","0","0","0","0","0","","0","0","0","14","8","1","","1","0","40 01:37.297","","0","75 07:50.286","8","0","0","0","67301","1","0","0","N","1","0","0","2","67301","0","","1.0","","99","N","N","N","0","","0","0","0","3","3","","1400","2","1","0","0","0","1","0","2","0","1","1","0","0","99","","","N","","","","","","","","","",""
"2020073049","0020","2","0","0","0","0","0","0","0","0","4","0","","67","9","2020","1","40.031889","-75.092056","0020","6","0","0","0","0","0","0","0","0","","0","0","0","00","3","1","","1","0","40 01:54.800","","0","75 05:31.400","8","0","0","0","67301","0","0","0","N","0","0","0","2","67301","0","","1.0","","1","N","N","Y","0","","0","0","0","0","0","","0020","3","1","1","0","0","1","0","2","1","3","0","0","0","3","03","","N","","","","","","","","","",""
"2020071785","0142","1","0","0","0","0","0","0","0","0","7","0","","67","8","2020","1","39.9735","-75.209386","0118","6","0","0","0","0","0","0","1","0","","0","0","0","01","3","0","N","0","0","39 58:24.599","","0","75 12:33.788","0","0","0","0","67301","0","0","0","N","0","0","0","1","67301","0","","4.0","","1","N","N","N","0","","0","0","0","0","0","","0116","1","0","0","0","0","0","0","2","0","1","0","0","0","3","03","","N","","","","","","","","","",""
"2020073487","2320","2","0","0","0","0","0","0","0","0","5","0","","67","9","2020","5","40.039611","-75.150586","2320","6","0","0","0","0","0","1","0","0","","0","0","0","23","3","1","N","0","0","40 02:22.600","","0","75 09:02.110","3","0","0","0","67301","0","0","0","N","0","0","0","1","67301","0","","6.0","","1","N","N","N","0","","1","0","1","0","0","","2310","3","1","0","0","0","0","0","2","0","3","0","0","0","3","03","","N","","","","","","","","","",""
"2020071365","2250","2","0","0","0","0","0","0","0","0","4","0","","67","8","2020","2","40.014088","-75.140447","2250","6","0","0","0","0","0","0","0","0","","0","0","0","21","3","2","","1","0","40 00:50.716","","0","75 08:25.609","3","0","0","0","67301","0","0","0","N","0","0","0","3","67301","0","","1.0","","9","N","N","N","0","","2","0","0","3","3","","2130","2","2","0","0","0","0","0","2","0","2","0","0","0","3","","","N","","","","","","","","","",""
"2020071353","2347","1","0","0","0","0","0","0","0","0","4","0","","67","8","2020","7","39.945561","-75.165024","2347","6","0","0","0","0","1","0","0","0","","0","0","0","23","3","0","","1","0","39 56:44.019","","0","75 09:54.085","9","0","0","0","67301","0","0","0","N","0","0","0","3","67301","0","","1.0","","99","N","N","N","0","","0","0","1","3","2","","2343","2","0","0","0","0","0","2","2","0","2","0","0","0","3","03","","N","","","","","","","","","",""
"2020071206","1222","0","0","0","0","0","0","0","0","0","4","0","","67","8","2020","7","40.000404","-75.083692","1205","6","0","0","0","0","0","1","0","0","","0","0","0","12","1","1","","2","0","40 00:01.453","","2","75 05:01.291","3","0","0","1","67301","0","0","0","N","0","0","0","2","67301","0","","1.0","","9","N","N","N","1","","1","0","0","3","2","","1204","2","1","0","0","0","0","0","2","0","2","0","0","0","7","04","","N","","","","","","","","","",""
"2020074927","2010","3","0","0","0","0","0","0","0","0","5","0","","67","9","2020","7","40.012944","-75.15375","2006","6","0","0","0","0","0","0","0","0","","0","0","0","20","3","0","N","0","2","40 00:46.600","1","0","75 09:13.500","0","0","0","0","67301","0","0","0","N","0","0","0","1","67301","0","","6.0","2240.0","1","N","N","N","0","","0","0","1","0","0","Y","2003","4","0","0","0","0","0","0","2","0","4","0","0","0","3","03","","N","","","","","","","","","",""
"2020076445","1555","2","0","0","0","0","0","0","0","0","7","0","","67","9","2020","4","39.920626","-75.150178","1652","6","0","0","0","0","0","0","0","1","","0","0","0","15","1","1","","1","0","39 55:14.253","","0","75 09:00.640","8","0","0","0","67301","0","0","0","N","0","0","0","1","67301","0","","4.0","","1","N","N","N","0","","0","0","0","3","2","","1552","2","1","1","0","0","1","0","2","0","2","0","0","0","3","03","","N","","","","","","","","","",""
"2020071363","0235","0","0","0","0","0","0","0","0","0","5","0","","67","8","2020","2","40.001978","-75.133819","0235","6","0","0","0","0","0","0","0","0","","0","0","0","02","3","0","N","0","0","40 00:07.120","","0","75 08:01.750","0","0","0","0","67301","0","0","0","N","0","0","0","1","67301","0","","6.0","","1","N","N","N","0","","0","0","1","0","0","","0235","2","0","0","0","0","0","0","2","1","2","0","0","0","3","03","","N","","","","","","","","","",""
"2020079645","1355","1","0","0","0","0","0","0","0","0","4","0","","67","9","2020","3","39.975032","-75.191512","1343","6","0","0","0","0","0","0","0","0","","0","0","0","13","1","3","N","0","0","39 58:30.116","","7","75 11:29.443","3","0","0","0","67301","0","0","0","N","0","0","0","4","67301","1","","1.0","","1","N","N","N","0","","2","0","1","0","0","","1330","2","3","0","0","0","0","0","2","0","2","0","0","0","3","03","","N","","","","","","","","","",""
"2020077073","2127","1","0","0","0","0","0","0","0","0","4","0","","67","9","2020","5","40.039509","-75.116697","2126","6","0","0","0","0","0","1","0","0","","0","0","0","16","1","1","","11","0","40 02:22.232","","7","75 07:00.109","3","0","0","0","67301","0","0","0","N","0","0","0","2","67301","0","","1.0","","1","N","N","N","0","","1","0","1","3","3","","1604","2","1","0","0","0","0","0","2","0","2","0","0","0","3","03","","N","","","","","","","","","",""
"2020073931","1228","1","0","0","0","0","0","0","0","0","7","0","","67","9","2020","3","39.989","-75.135417","0019","6","0","0","0","0","0","0","0","0","","0","0","0","00","3","0","N","0","0","39 59:20.400","","0","75 08:07.500","0","0","0","0","67301","0","0","0","N","0","0","0","1","67301","0","","4.0","","1","N","N","N","0","","0","0","0","0","0","","0010","1","0","0","0","0","0","0","2","0","1","0","0","0","3","03","","N","","","","","","","","","",""
"2020074923","1706","1","0","0","0","0","0","0","0","0","4","0","","67","9","2020","7","39.993266","-75.169703","1705","6","0","0","0","0","0","1","0","0","","0","0","0","17","1","1","","1","0","39 59:35.757","","0","75 10:10.930","4","0","0","0","67301","0","0","0","N","0","0","0","2","67301","1","","1.0","","1","N","N","N","1","","0","0","0","3","3","","1700","2","1","2","0","0","0","0","2","0","2","0","0","0","3","03","","N","","","","","","","","","",""
"2020069818","1031","0","0","0","0","0","0","0","0","0","5","0","","67","8","2020","5","39.938044","-75.220981","1030","6","0","0","0","0","0","1","0","0","","0","0","0","08","3","0","N","0","0","39 56:16.960","","0","75 13:15.530","9","0","0","0","67301","0","0","0","N","0","0","0","1","67301","0","","6.0","","1","N","N","N","1","","0","0","1","0","0","","0830","2","0","1","0","0","0","1","2","0","2","0","0","0","3","","","N","","","","","","","","","",""
"2020080215","1235","1","0","0","0","0","0","0","0","0","8","0","","67","9","2020","3","39.957117","-75.201689","1232","6","0","0","0","0","0","1","0","0","","0","0","0","12","1","1","N","0","1","39 57:25.621","4","0","75 12:06.080","4","0","0","0","67301","1","0","0","N","1","0","0","2","67504","1","","1.0","1250.0","9","N","N","N","0","","0","0","0","3","2","Y","1230","2","1","0","0","0","0","0","2","0","1","1","0","0","4","","","N","","","","","","","","","",""
"2020075126","1105","2","0","0","0","0","0","0","0","0","5","0","","67","9","2020","1","40.06815","-75.02965","1100","6","0","0","0","0","0","0","0","0","","0","0","0","10","1","1","","2","0","40 04:05.340","","0","75 01:46.740","3","0","0","0","67301","0","0","0","N","0","0","0","2","67301","0","","1.0","","1","N","N","N","0","","1","0","0","3","2","","1050","2","1","0","0","0","0","0","2","0","2","0","0","0","3","03","","N","","","","","","","","","",""
"2020073263","1600","0","0","0","0","0","0","0","0","0","8","0","","67","9","2020","6","39.969611","-75.140658","1539","6","0","0","0","0","0","0","0","0","","0","0","0","14","1","1","","1","0","39 58:10.600","","0","75 08:26.370","3","0","0","0","67301","1","0","0","N","0","0","0","2","67301","0","","1.0","","1","N","N","N","0","","1","0","0","3","2","","1445","2","1","0","0","0","0","0","2","0","1","1","0","0","3","03","","N","","","","","","","","","",""
"2020072584","2345","2","0","0","0","0","0","0","0","0","4","0","","67","9","2020","7","39.980631","-75.120131","2344","6","0","0","0","0","0","0","0","0","","0","0","0","22","3","1","","1","0","39 58:50.271","","0","75 07:12.471","3","0","0","0","67301","0","0","0","N","0","0","0","2","67301","0","","1.0","","1","N","N","N","0","","1","0","0","3","3","","2246","3","1","0","0","0","0","0","2","1","3","0","0","0","3","03","","N","","","","","","","","","",""
"2020076879","1640","2","0","0","0","0","0","0","0","0","1","0","","67","9","2020","3","40.094644","-75.015196","1633","6","0","0","0","0","0","0","0","0","","0","0","0","16","1","1","","1","0","40 05:40.718","","0","75 00:54.707","3","0","0","0","67301","0","0","0","N","0","0","0","3","67301","0","","1.0","","1","N","N","N","1","","1","0","0","3","2","","1620","3","1","0","0","0","0","0","2","0","3","0","0","0","3","03","","N","","","","","","","","","",""
"2020070947","0736","0","0","0","0","0","0","0","0","0","4","0","","67","8","2020","1","40.003273","-75.165898","0736","6","0","0","0","0","0","1","0","0","","0","0","0","07","1","1","","1","0","40 00:11.783","","0","75 09:57.234","3","0","0","0","67301","0","0","0","N","0","0","0","2","67301","0","","1.0","","1","N","N","N","0","","1","0","2","3","2","","0735","2","1","0","0","0","0","0","2","0","2","0","0","0","3","","","N","","","","","","","","","",""
"2020074658","0310","3","0","0","0","0","0","0","0","0","4","0","","67","9","2020","7","39.956234","-75.219608","0305","6","0","0","0","0","0","0","0","0","","0","0","0","03","3","0","","1","2","39 57:22.442","5","0","75 13:10.587","9","0","0","0","67301","0","0","0","N","0","0","0","2","67301","0","","1.0","337.0","1","N","N","N","0","","0","0","1","3","2","Y","0300","4","0","1","0","0","0","2","2","0","4","0","0","0","3","03","","N","","","","","","","","","",""
"2020076731","2152","1","0","0","0","0","0","0","0","0","7","0","","67","8","2020","7","39.982178","-75.10046","2147","6","0","0","0","1","0","0","0","0","","0","0","0","20","3","1","N","0","0","39 58:55.839","","0","75 06:01.656","3","0","0","0","67301","0","0","0","N","0","0","0","2","68K01","0","","3.0","","1","N","N","N","0","","1","0","0","0","0","","2049","1","1","0","0","0","0","0","2","0","1","0","0","0","3","","","N","","","","","","","","","",""
"2020076448","0635","1","0","0","0","0","0","0","0","0","7","0","","67","9","2020","7","39.973009","-75.214323","0630","6","0","0","0","0","0","0","0","0","","0","0","0","06","1","0","N","0","0","39 58:22.831","","0","75 12:51.562","0","0","0","0","67301","0","0","0","N","0","0","0","1","67301","0","","4.0","","1","N","N","N","0","","0","0","0","0","0","","0630","1","0","0","0","0","0","0","2","0","1","0","0","0","3","","","N","","","","","","","","","",""
"2020086177","0355","0","0","0","0","0","0","0","0","0","7","0","","67","10","2020","6","40.070894","-75.038405","0348","6","0","0","0","0","0","0","0","0","","0","0","0","03","3","0","N","0","0","40 04:15.217","","0","75 02:18.257","0","0","0","0","67301","0","0","0","N","0","0","0","1","67301","0","","3.0","","1","N","N","N","0","","0","0","1","0","0","","0343","1","0","0","0","0","0","0","2","0","1","0","0","0","3","03","","N","","","","","","","","","",""
"2020088435","2330","2","0","0","0","0","0","0","0","0","4","0","","67","10","2020","4","39.983183","-75.144946","2329","6","0","0","0","0","0","1","0","0","","0","0","0","22","3","2","","1","0","39 58:59.458","","0","75 08:41.805","3","0","0","0","67301","0","0","0","N","0","0","0","5","67301","0","","1.0","","1","N","N","N","0","","2","0","0","3","3","","2259","2","2","0","0","0","0","0","2","0","2","0","0","0","3","03","","N","","","","","","","","","",""
"2020088907","1959","1","0","0","0","0","0","0","0","0","4","0","","67","10","2020","3","39.966575","-75.239816","1957","6","0","0","0","1","0","1","0","0","","0","0","0","19","3","2","","1","2","39 57:59.670","6","0","75 14:23.337","3","0","0","0","67301","0","0","0","N","0","0","0","2","67301","0","","1.0","2140.0","1","N","N","N","0","","2","0","0","3","2","Y","1956","2","2","2","0","0","0","0","2","1","2","0","0","0","3","03","","N","","","","","","","","","",""
"2020069461","0242","2","0","0","0","0","0","0","0","0","4","0","","67","8","2020","4","39.938267","-75.170015","0230","6","0","0","0","0","0","0","0","0","","0","0","0","02","3","0","","1","1","39 56:17.761","1","0","75 10:12.053","0","0","0","1","67301","0","0","0","N","0","0","0","2","67301","0","","1.0","100.0","1","N","N","N","0","","0","0","0","3","2","N","0230","3","0","0","0","0","0","0","2","0","3","0","0","0","3","03","","N","","","","","","","","","",""
"2020072487","1800","1","0","0","1","0","0","0","0","0","8","0","","67","9","2020","6","40.051528","-75.082361","1756","6","0","0","0","0","0","0","0","0","","0","0","0","17","1","1","N","0","0","40 03:05.500","","0","75 04:56.500","4","0","0","0","67301","1","0","0","N","0","0","0","2","67301","1","","1.0","","1","N","N","N","0","","0","0","0","0","0","","1753","2","1","0","0","0","0","0","2","0","1","1","0","0","3","03","","N","","","","","","","","","",""
"2020073381","2225","1","0","0","0","0","0","0","0","0","4","0","","67","9","2020","3","39.990886","-75.122086","2225","6","0","0","0","0","0","0","0","0","","0","0","0","22","3","1","","1","0","39 59:27.189","","0","75 07:19.509","8","0","0","0","67301","0","0","0","N","0","0","0","2","67301","0","","1.0","","1","N","N","Y","0","","0","0","1","3","3","","2220","3","1","0","0","0","1","0","2","0","3","0","0","0","3","03","","N","","","","","","","","","",""
"2020078414","1203","1","0","0","0","0","0","0","0","0","7","0","","67","9","2020","7","39.949239","-75.141889","1203","6","0","0","0","0","0","1","0","0","","0","0","0","12","1","0","N","0","0","39 56:57.260","","0","75 08:30.802","0","0","0","0","67301","0","0","0","N","0","0","0","1","68K01","0","","4.0","","1","N","N","N","0","","0","0","0","0","0","","1202","1","0","1","0","0","0","0","2","0","1","0","0","0","3","03","","N","","","","","","","","","",""
"2020072121","0055","1","0","0","0","0","0","0","0","0","4","0","","67","9","2020","4","40.034763","-75.071053","0047","6","0","0","0","0","0","0","0","0","","0","0","0","00","3","2","","1","1","40 02:05.146","1","0","75 04:15.791","2","0","0","0","67301","0","0","0","N","0","0","0","2","67301","0","","1.0","135.0","1","N","N","N","0","","1","1","1","3","2","N","0044","2","2","0","0","0","0","0","2","0","2","0","0","0","3","03","","N","","","","","","","","","",""
"2020080407","0757","1","0","0","0","0","0","0","0","0","1","0","","67","9","2020","4","39.9595","-75.174827","0746","6","0","0","0","0","0","2","0","0","","0","0","0","07","1","1","N","0","0","39 57:34.199","","0","75 10:29.377","8","0","0","0","67301","0","0","0","N","0","0","0","2","68K01","0","","1.0","","1","N","N","N","0","","0","0","1","0","0","","0742","2","1","0","0","0","1","0","2","0","2","0","0","0","3","","","N","","","","","","","","","",""
"2020073542","1535","0","0","0","0","0","0","0","0","0","5","0","","67","9","2020","3","40.108256","-74.996983","1530","6","0","0","0","0","0","0","0","1","","0","0","0","15","1","3","N","0","0","40 06:29.722","","3","74 59:49.137","3","0","0","0","67301","0","0","0","N","0","0","0","4","67301","1","","1.0","","1","N","N","N","0","","2","0","2","0","0","","1519","3","3","0","0","0","0","0","2","1","3","0","0","0","3","","","N","","","","","","","","","",""
"2020072494","0428","2","0","0","0","0","0","0","0","0","4","0","","67","9","2020","5","39.913562","-75.221589","0354","6","0","0","0","1","0","0","0","0","","0","0","0","3","3","1","","2","1","39 54:48.822","1","0","75 13:17.722","3","0","0","0","67301","0","0","0","N","0","0","0","2","67301","0","","1.0","543.0","1","N","N","N","0","","1","0","0","3","2","N","354","2","1","1","0","0","0","0","2","0","2","0","0","0","3","03","","N","","","","","","","","","",""
"2020075626","1500","1","0","0","0","0","0","0","0","0","4","0","","67","9","2020","3","39.960195","-75.154843","1500","6","0","0","0","0","1","0","0","0","","0","0","0","13","1","1","","1","0","39 57:36.701","","0","75 09:17.434","3","0","0","0","67301","0","0","0","N","0","0","0","2","67301","0","","1.0","","1","N","N","N","0","","1","0","1","3","3","","1300","2","1","0","0","0","0","0","2","0","2","0","0","0","3","03","","N","","","","","","","","","",""
"2020083020","1500","0","0","0","0","0","0","0","0","0","2","0","","67","10","2020","2","40.008148","-75.072467","1449","6","0","0","0","0","0","2","0","0","","0","0","0","14","1","1","","1","0","40 00:29.331","","0","75 04:20.880","2","0","1","1","67301","0","0","0","N","0","0","0","2","67301","0","","1.0","","1","N","N","N","1","","0","1","0","3","2","","1445","2","1","0","0","0","0","0","2","0","2","0","0","0","3","03","","N","","","","","","","","","",""
"2021018829","1440","2","0","0","0","0","0","0","0","0","1","0","","67","10","2020","3","39.963735","-75.146566","","6","0","0","0","0","0","1","0","0","","0","0","0","14","1","1","","2","0","39 57:49.445","","0","75 08:47.637","8","0","0","0","67301","0","0","0","N","0","0","0","2","00000","0","","1.0","","1","","","N","0","","0","0","0","0","0","","1440","2","1","0","0","0","1","0","2","0","2","0","0","0","3","","","N","","","","","","","","","",""
"2021011681","1840","2","0","0","0","0","0","0","0","0","1","0","","67","9","2020","5","39.894468","-75.246766","","6","0","0","0","0","0","0","0","0","","0","0","0","18","1","1","","1","0","39 53:40.085","","0","75 14:48.358","8","0","0","0","67301","0","0","0","N","0","0","0","4","00000","0","","1.0","","1","","","N","0","","0","0","0","3","2","","1840","4","1","0","0","0","1","0","2","0","4","0","0","0","3","","","N","","","","","","","","","",""
"2020076730","2041","2","0","0","0","0","0","0","0","0","1","0","","67","8","2020","7","39.980838","-75.103881","2033","6","0","0","0","0","0","0","0","0","","0","0","0","20","3","0","N","0","1","39 58:51.015","2","0","75 06:13.971","0","0","0","0","67301","0","0","0","N","0","0","0","5","68K01","0","","1.0","2125.0","1","N","N","N","0","","0","0","0","0","0","N","2030","2","0","0","0","0","0","0","2","0","2","0","0","0","3","","","N","","","","","","","","","",""
"2020070574","1900","1","0","0","0","0","0","0","0","0","4","0","","67","8","2020","7","40.003833","-75.124153","1900","6","0","0","1","0","0","0","0","0","","0","0","0","17","1","1","","2","0","40 00:13.798","","0","75 07:26.950","3","0","0","0","67301","0","0","0","N","0","0","0","2","67301","0","","1.0","","9","N","N","N","0","","1","0","0","3","3","","1700","2","1","1","0","0","0","0","2","1","2","0","0","0","3","03","","N","","","","","","","","","",""
"2020084329","1600","3","0","0","0","0","0","0","0","0","2","0","","67","10","2020","6","40.052986","-75.170879","1534","6","0","0","0","0","0","0","0","0","","0","0","0","15","1","3","N","0","0","40 03:10.748","","0","75 10:15.164","8","0","0","0","67301","0","0","0","N","0","0","0","3","67301","0","","1.0","","1","N","N","Y","0","","0","0","0","0","0","","1534","3","3","0","0","0","3","0","2","0","3","0","0","0","3","03","","N","","","","","","","","","",""
"2020070136","1730","1","0","0","0","0","0","0","0","0","4","0","","67","8","2020","6","40.110705","-75.020836","1721","6","0","0","0","0","0","1","1","0","","0","0","0","17","1","1","","1","0","40 06:38.538","","0","75 01:15.009","3","0","0","0","67301","0","0","0","N","0","0","0","3","67301","0","","1.0","","9","N","N","N","0","","1","0","1","3","3","","1710","2","1","0","0","0","0","0","2","0","2","0","0","0","7","","","N","","","","","","","","","",""
"2020074738","0941","1","0","0","0","0","0","0","0","0","5","0","","67","9","2020","6","39.982461","-75.240528","0940","6","0","0","0","0","0","0","0","0","","0","0","0","9","1","0","N","0","0","39 58:56.861","","0","75 14:25.901","0","0","0","0","67301","0","0","0","N","0","0","0","1","67301","0","","6.0","","1","N","N","N","1","","0","0","0","0","0","","930","2","0","1","0","0","0","0","2","0","2","0","0","0","3","03","","N","","","","","","","","","",""
"2020077318","1658","1","0","0","0","0","0","0","0","0","5","0","","67","9","2020","5","39.961366","-75.224578","1656","6","0","0","0","0","0","0","0","0","","0","0","0","16","1","0","N","0","0","39 57:40.916","","0","75 13:28.481","9","0","0","0","67301","0","0","0","N","0","0","0","1","67301","0","","6.0","","1","N","N","N","0","","0","0","1","0","0","","1610","2","0","0","0","0","0","1","2","0","2","0","0","0","4","04","","N","","","","","","","","","",""
"2020074585","1640","1","0","0","0","0","0","0","0","0","4","0","","67","9","2020","2","39.958469","-75.213025","1636","6","0","0","0","0","0","0","1","0","","0","0","0","15","1","1","","2","0","39 57:30.489","","1","75 12:46.891","3","0","0","1","67301","0","0","0","N","0","0","0","2","67301","0","","1.0","","1","N","N","N","0","","1","0","0","0","0","","1515","2","1","0","0","0","0","0","2","0","2","0","0","0","3","03","","N","","","","","","","","","",""
"2020069952","0043","1","0","0","0","0","0","0","0","0","4","0","","67","8","2020","6","39.956314","-75.239905","0043","6","0","0","0","1","0","0","0","0","","0","0","0","0","3","5","","1","2","39 57:22.730","7","0","75 14:23.657","2","0","0","0","67301","0","0","0","N","0","0","0","5","67301","0","","1.0","140.0","1","N","N","N","1","","2","3","0","3","2","N","43","2","5","5","0","3","0","0","2","0","2","0","0","0","3","03","","N","","","","","","","","","",""
"2020073373","2152","1","0","0","1","0","0","0","0","0","8","0","","67","9","2020","1","39.93973","-75.225514","2150","6","0","0","0","0","0","0","0","0","","0","0","0","21","3","1","","1","0","39 56:23.027","","0","75 13:31.850","8","0","0","0","67301","1","0","0","N","0","0","0","2","67301","0","","1.0","","1","N","N","N","0","","0","0","0","3","2","","2146","2","1","1","0","0","1","0","2","0","1","1","0","0","3","03","","N","","","","","","","","","",""
"2020112399","0045","1","0","0","0","0","0","0","0","0","8","0","","67","12","2020","7","40.045894","-75.130474","0038","6","0","0","0","0","0","0","0","0","","0","0","0","22","3","1","","1","0","40 02:45.217","","0","75 07:49.707","3","0","0","0","67301","1","0","0","N","1","0","0","2","67301","0","","1.0","","1","N","N","N","0","","1","0","0","0","0","","2215","2","1","0","0","0","0","0","2","0","1","1","0","0","3","","","N","","","","","","","","","",""
"2020071754","1508","0","0","0","0","0","0","0","0","0","4","0","","67","8","2020","2","39.977138","-75.157053","1506","6","0","0","0","0","0","0","0","0","","0","0","0","14","1","1","","2","0","39 58:37.698","","0","75 09:25.389","3","0","0","0","67301","0","0","0","N","0","0","0","2","67301","0","","1.0","","1","N","N","N","0","","1","0","1","3","3","","1452","2","1","1","0","0","0","0","2","0","2","0","0","0","3","04","","N","","","","","","","","","",""
"2020064938","1538","2","0","0","0","0","0","0","0","0","1","0","","67","8","2020","4","39.976844","-75.177036","1528","6","0","0","0","0","0","0","0","0","","0","0","0","14","1","1","N","0","2","39 58:36.640","4","0","75 10:37.330","3","0","0","0","67301","0","0","0","N","0","0","0","2","67301","0","","1.0","1645.0","9","N","N","N","0","","1","0","0","0","0","N","1431","2","1","0","0","0","0","0","2","0","2","0","0","0","7","04","","N","","","","","","","","","",""
"2020076225","1800","3","0","0","0","0","0","0","0","0","5","0","","67","9","2020","4","40.075878","-75.171131","1800","6","0","0","0","0","0","1","0","0","","0","0","0","17","4","0","N","0","0","40 04:33.160","","0","75 10:16.070","0","0","0","0","67301","0","0","0","N","0","0","0","1","67301","0","","6.0","","1","N","N","N","0","","0","0","1","0","0","","1751","5","0","0","0","0","0","0","2","1","5","0","0","0","3","03","","N","","","","","","","","","",""
"2020075627","1928","2","0","0","0","0","0","0","0","0","4","0","","67","9","2020","1","39.940369","-75.236609","1927","6","0","0","0","0","0","1","0","1","","0","0","0","19","4","1","","1","0","39 56:25.327","","0","75 14:11.791","8","0","0","0","67301","0","0","0","N","0","0","0","4","67301","0","","1.0","","1","N","N","N","0","","0","0","1","3","2","","1926","4","1","0","0","0","1","0","2","1","4","0","0","0","3","03","","N","","","","","","","","","",""
"2020073252","1600","2","0","0","0","0","0","0","0","0","5","0","","67","9","2020","1","39.921414","-75.228389","1554","6","0","0","0","0","0","1","0","0","","0","0","0","15","1","1","N","0","0","39 55:17.090","","0","75 13:42.200","8","0","0","0","67301","0","0","0","N","0","0","0","3","67301","0","","1.0","","1","N","N","N","0","","0","0","1","0","0","","1533","3","1","3","0","0","1","0","2","0","3","0","0","0","3","03","","N","","","","","","","","","",""
"2020074857","0030","2","0","0","0","0","0","0","0","0","4","0","","67","9","2020","7","40.002106","-75.144234","0030","6","0","0","0","0","0","1","0","0","","0","0","0","6","5","1","","5","0","40 00:07.582","","0","75 08:39.242","3","0","0","0","67301","0","0","0","N","0","0","0","2","67301","0","","1.0","","1","N","N","N","0","","1","0","0","3","2","","645","2","1","0","0","0","0","0","2","0","2","0","0","0","3","","","N","","","","","","","","","",""
"2020083995","2209","3","0","0","0","0","0","0","0","0","1","0","","67","9","2020","1","39.941365","-75.194589","2200","6","0","0","0","0","0","1","0","0","","0","0","0","21","6","5","N","0","1","39 56:28.915","4","0","75 11:40.521","3","0","0","0","67301","0","0","0","N","0","0","0","13","68K01","0","","1.0","2335.0","1","N","N","N","0","","5","0","1","0","0","N","2156","5","5","0","0","0","0","0","2","1","5","0","0","0","3","","","N","","","","","","","","","",""
"2020070674","1439","0","0","0","0","0","0","0","0","0","4","0","","67","8","2020","7","40.05059","-75.142211","1439","6","0","0","0","0","0","0","0","0","","0","0","0","17","1","1","","1","0","40 03:02.124","","0","75 08:31.960","3","0","0","0","67301","0","0","0","N","0","0","0","2","67301","0","","1.0","","1","N","N","N","0","","1","0","0","3","2","","1730","2","1","0","0","0","0","1","2","1","2","0","0","0","3","03","","N","","","","","","","","","",""
"2020070555","1840","1","0","0","0","0","0","0","0","0","5","0","","67","8","2020","1","39.977806","-75.150778","1840","6","0","0","0","0","0","0","0","0","","0","0","0","18","1","0","N","0","0","39 58:40.100","","0","75 09:02.800","9","0","0","0","67301","0","0","0","N","0","0","0","2","67505","0","","1.0","","1","N","N","N","0","","0","0","0","0","0","","1835","2","0","0","0","0","0","1","2","1","2","0","0","0","3","03","","N","","","","","","","","","",""