"CRN","ARRIVAL_TM","AUTOMOBILE_COUNT","BELTED_DEATH_COUNT","BELTED_SUSP_SERIOUS_INJ_COUNT","BICYCLE_COUNT","BICYCLE_DEATH_COUNT","BICYCLE_SUSP_SERIOUS_INJ_COUNT","BUS_COUNT","CHLDPAS_DEATH_COUNT","CHLDPAS_SUSP_SERIOUS_INJ_COUNT","COLLISION_TYPE","COMM_VEH_COUNT","CONS_ZONE_SPD_LIM","COUNTY","CRASH_MONTH","CRASH_YEAR","DAY_OF_WEEK","DEC_LATITUDE","DEC_LONGITUDE","DISPATCH_TM","DISTRICT","DRIVER_COUNT_16YR","DRIVER_COUNT_17YR","DRIVER_COUNT_18YR","DRIVER_COUNT_19YR","DRIVER_COUNT_20YR","DRIVER_COUNT_50_64YR","DRIVER_COUNT_65_74YR","DRIVER_COUNT_75PLUS","EST_HRS_CLOSED","FATAL_COUNT","HEAVY_TRUCK_COUNT","HORSE_BUGGY_COUNT","HOUR_OF_DAY","ILLUMINATION","INJURY_COUNT","INTERSECTION_RELATED","INTERSECT_TYPE","LANE_CLOSED","LATITUDE","LN_CLOSE_DIR","LOCATION_TYPE","LONGITUDE","MAX_SEVERITY_LEVEL","MCYCLE_DEATH_COUNT","MCYCLE_SUSP_SERIOUS_INJ_COUNT","MOTORCYCLE_COUNT","MUNICIPALITY","NONMOTR_COUNT","NONMOTR_DEATH_COUNT","NONMOTR_SUSP_SERIOUS_INJ_COUNT","NTFY_HIWY_MAINT","PED_COUNT","PED_DEATH_COUNT","PED_SUSP_SERIOUS_INJ_COUNT","PERSON_COUNT","POLICE_AGCY","POSSIBLE_INJ_COUNT","RDWY_SURF_TYPE_CD","RELATION_TO_ROAD","ROADWAY_CLEARED","ROAD_CONDITION","SCH_BUS_IND","SCH_ZONE_IND","SECONDARY_CRASH","SMALL_TRUCK_COUNT","SPEC_JURIS_CD","SUSP_MINOR_INJ_COUNT","SUSP_SERIOUS_INJ_COUNT","SUV_COUNT","TCD_FUNC_CD","TCD_TYPE","TFC_DETOUR_IND","TIME_OF_DAY","TOTAL_UNITS","TOT_INJ_COUNT","UNBELTED_OCC_COUNT","UNB_DEATH_COUNT","UNB_SUSP_SERIOUS_INJ_COUNT","UNK_INJ_DEG_COUNT","UNK_INJ_PER_COUNT","URBAN_RURAL","VAN_COUNT","VEHICLE_COUNT","VULNERABLE_ROAD_USER_COUNT","VULNERABLE_ROAD_USER_DEATH_COUNT","VULNERABLE_ROAD_USER_SER_INJ_COUNT","WEATHER1","WEATHER2","WORKERS_PRES","WORK_ZONE_IND","WORK_ZONE_LOC","WORK_ZONE_TYPE","WZ_CLOSE_DETOUR","WZ_FLAGGER","WZ_LAW_OFFCR_IND","WZ_LN_CLOSURE","WZ_MOVING","WZ_OTHER","WZ_SHLDER_MDN","WZ_WORKERS_INJ_KILLED"
"2020083019","0012","1","0","0","0","0","0","0","0","0","4","0","","67","10","2020","1","40.016332","-75.07461","2337","6","0","0","0","0","0","0","0","0","","0","0","0","23","3","0","N","0","0","40 00:58.796","","0","75 04:28.595","9","0","0","0","67301","0","0","0","N","0","0","0","1","67301","0","","1.0","","1","N","N","N","0","","0","0","1","9","3","","2307","2","0","0","0","0","0","1","2","0","2","0","0","0","3","03","","N","","","","","","","","","",""
"2020063957","1707","0","0","0","1","0","0","0","0","0","8","0","","67","8","2020","1","40.067266","-75.146726","1703","6","0","0","0","0","0","0","0","0","","0","0","0","16","1","1","","2","0","40 04:02.157","","0","75 08:48.213","8","0","0","0","67301","1","0","0","N","0","0","0","2","67301","0","","1.0","","1","N","N","N","0","","0","0","1","3","3","","1648","2","1","0","0","0","1","0","2","0","1","1","0","0","3","","","N","","","","","","","","","",""
"2020073155","0828","0","0","0","0","0","0","0","0","0","5","0","","67","9","2020","2","39.9298","-75.192303","0826","6","0","0","0","0","0","0","0","0","","0","0","0","7","1","0","N","0","2","39 55:47.280","3","0","75 11:32.290","0","0","0","0","67301","0","0","0","N","0","0","0","1","67301","0","","6.0","45.0","1","N","N","N","0","","0","0","3","0","0","Y","750","3","0","0","0","0","0","0","2","0","3","0","0","0","3","","","N","","","","","","","","","",""
"2020076472","0007","2","0","0","0","0","0","0","0","0","4","0","","67","9","2020","3","40.011778","-75.113","0005","6","0","1","0","0","0","0","0","0","","0","0","0","22","3","1","","2","0","40 00:42.400","","7","75 06:46.800","3","0","0","0","67301","0","0","0","N","0","0","0","2","67301","0","","1.0","","1","N","N","N","0","","1","0","0","0","0","","2235","2","1","0","0","0","0","1","2","0","2","0","0","0","3","03","","N","","","","","","","","","",""
"2020095937","1418","1","0","0","0","0","0","0","0","0","1","0","","67","9","2020","4","40.009604","-75.151047","1406","6","0","0","0","0","0","0","0","0","","0","0","0","13","1","0","Y","0","0","40 00:34.573","","0","75 09:03.769","0","0","0","0","67301","0","0","0","N","0","0","0","2","67301","0","","1.0","","1","N","N","N","0","","0","0","1","3","2","","1349","2","0","0","0","0","0","0","2","0","2","0","0","0","3","03","","N","","","","","","","","","",""
"2020072580","2028","1","0","0","0","0","0","0","0","0","4","0","","67","9","2020","6","40.022111","-75.1161","2019","6","0","0","0","0","0","0","0","0","","0","0","0","20","3","4","","1","1","40 01:19.599","7","0","75 06:57.960","3","0","0","0","67301","0","0","0","N","0","0","0","5","67301","0","","1.0","2117.0","1","N","N","N","0","","4","0","1","3","3","Y","2017","2","4","1","0","0","0","0","2","0","2","0","0","0","3","03","","N","","","","","","","","","",""
"2020076012","1547","1","0","0","1","0","0","0","0","0","8","0","","67","9","2020","4","39.947708","-75.198621","1540","6","0","0","0","0","0","0","0","0","","0","0","0","15","1","1","","2","1","39 56:51.748","4","0","75 11:55.037","4","0","0","0","67301","1","0","0","N","0","0","0","2","67504","1","","1.0","1600.0","1","N","N","N","0","","0","0","0","3","2","N","1540","2","1","0","0","0","0","0","2","0","1","1","0","0","3","03","","N","","","","","","","","","",""
"2020071210","0832","2","0","0","0","0","0","0","0","0","5","0","","67","9","2020","3","40.013992","-75.072511","0832","6","0","0","0","0","0","0","0","0","","0","0","0","3","6","0","N","0","0","40 00:50.370","","0","75 04:21.040","0","0","0","0","67301","0","0","0","N","0","0","0","1","67301","0","","6.0","","1","N","N","N","0","","0","0","0","0","0","","330","2","0","1","0","0","0","0","2","0","2","0","0","0","3","","","N","","","","","","","","","",""
"2020073073","1804","0","0","0","0","0","0","0","0","0","4","0","","67","9","2020","7","40.010074","-75.157612","1752","6","0","0","0","0","0","0","0","0","","0","0","0","17","1","1","","1","0","40 00:36.265","","0","75 09:27.402","3","0","0","1","67301","0","0","0","N","0","0","0","2","67301","0","","1.0","","1","N","N","N","0","","1","0","1","3","1","","1750","2","1","0","0","0","0","0","2","0","2","0","0","0","3","03","","N","","","","","","","","","",""
"2020098285","0908","1","0","0","1","0","0","0","0","0","8","0","","67","9","2020","2","39.937667","-75.190331","0908","6","0","0","0","0","0","0","0","0","","0","0","0","17","1","1","N","0","0","39 56:15.600","","0","75 11:25.190","3","0","0","0","67301","1","0","0","N","0","0","0","2","67301","0","","1.0","","1","N","N","N","0","","1","0","0","0","0","","1725","2","1","0","0","0","0","0","2","0","1","1","0","0","3","03","","N","","","","","","","","","",""
"2020086207","2223","1","0","0","0","0","0","0","0","0","8","0","","67","10","2020","4","39.969764","-75.157925","2221","6","0","0","0","0","0","0","0","0","","0","0","0","22","3","1","N","0","0","39 58:11.150","","0","75 09:28.530","4","0","0","0","67301","1","0","0","N","1","0","0","2","67301","1","","1.0","","1","N","N","N","0","","0","0","0","0","0","","2217","2","1","1","0","0","0","0","2","0","1","1","0","0","3","03","","N","","","","","","","","","",""
"2020070570","2042","2","0","0","0","0","0","0","0","0","4","0","","67","8","2020","6","40.034107","-75.176519","2027","6","0","0","0","0","0","1","0","0","","0","0","0","20","3","0","","1","0","40 02:02.785","","0","75 10:35.468","0","0","0","0","67301","0","0","0","N","0","0","0","2","67301","0","","1.0","","9","N","N","N","0","","0","0","0","3","2","","2019","2","0","2","0","0","0","0","2","0","2","0","0","0","7","","","N","","","","","","","","","",""
"2020070923","0924","2","0","0","0","0","0","0","0","0","1","0","","67","8","2020","2","39.949039","-75.157275","0922","6","0","0","0","0","0","0","0","0","","0","0","0","9","1","1","Y","0","0","39 56:56.540","","0","75 09:26.190","4","0","0","0","67301","0","0","0","N","0","0","0","3","67301","1","","1.0","","1","N","N","N","0","","0","0","0","3","2","","919","2","1","0","0","0","0","0","2","0","2","0","0","0","3","03","","N","","","","","","","","","",""
"2020070149","1355","1","0","0","0","0","0","0","0","0","8","0","","67","8","2020","6","39.98979","-75.158788","1345","6","0","0","0","0","0","0","0","0","","0","0","0","13","1","1","","1","0","39 59:23.243","","0","75 09:31.636","3","0","0","0","67301","1","0","0","N","1","0","0","2","67301","0","","1.0","","1","N","N","N","0","","1","0","0","3","2","","1345","2","1","0","0","0","0","0","2","0","1","1","0","0","3","03","","N","","","","","","","","","",""
"2020077977","0118","1","0","0","0","0","0","0","0","0","5","0","","67","9","2020","7","39.957455","-75.146478","0117","6","0","0","0","0","0","0","0","0","","0","0","0","1","3","0","N","0","1","39 57:26.837","4","0","75 08:47.322","0","0","0","0","67301","0","0","0","N","0","0","0","3","68K01","0","","1.0","130.0","1","N","N","N","0","","0","0","1","0","0","N","107","2","0","0","0","0","0","0","2","0","2","0","0","0","3","","","N","","","","","","","","","",""
"2020072182","0738","1","0","0","0","0","0","0","0","0","4","0","","67","9","2020","4","40.005403","-75.157838","0733","6","0","0","0","0","0","1","1","0","","0","0","0","7","1","0","","1","2","40 00:19.450","6","0","75 09:28.216","0","0","0","0","67301","0","0","0","N","0","0","0","2","67301","0","","1.0","825.0","1","N","N","N","0","","0","0","1","3","3","Y","718","2","0","0","0","0","0","0","2","0","2","0","0","0","3","03","","N","","","","","","","","","",""
"2020073254","1257","2","0","0","0","0","0","0","0","0","4","0","","67","9","2020","3","39.922401","-75.223165","1256","6","0","0","0","0","0","0","0","0","","0","0","0","12","1","1","","1","0","39 55:20.644","","0","75 13:23.395","3","0","0","0","67301","0","0","0","N","0","0","0","2","67301","0","","1.0","","1","N","N","N","0","","1","0","0","3","2","","1247","2","1","0","0","0","0","0","2","0","2","0","0","0","3","03","","N","","","","","","","","","",""
"2020076316","1430","0","0","0","0","0","0","0","0","0","4","0","","67","9","2020","2","39.927133","-75.232128","1418","6","0","0","0","0","1","0","0","0","","0","0","0","14","1","1","","2","2","39 55:37.678","4","0","75 13:55.660","4","0","0","0","67301","0","0","0","N","0","0","0","9","67508","1","","1.0","9999.0","1","N","N","Y","0","","0","0","1","0","0","N","1418","2","1","0","0","0","0","0","2","0","2","0","0","0","3","03","","N","","","","","","","","","",""
"2020084009","1950","1","0","0","0","0","0","0","0","0","5","0","","67","9","2020","1","39.959357","-75.174703","1942","6","0","0","0","0","0","0","0","0","","0","0","0","19","1","0","N","0","1","39 57:33.686","3","0","75 10:28.930","0","0","0","0","67301","0","0","0","N","0","0","0","6","68K01","0","","1.0","2010.0","1","N","N","N","1","","0","0","0","0","0","Y","1933","2","0","0","0","0","0","0","2","0","2","0","0","0","3","","","N","","","","","","","","","",""
"2020073065","1115","1","0","0","0","0","0","0","0","0","1","0","","67","9","2020","6","39.987","-75.105001","1111","6","0","0","0","0","0","1","0","1","","0","0","0","11","1","1","N","0","2","39 59:13.199","7","0","75 06:18.002","8","0","0","0","67301","1","0","0","N","1","0","0","3","67301","0","","1.0","1130.0","1","N","N","N","1","","0","0","2","0","0","N","1110","5","1","0","0","0","1","0","2","0","4","1","0","0","3","","","N","","","","","","","","","",""
"2020065737","2350","1","0","0","0","0","0","0","0","0","4","0","","67","8","2020","7","39.955154","-75.198331","2349","6","0","1","0","0","0","0","0","0","","0","0","0","23","3","0","","1","0","39 57:18.553","","0","75 11:53.991","0","0","0","0","67301","0","0","0","N","0","0","0","2","67504","0","","1.0","","1","N","N","N","0","","0","0","1","3","2","","2349","2","0","0","0","0","0","0","2","0","2","0","0","0","3","03","","N","","","","","","","","","",""
"2020077973","0510","1","0","0","0","0","0","0","0","0","7","0","","67","9","2020","6","39.910922","-75.149026","0455","6","0","0","0","0","0","1","0","0","","0","0","0","4","3","1","N","0","0","39 54:39.320","","0","75 08:56.492","3","0","0","0","67301","0","0","0","N","0","0","0","1","68K01","0","","4.0","","1","N","N","N","0","","1","0","0","0","0","","452","1","1","0","0","0","0","0","2","0","1","0","0","0","3","","","N","","","","","","","","","",""
"2020073250","1720","0","0","0","0","0","0","0","0","0","4","0","","67","9","2020","1","39.947766","-75.225373","1720","6","0","0","0","0","0","0","0","0","","0","0","0","0","3","0","","5","0","39 56:51.959","","0","75 13:31.342","9","0","0","0","67301","0","0","0","N","0","0","0","2","67301","0","","1.0","","1","N","N","N","1","","0","0","1","3","2","","1","2","0","0","0","0","0","1","2","0","2","0","0","0","99","","","N","","","","","","","","","",""
"2020070363","2045","2","0","0","0","0","0","0","0","0","4","0","","67","8","2020","7","40.033136","-75.170611","2045","6","0","0","0","0","0","0","0","0","","0","0","0","20","3","1","","1","0","40 01:59.290","","0","75 10:14.198","3","0","0","0","67301","0","0","0","N","0","0","0","3","67301","0","","1.0","","1","N","N","N","0","","1","0","0","3","2","","2030","2","1","0","0","0","0","0","2","0","2","0","0","0","3","","","N","","","","","","","","","",""
"2020070471","1042","1","0","0","0","0","0","0","0","0","4","0","","67","8","2020","1","39.976383","-75.162534","1040","6","0","0","0","0","0","1","0","0","","0","0","0","10","1","1","","1","0","39 58:34.977","","0","75 09:45.122","4","0","0","0","67301","0","0","0","N","0","0","0","2","67301","1","","1.0","","1","N","N","N","0","","0","0","1","3","3","","1035","2","1","0","0","0","0","0","2","0","2","0","0","0","3","03","","N","","","","","","","","","",""
"2020070571","0039","3","0","0","0","0","0","0","0","0","4","0","","67","8","2020","7","39.950462","-75.235053","0020","6","0","0","0","0","0","0","0","0","","0","0","0","23","3","4","","1","2","39 57:01.663","7","0","75 14:06.190","3","0","0","0","67301","0","0","0","N","0","0","0","5","67301","0","","1.0","110.0","1","N","N","Y","0","","1","0","0","3","3","Y","2320","3","4","1","0","0","3","1","2","0","3","0","0","0","3","03","","N","","","","","","","","","",""
"2020083650","0811","0","0","0","0","0","0","0","0","0","1","0","","67","10","2020","7","40.008468","-75.070409","0807","6","0","0","0","0","0","0","0","0","","0","0","0","8","1","2","N","0","1","40 00:30.484","2","0","75 04:13.474","3","0","0","0","67301","0","0","0","N","0","0","0","2","68K01","0","","1.0","815.0","1","N","N","N","0","","2","0","1","0","0","N","806","2","2","0","0","0","0","0","2","1","2","0","0","0","3","","","N","","","","","","","","","",""
"2020065762","1310","1","0","0","0","0","0","0","0","0","4","0","","67","8","2020","1","39.929157","-75.229232","1310","6","0","1","0","0","0","1","0","0","","0","0","0","13","1","2","","2","0","39 55:44.965","","0","75 13:45.235","3","0","0","0","67301","0","0","0","N","0","0","0","3","67301","0","","1.0","","1","N","N","N","0","","1","0","0","3","2","","1309","2","2","0","0","0","1","0","2","1","2","0","0","0","3","03","","N","","","","","","","","","",""
"2020065330","0145","2","0","0","0","0","0","0","0","0","2","0","","67","8","2020","6","39.964246","-75.221962","0140","6","0","0","0","0","0","1","0","0","","0","0","0","1","3","1","","1","1","39 57:51.285","6","0","75 13:19.063","3","0","0","0","67301","0","0","0","N","0","0","0","3","67301","0","","1.0","240.0","1","N","N","N","0","","1","0","1","3","2","Y","137","3","1","0","0","0","0","0","2","0","3","0","0","0","3","03","","N","","","","","","","","","",""
"2020063781","0114","1","0","0","0","0","0","0","0","0","5","0","","67","8","2020","1","39.969033","-75.225287","0114","6","0","0","0","0","0","0","0","0","","0","0","0","1","3","1","N","0","0","39 58:08.517","","0","75 13:31.033","3","0","0","0","67301","0","0","0","N","0","0","0","2","67301","0","","1.0","","1","N","N","N","0","","1","0","1","0","0","","113","2","1","0","0","0","0","0","2","0","2","0","0","0","3","","","N","","","","","","","","","",""
"2020070360","1030","2","0","0","0","0","0","0","0","0","4","0","","67","8","2020","7","40.041474","-75.08448","1017","6","0","0","0","0","0","0","0","0","","0","0","0","10","1","3","","2","2","40 02:29.306","2","0","75 05:04.128","3","0","0","0","67301","0","0","0","N","0","0","0","3","67301","0","","1.0","1145.0","9","N","N","N","0","","3","0","0","3","3","N","1013","2","3","0","0","0","0","0","2","0","2","0","0","0","7","","","N","","","","","","","","","",""
"2020075484","0534","3","0","0","0","0","0","0","0","0","4","0","","67","9","2020","1","39.970899","-75.230669","0533","6","0","0","1","0","0","0","0","0","","0","0","0","5","3","4","","1","0","39 58:15.236","","0","75 13:50.408","3","0","0","0","67301","1","0","0","N","1","0","0","5","67301","0","","1.0","","1","N","N","N","0","","4","0","1","3","2","","530","5","4","0","0","0","0","0","2","0","4","1","0","0","3","03","","N","","","","","","","","","",""
"2020073379","1645","1","0","0","0","0","0","0","0","0","4","0","","67","9","2020","3","39.989986","-75.148346","1640","6","0","0","0","0","0","0","0","0","","0","0","0","16","1","0","","1","0","39 59:23.949","","0","75 08:54.045","0","0","0","0","67301","0","0","0","N","0","0","0","2","67301","0","","1.0","","1","N","N","Y","0","","0","0","1","3","2","","1640","2","0","0","0","0","0","0","2","0","2","0","0","0","3","03","","N","","","","","","","","","",""
"2020075910","0810","1","0","0","0","0","0","0","0","0","4","0","","67","9","2020","3","40.012831","-75.154588","0807","6","0","0","0","0","0","1","0","0","","0","0","0","7","3","2","","1","0","40 00:46.191","","0","75 09:16.516","3","0","0","0","67301","0","0","0","N","0","0","0","3","67301","0","","1.0","","1","N","N","N","0","","2","0","1","3","3","","720","2","2","0","0","0","0","1","2","0","2","0","0","0","3","03","","N","","","","","","","","","",""
"2020074735","1501","0","0","0","0","0","0","0","0","0","1","0","","67","8","2020","6","39.997856","-75.205267","1500","6","0","0","0","0","0","0","0","0","","0","0","0","18","1","1","N","0","0","39 59:52.280","","0","75 12:18.960","3","0","0","0","67301","0","0","0","N","0","0","0","5","67301","0","","1.0","","9","N","N","N","0","","1","0","2","0","0","","1800","2","1","0","0","0","0","0","2","0","2","0","0","0","4","04","","N","","","","","","","","","",""
"2020070934","1526","1","0","0","0","0","0","0","0","0","8","0","","67","8","2020","6","40.006333","-75.104069","1517","6","0","0","0","0","0","0","0","0","","0","0","0","12","1","1","N","0","0","40 00:22.800","","0","75 06:14.650","3","0","0","0","67301","1","0","0","N","1","0","0","2","67301","0","","1.0","","1","N","N","N","0","","1","0","0","0","0","","1245","2","1","0","0","0","0","0","2","0","1","1","0","0","3","03","","N","","","","","","","","","",""
"2020082390","1630","1","0","0","0","0","0","0","0","0","5","0","25","67","9","2020","3","39.971448","-75.124113","1630","6","0","0","0","0","0","0","0","0","","0","0","0","16","1","1","N","0","0","39 58:17.214","","8","75 07:26.806","3","0","0","0","67301","0","0","0","N","0","0","0","2","68K01","0","","1.0","","1","N","N","N","0","","1","0","1","0","0","","1630","2","1","0","0","0","0","0","2","0","2","0","0","0","3","","N","Y","4","1","","","Y","Y","","","Y","N"
"2020074661","2330","1","0","0","0","0","0","0","0","0","4","0","","67","9","2020","6","40.052433","-75.141808","2317","6","0","0","0","0","0","0","0","0","","0","0","0","23","3","1","N","0","2","40 03:08.760","1","0","75 08:30.509","2","0","1","1","67301","0","0","0","N","0","0","0","2","67301","0","","1.0","103.0","1","N","N","N","0","","0","1","0","0","0","N","2305","2","1","0","0","0","0","0","2","0","2","0","0","0","3","03","","N","","","","","","","","","",""
"2020064940","1608","1","0","0","0","0","0","0","0","0","4","0","","67","8","2020","4","39.970435","-75.150218","1604","6","0","0","0","0","0","0","0","0","","0","0","0","15","1","0","N","0","0","39 58:13.566","","0","75 09:00.784","0","0","0","0","67301","0","0","0","N","0","0","0","1","67301","0","","1.0","","9","N","N","N","1","","0","0","0","0","0","","1555","2","0","1","0","0","0","0","2","0","2","0","0","0","7","07","","N","","","","","","","","","",""
"2020064761","1158","1","0","0","0","0","0","0","0","0","4","0","","67","8","2020","3","40.095679","-75.02583","1151","6","0","0","0","0","0","0","0","1","","0","0","0","11","1","2","N","0","0","40 05:44.446","","7","75 01:32.989","4","0","0","0","67301","0","0","0","N","0","0","0","3","67301","2","","1.0","","1","N","N","N","0","","0","0","1","0","0","","1150","2","2","0","0","0","0","0","2","0","2","0","0","0","3","03","","N","","","","","","","","","",""
"2020063746","1620","2","0","0","0","0","0","0","0","0","5","0","","67","8","2020","1","39.994731","-75.141658","1615","6","0","0","0","0","0","0","0","0","","0","0","0","15","1","0","N","0","0","39 59:41.030","","0","75 08:29.970","9","0","0","0","67301","0","0","0","N","0","0","0","1","67301","0","","6.0","","1","N","N","N","1","","0","0","0","0","0","","1550","3","0","0","0","0","0","1","2","0","3","0","0","0","3","","","N","","","","","","","","","",""
"2020113931","1537","1","0","0","0","0","0","0","0","0","4","0","","67","12","2020","3","40.025673","-75.031643","1527","6","0","0","0","0","0","1","0","0","","0","0","0","15","1","0","","1","0","40 01:32.421","","0","75 01:53.914","0","0","0","0","67301","0","0","0","N","0","0","0","3","67301","0","","1.0","","1","N","N","N","1","","0","0","0","3","2","","1525","2","0","0","0","0","0","0","2","0","2","0","0","0","3","","","N","","","","","","","","","",""
"2020064154","0359","1","0","0","0","0","0","0","0","0","5","0","","67","8","2020","2","39.9447","-75.186581","0353","6","0","0","0","0","0","0","0","0","","0","0","0","3","3","0","N","0","0","39 56:40.920","","0","75 11:11.690","9","0","0","0","67301","0","0","0","N","0","0","0","1","67301","0","","6.0","","1","N","N","N","0","","0","0","2","0","0","","315","3","0","0","0","0","0","1","2","0","3","0","0","0","3","03","","N","","","","","","","","","",""
"2020065859","2220","2","0","0","0","0","0","0","0","0","4","0","","67","8","2020","5","39.97876","-75.230079","2215","6","0","0","0","0","0","0","0","0","","0","0","0","22","3","1","","3","0","39 58:43.537","","0","75 13:48.284","3","0","0","0","67301","0","0","0","N","0","0","0","2","67301","0","","1.0","","1","N","N","N","0","","1","0","0","0","0","","2203","2","1","0","0","0","0","0","2","0","2","0","0","0","4","04","","N","","","","","","","","","",""
"2020075845","0014","2","0","0","0","0","0","0","0","0","4","0","","67","9","2020","3","40.049047","-75.142445","0008","6","0","0","0","0","0","0","0","0","","0","0","0","22","3","1","","2","0","40 02:56.568","","0","75 08:32.803","3","0","0","0","67301","0","0","0","N","0","0","0","2","67301","0","","1.0","","1","N","N","N","0","","1","0","0","3","3","","2250","2","1","1","0","0","0","0","2","0","2","0","0","0","3","03","","N","","","","","","","","","",""
"2020078363","0144","1","0","0","0","0","0","0","0","0","7","0","","67","8","2020","2","39.980778","-75.206267","0137","6","0","0","0","0","0","0","0","0","","0","0","0","1","3","1","N","0","0","39 58:50.802","","0","75 12:22.562","3","0","0","0","67301","0","0","0","N","0","0","0","1","68K01","0","","4.0","","1","N","N","N","0","","1","0","0","0","0","","135","1","1","1","0","0","0","0","2","0","1","0","0","0","3","03","","N","","","","","","","","","",""
"2020072488","1825","0","0","0","1","0","0","0","0","0","8","0","","67","9","2020","4","40.103285","-74.999882","1813","6","0","0","0","0","0","0","0","0","","0","0","0","18","1","1","","2","0","40 06:11.825","","0","74 59:59.575","8","0","0","0","67301","1","0","0","N","0","0","0","2","67301","0","","1.0","","1","N","N","N","0","","0","0","1","3","3","","1813","2","1","0","0","0","1","0","2","0","1","1","0","0","3","03","","N","","","","","","","","","",""
"2020075813","1550","2","0","0","0","0","0","0","0","0","5","0","","67","9","2020","3","39.939897","-75.223214","1546","6","0","0","1","0","0","0","0","0","","0","0","0","15","1","2","N","0","0","39 56:23.630","","0","75 13:23.570","3","0","0","0","67301","0","0","0","N","0","0","0","6","67301","0","","1.0","","1","N","N","N","0","","2","0","0","0","0","","1520","2","2","0","0","0","0","0","2","0","2","0","0","0","3","03","","N","","","","","","","","","",""
"2020070361","0107","1","0","0","0","0","0","0","0","0","7","0","","67","8","2020","1","39.954413","-75.148071","0104","6","0","0","0","0","0","0","0","0","","0","0","0","0","3","0","","1","0","39 57:15.887","","2","75 08:53.056","0","0","0","0","67301","0","0","0","N","0","0","0","1","67301","0","","4.0","","1","N","N","N","0","","0","0","0","3","2","","54","1","0","0","0","0","0","0","2","0","1","0","0","0","3","","","N","","","","","","","","","",""
"2020113448","1525","2","0","0","0","0","0","0","0","0","5","0","","67","12","2020","3","40.111922","-75.027731","1515","6","0","0","0","0","0","0","0","1","","0","0","0","13","1","1","N","0","0","40 06:42.920","","0","75 01:39.830","8","0","0","0","67301","0","0","0","N","0","0","0","1","67301","0","","1.0","","1","N","N","N","0","","0","0","1","0","0","","1349","3","1","0","0","0","1","0","2","0","3","0","0","0","3","03","","N","","","","","","","","","",""
"2020072485","1404","0","0","0","1","0","0","0","0","0","8","0","","67","9","2020","4","40.029706","-75.105295","1350","6","0","0","0","0","0","0","0","0","","0","0","0","13","1","1","","2","0","40 01:46.941","","0","75 06:19.061","8","0","0","0","67301","1","0","0","N","0","0","0","2","67301","0","","1.0","","1","N","N","N","0","","0","0","1","3","3","","1348","2","1","0","0","0","1","0","2","0","1","1","0","0","3","03","","N","","","","","","","","","",""
"2020064538","2005","1","0","0","0","0","0","0","0","0","4","0","","67","8","2020","2","39.998655","-75.178221","2001","6","0","0","0","0","0","0","0","0","","0","0","0","19","3","0","","5","0","39 59:55.159","","0","75 10:41.596","0","0","0","0","67301","0","0","0","N","0","0","0","2","67301","0","","1.0","","1","N","N","N","0","","0","0","3","3","2","","1940","4","0","2","0","0","0","0","2","0","4","0","0","0","3","03","","N","","","","","","","","","",""
"2020064158","0248","1","0","0","0","0","0","0","0","0","7","0","","67","8","2020","2","39.965933","-75.131419","0248","6","0","0","0","0","0","0","0","0","","0","0","0","2","3","0","N","0","1","39 57:57.358","1","7","75 07:53.109","0","0","0","0","67301","0","0","0","N","0","0","0","1","67301","0","","3.0","43.0","1","N","N","N","0","","0","0","0","3","2","N","245","1","0","0","0","0","0","0","2","0","1","0","0","0","3","03","","N","","","","","","","","","",""
"2020065773","1010","1","0","0","0","0","0","0","0","0","5","0","","67","8","2020","1","40.007211","-75.1369","0959","6","0","0","0","0","0","0","0","0","","0","0","0","9","1","1","Y","0","0","40 00:25.960","","0","75 08:12.840","3","0","0","0","67301","0","0","0","N","0","0","0","4","67301","0","","6.0","","1","N","N","Y","0","","1","0","3","3","2","","955","4","1","3","0","0","0","1","2","0","4","0","0","0","3","","","N","","","","","","","","","",""
"2020085264","1733","1","0","0","0","0","0","0","0","0","1","0","","67","10","2020","6","40.001459","-75.078447","1720","6","0","0","0","0","1","0","0","0","","0","0","0","17","1","4","N","0","1","40 00:05.254","1","2","75 04:42.410","3","0","0","0","67301","0","0","0","N","0","0","0","4","68K01","0","","1.0","1814.0","1","N","N","N","1","","4","0","1","0","0","N","1716","3","4","0","0","0","0","0","2","0","3","0","0","0","3","","","N","","","","","","","","","",""
"2020071496","0224","0","0","0","0","0","0","0","0","0","0","0","","67","8","2020","1","39.941251","-75.1948","0213","6","0","0","0","0","0","0","0","0","","0","0","0","2","3","1","N","0","2","39 56:28.503","3","3","75 11:41.280","8","0","0","1","67301","0","0","0","N","0","0","0","2","68K01","0","","1.0","45.0","1","N","N","N","0","","0","0","0","0","0","Y","213","1","1","0","0","0","1","0","2","0","1","0","0","0","3","03","","N","","","","","","","","","",""
"2020073386","1827","0","0","0","0","0","0","0","0","0","8","0","","67","9","2020","1","40.013632","-75.158688","1822","6","0","0","0","0","0","0","0","0","","0","0","0","18","1","1","","2","0","40 00:49.075","","0","75 09:31.275","3","0","0","0","67301","1","0","0","N","1","0","0","2","67301","0","","1.0","","1","N","N","N","1","","1","0","0","3","2","","1821","2","1","0","0","0","0","0","2","0","1","1","0","0","3","03","","N","","","","","","","","","",""