"CRN","ARRIVAL_TM","AUTOMOBILE_COUNT","BELTED_DEATH_COUNT","BELTED_SUSP_SERIOUS_INJ_COUNT","BICYCLE_COUNT","BICYCLE_DEATH_COUNT","BICYCLE_SUSP_SERIOUS_INJ_COUNT","BUS_COUNT","CHLDPAS_DEATH_COUNT","CHLDPAS_SUSP_SERIOUS_INJ_COUNT","COLLISION_TYPE","COMM_VEH_COUNT","CONS_ZONE_SPD_LIM","COUNTY","CRASH_MONTH","CRASH_YEAR","DAY_OF_WEEK","DEC_LATITUDE","DEC_LONGITUDE","DISPATCH_TM","DISTRICT","DRIVER_COUNT_16YR","DRIVER_COUNT_17YR","DRIVER_COUNT_18YR","DRIVER_COUNT_19YR","DRIVER_COUNT_20YR","DRIVER_COUNT_50_64YR","DRIVER_COUNT_65_74YR","DRIVER_COUNT_75PLUS","EST_HRS_CLOSED","FATAL_COUNT","HEAVY_TRUCK_COUNT","HORSE_BUGGY_COUNT","HOUR_OF_DAY","ILLUMINATION","INJURY_COUNT","INTERSECTION_RELATED","INTERSECT_TYPE","LANE_CLOSED","LATITUDE","LN_CLOSE_DIR","LOCATION_TYPE","LONGITUDE","MAX_SEVERITY_LEVEL","MCYCLE_DEATH_COUNT","MCYCLE_SUSP_SERIOUS_INJ_COUNT","MOTORCYCLE_COUNT","MUNICIPALITY","NONMOTR_COUNT","NONMOTR_DEATH_COUNT","NONMOTR_SUSP_SERIOUS_INJ_COUNT","NTFY_HIWY_MAINT","PED_COUNT","PED_DEATH_COUNT","PED_SUSP_SERIOUS_INJ_COUNT","PERSON_COUNT","POLICE_AGCY","POSSIBLE_INJ_COUNT","RDWY_SURF_TYPE_CD","RELATION_TO_ROAD","ROADWAY_CLEARED","ROAD_CONDITION","SCH_BUS_IND","SCH_ZONE_IND","SECONDARY_CRASH","SMALL_TRUCK_COUNT","SPEC_JURIS_CD","SUSP_MINOR_INJ_COUNT","SUSP_SERIOUS_INJ_COUNT","SUV_COUNT","TCD_FUNC_CD","TCD_TYPE","TFC_DETOUR_IND","TIME_OF_DAY","TOTAL_UNITS","TOT_INJ_COUNT","UNBELTED_OCC_COUNT","UNB_DEATH_COUNT","UNB_SUSP_SERIOUS_INJ_COUNT","UNK_INJ_DEG_COUNT","UNK_INJ_PER_COUNT","URBAN_RURAL","VAN_COUNT","VEHICLE_COUNT","VULNERABLE_ROAD_USER_COUNT","VULNERABLE_ROAD_USER_DEATH_COUNT","VULNERABLE_ROAD_USER_SER_INJ_COUNT","WEATHER1","WEATHER2","WORKERS_PRES","WORK_ZONE_IND","WORK_ZONE_LOC","WORK_ZONE_TYPE","WZ_CLOSE_DETOUR","WZ_FLAGGER","WZ_LAW_OFFCR_IND","WZ_LN_CLOSURE","WZ_MOVING","WZ_OTHER","WZ_SHLDER_MDN","WZ_WORKERS_INJ_KILLED"
"2020071204","2240","0","0","0","1","0","0","0","0","0","8","0","","67","8","2020","7","39.963108","-75.174677","2240","6","0","0","0","0","0","0","0","0","","0","0","0","22","3","1","","1","2","39 57:47.188","4","0","75 10:28.837","8","0","0","0","67301","1","0","0","N","0","0","0","2","67301","0","","1.0","2300.0","1","N","N","N","0","","0","0","0","3","2","Y","2239","2","1","0","0","0","1","1","2","0","1","1","0","0","3","03","","N","","","","","","","","","",""
"2020072730","1749","1","0","0","0","0","0","0","0","0","5","0","","67","9","2020","7","39.909667","-75.154361","1747","6","0","0","0","0","0","0","0","0","","0","0","0","17","1","0","N","0","2","39 54:34.800","4","5","75 09:15.700","0","0","0","0","67301","0","0","0","N","0","0","0","7","67501","0","","1.0","1807.0","1","N","N","N","0","","0","0","2","0","0","N","1745","3","0","0","0","0","0","0","2","0","3","0","0","0","3","03","","N","","","","","","","","","",""
"2020076227","1316","1","0","0","0","0","0","0","0","0","8","0","","67","9","2020","4","40.038486","-75.051804","1310","6","0","0","0","0","0","0","0","0","","0","0","0","13","1","1","","1","0","40 02:18.549","","0","75 03:06.494","4","0","0","0","67301","1","0","0","N","1","0","0","2","67301","1","","1.0","","1","N","Y","N","0","","0","0","0","3","2","","1308","2","1","0","0","0","0","0","2","0","1","1","0","0","3","03","","N","","","","","","","","","",""
"2020099849","1000","1","0","0","0","0","0","0","0","0","8","0","","67","8","2020","1","39.984471","-75.229458","0555","6","0","0","0","0","0","0","0","0","","0","0","0","5","5","1","","1","0","39 59:04.095","","0","75 13:46.048","3","0","0","0","67301","1","0","0","N","1","0","0","2","67301","0","","1.0","","1","N","N","Y","0","","1","0","0","3","3","","530","2","1","0","0","0","0","1","2","0","1","1","0","0","3","03","","N","","","","","","","","","",""
"2020113272","1610","0","0","0","0","0","0","0","0","0","1","0","","67","12","2020","2","39.999621","-75.195347","1606","6","0","0","0","0","0","0","0","0","","0","0","0","16","1","1","N","0","0","39 59:58.635","","0","75 11:43.250","4","0","0","0","67301","0","0","0","N","0","0","0","2","68K01","1","","1.0","","9","N","N","N","0","","0","0","1","0","0","","1604","2","1","0","0","0","0","1","2","0","2","0","0","0","3","","","N","","","","","","","","","",""
"2020073052","1300","1","0","0","1","0","0","0","0","0","8","0","","67","9","2020","1","40.063318","-74.985518","1254","6","0","0","0","0","0","1","0","0","","0","0","0","12","1","1","","2","1","40 03:47.944","3","0","74 59:07.865","3","0","0","0","67301","1","0","0","N","0","0","0","2","67301","0","","1.0","1330.0","1","N","N","N","0","","1","0","0","3","2","N","1251","2","1","0","0","0","0","0","2","0","1","1","0","0","3","","","N","","","","","","","","","",""
"2020071207","1349","1","0","0","0","0","0","0","0","0","5","0","","67","8","2020","1","40.020328","-75.05356","1347","6","0","0","0","0","0","0","0","0","","0","0","0","13","1","0","N","0","0","40 01:13.179","","0","75 03:12.817","0","0","0","0","67301","0","0","0","N","0","0","0","1","67301","0","","6.0","","1","N","N","N","0","","0","0","0","0","0","","1345","2","0","0","0","0","0","0","2","1","2","0","0","0","3","03","","N","","","","","","","","","",""
"2020070569","1450","1","0","0","1","0","0","0","0","0","8","0","","67","8","2020","7","40.099668","-74.994702","1440","6","0","0","0","0","0","0","0","0","","0","0","0","14","1","1","","2","0","40 05:58.804","","0","74 59:40.927","3","0","0","0","67301","1","0","0","N","0","0","0","2","67301","0","","1.0","","1","N","N","N","0","","1","0","0","3","3","","1436","2","1","0","0","0","0","0","2","0","1","1","0","0","3","03","","N","","","","","","","","","",""
"2020073405","1925","1","0","0","0","0","0","0","0","0","1","0","","67","9","2020","1","40.048298","-75.00305","1923","6","0","0","0","0","0","0","0","0","","0","0","0","19","1","1","N","0","0","40 02:53.873","","0","75 00:10.981","3","0","0","0","67301","0","0","0","N","0","0","0","3","67301","0","","6.0","","1","N","N","N","0","","1","0","2","0","0","","1922","3","1","0","0","0","0","0","2","0","3","0","0","0","3","03","","N","","","","","","","","","",""
"2020075170","0118","1","0","0","0","0","0","0","0","0","7","0","","67","9","2020","5","39.960183","-75.180393","0111","6","0","0","0","0","0","0","0","0","","0","0","0","1","3","0","N","0","1","39 57:36.660","4","3","75 10:49.415","0","0","0","0","67301","0","0","0","N","0","0","0","1","68K01","0","","3.0","146.0","9","N","N","N","0","","0","0","0","0","0","N","108","1","0","0","0","0","0","0","2","0","1","0","0","0","7","07","","N","","","","","","","","","",""
"2020073261","1720","2","0","0","0","0","0","0","0","0","5","0","","67","9","2020","1","39.957852","-75.232688","1716","6","0","0","0","0","0","0","0","0","","0","0","0","17","1","1","N","0","0","39 57:28.268","","0","75 13:57.678","3","0","0","0","67301","0","0","0","N","0","0","0","2","67301","0","","1.0","","1","N","N","N","0","","1","0","0","0","0","","1700","2","1","0","0","0","0","0","2","0","2","0","0","0","3","03","","N","","","","","","","","","",""
"2020063968","0745","2","0","0","0","0","0","0","0","0","4","0","","67","8","2020","1","40.003483","-75.167536","0745","6","0","0","0","0","0","0","0","0","","0","0","0","5","5","2","","1","0","40 00:12.540","","0","75 10:03.128","8","0","0","0","67301","0","0","0","N","0","0","0","2","67301","0","","1.0","","1","N","N","N","0","","0","0","0","3","3","","528","2","2","0","0","0","2","0","2","0","2","0","0","0","3","03","","N","","","","","","","","","",""
"2020095935","1619","0","0","0","0","0","0","0","0","0","4","0","","67","11","2020","4","39.967607","-75.225045","1619","6","0","0","0","0","0","0","0","0","","0","0","0","16","1","1","","2","0","39 58:03.385","","0","75 13:30.163","3","0","0","1","67301","0","0","0","N","0","0","0","2","67301","0","","1.0","","1","N","N","N","0","","1","0","0","0","0","","1619","2","1","0","0","0","0","1","2","0","2","0","0","0","3","03","","N","","","","","","","","","",""
"2020083270","0218","0","0","0","0","0","0","0","0","0","7","0","45","67","9","2020","4","40.011118","-75.06141","0211","6","0","0","0","0","0","1","0","0","","0","0","0","2","3","1","N","0","2","40 00:40.026","1","0","75 03:41.077","8","0","0","0","67301","0","0","0","N","0","0","0","1","68K01","0","","4.0","240.0","9","N","N","N","0","","0","0","1","0","0","N","208","1","1","0","0","0","1","0","2","0","1","0","0","0","7","07","N","Y","4","1","","","N","","","","Y","N"
"2021010435","1345","1","0","0","0","0","0","0","0","0","4","0","","67","6","2020","2","40.039159","-75.191725","","6","0","0","0","0","0","1","0","0","","0","0","0","13","1","1","","1","0","40 02:20.972","","0","75 11:30.209","8","0","0","0","67301","0","0","0","N","0","0","0","2","00000","0","","1.0","","1","","","N","0","","0","0","1","3","2","","1345","2","1","0","0","0","1","0","2","0","2","0","0","0","3","","","N","","","","","","","","","",""
"2021023510","1345","1","0","0","0","0","0","0","0","0","4","0","","67","12","2020","1","39.970559","-75.14996","","6","0","0","0","0","0","1","0","0","","0","0","0","13","1","1","","1","0","39 58:14.012","","0","75 08:59.857","8","0","0","0","67301","0","0","0","N","0","0","0","2","00000","0","","1.0","","1","","","N","0","","0","0","1","3","2","","1345","2","1","0","0","0","1","0","2","0","2","0","0","0","3","","","N","","","","","","","","","",""
"2020076339","2245","0","0","0","0","0","0","0","0","0","8","0","","67","9","2020","5","40.055425","-75.059181","2245","6","0","0","0","0","0","0","0","0","","0","0","0","22","3","1","N","0","0","40 03:19.530","","0","75 03:33.050","2","0","0","0","67301","1","0","1","N","1","0","1","2","67301","0","","1.0","","1","N","N","N","0","","0","1","1","0","0","","2245","2","1","0","0","0","0","1","2","0","1","1","0","1","3","03","","N","","","","","","","","","",""
"2020074257","0330","1","0","0","0","0","0","0","0","0","1","0","","67","9","2020","7","40.006381","-75.116977","0330","6","0","0","0","0","0","0","0","0","","0","0","0","2","3","2","N","0","2","40 00:22.972","6","0","75 07:01.118","2","0","1","2","67301","0","0","0","N","0","0","0","4","67301","0","","1.0","409.0","1","N","N","N","0","","1","1","0","0","0","Y","252","3","2","0","0","0","0","0","2","0","3","0","0","0","3","03","","N","","","","","","","","","",""
"2020075034","1734","2","0","0","0","0","0","0","0","0","4","0","","67","9","2020","1","39.938207","-75.198582","1732","6","0","0","0","0","0","1","0","0","","0","0","0","17","1","2","","1","0","39 56:17.545","","0","75 11:54.896","3","0","0","0","67301","0","0","0","N","0","0","0","4","67301","0","","1.0","","1","N","N","N","0","","2","0","1","3","2","","1730","3","2","2","0","0","0","1","2","0","3","0","0","0","3","03","","N","","","","","","","","","",""
"2020070076","2351","1","0","0","0","0","0","0","0","0","2","0","","67","8","2020","5","39.973392","-75.234042","2350","6","0","0","0","0","0","0","0","0","","0","0","0","23","3","0","N","0","0","39 58:24.210","","0","75 14:02.550","9","0","0","0","67301","0","0","0","N","0","0","0","1","67301","0","","6.0","","1","N","N","N","0","","0","0","1","0","0","","2333","2","0","0","0","0","0","1","2","0","2","0","0","0","3","03","","N","","","","","","","","","",""
"2020073927","0145","1","0","0","0","0","0","0","0","0","4","0","","67","9","2020","1","40.00243","-75.134983","0142","6","0","0","0","0","1","0","0","0","","0","0","0","1","3","3","","1","0","40 00:08.748","","0","75 08:05.938","2","0","2","1","67301","0","0","0","N","0","0","0","3","67301","0","","1.0","","1","N","N","N","0","","1","2","0","3","3","","114","2","3","1","0","0","0","0","2","0","2","0","0","0","3","03","","N","","","","","","","","","",""
"2020064156","0149","1","0","1","0","0","0","0","0","0","6","0","","67","8","2020","3","39.965046","-75.227659","0142","6","0","0","0","0","0","0","0","0","","0","0","0","1","3","1","","1","0","39 57:54.165","","0","75 13:39.572","2","0","0","0","67301","0","0","0","N","0","0","0","3","67301","0","","1.0","","1","N","N","Y","0","","0","1","1","3","2","","105","3","1","0","0","0","0","0","2","1","3","0","0","0","3","03","","N","","","","","","","","","",""
"2020078077","2015","2","0","0","0","0","0","0","0","0","1","0","","67","9","2020","5","40.024483","-75.208104","2011","6","0","0","0","0","0","0","0","0","","0","0","0","20","3","1","N","0","0","40 01:28.140","","0","75 12:29.173","4","0","0","0","67301","0","0","0","N","0","0","0","1","67301","1","","6.0","","1","N","N","N","0","","0","0","0","0","0","","2005","2","1","0","0","0","0","0","2","0","2","0","0","0","3","03","","N","","","","","","","","","",""
"2020079642","0407","0","0","0","0","0","0","0","0","0","5","0","","67","9","2020","1","40.05533","-75.019037","0403","6","0","0","0","0","0","0","0","0","","0","0","0","3","3","1","","2","2","40 03:19.189","3","0","75 01:08.533","4","0","0","0","67301","0","0","0","N","0","0","0","1","67301","1","","1.0","430.0","9","N","N","N","1","","0","0","1","0","0","Y","336","2","1","0","0","0","0","0","2","0","2","0","0","0","7","","","N","","","","","","","","","",""
"2020113270","1148","1","0","0","0","0","0","0","0","0","4","0","","67","12","2020","2","39.946466","-75.14214","1143","6","0","0","0","0","0","0","0","0","","0","0","0","11","1","0","N","0","0","39 56:47.276","","0","75 08:31.703","0","0","0","0","67301","0","0","0","N","0","0","0","1","68K01","0","","1.0","","9","N","N","N","1","","0","0","0","0","0","","1142","2","0","0","0","0","0","0","2","0","2","0","0","0","7","05","","N","","","","","","","","","",""
"2020065128","2215","1","0","0","0","0","0","0","0","0","4","0","","67","8","2020","3","40.007865","-75.172261","2211","6","0","0","0","0","0","1","0","0","","0","0","0","22","3","0","","1","0","40 00:28.314","","0","75 10:20.141","0","0","0","0","67301","0","0","0","N","0","0","0","3","67301","0","","1.0","","1","N","N","N","0","","0","0","1","3","2","","2209","2","0","0","0","0","0","0","2","0","2","0","0","0","3","03","","N","","","","","","","","","",""
"2020064534","1534","1","0","0","0","0","0","0","0","0","4","0","","67","8","2020","2","39.979851","-75.142873","1526","6","0","0","0","0","0","0","0","0","","0","0","0","15","1","0","","1","0","39 58:47.465","","0","75 08:34.342","0","0","0","0","67301","0","0","0","N","0","0","0","2","67301","0","","1.0","","1","N","N","N","0","","0","0","1","3","2","","1525","2","0","0","0","0","0","0","2","0","2","0","0","0","3","03","","N","","","","","","","","","",""
"2020065767","0257","2","0","0","0","0","0","0","0","0","4","0","","67","8","2020","4","39.942628","-75.221405","0255","6","0","0","0","0","0","0","0","0","","0","0","0","2","3","1","","1","0","39 56:33.460","","0","75 13:17.058","3","0","0","0","67301","0","0","0","N","0","0","0","2","67301","0","","1.0","","1","N","N","N","0","","1","0","0","3","2","","250","2","1","0","0","0","0","0","2","0","2","0","0","0","3","03","","N","","","","","","","","","",""
"2020073061","0435","1","0","0","0","0","0","0","0","0","5","0","","67","9","2020","1","39.972028","-75.237806","0431","6","0","0","0","0","0","0","0","0","","0","0","0","4","3","0","N","0","0","39 58:19.300","","0","75 14:16.100","0","0","0","0","67301","0","0","0","N","0","0","0","1","67301","0","","6.0","","1","N","N","N","1","","0","0","3","0","0","","430","5","0","0","0","0","0","0","2","0","5","0","0","0","3","","","N","","","","","","","","","",""
"2020073898","1728","1","0","0","0","0","0","0","0","0","4","0","","67","9","2020","4","39.969951","-75.230492","1720","6","0","0","0","0","0","1","0","0","","0","0","0","17","1","0","","1","0","39 58:11.823","","0","75 13:49.771","0","0","0","0","67301","0","0","0","N","0","0","0","2","67301","0","","1.0","","1","N","N","N","0","","0","0","1","3","3","","1720","2","0","0","0","0","0","0","2","0","2","0","0","0","3","03","","N","","","","","","","","","",""
"2020110810","0830","1","0","0","0","0","0","0","0","0","1","0","","67","1","2020","5","40.062823","-75.238041","","6","0","0","0","0","0","0","0","0","","0","0","0","8","1","1","Y","0","0","40 03:46.163","","0","75 14:16.948","8","0","0","0","67301","0","0","0","N","0","0","0","3","00000","0","","1.0","","1","","","N","0","","0","0","1","3","2","","830","2","1","0","0","0","1","0","2","0","2","0","0","0","3","","","N","","","","","","","","","",""
"2020065835","0100","0","0","0","0","0","0","0","0","0","8","0","","67","8","2020","5","39.929648","-75.219744","0058","6","0","0","0","0","0","0","0","0","","0","0","0","0","3","1","","2","0","39 55:46.732","","0","75 13:11.078","8","0","0","0","67301","1","0","0","N","1","0","0","2","67301","0","","1.0","","1","N","N","N","0","","0","0","0","0","0","","53","2","1","0","0","0","1","0","2","0","1","1","0","0","3","03","","N","","","","","","","","","",""
"2020113988","0730","1","0","0","0","0","0","0","0","0","4","1","","67","12","2020","2","39.969892","-75.125532","0700","6","0","0","0","0","0","0","0","0","","0","1","0","7","1","1","N","0","2","39 58:11.611","1","0","75 07:31.914","3","0","0","0","67301","0","0","0","N","0","0","0","2","68K01","0","","1.0","745.0","1","N","N","N","0","","1","0","0","0","0","N","700","2","1","0","0","0","0","0","2","0","2","0","0","0","3","","","N","","","","","","","","","",""
"2020112992","0118","1","0","0","0","0","0","0","0","0","1","0","","67","12","2020","3","40.006347","-75.160033","0118","6","0","0","0","0","1","0","0","0","","0","0","0","1","3","0","N","0","0","40 00:22.850","","0","75 09:36.120","0","0","0","0","67301","0","0","0","N","0","0","0","1","67301","0","","2.0","","1","N","N","N","0","","0","0","1","0","0","","118","2","0","1","0","0","0","0","2","0","2","0","0","0","3","03","","N","","","","","","","","","",""
"2020075485","1550","0","0","0","0","0","0","0","0","0","8","0","","67","9","2020","2","39.964541","-75.134139","1545","6","0","0","0","0","0","1","0","0","","0","0","0","15","1","1","","1","0","39 57:52.349","","0","75 08:02.900","2","0","0","0","67301","1","0","1","N","1","0","1","4","67301","0","","1.0","","1","N","N","N","0","","0","1","1","3","2","","1543","2","1","0","0","0","0","0","2","0","1","1","0","1","3","03","","N","","","","","","","","","",""
"2020073387","2132","2","0","0","0","0","0","0","0","0","4","0","","67","9","2020","1","40.023517","-75.171602","2125","6","0","2","0","0","0","0","0","0","","0","0","0","20","3","2","","1","0","40 01:24.661","","0","75 10:17.767","3","0","0","0","67301","0","0","0","N","0","0","0","3","67301","0","","1.0","","1","N","N","N","0","","2","0","0","3","3","","2042","2","2","0","0","0","0","1","2","0","2","0","0","0","3","03","","N","","","","","","","","","",""
"2020112077","1739","1","0","0","0","0","0","0","0","0","8","0","","67","12","2020","6","40.024675","-75.17056","1734","6","0","0","0","0","0","0","0","0","","0","0","0","15","1","1","","1","0","40 01:28.829","","0","75 10:14.015","3","0","0","0","67301","1","0","0","N","1","0","0","1","67301","0","","1.0","","1","N","N","N","0","","1","0","0","3","3","","1500","2","1","0","0","0","0","0","2","0","1","1","0","0","4","","","N","","","","","","","","","",""
"2020075629","1825","1","0","0","0","0","0","0","0","0","8","0","","67","9","2020","2","39.94147","-75.235053","1819","6","0","0","0","0","0","0","0","0","","0","0","0","18","1","1","","1","0","39 56:29.291","","0","75 14:06.191","8","0","0","0","67301","1","0","0","N","1","0","0","2","67301","0","","1.0","","1","N","N","N","0","","0","0","0","3","2","","1819","2","1","1","0","0","1","1","2","0","1","1","0","0","3","03","","N","","","","","","","","","",""
"2020079570","1100","3","0","0","0","0","0","0","0","0","4","0","","67","9","2020","6","40.008758","-75.086039","1047","6","0","0","0","0","0","0","0","0","","0","0","0","10","1","0","N","0","0","40 00:31.530","","0","75 05:09.740","0","0","0","0","67301","0","0","0","N","0","0","0","1","67301","0","","1.0","","1","N","N","Y","0","","0","0","0","0","0","","1046","3","0","1","0","0","0","0","2","0","3","0","0","0","3","03","","N","","","","","","","","","",""
"2020113076","1833","0","0","0","0","0","0","0","0","0","2","0","","67","12","2020","5","39.961221","-75.182403","1820","6","0","0","0","0","1","0","0","0","","0","0","0","18","3","0","N","7","0","39 57:40.397","","2","75 10:56.651","0","0","0","0","67301","0","0","0","N","0","0","0","2","68K01","0","","3.0","","9","N","N","N","1","","0","0","1","0","0","","1816","2","0","0","0","0","0","0","2","0","2","0","0","0","7","","","N","","","","","","","","","",""
"2020063863","0058","1","0","0","0","0","0","0","0","0","4","0","","67","8","2020","1","39.972632","-75.217776","0053","6","0","0","0","0","0","1","0","0","","0","0","0","0","3","0","","3","0","39 58:21.476","","0","75 13:03.992","9","0","0","0","67301","0","0","0","N","0","0","0","2","67301","0","","1.0","","1","N","N","N","0","","0","0","1","3","2","","45","2","0","0","0","0","0","1","2","0","2","0","0","0","3","","","N","","","","","","","","","",""
"2020066773","1700","1","0","0","0","0","0","0","0","0","5","0","","67","8","2020","2","40.031289","-75.085039","1651","6","0","0","0","0","0","0","0","0","","0","0","0","16","1","1","","1","0","40 01:52.639","","0","75 05:06.142","3","0","0","0","67301","0","0","0","N","0","0","0","2","67301","0","","1.0","","1","N","N","N","0","","1","0","1","3","2","","1625","2","1","1","0","0","0","0","2","0","2","0","0","0","3","98","","N","","","","","","","","","",""
"2020072181","2127","1","0","0","0","0","0","0","0","0","4","0","","67","9","2020","5","39.938945","-75.179947","2125","6","0","0","0","0","0","0","0","0","","0","0","0","21","3","2","","1","1","39 56:20.203","1","0","75 10:47.808","8","0","0","0","67301","0","0","0","N","0","0","0","4","67301","0","","1.0","2145.0","9","N","N","N","0","","0","0","1","3","3","N","2120","2","2","0","0","0","2","0","2","0","2","0","0","0","7","","","N","","","","","","","","","",""
"2020112768","1416","1","0","0","0","0","0","0","0","0","7","0","","67","12","2020","7","39.981519","-75.224064","1409","6","0","0","0","0","0","0","1","0","","0","0","0","14","1","1","N","1","1","39 58:53.467","2","0","75 13:26.630","3","0","0","0","67301","0","0","0","N","0","0","0","4","68K01","0","","4.0","1604.0","1","N","N","N","0","","1","0","1","0","0","Y","1408","2","1","0","0","0","0","0","2","0","2","0","0","0","3","","","N","","","","","","","","","",""
"2020070145","1735","0","0","0","0","0","0","0","0","0","8","0","","67","8","2020","4","40.025886","-75.071066","1726","6","0","0","0","0","0","1","0","0","","0","0","0","17","1","1","N","0","0","40 01:33.191","","0","75 04:15.837","3","0","0","0","67301","1","0","0","N","1","0","0","2","67301","0","","1.0","","1","N","N","N","1","","1","0","0","0","0","","1725","2","1","1","0","0","0","0","2","0","1","1","0","0","3","04","","N","","","","","","","","","",""
"2020069514","1333","0","0","0","0","0","0","0","0","0","4","0","","67","8","2020","4","39.928157","-75.160233","1311","6","0","0","0","0","0","1","0","0","","0","0","0","13","1","1","","1","0","39 55:41.365","","0","75 09:36.837","3","0","0","0","67301","0","0","0","N","0","0","0","4","67301","0","","1.0","","1","N","N","N","0","","1","0","2","3","3","","1311","2","1","0","0","0","0","0","2","0","2","0","0","0","3","03","","N","","","","","","","","","",""
"2020072098","1540","1","0","0","0","0","0","0","0","0","6","0","","67","8","2020","6","39.999969","-75.147733","1530","6","0","0","0","0","0","0","0","0","","0","0","0","15","1","2","N","0","0","39 59:59.890","","1","75 08:51.840","3","0","0","0","67301","0","0","0","N","0","0","0","2","67301","0","","1.0","","98","N","N","N","1","","2","0","0","0","0","","1505","2","2","0","0","0","0","0","2","0","2","0","0","0","4","04","","N","","","","","","","","","",""
"2020065839","2338","1","0","0","0","0","0","0","0","0","7","0","","67","8","2020","5","39.894612","-75.236717","2335","6","0","0","0","0","0","0","0","0","","0","0","0","23","3","0","","1","1","39 53:40.603","3","0","75 14:12.181","0","0","0","0","67301","0","0","0","N","0","0","0","1","67301","0","","4.0","105.0","1","N","N","N","0","","0","0","0","3","2","N","2334","1","0","0","0","0","0","0","2","0","1","0","0","0","3","","","N","","","","","","","","","",""
"2021001064","0311","2","0","0","0","0","0","0","0","0","5","0","","67","12","2020","5","39.967247","-75.216781","0310","6","0","0","0","0","0","0","0","0","","0","0","0","3","3","1","N","0","1","39 58:02.090","1","0","75 13:00.410","3","0","0","0","67301","0","0","0","N","0","0","0","1","67301","0","","1.0","310.0","1","N","N","N","0","","1","0","0","0","0","N","310","2","1","0","0","0","0","0","2","0","2","0","0","0","3","03","","N","","","","","","","","","",""
"2021003669","2031","0","0","0","0","0","0","0","0","0","4","0","","67","11","2020","6","40.008553","-75.139072","1917","6","0","0","0","0","0","0","0","0","","0","0","0","19","3","1","N","0","9","40 00:30.790","","0","75 08:20.660","3","0","0","0","67301","0","0","0","N","0","0","0","2","67301","0","","1.0","","1","N","N","Y","0","","1","0","2","3","2","U","1917","2","1","0","0","0","0","0","2","0","2","0","0","0","3","","","N","","","","","","","","","",""
"2020069397","1330","2","0","0","0","0","0","0","0","0","1","0","","67","6","2020","2","39.959498","-75.174813","1323","6","0","0","0","0","0","1","0","0","","0","0","0","13","1","3","N","0","0","39 57:34.192","","0","75 10:29.326","4","0","0","0","67301","0","0","0","N","0","0","0","3","68K01","3","","1.0","","1","N","N","N","0","","0","0","1","0","0","","1314","3","3","0","0","0","0","0","2","0","3","0","0","0","3","","","N","","","","","","","","","",""
"2020112395","1748","0","0","0","0","0","0","0","0","0","8","0","","67","12","2020","7","40.02073","-75.053314","1742","6","0","0","0","0","0","0","0","0","","0","0","0","17","3","1","N","0","0","40 01:14.629","","0","75 03:11.931","8","0","0","0","67301","1","0","0","N","1","0","0","1","67301","0","","1.0","","1","N","N","N","0","","0","0","0","0","0","","1742","2","1","0","0","0","1","0","2","0","1","1","0","0","3","03","","N","","","","","","","","","",""
"2020069307","0219","1","0","0","0","0","0","0","0","0","5","0","","67","8","2020","1","39.972573","-75.121291","0206","6","0","0","0","0","0","0","0","0","","0","0","0","2","3","1","N","0","1","39 58:21.262","1","0","75 07:16.649","2","0","1","1","67301","0","0","0","N","0","0","0","2","68K01","0","","1.0","240.0","1","N","N","N","0","","0","1","0","0","0","N","205","2","1","0","0","0","0","0","2","0","2","0","0","0","3","","","N","","","","","","","","","",""
"2021002247","","2","0","0","0","0","0","0","0","0","4","0","","67","3","2020","3","40.080757","-75.028601","","6","0","0","0","1","0","0","0","0","","0","0","0","16","1","0","","1","0","40 04:50.725","","0","75 01:42.964","0","0","0","0","67301","0","0","0","N","0","0","0","2","00000","0","","1.0","","1","","","N","0","","0","0","0","3","2","","1645","2","0","0","0","0","0","0","2","0","2","0","0","0","3","","","N","","","","","","","","","",""
"2021004307","0955","1","0","0","0","0","0","0","0","0","5","1","","67","12","2020","4","39.960224","-75.180644","0943","6","0","0","0","0","0","1","0","0","","0","1","0","9","1","1","N","0","1","39 57:36.808","4","3","75 10:50.320","4","0","0","0","67301","0","0","0","N","0","0","0","2","68K01","1","","1.0","1000.0","1","N","N","N","0","","0","0","0","0","0","Y","942","2","1","0","0","0","0","0","2","0","2","0","0","0","3","","","N","","","","","","","","","",""
"2021003541","1937","1","0","0","0","0","0","0","0","0","1","0","","67","11","2020","4","39.984153","-75.208331","1933","6","0","0","0","0","0","0","0","0","","0","0","0","19","3","3","N","0","1","39 59:02.952","3","0","75 12:29.993","3","0","0","0","67301","0","0","0","N","0","0","0","4","68K01","0","","1.0","1942.0","1","N","N","N","0","","3","0","0","0","0","N","1933","2","3","0","0","0","0","1","2","1","2","0","0","0","3","","","N","","","","","","","","","",""
"2021004115","1830","1","0","0","0","0","0","0","0","0","5","0","","67","5","2020","7","39.899105","-75.179385","","6","0","0","0","0","0","0","0","0","","0","0","0","18","1","1","N","0","0","39 53:56.777","","8","75 10:45.787","8","0","0","0","67301","0","0","0","N","0","0","0","2","00000","0","","1.0","","1","","","Y","0","","0","0","0","0","0","","1830","2","1","0","0","0","1","0","2","0","2","0","0","0","3","","","N","","","","","","","","","",""