"CRN","ARRIVAL_TM","AUTOMOBILE_COUNT","BELTED_DEATH_COUNT","BELTED_SUSP_SERIOUS_INJ_COUNT","BICYCLE_COUNT","BICYCLE_DEATH_COUNT","BICYCLE_SUSP_SERIOUS_INJ_COUNT","BUS_COUNT","CHLDPAS_DEATH_COUNT","CHLDPAS_SUSP_SERIOUS_INJ_COUNT","COLLISION_TYPE","COMM_VEH_COUNT","CONS_ZONE_SPD_LIM","COUNTY","CRASH_MONTH","CRASH_YEAR","DAY_OF_WEEK","DEC_LATITUDE","DEC_LONGITUDE","DISPATCH_TM","DISTRICT","DRIVER_COUNT_16YR","DRIVER_COUNT_17YR","DRIVER_COUNT_18YR","DRIVER_COUNT_19YR","DRIVER_COUNT_20YR","DRIVER_COUNT_50_64YR","DRIVER_COUNT_65_74YR","DRIVER_COUNT_75PLUS","EST_HRS_CLOSED","FATAL_COUNT","HEAVY_TRUCK_COUNT","HORSE_BUGGY_COUNT","HOUR_OF_DAY","ILLUMINATION","INJURY_COUNT","INTERSECTION_RELATED","INTERSECT_TYPE","LANE_CLOSED","LATITUDE","LN_CLOSE_DIR","LOCATION_TYPE","LONGITUDE","MAX_SEVERITY_LEVEL","MCYCLE_DEATH_COUNT","MCYCLE_SUSP_SERIOUS_INJ_COUNT","MOTORCYCLE_COUNT","MUNICIPALITY","NONMOTR_COUNT","NONMOTR_DEATH_COUNT","NONMOTR_SUSP_SERIOUS_INJ_COUNT","NTFY_HIWY_MAINT","PED_COUNT","PED_DEATH_COUNT","PED_SUSP_SERIOUS_INJ_COUNT","PERSON_COUNT","POLICE_AGCY","POSSIBLE_INJ_COUNT","RDWY_SURF_TYPE_CD","RELATION_TO_ROAD","ROADWAY_CLEARED","ROAD_CONDITION","SCH_BUS_IND","SCH_ZONE_IND","SECONDARY_CRASH","SMALL_TRUCK_COUNT","SPEC_JURIS_CD","SUSP_MINOR_INJ_COUNT","SUSP_SERIOUS_INJ_COUNT","SUV_COUNT","TCD_FUNC_CD","TCD_TYPE","TFC_DETOUR_IND","TIME_OF_DAY","TOTAL_UNITS","TOT_INJ_COUNT","UNBELTED_OCC_COUNT","UNB_DEATH_COUNT","UNB_SUSP_SERIOUS_INJ_COUNT","UNK_INJ_DEG_COUNT","UNK_INJ_PER_COUNT","URBAN_RURAL","VAN_COUNT","VEHICLE_COUNT","VULNERABLE_ROAD_USER_COUNT","VULNERABLE_ROAD_USER_DEATH_COUNT","VULNERABLE_ROAD_USER_SER_INJ_COUNT","WEATHER1","WEATHER2","WORKERS_PRES","WORK_ZONE_IND","WORK_ZONE_LOC","WORK_ZONE_TYPE","WZ_CLOSE_DETOUR","WZ_FLAGGER","WZ_LAW_OFFCR_IND","WZ_LN_CLOSURE","WZ_MOVING","WZ_OTHER","WZ_SHLDER_MDN","WZ_WORKERS_INJ_KILLED"
"2021006539","1250","0","0","0","0","0","0","0","0","0","4","0","","67","6","2020","2","","","","6","0","0","0","0","0","0","0","0","","0","0","0","12","1","2","","1","0","","","0","","8","0","0","0","67301","0","0","0","N","0","0","0","2","00000","0","","1.0","","1","","","N","0","","0","0","0","3","2","","1250","2","2","0","0","0","2","0","1","0","2","0","0","0","3","","","N","","","","","","","","","",""
"2020072569","0103","3","0","0","0","0","0","0","0","0","4","0","","67","9","2020","1","39.975979","-75.159467","0103","6","0","0","0","0","0","0","0","0","","0","0","0","1","3","3","","1","2","39 58:33.526","3","0","75 09:34.081","8","0","0","0","67301","0","0","0","N","0","0","0","4","67505","0","","1.0","240.0","1","N","N","N","0","","0","0","1","3","3","Y","103","4","3","3","0","0","3","0","2","0","4","0","0","0","3","03","","N","","","","","","","","","",""
"2020087518","1420","1","0","0","0","0","0","0","0","0","1","0","","67","9","2020","3","39.975856","-75.226661","1359","6","0","0","0","0","1","0","0","0","","0","0","0","13","1","1","Y","0","0","39 58:33.081","","0","75 13:35.979","4","0","0","0","67301","0","0","0","N","0","0","0","2","67301","1","","1.0","","1","N","N","N","0","","0","0","1","3","2","","1300","2","1","1","0","0","0","1","2","0","2","0","0","0","3","03","","N","","","","","","","","","",""
"2020064936","1650","1","0","0","0","0","0","0","0","0","6","0","","67","8","2020","4","39.963472","-75.234417","1643","6","0","0","0","0","0","2","0","0","","0","0","0","15","1","2","N","0","0","39 57:48.500","","0","75 14:03.900","3","0","0","0","67301","0","0","0","N","0","0","0","3","67301","0","","1.0","","9","N","N","N","0","","2","0","1","0","0","","1530","2","2","0","0","0","0","0","2","0","2","0","0","0","7","07","","N","","","","","","","","","",""
"2020065437","1214","0","0","0","0","0","0","0","0","0","4","0","","67","8","2020","5","39.97521","-75.194985","1213","6","0","0","0","0","0","0","1","0","","0","0","0","11","1","1","","1","0","39 58:30.755","","0","75 11:41.945","3","0","0","0","67301","0","0","0","N","0","0","0","2","67301","0","","1.0","","1","N","N","N","0","","1","0","2","3","2","","1144","2","1","1","0","0","0","0","2","0","2","0","0","0","3","03","","N","","","","","","","","","",""
"2020070242","1945","1","0","0","1","0","0","0","0","0","8","0","","67","8","2020","3","39.977221","-75.226774","1940","6","0","0","0","0","0","0","0","0","","0","0","0","19","1","1","","1","0","39 58:37.995","","0","75 13:36.385","8","0","0","0","67301","1","0","0","N","0","0","0","2","67301","0","","1.0","","1","N","N","N","0","","0","0","0","3","2","","1937","2","1","0","0","0","1","0","2","0","1","1","0","0","3","03","","N","","","","","","","","","",""
"2020113271","1617","2","0","0","0","0","0","0","0","0","5","0","","67","12","2020","2","39.981125","-75.206733","1611","6","0","0","0","0","0","0","0","0","","0","0","0","15","1","4","N","0","1","39 58:52.049","3","0","75 12:24.238","4","0","0","0","67301","0","0","0","N","0","0","0","5","68K01","2","","1.0","1650.0","9","N","N","N","0","","0","0","0","0","0","N","1554","2","4","0","0","0","2","0","2","0","2","0","0","0","3","","","N","","","","","","","","","",""
"2020112551","0147","1","0","0","0","0","0","0","0","0","7","0","","67","12","2020","1","40.016059","-75.170427","0145","6","0","0","0","0","0","0","0","0","","0","0","0","0","3","1","N","0","0","40 00:57.813","","0","75 10:13.538","8","0","0","0","67301","0","0","0","Y","0","0","0","1","67301","0","","2.0","","1","N","Y","N","0","","0","0","0","3","2","","44","1","1","0","0","0","1","0","2","0","1","0","0","0","3","03","","N","","","","","","","","","",""
"2020065342","1110","1","0","0","0","0","0","0","0","0","4","0","","67","8","2020","5","39.976501","-75.140666","1110","6","0","0","0","0","0","1","0","0","","0","0","0","11","1","1","","1","0","39 58:35.403","","0","75 08:26.397","3","0","0","0","67301","0","0","0","N","0","0","0","2","67301","0","","1.0","","1","N","N","N","1","","1","0","0","3","3","","1106","2","1","0","0","0","0","0","2","0","2","0","0","0","3","03","","N","","","","","","","","","",""
"2020064937","2014","1","0","0","0","0","0","0","0","0","4","0","","67","8","2020","4","39.968637","-75.233854","2000","6","0","0","0","0","0","0","0","1","","0","0","0","19","3","1","","1","0","39 58:07.093","","0","75 14:01.874","3","0","0","0","67301","0","0","0","N","0","0","0","4","67301","0","","1.0","","1","N","N","N","0","","1","0","0","3","2","","1938","2","1","0","0","0","0","0","2","1","2","0","0","0","3","04","","N","","","","","","","","","",""
"2020065780","2205","0","0","0","0","0","0","0","0","0","5","1","","67","8","2020","5","39.968841","-75.136192","2206","6","0","0","0","0","0","0","0","0","","0","1","0","22","3","0","","1","0","39 58:07.829","","1","75 08:10.292","0","0","0","0","67301","0","0","0","N","0","0","0","2","67301","0","","1.0","","1","N","N","N","0","","0","0","1","3","2","","2203","2","0","0","0","0","0","0","2","0","2","0","0","0","3","","","N","","","","","","","","","",""
"2020066112","1241","2","0","0","0","0","0","0","0","0","4","0","","67","8","2020","5","39.940534","-75.218905","1236","6","0","0","0","0","0","1","0","0","","0","0","0","12","1","2","","1","0","39 56:25.922","","0","75 13:08.059","8","0","0","0","67301","0","0","0","N","0","0","0","3","67301","0","","1.0","","9","N","N","N","1","","0","0","2","3","2","","1230","5","2","1","0","0","2","1","2","0","5","0","0","0","7","07","","N","","","","","","","","","",""
"2020112152","0720","1","0","0","0","0","0","0","0","0","4","1","","67","12","2020","4","39.955991","-75.217645","0718","6","0","0","0","0","0","0","0","0","","0","1","0","7","1","2","","1","0","39 57:21.568","","0","75 13:03.523","2","0","0","0","67301","0","0","0","N","0","0","0","2","67301","0","","1.0","","1","N","N","N","0","","0","2","0","3","2","","715","2","2","0","0","0","0","0","2","0","2","0","0","0","3","","","N","","","","","","","","","",""
"2020064199","2354","0","0","0","0","0","0","0","0","0","5","0","","67","8","2020","1","39.951278","-75.238944","2354","6","0","0","0","0","0","0","0","0","","0","0","0","23","3","0","N","0","2","39 57:04.600","1","0","75 14:20.200","9","0","0","0","67301","0","0","0","N","0","0","0","1","67301","0","","6.0","30.0","1","N","N","N","0","","0","0","2","0","0","Y","2303","2","0","0","0","0","0","1","2","0","2","0","0","0","3","","","N","","","","","","","","","",""
"2020065273","0340","1","0","0","0","0","0","0","0","0","4","0","","67","8","2020","5","40.03218","-75.084301","0332","6","0","0","0","0","1","1","0","0","","0","0","0","3","3","2","","1","0","40 01:55.847","","0","75 05:03.484","3","0","0","0","67301","0","0","0","N","0","0","0","3","67301","0","","1.0","","1","N","N","N","0","","2","0","0","3","2","","325","2","2","0","0","0","0","0","2","1","2","0","0","0","3","03","","N","","","","","","","","","",""
"2020073691","2335","1","0","0","0","0","0","0","0","0","1","0","45","67","8","2020","6","40.015935","-75.052658","2318","6","0","0","0","0","0","0","0","0","","0","0","0","23","3","2","Y","0","1","40 00:57.365","2","0","75 03:09.570","3","0","0","0","67301","0","0","0","N","0","0","0","3","68K01","0","","1.0","2345.0","1","N","N","N","0","","2","0","1","0","0","N","2305","2","2","0","0","0","0","0","2","0","2","0","0","0","3","","N","Y","4","1","","","N","","","","Y","N"
"2020073054","0520","1","0","0","0","0","0","0","0","0","7","0","","67","9","2020","1","39.924789","-75.233653","0514","6","0","0","0","0","0","0","0","0","","0","0","0","5","3","0","N","0","0","39 55:29.240","","0","75 14:01.150","0","0","0","0","67301","0","0","0","N","0","0","0","1","67301","0","","5.0","","1","N","N","N","0","","0","0","0","0","0","","514","1","0","0","0","0","0","0","2","0","1","0","0","0","3","03","","N","","","","","","","","","",""
"2020068955","0010","1","0","0","0","0","0","1","0","0","4","1","","67","8","2020","1","39.996842","-75.116434","0000","6","0","0","0","0","0","0","0","0","","0","0","0","0","3","1","","2","0","39 59:48.632","","0","75 06:59.164","4","0","0","0","67301","0","0","0","N","0","0","0","2","67508","1","","1.0","","1","N","N","Y","0","","0","0","0","3","3","","0","2","1","0","0","0","0","0","2","0","2","0","0","0","3","03","","N","","","","","","","","","",""
"2020093917","1838","3","0","0","0","0","0","0","0","0","5","0","","67","11","2020","4","40.099717","-75.036569","1833","6","0","0","0","0","0","1","0","0","","0","0","0","18","3","0","N","0","0","40 05:58.980","","0","75 02:11.650","0","0","0","0","67301","0","0","0","N","0","0","0","1","67301","0","","6.0","","1","N","N","Y","0","","0","0","2","0","0","","1825","6","0","0","0","0","0","0","2","1","6","0","0","0","3","03","","N","","","","","","","","","",""
"2020083341","2050","1","0","0","0","0","0","0","0","0","1","0","","67","9","2020","2","39.974566","-75.199774","2050","6","0","0","0","0","0","0","0","0","","0","0","0","20","3","1","Y","0","0","39 58:28.438","","0","75 11:59.188","4","0","0","0","67301","0","0","0","N","0","0","0","5","67301","1","","1.0","","1","N","N","N","0","","0","0","1","3","2","","2048","2","1","0","0","0","0","1","2","0","2","0","0","0","3","03","","N","","","","","","","","","",""
"2020073614","0421","1","0","0","0","0","0","0","0","0","7","0","","67","8","2020","1","39.976838","-75.197127","0419","6","0","0","0","0","0","0","0","0","","0","0","0","4","3","0","N","0","0","39 58:36.616","","0","75 11:49.656","0","0","0","0","67301","0","0","0","N","0","0","0","1","68K01","0","","3.0","","1","N","N","N","0","","0","0","0","0","0","","418","1","0","0","0","0","0","0","2","0","1","0","0","0","3","","","N","","","","","","","","","",""
"2020113254","1548","2","0","0","0","0","0","0","0","0","1","0","","67","12","2020","6","39.981707","-75.101488","1527","6","0","0","0","0","0","0","0","0","","0","0","0","14","1","1","N","0","0","39 58:54.144","","0","75 06:05.357","8","0","0","0","67301","0","0","0","N","0","0","0","3","68K01","0","","1.0","","1","N","N","N","0","","0","0","0","0","0","","1455","3","1","0","0","0","1","0","2","0","3","0","0","0","3","","","N","","","","","","","","","",""
"2020065016","1406","1","0","0","0","0","0","0","0","0","4","0","","67","8","2020","4","39.983183","-75.144946","1405","6","0","0","0","0","0","0","0","0","","0","0","0","14","1","1","","1","0","39 58:59.458","","0","75 08:41.805","3","0","0","0","67301","0","0","0","N","0","0","0","2","67301","0","","1.0","","9","N","N","N","0","","1","0","0","3","3","","1400","2","1","0","0","0","0","0","2","0","2","0","0","0","7","07","","N","","","","","","","","","",""
"2020065132","1310","1","0","0","0","0","0","0","0","0","4","0","","67","8","2020","5","40.02075","-75.148806","1304","6","0","0","0","0","0","1","0","0","","0","0","0","12","1","2","","2","0","40 01:14.700","","0","75 08:55.700","8","0","0","0","67301","0","0","0","N","0","0","0","2","67301","0","","1.0","","1","N","N","N","0","","0","0","1","0","0","","1255","2","2","0","0","0","2","0","2","0","2","0","0","0","4","04","","N","","","","","","","","","",""
"2020074663","1709","2","0","0","0","0","0","0","0","0","4","0","","67","9","2020","1","40.021284","-75.157724","1702","6","0","0","0","0","0","0","0","0","","0","0","0","14","1","2","","3","0","40 01:16.622","","0","75 09:27.806","3","0","0","0","67301","0","0","0","N","0","0","0","2","67301","0","","1.0","","1","N","N","N","0","","2","0","1","3","3","","1445","3","2","0","0","0","0","0","2","0","3","0","0","0","3","","","N","","","","","","","","","",""
"2020067591","0712","0","0","0","0","0","0","0","0","0","5","0","","67","8","2020","3","39.956639","-75.143333","0704","6","0","0","0","0","0","0","1","0","","0","0","0","7","1","1","","7","1","39 57:23.900","3","8","75 08:36.000","4","0","0","0","67301","0","0","0","N","0","0","0","3","68K01","1","","7.0","810.0","1","N","N","N","0","","0","0","1","0","0","N","702","2","1","0","0","0","0","0","2","1","2","0","0","0","3","","","N","","","","","","","","","",""
"2020070777","1930","1","0","0","0","0","0","0","0","0","2","0","","67","8","2020","1","40.039513","-75.154417","1920","6","0","0","0","0","0","0","0","0","","0","0","0","18","1","1","","1","0","40 02:22.246","","0","75 09:15.901","3","0","0","0","67301","0","0","0","N","0","0","0","2","67301","0","","1.0","","1","N","N","N","0","","1","0","1","3","2","","1848","2","1","0","0","0","0","0","2","0","2","0","0","0","3","","","N","","","","","","","","","",""
"2020077901","0228","1","0","0","0","0","0","0","0","0","7","0","","67","9","2020","4","40.030219","-75.088211","0228","6","0","0","0","0","0","0","0","0","","0","0","0","2","3","0","","1","1","40 01:48.790","2","0","75 05:17.559","0","0","0","0","67301","0","0","0","Y","0","0","0","1","67301","0","","4.0","315.0","1","N","N","N","0","","0","0","0","3","2","N","210","1","0","0","0","0","0","0","2","0","1","0","0","0","3","03","","N","","","","","","","","","",""
"2020065246","2220","1","0","0","0","0","0","0","0","0","4","0","","67","8","2020","5","40.007681","-75.151586","2218","6","0","0","0","0","0","0","0","0","","0","0","0","22","3","0","","1","0","40 00:27.651","","0","75 09:05.709","0","0","0","0","67301","0","0","0","N","0","0","0","4","67505","0","","1.0","","1","N","N","Y","0","","0","0","1","3","2","","2212","2","0","0","0","0","0","0","2","0","2","0","0","0","3","03","","N","","","","","","","","","",""
"2020068080","1421","1","0","0","0","0","0","0","0","0","5","0","","67","8","2020","5","40.015061","-75.053973","1404","6","1","0","0","0","0","1","0","0","","0","0","0","13","1","0","N","0","1","40 00:54.218","1","0","75 03:14.304","0","0","0","0","67301","0","0","0","N","0","0","0","2","68K01","0","","1.0","1420.0","1","N","N","N","0","","0","0","1","0","0","N","1339","2","0","0","0","0","0","0","2","0","2","0","0","0","7","","","N","","","","","","","","","",""
"2020065836","1322","1","0","0","0","0","0","0","0","0","4","0","","67","8","2020","5","39.945858","-75.240283","1320","6","0","0","0","0","0","2","0","0","","0","0","0","13","1","1","","5","0","39 56:45.089","","0","75 14:25.018","3","0","0","0","67301","0","0","0","N","0","0","0","2","67301","0","","1.0","","9","N","N","N","0","","1","0","1","3","2","","1319","2","1","0","0","0","0","0","2","0","2","0","0","0","7","04","","N","","","","","","","","","",""
"2020065015","1105","3","0","0","0","0","0","0","0","0","1","0","","67","8","2020","1","39.975085","-75.194986","1103","6","0","0","0","0","0","1","0","0","","0","0","0","11","1","0","","1","0","39 58:30.307","","0","75 11:41.951","0","0","0","0","67301","0","0","0","N","0","0","0","3","67301","0","","1.0","","1","N","N","N","0","","0","0","0","3","2","","1100","3","0","1","0","0","0","0","2","0","3","0","0","0","3","03","","N","","","","","","","","","",""
"2020070079","0100","1","0","0","0","0","0","0","0","0","4","0","","67","8","2020","6","40.031228","-75.145767","0100","6","0","0","0","1","0","0","0","0","","0","0","0","20","3","1","","1","0","40 01:52.420","","0","75 08:44.761","8","0","0","0","67301","0","0","0","N","0","0","0","2","67301","0","","1.0","","1","N","N","N","0","","0","0","0","3","2","","2015","2","1","0","0","0","1","0","2","0","2","0","0","0","4","04","","N","","","","","","","","","",""
"2020113737","0225","1","0","0","0","0","0","0","0","0","1","0","","67","12","2020","1","39.946961","-75.240725","0219","6","0","0","0","0","0","0","0","0","","0","0","0","2","2","0","Y","0","0","39 56:49.060","","0","75 14:26.610","0","0","0","0","67301","0","0","0","N","0","0","0","3","67301","0","","1.0","","1","N","N","N","1","","0","0","0","0","0","","217","2","0","0","0","0","0","0","2","0","2","0","0","0","3","03","","N","","","","","","","","","",""
"2020112977","0319","1","0","0","0","0","0","0","0","0","6","1","","67","12","2020","4","39.978819","-75.096749","0305","6","0","0","0","0","0","0","0","0","","0","1","0","1","3","1","N","0","2","39 58:43.748","5","0","75 05:48.298","4","0","0","0","67301","0","0","0","N","0","0","0","2","67301","1","","6.0","500.0","1","N","N","N","0","","0","0","0","0","0","Y","156","2","1","0","0","0","0","0","2","0","2","0","0","0","3","03","","N","","","","","","","","","",""
"2020063965","2355","2","0","0","0","0","0","0","0","0","4","0","","67","8","2020","1","39.988524","-75.106326","2355","6","0","0","0","0","0","0","0","0","","0","0","0","21","8","2","","1","0","39 59:18.686","","0","75 06:22.773","4","0","0","0","67301","0","0","0","N","0","0","0","3","67301","2","","1.0","","99","N","N","N","0","","0","0","0","3","2","","2143","2","2","0","0","0","0","1","2","0","2","0","0","0","3","03","","N","","","","","","","","","",""
"2020076528","0116","2","0","0","0","0","0","0","0","0","4","0","","67","9","2020","1","39.909385","-75.161144","0115","6","0","0","0","0","1","0","0","0","","0","0","0","1","3","0","","1","0","39 54:33.787","","0","75 09:40.120","0","0","0","0","67301","0","0","0","N","0","0","0","3","67301","0","","1.0","","1","N","N","N","0","","0","0","0","3","2","","112","2","0","0","0","0","0","0","2","0","2","0","0","0","3","03","","N","","","","","","","","","",""
"2020072582","2312","0","0","0","0","0","0","0","0","0","8","0","","67","9","2020","6","39.991193","-75.132897","2312","6","0","0","0","0","0","0","0","0","","0","0","0","22","3","1","","1","1","39 59:28.296","4","0","75 07:58.428","2","0","0","1","67301","1","0","1","N","1","0","1","2","67301","0","","1.0","143.0","1","N","N","N","0","","0","1","0","3","2","N","2232","2","1","0","0","0","0","1","2","0","1","1","0","1","3","03","","N","","","","","","","","","",""
"2020113279","2131","1","0","0","0","0","0","0","0","0","7","0","","67","12","2020","3","39.909349","-75.149071","2128","6","0","0","0","0","1","0","0","0","","0","0","0","21","2","0","N","0","0","39 54:33.658","","0","75 08:56.657","0","0","0","0","67301","0","0","0","N","0","0","0","1","68K01","0","","2.0","","1","N","N","N","0","","0","0","0","0","0","","2128","1","0","0","0","0","0","0","2","0","1","0","0","0","3","03","","N","","","","","","","","","",""
"2020064762","1623","1","0","0","0","0","0","0","0","0","4","0","","67","8","2020","1","39.972999","-75.182142","1609","6","0","0","0","0","0","0","1","0","","0","0","0","16","1","1","","1","0","39 58:22.796","","0","75 10:55.711","3","0","0","0","67301","0","0","0","N","0","0","0","3","67301","0","","1.0","","1","N","N","N","0","","1","0","1","3","2","","1608","2","1","0","0","0","0","0","2","0","2","0","0","0","3","03","","N","","","","","","","","","",""
"2020090642","0111","1","0","0","0","0","0","0","0","0","5","0","","67","8","2020","6","40.017523","-75.149439","0111","6","0","0","0","0","0","0","0","0","","0","0","0","23","3","1","N","0","0","40 01:03.081","","0","75 08:57.982","4","0","0","0","67301","0","0","0","N","0","0","0","2","67301","1","","1.0","","1","N","N","N","0","","0","0","0","0","0","","2316","2","1","0","0","0","0","0","2","0","2","0","0","0","3","03","","N","","","","","","","","","",""
"2020065002","0917","1","0","0","1","0","0","0","0","0","8","0","","67","8","2020","3","39.950722","-75.194417","0917","6","0","0","0","0","0","0","0","0","","0","0","0","7","1","1","N","0","0","39 57:02.600","","0","75 11:39.900","3","0","0","0","67301","1","0","0","N","0","0","0","2","67504","0","","1.0","","1","N","N","N","0","","1","0","0","0","0","","700","2","1","0","0","0","0","0","2","0","1","1","0","0","99","98","","N","","","","","","","","","",""
"2020063757","2331","1","0","0","0","0","0","0","0","0","1","0","","67","8","2020","1","39.98739","-75.156023","2330","6","0","0","0","0","0","0","0","0","","0","0","0","23","3","0","N","0","0","39 59:14.603","","0","75 09:21.681","0","0","0","0","67301","0","0","0","N","0","0","0","1","67505","0","","6.0","","1","N","N","N","0","","0","0","1","0","0","","2328","2","0","0","0","0","0","0","2","0","2","0","0","0","3","03","","N","","","","","","","","","",""
"2020064539","0900","2","0","0","0","0","0","0","0","0","4","1","","67","8","2020","3","40.013694","-75.1775","0855","6","0","0","0","0","0","0","0","0","","0","1","0","8","1","1","N","0","0","40 00:49.300","","7","75 10:39.000","3","0","0","0","67301","0","0","0","N","0","0","0","3","67301","0","","1.0","","1","N","N","N","0","","1","0","1","0","0","","811","4","1","0","0","0","0","0","2","0","4","0","0","0","4","03","","N","","","","","","","","","",""
"2020104851","1510","2","0","0","0","0","0","0","0","0","5","0","","67","12","2020","4","39.982472","-75.20769","1508","6","0","0","0","0","0","0","0","0","","0","0","0","15","1","0","N","0","2","39 58:56.900","4","0","75 12:27.685","9","0","0","0","67301","0","0","0","N","0","0","0","2","68K01","0","","1.0","30.0","1","N","N","N","0","","0","0","0","0","0","N","1507","2","0","0","0","0","0","1","2","0","2","0","0","0","3","","","N","","","","","","","","","",""
"2020078897","0148","0","0","0","0","0","0","0","0","0","4","0","","67","9","2020","4","40.023544","-75.133344","0142","6","0","0","0","0","0","0","0","0","","0","0","0","15","1","1","","1","0","40 01:24.758","","0","75 08:00.038","3","0","0","1","67301","0","0","0","N","0","0","0","2","67301","0","","1.0","","1","N","N","N","0","","1","0","1","3","1","","1525","2","1","0","0","0","0","1","2","0","2","0","0","0","3","03","","N","","","","","","","","","",""
"2020108375","1954","1","0","0","0","0","0","0","0","0","7","0","","67","12","2020","4","40.007692","-75.072196","1948","6","0","0","0","0","0","0","0","0","","0","0","0","19","3","1","N","0","0","40 00:27.692","","0","75 04:19.906","8","0","0","0","67301","0","0","0","N","0","0","0","1","68K01","0","","3.0","","1","N","N","N","0","","0","0","0","0","0","","1944","1","1","0","0","0","1","0","2","0","1","0","0","0","3","","","N","","","","","","","","","",""
"2020104390","2136","2","0","0","0","0","0","0","0","0","4","0","","67","12","2020","5","40.103708","-74.983417","2136","6","0","0","0","0","0","0","0","0","","0","0","0","21","3","1","","1","0","40 06:13.348","","0","74 59:00.301","3","0","0","0","67301","0","0","0","N","0","0","0","2","67301","0","","1.0","","1","N","N","N","0","","1","0","0","3","2","","2117","2","1","0","0","0","0","0","2","0","2","0","0","0","3","03","","N","","","","","","","","","",""
"2020112548","0829","1","0","0","0","0","0","0","0","0","4","0","","67","12","2020","1","39.938664","-75.215739","0826","6","0","0","0","0","0","0","0","0","","0","0","0","8","1","2","N","0","0","39 56:19.190","","0","75 12:56.660","3","0","0","0","67301","0","0","0","N","0","0","0","2","67301","0","","1.0","","1","N","N","N","0","","2","0","0","0","0","","818","2","2","0","0","0","0","0","2","0","1","0","0","0","3","03","","N","","","","","","","","","",""
"2020112098","0000","1","0","0","0","0","0","0","0","0","8","0","","67","12","2020","4","40.0506","-75.157873","2358","6","0","0","0","0","0","0","0","0","","0","0","0","23","3","1","","2","0","40 03:02.160","","0","75 09:28.342","4","0","0","0","67301","1","0","0","N","1","0","0","2","67301","1","","1.0","","1","N","N","N","0","","0","0","0","3","3","","2345","2","1","0","0","0","0","0","2","0","1","1","0","0","3","03","","N","","","","","","","","","",""
"2020072392","1245","1","0","0","0","0","0","0","0","0","8","0","","67","9","2020","5","40.029894","-75.055537","1243","6","0","0","0","0","0","0","1","0","","0","0","0","12","1","1","N","0","0","40 01:47.618","","0","75 03:19.932","3","0","0","0","67301","1","0","0","N","1","0","0","2","67301","0","","1.0","","1","N","N","N","0","","1","0","1","0","0","","1240","3","1","0","0","0","0","0","2","0","2","1","0","0","3","03","","N","","","","","","","","","",""
"2020074588","1930","0","0","0","0","0","0","0","0","0","4","0","","67","9","2020","1","39.993032","-75.11974","1923","6","0","0","0","0","0","0","0","0","","0","0","0","19","1","2","","2","0","39 59:34.915","","1","75 07:11.063","3","0","0","1","67301","0","0","0","N","0","0","0","3","67301","0","","1.0","","1","N","N","N","0","","2","0","1","3","3","","1923","2","2","1","0","0","0","0","2","0","2","0","0","0","3","03","","N","","","","","","","","","",""
"2020066389","0825","0","0","0","0","0","0","0","0","0","1","0","","67","8","2020","4","39.956249","-75.148717","0822","6","0","0","0","0","0","1","0","0","","0","0","0","8","1","0","N","0","2","39 57:22.498","4","2","75 08:55.382","0","0","0","0","67301","0","0","0","N","0","0","0","2","67501","0","","1.0","853.0","1","N","N","N","1","","0","0","0","0","0","N","822","2","0","0","0","0","0","0","2","1","2","0","0","0","3","03","","N","","","","","","","","","",""
"2020063521","2052","2","0","0","0","0","0","0","0","0","4","0","","67","8","2020","6","39.974566","-75.183467","2051","6","0","0","0","0","0","1","0","0","","0","0","0","20","3","0","","1","0","39 58:28.437","","0","75 11:00.481","0","0","0","0","67301","0","0","0","N","0","0","0","3","67301","0","","1.0","","9","N","N","N","0","","0","0","1","3","2","","2050","3","0","0","0","0","0","0","2","0","3","0","0","0","7","04","","N","","","","","","","","","",""
"2020085248","1619","1","0","0","0","0","0","0","0","0","1","0","","67","9","2020","2","40.017547","-75.049404","1602","6","0","0","0","0","0","0","0","0","","0","0","0","15","1","1","N","0","0","40 01:03.169","","0","75 02:57.855","3","0","0","0","67301","0","0","0","N","0","0","0","2","68K01","0","","1.0","","1","N","N","N","0","","1","0","1","0","0","","1558","2","1","0","0","0","0","0","2","0","2","0","0","0","3","03","","N","","","","","","","","","",""
"2020065776","0730","3","0","0","0","0","0","0","0","0","5","0","","67","8","2020","5","40.018133","-75.139569","0731","6","0","0","0","0","0","0","0","0","","0","0","0","7","5","0","N","0","0","40 01:05.280","","0","75 08:22.450","0","0","0","0","67301","0","0","0","N","0","0","0","1","67301","0","","6.0","","1","N","N","N","0","","0","0","1","0","0","","713","5","0","0","0","0","0","0","2","1","5","0","0","0","4","","","N","","","","","","","","","",""
"2020070943","1710","2","0","0","0","0","0","0","0","0","1","0","","67","8","2020","1","40.017358","-75.116598","1700","6","0","0","0","0","0","0","0","0","","0","0","0","15","1","1","","1","0","40 01:02.488","","0","75 06:59.752","3","0","0","0","67301","0","0","0","N","0","0","0","2","67301","0","","1.0","","1","N","N","N","0","","1","0","0","3","3","","1500","2","1","1","0","0","0","0","2","0","2","0","0","0","3","03","","N","","","","","","","","","",""