"CRN","ARRIVAL_TM","AUTOMOBILE_COUNT","BELTED_DEATH_COUNT","BELTED_SUSP_SERIOUS_INJ_COUNT","BICYCLE_COUNT","BICYCLE_DEATH_COUNT","BICYCLE_SUSP_SERIOUS_INJ_COUNT","BUS_COUNT","CHLDPAS_DEATH_COUNT","CHLDPAS_SUSP_SERIOUS_INJ_COUNT","COLLISION_TYPE","COMM_VEH_COUNT","CONS_ZONE_SPD_LIM","COUNTY","CRASH_MONTH","CRASH_YEAR","DAY_OF_WEEK","DEC_LATITUDE","DEC_LONGITUDE","DISPATCH_TM","DISTRICT","DRIVER_COUNT_16YR","DRIVER_COUNT_17YR","DRIVER_COUNT_18YR","DRIVER_COUNT_19YR","DRIVER_COUNT_20YR","DRIVER_COUNT_50_64YR","DRIVER_COUNT_65_74YR","DRIVER_COUNT_75PLUS","EST_HRS_CLOSED","FATAL_COUNT","HEAVY_TRUCK_COUNT","HORSE_BUGGY_COUNT","HOUR_OF_DAY","ILLUMINATION","INJURY_COUNT","INTERSECTION_RELATED","INTERSECT_TYPE","LANE_CLOSED","LATITUDE","LN_CLOSE_DIR","LOCATION_TYPE","LONGITUDE","MAX_SEVERITY_LEVEL","MCYCLE_DEATH_COUNT","MCYCLE_SUSP_SERIOUS_INJ_COUNT","MOTORCYCLE_COUNT","MUNICIPALITY","NONMOTR_COUNT","NONMOTR_DEATH_COUNT","NONMOTR_SUSP_SERIOUS_INJ_COUNT","NTFY_HIWY_MAINT","PED_COUNT","PED_DEATH_COUNT","PED_SUSP_SERIOUS_INJ_COUNT","PERSON_COUNT","POLICE_AGCY","POSSIBLE_INJ_COUNT","RDWY_SURF_TYPE_CD","RELATION_TO_ROAD","ROADWAY_CLEARED","ROAD_CONDITION","SCH_BUS_IND","SCH_ZONE_IND","SECONDARY_CRASH","SMALL_TRUCK_COUNT","SPEC_JURIS_CD","SUSP_MINOR_INJ_COUNT","SUSP_SERIOUS_INJ_COUNT","SUV_COUNT","TCD_FUNC_CD","TCD_TYPE","TFC_DETOUR_IND","TIME_OF_DAY","TOTAL_UNITS","TOT_INJ_COUNT","UNBELTED_OCC_COUNT","UNB_DEATH_COUNT","UNB_SUSP_SERIOUS_INJ_COUNT","UNK_INJ_DEG_COUNT","UNK_INJ_PER_COUNT","URBAN_RURAL","VAN_COUNT","VEHICLE_COUNT","VULNERABLE_ROAD_USER_COUNT","VULNERABLE_ROAD_USER_DEATH_COUNT","VULNERABLE_ROAD_USER_SER_INJ_COUNT","WEATHER1","WEATHER2","WORKERS_PRES","WORK_ZONE_IND","WORK_ZONE_LOC","WORK_ZONE_TYPE","WZ_CLOSE_DETOUR","WZ_FLAGGER","WZ_LAW_OFFCR_IND","WZ_LN_CLOSURE","WZ_MOVING","WZ_OTHER","WZ_SHLDER_MDN","WZ_WORKERS_INJ_KILLED"
"2020073062","0449","1","0","0","0","0","0","0","0","0","7","0","","67","9","2020","1","39.967336","-75.245842","0449","6","0","0","0","0","0","0","0","0","","0","0","0","4","3","1","","1","2","39 58:02.410","7","0","75 14:45.030","8","0","0","0","67301","0","0","0","N","0","0","0","1","67301","0","","4.0","620.0","1","N","N","N","0","","0","0","0","3","2","Y","447","1","1","0","0","0","1","0","2","0","1","0","0","0","3","","","N","","","","","","","","","",""
"2020070326","1650","2","0","0","0","0","0","0","0","0","4","0","","67","8","2020","7","40.071064","-75.171295","1650","6","0","0","0","1","0","0","0","0","","0","0","0","16","1","1","","1","0","40 04:15.830","","0","75 10:16.662","3","0","0","0","67301","0","0","0","N","0","0","0","2","67301","0","","1.0","","1","N","N","N","0","","1","0","0","3","3","","1640","2","1","0","0","0","0","0","2","0","2","0","0","0","3","","","N","","","","","","","","","",""
"2020113998","1050","1","0","0","0","0","0","0","0","0","1","0","","67","12","2020","3","39.965769","-75.186272","1045","6","0","0","0","0","0","1","0","0","","0","0","0","10","1","0","N","0","1","39 57:56.768","4","0","75 11:10.578","0","0","0","0","67301","0","0","0","N","0","0","0","5","68K01","0","","1.0","1150.0","1","N","N","N","0","","0","0","1","0","0","N","1044","2","0","0","0","0","0","0","2","0","2","0","0","0","3","","","N","","","","","","","","","",""
"2020070673","0345","2","0","0","0","0","0","0","0","0","5","0","","67","8","2020","1","39.970861","-75.231019","0341","6","0","0","0","0","0","0","0","0","","0","0","0","3","3","0","N","0","0","39 58:15.100","","0","75 13:51.670","0","0","0","0","67301","0","0","0","N","0","0","0","1","67301","0","","6.0","","1","N","N","N","1","","0","0","3","0","0","","338","6","0","1","0","0","0","0","2","0","6","0","0","0","3","","","N","","","","","","","","","",""
"2020113982","2332","1","0","0","0","0","0","0","0","0","1","0","","67","12","2020","7","40.002026","-75.194514","2328","6","0","0","0","0","0","0","0","0","","0","0","0","23","3","1","N","0","0","40 00:07.292","","0","75 11:40.251","3","0","0","0","67301","0","0","0","N","0","0","0","2","68K01","0","","1.0","","1","N","N","N","0","","1","0","1","0","0","","2327","2","1","0","0","0","0","0","2","0","2","0","0","0","3","","","N","","","","","","","","","",""
"2020064765","1658","2","0","0","0","0","0","0","0","0","4","0","","67","8","2020","3","39.976392","-75.118182","1654","6","0","0","0","0","0","0","0","0","","0","0","0","16","1","1","","1","0","39 58:35.011","","0","75 07:05.455","3","0","0","0","67301","0","0","0","N","0","0","0","2","67301","0","","1.0","","1","N","N","N","0","","1","0","1","3","3","","1604","3","1","0","0","0","0","0","2","0","3","0","0","0","3","03","","N","","","","","","","","","",""
"2020112546","1326","2","0","0","0","0","0","0","0","0","5","1","","67","12","2020","3","39.927804","-75.243454","1323","6","0","0","0","1","0","0","0","0","","0","1","0","13","1","1","N","0","0","39 55:40.093","","0","75 14:36.435","3","0","0","0","67301","0","0","0","N","0","0","0","2","67301","0","","1.0","","1","N","N","N","0","","1","0","0","0","0","","1310","3","1","0","0","0","0","0","2","0","3","0","0","0","3","03","","N","","","","","","","","","",""
"2020065336","1250","2","0","0","0","0","0","0","0","0","2","0","","67","8","2020","1","39.965994","-75.235183","1250","6","0","0","0","0","0","0","0","0","","0","0","0","12","1","0","N","0","0","39 57:57.580","","0","75 14:06.660","9","0","0","0","67301","0","0","0","N","0","0","0","2","67301","0","","1.0","","1","N","N","N","0","","0","0","0","0","0","","1230","2","0","0","0","0","0","1","2","0","2","0","0","0","3","03","","N","","","","","","","","","",""
"2020065329","2341","2","0","0","0","0","0","0","0","0","1","0","","67","8","2020","5","39.974046","-75.204557","2341","6","0","0","0","0","0","0","0","0","","0","0","0","23","3","1","Y","0","0","39 58:26.565","","0","75 12:16.406","8","0","0","0","67301","0","0","0","N","0","0","0","2","67301","0","","1.0","","99","N","N","N","0","","0","0","0","3","2","","2337","2","1","0","0","0","1","0","2","0","2","0","0","0","3","03","","N","","","","","","","","","",""
"2020072099","2045","1","0","0","0","0","0","0","0","0","2","0","","67","9","2020","3","40.012631","-75.141806","2040","6","0","0","0","0","0","0","0","0","","0","0","0","20","3","1","N","0","0","40 00:45.470","","0","75 08:30.500","3","0","0","0","67301","0","0","0","N","0","0","0","2","67301","0","","6.0","","1","N","N","N","0","","1","0","2","0","0","","2036","4","1","0","0","0","0","0","2","1","4","0","0","0","3","","","N","","","","","","","","","",""
"2020064763","1024","1","0","0","0","0","0","0","0","0","4","0","","67","8","2020","4","39.987857","-75.155801","1024","6","0","0","0","0","1","1","0","0","","0","0","0","10","1","1","","1","1","39 59:16.284","2","0","75 09:20.883","2","0","1","1","67301","0","0","0","N","0","0","0","2","67301","0","","1.0","1035.0","1","N","N","N","0","","0","1","0","3","2","N","1016","2","1","0","0","0","0","0","2","0","2","0","0","0","3","03","","N","","","","","","","","","",""
"2020112550","0411","0","0","0","0","0","0","0","0","0","7","0","","67","12","2020","7","39.965224","-75.133144","0350","6","0","0","0","0","0","0","0","0","","0","0","0","3","3","0","N","0","0","39 57:54.805","","0","75 07:59.317","0","0","0","0","67301","0","0","0","N","0","0","0","1","67301","0","","3.0","","1","N","N","N","0","","0","0","1","0","0","","349","1","0","0","0","0","0","0","2","0","1","0","0","0","3","03","","N","","","","","","","","","",""
"2020073384","1448","0","0","0","0","0","0","0","0","0","4","0","","67","9","2020","1","39.979155","-75.137469","1448","6","0","0","0","0","0","2","0","0","","0","0","0","14","1","2","","1","0","39 58:44.957","","0","75 08:14.888","4","0","0","0","67301","0","0","0","N","0","0","0","3","67301","2","","1.0","","1","N","N","N","0","","0","0","1","3","2","","1447","2","2","2","0","0","0","0","2","1","2","0","0","0","3","03","","N","","","","","","","","","",""
"2020097593","2049","0","0","0","0","0","0","0","0","0","5","0","","67","11","2020","7","39.977806","-75.161417","2045","6","0","0","0","0","1","0","0","0","","0","0","0","20","3","0","N","0","0","39 58:40.100","","0","75 09:41.100","0","0","0","0","67301","0","0","0","N","0","0","0","3","67301","0","","1.0","","1","N","N","N","0","","0","0","2","0","0","","2036","2","0","0","0","0","0","0","2","0","2","0","0","0","3","03","","N","","","","","","","","","",""
"2020105508","2259","0","0","1","0","0","0","0","0","0","1","0","","67","11","2020","1","39.902854","-75.150843","2247","6","0","0","0","0","0","1","0","0","","0","0","0","22","3","1","N","0","1","39 54:10.274","2","0","75 09:03.036","2","0","0","0","67301","0","0","0","N","0","0","0","2","68K01","0","","1.0","2317.0","9","N","N","Y","0","","0","1","2","0","0","N","2247","2","1","0","0","0","0","1","2","0","2","0","0","0","3","03","","N","","","","","","","","","",""
"2020099881","1830","3","0","0","0","0","0","0","0","0","2","0","","67","11","2020","6","40.04731","-75.145506","1826","6","0","0","0","0","0","0","0","0","","0","0","0","18","3","1","N","0","0","40 02:50.315","","0","75 08:43.823","3","0","0","0","67301","0","0","0","N","0","0","0","3","67301","0","","1.0","","1","N","N","Y","0","","1","0","0","0","0","","1826","3","1","0","0","0","0","0","2","0","3","0","0","0","3","03","","N","","","","","","","","","",""
"2021006576","0830","0","0","0","0","0","0","0","0","0","1","0","","67","6","2020","3","39.923276","-75.181718","","6","0","0","0","0","0","0","0","0","","0","0","0","8","1","1","","5","0","39 55:23.794","","0","75 10:54.184","8","0","0","0","67301","0","0","0","N","0","0","0","2","00000","0","","1.0","","1","","","N","0","","0","0","1","3","2","","830","2","1","0","0","0","1","0","2","0","2","0","0","0","3","","","N","","","","","","","","","",""
"2021004117","0720","1","0","0","0","0","0","0","0","0","4","0","","67","6","2020","3","39.968938","-75.159915","","6","0","0","0","0","0","0","0","0","","0","0","0","7","1","0","","1","0","39 58:08.176","","0","75 09:35.694","0","0","0","0","67301","0","0","0","N","0","0","0","2","00000","0","","1.0","","1","","","N","0","","0","0","1","3","2","","720","2","0","0","0","0","0","0","2","0","2","0","0","0","3","","","N","","","","","","","","","",""
"2021003725","1530","1","0","0","0","0","0","0","0","0","6","0","","67","4","2020","2","40.012794","-75.174472","","6","0","0","0","0","0","1","0","0","","0","0","0","15","1","2","","2","0","40 00:46.060","","0","75 10:28.100","8","0","0","0","67301","0","0","0","N","0","0","0","3","00000","0","","1.0","","1","","","N","0","","0","0","1","0","0","","1530","2","2","0","0","0","2","0","2","0","2","0","0","0","3","","","N","","","","","","","","","",""
"2021000250","1030","0","0","0","0","0","0","0","0","0","4","1","","67","12","2020","5","40.004314","-75.128004","1015","6","0","0","0","0","0","0","0","0","","0","1","0","8","1","0","","1","0","40 00:15.530","","0","75 07:40.814","0","0","0","0","67301","0","0","0","N","0","0","0","2","67301","0","","1.0","","1","N","N","N","0","","0","0","1","3","2","","854","2","0","0","0","0","0","0","2","0","2","0","0","0","3","","","N","","","","","","","","","",""
"2020073060","0215","1","0","0","0","0","0","0","0","0","4","0","","67","9","2020","2","39.957953","-75.233502","0211","6","0","0","0","0","0","0","0","0","","0","0","0","1","3","0","","1","1","39 57:28.630","4","0","75 14:00.608","0","0","0","0","67301","0","0","0","N","0","0","0","2","67301","0","","1.0","320.0","1","N","N","N","0","","0","0","1","3","2","N","133","2","0","0","0","0","0","0","2","0","2","0","0","0","3","03","","N","","","","","","","","","",""
"2020073047","1230","1","0","0","0","0","0","0","0","0","1","0","","67","9","2020","4","40.028049","-75.11003","1230","6","0","0","0","1","0","0","0","0","","0","0","0","12","1","4","","1","1","40 01:40.977","2","0","75 06:36.108","8","0","0","0","67301","0","0","0","N","0","0","0","4","67301","0","","1.0","1330.0","1","N","N","N","0","","0","0","1","3","2","Y","1230","2","4","0","0","0","4","0","2","0","2","0","0","0","4","04","","N","","","","","","","","","",""
"2020113252","1441","1","0","0","0","0","0","0","0","0","1","0","","67","12","2020","6","39.986754","-75.091453","1408","6","0","0","0","0","0","0","0","0","","0","0","0","13","1","1","N","0","0","39 59:12.314","","0","75 05:29.231","8","0","0","0","67301","0","0","0","N","0","0","0","3","68K01","0","","1.0","","1","N","N","N","0","","0","0","1","0","0","","1359","2","1","0","0","0","1","0","2","0","2","0","0","0","3","","","N","","","","","","","","","",""
"2020063964","0937","0","0","0","0","0","0","0","0","0","7","0","","67","8","2020","1","40.005944","-75.093653","0937","6","0","0","0","0","0","0","0","0","","0","0","0","9","1","1","N","0","0","40 00:21.400","","0","75 05:37.149","3","0","0","0","67301","0","0","0","N","0","0","0","2","67301","0","","4.0","","1","N","N","N","0","","1","0","1","0","0","","937","1","1","1","0","0","0","0","2","0","1","0","0","0","3","03","","N","","","","","","","","","",""
"2020063804","0530","1","0","0","0","0","0","0","0","0","5","0","","67","8","2020","2","40.006303","-75.151773","0530","6","0","0","0","0","0","0","0","0","","0","0","0","5","3","2","N","0","2","40 00:22.690","1","0","75 09:06.381","2","0","1","1","67301","0","0","0","N","0","0","0","4","67505","0","","1.0","550.0","1","N","N","N","0","","1","1","0","0","0","N","525","2","2","0","0","0","0","0","2","0","2","0","0","0","3","","","N","","","","","","","","","",""
"2020064969","0155","3","0","0","0","0","0","0","0","0","6","0","","67","8","2020","2","39.974075","-75.234869","0155","6","0","0","0","0","0","0","0","0","","0","0","0","23","3","1","N","0","0","39 58:26.670","","0","75 14:05.530","8","0","0","0","67301","0","0","0","N","0","0","0","1","67301","0","","6.0","","1","N","N","N","0","","0","0","1","0","0","","2330","4","1","0","0","0","1","0","2","0","4","0","0","0","3","03","","N","","","","","","","","","",""
"2020073067","2220","1","0","0","0","0","0","0","0","0","1","0","","67","9","2020","7","40.016306","-75.149597","2220","6","0","0","0","1","0","0","0","0","","0","0","0","22","3","0","N","0","0","40 00:58.700","","0","75 08:58.550","0","0","0","0","67301","0","0","0","N","0","0","0","3","67301","0","","1.0","","1","N","N","N","0","","0","0","1","3","2","","2220","2","0","2","0","0","0","0","2","0","2","0","0","0","3","03","","N","","","","","","","","","",""
"2020071970","2220","0","0","0","0","0","0","0","0","0","4","0","","67","9","2020","4","39.980221","-75.157591","2220","6","0","0","0","0","0","0","0","0","","0","0","0","22","3","1","","1","1","39 58:48.797","1","0","75 09:27.327","3","0","0","1","67301","0","0","0","N","0","0","0","3","67301","0","","1.0","2200.0","9","N","N","N","0","","1","0","1","3","2","N","2220","2","1","0","0","0","0","0","2","0","2","0","0","0","7","07","","N","","","","","","","","","",""
"2020073617","0409","1","0","0","0","0","0","0","0","0","7","0","","67","8","2020","4","39.941221","-75.143079","0355","6","0","0","0","0","0","0","0","0","","0","0","0","3","3","0","N","0","1","39 56:28.395","1","0","75 08:35.084","0","0","0","0","67301","0","0","0","N","0","0","0","1","68K01","0","","4.0","420.0","1","N","N","N","0","","0","0","0","0","0","N","354","1","0","0","0","0","0","0","2","0","1","0","0","0","3","","","N","","","","","","","","","",""
"2020071623","1840","1","0","0","0","0","0","0","0","0","8","0","","67","9","2020","4","39.979608","-75.165032","1835","6","0","0","0","0","0","0","0","0","","0","0","0","18","1","1","","1","2","39 58:46.587","1","0","75 09:54.116","2","0","0","0","67301","1","0","1","N","1","0","1","2","67505","0","","1.0","1930.0","1","N","N","Y","0","","0","1","1","0","0","Y","1830","3","1","0","0","0","0","0","2","0","2","1","0","1","3","03","","N","","","","","","","","","",""
"2020065335","1816","2","0","0","0","0","0","0","0","0","4","0","","67","8","2020","6","39.979158","-75.230936","1810","6","0","0","0","0","0","0","0","0","","0","0","0","17","1","1","","3","0","39 58:44.968","","0","75 13:51.369","3","0","0","0","67301","0","0","0","N","0","0","0","2","67301","0","","1.0","","99","N","N","N","0","","1","0","0","3","3","","1733","2","1","0","0","0","0","0","2","0","2","0","0","0","7","04","","N","","","","","","","","","",""
"2020074737","1908","1","0","0","0","0","0","0","0","0","7","0","","67","9","2020","3","39.995034","-75.227631","1839","6","0","0","0","0","0","0","0","0","","0","0","0","18","1","0","","1","0","39 59:42.122","","0","75 13:39.471","0","0","0","0","67301","0","0","0","N","0","0","0","3","67301","0","","5.0","","1","N","N","N","0","","0","0","0","3","3","","1834","1","0","0","0","0","0","0","2","0","1","0","0","0","3","","","N","","","","","","","","","",""
"2020070948","1548","0","0","0","1","0","0","0","0","0","8","0","","67","8","2020","1","40.021904","-75.177355","1540","6","0","0","0","0","0","0","0","0","","0","0","0","14","1","1","N","0","0","40 01:18.856","","0","75 10:38.477","3","0","0","0","67301","1","0","0","N","0","0","0","2","67301","0","","1.0","","1","N","N","N","0","","1","0","1","0","0","","1450","2","1","0","0","0","0","0","2","0","1","1","0","0","3","03","","N","","","","","","","","","",""
"2020064129","2215","1","0","0","1","0","0","0","0","0","8","0","","67","8","2020","2","39.957034","-75.201306","2211","6","0","0","0","0","0","0","0","0","","0","0","0","22","3","1","N","0","2","39 57:25.322","3","0","75 12:04.703","3","0","0","0","67301","1","0","0","N","0","0","0","2","67504","0","","6.0","2250.0","1","N","N","N","0","","1","0","0","0","0","Y","2211","2","1","1","0","0","0","0","2","0","1","1","0","0","3","","","N","","","","","","","","","",""
"2020071786","0037","4","0","0","0","0","0","0","0","0","5","0","","67","9","2020","3","39.964556","-75.220139","0027","6","0","0","0","0","0","1","0","0","","0","0","0","0","3","0","N","0","0","39 57:52.400","","0","75 13:12.500","0","0","0","0","67301","0","0","0","N","0","0","0","2","67301","0","","6.0","","9","N","N","N","0","","0","0","1","0","0","","16","5","0","1","0","0","0","0","2","0","5","0","0","0","7","","","N","","","","","","","","","",""
"2020065440","1340","1","0","0","0","0","0","0","0","0","1","0","","67","8","2020","5","40.021232","-75.140744","1336","6","0","0","0","0","0","1","0","0","","0","0","0","13","1","1","N","0","0","40 01:16.435","","0","75 08:26.678","3","0","0","0","67301","0","0","0","N","0","0","0","2","67301","0","","1.0","","1","N","N","N","0","","1","0","1","0","0","","1336","2","1","0","0","0","0","0","2","0","2","0","0","0","3","03","","N","","","","","","","","","",""
"2020113022","1548","2","0","0","0","0","0","0","0","0","1","0","","67","11","2020","7","39.968382","-75.129556","1546","6","0","0","0","0","0","2","0","0","","0","0","0","15","1","3","N","6","0","39 58:06.174","","2","75 07:46.403","3","0","0","0","67301","0","0","0","N","0","0","0","4","68K01","2","","1.0","","1","N","N","N","0","","1","0","1","3","2","","1522","3","3","0","0","0","0","0","2","0","3","0","0","0","3","","","N","","","","","","","","","",""
"2020113704","1457","2","0","0","0","0","0","0","0","0","1","0","","67","12","2020","2","39.984214","-75.09601","1449","6","0","0","0","0","0","2","0","0","","0","0","0","14","1","2","N","0","0","39 59:03.172","","0","75 05:45.636","3","0","0","0","67301","0","0","0","N","0","0","0","2","68K01","0","","1.0","","1","N","N","N","0","","2","0","0","0","0","","1445","2","2","0","0","0","0","0","2","0","2","0","0","0","3","03","","N","","","","","","","","","",""
"2020063959","0845","0","0","0","0","0","0","0","0","0","8","0","","67","8","2020","2","39.98673","-75.159493","0841","6","0","0","0","0","0","0","0","0","","0","0","0","8","1","1","","1","0","39 59:12.227","","0","75 09:34.174","2","0","0","0","67301","1","0","1","N","1","0","1","2","67301","0","","1.0","","1","N","N","N","0","","0","1","1","3","2","","840","2","1","0","0","0","0","0","2","0","1","1","0","1","3","03","","N","","","","","","","","","",""
"2020063866","2347","0","0","0","0","0","0","0","0","0","4","0","","67","8","2020","1","39.967362","-75.128863","2345","6","0","0","0","0","0","0","0","0","","0","0","0","21","3","1","","5","0","39 58:02.502","","0","75 07:43.907","3","0","0","1","67301","0","0","0","N","0","0","0","2","67301","0","","1.0","","1","N","N","N","0","","1","0","0","3","2","","2152","2","1","0","0","0","0","0","2","0","2","0","0","0","3","03","","N","","","","","","","","","",""
"2020063041","1437","2","0","0","0","0","0","0","0","0","4","0","","67","8","2020","5","40.003185","-75.152576","1437","6","0","0","0","0","0","0","0","0","","0","0","0","14","1","1","","5","0","40 00:11.467","","0","75 09:09.273","8","0","0","0","67301","0","0","0","N","0","0","0","3","67301","0","","1.0","","1","N","N","N","0","","0","0","0","3","2","","1410","3","1","0","0","0","1","0","2","1","3","0","0","0","3","03","","N","","","","","","","","","",""
"2020070776","0800","1","0","0","0","0","0","0","0","0","1","0","","67","8","2020","1","39.964925","-75.147561","0800","6","0","0","0","0","0","0","0","0","","0","0","0","7","1","0","N","0","0","39 57:53.730","","0","75 08:51.220","9","0","0","0","67301","0","0","0","N","0","0","0","1","67301","0","","6.0","","1","N","N","N","0","","0","0","1","0","0","","759","2","0","0","0","0","0","1","2","0","2","0","0","0","3","03","","N","","","","","","","","","",""
"2020065076","2326","1","0","0","0","0","0","0","0","0","7","0","","67","8","2020","2","39.951","-75.141194","2321","6","0","0","0","0","0","0","0","0","","0","0","0","23","3","0","","7","2","39 57:03.600","1","2","75 08:28.300","0","0","0","0","67301","0","0","0","N","0","0","0","1","68K01","0","","7.0","2343.0","1","N","N","N","0","","0","0","0","0","0","N","2309","1","0","0","0","0","0","0","2","0","1","0","0","0","3","","","N","","","","","","","","","",""
"2020064157","0154","2","0","0","0","0","0","0","0","0","4","0","","67","8","2020","2","40.01384","-75.12598","0154","6","0","0","0","0","0","0","0","0","","0","0","0","1","3","0","","1","0","40 00:49.824","","0","75 07:33.527","0","0","0","0","67301","0","0","0","N","0","0","0","2","67301","0","","1.0","","1","N","N","N","0","","0","0","0","3","2","","154","2","0","0","0","0","0","0","2","0","2","0","0","0","3","03","","N","","","","","","","","","",""
"2020072397","2318","0","0","0","0","0","0","0","0","0","4","0","","67","9","2020","6","40.014214","-75.141461","2318","6","0","0","0","0","0","0","0","0","","0","0","0","22","3","1","","2","0","40 00:51.170","","0","75 08:29.259","3","0","0","1","67301","0","0","0","N","0","0","0","2","67301","0","","1.0","","1","N","N","N","0","","1","0","1","0","0","","2253","3","1","0","0","0","0","0","2","0","2","0","0","0","3","","","N","","","","","","","","","",""
"2020072146","0702","0","0","0","0","0","0","0","0","0","4","0","","67","9","2020","6","39.95667","-75.198014","0659","6","0","0","0","0","0","0","0","0","","0","0","0","6","1","3","","1","2","39 57:24.012","2","0","75 11:52.849","3","0","0","0","67301","0","0","0","N","0","0","0","3","67504","0","","1.0","800.0","1","N","N","N","0","","3","0","2","3","2","Y","658","2","3","0","0","0","0","0","2","0","2","0","0","0","3","03","","N","","","","","","","","","",""
"2020072579","0417","1","0","0","0","0","0","0","0","0","7","0","","67","9","2020","3","39.96294","-75.246761","0417","6","0","0","0","0","0","0","0","0","","0","0","0","4","3","0","N","0","0","39 57:46.584","","0","75 14:48.339","9","0","0","0","67301","0","0","0","N","0","0","0","1","67301","0","","4.0","","1","N","N","N","0","","0","0","0","0","0","","417","1","0","0","0","0","0","1","2","0","1","0","0","0","3","03","","N","","","","","","","","","",""
"2020063966","0025","1","0","0","0","0","0","0","0","0","2","0","","67","8","2020","6","40.019006","-75.164146","0018","6","0","0","0","0","0","1","0","0","","0","0","0","0","3","0","N","0","0","40 01:08.420","","0","75 09:50.925","0","0","0","0","67301","0","0","0","N","0","0","0","3","67301","0","","1.0","","1","N","N","N","0","","0","0","0","0","0","","10","2","0","1","0","0","0","0","2","1","2","0","0","0","3","","","N","","","","","","","","","",""
"2020082372","0057","1","0","0","0","0","0","0","0","0","7","0","","67","9","2020","3","40.032741","-75.020978","0057","6","0","0","0","0","0","0","0","0","","0","0","0","0","3","0","N","0","1","40 01:57.867","2","0","75 01:15.519","0","0","0","0","67301","0","0","0","N","0","0","0","1","68K01","0","","4.0","150.0","9","N","N","N","0","","0","0","0","0","0","N","54","1","0","0","0","0","0","0","2","0","1","0","0","0","3","05","","N","","","","","","","","","",""
"2020113981","2147","1","0","0","0","0","0","0","0","0","1","0","","67","12","2020","7","39.961221","-75.182403","2123","6","0","0","1","0","0","0","0","0","","0","0","0","21","3","0","N","7","1","39 57:40.397","3","2","75 10:56.651","9","0","0","0","67301","0","0","0","N","0","0","0","2","68K01","0","","1.0","2210.0","1","N","N","N","0","","0","0","1","0","0","N","2122","2","0","0","0","0","0","1","2","0","2","0","0","0","3","","","N","","","","","","","","","",""
"2020062687","0950","1","0","0","0","0","0","0","0","0","0","0","","67","8","2020","1","39.917625","-75.246597","0947","6","0","0","0","0","0","1","0","0","","0","0","0","9","8","3","Y","0","2","39 55:03.451","5","0","75 14:47.748","3","0","0","0","67301","0","0","0","N","0","0","0","4","67301","0","","1.0","1145.0","1","N","N","N","0","","3","0","0","3","2","Y","940","2","3","0","0","0","0","0","2","1","2","0","0","0","3","98","","N","","","","","","","","","",""
"2020070942","1900","2","0","0","0","0","0","0","0","0","4","0","","67","8","2020","2","40.024274","-75.130411","1900","6","0","0","0","0","0","0","0","0","","0","0","0","18","1","0","","1","0","40 01:27.386","","0","75 07:49.479","0","0","0","0","67301","0","0","0","N","0","0","0","2","67301","0","","1.0","","1","N","N","N","0","","0","0","0","3","2","","1830","2","0","0","0","0","0","0","2","0","2","0","0","0","3","03","","N","","","","","","","","","",""
"2020063745","1459","0","0","0","0","0","0","0","0","0","4","0","","67","8","2020","1","39.989153","-75.183584","1456","6","0","0","0","0","1","0","0","0","","0","0","0","14","1","1","","1","0","39 59:20.949","","0","75 11:00.901","3","0","0","0","67301","0","0","0","N","0","0","0","2","67301","0","","1.0","","1","N","N","N","0","","1","0","2","3","2","","1445","2","1","1","0","0","0","0","2","0","2","0","0","0","4","","","N","","","","","","","","","",""
"2020073722","0321","1","0","0","0","0","0","0","0","0","7","0","","67","9","2020","3","39.983496","-75.208081","0307","6","0","0","0","0","0","0","0","0","","0","0","0","3","3","0","N","0","1","39 59:00.587","4","0","75 12:29.093","0","0","0","0","67301","0","0","0","N","0","0","0","2","68K01","0","","4.0","329.0","9","N","N","N","0","","0","0","0","0","0","N","306","1","0","0","0","0","0","0","2","0","1","0","0","0","3","03","","N","","","","","","","","","",""
"2020065758","0906","1","0","0","0","0","0","0","0","0","4","0","","67","8","2020","6","40.080783","-75.028366","0854","6","0","0","1","0","0","0","0","0","","0","0","0","8","1","2","","1","1","40 04:50.820","1","0","75 01:42.117","3","0","0","0","67301","0","0","0","N","0","0","0","3","67301","0","","1.0","850.0","1","N","N","N","0","","2","0","1","3","2","N","853","2","2","0","0","0","0","0","2","0","2","0","0","0","3","03","","N","","","","","","","","","",""
"2020065119","0956","0","0","0","1","0","0","0","0","0","8","0","","67","8","2020","3","39.915962","-75.164253","0946","6","0","0","0","0","0","0","0","0","","0","0","0","20","3","1","N","0","0","39 54:57.462","","0","75 09:51.311","3","0","0","0","67301","1","0","0","N","0","0","0","2","67301","0","","1.0","","99","N","N","N","0","","1","0","1","0","0","","2045","2","1","0","0","0","0","0","2","0","1","1","0","0","99","03","","N","","","","","","","","","",""
"2020065130","0200","1","0","0","0","0","0","0","0","0","2","0","","67","8","2020","4","40.012822","-75.20426","0200","6","0","0","0","0","0","0","1","0","","0","0","0","22","6","2","N","0","0","40 00:46.160","","0","75 12:15.336","8","0","0","0","67301","0","0","0","N","0","0","0","3","67301","0","","1.0","","99","N","N","N","0","","0","0","1","0","0","","2230","2","2","0","0","0","2","1","2","0","2","0","0","0","3","03","","N","","","","","","","","","",""
"2020072630","2235","0","0","0","0","0","0","0","0","0","1","0","","67","9","2020","7","40.046111","-75.168944","2235","6","0","0","0","0","0","0","0","0","","0","0","0","22","3","0","N","0","0","40 02:46.000","","0","75 10:08.200","9","0","0","0","67301","0","0","0","N","0","0","0","1","67301","0","","6.0","","1","N","N","N","0","","0","0","2","0","0","","2235","2","0","0","0","0","0","1","2","0","2","0","0","0","3","03","","N","","","","","","","","","",""