"CRN","ARRIVAL_TM","AUTOMOBILE_COUNT","BELTED_DEATH_COUNT","BELTED_SUSP_SERIOUS_INJ_COUNT","BICYCLE_COUNT","BICYCLE_DEATH_COUNT","BICYCLE_SUSP_SERIOUS_INJ_COUNT","BUS_COUNT","CHLDPAS_DEATH_COUNT","CHLDPAS_SUSP_SERIOUS_INJ_COUNT","COLLISION_TYPE","COMM_VEH_COUNT","CONS_ZONE_SPD_LIM","COUNTY","CRASH_MONTH","CRASH_YEAR","DAY_OF_WEEK","DEC_LATITUDE","DEC_LONGITUDE","DISPATCH_TM","DISTRICT","DRIVER_COUNT_16YR","DRIVER_COUNT_17YR","DRIVER_COUNT_18YR","DRIVER_COUNT_19YR","DRIVER_COUNT_20YR","DRIVER_COUNT_50_64YR","DRIVER_COUNT_65_74YR","DRIVER_COUNT_75PLUS","EST_HRS_CLOSED","FATAL_COUNT","HEAVY_TRUCK_COUNT","HORSE_BUGGY_COUNT","HOUR_OF_DAY","ILLUMINATION","INJURY_COUNT","INTERSECTION_RELATED","INTERSECT_TYPE","LANE_CLOSED","LATITUDE","LN_CLOSE_DIR","LOCATION_TYPE","LONGITUDE","MAX_SEVERITY_LEVEL","MCYCLE_DEATH_COUNT","MCYCLE_SUSP_SERIOUS_INJ_COUNT","MOTORCYCLE_COUNT","MUNICIPALITY","NONMOTR_COUNT","NONMOTR_DEATH_COUNT","NONMOTR_SUSP_SERIOUS_INJ_COUNT","NTFY_HIWY_MAINT","PED_COUNT","PED_DEATH_COUNT","PED_SUSP_SERIOUS_INJ_COUNT","PERSON_COUNT","POLICE_AGCY","POSSIBLE_INJ_COUNT","RDWY_SURF_TYPE_CD","RELATION_TO_ROAD","ROADWAY_CLEARED","ROAD_CONDITION","SCH_BUS_IND","SCH_ZONE_IND","SECONDARY_CRASH","SMALL_TRUCK_COUNT","SPEC_JURIS_CD","SUSP_MINOR_INJ_COUNT","SUSP_SERIOUS_INJ_COUNT","SUV_COUNT","TCD_FUNC_CD","TCD_TYPE","TFC_DETOUR_IND","TIME_OF_DAY","TOTAL_UNITS","TOT_INJ_COUNT","UNBELTED_OCC_COUNT","UNB_DEATH_COUNT","UNB_SUSP_SERIOUS_INJ_COUNT","UNK_INJ_DEG_COUNT","UNK_INJ_PER_COUNT","URBAN_RURAL","VAN_COUNT","VEHICLE_COUNT","VULNERABLE_ROAD_USER_COUNT","VULNERABLE_ROAD_USER_DEATH_COUNT","VULNERABLE_ROAD_USER_SER_INJ_COUNT","WEATHER1","WEATHER2","WORKERS_PRES","WORK_ZONE_IND","WORK_ZONE_LOC","WORK_ZONE_TYPE","WZ_CLOSE_DETOUR","WZ_FLAGGER","WZ_LAW_OFFCR_IND","WZ_LN_CLOSURE","WZ_MOVING","WZ_OTHER","WZ_SHLDER_MDN","WZ_WORKERS_INJ_KILLED"
"2020065954","1927","2","0","0","0","0","0","0","0","0","5","0","","67","8","2020","4","39.995133","-75.117817","1910","6","0","0","0","0","0","0","0","0","","0","0","0","19","1","0","N","0","2","39 59:42.480","1","0","75 07:04.140","0","0","0","0","67301","0","0","0","N","0","0","0","1","67301","0","","6.0","2120.0","1","N","N","N","0","","0","0","0","0","0","Y","1900","3","0","1","0","0","0","0","2","1","3","0","0","0","3","04","","N","","","","","","","","","",""
"2020062820","0225","0","0","0","0","0","0","0","0","0","7","0","","67","8","2020","5","39.949453","-75.165134","0222","6","0","0","0","0","0","0","0","0","","0","0","0","2","3","0","N","0","0","39 56:58.029","","0","75 09:54.482","0","0","0","0","67301","0","0","0","N","0","0","0","2","67301","0","","4.0","","1","N","N","N","0","","0","0","1","0","0","","220","1","0","2","0","0","0","0","2","0","1","0","0","0","3","","","N","","","","","","","","","",""
"2020065774","2030","0","0","0","0","0","0","0","0","0","4","0","","67","8","2020","4","40.00385","-75.133973","2030","6","0","0","0","0","0","1","0","0","","0","0","0","19","4","1","","1","0","40 00:13.860","","0","75 08:02.302","4","0","0","0","67301","0","0","0","N","0","0","0","2","67301","1","","1.0","","1","N","N","N","0","","0","0","1","3","3","","1933","2","1","1","0","0","0","0","2","1","2","0","0","0","3","03","","N","","","","","","","","","",""
"2020082381","1531","1","0","0","0","0","0","0","0","0","7","0","","67","9","2020","1","39.929736","-75.197742","1522","6","0","0","0","0","0","0","0","0","","0","0","0","15","1","0","N","0","1","39 55:47.050","4","0","75 11:51.870","0","0","0","0","67301","0","0","0","N","0","0","0","1","68K01","0","","2.0","15.0","1","N","N","N","0","","0","0","0","0","0","N","1512","1","0","0","0","0","0","0","2","0","1","0","0","0","3","03","","N","","","","","","","","","",""
"2020065771","1856","1","0","0","0","0","0","0","0","0","7","0","","67","8","2020","5","39.986483","-75.174517","1853","6","0","0","0","0","0","0","0","0","","0","0","0","18","8","0","N","0","2","39 59:11.340","5","0","75 10:28.260","0","0","0","0","67301","0","0","0","N","0","0","0","1","67301","0","","4.0","2200.0","9","N","N","N","0","","0","0","0","0","0","N","1830","1","0","0","0","0","0","0","2","0","1","0","0","0","7","","","N","","","","","","","","","",""
"2020072395","1533","2","0","0","0","0","0","0","0","0","1","0","","67","9","2020","5","39.94809","-75.221963","1524","6","0","0","0","0","0","1","0","0","","0","0","0","15","1","1","N","0","0","39 56:53.125","","0","75 13:19.066","3","0","0","0","67301","0","0","0","N","0","0","0","4","67301","0","","1.0","","1","N","N","N","0","","1","0","1","0","0","","1524","4","1","2","0","0","0","1","2","1","4","0","0","0","3","","","N","","","","","","","","","",""
"2020064934","1328","1","0","0","0","0","0","0","0","0","4","0","","67","8","2020","4","39.947448","-75.235683","1328","6","0","0","0","0","0","1","0","0","","0","0","0","13","1","0","","2","0","39 56:50.812","","0","75 14:08.458","0","0","0","0","67301","0","0","0","N","0","0","0","2","67301","0","","1.0","","9","N","N","N","0","","0","0","1","3","3","","1325","2","0","0","0","0","0","0","2","0","2","0","0","0","7","","","N","","","","","","","","","",""
"2020070931","2040","0","0","0","0","0","0","0","0","0","4","0","","67","8","2020","1","40.049714","-75.171722","2034","6","0","0","0","0","0","0","1","0","","0","0","0","20","3","2","","1","0","40 02:58.971","","0","75 10:18.200","3","0","0","0","67301","0","0","0","N","0","0","0","3","67301","0","","1.0","","1","N","N","N","0","","2","0","1","0","0","","2000","2","2","0","0","0","0","0","2","1","2","0","0","0","98","98","","N","","","","","","","","","",""
"2020073066","2238","3","0","0","0","0","0","0","0","0","5","0","","67","9","2020","6","39.989248","-75.10493","2234","6","0","1","0","0","0","0","0","0","","0","0","0","22","3","1","N","0","2","39 59:21.291","2","0","75 06:17.748","3","0","0","0","67301","0","0","0","N","0","0","0","3","67301","0","","6.0","2300.0","1","N","N","N","0","","1","0","0","0","0","Y","2225","3","1","0","0","0","0","0","2","0","3","0","0","0","3","03","","N","","","","","","","","","",""
"2020065439","2225","1","0","0","0","0","0","0","0","0","4","0","","67","8","2020","5","39.957471","-75.204314","2225","6","0","0","0","0","0","0","0","0","","0","0","0","22","3","2","N","0","0","39 57:26.897","","0","75 12:15.532","3","0","0","0","67301","0","0","0","N","0","0","0","2","67301","0","","1.0","","1","N","N","N","0","","2","0","0","0","0","","2225","2","2","1","0","0","0","0","2","0","2","0","0","0","3","","","N","","","","","","","","","",""
"2020071965","0624","1","0","0","0","0","0","0","0","0","1","0","","67","9","2020","4","40.091852","-75.047425","0618","6","0","0","0","0","0","0","1","0","","0","0","0","6","1","1","","3","0","40 05:30.666","","0","75 02:50.731","3","0","0","0","67301","0","0","0","N","0","0","0","2","67301","0","","1.0","","1","N","N","N","0","","1","0","1","3","2","","613","2","1","0","0","0","0","0","2","0","2","0","0","0","3","03","","N","","","","","","","","","",""
"2021000249","0833","2","0","0","0","0","0","0","0","0","4","0","","67","12","2020","5","40.01207","-75.112176","0832","6","0","0","0","0","0","0","0","0","","0","0","0","8","1","0","N","1","0","40 00:43.452","","0","75 06:43.833","9","0","0","0","67301","0","0","0","N","0","0","0","3","67301","0","","1.0","","1","N","N","N","0","","0","0","0","3","2","","830","2","0","0","0","0","0","2","2","0","2","0","0","0","3","03","","N","","","","","","","","","",""
"2021001192","1939","1","0","0","0","0","0","0","0","0","7","0","","67","12","2020","6","39.956747","-75.142441","1922","6","0","0","1","0","0","0","0","0","","0","0","0","19","3","0","N","0","1","39 57:24.289","4","2","75 08:32.789","0","0","0","0","67301","0","0","0","N","0","0","0","1","68K01","0","","4.0","45.0","1","N","N","N","0","","0","0","0","0","0","N","1919","1","0","0","0","0","0","0","2","0","1","0","0","0","3","","","N","","","","","","","","","",""
"2021001915","0119","1","0","0","0","0","0","0","0","0","7","0","","67","12","2020","1","39.98157","-75.10225","0111","6","0","0","0","0","0","0","0","0","","0","0","0","1","3","1","N","6","0","39 58:53.653","","2","75 06:08.101","8","0","0","0","67301","0","0","0","N","0","0","0","1","68K01","0","","3.0","","1","N","N","N","0","","0","0","0","0","0","","110","1","1","0","0","0","1","0","2","0","1","0","0","0","3","03","","N","","","","","","","","","",""
"2021018784","1900","1","0","0","0","0","0","0","0","0","1","0","","67","10","2020","2","","","","6","0","0","0","0","0","0","0","0","","0","0","0","19","1","1","N","0","0","","","0","","8","0","0","0","67301","0","0","0","N","0","0","0","2","00000","0","","1.0","","1","","","N","0","","0","0","0","0","0","","1900","2","1","0","0","0","1","0","1","0","2","0","0","0","3","","","N","","","","","","","","","",""
"2021018372","1443","1","0","0","0","0","0","0","0","0","1","0","","67","12","2020","4","39.968738","-75.211344","","6","0","0","0","0","0","0","0","0","","0","0","0","14","1","1","","5","0","39 58:07.455","","0","75 12:40.840","8","0","0","0","67301","0","0","0","N","0","0","0","2","00000","0","","1.0","","1","","","N","0","","0","0","0","3","2","","1443","2","1","0","0","0","1","0","2","1","2","0","0","0","3","","","N","","","","","","","","","",""
"2020064760","2325","0","0","0","0","0","0","0","0","0","7","0","","67","8","2020","1","40.100966","-75.041642","2322","6","0","0","0","0","0","0","0","0","","0","0","0","23","3","1","N","0","0","40 06:03.479","","0","75 02:29.910","8","0","0","0","67301","0","0","0","N","0","0","0","1","67301","0","","4.0","","1","N","N","N","0","","0","0","1","0","0","","2315","1","1","0","0","0","1","0","2","0","1","0","0","0","3","03","","N","","","","","","","","","",""
"2020073070","2357","1","0","0","0","0","0","0","0","0","5","0","","67","9","2020","1","40.045879","-75.112673","2353","6","0","0","0","0","0","0","0","0","","0","0","0","23","3","0","N","0","0","40 02:45.163","","0","75 06:45.622","0","0","0","0","67301","0","0","0","N","0","0","0","1","67301","0","","6.0","","1","N","N","N","0","","0","0","3","0","0","","2350","4","0","0","0","0","0","0","2","0","4","0","0","0","3","","","N","","","","","","","","","",""
"2020069319","1630","0","0","0","0","0","0","0","0","0","7","0","","67","8","2020","5","39.936728","-75.144486","1619","6","0","0","0","0","0","0","0","0","","0","0","0","16","1","0","N","0","2","39 56:12.219","1","0","75 08:40.148","0","0","0","0","67301","0","0","0","N","0","0","0","1","68K01","0","","2.0","15.0","9","N","N","N","1","","0","0","0","0","0","N","1617","1","0","0","0","0","0","0","2","0","1","0","0","0","7","07","","N","","","","","","","","","",""
"2020111415","0235","1","0","0","0","0","0","0","0","0","6","0","","67","12","2020","1","39.998936","-75.125936","0231","6","0","0","0","0","0","0","0","0","","0","0","0","2","3","1","N","0","2","39 59:56.170","1","0","75 07:33.370","8","0","0","0","67301","0","0","0","N","0","0","0","1","67301","0","","9.0","430.0","1","N","N","N","0","","0","0","3","0","0","N","229","4","1","1","0","0","1","0","2","0","4","0","0","0","3","03","","N","","","","","","","","","",""
"2020112961","1746","1","0","0","0","0","0","0","0","0","1","0","","67","12","2020","2","40.115177","-75.021226","1743","6","0","0","0","0","0","0","0","0","","0","0","0","17","1","1","N","0","0","40 06:54.636","","0","75 01:16.415","3","0","0","0","67301","0","0","0","N","0","0","0","3","67301","0","","1.0","","1","N","N","N","0","","1","0","1","0","0","","1740","2","1","3","0","0","0","0","2","0","2","0","0","0","3","03","","N","","","","","","","","","",""
"2020063742","0954","1","0","0","0","0","0","0","0","0","4","0","","67","8","2020","1","40.052236","-75.175821","0953","6","0","0","0","0","0","0","0","0","","0","0","0","9","1","3","","1","2","40 03:08.049","7","0","75 10:32.957","3","0","0","0","67301","0","0","0","N","0","0","0","3","67301","0","","1.0","200.0","1","N","N","N","0","","3","0","0","3","2","Y","952","2","3","0","0","0","0","0","2","1","2","0","0","0","3","03","","N","","","","","","","","","",""
"2020112983","1649","1","0","0","0","0","0","0","0","0","8","0","","67","12","2020","2","39.996067","-75.114217","1649","6","0","0","0","0","0","0","0","0","","0","0","0","16","4","1","N","0","1","39 59:45.840","2","0","75 06:51.180","3","0","0","0","67301","1","0","0","N","1","0","0","2","67301","0","","6.0","20.0","1","N","N","N","0","","1","0","0","0","0","Y","1649","2","1","0","0","0","0","0","2","0","1","1","0","0","3","","","N","","","","","","","","","",""
"2020113154","1059","1","0","0","0","0","0","0","0","0","5","1","","67","12","2020","2","40.040016","-75.110583","1058","6","0","0","0","0","0","1","0","0","","0","1","0","10","1","0","N","0","0","40 02:24.056","","0","75 06:38.100","0","0","0","0","67301","0","0","0","N","0","0","0","2","67301","0","","1.0","","1","N","N","N","0","","0","0","0","0","0","","1045","2","0","0","0","0","0","0","2","0","2","0","0","0","3","03","","N","","","","","","","","","",""
"2020073074","2250","1","0","0","0","0","0","1","0","0","4","1","","67","8","2020","2","39.975162","-75.188163","2240","6","0","0","0","0","1","0","0","0","","0","0","0","22","3","1","","1","0","39 58:30.584","","0","75 11:17.385","3","0","0","0","67301","0","0","0","N","0","0","0","2","67508","0","","1.0","","1","N","N","Y","0","","1","0","0","3","2","","2240","2","1","1","0","0","0","0","2","0","2","0","0","0","3","03","","N","","","","","","","","","",""
"2020069620","2214","0","0","0","0","0","0","0","0","0","6","0","","67","8","2020","5","40.04745","-75.158075","2214","6","1","0","0","0","0","0","0","0","","0","0","0","22","3","1","","1","0","40 02:50.820","","0","75 09:29.070","3","0","0","0","67301","0","0","0","N","0","0","0","2","67301","0","","1.0","","1","N","N","N","0","","1","0","1","3","2","","2205","2","1","0","0","0","0","0","2","0","2","0","0","0","3","03","","N","","","","","","","","","",""
"2020113268","0323","1","0","0","0","0","0","0","0","0","7","0","","67","12","2020","2","39.998022","-75.081298","0315","6","0","0","0","0","0","0","0","0","","0","0","0","2","3","1","N","0","0","39 59:52.880","","0","75 04:52.673","3","0","0","0","67301","0","0","0","N","0","0","0","1","68K01","0","","4.0","","1","N","N","N","0","","1","0","0","0","0","","256","1","1","0","0","0","0","0","2","0","1","0","0","0","3","03","","N","","","","","","","","","",""
"2020063747","2100","1","0","0","0","0","0","0","0","0","4","0","","67","8","2020","7","39.979023","-75.136408","2052","6","0","0","0","0","0","0","1","0","","0","0","0","19","1","2","","1","1","39 58:44.482","4","0","75 08:11.068","4","0","0","0","67301","0","0","0","N","0","0","0","3","67301","2","","1.0","2200.0","1","N","N","N","0","","0","0","1","3","3","N","1922","2","2","0","0","0","0","0","2","0","2","0","0","0","3","03","","N","","","","","","","","","",""
"2020076742","2115","1","0","0","0","0","0","0","0","0","7","0","","67","8","2020","2","39.918699","-75.148005","2115","6","0","0","0","0","0","0","0","0","","0","0","0","21","3","0","N","0","2","39 55:07.317","2","0","75 08:52.817","0","0","0","0","67301","0","0","0","N","0","0","0","1","68K01","0","","2.0","100.0","1","N","N","N","0","","0","0","0","0","0","N","2115","1","0","0","0","0","0","0","2","0","1","0","0","0","3","","","N","","","","","","","","","",""
"2020065850","1640","0","0","0","0","0","0","0","0","0","4","0","","67","8","2020","2","39.974598","-75.199484","1635","6","0","0","0","0","0","2","0","0","","0","0","0","16","1","1","","1","0","39 58:28.552","","2","75 11:58.141","4","0","0","1","67301","0","0","0","N","0","0","0","3","67301","1","","1.0","","1","N","N","N","0","","0","0","0","3","2","","1632","2","1","0","0","0","0","0","2","1","2","0","0","0","3","03","","N","","","","","","","","","",""
"2020065838","1440","0","0","0","0","0","0","0","0","0","8","0","","67","8","2020","5","39.93243","-75.224588","1437","6","0","0","0","0","0","0","0","0","","0","0","0","14","1","1","","1","1","39 55:56.749","1","0","75 13:28.517","4","0","0","0","67301","1","0","0","N","1","0","0","2","67301","1","","1.0","1450.0","9","N","N","N","0","","0","0","0","3","2","N","1435","2","1","0","0","0","0","0","2","0","1","1","0","0","4","","","N","","","","","","","","","",""
"2020072253","1309","0","0","0","0","0","0","0","0","0","1","0","","67","9","2020","4","39.95917","-75.21869","1304","6","0","0","0","0","0","0","0","0","","0","0","0","13","1","1","N","0","0","39 57:33.011","","0","75 13:07.284","3","0","0","0","67301","0","0","0","N","0","0","0","2","67301","0","","6.0","","1","N","N","N","0","","1","0","3","0","0","","1300","3","1","0","0","0","0","0","2","0","3","0","0","0","3","","","N","","","","","","","","","",""
"2020113021","0607","0","0","0","0","0","0","0","0","0","7","0","","67","11","2020","1","39.957025","-75.152831","0601","6","0","0","0","0","0","0","0","0","","0","0","0","5","5","0","Y","0","0","39 57:25.291","","0","75 09:10.191","0","0","0","0","67301","0","0","0","Y","0","0","0","1","68K01","0","","4.0","","1","N","N","N","0","","0","0","0","0","0","","559","1","0","0","0","0","0","0","2","1","1","0","0","0","3","03","","N","","","","","","","","","",""
"2020074322","0010","1","0","0","0","0","0","0","0","0","1","0","","67","9","2020","4","39.954627","-75.248437","0010","6","0","0","0","0","0","0","0","0","","0","0","0","22","3","0","N","0","0","39 57:16.658","","0","75 14:54.372","0","0","0","0","67301","0","0","0","N","0","0","0","1","67301","0","","6.0","","9","N","N","N","0","","0","0","0","0","0","","2215","2","0","0","0","0","0","0","2","0","2","0","0","0","7","07","","N","","","","","","","","","",""
"2020078407","2121","0","0","0","0","0","0","0","0","0","1","0","","67","9","2020","6","39.970167","-75.125056","2111","6","0","0","0","0","0","0","0","0","","0","0","0","21","3","0","N","0","1","39 58:12.600","1","0","75 07:30.200","0","0","0","0","67301","0","0","0","N","0","0","0","4","68K01","0","","1.0","2140.0","1","N","N","N","0","","0","0","2","0","0","N","2109","2","0","0","0","0","0","0","2","0","2","0","0","0","3","","","N","","","","","","","","","",""
"2020076639","1041","1","0","0","0","0","0","0","0","0","4","0","","67","9","2020","7","40.008244","-75.071773","1035","6","0","0","0","0","0","0","0","0","","0","0","0","10","1","1","","2","0","40 00:29.677","","0","75 04:18.384","3","0","0","0","67301","0","0","0","N","0","0","0","2","67301","0","","1.0","","1","N","N","N","0","","1","0","0","3","3","","1030","2","1","1","0","0","0","0","2","1","2","0","0","0","3","","","N","","","","","","","","","",""
"2020106183","1305","1","0","0","0","0","0","0","0","0","4","0","","67","12","2020","2","40.040474","-75.047431","1300","6","0","0","0","0","0","0","0","0","","0","0","0","13","1","3","","1","0","40 02:25.707","","0","75 02:50.752","3","0","0","0","67301","0","0","0","N","0","0","0","4","67301","0","","1.0","","1","N","N","N","0","","3","0","2","3","2","","1300","4","3","0","0","0","0","0","2","1","4","0","0","0","3","","","N","","","","","","","","","",""
"2020102276","1820","1","0","0","0","0","0","0","0","0","4","0","","67","11","2020","7","40.049554","-75.101327","1815","6","0","0","0","0","0","2","0","0","","0","0","0","18","3","1","","1","0","40 02:58.394","","0","75 06:04.777","3","0","0","0","67301","0","0","0","N","0","0","0","4","67301","0","","1.0","","1","N","N","N","0","","1","0","1","3","3","","1810","2","1","0","0","0","0","0","2","0","2","0","0","0","3","03","","N","","","","","","","","","",""
"2020113599","0735","2","0","0","0","0","0","0","0","0","4","0","","67","12","2020","3","39.926479","-75.186026","0735","6","0","0","0","0","0","0","0","0","","0","0","0","7","1","0","","1","0","39 55:35.325","","0","75 11:09.693","0","0","0","0","67301","0","0","0","N","0","0","0","2","67301","0","","1.0","","1","N","N","N","0","","0","0","0","3","2","","735","2","0","0","0","0","0","0","2","0","2","0","0","0","3","03","","N","","","","","","","","","",""
"2020113248","0645","1","0","0","0","0","0","0","0","0","5","1","","67","12","2020","6","39.894693","-75.194488","0640","6","0","0","0","0","0","1","0","0","","0","1","0","6","1","0","N","0","2","39 53:40.895","2","0","75 11:40.157","0","0","0","0","67301","0","0","0","N","0","0","0","2","68K01","0","","1.0","655.0","1","N","N","N","0","","0","0","0","0","0","N","640","2","0","0","0","0","0","0","2","0","2","0","0","0","3","03","","N","","","","","","","","","",""
"2020064537","1116","1","0","0","0","0","0","0","0","0","5","0","","67","8","2020","3","40.042751","-75.153947","1116","6","0","0","0","0","0","1","0","0","","0","0","0","11","1","1","","1","0","40 02:33.903","","0","75 09:14.209","3","0","0","0","67301","0","0","0","N","0","0","0","3","67301","0","","1.0","","1","N","N","N","0","","1","0","2","3","3","","1100","3","1","0","0","0","0","0","2","0","3","0","0","0","3","","","N","","","","","","","","","",""
"2021000922","2350","2","0","0","0","0","0","0","0","0","4","0","","67","12","2020","2","39.996722","-75.154278","2345","6","0","0","0","0","0","0","0","1","","0","0","0","23","2","1","N","0","0","39 59:48.200","","0","75 09:15.400","8","0","0","0","67301","0","0","0","N","0","0","0","1","67508","0","","5.0","","1","N","N","Y","1","","0","0","0","0","0","","2345","3","1","0","0","0","1","0","2","0","3","0","0","0","3","03","","N","","","","","","","","","",""
"2021007097","1555","1","0","0","0","0","0","0","0","0","7","0","","67","12","2020","2","39.928565","-75.196481","1551","6","0","0","0","0","0","0","0","0","","0","0","0","15","1","0","N","0","0","39 55:42.835","","0","75 11:47.333","0","0","0","0","67301","0","0","0","N","0","0","0","1","68K01","0","","2.0","","9","N","N","N","0","","0","0","0","0","0","","1551","1","0","0","0","0","0","0","2","0","1","0","0","0","7","","","N","","","","","","","","","",""
"2021000321","1934","0","0","0","0","0","0","0","0","0","4","0","","67","12","2020","4","40.101753","-75.027616","1934","6","0","0","0","0","0","2","0","0","","0","0","0","19","3","1","","1","0","40 06:06.310","","0","75 01:39.417","3","0","0","0","67301","0","0","0","N","0","0","0","2","67301","0","","1.0","","1","N","N","N","0","","1","0","2","3","2","","1934","2","1","0","0","0","0","0","2","0","2","0","0","0","3","","","N","","","","","","","","","",""
"2021016845","1700","1","0","0","0","0","0","0","0","0","1","0","","67","12","2020","3","","","","6","0","0","0","0","0","0","0","0","","0","0","0","17","1","2","N","0","0","","","0","","8","0","0","0","67301","0","0","0","N","0","0","0","3","00000","0","","1.0","","1","","","N","0","","0","0","0","0","0","","1700","2","2","0","0","0","2","0","1","0","2","0","0","0","3","","","N","","","","","","","","","",""
"2020073929","0010","2","0","0","0","0","0","0","0","0","1","0","","67","9","2020","1","40.004277","-75.137521","0001","6","0","0","0","0","0","0","0","0","","0","0","0","23","3","1","","2","0","40 00:15.397","","0","75 08:15.075","3","0","0","0","67301","0","0","0","N","0","0","0","2","67301","0","","1.0","","1","N","N","N","0","","1","0","0","0","0","","2334","2","1","1","0","0","0","0","2","0","2","0","0","0","3","03","","N","","","","","","","","","",""
"2020072390","1010","1","0","0","0","0","0","0","0","0","4","0","","67","9","2020","5","40.022349","-75.038998","1005","6","0","0","0","0","0","0","0","0","","0","0","0","10","1","1","","2","1","40 01:20.456","2","0","75 02:20.394","3","0","0","0","67301","0","0","0","N","0","0","0","2","67301","0","","1.0","1010.0","1","N","N","N","0","","1","0","1","3","3","N","1000","2","1","0","0","0","0","0","2","0","2","0","0","0","3","03","","N","","","","","","","","","",""
"2020065125","2300","2","0","0","0","0","0","0","0","0","4","0","","67","8","2020","4","39.987779","-75.167648","2250","6","0","0","0","0","0","0","0","0","","0","0","0","21","3","0","","1","0","39 59:16.004","","0","75 10:03.532","9","0","0","0","67301","0","0","0","N","0","0","0","2","67301","0","","1.0","","1","N","N","N","0","","0","0","0","3","2","","2153","2","0","0","0","0","0","2","2","0","2","0","0","0","3","","","N","","","","","","","","","",""
"2020080060","2026","2","0","0","0","0","0","0","0","0","4","0","","67","9","2020","6","40.012419","-75.114797","2026","6","0","0","0","0","0","0","0","0","","0","0","0","20","3","1","N","0","1","40 00:44.710","6","7","75 06:53.270","4","0","0","0","67301","0","0","0","N","0","0","0","2","67301","1","","1.0","2130.0","1","N","N","N","0","","0","0","0","0","0","N","2024","2","1","1","0","0","0","1","2","0","2","0","0","0","3","03","","N","","","","","","","","","",""
"2021002967","2038","2","0","0","0","0","0","0","0","0","4","0","","67","12","2020","4","40.03408","-75.208414","2034","6","0","0","0","0","0","0","0","0","","0","0","0","20","3","1","","2","1","40 02:02.689","2","0","75 12:30.292","3","0","0","0","67301","0","0","0","N","0","0","0","2","67301","0","","1.0","2137.0","1","N","N","N","0","","1","0","0","3","2","N","2030","2","1","0","0","0","0","0","2","0","2","0","0","0","3","03","","N","","","","","","","","","",""
"2021001204","2106","2","0","0","0","0","0","0","0","0","1","0","","67","12","2020","1","40.022503","-75.037725","2045","6","0","0","0","0","0","0","0","0","","0","0","0","20","3","1","N","0","0","40 01:21.012","","0","75 02:15.811","8","0","0","0","67301","0","0","0","N","0","0","0","2","68K01","0","","1.0","","1","N","N","N","0","","0","0","0","0","0","","2039","2","1","0","0","0","1","0","2","0","2","0","0","0","3","03","","N","","","","","","","","","",""
"2020083914","1340","2","0","0","0","0","0","0","0","0","5","0","","67","10","2020","6","40.011272","-75.136","1324","6","0","0","0","0","0","1","0","0","","0","0","0","13","1","1","N","0","2","40 00:40.580","5","0","75 08:09.600","3","0","0","0","67301","0","0","0","N","0","0","0","1","67301","0","","1.0","100.0","1","N","N","N","1","","1","0","1","0","0","Y","1320","4","1","0","0","0","0","0","2","0","4","0","0","0","3","03","","N","","","","","","","","","",""
"2021007106","0149","0","0","0","0","0","0","0","0","0","7","0","","67","12","2020","7","40.029562","-75.022151","0144","6","0","0","0","0","0","0","0","0","","0","0","0","1","3","0","N","0","0","40 01:46.423","","0","75 01:19.743","0","0","0","0","67301","0","0","0","N","0","0","0","1","68K01","0","","4.0","","1","N","N","N","0","","0","0","1","0","0","","143","1","0","0","0","0","0","0","2","0","1","0","0","0","3","","","N","","","","","","","","","",""
"2021001169","2310","1","0","0","0","0","0","0","0","0","7","0","","67","12","2020","4","39.932497","-75.200167","2259","6","0","0","0","0","0","0","0","0","","0","0","0","22","3","1","N","0","0","39 55:56.988","","0","75 12:00.602","3","0","0","0","67301","0","0","0","Y","0","0","0","1","68K01","0","","4.0","","1","N","N","N","0","","1","0","0","0","0","","2258","1","1","0","0","0","0","0","2","0","1","0","0","0","3","","","N","","","","","","","","","",""
"2021006489","1729","1","0","0","0","0","0","0","0","0","1","0","","67","12","2020","3","39.996933","-75.117134","1728","6","0","0","0","0","0","1","0","0","","0","0","0","17","3","2","N","0","0","39 59:48.957","","0","75 07:01.683","3","0","0","0","67301","0","0","0","N","0","0","0","4","67301","0","","1.0","","1","N","N","N","0","","2","0","1","0","0","","1720","2","2","0","0","0","0","0","2","0","2","0","0","0","3","03","","N","","","","","","","","","",""
"2021000159","1715","1","0","0","0","0","0","0","0","0","4","0","","67","12","2020","4","40.04273","-75.011403","1707","6","0","0","0","0","0","1","0","0","","0","0","0","17","4","1","","1","2","40 02:33.827","5","0","75 00:41.050","3","0","0","0","67301","0","0","0","N","0","0","0","3","67301","0","","1.0","1902.0","1","N","N","N","0","","1","0","1","3","3","Y","1707","2","1","0","0","0","0","0","2","0","2","0","0","0","3","","","N","","","","","","","","","",""
"2020091093","1450","0","0","0","0","0","0","1","0","0","1","1","","67","9","2020","7","40.007416","-75.136859","1440","6","0","0","0","0","0","0","0","0","","0","0","0","14","1","2","","1","0","40 00:26.697","","0","75 08:12.693","8","0","0","0","67301","0","0","0","N","0","0","0","3","67508","0","","1.0","","1","N","N","Y","0","","0","0","0","3","2","","1440","2","2","0","0","0","2","0","2","1","2","0","0","0","3","","","N","","","","","","","","","",""