"CRN","ARRIVAL_TM","AUTOMOBILE_COUNT","BELTED_DEATH_COUNT","BELTED_SUSP_SERIOUS_INJ_COUNT","BICYCLE_COUNT","BICYCLE_DEATH_COUNT","BICYCLE_SUSP_SERIOUS_INJ_COUNT","BUS_COUNT","CHLDPAS_DEATH_COUNT","CHLDPAS_SUSP_SERIOUS_INJ_COUNT","COLLISION_TYPE","COMM_VEH_COUNT","CONS_ZONE_SPD_LIM","COUNTY","CRASH_MONTH","CRASH_YEAR","DAY_OF_WEEK","DEC_LATITUDE","DEC_LONGITUDE","DISPATCH_TM","DISTRICT","DRIVER_COUNT_16YR","DRIVER_COUNT_17YR","DRIVER_COUNT_18YR","DRIVER_COUNT_19YR","DRIVER_COUNT_20YR","DRIVER_COUNT_50_64YR","DRIVER_COUNT_65_74YR","DRIVER_COUNT_75PLUS","EST_HRS_CLOSED","FATAL_COUNT","HEAVY_TRUCK_COUNT","HORSE_BUGGY_COUNT","HOUR_OF_DAY","ILLUMINATION","INJURY_COUNT","INTERSECTION_RELATED","INTERSECT_TYPE","LANE_CLOSED","LATITUDE","LN_CLOSE_DIR","LOCATION_TYPE","LONGITUDE","MAX_SEVERITY_LEVEL","MCYCLE_DEATH_COUNT","MCYCLE_SUSP_SERIOUS_INJ_COUNT","MOTORCYCLE_COUNT","MUNICIPALITY","NONMOTR_COUNT","NONMOTR_DEATH_COUNT","NONMOTR_SUSP_SERIOUS_INJ_COUNT","NTFY_HIWY_MAINT","PED_COUNT","PED_DEATH_COUNT","PED_SUSP_SERIOUS_INJ_COUNT","PERSON_COUNT","POLICE_AGCY","POSSIBLE_INJ_COUNT","RDWY_SURF_TYPE_CD","RELATION_TO_ROAD","ROADWAY_CLEARED","ROAD_CONDITION","SCH_BUS_IND","SCH_ZONE_IND","SECONDARY_CRASH","SMALL_TRUCK_COUNT","SPEC_JURIS_CD","SUSP_MINOR_INJ_COUNT","SUSP_SERIOUS_INJ_COUNT","SUV_COUNT","TCD_FUNC_CD","TCD_TYPE","TFC_DETOUR_IND","TIME_OF_DAY","TOTAL_UNITS","TOT_INJ_COUNT","UNBELTED_OCC_COUNT","UNB_DEATH_COUNT","UNB_SUSP_SERIOUS_INJ_COUNT","UNK_INJ_DEG_COUNT","UNK_INJ_PER_COUNT","URBAN_RURAL","VAN_COUNT","VEHICLE_COUNT","VULNERABLE_ROAD_USER_COUNT","VULNERABLE_ROAD_USER_DEATH_COUNT","VULNERABLE_ROAD_USER_SER_INJ_COUNT","WEATHER1","WEATHER2","WORKERS_PRES","WORK_ZONE_IND","WORK_ZONE_LOC","WORK_ZONE_TYPE","WZ_CLOSE_DETOUR","WZ_FLAGGER","WZ_LAW_OFFCR_IND","WZ_LN_CLOSURE","WZ_MOVING","WZ_OTHER","WZ_SHLDER_MDN","WZ_WORKERS_INJ_KILLED"
"2020070314","1925","1","0","0","0","0","0","0","0","0","4","0","","67","8","2020","7","39.957849","-75.191055","1923","6","0","0","0","1","0","0","0","0","","0","0","0","19","1","1","N","2","1","39 57:28.256","2","0","75 11:27.798","3","0","0","0","67301","0","0","0","N","0","0","0","7","67507","0","","1.0","2000.0","1","N","N","N","0","","1","0","1","0","0","N","1903","2","1","3","0","0","0","0","2","0","2","0","0","0","3","03","","N","","","","","","","","","",""
"2020065856","1840","0","0","0","0","0","0","0","0","0","7","0","","67","8","2020","3","39.997045","-75.235249","1840","6","0","0","0","0","0","0","0","0","","0","0","0","17","1","1","","1","0","39 59:49.361","","0","75 14:06.895","2","0","0","0","67301","0","0","0","N","0","0","0","1","67301","0","","5.0","","1","N","N","N","0","","0","1","1","3","2","","1740","1","1","0","0","0","0","0","2","0","1","0","0","0","3","03","","N","","","","","","","","","",""
"2020063663","1730","0","0","0","0","0","0","0","0","0","7","0","","67","8","2020","7","39.881194","-75.228778","1730","6","0","0","0","0","0","1","0","0","","0","0","0","16","1","0","","11","0","39 52:52.300","","0","75 13:43.600","0","0","0","0","67301","0","0","0","N","0","0","0","1","67301","0","","3.0","","1","N","N","N","0","","0","0","1","3","3","","1620","1","0","0","0","0","0","0","2","0","1","0","0","0","3","03","","N","","","","","","","","","",""
"2021006270","1803","1","0","0","0","0","0","0","0","0","7","0","","67","12","2020","6","39.959546","-75.176193","1758","6","0","0","0","0","0","0","0","0","","0","0","0","17","3","0","N","0","0","39 57:34.364","","0","75 10:34.296","0","0","0","0","67301","0","0","0","N","0","0","0","1","68K01","0","","4.0","","1","N","N","N","0","","0","0","0","0","0","","1757","1","0","0","0","0","0","0","2","0","1","0","0","0","3","03","","N","","","","","","","","","",""
"2021003959","2305","1","0","0","0","0","0","0","0","0","5","0","","67","12","2020","2","39.962593","-75.139608","2250","6","0","0","0","0","0","1","0","0","","0","0","0","22","3","0","N","0","1","39 57:45.334","2","0","75 08:22.587","0","0","0","0","67301","0","0","0","N","0","0","0","4","68K01","0","","1.0","15.0","1","N","N","N","0","","0","0","1","0","0","N","2246","2","0","0","0","0","0","0","2","0","2","0","0","0","3","","","N","","","","","","","","","",""
"2021002472","2000","1","0","0","0","0","0","0","0","0","7","0","","67","12","2020","5","39.982594","-75.207754","2000","6","0","0","1","0","0","0","0","0","","0","0","0","20","3","0","N","0","0","39 58:57.340","","0","75 12:27.916","0","0","0","0","67301","0","0","0","N","0","0","0","1","68K01","0","","3.0","","9","N","N","N","0","","0","0","0","0","0","","2000","1","0","0","0","0","0","0","2","0","1","0","0","0","7","","","N","","","","","","","","","",""
"2020103057","1619","0","0","0","0","0","0","0","0","0","7","0","","67","10","2020","2","40.004468","-75.194869","1617","6","0","0","0","0","0","1","0","0","","0","0","0","16","1","1","N","0","0","40 00:16.086","","0","75 11:41.529","3","0","0","0","67301","0","0","0","N","0","0","0","1","68K01","0","","2.0","","1","N","N","N","0","","1","0","1","0","0","","1616","1","1","0","0","0","0","0","2","0","1","0","0","0","3","03","","N","","","","","","","","","",""
"2020070472","0309","1","0","0","0","0","0","0","0","0","4","0","","67","8","2020","1","39.968841","-75.136192","0309","6","0","0","0","0","0","0","0","0","","0","0","0","3","3","1","","1","0","39 58:07.829","","1","75 08:10.292","2","0","0","0","67301","0","0","0","N","0","0","0","5","67301","0","","1.0","","1","N","N","N","0","","0","1","1","3","2","","300","2","1","0","0","0","0","0","2","0","2","0","0","0","3","03","","N","","","","","","","","","",""
"2022079294","","1","0","0","0","0","0","0","0","0","4","0","","67","7","2020","4","40.045609","-75.056416","","6","0","0","0","0","0","0","0","0","","0","0","0","18","1","1","","2","0","40 02:44.193","","7","75 03:23.098","8","0","0","0","67301","0","0","0","N","0","0","0","2","00000","0","","1.0","","1","","","N","0","","0","0","1","3","2","","1830","2","1","0","0","0","1","0","2","0","2","0","0","0","3","","","N","","","","","","","","","",""
"2020050028","0358","3","0","0","0","0","0","0","0","0","4","0","","67","6","2020","6","39.980232","-75.157588","0254","6","0","0","0","0","0","0","0","0","","0","0","0","2","3","3","","1","2","39 58:48.836","5","99","75 09:27.318","3","0","0","0","67301","0","0","0","N","0","0","0","7","67301","0","","1.0","530.0","1","N","N","N","0","","3","0","0","3","2","Y","253","3","3","0","0","0","0","0","2","0","3","0","0","0","3","","","N","","","","","","","","","",""
"2020101956","2030","1","0","0","0","0","0","0","0","0","8","0","","67","11","2020","5","39.985456","-75.172292","2012","6","0","0","0","0","0","0","0","0","","0","0","0","19","3","1","N","0","0","39 59:07.640","","0","75 10:20.250","3","0","0","0","67301","1","0","0","N","1","0","0","2","67301","0","","1.0","","1","N","N","N","0","","1","0","0","0","0","","1900","2","1","0","0","0","0","0","2","0","1","1","0","0","3","03","","N","","","","","","","","","",""
"2020021302","1847","2","0","0","0","0","0","0","0","0","5","0","","67","2","2020","4","40.064529","-75.200757","1842","6","0","0","0","0","0","1","0","0","","0","0","0","18","3","2","N","0","1","40 03:52.303","2","7","75 12:02.725","3","0","0","0","67301","0","0","0","N","0","0","0","3","67301","0","","1.0","1928.0","1","N","N","N","0","","2","0","0","0","0","Y","1840","2","2","0","0","0","0","0","2","0","2","0","0","0","3","03","","N","","","","","","","","","",""
"2020110840","","1","0","0","0","0","0","0","0","0","4","0","","67","2","2020","1","39.993529","-75.112699","","6","0","0","0","0","0","0","0","0","","0","0","0","18","1","2","","2","0","39 59:36.704","","0","75 06:45.716","8","0","0","0","67301","0","0","0","N","0","0","0","4","00000","0","","1.0","","1","","","N","0","","0","0","1","3","3","","1858","2","2","0","0","0","2","0","2","0","2","0","0","0","3","","","N","","","","","","","","","",""
"2020063426","1707","1","0","0","0","0","0","0","0","0","4","0","","67","8","2020","5","39.984464","-75.156663","1706","6","0","0","0","0","0","0","1","0","","0","0","0","16","1","1","N","0","0","39 59:04.070","","7","75 09:23.985","8","0","0","0","67301","0","0","0","N","0","0","0","3","67301","0","","1.0","","1","N","N","N","0","","0","0","1","0","0","","1655","2","1","0","0","0","1","0","2","0","2","0","0","0","3","03","","N","","","","","","","","","",""
"2021002255","1030","1","0","0","0","0","0","0","0","0","4","0","","67","12","2020","3","40.005215","-75.092723","1006","6","0","0","0","0","0","0","0","0","","0","0","0","7","1","2","","2","0","40 00:18.774","","0","75 05:33.803","8","0","0","0","67301","0","0","0","N","0","0","0","2","67301","0","","1.0","","1","N","N","N","0","","0","0","1","3","3","","750","2","2","0","0","0","2","0","2","0","2","0","0","0","3","","","N","","","","","","","","","",""
"2020113274","2003","1","0","0","0","0","0","0","0","0","4","0","","67","12","2020","2","39.964823","-75.185163","2000","6","0","0","0","0","0","0","0","0","","0","0","0","20","3","1","N","0","1","39 57:53.364","3","0","75 11:06.587","4","0","0","0","67301","0","0","0","N","0","0","0","2","68K01","1","","1.0","2100.0","1","N","N","N","0","","0","0","1","0","0","N","2000","3","1","0","0","0","0","0","2","0","2","0","0","0","3","","","N","","","","","","","","","",""
"2020064134","0355","0","0","0","1","0","0","0","0","0","8","0","","67","8","2020","2","39.939056","-75.193528","0350","6","0","0","0","0","0","0","0","0","","0","0","0","3","3","1","N","0","0","39 56:20.600","","0","75 11:36.700","3","0","0","0","67301","1","0","0","N","0","0","0","2","67301","0","","1.0","","1","N","N","N","0","","1","0","0","0","0","","340","2","1","0","0","0","0","0","2","0","1","1","0","0","3","03","","N","","","","","","","","","",""
"2021001910","0320","1","0","0","0","0","0","0","0","0","7","0","","67","12","2020","6","39.939522","-75.143229","0314","6","0","0","1","0","0","0","0","0","","0","0","0","3","3","1","N","0","0","39 56:22.280","","0","75 08:35.623","8","0","0","0","67301","0","0","0","N","0","0","0","1","68K01","0","","4.0","","1","N","N","N","0","","0","0","0","0","0","","307","1","1","0","0","0","1","0","2","0","1","0","0","0","3","03","","N","","","","","","","","","",""
"2021000785","2230","1","0","0","0","0","0","0","0","0","4","0","","67","12","2020","4","39.969574","-75.166358","2226","6","0","0","0","0","0","0","0","0","","0","0","0","22","3","0","","1","0","39 58:10.466","","0","75 09:58.888","0","0","0","0","67301","0","0","0","N","0","0","0","2","67301","0","","1.0","","1","N","N","N","0","","0","0","2","3","3","","2215","3","0","0","0","0","0","0","2","0","3","0","0","0","3","03","","N","","","","","","","","","",""
"2020070949","2015","2","0","0","0","0","0","0","0","0","4","0","","67","8","2020","1","40.009895","-75.166925","2015","6","0","0","0","0","0","1","0","0","","0","0","0","20","3","1","","1","1","40 00:35.623","2","0","75 10:00.930","3","0","0","0","67301","0","0","0","N","0","0","0","2","67301","0","","1.0","2100.0","1","N","N","N","0","","1","0","0","3","2","Y","2015","2","1","0","0","0","0","1","2","0","2","0","0","0","3","","","N","","","","","","","","","",""
"2021000161","1426","1","0","0","0","0","0","0","0","0","7","0","","67","12","2020","5","39.994229","-75.174368","1424","6","0","0","0","0","0","1","0","0","","0","0","0","14","1","1","","2","0","39 59:39.224","","0","75 10:27.724","3","0","0","0","67301","0","0","0","N","0","0","0","1","67301","0","","5.0","","1","N","N","N","0","","1","0","0","3","3","","1424","1","1","0","0","0","0","0","2","0","1","0","0","0","3","03","","N","","","","","","","","","",""
"2020112543","0804","0","0","0","0","0","0","0","0","0","5","1","","67","12","2020","4","39.9215","-75.216489","0802","6","0","0","0","0","0","1","0","0","","0","1","0","5","3","0","N","0","0","39 55:17.400","","0","75 12:59.360","0","0","0","0","67301","0","0","0","N","0","0","0","1","67301","0","","6.0","","1","N","N","N","0","","0","0","0","0","0","","528","2","0","1","0","0","0","0","2","1","2","0","0","0","3","03","","N","","","","","","","","","",""
"2020070929","1334","2","0","0","0","0","0","0","0","0","4","0","","67","8","2020","2","40.064527","-75.160635","1334","6","0","0","0","0","1","0","0","0","","0","0","0","1","3","1","","1","0","40 03:52.298","","0","75 09:38.287","2","0","0","0","67301","0","0","0","N","0","0","0","3","67301","0","","1.0","","1","N","N","N","0","","0","1","0","3","2","","123","3","1","0","0","0","0","0","2","0","3","0","0","0","3","04","","N","","","","","","","","","",""
"2021005425","2050","0","0","0","0","0","0","0","0","0","7","0","","67","12","2020","7","40.003521","-75.077669","2025","6","0","0","0","0","0","0","0","0","","0","0","0","20","6","0","N","3","0","40 00:12.674","","2","75 04:39.610","9","0","0","0","67301","0","0","0","N","0","0","0","1","68K01","0","","4.0","","1","N","N","N","1","","0","0","0","0","0","","2025","1","0","0","0","0","0","1","2","0","1","0","0","0","3","","","N","","","","","","","","","",""
"2021018409","1330","1","0","0","0","0","0","0","0","0","4","0","","67","11","2020","6","39.923483","-75.229577","","6","0","0","0","0","0","0","0","0","","0","0","0","13","1","1","","2","0","39 55:24.538","","0","75 13:46.477","8","0","0","0","67301","0","0","0","N","0","0","0","2","00000","0","","1.0","","1","","","N","0","","0","0","0","3","3","","1330","2","1","0","0","0","1","0","2","1","2","0","0","0","3","","","N","","","","","","","","","",""
"2021016763","1515","0","0","0","0","0","0","0","0","0","1","0","","67","9","2020","2","40.019485","-75.145138","","6","0","0","0","0","0","0","0","0","","0","0","0","15","1","4","N","0","0","40 01:10.146","","0","75 08:42.495","8","0","0","0","67301","0","0","0","N","0","0","0","5","00000","0","","1.0","","1","","","N","0","","0","0","1","0","0","","1515","2","4","0","0","0","4","0","2","0","2","0","0","0","3","","","N","","","","","","","","","",""
"2021001128","0246","2","0","1","0","0","0","0","0","0","1","0","45","67","11","2020","4","40.008851","-75.068641","0238","6","0","0","0","0","0","0","1","0","","0","0","0","2","3","1","N","0","2","40 00:31.865","1","0","75 04:07.109","2","0","0","0","67301","0","0","0","N","0","0","0","2","68K01","0","","1.0","530.0","1","N","N","N","0","","0","1","0","0","0","N","221","2","1","0","0","0","0","0","2","0","2","0","0","0","3","","Y","Y","4","1","N","N","N","N","N","N","Y","N"
"2020110376","0118","0","0","0","0","0","0","0","0","0","1","1","","67","12","2020","1","39.966769","-75.223767","0118","6","0","0","0","0","0","0","0","0","","0","1","0","1","3","1","N","0","0","39 58:00.370","","0","75 13:25.560","8","0","0","0","67301","0","0","0","N","0","0","0","2","67301","0","","1.0","","2","N","N","N","0","","0","0","1","0","0","","102","2","1","0","0","0","1","0","2","0","2","0","0","0","10","98","","N","","","","","","","","","",""
"2020063427","1826","1","0","0","0","0","0","0","0","0","5","0","","67","8","2020","5","39.991375","-75.175047","1800","6","0","0","0","0","0","0","0","0","","0","0","0","18","1","0","N","0","0","39 59:28.950","","0","75 10:30.170","0","0","0","0","67301","0","0","0","N","0","0","0","1","67301","0","","6.0","","1","N","N","N","0","","0","0","1","0","0","","1800","2","0","0","0","0","0","0","2","0","2","0","0","0","3","03","","N","","","","","","","","","",""
"2020064532","0900","1","0","0","0","0","0","0","0","0","1","0","","67","8","2020","3","39.993309","-75.186024","0855","6","0","0","0","0","0","0","1","0","","0","0","0","8","1","1","","1","0","39 59:35.912","","0","75 11:09.686","4","0","0","0","67301","0","0","0","N","0","0","0","3","67301","1","","1.0","","1","N","N","N","0","","0","0","1","3","2","","820","2","1","1","0","0","0","0","2","0","2","0","0","0","3","03","","N","","","","","","","","","",""
"2020071354","0241","0","0","0","0","0","0","0","0","0","8","0","","67","8","2020","1","39.952027","-75.161266","0240","6","0","0","0","0","0","0","0","0","","0","0","0","2","3","2","N","0","0","39 57:07.298","","0","75 09:40.556","3","0","0","0","67301","1","0","0","N","1","0","0","2","67301","0","","1.0","","1","N","N","N","0","","1","0","0","0","0","","238","2","2","0","0","0","1","0","2","0","1","1","0","0","3","03","","N","","","","","","","","","",""
"2021004292","0115","0","0","0","0","0","0","0","0","0","7","0","","67","12","2020","3","39.900688","-75.154179","0115","6","0","0","0","0","0","0","0","0","","0","0","0","0","3","1","N","0","1","39 54:02.476","1","0","75 09:15.046","3","0","0","0","67301","0","0","0","N","0","0","0","1","68K01","0","","2.0","200.0","9","N","N","N","1","","1","0","0","3","8","N","15","1","1","1","0","0","0","0","2","0","1","0","0","0","7","","","N","","","","","","","","","",""
"2021000427","0837","2","0","0","0","0","0","0","0","0","7","0","","67","12","2020","5","40.035561","-75.017019","0830","6","0","0","0","0","0","0","0","0","","0","0","0","8","1","0","N","0","1","40 02:08.020","1","0","75 01:01.269","0","0","0","0","67301","0","0","0","N","0","0","0","2","68K01","0","","3.0","847.0","8","N","N","N","0","","0","0","0","0","0","N","827","2","0","0","0","0","0","0","2","0","2","0","0","0","7","07","","N","","","","","","","","","",""
"2021016711","1345","2","0","0","0","0","0","0","0","0","4","0","","67","5","2020","5","40.019228","-75.044921","","6","0","0","0","0","0","0","0","0","","0","0","0","13","1","2","","2","0","40 01:09.219","","0","75 02:41.715","8","0","0","0","67301","0","0","0","N","0","0","0","2","00000","0","","1.0","","1","","","N","0","","0","0","0","3","2","","1345","2","2","0","0","0","2","0","2","0","2","0","0","0","3","","","N","","","","","","","","","",""
"2020086179","1704","0","0","0","0","0","0","0","0","0","1","0","","67","10","2020","5","40.083487","-75.026508","1701","6","0","0","0","0","0","1","0","0","","0","0","0","17","1","1","N","0","2","40 05:00.554","1","0","75 01:35.430","3","0","0","0","67301","0","0","0","N","0","0","0","3","67301","0","","1.0","1847.0","1","N","N","N","0","","1","0","2","3","2","N","1700","2","1","0","0","0","0","1","2","0","2","0","0","0","3","","","N","","","","","","","","","",""
"2020066569","0808","0","0","0","1","0","0","0","0","0","8","0","","67","8","2020","5","39.93774","-75.153295","0805","6","0","0","0","0","0","0","1","0","","0","0","0","8","1","1","","1","0","39 56:15.863","","0","75 09:11.861","3","0","0","0","67301","1","0","0","N","0","0","0","2","67301","0","","1.0","","1","N","N","N","0","","1","0","1","3","3","","803","2","1","0","0","0","0","0","2","0","1","1","0","0","4","04","","N","","","","","","","","","",""
"2020113051","1118","1","0","0","0","0","0","0","0","0","5","1","","67","12","2020","5","39.887768","-75.216734","1106","6","0","0","0","0","1","1","0","0","","0","1","0","11","1","1","N","0","1","39 53:15.966","1","0","75 13:00.241","3","0","0","0","67301","0","0","0","N","0","0","0","2","68K01","0","","1.0","1240.0","6","N","N","N","0","","1","0","0","0","0","N","1103","2","1","0","0","0","0","0","2","0","2","0","0","0","3","03","","N","","","","","","","","","",""
"2021003557","0349","1","0","0","0","0","0","0","0","0","5","0","","67","12","2020","1","39.96039","-75.181126","0343","6","0","0","1","0","0","0","0","0","","0","0","0","3","3","0","N","0","2","39 57:37.404","4","0","75 10:52.053","0","0","0","0","67301","0","0","0","N","0","0","0","1","68K01","0","","4.0","415.0","1","N","N","N","0","","0","0","0","0","0","Y","342","1","0","0","0","0","0","0","2","0","1","0","0","0","3","03","","N","","","","","","","","","",""
"2020106969","0931","2","0","0","0","0","0","0","0","0","4","0","","67","12","2020","6","39.937942","-75.222588","0930","6","0","0","0","0","0","0","0","0","","0","0","0","9","1","1","N","2","0","39 56:16.590","","0","75 13:21.317","3","0","0","0","67301","0","0","0","N","0","0","0","2","67301","0","","1.0","","1","N","N","N","0","","1","0","0","0","0","","929","3","1","0","0","0","0","1","2","0","3","0","0","0","3","03","","N","","","","","","","","","",""
"2020113230","2003","2","0","0","0","0","0","0","0","0","5","0","","67","12","2020","6","40.035726","-75.016649","1953","6","0","0","0","0","0","0","0","0","","0","0","0","19","3","0","N","0","0","40 02:08.612","","0","75 00:59.937","0","0","0","0","67301","0","0","0","N","0","0","0","3","68K01","0","","1.0","","1","Y","N","N","0","","0","0","0","0","0","","1952","3","0","0","0","0","0","0","2","0","3","0","0","0","3","","","N","","","","","","","","","",""
"2020063037","1854","0","0","0","0","0","0","0","0","0","4","0","","67","8","2020","5","39.98171","-75.145237","1853","6","0","0","0","0","0","0","0","0","","0","0","0","18","1","2","","1","0","39 58:54.156","","0","75 08:42.853","3","0","0","0","67301","0","0","0","N","0","0","0","3","67301","0","","1.0","","1","N","N","N","0","","2","0","1","3","3","","1852","2","2","0","0","0","0","0","2","1","2","0","0","0","3","03","","N","","","","","","","","","",""
"2020097133","1005","0","0","0","0","0","0","0","0","0","7","0","","67","11","2020","5","40.066626","-75.19638","1003","6","0","0","0","0","0","0","0","0","","0","0","0","10","1","1","","2","0","40 03:59.852","","0","75 11:46.967","3","0","0","0","67301","0","0","0","N","0","0","0","1","67301","0","","5.0","","9","N","N","N","0","","1","0","1","0","0","","1002","1","1","0","0","0","0","0","2","0","1","0","0","0","7","07","","N","","","","","","","","","",""
"2021001157","1505","2","0","0","0","0","0","0","0","0","1","0","","67","12","2020","3","39.958063","-75.164115","1455","6","0","0","0","0","0","0","1","1","","0","0","0","14","1","0","N","0","1","39 57:29.025","3","0","75 09:50.813","0","0","0","0","67301","0","0","0","N","0","0","0","3","68K01","0","","1.0","1510.0","1","N","N","N","0","","0","0","1","0","0","Y","1453","3","0","0","0","0","0","0","2","0","3","0","0","0","3","","","N","","","","","","","","","",""
"2021000240","1720","1","0","0","0","0","0","0","0","0","2","0","","67","12","2020","3","40.044356","-75.072627","1714","6","0","0","0","0","0","0","0","0","","0","0","0","17","3","1","","1","0","40 02:39.682","","0","75 04:21.458","3","0","0","0","67301","0","0","0","N","0","0","0","2","67301","0","","1.0","","1","N","N","N","0","","1","0","1","3","2","","1713","2","1","0","0","0","0","0","2","0","2","0","0","0","3","03","","N","","","","","","","","","",""
"2020063122","0826","1","0","0","0","0","0","0","0","0","8","0","","67","8","2020","6","40.000852","-75.110325","0825","6","0","0","0","0","0","0","0","0","","0","0","0","8","1","1","","1","0","40 00:03.067","","0","75 06:37.169","3","0","0","0","67301","1","0","0","N","1","0","0","2","67301","0","","1.0","","9","N","N","N","0","","1","0","0","3","2","","825","2","1","0","0","0","0","0","2","0","1","1","0","0","7","04","","N","","","","","","","","","",""
"2020112976","0100","0","0","0","0","0","0","0","0","0","8","0","","67","12","2020","3","39.992692","-75.12034","0051","6","0","0","0","0","0","0","0","0","","0","0","0","22","3","1","","1","0","39 59:33.691","","0","75 07:13.223","3","0","0","0","67301","1","0","0","N","0","0","0","1","67301","0","","1.0","","1","N","N","N","0","","1","0","0","3","3","","2230","2","1","0","0","0","0","0","2","0","1","1","0","0","3","03","","N","","","","","","","","","",""
"2020066775","1807","1","0","0","0","0","0","0","0","0","4","0","","67","8","2020","5","40.02744","-75.062499","1801","6","0","0","0","0","1","0","0","0","","0","0","0","17","1","3","","1","0","40 01:38.783","","0","75 03:44.998","3","0","0","0","67301","0","0","0","N","0","0","0","4","67301","0","","1.0","","9","N","N","N","0","","3","0","1","3","2","","1755","2","3","0","0","0","0","0","2","0","2","0","0","0","4","07","","N","","","","","","","","","",""
"2020074540","1800","1","0","0","0","0","0","0","0","0","5","0","55","67","9","2020","6","40.025439","-75.028916","1756","6","0","0","0","0","0","1","0","0","","0","0","0","17","1","0","N","0","0","40 01:31.580","","0","75 01:44.098","0","0","0","0","67301","0","0","0","N","0","0","0","2","68K01","0","","1.0","","1","N","N","N","1","","0","0","0","0","0","","1749","2","0","0","0","0","0","0","2","0","2","0","0","0","3","03","N","Y","2","1","","","N","Y","","","Y","N"
"2021016379","1720","0","0","0","0","0","0","0","0","0","4","0","","67","11","2020","4","40.053585","-75.141452","","6","0","0","0","0","0","0","1","0","","0","0","0","17","1","1","","1","0","40 03:12.905","","0","75 08:29.228","8","0","0","0","67301","0","0","0","N","0","0","0","2","00000","0","","1.0","","1","","","N","0","","0","0","2","3","2","","1720","2","1","0","0","0","1","0","2","0","2","0","0","0","3","","","N","","","","","","","","","",""
"2020073055","1920","3","0","0","0","0","0","0","0","0","5","0","","67","9","2020","7","40.046122","-75.185567","1915","6","0","0","0","0","0","0","0","0","","0","0","0","18","1","0","N","0","0","40 02:46.040","","0","75 11:08.040","0","0","0","0","67301","0","0","0","N","0","0","0","1","67301","0","","6.0","","1","N","N","N","0","","0","0","0","0","0","","1820","3","0","0","0","0","0","0","2","0","3","0","0","0","3","03","","N","","","","","","","","","",""
"2020112939","9999","0","0","0","0","0","0","0","0","0","4","0","","67","1","2020","3","39.993927","-75.197424","9999","6","0","0","0","0","0","1","0","0","","0","0","0","9","1","1","N","3","0","39 59:38.137","","0","75 11:50.726","8","0","0","0","67301","0","0","0","N","0","0","0","2","00000","0","","1.0","","1","","","N","0","","0","0","1","0","0","","940","2","1","0","0","0","1","0","2","1","2","0","0","0","3","","","N","","","","","","","","","",""
"2021000251","1253","0","0","0","0","0","0","0","0","0","8","0","","67","12","2020","6","40.001361","-75.114694","1228","6","0","0","0","0","0","0","0","0","","0","0","0","6","6","1","N","0","0","40 00:04.900","","0","75 06:52.900","3","0","0","0","67301","1","0","0","N","0","0","0","2","67301","0","","1.0","","99","N","N","N","0","","1","0","1","0","0","","645","2","1","0","0","0","0","0","2","0","1","1","0","0","7","07","","N","","","","","","","","","",""
"2020072094","2225","1","0","0","0","0","0","0","0","0","1","0","","67","9","2020","4","39.955078","-75.210259","2222","6","0","0","0","0","0","0","0","0","","0","0","0","22","3","1","N","0","0","39 57:18.279","","0","75 12:36.932","3","0","0","0","67301","0","0","0","N","0","0","0","3","67301","0","","1.0","","9","N","N","N","0","","1","0","0","0","0","","2211","2","1","0","0","0","0","0","2","1","2","0","0","0","7","07","","N","","","","","","","","","",""
"2021006498","1830","0","0","0","0","0","0","0","0","0","4","0","","67","12","2020","2","40.002389","-75.122221","1830","6","0","0","0","0","0","0","0","0","","0","0","0","18","3","1","","2","0","40 00:08.600","","0","75 07:19.995","3","0","0","1","67301","0","0","0","N","0","0","0","3","67301","0","","1.0","","1","N","N","N","0","","1","0","1","0","0","","1830","2","1","0","0","0","0","0","2","0","2","0","0","0","3","03","","N","","","","","","","","","",""
"2021006269","0311","1","0","0","0","0","0","0","0","0","7","0","","67","12","2020","6","39.997693","-75.19599","0310","6","0","0","0","0","0","0","0","0","","0","0","0","3","3","0","N","0","0","39 59:51.694","","0","75 11:45.563","0","0","0","0","67301","0","0","0","N","0","0","0","1","68K01","0","","3.0","","8","N","N","N","0","","0","0","0","0","0","","309","1","0","0","0","0","0","0","2","0","1","0","0","0","7","","","N","","","","","","","","","",""
"2021006496","0955","1","0","0","0","0","0","0","0","0","1","0","","67","12","2020","4","40.021356","-75.140167","0944","6","0","0","0","0","0","0","0","0","","0","0","0","6","5","1","N","0","0","40 01:16.881","","0","75 08:24.600","3","0","0","0","67301","0","0","0","N","0","0","0","4","67301","0","","1.0","","1","N","N","N","2","","1","0","1","0","0","","630","4","1","0","0","0","0","3","2","0","4","0","0","0","3","03","","N","","","","","","","","","",""
"2021001179","0357","0","0","0","0","0","0","0","0","0","7","0","","67","12","2020","6","40.043034","-75.003344","0357","6","0","0","0","0","0","1","0","0","","0","0","0","3","3","0","N","0","0","40 02:34.921","","0","75 00:12.038","0","0","0","0","67301","0","0","0","N","0","0","0","1","68K01","0","","4.0","","9","N","N","N","1","","0","0","0","0","0","","342","1","0","0","0","0","0","0","2","0","1","0","0","0","7","","","N","","","","","","","","","",""