"CRN","ARRIVAL_TM","AUTOMOBILE_COUNT","BELTED_DEATH_COUNT","BELTED_SUSP_SERIOUS_INJ_COUNT","BICYCLE_COUNT","BICYCLE_DEATH_COUNT","BICYCLE_SUSP_SERIOUS_INJ_COUNT","BUS_COUNT","CHLDPAS_DEATH_COUNT","CHLDPAS_SUSP_SERIOUS_INJ_COUNT","COLLISION_TYPE","COMM_VEH_COUNT","CONS_ZONE_SPD_LIM","COUNTY","CRASH_MONTH","CRASH_YEAR","DAY_OF_WEEK","DEC_LATITUDE","DEC_LONGITUDE","DISPATCH_TM","DISTRICT","DRIVER_COUNT_16YR","DRIVER_COUNT_17YR","DRIVER_COUNT_18YR","DRIVER_COUNT_19YR","DRIVER_COUNT_20YR","DRIVER_COUNT_50_64YR","DRIVER_COUNT_65_74YR","DRIVER_COUNT_75PLUS","EST_HRS_CLOSED","FATAL_COUNT","HEAVY_TRUCK_COUNT","HORSE_BUGGY_COUNT","HOUR_OF_DAY","ILLUMINATION","INJURY_COUNT","INTERSECTION_RELATED","INTERSECT_TYPE","LANE_CLOSED","LATITUDE","LN_CLOSE_DIR","LOCATION_TYPE","LONGITUDE","MAX_SEVERITY_LEVEL","MCYCLE_DEATH_COUNT","MCYCLE_SUSP_SERIOUS_INJ_COUNT","MOTORCYCLE_COUNT","MUNICIPALITY","NONMOTR_COUNT","NONMOTR_DEATH_COUNT","NONMOTR_SUSP_SERIOUS_INJ_COUNT","NTFY_HIWY_MAINT","PED_COUNT","PED_DEATH_COUNT","PED_SUSP_SERIOUS_INJ_COUNT","PERSON_COUNT","POLICE_AGCY","POSSIBLE_INJ_COUNT","RDWY_SURF_TYPE_CD","RELATION_TO_ROAD","ROADWAY_CLEARED","ROAD_CONDITION","SCH_BUS_IND","SCH_ZONE_IND","SECONDARY_CRASH","SMALL_TRUCK_COUNT","SPEC_JURIS_CD","SUSP_MINOR_INJ_COUNT","SUSP_SERIOUS_INJ_COUNT","SUV_COUNT","TCD_FUNC_CD","TCD_TYPE","TFC_DETOUR_IND","TIME_OF_DAY","TOTAL_UNITS","TOT_INJ_COUNT","UNBELTED_OCC_COUNT","UNB_DEATH_COUNT","UNB_SUSP_SERIOUS_INJ_COUNT","UNK_INJ_DEG_COUNT","UNK_INJ_PER_COUNT","URBAN_RURAL","VAN_COUNT","VEHICLE_COUNT","VULNERABLE_ROAD_USER_COUNT","VULNERABLE_ROAD_USER_DEATH_COUNT","VULNERABLE_ROAD_USER_SER_INJ_COUNT","WEATHER1","WEATHER2","WORKERS_PRES","WORK_ZONE_IND","WORK_ZONE_LOC","WORK_ZONE_TYPE","WZ_CLOSE_DETOUR","WZ_FLAGGER","WZ_LAW_OFFCR_IND","WZ_LN_CLOSURE","WZ_MOVING","WZ_OTHER","WZ_SHLDER_MDN","WZ_WORKERS_INJ_KILLED"
"2021009545","1830","1","0","0","0","0","0","0","0","0","4","0","","67","12","2020","4","40.000473","-75.119614","1800","6","0","0","0","0","0","0","0","0","","0","0","0","15","1","0","","1","0","40 00:01.702","","0","75 07:10.610","9","0","0","0","67301","0","0","0","N","0","0","0","3","67301","0","","1.0","","1","N","N","N","0","","0","0","0","3","3","","1530","2","0","0","0","0","0","3","2","0","2","0","0","0","4","98","","N","","","","","","","","","",""
"2021016740","1400","0","0","0","0","0","0","0","0","0","1","0","","67","11","2020","6","39.909031","-75.241894","","6","0","0","0","0","0","0","0","0","","0","0","0","14","1","2","","2","0","39 54:32.511","","0","75 14:30.820","8","0","0","0","67301","0","0","0","N","0","0","0","2","00000","0","","1.0","","1","","","N","0","","0","0","1","3","2","","1400","2","2","0","0","0","2","0","2","1","2","0","0","0","3","","","N","","","","","","","","","",""
"2021016736","1830","1","0","0","0","0","0","0","0","0","7","0","","67","10","2020","3","39.969886","-75.239202","","6","0","0","0","0","0","0","1","0","","0","0","0","18","1","1","","5","0","39 58:11.589","","0","75 14:21.126","8","0","0","0","67301","0","0","0","N","0","0","0","3","00000","0","","4.0","","1","","","N","0","","0","0","0","3","2","","1830","2","1","0","0","0","1","0","2","0","2","0","0","0","3","","","N","","","","","","","","","",""
"2020067197","1443","1","0","0","1","0","0","0","0","0","8","0","","67","8","2020","5","39.965702","-75.197843","1442","6","0","0","0","0","0","0","0","0","","0","0","0","14","1","1","","1","0","39 57:56.527","","0","75 11:52.234","3","0","0","0","67301","1","0","0","N","0","0","0","2","67301","0","","1.0","","1","N","N","N","0","","1","0","0","3","3","","1440","2","1","0","0","0","0","0","2","0","1","1","0","0","3","","","N","","","","","","","","","",""
"2021016753","0630","2","0","0","0","0","0","0","0","0","1","0","","67","11","2020","7","40.044297","-75.054111","","6","0","0","0","0","0","0","0","0","","0","0","0","6","1","1","","1","0","40 02:39.468","","0","75 03:14.798","8","0","0","0","67301","0","0","0","N","0","0","0","2","00000","0","","1.0","","1","","","N","0","","0","0","0","3","2","","630","2","1","0","0","0","1","0","2","0","2","0","0","0","3","","","N","","","","","","","","","",""
"2021016387","0710","1","0","0","0","0","0","0","0","0","5","0","","67","11","2020","5","39.918133","-75.209776","","6","0","0","0","0","0","1","0","0","","0","0","0","7","1","1","N","0","0","39 55:05.277","","0","75 12:35.194","8","0","0","0","67301","0","0","0","N","0","0","0","2","00000","0","","1.0","","1","","","N","0","","0","0","1","0","0","","710","2","1","0","0","0","1","0","2","0","2","0","0","0","3","","","N","","","","","","","","","",""
"2021025520","2230","2","0","0","0","0","0","0","0","0","4","0","","67","11","2020","6","40.021669","-75.112664","2228","6","0","0","0","0","1","0","0","0","","0","0","0","22","3","1","","1","0","40 01:18.010","","0","75 06:45.592","8","0","0","0","67301","0","0","0","N","0","0","0","3","67301","0","","1.0","","1","N","N","N","0","","0","0","0","0","0","","2214","2","1","0","0","0","1","0","2","0","2","0","0","0","3","03","","N","","","","","","","","","",""
"2020073249","2212","1","0","0","0","0","0","0","0","0","8","0","","67","9","2020","7","39.936383","-75.218989","2207","6","0","0","0","0","0","0","0","0","","0","0","0","22","3","1","","1","0","39 56:10.978","","0","75 13:08.360","4","0","0","0","67301","1","0","0","N","1","0","0","2","67301","1","","1.0","","1","N","N","N","0","","0","0","0","3","2","","2206","2","1","0","0","0","0","0","2","0","1","1","0","0","3","03","","N","","","","","","","","","",""
"2021003794","2357","1","0","0","0","0","0","0","0","0","7","0","","67","12","2020","5","39.959682","-75.177275","2237","6","0","0","0","0","0","0","0","0","","0","0","0","22","3","0","N","0","1","39 57:34.856","3","0","75 10:38.189","0","0","0","0","67301","0","0","0","N","0","0","0","1","68K01","0","","2.0","2300.0","9","N","N","N","0","","0","0","0","0","0","N","2228","1","0","0","0","0","0","0","2","0","1","0","0","0","7","07","","N","","","","","","","","","",""
"2021002971","0413","1","0","0","0","0","0","0","0","0","2","0","","67","12","2020","4","39.944139","-75.219278","0409","6","0","0","0","0","0","1","0","0","","0","0","0","4","3","1","N","0","0","39 56:38.900","","0","75 13:09.400","3","0","0","0","67301","0","0","0","N","0","0","0","1","67301","0","","6.0","","1","N","N","N","0","","1","0","2","0","0","","404","3","1","0","0","0","0","0","2","0","3","0","0","0","3","","","N","","","","","","","","","",""
"2021004643","1610","2","0","0","0","0","0","0","0","0","5","0","45","67","12","2020","4","40.023716","-75.032369","1601","6","0","0","0","0","0","1","0","0","","0","0","0","15","1","1","N","0","0","40 01:25.376","","0","75 01:56.528","3","0","0","0","67301","0","0","0","N","0","0","0","3","68K01","0","","4.0","","1","N","N","N","0","","1","0","0","0","0","","1548","2","1","0","0","0","0","0","2","0","2","0","0","0","3","03","N","Y","5","1","","","N","","","","Y","N"
"2021002691","1320","1","0","0","0","0","0","0","0","0","1","0","","67","12","2020","4","39.972654","-75.121131","1320","6","0","0","0","0","0","0","0","0","","0","0","0","13","1","0","N","0","1","39 58:21.556","1","0","75 07:16.072","0","0","0","0","67301","0","0","0","N","0","0","0","3","68K01","0","","1.0","1330.0","1","N","N","Y","0","","0","0","1","3","8","N","1320","2","0","0","0","0","0","0","2","0","2","0","0","0","3","","","N","","","","","","","","","",""
"2020065858","1755","3","0","0","0","0","0","0","0","0","4","0","","67","8","2020","5","39.985888","-75.23188","1748","6","0","0","0","0","0","0","0","0","","0","0","0","17","1","1","","1","0","39 59:09.196","","0","75 13:54.768","3","0","0","0","67301","0","0","0","N","0","0","0","2","67301","0","","1.0","","9","N","Y","N","0","","1","0","1","3","2","","1747","4","1","0","0","0","0","0","2","0","4","0","0","0","7","04","","N","","","","","","","","","",""
"2020111185","2135","1","0","0","0","0","0","0","0","0","2","0","","67","12","2020","1","39.945239","-75.1581","2130","6","0","0","0","0","0","0","0","0","","0","0","0","21","3","0","N","0","2","39 56:42.860","2","0","75 09:29.160","0","0","0","0","67301","0","0","0","N","0","0","0","1","67301","0","","6.0","1040.0","2","N","N","N","0","","0","0","1","0","0","N","2128","2","0","0","0","0","0","0","2","0","2","0","0","0","98","","","N","","","","","","","","","",""
"2020073069","0601","1","0","0","0","0","0","0","0","0","4","0","","67","9","2020","1","40.030332","-75.131845","0600","6","0","0","0","0","0","0","0","0","","0","0","0","5","3","1","","1","0","40 01:49.195","","0","75 07:54.642","3","0","0","0","67301","0","0","0","N","0","0","0","1","67301","0","","1.0","","1","N","N","N","0","","1","0","1","3","2","","555","2","1","0","0","0","0","0","2","0","2","0","0","0","3","03","","N","","","","","","","","","",""
"2021006195","1208","0","0","0","0","0","0","0","0","0","8","1","","67","12","2020","2","39.941821","-75.165951","1159","6","0","0","0","0","0","1","0","0","","0","1","0","11","1","1","","1","0","39 56:30.556","","0","75 09:57.425","8","0","0","0","67301","1","0","0","N","1","0","0","2","67301","0","","1.0","","9","N","N","N","0","","0","0","0","3","2","","1150","2","1","0","0","0","1","0","2","0","1","1","0","0","3","","","N","","","","","","","","","",""
"2021003954","0401","1","0","0","0","0","0","0","0","0","7","0","","67","12","2020","7","40.04389","-75.002889","0401","6","0","0","0","0","0","0","0","0","","0","0","0","4","3","0","N","0","0","40 02:38.005","","0","75 00:10.400","0","0","0","0","67301","0","0","0","N","0","0","0","2","68K01","0","","4.0","","2","N","N","N","0","","0","0","0","0","0","","401","1","0","0","0","0","0","0","2","0","1","0","0","0","3","","","N","","","","","","","","","",""
"2021023788","1400","2","0","0","0","0","0","0","0","0","4","0","","67","10","2020","7","40.057603","-75.154898","","6","0","0","0","0","0","0","0","0","","0","0","0","14","1","1","","2","0","40 03:27.370","","0","75 09:17.632","8","0","0","0","67301","0","0","0","N","0","0","0","2","00000","0","","1.0","","1","","","N","0","","0","0","0","3","3","","1400","2","1","0","0","0","1","0","2","0","2","0","0","0","3","","","N","","","","","","","","","",""
"2021023530","1715","1","0","0","0","0","0","0","0","0","4","0","","67","12","2020","4","40.085042","-75.036455","","6","0","0","0","0","0","0","0","0","","0","0","0","17","1","4","N","0","0","40 05:06.150","","7","75 02:11.239","8","0","0","0","67301","0","0","0","N","0","0","0","5","00000","0","","1.0","","1","","","N","0","","0","0","0","0","0","","1715","2","4","0","0","0","4","0","2","1","2","0","0","0","3","","","N","","","","","","","","","",""
"2020063748","1852","0","0","0","0","0","0","0","0","0","0","0","","67","8","2020","1","39.909889","-75.154639","1852","6","0","0","0","0","0","0","0","0","","0","0","0","18","1","1","N","0","2","39 54:35.600","4","5","75 09:16.700","3","0","0","1","67301","0","0","0","N","0","0","0","1","67501","0","","1.0","1914.0","1","N","N","N","0","","1","0","0","0","0","N","1852","1","1","0","0","0","0","0","2","0","1","0","0","0","3","03","","N","","","","","","","","","",""
"2020113989","1100","1","0","0","0","0","0","0","0","0","4","0","","67","12","2020","2","40.031419","-75.021581","1054","6","0","0","0","0","0","1","0","0","","0","0","0","10","1","0","N","0","0","40 01:53.108","","0","75 01:17.693","0","0","0","0","67301","0","0","0","N","0","0","0","2","68K01","0","","1.0","","1","N","N","N","1","","0","0","0","0","0","","1052","2","0","0","0","0","0","0","2","0","2","0","0","0","3","","","N","","","","","","","","","",""
"2020112001","1404","1","0","0","0","0","0","0","0","0","5","0","","67","12","2020","4","40.03424","-75.068081","1358","6","0","0","0","0","0","1","0","0","","0","0","0","13","1","0","N","0","0","40 02:03.263","","0","75 04:05.090","0","0","0","0","67301","0","0","0","N","0","0","0","2","67301","0","","1.0","","1","N","N","Y","0","","0","0","1","0","0","","1344","2","0","0","0","0","0","0","2","0","2","0","0","0","3","03","","N","","","","","","","","","",""
"2021006494","1638","2","0","0","0","0","0","0","0","0","5","0","","67","12","2020","3","39.994069","-75.154432","1637","6","0","0","0","0","1","0","0","0","","0","0","0","16","1","0","N","0","0","39 59:38.647","","0","75 09:15.955","0","0","0","0","67301","0","0","0","N","0","0","0","5","67301","0","","1.0","","1","N","N","N","0","","0","0","1","0","0","","1615","3","0","0","0","0","0","0","2","0","3","0","0","0","3","03","","N","","","","","","","","","",""
"2021002968","1756","0","0","0","0","0","0","0","0","0","6","0","","67","12","2020","2","39.916792","-75.234967","1753","6","0","0","0","0","0","0","0","0","","0","0","0","17","6","1","N","0","0","39 55:00.450","","0","75 14:05.880","3","0","0","1","67301","0","0","0","N","0","0","0","2","67301","0","","1.0","","1","N","N","N","0","","1","0","1","0","0","","1743","2","1","0","0","0","0","0","2","0","2","0","0","0","3","03","","N","","","","","","","","","",""
"2020073378","1625","2","0","0","0","0","0","0","0","0","4","0","","67","9","2020","1","40.018445","-75.046524","1625","6","0","0","0","0","0","0","0","0","","0","0","0","16","3","0","N","0","0","40 01:06.403","","7","75 02:47.485","9","0","0","0","67301","0","0","0","N","0","0","0","3","67301","0","","1.0","","1","N","N","N","0","","0","0","0","3","2","","1601","2","0","1","0","0","0","1","2","0","2","0","0","0","3","03","","N","","","","","","","","","",""
"2020112150","1428","2","0","0","0","0","0","0","0","0","6","0","","67","12","2020","5","40.034763","-75.071053","1422","6","0","0","0","0","0","0","0","0","","0","0","0","14","1","5","","1","0","40 02:05.146","","6","75 04:15.791","3","0","0","0","67301","0","0","0","N","0","0","0","5","67301","0","","1.0","","9","N","N","N","0","","5","0","0","3","2","","1420","2","5","0","0","0","0","0","2","0","2","0","0","0","7","07","","N","","","","","","","","","",""
"2021007105","2334","1","0","0","0","0","0","0","0","0","4","0","","67","12","2020","6","40.010176","-75.063282","2334","6","0","0","0","0","0","0","0","0","","0","0","0","23","3","5","N","0","1","40 00:36.633","1","0","75 03:47.816","3","0","0","0","67301","0","0","0","N","0","0","0","5","68K01","0","","1.0","2345.0","1","N","N","Y","0","","5","0","0","0","0","N","2334","2","5","0","0","0","0","0","2","1","2","0","0","0","3","","","N","","","","","","","","","",""
"2021018776","0600","1","0","0","0","0","0","0","0","0","5","0","","67","11","2020","6","39.982361","-75.175389","","6","0","0","0","0","0","0","0","0","","0","0","0","6","1","0","N","0","0","39 58:56.500","","0","75 10:31.400","0","0","0","0","67301","0","0","0","N","0","0","0","2","00000","0","","1.0","","1","","","N","0","","0","0","0","0","0","","600","2","0","0","0","0","0","0","2","1","2","0","0","0","3","","","N","","","","","","","","","",""
"2021013436","1345","2","0","0","0","0","0","0","0","0","1","0","","67","10","2020","4","40.002647","-75.223323","","6","0","0","0","0","0","1","1","0","","0","0","0","13","1","1","N","0","0","40 00:09.530","","0","75 13:23.964","8","0","0","0","67301","0","0","0","N","0","0","0","2","00000","0","","1.0","","1","","","N","0","","0","0","0","0","0","","1345","2","1","0","0","0","1","0","2","0","2","0","0","0","3","","","N","","","","","","","","","",""
"2021008093","0816","0","0","0","0","0","0","0","0","0","8","0","","67","11","2020","2","40.011545","-75.108042","0807","6","0","0","0","0","0","0","0","0","","1","0","0","17","8","0","N","1","0","40 00:41.562","","0","75 06:28.950","1","0","0","1","67301","1","1","0","N","1","1","0","2","67301","0","2","9.0","","99","N","N","N","0","0","0","0","0","9","9","","1700","2","0","0","0","0","0","1","2","0","1","1","1","0","99","","","N","","","","","","","","","",""
"2021001150","0804","1","0","0","0","0","0","0","0","0","7","0","","67","12","2020","2","40.037218","-75.013567","0730","6","0","0","0","0","0","0","0","0","","0","0","0","7","1","1","N","0","1","40 02:13.985","1","0","75 00:48.842","8","0","0","0","67301","0","0","0","N","0","0","0","1","68K01","0","","2.0","825.0","9","N","N","N","0","","0","0","0","0","0","N","729","1","1","0","0","0","1","0","2","0","1","0","0","0","3","","","N","","","","","","","","","",""
"2021005948","1013","0","0","0","0","0","0","0","0","0","8","0","","67","12","2020","5","40.012917","-75.057511","1010","6","0","0","0","0","0","0","0","0","","0","0","0","6","5","1","N","0","0","40 00:46.501","","0","75 03:27.039","8","0","0","0","67301","1","0","0","N","1","0","0","2","67301","0","","1.0","","1","N","N","N","0","","0","0","0","0","0","","645","2","1","0","0","0","1","1","2","0","1","1","0","0","3","03","","N","","","","","","","","","",""
"2020113927","0927","1","0","0","0","0","0","0","0","0","5","0","","67","12","2020","4","39.96755","-75.176958","0925","6","0","0","0","0","0","0","0","0","","0","0","0","9","1","0","N","0","0","39 58:03.180","","0","75 10:37.050","0","0","0","0","67301","0","0","0","N","0","0","0","1","67301","0","","1.0","","1","N","N","N","0","","0","0","1","0","0","","920","2","0","0","0","0","0","0","2","0","2","0","0","0","3","03","","N","","","","","","","","","",""
"2020064893","2046","1","0","0","0","0","0","0","0","0","1","0","","67","8","2020","7","39.958928","-75.170216","2039","6","0","0","0","1","1","0","0","0","","0","0","0","20","3","0","N","0","1","39 57:32.140","4","0","75 10:12.777","0","0","0","0","67301","0","0","0","N","0","0","0","3","68K01","0","","1.0","2200.0","1","N","N","Y","0","","0","0","2","0","0","N","2036","3","0","0","0","0","0","0","2","0","3","0","0","0","3","03","","N","","","","","","","","","",""
"2020072100","1735","0","0","0","0","0","0","0","0","0","5","0","","67","9","2020","4","40.006092","-75.136175","1727","6","0","0","0","0","0","1","0","0","","0","0","0","17","1","0","N","0","0","40 00:21.930","","0","75 08:10.230","0","0","0","0","67301","0","0","0","N","0","0","0","1","67301","0","","6.0","","1","N","N","N","0","","0","0","3","0","0","","1727","3","0","0","0","0","0","0","2","0","3","0","0","0","3","03","","N","","","","","","","","","",""
"2020064557","1246","1","0","0","0","0","0","0","0","0","8","0","","67","8","2020","4","39.979889","-75.162583","1244","6","0","0","0","0","0","0","0","0","","0","0","0","12","1","1","N","0","2","39 58:47.600","1","0","75 09:45.300","8","0","0","0","67301","1","0","0","N","1","0","0","2","67505","0","","1.0","1315.0","9","N","N","N","0","","0","0","0","0","0","Y","1242","2","1","0","0","0","1","0","2","0","1","1","0","0","7","","","N","","","","","","","","","",""
"2020063956","1825","1","0","0","0","0","0","0","0","0","8","0","","67","8","2020","1","39.935947","-75.156893","1820","6","0","0","0","0","0","1","0","0","","0","0","0","11","1","1","","1","0","39 56:09.409","","0","75 09:24.814","3","0","0","0","67301","1","0","0","N","1","0","0","2","67301","0","","1.0","","1","N","N","N","0","","1","0","0","3","2","","1100","2","1","0","0","0","0","0","2","0","1","1","0","0","3","","","N","","","","","","","","","",""
"2020113106","1529","2","0","0","0","0","0","0","0","0","1","0","","67","12","2020","1","39.95897","-75.170575","1521","6","0","0","0","0","0","0","0","1","","0","0","0","15","1","0","N","0","2","39 57:32.293","4","0","75 10:14.069","0","0","0","0","67301","0","0","0","N","0","0","0","4","68K01","0","","3.0","30.0","1","N","N","N","0","","0","0","1","0","0","N","1517","3","0","0","0","0","0","0","2","0","3","0","0","0","3","","","N","","","","","","","","","",""
"2020065218","1901","2","0","0","0","0","0","0","0","0","4","0","","67","7","2020","6","39.977768","-75.21345","1901","6","0","0","0","0","0","0","0","0","","0","0","0","19","1","3","N","1","1","39 58:39.965","1","0","75 12:48.419","8","0","0","0","67301","0","0","0","N","0","0","0","3","68K01","0","","1.0","1901.0","1","N","N","N","0","","0","0","0","3","2","N","1901","2","3","2","0","0","3","0","2","0","2","0","0","0","3","","","N","","","","","","","","","",""
"2021018783","1850","1","0","0","0","0","0","0","0","0","5","0","","67","11","2020","6","39.94625","-75.242028","","6","0","0","0","0","0","0","1","0","","0","0","0","18","1","1","N","0","0","39 56:46.500","","0","75 14:31.300","8","0","0","0","67301","0","0","0","N","0","0","0","2","00000","0","","1.0","","1","","","N","0","","0","0","0","0","0","","1850","2","1","0","0","0","1","0","2","0","2","0","0","0","3","","","N","","","","","","","","","",""
"2021005944","1220","2","0","0","0","0","0","0","0","0","1","0","","67","2","2020","7","40.030392","-75.035441","1216","6","0","0","0","0","0","0","0","0","","0","0","0","22","3","1","N","0","0","40 01:49.410","","0","75 02:07.587","8","0","0","0","67301","0","0","0","N","0","0","0","2","67301","0","","1.0","","1","N","N","N","0","","0","0","0","0","0","","2227","2","1","0","0","0","1","0","2","0","2","0","0","0","3","03","","N","","","","","","","","","",""
"2020065957","1137","1","0","0","0","0","0","0","0","0","4","0","","67","8","2020","3","39.998955","-75.153499","1137","6","0","0","0","0","0","1","0","0","","0","0","0","11","1","1","","2","0","39 59:56.237","","0","75 09:12.598","3","0","0","1","67301","0","0","0","N","0","0","0","2","67301","0","","1.0","","1","N","N","N","0","","1","0","0","0","0","","1130","2","1","0","0","0","0","0","2","0","2","0","0","0","3","03","","N","","","","","","","","","",""
"2021001195","0000","1","0","0","0","0","0","0","0","0","5","0","","67","12","2020","6","39.959932","-75.17925","0006","6","0","0","0","0","0","0","1","0","","0","0","0","23","3","1","N","0","1","39 57:35.755","3","0","75 10:45.301","3","0","0","0","67301","0","0","0","N","0","0","0","3","68K01","0","","1.0","10.0","1","N","N","N","0","","1","0","1","0","0","N","2357","2","1","0","0","0","0","0","2","0","2","0","0","0","3","","","N","","","","","","","","","",""
"2020063423","2358","2","0","0","0","0","0","0","0","0","4","0","","67","8","2020","6","39.99417","-75.180868","2347","6","0","0","0","0","0","0","0","0","","0","0","0","23","3","1","","1","0","39 59:39.012","","0","75 10:51.124","3","0","0","1","67301","0","0","0","N","0","0","0","2","67301","0","","1.0","","1","N","N","N","0","","1","0","1","3","3","","2317","4","1","1","0","0","0","0","2","0","4","0","0","0","3","03","","N","","","","","","","","","",""
"2020084397","0638","0","0","0","0","0","0","0","0","0","6","0","","67","10","2020","6","40.0188","-75.088939","0633","6","0","0","0","0","0","0","0","0","","0","0","0","6","5","0","N","0","1","40 01:07.680","7","0","75 05:20.180","0","0","0","0","67301","0","0","0","N","0","0","0","1","67301","0","","6.0","852.0","1","N","N","N","0","","0","0","2","0","0","N","632","3","0","0","0","0","0","0","2","1","3","0","0","0","3","03","","N","","","","","","","","","",""
"2020065277","0527","2","0","0","0","0","0","0","0","0","5","0","","67","8","2020","4","40.006417","-75.137058","0524","6","0","0","0","0","0","0","0","0","","0","0","0","5","5","0","N","0","2","40 00:23.100","1","0","75 08:13.410","0","0","0","0","67301","0","0","0","N","0","0","0","1","67301","0","","6.0","640.0","1","N","N","N","0","","0","0","1","0","0","Y","520","3","0","0","0","0","0","0","2","0","3","0","0","0","3","","","N","","","","","","","","","",""
"2020077915","1130","2","0","0","0","0","0","0","0","0","6","0","","67","9","2020","2","39.991568","-75.121213","1129","6","0","0","0","0","0","0","0","0","","0","0","0","11","1","1","N","2","0","39 59:29.645","","0","75 07:16.365","4","0","0","0","67301","0","0","0","N","0","0","0","2","67301","1","","1.0","","1","N","N","N","0","","0","0","0","0","0","","1129","2","1","0","0","0","0","1","2","0","2","0","0","0","3","","","N","","","","","","","","","",""
"2021004027","0914","1","0","0","0","0","0","0","0","0","7","0","","67","12","2020","4","39.995328","-75.218326","0911","6","0","0","0","0","0","0","0","0","","0","0","0","9","1","1","","3","0","39 59:43.180","","0","75 13:05.974","3","0","0","0","67301","0","0","0","N","0","0","0","1","67301","0","","5.0","","1","N","N","N","0","","1","0","0","3","2","","910","1","1","0","0","0","0","0","2","0","1","0","0","0","3","03","","N","","","","","","","","","",""
"2020065127","2222","1","0","0","0","0","0","0","0","0","4","0","","67","8","2020","4","40.036946","-75.145198","2222","6","0","0","0","0","0","0","0","0","","0","0","0","22","3","0","","2","0","40 02:13.006","","0","75 08:42.711","9","0","0","1","67301","0","0","0","N","0","0","0","2","67301","0","","1.0","","98","N","N","N","0","","0","0","0","3","2","","2200","2","0","1","0","0","0","1","2","0","2","0","0","0","3","","","N","","","","","","","","","",""
"2020085331","0901","1","0","0","0","0","0","0","0","0","7","0","","67","10","2020","2","40.046157","-75.001645","0851","6","0","0","0","0","0","0","0","0","","0","0","0","8","1","0","N","0","0","40 02:46.164","","0","75 00:05.923","0","0","0","0","67301","0","0","0","Y","0","0","0","1","68K01","0","","5.0","","9","N","N","N","0","","0","0","0","0","0","","850","1","0","0","0","0","0","0","2","0","1","0","0","0","7","07","","N","","","","","","","","","",""
"2021002970","0215","2","0","0","0","0","0","0","0","0","5","0","","67","12","2020","4","39.944446","-75.230802","0210","6","0","0","0","0","0","0","0","0","","0","0","0","2","3","0","N","0","0","39 56:40.006","","0","75 13:50.888","0","0","0","0","67301","0","0","0","N","0","0","0","1","67301","0","","6.0","","1","N","N","N","0","","0","0","1","0","0","","208","4","0","1","0","0","0","0","2","1","4","0","0","0","3","03","","N","","","","","","","","","",""
"2020087181","1217","1","0","0","0","0","0","0","0","0","1","1","","67","10","2020","6","40.020114","-75.042967","1210","6","0","0","0","0","0","0","0","0","","0","1","0","15","1","1","N","1","0","40 01:12.412","","0","75 02:34.680","4","0","0","0","67301","0","0","0","N","0","0","0","4","67301","1","","1.0","","99","N","N","N","0","","0","0","0","9","2","","1500","2","1","4","0","0","0","0","2","0","2","0","0","0","7","07","","N","","","","","","","","","",""
"2021004293","0715","1","0","0","0","0","0","0","0","0","1","0","","67","12","2020","3","40.038347","-75.00975","0645","6","0","0","0","0","0","0","0","0","","0","0","0","6","3","1","N","0","0","40 02:18.050","","0","75 00:35.099","8","0","0","0","67301","0","0","0","N","0","0","0","3","68K01","0","","1.0","","9","N","N","N","0","","0","0","2","0","0","","645","3","1","0","0","0","1","0","2","0","3","0","0","0","7","03","","N","","","","","","","","","",""
"2021000647","1845","0","0","0","0","0","0","0","0","0","8","0","","67","12","2020","5","39.962345","-75.143075","1840","6","0","0","0","0","0","0","0","0","","0","0","0","18","3","1","","1","0","39 57:44.442","","0","75 08:35.070","8","0","0","0","67301","1","0","0","N","1","0","0","2","67301","0","","1.0","","1","N","N","N","0","","0","0","0","3","3","","1830","2","1","0","0","0","1","1","2","0","1","1","0","0","3","03","","N","","","","","","","","","",""
"2021013280","2030","0","0","0","0","0","0","0","0","0","1","0","","67","7","2020","7","40.056421","-75.053338","","6","0","0","0","0","0","0","0","0","","0","0","0","20","1","2","","1","0","40 03:23.116","","0","75 03:12.018","8","0","0","0","67301","0","0","0","N","0","0","0","3","00000","0","","1.0","","1","","","N","0","","0","0","2","3","2","","2030","2","2","0","0","0","2","0","2","0","2","0","0","0","3","","","N","","","","","","","","","",""
"2021013419","1830","1","0","0","0","0","0","0","0","0","4","0","","67","10","2020","5","40.035988","-75.115143","","6","0","0","0","0","0","1","0","0","","0","0","0","18","1","1","","2","0","40 02:09.556","","0","75 06:54.514","8","0","0","0","67301","0","0","0","N","0","0","0","2","00000","0","","1.0","","1","","","N","1","","0","0","0","9","9","","1830","2","1","0","0","0","1","0","2","0","2","0","0","0","3","","","N","","","","","","","","","",""
"2021009673","1545","0","0","0","1","0","0","0","0","0","8","0","","67","10","2020","6","39.995514","-75.130458","1540","6","0","0","0","0","0","0","0","0","","0","0","0","15","1","2","","1","0","39 59:43.850","","0","75 07:49.648","3","0","0","0","67301","1","0","0","N","0","0","0","7","67301","0","","1.0","","1","N","N","N","0","","2","0","0","0","0","","1510","2","2","0","0","0","0","0","2","1","1","1","0","0","3","03","","N","","","","","","","","","",""