"CRN","ARRIVAL_TM","AUTOMOBILE_COUNT","BELTED_DEATH_COUNT","BELTED_SUSP_SERIOUS_INJ_COUNT","BICYCLE_COUNT","BICYCLE_DEATH_COUNT","BICYCLE_SUSP_SERIOUS_INJ_COUNT","BUS_COUNT","CHLDPAS_DEATH_COUNT","CHLDPAS_SUSP_SERIOUS_INJ_COUNT","COLLISION_TYPE","COMM_VEH_COUNT","CONS_ZONE_SPD_LIM","COUNTY","CRASH_MONTH","CRASH_YEAR","DAY_OF_WEEK","DEC_LATITUDE","DEC_LONGITUDE","DISPATCH_TM","DISTRICT","DRIVER_COUNT_16YR","DRIVER_COUNT_17YR","DRIVER_COUNT_18YR","DRIVER_COUNT_19YR","DRIVER_COUNT_20YR","DRIVER_COUNT_50_64YR","DRIVER_COUNT_65_74YR","DRIVER_COUNT_75PLUS","EST_HRS_CLOSED","FATAL_COUNT","HEAVY_TRUCK_COUNT","HORSE_BUGGY_COUNT","HOUR_OF_DAY","ILLUMINATION","INJURY_COUNT","INTERSECTION_RELATED","INTERSECT_TYPE","LANE_CLOSED","LATITUDE","LN_CLOSE_DIR","LOCATION_TYPE","LONGITUDE","MAX_SEVERITY_LEVEL","MCYCLE_DEATH_COUNT","MCYCLE_SUSP_SERIOUS_INJ_COUNT","MOTORCYCLE_COUNT","MUNICIPALITY","NONMOTR_COUNT","NONMOTR_DEATH_COUNT","NONMOTR_SUSP_SERIOUS_INJ_COUNT","NTFY_HIWY_MAINT","PED_COUNT","PED_DEATH_COUNT","PED_SUSP_SERIOUS_INJ_COUNT","PERSON_COUNT","POLICE_AGCY","POSSIBLE_INJ_COUNT","RDWY_SURF_TYPE_CD","RELATION_TO_ROAD","ROADWAY_CLEARED","ROAD_CONDITION","SCH_BUS_IND","SCH_ZONE_IND","SECONDARY_CRASH","SMALL_TRUCK_COUNT","SPEC_JURIS_CD","SUSP_MINOR_INJ_COUNT","SUSP_SERIOUS_INJ_COUNT","SUV_COUNT","TCD_FUNC_CD","TCD_TYPE","TFC_DETOUR_IND","TIME_OF_DAY","TOTAL_UNITS","TOT_INJ_COUNT","UNBELTED_OCC_COUNT","UNB_DEATH_COUNT","UNB_SUSP_SERIOUS_INJ_COUNT","UNK_INJ_DEG_COUNT","UNK_INJ_PER_COUNT","URBAN_RURAL","VAN_COUNT","VEHICLE_COUNT","VULNERABLE_ROAD_USER_COUNT","VULNERABLE_ROAD_USER_DEATH_COUNT","VULNERABLE_ROAD_USER_SER_INJ_COUNT","WEATHER1","WEATHER2","WORKERS_PRES","WORK_ZONE_IND","WORK_ZONE_LOC","WORK_ZONE_TYPE","WZ_CLOSE_DETOUR","WZ_FLAGGER","WZ_LAW_OFFCR_IND","WZ_LN_CLOSURE","WZ_MOVING","WZ_OTHER","WZ_SHLDER_MDN","WZ_WORKERS_INJ_KILLED"
"2021002655","1400","2","0","0","0","0","0","0","0","0","4","0","","67","5","2020","2","39.985315","-75.166253","","6","0","0","0","0","0","0","0","0","","0","0","0","14","1","2","","2","0","39 59:07.134","","0","75 09:58.510","8","0","0","0","67301","0","0","0","N","0","0","0","3","00000","0","","1.0","","1","","","N","0","","0","0","0","3","3","","1400","2","2","0","0","0","2","0","2","0","2","0","0","0","3","","","N","","","","","","","","","",""
"2021000242","1300","1","0","0","0","0","0","0","0","0","4","0","","67","12","2020","3","40.057958","-75.041501","1248","6","0","0","0","0","0","1","0","1","","0","0","0","12","1","1","","1","0","40 03:28.650","","0","75 02:29.404","8","0","0","0","67301","0","0","0","N","0","0","0","2","67301","0","","1.0","","1","N","N","N","1","","0","0","0","3","2","","1235","2","1","0","0","0","1","0","2","0","2","0","0","0","3","03","","N","","","","","","","","","",""
"2021003552","0302","0","0","0","0","0","0","0","0","0","7","0","","67","12","2020","6","39.997723","-75.195973","0302","6","0","0","0","0","0","0","0","0","","0","0","0","3","3","0","N","0","1","39 59:51.804","4","0","75 11:45.501","0","0","0","0","67301","0","0","0","N","0","0","0","1","68K01","0","","3.0","330.0","8","N","N","N","0","","0","0","1","0","0","N","301","1","0","0","0","0","0","0","2","0","1","0","0","0","7","","","N","","","","","","","","","",""
"2021016358","1510","1","0","0","0","0","0","0","0","0","1","0","","67","9","2020","7","39.957837","-75.16159","","6","0","0","0","0","0","0","0","0","","0","0","0","15","1","1","N","0","0","39 57:28.213","","0","75 09:41.724","8","0","0","0","67301","0","0","0","N","0","0","0","2","00000","0","","1.0","","1","","","N","0","","0","0","0","0","0","","1510","2","1","0","0","0","1","0","2","0","2","0","0","0","3","","","N","","","","","","","","","",""
"2021016374","1445","1","0","0","0","0","0","0","0","0","4","0","","67","9","2020","3","39.972445","-75.162583","","6","0","0","0","1","0","0","0","0","","0","0","0","14","1","1","","1","0","39 58:20.801","","0","75 09:45.298","8","0","0","0","67301","0","0","0","N","0","0","0","2","00000","0","","1.0","","1","","","N","0","","0","0","1","3","3","","1445","2","1","0","0","0","1","0","2","0","2","0","0","0","3","","","N","","","","","","","","","",""
"2021011676","1430","0","0","0","0","0","0","0","0","0","4","0","99","67","8","2020","1","39.942628","-75.221405","","6","0","0","0","0","0","0","0","0","","0","0","0","14","1","0","","1","0","39 56:33.460","","0","75 13:17.058","0","0","0","0","67301","0","0","0","N","0","0","0","2","00000","0","","1.0","","1","","","N","0","","0","0","1","3","2","","1430","2","0","0","0","0","0","0","2","0","2","0","0","0","3","","N","Y","4","1","","","N","","","","Y","N"
"2021014547","2145","0","0","0","0","0","0","0","0","0","5","0","","67","10","2020","6","39.999639","-75.150417","","6","0","0","0","0","0","1","0","0","","0","0","0","21","1","0","N","0","0","39 59:58.700","","0","75 09:01.500","0","0","0","0","67301","0","0","0","N","0","0","0","1","00000","0","","6.0","","1","","","N","0","","0","0","1","0","0","","2145","2","0","0","0","0","0","0","2","1","2","0","0","0","3","","","N","","","","","","","","","",""
"2021001184","0916","1","0","0","0","0","0","0","0","0","7","0","","67","12","2020","6","39.935864","-75.199666","0856","6","0","0","0","0","0","0","0","0","","0","0","0","8","1","1","N","0","2","39 56:09.112","4","0","75 11:58.797","8","0","0","0","67301","0","0","0","N","0","0","0","1","68K01","0","","4.0","30.0","9","N","N","N","0","","0","0","0","0","0","Y","855","1","1","1","0","0","1","0","2","0","1","0","0","0","7","07","","N","","","","","","","","","",""
"2021006497","0710","1","0","0","0","0","0","0","0","0","1","0","","67","12","2020","5","40.012944","-75.118972","0705","6","0","0","0","0","0","1","0","0","","0","0","0","6","3","0","Y","0","2","40 00:46.600","4","0","75 07:08.300","0","0","0","0","67301","0","0","0","N","0","0","0","3","67301","0","","1.0","835.0","1","N","N","N","1","","0","0","1","3","2","N","606","3","0","0","0","0","0","0","2","0","3","0","0","0","3","","","N","","","","","","","","","",""
"2021001194","2315","2","0","0","0","0","0","0","0","0","5","0","","67","12","2020","6","40.00708","-75.073016","2305","6","0","1","0","0","1","0","0","0","","0","0","0","22","3","0","N","0","0","40 00:25.489","","0","75 04:22.858","0","0","0","0","67301","0","0","0","N","0","0","0","3","68K01","0","","1.0","","1","N","N","N","0","","0","0","0","0","0","","2250","2","0","0","0","0","0","0","2","0","2","0","0","0","3","","","N","","","","","","","","","",""
"2021018483","1554","2","0","0","0","0","0","0","0","0","1","0","","67","12","2020","3","40.019675","-75.148342","","6","0","0","0","0","0","1","0","0","","0","0","0","15","1","2","N","0","0","40 01:10.830","","0","75 08:54.030","8","0","0","0","67301","0","0","0","N","0","0","0","3","00000","0","","1.0","","1","","","N","0","","0","0","0","0","0","","1554","2","2","0","0","0","2","0","2","0","2","0","0","0","3","","","N","","","","","","","","","",""
"2021006492","2009","2","0","0","0","0","0","0","0","0","4","0","","67","11","2020","5","40.012605","-75.140755","2007","6","0","0","0","0","0","0","0","0","","0","0","0","20","3","1","","1","0","40 00:45.378","","0","75 08:26.717","4","0","0","0","67301","0","0","0","N","0","0","0","4","67301","1","","1.0","","9","N","N","N","0","","0","0","2","3","3","","2007","4","1","3","0","0","0","0","2","0","4","0","0","0","7","04","","N","","","","","","","","","",""
"2021005951","1748","2","0","0","0","0","0","0","0","0","4","0","","67","12","2020","5","39.990879","-75.091217","1724","6","0","0","0","1","0","0","0","0","","0","0","0","17","3","1","","1","1","39 59:27.163","1","0","75 05:28.382","3","0","0","0","67301","0","0","0","N","0","0","0","2","67301","0","","1.0","100.0","9","N","N","N","0","","1","0","0","3","2","Y","1723","2","1","0","0","0","0","0","2","0","2","0","0","0","7","07","","N","","","","","","","","","",""
"2021011176","0815","1","0","0","0","0","0","0","0","0","1","0","","67","7","2020","3","39.899058","-75.168325","","6","0","0","0","0","0","0","0","0","","0","0","0","8","1","1","N","0","0","39 53:56.609","","0","75 10:05.970","8","0","0","0","67301","0","0","0","N","0","0","0","3","00000","0","","1.0","","1","","","N","0","","0","0","1","0","0","","815","3","1","0","0","0","1","0","2","1","3","0","0","0","3","","","N","","","","","","","","","",""
"2021018366","0615","0","0","0","0","0","0","0","0","0","4","0","","67","10","2020","3","40.018438","-75.149133","","6","0","0","0","0","0","0","0","0","","0","0","0","6","1","1","","1","0","40 01:06.376","","0","75 08:56.880","8","0","0","0","67301","0","0","0","N","0","0","0","2","00000","0","","1.0","","1","","","N","0","","0","0","1","3","2","","615","2","1","0","0","0","1","0","2","0","2","0","0","0","3","","","N","","","","","","","","","",""
"2021018789","0800","1","0","0","0","0","0","0","0","0","1","0","","67","11","2020","5","40.027112","-75.159256","","6","0","0","0","0","0","0","0","0","","0","0","0","8","1","2","N","0","0","40 01:37.603","","0","75 09:33.321","8","0","0","0","67301","0","0","0","N","0","0","0","3","00000","0","","1.0","","1","","","N","0","","0","0","1","0","0","","800","2","2","0","0","0","2","0","2","0","2","0","0","0","3","","","N","","","","","","","","","",""
"2021010385","1345","1","0","0","0","0","0","0","0","0","1","0","","67","7","2020","2","40.05775","-75.041417","","6","0","0","0","0","0","0","0","0","","0","0","0","13","1","3","","1","0","40 03:27.899","","0","75 02:29.102","8","0","0","0","67301","0","0","0","N","0","0","0","4","00000","0","","1.0","","1","","","N","0","","0","0","0","3","2","","1345","2","3","0","0","0","3","0","2","0","2","0","0","0","3","","","N","","","","","","","","","",""
"2020061091","1443","1","0","0","0","0","0","0","0","0","4","0","","67","7","2020","6","40.039458","-75.077435","1440","6","0","0","0","0","0","0","1","1","","0","0","0","14","1","3","","1","0","40 02:22.048","","0","75 04:38.765","3","0","0","0","67301","0","0","0","N","0","0","0","5","67301","0","","1.0","","1","N","N","N","0","","3","0","1","3","2","","1439","2","3","0","0","0","0","0","2","0","2","0","0","0","3","","","N","","","","","","","","","",""
"2021016361","1530","1","0","0","0","0","0","0","0","0","4","0","","67","9","2020","6","39.998137","-75.138861","","6","0","0","0","0","0","1","0","0","","0","0","0","15","1","1","","1","0","39 59:53.293","","0","75 08:19.899","8","0","0","0","67301","0","0","0","N","0","0","0","2","00000","0","","1.0","","1","","","N","0","","0","0","0","3","2","","1530","2","1","0","0","0","1","0","2","0","2","0","0","0","3","","","N","","","","","","","","","",""
"2021013328","2000","1","0","0","0","0","0","0","0","0","4","0","","67","1","2020","1","40.02773","-75.10997","","6","0","0","0","0","0","0","0","0","","0","0","0","20","1","1","","1","0","40 01:39.827","","0","75 06:35.893","8","0","0","0","67301","0","0","0","N","0","0","0","2","00000","0","","1.0","","1","","","N","0","","0","0","0","3","2","","2000","2","1","0","0","0","1","0","2","0","2","0","0","0","3","","","N","","","","","","","","","",""
"2021000324","1341","2","0","0","0","0","0","0","0","0","2","0","","67","12","2020","5","39.993448","-75.150779","1340","6","0","0","0","0","0","0","0","0","","0","0","0","13","1","2","","1","0","39 59:36.413","","0","75 09:02.806","3","0","0","0","67301","0","0","0","N","0","0","0","3","67301","0","","1.0","","1","N","N","N","0","","2","0","0","9","2","","1340","2","2","0","0","0","0","1","2","0","2","0","0","0","3","03","","N","","","","","","","","","",""
"2021003716","","2","0","0","0","0","0","0","0","0","4","0","","67","1","2020","5","40.045593","-75.071436","","6","0","1","0","0","0","0","0","0","","0","0","0","14","1","1","","1","0","40 02:44.136","","0","75 04:17.168","8","0","0","0","67301","0","0","0","N","0","0","0","2","00000","0","","1.0","","1","","","N","0","","0","0","0","3","3","","1400","2","1","0","0","0","1","0","2","0","2","0","0","0","3","","","N","","","","","","","","","",""
"2021001874","","1","0","0","0","0","0","0","0","0","1","0","","67","4","2020","1","39.956786","-75.138583","","6","0","0","0","0","0","0","0","0","","0","0","0","15","1","1","","2","0","39 57:24.429","","0","75 08:18.900","8","0","0","0","67301","0","0","0","N","0","0","0","2","00000","0","","1.0","","1","","","N","0","","0","0","0","3","2","","1555","2","1","0","0","0","1","0","2","0","2","0","0","0","3","","","N","","","","","","","","","",""
"2021001065","1230","3","0","0","0","0","0","0","0","0","1","0","","67","12","2020","5","40.014518","-75.131119","1223","6","0","0","0","0","0","0","0","0","","0","0","0","12","1","1","","1","0","40 00:52.264","","0","75 07:52.028","4","0","0","0","67301","0","0","0","N","0","0","0","3","67301","1","","1.0","","9","N","N","Y","0","","0","0","0","3","5","","1210","3","1","2","0","0","0","1","2","0","3","0","0","0","4","07","","N","","","","","","","","","",""
"2021011685","2350","1","0","0","0","0","0","0","0","0","3","0","","67","7","2020","6","39.944888","-75.229078","","6","0","0","0","0","0","0","0","0","","0","0","0","23","1","3","","1","0","39 56:41.596","","0","75 13:44.680","8","0","0","0","67301","0","0","0","N","0","0","0","4","00000","0","","1.0","","1","","","N","0","","0","0","0","0","0","","2350","2","3","0","0","0","3","0","2","0","2","0","0","0","3","","","N","","","","","","","","","",""
"2021013421","1115","0","0","0","0","0","0","0","0","0","1","0","","67","8","2020","7","40.021866","-75.04008","","6","0","0","0","0","0","0","1","0","","0","0","0","11","1","1","","1","0","40 01:18.716","","2","75 02:24.287","8","0","0","0","67301","0","0","0","N","0","0","0","2","00000","0","","1.0","","1","","","N","0","","0","0","1","3","2","","1115","2","1","0","0","0","1","0","2","0","2","0","0","0","3","","","N","","","","","","","","","",""
"2021002652","","0","0","0","0","0","0","0","0","0","6","0","","67","4","2020","5","40.063333","-75.2005","","6","0","0","0","0","0","0","0","0","","0","0","0","18","1","1","N","0","0","40 03:48.000","","0","75 12:01.800","8","0","0","0","67301","0","0","0","N","0","0","0","2","00000","0","","1.0","","1","","","N","1","","0","0","1","0","0","","1828","2","1","0","0","0","1","0","2","0","2","0","0","0","3","","","N","","","","","","","","","",""
"2021003718","2230","2","0","0","0","0","0","0","0","0","6","0","","67","3","2020","4","40.012194","-75.204639","","6","0","0","0","0","0","0","0","0","","0","0","0","22","3","0","","3","0","40 00:43.900","","2","75 12:16.700","0","0","0","0","67301","0","0","0","N","0","0","0","2","00000","0","","1.0","","1","","","N","0","","0","0","0","0","0","","2230","2","0","0","0","0","0","0","2","0","2","0","0","0","3","","","N","","","","","","","","","",""
"2021002693","1011","1","0","0","0","0","0","0","0","0","7","0","","67","12","2020","5","39.957216","-75.156919","1008","6","0","0","0","1","0","0","0","0","","0","0","0","10","1","1","N","0","1","39 57:25.977","4","0","75 09:24.908","8","0","0","0","67301","0","0","0","N","0","0","0","1","68K01","0","","3.0","1035.0","9","N","N","N","0","","0","0","0","3","8","N","1007","1","1","0","0","0","1","0","2","0","1","0","0","0","7","","","N","","","","","","","","","",""
"2021011201","1600","1","0","0","0","0","0","0","0","0","5","0","","67","6","2020","5","39.970344","-75.146551","","6","0","0","0","0","0","1","0","0","","0","0","0","16","1","1","","1","0","39 58:13.238","","0","75 08:47.584","8","0","0","0","67301","0","0","0","N","0","0","0","2","00000","0","","1.0","","1","","","N","0","","0","0","1","3","2","","1600","2","1","0","0","0","1","0","2","0","2","0","0","0","3","","","N","","","","","","","","","",""
"2021014192","1536","2","0","0","0","0","0","0","0","0","4","0","","67","9","2020","3","40.004314","-75.128004","1536","6","0","0","0","0","0","1","0","0","","0","0","0","15","1","2","","1","0","40 00:15.530","","0","75 07:40.814","3","0","0","0","67301","0","0","0","N","0","0","0","3","67301","0","","1.0","","1","N","N","Y","0","","2","0","0","3","2","","1520","2","2","0","0","0","0","0","2","0","2","0","0","0","3","03","","N","","","","","","","","","",""
"2021023522","2040","1","0","0","0","0","0","0","0","0","4","0","","67","12","2020","1","40.036981","-75.178493","","6","0","0","0","0","0","0","0","0","","0","0","0","20","1","1","","2","0","40 02:13.131","","0","75 10:42.574","8","0","0","0","67301","0","0","0","N","0","0","0","2","00000","0","","1.0","","1","","","N","0","","0","0","1","3","3","","2040","2","1","0","0","0","1","0","2","0","2","0","0","0","3","","","N","","","","","","","","","",""
"2021009215","1100","3","0","0","0","0","0","0","0","0","4","0","","67","7","2020","2","39.940504","-75.218948","1100","6","0","0","0","0","0","1","1","0","","1","0","0","11","1","2","","1","2","39 56:25.815","7","0","75 13:08.211","1","0","0","0","67301","0","0","0","N","0","0","0","3","67301","0","2","1.0","1300.0","1","N","N","N","0","0","0","2","1","3","2","Y","1100","4","2","1","0","1","0","0","2","0","4","0","0","0","3","03","","N","","","","","","","","","",""
"2021009544","1410","1","0","0","0","0","0","0","0","0","2","0","","67","11","2020","1","40.006726","-75.123542","1400","6","0","0","0","0","0","0","0","0","","0","0","0","13","1","0","N","0","0","40 00:24.215","","0","75 07:24.751","0","0","0","0","67301","0","0","0","N","0","0","0","1","67301","0","","1.0","","1","N","N","N","0","","0","0","0","3","2","","1350","2","0","0","0","0","0","0","2","0","2","0","0","0","3","03","","N","","","","","","","","","",""
"2021002488","1105","1","0","0","0","0","0","0","0","0","5","1","","67","12","2020","2","39.890829","-75.239005","1049","6","0","0","0","0","0","0","0","0","","0","1","0","10","1","0","N","0","0","39 53:26.986","","0","75 14:20.418","0","0","0","0","67301","0","0","0","N","0","0","0","2","68K01","0","","2.0","","1","N","N","N","0","","0","0","0","0","0","","1046","2","0","0","0","0","0","0","2","0","2","0","0","0","3","","","N","","","","","","","","","",""
"2021001188","1017","1","0","0","0","0","0","0","0","0","7","0","","67","12","2020","6","39.981142","-75.206755","1014","6","0","0","0","0","0","0","0","0","","0","0","0","10","1","4","N","0","0","39 58:52.112","","0","75 12:24.318","8","0","0","0","67301","0","0","0","N","0","0","0","4","68K01","0","","4.0","","8","N","N","N","0","","0","0","0","0","0","","1014","1","4","4","0","0","4","0","2","0","1","0","0","0","7","07","","N","","","","","","","","","",""
"2021014610","1800","1","0","0","0","0","0","0","0","0","5","0","","67","10","2020","4","39.990527","-75.205023","","6","0","0","0","0","0","0","0","0","","0","0","0","18","1","1","N","0","0","39 59:25.898","","0","75 12:18.084","8","0","0","0","67301","0","0","0","N","0","0","0","2","00000","0","","1.0","","1","","","N","0","","0","0","0","0","0","","1800","2","1","0","0","0","1","0","2","0","2","0","0","0","3","","","N","","","","","","","","","",""
"2021002296","","1","0","0","0","0","0","0","0","0","4","0","","67","3","2020","5","40.043906","-75.078573","","6","0","0","0","0","0","0","0","0","","0","0","0","20","1","1","","1","0","40 02:38.062","","0","75 04:42.861","8","0","0","0","67301","0","0","0","N","0","0","0","2","00000","0","","1.0","","1","","","N","0","","0","0","1","3","3","","2030","2","1","0","0","0","1","0","2","0","2","0","0","0","3","","","N","","","","","","","","","",""
"2021003933","1430","1","0","0","0","0","0","0","0","0","1","0","","67","12","2020","5","39.962781","-75.183238","1430","6","0","0","0","0","0","0","0","0","","0","0","0","13","1","1","N","0","0","39 57:46.012","","0","75 10:59.656","4","0","0","0","67301","0","0","0","N","0","0","0","4","68K01","1","","1.0","","1","N","N","N","0","","0","0","1","0","0","","1359","2","1","0","0","0","0","0","2","0","2","0","0","0","3","03","","N","","","","","","","","","",""
"2020071420","1153","0","0","0","0","0","0","0","0","0","1","0","","67","9","2020","3","40.031994","-75.155333","1149","6","0","0","0","0","0","0","0","0","","0","0","0","10","1","1","N","0","0","40 01:55.180","","0","75 09:19.200","4","0","0","0","67301","0","0","0","N","0","0","0","2","67301","1","","1.0","","1","N","N","N","0","","0","0","1","0","0","","1048","3","1","0","0","0","0","0","2","1","3","0","0","0","3","03","","N","","","","","","","","","",""
"2020112394","2115","1","0","0","0","0","0","0","0","0","1","0","","67","12","2020","6","40.13196","-75.012084","2112","6","0","0","0","0","0","2","0","0","","0","0","0","21","3","1","N","0","1","40 07:55.057","2","0","75 00:43.502","8","0","0","0","67301","0","0","0","N","0","0","0","3","67301","0","","1.0","2130.0","1","N","N","N","1","","0","0","0","0","0","N","2110","2","1","0","0","0","1","0","2","0","2","0","0","0","3","","","N","","","","","","","","","",""
"2021018412","1624","1","0","0","0","0","0","0","0","0","1","0","","67","3","2020","4","","","","6","0","0","0","0","0","0","0","0","","0","0","0","16","1","1","Y","0","0","","","0","","8","0","0","0","67301","0","0","0","N","0","0","0","2","00000","0","","1.0","","1","","","N","0","","0","0","1","3","2","","1624","2","1","0","0","0","1","0","1","0","2","0","0","0","3","","","N","","","","","","","","","",""
"2021002723","1400","0","0","0","0","0","0","0","0","0","5","0","","67","5","2020","4","39.963213","-75.167132","","6","0","0","0","0","0","2","0","0","","0","0","0","14","1","0","N","0","0","39 57:47.565","","0","75 10:01.676","0","0","0","0","67301","0","0","0","N","0","0","0","2","00000","0","","1.0","","1","","","N","0","","0","0","1","0","0","","1400","2","0","0","0","0","0","0","2","1","2","0","0","0","3","","","N","","","","","","","","","",""
"2021000241","1657","1","0","0","0","0","0","0","0","0","4","1","","67","12","2020","5","40.131656","-75.0122","1630","6","0","0","0","0","0","0","1","0","","0","0","0","16","3","0","","1","1","40 07:53.962","3","0","75 00:43.919","0","0","0","0","67301","0","0","0","N","0","0","0","2","67301","0","","1.0","1835.0","9","N","N","N","1","","0","0","0","3","2","N","1619","2","0","0","0","0","0","0","2","0","2","0","0","0","4","07","","N","","","","","","","","","",""
"2021014616","1238","1","0","0","0","0","0","0","0","0","1","0","","67","9","2020","2","39.932245","-75.216408","","6","0","0","0","0","0","1","0","0","","0","0","0","12","1","1","N","0","0","39 55:56.081","","0","75 12:59.070","8","0","0","0","67301","0","0","0","N","0","0","0","2","00000","0","","1.0","","1","","","N","0","","0","0","0","0","0","","1238","2","1","0","0","0","1","0","2","1","2","0","0","0","3","","","N","","","","","","","","","",""
"2021034555","1803","0","0","0","0","0","0","0","0","0","5","0","","67","5","2020","4","40.027732","-75.061017","1803","6","0","0","0","0","0","0","0","0","","0","0","0","18","1","0","N","0","0","40 01:39.835","","0","75 03:39.660","0","0","0","0","67301","0","0","0","N","0","0","0","1","67301","0","","6.0","","1","N","N","Y","1","","0","0","1","0","0","","1803","2","0","0","0","0","0","0","2","0","2","0","0","0","4","03","","N","","","","","","","","","",""
"2021010376","1500","0","0","0","0","0","0","0","0","0","5","0","","67","7","2020","5","39.947333","-75.166417","","6","0","0","0","0","0","0","0","0","","0","0","0","15","1","1","N","0","0","39 56:50.400","","0","75 09:59.100","8","0","0","1","67301","0","0","0","N","0","0","0","2","00000","0","","1.0","","1","","","N","0","","0","0","0","0","0","","1500","2","1","0","0","0","1","0","2","0","2","0","0","0","3","","","N","","","","","","","","","",""
"2021002235","","1","0","0","0","0","0","0","0","0","4","0","","67","4","2020","7","39.970359","-75.16055","","6","0","0","0","0","0","1","0","0","","0","0","0","21","1","0","","1","0","39 58:13.292","","0","75 09:37.979","0","0","0","0","67301","0","0","0","N","0","0","0","2","00000","0","","1.0","","1","","","N","0","","0","0","0","3","3","","2145","2","0","0","0","0","0","0","2","0","2","0","0","0","3","","","N","","","","","","","","","",""
"2021009594","0039","2","0","0","0","0","0","0","0","0","4","0","","67","12","2020","5","39.882936","-75.244832","0039","6","0","0","0","0","0","2","0","0","","0","0","0","0","3","1","N","0","0","39 52:58.570","","0","75 14:41.396","4","0","0","0","67301","0","0","0","Y","0","0","0","2","68K02","1","","1.0","","1","N","N","N","0","","0","0","0","0","0","","39","2","1","0","0","0","0","0","2","0","2","0","0","0","3","03","","N","","","","","","","","","",""
"2021000088","1807","2","0","0","0","0","0","0","0","0","1","0","","67","12","2020","5","40.027194","-75.151242","1748","6","0","0","0","0","0","0","0","0","","0","0","0","17","3","2","","1","0","40 01:37.898","","0","75 09:04.471","8","0","0","0","67301","0","0","0","N","0","0","0","3","67301","0","","1.0","","9","N","N","N","0","","0","0","0","3","2","","1731","2","2","0","0","0","2","0","2","0","2","0","0","0","7","03","","N","","","","","","","","","",""
"2021007102","0159","2","0","0","0","0","0","0","0","0","7","0","","67","12","2020","6","39.983158","-75.207985","0153","6","0","1","0","0","0","0","0","0","","0","0","0","1","3","2","N","0","2","39 58:59.369","4","0","75 12:28.746","8","0","0","0","67301","0","0","0","N","0","0","0","4","68K01","0","","3.0","220.0","9","N","N","N","0","","0","0","0","0","0","N","150","2","2","2","0","0","2","0","2","0","2","0","0","0","7","","","N","","","","","","","","","",""
"2021018481","1600","0","0","0","0","0","0","0","0","0","1","0","","67","12","2020","4","39.96448","-75.182556","","6","0","0","0","0","0","0","0","0","","0","0","0","16","1","1","Y","0","0","39 57:52.128","","3","75 10:57.203","8","0","0","0","67301","0","0","0","N","0","0","0","2","00000","0","","1.0","","1","","","N","0","","0","0","1","3","2","","1600","2","1","0","0","0","1","0","2","0","2","0","0","0","3","","","N","","","","","","","","","",""
"2021000455","1510","1","0","0","0","0","0","0","0","0","5","0","","67","12","2020","5","39.961001","-75.174854","1509","6","0","0","0","0","0","0","1","0","","0","0","0","14","1","0","N","0","0","39 57:39.604","","0","75 10:29.475","0","0","0","0","67301","0","0","0","N","0","0","0","5","67301","0","","1.0","","9","N","N","N","0","","0","0","1","0","0","","1439","2","0","0","0","0","0","0","2","0","2","0","0","0","4","04","","N","","","","","","","","","",""
"2021011690","0136","0","0","0","0","0","0","0","0","0","1","0","","67","9","2020","1","39.980979","-75.175711","","6","0","0","0","0","0","0","0","0","","0","0","0","1","3","1","","1","0","39 58:51.524","","0","75 10:32.559","8","0","0","0","67301","0","0","0","N","0","0","0","2","00000","0","","1.0","","1","","","N","0","","0","0","0","3","2","","135","2","1","0","0","0","1","0","2","0","2","0","0","0","3","","","N","","","","","","","","","",""
"2021013426","1630","2","0","0","0","0","0","0","0","0","4","0","","67","6","2020","7","40.019014","-75.16008","","6","0","0","0","0","1","0","0","0","","0","0","0","16","1","1","","2","0","40 01:08.450","","0","75 09:36.287","8","0","0","0","67301","0","0","0","N","0","0","0","2","00000","0","","1.0","","1","","","N","0","","0","0","0","3","3","","1630","2","1","0","0","0","1","0","2","0","2","0","0","0","3","","","N","","","","","","","","","",""
"2021023517","1800","1","0","0","0","0","0","0","0","0","1","0","","67","11","2020","2","","","","6","0","0","0","0","0","1","0","0","","0","0","0","18","1","1","N","0","0","","","0","","8","0","0","0","67301","0","0","0","N","0","0","0","2","00000","0","","1.0","","1","","","N","0","","0","0","1","0","0","","1800","2","1","0","0","0","1","0","1","0","2","0","0","0","3","","","N","","","","","","","","","",""
"2021002653","1530","2","0","0","0","0","0","0","0","0","1","0","","67","5","2020","3","40.062032","-75.137224","","6","0","0","0","0","0","0","0","0","","0","0","0","15","1","1","N","0","0","40 03:43.314","","0","75 08:14.008","8","0","0","0","67301","0","0","0","N","0","0","0","2","00000","0","","1.0","","1","","","N","0","","0","0","0","3","2","","1530","2","1","0","0","0","1","0","2","0","2","0","0","0","3","","","N","","","","","","","","","",""
"2021013266","1930","0","0","0","0","0","0","0","0","0","1","0","","67","8","2020","4","39.933477","-75.215566","","6","0","0","0","0","0","0","0","0","","0","0","0","19","1","1","","3","0","39 56:00.517","","0","75 12:56.036","8","0","0","0","67301","0","0","0","N","0","0","0","4","00000","0","","1.0","","1","","","N","0","","0","0","1","3","2","","1930","2","1","0","0","0","1","0","2","0","2","0","0","0","3","","","N","","","","","","","","","",""