"CRN","ARRIVAL_TM","AUTOMOBILE_COUNT","BELTED_DEATH_COUNT","BELTED_SUSP_SERIOUS_INJ_COUNT","BICYCLE_COUNT","BICYCLE_DEATH_COUNT","BICYCLE_SUSP_SERIOUS_INJ_COUNT","BUS_COUNT","CHLDPAS_DEATH_COUNT","CHLDPAS_SUSP_SERIOUS_INJ_COUNT","COLLISION_TYPE","COMM_VEH_COUNT","CONS_ZONE_SPD_LIM","COUNTY","CRASH_MONTH","CRASH_YEAR","DAY_OF_WEEK","DEC_LATITUDE","DEC_LONGITUDE","DISPATCH_TM","DISTRICT","DRIVER_COUNT_16YR","DRIVER_COUNT_17YR","DRIVER_COUNT_18YR","DRIVER_COUNT_19YR","DRIVER_COUNT_20YR","DRIVER_COUNT_50_64YR","DRIVER_COUNT_65_74YR","DRIVER_COUNT_75PLUS","EST_HRS_CLOSED","FATAL_COUNT","HEAVY_TRUCK_COUNT","HORSE_BUGGY_COUNT","HOUR_OF_DAY","ILLUMINATION","INJURY_COUNT","INTERSECTION_RELATED","INTERSECT_TYPE","LANE_CLOSED","LATITUDE","LN_CLOSE_DIR","LOCATION_TYPE","LONGITUDE","MAX_SEVERITY_LEVEL","MCYCLE_DEATH_COUNT","MCYCLE_SUSP_SERIOUS_INJ_COUNT","MOTORCYCLE_COUNT","MUNICIPALITY","NONMOTR_COUNT","NONMOTR_DEATH_COUNT","NONMOTR_SUSP_SERIOUS_INJ_COUNT","NTFY_HIWY_MAINT","PED_COUNT","PED_DEATH_COUNT","PED_SUSP_SERIOUS_INJ_COUNT","PERSON_COUNT","POLICE_AGCY","POSSIBLE_INJ_COUNT","RDWY_SURF_TYPE_CD","RELATION_TO_ROAD","ROADWAY_CLEARED","ROAD_CONDITION","SCH_BUS_IND","SCH_ZONE_IND","SECONDARY_CRASH","SMALL_TRUCK_COUNT","SPEC_JURIS_CD","SUSP_MINOR_INJ_COUNT","SUSP_SERIOUS_INJ_COUNT","SUV_COUNT","TCD_FUNC_CD","TCD_TYPE","TFC_DETOUR_IND","TIME_OF_DAY","TOTAL_UNITS","TOT_INJ_COUNT","UNBELTED_OCC_COUNT","UNB_DEATH_COUNT","UNB_SUSP_SERIOUS_INJ_COUNT","UNK_INJ_DEG_COUNT","UNK_INJ_PER_COUNT","URBAN_RURAL","VAN_COUNT","VEHICLE_COUNT","VULNERABLE_ROAD_USER_COUNT","VULNERABLE_ROAD_USER_DEATH_COUNT","VULNERABLE_ROAD_USER_SER_INJ_COUNT","WEATHER1","WEATHER2","WORKERS_PRES","WORK_ZONE_IND","WORK_ZONE_LOC","WORK_ZONE_TYPE","WZ_CLOSE_DETOUR","WZ_FLAGGER","WZ_LAW_OFFCR_IND","WZ_LN_CLOSURE","WZ_MOVING","WZ_OTHER","WZ_SHLDER_MDN","WZ_WORKERS_INJ_KILLED"
"2021006509","1540","1","0","0","0","0","0","0","0","0","1","0","","67","6","2020","2","39.956857","-75.154975","","6","0","0","0","0","0","0","0","0","","0","0","0","15","1","1","N","0","0","39 57:24.685","","0","75 09:17.909","8","0","0","0","67301","0","0","0","N","0","0","0","2","00000","0","","1.0","","1","","","N","0","","0","0","0","0","0","","1540","2","1","0","0","0","1","0","2","1","2","0","0","0","3","","","N","","","","","","","","","",""
"2021016378","0800","2","0","0","0","0","0","0","0","0","4","0","","67","11","2020","6","39.994631","-75.094531","","6","0","0","0","0","0","1","0","0","","0","0","0","8","1","0","","1","0","39 59:40.673","","0","75 05:40.311","0","0","0","0","67301","0","0","0","N","0","0","0","3","00000","0","","1.0","","1","","","N","0","","0","0","1","3","2","","800","3","0","0","0","0","0","0","2","0","3","0","0","0","3","","","N","","","","","","","","","",""
"2021014601","2230","2","0","0","0","0","0","0","0","0","5","0","","67","10","2020","4","39.962056","-75.216278","","6","0","0","0","0","0","1","0","0","","0","0","0","22","3","1","N","0","0","39 57:43.400","","0","75 12:58.600","8","0","0","0","67301","0","0","0","N","0","0","0","2","00000","0","","1.0","","1","","","N","0","","0","0","0","0","0","","2230","2","1","0","0","0","1","0","2","0","2","0","0","0","3","","","N","","","","","","","","","",""
"2021000377","1308","4","0","0","0","0","0","0","0","0","5","0","","67","12","2020","3","39.97898","-75.118529","1305","6","0","0","0","0","0","1","0","0","","0","0","0","12","1","1","N","0","0","39 58:44.328","","0","75 07:06.706","8","0","0","0","67301","0","0","0","N","0","0","0","3","67301","0","","1.0","","1","N","N","N","0","","0","0","0","9","8","","1252","4","1","0","0","0","1","0","2","0","4","0","0","0","3","","","N","","","","","","","","","",""
"2021018380","1330","2","0","0","0","0","0","0","0","0","4","0","","67","11","2020","2","40.010074","-75.157612","","6","0","0","0","0","0","0","1","0","","0","0","0","13","1","2","","1","0","40 00:36.265","","0","75 09:27.402","8","0","0","0","67301","0","0","0","N","0","0","0","2","00000","0","","1.0","","1","","","N","0","","0","0","0","3","2","","1330","2","2","0","0","0","2","0","2","0","2","0","0","0","3","","","N","","","","","","","","","",""
"2021016422","1850","0","0","0","0","0","0","0","0","0","1","0","","67","11","2020","3","39.995127","-75.083421","","6","0","0","0","0","0","0","0","0","","0","0","0","18","1","1","N","0","0","39 59:42.458","","0","75 05:00.315","8","0","0","0","67301","0","0","0","N","0","0","0","3","00000","0","","1.0","","1","","","N","0","","0","0","2","0","0","","1850","3","1","0","0","0","1","0","2","0","3","0","0","0","3","","","N","","","","","","","","","",""
"2021000928","2050","1","0","0","0","0","0","0","0","0","4","0","","67","12","2020","5","40.01073","-75.162679","2044","6","0","0","0","0","0","0","0","0","","0","0","0","20","3","1","","1","0","40 00:38.629","","0","75 09:45.643","3","0","0","0","67301","0","0","0","N","0","0","0","2","67301","0","","1.0","","1","N","N","N","1","","1","0","1","3","3","","2035","3","1","0","0","0","0","1","2","0","3","0","0","0","3","","","N","","","","","","","","","",""
"2021005946","2318","0","0","0","0","0","0","0","0","0","4","0","","67","12","2020","5","40.033998","-75.074369","2315","6","0","0","1","0","0","1","0","0","","0","0","0","23","3","2","","1","1","40 02:02.392","1","0","75 04:27.730","3","0","0","0","67301","0","0","0","N","0","0","0","3","67301","0","","1.0","30.0","7","N","N","N","0","","2","0","0","3","2","N","2313","2","2","0","0","0","0","0","2","2","2","0","0","0","10","10","","N","","","","","","","","","",""
"2021013432","0800","0","0","0","0","0","0","0","0","0","1","0","","67","9","2020","3","","","","6","0","0","0","0","0","0","2","0","","0","0","0","8","1","1","","1","0","","","0","","8","0","0","0","67301","0","0","0","N","0","0","0","2","00000","0","","1.0","","1","","","N","0","","0","0","1","9","9","","800","2","1","0","0","0","1","0","1","0","2","0","0","0","3","","","N","","","","","","","","","",""
"2021003427","0950","0","0","0","0","0","0","2","0","0","7","2","","67","12","2020","2","39.952648","-75.165745","0945","6","0","0","0","0","0","1","0","0","","0","0","0","9","1","10","Y","0","1","39 57:09.531","3","0","75 09:56.682","4","0","0","0","67301","0","0","0","N","0","0","0","10","67508","10","","4.0","9999.0","9","N","N","Y","0","","0","0","0","3","2","N","945","2","10","0","0","0","0","0","2","0","2","0","0","0","7","07","","N","","","","","","","","","",""
"2021009357","1150","3","0","0","0","0","0","0","0","0","2","0","","67","11","2020","7","39.964094","-75.2324","1145","6","0","0","0","0","0","1","0","0","","0","0","0","11","1","0","N","0","2","39 57:50.740","4","0","75 13:56.640","0","0","0","0","67301","0","0","0","N","0","0","0","4","67301","0","","4.0","210.0","1","N","N","N","0","","0","0","1","0","0","Y","1130","4","0","2","0","0","0","0","2","0","4","0","0","0","3","03","","N","","","","","","","","","",""
"2021072640","0325","1","0","0","0","0","0","0","0","0","1","0","","67","11","2020","3","40.025178","-75.125421","0314","6","0","0","0","0","0","0","0","0","","0","0","0","2","3","2","","1","0","40 01:30.639","","0","75 07:31.514","3","0","0","0","67301","0","0","0","N","0","0","0","3","67301","1","","1.0","","1","N","N","N","0","","1","0","0","3","2","","252","2","2","3","0","0","0","0","2","1","2","0","0","0","3","03","","N","","","","","","","","","",""
"2021013320","0000","1","0","0","0","0","0","0","0","0","7","0","","67","10","2020","2","40.052903","-75.12157","","6","0","0","0","0","0","0","0","0","","0","0","0","0","2","0","N","0","0","40 03:10.449","","0","75 07:17.653","0","0","0","0","67301","0","0","0","N","0","0","0","1","00000","0","","1.0","","1","","","N","0","","0","0","0","0","0","","0","1","0","0","0","0","0","0","2","0","1","0","0","0","3","","","N","","","","","","","","","",""
"2021014836","1216","1","0","0","0","0","0","0","0","0","4","0","","67","11","2020","4","39.967336","-75.245842","1216","6","0","0","0","0","0","0","0","0","","0","0","0","12","1","2","","1","0","39 58:02.410","","0","75 14:45.030","4","0","0","0","67301","0","0","0","N","0","0","0","5","67301","2","","1.0","","9","N","N","N","0","","0","0","1","3","2","","1216","2","2","0","0","0","0","0","2","0","2","0","0","0","4","04","","N","","","","","","","","","",""
"2021010729","0825","1","0","0","0","0","0","0","0","0","1","0","99","67","7","2020","5","40.019804","-75.148705","","6","0","0","0","0","0","1","0","0","","0","0","0","8","1","1","N","0","0","40 01:11.296","","1","75 08:55.339","8","0","0","0","67301","0","0","0","N","0","0","0","2","00000","0","","1.0","","1","","","N","0","","0","0","1","0","0","","825","2","1","0","0","0","1","0","2","0","2","0","0","0","3","","N","Y","2","1","","","N","Y","","","","N"
"2021013312","1130","0","0","0","0","0","0","0","0","0","1","0","","67","8","2020","5","40.010079","-75.166527","","6","0","0","0","0","0","0","0","0","","0","0","0","11","1","2","Y","0","0","40 00:36.286","","0","75 09:59.498","8","0","0","0","67301","0","0","0","N","0","0","0","3","00000","0","","1.0","","1","","","N","0","","0","0","2","3","2","","1130","2","2","0","0","0","2","0","2","0","2","0","0","0","3","","","N","","","","","","","","","",""
"2021002250","","2","0","0","0","0","0","0","0","0","1","0","","67","2","2020","6","39.945139","-75.161658","","6","0","0","0","0","0","0","0","0","","0","0","0","20","1","1","N","0","0","39 56:42.500","","0","75 09:41.970","8","0","0","0","67301","0","0","0","N","0","0","0","2","00000","0","","1.0","","1","","","N","0","","0","0","0","0","0","","2030","2","1","0","0","0","1","0","2","0","2","0","0","0","3","","","N","","","","","","","","","",""
"2021001882","","1","0","0","0","0","0","0","0","0","4","0","","67","2","2020","3","40.024274","-75.130411","","6","0","0","0","0","0","0","0","0","","0","0","0","15","1","1","","1","0","40 01:27.386","","0","75 07:49.479","8","0","0","0","67301","0","0","0","N","0","0","0","3","00000","0","","1.0","","1","","","N","0","","0","0","1","3","2","","1530","3","1","0","0","0","1","0","2","0","3","0","0","0","3","","","N","","","","","","","","","",""
"2021002115","1945","2","0","0","0","0","0","0","0","0","5","0","","67","12","2020","5","39.887034","-75.204863","1937","6","0","0","0","0","0","1","0","0","","0","0","0","19","3","0","N","0","1","39 53:13.324","1","3","75 12:17.506","0","0","0","0","67301","0","0","0","N","0","0","0","2","68K01","0","","1.0","100.0","1","N","N","N","0","","0","0","0","3","7","N","1936","2","0","0","0","0","0","0","2","0","2","0","0","0","3","","","N","","","","","","","","","",""
"2021001146","0327","0","0","0","0","0","0","0","0","0","7","0","","67","12","2020","7","39.918208","-75.147921","0316","6","0","0","0","1","0","0","0","0","","0","0","0","3","3","0","N","0","0","39 55:05.547","","0","75 08:52.514","0","0","0","0","67301","0","0","0","N","0","0","0","2","68K01","0","","4.0","","1","N","N","N","0","","0","0","1","0","0","","314","1","0","0","0","0","0","0","2","0","1","0","0","0","3","03","","N","","","","","","","","","",""
"2021001856","","1","0","0","0","0","0","0","0","0","1","0","","67","4","2020","6","","","","6","0","0","0","0","0","0","0","0","","0","0","0","12","1","2","N","0","0","","","0","","8","0","0","0","67301","0","0","0","N","0","0","0","2","00000","0","","1.0","","1","","","N","0","","0","0","1","0","0","","1200","2","2","0","0","0","2","0","1","0","2","0","0","0","3","","","N","","","","","","","","","",""
"2022079297","","1","0","0","0","0","0","0","0","0","1","0","","67","12","2020","4","","","","6","0","0","0","0","0","0","0","0","","0","0","0","20","2","1","N","0","0","","","0","","8","0","0","0","67301","0","0","0","N","0","0","0","3","00000","0","","1.0","","1","","","N","0","","0","0","0","0","0","","2009","2","1","0","0","0","1","0","1","0","2","0","0","0","3","","","N","","","","","","","","","",""
"2020101355","1150","1","0","0","0","0","0","0","0","0","2","0","","67","11","2020","2","39.957205","-75.155489","1145","6","0","0","0","0","0","1","0","0","","0","0","0","11","1","0","","1","0","39 57:25.938","","0","75 09:19.761","0","0","0","0","67301","0","0","0","N","0","0","0","2","67301","0","","1.0","","1","N","N","N","0","","0","0","1","3","2","","1135","2","0","1","0","0","0","0","2","0","2","0","0","0","3","03","","N","","","","","","","","","",""
"2020100537","1513","1","0","0","0","0","0","0","0","0","1","0","","67","11","2020","2","39.975836","-75.158419","1513","6","0","0","0","0","0","0","0","0","","0","0","0","15","1","2","N","1","0","39 58:33.009","","0","75 09:30.309","3","0","0","0","67301","0","0","0","N","0","0","0","5","67505","0","","1.0","","1","N","N","N","0","","1","0","1","3","2","","1500","2","2","1","0","0","1","0","2","0","2","0","0","0","3","03","","N","","","","","","","","","",""
"2020113267","0239","1","0","0","0","0","0","0","0","0","7","0","","67","12","2020","2","39.956575","-75.141483","0239","6","0","0","0","0","0","0","0","0","","0","0","0","2","3","0","N","0","2","39 57:23.669","1","0","75 08:29.338","0","0","0","0","67301","0","0","0","N","0","0","0","1","68K01","0","","4.0","0.0","1","N","N","N","0","","0","0","0","0","0","N","231","1","0","0","0","0","0","0","2","0","1","0","0","0","3","03","","N","","","","","","","","","",""
"2021016347","1240","2","0","0","0","0","0","0","0","0","4","0","","67","10","2020","7","39.966238","-75.137009","","6","0","0","0","0","0","0","0","0","","0","0","0","12","1","0","","1","0","39 57:58.456","","0","75 08:13.232","0","0","0","0","67301","0","0","0","N","0","0","0","2","00000","0","","1.0","","1","","","N","0","","0","0","0","3","3","","1240","2","0","0","0","0","0","0","2","0","2","0","0","0","3","","","N","","","","","","","","","",""
"2021014553","2104","0","0","0","0","0","0","0","0","0","1","0","","67","9","2020","7","40.021617","-75.162583","","6","0","0","0","0","0","0","0","0","","0","0","0","21","1","2","Y","0","0","40 01:17.822","","0","75 09:45.299","8","0","0","0","67301","0","0","0","N","0","0","0","4","00000","0","","1.0","","1","","","N","1","","0","0","1","3","2","","2104","2","2","0","0","0","2","0","2","0","2","0","0","0","3","","","N","","","","","","","","","",""
"2021002312","2010","2","0","0","0","0","0","0","0","0","1","0","","67","11","2020","4","39.985719","-75.093438","2004","6","0","0","0","0","0","0","0","0","","0","0","0","20","6","2","N","0","1","39 59:08.589","2","0","75 05:36.377","4","0","0","0","67301","0","0","0","N","0","0","0","2","68K01","2","","1.0","2115.0","1","N","N","N","0","","0","0","0","0","0","N","2003","2","2","0","0","0","0","0","2","0","2","0","0","0","3","","","N","","","","","","","","","",""
"2021016708","1430","1","0","0","0","0","0","0","0","0","4","0","","67","10","2020","2","40.054847","-75.168958","","6","0","0","0","0","0","1","0","0","","0","0","0","14","1","1","","1","0","40 03:17.448","","0","75 10:08.247","8","0","0","0","67301","0","0","0","N","0","0","0","2","00000","0","","1.0","","1","","","N","0","","0","0","1","3","2","","1430","2","1","0","0","0","1","0","2","0","2","0","0","0","3","","","N","","","","","","","","","",""
"2021002973","2115","1","0","0","0","0","0","0","0","0","4","0","","67","12","2020","5","39.909031","-75.241894","2017","6","0","0","0","0","0","1","0","0","","0","0","0","20","3","1","","2","0","39 54:32.511","","0","75 14:30.820","4","0","0","0","67301","0","0","0","N","0","0","0","2","67301","1","","1.0","","1","N","N","N","0","","0","0","0","9","2","","2015","2","1","0","0","0","0","1","2","0","2","0","0","0","3","","","N","","","","","","","","","",""
"2021011755","1245","2","0","0","0","0","0","0","0","0","1","0","","67","9","2020","4","40.007648","-75.190421","","6","0","0","0","0","0","0","0","0","","0","0","0","12","1","1","Y","0","0","40 00:27.533","","0","75 11:25.517","8","0","0","0","67301","0","0","0","N","0","0","0","2","00000","0","","1.0","","1","","","N","0","","0","0","0","3","2","","1245","2","1","0","0","0","1","0","2","0","2","0","0","0","3","","","N","","","","","","","","","",""
"2021023527","1350","0","0","0","0","0","0","0","0","0","1","0","","67","11","2020","1","39.926988","-75.243496","","6","0","0","0","0","0","0","0","0","","0","0","0","13","1","1","","3","0","39 55:37.155","","0","75 14:36.586","8","0","0","0","67301","0","0","0","N","0","0","0","3","00000","0","","1.0","","1","","","N","0","","0","0","0","3","3","","1350","2","1","0","0","0","1","0","2","0","2","0","0","0","3","","","N","","","","","","","","","",""
"2021002654","2300","1","0","0","0","0","0","0","0","0","5","0","","67","5","2020","7","39.989918","-75.205806","","6","0","0","0","0","0","0","0","0","","0","0","0","23","3","2","N","0","0","39 59:23.704","","0","75 12:20.900","8","0","0","0","67301","0","0","0","N","0","0","0","3","00000","0","","1.0","","1","","","N","0","","0","0","0","0","0","","2300","2","2","0","0","0","2","0","2","0","2","0","0","0","3","","","N","","","","","","","","","",""
"2020094294","1805","1","0","0","0","0","0","0","0","0","4","0","","67","11","2020","4","39.939171","-75.191658","1755","6","0","0","0","0","0","0","0","0","","0","0","0","17","3","2","","2","0","39 56:21.015","","0","75 11:29.968","3","0","0","0","67301","0","0","0","N","0","0","0","3","67301","1","","1.0","","1","N","N","N","0","","1","0","1","3","2","","1750","2","2","0","0","0","0","0","2","0","2","0","0","0","3","03","","N","","","","","","","","","",""
"2020097144","0107","2","0","0","0","0","0","0","0","0","5","0","35","67","11","2020","4","39.911611","-75.166194","0104","6","0","0","0","0","0","0","0","0","","0","0","0","1","3","0","N","0","0","39 54:41.800","","3","75 09:58.300","0","0","0","0","67301","0","0","0","N","0","0","0","2","67501","0","","1.0","","1","N","N","N","0","","0","0","0","0","0","","104","2","0","0","0","0","0","0","2","0","2","0","0","0","3","","N","Y","8","1","","","N","Y","","","","N"
"2020077114","2320","0","0","0","0","0","0","0","0","0","7","0","","67","9","2020","7","40.02673","-75.097199","2310","6","0","0","0","0","0","0","0","0","","0","0","0","23","3","0","N","0","0","40 01:36.229","","0","75 05:49.917","0","0","0","0","67301","0","0","0","N","0","0","0","1","67301","0","","3.0","","1","N","N","N","0","","0","0","1","0","0","","2300","1","0","0","0","0","0","0","2","0","1","0","0","0","3","03","","N","","","","","","","","","",""
"2020068360","1130","0","0","0","0","0","0","0","0","0","4","0","","67","8","2020","2","39.975646","-75.191913","1125","6","0","0","0","0","0","0","0","0","","0","0","0","11","1","0","","2","1","39 58:32.324","4","0","75 11:30.885","0","0","0","0","67301","0","0","0","N","0","0","0","3","67301","0","","1.0","1305.0","1","N","N","N","0","","0","0","2","0","0","N","1121","2","0","0","0","0","0","0","2","0","2","0","0","0","3","","","N","","","","","","","","","",""
"2020106650","1610","2","0","0","0","0","0","0","0","0","4","0","","67","12","2020","5","40.030204","-75.118458","1610","6","0","0","0","0","0","0","1","0","","0","0","0","17","6","0","","1","0","40 01:48.734","","0","75 07:06.449","0","0","0","0","67301","0","0","0","N","0","0","0","2","67301","0","","1.0","","99","N","N","N","0","","0","0","0","3","2","","1700","2","0","0","0","0","0","0","2","0","2","0","0","0","99","","","N","","","","","","","","","",""
"2021014592","2000","1","0","0","0","0","0","0","0","0","4","0","","67","1","2020","1","40.02773","-75.10997","","6","0","0","0","0","0","0","0","0","","0","0","0","20","1","1","","1","0","40 01:39.827","","0","75 06:35.893","8","0","0","0","67301","0","0","0","N","0","0","0","2","00000","0","","1.0","","1","","","N","0","","0","0","0","3","2","","2000","2","1","0","0","0","1","0","2","0","2","0","0","0","3","","","N","","","","","","","","","",""
"2021023524","2230","2","0","0","0","0","0","0","0","0","4","0","","67","12","2020","3","39.989102","-75.16541","","6","0","0","0","0","0","0","0","0","","0","0","0","22","3","2","","1","0","39 59:20.768","","0","75 09:55.475","8","0","0","0","67301","0","0","0","N","0","0","0","2","00000","0","","1.0","","1","","","N","0","","0","0","0","3","3","","2230","2","2","0","0","0","2","0","2","0","2","0","0","0","3","","","N","","","","","","","","","",""
"2021004479","2300","2","0","0","0","0","0","0","0","0","1","0","","67","6","2020","2","40.03942","-75.110156","","6","0","0","0","0","0","1","0","0","","0","0","0","23","3","1","Y","0","0","40 02:21.913","","0","75 06:36.561","8","0","0","0","67301","0","0","0","N","0","0","0","2","00000","0","","1.0","","1","","","N","0","","0","0","0","3","2","","2300","2","1","0","0","0","1","0","2","0","2","0","0","0","3","","","N","","","","","","","","","",""
"2020051299","1317","1","0","0","0","0","0","0","0","0","4","0","","67","6","2020","3","40.047769","-75.143372","1255","6","0","0","0","0","1","1","0","0","","0","0","0","12","1","3","N","0","0","40 02:51.970","","7","75 08:36.138","8","0","0","0","67301","0","0","0","N","0","0","0","4","67301","0","","1.0","","1","N","N","N","0","","0","0","1","0","0","","1210","2","3","0","0","0","3","1","2","0","2","0","0","0","3","03","","N","","","","","","","","","",""
"2020076446","0313","1","0","0","0","0","0","0","0","0","4","0","","67","9","2020","4","40.032724","-75.072201","0312","6","0","0","0","0","0","0","0","0","","0","0","0","3","3","1","","1","0","40 01:57.808","","0","75 04:19.924","8","0","0","0","67301","0","0","0","N","0","0","0","2","67301","0","","1.0","","1","N","N","N","0","","0","0","1","3","2","","312","2","1","0","0","0","1","0","2","0","2","0","0","0","3","03","","N","","","","","","","","","",""
"2020076641","1545","1","0","0","0","0","0","0","0","0","4","0","","67","9","2020","5","40.030129","-75.035161","1540","6","0","0","0","0","0","0","0","0","","0","0","0","15","1","0","","1","1","40 01:48.464","3","0","75 02:06.579","9","0","0","0","67301","0","0","0","N","0","0","0","3","67301","0","","1.0","1600.0","1","N","N","N","1","","0","0","0","3","2","N","1530","2","0","0","0","0","0","1","2","0","2","0","0","0","3","03","","N","","","","","","","","","",""
"2020073380","1730","2","0","0","0","0","0","0","0","0","4","0","","67","9","2020","3","39.989919","-75.184391","1726","6","0","0","1","0","0","0","0","0","","0","0","0","17","1","2","","1","0","39 59:23.708","","0","75 11:03.808","4","0","0","0","67301","0","0","0","N","0","0","0","5","67301","1","","1.0","","1","N","N","N","0","","0","0","1","3","2","","1719","3","2","1","0","0","1","0","2","0","3","0","0","0","3","03","","N","","","","","","","","","",""
"2020078390","1648","1","0","0","0","0","0","0","0","0","7","0","","67","9","2020","4","39.976576","-75.19883","1644","6","0","0","0","0","0","0","0","0","","0","0","0","16","1","1","N","0","2","39 58:35.673","3","8","75 11:55.788","4","0","0","0","67301","0","0","0","N","0","0","0","1","68K01","1","","4.0","1700.0","1","N","N","N","0","","0","0","0","0","0","N","1628","1","1","0","0","0","0","0","2","0","1","0","0","0","3","","","N","","","","","","","","","",""
"2020113446","2241","2","0","0","0","0","0","0","0","0","4","0","","67","12","2020","4","39.916124","-75.166261","2234","6","0","0","0","0","0","0","0","0","","0","0","0","22","3","1","","1","0","39 54:58.048","","0","75 09:58.540","3","0","0","0","67301","0","0","0","N","0","0","0","3","67301","0","","1.0","","1","N","N","N","1","","1","0","1","3","2","","2233","4","1","0","0","0","0","1","2","0","4","0","0","0","3","03","","N","","","","","","","","","",""
"2020104962","1400","0","0","0","0","0","0","0","0","0","1","0","","67","12","2020","7","39.988066","-75.133535","1400","6","0","0","0","0","0","0","0","0","","0","0","0","12","8","1","","1","0","39 59:17.037","","0","75 08:00.725","3","0","0","0","67301","0","0","0","N","0","0","0","2","67301","0","","1.0","","8","N","N","N","0","","1","0","1","9","9","","1215","2","1","0","0","0","0","1","2","0","2","0","0","0","7","04","","N","","","","","","","","","",""
"2021007099","0810","1","0","0","0","0","0","0","0","0","5","0","","67","12","2020","3","39.953793","-75.140909","0808","6","0","0","0","0","0","1","0","0","","0","0","0","8","1","1","N","0","1","39 57:13.654","1","0","75 08:27.273","8","0","0","0","67301","0","0","0","N","0","0","0","3","68Z99","0","","1.0","856.0","1","N","N","N","1","","0","0","0","0","0","N","806","2","1","1","0","0","1","0","2","0","2","0","0","0","3","","","N","","","","","","","","","",""
"2021014551","1920","1","0","0","0","0","0","0","0","0","4","0","","67","10","2020","2","39.977546","-75.226592","","6","0","0","0","0","0","0","0","0","","0","0","0","19","1","2","N","0","0","39 58:39.164","","7","75 13:35.731","8","0","0","0","67301","0","0","0","N","0","0","0","3","00000","0","","1.0","","1","","","N","0","","0","0","0","0","0","","1920","2","2","0","0","0","2","0","2","0","2","0","0","0","3","","","N","","","","","","","","","",""
"2021011226","1825","1","0","0","0","0","0","0","0","0","1","0","","67","7","2020","2","39.982638","-75.219484","","6","0","0","0","0","0","0","0","0","","0","0","0","18","1","3","","2","0","39 58:57.496","","0","75 13:10.142","8","0","0","0","67301","0","0","0","N","0","0","0","5","00000","0","","1.0","","1","","","N","0","","0","0","1","0","0","","1825","2","3","0","0","0","3","0","2","0","2","0","0","0","3","","","N","","","","","","","","","",""
"2021011756","1430","1","0","0","0","0","0","0","0","0","4","0","","67","9","2020","7","40.025464","-75.123484","","6","0","0","0","0","0","0","0","0","","0","0","0","14","1","1","","1","0","40 01:31.670","","0","75 07:24.541","8","0","0","0","67301","0","0","0","N","0","0","0","2","00000","0","","1.0","","1","","","N","0","","0","0","1","3","2","","1430","2","1","0","0","0","1","0","2","0","2","0","0","0","3","","","N","","","","","","","","","",""
"2021008153","2115","1","0","0","0","0","0","0","0","0","1","1","35","67","12","2020","1","39.980416","-75.104142","2104","6","0","0","0","0","0","0","0","0","","0","1","0","21","6","1","N","0","2","39 58:49.499","1","0","75 06:14.912","8","0","0","0","67301","0","0","0","N","0","0","0","1","68K01","0","","1.0","2204.0","1","N","N","N","0","","0","0","0","0","0","N","2103","2","1","0","0","0","1","0","2","0","2","0","0","0","3","","Y","Y","4","1","N","N","N","Y","N","N","N","N"
"2021002469","1322","1","0","0","0","0","0","0","0","0","1","0","","67","12","2020","4","40.037915","-75.011635","1259","6","0","0","0","0","0","1","0","0","","0","0","0","12","1","1","N","0","1","40 02:16.493","2","0","75 00:41.885","3","0","0","0","67301","0","0","0","N","0","0","0","7","68K01","0","","1.0","1335.0","1","N","N","N","0","","1","0","1","0","0","N","1257","2","1","0","0","0","0","0","2","0","2","0","0","0","3","","","N","","","","","","","","","",""
"2020083344","2343","2","0","0","0","0","0","0","0","0","4","0","","67","9","2020","4","39.97755","-75.210917","2343","6","0","0","0","0","0","0","0","0","","0","0","0","22","3","2","","1","0","39 58:39.180","","0","75 12:39.300","4","0","0","0","67301","0","0","0","N","0","0","0","3","67301","2","","1.0","","99","N","N","N","0","","0","0","0","0","0","","2212","2","2","0","0","0","0","1","2","0","2","0","0","0","99","","","N","","","","","","","","","",""
"2020068239","0011","2","0","0","0","0","0","0","0","0","5","0","","67","8","2020","1","39.970036","-75.168378","0009","6","0","0","0","0","0","0","0","0","","0","0","0","0","3","0","Y","0","0","39 58:12.130","","0","75 10:06.160","0","0","0","0","67301","0","0","0","N","0","0","0","1","67301","0","","6.0","","1","N","N","N","1","","0","0","4","0","0","","8","7","0","0","0","0","0","0","2","0","7","0","0","0","3","03","","N","","","","","","","","","",""
"2021000421","0647","1","0","0","0","0","0","0","0","0","0","0","","67","12","2020","4","40.044891","-75.002517","0640","6","0","0","0","0","0","1","0","0","","0","0","0","6","3","0","N","0","1","40 02:41.607","2","2","75 00:09.061","0","0","0","0","67301","0","0","0","Y","0","0","0","4","68K01","0","","1.0","730.0","2","N","N","N","2","","0","0","1","0","0","N","638","4","0","0","0","0","0","0","2","0","4","0","0","0","4","04","","N","","","","","","","","","",""
"2021002258","1002","1","2","1","0","0","0","0","0","0","7","0","","67","12","2020","4","40.003966","-75.190664","1001","6","0","0","0","0","0","0","0","0","","2","0","0","9","1","1","N","0","2","40 00:14.276","5","0","75 11:26.391","1","0","0","0","67301","0","0","0","N","0","0","0","3","67301","0","2","2.0","1100.0","1","N","N","N","0","0","0","1","0","0","0","N","950","1","1","0","0","0","0","0","2","0","1","0","0","0","3","03","","N","","","","","","","","","",""