"CRN","ARRIVAL_TM","AUTOMOBILE_COUNT","BELTED_DEATH_COUNT","BELTED_SUSP_SERIOUS_INJ_COUNT","BICYCLE_COUNT","BICYCLE_DEATH_COUNT","BICYCLE_SUSP_SERIOUS_INJ_COUNT","BUS_COUNT","CHLDPAS_DEATH_COUNT","CHLDPAS_SUSP_SERIOUS_INJ_COUNT","COLLISION_TYPE","COMM_VEH_COUNT","CONS_ZONE_SPD_LIM","COUNTY","CRASH_MONTH","CRASH_YEAR","DAY_OF_WEEK","DEC_LATITUDE","DEC_LONGITUDE","DISPATCH_TM","DISTRICT","DRIVER_COUNT_16YR","DRIVER_COUNT_17YR","DRIVER_COUNT_18YR","DRIVER_COUNT_19YR","DRIVER_COUNT_20YR","DRIVER_COUNT_50_64YR","DRIVER_COUNT_65_74YR","DRIVER_COUNT_75PLUS","EST_HRS_CLOSED","FATAL_COUNT","HEAVY_TRUCK_COUNT","HORSE_BUGGY_COUNT","HOUR_OF_DAY","ILLUMINATION","INJURY_COUNT","INTERSECTION_RELATED","INTERSECT_TYPE","LANE_CLOSED","LATITUDE","LN_CLOSE_DIR","LOCATION_TYPE","LONGITUDE","MAX_SEVERITY_LEVEL","MCYCLE_DEATH_COUNT","MCYCLE_SUSP_SERIOUS_INJ_COUNT","MOTORCYCLE_COUNT","MUNICIPALITY","NONMOTR_COUNT","NONMOTR_DEATH_COUNT","NONMOTR_SUSP_SERIOUS_INJ_COUNT","NTFY_HIWY_MAINT","PED_COUNT","PED_DEATH_COUNT","PED_SUSP_SERIOUS_INJ_COUNT","PERSON_COUNT","POLICE_AGCY","POSSIBLE_INJ_COUNT","RDWY_SURF_TYPE_CD","RELATION_TO_ROAD","ROADWAY_CLEARED","ROAD_CONDITION","SCH_BUS_IND","SCH_ZONE_IND","SECONDARY_CRASH","SMALL_TRUCK_COUNT","SPEC_JURIS_CD","SUSP_MINOR_INJ_COUNT","SUSP_SERIOUS_INJ_COUNT","SUV_COUNT","TCD_FUNC_CD","TCD_TYPE","TFC_DETOUR_IND","TIME_OF_DAY","TOTAL_UNITS","TOT_INJ_COUNT","UNBELTED_OCC_COUNT","UNB_DEATH_COUNT","UNB_SUSP_SERIOUS_INJ_COUNT","UNK_INJ_DEG_COUNT","UNK_INJ_PER_COUNT","URBAN_RURAL","VAN_COUNT","VEHICLE_COUNT","VULNERABLE_ROAD_USER_COUNT","VULNERABLE_ROAD_USER_DEATH_COUNT","VULNERABLE_ROAD_USER_SER_INJ_COUNT","WEATHER1","WEATHER2","WORKERS_PRES","WORK_ZONE_IND","WORK_ZONE_LOC","WORK_ZONE_TYPE","WZ_CLOSE_DETOUR","WZ_FLAGGER","WZ_LAW_OFFCR_IND","WZ_LN_CLOSURE","WZ_MOVING","WZ_OTHER","WZ_SHLDER_MDN","WZ_WORKERS_INJ_KILLED"
"2022079300","","1","0","0","0","0","0","0","0","0","5","0","","67","12","2020","6","40.057541","-75.060035","","6","0","0","0","0","0","0","0","0","","0","0","0","99","1","1","N","0","0","40 03:27.147","","0","75 03:36.125","8","0","0","0","67301","0","0","0","N","0","0","0","2","00000","0","","1.0","","1","","","N","0","","0","0","0","0","0","","9999","2","1","1","0","0","1","0","2","0","2","0","0","0","3","","","N","","","","","","","","","",""
"2021004142","1600","1","0","0","0","0","0","1","0","0","5","1","","67","12","2020","4","40.02015","-75.080501","1555","6","0","0","0","0","0","0","0","0","","0","0","0","15","1","2","N","0","0","40 01:12.540","","1","75 04:49.805","4","0","0","0","67301","0","0","0","N","0","0","0","3","67508","2","","6.0","","1","N","N","Y","0","","0","0","0","0","0","","1555","2","2","0","0","0","0","0","2","0","2","0","0","0","3","03","","N","","","","","","","","","",""
"2021002496","0820","0","0","0","0","0","0","0","0","0","1","0","","67","12","2020","4","40.043427","-75.003111","0806","6","0","0","0","0","0","0","0","0","","0","0","0","8","1","0","N","0","1","40 02:36.337","2","0","75 00:11.198","0","0","0","0","67301","0","0","0","N","0","0","0","2","68K01","0","","1.0","10.0","2","N","N","N","1","","0","0","0","0","0","N","806","2","0","0","0","0","0","0","2","1","2","0","0","0","3","03","","N","","","","","","","","","",""
"2021002251","","1","0","0","0","0","0","0","0","0","5","0","","67","3","2020","6","39.96225","-75.244722","","6","0","0","0","0","0","0","1","0","","0","0","0","14","1","0","N","0","0","39 57:44.100","","0","75 14:41.000","8","0","0","0","67301","0","0","0","N","0","0","0","2","00000","0","","1.0","","1","","","N","0","","0","0","1","0","0","","1445","2","1","0","0","0","1","0","2","0","2","0","0","0","3","","","N","","","","","","","","","",""
"2021002718","2200","1","0","0","0","0","0","0","0","0","4","0","","67","5","2020","5","39.990815","-75.123654","","6","0","0","0","0","0","0","0","0","","0","0","0","22","3","1","","3","0","39 59:26.934","","1","75 07:25.154","8","0","0","0","67301","0","0","0","N","0","0","0","2","00000","0","","1.0","","1","","","N","0","","0","0","0","0","0","","2200","2","1","0","0","0","1","0","2","0","2","0","0","0","3","","","N","","","","","","","","","",""
"2021002244","","1","0","0","0","0","0","0","0","0","4","0","","67","2","2020","6","40.029122","-75.089918","","6","0","0","0","1","0","0","0","0","","0","0","0","13","1","2","","1","0","40 01:44.838","","0","75 05:23.706","8","0","0","0","67301","0","0","0","N","0","0","0","3","00000","0","","1.0","","1","","","N","0","","0","0","1","3","2","","1330","2","2","0","0","0","2","0","2","0","2","0","0","0","3","","","N","","","","","","","","","",""
"2021006482","1400","0","0","0","0","0","0","0","0","0","4","0","","67","6","2020","1","40.049721","-75.171733","","6","0","0","0","0","0","1","0","0","","0","0","0","14","1","2","","1","0","40 02:58.996","","0","75 10:18.240","8","0","0","0","67301","0","0","0","N","0","0","0","3","00000","0","","1.0","","1","","","N","0","","0","0","2","0","0","","1400","2","2","0","0","0","2","0","2","0","2","0","0","0","3","","","N","","","","","","","","","",""
"2021001172","2045","1","0","0","0","0","0","0","0","0","1","0","","67","12","2020","5","40.036887","-75.014483","2031","6","0","0","0","0","0","0","0","1","","0","0","0","20","3","1","N","0","1","40 02:12.794","2","0","75 00:52.137","8","0","0","0","67301","0","0","0","N","0","0","0","3","68K01","0","","1.0","2100.0","9","N","N","N","1","","0","0","0","0","0","N","2025","2","1","0","0","0","1","0","2","0","2","0","0","0","7","","","N","","","","","","","","","",""
"2021011758","1645","0","0","0","0","0","0","0","0","0","1","0","","67","9","2020","4","40.007537","-75.12591","","6","0","0","0","0","0","0","0","0","","0","0","0","16","1","1","Y","0","0","40 00:27.134","","0","75 07:33.276","8","0","0","0","67301","0","0","0","N","0","0","0","2","00000","0","","1.0","","1","","","N","1","","0","0","1","3","2","","1645","2","1","0","0","0","1","0","2","0","2","0","0","0","3","","","N","","","","","","","","","",""
"2021013340","9999","0","0","0","0","0","0","0","0","0","5","1","","67","10","2020","2","","","9999","6","0","0","0","0","0","1","0","0","","0","1","0","23","3","1","N","0","0","","","0","","8","0","0","0","67301","0","0","0","N","0","0","0","3","00000","0","","1.0","","1","","","N","0","","0","0","1","0","0","","2343","2","1","0","0","0","1","0","1","0","2","0","0","0","3","","","N","","","","","","","","","",""
"2021014544","1655","0","0","0","0","0","0","0","0","0","5","0","","67","8","2020","5","40.030851","-75.104406","","6","0","0","0","0","0","1","0","0","","0","0","0","16","1","1","N","0","0","40 01:51.064","","0","75 06:15.861","8","0","0","0","67301","0","0","0","N","0","0","0","2","00000","0","","1.0","","1","","","N","0","","0","0","2","0","0","","1655","2","1","0","0","0","1","0","2","0","2","0","0","0","3","","","N","","","","","","","","","",""
"2021023512","0800","1","0","0","0","0","0","0","0","0","1","0","","67","3","2020","6","40.028323","-75.057711","","6","0","0","0","0","0","1","0","0","","0","0","0","8","1","1","N","0","0","40 01:41.964","","0","75 03:27.761","8","0","0","0","67301","0","0","0","N","0","0","0","2","00000","0","","1.0","","1","","","N","0","","0","0","0","0","0","","800","2","1","0","0","0","1","0","2","1","2","0","0","0","3","","","N","","","","","","","","","",""
"2021003929","0822","2","0","0","0","0","0","0","0","0","4","0","","67","11","2020","5","39.982912","-75.207896","0818","6","0","0","0","0","0","0","0","0","","0","0","0","8","1","1","N","0","1","39 58:58.482","4","0","75 12:28.425","3","0","0","0","67301","0","0","0","N","0","0","0","1","68K01","0","","1.0","905.0","1","N","N","N","0","","1","0","0","0","0","Y","813","2","1","0","0","0","0","0","2","0","2","0","0","0","3","","","N","","","","","","","","","",""
"2021004113","2020","1","0","0","0","0","0","1","0","0","5","1","","67","12","2020","3","40.049298","-75.18396","1951","6","0","0","0","0","0","0","0","0","","0","0","0","19","3","1","N","3","0","40 02:57.473","","0","75 11:02.255","8","0","0","0","67301","0","0","0","N","0","0","0","2","67508","0","","1.0","","1","N","N","Y","0","","0","0","0","0","0","","1951","2","1","0","0","0","1","0","2","0","2","0","0","0","3","03","","N","","","","","","","","","",""
"2021004140","2100","0","0","0","0","0","0","0","0","0","7","0","","67","5","2020","1","39.981519","-75.224064","","6","0","0","0","0","0","0","0","0","","0","0","0","21","1","1","","1","0","39 58:53.467","","0","75 13:26.630","8","0","0","0","67301","0","0","0","N","0","0","0","1","00000","0","","4.0","","1","","","N","0","","0","0","1","3","2","","2100","2","1","0","0","0","1","0","2","0","1","0","0","0","3","","","N","","","","","","","","","",""
"2021006175","0930","0","0","0","0","0","0","0","0","0","4","0","","67","3","2020","6","39.935423","-75.220353","","6","0","0","0","0","0","1","0","0","","0","0","0","9","1","2","","1","0","39 56:07.522","","0","75 13:13.270","8","0","0","0","67301","0","0","0","N","0","0","0","3","00000","0","","1.0","","1","","","N","1","","0","0","0","3","3","","930","2","2","0","0","0","2","0","2","0","2","0","0","0","3","","","N","","","","","","","","","",""
"2021006466","0200","1","0","0","0","0","0","0","0","0","4","0","","67","6","2020","2","39.913393","-75.227187","","6","0","0","0","0","0","1","0","0","","0","0","0","2","3","1","","2","0","39 54:48.214","","0","75 13:37.873","8","0","0","0","67301","0","0","0","N","0","0","0","2","00000","0","","1.0","","1","","","N","0","","0","0","0","3","2","","200","2","1","0","0","0","1","0","2","0","2","0","0","0","3","","","N","","","","","","","","","",""
"2021002503","1758","0","0","0","0","0","0","0","0","0","7","0","","67","12","2020","5","39.970608","-75.193076","1752","6","0","0","0","0","0","1","0","0","","0","0","0","17","3","1","N","0","1","39 58:14.188","4","0","75 11:35.074","3","0","0","0","67301","0","0","0","Y","0","0","0","1","68K01","0","","7.0","1829.0","1","N","N","N","0","","1","0","0","0","0","N","1751","1","1","0","0","0","0","0","2","1","1","0","0","0","3","","","N","","","","","","","","","",""
"2020096474","1441","1","0","0","0","0","0","0","0","0","4","0","","67","11","2020","7","40.028641","-75.205652","1436","6","0","0","0","0","0","0","0","0","","0","0","0","14","1","0","","1","0","40 01:43.107","","0","75 12:20.348","0","0","0","0","67301","0","0","0","N","0","0","0","3","67301","0","","1.0","","1","N","N","N","0","","0","0","1","3","2","","1435","2","0","0","0","0","0","0","2","0","2","0","0","0","3","03","","N","","","","","","","","","",""
"2020099557","0246","3","0","2","0","0","0","0","0","0","4","0","","67","11","2020","1","39.958437","-75.231274","0246","6","0","0","0","0","0","0","0","0","","0","0","0","2","3","4","","1","2","39 57:30.373","3","0","75 13:52.586","2","0","0","0","67301","0","0","0","N","0","0","0","4","67301","1","","1.0","456.0","1","N","N","N","0","","1","2","0","3","3","N","244","3","4","0","0","0","0","0","2","0","3","0","0","0","3","03","","N","","","","","","","","","",""
"2020067101","0848","2","0","0","0","0","0","0","0","0","1","0","","67","8","2020","4","39.997028","-75.074032","0838","6","0","0","0","0","0","0","0","0","","0","0","0","8","1","1","N","0","0","39 59:49.300","","0","75 04:26.516","8","0","0","0","67301","0","0","0","N","0","0","0","1","67301","0","","6.0","","1","N","N","Y","0","","0","0","1","0","0","","830","3","1","0","0","0","1","0","2","0","3","0","0","0","4","03","","N","","","","","","","","","",""
"2024013105","1146","2","0","0","0","0","0","0","0","0","4","0","","67","6","2020","5","39.96766","-75.230084","1146","6","0","0","0","0","0","0","0","0","","0","0","0","7","1","1","","1","0","39 58:03.575","","0","75 13:48.302","8","0","0","0","67301","0","0","0","N","0","0","0","3","67301","0","","1.0","","1","N","N","N","0","","0","0","0","3","3","","730","3","1","0","0","0","1","2","2","0","3","0","0","0","3","03","","N","","","","","","","","","",""
"2021003545","0212","1","0","0","0","0","0","0","0","0","7","0","45","67","12","2020","1","39.898823","-75.173075","0208","6","0","0","0","0","0","0","0","0","","0","0","0","2","3","2","N","0","2","39 53:55.764","1","0","75 10:23.069","4","0","0","0","67301","0","0","0","N","0","0","0","3","68K01","2","","4.0","240.0","1","N","N","N","0","","0","0","0","0","0","N","208","1","2","0","0","0","0","1","2","0","1","0","0","0","3","","N","Y","4","1","Y","","N","","","","","N"
"2021000274","1000","0","0","0","0","0","0","0","0","0","1","0","","67","12","2020","5","40.022833","-75.148284","1000","6","0","0","0","0","0","0","0","0","","0","0","0","10","8","1","","1","0","40 01:22.197","","0","75 08:53.823","3","0","0","0","67301","0","0","0","N","0","0","0","3","67301","0","","1.0","","1","N","N","N","0","","1","0","2","3","2","","1000","2","1","0","0","0","0","1","2","0","2","0","0","0","3","03","","N","","","","","","","","","",""
"2021011698","1947","1","0","0","0","0","0","0","0","0","3","0","","67","9","2020","7","40.027083","-75.132528","","6","0","0","0","0","0","0","0","0","","0","0","0","19","1","5","Y","0","0","40 01:37.500","","0","75 07:57.100","8","0","0","0","67301","0","0","0","N","0","0","0","8","00000","0","","1.0","","1","","","N","1","","0","0","0","3","2","","1947","4","5","0","0","0","5","0","2","0","4","0","0","0","3","","","N","","","","","","","","","",""
"2021000323","0910","1","0","0","0","0","0","0","0","0","4","0","","67","12","2020","5","40.011529","-75.069799","0900","6","0","0","0","0","0","0","0","0","","0","0","0","8","1","0","","1","0","40 00:41.506","","0","75 04:11.278","0","0","0","0","67301","0","0","0","N","0","0","0","3","67301","0","","1.0","","9","N","N","N","1","","0","0","0","3","2","","821","3","0","0","0","0","0","0","2","1","3","0","0","0","7","","","N","","","","","","","","","",""
"2024015322","0820","2","0","0","0","0","0","0","0","0","5","0","","67","1","2020","3","39.981903","-75.250456","0815","6","0","0","0","0","0","0","0","0","","0","0","0","7","1","0","N","0","0","39 58:54.850","","0","75 15:01.640","0","0","0","0","67301","0","0","0","N","0","0","0","2","67301","0","","1.0","","1","N","Y","N","0","","0","0","0","0","0","","748","2","0","0","0","0","0","0","2","0","2","0","0","0","3","03","","N","","","","","","","","","",""
"2020072581","2120","0","0","0","0","0","0","0","0","0","4","0","","67","9","2020","6","39.999744","-75.138521","2103","6","0","1","0","0","0","0","0","0","","0","0","0","20","3","2","","1","0","39 59:59.077","","0","75 08:18.677","2","0","0","1","67301","0","0","0","N","0","0","0","2","67301","0","","1.0","","1","N","N","N","0","","1","1","0","3","2","","2027","2","2","0","0","0","0","0","2","0","2","0","0","0","3","03","","N","","","","","","","","","",""
"2021002473","2347","0","0","0","0","0","0","0","0","0","7","0","45","67","12","2020","5","39.997323","-75.082046","2343","6","0","0","0","0","0","0","0","0","","0","0","0","23","3","0","N","0","1","39 59:50.362","2","0","75 04:55.365","0","0","0","0","67301","0","0","0","N","0","0","0","1","68K01","0","","3.0","40.0","9","N","N","N","0","","0","0","1","0","0","N","2342","1","0","0","0","0","0","0","2","0","1","0","0","0","7","07","N","Y","4","1","","","N","","","","Y","N"
"2021026205","1021","2","0","0","0","0","0","0","0","0","4","0","","67","12","2020","5","39.999745","-75.138532","1021","6","0","0","0","0","0","0","0","0","","0","0","0","14","1","0","","1","0","39 59:59.082","","0","75 08:18.715","9","0","0","0","67301","0","0","0","N","0","0","0","2","67301","0","","1.0","","1","N","N","N","0","","0","0","0","3","2","","1400","2","0","1","0","0","0","2","2","0","2","0","0","0","3","","","N","","","","","","","","","",""
"2021016359","1230","0","0","0","0","0","0","0","0","0","1","0","","67","9","2020","4","40.039575","-75.045738","","6","0","0","0","0","0","0","0","1","","0","0","0","12","1","1","","1","0","40 02:22.471","","0","75 02:44.657","8","0","0","0","67301","0","0","0","N","0","0","0","2","00000","0","","1.0","","1","","","N","1","","0","0","1","3","2","","1230","2","1","0","0","0","1","0","2","0","2","0","0","0","3","","","N","","","","","","","","","",""
"2022079282","","0","0","0","0","0","0","0","0","0","4","0","","67","11","2020","5","40.03145","-75.154773","","6","0","0","0","0","0","1","0","0","","0","0","0","23","3","1","","1","0","40 01:53.219","","0","75 09:17.182","8","0","0","0","67301","0","0","0","N","0","0","0","2","00000","0","","1.0","","1","","","N","0","","0","0","1","3","2","","2300","2","1","0","0","0","1","0","2","0","2","0","0","0","3","","","N","","","","","","","","","",""
"2020072122","2338","0","0","0","0","0","0","0","0","0","7","0","","67","9","2020","5","39.991276","-75.13431","2333","6","0","0","0","0","0","0","0","0","","0","0","0","22","3","1","","1","1","39 59:28.592","1","0","75 08:03.517","3","0","0","0","67301","0","0","0","N","0","0","0","1","67301","0","","4.0","250.0","1","N","N","N","0","","1","0","1","0","0","Y","2236","1","1","0","0","0","0","0","2","0","1","0","0","0","3","03","","N","","","","","","","","","",""
"2021003670","2304","1","0","0","0","0","0","0","0","0","4","0","","67","11","2020","4","40.014518","-75.131119","2244","6","0","0","0","0","0","0","0","0","","0","0","0","22","3","0","","5","1","40 00:52.264","4","0","75 07:52.028","0","0","0","0","67301","0","0","0","N","0","0","0","3","67301","0","","1.0","2335.0","9","N","N","N","0","","0","0","0","3","2","N","2236","2","0","0","0","0","0","0","2","0","2","0","0","0","7","07","","N","","","","","","","","","",""
"2020071005","1730","1","0","0","0","0","0","1","0","0","3","1","","67","8","2020","1","40.038611","-75.143611","1720","6","0","0","0","0","0","0","0","0","","0","0","0","17","1","1","N","0","0","40 02:19.000","","7","75 08:37.000","4","0","0","0","67301","0","0","0","N","0","0","0","3","67508","1","","6.0","","1","N","N","Y","0","","0","0","0","0","0","","1720","2","1","0","0","0","0","0","2","0","2","0","0","0","3","03","","N","","","","","","","","","",""
"2020073258","0220","0","0","0","0","0","0","0","0","0","4","0","","67","8","2020","2","39.949186","-75.229172","0218","6","0","0","0","0","0","1","0","0","","0","0","0","2","3","4","","1","2","39 56:57.069","7","0","75 13:45.019","3","0","0","0","67301","0","0","0","N","0","0","0","5","67301","0","","1.0","220.0","1","N","N","Y","0","","3","0","1","3","3","Y","216","4","4","0","0","0","1","0","2","3","4","0","0","0","3","","","N","","","","","","","","","",""
"2021003672","2040","3","0","0","0","0","0","0","0","0","1","0","","67","12","2020","4","40.00475","-75.1425","2039","6","0","0","0","0","0","0","0","0","","0","0","0","20","3","1","N","0","0","40 00:17.100","","0","75 08:33.000","3","0","0","0","67301","0","0","0","N","0","0","0","4","67301","0","","1.0","","1","N","N","N","0","","1","0","0","0","0","","2034","3","1","0","0","0","0","0","2","0","3","0","0","0","3","03","","N","","","","","","","","","",""
"2021000927","1047","0","0","0","0","0","0","0","0","0","7","0","","67","12","2020","6","39.956417","-75.152444","1047","6","0","0","0","0","0","0","0","0","","0","0","0","2","3","0","","1","0","39 57:23.100","","0","75 09:08.800","0","0","0","0","67301","0","0","0","N","0","0","0","1","67301","0","","5.0","","1","N","N","N","0","","0","0","0","3","2","","230","1","0","0","0","0","0","0","2","0","1","0","0","0","3","03","","N","","","","","","","","","",""
"2021001193","1930","1","0","0","0","0","0","0","0","0","7","0","","67","12","2020","6","39.889349","-75.218771","1922","6","0","0","0","0","0","0","1","0","","0","0","0","19","3","0","N","0","2","39 53:21.658","2","0","75 13:07.576","0","0","0","0","67301","0","0","0","N","0","0","0","1","68K01","0","","7.0","1955.0","1","N","N","N","0","","0","0","0","0","0","Y","1921","1","0","0","0","0","0","0","2","0","1","0","0","0","3","03","","N","","","","","","","","","",""
"2022079299","","1","0","0","0","0","0","0","0","0","4","0","","67","6","2020","2","39.913393","-75.227187","","6","0","0","0","0","0","1","0","0","","0","0","0","2","3","1","","2","0","39 54:48.214","","0","75 13:37.873","8","0","0","0","67301","0","0","0","N","0","0","0","2","00000","0","","1.0","","1","","","N","0","","0","0","0","3","2","","200","2","1","0","0","0","1","0","2","0","2","0","0","0","3","","","N","","","","","","","","","",""
"2021013313","2330","2","0","0","0","0","0","0","0","0","4","0","","67","9","2020","7","40.011198","-75.105442","","6","0","0","0","0","1","0","0","0","","0","0","0","23","1","1","","1","0","40 00:40.313","","0","75 06:19.592","8","0","0","0","67301","0","0","0","N","0","0","0","2","00000","0","","1.0","","1","","","N","0","","0","0","0","3","2","","2330","2","1","0","0","0","1","0","2","0","2","0","0","0","3","","","N","","","","","","","","","",""
"2021018360","1112","1","0","0","0","0","0","0","0","0","1","0","","67","9","2020","2","40.043862","-75.126977","","6","0","0","0","0","0","0","0","0","","0","0","0","11","1","5","","1","0","40 02:37.903","","0","75 07:37.117","8","0","0","0","67301","0","0","0","N","0","0","0","6","00000","0","","1.0","","1","","","N","0","","0","0","0","3","3","","1112","2","5","0","0","0","5","0","2","0","2","0","0","0","3","","","N","","","","","","","","","",""
"2021014658","1305","1","0","0","0","0","0","0","0","0","4","0","","67","10","2020","7","40.050528","-75.063","","6","0","0","0","0","0","1","0","0","","0","0","0","13","1","1","N","0","0","40 03:01.900","","7","75 03:46.800","8","0","0","0","67301","0","0","0","N","0","0","0","3","00000","0","","1.0","","1","","","N","0","","0","0","0","0","0","","1305","2","1","0","0","0","1","0","2","0","2","0","0","0","3","","","N","","","","","","","","","",""
"2021004122","1545","2","0","0","0","0","0","0","0","0","4","0","","67","5","2020","1","40.055123","-75.17663","","6","0","0","0","0","0","1","0","0","","0","0","0","15","1","1","","1","0","40 03:18.444","","0","75 10:35.869","8","0","0","0","67301","0","0","0","N","0","0","0","2","00000","0","","1.0","","1","","","N","0","","0","0","0","3","3","","1545","2","1","0","0","0","1","0","2","0","2","0","0","0","3","","","N","","","","","","","","","",""
"2021002295","","2","0","0","0","0","0","0","0","0","1","0","","67","2","2020","6","39.886743","-75.242861","","6","0","0","0","0","0","0","0","0","","0","0","0","18","1","1","N","0","0","39 53:12.273","","0","75 14:34.301","8","0","0","0","67301","0","0","0","N","0","0","0","2","00000","0","","1.0","","1","","","N","0","","0","0","0","0","0","","1800","2","1","0","0","0","1","0","2","0","2","0","0","0","3","","","N","","","","","","","","","",""
"2021001167","1714","2","0","0","0","0","0","0","0","0","1","0","","67","12","2020","4","39.958181","-75.164273","1704","6","0","0","0","0","0","0","0","0","","0","0","0","17","3","1","N","6","0","39 57:29.451","","2","75 09:51.381","3","0","0","0","67301","0","0","0","N","0","0","0","4","68K01","0","","1.0","","1","N","N","N","0","","1","0","1","0","0","","1703","3","1","0","0","0","0","0","2","0","3","0","0","0","3","03","","N","","","","","","","","","",""
"2021007095","1533","1","0","0","0","0","0","0","0","0","5","0","45","67","12","2020","4","39.898869","-75.178962","1519","6","0","0","0","0","0","0","0","0","","0","0","0","15","1","0","N","0","1","39 53:55.928","1","0","75 10:44.264","0","0","0","0","67301","0","0","0","N","0","0","0","2","68K01","0","","1.0","1610.0","1","N","N","N","0","","0","0","1","0","0","N","1518","3","0","0","0","0","0","0","2","0","2","0","0","0","3","","N","Y","4","1","","","N","Y","","","","N"
"2021021744","1430","1","0","0","0","0","0","0","0","0","5","0","","67","10","2020","3","39.994774","-75.18715","1430","6","0","0","0","0","0","0","0","0","","0","0","0","14","1","0","N","0","0","39 59:41.186","","0","75 11:13.739","0","0","0","0","67301","0","0","0","N","0","0","0","2","67301","0","","1.0","","1","N","N","Y","0","","0","0","0","0","0","","1420","2","0","2","0","0","0","0","2","1","2","0","0","0","3","03","","N","","","","","","","","","",""
"2021006259","2141","1","0","0","0","0","0","0","0","0","5","1","","67","12","2020","1","39.983418","-75.208063","2135","6","0","0","0","0","0","2","0","0","","0","1","0","21","3","0","N","0","1","39 59:00.304","4","0","75 12:29.028","0","0","0","0","67301","0","0","0","N","0","0","0","3","68K01","0","","1.0","20.0","1","N","N","N","0","","0","0","1","0","0","N","2112","3","0","0","0","0","0","0","2","0","3","0","0","0","3","","","N","","","","","","","","","",""
"2021001180","0400","2","0","0","0","0","0","0","0","0","5","0","","67","12","2020","6","39.891186","-75.19929","0354","6","0","0","0","0","0","0","0","0","","0","0","0","3","3","2","N","0","1","39 53:28.268","2","3","75 11:57.445","8","0","0","0","67301","0","0","0","N","0","0","0","2","68K01","0","","1.0","450.0","9","N","N","N","0","","0","0","0","0","0","N","353","2","2","1","0","0","2","0","2","0","2","0","0","0","7","","","N","","","","","","","","","",""
"2021000248","0725","0","0","0","0","0","0","0","0","0","5","1","","67","12","2020","5","40.025511","-75.122391","0712","6","0","0","0","0","0","1","0","0","","0","1","0","6","5","0","","1","0","40 01:31.839","","0","75 07:20.608","0","0","0","0","67301","0","0","0","N","0","0","0","2","67301","0","","1.0","","99","N","N","N","0","","0","0","1","0","0","","612","2","0","0","0","0","0","0","2","0","2","0","0","0","3","03","","N","","","","","","","","","",""
"2021001174","2149","2","0","0","0","0","0","0","0","0","1","0","","67","12","2020","5","39.956969","-75.152646","2146","6","0","0","1","0","0","0","0","0","","0","0","0","21","3","0","N","0","0","39 57:25.087","","0","75 09:09.527","0","0","0","0","67301","0","0","0","N","0","0","0","2","68K01","0","","1.0","","9","N","N","N","0","","0","0","0","0","0","","2145","2","0","0","0","0","0","0","2","0","2","0","0","0","7","","","N","","","","","","","","","",""
"2022039033","1844","1","0","0","0","0","0","0","0","0","8","0","","67","2","2020","1","40.045328","-75.232029","1842","6","0","0","0","0","0","1","0","0","","0","0","0","18","3","2","","1","0","40 02:43.180","","0","75 13:55.304","4","0","0","0","67301","2","0","0","N","2","0","0","3","67301","2","","1.0","","1","N","N","N","0","","0","0","0","3","2","","1830","3","2","0","0","0","0","0","2","0","1","2","0","0","3","03","","N","","","","","","","","","",""
"2022079286","","0","0","0","0","0","0","0","0","0","4","0","","67","7","2020","2","39.903432","-75.243164","","6","0","0","0","0","0","0","1","0","","0","0","0","12","1","1","","1","0","39 54:12.355","","0","75 14:35.390","8","0","0","0","67301","0","0","0","N","0","0","0","2","00000","0","","1.0","","1","","","N","0","","0","0","1","3","2","","1220","2","1","0","0","0","1","0","2","0","2","0","0","0","3","","","N","","","","","","","","","",""
"2021026026","1915","1","0","0","0","0","0","0","0","0","1","0","","67","6","2020","2","39.992675","-75.16822","1912","6","0","0","0","0","0","0","0","0","","0","0","0","18","1","2","","1","0","39 59:33.630","","0","75 10:05.591","4","0","0","0","67301","0","0","0","N","0","0","0","5","67301","2","","1.0","","1","N","N","N","0","","0","0","1","3","2","","1840","2","2","0","0","0","0","1","2","0","2","0","0","0","3","","","N","","","","","","","","","",""
"2021117930","","0","0","0","0","0","0","0","0","0","7","0","","67","11","2020","1","39.962724","-75.246709","","6","0","0","0","0","0","0","0","0","","0","0","0","20","3","2","N","0","0","39 57:45.805","","1","75 14:48.154","3","0","0","0","67301","0","0","0","N","0","0","0","2","00000","0","","4.0","","9","N","N","N","0","","2","0","1","0","0","","2030","1","2","0","0","0","0","0","2","0","1","0","0","0","7","05","","N","","","","","","","","","",""
"2022079285","","1","0","0","0","0","0","0","0","0","1","0","","67","9","2020","7","40.000703","-75.148046","","6","0","0","0","0","0","1","0","0","","0","0","0","99","1","1","N","0","0","40 00:02.530","","0","75 08:52.965","8","0","0","0","67301","0","0","0","N","0","0","0","2","00000","0","","1.0","","1","","","N","0","","0","0","0","0","0","","9999","2","1","0","0","0","1","0","2","0","2","0","0","0","3","","","N","","","","","","","","","",""
"2021006490","1215","2","0","0","0","0","0","0","0","0","4","0","","67","8","2020","3","40.02026","-75.114068","1212","6","0","0","0","0","0","0","0","0","","0","0","0","12","1","1","","1","2","40 01:12.937","2","0","75 06:50.646","3","0","0","0","67301","0","0","0","N","0","0","0","2","67301","0","","1.0","200.0","1","N","N","N","0","","1","0","0","3","2","Y","1210","2","1","0","0","0","0","0","2","0","2","0","0","0","3","03","","N","","","","","","","","","",""