"CRN","ARRIVAL_TM","AUTOMOBILE_COUNT","BELTED_DEATH_COUNT","BELTED_SUSP_SERIOUS_INJ_COUNT","BICYCLE_COUNT","BICYCLE_DEATH_COUNT","BICYCLE_SUSP_SERIOUS_INJ_COUNT","BUS_COUNT","CHLDPAS_DEATH_COUNT","CHLDPAS_SUSP_SERIOUS_INJ_COUNT","COLLISION_TYPE","COMM_VEH_COUNT","CONS_ZONE_SPD_LIM","COUNTY","CRASH_MONTH","CRASH_YEAR","DAY_OF_WEEK","DEC_LATITUDE","DEC_LONGITUDE","DISPATCH_TM","DISTRICT","DRIVER_COUNT_16YR","DRIVER_COUNT_17YR","DRIVER_COUNT_18YR","DRIVER_COUNT_19YR","DRIVER_COUNT_20YR","DRIVER_COUNT_50_64YR","DRIVER_COUNT_65_74YR","DRIVER_COUNT_75PLUS","EST_HRS_CLOSED","FATAL_COUNT","HEAVY_TRUCK_COUNT","HORSE_BUGGY_COUNT","HOUR_OF_DAY","ILLUMINATION","INJURY_COUNT","INTERSECTION_RELATED","INTERSECT_TYPE","LANE_CLOSED","LATITUDE","LN_CLOSE_DIR","LOCATION_TYPE","LONGITUDE","MAX_SEVERITY_LEVEL","MCYCLE_DEATH_COUNT","MCYCLE_SUSP_SERIOUS_INJ_COUNT","MOTORCYCLE_COUNT","MUNICIPALITY","NONMOTR_COUNT","NONMOTR_DEATH_COUNT","NONMOTR_SUSP_SERIOUS_INJ_COUNT","NTFY_HIWY_MAINT","PED_COUNT","PED_DEATH_COUNT","PED_SUSP_SERIOUS_INJ_COUNT","PERSON_COUNT","POLICE_AGCY","POSSIBLE_INJ_COUNT","RDWY_SURF_TYPE_CD","RELATION_TO_ROAD","ROADWAY_CLEARED","ROAD_CONDITION","SCH_BUS_IND","SCH_ZONE_IND","SECONDARY_CRASH","SMALL_TRUCK_COUNT","SPEC_JURIS_CD","SUSP_MINOR_INJ_COUNT","SUSP_SERIOUS_INJ_COUNT","SUV_COUNT","TCD_FUNC_CD","TCD_TYPE","TFC_DETOUR_IND","TIME_OF_DAY","TOTAL_UNITS","TOT_INJ_COUNT","UNBELTED_OCC_COUNT","UNB_DEATH_COUNT","UNB_SUSP_SERIOUS_INJ_COUNT","UNK_INJ_DEG_COUNT","UNK_INJ_PER_COUNT","URBAN_RURAL","VAN_COUNT","VEHICLE_COUNT","VULNERABLE_ROAD_USER_COUNT","VULNERABLE_ROAD_USER_DEATH_COUNT","VULNERABLE_ROAD_USER_SER_INJ_COUNT","WEATHER1","WEATHER2","WORKERS_PRES","WORK_ZONE_IND","WORK_ZONE_LOC","WORK_ZONE_TYPE","WZ_CLOSE_DETOUR","WZ_FLAGGER","WZ_LAW_OFFCR_IND","WZ_LN_CLOSURE","WZ_MOVING","WZ_OTHER","WZ_SHLDER_MDN","WZ_WORKERS_INJ_KILLED"
"2021119791","1410","1","0","0","0","0","0","0","0","0","1","1","","67","7","2020","2","40.007546","-75.190059","1351","6","0","0","0","0","0","1","0","0","","0","1","0","13","1","1","N","0","1","40 00:27.164","1","0","75 11:24.214","3","0","0","0","67301","0","0","0","N","0","0","0","2","67301","0","","1.0","30.0","1","N","N","N","0","","1","0","0","0","0","N","1341","2","1","0","0","0","0","0","2","0","2","0","0","0","3","03","","N","","","","","","","","","",""
"2021023519","2200","1","0","0","0","0","0","0","0","0","4","0","","67","9","2020","2","40.026543","-75.138689","","6","0","0","0","0","0","0","1","0","","0","0","0","22","3","1","","1","0","40 01:35.554","","0","75 08:19.280","8","0","0","0","67301","0","0","0","N","0","0","0","3","00000","0","","1.0","","1","","","N","0","","0","0","0","3","2","","2200","4","1","0","0","0","1","0","2","0","4","0","0","0","3","","","N","","","","","","","","","",""
"2021002298","","1","0","0","0","0","0","0","0","0","4","0","","67","5","2020","7","40.05061","-75.177451","","6","0","0","0","0","0","0","0","0","","0","0","0","13","1","1","","1","0","40 03:02.195","","0","75 10:38.823","8","0","0","0","67301","0","0","0","N","0","0","0","2","00000","0","","1.0","","1","","","N","0","","0","0","1","3","3","","1300","2","1","0","0","0","1","0","2","0","2","0","0","0","3","","","N","","","","","","","","","",""
"2021006479","1945","1","0","0","0","0","0","0","0","0","5","0","","67","6","2020","4","40.033491","-75.078565","","6","0","0","0","0","0","2","0","0","","0","0","0","19","1","1","N","0","0","40 02:00.567","","6","75 04:42.833","8","0","0","0","67301","0","0","0","N","0","0","0","2","00000","0","","1.0","","1","","","N","0","","0","0","0","0","0","","1945","2","1","0","0","0","1","0","2","1","2","0","0","0","3","","","N","","","","","","","","","",""
"2021023529","2327","2","0","0","0","0","0","0","0","0","5","0","","67","12","2020","7","40.029194","-75.18975","","6","0","0","0","0","0","0","0","0","","0","0","0","23","3","0","N","0","0","40 01:45.100","","0","75 11:23.100","0","0","0","0","67301","0","0","0","N","0","0","0","2","00000","0","","1.0","","1","","","N","0","","0","0","0","0","0","","2327","2","0","0","0","0","0","0","2","0","2","0","0","0","3","","","N","","","","","","","","","",""
"2021023790","0800","0","0","0","0","0","0","0","0","0","1","0","","67","10","2020","5","39.95726","-75.215317","","6","0","0","0","0","0","0","0","0","","0","0","0","8","1","2","N","0","0","39 57:26.135","","0","75 12:55.142","8","0","0","0","67301","0","0","0","N","0","0","0","5","00000","0","","1.0","","1","","","N","0","","0","0","2","0","0","","800","5","2","0","0","0","2","0","2","0","5","0","0","0","3","","","N","","","","","","","","","",""
"2021006472","0000","1","0","0","0","0","0","0","0","0","4","0","","67","6","2020","6","40.007066","-75.147037","","6","0","0","0","0","0","0","0","0","","0","0","0","0","3","1","","1","0","40 00:25.437","","0","75 08:49.333","8","0","0","1","67301","0","0","0","N","0","0","0","2","00000","0","","1.0","","1","","","N","0","","0","0","0","3","3","","0","2","1","0","0","0","1","0","2","0","2","0","0","0","3","","","N","","","","","","","","","",""
"2021000247","1003","0","0","0","0","0","0","0","0","0","8","0","","67","12","2020","3","40.021555","-75.124352","1002","6","0","0","0","0","0","0","0","0","","0","0","0","10","1","1","","1","2","40 01:17.597","2","0","75 07:27.667","2","0","0","0","67301","1","0","1","N","1","0","1","2","67301","0","","1.0","100.0","9","N","N","N","1","","0","1","0","3","2","Y","1000","2","1","1","0","0","0","0","2","0","1","1","0","1","3","07","","N","","","","","","","","","",""
"2021018419","1255","2","0","0","0","0","0","0","0","0","4","0","","67","11","2020","7","40.075262","-75.192963","","6","0","0","0","1","0","0","0","1","","0","0","0","12","1","4","N","0","0","40 04:30.944","","0","75 11:34.666","8","0","0","0","67301","0","0","0","N","0","0","0","5","00000","0","","1.0","","1","","","N","0","","0","0","0","0","0","","1255","2","4","0","0","0","4","0","2","0","2","0","0","0","3","","","N","","","","","","","","","",""
"2021014564","1900","1","0","0","0","0","0","0","0","0","1","0","","67","9","2020","5","","","","6","0","0","0","0","0","0","0","0","","0","0","0","19","1","0","N","0","0","","","0","","0","0","0","1","67301","0","0","0","N","0","0","0","2","00000","0","","1.0","","1","","","N","0","","0","0","0","0","0","","1900","2","0","0","0","0","0","0","1","0","2","0","0","0","3","","","N","","","","","","","","","",""
"2021005949","1625","1","0","0","0","0","0","0","0","0","4","0","","67","12","2020","4","40.018922","-75.049504","1621","6","0","0","0","0","0","1","0","0","","0","0","0","14","1","1","","2","9","40 01:08.120","","0","75 02:58.216","8","0","0","0","67301","0","0","0","N","0","0","0","2","67301","0","","1.0","","99","N","N","N","0","","0","0","1","3","3","U","1430","2","1","0","0","0","1","1","2","0","2","0","0","0","99","","","N","","","","","","","","","",""
"2021001183","0633","0","0","0","0","0","0","0","0","0","7","0","","67","12","2020","6","40.020519","-75.042734","0616","6","0","0","0","0","0","1","0","0","","0","0","0","6","3","0","N","0","1","40 01:13.868","1","0","75 02:33.841","0","0","0","0","67301","0","0","0","N","0","0","0","1","68K01","0","","3.0","700.0","9","N","N","N","0","","0","0","1","0","0","N","604","1","0","0","0","0","0","0","2","0","1","0","0","0","7","","","N","","","","","","","","","",""
"2021018880","1100","0","0","0","0","0","0","0","0","0","1","0","","67","6","2020","7","39.958531","-75.168057","","6","0","0","0","0","1","0","1","0","","0","0","0","11","1","1","N","0","0","39 57:30.713","","0","75 10:05.004","8","0","0","0","67301","0","0","0","N","0","0","0","2","00000","0","","1.0","","1","","","N","0","","0","0","1","0","0","","1100","2","1","0","0","0","1","0","2","0","2","0","0","0","3","","","N","","","","","","","","","",""
"2021016386","1230","1","0","0","0","0","0","0","0","0","1","0","","67","8","2020","4","40.032905","-75.04869","","6","0","0","0","0","0","0","1","0","","0","0","0","12","1","1","","1","0","40 01:58.459","","0","75 02:55.285","8","0","0","0","67301","0","0","0","N","0","0","0","2","00000","0","","1.0","","1","","","N","0","","0","0","1","3","2","","1230","2","1","0","0","0","1","0","2","0","2","0","0","0","3","","","N","","","","","","","","","",""
"2021034551","1803","2","0","0","0","0","0","1","0","0","5","1","","67","5","2020","4","40.030827","-75.054624","1803","6","0","0","0","0","0","0","0","0","","0","0","0","18","1","4","Y","0","0","40 01:50.976","","0","75 03:16.646","2","0","0","0","67301","0","0","0","N","0","0","0","6","67301","0","","6.0","","1","N","N","N","1","","0","1","0","3","2","","1803","4","4","0","0","0","3","0","2","0","4","0","0","0","4","03","","N","","","","","","","","","",""
"2021011679","1100","1","0","0","0","0","0","0","0","0","4","0","","67","9","2020","5","40.009585","-75.180418","","6","0","0","0","0","0","0","0","0","","0","0","0","11","1","2","","2","0","40 00:34.506","","0","75 10:49.505","8","0","0","0","67301","0","0","0","N","0","0","0","3","00000","0","","1.0","","1","","","N","0","","0","0","0","3","2","","1100","2","2","0","0","0","2","0","2","1","2","0","0","0","3","","","N","","","","","","","","","",""
"2021002881","1850","1","0","0","0","0","0","0","0","0","4","0","","67","11","2020","2","39.987671","-75.22498","1840","6","0","0","0","0","0","1","0","0","","0","0","0","18","3","1","","2","0","39 59:15.615","","0","75 13:29.927","3","0","0","0","67301","0","0","0","N","0","0","0","2","67301","0","","1.0","","9","N","N","N","0","","1","0","1","3","2","","1834","2","1","0","0","0","0","0","2","0","2","0","0","0","7","07","","N","","","","","","","","","",""
"2021002481","0726","2","0","0","0","0","0","0","0","0","5","0","","67","12","2020","7","40.047226","-75.000208","0719","6","0","0","1","0","0","0","0","0","","0","0","0","7","1","0","N","0","1","40 02:50.013","1","0","75 00:00.748","0","0","0","0","67301","0","0","0","N","0","0","0","3","68K01","0","","1.0","730.0","1","N","N","N","0","","0","0","0","0","0","N","717","2","0","0","0","0","0","0","2","0","2","0","0","0","3","","","N","","","","","","","","","",""
"2021002474","0842","0","0","0","0","0","0","0","0","0","7","0","","67","12","2020","6","39.949436","-75.141849","0836","6","0","0","0","0","0","0","0","0","","0","0","0","8","1","0","N","0","0","39 56:57.968","","0","75 08:30.655","0","0","0","0","67301","0","0","0","N","0","0","0","1","68K01","0","","2.0","","9","N","N","N","1","","0","0","0","0","0","","824","1","0","0","0","0","0","0","2","0","1","0","0","0","7","","","N","","","","","","","","","",""
"2021016441","1430","2","0","0","0","0","0","0","0","0","4","0","","67","10","2020","6","39.995201","-75.172557","","6","0","0","0","0","0","0","0","0","","0","0","0","14","1","1","","1","0","39 59:42.723","","0","75 10:21.205","8","0","0","0","67301","0","0","0","N","0","0","0","2","00000","0","","1.0","","1","","","N","0","","0","0","0","3","3","","1430","2","1","0","0","0","1","0","2","0","2","0","0","0","3","","","N","","","","","","","","","",""
"2021011695","1330","2","0","0","0","0","0","0","0","0","4","0","","67","8","2020","1","39.951071","-75.165619","","6","0","0","0","0","0","0","0","0","","0","0","0","13","1","1","","1","0","39 57:03.856","","0","75 09:56.230","8","0","0","0","67301","0","0","0","N","0","0","0","2","00000","0","","1.0","","1","","","N","0","","0","0","0","3","2","","1330","2","1","0","0","0","1","0","2","0","2","0","0","0","3","","","N","","","","","","","","","",""
"2021013288","1100","1","0","0","0","0","0","0","0","0","1","0","","67","8","2020","7","40.025648","-75.122274","","6","0","0","0","0","0","0","0","0","","0","0","0","11","1","1","","1","0","40 01:32.331","","0","75 07:20.187","8","0","0","0","67301","0","0","0","N","0","0","0","2","00000","0","","1.0","","1","","","N","1","","0","0","0","3","2","","1100","2","1","0","0","0","1","0","2","0","2","0","0","0","3","","","N","","","","","","","","","",""
"2020073058","1550","1","0","0","0","0","0","0","0","0","5","0","","67","9","2020","1","40.005642","-75.075718","1550","6","0","0","0","0","0","1","1","0","","0","0","0","15","1","0","","5","0","40 00:20.310","","0","75 04:32.583","0","0","0","0","67301","0","0","0","N","0","0","0","2","67301","0","","1.0","","1","N","N","N","1","","0","0","0","3","2","","1545","2","0","0","0","0","0","0","2","0","2","0","0","0","3","03","","N","","","","","","","","","",""
"2021004297","1520","0","0","0","0","0","0","0","0","0","1","0","50","67","12","2020","6","39.938312","-75.197716","1516","6","0","0","0","0","0","2","0","0","","0","0","0","15","1","1","N","0","1","39 56:17.923","4","0","75 11:51.776","8","0","0","0","67301","0","0","0","N","0","0","0","4","68K01","0","","1.0","1636.0","1","N","N","N","0","","0","0","3","0","0","N","1512","3","1","0","0","0","1","0","2","0","3","0","0","0","3","","N","Y","2","1","","","N","Y","","","","N"
"2021016342","0940","1","0","0","0","0","0","0","0","0","4","0","","67","11","2020","2","39.957136","-75.151069","","6","0","0","0","0","0","1","0","0","","0","0","0","9","1","1","","5","0","39 57:25.688","","2","75 09:03.847","8","0","0","0","67301","0","0","0","N","0","0","0","2","00000","0","","1.0","","1","","","N","0","","0","0","1","3","2","","940","2","1","0","0","0","1","0","2","0","2","0","0","0","3","","","N","","","","","","","","","",""
"2021018883","1700","1","0","0","0","0","0","0","0","0","1","0","","67","12","2020","7","39.928889","-75.229639","","6","0","0","0","0","0","0","0","0","","0","0","0","17","1","1","Y","0","0","39 55:44.000","","0","75 13:46.700","8","0","0","0","67301","0","0","0","N","0","0","0","2","00000","0","","1.0","","1","","","N","0","","0","0","0","3","2","","1700","2","1","0","0","0","1","0","2","0","2","0","0","0","3","","","N","","","","","","","","","",""
"2021002257","0809","0","0","0","0","0","0","0","0","0","5","0","","67","12","2020","1","39.996583","-75.148519","0818","6","0","0","0","0","0","0","0","0","","0","0","0","7","1","0","N","0","0","39 59:47.700","","0","75 08:54.670","0","0","0","0","67301","0","0","0","N","0","0","0","1","67301","0","","6.0","","1","N","N","N","0","","0","0","2","0","0","","756","3","0","0","0","0","0","0","2","1","3","0","0","0","3","03","","N","","","","","","","","","",""
"2021016848","1850","1","0","0","0","0","0","0","0","0","4","0","","67","12","2020","3","39.968087","-75.206264","","6","0","0","0","0","0","2","0","0","","0","0","0","18","1","0","","2","0","39 58:05.113","","0","75 12:22.550","0","0","0","0","67301","0","0","0","N","0","0","0","2","00000","0","","1.0","","1","","","N","1","","0","0","0","3","3","","1850","3","0","0","0","0","0","0","2","0","3","0","0","0","3","","","N","","","","","","","","","",""
"2021014575","0500","0","0","0","0","0","0","0","0","0","5","0","","67","10","2020","1","39.901386","-75.152221","","6","0","0","0","0","0","0","0","0","","0","0","0","5","1","1","N","0","0","39 54:04.988","","0","75 09:07.997","8","0","0","0","67301","0","0","0","N","0","0","0","2","00000","0","","1.0","","1","","","N","1","","0","0","1","0","0","","500","2","1","0","0","0","1","0","2","0","2","0","0","0","3","","","N","","","","","","","","","",""
"2021038451","1153","0","0","0","0","0","0","0","0","0","8","0","","67","11","2020","2","39.969456","-75.230391","1150","6","0","0","0","0","0","0","1","0","","0","0","0","11","1","1","","2","0","39 58:10.041","","0","75 13:49.407","4","0","0","0","67301","1","0","0","N","1","0","0","2","67301","1","","1.0","","1","N","N","N","0","","0","0","0","0","0","","1145","2","1","1","0","0","0","0","2","1","1","1","0","0","3","03","","N","","","","","","","","","",""
"2021002241","","0","0","0","0","0","0","0","0","0","1","0","","67","3","2020","7","39.923927","-75.222089","","6","0","0","0","0","0","1","0","0","","0","0","0","16","1","1","","1","0","39 55:26.137","","0","75 13:19.522","8","0","0","0","67301","0","0","0","N","0","0","0","2","00000","0","","1.0","","1","","","N","0","","0","0","1","3","3","","1601","2","1","0","0","0","1","0","2","1","2","0","0","0","3","","","N","","","","","","","","","",""
"2021001171","1449","1","0","0","0","0","0","0","0","0","1","0","","67","12","2020","5","39.940426","-75.143136","1433","6","0","0","0","0","0","0","0","0","","0","0","0","14","1","0","N","6","0","39 56:25.534","","2","75 08:35.290","9","0","0","0","67301","0","0","0","N","0","0","0","3","68K01","0","","1.0","","9","N","N","N","0","","0","0","1","0","0","","1430","3","0","0","0","0","0","1","2","0","3","0","0","0","3","03","","N","","","","","","","","","",""
"2021001861","","0","0","0","0","0","0","0","0","0","1","0","","67","3","2020","6","40.090799","-75.064361","","6","0","0","0","0","0","0","0","0","","0","0","0","20","1","1","","2","0","40 05:26.876","","0","75 03:51.699","8","0","0","0","67301","0","0","0","N","0","0","0","2","00000","0","","1.0","","1","","","N","0","","0","0","1","3","3","","2000","2","1","0","0","0","1","0","2","1","2","0","0","0","3","","","N","","","","","","","","","",""
"2021002491","2142","2","0","0","0","0","0","0","0","0","5","0","","67","12","2020","2","39.931874","-75.199796","2127","6","0","0","0","0","0","0","0","0","","0","0","0","21","3","0","N","0","2","39 55:54.745","4","0","75 11:59.264","0","0","0","0","67301","0","0","0","N","0","0","0","2","68K01","0","","3.0","30.0","1","N","N","N","0","","0","0","0","0","0","N","2120","2","0","0","0","0","0","0","2","0","2","0","0","0","3","","","N","","","","","","","","","",""
"2021000160","1802","1","0","0","0","0","0","0","0","0","4","0","","67","12","2020","5","40.049694","-74.999096","1800","6","0","0","0","0","0","0","1","0","","0","0","0","17","3","2","N","0","1","40 02:58.899","6","0","74 59:56.745","8","0","0","0","67301","0","0","0","N","0","0","0","4","67301","0","","1.0","1901.0","9","N","N","N","0","","0","0","1","0","0","N","1755","2","2","1","0","0","2","0","2","0","2","0","0","0","3","03","","N","","","","","","","","","",""
"2021005947","1834","0","0","0","0","0","0","0","0","0","8","0","","67","12","2020","3","40.023714","-75.076165","1833","6","0","0","0","0","0","0","0","0","","0","0","0","18","3","1","N","0","0","40 01:25.370","","0","75 04:34.195","2","0","0","0","67301","1","0","1","N","1","0","1","2","67301","0","","1.0","","1","N","N","N","0","","0","1","1","0","0","","1833","2","1","0","0","0","0","0","2","0","1","1","0","1","3","03","","N","","","","","","","","","",""
"2020073389","2021","2","0","0","0","0","0","0","0","0","5","0","","67","9","2020","2","40.015262","-75.177042","2021","6","0","0","0","0","0","0","0","0","","0","0","0","19","6","1","N","0","0","40 00:54.942","","0","75 10:37.350","3","0","0","0","67301","0","0","0","N","0","0","0","3","67301","0","","1.0","","1","N","N","N","0","","1","0","0","0","0","","1900","2","1","0","0","0","0","1","2","0","2","0","0","0","3","03","","N","","","","","","","","","",""
"2020103949","0146","1","0","0","0","0","0","0","0","0","4","0","","67","11","2020","1","39.994856","-75.136678","0136","6","0","0","0","0","0","0","0","0","","0","0","0","1","3","0","","1","0","39 59:41.481","","0","75 08:12.040","0","0","0","0","67301","0","0","0","N","0","0","0","2","67301","0","","1.0","","1","N","N","N","0","","0","0","0","3","3","","130","2","0","1","0","0","0","0","2","0","2","0","0","0","3","98","","N","","","","","","","","","",""
"2021014837","1838","1","0","0","0","0","0","0","0","0","1","0","","67","12","2020","5","39.973055","-75.213899","1838","6","0","0","0","0","0","0","0","0","","0","0","0","18","3","4","","2","0","39 58:22.997","","0","75 12:50.037","3","0","0","0","67301","0","0","0","N","0","0","0","5","67301","0","","1.0","","9","N","N","N","0","","4","0","1","3","3","","1815","2","4","0","0","0","0","0","2","0","2","0","0","0","7","07","","N","","","","","","","","","",""
"2021016741","0500","2","0","0","0","0","0","0","0","0","1","0","","67","10","2020","5","39.911889","-75.160611","","6","0","0","0","0","0","0","0","0","","0","0","0","5","1","1","","2","0","39 54:42.800","","2","75 09:38.200","8","0","0","0","67301","0","0","0","N","0","0","0","2","00000","0","","1.0","","1","","","N","0","","0","0","0","3","2","","500","2","1","0","0","0","1","0","2","0","2","0","0","0","3","","","N","","","","","","","","","",""
"2021018881","1145","0","0","0","0","0","0","0","0","0","7","0","","67","12","2020","6","39.95768","-75.162367","","6","0","0","0","0","0","1","0","0","","0","0","0","11","1","0","","5","0","39 57:27.649","","2","75 09:44.521","0","0","0","0","67301","0","0","0","N","0","0","0","1","00000","0","","4.0","","1","","","N","0","","0","0","1","3","2","","1145","2","0","0","0","0","0","0","2","0","1","0","0","0","3","","","N","","","","","","","","","",""
"2021016348","2330","1","0","0","0","0","0","0","0","0","2","0","","67","9","2020","7","40.01384","-75.12598","","6","0","0","0","0","0","0","0","0","","0","0","0","23","3","1","","1","0","40 00:49.824","","0","75 07:33.527","8","0","0","0","67301","0","0","0","N","0","0","0","2","00000","0","","1.0","","1","","","N","0","","0","0","1","3","2","","2330","2","1","0","0","0","1","0","2","0","2","0","0","0","3","","","N","","","","","","","","","",""
"2021000456","2111","2","0","0","0","0","0","0","0","0","5","0","","67","12","2020","5","39.962828","-75.228125","2111","6","0","0","0","0","0","0","0","0","","0","0","0","21","3","1","N","0","0","39 57:46.180","","0","75 13:41.250","3","0","0","0","67301","0","0","0","N","0","0","0","1","67301","0","","1.0","","1","N","N","N","0","","1","0","1","0","0","","2111","3","1","0","0","0","0","0","2","0","3","0","0","0","3","03","","N","","","","","","","","","",""
"2021039455","0846","3","0","0","0","0","0","0","0","0","1","1","","67","8","2020","2","40.001044","-75.132803","0845","6","0","0","0","0","0","0","0","0","","0","1","0","8","1","1","N","0","2","40 00:03.760","2","0","75 07:58.090","3","0","0","0","67301","0","0","0","N","0","0","0","2","67301","0","","1.0","930.0","1","N","N","N","0","","1","0","2","0","0","Y","844","6","1","0","0","0","0","0","2","0","6","0","0","0","3","","","N","","","","","","","","","",""
"2022079280","","2","0","0","0","0","0","0","0","0","1","0","","67","12","2020","5","39.987714","-75.216154","","6","0","0","0","0","0","0","0","0","","0","0","0","14","1","1","","3","0","39 59:15.771","","0","75 12:58.153","8","0","0","0","67301","0","0","0","N","0","0","0","2","00000","0","","1.0","","1","","","N","0","","0","0","0","3","2","","1450","2","1","0","0","0","1","0","2","0","2","0","0","0","3","","","N","","","","","","","","","",""
"2020078372","2311","2","0","0","0","0","0","0","0","0","1","0","","67","9","2020","7","39.972216","-75.193626","2311","6","0","0","0","0","0","0","0","0","","0","0","0","23","3","1","N","0","2","39 58:19.979","3","0","75 11:37.052","3","0","0","0","67301","0","0","0","N","0","0","0","3","68K01","0","","1.0","2314.0","1","N","N","N","0","","1","0","0","0","0","N","2309","2","1","1","0","0","0","0","2","0","2","0","0","0","3","","","N","","","","","","","","","",""
"2020101156","0240","0","0","0","0","0","0","0","0","0","7","0","","67","11","2020","7","39.959139","-75.180444","0232","6","0","0","0","0","0","0","0","0","","0","0","0","2","3","1","","3","1","39 57:32.900","3","2","75 10:49.600","3","0","0","0","67301","0","0","0","N","0","0","0","1","68K01","0","","4.0","15.0","1","N","N","N","0","","1","0","1","0","0","N","232","1","1","0","0","0","0","0","2","0","1","0","0","0","3","03","","N","","","","","","","","","",""
"2021002444","0001","3","0","0","0","0","0","0","0","0","5","0","","67","11","2020","7","39.968244","-75.130026","0001","6","0","0","0","0","0","0","0","0","","0","0","0","0","3","2","N","0","1","39 58:05.677","2","0","75 07:48.092","3","0","0","0","67301","0","0","0","N","0","0","0","3","68K01","0","","1.0","110.0","1","N","N","N","0","","2","0","0","0","0","N","1","3","2","0","0","0","0","0","2","0","3","0","0","0","3","","","N","","","","","","","","","",""
"2021001870","","2","0","0","0","0","0","0","0","0","4","0","","67","4","2020","5","39.964539","-75.151263","","6","0","0","0","0","0","0","0","0","","0","0","0","17","1","1","","1","0","39 57:52.340","","0","75 09:04.546","8","0","0","0","67301","0","0","0","N","0","0","0","2","00000","0","","1.0","","1","","","N","0","","0","0","0","3","3","","1730","2","1","0","0","0","1","0","2","0","2","0","0","0","3","","","N","","","","","","","","","",""
"2023051422","1628","1","0","0","0","0","0","0","0","0","2","0","","67","10","2020","6","40.001536","-75.104258","1628","6","0","0","0","0","0","0","0","0","","0","0","0","14","1","0","","5","0","40 00:05.531","","0","75 06:15.328","0","0","0","0","67301","0","0","0","N","0","0","0","2","67301","0","","1.0","","1","N","N","N","0","","0","0","0","9","2","","1415","2","0","2","0","0","0","0","2","1","2","0","0","0","3","03","","N","","","","","","","","","",""
"2020083035","1650","0","0","0","0","0","0","0","0","0","5","0","","67","9","2020","6","40.035456","-75.147044","1640","6","0","0","0","0","0","0","0","0","","0","0","0","16","1","0","N","0","0","40 02:07.640","","0","75 08:49.360","0","0","0","0","67301","0","0","0","N","0","0","0","1","67301","0","","6.0","","1","N","N","N","0","","0","0","1","0","0","","1640","2","0","0","0","0","0","0","2","0","2","0","0","0","3","03","","N","","","","","","","","","",""
"2023056124","0858","1","0","0","0","0","0","0","0","0","1","0","","67","10","2020","6","40.012418","-75.183141","0852","6","0","0","0","0","0","0","0","0","","0","0","0","8","1","1","N","0","0","40 00:44.704","","0","75 10:59.307","3","0","0","0","67301","0","0","0","N","0","0","0","2","67301","0","","1.0","","9","N","N","N","0","","1","0","1","0","0","","828","2","1","0","0","0","0","0","2","0","2","0","0","0","7","07","","N","","","","","","","","","",""
"2021002494","2358","3","0","0","0","0","0","0","0","0","1","0","","67","12","2020","3","39.96004","-75.179147","2353","6","0","0","0","0","0","1","0","0","","0","0","0","23","3","2","N","0","2","39 57:36.145","4","0","75 10:44.929","3","0","0","0","67301","0","0","0","N","0","0","0","3","68K01","0","","1.0","1230.0","1","N","N","N","0","","2","0","0","3","1","N","2349","3","2","0","0","0","0","0","2","0","3","0","0","0","3","","","N","","","","","","","","","",""
"2023118219","1220","1","0","0","0","0","0","0","0","0","4","1","","67","6","2020","3","40.071948","-75.201754","1217","6","0","0","0","0","0","0","0","0","","0","1","0","10","1","1","N","0","1","40 04:19.012","5","0","75 12:06.315","4","0","0","0","67301","0","0","0","N","0","0","0","2","67301","1","","1.0","1300.0","1","N","N","N","0","","0","0","0","0","0","Y","1052","2","1","0","0","0","0","0","2","0","2","0","0","0","3","03","","N","","","","","","","","","",""
"2023112011","1125","0","0","0","0","0","0","0","0","0","4","1","","67","5","2020","2","40.012431","-75.176353","1119","6","0","0","0","0","0","0","0","1","","0","1","0","11","1","3","N","0","2","40 00:44.750","1","0","75 10:34.870","8","0","0","0","67301","0","0","0","N","0","0","0","3","67301","0","","1.0","1230.0","1","N","N","N","0","","0","0","0","0","0","Y","1116","2","3","0","0","0","3","0","2","1","2","0","0","0","3","03","","N","","","","","","","","","",""
"2021013310","0800","1","0","0","0","0","0","0","0","0","1","0","","67","9","2020","7","39.952925","-75.246703","","6","0","0","0","0","0","0","0","0","","0","0","0","8","1","2","","1","0","39 57:10.529","","0","75 14:48.130","8","0","0","0","67301","0","0","0","N","0","0","0","3","00000","0","","1.0","","1","","","N","0","","0","0","0","3","2","","800","2","2","0","0","0","2","0","2","0","2","0","0","0","3","","","N","","","","","","","","","",""
"2021004116","1330","0","0","0","0","0","0","0","0","0","6","0","","67","3","2020","1","39.985802","-75.215608","","6","0","0","0","0","0","0","0","0","","0","0","0","13","1","1","","1","0","39 59:08.888","","0","75 12:56.190","8","0","0","0","67301","0","0","0","N","0","0","0","3","00000","0","","1.0","","1","","","N","0","","0","0","2","3","2","","1330","3","1","0","0","0","1","0","2","0","3","0","0","0","3","","","N","","","","","","","","","",""