"CRN","ARRIVAL_TM","AUTOMOBILE_COUNT","BELTED_DEATH_COUNT","BELTED_SUSP_SERIOUS_INJ_COUNT","BICYCLE_COUNT","BICYCLE_DEATH_COUNT","BICYCLE_SUSP_SERIOUS_INJ_COUNT","BUS_COUNT","CHLDPAS_DEATH_COUNT","CHLDPAS_SUSP_SERIOUS_INJ_COUNT","COLLISION_TYPE","COMM_VEH_COUNT","CONS_ZONE_SPD_LIM","COUNTY","CRASH_MONTH","CRASH_YEAR","DAY_OF_WEEK","DEC_LATITUDE","DEC_LONGITUDE","DISPATCH_TM","DISTRICT","DRIVER_COUNT_16YR","DRIVER_COUNT_17YR","DRIVER_COUNT_18YR","DRIVER_COUNT_19YR","DRIVER_COUNT_20YR","DRIVER_COUNT_50_64YR","DRIVER_COUNT_65_74YR","DRIVER_COUNT_75PLUS","EST_HRS_CLOSED","FATAL_COUNT","HEAVY_TRUCK_COUNT","HORSE_BUGGY_COUNT","HOUR_OF_DAY","ILLUMINATION","INJURY_COUNT","INTERSECTION_RELATED","INTERSECT_TYPE","LANE_CLOSED","LATITUDE","LN_CLOSE_DIR","LOCATION_TYPE","LONGITUDE","MAX_SEVERITY_LEVEL","MCYCLE_DEATH_COUNT","MCYCLE_SUSP_SERIOUS_INJ_COUNT","MOTORCYCLE_COUNT","MUNICIPALITY","NONMOTR_COUNT","NONMOTR_DEATH_COUNT","NONMOTR_SUSP_SERIOUS_INJ_COUNT","NTFY_HIWY_MAINT","PED_COUNT","PED_DEATH_COUNT","PED_SUSP_SERIOUS_INJ_COUNT","PERSON_COUNT","POLICE_AGCY","POSSIBLE_INJ_COUNT","RDWY_SURF_TYPE_CD","RELATION_TO_ROAD","ROADWAY_CLEARED","ROAD_CONDITION","SCH_BUS_IND","SCH_ZONE_IND","SECONDARY_CRASH","SMALL_TRUCK_COUNT","SPEC_JURIS_CD","SUSP_MINOR_INJ_COUNT","SUSP_SERIOUS_INJ_COUNT","SUV_COUNT","TCD_FUNC_CD","TCD_TYPE","TFC_DETOUR_IND","TIME_OF_DAY","TOTAL_UNITS","TOT_INJ_COUNT","UNBELTED_OCC_COUNT","UNB_DEATH_COUNT","UNB_SUSP_SERIOUS_INJ_COUNT","UNK_INJ_DEG_COUNT","UNK_INJ_PER_COUNT","URBAN_RURAL","VAN_COUNT","VEHICLE_COUNT","VULNERABLE_ROAD_USER_COUNT","VULNERABLE_ROAD_USER_DEATH_COUNT","VULNERABLE_ROAD_USER_SER_INJ_COUNT","WEATHER1","WEATHER2","WORKERS_PRES","WORK_ZONE_IND","WORK_ZONE_LOC","WORK_ZONE_TYPE","WZ_CLOSE_DETOUR","WZ_FLAGGER","WZ_LAW_OFFCR_IND","WZ_LN_CLOSURE","WZ_MOVING","WZ_OTHER","WZ_SHLDER_MDN","WZ_WORKERS_INJ_KILLED"
"2021005945","2348","3","0","0","0","0","0","0","0","0","4","0","","67","6","2020","7","40.031149","-75.036056","2347","6","0","0","0","0","0","0","0","0","","0","0","0","23","3","1","","2","0","40 01:52.137","","0","75 02:09.802","3","0","0","0","67301","0","0","0","N","0","0","0","3","67301","0","","1.0","","1","N","N","N","0","","1","0","1","3","3","","2325","4","1","1","0","0","0","0","2","0","4","0","0","0","3","03","","N","","","","","","","","","",""
"2021002245","","1","0","0","0","0","0","0","0","0","2","0","","67","3","2020","7","40.031621","-75.022114","","6","0","0","0","0","0","1","0","0","","0","0","0","0","1","0","N","0","0","40 01:53.837","","0","75 01:19.612","0","0","0","0","67301","0","0","0","N","0","0","0","2","00000","0","","1.0","","1","","","N","0","","0","0","1","0","0","","30","2","0","0","0","0","0","0","2","0","2","0","0","0","3","","","N","","","","","","","","","",""
"2021013332","0800","0","0","0","0","0","0","0","0","0","4","0","","67","3","2020","5","40.028683","-75.117741","","6","0","0","0","0","0","0","0","0","","0","0","0","8","1","2","","1","0","40 01:43.257","","0","75 07:03.868","8","0","0","0","67301","0","0","0","N","0","0","0","3","00000","0","","1.0","","1","","","N","0","","0","0","0","3","2","","800","2","2","0","0","0","2","0","2","0","2","0","0","0","3","","","N","","","","","","","","","",""
"2021013343","2255","0","0","0","0","0","0","0","0","0","1","0","","67","10","2020","7","39.954893","-75.183377","","6","0","0","0","0","0","1","0","0","","0","0","0","22","3","1","","1","0","39 57:17.616","","0","75 11:00.157","8","0","0","0","67301","0","0","0","N","0","0","0","2","00000","0","","1.0","","1","","","N","0","","0","0","2","3","2","","2255","2","1","0","0","0","1","0","2","0","2","0","0","0","3","","","N","","","","","","","","","",""
"2022079291","","2","0","0","0","0","0","0","0","0","1","0","","67","11","2020","3","39.991512","-75.136139","","6","0","0","0","0","0","0","0","0","","0","0","0","17","1","1","","1","0","39 59:29.442","","0","75 08:10.101","8","0","0","0","67301","0","0","0","N","0","0","0","3","00000","0","","1.0","","1","","","N","0","","0","0","0","3","2","","1723","3","1","0","0","0","1","0","2","0","3","0","0","0","3","","","N","","","","","","","","","",""
"2021011675","2041","0","0","0","0","0","0","0","0","0","5","0","","67","7","2020","7","40.029541","-75.101624","","6","0","0","0","0","0","1","0","0","","0","0","0","20","1","0","N","0","0","40 01:46.347","","0","75 06:05.847","0","0","0","0","67301","0","0","0","N","0","0","0","3","00000","0","","1.0","","1","","","N","0","","0","0","2","0","0","","2041","3","0","0","0","0","0","0","2","0","3","0","0","0","3","","","N","","","","","","","","","",""
"2021014573","0930","0","0","0","0","0","0","0","0","0","1","0","","67","8","2020","2","40.007639","-75.127327","","6","0","0","0","0","0","0","0","0","","0","0","0","9","1","1","","1","0","40 00:27.502","","0","75 07:38.377","8","0","0","0","67301","0","0","0","N","0","0","0","2","00000","0","","1.0","","1","","","N","0","","0","0","1","3","2","","930","2","1","0","0","0","1","0","2","0","2","0","0","0","3","","","N","","","","","","","","","",""
"2021008746","2149","1","0","0","0","0","0","0","0","0","8","0","","67","1","2020","6","39.954481","-75.205469","2149","6","0","0","0","0","0","1","0","0","","1","0","0","21","3","0","N","0","2","39 57:16.133","4","0","75 12:19.687","1","0","0","0","67301","1","1","0","N","1","1","0","2","67301","0","2","1.0","2330.0","9","N","N","N","0","0","0","0","0","0","0","Y","2144","2","0","0","0","0","0","0","2","0","1","1","1","0","7","07","","N","","","","","","","","","",""
"2021000246","0514","2","0","0","0","0","0","0","0","0","4","0","","67","12","2020","5","39.951943","-75.2388","0511","6","0","0","0","0","0","0","0","0","","0","0","0","5","3","0","","1","0","39 57:06.994","","0","75 14:19.679","0","0","0","0","67301","0","0","0","N","0","0","0","2","67301","0","","1.0","","9","N","N","N","0","","0","0","1","3","2","","500","3","0","0","0","0","0","0","2","0","3","0","0","0","7","","","N","","","","","","","","","",""
"2021014198","1536","1","0","0","0","0","0","0","0","0","7","0","","67","9","2020","3","40.011917","-75.126389","1536","6","0","0","0","0","0","0","0","0","","0","0","0","15","1","1","N","0","0","40 00:42.900","","0","75 07:35.000","2","0","0","0","67301","0","0","0","N","0","0","0","1","67301","0","","4.0","","1","N","N","Y","0","","0","1","0","0","0","","1520","1","1","0","0","0","0","0","2","0","1","0","0","0","3","03","","N","","","","","","","","","",""
"2021000087","0827","1","0","0","0","0","0","0","0","0","5","0","","67","12","2020","5","39.948642","-75.2128","0826","6","0","0","0","0","0","0","0","0","","0","0","0","6","3","0","N","0","0","39 56:55.110","","0","75 12:46.080","9","0","0","0","67301","0","0","0","N","0","0","0","1","67301","0","","1.0","","1","N","N","N","0","","0","0","1","0","0","","642","2","0","0","0","0","0","1","2","0","2","0","0","0","7","07","","N","","","","","","","","","",""
"2021011192","1817","2","0","0","0","0","0","0","0","0","4","0","","67","7","2020","2","39.978597","-75.213624","","6","0","0","0","0","0","0","0","0","","0","0","0","18","1","0","","1","0","39 58:42.950","","0","75 12:49.048","0","0","0","0","67301","0","0","0","N","0","0","0","2","00000","0","","1.0","","1","","","N","0","","0","0","0","3","2","","1817","2","0","0","0","0","0","0","2","0","2","0","0","0","3","","","N","","","","","","","","","",""
"2021002309","1600","1","0","0","0","0","0","0","0","0","4","0","","67","5","2020","7","40.024571","-75.180433","","6","0","0","0","0","0","0","0","0","","0","0","0","16","1","1","N","0","0","40 01:28.455","","7","75 10:49.559","8","0","0","0","67301","0","0","0","N","0","0","0","2","00000","0","","1.0","","1","","","N","0","","0","0","1","3","3","","1600","2","1","0","0","0","1","0","2","0","2","0","0","0","3","","","N","","","","","","","","","",""
"2021001164","0940","0","0","0","0","0","0","0","0","0","5","1","","67","12","2020","4","39.965593","-75.186252","0931","6","0","0","0","0","0","1","0","0","","0","1","0","9","1","1","N","0","1","39 57:56.136","3","0","75 11:10.508","4","0","0","0","67301","0","0","0","N","0","0","0","2","68K01","1","","1.0","955.0","1","N","N","N","1","","0","0","0","0","0","N","928","2","1","0","0","0","0","0","2","0","2","0","0","0","3","","","N","","","","","","","","","",""
"2021045672","1800","0","0","0","0","0","0","0","0","0","1","1","","67","1","2020","4","39.957028","-75.245694","1731","6","0","0","0","0","0","0","0","0","","0","1","0","17","1","1","N","0","0","39 57:25.300","","0","75 14:44.500","3","0","0","0","67301","0","0","0","N","0","0","0","2","67301","0","","6.0","","1","N","N","N","0","","1","0","1","0","0","","1730","2","1","0","0","0","0","1","2","0","2","0","0","0","3","03","","N","","","","","","","","","",""
"2021010372","1810","0","0","0","0","0","0","0","0","0","4","0","","67","7","2020","5","39.93973","-75.225514","","6","0","0","0","0","0","1","0","0","","0","0","0","18","1","0","","1","0","39 56:23.027","","0","75 13:31.850","0","0","0","0","67301","0","0","0","N","0","0","0","2","00000","0","","1.0","","1","","","N","0","","0","0","1","3","2","","1810","2","0","0","0","0","0","0","2","0","2","0","0","0","3","","","N","","","","","","","","","",""
"2021005953","0010","0","0","0","0","0","0","0","0","0","4","0","","67","12","2020","3","40.005465","-75.145833","0008","6","0","0","0","1","0","1","0","0","","1","0","0","0","3","0","N","1","2","40 00:19.674","6","0","75 08:44.998","1","0","0","0","67301","0","0","0","N","0","0","0","2","67301","0","2","1.0","100.0","1","N","N","N","0","0","0","0","1","0","0","N","5","2","0","2","1","0","0","0","2","1","2","0","0","0","3","03","","N","","","","","","","","","",""
"2021045671","1115","1","0","0","0","0","0","0","0","0","6","0","","67","4","2020","4","39.993639","-75.2145","1103","6","0","0","0","0","0","0","0","0","","0","0","0","11","1","3","N","0","0","39 59:37.100","","0","75 12:52.200","3","0","0","0","67301","0","0","0","N","0","0","0","4","67301","1","","1.0","","1","N","N","N","0","","2","0","0","0","0","","1103","2","3","0","0","0","0","0","2","1","2","0","0","0","3","03","","N","","","","","","","","","",""
"2022079903","","2","0","0","0","0","0","0","0","0","3","0","","67","9","2020","5","40.022806","-75.143611","","6","0","0","0","0","0","0","0","0","","0","0","0","13","1","3","N","0","0","40 01:22.100","","0","75 08:37.000","8","0","0","0","67301","0","0","0","N","0","0","0","4","00000","0","","1.0","","1","","","N","0","","0","0","0","0","0","","1330","2","3","0","0","0","3","0","2","0","2","0","0","0","3","","","N","","","","","","","","","",""
"2020015156","0230","2","0","0","0","0","0","0","0","0","2","0","","67","2","2020","2","39.990756","-75.123761","0230","6","0","0","0","0","1","0","0","0","","0","0","0","2","3","0","N","0","0","39 59:26.720","","0","75 07:25.540","9","0","0","0","67301","0","0","0","N","0","0","0","2","67301","0","","1.0","","1","N","N","N","0","","0","0","0","0","0","","203","2","0","0","0","0","0","1","2","0","2","0","0","0","3","","","N","","","","","","","","","",""
"2021026025","1944","1","0","0","0","0","0","0","0","0","1","0","","67","5","2020","6","40.033296","-75.037693","1931","6","0","0","0","0","0","1","0","0","","0","0","0","19","4","0","","1","0","40 01:59.865","","0","75 02:15.694","0","0","0","0","67301","0","0","0","N","0","0","0","2","67301","0","","1.0","","1","N","N","N","0","","0","0","1","3","2","","1930","2","0","0","0","0","0","0","2","0","2","0","0","0","4","03","","N","","","","","","","","","",""
"2021119790","0115","2","0","0","0","0","0","0","0","0","4","0","","67","10","2020","7","40.035118","-75.069504","0112","6","0","0","0","0","0","0","0","0","","0","0","0","1","3","0","","1","0","40 02:06.425","","0","75 04:10.216","0","0","0","0","67301","0","0","0","N","0","0","0","3","67301","0","","1.0","","1","N","N","N","0","","0","0","1","3","2","","110","3","0","0","0","0","0","0","2","0","3","0","0","0","3","03","","N","","","","","","","","","",""
"2021000422","1252","0","0","0","0","0","0","0","0","0","5","0","","67","12","2020","4","39.972794","-75.120858","1239","6","0","0","0","0","0","0","0","0","","0","0","0","12","1","1","N","0","1","39 58:22.058","1","0","75 07:15.090","3","0","0","0","67301","0","0","0","N","0","0","0","2","68K01","0","","1.0","1320.0","1","N","N","N","0","","1","0","1","3","8","N","1238","2","1","0","0","0","0","1","2","0","2","0","0","0","3","","","N","","","","","","","","","",""
"2021001197","0828","1","0","0","0","0","0","0","0","0","5","0","","67","12","2020","7","39.961141","-75.139976","0809","6","0","0","0","0","0","2","0","0","","0","0","0","8","1","0","N","0","0","39 57:40.109","","0","75 08:23.912","0","0","0","0","67301","0","0","0","N","0","0","0","2","68K01","0","","1.0","","1","N","N","N","0","","0","0","1","0","0","","807","2","0","0","0","0","0","0","2","0","2","0","0","0","3","03","","N","","","","","","","","","",""
"2022075120","","1","0","0","0","0","0","0","0","0","4","0","","67","9","2020","3","40.015922","-75.07145","","6","0","0","0","0","0","0","0","0","","0","0","0","99","1","2","","1","0","40 00:57.320","","0","75 04:17.220","8","0","0","0","67301","0","0","0","N","0","0","0","3","00000","0","","1.0","","1","","","N","0","","0","0","0","3","2","","9999","2","2","0","0","0","2","0","2","0","2","0","0","0","3","","","N","","","","","","","","","",""
"2021001864","","0","0","0","0","0","0","0","0","0","1","0","","67","3","2020","4","39.992957","-75.110258","","6","0","0","0","0","0","0","1","0","","0","0","0","14","1","1","","1","0","39 59:34.645","","0","75 06:36.928","8","0","0","0","67301","0","0","0","N","0","0","0","2","00000","0","","1.0","","1","","","N","0","","0","0","0","3","2","","1435","2","1","0","0","0","1","0","2","0","2","0","0","0","3","","","N","","","","","","","","","",""
"2022079887","","2","0","0","0","0","0","0","0","0","4","0","","67","12","2020","3","39.984681","-75.156494","","6","0","0","0","0","0","1","0","0","","0","0","0","14","1","3","","1","0","39 59:04.850","","0","75 09:23.377","8","0","0","0","67301","0","0","0","N","0","0","0","4","00000","0","","1.0","","1","","","N","0","","0","0","0","3","2","","1430","2","3","1","0","0","3","0","2","0","2","0","0","0","3","","","N","","","","","","","","","",""
"2022079802","","0","0","0","0","0","0","0","0","0","1","0","","67","12","2020","3","","","","6","0","0","0","0","0","0","0","0","","0","0","0","20","2","1","N","0","0","","","0","","8","0","0","0","67301","0","0","0","N","0","0","0","3","00000","0","","1.0","","1","","","N","0","","0","0","0","0","0","","2045","3","1","0","0","0","1","0","1","1","3","0","0","0","3","","","N","","","","","","","","","",""
"2021077542","2121","0","0","0","0","0","0","0","0","0","7","0","","67","11","2020","4","39.967608","-75.235509","2121","6","0","1","0","0","0","0","0","0","","0","0","0","21","3","2","","2","0","39 58:03.388","","0","75 14:07.832","3","0","0","0","67301","0","0","0","N","0","0","0","3","67301","0","","5.0","","1","N","N","N","0","","2","0","0","3","3","","2120","1","2","3","0","0","0","0","2","1","1","0","0","0","3","03","","N","","","","","","","","","",""
"2021016346","0933","2","0","0","0","0","0","0","0","0","4","0","","67","10","2020","7","39.958023","-75.148822","","6","0","0","0","0","0","0","0","0","","0","0","0","9","1","0","","1","0","39 57:28.881","","0","75 08:55.758","0","0","0","0","67301","0","0","0","N","0","0","0","2","00000","0","","1.0","","1","","","N","0","","0","0","0","3","2","","933","2","0","0","0","0","0","0","2","0","2","0","0","0","3","","","N","","","","","","","","","",""
"2021016742","1030","0","0","0","0","0","0","0","0","0","4","0","","67","11","2020","7","40.019645","-75.210671","","6","0","0","0","0","0","1","0","0","","0","0","0","10","1","1","","5","0","40 01:10.722","","0","75 12:38.416","8","0","0","0","67301","0","0","0","N","0","0","0","2","00000","0","","1.0","","1","","","N","0","","0","0","2","3","2","","1030","2","1","0","0","0","1","0","2","0","2","0","0","0","3","","","N","","","","","","","","","",""
"2021004302","0707","1","0","0","0","0","0","0","0","0","7","0","","67","12","2020","2","39.997551","-75.081641","0644","6","0","0","0","0","0","0","0","0","","0","0","0","6","1","0","N","3","1","39 59:51.182","1","2","75 04:53.908","0","0","0","0","67301","0","0","0","Y","0","0","0","1","68K01","0","","4.0","707.0","1","N","N","N","0","","0","0","0","0","0","Y","632","1","0","0","0","0","0","0","2","0","1","0","0","0","3","","","N","","","","","","","","","",""
"2022079283","","1","0","0","0","0","0","0","0","0","4","0","","67","11","2020","5","","","","6","0","0","1","0","0","0","0","0","","0","0","0","99","1","3","","1","0","","","0","","8","0","0","0","67301","0","0","0","N","0","0","0","4","00000","0","","1.0","","1","","","N","0","","0","0","0","3","3","","9999","2","3","0","0","0","3","0","1","0","2","0","0","0","3","","","N","","","","","","","","","",""
"2021021666","2210","2","0","0","0","0","0","0","0","0","4","0","","67","12","2020","5","39.975299","-75.245606","2207","6","0","0","0","0","0","0","0","0","","0","0","0","21","3","0","","1","0","39 58:31.077","","0","75 14:44.180","0","0","0","0","67301","0","0","0","N","0","0","0","2","67301","0","","1.0","","2","N","N","N","0","","0","0","0","3","2","","2137","2","0","0","0","0","0","0","2","0","2","0","0","0","4","04","","N","","","","","","","","","",""
"2022079287","","1","0","0","0","0","0","0","0","0","4","0","","67","12","2020","7","40.109667","-75.026222","","6","0","0","0","0","0","1","0","0","","0","0","0","11","1","1","N","0","0","40 06:34.800","","7","75 01:34.400","8","0","0","0","67301","0","0","0","N","0","0","0","2","00000","0","","1.0","","1","N","N","N","0","","0","0","0","0","0","","1100","2","1","0","0","0","1","0","2","0","2","0","0","0","3","03","","N","","","","","","","","","",""
"2021119762","","1","0","0","0","0","0","0","0","0","4","0","","67","3","2020","6","39.935423","-75.220353","","6","0","0","0","0","0","1","0","0","","0","0","0","9","1","2","","1","0","39 56:07.522","","0","75 13:13.270","3","0","0","0","67301","0","0","0","N","0","0","0","3","00000","0","","1.0","","1","N","N","N","1","","1","0","0","3","2","","915","2","2","0","0","0","1","0","2","0","2","0","0","0","3","","","N","","","","","","","","","",""
"2021023526","1910","0","0","0","0","0","0","0","0","0","4","0","","67","11","2020","6","39.994378","-75.130134","","6","0","0","0","0","0","0","0","1","","0","0","0","19","1","1","","1","0","39 59:39.760","","0","75 07:48.482","8","0","0","0","67301","0","0","0","N","0","0","0","2","00000","0","","1.0","","1","","","N","0","","0","0","1","3","3","","1910","2","1","0","0","0","1","0","2","0","2","0","0","0","3","","","N","","","","","","","","","",""
"2022043769","","1","0","0","0","0","0","0","0","0","1","0","","67","6","2020","3","39.985789","-75.111556","","6","0","0","0","0","0","1","0","0","","0","0","0","17","1","1","","1","0","39 59:08.840","","0","75 06:41.602","8","0","0","0","67301","0","0","0","N","0","0","0","2","00000","0","","1.0","","1","","","N","1","","0","0","0","3","2","","1715","2","1","0","0","0","1","0","2","0","2","0","0","0","3","","","N","","","","","","","","","",""
"2021018479","2000","0","0","0","0","0","0","0","0","0","5","0","","67","11","2020","5","","","","6","0","0","0","0","0","0","0","0","","0","0","0","20","1","2","N","0","0","","","1","","8","0","0","0","67301","0","0","0","N","0","0","0","3","00000","0","","1.0","","1","","","N","0","","0","0","1","0","0","","2000","2","2","0","0","0","2","0","1","0","2","0","0","0","3","","","N","","","","","","","","","",""
"2021002236","","2","0","0","0","0","0","0","0","0","4","0","","67","2","2020","5","40.035947","-75.12128","","6","0","0","0","0","2","0","0","0","","0","0","0","13","1","0","","2","0","40 02:09.409","","0","75 07:16.607","0","0","0","0","67301","0","0","0","N","0","0","0","2","00000","0","","1.0","","1","","","N","0","","0","0","0","3","3","","1300","2","0","0","0","0","0","0","2","0","2","0","0","0","3","","","N","","","","","","","","","",""
"2021004457","1400","0","0","0","0","0","0","0","0","0","5","0","","67","6","2020","6","40.017826","-75.171651","","6","0","0","0","0","0","1","0","0","","0","0","0","14","1","3","N","0","0","40 01:04.175","","0","75 10:17.945","8","0","0","0","67301","0","0","0","N","0","0","0","4","00000","0","","1.0","","1","","","N","0","","0","0","1","0","0","","1400","2","3","0","0","0","3","0","2","1","2","0","0","0","3","","","N","","","","","","","","","",""
"2022079296","","1","0","0","0","0","0","0","0","0","4","0","","67","6","2020","3","40.021542","-75.139806","","6","0","0","0","0","0","1","0","0","","0","0","0","17","1","1","","1","0","40 01:17.552","","0","75 08:23.303","8","0","0","0","67301","0","0","0","N","0","0","0","2","00000","0","","1.0","","1","","","N","0","","0","0","0","3","2","","1745","2","1","0","0","0","1","0","2","1","2","0","0","0","3","","","N","","","","","","","","","",""
"2020095614","0709","3","0","0","0","0","0","0","0","0","4","0","","67","11","2020","1","40.040936","-75.140747","0708","6","0","0","0","0","0","0","0","0","","0","0","0","6","1","2","","2","0","40 02:27.370","","0","75 08:26.690","3","0","0","0","67301","0","0","0","N","0","0","0","2","67301","0","","1.0","","1","N","N","N","0","","2","0","1","0","0","","652","4","2","2","0","0","0","0","2","0","4","0","0","0","3","03","","N","","","","","","","","","",""
"2020077353","2051","1","0","0","0","0","0","0","0","0","7","0","","67","9","2020","1","40.079989","-74.997289","2047","6","0","0","0","0","0","1","0","0","","0","0","0","20","3","1","","2","0","40 04:47.959","","0","74 59:50.241","3","0","0","0","67301","0","0","0","N","0","0","0","1","67301","0","","4.0","","1","N","N","N","0","","1","0","0","3","2","","2046","1","1","0","0","0","0","0","2","0","1","0","0","0","3","03","","N","","","","","","","","","",""
"2020028995","2042","0","0","0","0","0","0","0","0","0","4","0","","67","3","2020","5","39.965936","-75.20682","2042","6","0","0","0","0","0","0","0","0","","0","0","0","20","3","0","","1","0","39 57:57.368","","0","75 12:24.551","0","0","0","0","67301","0","0","0","N","0","0","0","2","67301","0","","1.0","","1","N","N","N","1","","0","0","3","3","3","","2035","4","0","0","0","0","0","0","2","0","4","0","0","0","3","03","","N","","","","","","","","","",""
"2020006451","0825","2","0","0","0","0","0","0","0","0","4","0","","67","1","2020","6","40.111993","-74.990569","0814","6","0","0","0","0","0","1","0","0","","0","0","0","8","1","0","","1","0","40 06:43.175","","0","74 59:26.049","0","0","0","0","67301","0","0","0","N","0","0","0","3","67301","0","","1.0","","1","N","N","N","0","","0","0","1","3","2","","811","3","0","0","0","0","0","0","2","0","3","0","0","0","3","","","N","","","","","","","","","",""
"2020028312","1452","1","0","0","0","0","0","0","0","0","3","0","","67","3","2020","4","39.905673","-75.175677","1450","6","0","0","0","0","1","0","0","0","","0","0","0","14","1","1","N","0","0","39 54:20.424","","7","75 10:32.438","4","0","0","0","67301","0","0","0","N","0","0","0","2","67301","1","","1.0","","1","N","N","N","0","","0","0","1","0","0","","1445","2","1","0","0","0","0","0","2","0","2","0","0","0","3","03","","N","","","","","","","","","",""
"2020022362","0912","0","0","0","0","0","0","0","0","0","1","0","","67","2","2020","4","40.034879","-75.018323","0904","6","0","0","0","0","0","0","1","0","","0","0","0","8","1","1","N","0","1","40 02:05.565","1","0","75 01:05.961","4","0","0","0","67301","0","0","0","N","0","0","0","2","68K01","1","","1.0","45.0","1","N","N","N","0","","0","0","1","0","0","N","853","2","1","1","0","0","0","0","2","1","2","0","0","0","3","03","","N","","","","","","","","","",""
"2020008668","1926","1","0","0","0","0","0","0","0","0","1","0","","67","1","2020","2","39.993245","-75.084814","1911","6","0","0","0","0","0","1","0","0","","0","0","0","19","3","0","N","0","0","39 59:35.682","","0","75 05:05.332","0","0","0","0","67301","0","0","0","N","0","0","0","2","68K01","0","","1.0","","1","N","N","N","0","","0","0","1","0","0","","1909","2","0","0","0","0","0","0","2","0","2","0","0","0","3","03","","N","","","","","","","","","",""
"2020022549","0541","1","0","0","0","0","0","0","0","0","6","0","","67","2","2020","3","39.950309","-75.183491","0535","6","0","0","0","0","0","0","0","0","","0","1","0","5","3","1","N","0","1","39 57:01.113","4","0","75 11:00.566","3","0","0","0","67301","0","0","0","Y","0","0","0","2","68K01","0","","1.0","610.0","1","N","N","N","0","","1","0","0","0","0","N","532","2","1","0","0","0","0","1","2","0","2","0","0","0","3","","","N","","","","","","","","","",""
"2020023598","1527","1","0","0","0","0","0","0","0","0","4","0","","67","1","2020","7","40.038375","-75.010366","1523","6","0","0","0","0","0","0","0","0","","0","0","0","15","1","1","N","0","2","40 02:18.150","2","0","75 00:37.316","3","0","0","0","67301","0","0","0","N","0","0","0","1","68K01","0","","2.0","30.0","9","N","N","N","0","","1","0","0","0","0","N","1522","1","1","0","0","0","0","0","2","0","1","0","0","0","7","","","N","","","","","","","","","",""
"2020016281","1654","1","0","0","0","0","0","0","0","0","8","0","","67","2","2020","2","40.078884","-75.030204","1644","6","0","0","0","0","0","0","0","0","","1","0","0","16","1","0","N","0","2","40 04:43.982","1","0","75 01:48.736","1","0","0","0","67301","1","1","0","N","1","1","0","2","67301","0","2","1.0","1700.0","9","N","N","N","0","0","0","0","0","0","0","Y","1643","2","0","0","0","0","0","0","2","0","1","1","1","0","7","07","","N","","","","","","","","","",""
"2020029644","2015","2","0","0","0","0","0","0","0","0","4","0","","67","3","2020","5","40.096436","-74.964692","2009","6","0","0","0","0","1","0","0","0","","0","0","0","19","1","0","N","0","0","40 05:47.170","","0","74 57:52.890","9","0","0","0","67301","0","0","0","N","0","0","0","1","67301","0","","1.0","","1","N","N","N","0","","0","0","1","0","0","","1955","3","0","0","0","0","0","1","2","0","3","0","0","0","3","03","","N","","","","","","","","","",""
"2020026857","1458","1","0","0","0","0","0","0","0","0","7","0","","67","3","2020","7","39.980236","-75.099024","1453","6","0","0","0","0","0","0","0","0","","0","0","0","14","1","1","N","0","0","39 58:48.851","","99","75 05:56.486","2","0","0","0","67301","0","0","0","N","0","0","0","1","67301","0","","9.0","","1","N","N","N","0","","0","1","0","0","0","","1450","1","1","0","0","0","0","0","2","0","1","0","0","0","3","03","","N","","","","","","","","","",""
"2020026733","1710","1","0","0","0","0","0","0","0","0","2","0","","67","3","2020","7","40.018919","-75.049508","1703","6","0","0","0","0","0","0","0","0","","0","0","0","16","1","3","","1","9","40 01:08.110","","0","75 02:58.228","8","0","0","0","67301","0","0","0","N","0","0","0","3","67301","0","","1.0","","1","N","N","N","0","","0","0","1","3","3","","1639","2","3","0","0","0","3","0","2","0","2","0","0","0","3","03","","N","","","","","","","","","",""
"2020028897","1015","0","0","0","0","0","0","0","0","0","4","0","","67","3","2020","2","40.019177","-75.190686","0950","6","0","0","0","0","0","1","0","0","","0","0","0","9","1","2","N","0","2","40 01:09.036","5","0","75 11:26.470","3","0","0","0","67301","0","0","0","N","0","0","0","2","67301","0","","1.0","1145.0","9","N","N","N","1","","2","0","1","0","0","Y","945","2","2","0","0","0","0","0","2","0","2","0","0","0","7","07","","N","","","","","","","","","",""
"2020026673","2340","1","0","0","0","0","0","0","0","0","5","0","","67","3","2020","7","40.105163","-75.032854","2330","6","0","0","0","0","0","1","1","0","","0","0","0","23","3","0","","1","0","40 06:18.585","","0","75 01:58.276","0","0","0","0","67301","0","0","0","N","0","0","0","3","67301","0","","1.0","","1","N","N","N","0","","0","0","1","3","2","","2324","2","0","0","0","0","0","0","2","0","2","0","0","0","3","03","","N","","","","","","","","","",""
"2020027400","2049","1","0","0","0","0","0","0","0","0","8","0","","67","2","2020","2","39.97746","-75.14845","2049","6","0","0","0","0","0","0","0","0","","1","0","0","20","3","0","N","1","2","39 58:38.855","2","0","75 08:54.419","1","0","0","0","67301","1","1","0","N","1","1","0","2","67301","0","2","1.0","2221.0","1","N","N","N","0","0","0","0","0","3","2","Y","2046","2","0","0","0","0","0","1","2","0","1","1","1","0","3","03","","N","","","","","","","","","",""