"CRN","ARRIVAL_TM","AUTOMOBILE_COUNT","BELTED_DEATH_COUNT","BELTED_SUSP_SERIOUS_INJ_COUNT","BICYCLE_COUNT","BICYCLE_DEATH_COUNT","BICYCLE_SUSP_SERIOUS_INJ_COUNT","BUS_COUNT","CHLDPAS_DEATH_COUNT","CHLDPAS_SUSP_SERIOUS_INJ_COUNT","COLLISION_TYPE","COMM_VEH_COUNT","CONS_ZONE_SPD_LIM","COUNTY","CRASH_MONTH","CRASH_YEAR","DAY_OF_WEEK","DEC_LATITUDE","DEC_LONGITUDE","DISPATCH_TM","DISTRICT","DRIVER_COUNT_16YR","DRIVER_COUNT_17YR","DRIVER_COUNT_18YR","DRIVER_COUNT_19YR","DRIVER_COUNT_20YR","DRIVER_COUNT_50_64YR","DRIVER_COUNT_65_74YR","DRIVER_COUNT_75PLUS","EST_HRS_CLOSED","FATAL_COUNT","HEAVY_TRUCK_COUNT","HORSE_BUGGY_COUNT","HOUR_OF_DAY","ILLUMINATION","INJURY_COUNT","INTERSECTION_RELATED","INTERSECT_TYPE","LANE_CLOSED","LATITUDE","LN_CLOSE_DIR","LOCATION_TYPE","LONGITUDE","MAX_SEVERITY_LEVEL","MCYCLE_DEATH_COUNT","MCYCLE_SUSP_SERIOUS_INJ_COUNT","MOTORCYCLE_COUNT","MUNICIPALITY","NONMOTR_COUNT","NONMOTR_DEATH_COUNT","NONMOTR_SUSP_SERIOUS_INJ_COUNT","NTFY_HIWY_MAINT","PED_COUNT","PED_DEATH_COUNT","PED_SUSP_SERIOUS_INJ_COUNT","PERSON_COUNT","POLICE_AGCY","POSSIBLE_INJ_COUNT","RDWY_SURF_TYPE_CD","RELATION_TO_ROAD","ROADWAY_CLEARED","ROAD_CONDITION","SCH_BUS_IND","SCH_ZONE_IND","SECONDARY_CRASH","SMALL_TRUCK_COUNT","SPEC_JURIS_CD","SUSP_MINOR_INJ_COUNT","SUSP_SERIOUS_INJ_COUNT","SUV_COUNT","TCD_FUNC_CD","TCD_TYPE","TFC_DETOUR_IND","TIME_OF_DAY","TOTAL_UNITS","TOT_INJ_COUNT","UNBELTED_OCC_COUNT","UNB_DEATH_COUNT","UNB_SUSP_SERIOUS_INJ_COUNT","UNK_INJ_DEG_COUNT","UNK_INJ_PER_COUNT","URBAN_RURAL","VAN_COUNT","VEHICLE_COUNT","VULNERABLE_ROAD_USER_COUNT","VULNERABLE_ROAD_USER_DEATH_COUNT","VULNERABLE_ROAD_USER_SER_INJ_COUNT","WEATHER1","WEATHER2","WORKERS_PRES","WORK_ZONE_IND","WORK_ZONE_LOC","WORK_ZONE_TYPE","WZ_CLOSE_DETOUR","WZ_FLAGGER","WZ_LAW_OFFCR_IND","WZ_LN_CLOSURE","WZ_MOVING","WZ_OTHER","WZ_SHLDER_MDN","WZ_WORKERS_INJ_KILLED"
"2020027281","1635","0","0","0","0","0","0","0","0","0","1","1","","67","3","2020","3","39.987684","-75.089743","1604","6","0","0","0","0","0","0","0","0","","0","1","0","16","1","0","N","0","1","39 59:15.663","2","0","75 05:23.075","0","0","0","0","67301","0","0","0","N","0","0","0","4","68K01","0","","1.0","1715.0","1","N","N","N","0","","0","0","1","0","0","N","1602","2","0","0","0","0","0","0","2","0","2","0","0","0","3","","","N","","","","","","","","","",""
"2020010524","1425","2","0","0","0","0","0","0","0","0","4","0","","67","1","2020","3","39.969664","-75.211523","1418","6","0","0","0","0","0","0","0","0","","0","0","0","14","1","3","","1","0","39 58:10.789","","0","75 12:41.484","4","0","0","0","67301","0","0","0","N","0","0","0","3","67301","3","","1.0","","1","N","N","N","0","","0","0","0","3","2","","1411","2","3","0","0","0","0","0","2","0","2","0","0","0","3","03","","N","","","","","","","","","",""
"2020029749","1805","1","0","0","0","0","0","0","0","0","8","0","","67","3","2020","6","39.953278","-75.170809","1800","6","0","0","0","0","0","0","0","0","","0","0","0","17","1","1","N","0","1","39 57:11.799","3","0","75 10:14.911","3","0","0","0","67301","1","0","0","N","1","0","0","1","67301","0","","1.0","15.0","1","N","N","N","0","","1","0","0","0","0","N","1750","2","1","0","0","0","0","0","2","0","1","1","0","0","3","03","","N","","","","","","","","","",""
"2020010060","1251","0","0","0","0","0","0","0","0","0","8","0","","67","1","2020","2","40.023892","-75.142883","1247","6","0","0","0","0","0","0","0","0","","0","0","0","12","1","1","N","0","0","40 01:26.010","","0","75 08:34.380","3","0","0","0","67301","1","0","0","N","1","0","0","1","67301","0","","1.0","","1","N","N","N","0","","1","0","0","0","0","","1246","2","1","0","0","0","0","0","2","0","1","1","0","0","3","03","","N","","","","","","","","","",""
"2020029255","1017","2","0","0","0","0","0","0","0","0","2","0","","67","3","2020","2","39.913443","-75.243455","1000","6","0","0","0","0","0","0","0","0","","0","0","0","12","1","1","N","0","0","39 54:48.393","","7","75 14:36.437","8","0","0","0","67301","0","0","0","N","0","0","0","2","67301","0","","1.0","","1","N","N","N","0","","0","0","0","0","0","","1200","2","1","0","0","0","1","1","2","0","2","0","0","0","99","03","","N","","","","","","","","","",""
"2020031447","2338","1","0","0","0","0","0","0","0","0","4","0","","67","4","2020","1","39.941378","-75.177064","2337","6","0","0","0","0","0","0","0","0","","0","0","0","23","3","0","N","0","1","39 56:28.960","4","0","75 10:37.430","9","0","0","0","67301","0","0","0","N","0","0","0","1","67301","0","","2.0","2337.0","1","N","N","N","0","","0","0","4","0","0","N","2335","5","0","0","0","0","0","1","2","0","5","0","0","0","3","","","N","","","","","","","","","",""
"2020027986","0650","1","0","0","0","0","0","0","0","0","8","0","","67","3","2020","5","39.952541","-75.177296","0640","6","0","0","0","0","0","0","0","0","","0","0","0","6","5","1","Y","0","1","39 57:09.146","4","0","75 10:38.267","3","0","0","0","67301","1","0","0","N","1","0","0","2","67301","0","","1.0","700.0","9","N","N","N","0","","1","0","0","0","0","N","630","2","1","0","0","0","0","0","2","0","1","1","0","0","7","04","","N","","","","","","","","","",""
"2020020345","2327","2","0","0","0","0","0","0","0","0","5","0","","67","1","2020","2","39.959565","-75.140916","2318","6","0","0","0","0","0","0","0","0","","0","0","0","23","3","1","N","0","2","39 57:34.435","2","0","75 08:27.298","8","0","0","0","67301","0","0","0","N","0","0","0","2","68K01","0","","1.0","30.0","1","N","N","N","0","","0","0","0","0","0","N","2311","2","1","0","0","0","1","0","2","0","2","0","0","0","3","","","N","","","","","","","","","",""
"2020024963","1024","1","0","0","0","0","0","0","0","0","5","1","","67","3","2020","2","39.955845","-75.148398","1024","6","0","0","0","0","0","0","0","0","","0","1","0","10","1","0","N","0","0","39 57:21.042","","2","75 08:54.233","0","0","0","0","67301","0","0","0","N","0","0","0","2","67501","0","","1.0","","1","N","N","N","0","","0","0","0","0","0","","1024","2","0","0","0","0","0","0","2","0","2","0","0","0","3","03","","N","","","","","","","","","",""
"2020039196","0352","1","0","0","0","0","0","0","0","0","7","0","","67","5","2020","7","39.966253","-75.231797","0349","6","0","0","0","0","0","0","0","0","","0","0","0","3","3","0","N","0","0","39 57:58.510","","7","75 13:54.470","9","0","0","0","67301","0","0","0","N","0","0","0","1","67301","0","","5.0","","1","N","N","N","0","","0","0","0","0","0","","345","1","0","1","0","0","0","1","2","0","1","0","0","0","3","03","","N","","","","","","","","","",""
"2020031230","0945","2","0","0","0","0","0","0","0","0","4","0","","67","4","2020","1","40.048115","-75.013249","0942","6","0","0","0","0","0","1","0","0","","0","0","0","9","1","0","","2","0","40 02:53.214","","0","75 00:47.698","0","0","0","0","67301","0","0","0","N","0","0","0","1","67301","0","","1.0","","1","N","N","N","0","","0","0","0","0","0","","940","2","0","0","0","0","0","0","2","0","2","0","0","0","3","","","N","","","","","","","","","",""
"2020027739","0807","1","0","0","0","0","0","0","0","0","4","1","","67","3","2020","3","40.074151","-75.190802","0803","6","0","0","0","0","0","1","0","0","","0","1","0","8","1","1","N","1","0","40 04:26.944","","0","75 11:26.887","3","0","0","0","67301","0","0","0","N","0","0","0","2","46108","0","","1.0","","1","N","N","N","0","","1","0","0","0","0","","803","2","1","0","0","0","0","0","2","0","2","0","0","0","3","","","N","","","","","","","","","",""
"2020025308","2216","1","0","0","0","0","0","0","0","0","7","0","","67","3","2020","6","40.086669","-74.970711","2208","6","0","0","0","0","1","0","0","0","","0","0","0","22","3","0","N","0","0","40 05:12.010","","0","74 58:14.560","0","0","0","0","67301","0","0","0","N","0","0","0","3","67301","0","","5.0","","9","N","N","N","0","","0","0","0","0","0","","2207","1","0","1","0","0","0","0","2","0","1","0","0","0","7","07","","N","","","","","","","","","",""
"2020020422","2336","1","0","0","0","0","0","0","0","0","1","0","","67","2","2020","7","40.000755","-75.079268","2324","6","0","0","0","1","0","0","0","0","","0","0","0","23","3","0","N","0","0","40 00:02.719","","0","75 04:45.364","0","0","0","0","67301","0","0","0","N","0","0","0","2","68K01","0","","1.0","","1","N","N","N","0","","0","0","1","0","0","","2305","2","0","0","0","0","0","0","2","0","2","0","0","0","3","","","N","","","","","","","","","",""
"2020031882","0905","1","0","0","0","0","0","0","0","0","8","0","","67","4","2020","7","40.03505","-75.086581","0857","6","0","0","0","0","0","0","0","0","","0","0","0","21","3","1","N","0","0","40 02:06.180","","0","75 05:11.690","3","0","0","0","67301","1","0","0","N","1","0","0","1","67301","0","","1.0","","1","N","N","N","0","","1","0","0","0","0","","2144","2","1","0","0","0","0","0","2","0","1","1","0","0","3","","","N","","","","","","","","","",""
"2020030677","2015","1","0","0","0","0","0","0","0","0","1","0","","67","4","2020","4","39.956353","-75.163711","2010","6","0","0","0","0","0","0","0","0","","0","0","0","20","3","0","N","0","0","39 57:22.870","","0","75 09:49.360","0","0","0","0","67301","0","0","0","N","0","0","0","0","67301","0","","1.0","","1","N","N","N","0","","0","0","0","0","0","","2007","2","0","0","0","0","0","0","2","0","2","0","0","0","3","03","","N","","","","","","","","","",""
"2020014484","1725","0","0","0","0","0","0","0","0","0","8","0","","67","2","2020","2","39.958919","-75.205183","1723","6","0","0","0","0","0","1","0","0","","0","0","0","17","4","1","","1","0","39 57:32.108","","0","75 12:18.658","8","0","0","0","67301","1","0","0","N","1","0","0","2","67301","0","","1.0","","1","N","N","N","0","","0","0","1","3","2","","1720","2","1","0","0","0","1","0","2","0","1","1","0","0","3","03","","N","","","","","","","","","",""
"2020031446","1832","1","0","0","0","0","0","0","0","0","7","0","","67","4","2020","1","39.940633","-75.171122","1822","6","0","0","0","0","0","0","0","0","","0","0","0","18","1","1","","1","0","39 56:26.279","","0","75 10:16.038","3","0","0","0","67301","0","0","0","N","0","0","0","1","67301","0","","5.0","","1","N","N","N","0","","1","0","0","3","2","","1822","1","1","1","0","0","0","0","2","0","1","0","0","0","3","","","N","","","","","","","","","",""
"2020032843","0926","3","0","0","0","0","0","0","0","0","4","0","","67","4","2020","3","39.959287","-75.244293","0925","6","0","0","0","0","0","0","0","0","","0","0","0","9","1","0","N","0","0","39 57:33.432","","0","75 14:39.454","9","0","0","0","67301","0","0","0","N","0","0","0","2","67301","0","","1.0","","1","N","N","N","0","","0","0","0","0","0","","908","3","0","0","0","0","0","1","2","0","3","0","0","0","3","","","N","","","","","","","","","",""
"2020031483","0611","1","0","0","0","0","0","0","0","0","7","0","","67","4","2020","7","39.984768","-75.116675","0611","6","0","0","0","0","0","0","0","0","","0","0","0","3","3","0","","1","0","39 59:05.163","","0","75 07:00.029","0","0","0","0","67301","0","0","0","N","0","0","0","0","67301","0","","5.0","","1","N","N","N","0","","0","0","0","1","2","","350","1","0","0","0","0","0","0","2","0","1","0","0","0","3","03","","N","","","","","","","","","",""
"2020025527","0812","0","0","0","0","0","0","0","0","0","1","0","","67","3","2020","4","40.021761","-75.039111","0808","6","0","0","0","0","0","0","2","0","","0","0","0","7","1","0","N","0","0","40 01:18.340","","0","75 02:20.800","0","0","0","0","67301","0","0","0","N","0","0","0","4","68K01","0","","1.0","","1","N","N","N","0","","0","0","2","0","0","","751","2","0","0","0","0","0","0","2","0","2","0","0","0","3","03","","N","","","","","","","","","",""
"2020032287","0640","1","0","0","0","0","0","0","0","0","4","1","","67","4","2020","4","39.991706","-75.124495","0640","6","0","0","0","0","0","1","0","0","","0","1","0","6","1","1","","1","0","39 59:30.141","","0","75 07:28.181","3","0","0","0","67301","0","0","0","N","0","0","0","3","67301","0","","1.0","","1","N","N","N","0","","1","0","2","0","0","","635","4","1","0","0","0","0","0","2","0","4","0","0","0","3","03","","N","","","","","","","","","",""
"2020032316","1733","0","0","0","0","0","0","0","0","0","5","0","","67","3","2020","5","39.949328","-75.184584","1718","6","0","0","1","0","0","0","0","0","","0","0","0","17","1","0","N","0","0","39 56:57.579","","0","75 11:04.504","0","0","0","0","67301","0","0","0","N","0","0","0","2","68K01","0","","1.0","","1","N","N","N","0","","0","0","1","0","0","","1716","2","0","0","0","0","0","0","2","1","2","0","0","0","4","03","","N","","","","","","","","","",""
"2020029992","0057","0","0","0","0","0","0","0","0","0","7","0","","67","3","2020","1","40.008414","-75.203674","0055","6","0","0","0","0","0","0","0","0","","0","0","0","0","3","0","N","0","2","40 00:30.291","3","0","75 12:13.228","0","0","0","0","67301","0","0","0","N","0","0","0","1","68K01","0","","4.0","15.0","9","N","N","N","0","","0","0","1","0","0","N","55","1","0","0","0","0","0","0","2","0","1","0","0","0","7","07","","N","","","","","","","","","",""
"2020012633","1549","0","0","0","0","0","0","0","0","0","1","0","","67","1","2020","6","39.992363","-75.201269","1539","6","0","0","0","0","1","0","0","0","","0","0","0","15","1","0","N","0","0","39 59:32.506","","0","75 12:04.568","0","0","0","0","67301","0","0","0","N","0","0","0","2","68K01","0","","1.0","","1","N","N","N","0","","0","0","2","0","0","","1534","2","0","0","0","0","0","0","2","0","2","0","0","0","3","","","N","","","","","","","","","",""
"2020030044","0736","0","0","0","0","0","0","0","0","0","7","0","","67","3","2020","7","39.981089","-75.206688","0729","6","0","0","0","0","0","0","0","0","","0","0","0","7","1","0","N","0","2","39 58:51.922","3","0","75 12:24.076","0","0","0","0","67301","0","0","0","N","0","0","0","1","68K01","0","","4.0","30.0","9","N","N","N","1","","0","0","0","0","0","N","727","1","0","0","0","0","0","0","2","0","1","0","0","0","7","","","N","","","","","","","","","",""
"2020025449","1405","1","0","0","0","0","0","0","0","0","8","0","","67","3","2020","2","39.905417","-75.17356","1403","6","0","0","0","0","0","0","0","0","","1","0","0","13","1","1","","1","0","39 54:19.501","","0","75 10:24.816","1","0","0","0","67301","1","1","0","N","1","1","0","2","67301","0","2","1.0","","1","N","N","N","0","0","0","1","0","3","2","","1345","2","1","0","0","0","0","0","2","0","1","1","1","0","3","03","","N","","","","","","","","","",""
"2020012437","0010","1","0","0","0","0","0","0","0","0","7","0","","67","1","2020","6","39.996206","-75.201808","0006","6","0","0","0","0","0","1","0","0","","0","0","0","23","3","1","N","0","2","39 59:46.340","3","0","75 12:06.510","3","0","0","0","67301","0","0","0","N","0","0","0","1","67301","0","","2.0","100.0","9","N","N","N","0","","1","0","0","0","0","Y","2300","1","1","0","0","0","0","0","2","0","1","0","0","0","3","","","N","","","","","","","","","",""
"2020014643","0830","1","0","0","0","0","0","0","0","0","8","0","","67","2","2020","5","39.995171","-75.115788","0820","6","0","0","0","0","0","0","0","0","","0","0","0","7","5","1","","5","0","39 59:42.616","","0","75 06:56.835","3","0","0","0","67301","1","0","0","N","1","0","0","2","67301","0","","1.0","","9","N","N","N","0","","1","0","0","3","2","","706","2","1","0","0","0","0","1","2","0","1","1","0","0","7","04","","N","","","","","","","","","",""
"2020030683","1550","2","0","0","0","0","0","0","0","0","2","0","","67","4","2020","4","40.068668","-75.16411","1544","6","0","0","0","0","0","1","0","0","","0","0","0","15","1","0","","1","0","40 04:07.205","","0","75 09:50.797","9","0","0","0","67301","0","0","0","N","0","0","0","2","67301","0","","1.0","","1","N","N","N","0","","0","0","0","3","1","","1544","2","0","0","0","0","0","1","2","0","2","0","0","0","3","03","","N","","","","","","","","","",""
"2020035800","1607","0","0","0","0","0","0","0","0","0","4","0","","67","4","2020","4","39.996718","-75.115468","1607","6","0","0","0","0","0","1","0","0","","0","0","0","15","1","2","","1","1","39 59:48.185","1","0","75 06:55.684","3","0","0","0","67301","0","0","0","N","0","0","0","3","67301","0","","1.0","1716.0","1","N","N","N","0","","2","0","2","3","3","Y","1528","2","2","0","0","0","0","0","2","0","2","0","0","0","3","","","N","","","","","","","","","",""
"2020035324","0200","1","0","0","0","0","0","0","0","0","7","0","","67","4","2020","2","39.995667","-75.197573","0145","6","0","0","0","1","0","0","0","0","","0","0","0","1","3","2","N","0","1","39 59:44.400","3","0","75 11:51.262","8","0","0","0","67301","0","0","0","Y","0","0","0","2","68K01","0","","4.0","30.0","9","N","N","N","0","","0","0","0","0","0","N","140","1","2","0","0","0","2","0","2","0","1","0","0","0","3","","","N","","","","","","","","","",""
"2020034250","1123","1","0","0","0","0","0","0","0","0","7","0","","67","3","2020","3","39.981291","-75.206923","1122","6","0","0","0","0","0","0","0","0","","0","0","0","11","1","1","N","0","2","39 58:52.647","3","0","75 12:24.924","2","0","0","0","67301","0","0","0","N","0","0","0","1","68K01","0","","4.0","45.0","9","N","N","N","0","","0","1","0","0","0","N","1122","1","1","1","0","1","0","0","2","0","1","0","0","0","7","","","N","","","","","","","","","",""
"2020036588","1349","1","0","0","0","0","0","0","0","0","1","0","","67","3","2020","2","39.960068","-75.179394","1343","6","0","0","0","0","0","0","0","0","","0","0","0","13","1","0","N","0","1","39 57:36.245","4","0","75 10:45.819","0","0","0","0","67301","0","0","0","N","0","0","0","3","68K01","0","","1.0","1350.0","9","N","N","N","1","","0","0","0","0","0","N","1332","2","0","0","0","0","0","0","2","0","2","0","0","0","7","","","N","","","","","","","","","",""
"2020037630","2034","0","0","0","0","0","0","0","0","0","7","0","","67","4","2020","4","39.962289","-75.183142","2020","6","0","0","0","0","0","0","0","0","","0","0","0","20","3","0","N","0","0","39 57:44.241","","0","75 10:59.311","0","0","0","0","67301","0","0","0","Y","0","0","0","1","68K01","0","","2.0","","1","N","N","N","0","","0","0","1","0","0","","2016","1","0","0","0","0","0","0","2","0","1","0","0","0","3","","","N","","","","","","","","","",""
"2020013033","0118","1","0","0","0","0","0","0","0","0","1","0","","67","2","2020","1","39.957905","-75.180346","0118","6","0","0","0","0","0","0","0","0","","0","0","0","1","3","1","Y","0","1","39 57:28.458","3","0","75 10:49.244","3","0","0","0","67301","0","0","0","N","0","0","0","2","68K01","0","","1.0","30.0","1","N","N","N","0","","1","0","1","0","0","N","117","2","1","1","0","0","0","1","2","0","2","0","0","0","3","","","N","","","","","","","","","",""
"2020034073","1642","1","0","0","0","0","0","0","0","0","1","0","","67","4","2020","2","39.960388","-75.181394","1642","6","0","0","0","0","0","0","0","0","","0","1","0","16","1","1","N","0","1","39 57:37.398","4","0","75 10:53.020","3","0","0","0","67301","0","0","0","N","0","0","0","3","68K01","0","","1.0","1745.0","4","N","N","N","0","","1","0","0","0","0","N","1642","2","1","0","0","0","0","0","2","0","2","0","0","0","3","03","","N","","","","","","","","","",""
"2020038879","1730","1","0","0","0","0","0","0","0","0","4","0","","67","5","2020","2","39.987284","-75.156046","1728","6","0","0","0","0","0","1","0","0","","1","0","0","17","1","0","N","0","2","39 59:14.223","2","0","75 09:21.764","1","1","0","1","67301","0","0","0","N","0","0","0","2","67301","0","2","1.0","2116.0","1","N","N","N","0","0","0","0","0","0","0","Y","1726","2","0","1","0","0","0","1","2","0","2","0","0","0","3","03","","N","","","","","","","","","",""
"2020016582","0422","2","0","0","0","0","0","0","0","0","5","0","","67","1","2020","1","39.957493","-75.151046","0411","6","0","0","0","0","0","0","0","0","","0","0","0","4","3","1","N","0","0","39 57:26.976","","0","75 09:03.767","8","0","0","0","67301","0","0","0","N","0","0","0","3","68K01","0","","1.0","","9","N","N","N","0","","0","0","0","0","0","","410","2","1","0","0","0","1","0","2","0","2","0","0","0","7","03","","N","","","","","","","","","",""
"2020014884","1640","1","0","0","0","0","0","1","0","0","2","1","","67","2","2020","5","40.041569","-75.180525","1603","6","0","0","0","0","0","0","0","0","","0","0","0","16","1","3","N","0","2","40 02:29.650","6","0","75 10:49.890","4","0","0","0","67301","0","0","0","N","0","0","0","26","67301","3","","1.0","515.0","9","Y","N","N","0","","0","0","0","0","0","Y","1600","2","3","0","0","0","0","1","2","0","2","0","0","0","7","04","","N","","","","","","","","","",""
"2020041043","0110","2","0","0","0","0","0","0","0","0","1","0","","67","5","2020","7","39.899012","-75.167715","0110","6","0","0","0","0","0","0","0","0","","0","0","0","0","3","4","N","0","0","39 53:56.444","","0","75 10:03.774","4","0","0","0","67301","0","0","0","N","0","0","0","4","68K01","1","","1.0","","1","N","N","Y","0","","0","0","0","0","0","","45","2","4","0","0","0","3","0","2","0","2","0","0","0","7","","","N","","","","","","","","","",""
"2020017657","0654","0","0","0","0","0","0","1","0","0","8","1","","67","1","2020","5","40.043679","-75.149791","0653","6","0","0","0","0","0","1","0","0","","0","0","0","6","1","1","","1","0","40 02:37.244","","0","75 08:59.247","3","0","0","0","67301","1","0","0","N","1","0","0","4","67301","0","","1.0","","1","Y","N","N","0","","1","0","0","3","2","","653","2","1","0","0","0","0","0","2","0","1","1","0","0","3","03","","N","","","","","","","","","",""
"2020035652","1324","0","0","0","0","0","0","1","0","0","8","1","","67","4","2020","5","39.991448","-75.122507","1320","6","0","0","0","0","0","0","0","0","","0","0","0","13","1","1","","5","0","39 59:29.212","","0","75 07:21.025","2","0","0","0","67301","1","0","1","N","1","0","1","2","67301","0","","1.0","","1","N","N","N","0","","0","1","0","3","2","","1310","2","1","0","0","0","0","0","2","0","1","1","0","1","3","","","N","","","","","","","","","",""
"2020016279","1650","1","0","0","0","0","0","0","0","0","1","0","","67","2","2020","3","39.910683","-75.192938","1641","6","0","0","1","0","0","1","0","0","","0","1","0","16","1","1","N","0","0","39 54:38.458","","0","75 11:34.578","3","0","0","0","67301","0","0","0","N","0","0","0","2","67301","0","","1.0","","9","N","N","N","0","","1","0","0","3","8","","1638","2","1","0","0","0","0","0","2","0","2","0","0","0","7","07","","N","","","","","","","","","",""
"2020016419","0707","1","0","0","0","0","0","0","0","0","1","0","","67","2","2020","3","39.967005","-75.13353","0655","6","0","0","0","0","0","0","0","0","","0","0","0","6","1","0","N","0","1","39 58:01.218","1","0","75 08:00.709","0","0","0","0","67301","0","0","0","N","0","0","0","2","68K01","0","","1.0","700.0","9","N","N","N","0","","0","0","1","0","0","N","654","2","0","0","0","0","0","0","2","0","2","0","0","0","7","","","N","","","","","","","","","",""
"2020036328","0625","1","0","0","0","0","0","0","0","0","7","0","","67","5","2020","2","40.026652","-75.094952","0612","6","0","0","0","0","0","0","0","0","","0","0","0","6","1","1","N","0","1","40 01:35.946","2","0","75 05:41.827","3","0","0","0","67301","0","0","0","N","0","0","0","2","67301","0","","5.0","300.0","1","N","N","N","0","","1","0","0","0","0","N","600","1","1","2","0","0","0","0","2","0","1","0","0","0","3","03","","N","","","","","","","","","",""
"2020034924","0935","0","0","0","0","0","0","0","0","0","4","1","","67","4","2020","6","39.960108","-75.180525","0935","6","0","0","0","0","0","2","0","0","","0","1","0","9","1","1","N","0","2","39 57:36.389","3","3","75 10:49.889","8","0","0","0","67301","0","0","0","N","0","0","0","2","68K01","0","","1.0","955.0","9","N","N","N","0","","0","0","1","0","0","N","933","2","1","0","0","0","1","0","2","0","2","0","0","0","7","04","","N","","","","","","","","","",""
"2020006425","0006","3","0","0","0","0","0","0","0","0","1","0","","67","1","2020","7","39.946637","-75.198562","0004","6","0","0","0","0","0","0","0","0","","0","0","0","0","3","0","Y","0","0","39 56:47.892","","0","75 11:54.824","0","0","0","0","67301","0","0","0","N","0","0","0","3","67504","0","","1.0","","1","N","N","N","0","","0","0","0","0","0","","1","3","0","0","0","0","0","0","2","0","3","0","0","0","3","03","","N","","","","","","","","","",""
"2020036498","1820","2","0","0","0","0","0","0","0","0","2","0","","67","5","2020","1","39.999021","-75.08633","1816","6","0","0","0","0","0","1","0","0","","0","0","0","18","1","0","N","0","0","39 59:56.474","","3","75 05:10.788","9","0","0","0","67301","0","0","0","N","0","0","0","2","67301","0","","1.0","","1","N","N","N","0","","0","0","0","0","0","","1810","2","0","0","0","0","0","2","2","0","2","0","0","0","3","03","","N","","","","","","","","","",""
"2020037373","1447","4","0","0","0","0","0","0","0","0","5","0","","67","5","2020","6","40.004946","-75.152188","1447","6","0","0","0","0","0","1","0","0","","0","0","0","14","1","0","N","0","1","40 00:17.806","2","0","75 09:07.877","0","0","0","0","67301","0","0","0","N","0","0","0","3","67505","0","","6.0","1530.0","9","N","N","N","0","","0","0","0","0","0","N","1445","4","0","0","0","0","0","0","2","0","4","0","0","0","7","07","","N","","","","","","","","","",""
"2020039809","0957","1","0","0","0","0","0","0","0","0","7","0","","67","4","2020","7","39.980924","-75.206475","0957","6","0","0","0","0","0","0","0","0","","0","0","0","9","1","0","N","0","1","39 58:51.327","3","0","75 12:23.309","0","0","0","0","67301","0","0","0","N","0","0","0","1","68K01","0","","4.0","1020.0","9","N","N","N","0","","0","0","0","0","0","N","951","1","0","0","0","0","0","0","2","0","1","0","0","0","4","04","","N","","","","","","","","","",""
"2020039821","1050","1","0","0","0","0","0","0","0","0","7","0","","67","4","2020","1","39.981291","-75.206923","1050","6","0","0","0","0","0","0","0","0","","0","0","0","10","1","1","N","0","0","39 58:52.647","","0","75 12:24.924","8","0","0","0","67301","0","0","0","N","0","0","0","1","68K01","0","","2.0","","9","N","N","N","0","","0","0","0","0","0","","1049","1","1","0","0","0","1","0","2","0","1","0","0","0","7","","","N","","","","","","","","","",""
"2020041267","1025","1","0","0","0","0","0","0","0","0","1","1","","67","5","2020","2","40.026547","-75.132658","1020","6","0","0","0","0","0","0","0","0","","0","1","0","10","1","1","N","0","0","40 01:35.570","","0","75 07:57.570","8","0","0","0","67301","0","0","0","N","0","0","0","1","67301","0","","1.0","","1","N","N","N","0","","0","0","0","0","0","","1019","2","1","0","0","0","1","0","2","0","2","0","0","0","3","","","N","","","","","","","","","",""
"2020037754","0855","0","0","0","0","0","0","0","0","0","7","1","","67","5","2020","6","40.033661","-75.019901","0852","6","0","0","0","0","0","1","0","0","","0","1","0","8","1","1","N","0","2","40 02:01.181","1","0","75 01:11.644","3","0","0","0","67301","0","0","0","N","0","0","0","1","68K01","0","","2.0","20.0","9","N","N","N","0","","1","0","0","0","0","N","851","1","1","1","0","0","0","0","2","0","1","0","0","0","7","","","N","","","","","","","","","",""
"2020042431","1410","1","0","0","0","0","0","0","0","0","1","1","","67","5","2020","4","40.099452","-75.009073","1400","6","0","0","0","0","0","1","0","0","","0","1","0","14","1","0","N","0","0","40 05:58.028","","0","75 00:32.661","9","0","0","0","67301","0","0","0","N","0","0","0","2","67301","0","","1.0","","1","N","N","N","0","","0","0","0","3","2","","1400","2","0","2","0","0","0","1","2","0","2","0","0","0","3","03","","N","","","","","","","","","",""
"2020042852","0732","1","0","0","0","0","0","0","0","0","5","1","35","67","6","2020","2","39.910694","-75.159278","0731","6","0","0","0","0","0","0","1","0","","0","1","0","7","1","0","N","0","1","39 54:38.500","4","3","75 09:33.400","0","0","0","0","67301","0","0","0","N","0","0","0","2","67501","0","","1.0","832.0","1","N","N","N","0","","0","0","0","3","8","N","730","2","0","0","0","0","0","0","2","0","2","0","0","0","3","03","U","Y","1","1","","","N","Y","","","","N"
"2020039828","1444","1","0","0","0","0","0","0","0","0","5","1","","67","4","2020","5","39.99231","-75.201678","1441","6","0","0","0","0","0","1","0","0","","0","1","0","14","1","0","N","0","2","39 59:32.315","3","0","75 12:06.039","0","0","0","0","67301","0","0","0","N","0","0","0","2","68K01","0","","1.0","30.0","1","N","N","N","0","","0","0","0","0","0","N","1433","2","0","0","0","0","0","0","2","0","2","0","0","0","3","03","","N","","","","","","","","","",""