"CRN","ARRIVAL_TM","AUTOMOBILE_COUNT","BELTED_DEATH_COUNT","BELTED_SUSP_SERIOUS_INJ_COUNT","BICYCLE_COUNT","BICYCLE_DEATH_COUNT","BICYCLE_SUSP_SERIOUS_INJ_COUNT","BUS_COUNT","CHLDPAS_DEATH_COUNT","CHLDPAS_SUSP_SERIOUS_INJ_COUNT","COLLISION_TYPE","COMM_VEH_COUNT","CONS_ZONE_SPD_LIM","COUNTY","CRASH_MONTH","CRASH_YEAR","DAY_OF_WEEK","DEC_LATITUDE","DEC_LONGITUDE","DISPATCH_TM","DISTRICT","DRIVER_COUNT_16YR","DRIVER_COUNT_17YR","DRIVER_COUNT_18YR","DRIVER_COUNT_19YR","DRIVER_COUNT_20YR","DRIVER_COUNT_50_64YR","DRIVER_COUNT_65_74YR","DRIVER_COUNT_75PLUS","EST_HRS_CLOSED","FATAL_COUNT","HEAVY_TRUCK_COUNT","HORSE_BUGGY_COUNT","HOUR_OF_DAY","ILLUMINATION","INJURY_COUNT","INTERSECTION_RELATED","INTERSECT_TYPE","LANE_CLOSED","LATITUDE","LN_CLOSE_DIR","LOCATION_TYPE","LONGITUDE","MAX_SEVERITY_LEVEL","MCYCLE_DEATH_COUNT","MCYCLE_SUSP_SERIOUS_INJ_COUNT","MOTORCYCLE_COUNT","MUNICIPALITY","NONMOTR_COUNT","NONMOTR_DEATH_COUNT","NONMOTR_SUSP_SERIOUS_INJ_COUNT","NTFY_HIWY_MAINT","PED_COUNT","PED_DEATH_COUNT","PED_SUSP_SERIOUS_INJ_COUNT","PERSON_COUNT","POLICE_AGCY","POSSIBLE_INJ_COUNT","RDWY_SURF_TYPE_CD","RELATION_TO_ROAD","ROADWAY_CLEARED","ROAD_CONDITION","SCH_BUS_IND","SCH_ZONE_IND","SECONDARY_CRASH","SMALL_TRUCK_COUNT","SPEC_JURIS_CD","SUSP_MINOR_INJ_COUNT","SUSP_SERIOUS_INJ_COUNT","SUV_COUNT","TCD_FUNC_CD","TCD_TYPE","TFC_DETOUR_IND","TIME_OF_DAY","TOTAL_UNITS","TOT_INJ_COUNT","UNBELTED_OCC_COUNT","UNB_DEATH_COUNT","UNB_SUSP_SERIOUS_INJ_COUNT","UNK_INJ_DEG_COUNT","UNK_INJ_PER_COUNT","URBAN_RURAL","VAN_COUNT","VEHICLE_COUNT","VULNERABLE_ROAD_USER_COUNT","VULNERABLE_ROAD_USER_DEATH_COUNT","VULNERABLE_ROAD_USER_SER_INJ_COUNT","WEATHER1","WEATHER2","WORKERS_PRES","WORK_ZONE_IND","WORK_ZONE_LOC","WORK_ZONE_TYPE","WZ_CLOSE_DETOUR","WZ_FLAGGER","WZ_LAW_OFFCR_IND","WZ_LN_CLOSURE","WZ_MOVING","WZ_OTHER","WZ_SHLDER_MDN","WZ_WORKERS_INJ_KILLED"
"2020004696","2322","1","0","0","0","0","0","0","0","0","1","0","","67","1","2020","1","40.012538","-75.181165","2315","6","0","0","0","0","0","0","0","0","","0","0","0","23","3","0","N","0","0","40 00:45.137","","0","75 10:52.194","0","0","0","0","67301","0","0","0","N","0","0","0","1","67301","0","","1.0","","1","N","N","N","0","","0","0","0","0","0","","2306","2","0","0","0","0","0","0","2","0","2","0","0","0","3","03","","N","","","","","","","","","",""
"2020002694","0905","2","0","0","0","0","0","0","0","0","2","0","","67","1","2020","4","39.994043","-75.179834","0900","6","0","0","0","0","0","0","0","0","","0","0","0","9","1","1","","2","0","39 59:38.554","","0","75 10:47.402","3","0","0","0","67301","0","0","0","N","0","0","0","2","67301","0","","1.0","","1","N","N","N","0","","1","0","0","3","3","","900","2","1","0","0","0","0","0","2","0","2","0","0","0","3","03","","N","","","","","","","","","",""
"2020001643","1420","0","0","0","0","0","0","0","0","0","8","0","","67","1","2020","1","40.061508","-75.083511","1415","6","0","0","0","0","0","0","0","0","","0","0","0","14","1","1","N","0","0","40 03:41.428","","0","75 05:00.641","3","0","0","0","67301","1","0","0","N","1","0","0","1","67301","0","","1.0","","1","N","N","N","0","","1","0","1","0","0","","1415","2","1","0","0","0","0","0","2","0","1","1","0","0","3","03","","N","","","","","","","","","",""
"2020002480","2356","1","0","0","0","0","0","0","0","0","7","0","","67","1","2020","4","40.038678","-75.00784","2345","6","0","0","0","0","0","0","0","0","","0","0","0","23","3","0","N","0","0","40 02:19.239","","0","75 00:28.224","0","0","0","0","67301","0","0","0","N","0","0","0","1","67301","0","","4.0","","1","N","N","N","0","","0","0","0","0","0","","2305","1","0","0","0","0","0","0","2","0","1","0","0","0","3","","","N","","","","","","","","","",""
"2020022632","1355","2","0","0","0","0","0","0","0","0","6","0","","67","2","2020","3","39.976454","-75.189359","1350","6","0","0","0","0","0","1","0","0","","0","0","0","13","1","1","","3","1","39 58:35.233","2","0","75 11:21.692","3","0","0","0","67301","0","0","0","N","0","0","0","2","67301","0","","1.0","1422.0","9","N","N","N","0","","1","0","0","0","0","N","1350","2","1","0","0","0","0","0","2","0","2","0","0","0","7","04","","N","","","","","","","","","",""
"2020054127","1845","0","0","0","0","0","0","0","0","0","8","0","","67","7","2020","6","39.944672","-75.224353","1845","6","0","0","0","0","0","0","0","0","","0","0","0","11","1","1","N","0","0","39 56:40.820","","0","75 13:27.670","8","0","0","0","67301","1","0","0","N","1","0","0","2","67301","0","","9.0","","99","N","N","N","0","","0","0","0","9","9","","1100","2","1","0","0","0","1","0","2","0","1","1","0","0","3","03","","N","","","","","","","","","",""
"2020005518","0824","1","0","0","0","0","0","0","0","0","1","0","","67","1","2020","2","39.957446","-75.158649","0812","6","0","0","0","0","0","0","0","0","","0","0","0","8","1","1","N","0","0","39 57:26.805","","0","75 09:31.138","4","0","0","0","67301","0","0","0","N","0","0","0","2","68K01","1","","1.0","","1","N","N","N","0","","0","0","0","0","0","","811","2","1","0","0","0","0","0","2","1","2","0","0","0","3","","","N","","","","","","","","","",""
"2020020112","0116","0","0","0","0","0","0","0","0","0","6","0","","67","2","2020","2","39.97037","-75.245229","0115","6","0","0","0","0","0","0","0","0","","0","0","0","1","3","1","N","1","0","39 58:13.333","","0","75 14:42.826","4","0","0","0","67301","0","0","0","N","0","0","0","2","67301","1","","1.0","","1","N","N","N","0","","0","0","2","3","2","","110","2","1","0","0","0","0","0","2","0","2","0","0","0","3","03","","N","","","","","","","","","",""
"2020021255","2135","2","0","0","0","0","0","0","0","0","4","0","","67","2","2020","1","39.905757","-75.193824","2119","6","0","0","0","0","0","0","0","0","","0","0","0","21","3","1","","1","0","39 54:20.725","","0","75 11:37.765","4","0","0","0","67301","0","0","0","N","0","0","0","2","67301","1","","1.0","","1","N","N","Y","0","","0","0","0","9","9","","2118","2","1","0","0","0","0","1","2","0","2","0","0","0","3","03","","N","","","","","","","","","",""
"2020004047","0825","0","0","0","0","0","0","0","0","0","8","0","","67","1","2020","5","40.056373","-75.028181","0815","6","0","0","0","0","0","0","0","0","","0","0","0","6","5","1","","5","0","40 03:22.942","","0","75 01:41.453","3","0","0","0","67301","1","0","0","N","1","0","0","2","67301","0","","1.0","","1","N","N","N","0","","1","0","0","3","2","","655","2","1","0","0","0","0","1","2","0","1","1","0","0","3","03","","N","","","","","","","","","",""
"2020021609","1633","1","0","0","0","0","0","0","0","0","8","0","","67","2","2020","5","39.977969","-75.165433","1628","6","0","0","0","0","0","0","0","0","","0","0","0","14","1","2","N","0","0","39 58:40.690","","0","75 09:55.560","8","0","0","0","67301","2","0","0","N","2","0","0","3","67301","0","","1.0","","1","N","N","N","0","","0","0","0","0","0","","1455","3","2","0","0","0","2","0","2","0","1","2","0","0","3","03","","N","","","","","","","","","",""
"2020042584","0918","1","0","0","0","0","0","0","0","0","5","0","","67","5","2020","4","40.012199","-75.069268","0912","6","0","0","0","0","0","0","0","0","","0","0","0","9","1","1","","1","1","40 00:43.916","1","0","75 04:09.363","3","0","0","0","67301","0","0","0","N","0","0","0","2","67301","0","","1.0","1003.0","1","N","N","N","0","","1","0","1","3","2","N","912","2","1","0","0","0","0","0","2","0","2","0","0","0","3","","","N","","","","","","","","","",""
"2020002460","0636","1","0","0","0","0","0","0","0","0","5","1","","67","1","2020","7","39.986417","-75.208417","0630","6","0","0","0","0","0","0","0","1","","0","2","0","6","3","0","N","0","0","39 59:11.100","","2","75 12:30.300","0","0","0","0","67301","0","0","0","N","0","0","0","3","67301","0","","2.0","","1","N","N","N","0","","0","0","0","0","0","","629","3","0","0","0","0","0","0","2","0","3","0","0","0","3","03","","N","","","","","","","","","",""
"2020044704","1025","1","0","0","0","0","0","0","0","0","8","0","","67","6","2020","3","39.953548","-75.156268","1019","6","0","1","0","0","0","0","0","0","","0","0","0","10","1","1","","1","1","39 57:12.771","2","0","75 09:22.566","3","0","0","0","67301","1","0","0","N","1","0","0","2","67301","0","","1.0","1100.0","1","N","N","N","0","","1","0","0","3","2","Y","1019","2","1","1","0","0","0","0","2","0","1","1","0","0","3","03","","N","","","","","","","","","",""
"2020047984","0634","1","0","0","0","0","0","0","0","0","7","0","","67","6","2020","5","40.071584","-75.157645","0621","6","0","0","0","0","0","0","0","0","","0","0","0","6","5","1","","1","0","40 04:17.702","","0","75 09:27.521","2","0","0","0","67301","0","0","0","N","0","0","0","1","67301","0","","4.0","","9","N","N","N","0","","0","1","0","3","2","","600","1","1","0","0","0","0","0","2","0","1","0","0","0","7","","","N","","","","","","","","","",""
"2020053497","2051","1","0","0","0","0","0","0","0","0","7","0","","67","6","2020","5","39.998762","-75.082042","2045","6","0","0","0","0","0","0","0","0","","0","0","0","20","3","0","N","0","1","39 59:55.544","2","2","75 04:55.350","9","0","0","0","67301","0","0","0","N","0","0","0","1","68K01","0","","4.0","0.0","1","N","N","N","0","","0","0","0","0","0","N","2023","1","0","0","0","0","0","1","2","0","1","0","0","0","3","","","N","","","","","","","","","",""
"2020013218","1621","1","0","0","0","0","0","0","0","0","5","1","","67","2","2020","2","39.912333","-75.17175","1621","6","0","0","0","0","1","0","0","0","","0","1","0","16","1","0","N","0","0","39 54:44.400","","3","75 10:18.300","0","0","0","0","67301","0","0","0","N","0","0","0","3","67501","0","","1.0","","1","N","N","N","0","","0","0","0","0","0","","1610","2","0","0","0","0","0","0","2","0","2","0","0","0","3","03","","N","","","","","","","","","",""
"2020056075","1523","1","0","0","0","0","0","0","0","0","5","0","","67","7","2020","4","39.969708","-75.141438","1519","6","0","0","0","0","0","1","0","0","","0","0","0","14","1","1","N","0","0","39 58:10.949","","0","75 08:29.175","8","0","0","0","67301","0","0","0","N","0","0","0","3","67301","0","","1.0","","1","N","N","N","0","","0","0","1","0","0","","1431","2","1","1","0","0","1","0","2","0","2","0","0","0","3","03","","N","","","","","","","","","",""
"2020020110","1947","1","0","0","0","0","0","0","0","0","4","0","","67","2","2020","1","40.033944","-75.038326","1936","6","0","0","0","0","0","0","0","0","","0","0","0","19","3","1","N","0","1","40 02:02.200","4","0","75 02:17.974","3","0","0","0","67301","0","0","0","N","0","0","0","4","67301","0","","1.0","2100.0","1","N","N","N","1","","1","0","0","0","0","N","1934","4","1","0","0","0","0","3","2","2","4","0","0","0","3","","","N","","","","","","","","","",""
"2020023315","2144","2","0","0","0","0","0","0","0","0","4","0","","67","3","2020","1","39.995216","-75.139512","2144","6","0","0","0","0","0","0","0","0","","0","0","0","20","3","2","","1","0","39 59:42.777","","0","75 08:22.243","3","0","0","0","67301","0","0","0","N","0","0","0","2","67301","0","","1.0","","1","N","N","N","0","","2","0","0","3","2","","2011","2","2","0","0","0","0","0","2","0","2","0","0","0","3","","","N","","","","","","","","","",""
"2020029310","0458","1","0","0","0","0","0","0","0","0","7","0","","67","2","2020","7","39.955959","-75.140746","0451","6","0","0","0","0","0","0","0","0","","0","0","0","4","3","1","N","0","0","39 57:21.454","","0","75 08:26.685","8","0","0","0","67301","0","0","0","N","0","0","0","1","68K01","0","","3.0","","1","N","N","N","0","","0","0","0","0","0","","433","1","1","1","0","0","1","0","2","0","1","0","0","0","3","","","N","","","","","","","","","",""
"2020036488","1829","4","0","0","0","0","0","0","0","0","4","0","","67","5","2020","7","39.923726","-75.184359","1821","6","0","0","0","0","0","0","0","0","","0","0","0","18","1","2","","1","0","39 55:25.413","","0","75 11:03.692","4","0","0","0","67301","0","0","0","N","0","0","0","2","67301","2","","1.0","","1","N","N","N","0","","0","0","0","3","3","","1807","4","2","0","0","0","0","0","2","0","4","0","0","0","3","","","N","","","","","","","","","",""
"2020042315","1410","1","0","0","0","0","0","0","0","0","4","0","","67","5","2020","6","40.013761","-75.055974","1407","6","0","0","0","0","0","0","0","0","","0","0","0","14","1","1","","1","0","40 00:49.539","","0","75 03:21.506","8","0","0","0","67301","0","0","0","N","0","0","0","3","67301","0","","1.0","","1","N","N","N","0","","0","0","1","0","0","","1400","2","1","0","0","0","1","0","2","0","2","0","0","0","3","04","","N","","","","","","","","","",""
"2020086187","1745","2","0","0","0","0","0","0","0","0","4","0","","67","10","2020","5","40.055279","-75.185051","1739","6","0","0","0","0","0","0","0","0","","0","0","0","17","1","5","","1","0","40 03:19.004","","0","75 11:06.183","3","0","0","0","67301","0","0","0","N","0","0","0","6","67301","0","","4.0","","1","N","N","N","0","","5","0","0","3","3","","1727","2","5","0","0","0","0","1","2","0","2","0","0","0","3","03","","N","","","","","","","","","",""
"2020048076","1027","1","0","0","0","0","0","0","0","0","4","0","","67","6","2020","6","40.055581","-75.181322","1017","6","0","0","0","0","0","1","1","0","","0","0","0","10","1","1","","2","0","40 03:20.090","","0","75 10:52.760","3","0","0","0","67301","0","0","0","N","0","0","0","2","67301","0","","1.0","","1","N","N","N","0","","1","0","0","3","3","","1015","2","1","2","0","0","0","0","2","1","2","0","0","0","3","03","","N","","","","","","","","","",""
"2020046298","1605","2","0","0","0","0","0","0","0","0","3","0","","67","6","2020","7","40.015874","-75.147192","1605","6","0","0","0","0","0","0","1","0","","0","0","0","16","1","1","","2","0","40 00:57.146","","0","75 08:49.891","3","0","0","0","67301","0","0","0","N","0","0","0","3","67301","0","","1.0","","1","N","N","N","0","","1","0","0","0","0","","1605","2","1","3","0","0","0","0","2","0","2","0","0","0","3","03","","N","","","","","","","","","",""
"2020014637","2318","1","0","0","0","0","0","0","0","0","4","0","","67","2","2020","5","40.086544","-75.036315","2315","6","0","0","0","0","0","0","1","0","","0","0","0","23","3","1","","2","0","40 05:11.557","","0","75 02:10.733","8","0","0","0","67301","0","0","0","N","0","0","0","2","67301","0","","1.0","","9","N","N","N","0","","0","0","0","0","0","","2310","2","1","0","0","0","1","0","2","1","2","0","0","0","7","","","N","","","","","","","","","",""
"2020061970","1228","0","0","0","0","0","0","0","0","0","8","0","","67","8","2020","7","39.940375","-75.218714","1228","6","0","0","0","0","0","0","0","0","","0","0","0","12","1","1","N","0","2","39 56:25.350","5","0","75 13:07.370","3","0","0","0","67301","1","0","0","N","1","0","0","2","67301","0","","1.0","1340.0","1","N","N","N","0","","1","0","1","0","0","Y","1225","2","1","0","0","0","0","0","2","0","1","1","0","0","3","98","","N","","","","","","","","","",""
"2020021694","1229","2","0","0","0","0","0","0","0","0","1","0","","67","2","2020","5","40.133289","-75.010572","1216","6","0","0","0","0","0","0","0","0","","0","0","0","12","1","1","N","0","0","40 07:59.839","","0","75 00:38.060","8","0","0","0","67301","0","0","0","N","0","0","0","2","67301","0","","1.0","","1","N","N","N","0","","0","0","0","0","0","","1210","2","1","0","0","0","1","0","2","0","2","0","0","0","3","","","N","","","","","","","","","",""
"2020021607","0900","1","0","0","0","0","0","0","0","0","6","0","","67","2","2020","5","39.978173","-75.194442","0850","6","0","0","0","0","0","1","0","0","","0","0","0","8","1","1","N","0","1","39 58:41.421","1","0","75 11:39.991","3","0","0","0","67301","0","0","0","N","0","0","0","2","67301","0","","1.0","930.0","1","N","N","N","0","","1","0","1","0","0","N","844","2","1","0","0","0","0","0","2","0","2","0","0","0","3","03","","N","","","","","","","","","",""
"2020020468","1130","2","0","0","0","0","0","0","0","0","4","0","","67","2","2020","2","39.992087","-75.176523","1127","6","0","0","0","0","0","0","0","0","","0","0","0","11","1","0","","1","0","39 59:31.513","","0","75 10:35.482","0","0","0","0","67301","0","0","0","N","0","0","0","2","67301","0","","1.0","","1","N","N","N","0","","0","0","1","3","3","","1127","3","0","0","0","0","0","0","2","0","3","0","0","0","3","03","","N","","","","","","","","","",""
"2020013972","2115","1","0","0","0","0","0","0","0","0","8","0","","67","2","2020","3","40.05145","-75.174544","2109","6","0","0","0","0","0","0","0","0","","0","0","0","20","3","1","N","0","0","40 03:05.219","","0","75 10:28.358","3","0","0","0","67301","1","0","0","N","1","0","0","2","67301","0","","1.0","","9","N","N","N","0","","1","0","0","0","0","","2014","2","1","0","0","0","0","0","2","0","1","1","0","0","7","","","N","","","","","","","","","",""
"2020028994","1902","1","0","0","0","0","0","0","0","0","4","0","","67","3","2020","4","39.974598","-75.199484","1853","6","0","0","0","0","0","0","0","0","","0","0","0","18","1","1","","1","0","39 58:28.552","","2","75 11:58.141","8","0","0","0","67301","0","0","0","N","0","0","0","3","67301","0","","1.0","","1","N","N","N","0","","0","0","1","3","2","","1820","2","1","0","0","0","1","1","2","0","2","0","0","0","3","03","","N","","","","","","","","","",""
"2020020493","1136","0","0","0","0","0","0","0","0","0","4","0","","67","2","2020","2","40.02744","-75.062499","1135","6","0","0","0","0","0","1","0","0","","0","0","0","11","1","1","","1","2","40 01:38.783","7","0","75 03:44.998","3","0","0","0","67301","0","0","0","N","0","0","0","4","67301","0","","1.0","30.0","1","N","N","N","1","","1","0","1","3","2","Y","1130","2","1","0","0","0","0","0","2","0","2","0","0","0","3","03","","N","","","","","","","","","",""
"2020042299","0115","1","0","0","0","0","0","0","0","0","7","0","","67","5","2020","7","39.906022","-75.193503","0112","6","0","0","0","0","0","0","0","0","","0","0","0","1","3","3","N","0","0","39 54:21.679","","0","75 11:36.611","3","0","0","0","67301","0","0","0","N","0","0","0","4","67301","0","","4.0","","1","N","N","Y","0","","3","0","0","0","0","","105","1","3","0","0","0","0","0","2","0","1","0","0","0","3","03","","N","","","","","","","","","",""
"2020043441","0445","1","0","0","0","0","0","0","0","0","5","0","","67","5","2020","1","40.020167","-75.141539","0443","6","0","0","0","0","0","0","0","0","","0","0","0","4","3","0","N","0","0","40 01:12.600","","6","75 08:29.541","9","0","0","0","67301","0","0","0","N","0","0","0","2","67301","0","","1.0","","1","N","N","N","0","","0","0","1","0","0","","443","2","0","0","0","0","0","1","2","0","2","0","0","0","3","03","","N","","","","","","","","","",""
"2020041557","0433","2","0","0","0","0","0","0","0","0","4","0","","67","5","2020","3","40.043968","-75.123686","0430","6","0","0","0","0","0","0","0","0","","0","0","0","4","3","0","","1","0","40 02:38.284","","0","75 07:25.269","0","0","0","0","67301","0","0","0","N","0","0","0","2","67301","0","","1.0","","9","N","N","N","0","","0","0","0","3","3","","420","2","0","0","0","0","0","0","2","0","2","0","0","0","5","05","","N","","","","","","","","","",""
"2020020834","1817","0","0","0","0","0","0","0","0","0","4","0","","67","2","2020","3","40.044297","-75.054111","1807","6","0","0","0","0","0","0","0","0","","0","0","0","17","3","1","","1","0","40 02:39.468","","0","75 03:14.798","3","0","0","0","67301","0","0","0","N","0","0","0","2","67301","0","","1.0","","9","N","N","N","0","","1","0","2","3","2","","1735","2","1","0","0","0","0","1","2","0","2","0","0","0","7","","","N","","","","","","","","","",""
"2020023927","0035","1","0","0","0","0","0","0","0","0","0","0","","67","2","2020","4","40.037085","-75.013175","0021","6","0","0","1","0","0","0","0","0","","0","0","0","0","3","0","N","0","2","40 02:13.506","1","0","75 00:47.429","0","0","0","0","67301","0","0","0","N","0","0","0","2","68K01","0","","4.0","40.0","9","N","N","N","0","","0","0","0","0","0","N","18","1","0","0","0","0","0","0","2","0","1","0","0","0","7","","","N","","","","","","","","","",""
"2020042453","1925","3","0","0","0","0","0","0","0","0","4","0","","67","5","2020","7","40.075976","-75.176835","1923","6","0","0","0","0","0","1","0","0","","0","0","0","18","1","0","","1","0","40 04:33.512","","0","75 10:36.605","0","0","0","0","67301","0","0","0","N","0","0","0","2","67301","0","","1.0","","1","N","N","Y","0","","0","0","3","3","2","","1857","6","0","0","0","0","0","0","2","0","6","0","0","0","3","03","","N","","","","","","","","","",""
"2020043440","0320","3","0","0","0","0","0","0","0","0","1","0","","67","5","2020","1","40.00194","-75.118921","0312","6","0","0","0","0","0","0","0","0","","0","0","0","2","3","3","N","0","0","40 00:06.985","","0","75 07:08.116","2","0","0","0","67301","0","0","0","N","0","0","0","3","67301","0","","6.0","","1","N","N","N","0","","2","1","1","0","0","","254","5","3","0","0","0","0","0","2","1","5","0","0","0","3","03","","N","","","","","","","","","",""
"2020054129","2018","1","0","0","0","0","0","0","0","0","7","0","","67","7","2020","1","39.892694","-75.223222","2016","6","0","0","1","0","0","0","0","0","","1","0","0","20","4","2","N","0","1","39 53:33.700","3","0","75 13:23.600","1","0","0","0","67301","0","0","0","N","0","0","0","3","67301","0","2","3.0","2240.0","1","N","N","N","0","0","2","0","0","0","0","N","2015","1","2","1","1","0","0","0","2","0","1","0","0","0","3","03","","N","","","","","","","","","",""
"2020046692","0458","1","0","0","0","0","0","0","0","0","7","0","","67","5","2020","1","39.944518","-75.191293","0453","6","0","0","0","0","0","0","0","0","","0","0","0","4","3","0","N","0","0","39 56:40.263","","8","75 11:28.654","0","0","0","0","67301","0","0","0","N","0","0","0","1","68K01","0","","4.0","","1","N","N","N","0","","0","0","0","0","0","","452","1","0","0","0","0","0","0","2","0","1","0","0","0","3","","","N","","","","","","","","","",""
"2020014935","1912","1","0","0","0","0","0","0","0","0","7","0","","67","2","2020","5","40.0409","-75.005262","1912","6","0","0","0","0","0","0","0","0","","0","0","0","19","3","0","N","0","0","40 02:27.240","","0","75 00:18.943","0","0","0","0","67301","0","0","0","N","0","0","0","2","68K01","0","","4.0","","9","N","N","N","0","","0","0","0","0","0","","1912","1","0","0","0","0","0","0","2","0","1","0","0","0","7","","","N","","","","","","","","","",""
"2020056181","2009","1","0","0","0","0","0","0","0","0","2","0","","67","7","2020","4","40.043875","-75.180214","2006","6","0","0","0","0","0","0","0","0","","0","0","0","20","4","1","N","0","0","40 02:37.949","","0","75 10:48.769","3","0","0","1","67301","0","0","0","N","0","0","0","2","67301","0","","5.0","","1","N","N","N","0","","1","0","0","9","2","","2006","2","1","0","0","0","0","0","2","0","2","0","0","0","3","03","","N","","","","","","","","","",""
"2020041968","2052","1","0","0","0","0","0","0","0","0","5","0","","67","5","2020","7","39.901448","-75.152114","2041","6","0","0","0","0","1","0","0","0","","0","0","0","20","3","1","N","0","0","39 54:05.212","","0","75 09:07.612","3","0","0","0","67301","0","0","0","N","0","0","0","2","68K01","0","","1.0","","1","N","N","N","0","","1","0","1","0","0","","2038","2","1","0","0","0","0","0","2","0","2","0","0","0","3","03","","N","","","","","","","","","",""
"2020091421","2252","1","0","0","0","0","0","0","0","0","8","0","","67","10","2020","6","40.039151","-75.110002","2247","6","0","0","0","0","0","0","0","0","","0","0","0","21","3","1","","1","0","40 02:20.942","","0","75 06:36.006","3","0","0","0","67301","1","0","0","N","1","0","0","1","67301","0","","1.0","","9","N","N","N","0","","1","0","0","0","0","","2111","2","1","0","0","0","0","0","2","0","1","1","0","0","7","04","","N","","","","","","","","","",""
"2020041255","1900","1","0","0","0","0","0","0","0","0","4","0","","67","5","2020","7","39.990427","-75.115966","1900","6","0","0","0","0","0","0","0","0","","0","0","0","17","1","1","","2","0","39 59:25.537","","0","75 06:57.477","3","0","0","0","67301","0","0","0","N","0","0","0","3","67301","0","","1.0","","1","N","N","N","1","","1","0","0","3","2","","1725","2","1","0","0","0","0","2","2","0","2","0","0","0","3","","","N","","","","","","","","","",""
"2020089781","1510","0","0","0","0","0","0","1","0","0","8","1","","67","9","2020","5","39.96898","-75.217001","1505","6","0","0","0","0","0","1","0","0","","0","0","0","15","1","1","N","1","0","39 58:08.327","","0","75 13:01.203","8","0","0","0","67301","1","0","0","N","1","0","0","2","67508","0","","1.0","","1","N","N","Y","0","","0","0","0","3","2","","1505","2","1","0","0","0","1","0","2","0","1","1","0","0","3","03","","N","","","","","","","","","",""
"2020045263","2155","0","0","0","0","0","0","0","0","0","4","0","","67","5","2020","6","40.028996","-75.205909","2152","6","0","0","1","0","0","0","0","0","","0","0","0","21","3","2","N","0","2","40 01:44.384","5","7","75 12:21.271","2","0","2","1","67301","0","0","0","N","0","0","0","4","67301","0","","1.0","100.0","1","N","N","N","0","","0","2","1","0","0","Y","2150","2","2","0","0","0","0","0","2","0","2","0","0","0","3","03","","N","","","","","","","","","",""
"2020046526","1901","2","0","0","0","0","0","0","0","0","4","0","","67","6","2020","1","39.952184","-75.240772","1900","6","0","0","0","0","0","0","1","0","","0","0","0","18","1","5","","1","2","39 57:07.862","7","0","75 14:26.779","4","0","0","0","67301","0","0","0","N","0","0","0","6","67301","5","","1.0","2000.0","1","N","N","N","0","","0","0","1","3","2","Y","1859","3","5","0","0","0","0","1","2","0","3","0","0","0","3","03","","N","","","","","","","","","",""
"2020041192","0827","2","0","0","0","0","0","0","0","0","4","0","","67","5","2020","3","39.984949","-75.158241","0827","6","0","0","0","0","0","1","0","0","","0","0","0","6","1","0","N","1","0","39 59:05.816","","0","75 09:29.666","0","0","0","0","67301","0","0","0","N","0","0","0","2","67505","0","","1.0","","1","N","Y","N","0","","0","0","0","3","2","","652","2","0","0","0","0","0","0","2","0","2","0","0","0","3","03","","N","","","","","","","","","",""
"2020082395","2349","0","0","0","0","0","0","0","0","0","0","0","","67","9","2020","6","40.033999","-75.01995","2340","6","0","0","0","0","0","2","0","0","","1","0","0","23","3","1","N","0","1","40 02:02.396","2","3","75 01:11.821","1","1","1","2","67301","0","0","0","N","0","0","0","2","68K01","0","1","1.0","200.0","1","N","N","N","0","0","0","1","0","0","0","N","2330","2","1","0","0","0","0","0","2","0","2","0","0","0","3","","","N","","","","","","","","","",""
"2020014072","1816","0","0","0","0","0","0","0","0","0","8","0","","67","2","2020","4","39.959725","-75.235189","1815","6","0","0","0","0","0","1","0","0","","0","0","0","18","3","1","","1","0","39 57:35.009","","0","75 14:06.680","3","0","0","0","67301","1","0","0","N","1","0","0","2","67301","0","","1.0","","1","N","N","N","0","","1","0","1","3","2","","1810","2","1","0","0","0","0","0","2","0","1","1","0","0","3","03","","N","","","","","","","","","",""
"2020019872","1245","0","0","0","0","0","0","0","0","0","8","0","","67","2","2020","6","40.009204","-75.150818","1233","6","0","0","0","0","0","0","0","0","","0","0","0","12","1","1","N","0","0","40 00:33.133","","0","75 09:02.943","3","0","0","0","67301","1","0","0","N","1","0","0","2","67301","0","","1.0","","9","N","N","N","0","","1","0","0","0","0","","1233","2","1","0","0","0","0","0","2","0","1","1","0","0","7","","","N","","","","","","","","","",""
"2020047207","1653","1","0","0","0","0","0","0","0","0","7","0","","67","6","2020","2","39.957194","-75.150139","1643","6","0","0","0","0","0","0","0","1","","0","0","0","16","1","1","N","0","0","39 57:25.900","","2","75 09:00.500","3","0","0","0","67301","0","0","0","N","0","0","0","1","68K01","0","","2.0","","1","N","N","N","0","","1","0","0","0","0","","1643","1","1","0","0","0","0","0","2","0","1","0","0","0","3","03","","N","","","","","","","","","",""
"2020048221","1745","0","0","0","0","0","0","0","0","0","5","0","","67","6","2020","5","40.027558","-75.1157","1734","6","0","0","0","0","0","0","0","0","","0","0","0","0","3","0","N","0","0","40 01:39.210","","0","75 06:56.520","9","0","0","0","67301","0","0","0","N","0","0","0","1","67301","0","","6.0","","1","N","N","N","0","","0","0","2","0","0","","0","2","0","0","0","0","0","1","2","0","2","0","0","0","3","03","","N","","","","","","","","","",""