"CRN","ARRIVAL_TM","AUTOMOBILE_COUNT","BELTED_DEATH_COUNT","BELTED_SUSP_SERIOUS_INJ_COUNT","BICYCLE_COUNT","BICYCLE_DEATH_COUNT","BICYCLE_SUSP_SERIOUS_INJ_COUNT","BUS_COUNT","CHLDPAS_DEATH_COUNT","CHLDPAS_SUSP_SERIOUS_INJ_COUNT","COLLISION_TYPE","COMM_VEH_COUNT","CONS_ZONE_SPD_LIM","COUNTY","CRASH_MONTH","CRASH_YEAR","DAY_OF_WEEK","DEC_LATITUDE","DEC_LONGITUDE","DISPATCH_TM","DISTRICT","DRIVER_COUNT_16YR","DRIVER_COUNT_17YR","DRIVER_COUNT_18YR","DRIVER_COUNT_19YR","DRIVER_COUNT_20YR","DRIVER_COUNT_50_64YR","DRIVER_COUNT_65_74YR","DRIVER_COUNT_75PLUS","EST_HRS_CLOSED","FATAL_COUNT","HEAVY_TRUCK_COUNT","HORSE_BUGGY_COUNT","HOUR_OF_DAY","ILLUMINATION","INJURY_COUNT","INTERSECTION_RELATED","INTERSECT_TYPE","LANE_CLOSED","LATITUDE","LN_CLOSE_DIR","LOCATION_TYPE","LONGITUDE","MAX_SEVERITY_LEVEL","MCYCLE_DEATH_COUNT","MCYCLE_SUSP_SERIOUS_INJ_COUNT","MOTORCYCLE_COUNT","MUNICIPALITY","NONMOTR_COUNT","NONMOTR_DEATH_COUNT","NONMOTR_SUSP_SERIOUS_INJ_COUNT","NTFY_HIWY_MAINT","PED_COUNT","PED_DEATH_COUNT","PED_SUSP_SERIOUS_INJ_COUNT","PERSON_COUNT","POLICE_AGCY","POSSIBLE_INJ_COUNT","RDWY_SURF_TYPE_CD","RELATION_TO_ROAD","ROADWAY_CLEARED","ROAD_CONDITION","SCH_BUS_IND","SCH_ZONE_IND","SECONDARY_CRASH","SMALL_TRUCK_COUNT","SPEC_JURIS_CD","SUSP_MINOR_INJ_COUNT","SUSP_SERIOUS_INJ_COUNT","SUV_COUNT","TCD_FUNC_CD","TCD_TYPE","TFC_DETOUR_IND","TIME_OF_DAY","TOTAL_UNITS","TOT_INJ_COUNT","UNBELTED_OCC_COUNT","UNB_DEATH_COUNT","UNB_SUSP_SERIOUS_INJ_COUNT","UNK_INJ_DEG_COUNT","UNK_INJ_PER_COUNT","URBAN_RURAL","VAN_COUNT","VEHICLE_COUNT","VULNERABLE_ROAD_USER_COUNT","VULNERABLE_ROAD_USER_DEATH_COUNT","VULNERABLE_ROAD_USER_SER_INJ_COUNT","WEATHER1","WEATHER2","WORKERS_PRES","WORK_ZONE_IND","WORK_ZONE_LOC","WORK_ZONE_TYPE","WZ_CLOSE_DETOUR","WZ_FLAGGER","WZ_LAW_OFFCR_IND","WZ_LN_CLOSURE","WZ_MOVING","WZ_OTHER","WZ_SHLDER_MDN","WZ_WORKERS_INJ_KILLED"
"2020014639","1218","1","0","0","0","0","0","0","0","0","8","0","","67","2","2020","4","40.044297","-75.054111","1212","6","0","0","0","0","0","0","0","0","","0","0","0","12","1","1","","1","0","40 02:39.468","","0","75 03:14.798","3","0","0","0","67301","1","0","0","N","1","0","0","3","67301","0","","4.0","","9","N","N","N","0","","1","0","0","3","2","","1212","2","1","0","0","0","0","0","2","0","1","1","0","0","4","04","","N","","","","","","","","","",""
"2020013138","0845","1","0","0","0","0","0","0","0","0","1","0","","67","2","2020","2","39.982112","-75.239504","0830","6","0","0","0","0","0","0","0","0","","0","0","0","7","1","0","N","0","1","39 58:55.602","3","0","75 14:22.214","0","0","0","0","67301","0","0","0","N","0","0","0","2","67301","0","","1.0","30.0","1","N","N","N","0","","0","0","1","3","2","N","745","2","0","0","0","0","0","0","2","0","2","0","0","0","3","","","N","","","","","","","","","",""
"2020044508","1650","1","0","0","0","0","0","0","0","0","4","0","","67","5","2020","4","40.052809","-75.195633","1642","6","0","0","1","0","0","1","0","0","","0","0","0","16","1","3","","1","0","40 03:10.112","","0","75 11:44.278","3","0","0","0","67301","0","0","0","N","0","0","0","7","67301","0","","1.0","","1","N","N","N","1","","1","0","1","3","2","","1635","3","3","0","0","0","2","0","2","0","3","0","0","0","3","","","N","","","","","","","","","",""
"2020014827","0130","0","0","0","0","0","0","0","0","0","5","0","","67","2","2020","3","40.024711","-75.124417","0119","6","0","0","0","0","0","0","0","0","","0","0","0","1","3","0","N","0","0","40 01:28.960","","0","75 07:27.900","0","0","0","0","67301","0","0","0","N","0","0","0","1","67301","0","","6.0","","1","N","N","N","0","","0","0","3","0","0","","119","3","0","0","0","0","0","0","2","0","3","0","0","0","3","03","","N","","","","","","","","","",""
"2020078267","0721","0","0","0","0","0","0","0","0","0","1","0","","67","9","2020","3","39.979217","-75.203863","0721","6","0","0","0","0","0","0","0","0","","0","0","0","7","1","0","N","0","2","39 58:45.181","3","0","75 12:13.908","0","0","0","0","67301","0","0","0","N","0","0","0","2","68K01","0","","1.0","724.0","1","N","N","N","0","","0","0","2","0","0","N","720","2","0","0","0","0","0","0","2","0","2","0","0","0","3","03","","N","","","","","","","","","",""
"2020078236","0249","1","0","0","0","0","0","0","0","0","7","0","","67","9","2020","5","39.980935","-75.206491","0249","6","0","0","0","0","0","1","0","0","","0","0","0","2","3","1","N","0","1","39 58:51.367","3","0","75 12:23.366","8","0","0","0","67301","0","0","0","N","0","0","0","1","68K01","0","","4.0","315.0","9","N","N","N","0","","0","0","0","0","0","N","249","1","1","0","0","0","1","0","2","0","1","0","0","0","7","","","N","","","","","","","","","",""
"2020037047","0202","1","0","0","0","0","0","0","0","0","7","0","","67","5","2020","3","39.944484","-75.238595","0202","6","0","0","0","0","0","0","1","0","","0","0","0","2","3","0","N","0","1","39 56:40.142","2","3","75 14:18.942","0","0","0","0","67301","0","0","0","N","0","0","0","1","67301","0","","2.0","100.0","1","N","N","N","0","","0","0","0","0","0","Y","200","1","0","0","0","0","0","0","2","0","1","0","0","0","3","03","","N","","","","","","","","","",""
"2020036303","2235","1","0","0","0","0","0","0","0","0","8","0","","67","5","2020","1","40.040768","-75.146335","2230","6","0","0","0","0","0","0","0","0","","0","0","0","17","1","1","","1","0","40 02:26.763","","0","75 08:46.806","3","0","0","0","67301","1","0","0","N","1","0","0","2","67301","0","","1.0","","1","N","N","N","0","","1","0","0","3","3","","1730","2","1","0","0","0","0","0","2","0","1","1","0","0","3","03","","N","","","","","","","","","",""
"2020044709","1316","1","0","0","1","0","0","0","0","0","8","0","","67","6","2020","2","40.016442","-75.083926","1315","6","0","0","0","0","0","0","0","0","","0","0","0","15","1","1","","3","0","40 00:59.191","","0","75 05:02.135","3","0","0","0","67301","1","0","0","N","0","0","0","2","67301","0","","1.0","","1","N","N","N","0","","1","0","0","0","0","","1520","2","1","0","0","0","0","0","2","0","1","1","0","0","3","03","","N","","","","","","","","","",""
"2020045960","1653","1","0","0","0","0","0","0","0","0","7","0","","67","5","2020","2","40.04518","-75.001936","1648","6","0","0","0","0","0","0","0","0","","0","0","0","16","1","0","N","0","0","40 02:42.648","","0","75 00:06.971","0","0","0","0","67301","0","0","0","N","0","0","0","1","68K01","0","","4.0","","1","N","N","N","0","","0","0","0","0","0","","1647","1","0","0","0","0","0","0","2","0","1","0","0","0","3","","","N","","","","","","","","","",""
"2020042966","2120","0","0","0","0","0","0","0","0","0","1","0","","67","5","2020","2","39.923253","-75.220476","2120","6","0","0","0","0","0","0","0","0","","0","0","0","21","3","1","","2","0","39 55:23.710","","0","75 13:13.713","3","0","0","0","67301","0","0","0","N","0","0","0","4","67301","0","","1.0","","1","N","N","N","0","","1","0","1","3","2","","2118","2","1","0","0","0","0","0","2","1","2","0","0","0","3","","","N","","","","","","","","","",""
"2020029288","1648","1","0","0","0","0","0","0","0","0","1","0","","67","2","2020","5","39.982727","-75.099256","1620","6","0","0","0","0","0","0","0","0","","0","0","0","16","1","0","N","0","0","39 58:57.816","","0","75 05:57.320","0","0","0","0","67301","0","0","0","N","0","0","0","2","68K01","0","","1.0","","9","N","N","N","0","","0","0","0","0","0","","1618","2","0","0","0","0","0","0","2","1","2","0","0","0","7","","","N","","","","","","","","","",""
"2020043188","0056","1","0","2","0","0","0","0","0","0","7","0","","67","5","2020","7","39.902066","-75.151308","0045","6","0","1","0","0","0","0","0","0","","0","0","0","0","3","2","N","0","1","39 54:07.439","1","0","75 09:04.707","2","0","0","0","67301","0","0","0","N","0","0","0","2","68K01","0","","3.0","150.0","9","N","N","N","0","","0","2","0","0","0","N","45","1","2","0","0","0","0","0","2","0","1","0","0","0","3","03","","N","","","","","","","","","",""
"2020039700","0621","0","0","0","0","0","0","0","0","0","4","0","","67","5","2020","3","39.998705","-75.166884","0617","6","0","0","0","0","0","0","0","0","","0","0","0","6","1","1","","1","0","39 59:55.338","","0","75 10:00.782","3","0","0","0","67301","0","0","0","N","0","0","0","2","67301","0","","1.0","","1","N","N","N","0","","1","0","2","3","2","","616","2","1","0","0","0","0","0","2","0","2","0","0","0","3","","","N","","","","","","","","","",""
"2020039857","2100","2","0","0","0","0","0","0","0","0","7","0","","67","5","2020","7","39.977789","-75.111371","2057","6","0","0","0","0","0","0","0","0","","0","0","0","20","3","1","N","0","2","39 58:40.039","2","0","75 06:40.936","3","0","0","0","67301","0","0","0","N","0","0","0","2","68K01","0","","4.0","45.0","1","N","N","N","0","","1","0","0","0","0","N","2056","2","1","0","0","0","0","0","2","0","2","0","0","0","3","","","N","","","","","","","","","",""
"2020082411","1409","0","0","0","0","0","0","0","0","0","1","0","","67","9","2020","1","39.957974","-75.162632","1352","6","0","0","0","0","1","0","0","0","","0","0","0","13","1","1","N","0","1","39 57:28.706","4","0","75 09:45.476","3","0","0","0","67301","0","0","0","N","0","0","0","3","68K01","0","","1.0","1410.0","1","N","N","N","0","","1","0","2","0","0","N","1344","2","1","0","0","0","0","0","2","0","2","0","0","0","3","","","N","","","","","","","","","",""
"2020041458","1536","0","0","0","0","0","0","0","0","0","7","0","","67","5","2020","2","40.034251","-75.019671","1515","6","0","0","0","0","0","0","0","0","","0","0","0","15","1","2","N","0","1","40 02:03.305","2","0","75 01:10.815","8","0","0","0","67301","0","0","0","N","0","0","0","2","68K01","0","","2.0","1550.0","1","N","N","N","0","","0","0","1","0","0","N","1505","1","2","0","0","0","2","0","2","0","1","0","0","0","3","03","","N","","","","","","","","","",""
"2020045947","0837","0","0","0","0","0","0","0","0","0","7","0","","67","5","2020","7","39.947069","-75.142283","0836","6","0","0","0","0","0","0","0","0","","0","0","0","8","1","2","N","0","0","39 56:49.448","","0","75 08:32.219","3","0","0","0","67301","0","0","0","N","0","0","0","2","68K01","0","","3.0","","9","N","N","N","1","","1","0","0","0","0","","835","1","2","0","0","0","1","0","2","0","1","0","0","0","7","04","","N","","","","","","","","","",""
"2020041459","1913","1","0","0","0","0","0","0","0","0","7","0","","67","5","2020","2","40.021518","-75.039843","1906","6","0","0","0","0","1","0","0","0","","0","0","0","19","1","2","N","0","1","40 01:17.464","1","0","75 02:23.436","8","0","0","0","67301","0","0","0","N","0","0","0","2","68K01","0","","3.0","1927.0","1","N","N","N","0","","0","0","0","0","0","N","1905","1","2","0","0","0","2","0","2","0","1","0","0","0","3","03","","N","","","","","","","","","",""
"2020041229","2225","1","0","0","0","0","0","0","0","0","4","0","","67","5","2020","1","39.946801","-75.235841","2220","6","0","0","0","0","0","0","0","0","","0","0","0","22","3","2","","1","2","39 56:48.484","6","0","75 14:09.027","8","0","0","0","67301","0","0","0","N","0","0","0","3","67301","0","","1.0","0.0","1","N","N","N","0","","0","0","1","3","2","Y","2220","2","2","0","0","0","2","1","2","0","2","0","0","0","3","03","","N","","","","","","","","","",""
"2020043544","0031","0","0","0","0","0","0","0","0","0","7","0","","67","5","2020","3","39.959139","-75.180472","0031","6","0","0","0","0","0","0","0","0","","0","0","0","0","3","0","","3","2","39 57:32.900","4","2","75 10:49.700","9","0","0","0","67301","0","0","0","Y","0","0","0","1","68K01","0","","4.0","115.0","1","N","N","N","1","","0","0","0","0","0","Y","17","1","0","0","0","0","0","1","2","0","1","0","0","0","3","03","","N","","","","","","","","","",""
"2020072319","0830","1","0","0","0","0","0","0","0","0","5","1","","67","9","2020","6","39.905757","-75.193824","0819","6","0","0","0","0","0","1","0","0","","0","1","0","7","1","1","","1","0","39 54:20.725","","0","75 11:37.765","4","0","0","0","67301","0","0","0","N","0","0","0","2","67301","1","","1.0","","1","N","N","N","0","","0","0","0","3","2","","746","2","1","0","0","0","0","0","2","0","2","0","0","0","3","","","N","","","","","","","","","",""
"2020033650","2222","2","0","0","0","0","0","0","0","0","4","0","","67","4","2020","1","39.963255","-75.188499","2220","6","0","0","0","0","0","0","0","0","","0","0","0","22","3","2","","1","2","39 57:47.719","7","0","75 11:18.596","3","0","0","0","67301","0","0","0","N","0","0","0","4","67507","0","","1.0","2315.0","1","N","N","Y","0","","2","0","0","3","2","Y","2205","2","2","0","0","0","0","0","2","0","2","0","0","0","3","","","N","","","","","","","","","",""
"2020035356","1635","1","0","0","0","0","0","0","0","0","4","0","","67","4","2020","7","39.95768","-75.162367","1632","6","0","0","0","0","0","1","0","0","","0","0","0","16","1","1","","5","0","39 57:27.649","","8","75 09:44.521","3","0","0","0","67301","0","0","0","N","0","0","0","2","67301","0","","1.0","","1","N","N","N","0","","1","0","1","3","2","","1630","2","1","0","0","0","0","0","2","0","2","0","0","0","3","03","","N","","","","","","","","","",""
"2020050523","0245","1","0","0","0","0","0","0","0","0","7","0","","67","6","2020","1","39.901086","-75.152827","0232","6","0","1","0","0","0","0","0","0","","0","0","0","2","3","1","N","0","1","39 54:03.910","1","3","75 09:10.177","8","0","0","0","67301","0","0","0","N","0","0","0","2","68K01","0","","3.0","330.0","1","N","N","N","0","","0","0","0","0","0","N","224","1","1","0","0","0","1","0","2","0","1","0","0","0","3","03","","N","","","","","","","","","",""
"2020045933","1415","1","0","0","0","0","0","0","0","0","7","0","","67","5","2020","6","39.898979","-75.167986","1406","6","0","0","0","0","0","0","0","0","","0","0","0","14","1","3","N","0","0","39 53:56.325","","0","75 10:04.751","3","0","0","0","67301","0","0","0","N","0","0","0","3","68K01","0","","4.0","","9","N","N","N","0","","3","0","0","0","0","","1404","1","3","0","0","0","0","0","2","0","1","0","0","0","7","","","N","","","","","","","","","",""
"2020039038","0009","2","0","0","0","0","0","0","0","0","4","0","","67","5","2020","7","39.986924","-75.161045","0008","6","0","0","0","0","0","0","0","0","","0","0","0","0","3","1","","1","0","39 59:12.926","","0","75 09:39.762","4","0","0","0","67301","0","0","0","N","0","0","0","3","67301","1","","1.0","","1","N","N","N","0","","0","0","0","3","2","","8","2","1","0","0","0","0","1","2","0","2","0","0","0","3","","","N","","","","","","","","","",""
"2020044492","1210","0","0","0","1","0","0","0","0","0","8","1","","67","6","2020","7","39.960941","-75.137024","1205","6","0","0","0","0","0","0","0","0","","0","1","0","12","1","1","","2","0","39 57:39.387","","0","75 08:13.286","3","0","0","0","67301","1","0","0","N","0","0","0","2","67301","0","","1.0","","1","N","N","N","0","","1","0","0","0","0","","1200","2","1","0","0","0","0","0","2","0","1","1","0","0","3","03","","N","","","","","","","","","",""
"2020035981","1409","1","0","0","0","0","0","0","0","0","4","0","","67","5","2020","6","39.997082","-75.175448","1409","6","0","0","0","0","0","1","0","0","","0","0","0","13","1","1","","1","0","39 59:49.495","","0","75 10:31.612","8","0","0","0","67301","0","0","0","N","0","0","0","3","67301","0","","1.0","","1","N","N","N","1","","0","0","0","3","3","","1330","2","1","0","0","0","1","0","2","0","2","0","0","0","3","","","N","","","","","","","","","",""
"2020036119","1517","0","0","0","0","0","0","0","0","0","1","0","","67","5","2020","7","40.067736","-75.040717","1506","6","0","0","0","0","0","0","0","0","","0","0","0","14","1","2","N","0","0","40 04:03.851","","6","75 02:26.581","8","0","0","0","67301","0","0","0","N","0","0","0","4","67301","0","","1.0","","1","N","N","N","0","","0","0","2","0","0","","1426","2","2","0","0","0","2","1","2","0","2","0","0","0","3","","","N","","","","","","","","","",""
"2020076658","1715","1","0","0","0","0","0","0","0","0","7","0","","67","9","2020","3","40.002099","-75.156829","1713","6","0","0","0","0","0","0","0","0","","0","0","0","17","1","1","N","0","0","40 00:07.556","","0","75 09:24.583","3","0","0","0","67301","0","0","0","N","0","0","0","1","67301","0","","6.0","","1","N","N","N","0","","1","0","0","0","0","","1710","1","1","1","0","0","0","0","2","0","1","0","0","0","3","03","","N","","","","","","","","","",""
"2020036023","0435","1","0","0","0","0","0","0","0","0","5","0","","67","5","2020","7","39.903856","-75.249506","0425","6","0","0","0","0","0","0","0","0","","0","0","0","4","3","0","N","0","0","39 54:13.880","","0","75 14:58.220","0","0","0","0","67301","0","0","0","N","0","0","0","1","67301","0","","6.0","","1","N","N","N","0","","0","0","0","0","0","","417","2","0","0","0","0","0","0","2","1","2","0","0","0","3","03","","N","","","","","","","","","",""
"2020036231","1500","5","0","0","0","0","0","0","0","0","4","0","","67","5","2020","7","40.010363","-75.200671","1455","6","0","0","0","0","0","0","1","0","","0","0","0","14","1","1","N","0","1","40 00:37.305","5","7","75 12:02.415","3","0","0","0","67301","0","0","0","N","0","0","0","4","67301","0","","1.0","1616.0","1","N","N","N","0","","1","0","1","0","0","Y","1453","6","1","0","0","0","0","0","2","0","6","0","0","0","3","03","","N","","","","","","","","","",""
"2020037868","0125","2","0","0","0","0","0","0","0","0","5","0","","67","5","2020","7","40.007239","-75.099142","0121","6","0","0","0","0","0","0","0","0","","0","0","0","22","3","0","N","0","0","40 00:26.060","","0","75 05:56.910","0","0","0","0","67301","0","0","0","N","0","0","0","1","67301","0","","6.0","","1","N","N","N","0","","0","0","0","0","0","","2210","2","0","0","0","0","0","0","2","0","2","0","0","0","3","03","","N","","","","","","","","","",""
"2020036300","2020","0","0","0","1","0","0","0","0","0","8","0","","67","5","2020","1","39.935962","-75.168898","2017","6","0","0","0","0","0","0","0","0","","0","0","0","20","4","1","","1","0","39 56:09.463","","0","75 10:08.032","8","0","0","0","67301","1","0","0","N","0","0","0","3","67301","0","","1.0","","1","N","N","N","0","","0","0","1","3","3","","2015","2","1","0","0","0","1","0","2","0","1","1","0","0","3","03","","N","","","","","","","","","",""
"2020037929","1830","2","0","0","0","0","0","0","0","0","2","0","","67","5","2020","7","40.009366","-75.152089","1830","6","0","0","0","0","0","0","0","0","","0","0","0","18","1","0","","2","2","40 00:33.716","7","0","75 09:07.519","0","0","0","0","67301","0","0","0","N","0","0","0","5","67301","0","","1.0","1914.0","1","N","N","N","0","","0","0","0","3","2","Y","1823","2","0","2","0","0","0","0","2","0","2","0","0","0","3","03","","N","","","","","","","","","",""
"2020076715","2312","0","0","0","0","0","0","0","0","0","5","0","","67","8","2020","3","40.049151","-74.997267","2301","6","0","0","0","0","0","0","0","0","","1","0","0","22","3","0","N","0","2","40 02:56.945","2","0","74 59:50.161","1","0","0","0","67301","0","0","0","Y","0","0","0","3","68K01","0","2","1.0","327.0","1","N","N","N","1","0","0","0","1","0","0","Y","2258","2","0","1","1","0","0","0","2","0","2","0","0","0","3","","","N","","","","","","","","","",""
"2020037676","2040","1","0","0","0","0","0","0","0","0","1","0","","67","5","2020","5","40.015303","-75.137158","2030","6","0","0","0","0","0","0","0","0","","0","0","0","11","1","1","","1","0","40 00:55.090","","0","75 08:13.768","3","0","0","0","67301","0","0","0","N","0","0","0","2","67301","0","","1.0","","1","N","N","N","0","","1","0","1","3","2","","1110","2","1","1","0","0","0","0","2","0","2","0","0","0","3","03","","N","","","","","","","","","",""
"2020039849","1724","1","0","0","0","0","0","0","0","0","7","0","","67","5","2020","6","40.030871","-75.021809","1718","6","0","0","0","0","0","0","0","0","","0","0","0","17","1","0","N","0","2","40 01:51.135","2","0","75 01:18.511","0","0","0","0","67301","0","0","0","N","0","0","0","1","68K01","0","","2.0","30.0","9","N","N","N","0","","0","0","0","0","0","N","1715","1","0","0","0","0","0","0","2","0","1","0","0","0","7","","","N","","","","","","","","","",""
"2020037865","2108","0","0","0","0","0","0","0","0","0","8","0","","67","5","2020","6","40.045371","-75.164658","2108","6","0","0","0","0","0","0","0","0","","0","0","0","21","3","1","N","0","0","40 02:43.337","","0","75 09:52.767","3","0","0","0","67301","1","0","0","N","1","0","0","2","67301","0","","1.0","","9","N","N","N","0","","1","0","0","3","2","","2108","2","1","1","0","0","0","0","2","1","1","1","0","0","7","","","N","","","","","","","","","",""
"2020037049","0930","2","0","0","0","0","0","0","0","0","4","0","","67","5","2020","4","40.027544","-75.146423","0926","6","0","0","0","0","0","0","1","0","","0","0","0","9","1","1","","1","0","40 01:39.158","","0","75 08:47.122","8","0","0","0","67301","0","0","0","N","0","0","0","3","67301","0","","1.0","","1","N","N","N","0","","0","0","1","3","2","","925","3","1","0","0","0","1","0","2","0","3","0","0","0","4","04","","N","","","","","","","","","",""
"2020077050","1541","2","0","0","0","0","0","0","0","0","5","0","","67","9","2020","7","40.021828","-75.148393","1539","6","0","0","0","0","0","0","0","0","","0","0","0","15","1","1","Y","0","1","40 01:18.579","1","0","75 08:54.215","3","0","0","0","67301","0","0","0","N","0","0","0","4","67301","0","","1.0","1643.0","1","N","N","N","0","","1","0","1","0","0","U","1537","3","1","0","0","0","0","0","2","0","3","0","0","0","3","","","N","","","","","","","","","",""
"2020037311","2315","3","0","0","0","0","0","0","0","0","1","0","","67","5","2020","5","40.014571","-75.149975","2315","6","0","0","0","0","0","1","0","0","","0","0","0","23","3","0","N","0","1","40 00:52.455","1","0","75 08:59.909","9","0","0","0","67301","0","0","0","N","0","0","0","1","67301","0","","1.0","30.0","1","N","N","N","0","","0","0","0","0","0","N","2300","3","0","0","0","0","0","1","2","0","3","0","0","0","3","","","N","","","","","","","","","",""
"2020079116","0133","1","0","0","0","0","0","0","0","0","5","0","","67","9","2020","5","39.958401","-75.180398","0126","6","0","0","0","0","0","0","0","0","","0","0","0","1","3","2","N","0","2","39 57:30.242","3","0","75 10:49.433","3","0","0","0","67301","0","0","0","N","0","0","0","5","68K01","0","","1.0","150.0","9","N","N","N","0","","2","0","0","0","0","N","124","2","2","0","0","0","0","1","2","0","2","0","0","0","7","","","N","","","","","","","","","",""
"2020034197","1630","2","0","0","0","0","0","0","0","0","1","0","","67","4","2020","2","40.033417","-75.020121","1630","6","0","0","0","0","0","0","0","0","","0","0","0","16","1","0","N","0","1","40 02:00.301","1","0","75 01:12.436","0","0","0","0","67301","0","0","0","N","0","0","0","3","68K01","0","","1.0","530.0","9","N","N","Y","0","","0","0","0","0","0","N","1630","2","0","0","0","0","0","0","2","0","2","0","0","0","4","04","","N","","","","","","","","","",""
"2020044517","0909","2","0","0","0","0","0","0","0","0","4","0","","67","6","2020","6","40.027055","-75.064993","0909","6","0","0","0","0","0","0","0","1","","0","0","0","9","1","0","","5","1","40 01:37.398","5","0","75 03:53.973","0","0","0","0","67301","0","0","0","N","0","0","0","2","67301","0","","1.0","1200.0","1","N","N","Y","0","","0","0","0","3","2","Y","909","2","0","0","0","0","0","0","2","0","2","0","0","0","3","","","N","","","","","","","","","",""
"2020044545","0855","2","0","0","0","0","0","0","0","0","5","0","","67","6","2020","7","39.983031","-75.125614","0847","6","0","0","0","0","0","0","0","0","","0","0","0","6","1","0","N","0","0","39 58:58.910","","0","75 07:32.210","0","0","0","0","67301","0","0","0","N","0","0","0","1","67301","0","","6.0","","1","N","N","N","0","","0","0","1","0","0","","600","3","0","1","0","0","0","0","2","0","3","0","0","0","3","03","","N","","","","","","","","","",""
"2020047826","2001","1","0","0","0","0","0","0","0","0","7","0","","67","6","2020","4","39.932639","-75.146667","2001","6","0","0","0","0","0","0","0","0","","0","0","0","20","3","1","N","0","0","39 55:57.500","","0","75 08:48.000","4","0","0","0","67301","0","0","0","N","0","0","0","1","67301","1","","4.0","","1","N","N","N","0","","0","0","0","0","0","","2001","1","1","0","0","0","0","0","2","0","1","0","0","0","3","03","","N","","","","","","","","","",""
"2020033366","1229","1","0","0","0","0","0","0","0","0","5","0","","67","4","2020","6","39.981575","-75.107514","1156","6","0","0","0","0","0","0","0","0","","0","0","0","23","3","0","N","0","2","39 58:53.670","2","0","75 06:27.050","0","0","0","0","67301","0","0","0","N","0","0","0","1","67301","0","","6.0","222.0","1","N","N","N","0","","0","0","2","0","0","Y","2356","3","0","0","0","0","0","0","2","0","3","0","0","0","3","03","","N","","","","","","","","","",""
"2020033591","1525","0","0","0","0","0","0","0","0","0","4","0","","67","4","2020","7","39.981045","-75.242799","1522","6","0","0","0","0","0","0","0","0","","0","0","0","15","1","2","","1","0","39 58:51.762","","0","75 14:34.076","3","0","0","0","67301","0","0","0","N","0","0","0","6","67301","0","","1.0","","1","N","N","N","1","","2","0","2","3","2","","1520","3","2","0","0","0","0","0","2","0","3","0","0","0","3","03","","N","","","","","","","","","",""
"2020048762","1950","1","0","0","0","0","0","0","0","0","4","0","","67","6","2020","6","39.995481","-75.108932","1946","6","0","0","0","0","0","0","0","0","","0","0","0","19","4","1","","1","0","39 59:43.731","","0","75 06:32.155","3","0","0","0","67301","0","0","0","N","0","0","0","2","67301","0","","1.0","","1","N","N","N","0","","1","0","1","2","2","","1917","2","1","1","0","0","0","0","2","0","2","0","0","0","3","03","","N","","","","","","","","","",""
"2020060680","0415","3","0","0","0","0","0","0","0","0","4","0","","67","6","2020","1","39.954893","-75.20877","0359","6","0","0","0","0","0","0","0","0","","0","0","0","3","3","2","","1","0","39 57:17.614","","0","75 12:31.573","2","0","0","0","67301","0","0","0","N","0","0","0","3","67301","0","","1.0","","1","N","N","N","0","","0","2","1","3","2","","349","5","2","0","0","0","0","1","2","1","5","0","0","0","3","","","N","","","","","","","","","",""
"2020073257","2140","2","0","0","0","0","0","0","0","0","5","0","","67","9","2020","2","40.052842","-75.161904","2140","6","0","0","0","0","1","0","0","0","","0","0","0","21","3","1","","2","0","40 03:10.230","","0","75 09:42.853","4","0","0","0","67301","0","0","0","N","0","0","0","1","67301","1","","1.0","","1","N","N","N","0","","0","0","0","0","0","","2140","2","1","0","0","0","0","0","2","0","2","0","0","0","3","03","","N","","","","","","","","","",""
"2020033126","1743","1","0","0","0","0","0","0","0","0","4","0","","67","4","2020","4","40.042948","-75.119781","1000","6","0","0","0","0","0","1","0","0","","0","0","0","10","1","1","","1","0","40 02:34.612","","0","75 07:11.211","3","0","0","0","67301","0","0","0","N","0","0","0","2","67301","0","","1.0","","1","N","N","N","0","","1","0","1","3","2","","1000","2","1","0","0","0","0","1","2","0","2","0","0","0","4","04","","N","","","","","","","","","",""
"2020026729","0515","1","0","0","0","0","0","0","0","0","8","0","","67","3","2020","2","40.054139","-75.167803","0508","6","0","0","0","0","0","1","0","0","","0","0","0","5","3","1","N","0","2","40 03:14.900","7","0","75 10:04.090","3","0","0","0","67301","1","0","0","N","1","0","0","2","67301","0","","1.0","600.0","1","N","N","N","0","","1","0","0","0","0","Y","502","2","1","1","0","0","0","0","2","0","1","1","0","0","3","03","","N","","","","","","","","","",""
"2020048300","1910","1","0","0","0","0","0","0","0","0","4","0","","67","6","2020","7","39.970171","-75.159648","1905","6","0","0","2","0","0","0","0","0","","0","0","0","19","4","2","","1","1","39 58:12.616","3","0","75 09:34.731","3","0","0","0","67301","0","0","0","N","0","0","0","6","67301","0","","1.0","2030.0","1","N","N","N","0","","2","0","1","3","2","N","1903","2","2","1","0","0","0","0","2","0","2","0","0","0","3","","","N","","","","","","","","","",""
"2020029761","1614","2","0","0","0","0","0","0","0","0","4","0","","67","3","2020","6","39.973776","-75.245295","1613","6","0","0","0","0","0","1","0","0","","0","0","0","16","1","1","","1","0","39 58:25.594","","0","75 14:43.063","3","0","0","0","67301","0","0","0","N","0","0","0","4","67301","0","","1.0","","1","N","N","N","0","","1","0","0","3","2","","1607","2","1","0","0","0","0","0","2","0","2","0","0","0","3","03","","N","","","","","","","","","",""