"CRN","ARRIVAL_TM","AUTOMOBILE_COUNT","BELTED_DEATH_COUNT","BELTED_SUSP_SERIOUS_INJ_COUNT","BICYCLE_COUNT","BICYCLE_DEATH_COUNT","BICYCLE_SUSP_SERIOUS_INJ_COUNT","BUS_COUNT","CHLDPAS_DEATH_COUNT","CHLDPAS_SUSP_SERIOUS_INJ_COUNT","COLLISION_TYPE","COMM_VEH_COUNT","CONS_ZONE_SPD_LIM","COUNTY","CRASH_MONTH","CRASH_YEAR","DAY_OF_WEEK","DEC_LATITUDE","DEC_LONGITUDE","DISPATCH_TM","DISTRICT","DRIVER_COUNT_16YR","DRIVER_COUNT_17YR","DRIVER_COUNT_18YR","DRIVER_COUNT_19YR","DRIVER_COUNT_20YR","DRIVER_COUNT_50_64YR","DRIVER_COUNT_65_74YR","DRIVER_COUNT_75PLUS","EST_HRS_CLOSED","FATAL_COUNT","HEAVY_TRUCK_COUNT","HORSE_BUGGY_COUNT","HOUR_OF_DAY","ILLUMINATION","INJURY_COUNT","INTERSECTION_RELATED","INTERSECT_TYPE","LANE_CLOSED","LATITUDE","LN_CLOSE_DIR","LOCATION_TYPE","LONGITUDE","MAX_SEVERITY_LEVEL","MCYCLE_DEATH_COUNT","MCYCLE_SUSP_SERIOUS_INJ_COUNT","MOTORCYCLE_COUNT","MUNICIPALITY","NONMOTR_COUNT","NONMOTR_DEATH_COUNT","NONMOTR_SUSP_SERIOUS_INJ_COUNT","NTFY_HIWY_MAINT","PED_COUNT","PED_DEATH_COUNT","PED_SUSP_SERIOUS_INJ_COUNT","PERSON_COUNT","POLICE_AGCY","POSSIBLE_INJ_COUNT","RDWY_SURF_TYPE_CD","RELATION_TO_ROAD","ROADWAY_CLEARED","ROAD_CONDITION","SCH_BUS_IND","SCH_ZONE_IND","SECONDARY_CRASH","SMALL_TRUCK_COUNT","SPEC_JURIS_CD","SUSP_MINOR_INJ_COUNT","SUSP_SERIOUS_INJ_COUNT","SUV_COUNT","TCD_FUNC_CD","TCD_TYPE","TFC_DETOUR_IND","TIME_OF_DAY","TOTAL_UNITS","TOT_INJ_COUNT","UNBELTED_OCC_COUNT","UNB_DEATH_COUNT","UNB_SUSP_SERIOUS_INJ_COUNT","UNK_INJ_DEG_COUNT","UNK_INJ_PER_COUNT","URBAN_RURAL","VAN_COUNT","VEHICLE_COUNT","VULNERABLE_ROAD_USER_COUNT","VULNERABLE_ROAD_USER_DEATH_COUNT","VULNERABLE_ROAD_USER_SER_INJ_COUNT","WEATHER1","WEATHER2","WORKERS_PRES","WORK_ZONE_IND","WORK_ZONE_LOC","WORK_ZONE_TYPE","WZ_CLOSE_DETOUR","WZ_FLAGGER","WZ_LAW_OFFCR_IND","WZ_LN_CLOSURE","WZ_MOVING","WZ_OTHER","WZ_SHLDER_MDN","WZ_WORKERS_INJ_KILLED"
"2020069358","1705","3","0","0","0","0","0","0","0","0","4","0","","67","8","2020","6","40.024955","-75.029807","1642","6","0","0","0","0","0","0","0","0","","0","0","0","16","1","2","N","0","2","40 01:29.837","2","0","75 01:47.304","3","0","0","0","67301","0","0","0","N","0","0","0","3","68K01","0","","1.0","30.0","1","N","N","N","0","","1","0","0","0","0","N","1641","3","2","0","0","0","1","0","2","0","3","0","0","0","3","","","N","","","","","","","","","",""
"2020033701","1850","2","0","0","0","0","0","0","0","0","1","0","","67","4","2020","1","39.897788","-75.211686","1846","6","0","0","0","0","0","0","0","0","","0","0","0","18","1","1","N","0","2","39 53:52.038","7","3","75 12:42.068","3","0","0","0","67301","0","0","0","N","0","0","0","2","67301","0","","1.0","1915.0","1","N","N","N","0","","1","0","0","0","0","Y","1845","2","1","0","0","0","0","0","2","0","2","0","0","0","3","","","N","","","","","","","","","",""
"2020074450","1600","1","0","0","0","0","0","0","0","0","4","0","","67","9","2020","1","40.020142","-75.149028","1600","6","0","0","0","0","0","0","0","0","","0","0","0","15","1","1","N","0","9","40 01:12.510","","0","75 08:56.500","3","0","0","0","67301","0","0","0","N","0","0","0","2","67301","0","","1.0","","1","N","N","N","0","","1","0","1","3","2","U","1500","2","1","0","0","0","0","1","2","0","2","0","0","0","3","03","","N","","","","","","","","","",""
"2020069375","2329","1","0","0","0","0","0","0","0","0","1","0","","67","8","2020","1","39.950169","-75.141704","2322","6","0","0","0","0","0","1","0","0","","0","0","0","23","3","0","N","0","0","39 57:00.610","","0","75 08:30.136","0","0","0","0","67301","0","0","0","N","0","0","0","4","68K01","0","","1.0","","9","N","N","N","0","","0","0","1","0","0","","2322","2","0","0","0","0","0","0","2","0","2","0","0","0","7","","","N","","","","","","","","","",""
"2020030602","1418","1","0","0","0","0","0","0","0","0","8","0","","67","3","2020","7","40.030853","-75.156533","1418","6","0","0","0","0","0","0","0","0","","0","0","0","13","1","1","N","0","0","40 01:51.070","","0","75 09:23.520","3","0","0","0","67301","2","0","0","N","2","0","0","3","67301","0","","1.0","","1","N","N","N","0","","1","0","0","9","9","","1355","3","1","1","0","0","0","0","2","0","1","2","0","0","3","03","","N","","","","","","","","","",""
"2020028670","2100","2","0","0","0","0","0","0","0","0","4","0","","67","3","2020","1","40.028984","-75.10606","2054","6","0","0","0","0","0","0","0","0","","0","0","0","20","3","1","","1","0","40 01:44.341","","0","75 06:21.815","3","0","0","0","67301","0","0","0","N","0","0","0","4","67301","0","","1.0","","1","N","N","N","0","","1","0","0","3","2","","2030","2","1","0","0","0","0","2","2","0","2","0","0","0","3","","","N","","","","","","","","","",""
"2020029835","1159","0","0","0","0","0","0","0","0","0","4","0","","67","3","2020","5","39.99562","-75.167583","1156","6","0","0","0","0","0","0","0","0","","0","0","0","11","1","2","","1","0","39 59:44.232","","0","75 10:03.297","4","0","0","0","67301","0","0","0","N","0","0","0","3","67301","2","","1.0","","1","N","N","N","0","","0","0","1","3","2","","1156","2","2","0","0","0","0","0","2","1","2","0","0","0","3","","","N","","","","","","","","","",""
"2020069304","1306","1","0","0","0","0","0","0","0","0","7","0","","67","8","2020","4","39.891921","-75.236999","1256","6","0","0","0","0","0","0","0","0","","0","0","0","12","1","0","N","0","0","39 53:30.916","","0","75 14:13.195","0","0","0","0","67301","0","0","0","N","0","0","0","1","68K01","0","","2.0","","1","N","N","N","0","","0","0","0","0","0","","1253","1","0","0","0","0","0","0","2","0","1","0","0","0","3","03","","N","","","","","","","","","",""
"2020028844","2318","3","0","0","0","0","0","0","0","0","1","0","","67","3","2020","2","40.124758","-75.014923","2309","6","0","0","0","0","0","0","0","0","","0","0","0","23","3","1","N","0","0","40 07:29.130","","0","75 00:53.721","3","0","0","0","67301","0","0","0","N","0","0","0","3","67301","0","","1.0","","9","N","N","N","0","","1","0","0","0","0","","2301","3","1","0","0","0","0","0","2","0","3","0","0","0","3","03","","N","","","","","","","","","",""
"2020032556","1712","1","0","0","0","0","0","0","0","0","7","0","","67","3","2020","1","40.054944","-74.985146","1710","6","0","0","0","0","0","0","0","0","","0","0","0","17","1","0","N","0","0","40 03:17.799","","0","74 59:06.527","0","0","0","0","67301","0","0","0","N","0","0","0","1","68K01","0","","4.0","","1","N","N","N","0","","0","0","0","0","0","","1701","1","0","0","0","0","0","0","2","0","1","0","0","0","3","","","N","","","","","","","","","",""
"2020028546","1335","1","0","0","0","0","0","0","0","0","7","0","","67","3","2020","1","40.031348","-75.084948","1330","6","0","0","0","0","0","0","0","0","","0","0","0","13","1","1","","1","0","40 01:52.852","","3","75 05:05.812","8","0","0","0","67301","0","0","0","N","0","0","0","1","67301","0","","3.0","","1","N","N","N","0","","0","0","0","3","2","","1321","1","1","0","0","0","1","0","2","0","1","0","0","0","3","03","","N","","","","","","","","","",""
"2020029950","1646","0","0","0","0","0","0","0","0","0","7","0","","67","3","2020","7","40.00713","-75.094069","1640","6","0","0","0","0","0","0","0","0","","0","0","0","16","1","0","","1","0","40 00:25.667","","0","75 05:38.650","9","0","0","0","67301","0","0","0","N","0","0","0","1","67301","0","","1.0","","9","N","N","N","1","","0","0","0","3","2","","1639","1","0","0","0","0","0","1","2","0","1","0","0","0","7","07","","N","","","","","","","","","",""
"2020030890","1725","0","0","0","0","0","0","1","0","0","4","1","","67","3","2020","4","40.028791","-75.132182","1710","6","0","0","0","0","0","0","0","0","","0","0","0","17","1","1","","1","0","40 01:43.647","","0","75 07:55.855","8","0","0","0","67301","0","0","0","N","0","0","0","2","67508","0","","1.0","","9","N","N","N","0","","0","0","1","9","2","N","1710","2","1","0","0","0","1","0","2","0","2","0","0","0","99","","","N","","","","","","","","","",""
"2020070049","1605","2","0","0","0","0","0","0","0","0","2","0","","67","8","2020","5","39.932572","-75.230216","1605","6","0","0","0","1","0","1","0","0","","0","0","0","16","1","1","","1","2","39 55:57.258","7","0","75 13:48.778","3","0","0","0","67301","0","0","0","N","0","0","0","4","67301","0","","1.0","200.0","1","N","N","N","0","","1","0","0","3","2","Y","1600","2","1","0","0","0","0","0","2","0","2","0","0","0","3","03","","N","","","","","","","","","",""
"2020033525","1900","0","0","0","0","0","0","0","0","0","4","0","","67","4","2020","7","40.01198","-75.135844","1900","6","0","0","0","0","0","0","0","0","","0","0","0","19","1","1","","1","0","40 00:43.128","","0","75 08:09.038","8","0","0","2","67301","0","0","0","N","0","0","0","2","67301","0","","1.0","","1","N","N","N","0","","0","0","0","3","2","","1900","2","1","0","0","0","1","0","2","0","2","0","0","0","3","03","","N","","","","","","","","","",""
"2020027761","1446","2","0","0","0","0","0","0","0","0","4","0","","67","3","2020","4","40.042717","-75.143822","1446","6","0","0","0","0","0","0","1","0","","0","0","0","14","1","1","N","0","0","40 02:33.782","","0","75 08:37.759","3","0","0","0","67301","0","0","0","N","0","0","0","2","67301","0","","1.0","","1","N","N","N","0","","1","0","0","0","0","","1446","2","1","0","0","0","0","0","2","0","2","0","0","0","3","03","","N","","","","","","","","","",""
"2020069617","2018","0","0","0","0","0","0","0","0","0","8","0","","67","8","2020","6","39.951694","-75.249056","2018","6","0","0","0","0","0","0","0","0","","1","0","0","20","3","0","N","2","0","39 57:06.100","","0","75 14:56.600","1","0","0","0","67301","1","1","0","N","1","1","0","3","67301","0","2","1.0","","1","N","N","N","0","0","0","0","1","0","0","","2015","3","0","0","0","0","0","1","2","0","2","1","1","0","3","03","","N","","","","","","","","","",""
"2020000366","0029","4","0","0","0","0","0","0","0","0","4","0","","67","1","2020","4","39.956769","-75.211376","0020","6","0","0","0","1","0","1","0","0","4","0","0","0","0","3","1","","1","2","39 57:24.369","3","0","75 12:40.953","3","0","0","0","67301","0","0","0","N","0","0","0","2","67301","0","","1.0","9999.0","1","N","N","N","0","","1","0","1","3","2","Y","10","5","1","0","0","0","0","0","2","0","5","0","0","0","3","","","N","","","","","","","","","",""
"2020027526","1624","0","0","0","0","0","0","0","0","0","5","0","","67","3","2020","2","39.95762","-75.145687","1619","6","0","0","0","0","0","1","0","0","","0","0","0","16","1","0","","1","1","39 57:27.432","4","0","75 08:44.473","0","0","0","0","67301","0","0","0","N","0","0","0","3","67301","0","","1.0","1722.0","1","N","N","N","0","","0","0","1","3","2","N","1617","2","0","0","0","0","0","0","2","1","2","0","0","0","3","03","","N","","","","","","","","","",""
"2020005439","1631","2","0","0","0","0","0","0","0","0","4","0","","67","1","2020","4","39.98627","-75.156147","1631","6","0","0","0","0","0","1","0","0","","0","0","0","16","1","1","N","1","1","39 59:10.572","2","0","75 09:22.129","3","0","0","0","67301","0","0","0","N","0","0","0","4","67505","0","","1.0","1710.0","1","N","N","N","0","","1","0","0","3","2","N","1631","2","1","2","0","0","0","0","2","0","2","0","0","0","3","03","","N","","","","","","","","","",""
"2020046782","1050","0","0","0","0","0","0","0","0","0","3","1","","67","6","2020","2","39.881878","-75.229489","1040","6","0","0","0","0","0","0","0","0","","0","1","0","10","1","1","N","0","0","39 52:54.760","","6","75 13:46.160","3","0","0","0","67301","0","0","0","N","0","0","0","2","67301","0","","1.0","","1","N","N","N","0","","1","0","0","0","0","","1039","2","1","0","0","0","0","0","2","1","2","0","0","0","4","98","","N","","","","","","","","","",""
"2020001251","1620","3","0","0","0","0","0","0","0","0","4","0","","67","1","2020","5","40.054938","-75.155154","1616","6","0","1","1","0","0","0","0","0","","0","0","0","16","1","2","","1","2","40 03:17.776","5","0","75 09:18.554","8","0","0","0","67301","0","0","0","N","0","0","0","3","67301","0","","1.0","1720.0","1","N","N","N","0","","0","0","1","3","3","Y","1609","4","2","0","0","0","2","1","2","0","4","0","0","0","3","03","","N","","","","","","","","","",""
"2020001446","1841","0","0","0","0","0","0","0","0","0","8","0","","67","1","2020","4","40.01978","-75.150624","1837","6","0","0","0","0","0","1","0","0","","0","0","0","18","3","1","","1","0","40 01:11.208","","0","75 09:02.246","3","0","0","0","67301","1","0","0","N","1","0","0","2","67301","0","","1.0","","1","N","N","N","0","","1","0","1","0","0","","1816","2","1","0","0","0","0","0","2","0","1","1","0","0","3","","","N","","","","","","","","","",""
"2020004051","0901","1","0","0","0","0","0","0","0","0","8","0","","67","1","2020","6","39.943442","-75.178963","0901","6","0","0","0","0","0","0","0","0","","0","0","0","9","1","1","","1","0","39 56:36.391","","0","75 10:44.267","3","0","0","0","67301","1","0","0","N","1","0","0","2","67301","0","","1.0","","9","N","N","N","0","","1","0","0","3","2","","900","2","1","0","0","0","0","0","2","0","1","1","0","0","7","","","N","","","","","","","","","",""
"2020067668","1630","2","0","0","0","0","0","0","0","0","5","0","","67","8","2020","4","39.964333","-75.234464","1630","6","0","0","0","0","0","0","0","0","","0","0","0","15","1","0","N","0","0","39 57:51.600","","0","75 14:04.070","9","0","0","0","67301","0","0","0","N","0","0","0","1","67301","0","","1.0","","1","N","N","N","0","","0","0","0","0","0","","1500","2","0","0","0","0","0","1","2","0","2","0","0","0","3","03","","N","","","","","","","","","",""
"2020031884","1145","1","0","0","0","0","0","0","0","0","4","0","","67","3","2020","4","39.973555","-75.208895","1137","6","0","0","0","0","0","0","0","0","","0","0","0","11","1","1","","2","1","39 58:24.799","3","0","75 12:32.023","3","0","0","0","67301","0","0","0","N","0","0","0","4","67301","0","","1.0","200.0","1","N","N","N","0","","1","0","1","3","2","N","1130","2","1","0","0","0","0","1","2","0","2","0","0","0","3","03","","N","","","","","","","","","",""
"2020030009","1153","2","0","0","0","0","0","0","0","0","4","0","","67","3","2020","7","39.942869","-75.233047","1148","6","0","0","0","0","0","1","0","0","","0","0","0","11","1","0","N","1","0","39 56:34.327","","0","75 13:58.969","9","0","0","0","67301","0","0","0","N","0","0","0","3","67301","0","","1.0","","9","N","N","N","0","","0","0","1","3","3","","1143","3","0","0","0","0","0","2","2","0","3","0","0","0","7","","","N","","","","","","","","","",""
"2020032077","1714","2","0","0","0","0","0","0","0","0","4","0","","67","3","2020","1","39.960706","-75.236993","1713","6","0","0","0","0","1","0","0","0","","0","0","0","17","1","2","","1","2","39 57:38.541","5","0","75 14:13.174","4","0","0","0","67301","0","0","0","N","0","0","0","2","67301","2","","1.0","1914.0","1","N","N","N","0","","0","0","0","2","3","N","1701","3","2","0","0","0","0","0","2","1","3","0","0","0","3","03","","N","","","","","","","","","",""
"2020005840","1500","2","0","0","0","0","0","0","0","0","1","0","","67","1","2020","4","39.994914","-75.162141","1458","6","0","0","0","0","0","0","1","0","","0","0","0","14","1","1","N","0","1","39 59:41.690","4","0","75 09:43.707","8","0","0","0","67301","0","0","0","N","0","0","0","2","67301","0","","1.0","20.0","1","N","N","N","0","","0","0","0","0","0","N","1458","2","1","2","0","0","1","0","2","0","2","0","0","0","3","03","","N","","","","","","","","","",""
"2020007743","0440","1","0","0","1","0","0","0","0","0","8","0","","67","1","2020","2","40.129225","-75.024888","0435","6","0","0","0","0","0","1","0","0","","0","0","0","4","3","1","","1","0","40 07:45.210","","0","75 01:29.597","3","0","0","0","67301","1","0","0","N","0","0","0","2","67301","0","","1.0","","1","N","N","N","0","","1","0","0","2","1","","428","2","1","0","0","0","0","0","2","0","1","1","0","0","3","03","","N","","","","","","","","","",""
"2020003419","1619","0","0","0","0","0","0","0","0","0","4","0","","67","1","2020","2","39.959725","-75.235189","1618","6","0","1","0","0","0","0","0","0","","0","0","0","16","1","1","","1","0","39 57:35.009","","0","75 14:06.680","3","0","0","1","67301","0","0","0","N","0","0","0","2","67301","0","","1.0","","1","N","N","N","0","","1","0","1","3","2","","1610","2","1","0","0","0","0","0","2","0","2","0","0","0","3","03","","N","","","","","","","","","",""
"2020047827","2022","0","0","0","0","0","0","0","0","0","4","0","","67","6","2020","4","39.933858","-75.215305","2020","6","0","0","0","0","0","0","0","0","","0","0","0","19","1","1","N","0","0","39 56:01.889","","7","75 12:55.098","3","0","0","0","67301","0","0","0","N","0","0","0","3","67301","0","","1.0","","1","N","N","N","0","","1","0","1","3","2","","1946","2","1","0","0","0","0","1","2","0","2","0","0","0","3","03","","N","","","","","","","","","",""
"2020009267","0155","0","0","0","0","0","0","0","0","0","5","0","","67","1","2020","6","40.009936","-75.157639","0155","6","0","0","0","0","0","0","0","0","","0","0","0","1","3","1","N","0","0","40 00:35.770","","0","75 09:27.500","3","0","0","0","67301","0","0","0","N","0","0","0","1","67301","0","","6.0","","1","N","N","N","0","","1","0","2","0","0","","155","3","1","1","0","0","0","0","2","1","3","0","0","0","3","03","","N","","","","","","","","","",""
"2020031481","1840","1","0","0","0","0","0","0","0","0","7","0","","67","1","2020","7","39.974735","-75.199203","1830","6","0","0","0","0","0","0","0","0","","0","0","0","18","3","0","","1","0","39 58:29.046","","2","75 11:57.130","9","0","0","0","67301","0","0","0","N","0","0","0","2","67301","0","","4.0","","9","N","N","N","0","","0","0","0","3","2","","1815","1","0","0","0","0","0","1","2","0","1","0","0","0","7","07","","N","","","","","","","","","",""
"2020002423","1600","2","0","0","0","0","0","0","0","0","4","0","","67","1","2020","3","39.956845","-75.229391","1600","6","0","0","0","0","0","0","0","0","","0","0","0","8","1","1","","1","0","39 57:24.641","","0","75 13:45.807","8","0","0","0","67301","0","0","0","N","0","0","0","2","67301","0","","1.0","","1","N","N","N","0","","0","0","0","9","3","","800","2","1","0","0","0","1","0","2","0","2","0","0","0","3","03","","N","","","","","","","","","",""
"2020030865","1436","3","0","0","0","0","0","0","0","0","4","0","","67","4","2020","4","39.990586","-75.128968","1434","6","0","0","1","0","0","1","0","0","","0","0","0","14","1","1","","2","0","39 59:26.111","","0","75 07:44.284","3","0","0","0","67301","0","0","0","N","0","0","0","4","67301","0","","1.0","","1","N","N","N","0","","1","0","1","3","2","","1410","4","1","0","0","0","0","0","2","0","4","0","0","0","3","03","","N","","","","","","","","","",""
"2020008298","0305","1","0","0","0","0","0","0","0","0","5","0","","67","1","2020","2","40.044097","-75.051367","0303","6","0","0","0","0","1","0","0","0","","0","0","0","3","3","1","N","0","0","40 02:38.750","","0","75 03:04.920","8","0","0","0","67301","0","0","0","N","0","0","0","1","67301","0","","6.0","","1","N","N","N","0","","0","0","0","0","0","","300","2","1","0","0","0","1","0","2","1","2","0","0","0","3","03","","N","","","","","","","","","",""
"2020071966","0835","0","0","0","0","0","0","0","0","0","7","0","","67","9","2020","5","40.094556","-75.002233","0817","6","0","0","0","0","0","0","0","0","","0","0","0","8","1","0","N","0","0","40 05:40.400","","0","75 00:08.040","0","0","0","0","67301","0","0","0","N","0","0","0","1","67301","0","","2.0","","1","N","N","N","0","","0","0","1","0","0","","817","1","0","0","0","0","0","0","2","0","1","0","0","0","3","03","","N","","","","","","","","","",""
"2020030901","0730","0","0","0","0","0","0","0","0","0","8","0","","67","4","2020","4","40.030602","-75.166129","0730","6","0","0","0","0","0","0","1","0","","0","0","0","7","3","1","","2","0","40 01:50.168","","0","75 09:58.065","3","0","0","0","67301","1","0","0","N","1","0","0","2","67301","0","","1.0","","1","N","N","N","0","","1","0","1","9","3","","730","2","1","0","0","0","0","0","2","0","1","1","0","0","3","","","N","","","","","","","","","",""
"2020070608","2325","2","0","0","0","0","0","0","0","0","4","0","","67","8","2020","1","40.012422","-75.114806","2325","6","0","0","0","0","0","0","0","0","","0","0","0","23","3","1","N","0","2","40 00:44.720","7","0","75 06:53.300","4","0","0","0","67301","0","0","0","N","0","0","0","2","67301","1","","1.0","47.0","1","N","N","N","0","","0","0","0","3","2","Y","2319","2","1","2","0","0","0","0","2","0","2","0","0","0","3","03","","N","","","","","","","","","",""
"2020031209","0630","1","0","0","0","0","0","0","0","0","5","0","","67","3","2020","3","40.026056","-75.097256","0625","6","0","0","0","0","0","0","0","0","","0","0","0","6","5","2","N","0","0","40 01:33.800","","0","75 05:50.120","4","0","0","0","67301","0","0","0","N","0","0","0","2","67301","2","","1.0","","1","N","N","N","0","","0","0","1","0","0","","620","2","2","0","0","0","0","0","2","0","2","0","0","0","3","03","","N","","","","","","","","","",""
"2020071563","1445","1","0","0","0","0","0","0","0","0","7","0","","67","9","2020","3","40.007127","-75.094073","1437","6","0","0","0","0","0","0","1","0","","0","0","0","14","1","1","","1","1","40 00:25.656","2","0","75 05:38.663","3","0","0","0","67301","0","0","0","N","0","0","0","1","67301","0","","1.0","1515.0","1","N","N","N","0","","1","0","0","3","2","N","1432","1","1","1","0","0","0","0","2","0","1","0","0","0","4","04","","N","","","","","","","","","",""
"2020047191","1800","1","0","0","0","0","0","0","0","0","1","0","","67","6","2020","7","39.942946","-75.193135","1742","6","0","0","0","0","0","0","0","0","","0","0","0","17","1","2","N","0","2","39 56:34.605","4","0","75 11:35.286","8","0","0","0","67301","0","0","0","N","0","0","0","4","68K01","0","","1.0","1920.0","1","N","N","N","0","","0","0","3","0","0","N","1741","4","2","0","0","0","2","0","2","0","4","0","0","0","3","03","","N","","","","","","","","","",""
"2020070629","1620","0","0","0","0","0","0","0","0","0","0","1","","67","8","2020","4","39.955636","-75.148254","1615","6","0","0","0","0","0","0","0","0","","0","1","0","16","1","0","N","0","1","39 57:20.288","4","2","75 08:53.716","0","0","0","0","67301","0","0","0","N","0","0","0","1","67501","0","","1.0","1743.0","1","N","N","N","0","","0","0","0","0","0","N","1615","1","0","0","0","0","0","0","2","0","1","0","0","0","3","","","N","","","","","","","","","",""
"2020031958","1935","3","0","0","0","0","0","0","0","0","7","0","","67","4","2020","4","40.020356","-75.153729","1921","6","0","0","0","0","0","1","0","0","","0","0","0","19","1","5","N","0","0","40 01:13.281","","0","75 09:13.425","2","0","0","0","67301","0","0","0","N","0","0","0","8","67301","0","","1.0","","1","N","N","N","0","","2","3","3","0","0","","1917","6","5","0","0","0","0","0","2","0","6","0","0","0","3","03","","N","","","","","","","","","",""
"2020032574","1418","2","0","0","0","0","0","0","0","0","5","0","","67","4","2020","7","40.04936","-74.996551","1402","6","0","0","0","0","0","0","0","0","","0","0","0","14","1","0","N","0","0","40 02:57.696","","0","74 59:47.583","0","0","0","0","67301","0","0","0","Y","0","0","0","2","68K01","0","","1.0","","1","N","N","N","0","","0","0","0","0","0","","1400","2","0","0","0","0","0","0","2","0","2","0","0","0","4","03","","N","","","","","","","","","",""
"2020039035","1428","0","0","0","0","0","0","0","0","0","0","0","","67","5","2020","5","40.111756","-74.991888","1424","6","0","0","0","0","0","0","0","0","","0","0","0","14","1","1","N","0","2","40 06:42.322","2","0","74 59:30.797","8","0","0","1","67301","0","0","0","N","0","0","0","1","67301","0","","1.0","1450.0","1","N","N","N","0","","0","0","0","0","0","Y","1410","1","1","0","0","0","1","0","2","0","1","0","0","0","3","","","N","","","","","","","","","",""
"2020039203","2117","0","0","0","0","0","0","0","0","0","8","0","","67","5","2020","7","40.031352","-75.131613","2117","6","0","0","0","0","0","0","0","0","","0","0","0","21","3","2","","2","0","40 01:52.867","","0","75 07:53.806","3","0","0","1","67301","1","0","0","N","1","0","0","2","67301","0","","1.0","","1","N","N","N","0","","2","0","0","0","0","","2117","2","2","0","0","0","0","0","2","0","1","1","0","0","3","03","","N","","","","","","","","","",""
"2020026672","1400","1","0","0","0","0","0","0","0","0","8","0","","67","3","2020","6","40.105056","-75.027642","1400","6","0","0","0","0","0","0","0","0","","0","0","0","6","5","1","","2","0","40 06:18.201","","0","75 01:39.512","3","0","0","0","67301","1","0","0","N","1","0","0","2","67301","0","","1.0","","9","N","N","N","0","","1","0","0","0","0","","630","2","1","0","0","0","0","0","2","0","1","1","0","0","7","","","N","","","","","","","","","",""
"2020030600","1237","2","0","0","0","0","0","0","0","0","5","0","","67","4","2020","4","39.958229","-75.235739","1233","6","0","0","0","0","0","1","0","0","","0","0","0","12","1","1","N","0","0","39 57:29.626","","0","75 14:08.661","3","0","0","0","67301","0","0","0","N","0","0","0","1","67301","0","","6.0","","1","N","N","N","0","","1","0","0","3","2","","1228","2","1","1","0","0","0","0","2","0","2","0","0","0","3","03","","N","","","","","","","","","",""
"2020030691","1225","2","0","0","0","0","0","0","0","0","4","0","","67","4","2020","4","40.007639","-75.127327","1224","6","0","0","0","0","0","0","1","0","","0","0","0","12","1","1","","1","0","40 00:27.502","","0","75 07:38.377","3","0","0","0","67301","0","0","0","N","0","0","0","3","67301","0","","1.0","","1","N","N","N","0","","1","0","1","3","2","","1224","3","1","2","0","0","0","0","2","0","3","0","0","0","3","03","","N","","","","","","","","","",""
"2020032404","1150","1","0","0","0","0","0","0","0","0","7","0","","67","4","2020","3","39.987245","-75.108766","1149","6","0","0","0","0","0","0","0","0","","0","0","0","11","1","1","","1","0","39 59:14.081","","0","75 06:31.557","4","0","0","0","67301","0","0","0","N","0","0","0","1","67301","1","","2.0","","1","N","N","N","0","","0","0","0","3","2","","1148","1","1","1","0","0","0","0","2","0","1","0","0","0","3","03","","N","","","","","","","","","",""
"2020032157","0425","0","0","0","0","0","0","0","0","0","0","0","","67","4","2020","1","39.938677","-75.210282","0421","6","0","0","0","0","0","0","0","0","","0","0","0","4","3","1","N","0","0","39 56:19.238","","0","75 12:37.014","3","0","0","0","67301","0","0","0","N","0","0","0","2","67301","0","","4.0","","1","N","N","N","1","","1","0","0","0","0","","400","1","1","0","0","0","0","1","2","0","1","0","0","0","3","03","","N","","","","","","","","","",""
"2020031790","2303","1","0","0","0","0","0","0","0","0","7","0","","67","4","2020","5","39.949817","-75.183944","2300","6","0","0","0","0","0","0","0","0","","0","0","0","22","3","0","N","0","2","39 56:59.342","3","0","75 11:02.200","0","0","0","0","67301","0","0","0","N","0","0","0","1","68K01","0","","4.0","30.0","1","N","N","N","0","","0","0","0","0","0","N","2255","1","0","1","0","0","0","0","2","0","1","0","0","0","3","","","N","","","","","","","","","",""
"2020070050","1229","2","0","0","0","0","0","0","0","0","4","1","","67","8","2020","6","39.941865","-75.225534","1211","6","0","0","0","0","0","0","0","0","","0","1","0","12","1","2","","1","0","39 56:30.713","","0","75 13:31.922","3","0","0","0","67301","0","0","0","N","0","0","0","6","67301","0","","1.0","","1","N","N","N","0","","2","0","0","3","2","","1203","3","2","0","0","0","0","2","2","0","3","0","0","0","3","03","","N","","","","","","","","","",""
"2020025548","2229","1","0","0","0","0","0","0","0","0","1","0","","67","3","2020","3","39.929227","-75.2434","2229","6","0","0","0","0","0","2","0","0","","0","0","0","22","3","1","N","0","0","39 55:45.218","","0","75 14:36.239","3","0","0","0","67301","0","0","0","N","0","0","0","2","67301","0","","1.0","","1","N","N","N","0","","1","0","1","0","0","","2229","2","1","0","0","0","0","0","2","0","2","0","0","0","3","03","","N","","","","","","","","","",""
"2020079692","0031","1","0","0","0","0","0","0","0","0","4","1","","67","9","2020","1","40.023986","-75.159578","0025","6","0","0","0","0","0","0","0","0","","0","1","0","23","3","0","N","1","1","40 01:26.350","1","0","75 09:34.481","0","0","0","0","67301","0","0","0","N","0","0","0","1","67301","0","","4.0","218.0","9","N","N","N","0","","0","0","0","0","0","N","2302","2","0","0","0","0","0","0","2","0","2","0","0","0","7","07","","N","","","","","","","","","",""
"2020065436","1044","1","0","0","0","0","0","0","0","0","1","0","","67","8","2020","6","40.036672","-75.173856","1044","6","0","0","0","0","0","1","0","0","","0","0","0","10","1","1","","2","0","40 02:12.019","","0","75 10:25.881","3","0","0","0","67301","0","0","0","N","0","0","0","2","67301","0","","1.0","","1","N","N","N","1","","1","0","0","3","2","","1010","2","1","0","0","0","0","0","2","0","2","0","0","0","3","03","","N","","","","","","","","","",""