"CRN","ARRIVAL_TM","AUTOMOBILE_COUNT","BELTED_DEATH_COUNT","BELTED_SUSP_SERIOUS_INJ_COUNT","BICYCLE_COUNT","BICYCLE_DEATH_COUNT","BICYCLE_SUSP_SERIOUS_INJ_COUNT","BUS_COUNT","CHLDPAS_DEATH_COUNT","CHLDPAS_SUSP_SERIOUS_INJ_COUNT","COLLISION_TYPE","COMM_VEH_COUNT","CONS_ZONE_SPD_LIM","COUNTY","CRASH_MONTH","CRASH_YEAR","DAY_OF_WEEK","DEC_LATITUDE","DEC_LONGITUDE","DISPATCH_TM","DISTRICT","DRIVER_COUNT_16YR","DRIVER_COUNT_17YR","DRIVER_COUNT_18YR","DRIVER_COUNT_19YR","DRIVER_COUNT_20YR","DRIVER_COUNT_50_64YR","DRIVER_COUNT_65_74YR","DRIVER_COUNT_75PLUS","EST_HRS_CLOSED","FATAL_COUNT","HEAVY_TRUCK_COUNT","HORSE_BUGGY_COUNT","HOUR_OF_DAY","ILLUMINATION","INJURY_COUNT","INTERSECTION_RELATED","INTERSECT_TYPE","LANE_CLOSED","LATITUDE","LN_CLOSE_DIR","LOCATION_TYPE","LONGITUDE","MAX_SEVERITY_LEVEL","MCYCLE_DEATH_COUNT","MCYCLE_SUSP_SERIOUS_INJ_COUNT","MOTORCYCLE_COUNT","MUNICIPALITY","NONMOTR_COUNT","NONMOTR_DEATH_COUNT","NONMOTR_SUSP_SERIOUS_INJ_COUNT","NTFY_HIWY_MAINT","PED_COUNT","PED_DEATH_COUNT","PED_SUSP_SERIOUS_INJ_COUNT","PERSON_COUNT","POLICE_AGCY","POSSIBLE_INJ_COUNT","RDWY_SURF_TYPE_CD","RELATION_TO_ROAD","ROADWAY_CLEARED","ROAD_CONDITION","SCH_BUS_IND","SCH_ZONE_IND","SECONDARY_CRASH","SMALL_TRUCK_COUNT","SPEC_JURIS_CD","SUSP_MINOR_INJ_COUNT","SUSP_SERIOUS_INJ_COUNT","SUV_COUNT","TCD_FUNC_CD","TCD_TYPE","TFC_DETOUR_IND","TIME_OF_DAY","TOTAL_UNITS","TOT_INJ_COUNT","UNBELTED_OCC_COUNT","UNB_DEATH_COUNT","UNB_SUSP_SERIOUS_INJ_COUNT","UNK_INJ_DEG_COUNT","UNK_INJ_PER_COUNT","URBAN_RURAL","VAN_COUNT","VEHICLE_COUNT","VULNERABLE_ROAD_USER_COUNT","VULNERABLE_ROAD_USER_DEATH_COUNT","VULNERABLE_ROAD_USER_SER_INJ_COUNT","WEATHER1","WEATHER2","WORKERS_PRES","WORK_ZONE_IND","WORK_ZONE_LOC","WORK_ZONE_TYPE","WZ_CLOSE_DETOUR","WZ_FLAGGER","WZ_LAW_OFFCR_IND","WZ_LN_CLOSURE","WZ_MOVING","WZ_OTHER","WZ_SHLDER_MDN","WZ_WORKERS_INJ_KILLED"
"2020067570","0715","1","0","0","0","0","0","0","0","0","5","0","","67","7","2020","5","40.022355","-75.038173","0703","6","0","0","0","0","0","2","0","0","","0","1","0","7","1","0","N","0","2","40 01:20.477","2","0","75 02:17.422","0","0","0","0","67301","0","0","0","N","0","0","0","2","68K01","0","","1.0","800.0","1","N","N","N","0","","0","0","0","0","0","N","703","2","0","0","0","0","0","0","2","0","2","0","0","0","3","","","N","","","","","","","","","",""
"2020029481","0906","1","0","0","0","0","0","0","0","0","7","0","","67","3","2020","6","40.034805","-75.018451","0903","6","0","0","0","0","0","0","0","0","","0","0","0","9","1","0","N","0","1","40 02:05.298","1","0","75 01:06.423","0","0","0","0","67301","0","0","0","N","0","0","0","1","68K01","0","","4.0","910.0","9","N","N","N","0","","0","0","0","3","8","N","902","1","0","0","0","0","0","0","2","0","1","0","0","0","7","","","N","","","","","","","","","",""
"2020038566","1440","1","0","0","0","0","0","0","0","0","1","0","","67","5","2020","1","40.051403","-75.153025","1440","6","0","0","0","0","0","1","1","0","","0","0","0","13","1","0","N","0","0","40 03:05.050","","0","75 09:10.890","9","0","0","0","67301","0","0","0","N","0","0","0","3","67301","0","","1.0","","1","N","N","N","0","","0","0","1","0","0","","1348","3","0","0","0","0","0","2","2","1","3","0","0","0","3","03","","N","","","","","","","","","",""
"2020031431","1810","2","0","0","0","0","0","0","0","0","1","0","","67","4","2020","2","39.984422","-75.159975","1808","6","0","0","0","0","0","1","0","0","","0","0","0","18","1","1","N","0","0","39 59:03.920","","0","75 09:35.910","3","0","0","0","67301","0","0","0","N","0","0","0","1","67301","0","","6.0","","1","N","N","N","0","","1","0","0","0","0","","1807","2","1","0","0","0","0","0","2","0","2","0","0","0","3","03","","N","","","","","","","","","",""
"2020030765","1946","1","0","0","0","0","0","0","0","0","5","0","","67","4","2020","4","40.098619","-74.975175","1925","6","0","0","0","0","0","0","0","0","","0","0","0","19","2","0","N","0","0","40 05:55.030","","0","74 58:30.630","0","0","0","0","67301","0","0","0","N","0","0","0","1","67301","0","","6.0","","1","N","N","N","0","","0","0","1","0","0","","1922","3","0","0","0","0","0","0","2","1","3","0","0","0","3","03","","N","","","","","","","","","",""
"2020069817","1958","1","0","0","0","0","0","0","0","0","1","0","","67","8","2020","4","39.951923","-75.165424","1955","6","0","0","0","0","0","0","0","0","","0","0","0","19","1","1","","3","0","39 57:06.923","","0","75 09:55.526","8","0","0","1","67301","0","0","0","N","0","0","0","2","67301","0","","1.0","","1","N","N","N","0","","0","0","0","3","2","","1935","2","1","0","0","0","1","0","2","0","2","0","0","0","3","03","","N","","","","","","","","","",""
"2020038546","1550","3","0","0","0","0","0","0","0","0","5","0","","67","5","2020","4","40.080405","-75.028942","1538","6","0","0","1","0","0","0","2","0","","0","0","0","15","1","1","N","0","1","40 04:49.458","1","0","75 01:44.192","3","0","0","0","67301","0","0","0","N","0","0","0","6","67301","0","","1.0","1649.0","1","N","N","N","0","","1","0","2","3","2","N","1537","5","1","0","0","0","0","0","2","0","5","0","0","0","3","03","","N","","","","","","","","","",""
"2020038678","0737","1","0","0","0","0","0","0","0","0","4","0","","67","5","2020","3","39.923833","-75.224936","0736","6","0","0","0","0","0","0","0","0","","0","0","0","7","1","1","","1","1","39 55:25.798","7","0","75 13:29.769","3","0","0","0","67301","0","0","0","N","0","0","0","2","67301","0","","1.0","819.0","1","N","N","N","0","","1","0","1","3","2","N","731","2","1","0","0","0","0","0","2","0","2","0","0","0","3","03","","N","","","","","","","","","",""
"2020079562","1338","1","0","0","0","0","0","0","0","0","4","0","","67","9","2020","7","39.940151","-75.216372","1333","6","0","0","0","0","0","0","0","0","","0","1","0","13","1","0","","1","0","39 56:24.543","","0","75 12:58.939","9","0","0","0","67301","0","0","0","N","0","0","0","3","67301","0","","1.0","","9","N","N","N","0","","0","0","1","3","2","","1305","4","0","0","0","0","0","1","2","1","4","0","0","0","7","04","","N","","","","","","","","","",""
"2020039003","2311","1","0","0","0","0","0","0","0","0","4","0","","67","5","2020","5","40.002948","-75.127036","2306","6","0","0","0","0","0","0","0","0","","0","0","0","23","3","0","","1","0","40 00:10.612","","0","75 07:37.329","0","0","0","0","67301","0","0","0","N","0","0","0","3","67301","0","","1.0","","1","N","N","N","0","","0","0","0","3","3","","2304","2","0","0","0","0","0","0","2","0","2","0","0","0","3","03","","N","","","","","","","","","",""
"2020080959","1430","1","0","0","0","0","0","0","0","0","8","0","","67","9","2020","4","40.031556","-75.085397","1425","6","0","0","0","0","0","0","0","0","","0","0","0","14","1","1","","1","0","40 01:53.600","","0","75 05:07.428","3","0","0","0","67301","1","0","0","N","1","0","0","2","67301","0","","1.0","","1","N","N","N","0","","1","0","0","3","2","","1405","2","1","0","0","0","0","0","2","0","1","1","0","0","3","03","","N","","","","","","","","","",""
"2020038448","1737","0","0","0","0","0","0","0","0","0","4","0","","67","5","2020","3","39.997763","-75.123589","1735","6","1","0","0","0","0","1","0","0","","0","0","0","17","1","1","N","0","0","39 59:51.946","","7","75 07:24.921","3","0","0","1","67301","0","0","0","N","0","0","0","4","67301","0","","1.0","","1","N","N","N","0","","1","0","0","0","0","","1730","2","1","1","0","0","0","0","2","1","2","0","0","0","3","03","","N","","","","","","","","","",""
"2020079783","0130","2","0","0","0","0","0","0","0","0","2","0","","67","9","2020","7","39.993711","-75.127003","0127","6","0","0","0","0","0","0","0","0","","0","0","0","1","3","0","Y","0","0","39 59:37.360","","0","75 07:37.210","0","0","0","0","67301","0","0","0","N","0","0","0","2","67301","0","","1.0","","1","N","N","N","0","","0","0","0","0","0","","117","2","0","2","0","0","0","0","2","0","2","0","0","0","3","","","N","","","","","","","","","",""
"2020038982","1850","2","0","0","0","0","0","0","0","0","4","0","","67","5","2020","6","39.988251","-75.135001","1845","6","0","0","0","1","0","1","0","0","","0","0","0","18","1","1","","1","0","39 59:17.703","","0","75 08:06.003","3","0","0","0","67301","0","0","0","N","0","0","0","3","67301","0","","1.0","","1","N","N","N","0","","1","0","1","3","3","","1842","3","1","0","0","0","0","0","2","0","3","0","0","0","3","","","N","","","","","","","","","",""
"2020035173","0111","1","0","0","0","0","0","0","0","0","7","0","","67","4","2020","1","39.981025","-75.206606","0104","6","0","0","0","0","1","0","0","0","","0","0","0","1","3","1","N","0","2","39 58:51.689","3","0","75 12:23.781","3","0","0","0","67301","0","0","0","N","0","0","0","1","68K01","0","","4.0","145.0","98","N","N","N","0","","1","0","0","0","0","N","104","1","1","0","0","0","0","0","2","0","1","0","0","0","7","","","N","","","","","","","","","",""
"2020041955","1238","1","0","0","0","0","0","0","0","0","1","0","","67","4","2020","7","39.992456","-75.201118","1235","6","0","0","0","0","0","1","0","0","","0","0","0","12","1","1","N","0","1","39 59:32.840","4","0","75 12:04.025","4","0","0","0","67301","0","0","0","N","0","0","0","2","68K01","1","","1.0","1300.0","1","N","N","N","0","","0","0","1","0","0","Y","1234","2","1","0","0","0","0","0","2","0","2","0","0","0","3","","","N","","","","","","","","","",""
"2020032284","1955","0","0","1","0","0","0","0","0","0","4","0","","67","4","2020","7","40.069339","-75.163423","1950","6","0","0","0","0","0","0","0","0","","0","0","0","19","3","5","","1","2","40 04:09.619","7","0","75 09:48.322","2","0","0","0","67301","0","0","0","N","0","0","0","5","67301","3","","1.0","1958.0","1","N","N","N","0","","1","1","2","0","0","Y","1949","2","5","0","0","0","0","0","2","0","2","0","0","0","3","98","","N","","","","","","","","","",""
"2020071457","2240","1","0","0","0","0","0","0","0","0","1","0","","67","8","2020","2","39.956305","-75.141517","2241","6","0","0","0","0","0","0","0","0","","0","0","0","22","3","1","N","0","1","39 57:22.697","2","0","75 08:29.462","8","0","0","0","67301","0","0","0","N","0","0","0","3","68K01","0","","1.0","30.0","1","N","N","N","1","","0","0","0","0","0","N","2219","2","1","0","0","0","1","0","2","0","2","0","0","0","3","03","","N","","","","","","","","","",""
"2020039541","1203","0","0","0","0","0","0","0","0","0","7","0","","67","4","2020","6","39.979375","-75.108443","1203","6","0","0","0","0","0","0","0","0","","0","0","0","12","1","0","N","0","2","39 58:45.750","2","0","75 06:30.396","0","0","0","0","67301","0","0","0","N","0","0","0","3","68K01","0","","4.0","1229.0","9","N","N","N","0","","0","0","1","3","8","N","1200","1","0","0","0","0","0","0","2","0","1","0","0","0","7","04","","N","","","","","","","","","",""
"2020035531","1056","2","0","0","0","0","0","0","0","0","4","0","","67","4","2020","4","40.046419","-75.162091","1056","6","0","0","0","0","0","1","0","0","","0","0","0","10","1","1","","1","0","40 02:47.108","","0","75 09:43.527","3","0","0","0","67301","0","0","0","N","0","0","0","3","67301","0","","1.0","","1","N","N","N","0","","1","0","2","3","3","","1055","4","1","0","0","0","0","0","2","0","4","0","0","0","3","03","","N","","","","","","","","","",""
"2020034784","2325","0","0","0","0","0","0","0","0","0","1","0","","67","4","2020","6","40.011403","-75.0769","2312","6","0","0","0","0","0","0","0","0","","0","0","0","22","3","2","","1","0","40 00:41.052","","0","75 04:36.839","3","0","0","0","67301","0","0","0","N","0","0","0","3","67301","0","","1.0","","1","N","N","N","1","","2","0","1","3","2","","2258","2","2","2","0","0","0","0","2","0","2","0","0","0","3","","","N","","","","","","","","","",""
"2020034871","2245","1","0","0","0","0","0","0","0","0","7","0","","67","4","2020","7","39.988657","-75.187059","2243","6","0","0","0","0","0","0","0","0","","0","0","0","22","3","0","","1","0","39 59:19.164","","0","75 11:13.413","0","0","0","0","67301","0","0","0","N","0","0","0","1","67301","0","","5.0","","9","N","N","N","0","","0","0","2","3","2","","2241","3","0","0","0","0","0","0","2","0","3","0","0","0","7","","","N","","","","","","","","","",""
"2020035533","2045","1","0","0","0","0","0","0","0","0","5","0","","67","4","2020","2","39.958969","-75.247502","2023","6","0","0","0","0","0","0","0","0","","0","0","0","20","3","1","N","0","0","39 57:32.289","","0","75 14:51.006","2","0","0","0","67301","0","0","0","N","0","0","0","1","67301","0","","6.0","","1","N","N","N","0","","0","1","6","0","0","","2023","7","1","0","0","0","0","0","2","0","7","0","0","0","3","","","N","","","","","","","","","",""
"2020034873","1244","1","0","0","0","0","0","0","0","0","7","0","","67","4","2020","1","40.029488","-75.14847","1244","6","0","0","0","1","0","0","0","0","","0","0","0","12","1","1","","11","0","40 01:46.156","","0","75 08:54.492","3","0","0","0","67301","0","0","0","N","0","0","0","1","67301","0","","4.0","","9","N","N","N","0","","1","0","0","3","3","","1206","1","1","0","0","0","0","0","2","0","1","0","0","0","7","04","","N","","","","","","","","","",""
"2020076584","0454","0","0","0","0","0","0","0","0","0","1","1","","67","9","2020","1","39.984594","-75.095619","0436","6","0","0","0","0","1","0","0","0","","0","1","0","4","3","0","N","0","1","39 59:04.539","2","0","75 05:44.229","0","0","0","0","67301","0","0","0","N","0","0","0","2","68K01","0","","1.0","510.0","1","N","N","N","0","","0","0","1","0","0","N","435","2","0","0","0","0","0","0","2","0","2","0","0","0","3","","","N","","","","","","","","","",""
"2020039420","1142","1","0","0","0","0","0","0","0","0","4","0","","67","5","2020","7","40.03161","-75.20763","1138","6","0","0","0","0","0","1","0","0","","0","0","0","11","1","3","","1","0","40 01:53.795","","0","75 12:27.467","3","0","0","0","67301","0","0","0","N","0","0","0","5","67301","0","","1.0","","1","N","N","N","0","","3","0","0","3","2","","1135","2","3","1","0","0","0","0","2","1","2","0","0","0","3","03","","N","","","","","","","","","",""
"2020075035","2300","1","0","0","0","0","0","0","0","0","2","1","25","67","9","2020","7","39.961758","-75.242839","2242","6","0","0","0","0","0","0","0","0","","0","0","0","21","3","2","N","0","2","39 57:42.330","5","0","75 14:34.220","4","0","0","0","67301","0","0","0","N","0","0","0","2","67301","2","","1.0","2330.0","1","N","N","N","0","","0","0","0","0","0","Y","2100","2","2","0","0","0","0","0","2","0","2","0","0","0","3","98","N","Y","4","8","N","N","N","N","N","Y","N","N"
"2020034503","0308","0","0","0","0","0","0","0","0","0","7","0","","67","4","2020","5","39.975914","-75.223987","0307","6","0","0","0","0","0","0","0","0","","0","0","0","3","3","0","N","0","0","39 58:33.292","","0","75 13:26.353","0","0","0","0","67301","0","0","0","N","0","0","0","1","67301","0","","4.0","","1","N","N","N","0","","0","0","1","0","0","","305","1","0","0","0","0","0","0","2","0","1","0","0","0","3","03","","N","","","","","","","","","",""
"2020035230","0405","2","0","0","0","0","0","0","0","0","5","0","","67","4","2020","2","40.025035","-75.074012","0404","6","0","0","0","0","0","0","0","0","","0","0","0","4","3","0","N","0","0","40 01:30.126","","0","75 04:26.443","0","0","0","0","67301","0","0","0","N","0","0","0","2","67301","0","","1.0","","9","N","N","N","0","","0","0","0","3","2","","401","2","0","0","0","0","0","0","2","0","2","0","0","0","7","04","","N","","","","","","","","","",""
"2020037817","2259","1","0","0","0","0","0","0","0","0","7","0","","67","4","2020","2","39.941484","-75.143054","2252","6","0","0","0","0","0","0","0","0","","0","0","0","22","3","4","N","0","2","39 56:29.342","1","0","75 08:34.996","2","0","0","0","67301","0","0","0","N","0","0","0","4","68K01","0","","4.0","2330.0","1","N","N","N","0","","2","1","0","0","0","N","2232","1","4","4","0","1","1","0","2","0","1","0","0","0","3","","","N","","","","","","","","","",""
"2020035859","0500","1","0","0","0","0","0","0","0","0","7","0","","67","4","2020","2","39.940698","-75.224153","0458","6","0","0","0","0","0","0","0","0","","0","0","0","4","3","0","","1","0","39 56:26.512","","0","75 13:26.950","9","0","0","0","67301","0","0","0","N","0","0","0","1","67301","0","","5.0","","9","N","N","N","0","","0","0","0","2","2","","457","1","0","0","0","0","0","1","2","0","1","0","0","0","7","","","N","","","","","","","","","",""
"2020036610","1734","1","0","0","0","0","0","0","0","0","1","0","","67","4","2020","6","39.960647","-75.181788","1734","6","0","0","0","0","0","1","0","0","","0","0","0","17","1","0","N","0","2","39 57:38.328","3","3","75 10:54.436","0","0","0","0","67301","0","0","0","N","0","0","0","2","68K01","0","","1.0","100.0","9","N","N","Y","0","","0","0","1","0","0","Y","1733","2","0","0","0","0","0","0","2","0","2","0","0","0","7","07","","N","","","","","","","","","",""
"2020035077","1455","2","0","0","0","0","0","0","0","0","1","0","","67","4","2020","1","39.922695","-75.156636","1455","6","0","1","0","0","0","0","0","0","","0","0","0","14","1","1","N","1","1","39 55:21.702","4","0","75 09:23.890","4","0","0","0","67301","0","0","0","N","0","0","0","6","67301","1","","1.0","1545.0","9","N","N","N","0","","0","0","2","3","2","Y","1435","4","1","0","0","0","0","1","2","0","4","0","0","0","3","03","","N","","","","","","","","","",""
"2020035863","0239","3","0","0","0","0","0","0","0","0","2","0","","67","4","2020","5","39.924842","-75.241039","0239","6","0","0","0","0","0","0","0","0","","0","0","0","2","3","0","N","0","0","39 55:29.430","","0","75 14:27.740","0","0","0","0","67301","0","0","0","N","0","0","0","1","67301","0","","6.0","","1","N","N","N","1","","0","0","1","9","9","","238","5","0","0","0","0","0","0","2","0","5","0","0","0","3","03","","N","","","","","","","","","",""
"2020036866","1118","0","0","0","0","0","0","0","0","0","7","0","","67","4","2020","1","40.031472","-75.02156","1113","6","0","0","0","0","0","1","0","0","","0","0","0","11","1","0","N","0","1","40 01:53.299","2","0","75 01:17.615","0","0","0","0","67301","0","0","0","N","0","0","0","1","68K01","0","","2.0","15.0","9","N","N","N","1","","0","0","0","0","0","N","1110","1","0","0","0","0","0","0","2","0","1","0","0","0","7","07","","N","","","","","","","","","",""
"2020030108","2226","2","0","0","0","0","0","0","0","0","4","0","","67","3","2020","1","39.997042","-75.178576","2226","6","0","0","0","0","0","0","0","0","","0","0","0","22","3","3","","1","2","39 59:49.352","7","0","75 10:42.874","2","0","0","0","67301","0","0","0","N","0","0","0","3","67301","0","","1.0","30.0","9","N","N","N","0","","0","3","0","9","2","Y","2226","2","3","0","0","0","0","0","2","0","2","0","0","0","7","","","N","","","","","","","","","",""
"2020036283","1905","1","0","0","0","0","0","0","0","0","5","0","","67","5","2020","6","39.991056","-75.156778","1900","6","0","0","0","0","0","0","0","0","","0","0","0","19","1","0","N","0","0","39 59:27.800","","0","75 09:24.400","0","0","0","0","67301","0","0","0","N","0","0","0","2","67301","0","","6.0","","1","N","N","Y","0","","0","0","1","0","0","","1900","2","0","0","0","0","0","0","2","0","2","0","0","0","3","03","","N","","","","","","","","","",""
"2020076740","1607","1","0","0","0","0","0","0","0","0","5","1","","67","8","2020","2","39.974683","-75.117186","1546","6","0","0","0","0","0","1","0","0","","0","1","0","15","1","0","N","0","0","39 58:28.858","","0","75 07:01.868","0","0","0","0","67301","0","0","0","N","0","0","0","2","68K01","0","","1.0","","9","N","N","N","0","","0","0","0","0","0","","1536","2","0","0","0","0","0","0","2","0","2","0","0","0","4","","","N","","","","","","","","","",""
"2020076694","0543","1","0","0","0","0","0","0","0","0","7","0","","67","8","2020","6","39.885922","-75.243026","0514","6","0","0","0","0","0","1","0","0","","0","0","0","5","3","1","N","0","0","39 53:09.319","","0","75 14:34.895","8","0","0","0","67301","0","0","0","Y","0","0","0","1","68K01","0","","4.0","","9","N","N","N","0","","0","0","0","0","0","","513","1","1","0","0","0","1","0","2","0","1","0","0","0","7","","","N","","","","","","","","","",""
"2020057653","1545","1","0","0","0","0","0","0","0","0","7","0","","67","7","2020","3","39.947761","-75.141245","1538","6","0","0","0","0","0","0","0","0","","0","0","0","15","1","0","N","0","2","39 56:51.941","2","0","75 08:28.482","0","0","0","0","67301","0","0","0","N","0","0","0","1","67301","0","","5.0","100.0","1","N","N","N","0","","0","0","0","3","2","N","1525","1","0","1","0","0","0","0","2","0","1","0","0","0","3","03","","N","","","","","","","","","",""
"2020035435","1410","2","0","0","0","0","0","0","0","0","2","0","","67","4","2020","7","39.966071","-75.246096","1400","6","0","0","0","0","0","1","0","0","","0","0","0","14","1","1","N","0","1","39 57:57.856","1","0","75 14:45.946","4","0","0","0","67301","0","0","0","N","0","0","0","2","67301","1","","1.0","1600.0","1","N","N","N","0","","0","0","0","3","2","N","1400","3","1","2","0","0","0","0","2","1","3","0","0","0","3","03","","N","","","","","","","","","",""
"2020035512","0158","1","0","0","0","0","0","0","0","0","7","0","","67","4","2020","3","39.956929","-75.152822","0139","6","0","0","0","0","0","1","0","0","","0","0","0","1","3","1","N","0","1","39 57:24.944","3","0","75 09:10.159","4","0","0","0","67301","0","0","0","N","0","0","0","1","68K01","1","","4.0","230.0","1","N","N","N","0","","0","0","0","0","0","N","136","1","1","0","0","0","0","0","2","0","1","0","0","0","3","","","N","","","","","","","","","",""
"2020060534","1708","1","0","0","0","0","0","0","0","0","4","0","","67","7","2020","3","40.012455","-75.058453","1703","6","0","0","0","0","0","2","0","0","","1","0","0","17","1","0","N","2","0","40 00:44.838","","0","75 03:30.430","1","1","0","1","67301","0","0","0","N","0","0","0","4","67301","0","2","1.0","","1","N","N","N","0","0","0","0","0","3","2","","1700","2","0","1","0","0","0","0","2","0","2","0","0","0","3","03","","N","","","","","","","","","",""
"2020016450","1922","0","0","0","0","0","0","0","0","0","7","0","","67","2","2020","2","40.124127","-75.015212","1920","6","0","0","0","0","0","1","0","0","","0","0","0","18","3","1","N","0","0","40 07:26.857","","0","75 00:54.762","3","0","0","0","67301","0","0","0","N","0","0","0","1","67301","0","","4.0","","9","N","N","N","0","","1","0","1","0","0","","1852","1","1","0","0","0","0","0","2","0","1","0","0","0","7","","","N","","","","","","","","","",""
"2020022546","1655","1","0","0","0","0","0","0","0","0","7","0","","67","2","2020","3","39.957708","-75.150078","1651","6","0","0","0","0","0","1","0","0","","0","0","0","16","1","0","N","0","2","39 57:27.750","4","0","75 09:00.282","0","0","0","0","67301","0","0","0","N","0","0","0","3","68K01","0","","3.0","1823.0","1","N","N","N","0","","0","0","2","0","0","N","1650","3","0","0","0","0","0","0","2","0","3","0","0","0","3","","","N","","","","","","","","","",""
"2020019741","1049","0","0","0","0","0","0","0","0","0","1","0","","67","2","2020","6","39.947236","-75.226833","1044","6","0","0","0","0","0","2","0","0","","0","0","0","10","1","1","","1","2","39 56:50.048","4","0","75 13:36.599","3","0","0","0","67301","0","0","0","N","0","0","0","5","67301","0","","1.0","1145.0","1","N","N","N","1","","1","0","1","3","2","N","1040","3","1","0","0","0","0","0","2","1","3","0","0","0","3","03","","N","","","","","","","","","",""
"2020017911","2246","0","0","0","0","0","0","0","0","0","4","0","","67","2","2020","1","40.05494","-75.053943","2243","6","0","0","0","0","0","1","0","0","","0","0","0","22","3","3","","1","0","40 03:17.783","","0","75 03:14.193","3","0","0","0","67301","0","0","0","N","0","0","0","3","67301","0","","1.0","","1","N","N","N","0","","3","0","1","3","2","","2230","2","3","2","0","0","0","0","2","1","2","0","0","0","3","03","","N","","","","","","","","","",""
"2020017412","1806","0","0","0","0","0","0","0","0","0","5","0","","67","2","2020","6","39.966342","-75.231806","1805","6","0","0","0","0","0","1","0","0","","0","0","0","18","3","0","N","0","0","39 57:58.830","","0","75 13:54.500","0","0","0","0","67301","0","0","0","N","0","0","0","1","67301","0","","6.0","","1","N","N","N","0","","0","0","1","9","2","","1800","2","0","0","0","0","0","0","2","1","2","0","0","0","3","03","","N","","","","","","","","","",""
"2020017012","0926","1","0","0","0","0","0","0","0","0","4","0","","67","2","2020","5","40.054478","-75.085875","0920","6","0","0","0","0","0","0","0","0","","0","0","0","9","1","1","","5","0","40 03:16.120","","0","75 05:09.150","3","0","0","0","67301","0","0","0","N","0","0","0","2","67301","0","","1.0","","9","N","N","N","0","","1","0","0","3","2","","920","2","1","0","0","0","0","0","2","1","2","0","0","0","7","04","","N","","","","","","","","","",""
"2020058618","2000","2","0","0","0","0","0","0","0","0","4","0","","67","7","2020","6","39.957787","-75.225328","2000","6","0","0","0","0","0","1","0","0","","0","0","0","20","1","2","N","0","0","39 57:28.032","","0","75 13:31.181","3","0","0","0","67301","0","0","0","N","0","0","0","4","67301","0","","1.0","","1","N","N","N","0","","2","0","0","3","3","","2000","2","2","4","0","0","0","0","2","0","2","0","0","0","3","03","","N","","","","","","","","","",""
"2020017600","1744","1","0","0","0","0","0","0","0","0","7","0","","67","2","2020","4","39.946463","-75.237262","1742","6","0","0","0","0","0","0","0","0","","0","0","0","17","4","2","","2","0","39 56:47.267","","0","75 14:14.143","3","0","0","0","67301","0","0","0","N","0","0","0","2","67301","0","","4.0","","1","N","N","N","0","","2","0","0","3","2","","1733","1","2","0","0","0","0","0","2","0","1","0","0","0","3","03","","N","","","","","","","","","",""
"2020017363","0513","1","0","0","0","0","0","0","0","0","5","0","","67","2","2020","6","40.081889","-75.173592","0503","6","0","0","0","0","0","0","0","0","","0","0","0","4","3","0","","2","0","40 04:54.800","","0","75 10:24.931","0","0","0","0","67301","0","0","0","N","0","0","0","1","67301","0","","1.0","","1","N","N","N","0","","0","0","1","0","0","","450","3","0","0","0","0","0","0","2","1","3","0","0","0","3","03","","N","","","","","","","","","",""
"2020016575","0423","0","0","0","0","0","0","0","0","0","7","0","","67","2","2020","3","40.035769","-75.017217","0419","6","0","0","0","0","0","0","0","0","","0","0","0","4","3","0","N","0","2","40 02:08.769","2","0","75 01:01.980","0","0","0","0","67301","0","0","0","N","0","0","0","1","68K01","0","","4.0","510.0","9","N","N","N","0","","0","0","0","0","0","N","414","1","0","0","0","0","0","0","2","1","1","0","0","0","7","05","","N","","","","","","","","","",""
"2020058084","0539","0","0","0","0","0","0","0","0","0","8","0","","67","7","2020","4","40.052083","-75.157772","0532","6","0","0","0","0","0","0","0","0","","0","0","0","5","5","1","N","0","0","40 03:07.500","","0","75 09:27.980","2","0","0","0","67301","1","0","1","N","1","0","1","1","67301","0","","1.0","","1","N","N","N","0","","0","1","0","0","0","","523","3","1","0","0","0","0","0","2","0","2","1","0","1","3","","","N","","","","","","","","","",""
"2020058077","1345","1","0","0","0","0","0","0","0","0","5","1","","67","7","2020","4","39.955536","-75.148171","1345","6","0","0","0","0","1","0","0","0","","0","1","0","13","1","0","N","0","0","39 57:19.931","","2","75 08:53.415","0","0","0","0","67301","0","0","0","N","0","0","0","2","67501","0","","1.0","","1","N","N","N","0","","0","0","0","3","2","","1345","2","0","0","0","0","0","0","2","0","2","0","0","0","3","","","N","","","","","","","","","",""
"2020056987","0400","1","0","0","0","0","0","0","0","0","7","0","","67","7","2020","2","40.005878","-75.149766","0400","6","0","0","0","0","0","0","0","0","","0","0","0","4","3","1","","1","0","40 00:21.160","","0","75 08:59.157","3","0","0","0","67301","0","0","0","N","0","0","0","1","67505","0","","5.0","","1","N","N","N","0","","1","0","0","3","2","","400","1","1","0","0","0","0","0","2","0","1","0","0","0","3","03","","N","","","","","","","","","",""
"2020015147","1315","1","0","0","0","0","0","0","0","0","4","0","","67","2","2020","7","39.965249","-75.150104","1314","6","0","0","0","0","0","0","1","1","","0","0","0","13","1","1","","1","0","39 57:54.896","","0","75 09:00.374","8","0","0","0","67301","0","0","0","N","0","0","0","2","67301","0","","1.0","","1","N","N","N","0","","0","0","1","3","3","","1312","2","1","0","0","0","1","0","2","0","2","0","0","0","3","03","","N","","","","","","","","","",""