"CRN","ARRIVAL_TM","AUTOMOBILE_COUNT","BELTED_DEATH_COUNT","BELTED_SUSP_SERIOUS_INJ_COUNT","BICYCLE_COUNT","BICYCLE_DEATH_COUNT","BICYCLE_SUSP_SERIOUS_INJ_COUNT","BUS_COUNT","CHLDPAS_DEATH_COUNT","CHLDPAS_SUSP_SERIOUS_INJ_COUNT","COLLISION_TYPE","COMM_VEH_COUNT","CONS_ZONE_SPD_LIM","COUNTY","CRASH_MONTH","CRASH_YEAR","DAY_OF_WEEK","DEC_LATITUDE","DEC_LONGITUDE","DISPATCH_TM","DISTRICT","DRIVER_COUNT_16YR","DRIVER_COUNT_17YR","DRIVER_COUNT_18YR","DRIVER_COUNT_19YR","DRIVER_COUNT_20YR","DRIVER_COUNT_50_64YR","DRIVER_COUNT_65_74YR","DRIVER_COUNT_75PLUS","EST_HRS_CLOSED","FATAL_COUNT","HEAVY_TRUCK_COUNT","HORSE_BUGGY_COUNT","HOUR_OF_DAY","ILLUMINATION","INJURY_COUNT","INTERSECTION_RELATED","INTERSECT_TYPE","LANE_CLOSED","LATITUDE","LN_CLOSE_DIR","LOCATION_TYPE","LONGITUDE","MAX_SEVERITY_LEVEL","MCYCLE_DEATH_COUNT","MCYCLE_SUSP_SERIOUS_INJ_COUNT","MOTORCYCLE_COUNT","MUNICIPALITY","NONMOTR_COUNT","NONMOTR_DEATH_COUNT","NONMOTR_SUSP_SERIOUS_INJ_COUNT","NTFY_HIWY_MAINT","PED_COUNT","PED_DEATH_COUNT","PED_SUSP_SERIOUS_INJ_COUNT","PERSON_COUNT","POLICE_AGCY","POSSIBLE_INJ_COUNT","RDWY_SURF_TYPE_CD","RELATION_TO_ROAD","ROADWAY_CLEARED","ROAD_CONDITION","SCH_BUS_IND","SCH_ZONE_IND","SECONDARY_CRASH","SMALL_TRUCK_COUNT","SPEC_JURIS_CD","SUSP_MINOR_INJ_COUNT","SUSP_SERIOUS_INJ_COUNT","SUV_COUNT","TCD_FUNC_CD","TCD_TYPE","TFC_DETOUR_IND","TIME_OF_DAY","TOTAL_UNITS","TOT_INJ_COUNT","UNBELTED_OCC_COUNT","UNB_DEATH_COUNT","UNB_SUSP_SERIOUS_INJ_COUNT","UNK_INJ_DEG_COUNT","UNK_INJ_PER_COUNT","URBAN_RURAL","VAN_COUNT","VEHICLE_COUNT","VULNERABLE_ROAD_USER_COUNT","VULNERABLE_ROAD_USER_DEATH_COUNT","VULNERABLE_ROAD_USER_SER_INJ_COUNT","WEATHER1","WEATHER2","WORKERS_PRES","WORK_ZONE_IND","WORK_ZONE_LOC","WORK_ZONE_TYPE","WZ_CLOSE_DETOUR","WZ_FLAGGER","WZ_LAW_OFFCR_IND","WZ_LN_CLOSURE","WZ_MOVING","WZ_OTHER","WZ_SHLDER_MDN","WZ_WORKERS_INJ_KILLED"
"2020019668","0210","1","0","0","0","0","0","0","0","0","7","0","","67","2","2020","7","39.972896","-75.159196","0208","6","0","0","0","0","0","0","0","0","","0","0","0","2","3","2","N","0","0","39 58:22.425","","0","75 09:33.106","3","0","0","0","67301","0","0","0","N","0","0","0","2","67301","0","","2.0","","1","N","N","N","0","","2","0","0","0","0","","205","1","2","0","0","0","0","0","2","0","1","0","0","0","3","","","N","","","","","","","","","",""
"2020033545","1354","0","0","0","0","0","0","0","0","0","8","0","","67","2","2020","6","39.971211","-75.227592","1353","6","0","0","0","0","0","0","0","0","","0","0","0","13","1","1","N","0","0","39 58:16.360","","0","75 13:39.330","4","0","0","0","67301","1","0","0","N","1","0","0","2","67301","1","","1.0","","1","N","N","N","0","","0","0","1","0","0","","1353","2","1","1","0","0","0","0","2","0","1","1","0","0","3","03","","N","","","","","","","","","",""
"2020024134","2205","0","0","0","0","0","0","0","0","0","8","0","","67","3","2020","3","39.979037","-75.216833","2203","6","0","0","0","0","0","0","0","0","","0","0","0","21","6","1","","2","0","39 58:44.533","","0","75 13:00.598","4","0","0","0","67301","1","0","0","N","1","0","0","2","67301","1","","1.0","","9","N","N","N","0","","0","0","0","0","0","","2135","2","1","1","0","0","0","0","2","1","1","1","0","0","7","07","","N","","","","","","","","","",""
"2020018390","1817","1","0","0","0","0","0","0","0","0","8","0","","67","2","2020","1","40.061196","-75.191949","1817","6","0","0","0","0","0","0","0","1","","0","0","0","18","3","1","N","0","0","40 03:40.306","","7","75 11:31.018","3","0","0","0","67301","1","0","0","N","1","0","0","2","67301","0","","1.0","","1","N","N","N","0","","1","0","0","3","2","","1810","2","1","0","0","0","0","0","2","0","1","1","0","0","3","","","N","","","","","","","","","",""
"2020025278","2047","2","0","0","0","0","0","0","0","0","4","0","","67","3","2020","2","40.069339","-75.163423","2039","6","0","0","1","0","0","0","0","0","","0","0","0","20","3","4","","1","0","40 04:09.619","","0","75 09:48.322","3","0","0","0","67301","0","0","0","N","0","0","0","4","67301","0","","1.0","","1","N","N","N","0","","4","0","0","3","3","","2030","2","4","0","0","0","0","0","2","0","2","0","0","0","3","98","","N","","","","","","","","","",""
"2020025747","1610","0","0","0","0","0","0","0","0","0","4","0","","67","3","2020","7","39.998317","-75.149866","1610","6","0","0","0","1","0","0","0","0","","0","0","0","13","1","1","","2","0","39 59:53.941","","0","75 08:59.517","3","0","0","0","67301","0","0","0","N","0","0","0","2","67301","0","","1.0","","1","N","N","N","0","","1","0","2","3","2","","1351","2","1","1","0","0","0","0","2","0","2","0","0","0","3","03","","N","","","","","","","","","",""
"2020018581","1736","1","0","0","0","0","0","0","0","0","1","0","","67","2","2020","3","40.065231","-74.987178","1735","6","0","0","0","0","0","0","0","0","","0","0","0","17","4","1","N","0","0","40 03:54.830","","7","74 59:13.840","3","0","0","0","67301","0","0","0","N","0","0","0","4","67301","0","","1.0","","1","N","N","N","0","","1","0","0","0","0","","1732","2","1","0","0","0","0","0","2","1","2","0","0","0","4","04","","N","","","","","","","","","",""
"2020023437","0130","1","0","0","0","0","0","0","0","0","7","0","","67","3","2020","4","39.930975","-75.198998","0127","6","0","0","0","0","1","0","0","0","","0","0","0","1","3","1","N","0","0","39 55:51.511","","0","75 11:56.391","3","0","0","0","67301","0","0","0","N","0","0","0","1","68K01","0","","4.0","","1","N","N","N","0","","1","0","0","0","0","","114","1","1","0","0","0","0","0","2","0","1","0","0","0","3","","","N","","","","","","","","","",""
"2020024958","1748","1","0","0","0","0","0","0","0","0","1","0","","67","3","2020","6","39.970026","-75.145051","1738","6","0","1","0","0","0","0","0","0","","0","0","0","16","4","5","Y","0","0","39 58:12.095","","0","75 08:42.185","3","0","0","0","67301","0","0","0","N","0","0","0","6","67301","0","","1.0","","9","N","N","N","2","","5","0","0","3","2","","1652","3","5","0","0","0","0","0","2","0","3","0","0","0","7","","","N","","","","","","","","","",""
"2020020541","2002","1","0","0","0","0","0","0","0","0","4","0","","67","2","2020","7","39.938889","-75.229764","2000","6","0","0","0","0","0","0","0","0","","0","0","0","19","3","1","","1","0","39 56:20.000","","0","75 13:47.150","8","0","0","0","67301","0","0","0","N","0","0","0","3","67301","0","","1.0","","1","N","N","N","0","","0","0","1","2","3","","1950","2","1","0","0","0","1","0","2","0","2","0","0","0","3","03","","N","","","","","","","","","",""
"2020016657","2059","0","0","0","0","0","0","0","0","0","4","0","","67","2","2020","4","40.050713","-75.010048","2052","6","0","0","1","0","1","0","0","0","","0","0","0","20","3","1","N","0","2","40 03:02.568","1","7","75 00:36.173","2","0","1","1","67301","0","0","0","N","0","0","0","3","67301","0","","1.0","2150.0","9","N","N","N","0","","0","1","1","3","2","N","2048","2","1","0","0","0","0","0","2","0","2","0","0","0","7","07","","N","","","","","","","","","",""
"2020016751","2140","0","0","0","0","0","0","0","0","0","8","0","","67","2","2020","4","40.005931","-75.113497","2136","6","0","0","0","0","0","0","0","0","","0","0","0","21","3","1","","1","0","40 00:21.351","","0","75 06:48.588","8","0","0","0","67301","1","0","0","N","1","0","0","2","67301","0","","1.0","","9","N","N","N","0","","0","0","1","3","2","","2130","2","1","0","0","0","1","0","2","0","1","1","0","0","7","07","","N","","","","","","","","","",""
"2020028156","1053","1","0","0","0","0","0","0","0","0","1","0","","67","2","2020","7","39.999071","-75.195327","1048","6","0","0","0","0","0","0","0","0","","0","0","0","10","1","1","N","0","2","39 59:56.656","4","0","75 11:43.176","3","0","0","0","67301","0","0","0","N","0","0","0","3","68K01","0","","1.0","15.0","1","N","N","N","1","","1","0","1","0","0","N","1046","3","1","0","0","0","0","0","2","0","3","0","0","0","3","","","N","","","","","","","","","",""
"2020024100","0520","4","0","0","0","0","0","0","0","0","1","0","","67","3","2020","4","39.956758","-75.211288","0514","6","0","0","0","0","0","0","0","0","","0","0","0","5","3","0","N","0","0","39 57:24.329","","0","75 12:40.636","0","0","0","0","67301","0","0","0","N","0","0","0","1","67301","0","","1.0","","1","N","N","N","0","","0","0","2","3","2","","505","6","0","0","0","0","0","0","2","0","6","0","0","0","3","03","","N","","","","","","","","","",""
"2020019878","0327","2","0","0","0","0","0","0","0","0","6","0","","67","2","2020","7","40.013023","-75.169131","0327","6","0","0","0","0","0","0","0","0","","0","0","0","3","2","5","N","0","2","40 00:46.882","7","0","75 10:08.871","2","0","0","0","67301","0","0","0","N","0","0","0","5","67301","0","","1.0","650.0","1","N","N","N","0","","0","2","0","0","0","Y","318","2","5","0","0","0","3","0","2","0","2","0","0","0","3","03","","N","","","","","","","","","",""
"2020020311","0830","3","0","0","0","0","0","0","0","0","6","0","","67","2","2020","5","40.025806","-75.194331","0749","6","0","0","0","0","0","2","0","0","","0","0","0","7","1","0","N","0","2","40 01:32.900","6","0","75 11:39.590","9","0","0","0","67301","0","0","0","N","0","0","0","4","67301","0","","1.0","940.0","2","N","N","N","0","","0","0","0","0","0","N","724","5","0","0","0","0","0","1","2","1","4","0","0","0","98","03","","N","","","","","","","","","",""
"2020022794","2235","1","0","0","0","0","0","0","0","0","1","0","","67","3","2020","1","40.03435","-75.172696","2234","6","0","0","1","0","0","1","0","0","","0","0","0","22","3","3","","1","0","40 02:03.660","","0","75 10:21.707","3","0","0","0","67301","0","0","0","N","0","0","0","4","67301","0","","1.0","","1","N","N","N","1","","1","0","3","3","2","","2230","5","3","1","0","0","2","0","2","0","5","0","0","0","3","03","","N","","","","","","","","","",""
"2020029153","2330","0","0","0","0","0","0","1","0","0","5","1","","67","3","2020","4","40.035667","-75.174889","2302","6","0","0","0","0","0","0","0","0","","0","0","0","23","3","1","N","0","0","40 02:08.400","","0","75 10:29.600","4","0","0","0","67301","0","0","0","N","0","0","0","2","67508","1","","6.0","","1","N","N","N","0","","0","0","1","0","0","N","2302","2","1","0","0","0","0","0","2","0","2","0","0","0","3","","","Y","","","","","","","","","",""
"2020022860","1612","1","0","0","0","0","0","0","0","0","4","0","","67","3","2020","2","40.0141","-75.078059","1558","6","0","0","0","0","0","1","0","0","","0","0","0","15","1","0","","1","0","40 00:50.760","","0","75 04:41.012","9","0","0","0","67301","0","0","0","N","0","0","0","2","67301","0","","1.0","","1","N","N","N","0","","0","0","0","3","3","","1543","2","0","0","0","0","0","1","2","1","2","0","0","0","3","04","","N","","","","","","","","","",""
"2020019049","2000","0","0","0","0","0","0","0","0","0","8","0","","67","2","2020","1","40.055587","-74.985006","1953","6","0","0","0","0","0","0","0","0","","0","0","0","19","3","1","","2","0","40 03:20.112","","0","74 59:06.020","8","0","0","0","67301","1","0","0","N","1","0","0","2","67301","0","","4.0","","1","N","N","N","0","","0","0","1","0","0","","1900","2","1","0","0","0","1","0","2","0","1","1","0","0","3","","","N","","","","","","","","","",""
"2020018810","0910","1","0","0","0","0","0","0","0","0","1","0","","67","2","2020","4","39.957717","-75.146456","0910","6","0","0","0","0","0","1","0","0","","0","0","0","9","1","0","N","0","0","39 57:27.780","","0","75 08:47.240","0","0","0","0","67301","0","0","0","N","0","0","0","3","67301","0","","1.0","","1","N","N","N","0","","0","0","1","3","2","","905","3","0","0","0","0","0","0","2","1","3","0","0","0","3","03","","N","","","","","","","","","",""
"2020064536","0635","1","0","0","0","0","0","0","0","0","7","0","","67","8","2020","3","40.024213","-75.130698","0630","6","0","0","1","0","0","0","0","0","","0","0","0","6","5","0","N","0","1","40 01:27.165","2","0","75 07:50.511","0","0","0","0","67301","0","0","0","N","0","0","0","1","67301","0","","3.0","100.0","1","N","N","N","0","","0","0","0","0","0","N","600","1","0","0","0","0","0","0","2","0","1","0","0","0","3","03","","N","","","","","","","","","",""
"2020024191","1117","1","0","0","0","0","0","0","0","0","6","0","","67","3","2020","3","40.0367","-75.158147","1116","6","0","0","0","0","0","0","0","0","","0","0","0","21","3","2","N","0","0","40 02:12.120","","0","75 09:29.330","3","0","0","0","67301","0","0","0","N","0","0","0","2","67301","0","","1.0","","9","N","N","N","0","","2","0","1","0","0","","2100","2","2","0","0","0","0","0","2","0","2","0","0","0","7","07","","N","","","","","","","","","",""
"2020066210","1510","1","0","0","0","0","0","0","0","0","1","0","","67","8","2020","1","40.01845","-75.167912","1500","6","0","0","0","0","0","0","0","0","","0","0","0","14","1","2","N","0","1","40 01:06.420","2","0","75 10:04.482","3","0","0","0","67301","0","0","0","N","0","0","0","4","67301","0","","1.0","1525.0","1","N","N","N","0","","2","0","1","0","0","N","1450","3","2","3","0","0","0","1","2","0","3","0","0","0","4","03","","N","","","","","","","","","",""
"2020024101","1632","3","0","0","0","0","0","0","0","0","4","0","","67","3","2020","6","39.950649","-75.247179","1630","6","0","0","0","0","1","0","0","0","","0","0","0","15","1","3","","1","0","39 57:02.336","","0","75 14:49.844","3","0","0","0","67301","0","0","0","N","0","0","0","4","67301","0","","1.0","","9","N","N","N","1","","3","0","0","3","3","","1529","4","3","0","0","0","0","0","2","0","4","0","0","0","7","04","","N","","","","","","","","","",""
"2020028510","2037","1","0","0","0","0","0","0","0","0","7","0","","67","2","2020","3","40.035808","-75.017136","2020","6","0","0","0","0","0","0","0","0","","0","0","0","20","3","0","N","0","0","40 02:08.910","","0","75 01:01.689","0","0","0","0","67301","0","0","0","N","0","0","0","1","68K01","0","","3.0","","1","N","N","N","0","","0","0","0","0","0","","2019","1","0","0","0","0","0","0","2","0","1","0","0","0","3","","","N","","","","","","","","","",""
"2020066571","1945","1","0","0","0","0","0","0","0","0","4","0","","67","8","2020","7","39.987191","-75.200001","1938","6","0","0","0","0","0","0","0","0","","1","0","0","19","1","0","N","0","1","39 59:13.887","3","7","75 12:00.002","1","1","0","1","67301","0","0","0","N","0","0","0","2","67301","0","2","1.0","2130.0","1","N","N","N","0","0","0","0","0","0","0","N","1937","2","0","0","0","0","0","0","2","0","2","0","0","0","3","03","","N","","","","","","","","","",""
"2020063906","1152","1","0","0","0","0","0","0","0","0","7","0","","67","8","2020","3","39.997055","-75.082248","1138","6","0","0","0","0","0","0","0","0","","0","0","0","11","1","1","N","0","0","39 59:49.398","","0","75 04:56.091","8","0","0","0","67301","0","0","0","N","0","0","0","1","68K01","0","","4.0","","9","N","N","N","0","","0","0","0","0","0","","1130","1","1","0","0","0","1","0","2","0","1","0","0","0","7","04","","N","","","","","","","","","",""
"2020034459","0847","0","0","0","0","0","0","0","0","0","7","1","","67","4","2020","2","39.957146","-75.144388","0835","6","0","0","0","0","0","1","0","0","","0","1","0","8","1","1","N","6","1","39 57:25.725","3","2","75 08:39.796","3","0","0","0","67301","0","0","0","N","0","0","0","1","68K01","0","","4.0","847.0","9","N","N","N","0","","1","0","0","0","0","N","831","1","1","0","0","0","0","0","2","0","1","0","0","0","7","","","N","","","","","","","","","",""
"2020024873","2149","1","0","0","0","0","0","0","0","0","4","0","","67","3","2020","4","39.948517","-75.20568","2149","6","0","0","0","0","0","2","0","0","","0","0","0","21","3","2","","1","0","39 56:54.661","","0","75 12:20.448","3","0","0","0","67301","0","0","0","N","0","0","0","2","67301","0","","1.0","","1","N","N","N","0","","2","0","1","3","3","","2148","2","2","0","0","0","0","0","2","0","2","0","0","0","3","03","","N","","","","","","","","","",""
"2020026350","0815","2","0","0","0","0","0","0","0","0","4","0","","67","3","2020","6","39.960201","-75.239103","0815","6","0","0","0","1","0","1","0","0","","0","0","0","8","8","0","","1","0","39 57:36.724","","0","75 14:20.772","0","0","0","0","67301","0","0","0","N","0","0","0","2","67301","0","","1.0","","9","N","N","N","0","","0","0","0","3","2","","810","2","0","2","0","0","0","0","2","0","2","0","0","0","7","04","","N","","","","","","","","","",""
"2020023671","2032","0","0","0","0","0","0","0","0","0","8","0","","67","3","2020","4","39.920235","-75.157175","2032","6","0","0","0","0","0","0","0","0","","0","0","0","19","3","1","","1","0","39 55:12.846","","0","75 09:25.830","4","0","0","0","67301","1","0","0","N","1","0","0","2","67301","1","","1.0","","1","N","N","N","0","","0","0","0","3","3","","1900","2","1","0","0","0","0","0","2","0","1","1","0","0","4","","","N","","","","","","","","","",""
"2020032313","1321","3","0","0","0","0","0","0","0","0","7","0","","67","3","2020","7","40.023573","-75.033973","1318","6","0","0","0","0","0","0","0","0","","0","0","0","13","1","0","N","0","0","40 01:24.862","","0","75 02:02.302","0","0","0","0","67301","0","0","0","N","0","0","0","6","68K01","0","","5.0","","1","N","N","N","0","","0","0","1","0","0","","1317","4","0","0","0","0","0","0","2","0","4","0","0","0","3","","","N","","","","","","","","","",""
"2020028050","1439","0","0","0","0","0","0","0","0","0","7","0","","67","3","2020","5","39.949261","-75.141743","1425","6","0","0","0","0","0","0","0","0","","0","0","0","14","1","0","N","0","0","39 56:57.338","","2","75 08:30.274","0","0","0","0","67301","0","0","0","N","0","0","0","1","68K01","0","","2.0","","1","N","N","N","0","","0","0","1","0","0","","1409","1","0","0","0","0","0","0","2","0","1","0","0","0","3","03","","N","","","","","","","","","",""
"2020025892","1735","2","0","0","0","0","0","0","0","0","5","0","","67","3","2020","5","40.080379","-75.027648","1733","6","0","0","0","0","1","1","0","0","","0","0","0","17","1","1","N","0","0","40 04:49.365","","0","75 01:39.533","3","0","0","0","67301","0","0","0","N","0","0","0","4","67301","0","","1.0","","1","N","N","N","1","","1","0","0","0","0","","1732","3","1","4","0","0","0","0","2","0","3","0","0","0","3","03","","N","","","","","","","","","",""
"2020027174","2025","2","0","0","0","0","0","0","0","0","4","0","","67","3","2020","5","39.954758","-75.236221","2024","6","0","0","0","0","0","1","0","0","","0","0","0","20","3","3","","1","0","39 57:17.128","","0","75 14:10.395","3","0","0","0","67301","0","0","0","N","0","0","0","4","67301","0","","1.0","","9","N","N","N","0","","3","0","1","3","2","","2020","4","3","0","0","0","0","0","2","1","4","0","0","0","3","","","N","","","","","","","","","",""
"2020065847","1645","0","0","0","0","0","0","0","0","0","5","1","","67","8","2020","3","40.026393","-75.097546","1640","6","0","0","0","0","0","0","0","0","","0","1","0","16","1","1","","1","0","40 01:35.013","","0","75 05:51.166","8","0","0","0","67301","0","0","0","N","0","0","0","2","67301","0","","1.0","","1","N","N","N","0","","0","0","1","3","2","","1630","2","1","0","0","0","1","0","2","0","2","0","0","0","3","03","","N","","","","","","","","","",""
"2020026214","0200","1","0","0","0","0","0","0","0","0","7","0","","67","3","2020","2","39.94417","-75.141964","0158","6","0","0","0","0","0","0","0","0","","0","0","0","1","3","0","","2","0","39 56:39.012","","0","75 08:31.072","0","0","0","0","67301","0","0","0","N","0","0","0","1","67301","0","","4.0","","1","N","N","N","0","","0","0","0","0","0","","152","1","0","0","0","0","0","0","2","0","1","0","0","0","3","03","","N","","","","","","","","","",""
"2020067195","1558","0","0","0","0","0","0","0","0","0","7","0","","67","8","2020","3","40.046226","-75.060353","1555","6","0","0","0","0","0","0","0","0","","1","0","0","15","1","0","N","0","0","40 02:46.414","","0","75 03:37.269","1","1","0","1","67301","0","0","0","N","0","0","0","1","67301","0","2","5.0","","1","N","N","N","0","0","0","0","0","0","0","","1533","1","0","0","0","0","0","0","2","0","1","0","0","0","8","04","","N","","","","","","","","","",""
"2020024193","2148","0","0","0","0","0","0","0","0","0","8","0","","67","3","2020","6","40.012425","-75.177303","2140","6","0","0","0","0","0","0","0","0","","0","0","0","21","3","1","","2","0","40 00:44.730","","0","75 10:38.290","3","0","0","0","67301","1","0","0","N","1","0","0","2","67301","0","","1.0","","9","N","N","N","0","","1","0","0","3","3","","2134","2","1","0","0","0","0","0","2","0","1","1","0","0","7","","","N","","","","","","","","","",""
"2020026559","1310","2","0","0","0","0","0","0","0","0","4","0","","67","3","2020","6","39.994954","-75.149691","1300","6","0","0","0","0","0","0","0","1","","0","0","0","12","1","3","","1","0","39 59:41.834","","0","75 08:58.887","3","0","0","0","67301","0","0","0","N","0","0","0","3","67301","1","","1.0","","1","N","N","N","0","","2","0","0","3","3","","1257","2","3","3","0","0","0","0","2","0","2","0","0","0","3","03","","N","","","","","","","","","",""
"2020026822","2246","3","0","0","0","0","0","0","0","0","1","0","50","67","3","2020","6","39.957659","-75.141324","2237","6","0","0","0","0","0","0","0","0","","0","0","0","22","3","1","N","0","1","39 57:27.571","2","0","75 08:28.766","3","0","0","0","67301","0","0","0","N","0","0","0","3","68K01","0","","1.0","2330.0","1","N","N","N","0","","1","0","0","0","0","N","2225","3","1","0","0","0","0","0","2","0","3","0","0","0","3","","N","Y","4","1","","","N","","","Y","","N"
"2020025257","2012","1","0","0","0","0","0","0","0","0","1","0","","67","3","2020","3","39.984694","-75.156612","2010","6","0","0","0","0","0","0","0","0","","0","0","0","20","3","1","","1","0","39 59:04.898","","0","75 09:23.804","3","0","0","0","67301","0","0","0","N","0","0","0","2","67505","0","","1.0","","1","N","N","N","0","","1","0","1","3","2","","2010","2","1","0","0","0","0","0","2","0","2","0","0","0","3","","","N","","","","","","","","","",""
"2020026495","1930","2","0","0","0","0","0","0","0","0","4","0","","67","3","2020","7","39.96924","-75.138335","1926","6","0","0","0","0","0","0","0","0","","0","0","0","19","3","0","N","0","0","39 58:09.263","","0","75 08:18.005","9","0","0","0","67301","0","0","0","N","0","0","0","2","67301","0","","1.0","","1","N","N","N","0","","0","0","0","0","0","","1924","2","0","0","0","0","0","2","2","0","2","0","0","0","3","03","","N","","","","","","","","","",""
"2020059511","1439","1","0","0","0","0","0","0","0","0","1","0","","67","7","2020","1","40.056616","-75.013154","1439","6","0","0","0","0","0","0","0","1","","0","0","0","9","1","1","","1","0","40 03:23.817","","0","75 00:47.353","3","0","0","0","67301","0","0","0","N","0","0","0","2","67301","0","","1.0","","1","N","N","N","0","","1","0","0","9","2","","930","2","1","0","0","0","0","1","2","0","2","0","0","0","3","03","","N","","","","","","","","","",""
"2020012909","1802","1","0","0","0","0","0","0","0","0","4","0","","67","1","2020","4","40.029788","-75.060109","1801","6","0","0","0","0","0","0","0","0","","0","0","0","18","3","1","","1","0","40 01:47.237","","0","75 03:36.393","3","0","0","0","67301","0","0","0","N","0","0","0","6","67301","0","","1.0","","1","N","N","N","0","","1","0","0","3","2","","1801","2","1","0","0","0","0","0","2","1","2","0","0","0","3","03","","N","","","","","","","","","",""
"2020063432","1310","1","0","0","0","0","0","0","0","0","8","0","","67","8","2020","7","39.977419","-75.16948","1310","6","0","0","0","0","0","0","0","0","","0","0","0","13","1","1","N","0","1","39 58:38.709","6","0","75 10:10.128","8","0","0","0","67301","1","0","0","N","1","0","0","2","67301","0","","1.0","1420.0","1","N","N","N","0","","0","0","0","0","0","Y","1308","2","1","0","0","0","1","0","2","0","1","1","0","0","4","04","","N","","","","","","","","","",""
"2020026554","0301","1","0","0","0","0","0","0","0","0","7","0","","67","3","2020","1","39.94775","-75.231948","0259","6","0","0","0","0","0","0","0","0","","0","0","0","2","3","0","N","0","0","39 56:51.899","","0","75 13:55.012","0","0","0","0","67301","0","0","0","N","0","0","0","1","67301","0","","4.0","","9","N","N","N","0","","0","0","0","0","0","","255","1","0","0","0","0","0","0","2","0","1","0","0","0","7","07","","N","","","","","","","","","",""
"2020025306","0849","0","0","0","0","0","0","0","0","0","5","0","","67","3","2020","2","40.029488","-75.089253","0849","6","0","0","0","0","0","1","0","0","","0","0","0","8","1","1","N","0","0","40 01:46.157","","6","75 05:21.309","4","0","0","0","67301","0","0","0","N","0","0","0","2","67301","1","","1.0","","1","N","N","N","1","","0","0","1","0","0","","849","2","1","0","0","0","0","0","2","0","2","0","0","0","3","03","","N","","","","","","","","","",""
"2020026677","0020","2","0","0","0","0","0","0","0","0","1","0","","67","3","2020","7","40.044413","-75.143452","2307","6","0","0","0","0","0","0","0","0","","0","0","0","23","3","0","","1","0","40 02:39.888","","0","75 08:36.428","9","0","0","0","67301","0","0","0","N","0","0","0","3","67301","0","","1.0","","9","N","N","N","0","","0","0","0","3","2","","2300","2","0","0","0","0","0","1","2","0","2","0","0","0","7","","","N","","","","","","","","","",""
"2020051690","1315","1","0","0","0","0","0","1","0","0","4","1","","67","6","2020","6","40.011138","-75.153322","1300","6","0","0","0","0","0","1","0","0","","0","0","0","99","1","3","","1","0","40 00:40.096","","0","75 09:11.959","8","0","0","0","67301","0","0","0","N","0","0","0","3","67508","0","","1.0","","1","N","N","N","0","","0","0","0","3","3","","9999","2","3","0","0","0","3","0","2","0","2","0","0","0","3","","","N","","","","","","","","","",""
"2020059348","0310","0","0","0","0","0","0","0","0","0","0","0","","67","7","2020","1","40.002243","-75.194491","0310","6","0","0","0","0","0","0","0","0","","0","0","0","2","3","1","N","0","0","40 00:08.074","","0","75 11:40.169","2","0","1","1","67301","0","0","0","N","0","0","0","1","68K01","0","","1.0","","1","N","N","N","0","","0","1","0","0","0","","251","2","1","0","0","0","0","0","2","0","1","0","0","0","3","","","N","","","","","","","","","",""
"2020009777","1138","1","0","0","0","0","0","0","0","0","7","0","","67","1","2020","7","40.085494","-74.96949","1129","6","0","0","0","0","0","0","0","0","","0","0","0","11","1","0","N","0","0","40 05:07.777","","0","74 58:10.164","0","0","0","0","67301","0","0","0","N","0","0","0","1","67301","0","","2.0","","9","N","N","N","0","","0","0","0","0","0","","1125","1","0","0","0","0","0","0","2","0","1","0","0","0","7","07","","N","","","","","","","","","",""
"2020051745","2107","1","0","0","0","0","0","0","0","0","8","0","","67","6","2020","5","39.92992","-75.144444","2105","6","0","0","0","0","0","0","0","0","","1","0","0","20","3","1","","2","0","39 55:47.711","","0","75 08:40.000","1","0","0","0","67301","1","1","0","N","1","1","0","2","67301","0","2","1.0","","1","N","N","N","0","0","1","0","0","3","2","","2055","2","1","0","0","0","0","0","2","0","1","1","1","0","3","03","","N","","","","","","","","","",""
"2020013234","1307","3","0","0","0","0","0","0","0","0","2","0","","67","2","2020","7","40.020461","-75.136622","1307","6","0","0","0","0","0","0","0","0","","0","0","0","13","1","0","N","0","0","40 01:13.660","","0","75 08:11.840","0","0","0","0","67301","0","0","0","N","0","0","0","1","67301","0","","1.0","","1","N","N","N","0","","0","0","1","0","0","","1307","4","0","0","0","0","0","0","2","0","4","0","0","0","3","03","","N","","","","","","","","","",""
"2020008756","2105","1","0","0","1","0","0","0","0","0","8","0","","67","1","2020","3","40.001808","-75.154545","2059","6","0","0","0","0","0","0","0","0","","0","0","0","18","3","1","","1","0","40 00:06.508","","0","75 09:16.363","3","0","0","0","67301","1","0","0","N","0","0","0","2","67301","0","","1.0","","1","N","N","N","0","","1","0","0","3","2","","1832","2","1","0","0","0","0","0","2","0","1","1","0","0","3","","","N","","","","","","","","","",""
"2020011101","1345","2","0","0","0","0","0","0","0","0","4","0","","67","1","2020","7","40.024052","-75.165223","1345","6","0","0","0","0","1","0","0","0","","0","0","0","13","1","2","","2","2","40 01:26.587","2","0","75 09:54.803","3","0","0","0","67301","0","0","0","N","0","0","0","3","67301","0","","1.0","1430.0","9","N","N","Y","0","","2","0","1","3","3","Y","1345","3","2","0","0","0","0","0","2","0","3","0","0","0","7","","","N","","","","","","","","","",""