"CRN","ARRIVAL_TM","AUTOMOBILE_COUNT","BELTED_DEATH_COUNT","BELTED_SUSP_SERIOUS_INJ_COUNT","BICYCLE_COUNT","BICYCLE_DEATH_COUNT","BICYCLE_SUSP_SERIOUS_INJ_COUNT","BUS_COUNT","CHLDPAS_DEATH_COUNT","CHLDPAS_SUSP_SERIOUS_INJ_COUNT","COLLISION_TYPE","COMM_VEH_COUNT","CONS_ZONE_SPD_LIM","COUNTY","CRASH_MONTH","CRASH_YEAR","DAY_OF_WEEK","DEC_LATITUDE","DEC_LONGITUDE","DISPATCH_TM","DISTRICT","DRIVER_COUNT_16YR","DRIVER_COUNT_17YR","DRIVER_COUNT_18YR","DRIVER_COUNT_19YR","DRIVER_COUNT_20YR","DRIVER_COUNT_50_64YR","DRIVER_COUNT_65_74YR","DRIVER_COUNT_75PLUS","EST_HRS_CLOSED","FATAL_COUNT","HEAVY_TRUCK_COUNT","HORSE_BUGGY_COUNT","HOUR_OF_DAY","ILLUMINATION","INJURY_COUNT","INTERSECTION_RELATED","INTERSECT_TYPE","LANE_CLOSED","LATITUDE","LN_CLOSE_DIR","LOCATION_TYPE","LONGITUDE","MAX_SEVERITY_LEVEL","MCYCLE_DEATH_COUNT","MCYCLE_SUSP_SERIOUS_INJ_COUNT","MOTORCYCLE_COUNT","MUNICIPALITY","NONMOTR_COUNT","NONMOTR_DEATH_COUNT","NONMOTR_SUSP_SERIOUS_INJ_COUNT","NTFY_HIWY_MAINT","PED_COUNT","PED_DEATH_COUNT","PED_SUSP_SERIOUS_INJ_COUNT","PERSON_COUNT","POLICE_AGCY","POSSIBLE_INJ_COUNT","RDWY_SURF_TYPE_CD","RELATION_TO_ROAD","ROADWAY_CLEARED","ROAD_CONDITION","SCH_BUS_IND","SCH_ZONE_IND","SECONDARY_CRASH","SMALL_TRUCK_COUNT","SPEC_JURIS_CD","SUSP_MINOR_INJ_COUNT","SUSP_SERIOUS_INJ_COUNT","SUV_COUNT","TCD_FUNC_CD","TCD_TYPE","TFC_DETOUR_IND","TIME_OF_DAY","TOTAL_UNITS","TOT_INJ_COUNT","UNBELTED_OCC_COUNT","UNB_DEATH_COUNT","UNB_SUSP_SERIOUS_INJ_COUNT","UNK_INJ_DEG_COUNT","UNK_INJ_PER_COUNT","URBAN_RURAL","VAN_COUNT","VEHICLE_COUNT","VULNERABLE_ROAD_USER_COUNT","VULNERABLE_ROAD_USER_DEATH_COUNT","VULNERABLE_ROAD_USER_SER_INJ_COUNT","WEATHER1","WEATHER2","WORKERS_PRES","WORK_ZONE_IND","WORK_ZONE_LOC","WORK_ZONE_TYPE","WZ_CLOSE_DETOUR","WZ_FLAGGER","WZ_LAW_OFFCR_IND","WZ_LN_CLOSURE","WZ_MOVING","WZ_OTHER","WZ_SHLDER_MDN","WZ_WORKERS_INJ_KILLED"
"2020010065","1125","2","0","0","0","0","0","0","0","0","4","0","","67","1","2020","3","40.054746","-75.151295","1125","6","0","0","0","0","0","0","2","0","","0","0","0","11","1","1","","1","0","40 03:17.085","","0","75 09:04.662","3","0","0","0","67301","0","0","0","N","0","0","0","3","67301","0","","1.0","","1","N","N","N","1","","1","0","0","3","3","","1101","3","1","0","0","0","0","0","2","0","3","0","0","0","3","03","","N","","","","","","","","","",""
"2020059390","2344","2","0","0","0","0","0","0","0","0","5","0","","67","7","2020","5","40.02288","-75.035525","2329","6","0","0","0","1","0","0","0","0","","0","0","0","23","3","0","N","0","0","40 01:22.368","","0","75 02:07.890","9","0","0","0","67301","0","0","0","N","0","0","0","2","68K01","0","","1.0","","9","N","N","N","0","","0","0","0","0","0","","2319","2","0","0","0","0","0","1","2","0","2","0","0","0","7","","","N","","","","","","","","","",""
"2020052052","1200","1","0","0","0","0","0","0","0","0","1","0","","67","6","2020","5","39.944618","-75.191326","1155","6","0","0","0","0","0","0","0","0","","0","0","0","11","1","1","N","6","1","39 56:40.625","4","2","75 11:28.773","3","0","0","0","67301","0","0","0","N","0","0","0","4","68K01","0","","1.0","1205.0","1","N","N","N","0","","1","0","1","0","0","N","1149","2","1","0","0","0","0","0","2","0","2","0","0","0","3","03","","N","","","","","","","","","",""
"2020006279","0821","0","0","0","0","0","0","0","0","0","6","0","","67","1","2020","2","39.935939","-75.219625","0800","6","0","0","0","0","0","0","0","0","","0","0","0","7","1","1","Y","0","0","39 56:09.380","","0","75 13:10.650","3","0","0","0","67301","0","0","0","N","0","0","0","2","67301","0","","1.0","","1","N","N","N","0","","1","0","1","0","0","","739","2","1","0","0","0","0","0","2","1","2","0","0","0","3","","","N","","","","","","","","","",""
"2020014383","2020","2","0","0","0","0","0","0","0","0","8","0","","67","1","2020","4","40.038826","-75.143636","2020","6","0","0","0","0","0","0","0","0","","0","0","0","19","3","1","","1","0","40 02:19.772","","0","75 08:37.091","3","0","0","0","67301","1","0","0","N","1","0","0","4","67301","0","","1.0","","1","N","N","N","0","","1","0","1","3","2","","1955","4","1","0","0","0","0","2","2","0","3","1","0","0","3","03","","N","","","","","","","","","",""
"2020004792","0745","0","0","0","0","0","0","0","0","0","5","0","","67","1","2020","3","40.057961","-75.042651","0739","6","0","0","0","0","0","0","0","0","","0","0","0","7","1","0","N","0","2","40 03:28.659","3","0","75 02:33.544","0","0","0","0","67301","0","0","0","N","0","0","0","1","67301","0","","6.0","850.0","1","N","N","N","0","","0","0","2","0","0","Y","739","2","0","0","0","0","0","0","2","0","2","0","0","0","4","04","","N","","","","","","","","","",""
"2020006453","2340","1","0","0","0","0","0","0","0","0","8","0","","67","1","2020","6","40.059737","-75.140162","2334","6","0","0","0","0","0","0","0","0","","0","0","0","20","3","1","","1","0","40 03:35.053","","0","75 08:24.583","3","0","0","0","67301","1","0","0","N","1","0","0","2","67301","0","","1.0","","99","N","N","N","0","","1","0","0","3","2","","2015","2","1","0","0","0","0","0","2","0","1","1","0","0","99","03","","N","","","","","","","","","",""
"2020014545","1229","2","0","0","0","0","0","0","0","0","7","0","55","67","1","2020","1","39.973234","-75.120001","1224","6","0","0","0","1","0","0","0","0","","0","0","0","12","1","0","N","0","2","39 58:23.643","1","0","75 07:12.004","0","0","0","0","67301","0","0","0","N","0","0","0","2","68K01","0","","4.0","30.0","1","N","N","N","0","","0","0","0","0","0","Y","1213","2","0","0","0","0","0","0","2","0","2","0","0","0","3","03","U","Y","4","1","","","N","","","Y","","N"
"2020020071","1827","1","0","0","0","0","0","0","0","0","8","0","","67","2","2020","7","39.946054","-75.216496","1825","6","0","0","0","0","0","0","0","0","","0","0","0","18","3","2","","1","0","39 56:45.794","","0","75 12:59.385","3","0","0","0","67301","2","0","0","N","2","0","0","6","67301","0","","1.0","","1","N","N","N","0","","2","0","0","3","3","","1824","3","2","0","0","0","0","0","2","0","1","2","0","0","3","03","","N","","","","","","","","","",""
"2020006447","2230","0","0","0","0","0","0","0","0","0","4","0","","67","1","2020","6","40.028641","-75.205652","2215","6","0","0","0","0","0","0","0","0","","0","0","0","22","3","1","","1","0","40 01:43.107","","0","75 12:20.348","4","0","0","0","67301","0","0","0","N","0","0","0","2","67301","1","","1.0","","1","N","N","N","0","","0","0","2","9","9","","2210","2","1","0","0","0","0","0","2","0","2","0","0","0","99","","","N","","","","","","","","","",""
"2020009956","0130","1","0","0","0","0","0","0","0","0","8","0","","67","1","2020","1","39.992959","-75.179464","0127","6","0","0","0","0","0","0","0","0","","0","0","0","1","3","1","N","0","0","39 59:34.652","","0","75 10:46.069","2","0","0","0","67301","1","0","1","N","1","0","1","2","67301","0","","1.0","","1","N","N","N","0","","0","1","0","0","0","","120","2","1","1","0","0","0","0","2","0","1","1","0","1","3","03","","N","","","","","","","","","",""
"2020009857","1236","0","0","0","0","0","0","0","0","0","4","0","","67","1","2020","7","40.111198","-75.024348","1233","6","0","0","0","0","0","0","0","0","","0","0","0","12","1","1","","1","1","40 06:40.311","2","0","75 01:27.652","8","0","0","0","67301","0","0","0","N","0","0","0","3","67301","0","","1.0","1300.0","9","N","N","Y","0","","0","0","2","3","2","N","1230","2","1","0","0","0","1","0","2","0","2","0","0","0","7","","","N","","","","","","","","","",""
"2020004118","1920","1","0","0","0","0","0","0","0","0","4","0","","67","1","2020","7","40.03145","-75.154773","1912","6","0","0","0","0","0","0","0","0","","0","0","0","18","3","3","","1","0","40 01:53.219","","0","75 09:17.182","3","0","0","0","67301","0","0","0","N","0","0","0","6","67301","0","","1.0","","1","N","N","N","0","","3","0","1","3","2","","1850","2","3","0","0","0","0","0","2","0","2","0","0","0","4","","","N","","","","","","","","","",""
"2020003776","1806","4","0","0","0","0","0","0","0","0","5","0","","67","1","2020","6","40.001916","-75.155392","1806","6","0","0","0","0","0","1","0","0","","0","0","0","18","3","0","N","0","0","40 00:06.897","","0","75 09:19.412","0","0","0","0","67301","0","0","0","N","0","0","0","4","67301","0","","1.0","","1","N","N","N","0","","0","0","2","3","2","","1806","6","0","0","0","0","0","0","2","0","6","0","0","0","3","03","","N","","","","","","","","","",""
"2020016584","0130","1","0","0","0","0","0","0","0","0","7","0","","67","1","2020","3","39.911424","-75.149374","0126","6","0","0","0","1","0","0","0","0","","0","0","0","1","3","0","N","0","1","39 54:41.125","2","8","75 08:57.747","0","0","0","0","67301","0","0","0","N","0","0","0","2","68K01","0","","2.0","150.0","1","N","N","N","0","","0","0","0","0","0","N","125","1","0","0","0","0","0","0","2","0","1","0","0","0","3","03","","N","","","","","","","","","",""
"2020012894","0212","1","0","0","0","0","0","0","0","0","1","0","","67","1","2020","6","39.919933","-75.222767","0212","6","0","0","0","0","0","1","0","0","","0","0","0","1","3","1","","1","0","39 55:11.759","","0","75 13:21.960","3","0","0","0","67301","0","0","0","N","0","0","0","3","67301","0","","1.0","","1","N","N","N","0","","1","0","0","3","2","","138","2","1","0","0","0","0","0","2","0","2","0","0","0","3","03","","N","","","","","","","","","",""
"2020050910","1600","1","0","0","0","0","0","0","0","0","4","1","","67","6","2020","1","40.012329","-75.13865","1542","6","0","0","0","0","0","0","1","0","","0","1","0","15","1","2","","1","2","40 00:44.384","7","0","75 08:19.139","3","0","0","0","67301","0","0","0","N","0","0","0","5","67301","0","","1.0","1645.0","1","N","N","N","1","","2","0","2","3","3","Y","1535","5","2","1","0","0","0","0","2","0","5","0","0","0","3","","","N","","","","","","","","","",""
"2020054132","1413","0","0","0","0","0","0","0","0","0","5","0","","67","7","2020","5","39.886226","-75.218042","1413","6","0","0","0","0","0","0","0","0","","0","0","0","12","1","1","","6","0","39 53:10.412","","0","75 13:04.950","8","0","0","1","67301","0","0","0","N","0","0","0","1","67301","0","","9.0","","1","N","N","N","0","","0","0","0","9","2","","1230","2","1","0","0","0","1","0","2","0","2","0","0","0","3","03","","N","","","","","","","","","",""
"2020012905","2022","1","0","0","0","0","0","0","0","0","4","0","","67","1","2020","7","40.03088","-75.085555","2021","6","0","0","0","0","0","0","0","0","","0","0","0","20","3","0","","2","0","40 01:51.169","","0","75 05:07.997","0","0","0","0","67301","0","0","0","N","0","0","0","2","67301","0","","1.0","","1","N","N","N","0","","0","0","1","3","2","","2020","2","0","0","0","0","0","0","2","0","2","0","0","0","3","03","","N","","","","","","","","","",""
"2020007100","1246","3","0","0","0","0","0","0","0","0","5","0","","67","1","2020","7","40.050289","-75.177797","1246","6","0","0","0","0","0","0","0","0","","0","0","0","12","1","0","N","0","0","40 03:01.040","","0","75 10:40.070","0","0","0","0","67301","0","0","0","N","0","0","0","1","67301","0","","6.0","","7","N","N","N","0","","0","0","0","0","0","","1246","3","0","0","0","0","0","0","2","0","3","0","0","0","10","06","","N","","","","","","","","","",""
"2020098001","1902","1","0","0","0","0","0","0","0","0","8","0","","67","11","2020","2","40.050305","-75.0515","1859","6","0","0","0","0","0","0","0","0","","1","0","0","18","3","1","N","0","2","40 03:01.097","2","0","75 03:05.400","1","0","0","0","67301","1","1","0","N","1","1","0","3","67301","0","2","1.0","2300.0","1","N","N","N","0","0","1","0","1","0","0","Y","1855","3","1","0","0","0","0","1","2","0","2","1","1","0","3","03","","N","","","","","","","","","",""
"2020051370","2055","0","0","0","0","0","0","0","0","0","5","0","","67","6","2020","7","39.968533","-75.233836","2050","6","0","0","0","0","0","0","0","0","","0","0","0","20","3","0","N","0","0","39 58:06.720","","0","75 14:01.810","0","0","0","0","67301","0","0","0","N","0","0","0","1","67301","0","","1.0","","1","N","N","N","0","","0","0","1","0","0","","2045","2","0","0","0","0","0","0","2","0","2","0","0","0","3","03","","N","","","","","","","","","",""
"2020012673","1009","1","0","0","0","0","0","0","0","0","8","0","","67","2","2020","1","39.993931","-75.154462","1009","6","0","0","0","0","0","0","1","0","","0","0","0","9","1","1","","1","0","39 59:38.150","","0","75 09:16.063","4","0","0","0","67301","1","0","0","N","1","0","0","2","67301","1","","1.0","","1","N","N","N","0","","0","0","0","3","2","","940","2","1","0","0","0","0","0","2","0","1","1","0","0","4","","","N","","","","","","","","","",""
"2020092311","1135","1","0","0","0","0","0","0","0","0","4","0","","67","10","2020","6","39.925063","-75.175047","1128","6","0","0","0","1","0","0","0","0","","0","0","0","10","1","0","","2","1","39 55:30.226","4","0","75 10:30.169","0","0","0","0","67301","0","0","0","N","0","0","0","2","67301","0","","1.0","1212.0","9","N","N","N","0","","0","0","1","0","0","N","1030","2","0","0","0","0","0","0","2","0","2","0","0","0","7","07","","N","","","","","","","","","",""
"2020052318","2145","1","0","0","0","0","0","0","0","0","7","0","","67","7","2020","7","39.983059","-75.156847","2145","6","0","0","0","0","0","0","0","0","","0","0","0","21","3","0","N","0","0","39 58:59.012","","0","75 09:24.650","0","0","0","0","67301","0","0","0","N","0","0","0","1","67505","0","","4.0","","1","N","N","N","0","","0","0","0","0","0","","2145","1","0","0","0","0","0","0","2","0","1","0","0","0","3","03","","N","","","","","","","","","",""
"2020064426","1646","2","0","0","0","0","0","0","0","0","5","0","","67","7","2020","6","39.87906","-75.248878","1646","6","0","0","0","0","0","0","1","0","","0","0","0","15","1","0","N","0","0","39 52:44.617","","0","75 14:55.962","0","0","0","0","67301","0","0","0","N","0","0","0","2","68K02","0","","2.0","","9","N","N","N","0","","0","0","0","0","0","","1545","2","0","0","0","0","0","0","2","0","2","0","0","0","7","","","N","","","","","","","","","",""
"2020084715","1905","1","0","0","0","0","0","0","0","0","8","0","","67","10","2020","6","39.978516","-75.126772","1858","6","0","0","0","0","0","0","0","0","","0","0","0","18","3","1","","1","0","39 58:42.656","","0","75 07:36.380","8","0","0","0","67301","1","0","0","N","1","0","0","2","67301","0","","1.0","","1","N","N","N","0","","0","0","0","3","3","","1855","2","1","0","0","0","1","1","2","0","1","1","0","0","3","","","N","","","","","","","","","",""
"2020096599","1134","1","0","0","0","0","0","0","0","0","7","0","","67","10","2020","7","39.992919","-75.217666","1128","6","0","0","0","1","0","0","0","0","","2","0","0","11","1","0","","5","2","39 59:34.507","5","0","75 13:03.597","1","0","0","0","67301","0","0","0","N","0","0","0","2","67301","0","2","4.0","1135.0","1","N","N","N","0","0","0","0","0","3","2","Y","1126","1","0","0","0","0","0","0","2","0","1","0","0","0","3","03","","N","","","","","","","","","",""
"2020012898","0516","2","0","2","0","0","0","0","0","0","4","0","","67","2","2020","1","39.918979","-75.228775","0514","6","0","0","0","1","0","0","0","0","","0","0","0","5","3","2","","1","1","39 55:08.324","6","0","75 13:43.590","2","0","0","0","67301","0","0","0","N","0","0","0","2","67301","0","","1.0","100.0","9","N","N","N","0","","0","2","0","3","3","N","510","2","2","0","0","0","0","0","2","0","2","0","0","0","3","03","","N","","","","","","","","","",""
"2020093435","1010","1","0","0","0","0","0","0","0","0","8","0","","67","11","2020","4","39.993966","-75.179244","1009","6","0","0","0","0","0","0","0","0","","0","0","0","10","1","1","","1","0","39 59:38.277","","0","75 10:45.278","8","0","0","0","67301","1","0","0","N","1","0","0","2","67301","0","","1.0","","1","N","N","N","0","","0","0","0","3","2","","1009","2","1","0","0","0","1","0","2","0","1","1","0","0","3","03","","N","","","","","","","","","",""
"2020054009","0036","3","0","0","0","0","0","0","0","0","5","0","","67","7","2020","5","39.99135","-75.115547","0031","6","0","0","0","0","0","0","0","0","","0","0","0","0","3","1","N","0","0","39 59:28.860","","0","75 06:55.970","3","0","0","0","67301","0","0","0","N","0","0","0","1","67301","0","","6.0","","1","N","N","N","0","","1","0","1","0","0","","18","4","1","0","0","0","0","0","2","0","4","0","0","0","3","03","","N","","","","","","","","","",""
"2020054006","1729","2","0","0","0","0","0","0","0","0","4","0","","67","7","2020","5","39.987643","-75.18392","1729","6","0","0","0","0","0","0","0","0","","0","0","0","17","1","0","","1","0","39 59:15.514","","0","75 11:02.112","9","0","0","0","67301","0","0","0","N","0","0","0","2","67301","0","","1.0","","1","N","N","N","0","","0","0","1","3","3","","1720","3","0","2","0","0","0","2","2","0","3","0","0","0","3","03","","N","","","","","","","","","",""
"2020097836","0027","2","0","0","0","0","0","0","0","0","4","0","","67","11","2020","7","40.016334","-75.061818","0023","6","0","0","1","0","0","0","0","0","","0","0","0","0","3","0","","1","0","40 00:58.803","","0","75 03:42.545","0","0","0","0","67301","0","0","0","N","0","0","0","2","67301","0","","1.0","","1","N","N","N","0","","0","0","0","3","2","","17","2","0","0","0","0","0","0","2","0","2","0","0","0","3","03","","N","","","","","","","","","",""
"2020051987","2045","1","0","0","1","0","0","0","0","0","8","0","","67","6","2020","1","39.9484","-75.159058","2045","6","0","0","0","0","0","0","0","0","","0","0","0","20","4","1","N","0","0","39 56:54.240","","0","75 09:32.610","3","0","0","0","67301","1","0","0","N","0","0","0","2","67301","0","","1.0","","1","N","N","N","0","","1","0","0","0","0","","2043","2","1","0","0","0","0","0","2","0","1","1","0","0","3","03","","N","","","","","","","","","",""
"2020089965","2057","1","0","0","0","0","0","0","0","0","1","0","","67","10","2020","1","39.944618","-75.191326","2047","6","0","0","0","0","0","1","0","0","","0","0","0","20","1","0","N","7","2","39 56:40.625","4","0","75 11:28.773","0","0","0","0","67301","0","0","0","N","0","0","0","5","68K01","0","","1.0","30.0","1","N","N","N","0","","0","0","2","0","0","Y","2046","3","0","0","0","0","0","0","2","0","3","0","0","0","3","03","","N","","","","","","","","","",""
"2020054011","1355","0","0","0","0","0","0","0","0","0","1","0","","67","7","2020","5","39.996864","-75.1166","1350","6","0","0","0","0","0","0","0","1","","0","0","0","13","1","1","N","0","0","39 59:48.709","","0","75 06:59.759","8","0","0","0","67301","0","0","0","N","0","0","0","3","67301","0","","1.0","","1","N","N","Y","1","","0","0","1","0","0","","1350","3","1","2","0","0","1","0","2","0","3","0","0","0","3","03","","N","","","","","","","","","",""
"2020098018","0650","2","0","0","0","0","0","0","0","0","5","1","","67","11","2020","1","40.0245","-75.176178","0643","6","0","0","0","0","0","0","0","0","","0","1","0","6","1","0","N","0","2","40 01:28.200","3","0","75 10:34.240","0","0","0","0","67301","0","0","0","N","0","0","0","1","67301","0","","6.0","1008.0","1","N","N","N","0","","0","0","1","0","0","Y","642","4","0","0","0","0","0","0","2","0","4","0","0","0","3","03","","N","","","","","","","","","",""
"2020097722","2310","2","0","0","0","0","0","0","0","0","1","0","","67","10","2020","7","39.939621","-75.143212","2310","6","0","0","0","0","0","0","0","0","","0","0","0","23","3","3","N","0","1","39 56:22.637","1","0","75 08:35.564","3","0","0","0","67301","0","0","0","N","0","0","0","4","68K01","0","","1.0","10.0","1","N","N","N","0","","3","0","0","0","0","N","2309","2","3","0","0","0","0","0","2","0","2","0","0","0","3","","","N","","","","","","","","","",""
"2020096953","","1","0","0","0","0","0","0","0","0","1","0","","67","1","2020","3","40.046528","-75.158306","","6","0","0","0","0","0","0","0","0","","0","0","0","8","1","1","Y","0","0","40 02:47.500","","0","75 09:29.900","8","0","0","0","67301","0","0","0","N","0","0","0","2","00000","0","","1.0","","1","","","N","0","","0","0","1","3","3","","800","2","1","0","0","0","1","0","2","0","2","0","0","0","3","","","N","","","","","","","","","",""
"2020054014","1843","0","0","0","0","0","0","0","0","0","4","0","","67","7","2020","3","40.001993","-75.119321","1836","6","0","0","0","0","0","1","0","0","","0","0","0","16","1","0","","2","0","40 00:07.174","","0","75 07:09.555","0","0","0","0","67301","0","0","0","N","0","0","0","2","67301","0","","1.0","","1","N","N","N","1","","0","0","1","0","0","","1632","2","0","0","0","0","0","0","2","0","2","0","0","0","3","03","","N","","","","","","","","","",""
"2020050909","1001","0","0","0","0","0","0","0","0","0","7","0","","67","6","2020","4","39.997611","-75.205056","1000","6","0","0","0","0","0","0","0","0","","0","0","0","1","3","1","N","0","0","39 59:51.400","","0","75 12:18.200","3","0","0","0","67301","0","0","0","N","0","0","0","1","67301","0","","4.0","","1","N","N","N","0","","1","0","1","0","0","","100","1","1","0","0","0","0","0","2","0","1","0","0","0","3","03","","N","","","","","","","","","",""
"2020091764","1910","0","0","0","0","0","0","1","0","0","4","1","","67","10","2020","7","39.978799","-75.210105","1900","6","0","0","0","0","0","0","0","0","","0","0","0","19","3","1","N","2","0","39 58:43.676","","0","75 12:36.377","8","0","0","1","67301","0","0","0","N","0","0","0","2","67508","0","","1.0","","1","N","N","Y","0","","0","0","0","3","3","","1900","2","1","0","0","0","1","0","2","0","2","0","0","0","3","03","","N","","","","","","","","","",""
"2020093219","2110","0","0","0","0","0","0","0","0","0","8","0","","67","11","2020","3","40.026739","-75.053761","2104","6","0","0","0","0","0","1","0","0","","0","0","0","16","1","1","N","0","0","40 01:36.260","","0","75 03:13.540","3","0","0","0","67301","1","0","0","N","1","0","0","2","67301","0","","1.0","","1","N","N","N","0","","1","0","1","0","0","","1618","2","1","0","0","0","0","0","2","0","1","1","0","0","3","","","N","","","","","","","","","",""
"2020048708","1121","1","0","0","0","0","0","0","0","0","4","0","","67","6","2020","7","39.91545","-75.164636","1106","6","0","0","0","0","0","1","0","0","","0","0","0","11","1","0","N","0","0","39 54:55.620","","0","75 09:52.690","0","0","0","0","67301","0","0","0","N","0","0","0","2","67301","0","","1.0","","1","N","N","N","0","","0","0","1","0","0","","1106","2","0","0","0","0","0","0","2","0","2","0","0","0","3","03","","N","","","","","","","","","",""
"2020045408","2035","2","0","0","0","0","0","0","0","0","4","0","","67","6","2020","4","39.985648","-75.163738","2030","6","0","0","0","0","0","0","0","0","","0","0","0","20","4","1","","2","0","39 59:08.333","","0","75 09:49.457","3","0","0","0","67301","0","0","0","N","0","0","0","2","67505","0","","1.0","","1","N","N","N","0","","1","0","0","3","3","","2030","2","1","0","0","0","0","1","2","0","2","0","0","0","3","03","","N","","","","","","","","","",""
"2020048528","0410","0","0","0","0","0","0","0","0","0","7","0","","67","6","2020","1","39.973833","-75.206444","0401","6","0","0","0","0","0","0","0","0","","0","0","0","3","3","0","","1","0","39 58:25.797","","0","75 12:23.198","0","0","0","0","67301","0","0","0","N","0","0","0","1","67301","0","","3.0","","1","N","N","N","0","","0","0","1","3","2","","300","1","0","0","0","0","0","0","2","0","1","0","0","0","3","","","N","","","","","","","","","",""
"2020049118","1958","2","0","0","0","0","0","0","0","0","5","0","","67","6","2020","2","39.923244","-75.151378","1958","6","0","0","0","0","0","0","0","0","","0","0","0","19","1","1","N","0","2","39 55:23.680","4","0","75 09:04.960","8","0","0","0","67301","0","0","0","N","0","0","0","2","67301","0","","6.0","2100.0","1","N","N","N","0","","0","0","1","0","0","Y","1935","3","1","0","0","0","1","0","2","0","3","0","0","0","3","","","N","","","","","","","","","",""
"2020092349","1441","3","0","0","0","0","0","0","0","0","4","1","","67","10","2020","5","39.962","-75.240746","1440","6","0","0","0","0","0","0","0","0","","0","1","0","14","1","3","","1","0","39 57:43.201","","1","75 14:26.686","3","0","0","0","67301","0","0","0","N","0","0","0","6","67301","1","","1.0","","9","N","N","N","0","","2","0","0","3","2","","1421","4","3","0","0","0","0","2","2","0","4","0","0","0","7","07","","N","","","","","","","","","",""
"2020099986","1557","0","0","0","0","0","0","0","0","0","8","0","","67","11","2020","6","39.955616","-75.214654","1552","6","0","0","0","0","0","0","0","1","","1","0","0","15","1","0","N","1","2","39 57:20.217","7","0","75 12:52.754","1","0","0","0","67301","1","1","0","N","1","1","0","3","67301","0","2","1.0","1800.0","1","N","N","N","0","0","0","0","1","3","2","Y","1542","2","0","1","0","0","0","0","2","0","1","1","1","0","3","03","","N","","","","","","","","","",""
"2020062690","1725","1","0","0","1","0","0","0","0","0","8","0","","67","8","2020","2","39.926711","-75.225994","1705","6","0","0","0","0","0","0","0","0","","0","0","0","16","1","1","N","0","0","39 55:36.160","","0","75 13:33.580","3","0","0","0","67301","1","0","0","N","0","0","0","2","67301","0","","1.0","","1","N","N","N","0","","1","0","0","0","0","","1642","2","1","0","0","0","0","0","2","0","1","1","0","0","3","03","","N","","","","","","","","","",""
"2020058346","0712","0","0","0","0","0","0","0","0","0","7","0","","67","7","2020","5","40.049167","-74.982389","0710","6","0","0","0","0","0","0","0","0","","0","0","0","6","5","0","N","0","0","40 02:57.000","","0","74 58:56.600","0","0","0","0","67301","0","0","0","N","0","0","0","1","67301","0","","5.0","","1","N","N","Y","0","","0","0","1","0","0","","645","1","0","0","0","0","0","0","2","0","1","0","0","0","3","","","N","","","","","","","","","",""
"2020058345","2102","1","0","0","0","0","0","0","0","0","7","0","","67","7","2020","4","40.03222","-75.094322","2046","6","0","0","0","0","0","0","0","0","","0","0","0","18","1","0","N","11","0","40 01:55.991","","0","75 05:39.560","0","0","0","0","67301","0","0","0","N","0","0","0","1","67301","0","","1.0","","9","N","N","N","0","","0","0","0","0","0","","1833","1","0","0","0","0","0","0","2","0","1","0","0","0","7","07","","N","","","","","","","","","",""
"2020103597","1545","2","0","0","0","0","0","0","0","0","6","0","","67","12","2020","3","40.064065","-75.048302","1545","6","0","0","0","0","0","1","0","0","","0","0","0","15","1","1","","1","0","40 03:50.634","","0","75 02:53.887","4","0","0","0","67301","0","0","0","N","0","0","0","3","67301","1","","1.0","","1","N","N","N","0","","0","0","0","3","3","","1542","2","1","0","0","0","0","0","2","0","2","0","0","0","3","","","N","","","","","","","","","",""
"2020059119","1120","1","0","0","0","0","0","0","0","0","4","0","","67","7","2020","4","40.071027","-75.037788","1114","6","0","0","0","0","0","0","2","0","","0","0","0","11","1","2","","1","2","40 04:15.698","6","0","75 02:16.038","8","0","0","0","67301","0","0","0","N","0","0","0","3","67301","0","","1.0","1215.0","1","N","N","N","0","","0","0","1","1","2","Y","1112","2","2","0","0","0","2","0","2","0","2","0","0","0","3","","","N","","","","","","","","","",""
"2020063297","1940","3","0","0","0","0","0","0","0","0","5","0","","67","8","2020","4","39.939731","-75.198863","1940","6","0","0","0","0","0","0","1","0","","0","0","0","19","1","1","N","0","0","39 56:23.032","","0","75 11:55.905","3","0","0","0","67301","0","0","0","N","0","0","0","8","67301","0","","1.0","","1","N","N","N","0","","1","0","0","0","0","","1901","4","1","0","0","0","0","1","2","1","4","0","0","0","3","03","","N","","","","","","","","","",""
"2020049640","2330","1","0","0","0","0","0","0","0","0","4","0","","67","6","2020","4","40.068835","-75.17801","2320","6","0","0","0","0","1","0","0","0","","0","0","0","21","3","1","","1","0","40 04:07.805","","0","75 10:40.836","8","0","0","0","67301","0","0","0","N","0","0","0","2","67301","0","","1.0","","1","N","N","N","0","","0","0","0","0","0","","2150","2","1","0","0","0","1","1","2","0","2","0","0","0","3","03","","N","","","","","","","","","",""
"2020044549","2005","1","0","0","0","0","0","0","0","0","4","0","","67","6","2020","7","40.028906","-75.152514","2000","6","0","0","0","0","0","1","0","0","","0","0","0","19","1","1","N","0","0","40 01:44.060","","0","75 09:09.050","4","0","0","0","67301","0","0","0","N","0","0","0","4","67301","1","","1.0","","1","N","N","N","0","","0","0","1","0","0","","1950","2","1","0","0","0","0","0","2","0","2","0","0","0","3","","","N","","","","","","","","","",""