"CRN","ARRIVAL_TM","AUTOMOBILE_COUNT","BELTED_DEATH_COUNT","BELTED_SUSP_SERIOUS_INJ_COUNT","BICYCLE_COUNT","BICYCLE_DEATH_COUNT","BICYCLE_SUSP_SERIOUS_INJ_COUNT","BUS_COUNT","CHLDPAS_DEATH_COUNT","CHLDPAS_SUSP_SERIOUS_INJ_COUNT","COLLISION_TYPE","COMM_VEH_COUNT","CONS_ZONE_SPD_LIM","COUNTY","CRASH_MONTH","CRASH_YEAR","DAY_OF_WEEK","DEC_LATITUDE","DEC_LONGITUDE","DISPATCH_TM","DISTRICT","DRIVER_COUNT_16YR","DRIVER_COUNT_17YR","DRIVER_COUNT_18YR","DRIVER_COUNT_19YR","DRIVER_COUNT_20YR","DRIVER_COUNT_50_64YR","DRIVER_COUNT_65_74YR","DRIVER_COUNT_75PLUS","EST_HRS_CLOSED","FATAL_COUNT","HEAVY_TRUCK_COUNT","HORSE_BUGGY_COUNT","HOUR_OF_DAY","ILLUMINATION","INJURY_COUNT","INTERSECTION_RELATED","INTERSECT_TYPE","LANE_CLOSED","LATITUDE","LN_CLOSE_DIR","LOCATION_TYPE","LONGITUDE","MAX_SEVERITY_LEVEL","MCYCLE_DEATH_COUNT","MCYCLE_SUSP_SERIOUS_INJ_COUNT","MOTORCYCLE_COUNT","MUNICIPALITY","NONMOTR_COUNT","NONMOTR_DEATH_COUNT","NONMOTR_SUSP_SERIOUS_INJ_COUNT","NTFY_HIWY_MAINT","PED_COUNT","PED_DEATH_COUNT","PED_SUSP_SERIOUS_INJ_COUNT","PERSON_COUNT","POLICE_AGCY","POSSIBLE_INJ_COUNT","RDWY_SURF_TYPE_CD","RELATION_TO_ROAD","ROADWAY_CLEARED","ROAD_CONDITION","SCH_BUS_IND","SCH_ZONE_IND","SECONDARY_CRASH","SMALL_TRUCK_COUNT","SPEC_JURIS_CD","SUSP_MINOR_INJ_COUNT","SUSP_SERIOUS_INJ_COUNT","SUV_COUNT","TCD_FUNC_CD","TCD_TYPE","TFC_DETOUR_IND","TIME_OF_DAY","TOTAL_UNITS","TOT_INJ_COUNT","UNBELTED_OCC_COUNT","UNB_DEATH_COUNT","UNB_SUSP_SERIOUS_INJ_COUNT","UNK_INJ_DEG_COUNT","UNK_INJ_PER_COUNT","URBAN_RURAL","VAN_COUNT","VEHICLE_COUNT","VULNERABLE_ROAD_USER_COUNT","VULNERABLE_ROAD_USER_DEATH_COUNT","VULNERABLE_ROAD_USER_SER_INJ_COUNT","WEATHER1","WEATHER2","WORKERS_PRES","WORK_ZONE_IND","WORK_ZONE_LOC","WORK_ZONE_TYPE","WZ_CLOSE_DETOUR","WZ_FLAGGER","WZ_LAW_OFFCR_IND","WZ_LN_CLOSURE","WZ_MOVING","WZ_OTHER","WZ_SHLDER_MDN","WZ_WORKERS_INJ_KILLED"
"2020101882","1510","0","0","0","0","0","0","0","0","0","5","1","","67","11","2020","3","40.009411","-75.115842","1505","6","0","0","0","0","0","0","0","0","","0","1","0","15","1","0","N","0","0","40 00:33.880","","0","75 06:57.030","0","0","0","0","67301","0","0","0","N","0","0","0","3","67301","0","","6.0","","1","N","N","N","0","","0","0","1","0","0","","1500","2","0","0","0","0","0","0","2","0","2","0","0","0","3","03","","N","","","","","","","","","",""
"2020057322","0520","2","0","0","0","0","0","0","0","0","1","0","","67","7","2020","1","40.012415","-75.119924","0520","6","0","0","0","0","0","0","0","0","","0","0","0","5","5","0","N","0","1","40 00:44.695","2","0","75 07:11.725","0","0","0","0","67301","0","0","0","N","0","0","0","1","67301","0","","6.0","642.0","1","N","N","N","0","","0","0","0","0","0","N","500","3","0","0","0","0","0","0","2","1","3","0","0","0","3","03","","N","","","","","","","","","",""
"2020057657","0135","1","0","0","0","0","0","0","0","0","7","0","","67","7","2020","3","40.013845","-75.055962","0130","6","0","0","0","0","0","0","0","0","","0","0","0","1","3","0","","1","2","40 00:49.843","2","0","75 03:21.464","0","0","0","0","67301","0","0","0","N","0","0","0","2","67301","0","","4.0","245.0","1","N","N","N","0","","0","0","1","3","2","Y","125","2","0","1","0","0","0","0","2","0","2","0","0","0","3","03","","N","","","","","","","","","",""
"2020104032","2024","2","0","0","0","0","0","0","0","0","1","0","","67","12","2020","4","39.984747","-75.168658","2024","6","0","0","0","0","0","0","0","0","","0","0","0","20","3","0","N","0","0","39 59:05.090","","0","75 10:07.170","0","0","0","0","67301","0","0","0","N","0","0","0","1","67301","0","","1.0","","1","N","N","N","0","","0","0","0","0","0","","2024","2","0","1","0","0","0","0","2","0","2","0","0","0","3","03","","N","","","","","","","","","",""
"2020056799","0240","3","0","0","0","0","0","0","0","0","5","0","","67","7","2020","6","39.956676","-75.210633","0203","6","0","0","0","0","0","0","0","0","","0","0","0","23","3","0","N","0","0","39 57:24.035","","0","75 12:38.277","0","0","0","0","67301","0","0","0","N","0","0","0","1","67301","0","","6.0","","1","N","N","N","0","","0","0","1","0","0","","2330","4","0","0","0","0","0","0","2","0","4","0","0","0","3","03","","N","","","","","","","","","",""
"2020103146","1850","0","0","0","0","0","0","1","0","0","4","1","","67","11","2020","4","40.01384","-75.12598","1835","6","0","0","0","0","0","0","0","0","","0","0","0","18","2","1","N","1","0","40 00:49.824","","0","75 07:33.527","8","0","0","0","67301","0","0","0","N","0","0","0","4","67508","0","","1.0","","9","N","N","Y","0","","0","0","1","3","2","","1835","2","1","0","0","0","1","2","2","0","2","0","0","0","7","07","","N","","","","","","","","","",""
"2020056280","0930","1","0","0","0","0","0","0","0","0","5","0","","67","7","2020","5","40.00932","-75.15173","0927","6","0","0","0","0","0","0","0","0","","0","0","0","9","1","1","N","0","0","40 00:33.551","","0","75 09:06.228","3","0","0","0","67301","0","0","0","N","0","0","0","2","67301","0","","1.0","","1","N","N","N","0","","1","0","0","0","0","","925","2","1","0","0","0","0","0","2","0","2","0","0","0","3","03","","N","","","","","","","","","",""
"2020057656","0110","1","0","0","0","0","0","0","0","0","6","0","","67","7","2020","2","40.031934","-75.063407","0105","6","0","0","0","0","0","0","0","0","","0","0","0","1","3","0","N","0","1","40 01:54.961","1","0","75 03:48.265","0","0","0","0","67301","0","0","0","N","0","0","0","1","67301","0","","6.0","225.0","1","N","N","N","0","","0","0","1","0","0","N","100","2","0","1","0","0","0","0","2","0","2","0","0","0","3","","","N","","","","","","","","","",""
"2020057291","1605","2","0","0","0","0","0","0","0","0","1","0","","67","7","2020","2","39.944558","-75.164386","1557","6","0","0","0","0","0","1","0","0","","0","0","0","15","1","2","N","0","1","39 56:40.410","4","0","75 09:51.790","3","0","0","0","67301","0","0","0","N","0","0","0","4","67301","0","","1.0","100.0","1","N","N","Y","0","","2","0","1","3","2","N","1550","3","2","0","0","0","0","0","2","0","3","0","0","0","3","03","","N","","","","","","","","","",""
"2020058703","2200","2","0","0","0","0","0","0","0","0","5","0","","67","7","2020","5","40.050081","-75.155481","2200","6","0","0","0","0","0","1","0","0","","0","0","0","21","3","0","N","0","0","40 03:00.290","","0","75 09:19.730","0","0","0","0","67301","0","0","0","N","0","0","0","1","67301","0","","6.0","","1","N","N","N","1","","0","0","1","0","0","","2120","4","0","0","0","0","0","0","2","0","4","0","0","0","3","03","","N","","","","","","","","","",""
"2020104068","2106","0","0","0","0","0","0","0","0","0","7","0","","67","11","2020","4","39.881753","-75.245697","2059","6","0","0","0","0","0","0","0","0","","0","0","0","20","3","0","N","0","0","39 52:54.310","","0","75 14:44.510","0","0","0","0","67301","0","0","0","N","0","0","0","1","68K01","0","","2.0","","1","N","N","N","0","","0","0","1","0","0","","2054","1","0","0","0","0","0","0","2","0","1","0","0","0","3","03","","N","","","","","","","","","",""
"2020058614","0819","1","0","0","1","0","0","0","0","0","8","0","","67","7","2020","3","39.96855","-75.153013","0815","6","0","0","0","0","0","0","0","0","","0","0","0","8","1","1","","1","0","39 58:06.780","","0","75 09:10.846","3","0","0","0","67301","1","0","0","N","0","0","0","2","67301","0","","1.0","","1","N","N","N","0","","1","0","0","3","2","","810","2","1","0","0","0","0","0","2","0","1","1","0","0","3","03","","N","","","","","","","","","",""
"2020104388","0938","2","0","0","0","0","0","0","0","0","1","0","","67","12","2020","5","40.074208","-75.034731","0938","6","0","0","0","0","0","1","0","0","","0","0","0","9","1","0","","1","1","40 04:27.147","1","0","75 02:05.032","0","0","0","0","67301","0","0","0","N","0","0","0","3","67301","0","","1.0","1105.0","1","N","N","N","1","","0","0","0","3","2","N","932","3","0","1","0","0","0","0","2","0","3","0","0","0","3","","","N","","","","","","","","","",""
"2020057208","1254","0","0","0","0","0","0","0","0","0","1","0","","67","6","2020","7","39.976825","-75.198001","1248","6","0","0","0","0","0","0","1","0","","0","0","0","12","1","1","N","0","0","39 58:36.570","","0","75 11:52.802","4","0","0","0","67301","0","0","0","N","0","0","0","5","68K01","1","","1.0","","1","N","N","N","0","","0","0","3","0","0","","1247","3","1","0","0","0","0","0","2","0","3","0","0","0","3","","","N","","","","","","","","","",""
"2020111409","0142","1","0","0","0","0","0","0","0","0","7","0","","67","12","2020","1","40.092992","-74.962941","0138","6","0","0","0","0","0","0","0","0","","1","0","0","1","3","2","N","0","0","40 05:34.770","","99","74 57:46.587","1","0","0","0","67301","0","0","0","N","0","0","0","3","67301","0","2","3.0","","1","N","N","N","0","0","0","2","0","0","0","","135","1","2","0","0","0","0","0","2","0","1","0","0","0","3","03","","N","","","","","","","","","",""
"2020058417","1115","1","0","0","0","0","0","0","0","0","1","0","","67","7","2020","5","40.099394","-75.020825","1108","6","0","0","0","0","0","0","1","0","","0","0","0","11","1","1","N","0","0","40 05:57.820","","0","75 01:14.970","3","0","0","0","67301","0","0","0","N","0","0","0","2","67301","0","","1.0","","9","N","N","N","0","","1","0","1","0","0","","1105","2","1","0","0","0","0","0","2","0","2","0","0","0","7","","","N","","","","","","","","","",""
"2020057753","0942","2","0","0","0","0","0","0","0","0","4","0","","67","7","2020","3","40.0211","-75.059918","0941","6","0","0","0","0","1","0","0","0","","0","0","0","9","1","1","","2","0","40 01:15.960","","0","75 03:35.704","3","0","0","0","67301","0","0","0","N","0","0","0","1","67301","0","","1.0","","1","N","N","N","0","","1","0","0","0","0","","939","2","1","0","0","0","0","0","2","0","2","0","0","0","3","","","N","","","","","","","","","",""
"2020058207","0819","2","0","0","0","0","0","0","0","0","4","0","","67","7","2020","5","39.989815","-75.135215","0818","6","0","0","0","0","0","1","0","0","","0","0","0","7","1","1","","1","0","39 59:23.334","","0","75 08:06.773","3","0","0","0","67301","0","0","0","N","0","0","0","3","67301","0","","1.0","","1","N","N","N","0","","1","0","1","3","2","","752","3","1","0","0","0","0","0","2","0","3","0","0","0","3","","","N","","","","","","","","","",""
"2020103739","1710","0","0","0","0","0","0","0","0","0","8","0","","67","5","2020","4","39.991203","-75.142975","1700","6","0","0","0","0","0","0","0","0","","0","0","0","14","1","1","N","0","0","39 59:28.330","","0","75 08:34.710","4","0","0","0","67301","1","0","0","N","1","0","0","2","67301","1","","1.0","","1","N","N","N","0","","0","0","0","0","0","","1430","2","1","1","0","0","0","0","2","1","1","1","0","0","3","03","","N","","","","","","","","","",""
"2020063031","0444","1","0","0","0","0","0","0","0","0","7","0","","67","8","2020","6","40.117281","-75.019328","0440","6","0","0","0","0","0","0","0","0","","0","0","0","4","3","1","N","0","0","40 07:02.213","","0","75 01:09.579","8","0","0","0","67301","0","0","0","N","0","0","0","1","67301","0","","4.0","","1","N","N","N","0","","0","0","0","0","0","","435","1","1","0","0","0","1","0","2","0","1","0","0","0","3","","","N","","","","","","","","","",""
"2020111933","1957","1","0","0","0","0","0","0","0","0","7","0","","67","12","2020","5","39.976414","-75.162769","1953","6","0","0","0","0","0","0","0","0","","0","0","0","19","3","0","N","0","0","39 58:35.090","","0","75 09:45.970","9","0","0","0","67301","0","0","0","N","0","0","0","1","67301","0","","5.0","","9","N","N","N","0","","0","0","0","0","0","","1947","1","0","0","0","0","0","1","2","0","1","0","0","0","7","04","","N","","","","","","","","","",""
"2020054599","0857","0","0","0","0","0","0","0","0","0","7","0","","67","7","2020","1","39.912583","-75.174333","0856","6","0","0","0","0","0","1","0","0","","0","0","0","8","1","0","N","0","2","39 54:45.300","3","3","75 10:27.600","0","0","0","0","67301","0","0","0","N","0","0","0","1","67501","0","","4.0","935.0","1","N","N","N","0","","0","0","1","0","0","N","856","1","0","0","0","0","0","0","2","0","1","0","0","0","3","","","Y","","","","","","","","","",""
"2020063118","1710","0","0","0","0","0","0","0","0","0","4","0","","67","8","2020","5","39.936764","-75.229713","1706","6","0","0","0","1","0","0","0","0","","0","0","0","16","1","1","","1","0","39 56:12.350","","0","75 13:46.966","3","0","0","0","67301","0","0","0","N","0","0","0","2","67301","0","","1.0","","1","N","N","N","1","","1","0","1","3","2","","1659","2","1","2","0","0","0","0","2","0","2","0","0","0","3","03","","N","","","","","","","","","",""
"2020052684","1545","1","0","0","0","0","0","0","0","0","4","0","","67","7","2020","1","40.023911","-75.083989","1541","6","0","0","0","0","0","1","0","0","","0","0","0","14","1","0","","1","1","40 01:26.079","2","0","75 05:02.360","0","0","0","0","67301","0","0","0","N","0","0","0","3","67301","0","","1.0","1446.0","1","N","N","N","0","","0","0","2","3","3","N","1445","3","0","0","0","0","0","0","2","0","3","0","0","0","3","03","","N","","","","","","","","","",""
"2020103521","2017","1","0","0","0","0","0","0","0","0","4","0","","67","11","2020","2","39.955565","-75.223795","2015","6","0","0","0","0","0","0","0","0","","0","0","0","19","3","0","","1","0","39 57:20.034","","0","75 13:25.662","0","0","0","0","67301","0","0","0","N","0","0","0","1","67301","0","","1.0","","9","N","N","N","0","","0","0","0","3","3","","1935","2","0","0","0","0","0","0","2","0","2","0","0","0","7","03","","N","","","","","","","","","",""
"2020103030","2200","1","0","0","0","0","0","0","0","0","8","0","","67","11","2020","2","39.996338","-75.17313","2200","6","0","0","0","0","0","0","0","0","","0","0","0","22","3","1","N","0","0","39 59:46.816","","0","75 10:23.269","3","0","0","0","67301","1","0","0","N","1","0","0","2","67301","0","","1.0","","9","N","N","N","0","","1","0","0","0","0","","2200","2","1","0","0","0","0","0","2","0","1","1","0","0","3","","","N","","","","","","","","","",""
"2020059463","0039","0","0","0","0","0","0","0","0","0","5","0","","67","7","2020","2","39.974378","-75.194103","0035","6","0","0","0","0","0","0","0","0","","0","0","0","0","3","0","N","0","0","39 58:27.760","","0","75 11:38.771","9","0","0","1","67301","0","0","0","N","0","0","0","2","68K01","0","","2.0","","9","N","N","N","0","","0","0","0","0","0","","31","2","0","0","0","0","0","1","2","0","2","0","0","0","7","","","N","","","","","","","","","",""
"2020101746","1348","1","0","0","0","0","0","0","0","0","8","0","","67","11","2020","4","39.956244","-75.162674","1340","6","0","0","0","0","0","1","0","0","","0","0","0","13","1","1","","1","0","39 57:22.480","","0","75 09:45.628","8","0","0","0","67301","1","0","0","N","0","0","0","2","67301","0","","1.0","","1","N","N","N","0","","0","0","0","3","2","","1330","2","1","0","0","0","1","0","2","0","1","1","0","0","3","","","N","","","","","","","","","",""
"2020070609","2000","0","0","0","0","0","0","0","0","0","1","0","","67","7","2020","3","39.970183","-75.144648","2000","6","0","0","0","0","0","0","0","0","","0","0","0","22","3","0","N","0","0","39 58:12.660","","0","75 08:40.733","0","0","0","0","67301","0","0","0","N","0","0","0","1","67301","0","","6.0","","99","N","N","N","0","","0","0","1","0","0","","2200","2","0","0","0","0","0","0","2","0","2","0","0","0","99","","","N","","","","","","","","","",""
"2020055503","2145","2","0","0","0","0","0","0","0","0","4","0","","67","7","2020","7","40.013043","-75.119472","2142","6","0","0","0","0","0","0","0","0","","0","0","0","21","3","1","","1","1","40 00:46.955","3","0","75 07:10.098","3","0","0","0","67301","0","0","0","N","0","0","0","4","67301","0","","1.0","2215.0","1","N","N","N","1","","1","0","1","3","2","Y","2139","4","1","4","0","0","0","0","2","0","4","0","0","0","3","03","","N","","","","","","","","","",""
"2020100451","1225","1","0","1","0","0","0","0","0","0","2","1","","67","11","2020","6","39.974944","-75.249139","1115","6","0","0","0","0","0","1","0","0","","0","1","0","11","1","1","N","0","2","39 58:29.800","7","0","75 14:56.900","2","0","0","0","67301","0","0","0","N","0","0","0","1","67301","0","","6.0","1530.0","1","N","N","N","0","","0","1","1","0","0","Y","1113","4","1","0","0","0","0","0","2","1","4","0","0","0","3","03","","N","","","","","","","","","",""
"2020055296","0848","1","0","0","0","0","0","0","0","0","4","0","","67","7","2020","3","40.017741","-75.189166","0843","6","0","0","0","0","0","1","0","0","","0","0","0","7","1","1","","1","1","40 01:03.868","1","0","75 11:20.998","3","0","0","0","67301","0","0","0","N","0","0","0","2","67301","0","","1.0","910.0","1","N","N","N","0","","1","0","0","3","2","N","713","2","1","0","0","0","0","0","2","1","2","0","0","0","3","03","","N","","","","","","","","","",""
"2020050186","1145","1","0","0","0","0","0","0","0","0","4","0","","67","6","2020","6","39.968841","-75.136192","1142","6","0","0","0","0","0","0","0","0","","0","0","0","11","1","0","","1","0","39 58:07.829","","0","75 08:10.292","0","0","0","0","67301","0","0","0","N","0","0","0","2","67301","0","","1.0","","1","N","N","N","0","","0","0","1","3","2","","1123","2","0","0","0","0","0","0","2","0","2","0","0","0","3","03","","N","","","","","","","","","",""
"2020060529","0839","2","0","0","0","0","0","0","0","0","4","0","","67","7","2020","2","40.025706","-75.058257","0833","6","0","0","0","0","0","1","0","0","","0","0","0","8","1","1","","1","0","40 01:32.543","","0","75 03:29.726","8","0","0","0","67301","0","0","0","N","0","0","0","3","67301","0","","1.0","","1","N","N","N","0","","0","0","1","3","2","","825","3","1","0","0","0","1","0","2","0","3","0","0","0","3","03","","N","","","","","","","","","",""
"2020107900","2240","2","0","0","0","0","0","0","0","0","5","0","","67","11","2020","6","40.005276","-75.195512","2226","6","0","0","0","0","0","0","0","0","","0","0","0","22","3","2","N","3","0","40 00:18.992","","0","75 11:43.844","3","0","0","0","67301","0","0","0","N","0","0","0","4","68K01","1","","1.0","","1","N","N","N","0","","1","0","0","0","0","","2226","3","2","0","0","0","0","1","2","0","3","0","0","0","3","03","","N","","","","","","","","","",""
"2020064056","1020","1","0","0","0","0","0","0","0","0","7","0","","67","8","2020","3","40.0389","-75.008918","1017","6","0","0","0","0","0","0","0","0","","0","0","0","10","1","0","N","0","1","40 02:20.041","2","0","75 00:32.104","0","0","0","0","67301","0","0","0","N","0","0","0","2","68K01","0","","2.0","1115.0","9","N","N","N","0","","0","0","0","0","0","N","1014","1","0","0","0","0","0","0","2","0","1","0","0","0","7","","","N","","","","","","","","","",""
"2020061512","2117","0","0","0","0","0","0","0","0","0","4","0","","67","8","2020","7","39.986747","-75.207556","2106","6","0","0","0","0","0","1","0","0","","0","0","0","20","3","0","","1","0","39 59:12.288","","2","75 12:27.201","0","0","0","0","67301","0","0","0","N","0","0","0","2","67301","0","","1.0","","1","N","N","N","1","","0","0","1","3","2","","2041","2","0","0","0","0","0","0","2","0","2","0","0","0","3","","","N","","","","","","","","","",""
"2020056655","0320","2","0","0","0","0","0","0","0","0","5","0","","67","7","2020","1","39.963222","-75.199306","0316","6","0","0","0","0","0","0","0","0","","0","0","0","3","3","0","N","0","0","39 57:47.600","","0","75 11:57.500","9","0","0","0","67301","0","0","0","N","0","0","0","1","67301","0","","6.0","","1","N","N","N","0","","0","0","0","0","0","","316","4","0","0","0","0","0","1","2","2","4","0","0","0","3","03","","N","","","","","","","","","",""
"2020054905","2204","0","0","0","0","0","0","0","0","0","8","0","","67","7","2020","1","40.000706","-75.166461","2204","6","0","0","0","0","0","0","0","0","","0","0","0","21","3","1","N","0","0","40 00:02.540","","0","75 09:59.260","8","0","0","0","67301","1","0","0","N","1","0","0","2","67301","0","","1.0","","1","N","N","N","1","","0","0","0","0","0","","2155","2","1","0","0","0","1","0","2","0","1","1","0","0","3","","","N","","","","","","","","","",""
"2020100629","1109","0","0","0","0","0","0","0","0","0","1","0","","67","10","2020","6","39.945474","-75.142619","1109","6","0","0","0","0","0","0","0","0","","0","0","0","11","1","3","N","0","2","39 56:43.708","2","0","75 08:33.428","3","0","0","0","67301","0","0","0","N","0","0","0","3","68K01","0","","1.0","1110.0","9","N","N","Y","1","","3","0","1","0","0","Y","1109","2","3","0","0","0","0","0","2","0","2","0","0","0","7","","","N","","","","","","","","","",""
"2020061095","0255","3","0","0","0","0","0","0","0","0","6","0","","67","8","2020","7","40.082372","-75.049794","0250","6","0","0","0","0","0","0","0","0","","0","0","0","2","3","1","N","0","2","40 04:56.540","2","0","75 02:59.260","4","0","0","0","67301","0","0","0","N","0","0","0","2","67301","1","","6.0","500.0","1","N","N","N","0","","0","0","0","0","0","N","245","3","1","0","0","0","0","1","2","0","3","0","0","0","3","03","","N","","","","","","","","","",""
"2020063618","0149","1","0","0","0","0","0","0","0","0","7","0","","67","8","2020","3","39.98251","-75.207712","0149","6","0","0","0","1","0","0","0","0","","0","0","0","1","3","1","N","0","1","39 58:57.036","4","0","75 12:27.763","3","0","0","0","67301","0","0","0","N","0","0","0","1","68K01","0","","2.0","159.0","9","N","N","N","0","","1","0","0","0","0","N","143","1","1","0","0","0","0","0","2","0","1","0","0","0","7","07","","N","","","","","","","","","",""
"2020062717","1935","1","0","0","0","0","0","0","0","0","4","0","","67","8","2020","2","39.994905","-75.157688","1935","6","0","0","0","0","0","0","0","0","","0","0","0","19","1","1","","3","2","39 59:41.658","1","0","75 09:27.676","3","0","0","0","67301","0","0","0","N","0","0","0","6","67301","0","","1.0","1940.0","1","N","N","N","0","","1","0","2","3","3","N","1930","3","1","0","0","0","0","1","2","0","3","0","0","0","3","","","N","","","","","","","","","",""
"2020062698","0042","2","0","0","0","0","0","0","0","0","4","0","","67","8","2020","2","39.985761","-75.215703","0042","6","0","0","0","1","0","0","0","0","","0","0","0","23","3","2","","1","0","39 59:08.741","","0","75 12:56.531","3","0","0","0","67301","0","0","0","N","0","0","0","2","67301","0","","1.0","","8","N","N","N","0","","1","0","0","3","2","","2318","2","2","0","0","0","1","0","2","0","2","0","0","0","7","04","","N","","","","","","","","","",""
"2020063035","1806","0","0","0","0","0","0","0","0","0","4","0","","67","8","2020","4","39.989809","-75.125532","1804","6","0","0","0","0","0","1","0","0","","0","0","0","17","1","2","","1","0","39 59:23.311","","1","75 07:31.914","3","0","0","0","67301","0","0","0","N","0","0","0","4","67301","0","","1.0","","1","N","N","N","0","","2","0","1","3","2","","1755","2","2","0","0","0","0","0","2","1","2","0","0","0","3","03","","N","","","","","","","","","",""
"2020107519","1137","1","0","0","0","0","0","0","0","0","1","0","","67","11","2020","6","39.996165","-75.197178","1125","6","0","0","0","0","0","0","0","0","","0","0","0","10","1","0","N","0","0","39 59:46.193","","0","75 11:49.842","9","0","0","0","67301","0","0","0","N","0","0","0","2","68K01","0","","1.0","","1","N","N","N","0","","0","0","1","3","8","","1023","2","0","0","0","0","0","1","2","0","2","0","0","0","3","","","N","","","","","","","","","",""
"2020062824","1145","1","0","0","0","0","0","0","0","0","7","0","","67","8","2020","5","40.047056","-75.186389","1126","6","0","0","0","0","0","0","0","0","","0","0","0","10","1","0","N","0","0","40 02:49.400","","0","75 11:11.000","0","0","0","0","67301","0","0","0","N","0","0","0","1","67301","0","","5.0","","99","N","N","N","0","","0","0","0","0","0","","1027","1","0","0","0","0","0","0","2","0","1","0","0","0","3","04","","N","","","","","","","","","",""
"2020063904","1046","1","0","0","0","0","0","0","0","0","7","0","","67","8","2020","3","39.946993","-75.142027","1038","6","0","0","0","0","0","0","0","0","","0","0","0","10","1","1","N","0","0","39 56:49.174","","0","75 08:31.297","3","0","0","0","67301","0","0","0","N","0","0","0","1","68K01","0","","4.0","","9","N","N","N","0","","1","0","0","0","0","","1036","1","1","0","0","0","0","0","2","0","1","0","0","0","7","07","","N","","","","","","","","","",""
"2020064044","1738","2","0","0","0","0","0","0","0","0","1","0","","67","8","2020","1","39.971857","-75.122589","1738","6","0","0","0","0","1","1","1","0","","0","0","0","17","1","0","N","0","2","39 58:18.684","1","0","75 07:21.322","0","0","0","0","67301","0","0","0","N","0","0","0","12","68K01","0","","1.0","1840.0","1","N","N","N","0","","0","0","3","0","0","N","1732","5","0","0","0","0","0","0","2","0","5","0","0","0","3","","","N","","","","","","","","","",""
"2020063436","1218","0","0","0","0","0","0","0","0","0","8","0","","67","8","2020","6","39.995371","-75.140846","1217","6","0","0","0","0","0","0","0","0","","0","0","0","12","1","1","","1","0","39 59:43.335","","0","75 08:27.045","3","0","0","0","67301","1","0","0","N","1","0","0","2","67301","0","","1.0","","1","N","N","N","0","","1","0","1","3","3","","1215","3","1","0","0","0","0","1","2","1","2","1","0","0","3","03","","N","","","","","","","","","",""
"2020106645","1216","2","0","0","0","0","0","0","0","0","4","0","","67","11","2020","6","40.005748","-75.099049","1212","6","0","0","0","0","0","1","0","0","","1","0","0","12","1","1","N","1","0","40 00:20.692","","0","75 05:56.577","1","0","0","0","67301","0","0","0","N","0","0","0","2","67301","0","2","1.0","","1","N","N","N","0","0","0","1","0","9","2","","1205","2","1","0","0","0","0","0","2","0","2","0","0","0","3","03","","N","","","","","","","","","",""
"2020061262","1149","3","0","0","0","0","0","0","0","0","5","0","","67","7","2020","6","39.9553","-75.212059","1148","6","0","0","0","0","0","0","0","0","","0","0","0","11","1","0","N","0","1","39 57:19.079","4","0","75 12:43.411","0","0","0","0","67301","0","0","0","N","0","0","0","2","67301","0","","1.0","1322.0","9","N","N","N","0","","0","0","0","0","0","N","1139","4","0","0","0","0","0","0","2","0","4","0","0","0","7","07","","N","","","","","","","","","",""
"2020061973","1857","1","0","0","0","0","0","0","0","0","7","0","","67","8","2020","2","39.981972","-75.183194","1856","6","0","0","0","0","0","0","0","0","","0","0","0","18","1","0","N","0","0","39 58:55.100","","0","75 10:59.500","0","0","0","0","67301","0","0","0","N","0","0","0","1","67301","0","","5.0","","1","N","N","N","0","","0","0","0","0","0","","1855","1","0","0","0","0","0","0","2","0","1","0","0","0","4","04","","N","","","","","","","","","",""
"2020061266","0115","1","0","0","0","0","0","0","0","0","4","0","","67","8","2020","7","40.01577","-75.154065","0108","6","0","0","0","0","0","0","0","0","","0","0","0","0","3","0","N","0","1","40 00:56.773","4","0","75 09:14.635","9","0","0","0","67301","0","0","0","N","0","0","0","2","67301","0","","1.0","229.0","1","N","N","N","0","","0","0","1","0","0","N","33","2","0","0","0","0","0","1","2","0","2","0","0","0","3","03","","N","","","","","","","","","",""
"2020061971","1358","2","0","0","0","0","0","0","0","0","4","0","","67","8","2020","7","39.924818","-75.228633","1354","6","0","0","0","0","0","1","0","0","","0","0","0","13","1","1","","2","2","39 55:29.344","7","0","75 13:43.078","3","0","0","0","67301","0","0","0","N","0","0","0","3","67301","0","","1.0","100.0","1","N","N","N","0","","1","0","0","3","3","Y","1354","2","1","0","0","0","0","0","2","0","2","0","0","0","3","03","","N","","","","","","","","","",""
"2020060572","2225","2","0","0","0","0","0","0","0","0","4","0","","67","7","2020","6","40.025778","-75.123473","2215","6","0","0","0","0","0","0","0","0","","0","0","0","22","3","2","","1","0","40 01:32.799","","0","75 07:24.504","3","0","0","0","67301","0","0","0","N","0","0","0","6","67301","0","","1.0","","1","N","N","N","0","","2","0","0","3","2","","2215","2","2","0","0","0","0","0","2","0","2","0","0","0","3","03","","N","","","","","","","","","",""
"2020106387","0703","0","0","0","0","0","0","0","0","0","1","1","","67","12","2020","2","39.991796","-75.085812","0656","6","0","0","0","0","0","0","0","0","","0","1","0","6","5","0","N","0","1","39 59:30.466","1","0","75 05:08.923","0","0","0","0","67301","0","0","0","N","0","0","0","3","68K01","0","","1.0","640.0","1","N","N","Y","2","","0","0","0","0","0","N","630","3","0","0","0","0","0","0","2","0","3","0","0","0","4","04","","N","","","","","","","","","",""