"CRN","ARRIVAL_TM","AUTOMOBILE_COUNT","BELTED_DEATH_COUNT","BELTED_SUSP_SERIOUS_INJ_COUNT","BICYCLE_COUNT","BICYCLE_DEATH_COUNT","BICYCLE_SUSP_SERIOUS_INJ_COUNT","BUS_COUNT","CHLDPAS_DEATH_COUNT","CHLDPAS_SUSP_SERIOUS_INJ_COUNT","COLLISION_TYPE","COMM_VEH_COUNT","CONS_ZONE_SPD_LIM","COUNTY","CRASH_MONTH","CRASH_YEAR","DAY_OF_WEEK","DEC_LATITUDE","DEC_LONGITUDE","DISPATCH_TM","DISTRICT","DRIVER_COUNT_16YR","DRIVER_COUNT_17YR","DRIVER_COUNT_18YR","DRIVER_COUNT_19YR","DRIVER_COUNT_20YR","DRIVER_COUNT_50_64YR","DRIVER_COUNT_65_74YR","DRIVER_COUNT_75PLUS","EST_HRS_CLOSED","FATAL_COUNT","HEAVY_TRUCK_COUNT","HORSE_BUGGY_COUNT","HOUR_OF_DAY","ILLUMINATION","INJURY_COUNT","INTERSECTION_RELATED","INTERSECT_TYPE","LANE_CLOSED","LATITUDE","LN_CLOSE_DIR","LOCATION_TYPE","LONGITUDE","MAX_SEVERITY_LEVEL","MCYCLE_DEATH_COUNT","MCYCLE_SUSP_SERIOUS_INJ_COUNT","MOTORCYCLE_COUNT","MUNICIPALITY","NONMOTR_COUNT","NONMOTR_DEATH_COUNT","NONMOTR_SUSP_SERIOUS_INJ_COUNT","NTFY_HIWY_MAINT","PED_COUNT","PED_DEATH_COUNT","PED_SUSP_SERIOUS_INJ_COUNT","PERSON_COUNT","POLICE_AGCY","POSSIBLE_INJ_COUNT","RDWY_SURF_TYPE_CD","RELATION_TO_ROAD","ROADWAY_CLEARED","ROAD_CONDITION","SCH_BUS_IND","SCH_ZONE_IND","SECONDARY_CRASH","SMALL_TRUCK_COUNT","SPEC_JURIS_CD","SUSP_MINOR_INJ_COUNT","SUSP_SERIOUS_INJ_COUNT","SUV_COUNT","TCD_FUNC_CD","TCD_TYPE","TFC_DETOUR_IND","TIME_OF_DAY","TOTAL_UNITS","TOT_INJ_COUNT","UNBELTED_OCC_COUNT","UNB_DEATH_COUNT","UNB_SUSP_SERIOUS_INJ_COUNT","UNK_INJ_DEG_COUNT","UNK_INJ_PER_COUNT","URBAN_RURAL","VAN_COUNT","VEHICLE_COUNT","VULNERABLE_ROAD_USER_COUNT","VULNERABLE_ROAD_USER_DEATH_COUNT","VULNERABLE_ROAD_USER_SER_INJ_COUNT","WEATHER1","WEATHER2","WORKERS_PRES","WORK_ZONE_IND","WORK_ZONE_LOC","WORK_ZONE_TYPE","WZ_CLOSE_DETOUR","WZ_FLAGGER","WZ_LAW_OFFCR_IND","WZ_LN_CLOSURE","WZ_MOVING","WZ_OTHER","WZ_SHLDER_MDN","WZ_WORKERS_INJ_KILLED"
"2020106921","2132","1","1","0","0","0","0","0","0","0","7","0","","67","11","2020","7","39.998562","-75.081138","2130","6","0","0","0","0","0","0","0","0","","1","0","0","21","3","0","N","0","1","39 59:54.823","2","0","75 04:52.097","1","0","0","0","67301","0","0","0","N","0","0","0","1","68K01","0","2","4.0","2348.0","1","N","N","N","0","0","0","0","0","0","0","N","2130","1","0","0","0","0","0","0","2","0","1","0","0","0","3","","","N","","","","","","","","","",""
"2020062815","1143","0","0","0","0","0","0","0","0","0","7","0","","67","7","2020","6","39.957597","-75.158641","1141","6","0","1","0","0","0","0","0","0","","0","0","0","11","1","0","","1","0","39 57:27.348","","3","75 09:31.109","0","0","0","0","67301","0","0","0","N","0","0","0","2","67301","0","","4.0","","9","N","N","N","0","","0","0","2","3","2","","1138","2","0","0","0","0","0","0","2","0","2","0","0","0","7","04","","N","","","","","","","","","",""
"2020062830","1058","0","0","0","0","0","0","0","0","0","5","1","","67","8","2020","3","40.011644","-75.182477","1054","6","0","0","0","0","0","1","0","0","","0","1","0","10","1","2","N","0","0","40 00:41.920","","0","75 10:56.916","3","0","0","0","67301","0","0","0","N","0","0","0","3","67301","0","","1.0","","9","N","N","N","0","","2","0","1","0","0","","1040","2","2","0","0","0","0","0","2","0","2","0","0","0","7","07","","N","","","","","","","","","",""
"2020060671","1259","0","0","0","0","0","0","0","0","0","6","0","","67","7","2020","5","40.044089","-75.069881","1255","6","0","0","0","0","0","0","0","0","","0","0","0","12","1","1","N","0","0","40 02:38.720","","0","75 04:11.570","3","0","0","0","67301","0","0","0","N","0","0","0","2","67301","0","","1.0","","1","N","N","N","0","","1","0","3","0","0","","1252","3","1","0","0","0","0","0","2","0","3","0","0","0","3","03","","N","","","","","","","","","",""
"2020105488","1122","0","0","0","0","0","0","0","0","0","7","0","","67","11","2020","3","39.89328","-75.231632","1114","6","0","0","0","0","0","1","0","0","","0","0","0","11","1","0","N","7","0","39 53:35.807","","0","75 13:53.874","0","0","0","0","67301","0","0","0","N","0","0","0","1","68K01","0","","2.0","","1","N","N","N","0","","0","0","1","0","0","","1113","1","0","0","0","0","0","0","2","0","1","0","0","0","3","03","","N","","","","","","","","","",""
"2020061874","2131","1","0","0","0","0","0","0","0","0","4","0","","67","7","2020","6","39.917242","-75.174594","2129","6","0","0","0","0","0","1","0","0","","0","0","0","21","3","3","","1","2","39 55:02.070","7","0","75 10:28.540","3","0","0","0","67301","0","0","0","N","0","0","0","6","67301","0","","1.0","100.0","1","N","N","N","0","","3","0","1","3","2","Y","2129","2","3","0","0","0","0","0","2","0","2","0","0","0","3","03","","N","","","","","","","","","",""
"2020060563","0614","2","0","0","0","0","0","0","0","0","5","0","","67","7","2020","7","39.994294","-75.153194","0614","6","0","0","0","0","0","0","0","0","","0","0","0","6","3","0","N","0","2","39 59:39.460","5","0","75 09:11.500","0","0","0","0","67301","0","0","0","N","0","0","0","2","67301","0","","1.0","700.0","1","N","N","N","0","","0","0","0","0","0","Y","600","3","0","0","0","0","0","0","2","0","3","0","0","0","3","","","N","","","","","","","","","",""
"2020055002","0130","1","0","0","0","0","0","0","0","0","6","0","","67","7","2020","7","40.059661","-75.201044","0130","6","0","0","0","1","0","0","0","0","","0","0","0","0","6","1","N","0","0","40 03:34.780","","0","75 12:03.760","8","0","0","0","67301","0","0","0","N","0","0","0","3","67301","0","","1.0","","9","N","N","N","0","","0","0","1","0","0","","0","2","1","0","0","0","1","1","2","0","2","0","0","0","7","07","","N","","","","","","","","","",""
"2020061903","0355","3","0","0","0","0","0","0","0","0","5","0","","67","7","2020","4","40.026508","-75.115565","0344","6","0","0","0","0","0","0","0","0","","0","0","0","3","3","0","N","0","0","40 01:35.428","","0","75 06:56.033","9","0","0","0","67301","0","0","0","N","0","0","0","1","67301","0","","6.0","","1","N","N","N","2","","0","0","2","0","0","","335","8","0","1","0","0","0","1","2","1","8","0","0","0","3","03","","N","","","","","","","","","",""
"2020062707","1838","0","0","0","0","0","0","0","0","0","4","0","","67","7","2020","3","40.004551","-75.132065","1005","6","0","0","0","0","0","0","0","0","","0","0","0","10","1","1","","1","0","40 00:16.383","","0","75 07:55.433","3","0","0","0","67301","0","0","0","N","0","0","0","2","67301","0","","1.0","","99","N","N","N","0","","1","0","2","3","2","","1000","2","1","0","0","0","0","0","2","0","2","0","0","0","3","03","","N","","","","","","","","","",""
"2020105114","1733","0","0","0","0","0","0","0","0","0","8","0","","67","12","2020","7","40.066128","-75.063046","1728","6","0","0","0","0","0","0","0","0","","0","0","0","17","3","1","","1","0","40 03:58.061","","0","75 03:46.964","3","0","0","0","67301","1","0","0","N","1","0","0","2","67301","0","","1.0","","1","N","N","N","0","","1","0","1","3","2","","1715","2","1","0","0","0","0","1","2","0","1","1","0","0","3","03","","N","","","","","","","","","",""
"2020060579","0057","1","0","0","0","0","0","0","0","0","4","0","","67","7","2020","3","39.998487","-75.153471","0054","6","0","0","0","1","0","0","0","0","","0","0","0","0","3","1","","2","0","39 59:54.554","","0","75 09:12.497","8","0","0","1","67301","0","0","0","N","0","0","0","3","67301","0","","1.0","","1","N","N","N","0","","0","0","0","3","2","","50","2","1","0","0","0","1","0","2","0","2","0","0","0","3","03","","N","","","","","","","","","",""
"2020105484","2129","0","0","0","0","0","0","0","0","0","1","0","","67","11","2020","1","39.956989","-75.155922","2129","6","0","0","0","0","0","0","0","0","","0","0","0","21","3","1","N","0","1","39 57:25.162","3","0","75 09:21.318","3","0","0","0","67301","0","0","0","N","0","0","0","3","68K01","0","","2.0","2100.0","9","N","N","N","0","","1","0","2","0","0","N","2119","2","1","1","0","0","0","1","2","0","2","0","0","0","7","","","N","","","","","","","","","",""
"2020060577","0543","3","0","0","0","0","0","0","0","0","1","0","","67","7","2020","1","40.018998","-75.164903","0533","6","0","0","0","0","0","0","0","1","","0","0","0","5","5","0","N","0","2","40 01:08.392","2","0","75 09:53.650","0","0","0","0","67301","0","0","0","N","0","0","0","3","67301","0","","1.0","700.0","1","N","N","N","0","","0","0","0","0","0","Y","532","3","0","0","0","0","0","0","2","0","3","0","0","0","3","03","","N","","","","","","","","","",""
"2020105735","2055","0","0","0","0","0","0","1","0","0","8","1","","67","11","2020","7","40.009204","-75.150818","2050","6","0","0","0","0","0","1","0","0","","0","0","0","20","3","1","N","1","0","40 00:33.133","","0","75 09:02.943","4","0","0","0","67301","1","0","0","N","1","0","0","2","67508","1","","1.0","","1","N","N","Y","0","","0","0","0","3","2","","2050","2","1","0","0","0","0","0","2","0","1","1","0","0","3","02","","N","","","","","","","","","",""
"2020111417","0951","1","0","0","0","0","0","0","0","0","7","0","","67","12","2020","3","39.973888","-75.118335","0951","6","0","0","0","0","0","1","0","0","","1","0","0","9","1","0","N","0","0","39 58:25.998","","0","75 07:06.007","1","0","0","0","67301","0","0","0","N","0","0","0","1","67301","0","1","4.0","","1","N","N","N","0","9","0","0","0","0","0","","950","1","0","1","1","0","0","0","2","0","1","0","0","0","3","","","N","","","","","","","","","",""
"2020105496","1038","2","0","0","0","0","0","0","0","0","1","0","","67","11","2020","6","39.997525","-75.196296","1033","6","0","0","0","0","0","0","0","0","","0","0","0","10","1","1","N","0","0","39 59:51.091","","0","75 11:46.664","8","0","0","0","67301","0","0","0","N","0","0","0","6","68K01","0","","1.0","","1","N","N","N","0","","0","0","0","0","0","","1031","2","1","0","0","0","1","0","2","0","2","0","0","0","3","03","","N","","","","","","","","","",""
"2020052607","1110","1","0","0","0","0","0","0","0","0","4","0","","67","7","2020","5","40.036688","-75.132483","1100","6","0","0","0","0","0","0","0","0","","0","0","0","10","1","1","N","1","2","40 02:12.076","3","0","75 07:56.939","3","0","0","0","67301","0","0","0","N","0","0","0","3","67301","0","","1.0","1240.0","1","N","N","N","0","","1","0","2","3","2","N","1045","3","1","1","0","0","0","1","2","0","3","0","0","0","3","","","N","","","","","","","","","",""
"2020052358","2130","0","0","0","0","0","0","0","0","0","7","0","","67","7","2020","7","40.062571","-75.052447","2128","6","0","0","0","0","0","0","0","0","","0","0","0","21","3","1","N","2","0","40 03:45.255","","0","75 03:08.809","3","0","0","1","67301","0","0","0","N","0","0","0","1","67301","0","","4.0","","1","N","N","N","0","","1","0","0","3","3","","2126","1","1","0","0","0","0","0","2","0","1","0","0","0","3","03","","N","","","","","","","","","",""
"2020060564","1106","1","0","0","0","0","0","0","0","0","4","0","","67","7","2020","7","40.024274","-75.130411","1100","6","0","0","0","0","0","1","0","0","","0","0","0","5","3","0","","1","0","40 01:27.386","","0","75 07:49.479","0","0","0","0","67301","0","0","0","N","0","0","0","2","67301","0","","1.0","","1","N","N","Y","0","","0","0","0","3","2","","544","3","0","0","0","0","0","0","2","2","3","0","0","0","3","03","","N","","","","","","","","","",""
"2020105531","1932","0","0","0","0","0","0","0","0","0","0","0","","67","11","2020","6","39.88794","-75.203555","1924","6","0","0","0","0","0","0","1","0","","0","0","0","19","3","0","N","0","2","39 53:16.583","1","3","75 12:12.797","0","0","0","0","67301","0","0","0","N","0","0","0","1","68K01","0","","1.0","2015.0","1","N","N","N","0","","0","0","1","0","0","N","1924","1","0","0","0","0","0","0","2","0","1","0","0","0","3","03","","N","","","","","","","","","",""
"2020063419","1300","0","0","0","0","0","0","0","0","0","0","0","","67","8","2020","6","40.074357","-75.166072","1300","6","0","0","0","0","0","0","0","0","","0","0","0","12","1","1","","1","0","40 04:27.685","","0","75 09:57.859","8","0","0","0","67301","0","0","0","N","0","0","0","1","67301","0","","1.0","","1","N","N","N","0","","0","0","0","3","3","","1257","1","1","0","0","0","1","0","2","0","1","0","0","0","4","04","","N","","","","","","","","","",""
"2020088501","","0","0","0","0","0","0","0","0","0","1","0","","67","8","2020","2","39.962374","-75.161469","","6","0","0","0","0","0","0","0","0","","0","0","0","14","1","1","","1","0","39 57:44.547","","0","75 09:41.289","8","0","0","0","67301","0","0","0","N","0","0","0","2","00000","0","","1.0","","1","","","N","0","","0","0","1","3","2","","1430","2","1","0","0","0","1","0","2","1","2","0","0","0","3","","","N","","","","","","","","","",""
"2020051750","1140","0","0","0","0","0","0","0","0","0","4","0","","67","7","2020","4","39.979851","-75.142873","1133","6","0","0","0","0","0","1","1","0","","0","0","0","11","1","1","","1","0","39 58:47.465","","0","75 08:34.342","8","0","0","0","67301","0","0","0","N","0","0","0","3","67301","0","","1.0","","1","N","N","N","0","","0","0","1","3","2","","1132","2","1","0","0","0","1","0","2","1","2","0","0","0","3","03","","N","","","","","","","","","",""
"2020052259","2046","0","0","0","0","0","0","0","0","0","4","0","","67","7","2020","5","39.995927","-75.133346","2043","6","0","0","0","0","0","0","0","0","","0","0","0","20","3","1","","2","0","39 59:45.337","","0","75 08:00.045","3","0","0","0","67301","0","0","0","N","0","0","0","2","67301","0","","1.0","","1","N","N","N","0","","1","0","1","0","0","","2021","2","1","0","0","0","0","0","2","0","2","0","0","0","3","03","","N","","","","","","","","","",""
"2020096779","2126","0","0","0","0","0","0","0","0","0","8","0","","67","11","2020","4","40.015873","-75.153841","2121","6","0","0","0","0","0","0","0","0","","0","0","0","21","3","1","","1","0","40 00:57.144","","0","75 09:13.828","8","0","0","0","67301","1","0","0","N","1","0","0","1","67301","0","","1.0","","9","N","N","N","0","","0","0","0","9","2","","2108","2","1","0","0","0","1","0","2","0","1","1","0","0","7","","","N","","","","","","","","","",""
"2020052323","1846","2","0","0","0","0","0","0","0","0","4","0","","67","7","2020","4","39.973521","-75.203048","1844","6","0","0","0","1","0","0","0","0","","0","0","0","18","1","3","","2","0","39 58:24.675","","0","75 12:10.972","3","0","0","0","67301","0","0","0","N","0","0","0","5","67301","1","","1.0","","1","N","N","N","0","","2","0","0","3","3","","1832","2","3","0","0","0","0","1","2","0","2","0","0","0","3","","","N","","","","","","","","","",""
"2020051476","1215","1","0","0","0","0","0","0","0","0","1","0","","67","6","2020","3","39.957289","-75.247885","1214","6","0","0","0","0","0","0","0","0","","0","0","0","12","1","3","","1","0","39 57:26.242","","0","75 14:52.386","3","0","0","0","67301","0","0","0","N","0","0","0","4","67301","0","","1.0","","1","N","N","N","1","","3","0","1","3","2","","1213","3","3","1","0","0","0","1","2","0","3","0","0","0","3","03","","N","","","","","","","","","",""
"2020051986","1010","3","0","0","0","0","0","0","0","0","1","0","","67","7","2020","6","40.027388","-75.093067","0955","6","1","0","0","0","0","0","0","0","","0","0","0","9","1","3","N","0","1","40 01:38.598","2","0","75 05:35.041","3","0","0","0","67301","0","0","0","N","0","0","0","4","67301","0","","1.0","200.0","1","N","N","N","0","","3","0","0","0","0","N","955","3","3","1","0","0","0","0","2","0","3","0","0","0","3","","","N","","","","","","","","","",""
"2020096697","0631","0","0","0","0","0","0","0","0","0","5","0","","67","10","2020","3","40.039121","-75.008328","0613","6","0","0","0","0","0","0","0","0","","0","1","0","6","3","0","N","0","0","40 02:20.835","","0","75 00:29.982","0","0","0","0","67301","0","0","0","N","0","0","0","2","68K01","0","","1.0","","9","N","N","N","1","","0","0","0","0","0","","604","2","0","0","0","0","0","0","2","0","2","0","0","0","7","","","N","","","","","","","","","",""
"2020052265","1518","0","0","0","0","0","0","0","0","0","5","1","","67","7","2020","4","40.016181","-75.204733","1451","6","0","0","0","0","0","0","0","1","","0","1","0","13","1","1","N","0","0","40 00:58.250","","0","75 12:17.040","3","0","0","0","67301","0","0","0","N","0","0","0","3","67301","0","","1.0","","1","N","N","N","0","","1","0","1","0","0","","1342","2","1","0","0","0","0","1","2","0","2","0","0","0","3","","","N","","","","","","","","","",""
"2020055496","1806","1","0","0","0","0","0","0","0","0","4","0","","67","7","2020","1","40.042782","-75.076571","1755","6","0","0","0","0","0","1","0","0","","0","0","0","17","1","1","","5","1","40 02:34.015","6","0","75 04:35.655","3","0","0","0","67301","0","0","0","N","0","0","0","3","67301","0","","1.0","1830.0","1","N","N","N","0","","1","0","1","3","1","N","1750","2","1","0","0","0","0","0","2","0","2","0","0","0","3","03","","N","","","","","","","","","",""
"2020055151","1855","2","0","0","0","0","0","0","0","0","5","0","","67","7","2020","1","39.961472","-75.234806","1852","6","0","0","0","0","0","0","0","0","","0","0","0","18","1","0","N","0","0","39 57:41.300","","0","75 14:05.300","9","0","0","0","67301","0","0","0","N","0","0","0","1","67301","0","","6.0","","1","N","N","N","0","","0","0","0","0","0","","1850","2","0","0","0","0","0","1","2","0","2","0","0","0","3","03","","N","","","","","","","","","",""
"2020052687","1845","0","0","0","0","0","0","0","0","0","7","0","","67","7","2020","5","39.951446","-75.234844","1841","6","0","0","0","0","0","0","0","0","","0","0","0","18","1","1","","1","0","39 57:05.205","","0","75 14:05.438","2","0","1","1","67301","0","0","0","N","0","0","0","1","67301","0","","4.0","","1","N","N","N","0","","0","1","0","0","0","","1830","1","1","0","0","0","0","0","2","0","1","0","0","0","3","03","","N","","","","","","","","","",""
"2020095602","1731","1","0","0","0","0","0","0","0","0","1","0","","67","11","2020","2","40.069134","-75.030453","1726","6","0","0","0","0","0","1","0","0","","0","0","0","17","3","1","N","0","0","40 04:08.883","","0","75 01:49.631","4","0","0","0","67301","0","0","0","N","0","0","0","3","67301","1","","1.0","","1","N","N","N","0","","0","0","1","0","0","","1707","2","1","0","0","0","0","0","2","0","2","0","0","0","3","03","","N","","","","","","","","","",""
"2020052506","0740","2","0","0","0","0","0","0","0","0","4","0","","67","7","2020","6","40.020917","-75.148556","0730","6","0","0","0","0","0","1","0","0","","0","0","0","19","1","1","","2","0","40 01:15.300","","0","75 08:54.800","8","0","0","0","67301","0","0","0","N","0","0","0","2","67301","0","","1.0","","1","N","N","N","0","","0","0","0","0","0","","1928","2","1","0","0","0","1","1","2","0","2","0","0","0","3","03","","N","","","","","","","","","",""
"2020044527","1633","1","0","0","0","0","0","0","0","0","4","0","","67","6","2020","1","39.982958","-75.248357","1625","6","0","0","0","1","0","0","0","0","","0","0","0","15","1","1","","1","0","39 58:58.648","","0","75 14:54.085","3","0","0","0","67301","0","0","0","N","0","0","0","2","67301","0","","1.0","","1","N","N","N","0","","1","0","1","3","3","","1542","2","1","0","0","0","0","0","2","0","2","0","0","0","3","03","","N","","","","","","","","","",""
"2020052099","0351","1","0","0","0","0","0","0","0","0","7","0","","67","6","2020","3","39.971611","-75.121924","0351","6","0","0","0","0","0","0","0","0","","0","0","0","3","3","1","N","0","1","39 58:17.800","1","2","75 07:18.927","8","0","0","0","67301","0","0","0","N","0","0","0","1","68K01","0","","4.0","430.0","1","N","N","N","0","","0","0","0","0","0","N","351","1","1","0","0","0","1","0","2","0","1","0","0","0","3","","","N","","","","","","","","","",""
"2020052603","1012","2","0","0","0","0","0","0","0","0","4","0","","67","7","2020","6","39.980394","-75.19763","0959","6","0","0","0","0","0","0","0","0","","0","0","0","9","1","0","N","0","0","39 58:49.417","","0","75 11:51.469","0","0","0","0","67301","0","0","0","N","0","0","0","2","67301","0","","1.0","","1","N","N","N","0","","0","0","0","0","0","","953","2","0","0","0","0","0","0","2","0","2","0","0","0","3","03","","N","","","","","","","","","",""
"2020052686","1639","0","0","0","0","0","0","0","0","0","8","0","","67","6","2020","7","39.934452","-75.179574","1636","6","0","0","0","0","0","0","0","0","","0","0","0","16","1","1","","1","0","39 56:04.026","","0","75 10:46.467","4","0","0","0","67301","1","0","0","N","1","0","0","3","67301","1","","1.0","","9","N","N","N","0","","0","0","0","3","2","","1635","3","1","0","0","0","0","0","2","0","2","1","0","0","7","04","","N","","","","","","","","","",""
"2020048099","0610","1","0","0","0","0","0","0","0","0","4","0","","67","6","2020","4","39.961299","-75.148194","0607","6","0","0","0","0","0","0","0","1","","0","0","0","6","1","2","","1","0","39 57:40.676","","0","75 08:53.498","3","0","0","0","67301","0","0","0","N","0","0","0","3","67301","0","","1.0","","1","N","N","N","1","","1","0","0","3","2","","606","3","2","0","0","0","1","0","2","1","3","0","0","0","3","03","","N","","","","","","","","","",""
"2020047832","1807","1","0","0","0","0","0","0","0","0","4","0","","67","6","2020","5","39.994154","-75.156229","1807","6","0","0","0","0","0","0","0","0","","0","0","0","17","1","0","","1","0","39 59:38.956","","0","75 09:22.424","0","0","0","0","67301","0","0","0","N","0","0","0","2","67301","0","","1.0","","1","N","N","N","0","","0","0","1","3","2","","1737","2","0","1","0","0","0","0","2","0","2","0","0","0","3","03","","N","","","","","","","","","",""
"2020044521","0150","1","0","0","0","0","0","0","0","0","4","0","","67","6","2020","1","40.005956","-75.093332","0145","6","0","0","0","1","0","0","0","0","","0","0","0","1","3","4","","1","0","40 00:21.442","","0","75 05:35.994","3","0","0","0","67301","0","0","0","N","0","0","0","4","67301","0","","1.0","","1","N","N","N","0","","4","0","1","3","2","","128","2","4","0","0","0","0","0","2","0","2","0","0","0","3","03","","N","","","","","","","","","",""
"2020085137","","1","0","0","0","0","0","0","0","0","4","0","","67","9","2020","4","39.913436","-75.150147","","6","0","0","0","0","0","0","0","0","","0","0","0","17","1","2","N","0","0","39 54:48.370","","0","75 09:00.530","8","0","0","0","67301","0","0","0","N","0","0","0","4","00000","0","","1.0","","1","","","N","0","","0","0","0","0","0","","1700","2","2","0","0","0","2","0","2","1","2","0","0","0","3","","","N","","","","","","","","","",""
"2020052260","1722","1","0","0","0","0","0","0","0","0","4","0","","67","7","2020","6","39.996769","-75.139869","1714","6","0","0","0","0","0","0","0","0","","0","0","0","17","1","1","","1","0","39 59:48.368","","0","75 08:23.528","3","0","0","0","67301","0","0","0","N","0","0","0","3","67301","0","","1.0","","1","N","N","N","1","","1","0","0","3","3","","1704","2","1","0","0","0","0","0","2","0","2","0","0","0","3","03","","N","","","","","","","","","",""
"2020057198","0520","0","0","0","0","0","0","0","0","0","8","0","","67","6","2020","5","39.910347","-75.150855","0510","6","0","0","0","0","0","1","0","0","","0","0","0","5","3","1","","1","0","39 54:37.249","","2","75 09:03.078","4","0","0","0","67301","1","0","0","N","1","0","0","2","68K01","1","","1.0","","1","N","N","N","1","","0","0","0","3","2","","505","2","1","1","0","0","0","0","2","0","1","1","0","0","3","","","N","","","","","","","","","",""
"2020048589","2301","4","0","0","0","0","0","0","0","0","5","0","","67","6","2020","6","39.975378","-75.118906","2300","6","0","0","0","0","0","0","0","0","","0","0","0","22","3","0","N","0","2","39 58:31.360","6","0","75 07:08.060","0","0","0","0","67301","0","0","0","N","0","0","0","1","67301","0","","6.0","0.0","1","N","N","N","0","","0","0","1","0","0","Y","2251","5","0","0","0","0","0","0","2","0","5","0","0","0","3","","","N","","","","","","","","","",""
"2020047382","1140","1","0","0","0","0","0","0","0","0","8","0","","67","6","2020","4","40.068716","-75.06734","1138","6","0","0","0","0","0","0","0","1","","0","0","0","11","1","1","","2","0","40 04:07.379","","0","75 04:02.423","4","0","0","0","67301","1","0","0","N","1","0","0","2","67301","1","","1.0","","1","N","N","N","0","","0","0","0","3","2","","1135","2","1","0","0","0","0","0","2","0","1","1","0","0","3","03","","N","","","","","","","","","",""
"2020010094","0117","1","0","0","0","0","0","0","0","0","7","0","","67","1","2020","2","39.955608","-75.18948","0116","6","0","0","0","0","0","0","0","0","","0","0","0","1","3","0","","1","0","39 57:20.190","","0","75 11:22.129","0","0","0","0","67301","0","0","0","N","0","0","0","2","67507","0","","4.0","","1","N","N","N","0","","0","0","0","3","2","","115","1","0","0","0","0","0","0","2","0","1","0","0","0","3","03","","N","","","","","","","","","",""
"2020089574","0430","2","0","0","0","0","0","0","0","0","5","0","","67","10","2020","1","39.993286","-75.179392","0428","6","0","0","0","0","0","0","0","0","","0","0","0","4","3","0","N","0","2","39 59:35.831","2","0","75 10:45.812","9","0","0","0","67301","0","0","0","N","0","0","0","1","67301","0","","6.0","512.0","1","N","N","N","0","","0","0","1","0","0","Y","411","3","0","0","0","0","0","1","2","0","3","0","0","0","3","","","N","","","","","","","","","",""
"2020081074","1323","0","0","0","0","0","0","0","0","0","4","0","","67","10","2020","5","39.963363","-75.187417","1321","6","0","0","0","0","0","1","0","0","","0","0","0","13","1","0","","1","1","39 57:48.108","3","0","75 11:14.701","0","0","0","1","67301","0","0","0","N","0","0","0","2","67507","0","","1.0","1356.0","1","","","N","0","","0","0","1","3","2","Y","1318","2","0","0","0","0","0","0","2","0","2","0","0","0","3","","","N","","","","","","","","","",""
"2020081969","0049","0","0","0","0","0","0","0","0","0","7","0","","67","9","2020","4","39.981817","-75.207238","0041","6","0","0","0","0","0","0","0","0","","0","0","0","0","3","0","N","0","0","39 58:54.540","","0","75 12:26.058","0","0","0","0","67301","0","0","0","N","0","0","0","2","68K01","0","","3.0","","9","N","N","N","0","","0","0","1","0","0","","37","1","0","0","0","0","0","0","2","0","1","0","0","0","7","07","","N","","","","","","","","","",""
"2020047311","0145","2","0","0","0","0","0","0","0","0","1","0","","67","6","2020","4","39.954611","-75.200278","0140","6","0","0","0","0","0","0","0","0","","0","0","0","1","3","0","N","0","0","39 57:16.600","","0","75 12:01.000","0","0","0","0","67301","0","0","0","N","0","0","0","2","67301","0","","6.0","","1","N","N","N","0","","0","0","0","0","0","","130","2","0","0","0","0","0","0","2","0","2","0","0","0","3","","","N","","","","","","","","","",""
"2020047783","1428","1","0","0","0","0","0","0","0","0","7","0","","67","6","2020","4","39.910774","-75.151913","1407","6","0","0","0","0","0","0","0","0","","0","0","0","14","1","0","N","0","1","39 54:38.785","1","8","75 09:06.885","0","0","0","0","67301","0","0","0","N","0","0","0","1","68K01","0","","2.0","100.0","1","N","N","N","0","","0","0","0","0","0","N","1402","1","0","0","0","0","0","0","2","0","1","0","0","0","3","","","N","","","","","","","","","",""
"2020092362","2210","0","0","0","0","0","0","0","0","0","4","0","","67","10","2020","7","39.979204","-75.161904","2204","6","0","0","0","0","0","0","0","0","","0","0","0","21","2","1","","1","0","39 58:45.135","","0","75 09:42.854","3","0","0","0","67301","0","0","0","N","0","0","0","2","67301","0","","1.0","","1","N","N","N","0","","1","0","1","3","3","","2147","2","1","0","0","0","0","0","2","0","2","0","0","0","3","03","","N","","","","","","","","","",""
"2020092372","2233","2","0","0","0","0","0","0","0","0","4","0","","67","10","2020","3","40.037892","-75.139495","2233","6","0","0","0","0","0","0","0","0","","0","0","0","22","3","2","","1","1","40 02:16.411","6","0","75 08:22.183","3","0","0","0","67301","0","0","0","N","0","0","0","3","67301","0","","1.0","1230.0","2","N","N","Y","0","","2","0","1","3","2","N","2233","3","2","1","0","0","0","0","2","0","3","0","0","0","3","","","N","","","","","","","","","",""
"2020098359","0932","0","0","0","0","0","0","0","0","0","8","0","","67","11","2020","2","39.961185","-75.24707","0931","6","0","0","0","0","0","0","0","0","","0","0","0","9","1","1","","2","2","39 57:40.266","4","0","75 14:49.451","2","0","0","0","67301","1","0","1","N","1","0","1","2","67301","0","","1.0","940.0","1","N","N","N","0","","0","1","1","3","2","Y","929","2","1","0","0","0","0","0","2","0","1","1","0","1","3","03","","N","","","","","","","","","",""