"CRN","ARRIVAL_TM","AUTOMOBILE_COUNT","BELTED_DEATH_COUNT","BELTED_SUSP_SERIOUS_INJ_COUNT","BICYCLE_COUNT","BICYCLE_DEATH_COUNT","BICYCLE_SUSP_SERIOUS_INJ_COUNT","BUS_COUNT","CHLDPAS_DEATH_COUNT","CHLDPAS_SUSP_SERIOUS_INJ_COUNT","COLLISION_TYPE","COMM_VEH_COUNT","CONS_ZONE_SPD_LIM","COUNTY","CRASH_MONTH","CRASH_YEAR","DAY_OF_WEEK","DEC_LATITUDE","DEC_LONGITUDE","DISPATCH_TM","DISTRICT","DRIVER_COUNT_16YR","DRIVER_COUNT_17YR","DRIVER_COUNT_18YR","DRIVER_COUNT_19YR","DRIVER_COUNT_20YR","DRIVER_COUNT_50_64YR","DRIVER_COUNT_65_74YR","DRIVER_COUNT_75PLUS","EST_HRS_CLOSED","FATAL_COUNT","HEAVY_TRUCK_COUNT","HORSE_BUGGY_COUNT","HOUR_OF_DAY","ILLUMINATION","INJURY_COUNT","INTERSECTION_RELATED","INTERSECT_TYPE","LANE_CLOSED","LATITUDE","LN_CLOSE_DIR","LOCATION_TYPE","LONGITUDE","MAX_SEVERITY_LEVEL","MCYCLE_DEATH_COUNT","MCYCLE_SUSP_SERIOUS_INJ_COUNT","MOTORCYCLE_COUNT","MUNICIPALITY","NONMOTR_COUNT","NONMOTR_DEATH_COUNT","NONMOTR_SUSP_SERIOUS_INJ_COUNT","NTFY_HIWY_MAINT","PED_COUNT","PED_DEATH_COUNT","PED_SUSP_SERIOUS_INJ_COUNT","PERSON_COUNT","POLICE_AGCY","POSSIBLE_INJ_COUNT","RDWY_SURF_TYPE_CD","RELATION_TO_ROAD","ROADWAY_CLEARED","ROAD_CONDITION","SCH_BUS_IND","SCH_ZONE_IND","SECONDARY_CRASH","SMALL_TRUCK_COUNT","SPEC_JURIS_CD","SUSP_MINOR_INJ_COUNT","SUSP_SERIOUS_INJ_COUNT","SUV_COUNT","TCD_FUNC_CD","TCD_TYPE","TFC_DETOUR_IND","TIME_OF_DAY","TOTAL_UNITS","TOT_INJ_COUNT","UNBELTED_OCC_COUNT","UNB_DEATH_COUNT","UNB_SUSP_SERIOUS_INJ_COUNT","UNK_INJ_DEG_COUNT","UNK_INJ_PER_COUNT","URBAN_RURAL","VAN_COUNT","VEHICLE_COUNT","VULNERABLE_ROAD_USER_COUNT","VULNERABLE_ROAD_USER_DEATH_COUNT","VULNERABLE_ROAD_USER_SER_INJ_COUNT","WEATHER1","WEATHER2","WORKERS_PRES","WORK_ZONE_IND","WORK_ZONE_LOC","WORK_ZONE_TYPE","WZ_CLOSE_DETOUR","WZ_FLAGGER","WZ_LAW_OFFCR_IND","WZ_LN_CLOSURE","WZ_MOVING","WZ_OTHER","WZ_SHLDER_MDN","WZ_WORKERS_INJ_KILLED"
"2020083032","0354","0","0","0","0","0","0","0","0","0","4","0","","67","10","2020","7","39.99239","-75.142171","0350","6","0","0","0","0","0","0","0","0","","0","0","0","3","3","3","","1","2","39 59:32.605","7","0","75 08:31.814","3","0","0","0","67301","1","0","0","N","1","0","0","5","67301","2","","1.0","600.0","1","N","N","N","0","","1","0","1","3","2","Y","345","3","3","0","0","0","0","0","2","1","2","1","0","0","3","03","","N","","","","","","","","","",""
"2020082035","1947","1","0","0","0","0","0","0","0","0","5","0","","67","10","2020","6","39.959628","-75.239225","1942","6","0","0","0","0","0","1","0","0","","0","0","0","19","3","1","N","0","0","39 57:34.660","","0","75 14:21.210","2","0","1","1","67301","0","0","0","N","0","0","0","2","67301","0","","1.0","","1","N","N","N","0","","0","1","1","0","0","","1935","3","1","0","0","0","0","0","2","0","3","0","0","0","3","","","N","","","","","","","","","",""
"2020080555","2318","1","0","0","0","0","0","0","0","0","7","0","","67","9","2020","3","40.004563","-75.130023","2309","6","0","0","0","0","0","0","0","0","","0","0","0","23","3","1","","2","0","40 00:16.426","","0","75 07:48.082","3","0","0","0","67301","0","0","0","N","0","0","0","1","67301","0","","1.0","","9","N","N","N","0","","1","0","0","0","0","","2309","1","1","0","0","0","0","0","2","0","1","0","0","0","7","07","","N","","","","","","","","","",""
"2020092381","1622","3","0","0","0","0","0","0","0","0","1","0","","67","10","2020","6","39.999922","-75.168278","1619","6","0","0","0","0","0","0","0","0","","0","0","0","16","1","1","N","0","0","39 59:59.720","","0","75 10:05.800","8","0","0","0","67301","0","0","0","N","0","0","0","4","67301","0","","1.0","","1","N","N","N","0","","0","0","0","0","0","","1615","4","1","2","0","0","1","0","2","0","4","0","0","0","4","04","","N","","","","","","","","","",""
"2020048742","1312","0","0","0","0","0","0","0","0","0","4","0","","67","6","2020","1","40.011529","-75.069799","1308","6","0","0","0","0","0","0","0","0","","0","0","0","13","1","1","","1","1","40 00:41.506","2","0","75 04:11.278","3","0","0","1","67301","0","0","0","N","0","0","0","2","67301","0","","1.0","1400.0","1","N","N","N","0","","1","0","0","3","2","N","1300","2","1","0","0","0","0","0","2","1","2","0","0","0","3","","","N","","","","","","","","","",""
"2020089000","1730","1","0","0","0","0","0","0","0","0","8","1","","67","10","2020","3","40.044486","-75.161133","1724","6","0","0","0","0","0","0","0","0","","0","1","0","17","1","1","N","0","0","40 02:40.150","","0","75 09:40.080","8","0","0","0","67301","1","0","0","N","1","0","0","3","67301","0","","1.0","","1","N","N","N","0","","0","0","0","0","0","","1713","3","1","0","0","0","1","0","2","0","2","1","0","0","3","03","","N","","","","","","","","","",""
"2020047556","0010","2","0","0","0","0","0","0","0","0","4","0","","67","6","2020","4","40.022104","-75.055111","0005","6","0","0","0","0","0","0","0","0","","0","0","0","0","3","0","","2","0","40 01:19.575","","0","75 03:18.401","9","0","0","0","67301","0","0","0","N","0","0","0","2","67301","0","","1.0","","1","N","N","N","0","","0","0","2","3","3","","2","4","0","1","0","0","0","1","2","0","4","0","0","0","3","","","N","","","","","","","","","",""
"2020092361","0850","4","0","0","0","0","0","0","0","0","5","0","","67","10","2020","7","39.978408","-75.178242","0840","6","0","0","0","0","0","0","0","0","","0","0","0","5","1","0","N","0","0","39 58:42.270","","0","75 10:41.670","9","0","0","0","67301","0","0","0","N","0","0","0","1","67301","0","","6.0","","1","N","N","N","0","","0","0","0","0","0","","553","4","0","0","0","0","0","1","2","0","4","0","0","0","3","03","","N","","","","","","","","","",""
"2020080867","1609","2","0","0","0","0","0","0","0","0","4","0","","67","9","2020","4","39.999625","-75.190584","1609","6","0","0","0","0","0","0","0","0","","0","0","0","15","1","0","","2","1","39 59:58.649","3","0","75 11:26.101","0","0","0","0","67301","0","0","0","N","0","0","0","2","67301","0","","1.0","100.0","1","N","N","N","0","","0","0","0","3","2","N","1559","2","0","2","0","0","0","0","2","0","2","0","0","0","3","03","","N","","","","","","","","","",""
"2020090518","1420","1","0","0","0","0","0","0","0","0","4","0","","67","10","2020","3","40.050872","-75.066447","1413","6","0","0","0","1","0","1","0","0","","0","0","0","14","1","1","N","0","1","40 03:03.139","2","7","75 03:59.210","3","0","0","0","67301","0","0","0","N","0","0","0","2","67301","0","","1.0","1430.0","1","N","N","N","0","","1","0","1","0","0","N","1413","2","1","0","0","0","0","0","2","0","2","0","0","0","3","03","","N","","","","","","","","","",""
"2020112397","1505","4","0","0","0","0","0","0","0","0","5","0","","67","12","2020","4","39.992022","-75.11975","1500","6","0","0","0","0","0","0","0","0","","0","0","0","15","1","0","N","0","0","39 59:31.280","","0","75 07:11.100","9","0","0","0","67301","0","0","0","N","0","0","0","1","67301","0","","1.0","","1","N","N","N","0","","0","0","0","0","0","","1500","4","0","0","0","0","0","1","2","0","4","0","0","0","3","03","","N","","","","","","","","","",""
"2020082493","2112","2","0","0","0","0","0","0","0","0","4","0","","67","9","2020","3","39.980165","-75.269272","2112","6","0","0","0","0","0","0","0","0","","0","0","0","21","3","2","","1","0","39 58:48.595","","0","75 16:09.378","3","0","0","0","67301","0","0","0","N","0","0","0","2","67301","0","","1.0","","9","N","N","N","0","","2","0","0","3","2","","2112","2","2","0","0","0","0","0","2","0","2","0","0","0","7","07","","N","","","","","","","","","",""
"2020089711","0030","0","0","0","0","0","0","0","0","0","4","0","","67","10","2020","2","40.089186","-75.021009","0014","6","0","0","0","0","0","1","0","0","","0","0","0","0","3","1","","1","0","40 05:21.068","","0","75 01:15.633","4","0","0","0","67301","0","0","0","N","0","0","0","2","67301","1","","1.0","","9","N","N","N","0","","0","0","2","3","2","","2","2","1","0","0","0","0","1","2","0","2","0","0","0","7","","","N","","","","","","","","","",""
"2020089715","0308","2","0","0","0","0","0","0","0","0","1","0","","67","10","2020","7","40.013566","-75.179522","0300","6","0","0","0","0","1","0","0","0","","0","0","0","2","3","0","N","0","1","40 00:48.836","1","0","75 10:46.279","9","0","0","0","67301","0","0","0","N","0","0","0","6","67301","0","","1.0","340.0","1","N","N","N","0","","0","0","0","0","0","N","245","3","0","0","0","0","0","2","2","0","3","0","0","0","3","03","","N","","","","","","","","","",""
"2020082232","0436","0","0","0","0","0","0","0","0","0","7","0","","67","10","2020","1","39.972173","-75.244979","0432","6","0","0","0","0","0","0","0","0","","0","0","0","4","3","1","","1","0","39 58:19.823","","0","75 14:41.924","4","0","0","0","67301","0","0","0","N","0","0","0","2","67301","1","","4.0","","1","N","N","N","0","","0","0","1","0","0","","431","1","1","0","0","0","0","0","2","0","1","0","0","0","3","03","","N","","","","","","","","","",""
"2020103334","0246","0","0","0","0","0","0","0","0","0","7","0","","67","11","2020","7","39.99235","-75.085726","0232","6","0","0","0","0","0","0","0","0","","0","0","0","2","3","0","Y","0","0","39 59:32.459","","0","75 05:08.612","0","0","0","0","67301","0","0","0","Y","0","0","0","1","68K01","0","","7.0","","1","N","N","N","0","","0","0","1","0","0","","229","1","0","0","0","0","0","0","2","0","1","0","0","0","3","","","N","","","","","","","","","",""
"2020080311","2030","2","0","0","0","0","0","0","0","0","4","0","","67","9","2020","2","39.989343","-75.155473","2028","6","0","0","0","0","1","0","0","0","","0","0","0","20","3","0","","1","0","39 59:21.634","","0","75 09:19.704","0","0","0","0","67301","0","0","0","N","0","0","0","3","67301","0","","1.0","","1","N","N","N","0","","0","0","0","3","2","","2027","2","0","0","0","0","0","0","2","0","2","0","0","0","3","03","","N","","","","","","","","","",""
"2020108327","0924","1","0","0","0","0","0","0","0","0","1","0","","67","11","2020","2","39.999426","-75.080492","0858","6","0","0","0","0","0","0","0","0","","0","0","0","8","1","0","Y","0","0","39 59:57.932","","0","75 04:49.772","9","0","0","0","67301","0","0","0","N","0","0","0","2","68K01","0","","1.0","","1","N","N","N","0","","0","0","1","0","0","","855","2","0","0","0","0","0","1","2","0","2","0","0","0","3","","","N","","","","","","","","","",""
"2020090646","1150","2","0","0","0","0","0","0","0","0","4","0","","67","10","2020","7","40.026275","-75.117152","1050","6","0","0","0","0","0","1","0","0","","0","0","0","10","1","0","N","1","0","40 01:34.590","","0","75 07:01.748","9","0","0","0","67301","0","0","0","N","0","0","0","2","67301","0","","1.0","","1","N","N","N","0","","0","0","0","3","2","","1040","2","0","0","0","0","0","1","2","0","2","0","0","0","3","03","","N","","","","","","","","","",""
"2020089886","1043","1","0","0","0","0","0","0","0","0","4","0","","67","10","2020","2","40.003814","-75.157356","1030","6","0","0","0","0","0","1","0","0","","0","0","0","10","1","1","","1","0","40 00:13.730","","0","75 09:26.481","3","0","0","0","67301","0","0","0","N","0","0","0","2","67301","0","","1.0","","9","N","N","N","0","","1","0","1","3","3","","1020","2","1","0","0","0","0","0","2","0","2","0","0","0","7","04","","N","","","","","","","","","",""
"2020092369","0849","8","0","0","0","0","0","0","0","0","1","0","","67","11","2020","1","39.967658","-75.143575","0633","6","0","0","0","0","0","0","0","0","","0","0","0","6","3","0","N","0","0","39 58:03.570","","0","75 08:36.870","9","0","0","0","67301","0","0","0","N","0","0","0","2","67301","0","","1.0","","1","N","N","Y","0","","0","0","0","0","0","","632","8","0","0","0","0","0","1","2","0","8","0","0","0","7","07","","N","","","","","","","","","",""
"2020094828","2205","2","0","0","0","0","0","0","0","0","4","0","","67","11","2020","7","40.064066","-75.149324","2158","6","1","0","0","0","1","0","0","0","","0","0","0","21","3","4","","1","0","40 03:50.637","","0","75 08:57.566","3","0","0","0","67301","0","0","0","N","0","0","0","4","67301","1","","1.0","","1","N","N","N","0","","3","0","0","3","3","","2130","2","4","4","0","0","0","0","2","0","2","0","0","0","3","","","N","","","","","","","","","",""
"2020104957","1538","1","0","0","0","0","0","0","0","0","7","0","","67","11","2020","3","40.022311","-75.078194","1535","6","0","0","0","0","0","0","0","0","","0","0","0","15","1","1","N","0","0","40 01:20.319","","0","75 04:41.497","4","0","0","0","67301","0","0","0","N","0","0","0","1","67301","1","","4.0","","1","N","N","N","0","","0","0","0","0","0","","1535","1","1","0","0","0","0","0","2","0","1","0","0","0","3","03","","N","","","","","","","","","",""
"2020097154","0129","2","0","0","0","0","0","0","0","0","1","0","","67","11","2020","7","39.960801","-75.155699","0126","6","0","0","0","0","1","0","0","0","","0","0","0","1","3","0","N","0","0","39 57:38.884","","0","75 09:20.517","0","0","0","0","67301","0","0","0","N","0","0","0","1","67301","0","","1.0","","1","N","N","N","0","","0","0","0","0","0","","119","2","0","0","0","0","0","0","2","0","2","0","0","0","3","","","N","","","","","","","","","",""
"2020081970","0111","1","0","0","0","0","0","0","0","0","7","0","","67","9","2020","4","39.986883","-75.207956","0103","6","0","0","0","0","0","0","0","0","","0","0","0","1","3","0","N","0","2","39 59:12.779","3","0","75 12:28.640","0","0","0","0","67301","0","0","0","N","0","0","0","1","68K01","0","","3.0","111.0","9","N","N","N","0","","0","0","0","0","0","N","102","1","0","0","0","0","0","0","2","0","1","0","0","0","7","07","","N","","","","","","","","","",""
"2020080312","0729","0","0","0","0","0","0","0","0","0","4","0","","67","9","2020","3","39.985817","-75.152481","0728","6","0","0","0","0","0","0","0","0","","0","0","0","7","1","1","","1","0","39 59:08.941","","0","75 09:08.931","3","0","0","1","67301","0","0","0","N","0","0","0","2","67301","0","","1.0","","1","N","N","N","1","","1","0","0","3","2","","726","2","1","0","0","0","0","0","2","0","2","0","0","0","3","03","","N","","","","","","","","","",""
"2020095606","0200","1","0","0","0","0","0","0","0","0","2","0","","67","11","2020","2","40.011208","-75.105517","0200","6","0","0","0","0","0","0","0","0","","0","0","0","1","3","2","N","0","0","40 00:40.350","","0","75 06:19.860","2","0","0","0","67301","0","0","0","N","0","0","0","2","67301","1","","1.0","","1","N","N","Y","0","","0","1","1","0","0","","145","2","2","0","0","0","0","0","2","0","2","0","0","0","3","03","","N","","","","","","","","","",""
"2020079882","1809","2","0","0","0","0","0","0","0","0","5","0","","67","9","2020","1","39.953725","-75.216067","1809","6","0","0","0","0","0","0","0","0","","0","0","0","17","4","0","N","0","0","39 57:13.410","","0","75 12:57.840","0","0","0","0","67301","0","0","0","N","0","0","0","1","67301","0","","6.0","","1","N","N","N","0","","0","0","1","0","0","","1745","3","0","1","0","0","0","0","2","0","3","0","0","0","3","03","","N","","","","","","","","","",""
"2020094086","2240","3","0","0","0","0","0","0","0","0","1","0","","67","11","2020","5","39.910302","-75.172741","2235","6","0","0","0","0","0","1","0","0","","0","0","0","22","3","0","N","0","0","39 54:37.086","","0","75 10:21.866","9","0","0","0","67301","0","0","0","N","0","0","0","4","67505","0","","1.0","","1","N","N","N","0","","0","0","1","3","2","N","2214","4","0","0","0","0","0","1","2","0","4","0","0","0","3","03","","N","","","","","","","","","",""
"2020094180","0405","1","0","0","0","0","0","0","0","0","6","0","","67","11","2020","6","40.024369","-75.163772","0404","6","0","0","0","0","0","0","0","0","","0","0","0","3","3","0","N","0","2","40 01:27.730","6","0","75 09:49.580","0","0","0","0","67301","0","0","0","N","0","0","0","1","67301","0","","6.0","550.0","1","N","N","N","1","","0","0","0","0","0","N","353","2","0","0","0","0","0","0","2","0","2","0","0","0","3","","","N","","","","","","","","","",""
"2020097798","0407","1","0","0","0","0","0","0","0","0","7","0","","67","11","2020","5","39.93867","-75.142107","0403","6","0","0","0","0","0","0","0","0","","0","0","0","4","3","0","","2","0","39 56:19.213","","2","75 08:31.586","0","0","0","0","67301","0","0","0","N","0","0","0","1","67301","0","","3.0","","9","N","N","N","0","","0","0","0","3","2","","401","1","0","0","0","0","0","0","2","0","1","0","0","0","7","05","","N","","","","","","","","","",""
"2020099984","0840","1","0","0","1","0","0","0","0","0","8","0","","67","11","2020","3","39.951191","-75.232791","0830","6","0","0","0","0","0","0","0","0","","0","0","0","17","3","1","","1","0","39 57:04.287","","0","75 13:58.047","3","0","0","0","67301","1","0","0","N","0","0","0","2","67301","0","","1.0","","99","N","N","N","0","","1","0","0","3","2","","1749","2","1","0","0","0","0","1","2","0","1","1","0","0","99","98","","N","","","","","","","","","",""
"2020094293","0952","2","0","0","0","0","0","0","0","0","4","0","","67","11","2020","6","39.940698","-75.224153","0950","6","0","0","0","0","0","0","1","0","","0","0","0","8","1","0","","1","0","39 56:26.512","","0","75 13:26.950","0","0","0","0","67301","0","0","0","N","0","0","0","2","67301","0","","1.0","","1","N","N","N","0","","0","0","0","3","2","","841","2","0","0","0","0","0","0","2","0","2","0","0","0","3","03","","N","","","","","","","","","",""
"2020094823","1640","0","0","0","0","0","0","0","0","0","1","0","","67","11","2020","7","40.058378","-75.040076","1636","6","0","0","0","0","0","0","1","1","","0","0","0","16","4","1","Y","0","0","40 03:30.160","","0","75 02:24.275","8","0","0","1","67301","0","0","0","N","0","0","0","2","67301","0","","1.0","","1","N","N","N","0","","0","0","0","3","2","","1629","2","1","0","0","0","1","0","2","1","2","0","0","0","3","03","","N","","","","","","","","","",""
"2020098361","1307","2","0","0","0","0","0","0","0","0","1","0","","67","11","2020","7","39.986924","-75.161045","1306","6","0","0","0","0","0","1","0","0","","0","0","0","10","1","1","","1","0","39 59:12.926","","0","75 09:39.762","8","0","0","0","67301","0","0","0","N","0","0","0","3","67301","0","","1.0","","1","N","N","N","0","","0","0","0","3","2","","1000","2","1","0","0","0","1","1","2","0","2","0","0","0","3","03","","N","","","","","","","","","",""
"2020099988","1856","2","0","0","0","0","0","0","0","0","4","0","","67","11","2020","6","","","1854","6","0","0","0","0","0","0","0","0","","0","0","0","18","3","0","N","0","0","","","0","","9","0","0","0","67301","0","0","0","N","0","0","0","4","67301","0","","1.0","","1","N","N","N","0","","0","0","0","0","0","","1824","2","0","0","0","0","0","3","1","0","2","0","0","0","3","03","","N","","","","","","","","","",""
"2020103083","0437","0","0","0","0","0","0","0","0","0","7","0","","67","11","2020","6","40.031569","-75.021521","0434","6","0","0","0","0","0","0","0","0","","0","0","0","4","3","0","N","0","2","40 01:53.647","2","0","75 01:17.474","0","0","0","0","67301","0","0","0","N","0","0","0","1","68K01","0","","4.0","500.0","9","N","N","N","1","","0","0","0","0","0","N","432","1","0","0","0","0","0","0","2","0","1","0","0","0","7","","","N","","","","","","","","","",""
"2020097912","2326","1","0","0","0","0","0","0","0","0","4","0","","67","11","2020","1","40.046784","-75.070288","2322","6","0","0","0","0","0","0","0","0","","0","0","0","22","3","1","","1","0","40 02:48.424","","0","75 04:13.037","2","0","0","0","67301","0","0","0","N","0","0","0","2","67301","0","","4.0","","9","N","N","Y","0","","0","1","1","3","2","","2250","2","1","0","0","0","0","1","2","0","2","0","0","0","3","","","N","","","","","","","","","",""
"2020106628","1005","1","0","0","0","0","0","0","0","0","4","0","","67","12","2020","5","40.03176","-75.109056","0959","6","0","0","0","0","0","1","0","0","","0","0","0","9","1","1","","1","2","40 01:54.336","3","0","75 06:32.601","8","0","0","0","67301","0","0","0","N","0","0","0","3","67301","0","","1.0","1030.0","1","N","N","N","0","","0","0","0","3","2","Y","959","2","1","0","0","0","1","1","2","0","2","0","0","0","3","03","","N","","","","","","","","","",""
"2020079172","1410","0","0","0","0","0","0","0","0","0","8","0","","67","9","2020","5","39.936764","-75.229713","1359","6","0","0","0","0","0","0","0","0","","0","0","0","13","1","1","","1","0","39 56:12.350","","0","75 13:46.966","8","0","0","0","67301","1","0","0","N","1","0","0","2","67301","0","","1.0","","1","N","N","N","0","","0","0","1","3","2","","1354","2","1","1","0","0","1","0","2","0","1","1","0","0","3","03","","N","","","","","","","","","",""
"2020070572","1735","1","0","0","0","0","0","0","0","0","4","0","","67","8","2020","2","40.02026","-75.114068","1735","6","0","0","0","0","0","0","0","0","","0","0","0","17","1","1","","1","0","40 01:12.937","","0","75 06:50.646","3","0","0","1","67301","0","0","0","N","0","0","0","2","67301","0","","1.0","","1","N","N","N","0","","1","0","0","3","2","","1700","2","1","1","0","0","0","0","2","0","2","0","0","0","3","03","","N","","","","","","","","","",""
"2020098017","1700","1","0","0","0","0","0","0","0","0","8","0","","67","11","2020","7","40.022303","-75.162025","1700","6","0","0","0","0","0","0","0","0","","0","0","0","0","3","1","","1","0","40 01:20.289","","0","75 09:43.290","3","0","0","0","67301","1","0","0","N","1","0","0","2","67301","0","","1.0","","1","N","N","N","0","","1","0","0","3","2","","45","2","1","0","0","0","0","1","2","0","1","1","0","0","3","","","N","","","","","","","","","",""
"2020096778","1751","1","0","0","0","0","0","0","0","0","8","0","","67","11","2020","4","40.025366","-75.167624","1750","6","0","0","0","0","0","0","0","0","","0","0","0","17","3","1","","1","0","40 01:31.316","","0","75 10:03.447","8","0","0","0","67301","1","0","0","N","1","0","0","2","67301","0","","1.0","","9","N","N","N","0","","0","0","0","3","2","","1740","2","1","0","0","0","1","0","2","0","1","1","0","0","7","05","","N","","","","","","","","","",""
"2020105381","0202","0","0","0","0","0","0","0","0","0","7","0","","67","12","2020","7","40.011228","-75.061214","0202","6","0","0","0","0","0","0","0","0","","0","0","0","2","3","0","N","0","0","40 00:40.419","","0","75 03:40.372","0","0","0","0","67301","0","0","0","N","0","0","0","1","68K01","0","","3.0","","9","N","N","N","0","","0","0","1","0","0","","201","1","0","0","0","0","0","0","2","0","1","0","0","0","7","07","","N","","","","","","","","","",""
"2020099879","0426","1","0","0","0","0","0","0","0","0","4","0","","67","11","2020","6","39.999227","-75.147381","0400","6","0","0","0","0","0","0","0","0","","0","0","0","3","3","2","","1","1","39 59:57.217","1","0","75 08:50.570","3","0","0","0","67301","0","0","0","N","0","0","0","4","67301","0","","1.0","500.0","1","N","N","N","0","","2","0","0","9","2","Y","357","2","2","0","0","0","0","0","2","1","2","0","0","0","3","03","","N","","","","","","","","","",""
"2020103829","0653","1","0","0","0","0","0","0","0","0","7","0","","67","11","2020","4","39.960856","-75.181812","0623","6","0","0","0","0","1","0","0","0","","0","0","0","6","1","0","N","0","0","39 57:39.081","","3","75 10:54.524","0","0","0","0","67301","0","0","0","N","0","0","0","1","68K01","0","","3.0","","1","N","N","N","0","","0","0","0","0","0","","606","1","0","0","0","0","0","0","2","0","1","0","0","0","3","","","N","","","","","","","","","",""
"2020094646","1247","1","0","0","0","0","0","0","0","0","4","0","","67","11","2020","6","40.041412","-75.120105","1247","6","0","0","0","0","0","0","0","0","","0","0","0","15","1","2","","1","0","40 02:29.083","","0","75 07:12.377","3","0","0","0","67301","0","0","0","N","0","0","0","4","67301","0","","1.0","","1","N","N","N","0","","2","0","1","3","2","","1550","2","2","0","0","0","0","1","2","0","2","0","0","0","3","03","","N","","","","","","","","","",""
"2020097799","2120","0","0","0","0","0","0","0","0","0","8","0","","67","11","2020","7","40.065531","-75.052509","2115","6","0","0","0","0","0","0","0","0","","0","0","0","21","3","1","","1","0","40 03:55.911","","0","75 03:09.031","8","0","0","0","67301","1","0","0","N","1","0","0","2","67301","0","","1.0","","1","N","N","N","1","","0","0","0","3","2","","2110","2","1","0","0","0","1","0","2","0","1","1","0","0","3","03","","N","","","","","","","","","",""
"2020103081","0009","1","0","0","0","0","0","0","0","0","7","0","","67","11","2020","6","39.988191","-75.207299","0009","6","0","0","0","1","0","0","0","0","","0","0","0","0","3","0","N","0","0","39 59:17.488","","0","75 12:26.275","0","0","0","0","67301","0","0","0","N","0","0","0","1","68K01","0","","4.0","","9","N","N","N","0","","0","0","0","0","0","","0","1","0","0","0","0","0","0","2","0","1","0","0","0","7","","","N","","","","","","","","","",""
"2020068238","1600","1","0","0","0","0","0","0","0","0","5","0","","67","8","2020","1","40.098741","-74.986036","1550","6","0","0","0","0","0","0","0","0","","0","0","0","14","1","0","N","0","0","40 05:55.467","","0","74 59:09.731","0","0","0","0","67301","0","0","0","N","0","0","0","3","67301","0","","1.0","","9","N","N","Y","0","","0","0","1","0","0","","1415","2","0","0","0","0","0","0","2","0","2","0","0","0","7","07","","N","","","","","","","","","",""
"2020067670","1307","2","0","0","0","0","0","0","0","0","4","0","","67","8","2020","6","39.9783","-75.246054","1306","6","0","0","0","0","1","0","0","0","","0","0","0","13","1","1","","1","0","39 58:41.881","","0","75 14:45.795","3","0","0","0","67301","0","0","0","N","0","0","0","4","67301","0","","1.0","","1","N","N","N","0","","1","0","1","3","2","","1305","3","1","0","0","0","0","0","2","0","3","0","0","0","3","03","","N","","","","","","","","","",""
"2020091235","1857","2","0","0","0","0","0","0","0","0","1","0","","67","10","2020","7","39.999029","-75.195557","1850","6","0","0","0","0","0","1","0","0","","0","0","0","18","3","0","N","0","1","39 59:56.505","3","0","75 11:44.004","0","0","0","0","67301","0","0","0","N","0","0","0","4","68K01","0","","1.0","1935.0","1","N","N","N","1","","0","0","0","0","0","N","1844","4","0","0","0","0","0","0","2","1","4","0","0","0","3","","","N","","","","","","","","","",""
"2020092965","0835","0","0","0","0","0","0","0","0","0","7","0","","67","11","2020","1","40.032384","-75.180002","0833","6","0","0","0","0","0","0","0","0","","0","0","0","8","3","0","N","0","0","40 01:56.584","","0","75 10:48.006","9","0","0","0","67301","0","0","0","N","0","0","0","1","67301","0","","5.0","","1","N","N","N","0","","0","0","1","0","0","","826","1","0","0","0","0","0","1","2","0","1","0","0","0","3","","","N","","","","","","","","","",""
"2020095302","0900","1","0","0","0","0","0","0","0","0","1","0","","67","11","2020","2","40.043911","-75.128867","0900","6","0","0","0","0","0","0","0","0","","0","0","0","8","1","0","N","0","0","40 02:38.080","","0","75 07:43.920","0","0","0","0","67301","0","0","0","N","0","0","0","1","67301","0","","6.0","","1","N","N","N","0","","0","0","1","0","0","","850","2","0","1","0","0","0","0","2","0","2","0","0","0","3","03","","N","","","","","","","","","",""
"2020097837","2350","1","0","0","0","0","0","0","0","0","4","0","","67","11","2020","1","40.020517","-75.053726","2341","6","0","0","0","0","0","1","0","0","","0","0","0","22","3","1","","1","0","40 01:13.862","","0","75 03:13.412","3","0","0","0","67301","0","0","0","N","0","0","0","3","67301","0","","1.0","","9","N","N","N","0","","1","0","1","9","2","","2240","2","1","0","0","0","0","1","2","0","2","0","0","0","3","03","","N","","","","","","","","","",""
"2020097586","0110","0","0","0","0","0","0","0","0","0","4","0","","67","11","2020","7","39.911222","-75.24285","0104","6","0","0","0","0","0","0","0","0","","0","0","0","0","3","1","","5","0","39 54:40.400","","0","75 14:34.260","3","0","0","0","67301","0","0","0","N","0","0","0","2","67301","0","","1.0","","9","N","N","N","0","","1","0","2","3","2","","36","2","1","0","0","0","0","1","2","0","2","0","0","0","3","","","N","","","","","","","","","",""
"2020101744","1857","1","0","0","0","0","0","0","0","0","4","0","","67","11","2020","4","40.039031","-75.088579","1853","6","0","0","0","0","0","1","0","0","","0","0","0","18","3","1","","2","0","40 02:20.512","","0","75 05:18.886","3","0","0","0","67301","0","0","0","N","0","0","0","3","67301","0","","1.0","","1","N","N","Y","0","","1","0","1","0","0","","1850","2","1","0","0","0","0","0","2","0","2","0","0","0","3","","","N","","","","","","","","","",""