"CRN","ARRIVAL_TM","AUTOMOBILE_COUNT","BELTED_DEATH_COUNT","BELTED_SUSP_SERIOUS_INJ_COUNT","BICYCLE_COUNT","BICYCLE_DEATH_COUNT","BICYCLE_SUSP_SERIOUS_INJ_COUNT","BUS_COUNT","CHLDPAS_DEATH_COUNT","CHLDPAS_SUSP_SERIOUS_INJ_COUNT","COLLISION_TYPE","COMM_VEH_COUNT","CONS_ZONE_SPD_LIM","COUNTY","CRASH_MONTH","CRASH_YEAR","DAY_OF_WEEK","DEC_LATITUDE","DEC_LONGITUDE","DISPATCH_TM","DISTRICT","DRIVER_COUNT_16YR","DRIVER_COUNT_17YR","DRIVER_COUNT_18YR","DRIVER_COUNT_19YR","DRIVER_COUNT_20YR","DRIVER_COUNT_50_64YR","DRIVER_COUNT_65_74YR","DRIVER_COUNT_75PLUS","EST_HRS_CLOSED","FATAL_COUNT","HEAVY_TRUCK_COUNT","HORSE_BUGGY_COUNT","HOUR_OF_DAY","ILLUMINATION","INJURY_COUNT","INTERSECTION_RELATED","INTERSECT_TYPE","LANE_CLOSED","LATITUDE","LN_CLOSE_DIR","LOCATION_TYPE","LONGITUDE","MAX_SEVERITY_LEVEL","MCYCLE_DEATH_COUNT","MCYCLE_SUSP_SERIOUS_INJ_COUNT","MOTORCYCLE_COUNT","MUNICIPALITY","NONMOTR_COUNT","NONMOTR_DEATH_COUNT","NONMOTR_SUSP_SERIOUS_INJ_COUNT","NTFY_HIWY_MAINT","PED_COUNT","PED_DEATH_COUNT","PED_SUSP_SERIOUS_INJ_COUNT","PERSON_COUNT","POLICE_AGCY","POSSIBLE_INJ_COUNT","RDWY_SURF_TYPE_CD","RELATION_TO_ROAD","ROADWAY_CLEARED","ROAD_CONDITION","SCH_BUS_IND","SCH_ZONE_IND","SECONDARY_CRASH","SMALL_TRUCK_COUNT","SPEC_JURIS_CD","SUSP_MINOR_INJ_COUNT","SUSP_SERIOUS_INJ_COUNT","SUV_COUNT","TCD_FUNC_CD","TCD_TYPE","TFC_DETOUR_IND","TIME_OF_DAY","TOTAL_UNITS","TOT_INJ_COUNT","UNBELTED_OCC_COUNT","UNB_DEATH_COUNT","UNB_SUSP_SERIOUS_INJ_COUNT","UNK_INJ_DEG_COUNT","UNK_INJ_PER_COUNT","URBAN_RURAL","VAN_COUNT","VEHICLE_COUNT","VULNERABLE_ROAD_USER_COUNT","VULNERABLE_ROAD_USER_DEATH_COUNT","VULNERABLE_ROAD_USER_SER_INJ_COUNT","WEATHER1","WEATHER2","WORKERS_PRES","WORK_ZONE_IND","WORK_ZONE_LOC","WORK_ZONE_TYPE","WZ_CLOSE_DETOUR","WZ_FLAGGER","WZ_LAW_OFFCR_IND","WZ_LN_CLOSURE","WZ_MOVING","WZ_OTHER","WZ_SHLDER_MDN","WZ_WORKERS_INJ_KILLED"
"2020074256","2359","2","0","0","0","0","0","0","0","0","1","0","","67","9","2020","2","40.010905","-75.078081","2353","6","0","0","0","0","0","0","0","0","","0","0","0","23","2","1","N","0","0","40 00:39.258","","0","75 04:41.091","3","0","0","0","67301","0","0","0","N","0","0","0","2","67301","0","","1.0","","1","N","N","N","0","","1","0","0","0","0","","2340","2","1","0","0","0","0","0","2","0","2","0","0","0","3","03","","N","","","","","","","","","",""
"2020077899","1845","0","0","0","0","0","0","0","0","0","4","0","","67","8","2020","4","39.927932","-75.187639","1842","6","0","0","0","0","0","1","0","0","","0","0","0","18","1","1","","1","0","39 55:40.556","","1","75 11:15.502","3","0","0","1","67301","0","0","0","N","0","0","0","2","67301","0","","1.0","","1","N","N","N","0","","1","0","1","0","0","","1840","2","1","0","0","0","0","0","2","0","2","0","0","0","3","","","N","","","","","","","","","",""
"2020079782","0609","0","0","0","0","0","0","0","0","0","4","0","","67","9","2020","6","39.990539","-75.11843","0608","6","0","0","0","0","0","0","0","0","","0","0","0","6","3","1","","1","0","39 59:25.940","","0","75 07:06.347","3","0","0","0","67301","0","0","0","N","0","0","0","2","67301","0","","1.0","","1","N","N","N","0","","1","0","2","3","2","","600","2","1","1","0","0","0","0","2","0","2","0","0","0","3","03","","N","","","","","","","","","",""
"2020077906","1032","1","0","0","0","0","0","0","0","0","7","0","","67","9","2020","7","39.954417","-75.147917","1031","6","0","0","0","0","0","0","0","0","","0","0","0","10","1","1","N","0","0","39 57:15.900","","4","75 08:52.500","3","0","0","0","67301","0","0","0","N","0","0","0","1","67301","0","","4.0","","1","N","N","N","0","","1","0","0","0","0","","1030","1","1","1","0","0","0","0","2","0","1","0","0","0","3","03","","N","","","","","","","","","",""
"2020071976","1620","2","0","0","0","0","0","0","0","0","4","0","","67","8","2020","6","40.047058","-75.142875","1617","6","0","0","0","0","0","1","0","0","","0","0","0","15","1","1","N","0","0","40 02:49.408","","7","75 08:34.351","3","0","0","0","67301","0","0","0","N","0","0","0","3","67301","0","","1.0","","1","N","N","N","0","","1","0","1","0","0","","1550","3","1","0","0","0","0","0","2","0","3","0","0","0","3","03","","N","","","","","","","","","",""
"2020076449","0839","0","0","0","0","0","0","0","0","0","4","0","","67","9","2020","5","39.958951","-75.228949","0839","6","0","0","0","0","0","0","1","0","","0","0","0","8","1","1","","1","0","39 57:32.225","","0","75 13:44.216","3","0","0","0","67301","0","0","0","N","0","0","0","3","67301","0","","1.0","","1","N","N","N","0","","1","0","1","3","2","","838","2","1","3","0","0","0","0","2","1","2","0","0","0","3","03","","N","","","","","","","","","",""
"2020076372","1753","1","0","0","0","0","0","0","0","0","4","0","","67","9","2020","5","40.007181","-75.147912","1750","6","0","0","0","0","0","0","0","0","","0","0","0","17","1","0","N","1","1","40 00:25.851","1","0","75 08:52.483","9","0","0","0","67301","0","0","0","N","0","0","0","2","67505","0","","1.0","1800.0","1","N","N","N","0","","0","0","1","3","3","N","1745","3","0","0","0","0","0","1","2","1","3","0","0","0","3","03","","N","","","","","","","","","",""
"2020067409","1145","1","0","0","0","0","0","0","0","0","2","0","","67","8","2020","5","40.0019","-75.118639","1139","6","0","0","0","0","0","0","1","0","","0","0","0","11","1","1","N","0","1","40 00:06.840","3","0","75 07:07.100","3","0","0","0","67301","0","0","0","N","0","0","0","2","67301","0","","1.0","1227.0","1","N","N","N","0","","1","0","0","0","0","Y","1128","2","1","2","0","0","0","0","2","1","2","0","0","0","3","","","N","","","","","","","","","",""
"2020078893","0024","1","0","0","0","0","0","0","0","0","4","0","","67","9","2020","3","39.936493","-75.14868","0018","6","0","0","0","0","0","0","0","0","","0","0","0","0","3","0","","1","0","39 56:11.376","","0","75 08:55.247","0","0","0","0","67301","0","0","0","N","0","0","0","2","67301","0","","1.0","","1","N","N","N","0","","0","0","0","9","3","","18","2","0","1","0","0","0","0","2","1","2","0","0","0","3","03","","N","","","","","","","","","",""
"2020069374","2235","0","0","0","0","0","0","0","0","0","7","0","","67","8","2020","1","39.948747","-75.14199","2230","6","0","0","0","0","0","0","0","0","","0","0","0","22","3","1","N","0","1","39 56:55.488","2","0","75 08:31.165","3","0","0","0","67301","0","0","0","N","0","0","0","1","68K01","0","","4.0","1111.0","9","N","N","N","0","","1","0","1","0","0","N","2226","1","1","0","0","0","0","0","2","0","1","0","0","0","7","","","N","","","","","","","","","",""
"2020067312","1454","0","0","0","0","0","0","0","0","0","8","0","","67","8","2020","5","40.044562","-75.144627","1454","6","0","0","0","0","0","0","0","0","","0","0","0","14","1","1","","1","0","40 02:40.423","","0","75 08:40.657","3","0","0","0","67301","1","0","0","N","1","0","0","2","67301","0","","1.0","","1","N","N","N","0","","1","0","0","3","2","","1400","2","1","0","0","0","0","0","2","0","1","1","0","0","3","03","","N","","","","","","","","","",""
"2020069363","0526","1","0","0","0","0","0","0","0","0","7","0","","67","8","2020","7","39.946771","-75.142074","0523","6","0","0","1","0","0","0","0","0","","0","0","0","5","3","1","N","0","1","39 56:48.374","1","0","75 08:31.468","3","0","0","0","67301","0","0","0","N","0","0","0","3","68K01","0","","2.0","635.0","1","N","N","N","0","","1","0","0","0","0","N","520","1","1","0","0","0","0","0","2","0","1","0","0","0","3","","","N","","","","","","","","","",""
"2020075033","1515","1","0","0","0","0","0","0","0","0","8","0","","67","9","2020","1","40.029334","-75.036684","1505","6","0","0","0","0","0","0","0","0","","0","0","0","14","1","2","","1","0","40 01:45.604","","0","75 02:12.063","3","0","0","0","67301","2","0","0","N","2","0","0","3","67301","0","","1.0","","1","N","N","N","0","","2","0","0","3","1","","1435","3","2","0","0","0","0","0","2","0","1","2","0","0","3","03","","N","","","","","","","","","",""
"2020068232","0018","1","0","0","0","0","0","0","0","0","7","0","","67","8","2020","2","40.061457","-75.083441","0014","6","0","0","0","0","0","0","0","0","","0","0","0","0","3","0","N","0","0","40 03:41.245","","0","75 05:00.387","0","0","0","0","67301","0","0","0","N","0","0","0","1","67301","0","","4.0","","1","N","N","N","0","","0","0","0","0","0","","13","1","0","0","0","0","0","0","2","0","1","0","0","0","3","03","","N","","","","","","","","","",""
"2020089228","1657","1","0","0","0","0","0","0","0","0","4","0","","67","10","2020","5","39.969247","-75.166936","1656","6","0","0","0","0","0","0","0","0","","0","0","0","16","1","1","","2","0","39 58:09.288","","0","75 10:00.969","8","0","0","0","67301","0","0","0","N","0","0","0","3","67301","0","","1.0","","1","N","N","N","0","","0","0","1","3","3","","1656","2","1","0","0","0","1","0","2","0","2","0","0","0","3","03","","N","","","","","","","","","",""
"2020109384","1952","1","0","0","0","0","0","0","0","0","1","0","","67","12","2020","6","39.993562","-75.199509","1945","6","0","0","0","1","0","1","0","0","","0","0","0","19","3","0","N","0","1","39 59:36.822","3","0","75 11:58.231","0","0","0","0","67301","0","0","0","N","0","0","0","9","68K01","0","","1.0","2100.0","1","N","N","N","1","","0","0","0","0","0","N","1944","2","0","0","0","0","0","0","2","0","2","0","0","0","3","","","N","","","","","","","","","",""
"2020113935","1745","2","0","0","0","0","0","0","0","0","1","0","","67","12","2020","4","40.004012","-75.171639","1740","6","0","0","0","0","0","0","0","0","","0","0","0","16","1","1","N","0","0","40 00:14.443","","0","75 10:17.900","3","0","0","0","67301","0","0","0","N","0","0","0","3","67301","0","","1.0","","1","N","N","N","0","","1","0","0","0","0","","1657","2","1","0","0","0","0","1","2","0","2","0","0","0","3","03","","N","","","","","","","","","",""
"2020104941","2330","2","0","0","0","0","0","0","0","0","1","0","25","67","12","2020","6","39.911111","-75.163444","2330","6","0","0","0","0","0","1","0","0","","0","0","0","23","3","1","N","0","2","39 54:40.000","3","3","75 09:48.400","4","0","0","0","67301","0","0","0","N","0","0","0","4","67501","1","","1.0","31.0","9","N","N","Y","0","","0","0","1","0","0","Y","2330","3","1","1","0","0","0","0","2","0","3","0","0","0","7","","N","Y","4","1","","","Y","","","","Y","N"
"2020113098","1848","3","0","0","0","0","0","0","0","0","5","0","","67","12","2020","7","40.00496","-75.076043","1844","6","0","0","0","0","0","0","0","0","","0","0","0","18","3","0","N","0","0","40 00:17.857","","0","75 04:33.754","9","0","0","0","67301","0","0","0","N","0","0","0","3","68K01","0","","1.0","","1","N","N","N","0","","0","0","0","0","0","","1836","3","0","0","0","0","0","2","2","0","3","0","0","0","3","","","N","","","","","","","","","",""
"2020113082","2147","2","0","0","0","0","0","0","0","0","1","0","","67","12","2020","5","39.979551","-75.204166","2143","6","0","0","0","0","0","0","0","0","","0","0","0","21","3","0","N","0","1","39 58:46.384","4","0","75 12:14.999","0","0","0","0","67301","0","0","0","N","0","0","0","2","68K01","0","","1.0","2225.0","8","N","N","N","0","","0","0","0","0","0","N","2141","2","0","0","0","0","0","0","2","0","2","0","0","0","7","07","","N","","","","","","","","","",""
"2020084334","1212","1","0","0","0","0","0","0","0","0","4","0","","67","10","2020","7","39.955258","-75.240146","1204","6","0","0","0","0","0","1","0","0","","0","0","0","11","1","1","","1","0","39 57:18.928","","0","75 14:24.525","3","0","0","0","67301","0","0","0","N","0","0","0","2","67301","0","","1.0","","1","N","N","N","1","","1","0","0","3","2","","1143","2","1","0","0","0","0","0","2","0","2","0","0","0","3","03","","N","","","","","","","","","",""
"2020110368","1630","2","0","0","0","0","0","0","0","0","5","0","","67","12","2020","4","40.083358","-74.979483","1615","6","0","0","0","0","0","0","0","0","","0","0","0","15","1","0","N","0","0","40 05:00.090","","7","74 58:46.140","0","0","0","0","67301","0","0","0","N","0","0","0","1","67301","0","","6.0","","7","N","N","N","0","","0","0","0","0","0","","1500","2","0","0","0","0","0","0","2","0","2","0","0","0","10","10","","N","","","","","","","","","",""
"2020075634","0230","2","0","0","0","0","0","0","0","0","4","0","","67","9","2020","1","40.01435","-75.17811","0230","6","0","0","0","0","0","0","0","0","","0","0","0","3","3","3","","1","0","40 00:51.660","","3","75 10:41.196","3","0","0","0","67301","0","0","0","N","0","0","0","3","67301","0","","1.0","","1","N","N","N","0","","2","0","0","3","2","","300","2","3","0","0","0","1","0","2","0","2","0","0","0","3","03","","N","","","","","","","","","",""
"2020068800","1545","1","0","0","0","0","0","0","0","0","1","0","","67","8","2020","2","40.029419","-75.13709","1545","6","0","0","0","0","0","0","0","1","","0","0","0","14","1","0","","1","0","40 01:45.908","","0","75 08:13.524","0","0","0","0","67301","0","0","0","N","0","0","0","1","67301","0","","1.0","","1","N","N","N","0","","0","0","1","3","3","","1430","3","0","0","0","0","0","0","2","0","2","0","0","0","3","03","","N","","","","","","","","","",""
"2020079317","1300","2","0","0","0","0","0","0","0","0","4","0","","67","9","2020","3","39.92899","-75.153614","1251","6","0","0","0","0","0","0","1","0","","0","0","0","12","1","1","","2","0","39 55:44.364","","0","75 09:13.010","4","0","0","0","67301","0","0","0","N","0","0","0","2","67301","1","","1.0","","1","N","N","N","0","","0","0","0","3","3","","1234","2","1","1","0","0","0","1","2","0","2","0","0","0","3","03","","N","","","","","","","","","",""
"2020078252","0049","1","0","0","0","0","0","0","0","0","7","0","45","67","9","2020","7","39.901731","-75.151938","0041","6","0","0","0","0","0","0","0","0","","0","0","0","0","3","0","N","0","0","39 54:06.231","","3","75 09:06.976","0","0","0","0","67301","0","0","0","N","0","0","0","1","68K01","0","","3.0","","1","N","N","N","0","","0","0","0","0","0","","37","1","0","0","0","0","0","0","2","0","1","0","0","0","3","","Y","Y","1","1","N","N","Y","N","N","N","Y","N"
"2020103919","1913","2","0","0","0","0","0","0","0","0","4","0","","67","12","2020","3","40.026943","-75.209429","1910","6","0","0","0","0","0","0","1","0","","0","0","0","18","3","0","","1","2","40 01:36.995","5","0","75 12:33.945","0","0","0","0","67301","0","0","0","N","0","0","0","4","67301","0","","1.0","2100.0","1","N","N","N","0","","0","0","0","3","2","Y","1847","3","0","1","0","0","0","0","2","1","3","0","0","0","3","","","N","","","","","","","","","",""
"2020102363","1823","0","0","0","0","0","0","0","0","0","2","0","","67","11","2020","6","39.950481","-75.23505","1820","6","0","0","0","0","0","0","0","0","","0","0","0","17","4","1","N","0","9","39 57:01.730","","0","75 14:06.180","3","0","0","0","67301","0","0","0","N","0","0","0","2","67301","0","","1.0","","1","N","N","N","0","","1","0","1","0","0","","1752","2","1","0","0","0","0","1","2","0","2","0","0","0","3","03","","N","","","","","","","","","",""
"2020100800","0140","2","0","0","0","0","0","0","0","0","4","0","","67","11","2020","5","40.022097","-75.049264","0135","6","0","0","0","0","0","0","0","0","","0","0","0","1","3","0","N","0","0","40 01:19.550","","0","75 02:57.350","9","0","0","0","67301","0","0","0","N","0","0","0","1","67301","0","","4.0","","1","N","N","N","2","","0","0","0","0","0","","131","4","0","0","0","0","0","1","2","0","4","0","0","0","3","03","","N","","","","","","","","","",""
"2020086174","1015","1","0","0","0","0","0","0","0","0","4","0","","67","10","2020","4","40.059276","-75.044578","1007","6","0","0","0","0","0","1","0","0","","0","0","0","7","1","1","","1","0","40 03:33.392","","0","75 02:40.479","4","0","0","0","67301","0","0","0","N","0","0","0","2","67301","1","","1.0","","1","N","N","N","1","","0","0","0","3","2","","730","2","1","0","0","0","0","0","2","0","2","0","0","0","3","","","N","","","","","","","","","",""
"2020105323","0130","2","0","0","0","0","0","0","0","0","5","0","","67","12","2020","7","40.018083","-75.151","0126","6","0","0","0","0","0","1","0","0","","0","0","0","1","3","1","N","0","0","40 01:05.100","","0","75 09:03.600","3","0","0","0","67301","0","0","0","N","0","0","0","1","67301","0","","6.0","","9","N","N","N","0","","1","0","2","0","0","","125","4","1","1","0","0","0","0","2","0","4","0","0","0","7","","","N","","","","","","","","","",""
"2020106973","2100","1","0","0","0","0","0","0","0","0","1","0","","67","12","2020","3","39.997396","-75.153708","2100","6","0","0","0","0","0","0","1","0","","0","0","0","20","3","2","N","0","2","39 59:50.626","2","0","75 09:13.350","3","0","0","0","67301","0","0","0","N","0","0","0","2","67301","0","","1.0","300.0","1","N","N","N","0","","1","0","1","3","2","Y","2011","2","2","0","0","0","1","0","2","0","2","0","0","0","3","03","","N","","","","","","","","","",""
"2020105883","1744","2","0","0","0","0","0","0","0","0","4","0","","67","12","2020","2","39.974964","-75.151608","1744","6","0","0","0","0","0","0","0","0","","0","0","0","17","3","2","","2","0","39 58:29.870","","0","75 09:05.788","4","0","0","0","67301","0","0","0","N","0","0","0","3","67301","2","","1.0","","1","N","N","N","0","","0","0","0","3","2","","1741","2","2","0","0","0","0","1","2","0","2","0","0","0","3","03","","N","","","","","","","","","",""
"2020085485","2259","0","0","0","0","0","0","0","0","0","4","0","","67","10","2020","3","40.02026","-75.114068","2258","6","0","0","0","0","0","1","0","0","","0","0","0","20","3","1","","1","0","40 01:12.937","","0","75 06:50.646","3","0","0","1","67301","0","0","0","N","0","0","0","2","67301","0","","1.0","","1","N","N","N","0","","1","0","1","3","2","","2000","2","1","1","0","0","0","0","2","0","2","0","0","0","3","03","","N","","","","","","","","","",""
"2020085483","0820","4","0","0","0","0","0","0","0","0","2","0","","67","10","2020","2","40.005911","-75.138194","0804","6","0","0","0","1","0","0","0","0","","0","0","0","7","1","0","","1","0","40 00:21.279","","0","75 08:17.498","0","0","0","0","67301","0","0","0","N","0","0","0","2","67301","0","","1.0","","9","N","N","Y","0","","0","0","1","3","3","","705","5","0","1","0","0","0","0","2","0","5","0","0","0","7","07","","N","","","","","","","","","",""
"2020104511","1555","1","0","0","0","0","0","0","0","0","4","0","","67","12","2020","5","39.921054","-75.224167","1550","6","0","0","0","0","0","0","0","0","","0","0","0","15","1","1","","1","1","39 55:15.795","4","0","75 13:27.001","2","0","0","0","67301","0","0","0","N","0","0","0","3","67301","0","","1.0","1730.0","1","N","N","N","0","","0","1","0","3","2","Y","1541","2","1","0","0","0","0","2","2","0","2","0","0","0","3","","","N","","","","","","","","","",""
"2020107394","0110","2","0","0","0","0","0","0","0","0","5","0","","67","12","2020","1","39.956229","-75.194764","0100","6","0","0","0","0","0","0","0","0","","0","0","0","0","3","1","N","0","0","39 57:22.424","","0","75 11:41.149","8","0","0","0","67301","0","0","0","N","0","0","0","2","67301","0","","1.0","","1","N","N","N","0","","0","0","0","0","0","","55","2","1","0","0","0","1","1","2","0","2","0","0","0","3","03","","N","","","","","","","","","",""
"2020085477","2145","2","0","1","0","0","0","0","0","0","4","0","","67","10","2020","7","39.964333","-75.160913","2143","6","0","0","0","0","0","0","0","0","","0","0","0","21","3","3","N","0","0","39 57:51.599","","0","75 09:39.288","2","0","0","0","67301","0","0","0","N","0","0","0","4","67301","0","","1.0","","1","N","N","N","0","","2","1","0","0","0","","2143","2","3","0","0","0","0","1","2","0","2","0","0","0","3","03","","N","","","","","","","","","",""
"2020112153","2337","0","0","0","0","0","0","0","0","0","1","0","","67","12","2020","6","39.936711","-75.227179","2336","6","0","0","0","0","0","0","0","0","","0","0","0","22","3","1","","1","0","39 56:12.159","","0","75 13:37.844","8","0","0","0","67301","0","0","0","N","0","0","0","3","67301","0","","1.0","","1","N","N","N","0","","0","0","2","3","2","","2256","2","1","0","0","0","1","0","2","0","2","0","0","0","3","03","","N","","","","","","","","","",""
"2020100809","1912","2","0","0","0","0","0","0","0","0","1","0","","67","11","2020","2","40.033711","-75.131106","1911","6","0","0","1","0","1","0","0","0","","0","0","0","18","3","1","N","0","1","40 02:01.360","2","0","75 07:51.980","3","0","0","0","67301","0","0","0","N","0","0","0","5","67301","0","","1.0","1930.0","1","N","N","N","0","","1","0","1","0","0","N","1831","3","1","0","0","0","0","0","2","0","3","0","0","0","3","03","","N","","","","","","","","","",""
"2020105206","1155","1","0","0","0","0","0","0","0","0","4","0","","67","12","2020","1","40.049044","-75.094661","1150","6","0","0","0","0","0","0","0","0","","0","0","0","11","1","1","","1","0","40 02:56.557","","0","75 05:40.778","4","0","0","0","67301","0","0","0","N","0","0","0","2","67301","1","","1.0","","1","N","N","Y","0","","0","0","1","3","3","","1149","2","1","0","0","0","0","0","2","0","2","0","0","0","3","","","N","","","","","","","","","",""
"2020113766","2315","1","0","0","0","0","0","0","0","0","4","0","","67","12","2020","3","40.011746","-75.076091","2310","6","0","0","0","0","0","0","0","0","","0","0","0","22","3","1","","2","1","40 00:42.286","1","0","75 04:33.927","4","0","0","0","67301","0","0","0","N","0","0","0","3","67301","1","","1.0","55.0","1","N","N","N","1","","0","0","0","0","0","N","2243","2","1","1","0","0","0","0","2","0","2","0","0","0","3","03","","N","","","","","","","","","",""
"2020085393","1554","0","0","0","0","0","0","0","0","0","8","0","","67","10","2020","1","40.044927","-75.170107","1554","6","0","0","0","0","0","0","0","0","","0","0","0","14","1","1","","1","0","40 02:41.737","","0","75 10:12.385","3","0","0","0","67301","1","0","0","N","1","0","0","2","67301","0","","1.0","","1","N","N","N","0","","1","0","0","3","3","","1400","2","1","0","0","0","0","1","2","0","1","1","0","0","4","04","","N","","","","","","","","","",""
"2020113264","1110","1","0","0","0","0","0","0","0","0","7","0","","67","12","2020","1","39.945042","-75.142434","1110","6","0","0","0","0","0","0","0","0","","0","0","0","11","1","0","N","0","1","39 56:42.151","1","0","75 08:32.763","0","0","0","0","67301","0","0","0","N","0","0","0","1","68K01","0","","4.0","1151.0","1","N","N","N","0","","0","0","0","0","0","N","1106","1","0","0","0","0","0","0","2","0","1","0","0","0","3","","","N","","","","","","","","","",""
"2020113603","2123","3","0","0","0","0","0","0","0","0","5","0","","67","12","2020","6","40.017296","-75.173337","2121","6","0","0","0","1","0","0","0","0","","0","0","0","21","3","0","N","0","0","40 01:02.267","","0","75 10:24.014","9","0","0","0","67301","0","0","0","N","0","0","0","3","67301","0","","1.0","","1","N","N","Y","0","","0","0","0","0","0","","2103","3","0","0","0","0","0","2","2","0","3","0","0","0","3","","","N","","","","","","","","","",""
"2020086342","1327","0","0","0","1","0","0","0","0","0","8","0","","67","10","2020","5","39.922831","-75.184119","1321","6","0","0","0","0","0","0","0","0","","0","0","0","13","1","1","N","0","0","39 55:22.193","","7","75 11:02.828","3","0","0","0","67301","1","0","0","N","0","0","0","2","67301","0","","1.0","","1","N","N","N","0","","1","0","0","0","0","","1320","2","1","0","0","0","0","0","2","1","1","1","0","0","3","03","","N","","","","","","","","","",""
"2020104393","0919","1","0","0","0","0","0","0","0","0","4","0","","67","12","2020","5","39.995651","-75.078741","0910","6","0","0","0","0","0","1","0","0","","0","0","0","9","1","1","","1","0","39 59:44.343","","0","75 04:43.467","3","0","0","0","67301","0","0","0","N","0","0","0","2","67301","0","","1.0","","1","N","N","N","1","","1","0","0","3","3","","909","2","1","0","0","0","0","0","2","0","2","0","0","0","3","","","N","","","","","","","","","",""
"2020107816","0922","2","0","0","0","0","0","0","0","0","1","0","","67","12","2020","1","40.072703","-75.156103","0836","6","0","0","0","0","0","0","1","0","","0","0","0","8","1","1","N","0","0","40 04:21.730","","0","75 09:21.970","8","0","0","0","67301","0","0","0","N","0","0","0","2","67301","0","","1.0","","1","N","N","N","0","","0","0","0","3","2","","817","2","1","0","0","0","1","1","2","0","2","0","0","0","3","","","N","","","","","","","","","",""
"2020083697","1651","2","0","0","0","0","0","0","0","0","4","0","","67","10","2020","5","39.982397","-75.186686","1644","6","0","0","1","1","0","0","0","0","","0","0","0","16","1","3","","1","0","39 58:56.629","","0","75 11:12.069","3","0","0","0","67301","0","0","0","N","0","0","0","4","67301","1","","1.0","","1","N","N","N","0","","2","0","0","3","2","","1640","2","3","0","0","0","0","0","2","0","2","0","0","0","3","","","N","","","","","","","","","",""
"2020104512","1250","0","0","0","0","0","0","0","0","0","4","0","","67","12","2020","6","40.044819","-75.181695","1250","6","0","0","0","0","1","0","0","0","","0","0","0","12","1","0","","1","0","40 02:41.350","","0","75 10:54.103","0","0","0","0","67301","0","0","0","N","0","0","0","2","67301","0","","1.0","","9","N","N","N","1","","0","0","2","3","2","","1250","3","0","2","0","0","0","0","2","0","3","0","0","0","7","07","","N","","","","","","","","","",""
"2020113276","1217","1","0","0","0","0","0","0","0","0","7","0","","67","12","2020","3","40.0134","-75.057311","1214","6","0","0","0","1","0","0","0","0","","0","0","0","12","1","1","N","0","1","40 00:48.239","1","0","75 03:26.320","4","0","0","0","67301","0","0","0","N","0","0","0","2","68K01","1","","4.0","30.0","1","N","N","N","0","","0","0","1","0","0","N","1214","2","1","0","0","0","0","0","2","0","2","0","0","0","3","","","N","","","","","","","","","",""
"2020111645","0925","1","0","0","0","0","0","0","0","0","5","0","","67","12","2020","2","39.938303","-75.142335","0917","6","0","0","0","0","0","0","0","0","","0","0","0","9","1","1","N","0","0","39 56:17.892","","0","75 08:32.407","4","0","0","0","67301","0","0","0","N","0","0","0","3","67301","1","","1.0","","9","N","N","N","0","","0","0","1","0","0","","917","2","1","0","0","0","0","0","2","0","2","0","0","0","3","04","","N","","","","","","","","","",""
"2020104394","1133","0","0","0","0","0","0","0","0","0","8","0","","67","12","2020","5","39.993443","-75.150741","1131","6","0","0","0","0","0","0","0","0","","0","0","0","11","1","1","N","0","0","39 59:36.396","","0","75 09:02.668","8","0","0","0","67301","1","0","0","N","1","0","0","2","67301","0","","1.0","","1","N","N","N","0","","0","0","0","9","2","","1130","2","1","0","0","0","1","1","2","0","1","1","0","0","3","03","","N","","","","","","","","","",""
"2020112232","2135","1","0","0","0","0","0","0","0","0","6","0","","67","12","2020","6","39.960609","-75.16185","2134","6","0","0","0","0","0","0","0","0","","0","0","0","21","3","1","N","0","1","39 57:38.193","1","0","75 09:42.659","8","0","0","0","67301","0","0","0","N","0","0","0","2","67301","0","","1.0","30.0","1","N","N","N","0","","0","0","1","0","0","N","2130","2","1","0","0","0","1","0","2","0","2","0","0","0","3","03","","N","","","","","","","","","",""
"2020088211","0845","1","0","0","0","0","0","0","0","0","8","0","","67","10","2020","6","40.015043","-75.135168","0845","6","0","0","0","0","0","0","0","0","","0","0","0","8","1","1","","1","0","40 00:54.154","","0","75 08:06.604","2","0","0","0","67301","1","0","1","N","1","0","1","2","67301","0","","4.0","","1","N","N","N","0","","0","1","0","9","1","","830","2","1","0","0","0","0","0","2","0","1","1","0","1","3","03","","N","","","","","","","","","",""
"2020110821","0543","2","0","0","0","0","0","0","0","0","2","0","","67","12","2020","4","40.03905","-75.191703","0530","6","0","0","0","0","0","2","0","0","","0","0","0","5","3","4","Y","0","2","40 02:20.579","5","0","75 11:30.129","4","0","0","0","67301","0","0","0","N","0","0","0","5","67301","1","","1.0","716.0","9","N","N","N","1","","0","0","0","3","2","Y","520","3","4","1","0","0","3","1","2","0","3","0","0","0","6","","","N","","","","","","","","","",""
"2020099344","1045","1","0","0","0","0","0","0","0","0","8","0","","67","11","2020","4","","","1030","6","0","0","0","0","0","0","0","0","","0","0","0","9","1","1","","2","0","","","0","","8","0","0","0","67301","1","0","0","N","1","0","0","2","67301","0","","1.0","","1","N","N","N","0","","0","0","0","0","0","","900","2","1","1","0","0","1","0","1","0","1","1","0","0","3","03","","N","","","","","","","","","",""
"2020107488","1811","1","0","0","0","0","0","0","0","0","8","0","","67","12","2020","7","40.051056","-75.061639","1802","6","0","0","0","0","0","0","0","0","","0","0","0","17","3","1","N","0","0","40 03:03.800","","7","75 03:41.900","3","0","0","0","67301","1","0","0","N","1","0","0","2","67301","0","","1.0","","1","N","N","N","0","","1","0","0","0","0","","1753","2","1","0","0","0","0","0","2","0","1","1","0","0","3","03","","N","","","","","","","","","",""