"CRN","ARRIVAL_TM","AUTOMOBILE_COUNT","BELTED_DEATH_COUNT","BELTED_SUSP_SERIOUS_INJ_COUNT","BICYCLE_COUNT","BICYCLE_DEATH_COUNT","BICYCLE_SUSP_SERIOUS_INJ_COUNT","BUS_COUNT","CHLDPAS_DEATH_COUNT","CHLDPAS_SUSP_SERIOUS_INJ_COUNT","COLLISION_TYPE","COMM_VEH_COUNT","CONS_ZONE_SPD_LIM","COUNTY","CRASH_MONTH","CRASH_YEAR","DAY_OF_WEEK","DEC_LATITUDE","DEC_LONGITUDE","DISPATCH_TM","DISTRICT","DRIVER_COUNT_16YR","DRIVER_COUNT_17YR","DRIVER_COUNT_18YR","DRIVER_COUNT_19YR","DRIVER_COUNT_20YR","DRIVER_COUNT_50_64YR","DRIVER_COUNT_65_74YR","DRIVER_COUNT_75PLUS","EST_HRS_CLOSED","FATAL_COUNT","HEAVY_TRUCK_COUNT","HORSE_BUGGY_COUNT","HOUR_OF_DAY","ILLUMINATION","INJURY_COUNT","INTERSECTION_RELATED","INTERSECT_TYPE","LANE_CLOSED","LATITUDE","LN_CLOSE_DIR","LOCATION_TYPE","LONGITUDE","MAX_SEVERITY_LEVEL","MCYCLE_DEATH_COUNT","MCYCLE_SUSP_SERIOUS_INJ_COUNT","MOTORCYCLE_COUNT","MUNICIPALITY","NONMOTR_COUNT","NONMOTR_DEATH_COUNT","NONMOTR_SUSP_SERIOUS_INJ_COUNT","NTFY_HIWY_MAINT","PED_COUNT","PED_DEATH_COUNT","PED_SUSP_SERIOUS_INJ_COUNT","PERSON_COUNT","POLICE_AGCY","POSSIBLE_INJ_COUNT","RDWY_SURF_TYPE_CD","RELATION_TO_ROAD","ROADWAY_CLEARED","ROAD_CONDITION","SCH_BUS_IND","SCH_ZONE_IND","SECONDARY_CRASH","SMALL_TRUCK_COUNT","SPEC_JURIS_CD","SUSP_MINOR_INJ_COUNT","SUSP_SERIOUS_INJ_COUNT","SUV_COUNT","TCD_FUNC_CD","TCD_TYPE","TFC_DETOUR_IND","TIME_OF_DAY","TOTAL_UNITS","TOT_INJ_COUNT","UNBELTED_OCC_COUNT","UNB_DEATH_COUNT","UNB_SUSP_SERIOUS_INJ_COUNT","UNK_INJ_DEG_COUNT","UNK_INJ_PER_COUNT","URBAN_RURAL","VAN_COUNT","VEHICLE_COUNT","VULNERABLE_ROAD_USER_COUNT","VULNERABLE_ROAD_USER_DEATH_COUNT","VULNERABLE_ROAD_USER_SER_INJ_COUNT","WEATHER1","WEATHER2","WORKERS_PRES","WORK_ZONE_IND","WORK_ZONE_LOC","WORK_ZONE_TYPE","WZ_CLOSE_DETOUR","WZ_FLAGGER","WZ_LAW_OFFCR_IND","WZ_LN_CLOSURE","WZ_MOVING","WZ_OTHER","WZ_SHLDER_MDN","WZ_WORKERS_INJ_KILLED"
"2020113739","2120","3","0","0","0","0","0","0","0","0","4","0","","67","12","2020","3","39.974566","-75.183467","2116","6","0","0","0","0","0","0","0","0","","0","0","0","21","3","0","","1","0","39 58:28.437","","0","75 11:00.481","9","0","0","0","67301","0","0","0","N","0","0","0","4","67301","0","","1.0","","1","N","N","N","0","","0","0","0","3","2","","2115","3","0","0","0","0","0","3","2","0","3","0","0","0","3","03","","N","","","","","","","","","",""
"2020085290","0807","2","0","0","0","0","0","0","0","0","7","0","55","67","10","2020","5","39.98228","-75.100227","0751","6","0","0","0","0","1","1","0","0","","0","0","0","7","1","0","N","0","1","39 58:56.209","1","0","75 06:00.817","0","0","0","0","67301","0","0","0","N","0","0","0","3","68K01","0","","3.0","930.0","1","N","N","N","1","","0","0","0","0","0","N","751","3","0","0","0","0","0","0","2","0","3","0","0","0","3","03","N","Y","2","1","","","N","","","","Y","N"
"2020083140","1105","1","0","0","0","0","0","0","0","0","8","0","","67","10","2020","4","39.987544","-75.129599","1059","6","0","0","0","0","0","0","0","0","","0","0","0","10","1","1","","5","0","39 59:15.158","","1","75 07:46.556","3","0","0","0","67301","1","0","0","N","0","0","0","2","67301","0","","1.0","","1","N","N","N","0","","1","0","0","3","2","","1058","2","1","0","0","0","0","0","2","0","1","1","0","0","3","03","","N","","","","","","","","","",""
"2020101358","2020","1","0","0","1","0","0","0","0","0","8","0","","67","11","2020","6","39.948439","-75.166205","2012","6","0","0","0","0","0","1","0","0","","0","0","0","20","3","1","","1","0","39 56:54.380","","0","75 09:58.337","8","0","0","0","67301","1","0","0","N","0","0","0","2","67301","0","","1.0","","1","N","N","N","0","","0","0","0","3","2","","2010","2","1","0","0","0","1","0","2","0","1","1","0","0","3","","","N","","","","","","","","","",""
"2020112959","1855","0","0","0","0","0","0","0","0","0","4","0","","67","12","2020","7","39.95675","-75.138917","1851","6","0","0","1","0","0","0","0","0","","0","0","0","18","1","2","","2","0","39 57:24.300","","0","75 08:20.100","3","0","0","0","67301","0","0","0","N","0","0","0","4","67301","0","","1.0","","1","N","N","N","0","","2","0","2","3","2","","1846","2","2","0","0","0","0","0","2","0","2","0","0","0","3","03","","N","","","","","","","","","",""
"2020085332","1302","1","0","0","0","0","0","0","0","0","7","0","55","67","10","2020","2","39.960711","-75.140143","1259","6","0","0","0","0","0","0","0","0","","0","0","0","12","1","1","N","0","1","39 57:38.559","5","0","75 08:24.515","8","0","0","0","67301","0","0","0","Y","0","0","0","1","68K01","0","","3.0","140.0","1","N","N","N","0","","0","0","0","0","0","N","1255","1","1","0","0","0","1","0","2","0","1","0","0","0","4","04","N","Y","4","1","","","N","","","","Y","N"
"2020090788","1947","1","0","0","0","0","0","0","0","0","7","0","","67","10","2020","6","39.950948","-75.141567","1936","6","0","0","0","1","0","1","0","0","","0","0","0","19","1","2","N","0","1","39 57:03.414","2","0","75 08:29.640","3","0","0","0","67301","0","0","0","N","0","0","0","5","68K01","1","","4.0","2028.0","9","N","N","N","0","","1","0","1","0","0","N","1934","2","2","0","0","0","0","0","2","0","2","0","0","0","7","","","N","","","","","","","","","",""
"2020113158","0957","3","0","0","0","0","0","0","0","0","5","0","","67","12","2020","6","39.958769","-75.240104","0953","6","0","0","0","0","0","0","0","0","","0","0","0","9","1","0","N","0","0","39 57:31.568","","0","75 14:24.374","0","0","0","0","67301","0","0","0","N","0","0","0","1","67301","0","","1.0","","1","N","N","N","0","","0","0","0","0","0","","950","4","0","0","0","0","0","0","2","0","3","0","0","0","3","03","","N","","","","","","","","","",""
"2020099343","1104","1","0","0","0","0","0","0","0","0","2","0","","67","10","2020","2","40.041057","-75.1443","1104","6","0","0","0","0","0","0","0","0","","0","0","0","12","1","0","N","0","0","40 02:27.806","","0","75 08:39.480","0","0","0","0","67301","0","0","0","N","0","0","0","2","67301","0","","1.0","","1","N","N","N","0","","0","0","0","3","2","","1204","2","0","0","0","0","0","0","2","1","2","0","0","0","3","03","","N","","","","","","","","","",""
"2020086349","0743","1","0","0","0","0","0","0","0","0","5","0","","67","10","2020","6","40.038551","-75.142418","0740","6","0","0","0","0","0","0","0","0","","0","0","0","6","5","1","N","0","0","40 02:18.783","","0","75 08:32.706","3","0","0","0","67301","0","0","0","N","0","0","0","2","67301","0","","1.0","","1","N","N","N","0","","1","0","0","0","0","","645","2","1","0","0","0","0","0","2","1","2","0","0","0","4","","","N","","","","","","","","","",""
"2020112468","0620","1","0","0","0","0","0","0","0","0","5","0","","67","12","2020","7","39.990722","-75.122383","0620","6","0","0","0","0","0","1","0","0","","0","0","0","6","3","0","N","0","0","39 59:26.600","","0","75 07:20.580","0","0","0","0","67301","0","0","0","N","0","0","0","1","67301","0","","6.0","","1","N","N","N","0","","0","0","1","0","0","","620","2","0","1","0","0","0","0","2","0","2","0","0","0","3","03","","N","","","","","","","","","",""
"2020099123","1615","2","0","0","0","0","0","0","0","0","2","0","","67","11","2020","4","39.983969","-75.237789","1602","6","0","0","0","0","0","2","0","0","","0","0","0","15","1","0","N","0","0","39 59:02.290","","3","75 14:16.040","9","0","0","0","67301","0","0","0","N","0","0","0","4","67301","0","","1.0","","1","N","N","N","0","","0","0","2","0","0","","1545","4","0","0","0","0","0","1","2","0","4","0","0","0","3","","","N","","","","","","","","","",""
"2020104027","1533","1","0","0","0","0","0","0","0","0","1","0","","67","12","2020","4","40.088963","-74.969495","1523","6","0","0","0","0","0","0","0","0","","0","0","0","15","1","1","Y","0","1","40 05:20.265","2","7","74 58:10.182","4","0","0","0","67301","0","0","0","N","0","0","0","4","67301","1","","1.0","30.0","1","N","N","N","0","","0","0","2","3","2","N","1517","3","1","0","0","0","0","0","2","0","3","0","0","0","3","03","","N","","","","","","","","","",""
"2020113449","1656","1","0","0","0","0","0","0","0","0","4","0","","67","12","2020","3","39.998344","-75.110067","1655","6","0","0","0","0","1","0","0","0","","0","0","0","16","3","0","N","0","0","39 59:54.040","","1","75 06:36.240","9","0","0","0","67301","0","0","0","N","0","0","0","3","67301","0","","1.0","","1","N","N","N","0","","0","0","1","0","0","","1645","3","0","0","0","0","0","1","2","1","3","0","0","0","3","04","","N","","","","","","","","","",""
"2020101954","1350","1","0","0","0","0","0","0","0","0","8","0","","67","11","2020","2","39.97699","-75.155999","1343","6","0","0","0","0","0","0","0","0","","0","0","0","14","1","1","","1","0","39 58:37.164","","0","75 09:21.596","3","0","0","0","67301","1","0","0","N","1","0","0","2","67301","0","","1.0","","1","N","N","N","0","","1","0","0","9","1","","1400","2","1","0","0","0","0","0","2","0","1","1","0","0","3","03","","N","","","","","","","","","",""
"2020083560","1856","1","0","0","0","0","0","0","0","0","8","0","","67","10","2020","4","40.032269","-75.045556","1851","6","0","0","0","0","0","0","0","0","","0","0","0","18","3","1","","1","1","40 01:56.168","2","0","75 02:44.001","2","0","0","0","67301","1","0","1","N","1","0","1","3","67301","0","","1.0","330.0","1","N","N","Y","0","","0","1","0","3","2","Y","1840","3","1","0","0","0","0","0","2","1","2","1","0","1","3","03","","N","","","","","","","","","",""
"2020108244","0950","1","0","0","0","0","0","0","0","0","4","0","","67","12","2020","4","40.021603","-75.094033","0940","6","0","0","0","0","0","0","0","0","","0","0","0","9","1","1","","3","0","40 01:17.770","","0","75 05:38.520","8","0","0","0","67301","0","0","0","N","0","0","0","3","67508","0","","1.0","","1","N","N","Y","0","","0","0","1","3","2","","940","2","1","1","0","0","1","0","2","0","2","0","0","0","3","03","","N","","","","","","","","","",""
"2020113156","1718","1","0","0","0","0","0","0","0","0","8","0","","67","12","2020","1","40.054801","-75.198788","1712","6","0","0","0","0","0","0","0","0","","0","0","0","17","3","1","","1","0","40 03:17.284","","0","75 11:55.637","3","0","0","0","67301","1","0","0","N","1","0","0","1","67301","0","","1.0","","1","N","N","Y","0","","1","0","0","3","1","","1710","2","1","0","0","0","0","0","2","0","1","1","0","0","3","","","N","","","","","","","","","",""
"2020099989","0108","1","0","0","0","0","0","0","0","0","4","0","","67","11","2020","7","39.981144","-75.164732","0104","6","0","0","0","0","0","0","0","0","","0","0","0","0","3","0","","1","0","39 58:52.118","","0","75 09:53.035","0","0","0","0","67301","0","0","0","N","0","0","0","2","67301","0","","1.0","","1","N","N","N","0","","0","0","1","9","3","","28","2","0","0","0","0","0","0","2","0","2","0","0","0","3","03","","N","","","","","","","","","",""
"2020106887","1921","0","0","0","0","0","0","0","0","0","8","0","","67","12","2020","5","39.9837","-75.184783","1919","6","0","0","0","0","0","1","0","0","","0","0","0","19","3","1","","1","0","39 59:01.320","","0","75 11:05.218","3","0","0","0","67301","1","0","0","N","1","0","0","2","67301","0","","1.0","","1","N","N","N","0","","1","0","1","3","3","","1909","2","1","0","0","0","0","0","2","0","1","1","0","0","3","","","N","","","","","","","","","",""
"2020107346","0043","1","0","0","0","0","0","0","0","0","1","0","","67","12","2020","7","40.007629","-75.127439","0041","6","0","0","0","0","0","1","0","0","","0","0","0","0","3","0","N","0","0","40 00:27.463","","0","75 07:38.780","0","0","0","0","67301","0","0","0","N","0","0","0","2","67301","0","","1.0","","1","N","N","N","0","","0","0","1","3","1","","41","2","0","0","0","0","0","0","2","0","2","0","0","0","3","03","","N","","","","","","","","","",""
"2020088209","1544","1","0","0","0","0","0","0","0","0","4","0","","67","10","2020","3","40.037203","-75.053008","1536","6","0","0","0","0","0","0","1","0","","0","0","0","14","1","2","","1","0","40 02:13.930","","0","75 03:10.828","4","0","0","0","67301","0","0","0","N","0","0","0","2","67301","2","","1.0","","1","N","N","N","0","","0","0","1","3","2","","1457","2","2","0","0","0","0","0","2","0","2","0","0","0","3","","","N","","","","","","","","","",""
"2020113278","2115","0","0","0","0","0","0","0","0","0","1","0","","67","12","2020","3","39.981778","-75.101788","2115","6","0","0","0","1","0","0","0","0","","0","0","0","21","3","0","N","0","1","39 58:54.402","2","0","75 06:06.437","0","0","0","0","67301","0","0","0","N","0","0","0","2","68K01","0","","1.0","2150.0","1","N","N","N","0","","0","0","2","0","0","N","2115","2","0","0","0","0","0","0","2","0","2","0","0","0","3","","","N","","","","","","","","","",""
"2020111412","0454","1","0","0","0","0","0","0","0","0","2","0","","67","12","2020","5","39.962488","-75.210064","0454","6","0","0","0","0","0","0","0","0","","0","0","0","3","3","0","N","0","0","39 57:44.955","","0","75 12:36.230","0","0","0","0","67301","0","0","0","N","0","0","0","2","67301","0","","1.0","","2","N","N","N","0","","0","0","1","3","2","","355","2","0","0","0","0","0","0","2","0","2","0","0","0","10","","","N","","","","","","","","","",""
"2020089713","1900","2","0","0","0","0","0","0","0","0","4","0","","67","10","2020","3","40.046958","-75.142897","1851","6","0","0","0","0","0","1","0","0","","0","0","0","18","3","1","N","0","0","40 02:49.048","","7","75 08:34.430","8","0","0","0","67301","0","0","0","N","0","0","0","3","67301","0","","1.0","","1","N","N","N","0","","0","0","1","0","0","","1834","3","1","0","0","0","1","0","2","0","3","0","0","0","3","03","","N","","","","","","","","","",""
"2020106651","1927","1","0","0","0","0","0","0","0","0","8","0","","67","12","2020","4","40.027027","-75.130635","1919","6","0","0","0","0","0","0","0","0","","0","0","0","18","3","1","","1","0","40 01:37.297","","0","75 07:50.286","3","0","0","0","67301","1","0","0","N","1","0","0","2","67301","0","","1.0","","1","N","N","N","0","","1","0","0","3","3","","1840","2","1","1","0","0","0","0","2","0","1","1","0","0","3","03","","N","","","","","","","","","",""
"2020111557","1936","2","0","0","0","0","0","0","0","0","4","0","","67","12","2020","3","39.895634","-75.237401","1934","6","0","0","0","0","0","0","0","0","","0","0","0","19","2","0","","3","0","39 53:44.281","","0","75 14:14.644","9","0","0","0","67301","0","0","0","N","0","0","0","3","67301","0","","1.0","","99","N","N","N","0","","0","0","0","3","2","","1923","2","0","0","0","0","0","3","2","0","2","0","0","0","3","03","","N","","","","","","","","","",""
"2020098324","0910","0","0","0","0","0","0","0","0","0","4","0","","67","10","2020","5","40.020167","-75.148861","0900","6","0","0","0","0","0","1","0","0","","0","0","0","9","1","1","","1","0","40 01:12.600","","0","75 08:55.900","8","0","0","0","67301","0","0","0","N","0","0","0","2","67508","0","","1.0","","9","N","N","Y","0","","0","0","0","3","2","","900","2","1","0","0","0","1","0","2","1","2","0","0","0","3","07","","N","","","","","","","","","",""
"2020084714","1929","1","0","0","0","0","0","0","0","0","8","0","","67","10","2020","6","40.018747","-75.127414","1929","6","0","0","0","0","0","0","0","0","","0","0","0","19","3","1","N","0","0","40 01:07.490","","0","75 07:38.690","2","0","0","0","67301","1","0","1","N","1","0","1","2","67301","0","","1.0","","1","N","N","N","0","","0","1","0","0","0","","1920","2","1","0","0","0","0","0","2","0","1","1","0","1","3","03","","N","","","","","","","","","",""
"2020098259","1741","2","0","0","0","0","0","0","0","0","5","0","","67","10","2020","3","40.021641","-75.162573","1740","6","0","0","0","0","0","0","0","0","","0","0","0","17","1","2","N","0","2","40 01:17.909","6","0","75 09:45.263","8","0","0","0","67301","0","0","0","N","0","0","0","3","67301","0","","1.0","1948.0","1","N","N","N","0","","0","0","2","0","0","Y","1702","4","2","0","0","0","2","0","2","0","4","0","0","0","3","","","N","","","","","","","","","",""
"2020113738","0131","3","0","0","0","0","0","0","0","0","4","0","","67","12","2020","4","39.950936","-75.243064","0130","6","0","0","0","0","0","0","0","0","","0","0","0","1","3","0","","1","2","39 57:03.369","7","0","75 14:35.030","9","0","0","0","67301","0","0","0","N","0","0","0","1","67301","0","","1.0","330.0","1","N","N","N","0","","0","0","1","3","3","Y","100","4","0","0","0","0","0","1","2","0","4","0","0","0","3","03","","N","","","","","","","","","",""
"2020089159","0850","1","0","0","0","0","0","0","0","0","5","0","","67","10","2020","5","40.061222","-75.161889","0845","6","0","0","0","0","0","0","0","0","","0","0","0","14","1","1","N","0","0","40 03:40.400","","0","75 09:42.800","8","0","0","0","67301","0","0","0","N","0","0","0","1","67301","0","","6.0","","1","N","N","N","0","","0","0","1","0","0","","1425","2","1","0","0","0","1","0","2","0","2","0","0","0","3","","","N","","","","","","","","","",""
"2020093303","1245","0","0","0","0","0","0","0","0","0","4","0","","67","10","2020","7","40.015131","-75.135879","1245","6","0","0","0","0","0","0","0","0","","0","0","0","3","2","1","","1","0","40 00:54.471","","0","75 08:09.164","2","0","0","0","67301","0","0","0","N","0","0","0","2","67301","0","","1.0","","1","N","N","N","0","","0","1","1","3","3","","330","2","1","0","0","0","0","0","2","1","2","0","0","0","3","03","","N","","","","","","","","","",""
"2020090757","0912","1","0","0","0","0","0","0","0","0","1","0","","67","10","2020","5","39.967956","-75.130994","0904","6","0","0","0","0","0","0","0","0","","0","0","0","9","1","1","N","0","2","39 58:04.640","2","0","75 07:51.579","8","0","0","0","67301","0","0","0","N","0","0","0","3","68K01","0","","1.0","45.0","1","N","N","N","0","","0","0","1","0","0","N","901","3","1","0","0","0","1","0","2","1","3","0","0","0","3","","","N","","","","","","","","","",""
"2020088904","1800","1","0","0","0","0","0","0","0","0","7","0","","67","10","2020","5","39.958947","-75.219028","1748","6","0","0","0","0","0","0","0","0","","0","0","0","17","1","0","N","0","0","39 57:32.210","","0","75 13:08.500","0","0","0","0","67301","0","0","0","N","0","0","0","1","67301","0","","5.0","","1","N","N","N","0","","0","0","0","0","0","","1746","1","0","0","0","0","0","0","2","0","1","0","0","0","3","03","","N","","","","","","","","","",""
"2020090394","0459","0","0","0","0","0","0","0","0","0","7","0","","67","10","2020","2","39.920138","-75.199847","0457","6","0","0","0","0","0","1","0","0","","0","0","0","4","3","1","N","0","1","39 55:12.497","3","3","75 11:59.448","3","0","0","0","67301","0","0","0","N","0","0","0","1","67301","0","","3.0","100.0","9","N","N","N","0","","1","0","1","0","0","N","454","1","1","0","0","0","0","0","2","0","1","0","0","0","7","07","","N","","","","","","","","","",""
"2020086799","1538","1","0","0","0","0","0","0","0","0","4","0","","67","10","2020","6","39.918664","-75.186069","1537","6","0","0","0","0","0","1","0","1","","0","0","0","15","1","4","","1","0","39 55:07.190","","0","75 11:09.848","3","0","0","0","67301","0","0","0","N","0","0","0","10","67301","0","","1.0","","9","N","N","N","0","","4","0","2","3","2","","1534","4","4","0","0","0","0","2","2","1","4","0","0","0","7","07","","N","","","","","","","","","",""
"2020108028","0310","1","0","0","0","0","0","0","0","0","1","0","","67","12","2020","7","39.908308","-75.245619","0307","6","0","0","0","0","0","0","0","0","","0","0","0","3","3","3","Y","0","0","39 54:29.910","","0","75 14:44.230","4","0","0","0","67301","0","0","0","N","0","0","0","4","67301","3","","4.0","","1","N","N","Y","2","","0","0","0","0","0","","307","4","3","0","0","0","0","1","2","0","4","0","0","0","98","03","","N","","","","","","","","","",""
"2020090645","2045","0","0","0","0","0","0","0","0","0","1","0","","67","10","2020","6","40.002389","-75.122221","2045","6","0","0","0","0","0","2","0","0","","0","0","0","20","3","1","","2","0","40 00:08.600","","0","75 07:19.995","3","0","0","1","67301","0","0","0","N","0","0","0","2","67301","0","","1.0","","1","N","N","N","1","","1","0","0","0","0","","2040","2","1","0","0","0","0","0","2","0","2","0","0","0","3","03","","N","","","","","","","","","",""
"2020092356","0046","2","0","0","0","0","0","0","0","0","4","0","","67","11","2020","1","39.966087","-75.235868","0045","6","0","0","0","0","0","0","0","0","","0","0","0","0","3","0","","1","0","39 57:57.913","","0","75 14:09.124","9","0","0","0","67301","0","0","0","N","0","0","0","4","67301","0","","1.0","","1","N","N","N","0","","0","0","0","3","3","","43","2","0","0","0","0","0","1","2","0","2","0","0","0","3","03","","N","","","","","","","","","",""
"2020086812","1650","1","0","0","0","0","0","0","0","0","6","0","","67","10","2020","7","40.022513","-75.148243","1650","6","0","0","0","0","0","0","0","0","","0","0","0","15","1","1","N","0","0","40 01:21.048","","0","75 08:53.675","8","0","0","0","67301","0","0","0","N","0","0","0","2","67301","0","","1.0","","1","N","N","N","0","","0","0","1","0","0","","1515","2","1","2","0","0","1","0","2","0","2","0","0","0","3","","","N","","","","","","","","","",""
"2020089455","2050","2","0","1","0","0","0","0","0","0","4","0","","67","10","2020","2","39.970559","-75.14996","2050","6","0","0","0","0","0","1","0","0","","0","0","0","15","1","1","","1","0","39 58:14.012","","0","75 08:59.857","2","0","0","0","67301","0","0","0","N","0","0","0","2","67301","0","","1.0","","1","N","N","N","0","","0","1","0","3","2","","1555","2","1","0","0","0","0","0","2","0","2","0","0","0","3","03","","N","","","","","","","","","",""
"2020077075","1012","0","0","0","0","0","0","0","0","0","4","0","","67","9","2020","7","40.033837","-75.128124","1010","6","0","0","0","0","0","0","0","0","","0","0","0","8","1","0","","1","0","40 02:01.813","","0","75 07:41.246","0","0","0","0","67301","0","0","0","N","0","0","0","2","67301","0","","1.0","","1","N","N","N","1","","0","0","1","3","2","","817","2","0","2","0","0","0","0","2","0","2","0","0","0","3","03","","N","","","","","","","","","",""
"2020078524","1358","1","0","0","0","0","0","0","0","0","7","0","","67","9","2020","6","39.933517","-75.219672","1356","6","0","0","0","0","0","0","0","0","","0","0","0","13","1","0","N","0","0","39 56:00.660","","0","75 13:10.820","9","0","0","0","67301","0","0","0","N","0","0","0","2","67301","0","","5.0","","1","N","N","N","0","","0","0","0","0","0","","1356","1","0","0","0","0","0","1","2","0","1","0","0","0","3","03","","N","","","","","","","","","",""
"2020066873","1345","5","0","0","0","0","0","0","0","0","7","0","","67","8","2020","1","39.921099","-75.190679","1338","6","0","0","0","0","0","0","0","0","","0","0","0","13","1","4","N","0","0","39 55:15.958","","1","75 11:26.443","3","0","0","0","67301","0","0","0","N","0","0","0","5","67301","0","","4.0","","9","N","N","N","0","","4","0","0","0","0","","1315","5","4","0","0","0","0","0","2","0","5","0","0","0","7","","","N","","","","","","","","","",""
"2020068088","1356","1","0","0","0","0","0","0","0","0","5","0","","67","8","2020","7","40.028155","-75.023506","1346","6","0","0","0","0","0","0","0","0","","0","0","0","13","1","1","N","0","1","40 01:41.358","1","0","75 01:24.623","8","0","0","0","67301","0","0","0","N","0","0","0","2","68K01","0","","1.0","1414.0","1","N","N","N","0","","0","0","1","0","0","N","1344","2","1","0","0","0","1","0","2","0","2","0","0","0","4","04","","N","","","","","","","","","",""
"2020079558","1405","1","0","0","0","0","0","0","0","0","4","0","","67","9","2020","5","39.924833","-75.232778","1402","6","0","0","0","0","0","1","1","0","","0","0","0","13","1","0","N","0","0","39 55:29.400","","7","75 13:58.000","0","0","0","0","67301","0","0","0","N","0","0","0","5","67301","0","","1.0","","1","N","N","N","0","","0","0","0","0","0","","1346","3","0","0","0","0","0","0","2","2","3","0","0","0","3","","","N","","","","","","","","","",""
"2020067406","1500","1","0","0","1","0","1","0","0","0","8","0","","67","8","2020","2","40.023824","-75.123859","1457","6","0","0","0","0","0","0","0","0","","0","0","0","14","1","1","","5","0","40 01:25.766","","0","75 07:25.892","2","0","0","0","67301","1","0","1","N","0","0","0","2","67301","0","","1.0","","1","N","N","N","0","","0","1","0","3","2","","1402","2","1","0","0","0","0","0","2","0","1","1","0","1","3","03","","N","","","","","","","","","",""
"2020112996","","1","0","0","0","0","0","0","0","0","7","0","","67","1","2020","6","39.892764","-75.197142","","6","0","0","0","0","0","0","0","0","","0","0","0","14","1","1","N","0","0","39 53:33.950","","3","75 11:49.711","8","0","0","0","67301","0","0","0","N","0","0","0","1","00000","0","","3.0","","1","","","N","0","","0","0","0","0","0","","1445","1","1","0","0","0","1","0","2","0","1","0","0","0","3","","","N","","","","","","","","","",""
"2020075332","2000","1","0","0","0","0","0","0","0","0","1","0","","67","9","2020","5","39.959409","-75.174098","1949","6","0","0","0","0","0","0","0","0","","0","0","0","19","3","1","N","0","2","39 57:33.873","4","0","75 10:26.751","4","0","0","0","67301","0","0","0","N","0","0","0","7","68K01","1","","1.0","2015.0","1","N","N","N","1","","0","0","1","0","0","N","1947","3","1","0","0","0","0","0","2","0","3","0","0","0","3","","","N","","","","","","","","","",""
"2020074092","1830","0","0","0","0","0","0","0","0","0","5","0","","67","9","2020","5","40.035309","-75.043762","1827","6","0","0","0","0","0","0","1","0","","0","0","0","18","1","1","N","0","0","40 02:07.113","","0","75 02:37.542","4","0","0","1","67301","0","0","0","N","0","0","0","2","67301","1","","1.0","","9","N","N","N","0","","0","0","1","0","0","","1822","2","1","0","0","0","0","0","2","0","2","0","0","0","7","07","","N","","","","","","","","","",""
"2020071751","2110","1","0","0","1","0","0","0","0","0","8","0","","67","8","2020","6","40.024224","-75.196128","2059","6","0","0","0","0","0","0","0","0","","0","0","0","15","1","1","N","0","0","40 01:27.208","","3","75 11:46.061","3","0","0","0","67301","1","0","0","N","0","0","0","2","67301","0","","1.0","","1","N","N","N","0","","1","0","0","0","0","","1545","2","1","0","0","0","0","0","2","0","1","1","0","0","4","","","N","","","","","","","","","",""
"2020070474","0947","2","0","0","0","0","0","0","0","0","4","0","","67","8","2020","1","40.011618","-75.182092","0937","6","0","0","0","0","0","0","0","0","","0","0","0","9","1","1","","2","0","40 00:41.826","","0","75 10:55.530","3","0","0","0","67301","0","0","0","N","0","0","0","3","67301","0","","1.0","","1","N","N","N","0","","1","0","0","3","2","","930","2","1","0","0","0","0","0","2","0","2","0","0","0","3","03","","N","","","","","","","","","",""
"2020073896","2313","2","0","0","0","0","0","0","0","0","4","0","","67","9","2020","6","39.952714","-75.236641","2305","6","0","0","0","0","0","0","0","0","","0","0","0","23","3","1","","1","0","39 57:09.770","","0","75 14:11.907","2","0","1","1","67301","0","0","0","N","0","0","0","2","67301","0","","1.0","","1","N","N","N","0","","0","1","0","0","0","","2303","3","1","0","0","0","0","0","2","0","3","0","0","0","4","04","","N","","","","","","","","","",""
"2020079559","1317","1","0","0","0","0","0","0","0","0","5","0","","67","9","2020","6","39.881194","-75.228222","1316","6","0","0","0","0","0","0","1","0","","0","0","0","13","1","1","N","0","0","39 52:52.300","","0","75 13:41.600","4","0","0","0","67301","0","0","0","N","0","0","0","1","67301","1","","6.0","","1","N","N","N","1","","0","0","0","0","0","","1315","2","1","0","0","0","0","0","2","0","2","0","0","0","3","03","","N","","","","","","","","","",""
"2020073895","0414","1","0","0","0","0","0","0","0","0","7","0","","67","9","2020","4","40.032901","-75.164593","0411","6","0","0","0","0","0","0","0","0","","0","0","0","4","3","0","","2","0","40 01:58.443","","0","75 09:52.534","9","0","0","0","67301","0","0","0","N","0","0","0","1","67301","0","","4.0","","1","N","N","N","0","","0","0","0","0","0","","404","1","0","0","0","0","0","1","2","0","1","0","0","0","3","03","","N","","","","","","","","","",""
"2020071205","0750","1","0","0","0","0","0","0","0","0","4","0","","67","9","2020","3","39.940369","-75.236609","0750","6","0","0","0","0","0","0","0","0","","0","0","0","7","1","1","","1","0","39 56:25.327","","0","75 14:11.791","3","0","0","0","67301","0","0","0","N","0","0","0","2","67301","0","","1.0","","1","N","N","N","0","","1","0","1","3","2","","742","2","1","2","0","0","0","0","2","0","2","0","0","0","3","03","","N","","","","","","","","","",""