"CRN","ARRIVAL_TM","AUTOMOBILE_COUNT","BELTED_DEATH_COUNT","BELTED_SUSP_SERIOUS_INJ_COUNT","BICYCLE_COUNT","BICYCLE_DEATH_COUNT","BICYCLE_SUSP_SERIOUS_INJ_COUNT","BUS_COUNT","CHLDPAS_DEATH_COUNT","CHLDPAS_SUSP_SERIOUS_INJ_COUNT","COLLISION_TYPE","COMM_VEH_COUNT","CONS_ZONE_SPD_LIM","COUNTY","CRASH_MONTH","CRASH_YEAR","DAY_OF_WEEK","DEC_LATITUDE","DEC_LONGITUDE","DISPATCH_TM","DISTRICT","DRIVER_COUNT_16YR","DRIVER_COUNT_17YR","DRIVER_COUNT_18YR","DRIVER_COUNT_19YR","DRIVER_COUNT_20YR","DRIVER_COUNT_50_64YR","DRIVER_COUNT_65_74YR","DRIVER_COUNT_75PLUS","EST_HRS_CLOSED","FATAL_COUNT","HEAVY_TRUCK_COUNT","HORSE_BUGGY_COUNT","HOUR_OF_DAY","ILLUMINATION","INJURY_COUNT","INTERSECTION_RELATED","INTERSECT_TYPE","LANE_CLOSED","LATITUDE","LN_CLOSE_DIR","LOCATION_TYPE","LONGITUDE","MAX_SEVERITY_LEVEL","MCYCLE_DEATH_COUNT","MCYCLE_SUSP_SERIOUS_INJ_COUNT","MOTORCYCLE_COUNT","MUNICIPALITY","NONMOTR_COUNT","NONMOTR_DEATH_COUNT","NONMOTR_SUSP_SERIOUS_INJ_COUNT","NTFY_HIWY_MAINT","PED_COUNT","PED_DEATH_COUNT","PED_SUSP_SERIOUS_INJ_COUNT","PERSON_COUNT","POLICE_AGCY","POSSIBLE_INJ_COUNT","RDWY_SURF_TYPE_CD","RELATION_TO_ROAD","ROADWAY_CLEARED","ROAD_CONDITION","SCH_BUS_IND","SCH_ZONE_IND","SECONDARY_CRASH","SMALL_TRUCK_COUNT","SPEC_JURIS_CD","SUSP_MINOR_INJ_COUNT","SUSP_SERIOUS_INJ_COUNT","SUV_COUNT","TCD_FUNC_CD","TCD_TYPE","TFC_DETOUR_IND","TIME_OF_DAY","TOTAL_UNITS","TOT_INJ_COUNT","UNBELTED_OCC_COUNT","UNB_DEATH_COUNT","UNB_SUSP_SERIOUS_INJ_COUNT","UNK_INJ_DEG_COUNT","UNK_INJ_PER_COUNT","URBAN_RURAL","VAN_COUNT","VEHICLE_COUNT","VULNERABLE_ROAD_USER_COUNT","VULNERABLE_ROAD_USER_DEATH_COUNT","VULNERABLE_ROAD_USER_SER_INJ_COUNT","WEATHER1","WEATHER2","WORKERS_PRES","WORK_ZONE_IND","WORK_ZONE_LOC","WORK_ZONE_TYPE","WZ_CLOSE_DETOUR","WZ_FLAGGER","WZ_LAW_OFFCR_IND","WZ_LN_CLOSURE","WZ_MOVING","WZ_OTHER","WZ_SHLDER_MDN","WZ_WORKERS_INJ_KILLED"
"2020072583","0205","1","0","0","0","0","0","0","0","0","2","0","","67","9","2020","7","40.000536","-75.143233","0202","6","0","0","0","0","0","0","0","0","","0","0","0","2","3","1","N","0","1","40 00:01.931","3","0","75 08:35.638","2","0","1","1","67301","0","0","0","N","0","0","0","3","67301","0","","1.0","445.0","1","N","N","N","0","","0","1","0","0","0","N","200","2","1","0","0","0","0","0","2","0","2","0","0","0","3","03","","N","","","","","","","","","",""
"2020072092","1033","0","0","0","0","0","0","0","0","0","5","0","","67","9","2020","4","40.072313","-75.013267","1030","6","0","0","0","0","0","1","0","0","","0","0","0","10","1","1","N","0","0","40 04:20.325","","0","75 00:47.762","3","0","0","0","67301","0","0","0","N","0","0","0","2","67301","0","","1.0","","1","N","N","N","0","","1","0","2","0","0","","1025","2","1","0","0","0","0","0","2","0","2","0","0","0","3","03","","N","","","","","","","","","",""
"2020082028","1525","0","0","0","0","0","0","0","0","0","8","0","","67","9","2020","4","40.036653","-75.043628","1514","6","0","0","0","0","0","0","0","0","","0","0","0","14","1","1","N","0","0","40 02:11.950","","0","75 02:37.060","3","0","0","0","67301","1","0","0","N","1","0","0","2","67301","0","","9.0","","1","N","N","N","1","","1","0","0","0","0","","1457","2","1","0","0","0","0","0","2","0","1","1","0","0","3","03","","N","","","","","","","","","",""
"2020072090","0821","1","0","0","0","0","0","0","0","0","7","0","","67","9","2020","4","40.093406","-75.0137","0811","6","0","0","0","0","0","0","0","0","","0","0","0","8","1","1","N","0","0","40 05:36.260","","0","75 00:49.320","3","0","0","0","67301","0","0","0","N","0","0","0","1","67301","0","","4.0","","1","N","N","N","0","","1","0","0","0","0","","805","1","1","0","0","0","0","0","2","0","1","0","0","0","3","03","","N","","","","","","","","","",""
"2020076961","2247","1","0","0","0","0","0","0","0","0","4","0","","67","9","2020","3","39.904045","-75.240114","2247","6","0","0","0","0","0","1","0","0","","0","0","0","22","3","2","","1","0","39 54:14.563","","0","75 14:24.409","4","0","0","0","67301","0","0","0","N","0","0","0","3","67301","2","","1.0","","1","N","N","N","0","","0","0","1","3","2","","2220","2","2","0","0","0","0","0","2","0","2","0","0","0","3","03","","N","","","","","","","","","",""
"2020081101","1535","2","0","0","0","0","0","0","0","0","2","0","","67","9","2020","4","39.988068","-75.155754","1532","6","0","0","0","0","0","0","0","0","","0","0","0","15","1","1","N","0","0","39 59:17.043","","0","75 09:20.716","3","0","0","0","67301","0","0","0","N","0","0","0","3","67301","0","","1.0","","1","N","N","N","0","","1","0","0","3","2","","1531","2","1","0","0","0","0","0","2","0","2","0","0","0","3","03","","N","","","","","","","","","",""
"2020108320","2325","0","0","0","0","0","0","0","0","0","1","0","","67","9","2020","3","39.887523","-75.215763","2312","6","0","0","0","0","0","0","0","0","","0","0","0","22","3","1","N","0","1","39 53:15.082","2","3","75 12:56.748","3","0","0","0","67301","0","0","0","N","0","0","0","1","68K01","0","","1.0","2345.0","1","N","N","N","0","","1","0","2","0","0","N","2246","2","1","0","0","0","0","0","2","0","2","0","0","0","3","","","N","","","","","","","","","",""
"2020073926","1210","0","0","0","0","0","0","0","0","0","7","0","","67","9","2020","3","39.975218","-75.188584","1201","6","0","0","0","0","0","0","0","0","","0","0","0","21","3","1","N","0","0","39 58:30.784","","0","75 11:18.903","8","0","0","1","67301","0","0","0","N","0","0","0","1","67301","0","","5.0","","1","N","N","N","0","","0","0","0","0","0","","2130","1","1","0","0","0","1","0","2","0","1","0","0","0","3","03","","N","","","","","","","","","",""
"2020069821","0834","1","0","0","0","0","0","0","0","0","1","0","","67","8","2020","5","39.994881","-75.125533","0745","6","0","0","0","0","0","0","0","0","","0","0","0","6","1","0","N","0","0","39 59:41.570","","0","75 07:31.920","0","0","0","0","67301","0","0","0","N","0","0","0","1","67301","0","","6.0","","1","N","N","N","0","","0","0","1","0","0","","610","2","0","0","0","0","0","0","2","0","2","0","0","0","3","03","","N","","","","","","","","","",""
"2020113231","0102","0","0","0","0","0","0","0","0","0","7","1","","67","12","2020","7","39.951709","-75.141471","0050","6","0","0","0","0","0","0","0","0","","0","1","0","0","3","1","","6","1","39 57:06.151","2","2","75 08:29.297","8","0","0","0","67301","0","0","0","N","0","0","0","1","68K01","0","","4.0","409.0","9","N","N","N","0","","0","0","0","0","0","N","49","1","1","0","0","0","1","0","2","0","1","0","0","0","7","","","N","","","","","","","","","",""
"2020113837","0815","1","0","0","0","0","0","0","0","0","4","0","","67","12","2020","5","39.924206","-75.158728","0810","6","0","0","0","0","0","0","0","0","","0","0","0","6","5","2","N","0","0","39 55:27.140","","0","75 09:31.420","3","0","0","0","67301","0","0","0","N","0","0","0","2","67301","0","","1.0","","1","N","N","N","0","","2","0","1","0","0","","635","2","2","0","0","0","0","0","2","0","2","0","0","0","3","03","","N","","","","","","","","","",""
"2020067596","2358","1","0","0","0","0","0","0","0","0","6","0","","67","8","2020","5","39.937113","-75.144356","2351","6","0","0","0","0","0","0","0","0","","0","0","0","23","3","2","N","0","2","39 56:13.608","2","0","75 08:39.681","3","0","0","0","67301","0","0","0","N","0","0","0","2","68K01","0","","1.0","115.0","1","N","N","N","0","","2","0","1","0","0","N","2347","2","2","0","0","0","0","0","2","0","2","0","0","0","3","","","N","","","","","","","","","",""
"2020076451","1813","2","0","0","0","0","0","0","0","0","4","0","","67","9","2020","5","40.029645","-75.138813","1808","6","0","0","0","0","0","0","0","0","","0","0","0","17","1","2","","1","0","40 01:46.722","","0","75 08:19.726","3","0","0","0","67301","0","0","0","N","0","0","0","3","67301","0","","1.0","","1","N","N","N","0","","2","0","0","3","3","","1759","2","2","0","0","0","0","0","2","0","2","0","0","0","4","04","","N","","","","","","","","","",""
"2020074548","1752","0","0","0","0","0","0","0","0","0","1","0","45","67","9","2020","3","40.009344","-75.065972","1749","6","0","0","0","0","0","0","0","0","","0","0","0","17","1","0","N","0","0","40 00:33.639","","0","75 03:57.498","0","0","0","0","67301","0","0","0","N","0","0","0","2","68K01","0","","1.0","","1","N","N","N","0","","0","0","1","0","0","","1746","2","0","0","0","0","0","0","2","1","2","0","0","0","3","03","N","Y","4","1","","","N","","","","Y","N"
"2020075906","1800","1","0","0","0","0","0","0","0","0","1","0","","67","9","2020","3","39.980456","-75.179056","1735","6","0","0","0","0","0","0","0","0","","0","0","0","17","1","0","N","0","0","39 58:49.640","","0","75 10:44.600","9","0","0","0","67301","0","0","0","N","0","0","0","1","67301","0","","6.0","","1","N","N","N","1","","0","0","1","0","0","","1704","3","0","0","0","0","0","1","2","0","3","0","0","0","3","","","N","","","","","","","","","",""
"2020069773","0028","0","0","0","0","0","0","0","0","0","7","0","","67","8","2020","5","39.977935","-75.189857","0027","6","0","0","0","0","0","0","0","0","","0","0","0","0","3","1","N","0","0","39 58:40.566","","0","75 11:23.485","3","0","0","0","67301","0","0","0","N","0","0","0","1","67301","0","","4.0","","1","N","N","N","0","","1","0","1","0","0","","22","1","1","1","0","0","0","0","2","0","1","0","0","0","3","","","N","","","","","","","","","",""
"2020070362","1847","2","0","0","0","0","0","0","0","0","5","0","","67","8","2020","6","40.065448","-75.000477","1844","6","0","0","0","0","0","0","0","1","","0","0","0","18","1","1","N","0","2","40 03:55.613","4","0","75 00:01.717","3","0","0","0","67301","0","0","0","N","0","0","0","1","67301","0","","6.0","2030.0","9","N","N","N","0","","1","0","0","0","0","Y","1844","2","1","0","0","0","0","0","2","0","2","0","0","0","4","07","","N","","","","","","","","","",""
"2020080390","2001","1","0","0","0","0","0","0","0","0","1","0","","67","9","2020","6","39.959227","-75.173664","1957","6","0","0","0","0","0","0","0","0","","0","0","0","19","2","2","N","0","0","39 57:33.216","","0","75 10:25.192","8","0","0","0","67301","0","0","0","N","0","0","0","5","68K01","0","","1.0","","1","N","N","N","0","","0","0","1","0","0","","1947","2","2","0","0","0","2","0","2","0","2","0","0","0","3","","","N","","","","","","","","","",""
"2020072493","2030","2","0","0","0","0","0","0","0","0","5","0","","67","9","2020","4","39.936969","-75.224686","2030","6","0","0","0","0","0","0","0","0","","0","0","0","20","3","1","N","0","1","39 56:13.090","7","0","75 13:28.870","3","0","0","0","67301","0","0","0","N","0","0","0","2","67301","0","","1.0","2130.0","9","N","N","Y","0","","1","0","2","0","0","N","2030","4","1","1","0","0","0","0","2","0","4","0","0","0","7","07","","N","","","","","","","","","",""
"2020113031","1751","2","0","0","0","0","0","0","0","0","2","0","","67","12","2020","3","39.958353","-75.165637","1735","6","0","0","0","0","0","1","0","0","","0","0","0","17","3","0","N","0","1","39 57:30.072","4","0","75 09:56.292","0","0","0","0","67301","0","0","0","N","0","0","0","3","68K01","0","","1.0","1755.0","1","N","N","N","0","","0","0","1","0","0","N","1728","3","0","0","0","0","0","0","2","0","3","0","0","0","3","03","","N","","","","","","","","","",""
"2020071565","2110","0","0","0","0","0","0","0","0","0","4","0","","67","8","2020","5","40.029937","-75.153268","2102","6","0","0","0","0","0","0","0","0","","0","0","0","20","3","2","","5","0","40 01:47.773","","0","75 09:11.764","3","0","0","0","67301","0","0","0","N","0","0","0","3","67301","0","","1.0","","1","N","N","N","0","","2","0","3","3","2","","2050","3","2","0","0","0","0","0","2","0","3","0","0","0","3","03","","N","","","","","","","","","",""
"2020067594","1853","0","0","0","0","0","0","0","0","0","7","0","","67","8","2020","4","39.946061","-75.189628","1843","6","0","1","0","0","0","0","0","0","","0","0","0","18","1","1","","6","1","39 56:45.818","3","2","75 11:22.661","4","0","0","0","67301","0","0","0","N","0","0","0","2","68K01","1","","3.0","1930.0","1","N","N","N","0","","0","0","1","0","0","N","1835","1","1","0","0","0","0","0","2","0","1","0","0","0","3","","","N","","","","","","","","","",""
"2020064533","1024","0","0","0","0","0","0","0","0","0","4","0","","67","8","2020","2","39.967289","-75.136685","1023","6","0","0","0","0","0","1","0","0","","0","0","0","10","1","1","","1","0","39 58:02.240","","1","75 08:12.065","3","0","0","0","67301","0","0","0","N","0","0","0","2","67301","0","","1.0","","1","N","N","N","0","","1","0","1","3","3","","1008","2","1","0","0","0","0","0","2","1","2","0","0","0","3","03","","N","","","","","","","","","",""
"2020064198","0102","0","0","0","0","0","0","0","0","0","4","0","","67","8","2020","2","40.052631","-75.165217","0054","6","0","0","0","0","0","1","0","0","","0","0","0","23","3","0","N","0","0","40 03:09.470","","7","75 09:54.780","0","0","0","0","67301","0","0","0","N","0","0","0","2","67301","0","","1.0","","1","N","N","N","0","","0","0","1","0","0","","2331","2","0","0","0","0","0","0","2","1","2","0","0","0","3","03","","N","","","","","","","","","",""
"2020067595","1248","0","0","0","0","0","0","0","0","0","1","0","","67","8","2020","5","39.893112","-75.196669","1244","6","0","0","0","0","0","1","0","0","","0","0","0","12","1","4","N","0","1","39 53:35.203","2","3","75 11:48.007","8","0","0","0","67301","0","0","0","N","0","0","0","7","68K01","0","","1.0","100.0","9","N","N","N","0","","0","0","2","0","0","N","1241","3","4","3","0","0","4","0","2","1","3","0","0","0","7","","","N","","","","","","","","","",""
"2020064963","1942","0","0","1","0","0","0","0","0","0","4","0","","67","8","2020","4","40.043169","-75.073863","1937","6","0","0","0","0","0","1","0","0","","0","0","0","19","1","1","","1","2","40 02:35.410","5","0","75 04:25.905","2","0","0","0","67301","0","0","0","N","0","0","0","2","67301","0","","1.0","2016.0","1","N","N","N","0","","0","1","1","3","2","Y","1936","3","1","0","0","0","0","1","2","2","3","0","0","0","3","","","N","","","","","","","","","",""
"2020066688","1716","0","0","0","0","0","0","0","0","0","8","0","","67","8","2020","3","39.988824","-75.250045","1713","6","0","0","0","0","0","0","0","0","","0","0","0","17","1","1","N","0","0","39 59:19.768","","0","75 15:00.163","8","0","0","0","67301","1","0","0","N","1","0","0","2","67301","0","","1.0","","1","N","N","N","0","","0","0","1","0","0","","1713","2","1","1","0","0","1","1","2","0","1","1","0","0","3","03","","N","","","","","","","","","",""
"2020071857","1654","2","0","0","0","0","0","0","0","0","1","0","","67","9","2020","3","40.049037","-75.058819","1643","6","0","0","0","0","0","1","0","0","","0","0","0","16","1","1","N","0","0","40 02:56.532","","0","75 03:31.747","3","0","0","0","67301","0","0","0","N","0","0","0","3","67301","0","","1.0","","1","N","N","N","0","","1","0","0","0","0","","1642","3","1","0","0","0","0","0","2","1","3","0","0","0","4","","","N","","","","","","","","","",""
"2020065775","0530","1","0","0","0","0","0","0","0","0","4","0","","67","8","2020","5","40.00468","-75.152126","0526","6","0","0","0","0","0","0","0","0","","0","0","0","5","3","2","","1","1","40 00:16.847","6","0","75 09:07.652","4","0","0","0","67301","0","0","0","N","0","0","0","3","67301","2","","1.0","700.0","1","N","N","N","0","","0","0","1","3","2","N","523","2","2","0","0","0","0","0","2","0","2","0","0","0","4","03","","N","","","","","","","","","",""
"2020073248","2145","1","0","0","0","0","0","1","0","0","4","1","","67","9","2020","6","39.883695","-75.251582","2143","6","0","0","0","0","0","0","1","0","","0","0","0","21","3","1","","2","1","39 53:01.302","4","2","75 15:05.694","4","0","0","0","67301","0","0","0","N","0","0","0","2","67301","1","","1.0","30.0","1","N","N","Y","0","","0","0","0","3","2","N","2142","2","1","0","0","0","0","0","2","0","2","0","0","0","3","03","","N","","","","","","","","","",""
"2021001186","0918","1","0","0","0","0","0","0","0","0","7","0","","67","12","2020","6","40.035933","-75.016145","0902","6","0","0","0","0","0","0","0","0","","0","0","0","9","1","1","N","0","0","40 02:09.359","","0","75 00:58.123","4","0","0","0","67301","0","0","0","N","0","0","0","1","68K01","1","","2.0","","9","N","N","N","0","","0","0","0","0","0","","901","1","1","1","0","0","0","0","2","0","1","0","0","0","7","","","N","","","","","","","","","",""
"2021001175","2242","1","0","0","0","0","0","0","0","0","1","0","45","67","12","2020","5","40.005956","-75.074678","2223","6","0","0","0","0","0","0","0","0","","0","0","0","22","3","1","N","0","0","40 00:21.440","","0","75 04:28.840","3","0","0","0","67301","0","0","0","N","0","0","0","3","68K01","0","","1.0","","9","N","N","N","0","","1","0","1","0","0","","2216","3","1","0","0","0","0","0","2","1","3","0","0","0","7","","N","Y","4","1","","","N","","","Y","","N"
"2021016706","0730","1","0","0","0","0","0","0","0","0","4","0","","67","11","2020","2","40.027605","-75.165415","","6","0","0","0","0","0","0","0","0","","0","0","0","7","1","1","","1","0","40 01:39.377","","0","75 09:55.494","8","0","0","0","67301","0","0","0","N","0","0","0","2","00000","0","","1.0","","1","","","N","0","","0","0","1","3","2","","730","2","1","0","0","0","1","0","2","0","2","0","0","0","3","","","N","","","","","","","","","",""
"2021005952","0447","5","0","0","0","0","0","0","0","0","1","0","","67","9","2020","4","40.001258","-75.137775","0442","6","0","0","0","0","0","0","0","0","","0","0","0","4","3","1","N","0","2","40 00:04.530","4","0","75 08:15.990","4","0","0","0","67301","0","0","0","N","0","0","0","2","67301","1","","1.0","634.0","9","N","N","N","0","","0","0","2","0","0","Y","440","7","1","1","0","0","0","0","2","0","7","0","0","0","7","07","","N","","","","","","","","","",""
"2021006491","1702","3","0","0","0","0","0","0","0","0","4","0","","67","11","2020","3","39.997642","-75.146786","1701","6","0","0","0","0","0","0","1","0","","0","0","0","17","3","3","","1","2","39 59:51.511","7","0","75 08:48.429","3","0","0","0","67301","0","0","0","N","0","0","0","4","67301","1","","1.0","1730.0","1","N","N","N","0","","2","0","0","3","3","N","1700","3","3","0","0","0","0","0","2","0","3","0","0","0","3","03","","N","","","","","","","","","",""
"2020032080","1155","1","0","0","0","0","0","0","0","0","7","0","","67","3","2020","3","40.052121","-75.141892","1144","6","0","0","0","0","0","0","0","0","","0","0","0","11","1","0","N","1","0","40 03:07.635","","0","75 08:30.812","0","0","0","0","67301","0","0","0","N","0","0","0","1","67301","0","","5.0","","9","N","N","N","0","","0","0","0","0","0","","1139","1","0","0","0","0","0","0","2","0","1","0","0","0","7","","","N","","","","","","","","","",""
"2021000244","2355","2","0","0","0","0","0","0","0","0","1","0","","67","12","2020","5","40.025919","-75.070922","2355","6","0","0","0","0","0","1","0","0","","0","0","0","23","3","0","N","0","0","40 01:33.307","","0","75 04:15.320","0","0","0","0","67301","0","0","0","N","0","0","0","1","67301","0","","1.0","","1","N","N","N","0","","0","0","0","0","0","","2330","2","0","1","0","0","0","0","2","0","2","0","0","0","3","","","N","","","","","","","","","",""
"2021018410","1755","1","0","0","0","0","0","0","0","0","1","0","","67","2","2020","2","39.965887","-75.136719","","6","0","0","0","0","0","0","0","0","","0","0","0","17","1","1","N","0","0","39 57:57.193","","0","75 08:12.187","8","0","0","0","67301","0","0","0","N","0","0","0","2","00000","0","","1.0","","1","","","N","0","","0","0","0","0","0","","1755","2","1","0","0","0","1","0","2","0","2","0","0","0","3","","","N","","","","","","","","","",""
"2021014562","2249","1","0","0","0","0","0","0","0","0","4","0","","67","9","2020","6","40.022789","-75.159023","","6","0","0","0","0","0","0","0","0","","0","0","0","22","3","3","","5","0","40 01:22.042","","0","75 09:32.483","8","0","0","0","67301","0","0","0","N","0","0","0","3","00000","0","","1.0","","1","","","N","0","","0","0","0","3","2","","2249","2","3","0","0","0","3","0","2","1","2","0","0","0","3","","","N","","","","","","","","","",""
"2021010434","1500","0","0","0","0","0","0","0","0","0","4","0","","67","7","2020","4","40.014649","-75.178448","","6","0","0","0","0","0","1","0","0","","0","0","0","15","1","1","","1","0","40 00:52.738","","2","75 10:42.411","8","0","0","0","67301","0","0","0","N","0","0","0","2","00000","0","","1.0","","1","","","N","0","","0","0","1","3","2","","1500","2","1","0","0","0","1","0","2","1","2","0","0","0","3","","","N","","","","","","","","","",""
"2021006194","1930","0","0","0","0","0","0","0","0","0","8","0","","67","8","2020","4","39.94024","-75.167956","1925","6","0","0","0","0","0","1","0","0","","0","0","0","19","1","1","","1","0","39 56:24.864","","0","75 10:04.641","4","0","0","0","67301","1","0","0","N","1","0","0","2","67301","1","","1.0","","1","N","N","N","0","","0","0","0","3","2","","1920","2","1","0","0","0","0","0","2","1","1","1","0","0","3","","","N","","","","","","","","","",""
"2021016850","0045","1","0","0","0","0","0","0","0","0","2","0","","67","12","2020","5","39.935318","-75.234993","","6","0","0","0","0","0","0","0","0","","0","0","0","0","3","2","N","0","0","39 56:07.143","","0","75 14:05.976","8","0","0","0","67301","0","0","0","N","0","0","0","3","00000","0","","1.0","","1","","","N","0","","0","0","0","0","0","","45","2","2","0","0","0","2","0","2","0","2","0","0","0","3","","","N","","","","","","","","","",""
"2021014546","1200","2","0","0","0","0","0","0","0","0","4","0","","67","10","2020","1","39.950384","-75.147258","","6","0","0","0","0","0","0","0","0","","0","0","0","12","1","1","","1","0","39 57:01.383","","0","75 08:50.130","8","0","0","0","67301","0","0","0","N","0","0","0","2","00000","0","","1.0","","1","","","N","0","","0","0","0","3","2","","1200","2","1","0","0","0","1","0","2","0","2","0","0","0","3","","","N","","","","","","","","","",""
"2021000378","2226","2","0","0","0","0","0","0","0","0","5","0","","67","12","2020","5","39.9869","-75.142014","2225","6","0","0","0","0","0","0","0","0","","0","0","0","22","3","0","N","0","0","39 59:12.840","","0","75 08:31.250","9","0","0","0","67301","0","0","0","N","0","0","0","1","67301","0","","1.0","","1","N","N","N","0","","0","0","2","0","0","","2224","4","0","0","0","0","0","1","2","0","4","0","0","0","3","03","","N","","","","","","","","","",""
"2021011203","0800","0","0","0","0","0","0","0","0","0","1","0","","67","7","2020","5","40.023499","-75.135918","","6","0","0","0","0","0","1","0","0","","0","0","0","8","1","1","N","0","0","40 01:24.597","","0","75 08:09.306","3","0","0","0","67301","0","0","0","N","0","0","0","3","00000","0","","1.0","","1","","","N","0","","1","0","1","0","0","","800","3","1","0","0","0","0","0","2","1","3","0","0","0","3","","","N","","","","","","","","","",""
"2021010433","2300","2","0","0","0","0","0","0","0","0","1","0","","67","7","2020","4","","","","6","0","0","0","0","0","0","0","0","","0","0","0","23","1","1","N","0","0","","","0","","8","0","0","0","67301","0","0","0","N","0","0","0","2","00000","0","","1.0","","1","","","N","0","","0","0","0","0","0","","2300","2","1","0","0","0","1","0","1","0","2","0","0","0","3","","","N","","","","","","","","","",""
"2021024847","2315","1","0","0","0","0","0","0","0","0","8","0","","67","10","2020","4","39.998314","-75.129306","1900","6","0","0","0","0","0","0","0","0","","0","0","0","18","3","1","N","0","0","39 59:53.930","","0","75 07:45.500","8","0","0","0","67301","1","0","0","N","1","0","0","2","67301","0","","1.0","","99","N","N","N","0","","0","0","0","0","0","","1852","2","1","0","0","0","1","0","2","0","1","1","0","0","99","","","N","","","","","","","","","",""
"2021002377","1345","1","0","0","0","0","0","0","0","0","4","0","","67","5","2020","3","40.080957","-75.028675","","6","0","0","0","0","0","0","0","0","","0","0","0","13","1","1","","1","0","40 04:51.445","","0","75 01:43.230","8","0","0","0","67301","0","0","0","N","0","0","0","2","00000","0","","1.0","","1","","","N","0","","0","0","1","3","2","","1345","2","1","0","0","0","1","0","2","0","2","0","0","0","3","","","N","","","","","","","","","",""
"2021009271","0756","0","0","0","0","0","0","0","0","0","5","0","","67","12","2020","7","40.04432","-75.002684","0746","6","0","0","0","0","0","1","0","0","","0","0","0","7","1","0","N","0","2","40 02:39.553","2","0","75 00:09.661","0","0","0","0","67301","0","0","0","N","0","0","0","2","68Z99","0","","1.0","840.0","2","N","N","N","1","","0","0","1","0","0","Y","742","2","0","0","0","0","0","0","2","0","2","0","0","0","3","","","N","","","","","","","","","",""
"2021007103","1001","1","0","0","0","0","0","0","0","0","1","0","","67","12","2020","6","39.973445","-75.120311","0942","6","0","0","0","0","0","0","0","0","","0","0","0","9","1","1","N","0","1","39 58:24.401","2","0","75 07:13.118","8","0","0","0","67301","0","0","0","N","0","0","0","2","68K01","0","","2.0","1030.0","1","N","N","N","0","","0","0","1","0","0","N","921","2","1","0","0","0","1","0","2","0","2","0","0","0","3","","","N","","","","","","","","","",""
"2021004118","1203","1","0","0","0","0","0","0","0","0","7","0","","67","12","2020","4","39.891317","-75.228629","1144","6","0","0","0","0","0","1","0","0","","1","0","0","11","8","0","N","0","1","39 53:28.740","4","0","75 13:43.065","1","0","0","0","67301","0","0","0","N","0","0","0","1","67301","0","2","5.0","1500.0","99","N","N","N","0","0","0","0","0","0","0","Y","1143","1","0","0","0","0","0","0","2","0","1","0","0","0","99","98","","N","","","","","","","","","",""
"2021003671","0257","1","0","0","0","0","0","0","0","0","8","0","","67","11","2020","5","39.993931","-75.154462","0245","6","0","0","0","0","0","0","0","0","","0","0","0","2","3","1","","1","0","39 59:38.150","","0","75 09:16.063","2","0","0","0","67301","1","0","1","N","1","0","1","2","67301","0","","1.0","","9","N","N","N","0","","0","1","0","3","2","","240","2","1","1","0","0","0","0","2","0","1","1","0","1","7","07","","N","","","","","","","","","",""
"2021001156","1013","2","0","0","0","0","0","0","0","0","1","0","","67","12","2020","3","39.934021","-75.199934","0958","6","0","0","0","0","0","1","0","0","","0","0","0","9","1","4","N","0","1","39 56:02.476","4","0","75 11:59.764","3","0","0","0","67301","0","0","0","N","0","0","0","4","68K01","0","","1.0","1030.0","1","N","N","N","0","","4","0","1","0","0","N","958","3","4","0","0","0","0","0","2","0","3","0","0","0","3","","","N","","","","","","","","","",""
"2022012406","","0","0","0","0","0","0","0","0","0","7","0","","67","6","2020","2","39.976579","-75.169008","","6","0","0","0","0","0","1","0","0","","0","0","0","23","3","1","N","0","0","39 58:35.684","","0","75 10:08.427","8","0","0","0","67301","0","0","0","N","0","0","0","1","00000","0","","4.0","","1","N","N","N","0","","0","0","1","0","0","","2330","2","1","0","0","0","1","0","2","0","1","0","0","0","3","","","N","","","","","","","","","",""
"2022079393","","1","0","0","0","0","0","0","0","0","4","0","","67","8","2020","1","40.028261","-75.152038","","6","0","0","0","0","0","0","1","0","","0","0","0","13","1","1","","5","0","40 01:41.739","","0","75 09:07.336","8","0","0","0","67301","0","0","0","N","0","0","0","2","00000","0","","1.0","","1","","","N","0","","0","0","0","3","2","","1320","2","1","0","0","0","1","0","2","0","2","0","0","0","3","","","N","","","","","","","","","",""
"2024012983","1341","1","0","0","0","0","0","0","0","0","1","0","","67","9","2020","5","39.954223","-75.236336","1341","6","0","0","0","0","0","0","0","0","","0","0","0","13","1","1","","1","0","39 57:15.202","","0","75 14:10.809","8","0","0","0","67301","0","0","0","N","0","0","0","2","67301","0","","1.0","","1","N","N","N","0","","0","0","0","3","7","","1335","2","1","0","0","0","1","0","2","1","2","0","0","0","3","03","","N","","","","","","","","","",""
"2023118220","1655","1","0","0","0","0","0","0","0","0","4","1","","67","6","2020","3","39.991086","-75.156907","1655","6","0","0","0","0","0","0","0","0","","0","1","0","15","1","1","","1","0","39 59:27.909","","0","75 09:24.865","4","0","0","0","67301","0","0","0","N","0","0","0","2","67301","1","","1.0","","1","N","N","N","0","","0","0","0","3","3","","1539","2","1","0","0","0","0","1","2","0","2","0","0","0","3","03","","N","","","","","","","","","",""